state_name,class_name,candidate_name,is_valid,uses_old_codespace_only,avg_codeword_entanglement,overlap_with_old_codespace,best_depth,mean_depth,std_depth,best_size,mean_size,best_two_qubit_gate_count,mean_two_qubit_gate_count,num_qubits,best_count_ops,n_transpile_runs,successful_trials,failed_trials,status,error_message,approx_ref_depth,approx_ref_two_qubit_gate_count,approx_status,approx_error_message,fid085_best_approx_degree,fid085_best_fidelity,fid085_best_depth,fid085_best_two_qubit_gate_count,fid090_best_approx_degree,fid090_best_fidelity,fid090_best_depth,fid090_best_two_qubit_gate_count,fid095_best_approx_degree,fid095_best_fidelity,fid095_best_depth,fid095_best_two_qubit_gate_count,is_baseline_reference,is_trivial_identity,is_baseline_equivalent,skip_reason,pipeline_stage
two_qutrit,baseline,E_old,True,True,0.0,1.0,31.0,38.3,8.54,87.0,92.6,19.0,19.0,128.0,"{'rz': 32, 'rx': 20, 'sx': 16, 'rzz': 10, 'cz': 9, 'barrier': 4}",20,20,0,ok,,18.0,10.0,ok,,0.91,0.857684840799,15.0,8.0,0.95,0.993898155763,15.0,8.0,0.95,0.993898155763,15.0,8.0,True,True,True,,
two_qutrit,monomial_full,sup012_P012_ph001,True,True,0.0,1.0,59.0,66.5,3.81,130.0,117.15,27.0,24.6,128.0,"{'rz': 50, 'rx': 37, 'rzz': 18, 'sx': 16, 'cz': 9, 'barrier': 4}",20,20,0,ok,,22.0,12.0,ok,,0.95,0.884215501443,18.0,10.0,0.96,0.993898155763,19.0,10.0,0.96,0.993898155763,19.0,10.0,False,False,False,,
two_qutrit,monomial_full,sup012_P012_ph002,True,True,0.0,1.0,57.0,64.5,3.77,129.0,115.15,27.0,24.6,128.0,"{'rz': 50, 'rx': 36, 'rzz': 18, 'sx': 16, 'cz': 9, 'barrier': 4}",20,20,0,ok,,20.0,12.0,ok,,0.95,0.884215501443,17.0,10.0,0.96,0.993898155763,17.0,10.0,0.96,0.993898155763,17.0,10.0,False,False,False,,
two_qutrit,monomial_full,sup012_P012_ph010,True,True,0.0,1.0,59.0,65.9,3.52,130.0,117.35,27.0,24.6,128.0,"{'rz': 50, 'rx': 37, 'rzz': 18, 'sx': 16, 'cz': 9, 'barrier': 4}",20,20,0,ok,,22.0,12.0,ok,,0.95,0.884215501443,19.0,10.0,0.96,0.993898155763,19.0,10.0,0.96,0.993898155763,19.0,10.0,False,False,False,,
two_qutrit,monomial_full,sup012_P012_ph011,True,True,0.0,1.0,56.0,64.4,4.24,125.0,114.1,27.0,24.6,128.0,"{'rz': 48, 'rx': 34, 'rzz': 18, 'sx': 16, 'cz': 9, 'barrier': 4}",20,20,0,ok,,20.0,12.0,ok,,0.95,0.884215501443,17.0,10.0,0.96,0.993898155763,17.0,10.0,0.96,0.993898155763,17.0,10.0,False,False,False,,
two_qutrit,monomial_full,sup012_P012_ph012,True,True,0.0,1.0,55.0,61.8,3.66,133.0,112.65,23.0,21.8,128.0,"{'rz': 58, 'rx': 46, 'rzz': 20, 'sx': 6, 'barrier': 4, 'cz': 3}",20,20,0,ok,,18.0,10.0,ok,,0.95,0.904203977558,15.0,8.0,0.95,0.904203977558,15.0,8.0,0.99,0.993898155763,15.0,8.0,False,False,False,,
two_qutrit,monomial_full,sup012_P012_ph020,True,True,0.0,1.0,57.0,64.7,3.87,129.0,115.75,27.0,24.6,128.0,"{'rz': 50, 'rx': 36, 'rzz': 18, 'sx': 16, 'cz': 9, 'barrier': 4}",20,20,0,ok,,20.0,12.0,ok,,0.95,0.884215501443,17.0,10.0,0.96,0.993898155763,17.0,10.0,0.96,0.993898155763,17.0,10.0,False,False,False,,
two_qutrit,monomial_full,sup012_P012_ph021,True,True,0.0,1.0,55.0,61.8,3.66,133.0,112.65,23.0,21.8,128.0,"{'rz': 58, 'rx': 46, 'rzz': 20, 'sx': 6, 'barrier': 4, 'cz': 3}",20,20,0,ok,,18.0,10.0,ok,,0.91,0.857684840799,15.0,8.0,0.95,0.993898155763,15.0,8.0,0.95,0.993898155763,15.0,8.0,False,False,False,,
two_qutrit,monomial_full,sup012_P012_ph022,True,True,0.0,1.0,58.0,65.2,3.64,128.0,115.15,27.0,24.6,128.0,"{'rz': 48, 'rx': 37, 'rzz': 18, 'sx': 16, 'cz': 9, 'barrier': 4}",20,20,0,ok,,21.0,12.0,ok,,0.95,0.884215501443,18.0,10.0,0.96,0.993898155763,18.0,10.0,0.96,0.993898155763,18.0,10.0,False,False,False,,
two_qutrit,monomial_full,sup012_P012_ph100,True,True,0.0,1.0,56.0,64.6,4.32,127.0,115.65,27.0,24.6,128.0,"{'rz': 50, 'rx': 34, 'rzz': 18, 'sx': 16, 'cz': 9, 'barrier': 4}",20,20,0,ok,,20.0,12.0,ok,,0.95,0.895925331402,17.0,10.0,0.96,0.993898155763,17.0,10.0,0.96,0.993898155763,17.0,10.0,False,False,False,,
two_qutrit,monomial_full,sup012_P012_ph101,True,True,0.0,1.0,55.0,61.6,3.67,133.0,112.35,23.0,21.8,128.0,"{'rz': 58, 'rx': 46, 'rzz': 20, 'sx': 6, 'barrier': 4, 'cz': 3}",20,20,0,ok,,18.0,10.0,ok,,0.91,0.887165485213,15.0,8.0,0.95,0.959988244374,15.0,8.0,0.95,0.959988244374,15.0,8.0,False,False,False,,
two_qutrit,monomial_full,sup012_P012_ph102,True,True,0.0,1.0,59.0,66.2,3.66,130.0,117.05,27.0,24.6,128.0,"{'rz': 50, 'rx': 37, 'rzz': 18, 'sx': 16, 'cz': 9, 'barrier': 4}",20,20,0,ok,,22.0,12.0,ok,,0.94,0.857684840799,19.0,10.0,0.95,0.993898155763,19.0,10.0,0.95,0.993898155763,19.0,10.0,False,False,False,,
two_qutrit,monomial_full,sup012_P012_ph110,True,True,0.0,1.0,52.0,59.65,3.85,120.0,106.8,25.0,22.6,128.0,"{'rz': 45, 'rx': 33, 'sx': 17, 'rzz': 16, 'cz': 9, 'barrier': 4}",20,20,0,ok,,18.0,10.0,ok,,0.91,0.857684840799,15.0,8.0,0.95,0.993898155763,15.0,8.0,0.95,0.993898155763,15.0,8.0,False,False,False,,
two_qutrit,monomial_full,sup012_P012_ph112,True,True,0.0,1.0,56.0,65.05,4.61,125.0,115.15,27.0,24.6,128.0,"{'rz': 48, 'rx': 34, 'rzz': 18, 'sx': 16, 'cz': 9, 'barrier': 4}",20,20,0,ok,,20.0,12.0,ok,,0.91,0.857684840799,16.0,10.0,0.95,0.993898155763,16.0,10.0,0.95,0.993898155763,16.0,10.0,False,False,False,,
two_qutrit,monomial_full,sup012_P012_ph120,True,True,0.0,1.0,58.0,65.45,3.83,128.0,115.2,27.0,24.6,128.0,"{'rz': 48, 'rx': 37, 'rzz': 18, 'sx': 16, 'cz': 9, 'barrier': 4}",20,20,0,ok,,22.0,12.0,ok,,0.94,0.857684840799,19.0,10.0,0.95,0.993898155763,19.0,10.0,0.95,0.993898155763,19.0,10.0,False,False,False,,
two_qutrit,monomial_full,sup012_P012_ph121,True,True,0.0,1.0,56.0,65.4,4.81,127.0,117.15,27.0,24.6,128.0,"{'rz': 50, 'rx': 34, 'rzz': 18, 'sx': 16, 'cz': 9, 'barrier': 4}",20,20,0,ok,,20.0,12.0,ok,,0.95,0.884215501443,17.0,10.0,0.96,0.993898155763,17.0,10.0,0.96,0.993898155763,17.0,10.0,False,False,False,,
two_qutrit,monomial_full,sup012_P012_ph122,True,True,0.0,1.0,55.0,61.8,3.66,133.0,112.65,23.0,21.8,128.0,"{'rz': 58, 'rx': 46, 'rzz': 20, 'sx': 6, 'barrier': 4, 'cz': 3}",20,20,0,ok,,18.0,10.0,ok,,0.95,0.967241692916,15.0,8.0,0.95,0.967241692916,15.0,8.0,0.95,0.967241692916,15.0,8.0,False,False,False,,
two_qutrit,monomial_full,sup012_P012_ph200,True,True,0.0,1.0,59.0,66.45,3.76,130.0,117.2,27.0,24.6,128.0,"{'rz': 50, 'rx': 37, 'rzz': 18, 'sx': 16, 'cz': 9, 'barrier': 4}",20,20,0,ok,,22.0,12.0,ok,,0.91,0.857684840799,17.0,10.0,0.95,0.993898155763,17.0,10.0,0.95,0.993898155763,17.0,10.0,False,False,False,,
two_qutrit,monomial_full,sup012_P012_ph201,True,True,0.0,1.0,57.0,65.6,4.37,129.0,117.55,27.0,24.6,128.0,"{'rz': 50, 'rx': 36, 'rzz': 18, 'sx': 16, 'cz': 9, 'barrier': 4}",20,20,0,ok,,20.0,12.0,ok,,0.95,0.884215501443,17.0,10.0,0.96,0.993898155763,17.0,10.0,0.96,0.993898155763,17.0,10.0,False,False,False,,
two_qutrit,monomial_full,sup012_P012_ph202,True,True,0.0,1.0,55.0,61.6,3.67,133.0,112.35,23.0,21.8,128.0,"{'rz': 58, 'rx': 46, 'rzz': 20, 'sx': 6, 'barrier': 4, 'cz': 3}",20,20,0,ok,,18.0,10.0,ok,,0.91,0.884562997864,15.0,8.0,0.95,0.972971277801,15.0,8.0,0.95,0.972971277801,15.0,8.0,False,False,False,,
two_qutrit,monomial_full,sup012_P012_ph210,True,True,0.0,1.0,58.0,66.1,4.07,129.0,117.2,27.0,24.6,128.0,"{'rz': 48, 'rx': 38, 'rzz': 18, 'sx': 16, 'cz': 9, 'barrier': 4}",20,20,0,ok,,22.0,12.0,ok,,0.91,0.874648607448,18.0,10.0,0.96,0.993898155763,19.0,10.0,0.96,0.993898155763,19.0,10.0,False,False,False,,
two_qutrit,monomial_full,sup012_P012_ph211,True,True,0.0,1.0,55.0,61.8,3.66,133.0,112.65,23.0,21.8,128.0,"{'rz': 58, 'rx': 46, 'rzz': 20, 'sx': 6, 'barrier': 4, 'cz': 3}",20,20,0,ok,,18.0,10.0,ok,,0.91,0.857684840799,15.0,8.0,0.95,0.993898155763,15.0,8.0,0.95,0.993898155763,15.0,8.0,False,False,False,,
two_qutrit,monomial_full,sup012_P012_ph212,True,True,0.0,1.0,59.0,66.1,3.6,130.0,117.15,27.0,24.6,128.0,"{'rz': 50, 'rx': 37, 'rzz': 18, 'sx': 16, 'cz': 9, 'barrier': 4}",20,20,0,ok,,22.0,12.0,ok,,0.95,0.884215501443,19.0,10.0,0.96,0.993898155763,19.0,10.0,0.96,0.993898155763,19.0,10.0,False,False,False,,
two_qutrit,monomial_full,sup012_P012_ph220,True,True,0.0,1.0,55.0,61.6,3.67,133.0,111.95,23.0,21.8,128.0,"{'rz': 58, 'rx': 46, 'rzz': 20, 'sx': 6, 'barrier': 4, 'cz': 3}",20,20,0,ok,,18.0,10.0,ok,,0.91,0.857684840799,15.0,8.0,0.95,0.993898155763,15.0,8.0,0.95,0.993898155763,15.0,8.0,False,False,False,,
two_qutrit,monomial_full,sup012_P012_ph221,True,True,0.0,1.0,58.0,64.95,3.53,128.0,115.2,27.0,24.6,128.0,"{'rz': 48, 'rx': 37, 'rzz': 18, 'sx': 16, 'cz': 9, 'barrier': 4}",20,20,0,ok,,21.0,12.0,ok,,0.91,0.874648607448,18.0,10.0,0.96,0.993898155763,18.0,10.0,0.96,0.993898155763,18.0,10.0,False,False,False,,
two_qutrit,monomial_full,sup012_P021_ph000,True,True,0.0,1.0,71.0,78.85,4.02,152.0,139.8,31.0,28.6,128.0,"{'rz': 58, 'rx': 47, 'rzz': 22, 'sx': 16, 'cz': 9, 'barrier': 4}",20,20,0,ok,,28.0,16.0,ok,,0.95,0.884215501443,25.0,14.0,0.96,0.993898155763,25.0,14.0,0.96,0.993898155763,25.0,14.0,False,False,False,,
two_qutrit,monomial_full,sup012_P021_ph001,True,True,0.0,1.0,73.0,80.55,3.8,156.0,143.6,31.0,28.6,128.0,"{'rz': 61, 'rx': 48, 'rzz': 22, 'sx': 16, 'cz': 9, 'barrier': 4}",20,20,0,ok,,29.0,16.0,ok,,0.95,0.872420255601,26.0,14.0,0.96,0.978600955391,26.0,14.0,0.96,0.978600955391,26.0,14.0,False,False,False,,
two_qutrit,monomial_full,sup012_P021_ph002,True,True,0.0,1.0,72.0,80.0,4.0,155.0,141.9,31.0,28.6,128.0,"{'rz': 60, 'rx': 48, 'rzz': 22, 'sx': 16, 'cz': 9, 'barrier': 4}",20,20,0,ok,,29.0,16.0,ok,,0.96,0.978600955391,26.0,14.0,0.96,0.978600955391,26.0,14.0,0.96,0.978600955391,26.0,14.0,False,False,False,,
two_qutrit,monomial_full,sup012_P021_ph010,True,True,0.0,1.0,73.0,80.55,3.8,156.0,143.9,31.0,28.6,128.0,"{'rz': 61, 'rx': 48, 'rzz': 22, 'sx': 16, 'cz': 9, 'barrier': 4}",20,20,0,ok,,29.0,16.0,ok,,0.96,0.978600955391,26.0,14.0,0.96,0.978600955391,26.0,14.0,0.96,0.978600955391,26.0,14.0,False,False,False,,
two_qutrit,monomial_full,sup012_P021_ph011,True,True,0.0,1.0,72.0,80.0,4.0,154.0,142.0,31.0,28.6,128.0,"{'rz': 60, 'rx': 47, 'rzz': 22, 'sx': 16, 'cz': 9, 'barrier': 4}",20,20,0,ok,,29.0,16.0,ok,,0.95,0.978600955391,26.0,14.0,0.95,0.978600955391,26.0,14.0,0.95,0.978600955391,26.0,14.0,False,False,False,,
two_qutrit,monomial_full,sup012_P021_ph012,True,True,0.0,1.0,73.0,80.65,3.85,155.0,142.15,31.0,28.6,128.0,"{'rz': 60, 'rx': 48, 'rzz': 22, 'sx': 16, 'cz': 9, 'barrier': 4}",20,20,0,ok,,29.0,16.0,ok,,0.95,0.901933057719,25.0,14.0,0.95,0.901933057719,25.0,14.0,0.96,0.978600955391,25.0,14.0,False,False,False,,
two_qutrit,monomial_full,sup012_P021_ph020,True,True,0.0,1.0,72.0,80.0,4.0,154.0,142.15,31.0,28.6,128.0,"{'rz': 60, 'rx': 47, 'rzz': 22, 'sx': 16, 'cz': 9, 'barrier': 4}",20,20,0,ok,,29.0,16.0,ok,,0.96,0.978600955391,26.0,14.0,0.96,0.978600955391,26.0,14.0,0.96,0.978600955391,26.0,14.0,False,False,False,,
two_qutrit,monomial_full,sup012_P021_ph021,True,True,0.0,1.0,73.0,80.65,3.85,155.0,142.15,31.0,28.6,128.0,"{'rz': 60, 'rx': 48, 'rzz': 22, 'sx': 16, 'cz': 9, 'barrier': 4}",20,20,0,ok,,29.0,16.0,ok,,0.95,0.888873481877,25.0,14.0,0.96,0.978600955391,25.0,14.0,0.96,0.978600955391,25.0,14.0,False,False,False,,
two_qutrit,monomial_full,sup012_P021_ph022,True,True,0.0,1.0,72.0,79.55,3.8,155.0,141.3,31.0,28.6,128.0,"{'rz': 60, 'rx': 48, 'rzz': 22, 'sx': 16, 'cz': 9, 'barrier': 4}",20,20,0,ok,,29.0,16.0,ok,,0.91,0.889875665854,24.0,12.0,0.95,0.978600955391,26.0,14.0,0.95,0.978600955391,26.0,14.0,False,False,False,,
two_qutrit,monomial_full,sup012_P021_ph100,True,True,0.0,1.0,72.0,80.0,4.0,154.0,141.2,31.0,28.6,128.0,"{'rz': 60, 'rx': 47, 'rzz': 22, 'sx': 16, 'cz': 9, 'barrier': 4}",20,20,0,ok,,29.0,16.0,ok,,0.95,0.872420255601,26.0,14.0,0.96,0.978600955391,26.0,14.0,0.96,0.978600955391,26.0,14.0,False,False,False,,
two_qutrit,monomial_full,sup012_P021_ph101,True,True,0.0,1.0,73.0,80.65,3.85,155.0,142.15,31.0,28.6,128.0,"{'rz': 60, 'rx': 48, 'rzz': 22, 'sx': 16, 'cz': 9, 'barrier': 4}",20,20,0,ok,,29.0,16.0,ok,,0.95,0.901933057719,25.0,14.0,0.95,0.901933057719,25.0,14.0,0.96,0.978600955391,25.0,14.0,False,False,False,,
two_qutrit,monomial_full,sup012_P021_ph102,True,True,0.0,1.0,72.0,80.0,4.0,155.0,142.85,31.0,28.6,128.0,"{'rz': 60, 'rx': 48, 'rzz': 22, 'sx': 16, 'cz': 9, 'barrier': 4}",20,20,0,ok,,29.0,16.0,ok,,0.95,0.885438332501,26.0,14.0,0.96,0.978600955391,26.0,14.0,0.96,0.978600955391,26.0,14.0,False,False,False,,
two_qutrit,monomial_full,sup012_P021_ph110,True,True,0.0,1.0,71.0,78.85,4.02,152.0,139.8,31.0,28.6,128.0,"{'rz': 58, 'rx': 47, 'rzz': 22, 'sx': 16, 'cz': 9, 'barrier': 4}",20,20,0,ok,,28.0,16.0,ok,,0.95,0.884215501443,25.0,14.0,0.96,0.993898155763,25.0,14.0,0.96,0.993898155763,25.0,14.0,False,False,False,,
two_qutrit,monomial_full,sup012_P021_ph111,True,True,0.0,1.0,71.0,79.45,4.25,153.0,141.45,31.0,28.6,128.0,"{'rz': 60, 'rx': 46, 'rzz': 22, 'sx': 16, 'cz': 9, 'barrier': 4}",20,20,0,ok,,28.0,16.0,ok,,0.91,0.857684840799,23.0,12.0,0.96,0.993898155763,25.0,14.0,0.96,0.993898155763,25.0,14.0,False,False,False,,
two_qutrit,monomial_full,sup012_P021_ph112,True,True,0.0,1.0,72.0,80.0,4.0,154.0,141.5,31.0,28.6,128.0,"{'rz': 60, 'rx': 47, 'rzz': 22, 'sx': 16, 'cz': 9, 'barrier': 4}",20,20,0,ok,,29.0,16.0,ok,,0.96,0.978600955391,26.0,14.0,0.96,0.978600955391,26.0,14.0,0.96,0.978600955391,26.0,14.0,False,False,False,,
two_qutrit,monomial_full,sup012_P021_ph120,True,True,0.0,1.0,72.0,80.0,4.0,155.0,142.7,31.0,28.6,128.0,"{'rz': 60, 'rx': 48, 'rzz': 22, 'sx': 16, 'cz': 9, 'barrier': 4}",20,20,0,ok,,29.0,16.0,ok,,0.96,0.978600955391,26.0,14.0,0.96,0.978600955391,26.0,14.0,0.96,0.978600955391,26.0,14.0,False,False,False,,
two_qutrit,monomial_full,sup012_P021_ph121,True,True,0.0,1.0,72.0,80.0,4.0,154.0,141.5,31.0,28.6,128.0,"{'rz': 60, 'rx': 47, 'rzz': 22, 'sx': 16, 'cz': 9, 'barrier': 4}",20,20,0,ok,,29.0,16.0,ok,,0.95,0.885438332501,25.0,14.0,0.96,0.978600955391,26.0,14.0,0.96,0.978600955391,26.0,14.0,False,False,False,,
two_qutrit,monomial_full,sup012_P021_ph122,True,True,0.0,1.0,73.0,80.65,3.85,155.0,142.15,31.0,28.6,128.0,"{'rz': 60, 'rx': 48, 'rzz': 22, 'sx': 16, 'cz': 9, 'barrier': 4}",20,20,0,ok,,29.0,16.0,ok,,0.95,0.888873481877,25.0,14.0,0.96,0.978600955391,25.0,14.0,0.96,0.978600955391,25.0,14.0,False,False,False,,
two_qutrit,monomial_full,sup012_P021_ph200,True,True,0.0,1.0,72.0,80.0,4.02,154.0,142.05,31.0,28.6,128.0,"{'rz': 61, 'rx': 46, 'rzz': 22, 'sx': 16, 'cz': 9, 'barrier': 4}",20,20,0,ok,,28.0,16.0,ok,,0.96,0.978600955391,25.0,14.0,0.96,0.978600955391,25.0,14.0,0.96,0.978600955391,25.0,14.0,False,False,False,,
two_qutrit,monomial_full,sup012_P021_ph201,True,True,0.0,1.0,73.0,80.55,3.8,155.0,142.25,31.0,28.6,128.0,"{'rz': 61, 'rx': 47, 'rzz': 22, 'sx': 16, 'cz': 9, 'barrier': 4}",20,20,0,ok,,29.0,16.0,ok,,0.96,0.978600955391,26.0,14.0,0.96,0.978600955391,26.0,14.0,0.96,0.978600955391,26.0,14.0,False,False,False,,
two_qutrit,monomial_full,sup012_P021_ph202,True,True,0.0,1.0,73.0,80.65,3.85,155.0,142.15,31.0,28.6,128.0,"{'rz': 60, 'rx': 48, 'rzz': 22, 'sx': 16, 'cz': 9, 'barrier': 4}",20,20,0,ok,,29.0,16.0,ok,,0.95,0.901933057719,25.0,14.0,0.95,0.901933057719,25.0,14.0,0.96,0.978600955391,25.0,14.0,False,False,False,,
two_qutrit,monomial_full,sup012_P021_ph210,True,True,0.0,1.0,73.0,80.55,3.8,155.0,142.55,31.0,28.6,128.0,"{'rz': 61, 'rx': 47, 'rzz': 22, 'sx': 16, 'cz': 9, 'barrier': 4}",20,20,0,ok,,29.0,16.0,ok,,0.95,0.872420255601,26.0,14.0,0.96,0.978600955391,26.0,14.0,0.96,0.978600955391,26.0,14.0,False,False,False,,
two_qutrit,monomial_full,sup012_P021_ph211,True,True,0.0,1.0,73.0,80.65,3.85,155.0,142.15,31.0,28.6,128.0,"{'rz': 60, 'rx': 48, 'rzz': 22, 'sx': 16, 'cz': 9, 'barrier': 4}",20,20,0,ok,,29.0,16.0,ok,,0.95,0.901933057719,25.0,14.0,0.95,0.901933057719,25.0,14.0,0.96,0.978600955391,25.0,14.0,False,False,False,,
two_qutrit,monomial_full,sup012_P021_ph212,True,True,0.0,1.0,73.0,81.0,4.0,156.0,143.3,31.0,28.6,128.0,"{'rz': 62, 'rx': 47, 'rzz': 22, 'sx': 16, 'cz': 9, 'barrier': 4}",20,20,0,ok,,29.0,16.0,ok,,0.91,0.89524336855,24.0,12.0,0.95,0.980704640708,26.0,14.0,0.95,0.980704640708,26.0,14.0,False,False,False,,
two_qutrit,monomial_full,sup012_P021_ph220,True,True,0.0,1.0,71.0,78.85,4.02,152.0,139.8,31.0,28.6,128.0,"{'rz': 58, 'rx': 47, 'rzz': 22, 'sx': 16, 'cz': 9, 'barrier': 4}",20,20,0,ok,,28.0,16.0,ok,,0.95,0.895925331402,25.0,14.0,0.96,0.993898155763,25.0,14.0,0.96,0.993898155763,25.0,14.0,False,False,False,,
two_qutrit,monomial_full,sup012_P021_ph221,True,True,0.0,1.0,72.0,79.55,3.8,154.0,141.55,31.0,28.6,128.0,"{'rz': 61, 'rx': 46, 'rzz': 22, 'sx': 16, 'cz': 9, 'barrier': 4}",20,20,0,ok,,28.0,16.0,ok,,0.95,0.872420255601,25.0,14.0,0.96,0.978600955391,25.0,14.0,0.96,0.978600955391,25.0,14.0,False,False,False,,
two_qutrit,monomial_full,sup012_P021_ph222,True,True,0.0,1.0,73.0,80.55,3.8,155.0,142.4,31.0,28.6,128.0,"{'rz': 61, 'rx': 47, 'rzz': 22, 'sx': 16, 'cz': 9, 'barrier': 4}",20,20,0,ok,,29.0,16.0,ok,,0.96,0.993898155763,26.0,14.0,0.96,0.993898155763,26.0,14.0,0.96,0.993898155763,26.0,14.0,False,False,False,,
two_qutrit,monomial_full,sup012_P102_ph000,True,True,0.0,1.0,60.0,67.65,3.85,134.0,121.3,27.0,24.6,128.0,"{'rz': 51, 'rx': 40, 'rzz': 16, 'sx': 16, 'cz': 11, 'barrier': 4}",20,20,0,ok,,22.0,12.0,ok,,0.96,0.981444464489,19.0,10.0,0.96,0.981444464489,19.0,10.0,0.96,0.981444464489,19.0,10.0,False,False,False,,
two_qutrit,monomial_full,sup012_P102_ph001,True,True,0.0,1.0,59.0,66.3,3.91,129.0,115.85,27.0,24.6,128.0,"{'rz': 49, 'rx': 37, 'rzz': 16, 'sx': 16, 'cz': 11, 'barrier': 4}",20,20,0,ok,,22.0,12.0,ok,,0.96,0.993898155763,19.0,10.0,0.96,0.993898155763,19.0,10.0,0.96,0.993898155763,19.0,10.0,False,False,False,,
two_qutrit,monomial_full,sup012_P102_ph002,True,True,0.0,1.0,59.0,66.3,3.91,129.0,115.85,27.0,24.6,128.0,"{'rz': 49, 'rx': 37, 'rzz': 16, 'sx': 16, 'cz': 11, 'barrier': 4}",20,20,0,ok,,22.0,12.0,ok,,0.95,0.895925331402,18.0,10.0,0.96,0.993898155763,19.0,10.0,0.96,0.993898155763,19.0,10.0,False,False,False,,
two_qutrit,monomial_full,sup012_P102_ph010,True,True,0.0,1.0,59.0,66.3,3.91,129.0,115.85,27.0,24.6,128.0,"{'rz': 49, 'rx': 37, 'rzz': 16, 'sx': 16, 'cz': 11, 'barrier': 4}",20,20,0,ok,,22.0,12.0,ok,,0.91,0.869128998766,18.0,10.0,0.96,0.993898155763,19.0,10.0,0.96,0.993898155763,19.0,10.0,False,False,False,,
two_qutrit,monomial_full,sup012_P102_ph011,True,True,0.0,1.0,59.0,66.3,3.91,129.0,115.85,27.0,24.6,128.0,"{'rz': 49, 'rx': 37, 'rzz': 16, 'sx': 16, 'cz': 11, 'barrier': 4}",20,20,0,ok,,22.0,12.0,ok,,0.95,0.985733664903,19.0,10.0,0.95,0.985733664903,19.0,10.0,0.95,0.985733664903,19.0,10.0,False,False,False,,
two_qutrit,monomial_full,sup012_P102_ph012,True,True,0.0,1.0,60.0,67.65,3.85,134.0,121.3,27.0,24.6,128.0,"{'rz': 51, 'rx': 40, 'rzz': 16, 'sx': 16, 'cz': 11, 'barrier': 4}",20,20,0,ok,,22.0,12.0,ok,,0.95,0.870843542794,19.0,10.0,0.96,0.993898155763,19.0,10.0,0.96,0.993898155763,19.0,10.0,False,False,False,,
two_qutrit,monomial_full,sup012_P102_ph020,True,True,0.0,1.0,60.0,67.65,3.85,134.0,121.3,27.0,24.6,128.0,"{'rz': 51, 'rx': 40, 'rzz': 16, 'sx': 16, 'cz': 11, 'barrier': 4}",20,20,0,ok,,22.0,12.0,ok,,0.91,0.913491357544,19.0,10.0,0.91,0.913491357544,19.0,10.0,0.96,0.993898155763,19.0,10.0,False,False,False,,
two_qutrit,monomial_full,sup012_P102_ph021,True,True,0.0,1.0,59.0,66.3,3.91,129.0,115.85,27.0,24.6,128.0,"{'rz': 49, 'rx': 37, 'rzz': 16, 'sx': 16, 'cz': 11, 'barrier': 4}",20,20,0,ok,,22.0,12.0,ok,,0.96,0.993898155763,19.0,10.0,0.96,0.993898155763,19.0,10.0,0.96,0.993898155763,19.0,10.0,False,False,False,,
two_qutrit,monomial_full,sup012_P102_ph022,True,True,0.0,1.0,60.0,67.65,3.85,134.0,121.3,27.0,24.6,128.0,"{'rz': 51, 'rx': 40, 'rzz': 16, 'sx': 16, 'cz': 11, 'barrier': 4}",20,20,0,ok,,22.0,12.0,ok,,0.91,0.906595238952,19.0,10.0,0.91,0.906595238952,19.0,10.0,0.96,0.981444464489,19.0,10.0,False,False,False,,
two_qutrit,monomial_full,sup012_P102_ph100,True,True,0.0,1.0,59.0,66.3,3.91,129.0,115.85,27.0,24.6,128.0,"{'rz': 49, 'rx': 37, 'rzz': 16, 'sx': 16, 'cz': 11, 'barrier': 4}",20,20,0,ok,,22.0,12.0,ok,,0.91,0.857684840799,19.0,10.0,0.95,0.993898155763,19.0,10.0,0.95,0.993898155763,19.0,10.0,False,False,False,,
two_qutrit,monomial_full,sup012_P102_ph101,True,True,0.0,1.0,60.0,67.65,3.85,134.0,121.3,27.0,24.6,128.0,"{'rz': 51, 'rx': 40, 'rzz': 16, 'sx': 16, 'cz': 11, 'barrier': 4}",20,20,0,ok,,22.0,12.0,ok,,0.96,0.981444464489,19.0,10.0,0.96,0.981444464489,19.0,10.0,0.96,0.981444464489,19.0,10.0,False,False,False,,
two_qutrit,monomial_full,sup012_P102_ph102,True,True,0.0,1.0,60.0,67.65,3.85,134.0,121.3,27.0,24.6,128.0,"{'rz': 51, 'rx': 40, 'rzz': 16, 'sx': 16, 'cz': 11, 'barrier': 4}",20,20,0,ok,,22.0,12.0,ok,,0.91,0.869128998766,19.0,10.0,0.96,0.993898155763,19.0,10.0,0.96,0.993898155763,19.0,10.0,False,False,False,,
two_qutrit,monomial_full,sup012_P102_ph110,True,True,0.0,1.0,60.0,67.65,3.85,134.0,121.3,27.0,24.6,128.0,"{'rz': 51, 'rx': 40, 'rzz': 16, 'sx': 16, 'cz': 11, 'barrier': 4}",20,20,0,ok,,22.0,12.0,ok,,0.95,0.884215501443,19.0,10.0,0.96,0.993898155763,19.0,10.0,0.96,0.993898155763,19.0,10.0,False,False,False,,
two_qutrit,monomial_full,sup012_P102_ph111,True,True,0.0,1.0,60.0,67.65,3.85,134.0,121.3,27.0,24.6,128.0,"{'rz': 51, 'rx': 40, 'rzz': 16, 'sx': 16, 'cz': 11, 'barrier': 4}",20,20,0,ok,,22.0,12.0,ok,,0.91,0.869128998766,19.0,10.0,0.96,0.993898155763,19.0,10.0,0.96,0.993898155763,19.0,10.0,False,False,False,,
two_qutrit,monomial_full,sup012_P102_ph112,True,True,0.0,1.0,60.0,67.65,3.85,134.0,121.3,27.0,24.6,128.0,"{'rz': 51, 'rx': 40, 'rzz': 16, 'sx': 16, 'cz': 11, 'barrier': 4}",20,20,0,ok,,22.0,12.0,ok,,0.91,0.862754329196,19.0,10.0,0.95,0.981444464489,19.0,10.0,0.95,0.981444464489,19.0,10.0,False,False,False,,
two_qutrit,monomial_full,sup012_P102_ph120,True,True,0.0,1.0,58.0,65.65,4.15,128.0,115.1,27.0,24.6,128.0,"{'rz': 48, 'rx': 37, 'rzz': 16, 'sx': 16, 'cz': 11, 'barrier': 4}",20,20,0,ok,,22.0,12.0,ok,,0.91,0.869128998766,18.0,10.0,0.96,0.993898155763,19.0,10.0,0.96,0.993898155763,19.0,10.0,False,False,False,,
two_qutrit,monomial_full,sup012_P102_ph121,True,True,0.0,1.0,60.0,67.65,3.85,134.0,121.3,27.0,24.6,128.0,"{'rz': 51, 'rx': 40, 'rzz': 16, 'sx': 16, 'cz': 11, 'barrier': 4}",20,20,0,ok,,22.0,12.0,ok,,0.91,0.857684840799,19.0,10.0,0.95,0.993898155763,19.0,10.0,0.95,0.993898155763,19.0,10.0,False,False,False,,
two_qutrit,monomial_full,sup012_P102_ph122,True,True,0.0,1.0,60.0,67.65,3.85,134.0,121.3,27.0,24.6,128.0,"{'rz': 51, 'rx': 40, 'rzz': 16, 'sx': 16, 'cz': 11, 'barrier': 4}",20,20,0,ok,,22.0,12.0,ok,,0.95,0.884215501443,19.0,10.0,0.96,0.993898155763,19.0,10.0,0.96,0.993898155763,19.0,10.0,False,False,False,,
two_qutrit,monomial_full,sup012_P102_ph200,True,True,0.0,1.0,59.0,66.25,3.92,128.0,114.6,27.0,24.6,128.0,"{'rz': 48, 'rx': 37, 'rzz': 16, 'sx': 16, 'cz': 11, 'barrier': 4}",20,20,0,ok,,22.0,12.0,ok,,0.91,0.869128998766,18.0,10.0,0.96,0.993898155763,19.0,10.0,0.96,0.993898155763,19.0,10.0,False,False,False,,
two_qutrit,monomial_full,sup012_P102_ph201,True,True,0.0,1.0,60.0,67.65,3.85,134.0,121.3,27.0,24.6,128.0,"{'rz': 51, 'rx': 40, 'rzz': 16, 'sx': 16, 'cz': 11, 'barrier': 4}",20,20,0,ok,,22.0,12.0,ok,,0.91,0.857684840799,19.0,10.0,0.95,0.993898155763,19.0,10.0,0.95,0.993898155763,19.0,10.0,False,False,False,,
two_qutrit,monomial_full,sup012_P102_ph202,True,True,0.0,1.0,60.0,67.65,3.85,134.0,121.3,27.0,24.6,128.0,"{'rz': 51, 'rx': 40, 'rzz': 16, 'sx': 16, 'cz': 11, 'barrier': 4}",20,20,0,ok,,22.0,12.0,ok,,0.96,0.981444464489,19.0,10.0,0.96,0.981444464489,19.0,10.0,0.96,0.981444464489,19.0,10.0,False,False,False,,
two_qutrit,monomial_full,sup012_P102_ph210,True,True,0.0,1.0,58.0,65.65,4.15,128.0,115.1,27.0,24.6,128.0,"{'rz': 48, 'rx': 37, 'rzz': 16, 'sx': 16, 'cz': 11, 'barrier': 4}",20,20,0,ok,,22.0,12.0,ok,,0.91,0.857684840799,19.0,10.0,0.95,0.993898155763,19.0,10.0,0.95,0.993898155763,19.0,10.0,False,False,False,,
two_qutrit,monomial_full,sup012_P102_ph211,True,True,0.0,1.0,60.0,67.65,3.85,134.0,121.3,27.0,24.6,128.0,"{'rz': 51, 'rx': 40, 'rzz': 16, 'sx': 16, 'cz': 11, 'barrier': 4}",20,20,0,ok,,22.0,12.0,ok,,0.95,0.884215501443,19.0,10.0,0.96,0.993898155763,19.0,10.0,0.96,0.993898155763,19.0,10.0,False,False,False,,
two_qutrit,monomial_full,sup012_P102_ph212,True,True,0.0,1.0,60.0,67.65,3.85,134.0,121.3,27.0,24.6,128.0,"{'rz': 51, 'rx': 40, 'rzz': 16, 'sx': 16, 'cz': 11, 'barrier': 4}",20,20,0,ok,,22.0,12.0,ok,,0.91,0.869128998766,19.0,10.0,0.96,0.993898155763,19.0,10.0,0.96,0.993898155763,19.0,10.0,False,False,False,,
two_qutrit,monomial_full,sup012_P102_ph220,True,True,0.0,1.0,59.0,66.3,3.91,129.0,115.85,27.0,24.6,128.0,"{'rz': 49, 'rx': 37, 'rzz': 16, 'sx': 16, 'cz': 11, 'barrier': 4}",20,20,0,ok,,22.0,12.0,ok,,0.95,0.884215501443,18.0,10.0,0.96,0.993898155763,19.0,10.0,0.96,0.993898155763,19.0,10.0,False,False,False,,
two_qutrit,monomial_full,sup012_P102_ph221,True,True,0.0,1.0,59.0,66.3,3.91,129.0,115.85,27.0,24.6,128.0,"{'rz': 49, 'rx': 37, 'rzz': 16, 'sx': 16, 'cz': 11, 'barrier': 4}",20,20,0,ok,,22.0,12.0,ok,,0.96,0.985733664903,19.0,10.0,0.96,0.985733664903,19.0,10.0,0.96,0.985733664903,19.0,10.0,False,False,False,,
two_qutrit,monomial_full,sup012_P102_ph222,True,True,0.0,1.0,59.0,66.3,3.91,129.0,115.85,27.0,24.6,128.0,"{'rz': 49, 'rx': 37, 'rzz': 16, 'sx': 16, 'cz': 11, 'barrier': 4}",20,20,0,ok,,22.0,12.0,ok,,0.95,0.895925331402,18.0,10.0,0.96,0.993898155763,19.0,10.0,0.96,0.993898155763,19.0,10.0,False,False,False,,
two_qutrit,monomial_full,sup012_P120_ph000,True,True,0.0,1.0,68.0,74.35,3.42,143.0,131.35,29.0,26.6,128.0,"{'rz': 55, 'rx': 43, 'rzz': 20, 'sx': 16, 'cz': 9, 'barrier': 4}",20,20,0,ok,,27.0,14.0,ok,,0.91,0.874012592347,24.0,12.0,0.95,0.979298238541,24.0,12.0,0.95,0.979298238541,24.0,12.0,False,False,False,,
two_qutrit,monomial_full,sup012_P120_ph001,True,True,0.0,1.0,68.0,74.65,3.47,144.0,132.1,29.0,26.6,128.0,"{'rz': 57, 'rx': 42, 'rzz': 20, 'sx': 16, 'cz': 9, 'barrier': 4}",20,20,0,ok,,27.0,14.0,ok,,0.95,0.884215501443,23.0,12.0,0.96,0.993898155763,24.0,12.0,0.96,0.993898155763,24.0,12.0,False,False,False,,
two_qutrit,monomial_full,sup012_P120_ph002,True,True,0.0,1.0,68.0,74.65,3.47,143.0,131.5,29.0,26.6,128.0,"{'rz': 56, 'rx': 42, 'rzz': 20, 'sx': 16, 'cz': 9, 'barrier': 4}",20,20,0,ok,,27.0,14.0,ok,,0.91,0.913491357544,24.0,12.0,0.91,0.913491357544,24.0,12.0,0.96,0.993898155763,24.0,12.0,False,False,False,,
two_qutrit,monomial_full,sup012_P120_ph010,True,True,0.0,1.0,68.0,74.65,3.47,144.0,132.55,29.0,26.6,128.0,"{'rz': 57, 'rx': 42, 'rzz': 20, 'sx': 16, 'cz': 9, 'barrier': 4}",20,20,0,ok,,27.0,14.0,ok,,0.91,0.913491357544,24.0,12.0,0.91,0.913491357544,24.0,12.0,0.96,0.993898155763,24.0,12.0,False,False,False,,
two_qutrit,monomial_full,sup012_P120_ph011,True,True,0.0,1.0,68.0,74.0,3.15,142.0,129.6,29.0,26.6,128.0,"{'rz': 55, 'rx': 42, 'rzz': 20, 'sx': 16, 'cz': 9, 'barrier': 4}",20,20,0,ok,,27.0,14.0,ok,,0.91,0.857684840799,24.0,12.0,0.95,0.993898155763,24.0,12.0,0.95,0.993898155763,24.0,12.0,False,False,False,,
two_qutrit,monomial_full,sup012_P120_ph012,True,True,0.0,1.0,68.0,74.55,3.47,144.0,131.85,29.0,26.6,128.0,"{'rz': 57, 'rx': 42, 'rzz': 20, 'sx': 16, 'cz': 9, 'barrier': 4}",20,20,0,ok,,27.0,14.0,ok,,0.95,0.872714232998,24.0,12.0,0.96,0.978471469483,24.0,12.0,0.96,0.978471469483,24.0,12.0,False,False,False,,
two_qutrit,monomial_full,sup012_P120_ph020,True,True,0.0,1.0,67.0,73.85,3.54,142.0,131.4,29.0,26.6,128.0,"{'rz': 55, 'rx': 42, 'rzz': 20, 'sx': 16, 'cz': 9, 'barrier': 4}",20,20,0,ok,,27.0,14.0,ok,,0.91,0.850428399072,24.0,12.0,0.95,0.978708102492,24.0,12.0,0.95,0.978708102492,24.0,12.0,False,False,False,,
two_qutrit,monomial_full,sup012_P120_ph021,True,True,0.0,1.0,68.0,74.4,3.43,144.0,132.2,29.0,26.6,128.0,"{'rz': 56, 'rx': 43, 'rzz': 20, 'sx': 16, 'cz': 9, 'barrier': 4}",20,20,0,ok,,27.0,14.0,ok,,0.91,0.854459224826,24.0,12.0,0.95,0.97966112343,24.0,12.0,0.95,0.97966112343,24.0,12.0,False,False,False,,
two_qutrit,monomial_full,sup012_P120_ph022,True,True,0.0,1.0,68.0,74.3,3.24,143.0,131.85,29.0,26.6,128.0,"{'rz': 56, 'rx': 42, 'rzz': 20, 'sx': 16, 'cz': 9, 'barrier': 4}",20,20,0,ok,,27.0,14.0,ok,,0.95,0.864924230984,23.0,12.0,0.96,0.983643117689,24.0,12.0,0.96,0.983643117689,24.0,12.0,False,False,False,,
two_qutrit,monomial_full,sup012_P120_ph100,True,True,0.0,1.0,68.0,74.35,3.41,143.0,130.95,29.0,26.6,128.0,"{'rz': 56, 'rx': 42, 'rzz': 20, 'sx': 16, 'cz': 9, 'barrier': 4}",20,20,0,ok,,27.0,14.0,ok,,0.91,0.915747649063,24.0,12.0,0.91,0.915747649063,24.0,12.0,0.96,0.965278144937,24.0,12.0,False,False,False,,
two_qutrit,monomial_full,sup012_P120_ph101,True,True,0.0,1.0,68.0,74.0,3.21,143.0,130.7,29.0,26.6,128.0,"{'rz': 56, 'rx': 42, 'rzz': 20, 'sx': 16, 'cz': 9, 'barrier': 4}",20,20,0,ok,,27.0,14.0,ok,,0.91,0.857684840799,22.0,12.0,0.95,0.993898155763,22.0,12.0,0.95,0.993898155763,22.0,12.0,False,False,False,,
two_qutrit,monomial_full,sup012_P120_ph102,True,True,0.0,1.0,68.0,74.65,3.47,145.0,132.35,29.0,26.6,128.0,"{'rz': 57, 'rx': 43, 'rzz': 20, 'sx': 16, 'cz': 9, 'barrier': 4}",20,20,0,ok,,27.0,14.0,ok,,0.95,0.878376160807,23.0,12.0,0.98,0.978708102492,23.0,12.0,0.98,0.978708102492,23.0,12.0,False,False,False,,
two_qutrit,monomial_full,sup012_P120_ph110,True,True,0.0,1.0,68.0,74.55,3.47,145.0,132.8,29.0,26.6,128.0,"{'rz': 57, 'rx': 43, 'rzz': 20, 'sx': 16, 'cz': 9, 'barrier': 4}",20,20,0,ok,,27.0,14.0,ok,,0.95,0.884215501443,23.0,12.0,0.96,0.993898155763,24.0,12.0,0.96,0.993898155763,24.0,12.0,False,False,False,,
two_qutrit,monomial_full,sup012_P120_ph111,True,True,0.0,1.0,68.0,74.65,3.47,144.0,132.25,29.0,26.6,128.0,"{'rz': 57, 'rx': 42, 'rzz': 20, 'sx': 16, 'cz': 9, 'barrier': 4}",20,20,0,ok,,27.0,14.0,ok,,0.96,0.966088760047,24.0,12.0,0.96,0.966088760047,24.0,12.0,0.96,0.966088760047,24.0,12.0,False,False,False,,
two_qutrit,monomial_full,sup012_P120_ph112,True,True,0.0,1.0,67.0,73.55,3.47,143.0,130.55,29.0,26.6,128.0,"{'rz': 55, 'rx': 43, 'rzz': 20, 'sx': 16, 'cz': 9, 'barrier': 4}",20,20,0,ok,,27.0,14.0,ok,,0.91,0.857684840799,24.0,12.0,0.95,0.993898155763,24.0,12.0,0.95,0.993898155763,24.0,12.0,False,False,False,,
two_qutrit,monomial_full,sup012_P120_ph120,True,True,0.0,1.0,68.0,74.35,3.26,145.0,131.75,29.0,26.6,128.0,"{'rz': 57, 'rx': 43, 'rzz': 20, 'sx': 16, 'cz': 9, 'barrier': 4}",20,20,0,ok,,27.0,14.0,ok,,0.91,0.898716256902,24.0,12.0,0.95,0.952883839063,24.0,12.0,0.95,0.952883839063,24.0,12.0,False,False,False,,
two_qutrit,monomial_full,sup012_P120_ph121,True,True,0.0,1.0,65.0,72.5,3.91,141.0,129.1,29.0,26.6,128.0,"{'rz': 54, 'rx': 42, 'rzz': 20, 'sx': 16, 'cz': 9, 'barrier': 4}",20,20,0,ok,,26.0,14.0,ok,,0.95,0.978600955391,23.0,12.0,0.95,0.978600955391,23.0,12.0,0.95,0.978600955391,23.0,12.0,False,False,False,,
two_qutrit,monomial_full,sup012_P120_ph122,True,True,0.0,1.0,68.0,74.65,3.47,145.0,132.05,29.0,26.6,128.0,"{'rz': 57, 'rx': 43, 'rzz': 20, 'sx': 16, 'cz': 9, 'barrier': 4}",20,20,0,ok,,27.0,14.0,ok,,0.96,0.915587139598,24.0,12.0,0.96,0.915587139598,24.0,12.0,0.98,0.993898155763,24.0,12.0,False,False,False,,
two_qutrit,monomial_full,sup012_P120_ph200,True,True,0.0,1.0,68.0,74.65,3.47,145.0,132.5,29.0,26.6,128.0,"{'rz': 57, 'rx': 43, 'rzz': 20, 'sx': 16, 'cz': 9, 'barrier': 4}",20,20,0,ok,,27.0,14.0,ok,,0.95,0.983852061015,24.0,12.0,0.95,0.983852061015,24.0,12.0,0.95,0.983852061015,24.0,12.0,False,False,False,,
two_qutrit,monomial_full,sup012_P120_ph201,True,True,0.0,1.0,68.0,74.6,3.47,145.0,132.25,29.0,26.6,128.0,"{'rz': 57, 'rx': 43, 'rzz': 20, 'sx': 16, 'cz': 9, 'barrier': 4}",20,20,0,ok,,27.0,14.0,ok,,0.91,0.86173478007,23.0,12.0,0.95,0.977505888018,23.0,12.0,0.95,0.977505888018,23.0,12.0,False,False,False,,
two_qutrit,monomial_full,sup012_P120_ph202,True,True,0.0,1.0,68.0,74.3,3.42,142.0,131.15,29.0,26.6,128.0,"{'rz': 55, 'rx': 42, 'rzz': 20, 'sx': 16, 'cz': 9, 'barrier': 4}",20,20,0,ok,,27.0,14.0,ok,,0.95,0.864924230984,23.0,12.0,0.96,0.983643117689,24.0,12.0,0.96,0.983643117689,24.0,12.0,False,False,False,,
two_qutrit,monomial_full,sup012_P120_ph210,True,True,0.0,1.0,68.0,74.3,3.26,145.0,131.35,29.0,26.6,128.0,"{'rz': 57, 'rx': 43, 'rzz': 20, 'sx': 16, 'cz': 9, 'barrier': 4}",20,20,0,ok,,27.0,14.0,ok,,0.91,0.857684840799,24.0,12.0,0.95,0.993898155763,24.0,12.0,0.95,0.993898155763,24.0,12.0,False,False,False,,
two_qutrit,monomial_full,sup012_P120_ph211,True,True,0.0,1.0,68.0,74.65,3.47,145.0,132.65,29.0,26.6,128.0,"{'rz': 57, 'rx': 43, 'rzz': 20, 'sx': 16, 'cz': 9, 'barrier': 4}",20,20,0,ok,,27.0,14.0,ok,,0.91,0.862026446502,24.0,12.0,0.95,0.980587170727,24.0,12.0,0.95,0.980587170727,24.0,12.0,False,False,False,,
two_qutrit,monomial_full,sup012_P120_ph212,True,True,0.0,1.0,68.0,74.65,3.47,145.0,132.2,29.0,26.6,128.0,"{'rz': 57, 'rx': 43, 'rzz': 20, 'sx': 16, 'cz': 9, 'barrier': 4}",20,20,0,ok,,27.0,14.0,ok,,0.91,0.879037919533,23.0,12.0,0.96,0.921633158848,23.0,12.0,0.98,0.993898155763,23.0,12.0,False,False,False,,
two_qutrit,monomial_full,sup012_P120_ph220,True,True,0.0,1.0,68.0,74.55,3.47,145.0,132.3,29.0,26.6,128.0,"{'rz': 57, 'rx': 43, 'rzz': 20, 'sx': 16, 'cz': 9, 'barrier': 4}",20,20,0,ok,,27.0,14.0,ok,,0.93,0.856212836435,23.0,12.0,0.96,0.983643117689,24.0,12.0,0.96,0.983643117689,24.0,12.0,False,False,False,,
two_qutrit,monomial_full,sup012_P120_ph221,True,True,0.0,1.0,68.0,74.65,3.47,143.0,132.2,29.0,26.6,128.0,"{'rz': 56, 'rx': 42, 'rzz': 20, 'sx': 16, 'cz': 9, 'barrier': 4}",20,20,0,ok,,27.0,14.0,ok,,0.91,0.909573405214,24.0,12.0,0.91,0.909573405214,24.0,12.0,0.98,0.95241562724,24.0,12.0,False,False,False,,
two_qutrit,monomial_full,sup012_P120_ph222,True,True,0.0,1.0,68.0,74.6,3.47,143.0,131.25,29.0,26.6,128.0,"{'rz': 56, 'rx': 42, 'rzz': 20, 'sx': 16, 'cz': 9, 'barrier': 4}",20,20,0,ok,,27.0,14.0,ok,,0.95,0.895925331402,24.0,12.0,0.96,0.993898155763,24.0,12.0,0.96,0.993898155763,24.0,12.0,False,False,False,,
two_qutrit,monomial_full,sup012_P201_ph000,True,True,0.0,1.0,68.0,74.55,3.41,145.0,132.75,29.0,26.6,128.0,"{'rz': 56, 'rx': 44, 'rzz': 20, 'sx': 16, 'cz': 9, 'barrier': 4}",20,20,0,ok,,27.0,14.0,ok,,0.95,0.899796888009,24.0,12.0,0.96,0.978708102492,24.0,12.0,0.96,0.978708102492,24.0,12.0,False,False,False,,
two_qutrit,monomial_full,sup012_P201_ph001,True,True,0.0,1.0,68.0,75.65,3.95,147.0,134.75,29.0,26.6,128.0,"{'rz': 58, 'rx': 44, 'rzz': 20, 'sx': 16, 'cz': 9, 'barrier': 4}",20,20,0,ok,,27.0,14.0,ok,,0.91,0.869565746897,24.0,12.0,0.95,0.980777537368,24.0,12.0,0.95,0.980777537368,24.0,12.0,False,False,False,,
two_qutrit,monomial_full,sup012_P201_ph002,True,True,0.0,1.0,68.0,75.6,3.95,147.0,134.1,29.0,26.6,128.0,"{'rz': 58, 'rx': 44, 'rzz': 20, 'sx': 16, 'cz': 9, 'barrier': 4}",20,20,0,ok,,27.0,14.0,ok,,0.95,0.884215501443,23.0,12.0,0.96,0.993898155763,24.0,12.0,0.96,0.993898155763,24.0,12.0,False,False,False,,
two_qutrit,monomial_full,sup012_P201_ph010,True,True,0.0,1.0,68.0,75.65,3.95,147.0,134.75,29.0,26.6,128.0,"{'rz': 58, 'rx': 44, 'rzz': 20, 'sx': 16, 'cz': 9, 'barrier': 4}",20,20,0,ok,,27.0,14.0,ok,,0.91,0.887165485213,23.0,12.0,0.95,0.959988244374,23.0,12.0,0.95,0.959988244374,23.0,12.0,False,False,False,,
two_qutrit,monomial_full,sup012_P201_ph011,True,True,0.0,1.0,68.0,74.45,3.29,145.0,132.8,29.0,26.6,128.0,"{'rz': 57, 'rx': 43, 'rzz': 20, 'sx': 16, 'cz': 9, 'barrier': 4}",20,20,0,ok,,27.0,14.0,ok,,0.91,0.857684840799,24.0,12.0,0.95,0.993898155763,24.0,12.0,0.95,0.993898155763,24.0,12.0,False,False,False,,
two_qutrit,monomial_full,sup012_P201_ph012,True,True,0.0,1.0,68.0,75.3,3.76,146.0,133.6,29.0,26.6,128.0,"{'rz': 57, 'rx': 44, 'rzz': 20, 'sx': 16, 'cz': 9, 'barrier': 4}",20,20,0,ok,,27.0,14.0,ok,,0.91,0.857684840799,24.0,12.0,0.95,0.993898155763,24.0,12.0,0.95,0.993898155763,24.0,12.0,False,False,False,,
two_qutrit,monomial_full,sup012_P201_ph020,True,True,0.0,1.0,66.0,74.0,4.05,145.0,131.6,29.0,26.6,128.0,"{'rz': 56, 'rx': 44, 'rzz': 20, 'sx': 16, 'cz': 9, 'barrier': 4}",20,20,0,ok,,25.0,14.0,ok,,0.91,0.857684840799,22.0,12.0,0.95,0.993898155763,22.0,12.0,0.95,0.993898155763,22.0,12.0,False,False,False,,
two_qutrit,monomial_full,sup012_P201_ph021,True,True,0.0,1.0,68.0,75.55,3.93,146.0,134.35,29.0,26.6,128.0,"{'rz': 57, 'rx': 44, 'rzz': 20, 'sx': 16, 'cz': 9, 'barrier': 4}",20,20,0,ok,,27.0,14.0,ok,,0.96,0.978682042936,24.0,12.0,0.96,0.978682042936,24.0,12.0,0.96,0.978682042936,24.0,12.0,False,False,False,,
two_qutrit,monomial_full,sup012_P201_ph022,True,True,0.0,1.0,68.0,74.6,3.34,143.0,132.1,29.0,26.6,128.0,"{'rz': 55, 'rx': 43, 'rzz': 20, 'sx': 16, 'cz': 9, 'barrier': 4}",20,20,0,ok,,27.0,14.0,ok,,0.91,0.857684840799,24.0,12.0,0.95,0.993898155763,24.0,12.0,0.95,0.993898155763,24.0,12.0,False,False,False,,
two_qutrit,monomial_full,sup012_P201_ph100,True,True,0.0,1.0,68.0,75.25,3.75,146.0,133.05,29.0,26.6,128.0,"{'rz': 57, 'rx': 44, 'rzz': 20, 'sx': 16, 'cz': 9, 'barrier': 4}",20,20,0,ok,,27.0,14.0,ok,,0.91,0.857684840799,24.0,12.0,0.95,0.993898155763,24.0,12.0,0.95,0.993898155763,24.0,12.0,False,False,False,,
two_qutrit,monomial_full,sup012_P201_ph101,True,True,0.0,1.0,66.0,73.65,4.07,144.0,131.5,29.0,26.6,128.0,"{'rz': 55, 'rx': 44, 'rzz': 20, 'sx': 16, 'cz': 9, 'barrier': 4}",20,20,0,ok,,26.0,14.0,ok,,0.95,0.978600955391,23.0,12.0,0.95,0.978600955391,23.0,12.0,0.95,0.978600955391,23.0,12.0,False,False,False,,
two_qutrit,monomial_full,sup012_P201_ph102,True,True,0.0,1.0,67.0,74.5,3.77,143.0,132.15,29.0,26.6,128.0,"{'rz': 55, 'rx': 43, 'rzz': 20, 'sx': 16, 'cz': 9, 'barrier': 4}",20,20,0,ok,,27.0,14.0,ok,,0.91,0.857684840799,24.0,12.0,0.95,0.993898155763,24.0,12.0,0.95,0.993898155763,24.0,12.0,False,False,False,,
two_qutrit,monomial_full,sup012_P201_ph110,True,True,0.0,1.0,67.0,74.25,3.66,144.0,131.6,29.0,26.6,128.0,"{'rz': 55, 'rx': 44, 'rzz': 20, 'sx': 16, 'cz': 9, 'barrier': 4}",20,20,0,ok,,27.0,14.0,ok,,0.95,0.978600955391,24.0,12.0,0.95,0.978600955391,24.0,12.0,0.95,0.978600955391,24.0,12.0,False,False,False,,
two_qutrit,monomial_full,sup012_P201_ph111,True,True,0.0,1.0,68.0,75.65,3.95,147.0,134.75,29.0,26.6,128.0,"{'rz': 58, 'rx': 44, 'rzz': 20, 'sx': 16, 'cz': 9, 'barrier': 4}",20,20,0,ok,,27.0,14.0,ok,,0.95,0.885678065637,24.0,12.0,0.96,0.984594708169,24.0,12.0,0.96,0.984594708169,24.0,12.0,False,False,False,,
two_qutrit,monomial_full,sup012_P201_ph112,True,True,0.0,1.0,67.0,74.95,4.04,146.0,133.05,29.0,26.6,128.0,"{'rz': 57, 'rx': 44, 'rzz': 20, 'sx': 16, 'cz': 9, 'barrier': 4}",20,20,0,ok,,26.0,14.0,ok,,0.91,0.870259643008,23.0,12.0,0.95,0.976996113454,23.0,12.0,0.95,0.976996113454,23.0,12.0,False,False,False,,
two_qutrit,monomial_full,sup012_P201_ph120,True,True,0.0,1.0,68.0,75.65,3.95,147.0,134.75,29.0,26.6,128.0,"{'rz': 58, 'rx': 44, 'rzz': 20, 'sx': 16, 'cz': 9, 'barrier': 4}",20,20,0,ok,,27.0,14.0,ok,,0.96,0.980777537368,24.0,12.0,0.96,0.980777537368,24.0,12.0,0.96,0.980777537368,24.0,12.0,False,False,False,,
two_qutrit,monomial_full,sup012_P201_ph121,True,True,0.0,1.0,68.0,75.0,3.56,145.0,133.05,29.0,26.6,128.0,"{'rz': 57, 'rx': 43, 'rzz': 20, 'sx': 16, 'cz': 9, 'barrier': 4}",20,20,0,ok,,27.0,14.0,ok,,0.91,0.869128998766,23.0,12.0,0.96,0.993898155763,24.0,12.0,0.96,0.993898155763,24.0,12.0,False,False,False,,
two_qutrit,monomial_full,sup012_P201_ph122,True,True,0.0,1.0,68.0,75.3,3.85,147.0,134.4,29.0,26.6,128.0,"{'rz': 58, 'rx': 44, 'rzz': 20, 'sx': 16, 'cz': 9, 'barrier': 4}",20,20,0,ok,,27.0,14.0,ok,,0.96,0.899796888009,23.0,12.0,0.99,0.97033321075,24.0,12.0,0.99,0.97033321075,24.0,12.0,False,False,False,,
two_qutrit,monomial_full,sup012_P201_ph200,True,True,0.0,1.0,68.0,75.65,3.95,147.0,134.75,29.0,26.6,128.0,"{'rz': 58, 'rx': 44, 'rzz': 20, 'sx': 16, 'cz': 9, 'barrier': 4}",20,20,0,ok,,27.0,14.0,ok,,0.91,0.857684840799,22.0,12.0,0.95,0.993898155763,22.0,12.0,0.95,0.993898155763,22.0,12.0,False,False,False,,
two_qutrit,monomial_full,sup012_P201_ph201,True,True,0.0,1.0,68.0,75.0,3.56,144.0,131.8,29.0,26.6,128.0,"{'rz': 56, 'rx': 43, 'rzz': 20, 'sx': 16, 'cz': 9, 'barrier': 4}",20,20,0,ok,,27.0,14.0,ok,,0.91,0.857684840799,24.0,12.0,0.95,0.993898155763,24.0,12.0,0.95,0.993898155763,24.0,12.0,False,False,False,,
two_qutrit,monomial_full,sup012_P201_ph202,True,True,0.0,1.0,67.0,73.6,3.58,144.0,131.25,29.0,26.6,128.0,"{'rz': 56, 'rx': 43, 'rzz': 20, 'sx': 16, 'cz': 9, 'barrier': 4}",20,20,0,ok,,26.0,14.0,ok,,0.91,0.857684840799,23.0,12.0,0.95,0.993898155763,23.0,12.0,0.95,0.993898155763,23.0,12.0,False,False,False,,
two_qutrit,monomial_full,sup012_P201_ph210,True,True,0.0,1.0,68.0,75.6,3.95,147.0,134.35,29.0,26.6,128.0,"{'rz': 58, 'rx': 44, 'rzz': 20, 'sx': 16, 'cz': 9, 'barrier': 4}",20,20,0,ok,,27.0,14.0,ok,,0.91,0.903173826859,24.0,12.0,0.91,0.903173826859,24.0,12.0,0.96,0.976996113454,24.0,12.0,False,False,False,,
two_qutrit,monomial_full,sup012_P201_ph211,True,True,0.0,1.0,68.0,75.3,3.85,147.0,134.4,29.0,26.6,128.0,"{'rz': 58, 'rx': 44, 'rzz': 20, 'sx': 16, 'cz': 9, 'barrier': 4}",20,20,0,ok,,27.0,14.0,ok,,0.95,0.900334416865,23.0,12.0,0.95,0.900334416865,23.0,12.0,0.96,0.954046933051,23.0,12.0,False,False,False,,
two_qutrit,monomial_full,sup012_P201_ph212,True,True,0.0,1.0,68.0,74.45,3.29,144.0,132.3,29.0,26.6,128.0,"{'rz': 56, 'rx': 43, 'rzz': 20, 'sx': 16, 'cz': 9, 'barrier': 4}",20,20,0,ok,,27.0,14.0,ok,,0.91,0.869565746897,24.0,12.0,0.95,0.980777537368,24.0,12.0,0.95,0.980777537368,24.0,12.0,False,False,False,,
two_qutrit,monomial_full,sup012_P201_ph220,True,True,0.0,1.0,67.0,74.0,3.55,142.0,131.05,29.0,26.6,128.0,"{'rz': 54, 'rx': 43, 'rzz': 20, 'sx': 16, 'cz': 9, 'barrier': 4}",20,20,0,ok,,27.0,14.0,ok,,0.91,0.857684840799,24.0,12.0,0.95,0.993898155763,24.0,12.0,0.95,0.993898155763,24.0,12.0,False,False,False,,
two_qutrit,monomial_full,sup012_P201_ph221,True,True,0.0,1.0,68.0,75.65,3.95,147.0,134.75,29.0,26.6,128.0,"{'rz': 58, 'rx': 44, 'rzz': 20, 'sx': 16, 'cz': 9, 'barrier': 4}",20,20,0,ok,,27.0,14.0,ok,,0.91,0.904680801682,23.0,12.0,0.91,0.904680801682,23.0,12.0,0.96,0.963931997535,23.0,12.0,False,False,False,,
two_qutrit,monomial_full,sup012_P201_ph222,True,True,0.0,1.0,68.0,75.6,3.95,147.0,134.4,29.0,26.6,128.0,"{'rz': 58, 'rx': 44, 'rzz': 20, 'sx': 16, 'cz': 9, 'barrier': 4}",20,20,0,ok,,27.0,14.0,ok,,0.91,0.857684840799,24.0,12.0,0.95,0.993898155763,24.0,12.0,0.95,0.993898155763,24.0,12.0,False,False,False,,
two_qutrit,monomial_full,sup012_P210_ph000,True,True,0.0,1.0,59.0,66.55,3.9,131.0,118.15,27.0,24.6,128.0,"{'rz': 48, 'rx': 40, 'rzz': 16, 'sx': 16, 'cz': 11, 'barrier': 4}",20,20,0,ok,,22.0,12.0,ok,,0.95,0.884215501443,19.0,10.0,0.96,0.993898155763,19.0,10.0,0.96,0.993898155763,19.0,10.0,False,False,False,,
two_qutrit,monomial_full,sup012_P210_ph001,True,True,0.0,1.0,59.0,65.75,3.74,129.0,115.85,27.0,24.6,128.0,"{'rz': 49, 'rx': 37, 'rzz': 16, 'sx': 16, 'cz': 11, 'barrier': 4}",20,20,0,ok,,22.0,12.0,ok,,0.95,0.895925331402,18.0,10.0,0.96,0.993898155763,19.0,10.0,0.96,0.993898155763,19.0,10.0,False,False,False,,
two_qutrit,monomial_full,sup012_P210_ph002,True,True,0.0,1.0,59.0,65.4,3.73,128.0,114.9,27.0,24.6,128.0,"{'rz': 48, 'rx': 37, 'rzz': 16, 'sx': 16, 'cz': 11, 'barrier': 4}",20,20,0,ok,,22.0,12.0,ok,,0.91,0.913491357544,18.0,10.0,0.91,0.913491357544,18.0,10.0,0.96,0.993898155763,19.0,10.0,False,False,False,,
two_qutrit,monomial_full,sup012_P210_ph010,True,True,0.0,1.0,59.0,65.75,3.74,129.0,115.85,27.0,24.6,128.0,"{'rz': 49, 'rx': 37, 'rzz': 16, 'sx': 16, 'cz': 11, 'barrier': 4}",20,20,0,ok,,22.0,12.0,ok,,0.91,0.857684840799,19.0,10.0,0.95,0.993898155763,19.0,10.0,0.95,0.993898155763,19.0,10.0,False,False,False,,
two_qutrit,monomial_full,sup012_P210_ph011,True,True,0.0,1.0,60.0,66.4,3.44,130.0,116.5,27.0,24.6,128.0,"{'rz': 50, 'rx': 37, 'rzz': 16, 'sx': 16, 'cz': 11, 'barrier': 4}",20,20,0,ok,,22.0,12.0,ok,,0.91,0.857684840799,19.0,10.0,0.95,0.993898155763,19.0,10.0,0.95,0.993898155763,19.0,10.0,False,False,False,,
two_qutrit,monomial_full,sup012_P210_ph012,True,True,0.0,1.0,59.0,65.75,3.74,129.0,115.85,27.0,24.6,128.0,"{'rz': 49, 'rx': 37, 'rzz': 16, 'sx': 16, 'cz': 11, 'barrier': 4}",20,20,0,ok,,22.0,12.0,ok,,0.96,0.993898155763,19.0,10.0,0.96,0.993898155763,19.0,10.0,0.96,0.993898155763,19.0,10.0,False,False,False,,
two_qutrit,monomial_full,sup012_P210_ph020,True,True,0.0,1.0,60.0,67.2,3.66,133.0,120.15,27.0,24.6,128.0,"{'rz': 50, 'rx': 40, 'rzz': 16, 'sx': 16, 'cz': 11, 'barrier': 4}",20,20,0,ok,,22.0,12.0,ok,,0.95,0.895925331402,19.0,10.0,0.96,0.993898155763,19.0,10.0,0.96,0.993898155763,19.0,10.0,False,False,False,,
two_qutrit,monomial_full,sup012_P210_ph021,True,True,0.0,1.0,60.0,67.2,3.66,133.0,120.15,27.0,24.6,128.0,"{'rz': 50, 'rx': 40, 'rzz': 16, 'sx': 16, 'cz': 11, 'barrier': 4}",20,20,0,ok,,22.0,12.0,ok,,0.91,0.869128998766,19.0,10.0,0.96,0.993898155763,19.0,10.0,0.96,0.993898155763,19.0,10.0,False,False,False,,
two_qutrit,monomial_full,sup012_P210_ph022,True,True,0.0,1.0,59.0,65.75,3.74,128.0,114.8,27.0,24.6,128.0,"{'rz': 48, 'rx': 37, 'rzz': 16, 'sx': 16, 'cz': 11, 'barrier': 4}",20,20,0,ok,,22.0,12.0,ok,,0.95,0.907655561789,19.0,10.0,0.95,0.907655561789,19.0,10.0,0.97,0.993898155763,19.0,10.0,False,False,False,,
two_qutrit,monomial_full,sup012_P210_ph100,True,True,0.0,1.0,59.0,65.75,3.74,129.0,115.85,27.0,24.6,128.0,"{'rz': 49, 'rx': 37, 'rzz': 16, 'sx': 16, 'cz': 11, 'barrier': 4}",20,20,0,ok,,22.0,12.0,ok,,0.91,0.913491357544,18.0,10.0,0.91,0.913491357544,18.0,10.0,0.96,0.993898155763,19.0,10.0,False,False,False,,
two_qutrit,monomial_full,sup012_P210_ph101,True,True,0.0,1.0,59.0,65.4,3.73,128.0,114.9,27.0,24.6,128.0,"{'rz': 48, 'rx': 37, 'rzz': 16, 'sx': 16, 'cz': 11, 'barrier': 4}",20,20,0,ok,,22.0,12.0,ok,,0.91,0.857684840799,19.0,10.0,0.95,0.993898155763,19.0,10.0,0.95,0.993898155763,19.0,10.0,False,False,False,,
two_qutrit,monomial_full,sup012_P210_ph102,True,True,0.0,1.0,60.0,67.2,3.66,133.0,120.15,27.0,24.6,128.0,"{'rz': 50, 'rx': 40, 'rzz': 16, 'sx': 16, 'cz': 11, 'barrier': 4}",20,20,0,ok,,22.0,12.0,ok,,0.95,0.870843542794,19.0,10.0,0.96,0.993898155763,19.0,10.0,0.96,0.993898155763,19.0,10.0,False,False,False,,
two_qutrit,monomial_full,sup012_P210_ph110,True,True,0.0,1.0,59.0,66.55,3.9,131.0,118.15,27.0,24.6,128.0,"{'rz': 48, 'rx': 40, 'rzz': 16, 'sx': 16, 'cz': 11, 'barrier': 4}",20,20,0,ok,,22.0,12.0,ok,,0.96,0.993898155763,19.0,10.0,0.96,0.993898155763,19.0,10.0,0.96,0.993898155763,19.0,10.0,False,False,False,,
two_qutrit,monomial_full,sup012_P210_ph111,True,True,0.0,1.0,59.0,65.75,3.74,129.0,115.85,27.0,24.6,128.0,"{'rz': 49, 'rx': 37, 'rzz': 16, 'sx': 16, 'cz': 11, 'barrier': 4}",20,20,0,ok,,22.0,12.0,ok,,0.93,0.88564107152,19.0,10.0,0.95,0.930225001384,19.0,10.0,0.98,0.993898155763,19.0,10.0,False,False,False,,
two_qutrit,monomial_full,sup012_P210_ph112,True,True,0.0,1.0,60.0,67.2,3.66,133.0,120.15,27.0,24.6,128.0,"{'rz': 50, 'rx': 40, 'rzz': 16, 'sx': 16, 'cz': 11, 'barrier': 4}",20,20,0,ok,,22.0,12.0,ok,,0.91,0.857684840799,19.0,10.0,0.95,0.993898155763,19.0,10.0,0.95,0.993898155763,19.0,10.0,False,False,False,,
two_qutrit,monomial_full,sup012_P210_ph120,True,True,0.0,1.0,59.0,65.75,3.74,129.0,115.85,27.0,24.6,128.0,"{'rz': 49, 'rx': 37, 'rzz': 16, 'sx': 16, 'cz': 11, 'barrier': 4}",20,20,0,ok,,22.0,12.0,ok,,0.91,0.857684840799,19.0,10.0,0.95,0.993898155763,19.0,10.0,0.95,0.993898155763,19.0,10.0,False,False,False,,
two_qutrit,monomial_full,sup012_P210_ph121,True,True,0.0,1.0,59.0,65.75,3.74,128.0,114.8,27.0,24.6,128.0,"{'rz': 48, 'rx': 37, 'rzz': 16, 'sx': 16, 'cz': 11, 'barrier': 4}",20,20,0,ok,,22.0,12.0,ok,,0.95,0.895925331402,18.0,10.0,0.96,0.993898155763,19.0,10.0,0.96,0.993898155763,19.0,10.0,False,False,False,,
two_qutrit,monomial_full,sup012_P210_ph122,True,True,0.0,1.0,60.0,67.2,3.66,133.0,120.15,27.0,24.6,128.0,"{'rz': 50, 'rx': 40, 'rzz': 16, 'sx': 16, 'cz': 11, 'barrier': 4}",20,20,0,ok,,22.0,12.0,ok,,0.91,0.869128998766,19.0,10.0,0.96,0.993898155763,19.0,10.0,0.96,0.993898155763,19.0,10.0,False,False,False,,
two_qutrit,monomial_full,sup012_P210_ph200,True,True,0.0,1.0,59.0,65.4,3.73,128.0,114.9,27.0,24.6,128.0,"{'rz': 48, 'rx': 37, 'rzz': 16, 'sx': 16, 'cz': 11, 'barrier': 4}",20,20,0,ok,,22.0,12.0,ok,,0.95,0.884215501443,18.0,10.0,0.96,0.993898155763,19.0,10.0,0.96,0.993898155763,19.0,10.0,False,False,False,,
two_qutrit,monomial_full,sup012_P210_ph201,True,True,0.0,1.0,60.0,67.2,3.66,133.0,120.15,27.0,24.6,128.0,"{'rz': 50, 'rx': 40, 'rzz': 16, 'sx': 16, 'cz': 11, 'barrier': 4}",20,20,0,ok,,22.0,12.0,ok,,0.91,0.913491357544,19.0,10.0,0.91,0.913491357544,19.0,10.0,0.96,0.993898155763,19.0,10.0,False,False,False,,
two_qutrit,monomial_full,sup012_P210_ph202,True,True,0.0,1.0,60.0,67.2,3.66,133.0,120.15,27.0,24.6,128.0,"{'rz': 50, 'rx': 40, 'rzz': 16, 'sx': 16, 'cz': 11, 'barrier': 4}",20,20,0,ok,,22.0,12.0,ok,,0.95,0.884215501443,19.0,10.0,0.96,0.993898155763,19.0,10.0,0.96,0.993898155763,19.0,10.0,False,False,False,,
two_qutrit,monomial_full,sup012_P210_ph210,True,True,0.0,1.0,60.0,67.2,3.66,133.0,120.15,27.0,24.6,128.0,"{'rz': 50, 'rx': 40, 'rzz': 16, 'sx': 16, 'cz': 11, 'barrier': 4}",20,20,0,ok,,22.0,12.0,ok,,0.91,0.857684840799,19.0,10.0,0.95,0.993898155763,19.0,10.0,0.95,0.993898155763,19.0,10.0,False,False,False,,
two_qutrit,monomial_full,sup012_P210_ph211,True,True,0.0,1.0,60.0,67.2,3.66,133.0,120.15,27.0,24.6,128.0,"{'rz': 50, 'rx': 40, 'rzz': 16, 'sx': 16, 'cz': 11, 'barrier': 4}",20,20,0,ok,,22.0,12.0,ok,,0.95,0.884215501443,19.0,10.0,0.96,0.993898155763,19.0,10.0,0.96,0.993898155763,19.0,10.0,False,False,False,,
two_qutrit,monomial_full,sup012_P210_ph212,True,True,0.0,1.0,59.0,66.55,3.9,131.0,118.15,27.0,24.6,128.0,"{'rz': 48, 'rx': 40, 'rzz': 16, 'sx': 16, 'cz': 11, 'barrier': 4}",20,20,0,ok,,22.0,12.0,ok,,0.91,0.913491357544,18.0,10.0,0.91,0.913491357544,18.0,10.0,0.96,0.993898155763,19.0,10.0,False,False,False,,
two_qutrit,monomial_full,sup012_P210_ph220,True,True,0.0,1.0,59.0,65.75,3.74,128.0,114.8,27.0,24.6,128.0,"{'rz': 48, 'rx': 36, 'sx': 17, 'rzz': 16, 'cz': 11, 'barrier': 4}",20,20,0,ok,,22.0,12.0,ok,,0.91,0.869128998766,18.0,10.0,0.96,0.993898155763,19.0,10.0,0.96,0.993898155763,19.0,10.0,False,False,False,,
two_qutrit,monomial_full,sup012_P210_ph221,True,True,0.0,1.0,59.0,65.75,3.74,129.0,115.85,27.0,24.6,128.0,"{'rz': 49, 'rx': 37, 'rzz': 16, 'sx': 16, 'cz': 11, 'barrier': 4}",20,20,0,ok,,22.0,12.0,ok,,0.95,0.870843542794,18.0,10.0,0.96,0.993898155763,19.0,10.0,0.96,0.993898155763,19.0,10.0,False,False,False,,
two_qutrit,monomial_full,sup012_P210_ph222,True,True,0.0,1.0,60.0,67.2,3.66,133.0,120.15,27.0,24.6,128.0,"{'rz': 50, 'rx': 40, 'rzz': 16, 'sx': 16, 'cz': 11, 'barrier': 4}",20,20,0,ok,,22.0,12.0,ok,,0.95,0.895925331402,19.0,10.0,0.96,0.993898155763,19.0,10.0,0.96,0.993898155763,19.0,10.0,False,False,False,,
two_qutrit,monomial_full,sup013_P012_ph000,True,False,0.0,0.666667,58.0,66.0,4.05,131.0,118.95,27.0,24.6,128.0,"{'rz': 49, 'rx': 39, 'rzz': 16, 'sx': 16, 'cz': 11, 'barrier': 4}",20,20,0,ok,,22.0,12.0,ok,,0.91,0.857684840799,19.0,10.0,0.95,0.993898155763,19.0,10.0,0.95,0.993898155763,19.0,10.0,False,False,False,,
two_qutrit,monomial_full,sup013_P012_ph001,True,False,0.0,0.666667,58.0,65.65,3.95,128.0,114.9,27.0,24.6,128.0,"{'rz': 48, 'rx': 37, 'rzz': 16, 'sx': 16, 'cz': 11, 'barrier': 4}",20,20,0,ok,,21.0,12.0,ok,,0.95,0.884215501443,18.0,10.0,0.96,0.993898155763,18.0,10.0,0.96,0.993898155763,18.0,10.0,False,False,False,,
two_qutrit,monomial_full,sup013_P012_ph002,True,False,0.0,0.666667,60.0,67.65,3.85,134.0,121.3,27.0,24.6,128.0,"{'rz': 51, 'rx': 40, 'rzz': 16, 'sx': 16, 'cz': 11, 'barrier': 4}",20,20,0,ok,,22.0,12.0,ok,,0.91,0.857684840799,19.0,10.0,0.95,0.993898155763,19.0,10.0,0.95,0.993898155763,19.0,10.0,False,False,False,,
two_qutrit,monomial_full,sup013_P012_ph010,True,False,0.0,0.666667,58.0,65.65,3.95,128.0,114.9,27.0,24.6,128.0,"{'rz': 48, 'rx': 37, 'rzz': 16, 'sx': 16, 'cz': 11, 'barrier': 4}",20,20,0,ok,,21.0,12.0,ok,,0.95,0.870843542794,18.0,10.0,0.96,0.993898155763,18.0,10.0,0.96,0.993898155763,18.0,10.0,False,False,False,,
two_qutrit,monomial_full,sup013_P012_ph011,True,False,0.0,0.666667,59.0,66.55,3.8,131.0,118.65,27.0,24.6,128.0,"{'rz': 48, 'rx': 40, 'rzz': 16, 'sx': 16, 'cz': 11, 'barrier': 4}",20,20,0,ok,,22.0,12.0,ok,,0.95,0.915793586295,19.0,10.0,0.95,0.915793586295,19.0,10.0,0.98,0.993898155763,19.0,10.0,False,False,False,,
two_qutrit,monomial_full,sup013_P012_ph012,True,False,0.0,0.666667,60.0,67.3,3.7,133.0,120.25,27.0,24.6,128.0,"{'rz': 50, 'rx': 40, 'rzz': 16, 'sx': 16, 'cz': 11, 'barrier': 4}",20,20,0,ok,,22.0,12.0,ok,,0.95,0.938740437639,19.0,10.0,0.95,0.938740437639,19.0,10.0,0.98,0.993898155763,19.0,10.0,False,False,False,,
two_qutrit,monomial_full,sup013_P012_ph020,True,False,0.0,0.666667,59.0,66.3,3.91,129.0,115.85,27.0,24.6,128.0,"{'rz': 49, 'rx': 37, 'rzz': 16, 'sx': 16, 'cz': 11, 'barrier': 4}",20,20,0,ok,,22.0,12.0,ok,,0.95,0.910774871323,19.0,10.0,0.95,0.910774871323,19.0,10.0,0.98,0.993898155763,19.0,10.0,False,False,False,,
two_qutrit,monomial_full,sup013_P012_ph021,True,False,0.0,0.666667,60.0,67.3,3.7,133.0,120.25,27.0,24.6,128.0,"{'rz': 50, 'rx': 40, 'rzz': 16, 'sx': 16, 'cz': 11, 'barrier': 4}",20,20,0,ok,,22.0,12.0,ok,,0.93,0.913491357544,19.0,10.0,0.93,0.913491357544,19.0,10.0,0.96,0.993898155763,19.0,10.0,False,False,False,,
two_qutrit,monomial_full,sup013_P012_ph022,True,False,0.0,0.666667,57.0,64.55,3.8,126.0,113.6,27.0,24.6,128.0,"{'rz': 47, 'rx': 36, 'rzz': 16, 'sx': 16, 'cz': 11, 'barrier': 4}",20,20,0,ok,,21.0,12.0,ok,,0.95,0.928725221369,18.0,10.0,0.95,0.928725221369,18.0,10.0,0.98,0.993898155763,18.0,10.0,False,False,False,,
two_qutrit,monomial_full,sup013_P012_ph100,True,False,0.0,0.666667,60.0,67.65,3.85,134.0,121.3,27.0,24.6,128.0,"{'rz': 51, 'rx': 40, 'rzz': 16, 'sx': 16, 'cz': 11, 'barrier': 4}",20,20,0,ok,,22.0,12.0,ok,,0.95,0.915793586295,19.0,10.0,0.95,0.915793586295,19.0,10.0,0.98,0.993898155763,19.0,10.0,False,False,False,,
two_qutrit,monomial_full,sup013_P012_ph101,True,False,0.0,0.666667,60.0,67.3,3.7,133.0,120.25,27.0,24.6,128.0,"{'rz': 50, 'rx': 40, 'rzz': 16, 'sx': 16, 'cz': 11, 'barrier': 4}",20,20,0,ok,,22.0,12.0,ok,,0.91,0.906595238952,19.0,10.0,0.91,0.906595238952,19.0,10.0,0.98,0.993898155763,19.0,10.0,False,False,False,,
two_qutrit,monomial_full,sup013_P012_ph102,True,False,0.0,0.666667,59.0,66.1,3.66,130.0,117.7,27.0,24.6,128.0,"{'rz': 47, 'rx': 40, 'rzz': 16, 'sx': 16, 'cz': 11, 'barrier': 4}",20,20,0,ok,,22.0,12.0,ok,,0.95,0.938740437639,19.0,10.0,0.95,0.938740437639,19.0,10.0,0.98,0.993898155763,19.0,10.0,False,False,False,,
two_qutrit,monomial_full,sup013_P012_ph110,True,False,0.0,0.666667,56.0,63.2,3.6,124.0,111.5,27.0,24.6,128.0,"{'rz': 45, 'rx': 36, 'rzz': 16, 'sx': 16, 'cz': 11, 'barrier': 4}",20,20,0,ok,,21.0,12.0,ok,,0.95,0.928725221369,18.0,10.0,0.95,0.928725221369,18.0,10.0,0.98,0.993898155763,18.0,10.0,False,False,False,,
two_qutrit,monomial_full,sup013_P012_ph111,True,False,0.0,0.666667,60.0,67.2,3.6,133.0,120.35,27.0,24.6,128.0,"{'rz': 50, 'rx': 40, 'rzz': 16, 'sx': 16, 'cz': 11, 'barrier': 4}",20,20,0,ok,,22.0,12.0,ok,,0.93,0.857684840799,19.0,10.0,0.95,0.993898155763,19.0,10.0,0.95,0.993898155763,19.0,10.0,False,False,False,,
two_qutrit,monomial_full,sup013_P012_ph112,True,False,0.0,0.666667,60.0,67.65,3.85,134.0,121.3,27.0,24.6,128.0,"{'rz': 51, 'rx': 40, 'rzz': 16, 'sx': 16, 'cz': 11, 'barrier': 4}",20,20,0,ok,,22.0,12.0,ok,,0.95,0.870843542794,19.0,10.0,0.96,0.993898155763,19.0,10.0,0.96,0.993898155763,19.0,10.0,False,False,False,,
two_qutrit,monomial_full,sup013_P012_ph120,True,False,0.0,0.666667,58.0,65.65,3.95,128.0,114.9,27.0,24.6,128.0,"{'rz': 48, 'rx': 37, 'rzz': 16, 'sx': 16, 'cz': 11, 'barrier': 4}",20,20,0,ok,,21.0,12.0,ok,,0.91,0.869128998766,18.0,10.0,0.96,0.993898155763,18.0,10.0,0.96,0.993898155763,18.0,10.0,False,False,False,,
two_qutrit,monomial_full,sup013_P012_ph121,True,False,0.0,0.666667,58.0,65.65,3.95,128.0,115.2,27.0,24.6,128.0,"{'rz': 48, 'rx': 37, 'rzz': 16, 'sx': 16, 'cz': 11, 'barrier': 4}",20,20,0,ok,,22.0,12.0,ok,,0.95,0.895925331402,19.0,10.0,0.96,0.993898155763,19.0,10.0,0.96,0.993898155763,19.0,10.0,False,False,False,,
two_qutrit,monomial_full,sup013_P012_ph122,True,False,0.0,0.666667,59.0,65.95,3.72,128.0,114.8,27.0,24.6,128.0,"{'rz': 48, 'rx': 37, 'rzz': 16, 'sx': 16, 'cz': 11, 'barrier': 4}",20,20,0,ok,,22.0,12.0,ok,,0.95,0.884215501443,19.0,10.0,0.96,0.993898155763,19.0,10.0,0.96,0.993898155763,19.0,10.0,False,False,False,,
two_qutrit,monomial_full,sup013_P012_ph200,True,False,0.0,0.666667,60.0,67.2,3.6,133.0,120.35,27.0,24.6,128.0,"{'rz': 50, 'rx': 40, 'rzz': 16, 'sx': 16, 'cz': 11, 'barrier': 4}",20,20,0,ok,,22.0,12.0,ok,,0.93,0.913491357544,19.0,10.0,0.93,0.913491357544,19.0,10.0,0.96,0.993898155763,19.0,10.0,False,False,False,,
two_qutrit,monomial_full,sup013_P012_ph201,True,False,0.0,0.666667,59.0,66.55,3.8,131.0,118.65,27.0,24.6,128.0,"{'rz': 48, 'rx': 40, 'rzz': 16, 'sx': 16, 'cz': 11, 'barrier': 4}",20,20,0,ok,,22.0,12.0,ok,,0.95,0.884215501443,19.0,10.0,0.96,0.993898155763,19.0,10.0,0.96,0.993898155763,19.0,10.0,False,False,False,,
two_qutrit,monomial_full,sup013_P012_ph202,True,False,0.0,0.666667,59.0,65.95,3.72,128.0,114.8,27.0,24.6,128.0,"{'rz': 48, 'rx': 37, 'rzz': 16, 'sx': 16, 'cz': 11, 'barrier': 4}",20,20,0,ok,,22.0,12.0,ok,,0.95,0.910774871323,19.0,10.0,0.95,0.910774871323,19.0,10.0,0.98,0.993898155763,19.0,10.0,False,False,False,,
two_qutrit,monomial_full,sup013_P012_ph210,True,False,0.0,0.666667,60.0,67.65,3.85,134.0,121.3,27.0,24.6,128.0,"{'rz': 51, 'rx': 40, 'rzz': 16, 'sx': 16, 'cz': 11, 'barrier': 4}",20,20,0,ok,,22.0,12.0,ok,,0.95,0.895925331402,19.0,10.0,0.96,0.993898155763,19.0,10.0,0.96,0.993898155763,19.0,10.0,False,False,False,,
two_qutrit,monomial_full,sup013_P012_ph211,True,False,0.0,0.666667,60.0,67.3,3.7,133.0,120.25,27.0,24.6,128.0,"{'rz': 50, 'rx': 40, 'rzz': 16, 'sx': 16, 'cz': 11, 'barrier': 4}",20,20,0,ok,,22.0,12.0,ok,,0.91,0.857684840799,19.0,10.0,0.95,0.993898155763,19.0,10.0,0.95,0.993898155763,19.0,10.0,False,False,False,,
two_qutrit,monomial_full,sup013_P012_ph212,True,False,0.0,0.666667,59.0,65.65,3.58,129.0,117.05,27.0,24.6,128.0,"{'rz': 47, 'rx': 39, 'rzz': 16, 'sx': 16, 'cz': 11, 'barrier': 4}",20,20,0,ok,,22.0,12.0,ok,,0.91,0.857684840799,19.0,10.0,0.95,0.993898155763,19.0,10.0,0.95,0.993898155763,19.0,10.0,False,False,False,,
two_qutrit,monomial_full,sup013_P012_ph220,True,False,0.0,0.666667,56.0,63.2,3.6,124.0,111.5,27.0,24.6,128.0,"{'rz': 45, 'rx': 36, 'rzz': 16, 'sx': 16, 'cz': 11, 'barrier': 4}",20,20,0,ok,,21.0,12.0,ok,,0.95,0.870843542794,18.0,10.0,0.96,0.993898155763,18.0,10.0,0.96,0.993898155763,18.0,10.0,False,False,False,,
two_qutrit,monomial_full,sup013_P012_ph221,True,False,0.0,0.666667,60.0,67.2,3.6,133.0,120.35,27.0,24.6,128.0,"{'rz': 50, 'rx': 40, 'rzz': 16, 'sx': 16, 'cz': 11, 'barrier': 4}",20,20,0,ok,,22.0,12.0,ok,,0.95,0.938740437639,19.0,10.0,0.95,0.938740437639,19.0,10.0,0.98,0.993898155763,19.0,10.0,False,False,False,,
two_qutrit,monomial_full,sup013_P012_ph222,True,False,0.0,0.666667,59.0,66.3,3.91,129.0,115.85,27.0,24.6,128.0,"{'rz': 49, 'rx': 37, 'rzz': 16, 'sx': 16, 'cz': 11, 'barrier': 4}",20,20,0,ok,,22.0,12.0,ok,,0.95,0.870843542794,19.0,10.0,0.96,0.993898155763,19.0,10.0,0.96,0.993898155763,19.0,10.0,False,False,False,,
two_qutrit,monomial_full,sup013_P021_ph000,True,False,0.0,0.666667,65.0,72.7,3.93,142.0,129.85,29.0,26.6,128.0,"{'rz': 54, 'rx': 43, 'rzz': 20, 'sx': 16, 'cz': 9, 'barrier': 4}",20,20,0,ok,,26.0,14.0,ok,,0.91,0.857684840799,23.0,12.0,0.95,0.993898155763,23.0,12.0,0.95,0.993898155763,23.0,12.0,False,False,False,,
two_qutrit,monomial_full,sup013_P021_ph001,True,False,0.0,0.666667,68.0,75.6,3.95,146.0,133.85,29.0,26.6,128.0,"{'rz': 57, 'rx': 44, 'rzz': 20, 'sx': 16, 'cz': 9, 'barrier': 4}",20,20,0,ok,,27.0,14.0,ok,,0.95,0.911066028298,24.0,12.0,0.95,0.911066028298,24.0,12.0,0.96,0.976996113454,24.0,12.0,False,False,False,,
two_qutrit,monomial_full,sup013_P021_ph002,True,False,0.0,0.666667,67.0,73.95,3.72,144.0,131.7,29.0,26.6,128.0,"{'rz': 56, 'rx': 43, 'rzz': 20, 'sx': 16, 'cz': 9, 'barrier': 4}",20,20,0,ok,,26.0,14.0,ok,,0.91,0.857684840799,23.0,12.0,0.95,0.993898155763,23.0,12.0,0.95,0.993898155763,23.0,12.0,False,False,False,,
two_qutrit,monomial_full,sup013_P021_ph010,True,False,0.0,0.666667,68.0,75.65,3.95,147.0,134.65,29.0,26.6,128.0,"{'rz': 58, 'rx': 44, 'rzz': 20, 'sx': 16, 'cz': 9, 'barrier': 4}",20,20,0,ok,,27.0,14.0,ok,,0.95,0.973331170026,24.0,12.0,0.95,0.973331170026,24.0,12.0,0.95,0.973331170026,24.0,12.0,False,False,False,,
two_qutrit,monomial_full,sup013_P021_ph011,True,False,0.0,0.666667,68.0,75.25,3.75,146.0,133.6,29.0,26.6,128.0,"{'rz': 57, 'rx': 44, 'rzz': 20, 'sx': 16, 'cz': 9, 'barrier': 4}",20,20,0,ok,,27.0,14.0,ok,,0.91,0.857684840799,24.0,12.0,0.95,0.993898155763,24.0,12.0,0.95,0.993898155763,24.0,12.0,False,False,False,,
two_qutrit,monomial_full,sup013_P021_ph012,True,False,0.0,0.666667,68.0,74.45,3.29,145.0,133.15,29.0,26.6,128.0,"{'rz': 56, 'rx': 44, 'rzz': 20, 'sx': 16, 'cz': 9, 'barrier': 4}",20,20,0,ok,,27.0,14.0,ok,,0.95,0.984594708169,24.0,12.0,0.95,0.984594708169,24.0,12.0,0.95,0.984594708169,24.0,12.0,False,False,False,,
two_qutrit,monomial_full,sup013_P021_ph020,True,False,0.0,0.666667,68.0,75.3,3.85,147.0,134.3,29.0,26.6,128.0,"{'rz': 58, 'rx': 44, 'rzz': 20, 'sx': 16, 'cz': 9, 'barrier': 4}",20,20,0,ok,,27.0,14.0,ok,,0.91,0.91272017357,24.0,12.0,0.91,0.91272017357,24.0,12.0,0.96,0.978708102492,24.0,12.0,False,False,False,,
two_qutrit,monomial_full,sup013_P021_ph021,True,False,0.0,0.666667,67.0,74.35,3.72,143.0,131.95,29.0,26.6,128.0,"{'rz': 54, 'rx': 44, 'rzz': 20, 'sx': 16, 'cz': 9, 'barrier': 4}",20,20,0,ok,,26.0,14.0,ok,,0.91,0.870259643008,23.0,12.0,0.95,0.976996113454,23.0,12.0,0.95,0.976996113454,23.0,12.0,False,False,False,,
two_qutrit,monomial_full,sup013_P021_ph022,True,False,0.0,0.666667,68.0,75.65,3.95,147.0,134.75,29.0,26.6,128.0,"{'rz': 58, 'rx': 44, 'rzz': 20, 'sx': 16, 'cz': 9, 'barrier': 4}",20,20,0,ok,,27.0,14.0,ok,,0.91,0.869565746897,24.0,12.0,0.95,0.980777537368,24.0,12.0,0.95,0.980777537368,24.0,12.0,False,False,False,,
two_qutrit,monomial_full,sup013_P021_ph100,True,False,0.0,0.666667,68.0,75.65,3.95,147.0,134.75,29.0,26.6,128.0,"{'rz': 58, 'rx': 44, 'rzz': 20, 'sx': 16, 'cz': 9, 'barrier': 4}",20,20,0,ok,,27.0,14.0,ok,,0.91,0.881382165928,23.0,12.0,0.96,0.980777537368,24.0,12.0,0.96,0.980777537368,24.0,12.0,False,False,False,,
two_qutrit,monomial_full,sup013_P021_ph101,True,False,0.0,0.666667,68.0,75.2,3.82,146.0,134.0,29.0,26.6,128.0,"{'rz': 57, 'rx': 44, 'rzz': 20, 'sx': 16, 'cz': 9, 'barrier': 4}",20,20,0,ok,,27.0,14.0,ok,,0.91,0.857684840799,24.0,12.0,0.95,0.993898155763,24.0,12.0,0.95,0.993898155763,24.0,12.0,False,False,False,,
two_qutrit,monomial_full,sup013_P021_ph102,True,False,0.0,0.666667,68.0,74.45,3.29,143.0,131.75,29.0,26.6,128.0,"{'rz': 54, 'rx': 44, 'rzz': 20, 'sx': 16, 'cz': 9, 'barrier': 4}",20,20,0,ok,,27.0,14.0,ok,,0.91,0.869128998766,23.0,12.0,0.96,0.993898155763,24.0,12.0,0.96,0.993898155763,24.0,12.0,False,False,False,,
two_qutrit,monomial_full,sup013_P021_ph110,True,False,0.0,0.666667,68.0,75.65,3.95,147.0,134.75,29.0,26.6,128.0,"{'rz': 58, 'rx': 44, 'rzz': 20, 'sx': 16, 'cz': 9, 'barrier': 4}",20,20,0,ok,,27.0,14.0,ok,,0.95,0.856369338219,23.0,12.0,0.96,0.924780474087,23.0,12.0,0.98,0.980777537368,24.0,12.0,False,False,False,,
two_qutrit,monomial_full,sup013_P021_ph111,True,False,0.0,0.666667,68.0,74.25,3.24,143.0,131.9,29.0,26.6,128.0,"{'rz': 55, 'rx': 43, 'rzz': 20, 'sx': 16, 'cz': 9, 'barrier': 4}",20,20,0,ok,,27.0,14.0,ok,,0.91,0.857684840799,24.0,12.0,0.95,0.993898155763,24.0,12.0,0.95,0.993898155763,24.0,12.0,False,False,False,,
two_qutrit,monomial_full,sup013_P021_ph112,True,False,0.0,0.666667,68.0,75.65,3.95,147.0,134.35,29.0,26.6,128.0,"{'rz': 58, 'rx': 44, 'rzz': 20, 'sx': 16, 'cz': 9, 'barrier': 4}",20,20,0,ok,,27.0,14.0,ok,,0.95,0.884215501443,23.0,12.0,0.96,0.993898155763,24.0,12.0,0.96,0.993898155763,24.0,12.0,False,False,False,,
two_qutrit,monomial_full,sup013_P021_ph120,True,False,0.0,0.666667,68.0,74.6,3.34,143.0,132.25,29.0,26.6,128.0,"{'rz': 55, 'rx': 43, 'rzz': 20, 'sx': 16, 'cz': 9, 'barrier': 4}",20,20,0,ok,,27.0,14.0,ok,,0.91,0.857684840799,24.0,12.0,0.95,0.993898155763,24.0,12.0,0.95,0.993898155763,24.0,12.0,False,False,False,,
two_qutrit,monomial_full,sup013_P021_ph121,True,False,0.0,0.666667,68.0,75.3,3.76,146.0,133.7,29.0,26.6,128.0,"{'rz': 57, 'rx': 44, 'rzz': 20, 'sx': 16, 'cz': 9, 'barrier': 4}",20,20,0,ok,,27.0,14.0,ok,,0.91,0.857684840799,24.0,12.0,0.95,0.993898155763,24.0,12.0,0.95,0.993898155763,24.0,12.0,False,False,False,,
two_qutrit,monomial_full,sup013_P021_ph122,True,False,0.0,0.666667,68.0,75.65,3.95,146.0,133.8,29.0,26.6,128.0,"{'rz': 57, 'rx': 44, 'rzz': 20, 'sx': 16, 'cz': 9, 'barrier': 4}",20,20,0,ok,,27.0,14.0,ok,,0.91,0.854539500002,23.0,12.0,0.97,0.993898155763,24.0,12.0,0.97,0.993898155763,24.0,12.0,False,False,False,,
two_qutrit,monomial_full,sup013_P021_ph200,True,False,0.0,0.666667,68.0,75.65,3.95,147.0,134.3,29.0,26.6,128.0,"{'rz': 58, 'rx': 44, 'rzz': 20, 'sx': 16, 'cz': 9, 'barrier': 4}",20,20,0,ok,,27.0,14.0,ok,,0.91,0.857684840799,24.0,12.0,0.95,0.993898155763,24.0,12.0,0.95,0.993898155763,24.0,12.0,False,False,False,,
two_qutrit,monomial_full,sup013_P021_ph201,True,False,0.0,0.666667,68.0,74.9,3.51,143.0,132.35,29.0,26.6,128.0,"{'rz': 55, 'rx': 43, 'rzz': 20, 'sx': 16, 'cz': 9, 'barrier': 4}",20,20,0,ok,,27.0,14.0,ok,,0.91,0.857684840799,22.0,12.0,0.95,0.993898155763,22.0,12.0,0.95,0.993898155763,22.0,12.0,False,False,False,,
two_qutrit,monomial_full,sup013_P021_ph202,True,False,0.0,0.666667,68.0,75.65,3.95,147.0,134.65,29.0,26.6,128.0,"{'rz': 58, 'rx': 44, 'rzz': 20, 'sx': 16, 'cz': 9, 'barrier': 4}",20,20,0,ok,,27.0,14.0,ok,,0.91,0.850428399072,24.0,12.0,0.95,0.978708102492,24.0,12.0,0.95,0.978708102492,24.0,12.0,False,False,False,,
two_qutrit,monomial_full,sup013_P021_ph210,True,False,0.0,0.666667,68.0,75.05,3.57,145.0,133.6,29.0,26.6,128.0,"{'rz': 57, 'rx': 43, 'rzz': 20, 'sx': 16, 'cz': 9, 'barrier': 4}",20,20,0,ok,,27.0,14.0,ok,,0.91,0.857684840799,24.0,12.0,0.95,0.993898155763,24.0,12.0,0.95,0.993898155763,24.0,12.0,False,False,False,,
two_qutrit,monomial_full,sup013_P021_ph211,True,False,0.0,0.666667,67.0,75.0,4.05,146.0,133.8,29.0,26.6,128.0,"{'rz': 57, 'rx': 44, 'rzz': 20, 'sx': 16, 'cz': 9, 'barrier': 4}",20,20,0,ok,,26.0,14.0,ok,,0.95,0.895925331402,23.0,12.0,0.96,0.993898155763,23.0,12.0,0.96,0.993898155763,23.0,12.0,False,False,False,,
two_qutrit,monomial_full,sup013_P021_ph212,True,False,0.0,0.666667,68.0,75.3,3.76,146.0,133.7,29.0,26.6,128.0,"{'rz': 57, 'rx': 44, 'rzz': 20, 'sx': 16, 'cz': 9, 'barrier': 4}",20,20,0,ok,,27.0,14.0,ok,,0.91,0.91272017357,24.0,12.0,0.91,0.91272017357,24.0,12.0,0.96,0.978708102492,24.0,12.0,False,False,False,,
two_qutrit,monomial_full,sup013_P021_ph220,True,False,0.0,0.666667,68.0,75.65,3.95,147.0,134.3,29.0,26.6,128.0,"{'rz': 58, 'rx': 44, 'rzz': 20, 'sx': 16, 'cz': 9, 'barrier': 4}",20,20,0,ok,,27.0,14.0,ok,,0.95,0.911066028298,24.0,12.0,0.95,0.911066028298,24.0,12.0,0.96,0.976996113454,24.0,12.0,False,False,False,,
two_qutrit,monomial_full,sup013_P021_ph221,True,False,0.0,0.666667,68.0,75.65,3.95,147.0,134.75,29.0,26.6,128.0,"{'rz': 58, 'rx': 44, 'rzz': 20, 'sx': 16, 'cz': 9, 'barrier': 4}",20,20,0,ok,,27.0,14.0,ok,,0.91,0.857684840799,24.0,12.0,0.95,0.993898155763,24.0,12.0,0.95,0.993898155763,24.0,12.0,False,False,False,,
two_qutrit,monomial_full,sup013_P021_ph222,True,False,0.0,0.666667,68.0,74.25,3.24,145.0,132.6,29.0,26.6,128.0,"{'rz': 56, 'rx': 44, 'rzz': 20, 'sx': 16, 'cz': 9, 'barrier': 4}",20,20,0,ok,,27.0,14.0,ok,,0.91,0.857684840799,24.0,12.0,0.95,0.993898155763,24.0,12.0,0.95,0.993898155763,24.0,12.0,False,False,False,,
two_qutrit,monomial_full,sup013_P102_ph000,True,False,0.0,0.666667,59.0,66.65,3.85,131.0,118.25,27.0,24.6,128.0,"{'rz': 49, 'rx': 39, 'rzz': 16, 'sx': 16, 'cz': 11, 'barrier': 4}",20,20,0,ok,,22.0,12.0,ok,,0.91,0.862754329196,19.0,10.0,0.95,0.981444464489,19.0,10.0,0.95,0.981444464489,19.0,10.0,False,False,False,,
two_qutrit,monomial_full,sup013_P102_ph001,True,False,0.0,0.666667,58.0,65.75,3.95,129.0,116.9,27.0,24.6,128.0,"{'rz': 50, 'rx': 36, 'rzz': 18, 'sx': 16, 'cz': 9, 'barrier': 4}",20,20,0,ok,,21.0,12.0,ok,,0.95,0.993898155763,18.0,10.0,0.95,0.993898155763,18.0,10.0,0.95,0.993898155763,18.0,10.0,False,False,False,,
two_qutrit,monomial_full,sup013_P102_ph002,True,False,0.0,0.666667,58.0,66.45,4.25,130.0,118.2,27.0,24.6,128.0,"{'rz': 50, 'rx': 37, 'rzz': 18, 'sx': 16, 'cz': 9, 'barrier': 4}",20,20,0,ok,,21.0,12.0,ok,,0.96,0.884215501443,18.0,10.0,0.99,0.98206884537,18.0,10.0,0.99,0.98206884537,18.0,10.0,False,False,False,,
two_qutrit,monomial_full,sup013_P102_ph010,True,False,0.0,0.666667,58.0,65.5,3.8,129.0,117.25,27.0,24.6,128.0,"{'rz': 50, 'rx': 36, 'rzz': 18, 'sx': 16, 'cz': 9, 'barrier': 4}",20,20,0,ok,,21.0,12.0,ok,,0.95,0.895925331402,18.0,10.0,0.96,0.993898155763,18.0,10.0,0.96,0.993898155763,18.0,10.0,False,False,False,,
two_qutrit,monomial_full,sup013_P102_ph011,True,False,0.0,0.666667,57.0,65.9,4.48,128.0,116.85,27.0,24.6,128.0,"{'rz': 50, 'rx': 35, 'rzz': 18, 'sx': 16, 'cz': 9, 'barrier': 4}",20,20,0,ok,,21.0,12.0,ok,,0.95,0.884215501443,18.0,10.0,0.96,0.993898155763,18.0,10.0,0.96,0.993898155763,18.0,10.0,False,False,False,,
two_qutrit,monomial_full,sup013_P102_ph012,True,False,0.0,0.666667,59.0,66.65,3.85,131.0,118.25,27.0,24.6,128.0,"{'rz': 49, 'rx': 39, 'rzz': 16, 'sx': 16, 'cz': 11, 'barrier': 4}",20,20,0,ok,,22.0,12.0,ok,,0.95,0.922389218021,19.0,10.0,0.95,0.922389218021,19.0,10.0,0.98,0.993898155763,19.0,10.0,False,False,False,,
two_qutrit,monomial_full,sup013_P102_ph020,True,False,0.0,0.666667,59.0,66.25,3.63,132.0,117.65,27.0,24.6,128.0,"{'rz': 50, 'rx': 39, 'rzz': 18, 'sx': 16, 'cz': 9, 'barrier': 4}",20,20,0,ok,,22.0,12.0,ok,,0.91,0.913491357544,16.0,8.0,0.91,0.913491357544,16.0,8.0,0.96,0.993898155763,19.0,10.0,False,False,False,,
two_qutrit,monomial_full,sup013_P102_ph021,True,False,0.0,0.666667,58.0,65.2,3.82,129.0,116.65,27.0,24.6,128.0,"{'rz': 48, 'rx': 38, 'rzz': 16, 'sx': 16, 'cz': 11, 'barrier': 4}",20,20,0,ok,,22.0,12.0,ok,,0.91,0.857684840799,19.0,10.0,0.95,0.993898155763,19.0,10.0,0.95,0.993898155763,19.0,10.0,False,False,False,,
two_qutrit,monomial_full,sup013_P102_ph022,True,False,0.0,0.666667,58.0,64.95,3.56,127.0,114.35,27.0,24.6,128.0,"{'rz': 48, 'rx': 36, 'rzz': 18, 'sx': 16, 'cz': 9, 'barrier': 4}",20,20,0,ok,,21.0,12.0,ok,,0.95,0.884215501443,17.0,10.0,0.99,0.993898155763,18.0,10.0,0.99,0.993898155763,18.0,10.0,False,False,False,,
two_qutrit,monomial_full,sup013_P102_ph100,True,False,0.0,0.666667,59.0,66.2,3.64,132.0,118.05,27.0,24.6,128.0,"{'rz': 50, 'rx': 39, 'rzz': 18, 'sx': 16, 'cz': 9, 'barrier': 4}",20,20,0,ok,,22.0,12.0,ok,,0.95,0.884215501443,19.0,10.0,0.96,0.993898155763,19.0,10.0,0.96,0.993898155763,19.0,10.0,False,False,False,,
two_qutrit,monomial_full,sup013_P102_ph101,True,False,0.0,0.666667,56.0,63.4,3.72,124.0,111.2,27.0,24.6,128.0,"{'rz': 46, 'rx': 35, 'rzz': 16, 'sx': 16, 'cz': 11, 'barrier': 4}",20,20,0,ok,,20.0,12.0,ok,,0.91,0.857684840799,17.0,10.0,0.95,0.993898155763,17.0,10.0,0.95,0.993898155763,17.0,10.0,False,False,False,,
two_qutrit,monomial_full,sup013_P102_ph102,True,False,0.0,0.666667,58.0,65.7,3.87,129.0,115.9,27.0,24.6,128.0,"{'rz': 48, 'rx': 38, 'rzz': 18, 'sx': 16, 'cz': 9, 'barrier': 4}",20,20,0,ok,,22.0,12.0,ok,,0.95,0.895925331402,18.0,10.0,0.96,0.993898155763,19.0,10.0,0.96,0.993898155763,19.0,10.0,False,False,False,,
two_qutrit,monomial_full,sup013_P102_ph110,True,False,0.0,0.666667,55.0,62.3,3.76,123.0,109.55,27.0,24.6,128.0,"{'rz': 44, 'rx': 36, 'rzz': 16, 'sx': 16, 'cz': 11, 'barrier': 4}",20,20,0,ok,,20.0,12.0,ok,,0.91,0.857684840799,17.0,10.0,0.95,0.993898155763,17.0,10.0,0.95,0.993898155763,17.0,10.0,False,False,False,,
two_qutrit,monomial_full,sup013_P102_ph111,True,False,0.0,0.666667,58.0,66.25,4.17,129.0,117.1,27.0,24.6,128.0,"{'rz': 50, 'rx': 36, 'rzz': 18, 'sx': 16, 'cz': 9, 'barrier': 4}",20,20,0,ok,,21.0,12.0,ok,,0.95,0.993898155763,17.0,10.0,0.95,0.993898155763,17.0,10.0,0.95,0.993898155763,17.0,10.0,False,False,False,,
two_qutrit,monomial_full,sup013_P102_ph112,True,False,0.0,0.666667,58.0,65.95,4.04,130.0,117.4,27.0,24.6,128.0,"{'rz': 50, 'rx': 37, 'rzz': 18, 'sx': 16, 'cz': 9, 'barrier': 4}",20,20,0,ok,,21.0,12.0,ok,,0.95,0.870843542794,18.0,10.0,0.96,0.993898155763,18.0,10.0,0.96,0.993898155763,18.0,10.0,False,False,False,,
two_qutrit,monomial_full,sup013_P102_ph120,True,False,0.0,0.666667,59.0,65.8,3.47,131.0,117.45,27.0,24.6,128.0,"{'rz': 50, 'rx': 38, 'rzz': 18, 'sx': 16, 'cz': 9, 'barrier': 4}",20,20,0,ok,,22.0,12.0,ok,,0.95,0.884215501443,19.0,10.0,0.96,0.993898155763,19.0,10.0,0.96,0.993898155763,19.0,10.0,False,False,False,,
two_qutrit,monomial_full,sup013_P102_ph121,True,False,0.0,0.666667,58.0,66.0,4.07,128.0,115.95,27.0,24.6,128.0,"{'rz': 48, 'rx': 37, 'rzz': 18, 'sx': 16, 'cz': 9, 'barrier': 4}",20,20,0,ok,,22.0,12.0,ok,,0.95,0.917719113993,19.0,10.0,0.95,0.917719113993,19.0,10.0,0.97,0.993898155763,19.0,10.0,False,False,False,,
two_qutrit,monomial_full,sup013_P102_ph122,True,False,0.0,0.666667,55.0,62.75,3.9,123.0,110.45,27.0,24.6,128.0,"{'rz': 45, 'rx': 35, 'rzz': 16, 'sx': 16, 'cz': 11, 'barrier': 4}",20,20,0,ok,,20.0,12.0,ok,,0.91,0.857684840799,17.0,10.0,0.95,0.993898155763,17.0,10.0,0.95,0.993898155763,17.0,10.0,False,False,False,,
two_qutrit,monomial_full,sup013_P102_ph200,True,False,0.0,0.666667,59.0,65.85,3.45,131.0,118.3,27.0,24.6,128.0,"{'rz': 50, 'rx': 38, 'rzz': 18, 'sx': 16, 'cz': 9, 'barrier': 4}",20,20,0,ok,,22.0,12.0,ok,,0.95,0.884215501443,19.0,10.0,0.96,0.993898155763,19.0,10.0,0.96,0.993898155763,19.0,10.0,False,False,False,,
two_qutrit,monomial_full,sup013_P102_ph201,True,False,0.0,0.666667,58.0,65.55,3.8,130.0,116.55,27.0,24.6,128.0,"{'rz': 50, 'rx': 37, 'rzz': 18, 'sx': 16, 'cz': 9, 'barrier': 4}",20,20,0,ok,,21.0,12.0,ok,,0.91,0.913491357544,16.0,8.0,0.91,0.913491357544,16.0,8.0,0.96,0.993898155763,18.0,10.0,False,False,False,,
two_qutrit,monomial_full,sup013_P102_ph202,True,False,0.0,0.666667,57.0,63.95,3.72,125.0,111.55,27.0,24.6,128.0,"{'rz': 46, 'rx': 36, 'rzz': 16, 'sx': 16, 'cz': 11, 'barrier': 4}",20,20,0,ok,,21.0,12.0,ok,,0.91,0.857684840799,18.0,10.0,0.95,0.993898155763,18.0,10.0,0.95,0.993898155763,18.0,10.0,False,False,False,,
two_qutrit,monomial_full,sup013_P102_ph210,True,False,0.0,0.666667,57.0,66.1,4.59,128.0,117.35,27.0,24.6,128.0,"{'rz': 50, 'rx': 35, 'rzz': 18, 'sx': 16, 'cz': 9, 'barrier': 4}",20,20,0,ok,,21.0,12.0,ok,,0.95,0.870843542794,18.0,10.0,0.96,0.993898155763,18.0,10.0,0.96,0.993898155763,18.0,10.0,False,False,False,,
two_qutrit,monomial_full,sup013_P102_ph211,True,False,0.0,0.666667,55.0,62.75,3.9,123.0,110.45,27.0,24.6,128.0,"{'rz': 45, 'rx': 35, 'rzz': 16, 'sx': 16, 'cz': 11, 'barrier': 4}",20,20,0,ok,,20.0,12.0,ok,,0.91,0.857529743104,17.0,10.0,0.95,0.993898155763,17.0,10.0,0.95,0.993898155763,17.0,10.0,False,False,False,,
two_qutrit,monomial_full,sup013_P102_ph212,True,False,0.0,0.666667,58.0,65.3,3.72,127.0,114.9,27.0,24.6,128.0,"{'rz': 48, 'rx': 36, 'rzz': 18, 'sx': 16, 'cz': 9, 'barrier': 4}",20,20,0,ok,,21.0,12.0,ok,,0.95,0.884215501443,17.0,10.0,0.96,0.993898155763,18.0,10.0,0.96,0.993898155763,18.0,10.0,False,False,False,,
two_qutrit,monomial_full,sup013_P102_ph220,True,False,0.0,0.666667,55.0,62.65,3.85,123.0,110.15,27.0,24.6,128.0,"{'rz': 45, 'rx': 35, 'rzz': 16, 'sx': 16, 'cz': 11, 'barrier': 4}",20,20,0,ok,,20.0,12.0,ok,,0.91,0.857684840799,17.0,10.0,0.95,0.993898155763,17.0,10.0,0.95,0.993898155763,17.0,10.0,False,False,False,,
two_qutrit,monomial_full,sup013_P102_ph221,True,False,0.0,0.666667,58.0,65.8,3.97,129.0,117.55,27.0,24.6,128.0,"{'rz': 50, 'rx': 36, 'rzz': 18, 'sx': 16, 'cz': 9, 'barrier': 4}",20,20,0,ok,,21.0,12.0,ok,,0.95,0.884215501443,17.0,10.0,0.98,0.990429910132,18.0,10.0,0.98,0.990429910132,18.0,10.0,False,False,False,,
two_qutrit,monomial_full,sup013_P102_ph222,True,False,0.0,0.666667,58.0,65.85,3.98,130.0,116.6,27.0,24.6,128.0,"{'rz': 50, 'rx': 37, 'rzz': 18, 'sx': 16, 'cz': 9, 'barrier': 4}",20,20,0,ok,,22.0,12.0,ok,,0.95,0.993898155763,19.0,10.0,0.95,0.993898155763,19.0,10.0,0.95,0.993898155763,19.0,10.0,False,False,False,,
two_qutrit,monomial_full,sup013_P120_ph000,True,False,0.0,0.666667,57.0,63.6,3.32,125.0,113.35,27.0,24.6,128.0,"{'rz': 45, 'rx': 37, 'rzz': 16, 'sx': 16, 'cz': 11, 'barrier': 4}",20,20,0,ok,,21.0,12.0,ok,,0.95,0.884215501443,18.0,10.0,0.96,0.993898155763,18.0,10.0,0.96,0.993898155763,18.0,10.0,False,False,False,,
two_qutrit,monomial_full,sup013_P120_ph001,True,False,0.0,0.666667,58.0,64.25,3.21,126.0,114.1,27.0,24.6,128.0,"{'rz': 46, 'rx': 37, 'rzz': 16, 'sx': 16, 'cz': 11, 'barrier': 4}",20,20,0,ok,,21.0,12.0,ok,,0.91,0.853246568605,18.0,10.0,0.95,0.993898155763,18.0,10.0,0.95,0.993898155763,18.0,10.0,False,False,False,,
two_qutrit,monomial_full,sup013_P120_ph002,True,False,0.0,0.666667,58.0,65.3,3.7,129.0,116.25,27.0,24.6,128.0,"{'rz': 47, 'rx': 39, 'rzz': 16, 'sx': 16, 'cz': 11, 'barrier': 4}",20,20,0,ok,,21.0,12.0,ok,,0.93,0.881040135304,18.0,10.0,0.95,0.980602023205,18.0,10.0,0.95,0.980602023205,18.0,10.0,False,False,False,,
two_qutrit,monomial_full,sup013_P120_ph010,True,False,0.0,0.666667,60.0,67.2,3.66,132.0,118.8,27.0,24.6,128.0,"{'rz': 50, 'rx': 39, 'rzz': 16, 'sx': 16, 'cz': 11, 'barrier': 4}",20,20,0,ok,,22.0,12.0,ok,,0.91,0.869128998766,19.0,10.0,0.95,0.98394369182,19.0,10.0,0.95,0.98394369182,19.0,10.0,False,False,False,,
two_qutrit,monomial_full,sup013_P120_ph011,True,False,0.0,0.666667,58.0,65.2,3.82,129.0,115.95,27.0,24.6,128.0,"{'rz': 48, 'rx': 38, 'rzz': 16, 'sx': 16, 'cz': 11, 'barrier': 4}",20,20,0,ok,,21.0,12.0,ok,,0.91,0.857684840799,18.0,10.0,0.95,0.993898155763,18.0,10.0,0.95,0.993898155763,18.0,10.0,False,False,False,,
two_qutrit,monomial_full,sup013_P120_ph012,True,False,0.0,0.666667,60.0,67.2,3.66,132.0,118.8,27.0,24.6,128.0,"{'rz': 50, 'rx': 39, 'rzz': 16, 'sx': 16, 'cz': 11, 'barrier': 4}",20,20,0,ok,,22.0,12.0,ok,,0.93,0.857684840799,19.0,10.0,0.95,0.993898155763,19.0,10.0,0.95,0.993898155763,19.0,10.0,False,False,False,,
two_qutrit,monomial_full,sup013_P120_ph020,True,False,0.0,0.666667,59.0,65.75,3.74,130.0,117.2,27.0,24.6,128.0,"{'rz': 49, 'rx': 38, 'rzz': 16, 'sx': 16, 'cz': 11, 'barrier': 4}",20,20,0,ok,,22.0,12.0,ok,,0.91,0.857684840799,19.0,10.0,0.95,0.993898155763,19.0,10.0,0.95,0.993898155763,19.0,10.0,False,False,False,,
two_qutrit,monomial_full,sup013_P120_ph021,True,False,0.0,0.666667,59.0,66.65,3.85,131.0,117.55,27.0,24.6,128.0,"{'rz': 49, 'rx': 39, 'rzz': 16, 'sx': 16, 'cz': 11, 'barrier': 4}",20,20,0,ok,,22.0,12.0,ok,,0.91,0.857684840799,19.0,10.0,0.95,0.993898155763,19.0,10.0,0.95,0.993898155763,19.0,10.0,False,False,False,,
two_qutrit,monomial_full,sup013_P120_ph022,True,False,0.0,0.666667,59.0,65.75,3.74,130.0,117.2,27.0,24.6,128.0,"{'rz': 49, 'rx': 38, 'rzz': 16, 'sx': 16, 'cz': 11, 'barrier': 4}",20,20,0,ok,,22.0,12.0,ok,,0.91,0.853246568605,19.0,10.0,0.95,0.993898155763,19.0,10.0,0.95,0.993898155763,19.0,10.0,False,False,False,,
two_qutrit,monomial_full,sup013_P120_ph100,True,False,0.0,0.666667,58.0,65.2,3.82,129.0,115.95,27.0,24.6,128.0,"{'rz': 48, 'rx': 38, 'rzz': 16, 'sx': 16, 'cz': 11, 'barrier': 4}",20,20,0,ok,,21.0,12.0,ok,,0.95,0.884215501443,18.0,10.0,0.96,0.993898155763,18.0,10.0,0.96,0.993898155763,18.0,10.0,False,False,False,,
two_qutrit,monomial_full,sup013_P120_ph101,True,False,0.0,0.666667,60.0,67.2,3.66,132.0,118.8,27.0,24.6,128.0,"{'rz': 50, 'rx': 39, 'rzz': 16, 'sx': 16, 'cz': 11, 'barrier': 4}",20,20,0,ok,,22.0,12.0,ok,,0.95,0.876681366348,19.0,10.0,0.96,0.993898155763,19.0,10.0,0.96,0.993898155763,19.0,10.0,False,False,False,,
two_qutrit,monomial_full,sup013_P120_ph102,True,False,0.0,0.666667,60.0,67.2,3.66,132.0,118.8,27.0,24.6,128.0,"{'rz': 50, 'rx': 39, 'rzz': 16, 'sx': 16, 'cz': 11, 'barrier': 4}",20,20,0,ok,,22.0,12.0,ok,,0.95,0.884215501443,19.0,10.0,0.98,0.993898155763,19.0,10.0,0.98,0.993898155763,19.0,10.0,False,False,False,,
two_qutrit,monomial_full,sup013_P120_ph110,True,False,0.0,0.666667,59.0,66.65,3.85,131.0,117.55,27.0,24.6,128.0,"{'rz': 49, 'rx': 39, 'rzz': 16, 'sx': 16, 'cz': 11, 'barrier': 4}",20,20,0,ok,,22.0,12.0,ok,,0.91,0.857684840799,19.0,10.0,0.95,0.993898155763,19.0,10.0,0.95,0.993898155763,19.0,10.0,False,False,False,,
two_qutrit,monomial_full,sup013_P120_ph111,True,False,0.0,0.666667,60.0,67.2,3.66,132.0,118.8,27.0,24.6,128.0,"{'rz': 50, 'rx': 39, 'rzz': 16, 'sx': 16, 'cz': 11, 'barrier': 4}",20,20,0,ok,,22.0,12.0,ok,,0.95,0.884215501443,19.0,10.0,0.96,0.993898155763,19.0,10.0,0.96,0.993898155763,19.0,10.0,False,False,False,,
two_qutrit,monomial_full,sup013_P120_ph112,True,False,0.0,0.666667,59.0,65.75,3.74,130.0,117.2,27.0,24.6,128.0,"{'rz': 49, 'rx': 38, 'rzz': 16, 'sx': 16, 'cz': 11, 'barrier': 4}",20,20,0,ok,,22.0,12.0,ok,,0.95,0.884215501443,19.0,10.0,0.97,0.993492155971,19.0,10.0,0.97,0.993492155971,19.0,10.0,False,False,False,,
two_qutrit,monomial_full,sup013_P120_ph120,True,False,0.0,0.666667,58.0,64.95,3.61,128.0,115.0,27.0,24.6,128.0,"{'rz': 46, 'rx': 39, 'rzz': 16, 'sx': 16, 'cz': 11, 'barrier': 4}",20,20,0,ok,,21.0,12.0,ok,,0.95,0.884215501443,18.0,10.0,0.96,0.993898155763,18.0,10.0,0.96,0.993898155763,18.0,10.0,False,False,False,,
two_qutrit,monomial_full,sup013_P120_ph121,True,False,0.0,0.666667,58.0,64.25,3.21,126.0,114.1,27.0,24.6,128.0,"{'rz': 46, 'rx': 37, 'rzz': 16, 'sx': 16, 'cz': 11, 'barrier': 4}",20,20,0,ok,,21.0,12.0,ok,,0.95,0.884215501443,18.0,10.0,0.96,0.993898155763,18.0,10.0,0.96,0.993898155763,18.0,10.0,False,False,False,,
two_qutrit,monomial_full,sup013_P120_ph122,True,False,0.0,0.666667,57.0,63.6,3.32,125.0,113.35,27.0,24.6,128.0,"{'rz': 45, 'rx': 37, 'rzz': 16, 'sx': 16, 'cz': 11, 'barrier': 4}",20,20,0,ok,,21.0,12.0,ok,,0.91,0.857684840799,18.0,10.0,0.95,0.993898155763,18.0,10.0,0.95,0.993898155763,18.0,10.0,False,False,False,,
two_qutrit,monomial_full,sup013_P120_ph200,True,False,0.0,0.666667,59.0,65.75,3.74,130.0,117.2,27.0,24.6,128.0,"{'rz': 49, 'rx': 38, 'rzz': 16, 'sx': 16, 'cz': 11, 'barrier': 4}",20,20,0,ok,,22.0,12.0,ok,,0.95,0.884215501443,19.0,10.0,0.96,0.993898155763,19.0,10.0,0.96,0.993898155763,19.0,10.0,False,False,False,,
two_qutrit,monomial_full,sup013_P120_ph201,True,False,0.0,0.666667,59.0,65.75,3.74,130.0,117.2,27.0,24.6,128.0,"{'rz': 49, 'rx': 38, 'rzz': 16, 'sx': 16, 'cz': 11, 'barrier': 4}",20,20,0,ok,,22.0,12.0,ok,,0.91,0.857684840799,19.0,10.0,0.95,0.993898155763,19.0,10.0,0.95,0.993898155763,19.0,10.0,False,False,False,,
two_qutrit,monomial_full,sup013_P120_ph202,True,False,0.0,0.666667,58.0,65.2,3.82,129.0,115.95,27.0,24.6,128.0,"{'rz': 48, 'rx': 38, 'rzz': 16, 'sx': 16, 'cz': 11, 'barrier': 4}",20,20,0,ok,,21.0,12.0,ok,,0.91,0.886728560269,18.0,10.0,0.95,0.963666869444,18.0,10.0,0.95,0.963666869444,18.0,10.0,False,False,False,,
two_qutrit,monomial_full,sup013_P120_ph210,True,False,0.0,0.666667,58.0,65.3,3.7,129.0,116.25,27.0,24.6,128.0,"{'rz': 47, 'rx': 39, 'rzz': 16, 'sx': 16, 'cz': 11, 'barrier': 4}",20,20,0,ok,,21.0,12.0,ok,,0.91,0.857684840799,18.0,10.0,0.95,0.993898155763,18.0,10.0,0.95,0.993898155763,18.0,10.0,False,False,False,,
two_qutrit,monomial_full,sup013_P120_ph211,True,False,0.0,0.666667,57.0,63.6,3.32,125.0,113.35,27.0,24.6,128.0,"{'rz': 45, 'rx': 37, 'rzz': 16, 'sx': 16, 'cz': 11, 'barrier': 4}",20,20,0,ok,,21.0,12.0,ok,,0.91,0.857684840799,18.0,10.0,0.95,0.993898155763,18.0,10.0,0.95,0.993898155763,18.0,10.0,False,False,False,,
two_qutrit,monomial_full,sup013_P120_ph212,True,False,0.0,0.666667,58.0,64.25,3.21,126.0,114.1,27.0,24.6,128.0,"{'rz': 46, 'rx': 37, 'rzz': 16, 'sx': 16, 'cz': 11, 'barrier': 4}",20,20,0,ok,,21.0,12.0,ok,,0.95,0.884215501443,18.0,10.0,0.96,0.993898155763,18.0,10.0,0.96,0.993898155763,18.0,10.0,False,False,False,,
two_qutrit,monomial_full,sup013_P120_ph220,True,False,0.0,0.666667,59.0,65.75,3.74,130.0,117.2,27.0,24.6,128.0,"{'rz': 49, 'rx': 38, 'rzz': 16, 'sx': 16, 'cz': 11, 'barrier': 4}",20,20,0,ok,,22.0,12.0,ok,,0.91,0.857684840799,19.0,10.0,0.95,0.993898155763,19.0,10.0,0.95,0.993898155763,19.0,10.0,False,False,False,,
two_qutrit,monomial_full,sup013_P120_ph221,True,False,0.0,0.666667,59.0,65.75,3.74,130.0,117.2,27.0,24.6,128.0,"{'rz': 49, 'rx': 38, 'rzz': 16, 'sx': 16, 'cz': 11, 'barrier': 4}",20,20,0,ok,,22.0,12.0,ok,,0.95,0.884215501443,19.0,10.0,0.96,0.993898155763,19.0,10.0,0.96,0.993898155763,19.0,10.0,False,False,False,,
two_qutrit,monomial_full,sup013_P120_ph222,True,False,0.0,0.666667,59.0,66.65,3.85,131.0,117.55,27.0,24.6,128.0,"{'rz': 49, 'rx': 39, 'rzz': 16, 'sx': 16, 'cz': 11, 'barrier': 4}",20,20,0,ok,,22.0,12.0,ok,,0.95,0.881215588601,19.0,10.0,0.96,0.993898155763,19.0,10.0,0.96,0.993898155763,19.0,10.0,False,False,False,,
two_qutrit,monomial_full,sup013_P201_ph000,True,False,0.0,0.666667,66.0,73.35,3.69,145.0,132.2,29.0,26.6,128.0,"{'rz': 56, 'rx': 44, 'rzz': 20, 'sx': 16, 'cz': 9, 'barrier': 4}",20,20,0,ok,,26.0,14.0,ok,,0.95,0.978600955391,23.0,12.0,0.95,0.978600955391,23.0,12.0,0.95,0.978600955391,23.0,12.0,False,False,False,,
two_qutrit,monomial_full,sup013_P201_ph001,True,False,0.0,0.666667,73.0,81.0,4.0,156.0,143.45,31.0,28.6,128.0,"{'rz': 62, 'rx': 47, 'rzz': 22, 'sx': 16, 'cz': 9, 'barrier': 4}",20,20,0,ok,,29.0,16.0,ok,,0.95,0.918941708857,25.0,14.0,0.95,0.918941708857,25.0,14.0,0.96,0.972562463636,26.0,14.0,False,False,False,,
two_qutrit,monomial_full,sup013_P201_ph002,True,False,0.0,0.666667,73.0,80.55,3.8,157.0,142.95,31.0,28.6,128.0,"{'rz': 62, 'rx': 48, 'rzz': 22, 'sx': 16, 'cz': 9, 'barrier': 4}",20,20,0,ok,,29.0,16.0,ok,,0.97,0.927248615626,26.0,14.0,0.97,0.927248615626,26.0,14.0,0.98,0.993898155763,26.0,14.0,False,False,False,,
two_qutrit,monomial_full,sup013_P201_ph010,True,False,0.0,0.666667,68.0,76.0,4.0,149.0,137.45,29.0,26.6,128.0,"{'rz': 60, 'rx': 44, 'rzz': 20, 'sx': 16, 'cz': 9, 'barrier': 4}",20,20,0,ok,,27.0,14.0,ok,,0.96,0.980148061589,24.0,12.0,0.96,0.980148061589,24.0,12.0,0.96,0.980148061589,24.0,12.0,False,False,False,,
two_qutrit,monomial_full,sup013_P201_ph011,True,False,0.0,0.666667,73.0,80.55,3.8,156.0,142.85,31.0,28.6,128.0,"{'rz': 61, 'rx': 48, 'rzz': 22, 'sx': 16, 'cz': 9, 'barrier': 4}",20,20,0,ok,,29.0,16.0,ok,,0.95,0.978600955391,26.0,14.0,0.95,0.978600955391,26.0,14.0,0.95,0.978600955391,26.0,14.0,False,False,False,,
two_qutrit,monomial_full,sup013_P201_ph012,True,False,0.0,0.666667,72.0,80.0,4.0,155.0,141.85,31.0,28.6,128.0,"{'rz': 62, 'rx': 46, 'rzz': 22, 'sx': 16, 'cz': 9, 'barrier': 4}",20,20,0,ok,,28.0,16.0,ok,,0.91,0.874012592347,25.0,14.0,0.95,0.979298238541,25.0,14.0,0.95,0.979298238541,25.0,14.0,False,False,False,,
two_qutrit,monomial_full,sup013_P201_ph020,True,False,0.0,0.666667,68.0,76.0,4.0,149.0,137.45,29.0,26.6,128.0,"{'rz': 60, 'rx': 44, 'rzz': 20, 'sx': 16, 'cz': 9, 'barrier': 4}",20,20,0,ok,,27.0,14.0,ok,,0.91,0.868143198645,23.0,12.0,0.95,0.932785789214,23.0,12.0,0.98,0.985319112378,24.0,12.0,False,False,False,,
two_qutrit,monomial_full,sup013_P201_ph021,True,False,0.0,0.666667,72.0,79.55,3.81,153.0,140.3,31.0,28.6,128.0,"{'rz': 59, 'rx': 47, 'rzz': 22, 'sx': 16, 'cz': 9, 'barrier': 4}",20,20,0,ok,,28.0,16.0,ok,,0.96,0.978600955391,25.0,14.0,0.96,0.978600955391,25.0,14.0,0.96,0.978600955391,25.0,14.0,False,False,False,,
two_qutrit,monomial_full,sup013_P201_ph022,True,False,0.0,0.666667,72.0,80.45,4.25,155.0,143.55,31.0,28.6,128.0,"{'rz': 62, 'rx': 46, 'rzz': 22, 'sx': 16, 'cz': 9, 'barrier': 4}",20,20,0,ok,,28.0,16.0,ok,,0.95,0.993898155763,25.0,14.0,0.95,0.993898155763,25.0,14.0,0.95,0.993898155763,25.0,14.0,False,False,False,,
two_qutrit,monomial_full,sup013_P201_ph100,True,False,0.0,0.666667,73.0,81.0,4.0,156.0,143.05,31.0,28.6,128.0,"{'rz': 62, 'rx': 47, 'rzz': 22, 'sx': 16, 'cz': 9, 'barrier': 4}",20,20,0,ok,,29.0,16.0,ok,,0.95,0.975221572462,25.0,14.0,0.95,0.975221572462,25.0,14.0,0.95,0.975221572462,25.0,14.0,False,False,False,,
two_qutrit,monomial_full,sup013_P201_ph101,True,False,0.0,0.666667,72.0,80.45,4.25,155.0,142.75,31.0,28.6,128.0,"{'rz': 62, 'rx': 46, 'rzz': 22, 'sx': 16, 'cz': 9, 'barrier': 4}",20,20,0,ok,,28.0,16.0,ok,,0.95,0.983990376855,25.0,14.0,0.95,0.983990376855,25.0,14.0,0.95,0.983990376855,25.0,14.0,False,False,False,,
two_qutrit,monomial_full,sup013_P201_ph102,True,False,0.0,0.666667,68.0,75.55,3.8,148.0,136.7,29.0,26.6,128.0,"{'rz': 59, 'rx': 44, 'rzz': 20, 'sx': 16, 'cz': 9, 'barrier': 4}",20,20,0,ok,,27.0,14.0,ok,,0.95,0.978600955391,24.0,12.0,0.95,0.978600955391,24.0,12.0,0.95,0.978600955391,24.0,12.0,False,False,False,,
two_qutrit,monomial_full,sup013_P201_ph110,True,False,0.0,0.666667,73.0,81.0,4.0,156.0,142.9,31.0,28.6,128.0,"{'rz': 62, 'rx': 47, 'rzz': 22, 'sx': 16, 'cz': 9, 'barrier': 4}",20,20,0,ok,,29.0,16.0,ok,,0.91,0.854270348955,26.0,14.0,0.95,0.921452499642,26.0,14.0,0.98,0.984185506659,26.0,14.0,False,False,False,,
two_qutrit,monomial_full,sup013_P201_ph111,True,False,0.0,0.666667,73.0,80.55,3.8,157.0,142.95,31.0,28.6,128.0,"{'rz': 62, 'rx': 48, 'rzz': 22, 'sx': 16, 'cz': 9, 'barrier': 4}",20,20,0,ok,,29.0,16.0,ok,,0.91,0.911606117345,26.0,14.0,0.91,0.911606117345,26.0,14.0,0.95,0.957684126562,26.0,14.0,False,False,False,,
two_qutrit,monomial_full,sup013_P201_ph112,True,False,0.0,0.666667,68.0,76.0,4.0,149.0,137.45,29.0,26.6,128.0,"{'rz': 60, 'rx': 44, 'rzz': 20, 'sx': 16, 'cz': 9, 'barrier': 4}",20,20,0,ok,,27.0,14.0,ok,,0.95,0.955488200374,24.0,12.0,0.95,0.955488200374,24.0,12.0,0.95,0.955488200374,24.0,12.0,False,False,False,,
two_qutrit,monomial_full,sup013_P201_ph120,True,False,0.0,0.666667,73.0,80.55,3.8,155.0,142.6,31.0,28.6,128.0,"{'rz': 61, 'rx': 47, 'rzz': 22, 'sx': 16, 'cz': 9, 'barrier': 4}",20,20,0,ok,,29.0,16.0,ok,,0.96,0.978600955391,26.0,14.0,0.96,0.978600955391,26.0,14.0,0.96,0.978600955391,26.0,14.0,False,False,False,,
two_qutrit,monomial_full,sup013_P201_ph121,True,False,0.0,0.666667,73.0,80.55,3.8,157.0,142.95,31.0,28.6,128.0,"{'rz': 62, 'rx': 48, 'rzz': 22, 'sx': 16, 'cz': 9, 'barrier': 4}",20,20,0,ok,,29.0,16.0,ok,,0.91,0.868974214838,26.0,14.0,0.95,0.93010636445,26.0,14.0,0.99,0.992753198906,26.0,14.0,False,False,False,,
two_qutrit,monomial_full,sup013_P201_ph122,True,False,0.0,0.666667,68.0,76.0,4.0,149.0,137.45,29.0,26.6,128.0,"{'rz': 60, 'rx': 44, 'rzz': 20, 'sx': 16, 'cz': 9, 'barrier': 4}",20,20,0,ok,,27.0,14.0,ok,,0.96,0.980700401875,24.0,12.0,0.96,0.980700401875,24.0,12.0,0.96,0.980700401875,24.0,12.0,False,False,False,,
two_qutrit,monomial_full,sup013_P201_ph200,True,False,0.0,0.666667,73.0,81.0,4.0,157.0,144.65,31.0,28.6,128.0,"{'rz': 62, 'rx': 48, 'rzz': 22, 'sx': 16, 'cz': 9, 'barrier': 4}",20,20,0,ok,,29.0,16.0,ok,,0.93,0.867210014894,26.0,14.0,0.95,0.971341525333,26.0,14.0,0.95,0.971341525333,26.0,14.0,False,False,False,,
two_qutrit,monomial_full,sup013_P201_ph201,True,False,0.0,0.666667,68.0,75.55,3.8,148.0,136.7,29.0,26.6,128.0,"{'rz': 59, 'rx': 44, 'rzz': 20, 'sx': 16, 'cz': 9, 'barrier': 4}",20,20,0,ok,,27.0,14.0,ok,,0.96,0.978600955391,24.0,12.0,0.96,0.978600955391,24.0,12.0,0.96,0.978600955391,24.0,12.0,False,False,False,,
two_qutrit,monomial_full,sup013_P201_ph202,True,False,0.0,0.666667,73.0,81.0,4.0,156.0,143.45,31.0,28.6,128.0,"{'rz': 62, 'rx': 47, 'rzz': 22, 'sx': 16, 'cz': 9, 'barrier': 4}",20,20,0,ok,,29.0,16.0,ok,,0.95,0.89442757357,26.0,14.0,0.98,0.980518599801,26.0,14.0,0.98,0.980518599801,26.0,14.0,False,False,False,,
two_qutrit,monomial_full,sup013_P201_ph210,True,False,0.0,0.666667,72.0,80.0,4.0,155.0,141.85,31.0,28.6,128.0,"{'rz': 62, 'rx': 46, 'rzz': 22, 'sx': 16, 'cz': 9, 'barrier': 4}",20,20,0,ok,,28.0,16.0,ok,,0.96,0.979298238541,25.0,14.0,0.96,0.979298238541,25.0,14.0,0.96,0.979298238541,25.0,14.0,False,False,False,,
two_qutrit,monomial_full,sup013_P201_ph211,True,False,0.0,0.666667,68.0,76.0,4.0,149.0,137.45,29.0,26.6,128.0,"{'rz': 60, 'rx': 44, 'rzz': 20, 'sx': 16, 'cz': 9, 'barrier': 4}",20,20,0,ok,,27.0,14.0,ok,,0.95,0.878951584734,23.0,12.0,0.96,0.961279884794,24.0,12.0,0.96,0.961279884794,24.0,12.0,False,False,False,,
two_qutrit,monomial_full,sup013_P201_ph212,True,False,0.0,0.666667,73.0,81.0,4.0,156.0,143.45,31.0,28.6,128.0,"{'rz': 62, 'rx': 47, 'rzz': 22, 'sx': 16, 'cz': 9, 'barrier': 4}",20,20,0,ok,,29.0,16.0,ok,,0.95,0.984651319686,26.0,14.0,0.95,0.984651319686,26.0,14.0,0.95,0.984651319686,26.0,14.0,False,False,False,,
two_qutrit,monomial_full,sup013_P201_ph220,True,False,0.0,0.666667,73.0,81.0,4.0,157.0,144.65,31.0,28.6,128.0,"{'rz': 62, 'rx': 48, 'rzz': 22, 'sx': 16, 'cz': 9, 'barrier': 4}",20,20,0,ok,,29.0,16.0,ok,,0.95,0.917351923949,26.0,14.0,0.95,0.917351923949,26.0,14.0,0.97,0.982846658666,26.0,14.0,False,False,False,,
two_qutrit,monomial_full,sup013_P201_ph221,True,False,0.0,0.666667,68.0,75.4,3.73,146.0,135.0,29.0,26.6,128.0,"{'rz': 58, 'rx': 43, 'rzz': 20, 'sx': 16, 'cz': 9, 'barrier': 4}",20,20,0,ok,,27.0,14.0,ok,,0.95,0.978600955391,23.0,12.0,0.95,0.978600955391,23.0,12.0,0.95,0.978600955391,23.0,12.0,False,False,False,,
two_qutrit,monomial_full,sup013_P201_ph222,True,False,0.0,0.666667,73.0,80.55,3.8,155.0,142.15,31.0,28.6,128.0,"{'rz': 61, 'rx': 47, 'rzz': 22, 'sx': 16, 'cz': 9, 'barrier': 4}",20,20,0,ok,,29.0,16.0,ok,,0.95,0.978600955391,26.0,14.0,0.95,0.978600955391,26.0,14.0,0.95,0.978600955391,26.0,14.0,False,False,False,,
two_qutrit,monomial_full,sup013_P210_ph000,True,False,0.0,0.666667,66.0,72.7,3.48,140.0,128.4,29.0,26.6,128.0,"{'rz': 53, 'rx': 42, 'rzz': 20, 'sx': 16, 'cz': 9, 'barrier': 4}",20,20,0,ok,,26.0,14.0,ok,,0.95,0.978600955391,23.0,12.0,0.95,0.978600955391,23.0,12.0,0.95,0.978600955391,23.0,12.0,False,False,False,,
two_qutrit,monomial_full,sup013_P210_ph001,True,False,0.0,0.666667,67.0,73.85,3.54,143.0,131.45,29.0,26.6,128.0,"{'rz': 55, 'rx': 43, 'rzz': 20, 'sx': 16, 'cz': 9, 'barrier': 4}",20,20,0,ok,,27.0,14.0,ok,,0.91,0.850428399072,24.0,12.0,0.95,0.978708102492,24.0,12.0,0.95,0.978708102492,24.0,12.0,False,False,False,,
two_qutrit,monomial_full,sup013_P210_ph002,True,False,0.0,0.666667,67.0,73.65,3.35,143.0,129.8,29.0,26.6,128.0,"{'rz': 56, 'rx': 42, 'rzz': 20, 'sx': 16, 'cz': 9, 'barrier': 4}",20,20,0,ok,,27.0,14.0,ok,,0.91,0.857684840799,24.0,12.0,0.95,0.993898155763,24.0,12.0,0.95,0.993898155763,24.0,12.0,False,False,False,,
two_qutrit,monomial_full,sup013_P210_ph010,True,False,0.0,0.666667,68.0,74.6,3.47,143.0,131.45,29.0,26.6,128.0,"{'rz': 56, 'rx': 42, 'rzz': 20, 'sx': 16, 'cz': 9, 'barrier': 4}",20,20,0,ok,,27.0,14.0,ok,,0.95,0.884215501443,23.0,12.0,0.96,0.993898155763,24.0,12.0,0.96,0.993898155763,24.0,12.0,False,False,False,,
two_qutrit,monomial_full,sup013_P210_ph011,True,False,0.0,0.666667,68.0,74.65,3.47,144.0,132.1,29.0,26.6,128.0,"{'rz': 57, 'rx': 42, 'rzz': 20, 'sx': 16, 'cz': 9, 'barrier': 4}",20,20,0,ok,,27.0,14.0,ok,,0.95,0.991613968907,23.0,12.0,0.95,0.991613968907,23.0,12.0,0.95,0.991613968907,23.0,12.0,False,False,False,,
two_qutrit,monomial_full,sup013_P210_ph012,True,False,0.0,0.666667,68.0,74.55,3.47,144.0,131.1,29.0,26.6,128.0,"{'rz': 57, 'rx': 42, 'rzz': 20, 'sx': 16, 'cz': 9, 'barrier': 4}",20,20,0,ok,,27.0,14.0,ok,,0.94,0.857684840799,24.0,12.0,0.95,0.993898155763,24.0,12.0,0.95,0.993898155763,24.0,12.0,False,False,False,,
two_qutrit,monomial_full,sup013_P210_ph020,True,False,0.0,0.666667,67.0,74.0,3.58,143.0,131.5,29.0,26.6,128.0,"{'rz': 56, 'rx': 42, 'rzz': 20, 'sx': 16, 'cz': 9, 'barrier': 4}",20,20,0,ok,,27.0,14.0,ok,,0.95,0.872420255601,24.0,12.0,0.96,0.978600955391,24.0,12.0,0.96,0.978600955391,24.0,12.0,False,False,False,,
two_qutrit,monomial_full,sup013_P210_ph021,True,False,0.0,0.666667,68.0,74.55,3.47,144.0,131.25,29.0,26.6,128.0,"{'rz': 57, 'rx': 42, 'rzz': 20, 'sx': 16, 'cz': 9, 'barrier': 4}",20,20,0,ok,,27.0,14.0,ok,,0.96,0.980595687517,23.0,12.0,0.96,0.980595687517,23.0,12.0,0.96,0.980595687517,23.0,12.0,False,False,False,,
two_qutrit,monomial_full,sup013_P210_ph022,True,False,0.0,0.666667,68.0,74.3,3.41,145.0,132.0,29.0,26.6,128.0,"{'rz': 57, 'rx': 43, 'rzz': 20, 'sx': 16, 'cz': 9, 'barrier': 4}",20,20,0,ok,,27.0,14.0,ok,,0.95,0.895925331402,24.0,12.0,0.96,0.993898155763,24.0,12.0,0.96,0.993898155763,24.0,12.0,False,False,False,,
two_qutrit,monomial_full,sup013_P210_ph100,True,False,0.0,0.666667,68.0,74.3,3.41,144.0,132.05,29.0,26.6,128.0,"{'rz': 56, 'rx': 43, 'rzz': 20, 'sx': 16, 'cz': 9, 'barrier': 4}",20,20,0,ok,,27.0,14.0,ok,,0.91,0.857684840799,24.0,12.0,0.95,0.993898155763,24.0,12.0,0.95,0.993898155763,24.0,12.0,False,False,False,,
two_qutrit,monomial_full,sup013_P210_ph101,True,False,0.0,0.666667,67.0,74.0,3.58,143.0,131.35,29.0,26.6,128.0,"{'rz': 56, 'rx': 42, 'rzz': 20, 'sx': 16, 'cz': 9, 'barrier': 4}",20,20,0,ok,,27.0,14.0,ok,,0.91,0.857684840799,24.0,12.0,0.95,0.993898155763,24.0,12.0,0.95,0.993898155763,24.0,12.0,False,False,False,,
two_qutrit,monomial_full,sup013_P210_ph102,True,False,0.0,0.666667,68.0,74.65,3.47,145.0,132.35,29.0,26.6,128.0,"{'rz': 57, 'rx': 43, 'rzz': 20, 'sx': 16, 'cz': 9, 'barrier': 4}",20,20,0,ok,,27.0,14.0,ok,,0.95,0.894808845778,23.0,12.0,0.96,0.979295001763,24.0,12.0,0.96,0.979295001763,24.0,12.0,False,False,False,,
two_qutrit,monomial_full,sup013_P210_ph110,True,False,0.0,0.666667,68.0,74.3,3.24,144.0,131.5,29.0,26.6,128.0,"{'rz': 56, 'rx': 43, 'rzz': 20, 'sx': 16, 'cz': 9, 'barrier': 4}",20,20,0,ok,,27.0,14.0,ok,,0.91,0.857684840799,24.0,12.0,0.95,0.993898155763,24.0,12.0,0.95,0.993898155763,24.0,12.0,False,False,False,,
two_qutrit,monomial_full,sup013_P210_ph111,True,False,0.0,0.666667,68.0,74.25,3.42,144.0,131.75,29.0,26.6,128.0,"{'rz': 56, 'rx': 43, 'rzz': 20, 'sx': 16, 'cz': 9, 'barrier': 4}",20,20,0,ok,,27.0,14.0,ok,,0.93,0.857684840799,23.0,12.0,0.95,0.993898155763,23.0,12.0,0.95,0.993898155763,23.0,12.0,False,False,False,,
two_qutrit,monomial_full,sup013_P210_ph112,True,False,0.0,0.666667,65.0,72.55,3.85,141.0,128.0,29.0,26.6,128.0,"{'rz': 55, 'rx': 41, 'rzz': 20, 'sx': 16, 'cz': 9, 'barrier': 4}",20,20,0,ok,,25.0,14.0,ok,,0.91,0.855199418034,22.0,12.0,0.95,0.993898155763,22.0,12.0,0.95,0.993898155763,22.0,12.0,False,False,False,,
two_qutrit,monomial_full,sup013_P210_ph120,True,False,0.0,0.666667,68.0,74.3,3.42,144.0,131.4,29.0,26.6,128.0,"{'rz': 56, 'rx': 43, 'rzz': 20, 'sx': 16, 'cz': 9, 'barrier': 4}",20,20,0,ok,,27.0,14.0,ok,,0.95,0.863596109682,23.0,12.0,0.96,0.983656843852,24.0,12.0,0.96,0.983656843852,24.0,12.0,False,False,False,,
two_qutrit,monomial_full,sup013_P210_ph121,True,False,0.0,0.666667,68.0,74.35,3.41,143.0,131.55,29.0,26.6,128.0,"{'rz': 56, 'rx': 42, 'rzz': 20, 'sx': 16, 'cz': 9, 'barrier': 4}",20,20,0,ok,,27.0,14.0,ok,,0.95,0.895091020393,23.0,12.0,0.96,0.979298238541,24.0,12.0,0.96,0.979298238541,24.0,12.0,False,False,False,,
two_qutrit,monomial_full,sup013_P210_ph122,True,False,0.0,0.666667,68.0,74.65,3.47,144.0,132.4,29.0,26.6,128.0,"{'rz': 57, 'rx': 42, 'rzz': 20, 'sx': 16, 'cz': 9, 'barrier': 4}",20,20,0,ok,,27.0,14.0,ok,,0.92,0.874012592347,24.0,12.0,0.95,0.979298238541,24.0,12.0,0.95,0.979298238541,24.0,12.0,False,False,False,,
two_qutrit,monomial_full,sup013_P210_ph200,True,False,0.0,0.666667,68.0,74.65,3.47,144.0,132.1,29.0,26.6,128.0,"{'rz': 57, 'rx': 42, 'rzz': 20, 'sx': 16, 'cz': 9, 'barrier': 4}",20,20,0,ok,,27.0,14.0,ok,,0.92,0.889875665854,23.0,12.0,0.96,0.978600955391,23.0,12.0,0.96,0.978600955391,23.0,12.0,False,False,False,,
two_qutrit,monomial_full,sup013_P210_ph201,True,False,0.0,0.666667,68.0,74.3,3.42,143.0,131.1,29.0,26.6,128.0,"{'rz': 56, 'rx': 42, 'rzz': 20, 'sx': 16, 'cz': 9, 'barrier': 4}",20,20,0,ok,,27.0,14.0,ok,,0.94,0.894959164889,24.0,12.0,0.96,0.980638128793,24.0,12.0,0.96,0.980638128793,24.0,12.0,False,False,False,,
two_qutrit,monomial_full,sup013_P210_ph202,True,False,0.0,0.666667,68.0,74.3,3.41,145.0,132.3,29.0,26.6,128.0,"{'rz': 57, 'rx': 43, 'rzz': 20, 'sx': 16, 'cz': 9, 'barrier': 4}",20,20,0,ok,,27.0,14.0,ok,,0.91,0.913491357544,24.0,12.0,0.91,0.913491357544,24.0,12.0,0.96,0.993898155763,24.0,12.0,False,False,False,,
two_qutrit,monomial_full,sup013_P210_ph210,True,False,0.0,0.666667,68.0,74.55,3.47,144.0,131.4,29.0,26.6,128.0,"{'rz': 57, 'rx': 42, 'rzz': 20, 'sx': 16, 'cz': 9, 'barrier': 4}",20,20,0,ok,,27.0,14.0,ok,,0.95,0.991118882788,23.0,12.0,0.95,0.991118882788,23.0,12.0,0.95,0.991118882788,23.0,12.0,False,False,False,,
two_qutrit,monomial_full,sup013_P210_ph211,True,False,0.0,0.666667,67.0,74.1,3.63,144.0,131.35,29.0,26.6,128.0,"{'rz': 56, 'rx': 43, 'rzz': 20, 'sx': 16, 'cz': 9, 'barrier': 4}",20,20,0,ok,,26.0,14.0,ok,,0.95,0.911066028298,23.0,12.0,0.95,0.911066028298,23.0,12.0,0.96,0.976996113454,23.0,12.0,False,False,False,,
two_qutrit,monomial_full,sup013_P210_ph212,True,False,0.0,0.666667,68.0,74.65,3.47,145.0,132.35,29.0,26.6,128.0,"{'rz': 57, 'rx': 43, 'rzz': 20, 'sx': 16, 'cz': 9, 'barrier': 4}",20,20,0,ok,,27.0,14.0,ok,,0.95,0.902745987664,24.0,12.0,0.95,0.902745987664,24.0,12.0,0.96,0.965452469471,24.0,12.0,False,False,False,,
two_qutrit,monomial_full,sup013_P210_ph220,True,False,0.0,0.666667,67.0,73.65,3.5,142.0,130.65,29.0,26.6,128.0,"{'rz': 54, 'rx': 43, 'rzz': 20, 'sx': 16, 'cz': 9, 'barrier': 4}",20,20,0,ok,,27.0,14.0,ok,,0.91,0.850428399072,24.0,12.0,0.95,0.978708102492,24.0,12.0,0.95,0.978708102492,24.0,12.0,False,False,False,,
two_qutrit,monomial_full,sup013_P210_ph221,True,False,0.0,0.666667,68.0,74.6,3.46,143.0,131.2,29.0,26.6,128.0,"{'rz': 56, 'rx': 42, 'rzz': 20, 'sx': 16, 'cz': 9, 'barrier': 4}",20,20,0,ok,,27.0,14.0,ok,,0.95,0.895091020393,23.0,12.0,0.96,0.979298238541,24.0,12.0,0.96,0.979298238541,24.0,12.0,False,False,False,,
two_qutrit,monomial_full,sup013_P210_ph222,True,False,0.0,0.666667,68.0,74.4,3.43,144.0,131.25,29.0,26.6,128.0,"{'rz': 56, 'rx': 43, 'rzz': 20, 'sx': 16, 'cz': 9, 'barrier': 4}",20,20,0,ok,,27.0,14.0,ok,,0.95,0.884215501443,23.0,12.0,0.96,0.993898155763,24.0,12.0,0.96,0.993898155763,24.0,12.0,False,False,False,,
two_qutrit,monomial_full,sup023_P012_ph000,True,False,0.0,0.666667,66.0,72.15,3.2,142.0,129.15,29.0,26.6,128.0,"{'rz': 54, 'rx': 43, 'rzz': 20, 'sx': 16, 'cz': 9, 'barrier': 4}",20,20,0,ok,,26.0,14.0,ok,,0.95,0.978600955391,23.0,12.0,0.95,0.978600955391,23.0,12.0,0.95,0.978600955391,23.0,12.0,False,False,False,,
two_qutrit,monomial_full,sup023_P012_ph001,True,False,0.0,0.666667,68.0,74.65,3.47,144.0,131.7,29.0,26.6,128.0,"{'rz': 57, 'rx': 42, 'rzz': 20, 'sx': 16, 'cz': 9, 'barrier': 4}",20,20,0,ok,,27.0,14.0,ok,,0.95,0.967241692916,23.0,12.0,0.95,0.967241692916,23.0,12.0,0.95,0.967241692916,23.0,12.0,False,False,False,,
two_qutrit,monomial_full,sup023_P012_ph002,True,False,0.0,0.666667,68.0,74.65,3.47,145.0,132.65,29.0,26.6,128.0,"{'rz': 57, 'rx': 43, 'rzz': 20, 'sx': 16, 'cz': 9, 'barrier': 4}",20,20,0,ok,,27.0,14.0,ok,,0.91,0.868677634521,24.0,12.0,0.98,0.974044982061,24.0,12.0,0.98,0.974044982061,24.0,12.0,False,False,False,,
two_qutrit,monomial_full,sup023_P012_ph010,True,False,0.0,0.666667,68.0,74.55,3.47,144.0,131.3,29.0,26.6,128.0,"{'rz': 57, 'rx': 42, 'rzz': 20, 'sx': 16, 'cz': 9, 'barrier': 4}",20,20,0,ok,,27.0,14.0,ok,,0.95,0.974215402559,24.0,12.0,0.95,0.974215402559,24.0,12.0,0.95,0.974215402559,24.0,12.0,False,False,False,,
two_qutrit,monomial_full,sup023_P012_ph011,True,False,0.0,0.666667,68.0,74.65,3.47,144.0,132.35,29.0,26.6,128.0,"{'rz': 56, 'rx': 43, 'rzz': 20, 'sx': 16, 'cz': 9, 'barrier': 4}",20,20,0,ok,,27.0,14.0,ok,,0.94,0.913491357544,24.0,12.0,0.94,0.913491357544,24.0,12.0,0.96,0.993898155763,24.0,12.0,False,False,False,,
two_qutrit,monomial_full,sup023_P012_ph012,True,False,0.0,0.666667,68.0,74.35,3.26,142.0,130.45,29.0,26.6,128.0,"{'rz': 55, 'rx': 42, 'rzz': 20, 'sx': 16, 'cz': 9, 'barrier': 4}",20,20,0,ok,,27.0,14.0,ok,,0.95,0.966088760047,24.0,12.0,0.95,0.966088760047,24.0,12.0,0.95,0.966088760047,24.0,12.0,False,False,False,,
two_qutrit,monomial_full,sup023_P012_ph020,True,False,0.0,0.666667,68.0,74.65,3.47,144.0,132.1,29.0,26.6,128.0,"{'rz': 57, 'rx': 42, 'rzz': 20, 'sx': 16, 'cz': 9, 'barrier': 4}",20,20,0,ok,,27.0,14.0,ok,,0.96,0.978412209861,24.0,12.0,0.96,0.978412209861,24.0,12.0,0.96,0.978412209861,24.0,12.0,False,False,False,,
two_qutrit,monomial_full,sup023_P012_ph021,True,False,0.0,0.666667,68.0,74.3,3.24,141.0,130.2,29.0,26.6,128.0,"{'rz': 54, 'rx': 42, 'rzz': 20, 'sx': 16, 'cz': 9, 'barrier': 4}",20,20,0,ok,,27.0,14.0,ok,,0.95,0.909515077065,23.0,12.0,0.95,0.909515077065,23.0,12.0,0.99,0.980598015237,24.0,12.0,False,False,False,,
two_qutrit,monomial_full,sup023_P012_ph022,True,False,0.0,0.666667,68.0,74.65,3.47,144.0,132.1,29.0,26.6,128.0,"{'rz': 57, 'rx': 42, 'rzz': 20, 'sx': 16, 'cz': 9, 'barrier': 4}",20,20,0,ok,,27.0,14.0,ok,,0.92,0.865665966086,24.0,12.0,0.95,0.976316437081,24.0,12.0,0.95,0.976316437081,24.0,12.0,False,False,False,,
two_qutrit,monomial_full,sup023_P012_ph100,True,False,0.0,0.666667,68.0,74.65,3.47,144.0,131.65,29.0,26.6,128.0,"{'rz': 57, 'rx': 42, 'rzz': 20, 'sx': 16, 'cz': 9, 'barrier': 4}",20,20,0,ok,,27.0,14.0,ok,,0.95,0.914689422572,24.0,12.0,0.95,0.914689422572,24.0,12.0,0.98,0.979337069098,24.0,12.0,False,False,False,,
two_qutrit,monomial_full,sup023_P012_ph101,True,False,0.0,0.666667,68.0,74.65,3.47,145.0,132.05,29.0,26.6,128.0,"{'rz': 57, 'rx': 43, 'rzz': 20, 'sx': 16, 'cz': 9, 'barrier': 4}",20,20,0,ok,,27.0,14.0,ok,,0.91,0.852185835098,24.0,12.0,0.95,0.993898155763,24.0,12.0,0.95,0.993898155763,24.0,12.0,False,False,False,,
two_qutrit,monomial_full,sup023_P012_ph102,True,False,0.0,0.666667,68.0,74.3,3.24,142.0,130.45,29.0,26.6,128.0,"{'rz': 54, 'rx': 43, 'rzz': 20, 'sx': 16, 'cz': 9, 'barrier': 4}",20,20,0,ok,,27.0,14.0,ok,,0.95,0.951520443863,23.0,12.0,0.95,0.951520443863,23.0,12.0,0.95,0.951520443863,23.0,12.0,False,False,False,,
two_qutrit,monomial_full,sup023_P012_ph110,True,False,0.0,0.666667,68.0,74.65,3.47,145.0,132.65,29.0,26.6,128.0,"{'rz': 57, 'rx': 43, 'rzz': 20, 'sx': 16, 'cz': 9, 'barrier': 4}",20,20,0,ok,,27.0,14.0,ok,,0.95,0.978600955391,23.0,12.0,0.95,0.978600955391,23.0,12.0,0.95,0.978600955391,23.0,12.0,False,False,False,,
two_qutrit,monomial_full,sup023_P012_ph111,True,False,0.0,0.666667,68.0,74.3,3.42,142.0,130.55,29.0,26.6,128.0,"{'rz': 55, 'rx': 42, 'rzz': 20, 'sx': 16, 'cz': 9, 'barrier': 4}",20,20,0,ok,,27.0,14.0,ok,,0.95,0.978708102492,23.0,12.0,0.95,0.978708102492,23.0,12.0,0.95,0.978708102492,23.0,12.0,False,False,False,,
two_qutrit,monomial_full,sup023_P012_ph112,True,False,0.0,0.666667,68.0,74.35,3.41,145.0,131.6,29.0,26.6,128.0,"{'rz': 57, 'rx': 43, 'rzz': 20, 'sx': 16, 'cz': 9, 'barrier': 4}",20,20,0,ok,,27.0,14.0,ok,,0.95,0.872733640383,24.0,12.0,0.96,0.983732090072,24.0,12.0,0.96,0.983732090072,24.0,12.0,False,False,False,,
two_qutrit,monomial_full,sup023_P012_ph120,True,False,0.0,0.666667,68.0,74.6,3.46,143.0,130.65,29.0,26.6,128.0,"{'rz': 56, 'rx': 42, 'rzz': 20, 'sx': 16, 'cz': 9, 'barrier': 4}",20,20,0,ok,,27.0,14.0,ok,,0.95,0.926935192642,24.0,12.0,0.95,0.926935192642,24.0,12.0,0.98,0.993898155763,24.0,12.0,False,False,False,,
two_qutrit,monomial_full,sup023_P012_ph121,True,False,0.0,0.666667,68.0,74.55,3.47,145.0,132.85,29.0,26.6,128.0,"{'rz': 57, 'rx': 43, 'rzz': 20, 'sx': 16, 'cz': 9, 'barrier': 4}",20,20,0,ok,,27.0,14.0,ok,,0.95,0.895925331402,24.0,12.0,0.96,0.993898155763,24.0,12.0,0.96,0.993898155763,24.0,12.0,False,False,False,,
two_qutrit,monomial_full,sup023_P012_ph122,True,False,0.0,0.666667,68.0,74.65,3.47,145.0,132.25,29.0,26.6,128.0,"{'rz': 57, 'rx': 43, 'rzz': 20, 'sx': 16, 'cz': 9, 'barrier': 4}",20,20,0,ok,,27.0,14.0,ok,,0.95,0.907475925803,23.0,12.0,0.95,0.907475925803,23.0,12.0,0.98,0.978866217026,24.0,12.0,False,False,False,,
two_qutrit,monomial_full,sup023_P012_ph200,True,False,0.0,0.666667,68.0,74.3,3.41,145.0,131.65,29.0,26.6,128.0,"{'rz': 57, 'rx': 43, 'rzz': 20, 'sx': 16, 'cz': 9, 'barrier': 4}",20,20,0,ok,,27.0,14.0,ok,,0.95,0.948558317757,23.0,12.0,0.95,0.948558317757,23.0,12.0,0.99,0.976353079172,24.0,12.0,False,False,False,,
two_qutrit,monomial_full,sup023_P012_ph201,True,False,0.0,0.666667,68.0,74.3,3.24,143.0,131.85,29.0,26.6,128.0,"{'rz': 55, 'rx': 43, 'rzz': 20, 'sx': 16, 'cz': 9, 'barrier': 4}",20,20,0,ok,,27.0,14.0,ok,,0.91,0.884085289271,24.0,12.0,0.95,0.921633158848,24.0,12.0,0.98,0.993898155763,24.0,12.0,False,False,False,,
two_qutrit,monomial_full,sup023_P012_ph202,True,False,0.0,0.666667,68.0,74.55,3.47,145.0,132.45,29.0,26.6,128.0,"{'rz': 57, 'rx': 43, 'rzz': 20, 'sx': 16, 'cz': 9, 'barrier': 4}",20,20,0,ok,,27.0,14.0,ok,,0.95,0.8906986035,24.0,12.0,0.96,0.978553570104,24.0,12.0,0.96,0.978553570104,24.0,12.0,False,False,False,,
two_qutrit,monomial_full,sup023_P012_ph210,True,False,0.0,0.666667,68.0,74.6,3.46,144.0,131.2,29.0,26.6,128.0,"{'rz': 56, 'rx': 43, 'rzz': 20, 'sx': 16, 'cz': 9, 'barrier': 4}",20,20,0,ok,,27.0,14.0,ok,,0.95,0.980055553272,24.0,12.0,0.95,0.980055553272,24.0,12.0,0.95,0.980055553272,24.0,12.0,False,False,False,,
two_qutrit,monomial_full,sup023_P012_ph211,True,False,0.0,0.666667,68.0,74.65,3.47,144.0,131.95,29.0,26.6,128.0,"{'rz': 57, 'rx': 42, 'rzz': 20, 'sx': 16, 'cz': 9, 'barrier': 4}",20,20,0,ok,,27.0,14.0,ok,,0.95,0.881887307952,23.0,12.0,0.97,0.978657078586,24.0,12.0,0.97,0.978657078586,24.0,12.0,False,False,False,,
two_qutrit,monomial_full,sup023_P012_ph212,True,False,0.0,0.666667,68.0,74.55,3.47,144.0,131.85,29.0,26.6,128.0,"{'rz': 57, 'rx': 42, 'rzz': 20, 'sx': 16, 'cz': 9, 'barrier': 4}",20,20,0,ok,,27.0,14.0,ok,,0.92,0.913660269838,23.0,12.0,0.92,0.913660269838,23.0,12.0,0.96,0.951019843592,23.0,12.0,False,False,False,,
two_qutrit,monomial_full,sup023_P012_ph220,True,False,0.0,0.666667,68.0,74.3,3.41,144.0,131.45,29.0,26.6,128.0,"{'rz': 56, 'rx': 43, 'rzz': 20, 'sx': 16, 'cz': 9, 'barrier': 4}",20,20,0,ok,,27.0,14.0,ok,,0.95,0.895925331402,24.0,12.0,0.96,0.993898155763,24.0,12.0,0.96,0.993898155763,24.0,12.0,False,False,False,,
two_qutrit,monomial_full,sup023_P012_ph221,True,False,0.0,0.666667,68.0,74.65,3.47,145.0,132.65,29.0,26.6,128.0,"{'rz': 57, 'rx': 43, 'rzz': 20, 'sx': 16, 'cz': 9, 'barrier': 4}",20,20,0,ok,,27.0,14.0,ok,,0.95,0.93353517889,23.0,12.0,0.95,0.93353517889,23.0,12.0,,,,,False,False,False,,
two_qutrit,monomial_full,sup023_P012_ph222,True,False,0.0,0.666667,68.0,74.1,3.22,144.0,131.2,29.0,26.6,128.0,"{'rz': 56, 'rx': 43, 'rzz': 20, 'sx': 16, 'cz': 9, 'barrier': 4}",20,20,0,ok,,27.0,14.0,ok,,0.93,0.857684840799,24.0,12.0,0.95,0.993898155763,24.0,12.0,0.95,0.993898155763,24.0,12.0,False,False,False,,
two_qutrit,monomial_full,sup023_P021_ph000,True,False,0.0,0.666667,56.0,63.2,3.66,125.0,112.55,27.0,24.6,128.0,"{'rz': 45, 'rx': 37, 'rzz': 16, 'sx': 16, 'cz': 11, 'barrier': 4}",20,20,0,ok,,21.0,12.0,ok,,0.95,0.884215501443,18.0,10.0,0.98,0.983432702517,18.0,10.0,0.98,0.983432702517,18.0,10.0,False,False,False,,
two_qutrit,monomial_full,sup023_P021_ph001,True,False,0.0,0.666667,58.0,65.2,3.82,128.0,115.3,27.0,24.6,128.0,"{'rz': 48, 'rx': 37, 'rzz': 16, 'sx': 16, 'cz': 11, 'barrier': 4}",20,20,0,ok,,22.0,12.0,ok,,0.95,0.884215501443,19.0,10.0,0.96,0.993898155763,19.0,10.0,0.96,0.993898155763,19.0,10.0,False,False,False,,
two_qutrit,monomial_full,sup023_P021_ph002,True,False,0.0,0.666667,60.0,67.2,3.66,133.0,120.15,27.0,24.6,128.0,"{'rz': 50, 'rx': 40, 'rzz': 16, 'sx': 16, 'cz': 11, 'barrier': 4}",20,20,0,ok,,22.0,12.0,ok,,0.91,0.857684840799,19.0,10.0,0.95,0.993898155763,19.0,10.0,0.95,0.993898155763,19.0,10.0,False,False,False,,
two_qutrit,monomial_full,sup023_P021_ph010,True,False,0.0,0.666667,59.0,66.65,3.85,132.0,118.9,27.0,24.6,128.0,"{'rz': 49, 'rx': 40, 'rzz': 16, 'sx': 16, 'cz': 11, 'barrier': 4}",20,20,0,ok,,22.0,12.0,ok,,0.91,0.857684840799,19.0,10.0,0.95,0.993898155763,19.0,10.0,0.95,0.993898155763,19.0,10.0,False,False,False,,
two_qutrit,monomial_full,sup023_P021_ph011,True,False,0.0,0.666667,59.0,66.3,3.7,130.0,117.6,27.0,24.6,128.0,"{'rz': 47, 'rx': 40, 'rzz': 16, 'sx': 16, 'cz': 11, 'barrier': 4}",20,20,0,ok,,22.0,12.0,ok,,0.91,0.857684840799,19.0,10.0,0.95,0.993898155763,19.0,10.0,0.95,0.993898155763,19.0,10.0,False,False,False,,
two_qutrit,monomial_full,sup023_P021_ph012,True,False,0.0,0.666667,60.0,67.2,3.66,133.0,120.15,27.0,24.6,128.0,"{'rz': 50, 'rx': 40, 'rzz': 16, 'sx': 16, 'cz': 11, 'barrier': 4}",20,20,0,ok,,22.0,12.0,ok,,0.91,0.86738834643,19.0,10.0,0.96,0.993898155763,19.0,10.0,0.96,0.993898155763,19.0,10.0,False,False,False,,
two_qutrit,monomial_full,sup023_P021_ph020,True,False,0.0,0.666667,60.0,67.2,3.66,133.0,120.15,27.0,24.6,128.0,"{'rz': 50, 'rx': 40, 'rzz': 16, 'sx': 16, 'cz': 11, 'barrier': 4}",20,20,0,ok,,22.0,12.0,ok,,0.91,0.869128998766,19.0,10.0,0.96,0.993898155763,19.0,10.0,0.96,0.993898155763,19.0,10.0,False,False,False,,
two_qutrit,monomial_full,sup023_P021_ph021,True,False,0.0,0.666667,60.0,67.2,3.66,133.0,120.15,27.0,24.6,128.0,"{'rz': 50, 'rx': 40, 'rzz': 16, 'sx': 16, 'cz': 11, 'barrier': 4}",20,20,0,ok,,22.0,12.0,ok,,0.91,0.869128998766,19.0,10.0,0.96,0.993898155763,19.0,10.0,0.96,0.993898155763,19.0,10.0,False,False,False,,
two_qutrit,monomial_full,sup023_P021_ph022,True,False,0.0,0.666667,59.0,65.95,3.61,129.0,116.35,27.0,24.6,128.0,"{'rz': 46, 'rx': 40, 'rzz': 16, 'sx': 16, 'cz': 11, 'barrier': 4}",20,20,0,ok,,22.0,12.0,ok,,0.91,0.869128998766,18.0,10.0,0.96,0.993898155763,19.0,10.0,0.96,0.993898155763,19.0,10.0,False,False,False,,
two_qutrit,monomial_full,sup023_P021_ph100,True,False,0.0,0.666667,59.0,65.75,3.74,129.0,115.85,27.0,24.6,128.0,"{'rz': 49, 'rx': 37, 'rzz': 16, 'sx': 16, 'cz': 11, 'barrier': 4}",20,20,0,ok,,22.0,12.0,ok,,0.91,0.869128998766,19.0,10.0,0.96,0.993898155763,19.0,10.0,0.96,0.993898155763,19.0,10.0,False,False,False,,
two_qutrit,monomial_full,sup023_P021_ph101,True,False,0.0,0.666667,60.0,67.2,3.66,133.0,120.15,27.0,24.6,128.0,"{'rz': 50, 'rx': 40, 'rzz': 16, 'sx': 16, 'cz': 11, 'barrier': 4}",20,20,0,ok,,22.0,12.0,ok,,0.95,0.951184609503,19.0,10.0,0.95,0.951184609503,19.0,10.0,0.95,0.951184609503,19.0,10.0,False,False,False,,
two_qutrit,monomial_full,sup023_P021_ph102,True,False,0.0,0.666667,57.0,63.5,3.37,125.0,112.75,27.0,24.6,128.0,"{'rz': 46, 'rx': 36, 'rzz': 16, 'sx': 16, 'cz': 11, 'barrier': 4}",20,20,0,ok,,21.0,12.0,ok,,0.92,0.869128998766,18.0,10.0,0.96,0.993898155763,18.0,10.0,0.96,0.993898155763,18.0,10.0,False,False,False,,
two_qutrit,monomial_full,sup023_P021_ph110,True,False,0.0,0.666667,59.0,66.3,3.7,130.0,117.6,27.0,24.6,128.0,"{'rz': 47, 'rx': 40, 'rzz': 16, 'sx': 16, 'cz': 11, 'barrier': 4}",20,20,0,ok,,22.0,12.0,ok,,0.91,0.869128998766,18.0,10.0,0.96,0.993898155763,19.0,10.0,0.96,0.993898155763,19.0,10.0,False,False,False,,
two_qutrit,monomial_full,sup023_P021_ph111,True,False,0.0,0.666667,59.0,66.65,3.85,132.0,118.9,27.0,24.6,128.0,"{'rz': 49, 'rx': 40, 'rzz': 16, 'sx': 16, 'cz': 11, 'barrier': 4}",20,20,0,ok,,22.0,12.0,ok,,0.95,0.870843542794,19.0,10.0,0.96,0.993898155763,19.0,10.0,0.96,0.993898155763,19.0,10.0,False,False,False,,
two_qutrit,monomial_full,sup023_P021_ph112,True,False,0.0,0.666667,59.0,65.75,3.74,129.0,115.85,27.0,24.6,128.0,"{'rz': 49, 'rx': 37, 'rzz': 16, 'sx': 16, 'cz': 11, 'barrier': 4}",20,20,0,ok,,22.0,12.0,ok,,0.95,0.891867912162,19.0,10.0,0.96,0.993898155763,19.0,10.0,0.96,0.993898155763,19.0,10.0,False,False,False,,
two_qutrit,monomial_full,sup023_P021_ph120,True,False,0.0,0.666667,59.0,66.65,3.85,132.0,119.6,27.0,24.6,128.0,"{'rz': 49, 'rx': 40, 'rzz': 16, 'sx': 16, 'cz': 11, 'barrier': 4}",20,20,0,ok,,22.0,12.0,ok,,0.95,0.993898155763,19.0,10.0,0.95,0.993898155763,19.0,10.0,0.95,0.993898155763,19.0,10.0,False,False,False,,
two_qutrit,monomial_full,sup023_P021_ph121,True,False,0.0,0.666667,59.0,65.95,3.61,129.0,117.05,27.0,24.6,128.0,"{'rz': 47, 'rx': 39, 'rzz': 16, 'sx': 16, 'cz': 11, 'barrier': 4}",20,20,0,ok,,22.0,12.0,ok,,0.92,0.857684840799,19.0,10.0,0.95,0.993898155763,19.0,10.0,0.95,0.993898155763,19.0,10.0,False,False,False,,
two_qutrit,monomial_full,sup023_P021_ph122,True,False,0.0,0.666667,59.0,66.55,3.8,132.0,119.4,27.0,24.6,128.0,"{'rz': 49, 'rx': 40, 'rzz': 16, 'sx': 16, 'cz': 11, 'barrier': 4}",20,20,0,ok,,22.0,12.0,ok,,0.95,0.921044148242,19.0,10.0,0.95,0.921044148242,19.0,10.0,0.98,0.993898155763,19.0,10.0,False,False,False,,
two_qutrit,monomial_full,sup023_P021_ph200,True,False,0.0,0.666667,58.0,65.2,3.82,128.0,114.6,27.0,24.6,128.0,"{'rz': 48, 'rx': 37, 'rzz': 16, 'sx': 16, 'cz': 11, 'barrier': 4}",20,20,0,ok,,21.0,12.0,ok,,0.91,0.857684840799,18.0,10.0,0.95,0.993898155763,18.0,10.0,0.95,0.993898155763,18.0,10.0,False,False,False,,
two_qutrit,monomial_full,sup023_P021_ph201,True,False,0.0,0.666667,57.0,63.5,3.37,125.0,112.75,27.0,24.6,128.0,"{'rz': 46, 'rx': 36, 'rzz': 16, 'sx': 16, 'cz': 11, 'barrier': 4}",20,20,0,ok,,21.0,12.0,ok,,0.95,0.966846100612,18.0,10.0,0.95,0.966846100612,18.0,10.0,0.95,0.966846100612,18.0,10.0,False,False,False,,
two_qutrit,monomial_full,sup023_P021_ph202,True,False,0.0,0.666667,60.0,67.2,3.66,133.0,120.15,27.0,24.6,128.0,"{'rz': 50, 'rx': 40, 'rzz': 16, 'sx': 16, 'cz': 11, 'barrier': 4}",20,20,0,ok,,22.0,12.0,ok,,0.91,0.869128998766,19.0,10.0,0.96,0.993898155763,19.0,10.0,0.96,0.993898155763,19.0,10.0,False,False,False,,
two_qutrit,monomial_full,sup023_P021_ph210,True,False,0.0,0.666667,59.0,65.75,3.74,129.0,115.85,27.0,24.6,128.0,"{'rz': 49, 'rx': 37, 'rzz': 16, 'sx': 16, 'cz': 11, 'barrier': 4}",20,20,0,ok,,22.0,12.0,ok,,0.95,0.884215501443,19.0,10.0,0.96,0.993898155763,19.0,10.0,0.96,0.993898155763,19.0,10.0,False,False,False,,
two_qutrit,monomial_full,sup023_P021_ph211,True,False,0.0,0.666667,59.0,66.55,3.8,132.0,119.4,27.0,24.6,128.0,"{'rz': 49, 'rx': 40, 'rzz': 16, 'sx': 16, 'cz': 11, 'barrier': 4}",20,20,0,ok,,22.0,12.0,ok,,0.91,0.859794273452,19.0,10.0,0.95,0.99369387728,19.0,10.0,0.95,0.99369387728,19.0,10.0,False,False,False,,
two_qutrit,monomial_full,sup023_P021_ph212,True,False,0.0,0.666667,57.0,63.85,3.57,126.0,113.3,27.0,24.6,128.0,"{'rz': 46, 'rx': 37, 'rzz': 16, 'sx': 16, 'cz': 11, 'barrier': 4}",20,20,0,ok,,21.0,12.0,ok,,0.95,0.884215501443,18.0,10.0,0.96,0.993898155763,18.0,10.0,0.96,0.993898155763,18.0,10.0,False,False,False,,
two_qutrit,monomial_full,sup023_P021_ph220,True,False,0.0,0.666667,56.0,62.85,3.45,124.0,112.0,27.0,24.6,128.0,"{'rz': 45, 'rx': 36, 'rzz': 16, 'sx': 16, 'cz': 11, 'barrier': 4}",20,20,0,ok,,21.0,12.0,ok,,0.91,0.869128998766,18.0,10.0,0.96,0.993898155763,18.0,10.0,0.96,0.993898155763,18.0,10.0,False,False,False,,
two_qutrit,monomial_full,sup023_P021_ph221,True,False,0.0,0.666667,59.0,66.65,3.85,132.0,118.9,27.0,24.6,128.0,"{'rz': 49, 'rx': 40, 'rzz': 16, 'sx': 16, 'cz': 11, 'barrier': 4}",20,20,0,ok,,22.0,12.0,ok,,0.91,0.863702388191,19.0,10.0,0.95,0.993898155763,19.0,10.0,0.95,0.993898155763,19.0,10.0,False,False,False,,
two_qutrit,monomial_full,sup023_P021_ph222,True,False,0.0,0.666667,59.0,65.75,3.74,129.0,115.85,27.0,24.6,128.0,"{'rz': 49, 'rx': 37, 'rzz': 16, 'sx': 16, 'cz': 11, 'barrier': 4}",20,20,0,ok,,22.0,12.0,ok,,0.91,0.869128998766,19.0,10.0,0.96,0.993898155763,19.0,10.0,0.96,0.993898155763,19.0,10.0,False,False,False,,
two_qutrit,monomial_full,sup023_P102_ph000,True,False,0.0,0.666667,65.0,73.0,4.0,143.0,131.65,29.0,26.6,128.0,"{'rz': 56, 'rx': 42, 'rzz': 20, 'sx': 16, 'cz': 9, 'barrier': 4}",20,20,0,ok,,26.0,14.0,ok,,0.91,0.857684840799,23.0,12.0,0.95,0.993898155763,23.0,12.0,0.95,0.993898155763,23.0,12.0,False,False,False,,
two_qutrit,monomial_full,sup023_P102_ph001,True,False,0.0,0.666667,73.0,81.0,4.0,156.0,143.45,31.0,28.6,128.0,"{'rz': 62, 'rx': 47, 'rzz': 22, 'sx': 16, 'cz': 9, 'barrier': 4}",20,20,0,ok,,29.0,16.0,ok,,0.95,0.975221572462,26.0,14.0,0.95,0.975221572462,26.0,14.0,0.95,0.975221572462,26.0,14.0,False,False,False,,
two_qutrit,monomial_full,sup023_P102_ph002,True,False,0.0,0.666667,72.0,80.0,4.0,155.0,142.3,31.0,28.6,128.0,"{'rz': 62, 'rx': 46, 'rzz': 22, 'sx': 16, 'cz': 9, 'barrier': 4}",20,20,0,ok,,28.0,16.0,ok,,0.93,0.867210014894,25.0,14.0,0.95,0.971341525333,25.0,14.0,0.95,0.971341525333,25.0,14.0,False,False,False,,
two_qutrit,monomial_full,sup023_P102_ph010,True,False,0.0,0.666667,68.0,76.0,4.0,149.0,137.45,29.0,26.6,128.0,"{'rz': 60, 'rx': 44, 'rzz': 20, 'sx': 16, 'cz': 9, 'barrier': 4}",20,20,0,ok,,27.0,14.0,ok,,0.95,0.891806810064,24.0,12.0,0.96,0.978481065206,24.0,12.0,0.96,0.978481065206,24.0,12.0,False,False,False,,
two_qutrit,monomial_full,sup023_P102_ph011,True,False,0.0,0.666667,73.0,81.0,4.0,156.0,143.05,31.0,28.6,128.0,"{'rz': 62, 'rx': 47, 'rzz': 22, 'sx': 16, 'cz': 9, 'barrier': 4}",20,20,0,ok,,29.0,16.0,ok,,0.95,0.980700401875,26.0,14.0,0.95,0.980700401875,26.0,14.0,0.95,0.980700401875,26.0,14.0,False,False,False,,
two_qutrit,monomial_full,sup023_P102_ph012,True,False,0.0,0.666667,73.0,81.0,4.0,157.0,144.65,31.0,28.6,128.0,"{'rz': 62, 'rx': 48, 'rzz': 22, 'sx': 16, 'cz': 9, 'barrier': 4}",20,20,0,ok,,29.0,16.0,ok,,0.95,0.980700401875,26.0,14.0,0.95,0.980700401875,26.0,14.0,0.95,0.980700401875,26.0,14.0,False,False,False,,
two_qutrit,monomial_full,sup023_P102_ph020,True,False,0.0,0.666667,68.0,76.0,4.0,149.0,137.45,29.0,26.6,128.0,"{'rz': 60, 'rx': 44, 'rzz': 20, 'sx': 16, 'cz': 9, 'barrier': 4}",20,20,0,ok,,27.0,14.0,ok,,0.91,0.863797060986,24.0,12.0,0.95,0.976284253337,24.0,12.0,0.95,0.976284253337,24.0,12.0,False,False,False,,
two_qutrit,monomial_full,sup023_P102_ph021,True,False,0.0,0.666667,73.0,81.0,4.0,156.0,143.45,31.0,28.6,128.0,"{'rz': 62, 'rx': 47, 'rzz': 22, 'sx': 16, 'cz': 9, 'barrier': 4}",20,20,0,ok,,29.0,16.0,ok,,0.91,0.865362736767,26.0,14.0,0.95,0.976302951023,26.0,14.0,0.95,0.976302951023,26.0,14.0,False,False,False,,
two_qutrit,monomial_full,sup023_P102_ph022,True,False,0.0,0.666667,73.0,81.0,4.0,157.0,144.5,31.0,28.6,128.0,"{'rz': 62, 'rx': 48, 'rzz': 22, 'sx': 16, 'cz': 9, 'barrier': 4}",20,20,0,ok,,29.0,16.0,ok,,0.95,0.923257354208,26.0,14.0,0.95,0.923257354208,26.0,14.0,0.97,0.979636231344,26.0,14.0,False,False,False,,
two_qutrit,monomial_full,sup023_P102_ph100,True,False,0.0,0.666667,73.0,81.0,4.0,156.0,143.45,31.0,28.6,128.0,"{'rz': 62, 'rx': 47, 'rzz': 22, 'sx': 16, 'cz': 9, 'barrier': 4}",20,20,0,ok,,29.0,16.0,ok,,0.91,0.85320862119,26.0,14.0,0.95,0.993996385422,26.0,14.0,0.95,0.993996385422,26.0,14.0,False,False,False,,
two_qutrit,monomial_full,sup023_P102_ph101,True,False,0.0,0.666667,72.0,80.45,4.25,155.0,143.55,31.0,28.6,128.0,"{'rz': 62, 'rx': 46, 'rzz': 22, 'sx': 16, 'cz': 9, 'barrier': 4}",20,20,0,ok,,28.0,16.0,ok,,0.91,0.857684840799,25.0,14.0,0.95,0.993898155763,25.0,14.0,0.95,0.993898155763,25.0,14.0,False,False,False,,
two_qutrit,monomial_full,sup023_P102_ph102,True,False,0.0,0.666667,68.0,76.0,4.0,149.0,137.45,29.0,26.6,128.0,"{'rz': 60, 'rx': 44, 'rzz': 20, 'sx': 16, 'cz': 9, 'barrier': 4}",20,20,0,ok,,27.0,14.0,ok,,0.91,0.908845856086,24.0,12.0,0.91,0.908845856086,24.0,12.0,0.99,0.98102314082,24.0,12.0,False,False,False,,
two_qutrit,monomial_full,sup023_P102_ph110,True,False,0.0,0.666667,72.0,80.45,4.25,155.0,143.1,31.0,28.6,128.0,"{'rz': 62, 'rx': 46, 'rzz': 22, 'sx': 16, 'cz': 9, 'barrier': 4}",20,20,0,ok,,28.0,16.0,ok,,0.95,0.948821617582,25.0,14.0,0.95,0.948821617582,25.0,14.0,0.98,0.976497817771,25.0,14.0,False,False,False,,
two_qutrit,monomial_full,sup023_P102_ph111,True,False,0.0,0.666667,73.0,81.0,4.0,157.0,144.65,31.0,28.6,128.0,"{'rz': 62, 'rx': 48, 'rzz': 22, 'sx': 16, 'cz': 9, 'barrier': 4}",20,20,0,ok,,29.0,16.0,ok,,0.95,0.982046708716,26.0,14.0,0.95,0.982046708716,26.0,14.0,0.95,0.982046708716,26.0,14.0,False,False,False,,
two_qutrit,monomial_full,sup023_P102_ph112,True,False,0.0,0.666667,68.0,76.0,4.0,149.0,137.45,29.0,26.6,128.0,"{'rz': 60, 'rx': 44, 'rzz': 20, 'sx': 16, 'cz': 9, 'barrier': 4}",20,20,0,ok,,27.0,14.0,ok,,0.95,0.925518701737,24.0,12.0,0.95,0.925518701737,24.0,12.0,0.98,0.993898155763,24.0,12.0,False,False,False,,
two_qutrit,monomial_full,sup023_P102_ph120,True,False,0.0,0.666667,73.0,79.65,3.45,153.0,140.85,31.0,28.6,128.0,"{'rz': 59, 'rx': 47, 'rzz': 22, 'sx': 16, 'cz': 9, 'barrier': 4}",20,20,0,ok,,29.0,16.0,ok,,0.96,0.978600955391,26.0,14.0,0.96,0.978600955391,26.0,14.0,0.96,0.978600955391,26.0,14.0,False,False,False,,
two_qutrit,monomial_full,sup023_P102_ph121,True,False,0.0,0.666667,72.0,80.0,4.0,155.0,141.85,31.0,28.6,128.0,"{'rz': 62, 'rx': 46, 'rzz': 22, 'sx': 16, 'cz': 9, 'barrier': 4}",20,20,0,ok,,28.0,16.0,ok,,0.91,0.881114904047,25.0,14.0,0.95,0.964205996811,25.0,14.0,0.95,0.964205996811,25.0,14.0,False,False,False,,
two_qutrit,monomial_full,sup023_P102_ph122,True,False,0.0,0.666667,68.0,76.0,4.0,149.0,137.45,29.0,26.6,128.0,"{'rz': 60, 'rx': 44, 'rzz': 20, 'sx': 16, 'cz': 9, 'barrier': 4}",20,20,0,ok,,27.0,14.0,ok,,0.95,0.983182751625,24.0,12.0,0.95,0.983182751625,24.0,12.0,0.95,0.983182751625,24.0,12.0,False,False,False,,
two_qutrit,monomial_full,sup023_P102_ph200,True,False,0.0,0.666667,72.0,80.0,4.0,155.0,141.85,31.0,28.6,128.0,"{'rz': 62, 'rx': 46, 'rzz': 22, 'sx': 16, 'cz': 9, 'barrier': 4}",20,20,0,ok,,28.0,16.0,ok,,0.95,0.979931342953,25.0,14.0,0.95,0.979931342953,25.0,14.0,0.95,0.979931342953,25.0,14.0,False,False,False,,
two_qutrit,monomial_full,sup023_P102_ph201,True,False,0.0,0.666667,68.0,76.0,4.0,149.0,137.45,29.0,26.6,128.0,"{'rz': 60, 'rx': 44, 'rzz': 20, 'sx': 16, 'cz': 9, 'barrier': 4}",20,20,0,ok,,27.0,14.0,ok,,0.95,0.944481187673,24.0,12.0,0.95,0.944481187673,24.0,12.0,0.99,0.993898155763,24.0,12.0,False,False,False,,
two_qutrit,monomial_full,sup023_P102_ph202,True,False,0.0,0.666667,73.0,81.0,4.0,156.0,143.05,31.0,28.6,128.0,"{'rz': 62, 'rx': 47, 'rzz': 22, 'sx': 16, 'cz': 9, 'barrier': 4}",20,20,0,ok,,29.0,16.0,ok,,0.91,0.87538367966,26.0,14.0,0.96,0.978260574114,26.0,14.0,0.96,0.978260574114,26.0,14.0,False,False,False,,
two_qutrit,monomial_full,sup023_P102_ph210,True,False,0.0,0.666667,73.0,81.0,4.0,157.0,144.6,31.0,28.6,128.0,"{'rz': 62, 'rx': 48, 'rzz': 22, 'sx': 16, 'cz': 9, 'barrier': 4}",20,20,0,ok,,29.0,16.0,ok,,0.91,0.874012592347,26.0,14.0,0.95,0.979298238541,26.0,14.0,0.95,0.979298238541,26.0,14.0,False,False,False,,
two_qutrit,monomial_full,sup023_P102_ph211,True,False,0.0,0.666667,68.0,76.0,4.0,149.0,137.45,29.0,26.6,128.0,"{'rz': 60, 'rx': 44, 'rzz': 20, 'sx': 16, 'cz': 9, 'barrier': 4}",20,20,0,ok,,27.0,14.0,ok,,0.92,0.873564789318,24.0,12.0,0.95,0.97998193366,24.0,12.0,0.95,0.97998193366,24.0,12.0,False,False,False,,
two_qutrit,monomial_full,sup023_P102_ph212,True,False,0.0,0.666667,73.0,81.0,4.0,156.0,143.05,31.0,28.6,128.0,"{'rz': 62, 'rx': 47, 'rzz': 22, 'sx': 16, 'cz': 9, 'barrier': 4}",20,20,0,ok,,29.0,16.0,ok,,0.96,0.910888678607,26.0,14.0,0.96,0.910888678607,26.0,14.0,0.97,0.984305052637,26.0,14.0,False,False,False,,
two_qutrit,monomial_full,sup023_P102_ph220,True,False,0.0,0.666667,72.0,80.0,4.0,155.0,141.85,31.0,28.6,128.0,"{'rz': 62, 'rx': 46, 'rzz': 22, 'sx': 16, 'cz': 9, 'barrier': 4}",20,20,0,ok,,28.0,16.0,ok,,0.95,0.889338992989,25.0,14.0,0.97,0.976315082532,25.0,14.0,0.97,0.976315082532,25.0,14.0,False,False,False,,
two_qutrit,monomial_full,sup023_P102_ph221,True,False,0.0,0.666667,68.0,76.0,4.0,149.0,137.45,29.0,26.6,128.0,"{'rz': 60, 'rx': 44, 'rzz': 20, 'sx': 16, 'cz': 9, 'barrier': 4}",20,20,0,ok,,27.0,14.0,ok,,0.91,0.878558522895,24.0,12.0,0.97,0.993898155763,24.0,12.0,0.97,0.993898155763,24.0,12.0,False,False,False,,
two_qutrit,monomial_full,sup023_P102_ph222,True,False,0.0,0.666667,73.0,81.0,4.0,157.0,143.9,31.0,28.6,128.0,"{'rz': 62, 'rx': 48, 'rzz': 22, 'sx': 16, 'cz': 9, 'barrier': 4}",20,20,0,ok,,29.0,16.0,ok,,0.93,0.873677766041,26.0,14.0,0.95,0.979900651203,26.0,14.0,0.95,0.979900651203,26.0,14.0,False,False,False,,
two_qutrit,monomial_full,sup023_P120_ph000,True,False,0.0,0.666667,66.0,72.6,3.32,142.0,129.0,29.0,26.6,128.0,"{'rz': 54, 'rx': 43, 'rzz': 20, 'sx': 16, 'cz': 9, 'barrier': 4}",20,20,0,ok,,26.0,14.0,ok,,0.91,0.850428399072,23.0,12.0,0.95,0.978708102492,23.0,12.0,0.95,0.978708102492,23.0,12.0,False,False,False,,
two_qutrit,monomial_full,sup023_P120_ph001,True,False,0.0,0.666667,65.0,72.45,3.77,142.0,129.75,29.0,26.6,128.0,"{'rz': 54, 'rx': 43, 'rzz': 20, 'sx': 16, 'cz': 9, 'barrier': 4}",20,20,0,ok,,25.0,14.0,ok,,0.91,0.857684840799,22.0,12.0,0.95,0.993898155763,22.0,12.0,0.95,0.993898155763,22.0,12.0,False,False,False,,
two_qutrit,monomial_full,sup023_P120_ph002,True,False,0.0,0.666667,68.0,75.05,3.57,144.0,132.75,29.0,26.6,128.0,"{'rz': 56, 'rx': 43, 'rzz': 20, 'sx': 16, 'cz': 9, 'barrier': 4}",20,20,0,ok,,27.0,14.0,ok,,0.96,0.980777537368,24.0,12.0,0.96,0.980777537368,24.0,12.0,0.96,0.980777537368,24.0,12.0,False,False,False,,
two_qutrit,monomial_full,sup023_P120_ph010,True,False,0.0,0.666667,68.0,75.6,3.95,146.0,133.9,29.0,26.6,128.0,"{'rz': 57, 'rx': 44, 'rzz': 20, 'sx': 16, 'cz': 9, 'barrier': 4}",20,20,0,ok,,27.0,14.0,ok,,0.91,0.887165485213,23.0,12.0,0.95,0.959988244374,23.0,12.0,0.95,0.959988244374,23.0,12.0,False,False,False,,
two_qutrit,monomial_full,sup023_P120_ph011,True,False,0.0,0.666667,68.0,75.65,3.95,147.0,134.75,29.0,26.6,128.0,"{'rz': 58, 'rx': 44, 'rzz': 20, 'sx': 16, 'cz': 9, 'barrier': 4}",20,20,0,ok,,27.0,14.0,ok,,0.95,0.870843542794,23.0,12.0,0.96,0.993898155763,24.0,12.0,0.96,0.993898155763,24.0,12.0,False,False,False,,
two_qutrit,monomial_full,sup023_P120_ph012,True,False,0.0,0.666667,68.0,75.3,3.85,147.0,134.4,29.0,26.6,128.0,"{'rz': 58, 'rx': 44, 'rzz': 20, 'sx': 16, 'cz': 9, 'barrier': 4}",20,20,0,ok,,27.0,14.0,ok,,0.91,0.850428399072,24.0,12.0,0.95,0.978708102492,24.0,12.0,0.95,0.978708102492,24.0,12.0,False,False,False,,
two_qutrit,monomial_full,sup023_P120_ph020,True,False,0.0,0.666667,68.0,75.65,3.95,147.0,134.75,29.0,26.6,128.0,"{'rz': 58, 'rx': 44, 'rzz': 20, 'sx': 16, 'cz': 9, 'barrier': 4}",20,20,0,ok,,27.0,14.0,ok,,0.95,0.984594708169,23.0,12.0,0.95,0.984594708169,23.0,12.0,0.95,0.984594708169,23.0,12.0,False,False,False,,
two_qutrit,monomial_full,sup023_P120_ph021,True,False,0.0,0.666667,68.0,75.2,3.82,146.0,134.0,29.0,26.6,128.0,"{'rz': 57, 'rx': 44, 'rzz': 20, 'sx': 16, 'cz': 9, 'barrier': 4}",20,20,0,ok,,27.0,14.0,ok,,0.94,0.857684840799,24.0,12.0,0.95,0.993898155763,24.0,12.0,0.95,0.993898155763,24.0,12.0,False,False,False,,
two_qutrit,monomial_full,sup023_P120_ph022,True,False,0.0,0.666667,68.0,75.65,3.95,147.0,134.45,29.0,26.6,128.0,"{'rz': 58, 'rx': 44, 'rzz': 20, 'sx': 16, 'cz': 9, 'barrier': 4}",20,20,0,ok,,27.0,14.0,ok,,0.95,0.895925331402,24.0,12.0,0.96,0.993898155763,24.0,12.0,0.96,0.993898155763,24.0,12.0,False,False,False,,
two_qutrit,monomial_full,sup023_P120_ph100,True,False,0.0,0.666667,68.0,75.65,3.95,146.0,134.35,29.0,26.6,128.0,"{'rz': 57, 'rx': 44, 'rzz': 20, 'sx': 16, 'cz': 9, 'barrier': 4}",20,20,0,ok,,27.0,14.0,ok,,0.96,0.976996113454,24.0,12.0,0.96,0.976996113454,24.0,12.0,0.96,0.976996113454,24.0,12.0,False,False,False,,
two_qutrit,monomial_full,sup023_P120_ph101,True,False,0.0,0.666667,68.0,75.65,3.95,147.0,134.75,29.0,26.6,128.0,"{'rz': 58, 'rx': 44, 'rzz': 20, 'sx': 16, 'cz': 9, 'barrier': 4}",20,20,0,ok,,27.0,14.0,ok,,0.95,0.904085450144,23.0,12.0,0.95,0.904085450144,23.0,12.0,0.96,0.980777537368,24.0,12.0,False,False,False,,
two_qutrit,monomial_full,sup023_P120_ph102,True,False,0.0,0.666667,68.0,75.55,3.93,146.0,134.35,29.0,26.6,128.0,"{'rz': 57, 'rx': 44, 'rzz': 20, 'sx': 16, 'cz': 9, 'barrier': 4}",20,20,0,ok,,27.0,14.0,ok,,0.96,0.884215501443,23.0,12.0,0.98,0.983493594594,24.0,12.0,0.98,0.983493594594,24.0,12.0,False,False,False,,
two_qutrit,monomial_full,sup023_P120_ph110,True,False,0.0,0.666667,68.0,74.9,3.51,144.0,133.4,29.0,26.6,128.0,"{'rz': 56, 'rx': 43, 'rzz': 20, 'sx': 16, 'cz': 9, 'barrier': 4}",20,20,0,ok,,27.0,14.0,ok,,0.91,0.869128998766,23.0,12.0,0.96,0.993898155763,24.0,12.0,0.96,0.993898155763,24.0,12.0,False,False,False,,
two_qutrit,monomial_full,sup023_P120_ph111,True,False,0.0,0.666667,68.0,74.45,3.38,143.0,132.3,29.0,26.6,128.0,"{'rz': 55, 'rx': 43, 'rzz': 20, 'sx': 16, 'cz': 9, 'barrier': 4}",20,20,0,ok,,27.0,14.0,ok,,0.91,0.857684840799,24.0,12.0,0.95,0.993898155763,24.0,12.0,0.95,0.993898155763,24.0,12.0,False,False,False,,
two_qutrit,monomial_full,sup023_P120_ph112,True,False,0.0,0.666667,68.0,75.05,3.57,143.0,132.1,29.0,26.6,128.0,"{'rz': 54, 'rx': 44, 'rzz': 20, 'sx': 16, 'cz': 9, 'barrier': 4}",20,20,0,ok,,27.0,14.0,ok,,0.91,0.857684840799,22.0,12.0,0.95,0.993898155763,22.0,12.0,0.95,0.993898155763,22.0,12.0,False,False,False,,
two_qutrit,monomial_full,sup023_P120_ph120,True,False,0.0,0.666667,68.0,75.3,3.85,147.0,134.4,29.0,26.6,128.0,"{'rz': 58, 'rx': 44, 'rzz': 20, 'sx': 16, 'cz': 9, 'barrier': 4}",20,20,0,ok,,27.0,14.0,ok,,0.91,0.850428399072,23.0,12.0,0.95,0.978708102492,23.0,12.0,0.95,0.978708102492,23.0,12.0,False,False,False,,
two_qutrit,monomial_full,sup023_P120_ph121,True,False,0.0,0.666667,68.0,75.6,3.95,147.0,134.05,29.0,26.6,128.0,"{'rz': 58, 'rx': 44, 'rzz': 20, 'sx': 16, 'cz': 9, 'barrier': 4}",20,20,0,ok,,27.0,14.0,ok,,0.91,0.857684840799,24.0,12.0,0.95,0.993898155763,24.0,12.0,0.95,0.993898155763,24.0,12.0,False,False,False,,
two_qutrit,monomial_full,sup023_P120_ph122,True,False,0.0,0.666667,68.0,75.65,3.95,147.0,134.75,29.0,26.6,128.0,"{'rz': 58, 'rx': 44, 'rzz': 20, 'sx': 16, 'cz': 9, 'barrier': 4}",20,20,0,ok,,27.0,14.0,ok,,0.91,0.869565746897,24.0,12.0,0.95,0.980777537368,24.0,12.0,0.95,0.980777537368,24.0,12.0,False,False,False,,
two_qutrit,monomial_full,sup023_P120_ph200,True,False,0.0,0.666667,68.0,75.65,3.95,147.0,134.75,29.0,26.6,128.0,"{'rz': 58, 'rx': 44, 'rzz': 20, 'sx': 16, 'cz': 9, 'barrier': 4}",20,20,0,ok,,27.0,14.0,ok,,0.96,0.988793138867,24.0,12.0,0.96,0.988793138867,24.0,12.0,0.96,0.988793138867,24.0,12.0,False,False,False,,
two_qutrit,monomial_full,sup023_P120_ph201,True,False,0.0,0.666667,68.0,75.3,3.85,147.0,134.4,29.0,26.6,128.0,"{'rz': 58, 'rx': 44, 'rzz': 20, 'sx': 16, 'cz': 9, 'barrier': 4}",20,20,0,ok,,27.0,14.0,ok,,0.91,0.857684840799,24.0,12.0,0.95,0.993898155763,24.0,12.0,0.95,0.993898155763,24.0,12.0,False,False,False,,
two_qutrit,monomial_full,sup023_P120_ph202,True,False,0.0,0.666667,68.0,75.6,3.95,147.0,133.8,29.0,26.6,128.0,"{'rz': 58, 'rx': 44, 'rzz': 20, 'sx': 16, 'cz': 9, 'barrier': 4}",20,20,0,ok,,27.0,14.0,ok,,0.91,0.857684840799,24.0,12.0,0.95,0.993898155763,24.0,12.0,0.95,0.993898155763,24.0,12.0,False,False,False,,
two_qutrit,monomial_full,sup023_P120_ph210,True,False,0.0,0.666667,68.0,75.2,3.82,146.0,134.0,29.0,26.6,128.0,"{'rz': 57, 'rx': 44, 'rzz': 20, 'sx': 16, 'cz': 9, 'barrier': 4}",20,20,0,ok,,27.0,14.0,ok,,0.95,0.978600955391,24.0,12.0,0.95,0.978600955391,24.0,12.0,0.95,0.978600955391,24.0,12.0,False,False,False,,
two_qutrit,monomial_full,sup023_P120_ph211,True,False,0.0,0.666667,68.0,75.6,3.95,147.0,134.05,29.0,26.6,128.0,"{'rz': 58, 'rx': 44, 'rzz': 20, 'sx': 16, 'cz': 9, 'barrier': 4}",20,20,0,ok,,27.0,14.0,ok,,0.96,0.993898155763,24.0,12.0,0.96,0.993898155763,24.0,12.0,0.96,0.993898155763,24.0,12.0,False,False,False,,
two_qutrit,monomial_full,sup023_P120_ph212,True,False,0.0,0.666667,68.0,75.65,3.95,147.0,134.75,29.0,26.6,128.0,"{'rz': 58, 'rx': 44, 'rzz': 20, 'sx': 16, 'cz': 9, 'barrier': 4}",20,20,0,ok,,27.0,14.0,ok,,0.91,0.857684840799,24.0,12.0,0.95,0.993898155763,24.0,12.0,0.95,0.993898155763,24.0,12.0,False,False,False,,
two_qutrit,monomial_full,sup023_P120_ph220,True,False,0.0,0.666667,66.0,73.25,3.69,144.0,130.45,29.0,26.6,128.0,"{'rz': 55, 'rx': 44, 'rzz': 20, 'sx': 16, 'cz': 9, 'barrier': 4}",20,20,0,ok,,25.0,14.0,ok,,0.91,0.857684840799,22.0,12.0,0.95,0.993898155763,22.0,12.0,0.95,0.993898155763,22.0,12.0,False,False,False,,
two_qutrit,monomial_full,sup023_P120_ph221,True,False,0.0,0.666667,68.0,74.9,3.51,144.0,133.4,29.0,26.6,128.0,"{'rz': 56, 'rx': 43, 'rzz': 20, 'sx': 16, 'cz': 9, 'barrier': 4}",20,20,0,ok,,27.0,14.0,ok,,0.91,0.869128998766,23.0,12.0,0.96,0.993898155763,24.0,12.0,0.96,0.993898155763,24.0,12.0,False,False,False,,
two_qutrit,monomial_full,sup023_P120_ph222,True,False,0.0,0.666667,68.0,74.35,3.28,144.0,132.35,29.0,26.6,128.0,"{'rz': 56, 'rx': 43, 'rzz': 20, 'sx': 16, 'cz': 9, 'barrier': 4}",20,20,0,ok,,27.0,14.0,ok,,0.95,0.978600955391,24.0,12.0,0.95,0.978600955391,24.0,12.0,0.95,0.978600955391,24.0,12.0,False,False,False,,
two_qutrit,monomial_full,sup023_P201_ph000,True,False,0.0,0.666667,59.0,66.65,3.85,131.0,118.15,27.0,24.6,128.0,"{'rz': 49, 'rx': 39, 'rzz': 16, 'sx': 16, 'cz': 11, 'barrier': 4}",20,20,0,ok,,22.0,12.0,ok,,0.91,0.862754329196,19.0,10.0,0.95,0.981444464489,19.0,10.0,0.95,0.981444464489,19.0,10.0,False,False,False,,
two_qutrit,monomial_full,sup023_P201_ph001,True,False,0.0,0.666667,59.0,66.2,3.66,131.0,118.65,27.0,24.6,128.0,"{'rz': 50, 'rx': 38, 'rzz': 18, 'sx': 16, 'cz': 9, 'barrier': 4}",20,20,0,ok,,22.0,12.0,ok,,0.95,0.993898155763,19.0,10.0,0.95,0.993898155763,19.0,10.0,0.95,0.993898155763,19.0,10.0,False,False,False,,
two_qutrit,monomial_full,sup023_P201_ph002,True,False,0.0,0.666667,58.0,66.05,4.07,130.0,117.0,27.0,24.6,128.0,"{'rz': 50, 'rx': 37, 'rzz': 18, 'sx': 16, 'cz': 9, 'barrier': 4}",20,20,0,ok,,22.0,12.0,ok,,0.95,0.884215501443,19.0,10.0,0.96,0.993898155763,19.0,10.0,0.96,0.993898155763,19.0,10.0,False,False,False,,
two_qutrit,monomial_full,sup023_P201_ph010,True,False,0.0,0.666667,58.0,65.2,3.66,129.0,116.45,27.0,24.6,128.0,"{'rz': 50, 'rx': 36, 'rzz': 18, 'sx': 16, 'cz': 9, 'barrier': 4}",20,20,0,ok,,21.0,12.0,ok,,0.95,0.884215501443,18.0,10.0,0.96,0.993898155763,18.0,10.0,0.96,0.993898155763,18.0,10.0,False,False,False,,
two_qutrit,monomial_full,sup023_P201_ph011,True,False,0.0,0.666667,58.0,66.65,4.34,130.0,118.65,27.0,24.6,128.0,"{'rz': 50, 'rx': 37, 'rzz': 18, 'sx': 16, 'cz': 9, 'barrier': 4}",20,20,0,ok,,22.0,12.0,ok,,0.94,0.904054189859,16.0,8.0,0.94,0.904054189859,16.0,8.0,0.98,0.990429910132,19.0,10.0,False,False,False,,
two_qutrit,monomial_full,sup023_P201_ph012,True,False,0.0,0.666667,55.0,62.65,3.85,124.0,111.3,27.0,24.6,128.0,"{'rz': 46, 'rx': 35, 'rzz': 16, 'sx': 16, 'cz': 11, 'barrier': 4}",20,20,0,ok,,20.0,12.0,ok,,0.91,0.855835170897,17.0,10.0,0.95,0.993990669524,17.0,10.0,0.95,0.993990669524,17.0,10.0,False,False,False,,
two_qutrit,monomial_full,sup023_P201_ph020,True,False,0.0,0.666667,59.0,66.1,3.59,132.0,117.25,27.0,24.6,128.0,"{'rz': 50, 'rx': 39, 'rzz': 18, 'sx': 16, 'cz': 9, 'barrier': 4}",20,20,0,ok,,22.0,12.0,ok,,0.95,0.870843542794,19.0,10.0,0.96,0.993898155763,19.0,10.0,0.96,0.993898155763,19.0,10.0,False,False,False,,
two_qutrit,monomial_full,sup023_P201_ph021,True,False,0.0,0.666667,57.0,63.85,3.76,126.0,112.9,27.0,24.6,128.0,"{'rz': 47, 'rx': 36, 'rzz': 16, 'sx': 16, 'cz': 11, 'barrier': 4}",20,20,0,ok,,21.0,12.0,ok,,0.91,0.857684840799,18.0,10.0,0.95,0.993898155763,18.0,10.0,0.95,0.993898155763,18.0,10.0,False,False,False,,
two_qutrit,monomial_full,sup023_P201_ph022,True,False,0.0,0.666667,58.0,64.9,3.48,129.0,116.15,27.0,24.6,128.0,"{'rz': 50, 'rx': 36, 'rzz': 18, 'sx': 16, 'cz': 9, 'barrier': 4}",20,20,0,ok,,21.0,12.0,ok,,0.95,0.884215501443,18.0,10.0,0.97,0.991476946038,18.0,10.0,0.97,0.991476946038,18.0,10.0,False,False,False,,
two_qutrit,monomial_full,sup023_P201_ph100,True,False,0.0,0.666667,57.0,65.65,4.35,128.0,116.5,27.0,24.6,128.0,"{'rz': 50, 'rx': 35, 'rzz': 18, 'sx': 16, 'cz': 9, 'barrier': 4}",20,20,0,ok,,21.0,12.0,ok,,0.96,0.993898155763,18.0,10.0,0.96,0.993898155763,18.0,10.0,0.96,0.993898155763,18.0,10.0,False,False,False,,
two_qutrit,monomial_full,sup023_P201_ph101,True,False,0.0,0.666667,55.0,62.65,3.85,124.0,111.3,27.0,24.6,128.0,"{'rz': 46, 'rx': 35, 'rzz': 16, 'sx': 16, 'cz': 11, 'barrier': 4}",20,20,0,ok,,20.0,12.0,ok,,0.91,0.857684840799,17.0,10.0,0.95,0.993898155763,17.0,10.0,0.95,0.993898155763,17.0,10.0,False,False,False,,
two_qutrit,monomial_full,sup023_P201_ph102,True,False,0.0,0.666667,58.0,65.05,3.56,129.0,116.3,27.0,24.6,128.0,"{'rz': 50, 'rx': 36, 'rzz': 18, 'sx': 16, 'cz': 9, 'barrier': 4}",20,20,0,ok,,21.0,12.0,ok,,0.96,0.993898155763,18.0,10.0,0.96,0.993898155763,18.0,10.0,0.96,0.993898155763,18.0,10.0,False,False,False,,
two_qutrit,monomial_full,sup023_P201_ph110,True,False,0.0,0.666667,58.0,65.3,3.76,128.0,115.6,27.0,24.6,128.0,"{'rz': 47, 'rx': 38, 'rzz': 16, 'sx': 16, 'cz': 11, 'barrier': 4}",20,20,0,ok,,22.0,12.0,ok,,0.95,0.985733664903,19.0,10.0,0.95,0.985733664903,19.0,10.0,0.95,0.985733664903,19.0,10.0,False,False,False,,
two_qutrit,monomial_full,sup023_P201_ph111,True,False,0.0,0.666667,59.0,66.1,3.6,131.0,117.85,27.0,24.6,128.0,"{'rz': 50, 'rx': 38, 'rzz': 18, 'sx': 16, 'cz': 9, 'barrier': 4}",20,20,0,ok,,22.0,12.0,ok,,0.95,0.884215501443,18.0,10.0,0.99,0.980190445634,19.0,10.0,0.99,0.980190445634,19.0,10.0,False,False,False,,
two_qutrit,monomial_full,sup023_P201_ph112,True,False,0.0,0.666667,58.0,66.0,4.0,130.0,117.3,27.0,24.6,128.0,"{'rz': 50, 'rx': 37, 'rzz': 18, 'sx': 16, 'cz': 9, 'barrier': 4}",20,20,0,ok,,22.0,12.0,ok,,0.95,0.989770231616,19.0,10.0,0.95,0.989770231616,19.0,10.0,0.95,0.989770231616,19.0,10.0,False,False,False,,
two_qutrit,monomial_full,sup023_P201_ph120,True,False,0.0,0.666667,58.0,65.2,3.66,129.0,115.85,27.0,24.6,128.0,"{'rz': 50, 'rx': 36, 'rzz': 18, 'sx': 16, 'cz': 9, 'barrier': 4}",20,20,0,ok,,21.0,12.0,ok,,0.95,0.884215501443,18.0,10.0,0.96,0.993898155763,18.0,10.0,0.96,0.993898155763,18.0,10.0,False,False,False,,
two_qutrit,monomial_full,sup023_P201_ph121,True,False,0.0,0.666667,58.0,65.55,3.8,130.0,116.3,27.0,24.6,128.0,"{'rz': 48, 'rx': 39, 'rzz': 18, 'sx': 16, 'cz': 9, 'barrier': 4}",20,20,0,ok,,21.0,12.0,ok,,0.91,0.856174051812,16.0,8.0,0.97,0.993898155763,18.0,10.0,0.97,0.993898155763,18.0,10.0,False,False,False,,
two_qutrit,monomial_full,sup023_P201_ph122,True,False,0.0,0.666667,59.0,66.65,3.85,131.0,118.15,27.0,24.6,128.0,"{'rz': 49, 'rx': 39, 'rzz': 16, 'sx': 16, 'cz': 11, 'barrier': 4}",20,20,0,ok,,22.0,12.0,ok,,0.91,0.857684840799,19.0,10.0,0.95,0.993898155763,19.0,10.0,0.95,0.993898155763,19.0,10.0,False,False,False,,
two_qutrit,monomial_full,sup023_P201_ph200,True,False,0.0,0.666667,58.0,65.35,3.72,129.0,116.0,27.0,24.6,128.0,"{'rz': 50, 'rx': 36, 'rzz': 18, 'sx': 16, 'cz': 9, 'barrier': 4}",20,20,0,ok,,21.0,12.0,ok,,0.95,0.895925331402,18.0,10.0,0.96,0.993898155763,18.0,10.0,0.96,0.993898155763,18.0,10.0,False,False,False,,
two_qutrit,monomial_full,sup023_P201_ph201,True,False,0.0,0.666667,57.0,65.5,4.27,128.0,115.9,27.0,24.6,128.0,"{'rz': 50, 'rx': 35, 'rzz': 18, 'sx': 16, 'cz': 9, 'barrier': 4}",20,20,0,ok,,21.0,12.0,ok,,0.95,0.993898155763,18.0,10.0,0.95,0.993898155763,18.0,10.0,0.95,0.993898155763,18.0,10.0,False,False,False,,
two_qutrit,monomial_full,sup023_P201_ph202,True,False,0.0,0.666667,58.0,64.95,3.72,127.0,114.35,27.0,24.6,128.0,"{'rz': 46, 'rx': 38, 'rzz': 16, 'sx': 16, 'cz': 11, 'barrier': 4}",20,20,0,ok,,22.0,12.0,ok,,0.95,0.962443763973,19.0,10.0,0.95,0.962443763973,19.0,10.0,0.95,0.962443763973,19.0,10.0,False,False,False,,
two_qutrit,monomial_full,sup023_P201_ph210,True,False,0.0,0.666667,57.0,65.35,4.2,126.0,115.7,27.0,24.6,128.0,"{'rz': 48, 'rx': 35, 'rzz': 18, 'sx': 16, 'cz': 9, 'barrier': 4}",20,20,0,ok,,21.0,12.0,ok,,0.95,0.870843542794,17.0,10.0,0.96,0.993898155763,18.0,10.0,0.96,0.993898155763,18.0,10.0,False,False,False,,
two_qutrit,monomial_full,sup023_P201_ph211,True,False,0.0,0.666667,55.0,62.65,3.85,123.0,110.25,27.0,24.6,128.0,"{'rz': 45, 'rx': 34, 'sx': 17, 'rzz': 16, 'cz': 11, 'barrier': 4}",20,20,0,ok,,20.0,12.0,ok,,0.91,0.857684840799,17.0,10.0,0.95,0.993898155763,17.0,10.0,0.95,0.993898155763,17.0,10.0,False,False,False,,
two_qutrit,monomial_full,sup023_P201_ph212,True,False,0.0,0.666667,59.0,65.35,3.26,129.0,116.15,27.0,24.6,128.0,"{'rz': 48, 'rx': 38, 'rzz': 18, 'sx': 16, 'cz': 9, 'barrier': 4}",20,20,0,ok,,22.0,12.0,ok,,0.95,0.884215501443,18.0,10.0,0.96,0.993898155763,19.0,10.0,0.96,0.993898155763,19.0,10.0,False,False,False,,
two_qutrit,monomial_full,sup023_P201_ph220,True,False,0.0,0.666667,54.0,62.0,4.0,123.0,110.55,27.0,24.6,128.0,"{'rz': 45, 'rx': 35, 'rzz': 16, 'sx': 16, 'cz': 11, 'barrier': 4}",20,20,0,ok,,20.0,12.0,ok,,0.95,0.993898155763,17.0,10.0,0.95,0.993898155763,17.0,10.0,0.95,0.993898155763,17.0,10.0,False,False,False,,
two_qutrit,monomial_full,sup023_P201_ph221,True,False,0.0,0.666667,58.0,65.5,3.79,129.0,116.95,27.0,24.6,128.0,"{'rz': 50, 'rx': 36, 'rzz': 18, 'sx': 16, 'cz': 9, 'barrier': 4}",20,20,0,ok,,21.0,12.0,ok,,0.96,0.993898155763,18.0,10.0,0.96,0.993898155763,18.0,10.0,0.96,0.993898155763,18.0,10.0,False,False,False,,
two_qutrit,monomial_full,sup023_P201_ph222,True,False,0.0,0.666667,58.0,65.85,3.98,130.0,117.3,27.0,24.6,128.0,"{'rz': 50, 'rx': 37, 'rzz': 18, 'sx': 16, 'cz': 9, 'barrier': 4}",20,20,0,ok,,22.0,12.0,ok,,0.95,0.884215501443,19.0,10.0,0.96,0.993898155763,19.0,10.0,0.96,0.993898155763,19.0,10.0,False,False,False,,
two_qutrit,monomial_full,sup023_P210_ph000,True,False,0.0,0.666667,59.0,66.65,3.85,131.0,118.15,27.0,24.6,128.0,"{'rz': 49, 'rx': 39, 'rzz': 16, 'sx': 16, 'cz': 11, 'barrier': 4}",20,20,0,ok,,22.0,12.0,ok,,0.91,0.857684840799,19.0,10.0,0.95,0.993898155763,19.0,10.0,0.95,0.993898155763,19.0,10.0,False,False,False,,
two_qutrit,monomial_full,sup023_P210_ph001,True,False,0.0,0.666667,58.0,65.1,3.66,129.0,116.25,27.0,24.6,128.0,"{'rz': 47, 'rx': 39, 'rzz': 16, 'sx': 16, 'cz': 11, 'barrier': 4}",20,20,0,ok,,21.0,12.0,ok,,0.93,0.857684840799,18.0,10.0,0.95,0.993898155763,18.0,10.0,0.95,0.993898155763,18.0,10.0,False,False,False,,
two_qutrit,monomial_full,sup023_P210_ph002,True,False,0.0,0.666667,58.0,65.55,3.8,130.0,117.2,27.0,24.6,128.0,"{'rz': 48, 'rx': 39, 'rzz': 16, 'sx': 16, 'cz': 11, 'barrier': 4}",20,20,0,ok,,21.0,12.0,ok,,0.95,0.938740437639,18.0,10.0,0.95,0.938740437639,18.0,10.0,0.98,0.993898155763,18.0,10.0,False,False,False,,
two_qutrit,monomial_full,sup023_P210_ph010,True,False,0.0,0.666667,59.0,65.95,3.72,129.0,116.25,27.0,24.6,128.0,"{'rz': 48, 'rx': 38, 'rzz': 16, 'sx': 16, 'cz': 11, 'barrier': 4}",20,20,0,ok,,22.0,12.0,ok,,0.91,0.857684840799,19.0,10.0,0.95,0.993898155763,19.0,10.0,0.95,0.993898155763,19.0,10.0,False,False,False,,
two_qutrit,monomial_full,sup023_P210_ph011,True,False,0.0,0.666667,58.0,65.65,3.95,129.0,116.35,27.0,24.6,128.0,"{'rz': 48, 'rx': 38, 'rzz': 16, 'sx': 16, 'cz': 11, 'barrier': 4}",20,20,0,ok,,21.0,12.0,ok,,0.93,0.857684840799,18.0,10.0,0.95,0.993898155763,18.0,10.0,0.95,0.993898155763,18.0,10.0,False,False,False,,
two_qutrit,monomial_full,sup023_P210_ph012,True,False,0.0,0.666667,59.0,66.3,3.91,130.0,117.3,27.0,24.6,128.0,"{'rz': 49, 'rx': 38, 'rzz': 16, 'sx': 16, 'cz': 11, 'barrier': 4}",20,20,0,ok,,22.0,12.0,ok,,0.95,0.895925331402,19.0,10.0,0.96,0.993898155763,19.0,10.0,0.96,0.993898155763,19.0,10.0,False,False,False,,
two_qutrit,monomial_full,sup023_P210_ph020,True,False,0.0,0.666667,59.0,65.95,3.72,129.0,116.25,27.0,24.6,128.0,"{'rz': 48, 'rx': 38, 'rzz': 16, 'sx': 16, 'cz': 11, 'barrier': 4}",20,20,0,ok,,22.0,12.0,ok,,0.93,0.913491357544,19.0,10.0,0.93,0.913491357544,19.0,10.0,0.96,0.993898155763,19.0,10.0,False,False,False,,
two_qutrit,monomial_full,sup023_P210_ph021,True,False,0.0,0.666667,60.0,67.2,3.6,132.0,118.9,27.0,24.6,128.0,"{'rz': 50, 'rx': 39, 'rzz': 16, 'sx': 16, 'cz': 11, 'barrier': 4}",20,20,0,ok,,22.0,12.0,ok,,0.91,0.857684840799,19.0,10.0,0.95,0.993898155763,19.0,10.0,0.95,0.993898155763,19.0,10.0,False,False,False,,
two_qutrit,monomial_full,sup023_P210_ph022,True,False,0.0,0.666667,59.0,66.3,3.91,130.0,117.3,27.0,24.6,128.0,"{'rz': 49, 'rx': 38, 'rzz': 16, 'sx': 16, 'cz': 11, 'barrier': 4}",20,20,0,ok,,22.0,12.0,ok,,0.95,0.870843542794,19.0,10.0,0.96,0.993898155763,19.0,10.0,0.96,0.993898155763,19.0,10.0,False,False,False,,
two_qutrit,monomial_full,sup023_P210_ph100,True,False,0.0,0.666667,60.0,67.2,3.6,132.0,118.9,27.0,24.6,128.0,"{'rz': 50, 'rx': 39, 'rzz': 16, 'sx': 16, 'cz': 11, 'barrier': 4}",20,20,0,ok,,22.0,12.0,ok,,0.95,0.895925331402,19.0,10.0,0.96,0.993898155763,19.0,10.0,0.96,0.993898155763,19.0,10.0,False,False,False,,
two_qutrit,monomial_full,sup023_P210_ph101,True,False,0.0,0.666667,60.0,67.65,3.85,133.0,119.85,27.0,24.6,128.0,"{'rz': 51, 'rx': 39, 'rzz': 16, 'sx': 16, 'cz': 11, 'barrier': 4}",20,20,0,ok,,22.0,12.0,ok,,0.95,0.895925331402,19.0,10.0,0.96,0.993898155763,19.0,10.0,0.96,0.993898155763,19.0,10.0,False,False,False,,
two_qutrit,monomial_full,sup023_P210_ph102,True,False,0.0,0.666667,60.0,67.3,3.7,132.0,118.8,27.0,24.6,128.0,"{'rz': 50, 'rx': 39, 'rzz': 16, 'sx': 16, 'cz': 11, 'barrier': 4}",20,20,0,ok,,22.0,12.0,ok,,0.96,0.938740437639,19.0,10.0,0.96,0.938740437639,19.0,10.0,0.98,0.993898155763,19.0,10.0,False,False,False,,
two_qutrit,monomial_full,sup023_P210_ph110,True,False,0.0,0.666667,58.0,65.65,3.95,129.0,116.35,27.0,24.6,128.0,"{'rz': 48, 'rx': 38, 'rzz': 16, 'sx': 16, 'cz': 11, 'barrier': 4}",20,20,0,ok,,21.0,12.0,ok,,0.91,0.913491357544,18.0,10.0,0.91,0.913491357544,18.0,10.0,0.96,0.993898155763,18.0,10.0,False,False,False,,
two_qutrit,monomial_full,sup023_P210_ph111,True,False,0.0,0.666667,59.0,66.3,3.91,130.0,117.3,27.0,24.6,128.0,"{'rz': 49, 'rx': 38, 'rzz': 16, 'sx': 16, 'cz': 11, 'barrier': 4}",20,20,0,ok,,22.0,12.0,ok,,0.95,0.870843542794,19.0,10.0,0.96,0.993898155763,19.0,10.0,0.96,0.993898155763,19.0,10.0,False,False,False,,
two_qutrit,monomial_full,sup023_P210_ph112,True,False,0.0,0.666667,60.0,67.3,3.7,132.0,118.8,27.0,24.6,128.0,"{'rz': 50, 'rx': 39, 'rzz': 16, 'sx': 16, 'cz': 11, 'barrier': 4}",20,20,0,ok,,22.0,12.0,ok,,0.91,0.857684840799,19.0,10.0,0.95,0.993898155763,19.0,10.0,0.95,0.993898155763,19.0,10.0,False,False,False,,
two_qutrit,monomial_full,sup023_P210_ph120,True,False,0.0,0.666667,58.0,65.1,3.66,129.0,116.25,27.0,24.6,128.0,"{'rz': 47, 'rx': 39, 'rzz': 16, 'sx': 16, 'cz': 11, 'barrier': 4}",20,20,0,ok,,21.0,12.0,ok,,0.95,0.938740437639,18.0,10.0,0.95,0.938740437639,18.0,10.0,0.98,0.993898155763,18.0,10.0,False,False,False,,
two_qutrit,monomial_full,sup023_P210_ph121,True,False,0.0,0.666667,58.0,65.2,3.66,128.0,116.0,27.0,24.6,128.0,"{'rz': 48, 'rx': 37, 'rzz': 16, 'sx': 16, 'cz': 11, 'barrier': 4}",20,20,0,ok,,22.0,12.0,ok,,0.95,0.895925331402,19.0,10.0,0.96,0.993898155763,19.0,10.0,0.96,0.993898155763,19.0,10.0,False,False,False,,
two_qutrit,monomial_full,sup023_P210_ph122,True,False,0.0,0.666667,56.0,63.2,3.6,125.0,112.95,27.0,24.6,128.0,"{'rz': 45, 'rx': 37, 'rzz': 16, 'sx': 16, 'cz': 11, 'barrier': 4}",20,20,0,ok,,21.0,12.0,ok,,0.91,0.857684840799,18.0,10.0,0.95,0.993898155763,18.0,10.0,0.95,0.993898155763,18.0,10.0,False,False,False,,
two_qutrit,monomial_full,sup023_P210_ph200,True,False,0.0,0.666667,60.0,67.65,3.85,133.0,119.85,27.0,24.6,128.0,"{'rz': 51, 'rx': 39, 'rzz': 16, 'sx': 16, 'cz': 11, 'barrier': 4}",20,20,0,ok,,22.0,12.0,ok,,0.91,0.857684840799,19.0,10.0,0.95,0.993898155763,19.0,10.0,0.95,0.993898155763,19.0,10.0,False,False,False,,
two_qutrit,monomial_full,sup023_P210_ph201,True,False,0.0,0.666667,59.0,65.95,3.72,129.0,116.25,27.0,24.6,128.0,"{'rz': 48, 'rx': 38, 'rzz': 16, 'sx': 16, 'cz': 11, 'barrier': 4}",20,20,0,ok,,22.0,12.0,ok,,0.91,0.913491357544,19.0,10.0,0.91,0.913491357544,19.0,10.0,0.96,0.993898155763,19.0,10.0,False,False,False,,
two_qutrit,monomial_full,sup023_P210_ph202,True,False,0.0,0.666667,60.0,67.2,3.6,132.0,118.9,27.0,24.6,128.0,"{'rz': 50, 'rx': 39, 'rzz': 16, 'sx': 16, 'cz': 11, 'barrier': 4}",20,20,0,ok,,22.0,12.0,ok,,0.95,0.938740437639,19.0,10.0,0.95,0.938740437639,19.0,10.0,0.98,0.993898155763,19.0,10.0,False,False,False,,
two_qutrit,monomial_full,sup023_P210_ph210,True,False,0.0,0.666667,58.0,65.2,3.66,128.0,116.0,27.0,24.6,128.0,"{'rz': 48, 'rx': 37, 'rzz': 16, 'sx': 16, 'cz': 11, 'barrier': 4}",20,20,0,ok,,22.0,12.0,ok,,0.95,0.884215501443,19.0,10.0,0.96,0.993898155763,19.0,10.0,0.96,0.993898155763,19.0,10.0,False,False,False,,
two_qutrit,monomial_full,sup023_P210_ph211,True,False,0.0,0.666667,59.0,66.65,3.85,131.0,118.15,27.0,24.6,128.0,"{'rz': 49, 'rx': 39, 'rzz': 16, 'sx': 16, 'cz': 11, 'barrier': 4}",20,20,0,ok,,22.0,12.0,ok,,0.95,0.938740437639,19.0,10.0,0.95,0.938740437639,19.0,10.0,0.98,0.993898155763,19.0,10.0,False,False,False,,
two_qutrit,monomial_full,sup023_P210_ph212,True,False,0.0,0.666667,58.0,65.1,3.66,129.0,116.25,27.0,24.6,128.0,"{'rz': 47, 'rx': 39, 'rzz': 16, 'sx': 16, 'cz': 11, 'barrier': 4}",20,20,0,ok,,21.0,12.0,ok,,0.91,0.857684840799,18.0,10.0,0.95,0.993898155763,18.0,10.0,0.95,0.993898155763,18.0,10.0,False,False,False,,
two_qutrit,monomial_full,sup023_P210_ph220,True,False,0.0,0.666667,60.0,67.65,3.85,133.0,119.85,27.0,24.6,128.0,"{'rz': 51, 'rx': 39, 'rzz': 16, 'sx': 16, 'cz': 11, 'barrier': 4}",20,20,0,ok,,22.0,12.0,ok,,0.96,0.938740437639,19.0,10.0,0.96,0.938740437639,19.0,10.0,0.98,0.993898155763,19.0,10.0,False,False,False,,
two_qutrit,monomial_full,sup023_P210_ph221,True,False,0.0,0.666667,60.0,67.3,3.7,132.0,118.8,27.0,24.6,128.0,"{'rz': 50, 'rx': 39, 'rzz': 16, 'sx': 16, 'cz': 11, 'barrier': 4}",20,20,0,ok,,22.0,12.0,ok,,0.95,0.895925331402,19.0,10.0,0.96,0.993898155763,19.0,10.0,0.96,0.993898155763,19.0,10.0,False,False,False,,
two_qutrit,monomial_full,sup023_P210_ph222,True,False,0.0,0.666667,58.0,65.65,3.95,129.0,116.35,27.0,24.6,128.0,"{'rz': 48, 'rx': 38, 'rzz': 16, 'sx': 16, 'cz': 11, 'barrier': 4}",20,20,0,ok,,21.0,12.0,ok,,0.91,0.857684840799,18.0,10.0,0.95,0.993898155763,18.0,10.0,0.95,0.993898155763,18.0,10.0,False,False,False,,
two_qutrit,monomial_full,sup123_P012_ph000,True,False,0.0,0.666667,58.0,65.3,3.7,129.0,116.25,27.0,24.6,128.0,"{'rz': 47, 'rx': 39, 'rzz': 16, 'sx': 16, 'cz': 11, 'barrier': 4}",20,20,0,ok,,21.0,12.0,ok,,0.91,0.857684840799,18.0,10.0,0.95,0.993898155763,18.0,10.0,0.95,0.993898155763,18.0,10.0,False,False,False,,
two_qutrit,monomial_full,sup123_P012_ph001,True,False,0.0,0.666667,60.0,67.2,3.66,132.0,118.8,27.0,24.6,128.0,"{'rz': 50, 'rx': 39, 'rzz': 16, 'sx': 16, 'cz': 11, 'barrier': 4}",20,20,0,ok,,22.0,12.0,ok,,0.95,0.870843542794,19.0,10.0,0.96,0.993898155763,19.0,10.0,0.96,0.993898155763,19.0,10.0,False,False,False,,
two_qutrit,monomial_full,sup123_P012_ph002,True,False,0.0,0.666667,59.0,65.75,3.74,130.0,117.2,27.0,24.6,128.0,"{'rz': 49, 'rx': 38, 'rzz': 16, 'sx': 16, 'cz': 11, 'barrier': 4}",20,20,0,ok,,22.0,12.0,ok,,0.91,0.869128998766,19.0,10.0,0.96,0.993898155763,19.0,10.0,0.96,0.993898155763,19.0,10.0,False,False,False,,
two_qutrit,monomial_full,sup123_P012_ph010,True,False,0.0,0.666667,58.0,65.2,3.82,129.0,115.95,27.0,24.6,128.0,"{'rz': 48, 'rx': 38, 'rzz': 16, 'sx': 16, 'cz': 11, 'barrier': 4}",20,20,0,ok,,21.0,12.0,ok,,0.91,0.857684840799,18.0,10.0,0.95,0.993898155763,18.0,10.0,0.95,0.993898155763,18.0,10.0,False,False,False,,
two_qutrit,monomial_full,sup123_P012_ph011,True,False,0.0,0.666667,58.0,65.2,3.82,129.0,115.95,27.0,24.6,128.0,"{'rz': 48, 'rx': 38, 'rzz': 16, 'sx': 16, 'cz': 11, 'barrier': 4}",20,20,0,ok,,21.0,12.0,ok,,0.92,0.851615087,18.0,10.0,0.95,0.993898155763,18.0,10.0,0.95,0.993898155763,18.0,10.0,False,False,False,,
two_qutrit,monomial_full,sup123_P012_ph012,True,False,0.0,0.666667,58.0,64.25,3.21,126.0,114.1,27.0,24.6,128.0,"{'rz': 46, 'rx': 37, 'rzz': 16, 'sx': 16, 'cz': 11, 'barrier': 4}",20,20,0,ok,,21.0,12.0,ok,,0.91,0.869128998766,18.0,10.0,0.96,0.993898155763,18.0,10.0,0.96,0.993898155763,18.0,10.0,False,False,False,,
two_qutrit,monomial_full,sup123_P012_ph020,True,False,0.0,0.666667,59.0,65.75,3.74,130.0,117.2,27.0,24.6,128.0,"{'rz': 49, 'rx': 38, 'rzz': 16, 'sx': 16, 'cz': 11, 'barrier': 4}",20,20,0,ok,,22.0,12.0,ok,,0.91,0.857684840799,19.0,10.0,0.95,0.993898155763,19.0,10.0,0.95,0.993898155763,19.0,10.0,False,False,False,,
two_qutrit,monomial_full,sup123_P012_ph021,True,False,0.0,0.666667,58.0,64.25,3.21,126.0,114.1,27.0,24.6,128.0,"{'rz': 46, 'rx': 37, 'rzz': 16, 'sx': 16, 'cz': 11, 'barrier': 4}",20,20,0,ok,,21.0,12.0,ok,,0.95,0.978625185542,18.0,10.0,0.95,0.978625185542,18.0,10.0,0.95,0.978625185542,18.0,10.0,False,False,False,,
two_qutrit,monomial_full,sup123_P012_ph022,True,False,0.0,0.666667,60.0,67.2,3.66,132.0,118.8,27.0,24.6,128.0,"{'rz': 50, 'rx': 39, 'rzz': 16, 'sx': 16, 'cz': 11, 'barrier': 4}",20,20,0,ok,,22.0,12.0,ok,,0.91,0.857684840799,19.0,10.0,0.95,0.993898155763,19.0,10.0,0.95,0.993898155763,19.0,10.0,False,False,False,,
two_qutrit,monomial_full,sup123_P012_ph100,True,False,0.0,0.666667,58.0,64.95,3.61,128.0,115.0,27.0,24.6,128.0,"{'rz': 46, 'rx': 39, 'rzz': 16, 'sx': 16, 'cz': 11, 'barrier': 4}",20,20,0,ok,,21.0,12.0,ok,,0.95,0.876333185074,18.0,10.0,0.96,0.993898155763,18.0,10.0,0.96,0.993898155763,18.0,10.0,False,False,False,,
two_qutrit,monomial_full,sup123_P012_ph101,True,False,0.0,0.666667,58.0,65.2,3.82,129.0,115.95,27.0,24.6,128.0,"{'rz': 48, 'rx': 38, 'rzz': 16, 'sx': 16, 'cz': 11, 'barrier': 4}",20,20,0,ok,,21.0,12.0,ok,,0.91,0.869128998766,18.0,10.0,0.96,0.993898155763,18.0,10.0,0.96,0.993898155763,18.0,10.0,False,False,False,,
two_qutrit,monomial_full,sup123_P012_ph102,True,False,0.0,0.666667,58.0,65.2,3.82,129.0,115.95,27.0,24.6,128.0,"{'rz': 48, 'rx': 38, 'rzz': 16, 'sx': 16, 'cz': 11, 'barrier': 4}",20,20,0,ok,,21.0,12.0,ok,,0.91,0.857684840799,18.0,10.0,0.95,0.993898155763,18.0,10.0,0.95,0.993898155763,18.0,10.0,False,False,False,,
two_qutrit,monomial_full,sup123_P012_ph110,True,False,0.0,0.666667,60.0,67.2,3.66,132.0,118.8,27.0,24.6,128.0,"{'rz': 50, 'rx': 39, 'rzz': 16, 'sx': 16, 'cz': 11, 'barrier': 4}",20,20,0,ok,,22.0,12.0,ok,,0.95,0.870843542794,19.0,10.0,0.96,0.993898155763,19.0,10.0,0.96,0.993898155763,19.0,10.0,False,False,False,,
two_qutrit,monomial_full,sup123_P012_ph111,True,False,0.0,0.666667,59.0,65.75,3.74,130.0,117.2,27.0,24.6,128.0,"{'rz': 49, 'rx': 38, 'rzz': 16, 'sx': 16, 'cz': 11, 'barrier': 4}",20,20,0,ok,,22.0,12.0,ok,,0.91,0.869128998766,19.0,10.0,0.96,0.993898155763,19.0,10.0,0.96,0.993898155763,19.0,10.0,False,False,False,,
two_qutrit,monomial_full,sup123_P012_ph112,True,False,0.0,0.666667,58.0,64.25,3.21,126.0,114.1,27.0,24.6,128.0,"{'rz': 46, 'rx': 37, 'rzz': 16, 'sx': 16, 'cz': 11, 'barrier': 4}",20,20,0,ok,,21.0,12.0,ok,,0.91,0.857684840799,18.0,10.0,0.95,0.993898155763,18.0,10.0,0.95,0.993898155763,18.0,10.0,False,False,False,,
two_qutrit,monomial_full,sup123_P012_ph120,True,False,0.0,0.666667,59.0,65.75,3.74,130.0,117.2,27.0,24.6,128.0,"{'rz': 49, 'rx': 38, 'rzz': 16, 'sx': 16, 'cz': 11, 'barrier': 4}",20,20,0,ok,,22.0,12.0,ok,,0.91,0.857684840799,19.0,10.0,0.95,0.993898155763,19.0,10.0,0.95,0.993898155763,19.0,10.0,False,False,False,,
two_qutrit,monomial_full,sup123_P012_ph121,True,False,0.0,0.666667,57.0,63.6,3.32,125.0,113.35,27.0,24.6,128.0,"{'rz': 45, 'rx': 37, 'rzz': 16, 'sx': 16, 'cz': 11, 'barrier': 4}",20,20,0,ok,,21.0,12.0,ok,,0.91,0.869128998766,18.0,10.0,0.96,0.993898155763,18.0,10.0,0.96,0.993898155763,18.0,10.0,False,False,False,,
two_qutrit,monomial_full,sup123_P012_ph122,True,False,0.0,0.666667,59.0,65.75,3.74,130.0,117.2,27.0,24.6,128.0,"{'rz': 49, 'rx': 38, 'rzz': 16, 'sx': 16, 'cz': 11, 'barrier': 4}",20,20,0,ok,,22.0,12.0,ok,,0.95,0.952865516239,19.0,10.0,0.95,0.952865516239,19.0,10.0,0.95,0.952865516239,19.0,10.0,False,False,False,,
two_qutrit,monomial_full,sup123_P012_ph200,True,False,0.0,0.666667,58.0,65.3,3.7,129.0,116.25,27.0,24.6,128.0,"{'rz': 47, 'rx': 39, 'rzz': 16, 'sx': 16, 'cz': 11, 'barrier': 4}",20,20,0,ok,,21.0,12.0,ok,,0.91,0.857684840799,18.0,10.0,0.95,0.993898155763,18.0,10.0,0.95,0.993898155763,18.0,10.0,False,False,False,,
two_qutrit,monomial_full,sup123_P012_ph201,True,False,0.0,0.666667,60.0,67.2,3.66,132.0,118.8,27.0,24.6,128.0,"{'rz': 50, 'rx': 39, 'rzz': 16, 'sx': 16, 'cz': 11, 'barrier': 4}",20,20,0,ok,,22.0,12.0,ok,,0.91,0.857684840799,19.0,10.0,0.95,0.993898155763,19.0,10.0,0.95,0.993898155763,19.0,10.0,False,False,False,,
two_qutrit,monomial_full,sup123_P012_ph202,True,False,0.0,0.666667,60.0,67.2,3.66,132.0,118.8,27.0,24.6,128.0,"{'rz': 50, 'rx': 39, 'rzz': 16, 'sx': 16, 'cz': 11, 'barrier': 4}",20,20,0,ok,,22.0,12.0,ok,,0.91,0.869128998766,19.0,10.0,0.97,0.992487049683,19.0,10.0,0.97,0.992487049683,19.0,10.0,False,False,False,,
two_qutrit,monomial_full,sup123_P012_ph210,True,False,0.0,0.666667,60.0,67.2,3.66,132.0,118.8,27.0,24.6,128.0,"{'rz': 50, 'rx': 39, 'rzz': 16, 'sx': 16, 'cz': 11, 'barrier': 4}",20,20,0,ok,,22.0,12.0,ok,,0.91,0.857684840799,19.0,10.0,0.95,0.993898155763,19.0,10.0,0.95,0.993898155763,19.0,10.0,False,False,False,,
two_qutrit,monomial_full,sup123_P012_ph211,True,False,0.0,0.666667,59.0,65.75,3.74,130.0,117.2,27.0,24.6,128.0,"{'rz': 49, 'rx': 38, 'rzz': 16, 'sx': 16, 'cz': 11, 'barrier': 4}",20,20,0,ok,,22.0,12.0,ok,,0.91,0.857684840799,19.0,10.0,0.95,0.993898155763,19.0,10.0,0.95,0.993898155763,19.0,10.0,False,False,False,,
two_qutrit,monomial_full,sup123_P012_ph212,True,False,0.0,0.666667,58.0,65.3,3.7,129.0,116.25,27.0,24.6,128.0,"{'rz': 47, 'rx': 39, 'rzz': 16, 'sx': 16, 'cz': 11, 'barrier': 4}",20,20,0,ok,,21.0,12.0,ok,,0.91,0.869128998766,18.0,10.0,0.97,0.993898155763,18.0,10.0,0.97,0.993898155763,18.0,10.0,False,False,False,,
two_qutrit,monomial_full,sup123_P012_ph220,True,False,0.0,0.666667,58.0,65.2,3.82,129.0,115.95,27.0,24.6,128.0,"{'rz': 48, 'rx': 38, 'rzz': 16, 'sx': 16, 'cz': 11, 'barrier': 4}",20,20,0,ok,,21.0,12.0,ok,,0.91,0.869128998766,18.0,10.0,0.96,0.993898155763,18.0,10.0,0.96,0.993898155763,18.0,10.0,False,False,False,,
two_qutrit,monomial_full,sup123_P012_ph221,True,False,0.0,0.666667,58.0,64.25,3.21,126.0,114.1,27.0,24.6,128.0,"{'rz': 46, 'rx': 37, 'rzz': 16, 'sx': 16, 'cz': 11, 'barrier': 4}",20,20,0,ok,,21.0,12.0,ok,,0.91,0.853246568605,18.0,10.0,0.95,0.993898155763,18.0,10.0,0.95,0.993898155763,18.0,10.0,False,False,False,,
two_qutrit,monomial_full,sup123_P012_ph222,True,False,0.0,0.666667,58.0,65.2,3.82,129.0,115.95,27.0,24.6,128.0,"{'rz': 48, 'rx': 38, 'rzz': 16, 'sx': 16, 'cz': 11, 'barrier': 4}",20,20,0,ok,,21.0,12.0,ok,,0.91,0.869648195136,18.0,10.0,0.95,0.990930466444,18.0,10.0,0.95,0.990930466444,18.0,10.0,False,False,False,,
two_qutrit,monomial_full,sup123_P021_ph000,True,False,0.0,0.666667,68.0,74.5,3.46,143.0,131.65,29.0,26.6,128.0,"{'rz': 55, 'rx': 43, 'rzz': 20, 'sx': 16, 'cz': 9, 'barrier': 4}",20,20,0,ok,,27.0,14.0,ok,,0.91,0.857684840799,24.0,12.0,0.95,0.993898155763,24.0,12.0,0.95,0.993898155763,24.0,12.0,False,False,False,,
two_qutrit,monomial_full,sup123_P021_ph001,True,False,0.0,0.666667,68.0,74.4,3.43,143.0,131.05,29.0,26.6,128.0,"{'rz': 56, 'rx': 42, 'rzz': 20, 'sx': 16, 'cz': 9, 'barrier': 4}",20,20,0,ok,,27.0,14.0,ok,,0.95,0.895925331402,24.0,12.0,0.96,0.993898155763,24.0,12.0,0.96,0.993898155763,24.0,12.0,False,False,False,,
two_qutrit,monomial_full,sup123_P021_ph002,True,False,0.0,0.666667,68.0,74.55,3.47,145.0,132.85,29.0,26.6,128.0,"{'rz': 57, 'rx': 43, 'rzz': 20, 'sx': 16, 'cz': 9, 'barrier': 4}",20,20,0,ok,,27.0,14.0,ok,,0.95,0.920524782638,23.0,12.0,0.95,0.920524782638,23.0,12.0,0.97,0.993898155763,24.0,12.0,False,False,False,,
two_qutrit,monomial_full,sup123_P021_ph010,True,False,0.0,0.666667,68.0,74.65,3.47,144.0,131.95,29.0,26.6,128.0,"{'rz': 57, 'rx': 42, 'rzz': 20, 'sx': 16, 'cz': 9, 'barrier': 4}",20,20,0,ok,,27.0,14.0,ok,,0.91,0.89950615887,24.0,12.0,0.96,0.979298238541,24.0,12.0,0.96,0.979298238541,24.0,12.0,False,False,False,,
two_qutrit,monomial_full,sup123_P021_ph011,True,False,0.0,0.666667,68.0,74.35,3.26,145.0,132.05,29.0,26.6,128.0,"{'rz': 57, 'rx': 43, 'rzz': 20, 'sx': 16, 'cz': 9, 'barrier': 4}",20,20,0,ok,,27.0,14.0,ok,,0.95,0.947754925682,23.0,12.0,0.95,0.947754925682,23.0,12.0,0.99,0.993898155763,24.0,12.0,False,False,False,,
two_qutrit,monomial_full,sup123_P021_ph012,True,False,0.0,0.666667,68.0,74.65,3.47,145.0,132.35,29.0,26.6,128.0,"{'rz': 57, 'rx': 43, 'rzz': 20, 'sx': 16, 'cz': 9, 'barrier': 4}",20,20,0,ok,,27.0,14.0,ok,,0.92,0.857684840799,24.0,12.0,0.95,0.993898155763,24.0,12.0,0.95,0.993898155763,24.0,12.0,False,False,False,,
two_qutrit,monomial_full,sup123_P021_ph020,True,False,0.0,0.666667,67.0,74.0,3.58,144.0,131.55,29.0,26.6,128.0,"{'rz': 56, 'rx': 43, 'rzz': 20, 'sx': 16, 'cz': 9, 'barrier': 4}",20,20,0,ok,,27.0,14.0,ok,,0.91,0.850428399072,24.0,12.0,0.95,0.978708102492,24.0,12.0,0.95,0.978708102492,24.0,12.0,False,False,False,,
two_qutrit,monomial_full,sup123_P021_ph021,True,False,0.0,0.666667,68.0,74.3,3.41,143.0,131.25,29.0,26.6,128.0,"{'rz': 56, 'rx': 42, 'rzz': 20, 'sx': 16, 'cz': 9, 'barrier': 4}",20,20,0,ok,,27.0,14.0,ok,,0.91,0.913491357544,24.0,12.0,0.91,0.913491357544,24.0,12.0,0.96,0.993898155763,24.0,12.0,False,False,False,,
two_qutrit,monomial_full,sup123_P021_ph022,True,False,0.0,0.666667,68.0,74.3,3.26,143.0,131.15,29.0,26.6,128.0,"{'rz': 55, 'rx': 43, 'rzz': 20, 'sx': 16, 'cz': 9, 'barrier': 4}",20,20,0,ok,,27.0,14.0,ok,,0.95,0.977451775271,24.0,12.0,0.95,0.977451775271,24.0,12.0,0.95,0.977451775271,24.0,12.0,False,False,False,,
two_qutrit,monomial_full,sup123_P021_ph100,True,False,0.0,0.666667,68.0,74.35,3.41,144.0,130.4,29.0,26.6,128.0,"{'rz': 57, 'rx': 42, 'rzz': 20, 'sx': 16, 'cz': 9, 'barrier': 4}",20,20,0,ok,,27.0,14.0,ok,,0.95,0.870843542794,24.0,12.0,0.98,0.980187306086,24.0,12.0,0.98,0.980187306086,24.0,12.0,False,False,False,,
two_qutrit,monomial_full,sup123_P021_ph101,True,False,0.0,0.666667,68.0,74.6,3.47,143.0,132.15,29.0,26.6,128.0,"{'rz': 56, 'rx': 42, 'rzz': 20, 'sx': 16, 'cz': 9, 'barrier': 4}",20,20,0,ok,,27.0,14.0,ok,,0.95,0.850921563575,23.0,12.0,0.96,0.978515483981,24.0,12.0,0.96,0.978515483981,24.0,12.0,False,False,False,,
two_qutrit,monomial_full,sup123_P021_ph102,True,False,0.0,0.666667,68.0,74.65,3.47,145.0,132.85,29.0,26.6,128.0,"{'rz': 57, 'rx': 43, 'rzz': 20, 'sx': 16, 'cz': 9, 'barrier': 4}",20,20,0,ok,,27.0,14.0,ok,,0.92,0.857684840799,24.0,12.0,0.95,0.993898155763,24.0,12.0,0.95,0.993898155763,24.0,12.0,False,False,False,,
two_qutrit,monomial_full,sup123_P021_ph110,True,False,0.0,0.666667,68.0,74.3,3.42,144.0,131.75,29.0,26.6,128.0,"{'rz': 56, 'rx': 43, 'rzz': 20, 'sx': 16, 'cz': 9, 'barrier': 4}",20,20,0,ok,,27.0,14.0,ok,,0.94,0.913036409294,24.0,12.0,0.94,0.913036409294,24.0,12.0,0.96,0.979120275556,24.0,12.0,False,False,False,,
two_qutrit,monomial_full,sup123_P021_ph111,True,False,0.0,0.666667,68.0,74.3,3.42,143.0,130.8,29.0,26.6,128.0,"{'rz': 55, 'rx': 43, 'rzz': 20, 'sx': 16, 'cz': 9, 'barrier': 4}",20,20,0,ok,,27.0,14.0,ok,,0.96,0.97965083326,24.0,12.0,0.96,0.97965083326,24.0,12.0,0.96,0.97965083326,24.0,12.0,False,False,False,,
two_qutrit,monomial_full,sup123_P021_ph112,True,False,0.0,0.666667,68.0,74.55,3.47,145.0,132.3,29.0,26.6,128.0,"{'rz': 57, 'rx': 43, 'rzz': 20, 'sx': 16, 'cz': 9, 'barrier': 4}",20,20,0,ok,,27.0,14.0,ok,,0.95,0.874377427338,24.0,12.0,0.96,0.983342228146,24.0,12.0,0.96,0.983342228146,24.0,12.0,False,False,False,,
two_qutrit,monomial_full,sup123_P021_ph120,True,False,0.0,0.666667,68.0,74.65,3.47,145.0,133.1,29.0,26.6,128.0,"{'rz': 57, 'rx': 43, 'rzz': 20, 'sx': 16, 'cz': 9, 'barrier': 4}",20,20,0,ok,,27.0,14.0,ok,,0.92,0.857684840799,24.0,12.0,0.95,0.993898155763,24.0,12.0,0.95,0.993898155763,24.0,12.0,False,False,False,,
two_qutrit,monomial_full,sup123_P021_ph121,True,False,0.0,0.666667,68.0,74.65,3.47,145.0,132.8,29.0,26.6,128.0,"{'rz': 57, 'rx': 43, 'rzz': 20, 'sx': 16, 'cz': 9, 'barrier': 4}",20,20,0,ok,,27.0,14.0,ok,,0.91,0.913491357544,22.0,12.0,0.91,0.913491357544,22.0,12.0,0.96,0.993898155763,22.0,12.0,False,False,False,,
two_qutrit,monomial_full,sup123_P021_ph122,True,False,0.0,0.666667,68.0,74.65,3.47,144.0,131.85,29.0,26.6,128.0,"{'rz': 56, 'rx': 43, 'rzz': 20, 'sx': 16, 'cz': 9, 'barrier': 4}",20,20,0,ok,,27.0,14.0,ok,,0.91,0.866252779405,23.0,12.0,0.95,0.930811177481,23.0,12.0,0.98,0.980486852391,23.0,12.0,False,False,False,,
two_qutrit,monomial_full,sup123_P021_ph200,True,False,0.0,0.666667,68.0,74.6,3.46,144.0,131.45,29.0,26.6,128.0,"{'rz': 56, 'rx': 43, 'rzz': 20, 'sx': 16, 'cz': 9, 'barrier': 4}",20,20,0,ok,,27.0,14.0,ok,,0.95,0.943461326989,24.0,12.0,0.95,0.943461326989,24.0,12.0,,,,,False,False,False,,
two_qutrit,monomial_full,sup123_P021_ph201,True,False,0.0,0.666667,68.0,74.65,3.47,144.0,131.95,29.0,26.6,128.0,"{'rz': 57, 'rx': 42, 'rzz': 20, 'sx': 16, 'cz': 9, 'barrier': 4}",20,20,0,ok,,27.0,14.0,ok,,0.95,0.895925331402,24.0,12.0,0.96,0.993898155763,24.0,12.0,0.96,0.993898155763,24.0,12.0,False,False,False,,
two_qutrit,monomial_full,sup123_P021_ph202,True,False,0.0,0.666667,68.0,74.65,3.47,145.0,132.65,29.0,26.6,128.0,"{'rz': 57, 'rx': 43, 'rzz': 20, 'sx': 16, 'cz': 9, 'barrier': 4}",20,20,0,ok,,27.0,14.0,ok,,0.92,0.886326590325,24.0,12.0,0.95,0.966088760047,24.0,12.0,0.95,0.966088760047,24.0,12.0,False,False,False,,
two_qutrit,monomial_full,sup123_P021_ph210,True,False,0.0,0.666667,68.0,74.35,3.41,144.0,132.0,29.0,26.6,128.0,"{'rz': 57, 'rx': 42, 'rzz': 20, 'sx': 16, 'cz': 9, 'barrier': 4}",20,20,0,ok,,27.0,14.0,ok,,0.91,0.91272017357,23.0,12.0,0.91,0.91272017357,23.0,12.0,0.96,0.978708102492,23.0,12.0,False,False,False,,
two_qutrit,monomial_full,sup123_P021_ph211,True,False,0.0,0.666667,68.0,74.3,3.41,143.0,131.2,29.0,26.6,128.0,"{'rz': 55, 'rx': 43, 'rzz': 20, 'sx': 16, 'cz': 9, 'barrier': 4}",20,20,0,ok,,27.0,14.0,ok,,0.95,0.894082497735,24.0,12.0,0.96,0.98073282203,24.0,12.0,0.96,0.98073282203,24.0,12.0,False,False,False,,
two_qutrit,monomial_full,sup123_P021_ph212,True,False,0.0,0.666667,68.0,74.3,3.41,145.0,132.2,29.0,26.6,128.0,"{'rz': 57, 'rx': 43, 'rzz': 20, 'sx': 16, 'cz': 9, 'barrier': 4}",20,20,0,ok,,27.0,14.0,ok,,0.95,0.918614345664,23.0,12.0,0.95,0.918614345664,23.0,12.0,0.96,0.966165777991,23.0,12.0,False,False,False,,
two_qutrit,monomial_full,sup123_P021_ph220,True,False,0.0,0.666667,68.0,74.65,3.47,144.0,132.1,29.0,26.6,128.0,"{'rz': 57, 'rx': 42, 'rzz': 20, 'sx': 16, 'cz': 9, 'barrier': 4}",20,20,0,ok,,27.0,14.0,ok,,0.91,0.854946104024,22.0,12.0,0.95,0.993898155763,22.0,12.0,0.95,0.993898155763,22.0,12.0,False,False,False,,
two_qutrit,monomial_full,sup123_P021_ph221,True,False,0.0,0.666667,68.0,74.65,3.47,144.0,132.55,29.0,26.6,128.0,"{'rz': 57, 'rx': 42, 'rzz': 20, 'sx': 16, 'cz': 9, 'barrier': 4}",20,20,0,ok,,27.0,14.0,ok,,0.96,0.979991251729,24.0,12.0,0.96,0.979991251729,24.0,12.0,0.96,0.979991251729,24.0,12.0,False,False,False,,
two_qutrit,monomial_full,sup123_P021_ph222,True,False,0.0,0.666667,68.0,74.55,3.47,142.0,130.5,29.0,26.6,128.0,"{'rz': 55, 'rx': 42, 'rzz': 20, 'sx': 16, 'cz': 9, 'barrier': 4}",20,20,0,ok,,27.0,14.0,ok,,0.95,0.993898155763,24.0,12.0,0.95,0.993898155763,24.0,12.0,0.95,0.993898155763,24.0,12.0,False,False,False,,
two_qutrit,monomial_full,sup123_P102_ph000,True,False,0.0,0.666667,68.0,74.45,3.29,144.0,132.05,29.0,26.6,128.0,"{'rz': 55, 'rx': 44, 'rzz': 20, 'sx': 16, 'cz': 9, 'barrier': 4}",20,20,0,ok,,27.0,14.0,ok,,0.95,0.899796888009,24.0,12.0,0.96,0.978708102492,24.0,12.0,0.96,0.978708102492,24.0,12.0,False,False,False,,
two_qutrit,monomial_full,sup123_P102_ph001,True,False,0.0,0.666667,68.0,75.3,3.85,147.0,134.4,29.0,26.6,128.0,"{'rz': 58, 'rx': 44, 'rzz': 20, 'sx': 16, 'cz': 9, 'barrier': 4}",20,20,0,ok,,27.0,14.0,ok,,0.91,0.857684840799,24.0,12.0,0.95,0.993898155763,24.0,12.0,0.95,0.993898155763,24.0,12.0,False,False,False,,
two_qutrit,monomial_full,sup123_P102_ph002,True,False,0.0,0.666667,68.0,75.3,3.85,147.0,134.3,29.0,26.6,128.0,"{'rz': 58, 'rx': 44, 'rzz': 20, 'sx': 16, 'cz': 9, 'barrier': 4}",20,20,0,ok,,27.0,14.0,ok,,0.91,0.913491357544,24.0,12.0,0.91,0.913491357544,24.0,12.0,0.96,0.993898155763,24.0,12.0,False,False,False,,
two_qutrit,monomial_full,sup123_P102_ph010,True,False,0.0,0.666667,68.0,74.45,3.29,144.0,131.9,29.0,26.6,128.0,"{'rz': 56, 'rx': 43, 'rzz': 20, 'sx': 16, 'cz': 9, 'barrier': 4}",20,20,0,ok,,27.0,14.0,ok,,0.91,0.857684840799,24.0,12.0,0.95,0.993898155763,24.0,12.0,0.95,0.993898155763,24.0,12.0,False,False,False,,
two_qutrit,monomial_full,sup123_P102_ph011,True,False,0.0,0.666667,68.0,75.65,3.95,147.0,134.15,29.0,26.6,128.0,"{'rz': 58, 'rx': 44, 'rzz': 20, 'sx': 16, 'cz': 9, 'barrier': 4}",20,20,0,ok,,27.0,14.0,ok,,0.94,0.857684840799,24.0,12.0,0.95,0.993898155763,24.0,12.0,0.95,0.993898155763,24.0,12.0,False,False,False,,
two_qutrit,monomial_full,sup123_P102_ph012,True,False,0.0,0.666667,68.0,75.65,3.95,146.0,133.95,29.0,26.6,128.0,"{'rz': 57, 'rx': 44, 'rzz': 20, 'sx': 16, 'cz': 9, 'barrier': 4}",20,20,0,ok,,27.0,14.0,ok,,0.96,0.993898155763,24.0,12.0,0.96,0.993898155763,24.0,12.0,0.96,0.993898155763,24.0,12.0,False,False,False,,
two_qutrit,monomial_full,sup123_P102_ph020,True,False,0.0,0.666667,68.0,75.05,3.57,144.0,132.45,29.0,26.6,128.0,"{'rz': 55, 'rx': 44, 'rzz': 20, 'sx': 16, 'cz': 9, 'barrier': 4}",20,20,0,ok,,27.0,14.0,ok,,0.91,0.869565746897,24.0,12.0,0.95,0.980777537368,24.0,12.0,0.95,0.980777537368,24.0,12.0,False,False,False,,
two_qutrit,monomial_full,sup123_P102_ph021,True,False,0.0,0.666667,68.0,75.65,3.95,147.0,134.75,29.0,26.6,128.0,"{'rz': 58, 'rx': 44, 'rzz': 20, 'sx': 16, 'cz': 9, 'barrier': 4}",20,20,0,ok,,27.0,14.0,ok,,0.96,0.993898155763,24.0,12.0,0.96,0.993898155763,24.0,12.0,0.96,0.993898155763,24.0,12.0,False,False,False,,
two_qutrit,monomial_full,sup123_P102_ph022,True,False,0.0,0.666667,68.0,75.65,3.95,147.0,134.75,29.0,26.6,128.0,"{'rz': 58, 'rx': 44, 'rzz': 20, 'sx': 16, 'cz': 9, 'barrier': 4}",20,20,0,ok,,27.0,14.0,ok,,0.91,0.913491357544,24.0,12.0,0.91,0.913491357544,24.0,12.0,0.96,0.993898155763,24.0,12.0,False,False,False,,
two_qutrit,monomial_full,sup123_P102_ph100,True,False,0.0,0.666667,68.0,75.65,3.95,147.0,134.75,29.0,26.6,128.0,"{'rz': 58, 'rx': 44, 'rzz': 20, 'sx': 16, 'cz': 9, 'barrier': 4}",20,20,0,ok,,27.0,14.0,ok,,0.91,0.857684840799,24.0,12.0,0.95,0.993898155763,24.0,12.0,0.95,0.993898155763,24.0,12.0,False,False,False,,
two_qutrit,monomial_full,sup123_P102_ph101,True,False,0.0,0.666667,68.0,74.9,3.51,143.0,132.85,29.0,26.6,128.0,"{'rz': 55, 'rx': 43, 'rzz': 20, 'sx': 16, 'cz': 9, 'barrier': 4}",20,20,0,ok,,27.0,14.0,ok,,0.91,0.869565746897,24.0,12.0,0.95,0.980777537368,24.0,12.0,0.95,0.980777537368,24.0,12.0,False,False,False,,
two_qutrit,monomial_full,sup123_P102_ph102,True,False,0.0,0.666667,68.0,75.65,3.95,147.0,134.75,29.0,26.6,128.0,"{'rz': 58, 'rx': 44, 'rzz': 20, 'sx': 16, 'cz': 9, 'barrier': 4}",20,20,0,ok,,27.0,14.0,ok,,0.92,0.869565746897,24.0,12.0,0.95,0.980777537368,24.0,12.0,0.95,0.980777537368,24.0,12.0,False,False,False,,
two_qutrit,monomial_full,sup123_P102_ph110,True,False,0.0,0.666667,67.0,75.0,4.11,145.0,133.4,29.0,26.6,128.0,"{'rz': 56, 'rx': 44, 'rzz': 20, 'sx': 16, 'cz': 9, 'barrier': 4}",20,20,0,ok,,27.0,14.0,ok,,0.91,0.857684840799,24.0,12.0,0.95,0.993898155763,24.0,12.0,0.95,0.993898155763,24.0,12.0,False,False,False,,
two_qutrit,monomial_full,sup123_P102_ph111,True,False,0.0,0.666667,68.0,74.35,3.28,144.0,132.25,29.0,26.6,128.0,"{'rz': 55, 'rx': 44, 'rzz': 20, 'sx': 16, 'cz': 9, 'barrier': 4}",20,20,0,ok,,27.0,14.0,ok,,0.95,0.978600955391,24.0,12.0,0.95,0.978600955391,24.0,12.0,0.95,0.978600955391,24.0,12.0,False,False,False,,
two_qutrit,monomial_full,sup123_P102_ph112,True,False,0.0,0.666667,68.0,74.95,3.61,146.0,133.35,29.0,26.6,128.0,"{'rz': 57, 'rx': 44, 'rzz': 20, 'sx': 16, 'cz': 9, 'barrier': 4}",20,20,0,ok,,27.0,14.0,ok,,0.91,0.857684840799,24.0,12.0,0.95,0.993898155763,24.0,12.0,0.95,0.993898155763,24.0,12.0,False,False,False,,
two_qutrit,monomial_full,sup123_P102_ph120,True,False,0.0,0.666667,68.0,75.65,3.95,147.0,134.35,29.0,26.6,128.0,"{'rz': 58, 'rx': 44, 'rzz': 20, 'sx': 16, 'cz': 9, 'barrier': 4}",20,20,0,ok,,27.0,14.0,ok,,0.91,0.857684840799,24.0,12.0,0.95,0.993898155763,24.0,12.0,0.95,0.993898155763,24.0,12.0,False,False,False,,
two_qutrit,monomial_full,sup123_P102_ph121,True,False,0.0,0.666667,68.0,74.4,3.28,144.0,132.05,29.0,26.6,128.0,"{'rz': 55, 'rx': 44, 'rzz': 20, 'sx': 16, 'cz': 9, 'barrier': 4}",20,20,0,ok,,27.0,14.0,ok,,0.91,0.883075227387,23.0,12.0,0.95,0.918634673726,23.0,12.0,0.99,0.976996113454,24.0,12.0,False,False,False,,
two_qutrit,monomial_full,sup123_P102_ph122,True,False,0.0,0.666667,68.0,75.6,3.95,146.0,133.85,29.0,26.6,128.0,"{'rz': 57, 'rx': 44, 'rzz': 20, 'sx': 16, 'cz': 9, 'barrier': 4}",20,20,0,ok,,27.0,14.0,ok,,0.96,0.884215501443,23.0,12.0,0.98,0.990891780351,24.0,12.0,0.98,0.990891780351,24.0,12.0,False,False,False,,
two_qutrit,monomial_full,sup123_P102_ph200,True,False,0.0,0.666667,68.0,75.6,3.95,147.0,134.2,29.0,26.6,128.0,"{'rz': 58, 'rx': 44, 'rzz': 20, 'sx': 16, 'cz': 9, 'barrier': 4}",20,20,0,ok,,27.0,14.0,ok,,0.95,0.884215501443,23.0,12.0,0.96,0.993898155763,24.0,12.0,0.96,0.993898155763,24.0,12.0,False,False,False,,
two_qutrit,monomial_full,sup123_P102_ph201,True,False,0.0,0.666667,68.0,75.65,3.95,147.0,134.1,29.0,26.6,128.0,"{'rz': 58, 'rx': 44, 'rzz': 20, 'sx': 16, 'cz': 9, 'barrier': 4}",20,20,0,ok,,27.0,14.0,ok,,0.91,0.913882642562,23.0,12.0,0.91,0.913882642562,23.0,12.0,0.96,0.993756681393,23.0,12.0,False,False,False,,
two_qutrit,monomial_full,sup123_P102_ph202,True,False,0.0,0.666667,68.0,75.0,3.56,144.0,132.25,29.0,26.6,128.0,"{'rz': 55, 'rx': 44, 'rzz': 20, 'sx': 16, 'cz': 9, 'barrier': 4}",20,20,0,ok,,27.0,14.0,ok,,0.91,0.870259643008,24.0,12.0,0.95,0.976996113454,24.0,12.0,0.95,0.976996113454,24.0,12.0,False,False,False,,
two_qutrit,monomial_full,sup123_P102_ph210,True,False,0.0,0.666667,68.0,75.65,3.95,147.0,134.75,29.0,26.6,128.0,"{'rz': 58, 'rx': 44, 'rzz': 20, 'sx': 16, 'cz': 9, 'barrier': 4}",20,20,0,ok,,27.0,14.0,ok,,0.96,0.984594708169,24.0,12.0,0.96,0.984594708169,24.0,12.0,0.96,0.984594708169,24.0,12.0,False,False,False,,
two_qutrit,monomial_full,sup123_P102_ph211,True,False,0.0,0.666667,68.0,75.65,3.95,147.0,134.75,29.0,26.6,128.0,"{'rz': 58, 'rx': 44, 'rzz': 20, 'sx': 16, 'cz': 9, 'barrier': 4}",20,20,0,ok,,27.0,14.0,ok,,0.91,0.913491357544,24.0,12.0,0.91,0.913491357544,24.0,12.0,0.96,0.993898155763,24.0,12.0,False,False,False,,
two_qutrit,monomial_full,sup123_P102_ph212,True,False,0.0,0.666667,68.0,75.05,3.57,144.0,133.2,29.0,26.6,128.0,"{'rz': 55, 'rx': 44, 'rzz': 20, 'sx': 16, 'cz': 9, 'barrier': 4}",20,20,0,ok,,27.0,14.0,ok,,0.91,0.857684840799,24.0,12.0,0.95,0.993898155763,24.0,12.0,0.95,0.993898155763,24.0,12.0,False,False,False,,
two_qutrit,monomial_full,sup123_P102_ph220,True,False,0.0,0.666667,68.0,75.65,3.95,147.0,134.65,29.0,26.6,128.0,"{'rz': 58, 'rx': 44, 'rzz': 20, 'sx': 16, 'cz': 9, 'barrier': 4}",20,20,0,ok,,27.0,14.0,ok,,0.91,0.857684840799,24.0,12.0,0.95,0.993898155763,24.0,12.0,0.95,0.993898155763,24.0,12.0,False,False,False,,
two_qutrit,monomial_full,sup123_P102_ph221,True,False,0.0,0.666667,68.0,75.65,3.95,147.0,134.65,29.0,26.6,128.0,"{'rz': 58, 'rx': 44, 'rzz': 20, 'sx': 16, 'cz': 9, 'barrier': 4}",20,20,0,ok,,27.0,14.0,ok,,0.91,0.85096067579,23.0,12.0,0.96,0.942934457473,23.0,12.0,0.98,0.993898155763,24.0,12.0,False,False,False,,
two_qutrit,monomial_full,sup123_P102_ph222,True,False,0.0,0.666667,68.0,74.35,3.28,144.0,132.0,29.0,26.6,128.0,"{'rz': 56, 'rx': 43, 'rzz': 20, 'sx': 16, 'cz': 9, 'barrier': 4}",20,20,0,ok,,27.0,14.0,ok,,0.95,0.978600955391,24.0,12.0,0.95,0.978600955391,24.0,12.0,0.95,0.978600955391,24.0,12.0,False,False,False,,
two_qutrit,monomial_full,sup123_P120_ph000,True,False,0.0,0.666667,68.0,75.25,3.69,146.0,134.85,29.0,26.6,128.0,"{'rz': 58, 'rx': 43, 'rzz': 20, 'sx': 16, 'cz': 9, 'barrier': 4}",20,20,0,ok,,27.0,14.0,ok,,0.96,0.978600955391,24.0,12.0,0.96,0.978600955391,24.0,12.0,0.96,0.978600955391,24.0,12.0,False,False,False,,
two_qutrit,monomial_full,sup123_P120_ph001,True,False,0.0,0.666667,68.0,76.0,4.0,149.0,137.45,29.0,26.6,128.0,"{'rz': 60, 'rx': 44, 'rzz': 20, 'sx': 16, 'cz': 9, 'barrier': 4}",20,20,0,ok,,27.0,14.0,ok,,0.91,0.872769843845,24.0,12.0,0.95,0.980332049498,24.0,12.0,0.95,0.980332049498,24.0,12.0,False,False,False,,
two_qutrit,monomial_full,sup123_P120_ph002,True,False,0.0,0.666667,68.0,76.0,4.0,149.0,137.45,29.0,26.6,128.0,"{'rz': 60, 'rx': 44, 'rzz': 20, 'sx': 16, 'cz': 9, 'barrier': 4}",20,20,0,ok,,27.0,14.0,ok,,0.95,0.955505823301,24.0,12.0,0.95,0.955505823301,24.0,12.0,0.95,0.955505823301,24.0,12.0,False,False,False,,
two_qutrit,monomial_full,sup123_P120_ph010,True,False,0.0,0.666667,73.0,80.55,3.8,155.0,142.45,31.0,28.6,128.0,"{'rz': 61, 'rx': 47, 'rzz': 22, 'sx': 16, 'cz': 9, 'barrier': 4}",20,20,0,ok,,29.0,16.0,ok,,0.96,0.978600955391,26.0,14.0,0.96,0.978600955391,26.0,14.0,0.96,0.978600955391,26.0,14.0,False,False,False,,
two_qutrit,monomial_full,sup123_P120_ph011,True,False,0.0,0.666667,73.0,81.0,4.0,156.0,143.3,31.0,28.6,128.0,"{'rz': 62, 'rx': 47, 'rzz': 22, 'sx': 16, 'cz': 9, 'barrier': 4}",20,20,0,ok,,29.0,16.0,ok,,0.95,0.903889301002,26.0,14.0,0.95,0.903889301002,26.0,14.0,0.97,0.979822367573,26.0,14.0,False,False,False,,
two_qutrit,monomial_full,sup123_P120_ph012,True,False,0.0,0.666667,72.0,80.45,4.25,155.0,143.05,31.0,28.6,128.0,"{'rz': 62, 'rx': 46, 'rzz': 22, 'sx': 16, 'cz': 9, 'barrier': 4}",20,20,0,ok,,28.0,16.0,ok,,0.95,0.898676155483,24.0,14.0,0.96,0.980170721574,25.0,14.0,0.96,0.980170721574,25.0,14.0,False,False,False,,
two_qutrit,monomial_full,sup123_P120_ph020,True,False,0.0,0.666667,73.0,80.1,3.63,156.0,142.7,31.0,28.6,128.0,"{'rz': 61, 'rx': 48, 'rzz': 22, 'sx': 16, 'cz': 9, 'barrier': 4}",20,20,0,ok,,29.0,16.0,ok,,0.95,0.978600955391,26.0,14.0,0.95,0.978600955391,26.0,14.0,0.95,0.978600955391,26.0,14.0,False,False,False,,
two_qutrit,monomial_full,sup123_P120_ph021,True,False,0.0,0.666667,72.0,80.45,4.25,155.0,143.5,31.0,28.6,128.0,"{'rz': 62, 'rx': 46, 'rzz': 22, 'sx': 16, 'cz': 9, 'barrier': 4}",20,20,0,ok,,28.0,16.0,ok,,0.95,0.959480488313,25.0,14.0,0.95,0.959480488313,25.0,14.0,0.95,0.959480488313,25.0,14.0,False,False,False,,
two_qutrit,monomial_full,sup123_P120_ph022,True,False,0.0,0.666667,73.0,80.1,3.63,155.0,141.7,31.0,28.6,128.0,"{'rz': 61, 'rx': 47, 'rzz': 22, 'sx': 16, 'cz': 9, 'barrier': 4}",20,20,0,ok,,29.0,16.0,ok,,0.96,0.978600955391,26.0,14.0,0.96,0.978600955391,26.0,14.0,0.96,0.978600955391,26.0,14.0,False,False,False,,
two_qutrit,monomial_full,sup123_P120_ph100,True,False,0.0,0.666667,73.0,80.55,3.8,155.0,142.15,31.0,28.6,128.0,"{'rz': 61, 'rx': 47, 'rzz': 22, 'sx': 16, 'cz': 9, 'barrier': 4}",20,20,0,ok,,29.0,16.0,ok,,0.95,0.978600955391,26.0,14.0,0.95,0.978600955391,26.0,14.0,0.95,0.978600955391,26.0,14.0,False,False,False,,
two_qutrit,monomial_full,sup123_P120_ph101,True,False,0.0,0.666667,73.0,81.0,4.0,156.0,143.05,31.0,28.6,128.0,"{'rz': 62, 'rx': 47, 'rzz': 22, 'sx': 16, 'cz': 9, 'barrier': 4}",20,20,0,ok,,29.0,16.0,ok,,0.95,0.894183393695,26.0,14.0,0.97,0.983301733048,26.0,14.0,0.97,0.983301733048,26.0,14.0,False,False,False,,
two_qutrit,monomial_full,sup123_P120_ph102,True,False,0.0,0.666667,73.0,81.0,4.0,156.0,143.45,31.0,28.6,128.0,"{'rz': 62, 'rx': 47, 'rzz': 22, 'sx': 16, 'cz': 9, 'barrier': 4}",20,20,0,ok,,29.0,16.0,ok,,0.91,0.85895828891,26.0,14.0,0.95,0.980342969459,26.0,14.0,0.95,0.980342969459,26.0,14.0,False,False,False,,
two_qutrit,monomial_full,sup123_P120_ph110,True,False,0.0,0.666667,73.0,79.65,3.45,154.0,140.8,31.0,28.6,128.0,"{'rz': 59, 'rx': 48, 'rzz': 22, 'sx': 16, 'cz': 9, 'barrier': 4}",20,20,0,ok,,29.0,16.0,ok,,0.96,0.978600955391,26.0,14.0,0.96,0.978600955391,26.0,14.0,0.96,0.978600955391,26.0,14.0,False,False,False,,
two_qutrit,monomial_full,sup123_P120_ph111,True,False,0.0,0.666667,73.0,81.0,4.0,157.0,144.0,31.0,28.6,128.0,"{'rz': 62, 'rx': 48, 'rzz': 22, 'sx': 16, 'cz': 9, 'barrier': 4}",20,20,0,ok,,29.0,16.0,ok,,0.91,0.857684840799,26.0,14.0,0.95,0.993898155763,26.0,14.0,0.95,0.993898155763,26.0,14.0,False,False,False,,
two_qutrit,monomial_full,sup123_P120_ph112,True,False,0.0,0.666667,73.0,80.1,3.63,156.0,142.25,31.0,28.6,128.0,"{'rz': 61, 'rx': 48, 'rzz': 22, 'sx': 16, 'cz': 9, 'barrier': 4}",20,20,0,ok,,29.0,16.0,ok,,0.96,0.978600955391,26.0,14.0,0.96,0.978600955391,26.0,14.0,0.96,0.978600955391,26.0,14.0,False,False,False,,
two_qutrit,monomial_full,sup123_P120_ph120,True,False,0.0,0.666667,68.0,75.55,3.8,148.0,136.7,29.0,26.6,128.0,"{'rz': 59, 'rx': 44, 'rzz': 20, 'sx': 16, 'cz': 9, 'barrier': 4}",20,20,0,ok,,27.0,14.0,ok,,0.96,0.993898155763,24.0,12.0,0.96,0.993898155763,24.0,12.0,0.96,0.993898155763,24.0,12.0,False,False,False,,
two_qutrit,monomial_full,sup123_P120_ph121,True,False,0.0,0.666667,68.0,76.0,4.0,149.0,137.45,29.0,26.6,128.0,"{'rz': 60, 'rx': 44, 'rzz': 20, 'sx': 16, 'cz': 9, 'barrier': 4}",20,20,0,ok,,27.0,14.0,ok,,0.95,0.904574224736,23.0,12.0,0.95,0.904574224736,23.0,12.0,0.99,0.964729886222,24.0,12.0,False,False,False,,
two_qutrit,monomial_full,sup123_P120_ph122,True,False,0.0,0.666667,68.0,76.0,4.0,149.0,137.45,29.0,26.6,128.0,"{'rz': 60, 'rx': 44, 'rzz': 20, 'sx': 16, 'cz': 9, 'barrier': 4}",20,20,0,ok,,27.0,14.0,ok,,0.95,0.974275420288,24.0,12.0,0.95,0.974275420288,24.0,12.0,0.95,0.974275420288,24.0,12.0,False,False,False,,
two_qutrit,monomial_full,sup123_P120_ph200,True,False,0.0,0.666667,73.0,80.1,3.63,156.0,142.85,31.0,28.6,128.0,"{'rz': 61, 'rx': 48, 'rzz': 22, 'sx': 16, 'cz': 9, 'barrier': 4}",20,20,0,ok,,29.0,16.0,ok,,0.96,0.978600955391,26.0,14.0,0.96,0.978600955391,26.0,14.0,0.96,0.978600955391,26.0,14.0,False,False,False,,
two_qutrit,monomial_full,sup123_P120_ph201,True,False,0.0,0.666667,73.0,81.0,4.0,156.0,143.75,31.0,28.6,128.0,"{'rz': 62, 'rx': 47, 'rzz': 22, 'sx': 16, 'cz': 9, 'barrier': 4}",20,20,0,ok,,29.0,16.0,ok,,0.95,0.959480488313,26.0,14.0,0.95,0.959480488313,26.0,14.0,0.95,0.959480488313,26.0,14.0,False,False,False,,
two_qutrit,monomial_full,sup123_P120_ph202,True,False,0.0,0.666667,73.0,79.65,3.45,154.0,140.85,31.0,28.6,128.0,"{'rz': 59, 'rx': 48, 'rzz': 22, 'sx': 16, 'cz': 9, 'barrier': 4}",20,20,0,ok,,29.0,16.0,ok,,0.95,0.978600955391,25.0,14.0,0.95,0.978600955391,25.0,14.0,0.95,0.978600955391,25.0,14.0,False,False,False,,
two_qutrit,monomial_full,sup123_P120_ph210,True,False,0.0,0.666667,68.0,75.55,3.8,148.0,136.7,29.0,26.6,128.0,"{'rz': 59, 'rx': 44, 'rzz': 20, 'sx': 16, 'cz': 9, 'barrier': 4}",20,20,0,ok,,27.0,14.0,ok,,0.95,0.884215501443,24.0,12.0,0.96,0.993898155763,24.0,12.0,0.96,0.993898155763,24.0,12.0,False,False,False,,
two_qutrit,monomial_full,sup123_P120_ph211,True,False,0.0,0.666667,68.0,76.0,4.0,149.0,137.45,29.0,26.6,128.0,"{'rz': 60, 'rx': 44, 'rzz': 20, 'sx': 16, 'cz': 9, 'barrier': 4}",20,20,0,ok,,27.0,14.0,ok,,0.91,0.873089937614,24.0,12.0,0.95,0.980220623092,24.0,12.0,0.95,0.980220623092,24.0,12.0,False,False,False,,
two_qutrit,monomial_full,sup123_P120_ph212,True,False,0.0,0.666667,68.0,76.0,4.0,149.0,137.45,29.0,26.6,128.0,"{'rz': 60, 'rx': 44, 'rzz': 20, 'sx': 16, 'cz': 9, 'barrier': 4}",20,20,0,ok,,27.0,14.0,ok,,0.91,0.857684840799,24.0,12.0,0.95,0.993898155763,24.0,12.0,0.95,0.993898155763,24.0,12.0,False,False,False,,
two_qutrit,monomial_full,sup123_P120_ph220,True,False,0.0,0.666667,73.0,80.55,3.8,154.0,142.25,31.0,28.6,128.0,"{'rz': 60, 'rx': 47, 'rzz': 22, 'sx': 16, 'cz': 9, 'barrier': 4}",20,20,0,ok,,29.0,16.0,ok,,0.96,0.978600955391,26.0,14.0,0.96,0.978600955391,26.0,14.0,0.96,0.978600955391,26.0,14.0,False,False,False,,
two_qutrit,monomial_full,sup123_P120_ph221,True,False,0.0,0.666667,73.0,80.55,3.8,156.0,143.0,31.0,28.6,128.0,"{'rz': 62, 'rx': 47, 'rzz': 22, 'sx': 16, 'cz': 9, 'barrier': 4}",20,20,0,ok,,29.0,16.0,ok,,0.91,0.863974177836,26.0,14.0,0.95,0.980704640708,26.0,14.0,0.95,0.980704640708,26.0,14.0,False,False,False,,
two_qutrit,monomial_full,sup123_P120_ph222,True,False,0.0,0.666667,73.0,81.0,4.0,156.0,143.3,31.0,28.6,128.0,"{'rz': 62, 'rx': 47, 'rzz': 22, 'sx': 16, 'cz': 9, 'barrier': 4}",20,20,0,ok,,29.0,16.0,ok,,0.95,0.856284816196,26.0,14.0,0.97,0.980360599392,26.0,14.0,0.97,0.980360599392,26.0,14.0,False,False,False,,
two_qutrit,monomial_full,sup123_P201_ph000,True,False,0.0,0.666667,56.0,63.2,3.6,125.0,112.95,27.0,24.6,128.0,"{'rz': 45, 'rx': 37, 'rzz': 16, 'sx': 16, 'cz': 11, 'barrier': 4}",20,20,0,ok,,21.0,12.0,ok,,0.91,0.857684840799,18.0,10.0,0.95,0.993898155763,18.0,10.0,0.95,0.993898155763,18.0,10.0,False,False,False,,
two_qutrit,monomial_full,sup123_P201_ph001,True,False,0.0,0.666667,59.0,65.95,3.72,129.0,116.25,27.0,24.6,128.0,"{'rz': 48, 'rx': 38, 'rzz': 16, 'sx': 16, 'cz': 11, 'barrier': 4}",20,20,0,ok,,22.0,12.0,ok,,0.95,0.910774871323,19.0,10.0,0.95,0.910774871323,19.0,10.0,0.98,0.993898155763,19.0,10.0,False,False,False,,
two_qutrit,monomial_full,sup123_P201_ph002,True,False,0.0,0.666667,59.0,65.95,3.72,129.0,116.25,27.0,24.6,128.0,"{'rz': 48, 'rx': 38, 'rzz': 16, 'sx': 16, 'cz': 11, 'barrier': 4}",20,20,0,ok,,22.0,12.0,ok,,0.95,0.870843542794,19.0,10.0,0.96,0.993898155763,19.0,10.0,0.96,0.993898155763,19.0,10.0,False,False,False,,
two_qutrit,monomial_full,sup123_P201_ph010,True,False,0.0,0.666667,57.0,64.55,3.8,127.0,115.05,27.0,24.6,128.0,"{'rz': 47, 'rx': 37, 'rzz': 16, 'sx': 16, 'cz': 11, 'barrier': 4}",20,20,0,ok,,21.0,12.0,ok,,0.95,0.928725221369,18.0,10.0,0.95,0.928725221369,18.0,10.0,0.98,0.993898155763,18.0,10.0,False,False,False,,
two_qutrit,monomial_full,sup123_P201_ph011,True,False,0.0,0.666667,60.0,67.2,3.6,132.0,118.9,27.0,24.6,128.0,"{'rz': 50, 'rx': 39, 'rzz': 16, 'sx': 16, 'cz': 11, 'barrier': 4}",20,20,0,ok,,22.0,12.0,ok,,0.95,0.938740437639,19.0,10.0,0.95,0.938740437639,19.0,10.0,0.98,0.993898155763,19.0,10.0,False,False,False,,
two_qutrit,monomial_full,sup123_P201_ph012,True,False,0.0,0.666667,60.0,67.2,3.6,132.0,118.9,27.0,24.6,128.0,"{'rz': 50, 'rx': 39, 'rzz': 16, 'sx': 16, 'cz': 11, 'barrier': 4}",20,20,0,ok,,22.0,12.0,ok,,0.91,0.913491357544,19.0,10.0,0.91,0.913491357544,19.0,10.0,0.96,0.993898155763,19.0,10.0,False,False,False,,
two_qutrit,monomial_full,sup123_P201_ph020,True,False,0.0,0.666667,58.0,65.55,3.8,130.0,117.2,27.0,24.6,128.0,"{'rz': 48, 'rx': 39, 'rzz': 16, 'sx': 16, 'cz': 11, 'barrier': 4}",20,20,0,ok,,21.0,12.0,ok,,0.95,0.915793586295,18.0,10.0,0.95,0.915793586295,18.0,10.0,0.98,0.993898155763,18.0,10.0,False,False,False,,
two_qutrit,monomial_full,sup123_P201_ph021,True,False,0.0,0.666667,60.0,67.65,3.85,133.0,119.85,27.0,24.6,128.0,"{'rz': 51, 'rx': 39, 'rzz': 16, 'sx': 16, 'cz': 11, 'barrier': 4}",20,20,0,ok,,22.0,12.0,ok,,0.95,0.884215501443,19.0,10.0,0.96,0.993898155763,19.0,10.0,0.96,0.993898155763,19.0,10.0,False,False,False,,
two_qutrit,monomial_full,sup123_P201_ph022,True,False,0.0,0.666667,59.0,66.3,3.91,130.0,117.3,27.0,24.6,128.0,"{'rz': 49, 'rx': 38, 'rzz': 16, 'sx': 16, 'cz': 11, 'barrier': 4}",20,20,0,ok,,22.0,12.0,ok,,0.95,0.928725221369,19.0,10.0,0.95,0.928725221369,19.0,10.0,0.98,0.993898155763,19.0,10.0,False,False,False,,
two_qutrit,monomial_full,sup123_P201_ph100,True,False,0.0,0.666667,58.0,65.65,3.95,129.0,116.35,27.0,24.6,128.0,"{'rz': 48, 'rx': 38, 'rzz': 16, 'sx': 16, 'cz': 11, 'barrier': 4}",20,20,0,ok,,21.0,12.0,ok,,0.95,0.895925331402,18.0,10.0,0.96,0.993898155763,18.0,10.0,0.96,0.993898155763,18.0,10.0,False,False,False,,
two_qutrit,monomial_full,sup123_P201_ph101,True,False,0.0,0.666667,60.0,67.2,3.6,132.0,118.9,27.0,24.6,128.0,"{'rz': 50, 'rx': 39, 'rzz': 16, 'sx': 16, 'cz': 11, 'barrier': 4}",20,20,0,ok,,22.0,12.0,ok,,0.93,0.913491357544,19.0,10.0,0.93,0.913491357544,19.0,10.0,0.96,0.993898155763,19.0,10.0,False,False,False,,
two_qutrit,monomial_full,sup123_P201_ph102,True,False,0.0,0.666667,58.0,65.1,3.66,129.0,116.25,27.0,24.6,128.0,"{'rz': 47, 'rx': 39, 'rzz': 16, 'sx': 16, 'cz': 11, 'barrier': 4}",20,20,0,ok,,21.0,12.0,ok,,0.95,0.938740437639,18.0,10.0,0.95,0.938740437639,18.0,10.0,0.98,0.993898155763,18.0,10.0,False,False,False,,
two_qutrit,monomial_full,sup123_P201_ph110,True,False,0.0,0.666667,60.0,67.65,3.85,133.0,119.85,27.0,24.6,128.0,"{'rz': 51, 'rx': 39, 'rzz': 16, 'sx': 16, 'cz': 11, 'barrier': 4}",20,20,0,ok,,22.0,12.0,ok,,0.95,0.884215501443,19.0,10.0,0.96,0.993898155763,19.0,10.0,0.96,0.993898155763,19.0,10.0,False,False,False,,
two_qutrit,monomial_full,sup123_P201_ph111,True,False,0.0,0.666667,60.0,67.65,3.85,133.0,119.85,27.0,24.6,128.0,"{'rz': 51, 'rx': 39, 'rzz': 16, 'sx': 16, 'cz': 11, 'barrier': 4}",20,20,0,ok,,22.0,12.0,ok,,0.91,0.862754329196,19.0,10.0,0.95,0.981444464489,19.0,10.0,0.95,0.981444464489,19.0,10.0,False,False,False,,
two_qutrit,monomial_full,sup123_P201_ph112,True,False,0.0,0.666667,58.0,65.2,3.66,128.0,116.0,27.0,24.6,128.0,"{'rz': 48, 'rx': 37, 'rzz': 16, 'sx': 16, 'cz': 11, 'barrier': 4}",20,20,0,ok,,22.0,12.0,ok,,0.91,0.857684840799,19.0,10.0,0.95,0.993898155763,19.0,10.0,0.95,0.993898155763,19.0,10.0,False,False,False,,
two_qutrit,monomial_full,sup123_P201_ph120,True,False,0.0,0.666667,59.0,65.95,3.72,129.0,116.25,27.0,24.6,128.0,"{'rz': 48, 'rx': 38, 'rzz': 16, 'sx': 16, 'cz': 11, 'barrier': 4}",20,20,0,ok,,22.0,12.0,ok,,0.95,0.884215501443,19.0,10.0,0.96,0.993898155763,19.0,10.0,0.96,0.993898155763,19.0,10.0,False,False,False,,
two_qutrit,monomial_full,sup123_P201_ph121,True,False,0.0,0.666667,59.0,65.95,3.72,129.0,116.25,27.0,24.6,128.0,"{'rz': 48, 'rx': 38, 'rzz': 16, 'sx': 16, 'cz': 11, 'barrier': 4}",20,20,0,ok,,22.0,12.0,ok,,0.91,0.857684840799,19.0,10.0,0.95,0.993898155763,19.0,10.0,0.95,0.993898155763,19.0,10.0,False,False,False,,
two_qutrit,monomial_full,sup123_P201_ph122,True,False,0.0,0.666667,59.0,66.65,3.85,131.0,118.15,27.0,24.6,128.0,"{'rz': 49, 'rx': 39, 'rzz': 16, 'sx': 16, 'cz': 11, 'barrier': 4}",20,20,0,ok,,22.0,12.0,ok,,0.93,0.857684840799,19.0,10.0,0.95,0.993898155763,19.0,10.0,0.95,0.993898155763,19.0,10.0,False,False,False,,
two_qutrit,monomial_full,sup123_P201_ph200,True,False,0.0,0.666667,59.0,66.3,3.91,130.0,117.3,27.0,24.6,128.0,"{'rz': 49, 'rx': 38, 'rzz': 16, 'sx': 16, 'cz': 11, 'barrier': 4}",20,20,0,ok,,22.0,12.0,ok,,0.91,0.857684840799,19.0,10.0,0.95,0.993898155763,19.0,10.0,0.95,0.993898155763,19.0,10.0,False,False,False,,
two_qutrit,monomial_full,sup123_P201_ph201,True,False,0.0,0.666667,58.0,65.2,3.66,128.0,116.0,27.0,24.6,128.0,"{'rz': 48, 'rx': 37, 'rzz': 16, 'sx': 16, 'cz': 11, 'barrier': 4}",20,20,0,ok,,22.0,12.0,ok,,0.95,0.928725221369,19.0,10.0,0.95,0.928725221369,19.0,10.0,0.98,0.993898155763,19.0,10.0,False,False,False,,
two_qutrit,monomial_full,sup123_P201_ph202,True,False,0.0,0.666667,59.0,66.3,3.91,130.0,117.3,27.0,24.6,128.0,"{'rz': 49, 'rx': 38, 'rzz': 16, 'sx': 16, 'cz': 11, 'barrier': 4}",20,20,0,ok,,22.0,12.0,ok,,0.95,0.884215501443,19.0,10.0,0.96,0.993898155763,19.0,10.0,0.96,0.993898155763,19.0,10.0,False,False,False,,
two_qutrit,monomial_full,sup123_P201_ph210,True,False,0.0,0.666667,60.0,67.3,3.7,132.0,118.8,27.0,24.6,128.0,"{'rz': 50, 'rx': 39, 'rzz': 16, 'sx': 16, 'cz': 11, 'barrier': 4}",20,20,0,ok,,22.0,12.0,ok,,0.93,0.913491357544,19.0,10.0,0.93,0.913491357544,19.0,10.0,0.96,0.993898155763,19.0,10.0,False,False,False,,
two_qutrit,monomial_full,sup123_P201_ph211,True,False,0.0,0.666667,59.0,66.65,3.85,131.0,118.15,27.0,24.6,128.0,"{'rz': 49, 'rx': 39, 'rzz': 16, 'sx': 16, 'cz': 11, 'barrier': 4}",20,20,0,ok,,22.0,12.0,ok,,0.95,0.938740437639,19.0,10.0,0.95,0.938740437639,19.0,10.0,0.98,0.993898155763,19.0,10.0,False,False,False,,
two_qutrit,monomial_full,sup123_P201_ph212,True,False,0.0,0.666667,60.0,67.3,3.7,132.0,118.8,27.0,24.6,128.0,"{'rz': 50, 'rx': 39, 'rzz': 16, 'sx': 16, 'cz': 11, 'barrier': 4}",20,20,0,ok,,22.0,12.0,ok,,0.91,0.857684840799,19.0,10.0,0.95,0.993898155763,19.0,10.0,0.95,0.993898155763,19.0,10.0,False,False,False,,
two_qutrit,monomial_full,sup123_P201_ph220,True,False,0.0,0.666667,58.0,65.65,3.95,129.0,116.35,27.0,24.6,128.0,"{'rz': 48, 'rx': 38, 'rzz': 16, 'sx': 16, 'cz': 11, 'barrier': 4}",20,20,0,ok,,21.0,12.0,ok,,0.95,0.870843542794,18.0,10.0,0.96,0.993898155763,18.0,10.0,0.96,0.993898155763,18.0,10.0,False,False,False,,
two_qutrit,monomial_full,sup123_P201_ph221,True,False,0.0,0.666667,58.0,65.1,3.66,129.0,116.25,27.0,24.6,128.0,"{'rz': 47, 'rx': 39, 'rzz': 16, 'sx': 16, 'cz': 11, 'barrier': 4}",20,20,0,ok,,21.0,12.0,ok,,0.91,0.857684840799,18.0,10.0,0.95,0.993898155763,18.0,10.0,0.95,0.993898155763,18.0,10.0,False,False,False,,
two_qutrit,monomial_full,sup123_P201_ph222,True,False,0.0,0.666667,60.0,67.2,3.6,132.0,118.9,27.0,24.6,128.0,"{'rz': 50, 'rx': 39, 'rzz': 16, 'sx': 16, 'cz': 11, 'barrier': 4}",20,20,0,ok,,22.0,12.0,ok,,0.93,0.857684840799,19.0,10.0,0.95,0.993898155763,19.0,10.0,0.95,0.993898155763,19.0,10.0,False,False,False,,
two_qutrit,monomial_full,sup123_P210_ph000,True,False,0.0,0.666667,56.0,63.65,3.85,125.0,112.25,27.0,24.6,128.0,"{'rz': 45, 'rx': 37, 'rzz': 16, 'sx': 16, 'cz': 11, 'barrier': 4}",20,20,0,ok,,21.0,12.0,ok,,0.95,0.985733664903,19.0,10.0,0.95,0.985733664903,19.0,10.0,0.95,0.985733664903,19.0,10.0,False,False,False,,
two_qutrit,monomial_full,sup123_P210_ph001,True,False,0.0,0.666667,57.0,63.95,3.72,126.0,113.0,27.0,24.6,128.0,"{'rz': 46, 'rx': 37, 'rzz': 16, 'sx': 16, 'cz': 11, 'barrier': 4}",20,20,0,ok,,21.0,12.0,ok,,0.91,0.886967312964,18.0,10.0,0.95,0.940629334349,18.0,10.0,0.99,0.993898155763,18.0,10.0,False,False,False,,
two_qutrit,monomial_full,sup123_P210_ph002,True,False,0.0,0.666667,57.0,64.3,3.76,127.0,114.25,27.0,24.6,128.0,"{'rz': 47, 'rx': 37, 'rzz': 16, 'sx': 16, 'cz': 11, 'barrier': 4}",20,20,0,ok,,21.0,12.0,ok,,0.91,0.857684840799,18.0,10.0,0.95,0.993898155763,18.0,10.0,0.95,0.993898155763,18.0,10.0,False,False,False,,
two_qutrit,monomial_full,sup123_P210_ph010,True,False,0.0,0.666667,57.0,65.35,4.2,129.0,117.0,27.0,24.6,128.0,"{'rz': 50, 'rx': 36, 'rzz': 18, 'sx': 16, 'cz': 9, 'barrier': 4}",20,20,0,ok,,21.0,12.0,ok,,0.95,0.870843542794,18.0,10.0,0.96,0.993898155763,18.0,10.0,0.96,0.993898155763,18.0,10.0,False,False,False,,
two_qutrit,monomial_full,sup123_P210_ph011,True,False,0.0,0.666667,57.0,65.0,4.0,129.0,116.65,27.0,24.6,128.0,"{'rz': 50, 'rx': 36, 'rzz': 18, 'sx': 16, 'cz': 9, 'barrier': 4}",20,20,0,ok,,21.0,12.0,ok,,0.95,0.993898155763,18.0,10.0,0.95,0.993898155763,18.0,10.0,0.95,0.993898155763,18.0,10.0,False,False,False,,
two_qutrit,monomial_full,sup123_P210_ph012,True,False,0.0,0.666667,58.0,65.25,3.71,129.0,115.55,27.0,24.6,128.0,"{'rz': 48, 'rx': 38, 'rzz': 18, 'sx': 16, 'cz': 9, 'barrier': 4}",20,20,0,ok,,21.0,12.0,ok,,0.94,0.913491357544,16.0,8.0,0.94,0.913491357544,16.0,8.0,0.96,0.993898155763,18.0,10.0,False,False,False,,
two_qutrit,monomial_full,sup123_P210_ph020,True,False,0.0,0.666667,59.0,65.9,3.49,130.0,117.15,27.0,24.6,128.0,"{'rz': 50, 'rx': 37, 'rzz': 18, 'sx': 16, 'cz': 9, 'barrier': 4}",20,20,0,ok,,22.0,12.0,ok,,0.95,0.884215501443,19.0,10.0,0.96,0.993898155763,19.0,10.0,0.96,0.993898155763,19.0,10.0,False,False,False,,
two_qutrit,monomial_full,sup123_P210_ph021,True,False,0.0,0.666667,59.0,66.35,3.71,130.0,117.6,27.0,24.6,128.0,"{'rz': 50, 'rx': 37, 'rzz': 18, 'sx': 16, 'cz': 9, 'barrier': 4}",20,20,0,ok,,22.0,12.0,ok,,0.95,0.884215501443,19.0,10.0,0.96,0.993898155763,19.0,10.0,0.96,0.993898155763,19.0,10.0,False,False,False,,
two_qutrit,monomial_full,sup123_P210_ph022,True,False,0.0,0.666667,59.0,65.75,3.4,130.0,117.0,27.0,24.6,128.0,"{'rz': 50, 'rx': 37, 'rzz': 18, 'sx': 16, 'cz': 9, 'barrier': 4}",20,20,0,ok,,22.0,12.0,ok,,0.95,0.993898155763,19.0,10.0,0.95,0.993898155763,19.0,10.0,0.95,0.993898155763,19.0,10.0,False,False,False,,
two_qutrit,monomial_full,sup123_P210_ph100,True,False,0.0,0.666667,57.0,65.3,4.17,129.0,116.95,27.0,24.6,128.0,"{'rz': 50, 'rx': 36, 'rzz': 18, 'sx': 16, 'cz': 9, 'barrier': 4}",20,20,0,ok,,21.0,12.0,ok,,0.95,0.870843542794,18.0,10.0,0.96,0.993898155763,18.0,10.0,0.96,0.993898155763,18.0,10.0,False,False,False,,
two_qutrit,monomial_full,sup123_P210_ph101,True,False,0.0,0.666667,58.0,65.05,3.54,129.0,115.35,27.0,24.6,128.0,"{'rz': 48, 'rx': 38, 'rzz': 18, 'sx': 16, 'cz': 9, 'barrier': 4}",20,20,0,ok,,21.0,12.0,ok,,0.95,0.993898155763,18.0,10.0,0.95,0.993898155763,18.0,10.0,0.95,0.993898155763,18.0,10.0,False,False,False,,
two_qutrit,monomial_full,sup123_P210_ph102,True,False,0.0,0.666667,57.0,65.2,4.12,129.0,116.85,27.0,24.6,128.0,"{'rz': 50, 'rx': 36, 'rzz': 18, 'sx': 16, 'cz': 9, 'barrier': 4}",20,20,0,ok,,21.0,12.0,ok,,0.95,0.870843542794,18.0,10.0,0.96,0.993898155763,18.0,10.0,0.96,0.993898155763,18.0,10.0,False,False,False,,
two_qutrit,monomial_full,sup123_P210_ph110,True,False,0.0,0.666667,59.0,66.25,3.69,130.0,117.35,27.0,24.6,128.0,"{'rz': 50, 'rx': 37, 'rzz': 18, 'sx': 16, 'cz': 9, 'barrier': 4}",20,20,0,ok,,22.0,12.0,ok,,0.95,0.993898155763,19.0,10.0,0.95,0.993898155763,19.0,10.0,0.95,0.993898155763,19.0,10.0,False,False,False,,
two_qutrit,monomial_full,sup123_P210_ph111,True,False,0.0,0.666667,59.0,65.8,3.43,130.0,117.05,27.0,24.6,128.0,"{'rz': 50, 'rx': 37, 'rzz': 18, 'sx': 16, 'cz': 9, 'barrier': 4}",20,20,0,ok,,22.0,12.0,ok,,0.95,0.993898155763,19.0,10.0,0.95,0.993898155763,19.0,10.0,0.95,0.993898155763,19.0,10.0,False,False,False,,
two_qutrit,monomial_full,sup123_P210_ph112,True,False,0.0,0.666667,59.0,65.95,3.54,130.0,117.2,27.0,24.6,128.0,"{'rz': 50, 'rx': 37, 'rzz': 18, 'sx': 16, 'cz': 9, 'barrier': 4}",20,20,0,ok,,22.0,12.0,ok,,0.95,0.895925331402,19.0,10.0,0.96,0.993898155763,19.0,10.0,0.96,0.993898155763,19.0,10.0,False,False,False,,
two_qutrit,monomial_full,sup123_P210_ph120,True,False,0.0,0.666667,57.0,64.3,3.76,127.0,114.25,27.0,24.6,128.0,"{'rz': 47, 'rx': 37, 'rzz': 16, 'sx': 16, 'cz': 11, 'barrier': 4}",20,20,0,ok,,21.0,12.0,ok,,0.91,0.858450168565,18.0,10.0,0.95,0.993898155763,18.0,10.0,0.95,0.993898155763,18.0,10.0,False,False,False,,
two_qutrit,monomial_full,sup123_P210_ph121,True,False,0.0,0.666667,57.0,64.3,3.76,127.0,114.25,27.0,24.6,128.0,"{'rz': 47, 'rx': 37, 'rzz': 16, 'sx': 16, 'cz': 11, 'barrier': 4}",20,20,0,ok,,21.0,12.0,ok,,0.95,0.985733664903,19.0,10.0,0.95,0.985733664903,19.0,10.0,0.95,0.985733664903,19.0,10.0,False,False,False,,
two_qutrit,monomial_full,sup123_P210_ph122,True,False,0.0,0.666667,56.0,63.3,3.76,124.0,111.0,27.0,24.6,128.0,"{'rz': 44, 'rx': 37, 'rzz': 16, 'sx': 16, 'cz': 11, 'barrier': 4}",20,20,0,ok,,21.0,12.0,ok,,0.91,0.857684840799,18.0,10.0,0.95,0.993898155763,18.0,10.0,0.95,0.993898155763,18.0,10.0,False,False,False,,
two_qutrit,monomial_full,sup123_P210_ph200,True,False,0.0,0.666667,59.0,66.8,3.92,130.0,117.65,27.0,24.6,128.0,"{'rz': 50, 'rx': 37, 'rzz': 18, 'sx': 16, 'cz': 9, 'barrier': 4}",20,20,0,ok,,22.0,12.0,ok,,0.95,0.884215501443,18.0,10.0,0.96,0.993898155763,19.0,10.0,0.96,0.993898155763,19.0,10.0,False,False,False,,
two_qutrit,monomial_full,sup123_P210_ph201,True,False,0.0,0.666667,59.0,66.2,3.66,130.0,117.2,27.0,24.6,128.0,"{'rz': 50, 'rx': 37, 'rzz': 18, 'sx': 16, 'cz': 9, 'barrier': 4}",20,20,0,ok,,22.0,12.0,ok,,0.95,0.884215501443,19.0,10.0,0.96,0.993898155763,19.0,10.0,0.96,0.993898155763,19.0,10.0,False,False,False,,
two_qutrit,monomial_full,sup123_P210_ph202,True,False,0.0,0.666667,59.0,66.05,3.57,130.0,117.15,27.0,24.6,128.0,"{'rz': 50, 'rx': 37, 'rzz': 18, 'sx': 16, 'cz': 9, 'barrier': 4}",20,20,0,ok,,22.0,12.0,ok,,0.95,0.993898155763,19.0,10.0,0.95,0.993898155763,19.0,10.0,0.95,0.993898155763,19.0,10.0,False,False,False,,
two_qutrit,monomial_full,sup123_P210_ph210,True,False,0.0,0.666667,57.0,63.95,3.72,126.0,113.0,27.0,24.6,128.0,"{'rz': 46, 'rx': 37, 'rzz': 16, 'sx': 16, 'cz': 11, 'barrier': 4}",20,20,0,ok,,21.0,12.0,ok,,0.95,0.884215501443,18.0,10.0,0.96,0.993898155763,18.0,10.0,0.96,0.993898155763,18.0,10.0,False,False,False,,
two_qutrit,monomial_full,sup123_P210_ph211,True,False,0.0,0.666667,56.0,63.65,3.85,125.0,112.25,27.0,24.6,128.0,"{'rz': 45, 'rx': 36, 'sx': 17, 'rzz': 16, 'cz': 11, 'barrier': 4}",20,20,0,ok,,21.0,12.0,ok,,0.91,0.857684840799,18.0,10.0,0.95,0.993898155763,18.0,10.0,0.95,0.993898155763,18.0,10.0,False,False,False,,
two_qutrit,monomial_full,sup123_P210_ph212,True,False,0.0,0.666667,57.0,64.3,3.76,127.0,114.25,27.0,24.6,128.0,"{'rz': 47, 'rx': 37, 'rzz': 16, 'sx': 16, 'cz': 11, 'barrier': 4}",20,20,0,ok,,21.0,12.0,ok,,0.95,0.978788597644,19.0,10.0,0.95,0.978788597644,19.0,10.0,0.95,0.978788597644,19.0,10.0,False,False,False,,
two_qutrit,monomial_full,sup123_P210_ph220,True,False,0.0,0.666667,57.0,64.85,3.94,127.0,114.95,27.0,24.6,128.0,"{'rz': 48, 'rx': 36, 'rzz': 18, 'sx': 16, 'cz': 9, 'barrier': 4}",20,20,0,ok,,21.0,12.0,ok,,0.94,0.91272017357,16.0,8.0,0.94,0.91272017357,16.0,8.0,0.95,0.993898155763,18.0,10.0,False,False,False,,
two_qutrit,monomial_full,sup123_P210_ph221,True,False,0.0,0.666667,58.0,65.2,3.6,131.0,117.05,27.0,24.6,128.0,"{'rz': 50, 'rx': 38, 'rzz': 18, 'sx': 16, 'cz': 9, 'barrier': 4}",20,20,0,ok,,21.0,12.0,ok,,0.95,0.869106120489,18.0,10.0,0.96,0.993898155763,18.0,10.0,0.96,0.993898155763,18.0,10.0,False,False,False,,
two_qutrit,monomial_full,sup123_P210_ph222,True,False,0.0,0.666667,57.0,65.75,4.38,129.0,117.4,27.0,24.6,128.0,"{'rz': 50, 'rx': 36, 'rzz': 18, 'sx': 16, 'cz': 9, 'barrier': 4}",20,20,0,ok,,21.0,12.0,ok,,0.95,0.993898155763,18.0,10.0,0.95,0.993898155763,18.0,10.0,0.95,0.993898155763,18.0,10.0,False,False,False,,
two_qutrit,product,U_I__V_X,True,False,0.0,0.666667,59.0,66.65,3.85,131.0,118.25,27.0,24.6,128.0,"{'rz': 49, 'rx': 39, 'rzz': 16, 'sx': 16, 'cz': 11, 'barrier': 4}",20,20,0,ok,,22.0,12.0,ok,,0.91,0.862754329196,19.0,10.0,0.95,0.981444464489,19.0,10.0,0.95,0.981444464489,19.0,10.0,False,False,False,,
two_qutrit,product,U_I__V_SX,True,False,0.0,0.833333,59.0,65.75,3.4,129.0,116.85,27.0,24.6,128.0,"{'rz': 50, 'rx': 36, 'rzz': 18, 'sx': 16, 'cz': 9, 'barrier': 4}",20,20,0,ok,,22.0,12.0,ok,,0.95,0.907655561789,16.0,8.0,0.95,0.907655561789,16.0,8.0,0.97,0.993898155763,19.0,10.0,False,False,False,,
two_qutrit,product,U_I__V_SXdg,True,False,0.0,0.833333,58.0,66.0,4.0,130.0,117.65,27.0,24.6,128.0,"{'rz': 50, 'rx': 37, 'rzz': 18, 'sx': 16, 'cz': 9, 'barrier': 4}",20,20,0,ok,,21.0,12.0,ok,,0.95,0.893425795752,16.0,8.0,0.96,0.993898155763,18.0,10.0,0.96,0.993898155763,18.0,10.0,False,False,False,,
two_qutrit,product,U_I__V_H,True,False,0.0,0.833333,57.0,64.4,3.77,125.0,112.45,27.0,24.6,128.0,"{'rz': 47, 'rx': 35, 'rzz': 16, 'sx': 16, 'cz': 11, 'barrier': 4}",20,20,0,ok,,21.0,12.0,ok,,0.95,0.884215501443,18.0,10.0,0.96,0.993898155763,18.0,10.0,0.96,0.993898155763,18.0,10.0,False,False,False,,
two_qutrit,product,U_I__V_HS,True,False,0.0,0.833333,59.0,67.25,4.16,130.0,118.7,27.0,24.6,128.0,"{'rz': 52, 'rx': 35, 'rzz': 18, 'sx': 16, 'cz': 9, 'barrier': 4}",20,20,0,ok,,22.0,12.0,ok,,0.91,0.857684840799,19.0,10.0,0.95,0.993898155763,19.0,10.0,0.95,0.993898155763,19.0,10.0,False,False,False,,
two_qutrit,product,U_I__V_SH,True,False,0.0,0.833333,59.0,66.2,3.67,133.0,118.6,27.0,24.6,128.0,"{'rz': 50, 'rx': 40, 'rzz': 18, 'sx': 16, 'cz': 9, 'barrier': 4}",20,20,0,ok,,22.0,12.0,ok,,0.91,0.857684840799,19.0,10.0,0.95,0.993898155763,19.0,10.0,0.95,0.993898155763,19.0,10.0,False,False,False,,
two_qutrit,product,U_I__V_Z,True,True,0.0,1.0,58.0,66.0,4.05,130.0,117.6,27.0,24.6,128.0,"{'rz': 47, 'rx': 40, 'rzz': 16, 'sx': 16, 'cz': 11, 'barrier': 4}",20,20,0,ok,,22.0,12.0,ok,,0.91,0.862754329196,19.0,10.0,0.95,0.981444464489,19.0,10.0,0.95,0.981444464489,19.0,10.0,False,False,False,,
two_qutrit,product,U_X__V_I,True,False,0.0,0.666667,59.0,66.65,3.85,131.0,118.15,27.0,24.6,128.0,"{'rz': 49, 'rx': 39, 'rzz': 16, 'sx': 16, 'cz': 11, 'barrier': 4}",20,20,0,ok,,22.0,12.0,ok,,0.91,0.862754329196,19.0,10.0,0.95,0.981444464489,19.0,10.0,0.95,0.981444464489,19.0,10.0,False,False,False,,
two_qutrit,product,U_X__V_X,True,False,0.0,0.666667,56.0,63.65,3.85,125.0,112.25,27.0,24.6,128.0,"{'rz': 45, 'rx': 37, 'rzz': 16, 'sx': 16, 'cz': 11, 'barrier': 4}",20,20,0,ok,,21.0,12.0,ok,,0.95,0.985733664903,19.0,10.0,0.95,0.985733664903,19.0,10.0,0.95,0.985733664903,19.0,10.0,False,False,False,,
two_qutrit,product,U_X__V_SX,True,False,0.0,0.666667,56.0,63.2,3.6,125.0,112.95,27.0,24.6,128.0,"{'rz': 45, 'rx': 37, 'rzz': 16, 'sx': 16, 'cz': 11, 'barrier': 4}",20,20,0,ok,,21.0,12.0,ok,,0.95,0.985733664903,19.0,10.0,0.95,0.985733664903,19.0,10.0,0.95,0.985733664903,19.0,10.0,False,False,False,,
two_qutrit,product,U_X__V_SXdg,True,False,0.0,0.666667,59.0,66.65,3.85,131.0,118.15,27.0,24.6,128.0,"{'rz': 49, 'rx': 39, 'rzz': 16, 'sx': 16, 'cz': 11, 'barrier': 4}",20,20,0,ok,,22.0,12.0,ok,,0.91,0.862754329196,19.0,10.0,0.95,0.981444464489,19.0,10.0,0.95,0.981444464489,19.0,10.0,False,False,False,,
two_qutrit,product,U_X__V_H,True,False,0.0,0.666667,59.0,66.3,3.76,129.0,116.95,27.0,24.6,128.0,"{'rz': 48, 'rx': 38, 'rzz': 16, 'sx': 16, 'cz': 11, 'barrier': 4}",20,20,0,ok,,23.0,12.0,ok,,0.95,0.985733664903,20.0,10.0,0.95,0.985733664903,20.0,10.0,0.95,0.985733664903,20.0,10.0,False,False,False,,
two_qutrit,product,U_X__V_HS,True,False,0.0,0.666667,61.0,68.2,3.64,134.0,120.75,27.0,24.6,128.0,"{'rz': 52, 'rx': 39, 'rzz': 18, 'sx': 16, 'cz': 9, 'barrier': 4}",20,20,0,ok,,23.0,12.0,ok,,0.92,0.91677442506,17.0,8.0,0.92,0.91677442506,17.0,8.0,0.98,0.993898155763,20.0,10.0,False,False,False,,
two_qutrit,product,U_X__V_SH,True,False,0.0,0.666667,58.0,65.1,3.62,129.0,116.55,27.0,24.6,128.0,"{'rz': 50, 'rx': 36, 'rzz': 18, 'sx': 16, 'cz': 9, 'barrier': 4}",20,20,0,ok,,22.0,12.0,ok,,0.95,0.919693100693,16.0,8.0,0.95,0.919693100693,16.0,8.0,0.98,0.993898155763,19.0,10.0,False,False,False,,
two_qutrit,product,U_X__V_Z,True,False,0.0,0.666667,58.0,65.3,3.76,128.0,115.6,27.0,24.6,128.0,"{'rz': 47, 'rx': 38, 'rzz': 16, 'sx': 16, 'cz': 11, 'barrier': 4}",20,20,0,ok,,22.0,12.0,ok,,0.95,0.985733664903,19.0,10.0,0.95,0.985733664903,19.0,10.0,0.95,0.985733664903,19.0,10.0,False,False,False,,
two_qutrit,product,U_SX__V_I,True,False,0.0,0.833333,59.0,65.6,3.32,130.0,118.1,27.0,24.6,128.0,"{'rz': 50, 'rx': 37, 'rzz': 18, 'sx': 16, 'cz': 9, 'barrier': 4}",20,20,0,ok,,22.0,12.0,ok,,0.95,0.970742216794,16.0,8.0,0.95,0.970742216794,16.0,8.0,0.95,0.970742216794,16.0,8.0,False,False,False,,
two_qutrit,product,U_SX__V_X,True,False,0.0,0.666667,58.0,65.7,3.9,129.0,117.1,27.0,24.6,128.0,"{'rz': 50, 'rx': 36, 'rzz': 18, 'sx': 16, 'cz': 9, 'barrier': 4}",20,20,0,ok,,22.0,12.0,ok,,0.91,0.878811717096,19.0,10.0,0.95,0.983738804164,19.0,10.0,0.95,0.983738804164,19.0,10.0,False,False,False,,
two_qutrit,product,U_SX__V_SX,True,False,0.0,0.75,59.0,66.0,3.52,130.0,117.65,27.0,24.6,128.0,"{'rz': 50, 'rx': 37, 'rzz': 18, 'sx': 16, 'cz': 9, 'barrier': 4}",20,20,0,ok,,22.0,12.0,ok,,0.95,0.993988391629,18.0,10.0,0.95,0.993988391629,18.0,10.0,0.95,0.993988391629,18.0,10.0,False,False,False,,
two_qutrit,product,U_SX__V_SXdg,True,False,0.0,0.75,55.0,61.6,3.67,135.0,114.25,23.0,21.8,128.0,"{'rz': 58, 'rx': 48, 'rzz': 20, 'sx': 6, 'barrier': 4, 'cz': 3}",20,20,0,ok,,19.0,10.0,ok,,0.91,0.857684840799,16.0,8.0,0.95,0.993898155763,16.0,8.0,0.95,0.993898155763,16.0,8.0,False,False,False,,
two_qutrit,product,U_SX__V_H,True,False,0.0,0.75,59.0,67.1,4.11,131.0,119.55,27.0,24.6,128.0,"{'rz': 52, 'rx': 36, 'rzz': 18, 'sx': 16, 'cz': 9, 'barrier': 4}",20,20,0,ok,,22.0,12.0,ok,,0.95,0.970202148488,19.0,10.0,0.95,0.970202148488,19.0,10.0,0.95,0.970202148488,19.0,10.0,False,False,False,,
two_qutrit,product,U_SX__V_HS,True,False,0.0,0.75,59.0,67.1,4.15,131.0,119.9,27.0,24.6,128.0,"{'rz': 52, 'rx': 36, 'rzz': 18, 'sx': 16, 'cz': 9, 'barrier': 4}",20,20,0,ok,,22.0,12.0,ok,,0.95,0.884215501443,19.0,10.0,0.96,0.993898155763,19.0,10.0,0.96,0.993898155763,19.0,10.0,False,False,False,,
two_qutrit,product,U_SX__V_SH,True,False,0.0,0.75,57.0,65.6,4.4,128.0,118.15,27.0,24.6,128.0,"{'rz': 50, 'rx': 35, 'rzz': 18, 'sx': 16, 'cz': 9, 'barrier': 4}",20,20,0,ok,,21.0,12.0,ok,,0.91,0.907740662178,16.0,8.0,0.91,0.907740662178,16.0,8.0,0.95,0.961821948441,16.0,8.0,False,False,False,,
two_qutrit,product,U_SX__V_Z,True,False,0.0,0.833333,58.0,65.55,3.8,131.0,116.95,27.0,24.6,128.0,"{'rz': 50, 'rx': 38, 'rzz': 18, 'sx': 16, 'cz': 9, 'barrier': 4}",20,20,0,ok,,22.0,12.0,ok,,0.91,0.922701724623,19.0,10.0,0.91,0.922701724623,19.0,10.0,,,,,False,False,False,,
two_qutrit,product,U_SXdg__V_I,True,False,0.0,0.833333,57.0,65.35,4.25,127.0,116.6,27.0,24.6,128.0,"{'rz': 50, 'rx': 34, 'rzz': 18, 'sx': 16, 'cz': 9, 'barrier': 4}",20,20,0,ok,,21.0,12.0,ok,,0.91,0.903297342838,17.0,8.0,0.91,0.903297342838,17.0,8.0,0.99,0.970742216794,18.0,10.0,False,False,False,,
two_qutrit,product,U_SXdg__V_X,True,False,0.0,0.666667,57.0,66.1,4.59,128.0,117.85,27.0,24.6,128.0,"{'rz': 50, 'rx': 35, 'rzz': 18, 'sx': 16, 'cz': 9, 'barrier': 4}",20,20,0,ok,,21.0,12.0,ok,,0.95,0.884215501443,18.0,10.0,0.96,0.993898155763,18.0,10.0,0.96,0.993898155763,18.0,10.0,False,False,False,,
two_qutrit,product,U_SXdg__V_SX,True,False,0.0,0.75,55.0,61.6,3.67,135.0,114.25,23.0,21.8,128.0,"{'rz': 58, 'rx': 48, 'rzz': 20, 'sx': 6, 'barrier': 4, 'cz': 3}",20,20,0,ok,,19.0,10.0,ok,,0.91,0.857684840799,16.0,8.0,0.95,0.993898155763,16.0,8.0,0.95,0.993898155763,16.0,8.0,False,False,False,,
two_qutrit,product,U_SXdg__V_SXdg,True,False,0.0,0.75,59.0,66.25,3.7,133.0,119.3,27.0,24.6,128.0,"{'rz': 50, 'rx': 40, 'rzz': 18, 'sx': 16, 'cz': 9, 'barrier': 4}",20,20,0,ok,,22.0,12.0,ok,,0.95,0.918976372449,19.0,10.0,0.95,0.918976372449,19.0,10.0,0.98,0.993898155763,19.0,10.0,False,False,False,,
two_qutrit,product,U_SXdg__V_H,True,False,0.0,0.75,61.0,67.0,3.16,132.0,120.15,27.0,24.6,128.0,"{'rz': 52, 'rx': 37, 'rzz': 18, 'sx': 16, 'cz': 9, 'barrier': 4}",20,20,0,ok,,23.0,12.0,ok,,0.96,0.986520708015,20.0,10.0,0.96,0.986520708015,20.0,10.0,0.96,0.986520708015,20.0,10.0,False,False,False,,
two_qutrit,product,U_SXdg__V_HS,True,False,0.0,0.75,60.0,67.05,3.75,133.0,119.75,27.0,24.6,128.0,"{'rz': 52, 'rx': 38, 'rzz': 18, 'sx': 16, 'cz': 9, 'barrier': 4}",20,20,0,ok,,22.0,12.0,ok,,0.94,0.867952250042,18.0,10.0,0.96,0.993898155763,19.0,10.0,0.96,0.993898155763,19.0,10.0,False,False,False,,
two_qutrit,product,U_SXdg__V_SH,True,False,0.0,0.75,56.0,65.95,5.02,127.0,118.6,27.0,24.6,128.0,"{'rz': 50, 'rx': 34, 'rzz': 18, 'sx': 16, 'cz': 9, 'barrier': 4}",20,20,0,ok,,21.0,12.0,ok,,0.95,0.884215501443,18.0,10.0,0.96,0.993898155763,18.0,10.0,0.96,0.993898155763,18.0,10.0,False,False,False,,
two_qutrit,product,U_SXdg__V_Z,True,False,0.0,0.833333,58.0,65.75,4.01,130.0,118.1,27.0,24.6,128.0,"{'rz': 50, 'rx': 37, 'rzz': 18, 'sx': 16, 'cz': 9, 'barrier': 4}",20,20,0,ok,,22.0,12.0,ok,,0.96,0.975316870371,19.0,10.0,0.96,0.975316870371,19.0,10.0,0.96,0.975316870371,19.0,10.0,False,False,False,,
two_qutrit,product,U_H__V_I,True,False,0.0,0.833333,56.0,64.0,4.05,125.0,112.25,27.0,24.6,128.0,"{'rz': 47, 'rx': 35, 'rzz': 16, 'sx': 16, 'cz': 11, 'barrier': 4}",20,20,0,ok,,21.0,12.0,ok,,0.96,0.932837847525,18.0,10.0,0.96,0.932837847525,18.0,10.0,0.98,0.993898155763,18.0,10.0,False,False,False,,
two_qutrit,product,U_H__V_X,True,False,0.0,0.666667,58.0,65.2,3.6,127.0,114.25,27.0,24.6,128.0,"{'rz': 47, 'rx': 37, 'rzz': 16, 'sx': 16, 'cz': 11, 'barrier': 4}",20,20,0,ok,,22.0,12.0,ok,,0.95,0.985733664903,19.0,10.0,0.95,0.985733664903,19.0,10.0,0.95,0.985733664903,19.0,10.0,False,False,False,,
two_qutrit,product,U_H__V_SX,True,False,0.0,0.75,59.0,66.55,3.8,131.0,119.1,27.0,24.6,128.0,"{'rz': 52, 'rx': 36, 'rzz': 18, 'sx': 16, 'cz': 9, 'barrier': 4}",20,20,0,ok,,22.0,12.0,ok,,0.95,0.884215501443,19.0,10.0,0.96,0.993898155763,19.0,10.0,0.96,0.993898155763,19.0,10.0,False,False,False,,
two_qutrit,product,U_H__V_SXdg,True,False,0.0,0.75,61.0,67.8,3.54,132.0,120.3,27.0,24.6,128.0,"{'rz': 52, 'rx': 37, 'rzz': 18, 'sx': 16, 'cz': 9, 'barrier': 4}",20,20,0,ok,,23.0,12.0,ok,,0.95,0.884215501443,19.0,10.0,0.96,0.993898155763,20.0,10.0,0.96,0.993898155763,20.0,10.0,False,False,False,,
two_qutrit,product,U_H__V_H,True,False,0.0,0.75,56.0,63.6,3.83,139.0,119.45,23.0,21.8,128.0,"{'rz': 62, 'rx': 48, 'rzz': 20, 'sx': 6, 'barrier': 4, 'cz': 3}",20,20,0,ok,,20.0,10.0,ok,,0.95,0.895925331402,16.0,8.0,0.96,0.993898155763,17.0,8.0,0.96,0.993898155763,17.0,8.0,False,False,False,,
two_qutrit,product,U_H__V_HS,True,False,0.0,0.75,61.0,67.95,3.54,135.0,122.65,27.0,24.6,128.0,"{'rz': 54, 'rx': 38, 'rzz': 18, 'sx': 16, 'cz': 9, 'barrier': 4}",20,20,0,ok,,23.0,12.0,ok,,0.95,0.884215501443,19.0,10.0,0.96,0.993898155763,20.0,10.0,0.96,0.993898155763,20.0,10.0,False,False,False,,
two_qutrit,product,U_H__V_SH,True,False,0.0,0.75,61.0,67.2,3.4,133.0,120.2,27.0,24.6,128.0,"{'rz': 52, 'rx': 38, 'rzz': 18, 'sx': 16, 'cz': 9, 'barrier': 4}",20,20,0,ok,,23.0,12.0,ok,,0.91,0.857684840799,20.0,10.0,0.95,0.993898155763,20.0,10.0,0.95,0.993898155763,20.0,10.0,False,False,False,,
two_qutrit,product,U_H__V_Z,True,False,0.0,0.833333,56.0,63.0,3.79,137.0,116.3,23.0,21.8,128.0,"{'rz': 60, 'rx': 48, 'rzz': 20, 'sx': 6, 'barrier': 4, 'cz': 3}",20,20,0,ok,,20.0,10.0,ok,,0.95,0.884215501443,16.0,8.0,0.96,0.993898155763,17.0,8.0,0.96,0.993898155763,17.0,8.0,False,False,False,,
two_qutrit,product,U_HS__V_I,True,False,0.0,0.833333,61.0,68.55,3.8,135.0,122.65,27.0,24.6,128.0,"{'rz': 52, 'rx': 40, 'rzz': 18, 'sx': 16, 'cz': 9, 'barrier': 4}",20,20,0,ok,,23.0,12.0,ok,,0.95,0.884215501443,20.0,10.0,0.96,0.993898155763,20.0,10.0,0.96,0.993898155763,20.0,10.0,False,False,False,,
two_qutrit,product,U_HS__V_X,True,False,0.0,0.666667,61.0,67.6,3.34,134.0,120.2,27.0,24.6,128.0,"{'rz': 52, 'rx': 39, 'rzz': 18, 'sx': 16, 'cz': 9, 'barrier': 4}",20,20,0,ok,,23.0,12.0,ok,,0.95,0.920490458949,17.0,8.0,0.95,0.920490458949,17.0,8.0,0.98,0.993898155763,20.0,10.0,False,False,False,,
two_qutrit,product,U_HS__V_SX,True,False,0.0,0.75,61.0,67.35,3.28,134.0,120.2,27.0,24.6,128.0,"{'rz': 52, 'rx': 39, 'rzz': 18, 'sx': 16, 'cz': 9, 'barrier': 4}",20,20,0,ok,,23.0,12.0,ok,,0.91,0.89834571715,17.0,8.0,0.95,0.976824704925,17.0,8.0,0.95,0.976824704925,17.0,8.0,False,False,False,,
two_qutrit,product,U_HS__V_SXdg,True,False,0.0,0.75,59.0,66.75,4.06,130.0,119.15,27.0,24.6,128.0,"{'rz': 52, 'rx': 35, 'rzz': 18, 'sx': 16, 'cz': 9, 'barrier': 4}",20,20,0,ok,,22.0,12.0,ok,,0.91,0.857684840799,19.0,10.0,0.95,0.993898155763,19.0,10.0,0.95,0.993898155763,19.0,10.0,False,False,False,,
two_qutrit,product,U_HS__V_H,True,False,0.0,0.75,61.0,68.1,3.6,135.0,122.65,27.0,24.6,128.0,"{'rz': 54, 'rx': 38, 'rzz': 18, 'sx': 16, 'cz': 9, 'barrier': 4}",20,20,0,ok,,23.0,12.0,ok,,0.91,0.857684840799,20.0,10.0,0.95,0.993898155763,20.0,10.0,0.95,0.993898155763,20.0,10.0,False,False,False,,
two_qutrit,product,U_HS__V_HS,True,False,0.0,0.75,59.0,67.8,4.46,133.0,122.25,27.0,24.6,128.0,"{'rz': 54, 'rx': 36, 'rzz': 18, 'sx': 16, 'cz': 9, 'barrier': 4}",20,20,0,ok,,22.0,12.0,ok,,0.91,0.885939444977,19.0,10.0,0.95,0.967986414312,19.0,10.0,0.95,0.967986414312,19.0,10.0,False,False,False,,
two_qutrit,product,U_HS__V_SH,True,False,0.0,0.75,60.0,67.65,3.98,133.0,121.0,27.0,24.6,128.0,"{'rz': 52, 'rx': 38, 'rzz': 18, 'sx': 16, 'cz': 9, 'barrier': 4}",20,20,0,ok,,22.0,12.0,ok,,0.91,0.858916808572,19.0,10.0,0.96,0.993898155763,19.0,10.0,0.96,0.993898155763,19.0,10.0,False,False,False,,
two_qutrit,product,U_HS__V_Z,True,False,0.0,0.833333,60.0,67.45,3.8,132.0,119.75,27.0,24.6,128.0,"{'rz': 52, 'rx': 37, 'rzz': 18, 'sx': 16, 'cz': 9, 'barrier': 4}",20,20,0,ok,,23.0,12.0,ok,,0.95,0.884215501443,20.0,10.0,0.96,0.993898155763,20.0,10.0,0.96,0.993898155763,20.0,10.0,False,False,False,,
two_qutrit,product,U_SH__V_I,True,False,0.0,0.833333,57.0,64.95,4.06,127.0,115.35,27.0,24.6,128.0,"{'rz': 50, 'rx': 34, 'rzz': 18, 'sx': 16, 'cz': 9, 'barrier': 4}",20,20,0,ok,,21.0,12.0,ok,,0.91,0.851819050265,18.0,10.0,0.96,0.993898155763,18.0,10.0,0.96,0.993898155763,18.0,10.0,False,False,False,,
two_qutrit,product,U_SH__V_X,True,False,0.0,0.666667,58.0,65.65,3.93,129.0,117.55,27.0,24.6,128.0,"{'rz': 50, 'rx': 36, 'rzz': 18, 'sx': 16, 'cz': 9, 'barrier': 4}",20,20,0,ok,,22.0,12.0,ok,,0.98,0.952865516239,19.0,10.0,0.98,0.952865516239,19.0,10.0,0.98,0.952865516239,19.0,10.0,False,False,False,,
two_qutrit,product,U_SH__V_SX,True,False,0.0,0.75,57.0,65.8,4.43,128.0,118.35,27.0,24.6,128.0,"{'rz': 50, 'rx': 35, 'rzz': 18, 'sx': 16, 'cz': 9, 'barrier': 4}",20,20,0,ok,,21.0,12.0,ok,,0.91,0.863938269126,16.0,8.0,0.95,0.926805652182,16.0,8.0,0.99,0.993898155763,18.0,10.0,False,False,False,,
two_qutrit,product,U_SH__V_SXdg,True,False,0.0,0.75,57.0,65.45,4.32,129.0,117.9,27.0,24.6,128.0,"{'rz': 50, 'rx': 36, 'rzz': 18, 'sx': 16, 'cz': 9, 'barrier': 4}",20,20,0,ok,,22.0,12.0,ok,,0.95,0.969887777511,19.0,10.0,0.95,0.969887777511,19.0,10.0,0.95,0.969887777511,19.0,10.0,False,False,False,,
two_qutrit,product,U_SH__V_H,True,False,0.0,0.75,61.0,67.9,3.53,133.0,120.6,27.0,24.6,128.0,"{'rz': 52, 'rx': 38, 'rzz': 18, 'sx': 16, 'cz': 9, 'barrier': 4}",20,20,0,ok,,23.0,12.0,ok,,0.93,0.857684840799,20.0,10.0,0.95,0.993898155763,20.0,10.0,0.95,0.993898155763,20.0,10.0,False,False,False,,
two_qutrit,product,U_SH__V_HS,True,False,0.0,0.75,60.0,67.25,3.79,133.0,120.3,27.0,24.6,128.0,"{'rz': 52, 'rx': 38, 'rzz': 18, 'sx': 16, 'cz': 9, 'barrier': 4}",20,20,0,ok,,23.0,12.0,ok,,0.95,0.890883536448,19.0,10.0,0.96,0.993922377002,20.0,10.0,0.96,0.993922377002,20.0,10.0,False,False,False,,
two_qutrit,product,U_SH__V_SH,True,False,0.0,0.75,59.0,66.1,3.66,133.0,119.3,27.0,24.6,128.0,"{'rz': 50, 'rx': 40, 'rzz': 18, 'sx': 16, 'cz': 9, 'barrier': 4}",20,20,0,ok,,22.0,12.0,ok,,0.91,0.886775337148,19.0,10.0,0.95,0.938715376384,19.0,10.0,0.99,0.993898155763,19.0,10.0,False,False,False,,
two_qutrit,product,U_SH__V_Z,True,False,0.0,0.833333,58.0,65.55,3.83,130.0,117.65,27.0,24.6,128.0,"{'rz': 50, 'rx': 37, 'rzz': 18, 'sx': 16, 'cz': 9, 'barrier': 4}",20,20,0,ok,,22.0,12.0,ok,,0.95,0.884215501443,18.0,10.0,0.96,0.993898155763,19.0,10.0,0.96,0.993898155763,19.0,10.0,False,False,False,,
two_qutrit,product,U_Z__V_I,True,True,0.0,1.0,59.0,66.65,3.85,132.0,119.6,27.0,24.6,128.0,"{'rz': 49, 'rx': 40, 'rzz': 16, 'sx': 16, 'cz': 11, 'barrier': 4}",20,20,0,ok,,22.0,12.0,ok,,0.91,0.862754329196,19.0,10.0,0.95,0.981444464489,19.0,10.0,0.95,0.981444464489,19.0,10.0,False,False,False,,
two_qutrit,product,U_Z__V_X,True,False,0.0,0.666667,55.0,62.2,3.66,123.0,110.05,27.0,24.6,128.0,"{'rz': 44, 'rx': 36, 'rzz': 16, 'sx': 16, 'cz': 11, 'barrier': 4}",20,20,0,ok,,20.0,12.0,ok,,0.91,0.857684840799,17.0,10.0,0.95,0.993898155763,17.0,10.0,0.95,0.993898155763,17.0,10.0,False,False,False,,
two_qutrit,product,U_Z__V_SX,True,False,0.0,0.833333,57.0,65.75,4.41,128.0,117.15,27.0,24.6,128.0,"{'rz': 50, 'rx': 35, 'rzz': 18, 'sx': 16, 'cz': 9, 'barrier': 4}",20,20,0,ok,,21.0,12.0,ok,,0.91,0.919773156624,18.0,10.0,0.91,0.919773156624,18.0,10.0,0.97,0.993898155763,18.0,10.0,False,False,False,,
two_qutrit,product,U_Z__V_SXdg,True,False,0.0,0.833333,59.0,66.2,3.66,129.0,117.45,27.0,24.6,128.0,"{'rz': 50, 'rx': 36, 'rzz': 18, 'sx': 16, 'cz': 9, 'barrier': 4}",20,20,0,ok,,22.0,12.0,ok,,0.95,0.907655561789,18.0,10.0,0.95,0.907655561789,18.0,10.0,0.97,0.993898155763,19.0,10.0,False,False,False,,
two_qutrit,product,U_Z__V_H,True,False,0.0,0.833333,56.0,63.0,3.79,136.0,116.0,23.0,21.8,128.0,"{'rz': 60, 'rx': 47, 'rzz': 20, 'sx': 6, 'barrier': 4, 'cz': 3}",20,20,0,ok,,20.0,10.0,ok,,0.95,0.884215501443,16.0,8.0,0.96,0.993898155763,17.0,8.0,0.96,0.993898155763,17.0,8.0,False,False,False,,
two_qutrit,product,U_Z__V_HS,True,False,0.0,0.833333,60.0,67.8,3.92,132.0,120.1,27.0,24.6,128.0,"{'rz': 52, 'rx': 37, 'rzz': 18, 'sx': 16, 'cz': 9, 'barrier': 4}",20,20,0,ok,,23.0,12.0,ok,,0.95,0.884215501443,19.0,10.0,0.96,0.993898155763,20.0,10.0,0.96,0.993898155763,20.0,10.0,False,False,False,,
two_qutrit,product,U_Z__V_SH,True,False,0.0,0.833333,58.0,65.9,4.05,130.0,117.55,27.0,24.6,128.0,"{'rz': 50, 'rx': 37, 'rzz': 18, 'sx': 16, 'cz': 9, 'barrier': 4}",20,20,0,ok,,22.0,12.0,ok,,0.95,0.884215501443,19.0,10.0,0.96,0.993898155763,19.0,10.0,0.96,0.993898155763,19.0,10.0,False,False,False,,
two_qutrit,product,U_Z__V_Z,True,True,0.0,1.0,55.0,61.8,3.66,133.0,112.65,23.0,21.8,128.0,"{'rz': 58, 'rx': 46, 'rzz': 20, 'sx': 6, 'barrier': 4, 'cz': 3}",20,20,0,ok,,18.0,10.0,ok,,0.91,0.857684840799,15.0,8.0,0.95,0.993898155763,15.0,8.0,0.95,0.993898155763,15.0,8.0,False,False,False,,
two_qutrit,monomial_full,sup012_P012_ph000,True,,,,,,,,,,,,,0,0,0,skipped_baseline_equivalent,,,,skipped,same embedding as baseline within tolerance,,,,,,,,,,,,,False,True,True,same embedding as baseline within tolerance,1.0
two_qutrit,monomial_full,sup012_P012_ph111,True,,,,,,,,,,,,,0,0,0,skipped_baseline_equivalent,,,,skipped,embedding equals baseline up to one global phase,,,,,,,,,,,,,False,False,True,embedding equals baseline up to one global phase,1.0
two_qutrit,monomial_full,sup012_P012_ph222,True,,,,,,,,,,,,,0,0,0,skipped_baseline_equivalent,,,,skipped,embedding equals baseline up to one global phase,,,,,,,,,,,,,False,False,True,embedding equals baseline up to one global phase,1.0
two_qutrit,product,U_I__V_I,True,,,,,,,,,,,,,0,0,0,skipped_baseline_equivalent,,,,skipped,same embedding as baseline within tolerance,,,,,,,,,,,,,False,True,True,same embedding as baseline within tolerance,1.0
