method,state_name,state_family,graph_name,graph_id,num_qutrits,n_qutrits,num_physical_qubits,basis_candidate_name,basis_candidate_type,class_name,candidate_name,basis_matrix_unitary,two_qubit_gate_count,one_qubit_gate_count,total_gate_count,circuit_depth,fidelity,final_error,compile_time_seconds,success,failed,status,error_message,notes,best_depth,mean_depth,std_depth,best_size,mean_size,best_two_qubit_gate_count,mean_two_qubit_gate_count,num_qubits,best_count_ops,n_transpile_runs,successful_trials,failed_trials,quantum_circuit_dir,f3_w_qpy,cz3_w_qpy,graph_state_qpy
direct_basis_encoding,ghz3,ghz_star,star,ghz3,3,3,6,E_old,identity,baseline,E_old,True,40,88,128,68,,,2.824612,True,False,ok,,Converted from legacy E_new = E_Z @ W candidate.; Fidelity skipped because transpiled circuit has 128 qubits.,68,68.5,0.5,128,124.0,40,38.5,128,"{'sx': 39, 'cz': 37, 'rz': 26, 'rx': 23, 'rzz': 3}",6,6,0,C:\Users\szymo\QuditsOnQubits\QuditsOnQubits\basis_direct_encoding_benchmarks\quantum_circuits\ghz3\baseline__E_old,C:\Users\szymo\QuditsOnQubits\QuditsOnQubits\basis_direct_encoding_benchmarks\quantum_circuits\ghz3\baseline__E_old\F3_W.qpy,C:\Users\szymo\QuditsOnQubits\QuditsOnQubits\basis_direct_encoding_benchmarks\quantum_circuits\ghz3\baseline__E_old\CZ3_W.qpy,C:\Users\szymo\QuditsOnQubits\QuditsOnQubits\basis_direct_encoding_benchmarks\quantum_circuits\ghz3\baseline__E_old\graph_state_direct_basis.qpy
direct_basis_encoding,ghz3,ghz_star,star,ghz3,3,3,6,P012_ph000,monomial,monomial_old_codespace,P012_ph000,True,40,88,128,68,,,0.204816,True,False,ok,,Converted from legacy E_new = E_Z @ W candidate.; Fidelity skipped because transpiled circuit has 128 qubits.,68,68.5,0.5,128,124.0,40,38.5,128,"{'sx': 39, 'cz': 37, 'rz': 26, 'rx': 23, 'rzz': 3}",6,6,0,C:\Users\szymo\QuditsOnQubits\QuditsOnQubits\basis_direct_encoding_benchmarks\quantum_circuits\ghz3\monomial_old_codespace__P012_ph000,C:\Users\szymo\QuditsOnQubits\QuditsOnQubits\basis_direct_encoding_benchmarks\quantum_circuits\ghz3\monomial_old_codespace__P012_ph000\F3_W.qpy,C:\Users\szymo\QuditsOnQubits\QuditsOnQubits\basis_direct_encoding_benchmarks\quantum_circuits\ghz3\monomial_old_codespace__P012_ph000\CZ3_W.qpy,C:\Users\szymo\QuditsOnQubits\QuditsOnQubits\basis_direct_encoding_benchmarks\quantum_circuits\ghz3\monomial_old_codespace__P012_ph000\graph_state_direct_basis.qpy
direct_basis_encoding,ghz3,ghz_star,star,ghz3,3,3,6,P012_ph001,monomial,monomial_old_codespace,P012_ph001,True,37,88,125,69,,,0.212485,True,False,ok,,Converted from legacy E_new = E_Z @ W candidate.; Fidelity skipped because transpiled circuit has 128 qubits.,69,69.0,0.0,125,130.5,37,38.5,128,"{'cz': 35, 'sx': 35, 'rz': 32, 'rx': 21, 'rzz': 2}",6,6,0,C:\Users\szymo\QuditsOnQubits\QuditsOnQubits\basis_direct_encoding_benchmarks\quantum_circuits\ghz3\monomial_old_codespace__P012_ph001,C:\Users\szymo\QuditsOnQubits\QuditsOnQubits\basis_direct_encoding_benchmarks\quantum_circuits\ghz3\monomial_old_codespace__P012_ph001\F3_W.qpy,C:\Users\szymo\QuditsOnQubits\QuditsOnQubits\basis_direct_encoding_benchmarks\quantum_circuits\ghz3\monomial_old_codespace__P012_ph001\CZ3_W.qpy,C:\Users\szymo\QuditsOnQubits\QuditsOnQubits\basis_direct_encoding_benchmarks\quantum_circuits\ghz3\monomial_old_codespace__P012_ph001\graph_state_direct_basis.qpy
direct_basis_encoding,ghz3,ghz_star,star,ghz3,3,3,6,P012_ph002,monomial,monomial_old_codespace,P012_ph002,True,37,88,125,69,,,0.302183,True,False,ok,,Converted from legacy E_new = E_Z @ W candidate.; Fidelity skipped because transpiled circuit has 128 qubits.,69,69.0,0.0,125,130.5,37,38.5,128,"{'cz': 35, 'sx': 35, 'rz': 32, 'rx': 21, 'rzz': 2}",6,6,0,C:\Users\szymo\QuditsOnQubits\QuditsOnQubits\basis_direct_encoding_benchmarks\quantum_circuits\ghz3\monomial_old_codespace__P012_ph002,C:\Users\szymo\QuditsOnQubits\QuditsOnQubits\basis_direct_encoding_benchmarks\quantum_circuits\ghz3\monomial_old_codespace__P012_ph002\F3_W.qpy,C:\Users\szymo\QuditsOnQubits\QuditsOnQubits\basis_direct_encoding_benchmarks\quantum_circuits\ghz3\monomial_old_codespace__P012_ph002\CZ3_W.qpy,C:\Users\szymo\QuditsOnQubits\QuditsOnQubits\basis_direct_encoding_benchmarks\quantum_circuits\ghz3\monomial_old_codespace__P012_ph002\graph_state_direct_basis.qpy
direct_basis_encoding,ghz3,ghz_star,star,ghz3,3,3,6,P012_ph010,monomial,monomial_old_codespace,P012_ph010,True,40,94,134,68,,,0.236831,True,False,ok,,Converted from legacy E_new = E_Z @ W candidate.; Fidelity skipped because transpiled circuit has 128 qubits.,68,69.0,1.0,134,130.0,40,38.5,128,"{'sx': 39, 'cz': 37, 'rz': 32, 'rx': 23, 'rzz': 3}",6,6,0,C:\Users\szymo\QuditsOnQubits\QuditsOnQubits\basis_direct_encoding_benchmarks\quantum_circuits\ghz3\monomial_old_codespace__P012_ph010,C:\Users\szymo\QuditsOnQubits\QuditsOnQubits\basis_direct_encoding_benchmarks\quantum_circuits\ghz3\monomial_old_codespace__P012_ph010\F3_W.qpy,C:\Users\szymo\QuditsOnQubits\QuditsOnQubits\basis_direct_encoding_benchmarks\quantum_circuits\ghz3\monomial_old_codespace__P012_ph010\CZ3_W.qpy,C:\Users\szymo\QuditsOnQubits\QuditsOnQubits\basis_direct_encoding_benchmarks\quantum_circuits\ghz3\monomial_old_codespace__P012_ph010\graph_state_direct_basis.qpy
direct_basis_encoding,ghz3,ghz_star,star,ghz3,3,3,6,P012_ph011,monomial,monomial_old_codespace,P012_ph011,True,40,96,136,69,,,0.205519,True,False,ok,,Converted from legacy E_new = E_Z @ W candidate.; Fidelity skipped because transpiled circuit has 128 qubits.,69,69.5,0.5,136,131.0,40,38.5,128,"{'sx': 39, 'cz': 37, 'rz': 34, 'rx': 23, 'rzz': 3}",6,6,0,C:\Users\szymo\QuditsOnQubits\QuditsOnQubits\basis_direct_encoding_benchmarks\quantum_circuits\ghz3\monomial_old_codespace__P012_ph011,C:\Users\szymo\QuditsOnQubits\QuditsOnQubits\basis_direct_encoding_benchmarks\quantum_circuits\ghz3\monomial_old_codespace__P012_ph011\F3_W.qpy,C:\Users\szymo\QuditsOnQubits\QuditsOnQubits\basis_direct_encoding_benchmarks\quantum_circuits\ghz3\monomial_old_codespace__P012_ph011\CZ3_W.qpy,C:\Users\szymo\QuditsOnQubits\QuditsOnQubits\basis_direct_encoding_benchmarks\quantum_circuits\ghz3\monomial_old_codespace__P012_ph011\graph_state_direct_basis.qpy
direct_basis_encoding,ghz3,ghz_star,star,ghz3,3,3,6,P012_ph012,monomial,monomial_old_codespace,P012_ph012,True,37,85,122,69,,,0.207195,True,False,ok,,Converted from legacy E_new = E_Z @ W candidate.; Fidelity skipped because transpiled circuit has 128 qubits.,69,69.0,0.0,122,126.0,37,38.5,128,"{'cz': 35, 'sx': 35, 'rz': 28, 'rx': 22, 'rzz': 2}",6,6,0,C:\Users\szymo\QuditsOnQubits\QuditsOnQubits\basis_direct_encoding_benchmarks\quantum_circuits\ghz3\monomial_old_codespace__P012_ph012,C:\Users\szymo\QuditsOnQubits\QuditsOnQubits\basis_direct_encoding_benchmarks\quantum_circuits\ghz3\monomial_old_codespace__P012_ph012\F3_W.qpy,C:\Users\szymo\QuditsOnQubits\QuditsOnQubits\basis_direct_encoding_benchmarks\quantum_circuits\ghz3\monomial_old_codespace__P012_ph012\CZ3_W.qpy,C:\Users\szymo\QuditsOnQubits\QuditsOnQubits\basis_direct_encoding_benchmarks\quantum_circuits\ghz3\monomial_old_codespace__P012_ph012\graph_state_direct_basis.qpy
direct_basis_encoding,ghz3,ghz_star,star,ghz3,3,3,6,P012_ph020,monomial,monomial_old_codespace,P012_ph020,True,40,94,134,68,,,0.206713,True,False,ok,,Converted from legacy E_new = E_Z @ W candidate.; Fidelity skipped because transpiled circuit has 128 qubits.,68,69.0,1.0,134,130.0,40,38.5,128,"{'sx': 39, 'cz': 37, 'rz': 32, 'rx': 23, 'rzz': 3}",6,6,0,C:\Users\szymo\QuditsOnQubits\QuditsOnQubits\basis_direct_encoding_benchmarks\quantum_circuits\ghz3\monomial_old_codespace__P012_ph020,C:\Users\szymo\QuditsOnQubits\QuditsOnQubits\basis_direct_encoding_benchmarks\quantum_circuits\ghz3\monomial_old_codespace__P012_ph020\F3_W.qpy,C:\Users\szymo\QuditsOnQubits\QuditsOnQubits\basis_direct_encoding_benchmarks\quantum_circuits\ghz3\monomial_old_codespace__P012_ph020\CZ3_W.qpy,C:\Users\szymo\QuditsOnQubits\QuditsOnQubits\basis_direct_encoding_benchmarks\quantum_circuits\ghz3\monomial_old_codespace__P012_ph020\graph_state_direct_basis.qpy
direct_basis_encoding,ghz3,ghz_star,star,ghz3,3,3,6,P012_ph021,monomial,monomial_old_codespace,P012_ph021,True,37,85,122,69,,,0.20564,True,False,ok,,Converted from legacy E_new = E_Z @ W candidate.; Fidelity skipped because transpiled circuit has 128 qubits.,69,69.0,0.0,122,126.0,37,38.5,128,"{'cz': 35, 'sx': 35, 'rz': 28, 'rx': 22, 'rzz': 2}",6,6,0,C:\Users\szymo\QuditsOnQubits\QuditsOnQubits\basis_direct_encoding_benchmarks\quantum_circuits\ghz3\monomial_old_codespace__P012_ph021,C:\Users\szymo\QuditsOnQubits\QuditsOnQubits\basis_direct_encoding_benchmarks\quantum_circuits\ghz3\monomial_old_codespace__P012_ph021\F3_W.qpy,C:\Users\szymo\QuditsOnQubits\QuditsOnQubits\basis_direct_encoding_benchmarks\quantum_circuits\ghz3\monomial_old_codespace__P012_ph021\CZ3_W.qpy,C:\Users\szymo\QuditsOnQubits\QuditsOnQubits\basis_direct_encoding_benchmarks\quantum_circuits\ghz3\monomial_old_codespace__P012_ph021\graph_state_direct_basis.qpy
direct_basis_encoding,ghz3,ghz_star,star,ghz3,3,3,6,P012_ph022,monomial,monomial_old_codespace,P012_ph022,True,40,96,136,69,,,0.21247,True,False,ok,,Converted from legacy E_new = E_Z @ W candidate.; Fidelity skipped because transpiled circuit has 128 qubits.,69,69.5,0.5,136,131.0,40,38.5,128,"{'sx': 39, 'cz': 37, 'rz': 34, 'rx': 23, 'rzz': 3}",6,6,0,C:\Users\szymo\QuditsOnQubits\QuditsOnQubits\basis_direct_encoding_benchmarks\quantum_circuits\ghz3\monomial_old_codespace__P012_ph022,C:\Users\szymo\QuditsOnQubits\QuditsOnQubits\basis_direct_encoding_benchmarks\quantum_circuits\ghz3\monomial_old_codespace__P012_ph022\F3_W.qpy,C:\Users\szymo\QuditsOnQubits\QuditsOnQubits\basis_direct_encoding_benchmarks\quantum_circuits\ghz3\monomial_old_codespace__P012_ph022\CZ3_W.qpy,C:\Users\szymo\QuditsOnQubits\QuditsOnQubits\basis_direct_encoding_benchmarks\quantum_circuits\ghz3\monomial_old_codespace__P012_ph022\graph_state_direct_basis.qpy
direct_basis_encoding,ghz3,ghz_star,star,ghz3,3,3,6,P012_ph100,monomial,monomial_old_codespace,P012_ph100,True,37,85,122,69,,,0.214598,True,False,ok,,Converted from legacy E_new = E_Z @ W candidate.; Fidelity skipped because transpiled circuit has 128 qubits.,69,69.0,0.0,122,126.0,37,38.5,128,"{'cz': 35, 'sx': 35, 'rz': 28, 'rx': 22, 'rzz': 2}",6,6,0,C:\Users\szymo\QuditsOnQubits\QuditsOnQubits\basis_direct_encoding_benchmarks\quantum_circuits\ghz3\monomial_old_codespace__P012_ph100,C:\Users\szymo\QuditsOnQubits\QuditsOnQubits\basis_direct_encoding_benchmarks\quantum_circuits\ghz3\monomial_old_codespace__P012_ph100\F3_W.qpy,C:\Users\szymo\QuditsOnQubits\QuditsOnQubits\basis_direct_encoding_benchmarks\quantum_circuits\ghz3\monomial_old_codespace__P012_ph100\CZ3_W.qpy,C:\Users\szymo\QuditsOnQubits\QuditsOnQubits\basis_direct_encoding_benchmarks\quantum_circuits\ghz3\monomial_old_codespace__P012_ph100\graph_state_direct_basis.qpy
direct_basis_encoding,ghz3,ghz_star,star,ghz3,3,3,6,P012_ph101,monomial,monomial_old_codespace,P012_ph101,True,40,96,136,69,,,0.200273,True,False,ok,,Converted from legacy E_new = E_Z @ W candidate.; Fidelity skipped because transpiled circuit has 128 qubits.,69,69.5,0.5,136,130.5,40,38.5,128,"{'sx': 39, 'cz': 37, 'rz': 34, 'rx': 23, 'rzz': 3}",6,6,0,C:\Users\szymo\QuditsOnQubits\QuditsOnQubits\basis_direct_encoding_benchmarks\quantum_circuits\ghz3\monomial_old_codespace__P012_ph101,C:\Users\szymo\QuditsOnQubits\QuditsOnQubits\basis_direct_encoding_benchmarks\quantum_circuits\ghz3\monomial_old_codespace__P012_ph101\F3_W.qpy,C:\Users\szymo\QuditsOnQubits\QuditsOnQubits\basis_direct_encoding_benchmarks\quantum_circuits\ghz3\monomial_old_codespace__P012_ph101\CZ3_W.qpy,C:\Users\szymo\QuditsOnQubits\QuditsOnQubits\basis_direct_encoding_benchmarks\quantum_circuits\ghz3\monomial_old_codespace__P012_ph101\graph_state_direct_basis.qpy
direct_basis_encoding,ghz3,ghz_star,star,ghz3,3,3,6,P012_ph102,monomial,monomial_old_codespace,P012_ph102,True,40,94,134,68,,,0.202566,True,False,ok,,Converted from legacy E_new = E_Z @ W candidate.; Fidelity skipped because transpiled circuit has 128 qubits.,68,69.0,1.0,134,130.5,40,38.5,128,"{'sx': 39, 'cz': 37, 'rz': 32, 'rx': 23, 'rzz': 3}",6,6,0,C:\Users\szymo\QuditsOnQubits\QuditsOnQubits\basis_direct_encoding_benchmarks\quantum_circuits\ghz3\monomial_old_codespace__P012_ph102,C:\Users\szymo\QuditsOnQubits\QuditsOnQubits\basis_direct_encoding_benchmarks\quantum_circuits\ghz3\monomial_old_codespace__P012_ph102\F3_W.qpy,C:\Users\szymo\QuditsOnQubits\QuditsOnQubits\basis_direct_encoding_benchmarks\quantum_circuits\ghz3\monomial_old_codespace__P012_ph102\CZ3_W.qpy,C:\Users\szymo\QuditsOnQubits\QuditsOnQubits\basis_direct_encoding_benchmarks\quantum_circuits\ghz3\monomial_old_codespace__P012_ph102\graph_state_direct_basis.qpy
direct_basis_encoding,ghz3,ghz_star,star,ghz3,3,3,6,P012_ph110,monomial,monomial_old_codespace,P012_ph110,True,37,88,125,69,,,0.213778,True,False,ok,,Converted from legacy E_new = E_Z @ W candidate.; Fidelity skipped because transpiled circuit has 128 qubits.,69,69.0,0.0,125,130.5,37,38.5,128,"{'cz': 35, 'sx': 35, 'rz': 32, 'rx': 21, 'rzz': 2}",6,6,0,C:\Users\szymo\QuditsOnQubits\QuditsOnQubits\basis_direct_encoding_benchmarks\quantum_circuits\ghz3\monomial_old_codespace__P012_ph110,C:\Users\szymo\QuditsOnQubits\QuditsOnQubits\basis_direct_encoding_benchmarks\quantum_circuits\ghz3\monomial_old_codespace__P012_ph110\F3_W.qpy,C:\Users\szymo\QuditsOnQubits\QuditsOnQubits\basis_direct_encoding_benchmarks\quantum_circuits\ghz3\monomial_old_codespace__P012_ph110\CZ3_W.qpy,C:\Users\szymo\QuditsOnQubits\QuditsOnQubits\basis_direct_encoding_benchmarks\quantum_circuits\ghz3\monomial_old_codespace__P012_ph110\graph_state_direct_basis.qpy
direct_basis_encoding,ghz3,ghz_star,star,ghz3,3,3,6,P012_ph111,monomial,monomial_old_codespace,P012_ph111,True,37,87,124,69,,,0.200278,True,False,ok,,Converted from legacy E_new = E_Z @ W candidate.; Fidelity skipped because transpiled circuit has 128 qubits.,69,69.0,0.0,124,130.0,37,38.5,128,"{'cz': 35, 'sx': 35, 'rz': 31, 'rx': 21, 'rzz': 2}",6,6,0,C:\Users\szymo\QuditsOnQubits\QuditsOnQubits\basis_direct_encoding_benchmarks\quantum_circuits\ghz3\monomial_old_codespace__P012_ph111,C:\Users\szymo\QuditsOnQubits\QuditsOnQubits\basis_direct_encoding_benchmarks\quantum_circuits\ghz3\monomial_old_codespace__P012_ph111\F3_W.qpy,C:\Users\szymo\QuditsOnQubits\QuditsOnQubits\basis_direct_encoding_benchmarks\quantum_circuits\ghz3\monomial_old_codespace__P012_ph111\CZ3_W.qpy,C:\Users\szymo\QuditsOnQubits\QuditsOnQubits\basis_direct_encoding_benchmarks\quantum_circuits\ghz3\monomial_old_codespace__P012_ph111\graph_state_direct_basis.qpy
direct_basis_encoding,ghz3,ghz_star,star,ghz3,3,3,6,P012_ph112,monomial,monomial_old_codespace,P012_ph112,True,40,88,128,68,,,0.218182,True,False,ok,,Converted from legacy E_new = E_Z @ W candidate.; Fidelity skipped because transpiled circuit has 128 qubits.,68,68.5,0.5,128,125.0,40,38.5,128,"{'sx': 39, 'cz': 37, 'rz': 26, 'rx': 23, 'rzz': 3}",6,6,0,C:\Users\szymo\QuditsOnQubits\QuditsOnQubits\basis_direct_encoding_benchmarks\quantum_circuits\ghz3\monomial_old_codespace__P012_ph112,C:\Users\szymo\QuditsOnQubits\QuditsOnQubits\basis_direct_encoding_benchmarks\quantum_circuits\ghz3\monomial_old_codespace__P012_ph112\F3_W.qpy,C:\Users\szymo\QuditsOnQubits\QuditsOnQubits\basis_direct_encoding_benchmarks\quantum_circuits\ghz3\monomial_old_codespace__P012_ph112\CZ3_W.qpy,C:\Users\szymo\QuditsOnQubits\QuditsOnQubits\basis_direct_encoding_benchmarks\quantum_circuits\ghz3\monomial_old_codespace__P012_ph112\graph_state_direct_basis.qpy
direct_basis_encoding,ghz3,ghz_star,star,ghz3,3,3,6,P012_ph120,monomial,monomial_old_codespace,P012_ph120,True,40,96,136,69,,,0.197734,True,False,ok,,Converted from legacy E_new = E_Z @ W candidate.; Fidelity skipped because transpiled circuit has 128 qubits.,69,69.5,0.5,136,131.5,40,38.5,128,"{'sx': 39, 'cz': 37, 'rz': 34, 'rx': 23, 'rzz': 3}",6,6,0,C:\Users\szymo\QuditsOnQubits\QuditsOnQubits\basis_direct_encoding_benchmarks\quantum_circuits\ghz3\monomial_old_codespace__P012_ph120,C:\Users\szymo\QuditsOnQubits\QuditsOnQubits\basis_direct_encoding_benchmarks\quantum_circuits\ghz3\monomial_old_codespace__P012_ph120\F3_W.qpy,C:\Users\szymo\QuditsOnQubits\QuditsOnQubits\basis_direct_encoding_benchmarks\quantum_circuits\ghz3\monomial_old_codespace__P012_ph120\CZ3_W.qpy,C:\Users\szymo\QuditsOnQubits\QuditsOnQubits\basis_direct_encoding_benchmarks\quantum_circuits\ghz3\monomial_old_codespace__P012_ph120\graph_state_direct_basis.qpy
direct_basis_encoding,ghz3,ghz_star,star,ghz3,3,3,6,P012_ph121,monomial,monomial_old_codespace,P012_ph121,True,37,84,121,69,,,0.20592,True,False,ok,,Converted from legacy E_new = E_Z @ W candidate.; Fidelity skipped because transpiled circuit has 128 qubits.,69,69.0,0.0,121,125.5,37,38.5,128,"{'cz': 35, 'sx': 35, 'rz': 27, 'rx': 22, 'rzz': 2}",6,6,0,C:\Users\szymo\QuditsOnQubits\QuditsOnQubits\basis_direct_encoding_benchmarks\quantum_circuits\ghz3\monomial_old_codespace__P012_ph121,C:\Users\szymo\QuditsOnQubits\QuditsOnQubits\basis_direct_encoding_benchmarks\quantum_circuits\ghz3\monomial_old_codespace__P012_ph121\F3_W.qpy,C:\Users\szymo\QuditsOnQubits\QuditsOnQubits\basis_direct_encoding_benchmarks\quantum_circuits\ghz3\monomial_old_codespace__P012_ph121\CZ3_W.qpy,C:\Users\szymo\QuditsOnQubits\QuditsOnQubits\basis_direct_encoding_benchmarks\quantum_circuits\ghz3\monomial_old_codespace__P012_ph121\graph_state_direct_basis.qpy
direct_basis_encoding,ghz3,ghz_star,star,ghz3,3,3,6,P012_ph122,monomial,monomial_old_codespace,P012_ph122,True,40,94,134,68,,,0.213053,True,False,ok,,Converted from legacy E_new = E_Z @ W candidate.; Fidelity skipped because transpiled circuit has 128 qubits.,68,69.0,1.0,134,130.0,40,38.5,128,"{'sx': 39, 'cz': 37, 'rz': 32, 'rx': 23, 'rzz': 3}",6,6,0,C:\Users\szymo\QuditsOnQubits\QuditsOnQubits\basis_direct_encoding_benchmarks\quantum_circuits\ghz3\monomial_old_codespace__P012_ph122,C:\Users\szymo\QuditsOnQubits\QuditsOnQubits\basis_direct_encoding_benchmarks\quantum_circuits\ghz3\monomial_old_codespace__P012_ph122\F3_W.qpy,C:\Users\szymo\QuditsOnQubits\QuditsOnQubits\basis_direct_encoding_benchmarks\quantum_circuits\ghz3\monomial_old_codespace__P012_ph122\CZ3_W.qpy,C:\Users\szymo\QuditsOnQubits\QuditsOnQubits\basis_direct_encoding_benchmarks\quantum_circuits\ghz3\monomial_old_codespace__P012_ph122\graph_state_direct_basis.qpy
direct_basis_encoding,ghz3,ghz_star,star,ghz3,3,3,6,P012_ph200,monomial,monomial_old_codespace,P012_ph200,True,37,84,121,69,,,0.268566,True,False,ok,,Converted from legacy E_new = E_Z @ W candidate.; Fidelity skipped because transpiled circuit has 128 qubits.,69,69.0,0.0,121,125.5,37,38.5,128,"{'cz': 35, 'sx': 35, 'rz': 28, 'rx': 21, 'rzz': 2}",6,6,0,C:\Users\szymo\QuditsOnQubits\QuditsOnQubits\basis_direct_encoding_benchmarks\quantum_circuits\ghz3\monomial_old_codespace__P012_ph200,C:\Users\szymo\QuditsOnQubits\QuditsOnQubits\basis_direct_encoding_benchmarks\quantum_circuits\ghz3\monomial_old_codespace__P012_ph200\F3_W.qpy,C:\Users\szymo\QuditsOnQubits\QuditsOnQubits\basis_direct_encoding_benchmarks\quantum_circuits\ghz3\monomial_old_codespace__P012_ph200\CZ3_W.qpy,C:\Users\szymo\QuditsOnQubits\QuditsOnQubits\basis_direct_encoding_benchmarks\quantum_circuits\ghz3\monomial_old_codespace__P012_ph200\graph_state_direct_basis.qpy
direct_basis_encoding,ghz3,ghz_star,star,ghz3,3,3,6,P012_ph201,monomial,monomial_old_codespace,P012_ph201,True,40,94,134,68,,,0.213108,True,False,ok,,Converted from legacy E_new = E_Z @ W candidate.; Fidelity skipped because transpiled circuit has 128 qubits.,68,69.0,1.0,134,130.0,40,38.5,128,"{'sx': 39, 'cz': 37, 'rz': 32, 'rx': 23, 'rzz': 3}",6,6,0,C:\Users\szymo\QuditsOnQubits\QuditsOnQubits\basis_direct_encoding_benchmarks\quantum_circuits\ghz3\monomial_old_codespace__P012_ph201,C:\Users\szymo\QuditsOnQubits\QuditsOnQubits\basis_direct_encoding_benchmarks\quantum_circuits\ghz3\monomial_old_codespace__P012_ph201\F3_W.qpy,C:\Users\szymo\QuditsOnQubits\QuditsOnQubits\basis_direct_encoding_benchmarks\quantum_circuits\ghz3\monomial_old_codespace__P012_ph201\CZ3_W.qpy,C:\Users\szymo\QuditsOnQubits\QuditsOnQubits\basis_direct_encoding_benchmarks\quantum_circuits\ghz3\monomial_old_codespace__P012_ph201\graph_state_direct_basis.qpy
direct_basis_encoding,ghz3,ghz_star,star,ghz3,3,3,6,P012_ph202,monomial,monomial_old_codespace,P012_ph202,True,40,96,136,69,,,0.198561,True,False,ok,,Converted from legacy E_new = E_Z @ W candidate.; Fidelity skipped because transpiled circuit has 128 qubits.,69,69.5,0.5,136,131.0,40,38.5,128,"{'sx': 39, 'cz': 37, 'rz': 34, 'rx': 23, 'rzz': 3}",6,6,0,C:\Users\szymo\QuditsOnQubits\QuditsOnQubits\basis_direct_encoding_benchmarks\quantum_circuits\ghz3\monomial_old_codespace__P012_ph202,C:\Users\szymo\QuditsOnQubits\QuditsOnQubits\basis_direct_encoding_benchmarks\quantum_circuits\ghz3\monomial_old_codespace__P012_ph202\F3_W.qpy,C:\Users\szymo\QuditsOnQubits\QuditsOnQubits\basis_direct_encoding_benchmarks\quantum_circuits\ghz3\monomial_old_codespace__P012_ph202\CZ3_W.qpy,C:\Users\szymo\QuditsOnQubits\QuditsOnQubits\basis_direct_encoding_benchmarks\quantum_circuits\ghz3\monomial_old_codespace__P012_ph202\graph_state_direct_basis.qpy
direct_basis_encoding,ghz3,ghz_star,star,ghz3,3,3,6,P012_ph210,monomial,monomial_old_codespace,P012_ph210,True,40,96,136,69,,,0.203559,True,False,ok,,Converted from legacy E_new = E_Z @ W candidate.; Fidelity skipped because transpiled circuit has 128 qubits.,69,69.5,0.5,136,131.5,40,38.5,128,"{'sx': 39, 'cz': 37, 'rz': 34, 'rx': 23, 'rzz': 3}",6,6,0,C:\Users\szymo\QuditsOnQubits\QuditsOnQubits\basis_direct_encoding_benchmarks\quantum_circuits\ghz3\monomial_old_codespace__P012_ph210,C:\Users\szymo\QuditsOnQubits\QuditsOnQubits\basis_direct_encoding_benchmarks\quantum_circuits\ghz3\monomial_old_codespace__P012_ph210\F3_W.qpy,C:\Users\szymo\QuditsOnQubits\QuditsOnQubits\basis_direct_encoding_benchmarks\quantum_circuits\ghz3\monomial_old_codespace__P012_ph210\CZ3_W.qpy,C:\Users\szymo\QuditsOnQubits\QuditsOnQubits\basis_direct_encoding_benchmarks\quantum_circuits\ghz3\monomial_old_codespace__P012_ph210\graph_state_direct_basis.qpy
direct_basis_encoding,ghz3,ghz_star,star,ghz3,3,3,6,P012_ph211,monomial,monomial_old_codespace,P012_ph211,True,40,94,134,68,,,0.200358,True,False,ok,,Converted from legacy E_new = E_Z @ W candidate.; Fidelity skipped because transpiled circuit has 128 qubits.,68,69.0,1.0,134,130.0,40,38.5,128,"{'sx': 39, 'cz': 37, 'rz': 32, 'rx': 23, 'rzz': 3}",6,6,0,C:\Users\szymo\QuditsOnQubits\QuditsOnQubits\basis_direct_encoding_benchmarks\quantum_circuits\ghz3\monomial_old_codespace__P012_ph211,C:\Users\szymo\QuditsOnQubits\QuditsOnQubits\basis_direct_encoding_benchmarks\quantum_circuits\ghz3\monomial_old_codespace__P012_ph211\F3_W.qpy,C:\Users\szymo\QuditsOnQubits\QuditsOnQubits\basis_direct_encoding_benchmarks\quantum_circuits\ghz3\monomial_old_codespace__P012_ph211\CZ3_W.qpy,C:\Users\szymo\QuditsOnQubits\QuditsOnQubits\basis_direct_encoding_benchmarks\quantum_circuits\ghz3\monomial_old_codespace__P012_ph211\graph_state_direct_basis.qpy
direct_basis_encoding,ghz3,ghz_star,star,ghz3,3,3,6,P012_ph212,monomial,monomial_old_codespace,P012_ph212,True,37,84,121,69,,,0.20806,True,False,ok,,Converted from legacy E_new = E_Z @ W candidate.; Fidelity skipped because transpiled circuit has 128 qubits.,69,69.0,0.0,121,125.5,37,38.5,128,"{'cz': 35, 'sx': 35, 'rz': 27, 'rx': 22, 'rzz': 2}",6,6,0,C:\Users\szymo\QuditsOnQubits\QuditsOnQubits\basis_direct_encoding_benchmarks\quantum_circuits\ghz3\monomial_old_codespace__P012_ph212,C:\Users\szymo\QuditsOnQubits\QuditsOnQubits\basis_direct_encoding_benchmarks\quantum_circuits\ghz3\monomial_old_codespace__P012_ph212\F3_W.qpy,C:\Users\szymo\QuditsOnQubits\QuditsOnQubits\basis_direct_encoding_benchmarks\quantum_circuits\ghz3\monomial_old_codespace__P012_ph212\CZ3_W.qpy,C:\Users\szymo\QuditsOnQubits\QuditsOnQubits\basis_direct_encoding_benchmarks\quantum_circuits\ghz3\monomial_old_codespace__P012_ph212\graph_state_direct_basis.qpy
direct_basis_encoding,ghz3,ghz_star,star,ghz3,3,3,6,P012_ph220,monomial,monomial_old_codespace,P012_ph220,True,37,88,125,69,,,0.19756,True,False,ok,,Converted from legacy E_new = E_Z @ W candidate.; Fidelity skipped because transpiled circuit has 128 qubits.,69,69.0,0.0,125,130.5,37,38.5,128,"{'cz': 35, 'sx': 35, 'rz': 32, 'rx': 21, 'rzz': 2}",6,6,0,C:\Users\szymo\QuditsOnQubits\QuditsOnQubits\basis_direct_encoding_benchmarks\quantum_circuits\ghz3\monomial_old_codespace__P012_ph220,C:\Users\szymo\QuditsOnQubits\QuditsOnQubits\basis_direct_encoding_benchmarks\quantum_circuits\ghz3\monomial_old_codespace__P012_ph220\F3_W.qpy,C:\Users\szymo\QuditsOnQubits\QuditsOnQubits\basis_direct_encoding_benchmarks\quantum_circuits\ghz3\monomial_old_codespace__P012_ph220\CZ3_W.qpy,C:\Users\szymo\QuditsOnQubits\QuditsOnQubits\basis_direct_encoding_benchmarks\quantum_circuits\ghz3\monomial_old_codespace__P012_ph220\graph_state_direct_basis.qpy
direct_basis_encoding,ghz3,ghz_star,star,ghz3,3,3,6,P012_ph221,monomial,monomial_old_codespace,P012_ph221,True,40,88,128,68,,,0.192528,True,False,ok,,Converted from legacy E_new = E_Z @ W candidate.; Fidelity skipped because transpiled circuit has 128 qubits.,68,68.5,0.5,128,124.5,40,38.5,128,"{'sx': 39, 'cz': 37, 'rz': 26, 'rx': 23, 'rzz': 3}",6,6,0,C:\Users\szymo\QuditsOnQubits\QuditsOnQubits\basis_direct_encoding_benchmarks\quantum_circuits\ghz3\monomial_old_codespace__P012_ph221,C:\Users\szymo\QuditsOnQubits\QuditsOnQubits\basis_direct_encoding_benchmarks\quantum_circuits\ghz3\monomial_old_codespace__P012_ph221\F3_W.qpy,C:\Users\szymo\QuditsOnQubits\QuditsOnQubits\basis_direct_encoding_benchmarks\quantum_circuits\ghz3\monomial_old_codespace__P012_ph221\CZ3_W.qpy,C:\Users\szymo\QuditsOnQubits\QuditsOnQubits\basis_direct_encoding_benchmarks\quantum_circuits\ghz3\monomial_old_codespace__P012_ph221\graph_state_direct_basis.qpy
direct_basis_encoding,ghz3,ghz_star,star,ghz3,3,3,6,P012_ph222,monomial,monomial_old_codespace,P012_ph222,True,37,88,125,69,,,0.200125,True,False,ok,,Converted from legacy E_new = E_Z @ W candidate.; Fidelity skipped because transpiled circuit has 128 qubits.,69,69.0,0.0,125,130.5,37,38.5,128,"{'cz': 35, 'sx': 35, 'rz': 31, 'rx': 22, 'rzz': 2}",6,6,0,C:\Users\szymo\QuditsOnQubits\QuditsOnQubits\basis_direct_encoding_benchmarks\quantum_circuits\ghz3\monomial_old_codespace__P012_ph222,C:\Users\szymo\QuditsOnQubits\QuditsOnQubits\basis_direct_encoding_benchmarks\quantum_circuits\ghz3\monomial_old_codespace__P012_ph222\F3_W.qpy,C:\Users\szymo\QuditsOnQubits\QuditsOnQubits\basis_direct_encoding_benchmarks\quantum_circuits\ghz3\monomial_old_codespace__P012_ph222\CZ3_W.qpy,C:\Users\szymo\QuditsOnQubits\QuditsOnQubits\basis_direct_encoding_benchmarks\quantum_circuits\ghz3\monomial_old_codespace__P012_ph222\graph_state_direct_basis.qpy
direct_basis_encoding,ghz3,ghz_star,star,ghz3,3,3,6,P021_ph000,monomial,monomial_old_codespace,P021_ph000,True,40,88,128,68,,,0.235899,True,False,ok,,Converted from legacy E_new = E_Z @ W candidate.; Fidelity skipped because transpiled circuit has 128 qubits.,68,68.5,0.5,128,124.0,40,38.5,128,"{'sx': 39, 'cz': 37, 'rz': 26, 'rx': 23, 'rzz': 3}",6,6,0,C:\Users\szymo\QuditsOnQubits\QuditsOnQubits\basis_direct_encoding_benchmarks\quantum_circuits\ghz3\monomial_old_codespace__P021_ph000,C:\Users\szymo\QuditsOnQubits\QuditsOnQubits\basis_direct_encoding_benchmarks\quantum_circuits\ghz3\monomial_old_codespace__P021_ph000\F3_W.qpy,C:\Users\szymo\QuditsOnQubits\QuditsOnQubits\basis_direct_encoding_benchmarks\quantum_circuits\ghz3\monomial_old_codespace__P021_ph000\CZ3_W.qpy,C:\Users\szymo\QuditsOnQubits\QuditsOnQubits\basis_direct_encoding_benchmarks\quantum_circuits\ghz3\monomial_old_codespace__P021_ph000\graph_state_direct_basis.qpy
direct_basis_encoding,ghz3,ghz_star,star,ghz3,3,3,6,P021_ph001,monomial,monomial_old_codespace,P021_ph001,True,37,88,125,69,,,0.217263,True,False,ok,,Converted from legacy E_new = E_Z @ W candidate.; Fidelity skipped because transpiled circuit has 128 qubits.,69,69.0,0.0,125,130.5,37,38.5,128,"{'cz': 35, 'sx': 35, 'rz': 32, 'rx': 21, 'rzz': 2}",6,6,0,C:\Users\szymo\QuditsOnQubits\QuditsOnQubits\basis_direct_encoding_benchmarks\quantum_circuits\ghz3\monomial_old_codespace__P021_ph001,C:\Users\szymo\QuditsOnQubits\QuditsOnQubits\basis_direct_encoding_benchmarks\quantum_circuits\ghz3\monomial_old_codespace__P021_ph001\F3_W.qpy,C:\Users\szymo\QuditsOnQubits\QuditsOnQubits\basis_direct_encoding_benchmarks\quantum_circuits\ghz3\monomial_old_codespace__P021_ph001\CZ3_W.qpy,C:\Users\szymo\QuditsOnQubits\QuditsOnQubits\basis_direct_encoding_benchmarks\quantum_circuits\ghz3\monomial_old_codespace__P021_ph001\graph_state_direct_basis.qpy
direct_basis_encoding,ghz3,ghz_star,star,ghz3,3,3,6,P021_ph002,monomial,monomial_old_codespace,P021_ph002,True,37,88,125,69,,,0.217075,True,False,ok,,Converted from legacy E_new = E_Z @ W candidate.; Fidelity skipped because transpiled circuit has 128 qubits.,69,69.0,0.0,125,130.5,37,38.5,128,"{'cz': 35, 'sx': 35, 'rz': 32, 'rx': 21, 'rzz': 2}",6,6,0,C:\Users\szymo\QuditsOnQubits\QuditsOnQubits\basis_direct_encoding_benchmarks\quantum_circuits\ghz3\monomial_old_codespace__P021_ph002,C:\Users\szymo\QuditsOnQubits\QuditsOnQubits\basis_direct_encoding_benchmarks\quantum_circuits\ghz3\monomial_old_codespace__P021_ph002\F3_W.qpy,C:\Users\szymo\QuditsOnQubits\QuditsOnQubits\basis_direct_encoding_benchmarks\quantum_circuits\ghz3\monomial_old_codespace__P021_ph002\CZ3_W.qpy,C:\Users\szymo\QuditsOnQubits\QuditsOnQubits\basis_direct_encoding_benchmarks\quantum_circuits\ghz3\monomial_old_codespace__P021_ph002\graph_state_direct_basis.qpy
direct_basis_encoding,ghz3,ghz_star,star,ghz3,3,3,6,P021_ph010,monomial,monomial_old_codespace,P021_ph010,True,40,94,134,68,,,0.206637,True,False,ok,,Converted from legacy E_new = E_Z @ W candidate.; Fidelity skipped because transpiled circuit has 128 qubits.,68,69.0,1.0,134,130.0,40,38.5,128,"{'sx': 39, 'cz': 37, 'rz': 32, 'rx': 23, 'rzz': 3}",6,6,0,C:\Users\szymo\QuditsOnQubits\QuditsOnQubits\basis_direct_encoding_benchmarks\quantum_circuits\ghz3\monomial_old_codespace__P021_ph010,C:\Users\szymo\QuditsOnQubits\QuditsOnQubits\basis_direct_encoding_benchmarks\quantum_circuits\ghz3\monomial_old_codespace__P021_ph010\F3_W.qpy,C:\Users\szymo\QuditsOnQubits\QuditsOnQubits\basis_direct_encoding_benchmarks\quantum_circuits\ghz3\monomial_old_codespace__P021_ph010\CZ3_W.qpy,C:\Users\szymo\QuditsOnQubits\QuditsOnQubits\basis_direct_encoding_benchmarks\quantum_circuits\ghz3\monomial_old_codespace__P021_ph010\graph_state_direct_basis.qpy
direct_basis_encoding,ghz3,ghz_star,star,ghz3,3,3,6,P021_ph011,monomial,monomial_old_codespace,P021_ph011,True,40,96,136,69,,,0.196972,True,False,ok,,Converted from legacy E_new = E_Z @ W candidate.; Fidelity skipped because transpiled circuit has 128 qubits.,69,69.5,0.5,136,131.0,40,38.5,128,"{'sx': 39, 'cz': 37, 'rz': 34, 'rx': 23, 'rzz': 3}",6,6,0,C:\Users\szymo\QuditsOnQubits\QuditsOnQubits\basis_direct_encoding_benchmarks\quantum_circuits\ghz3\monomial_old_codespace__P021_ph011,C:\Users\szymo\QuditsOnQubits\QuditsOnQubits\basis_direct_encoding_benchmarks\quantum_circuits\ghz3\monomial_old_codespace__P021_ph011\F3_W.qpy,C:\Users\szymo\QuditsOnQubits\QuditsOnQubits\basis_direct_encoding_benchmarks\quantum_circuits\ghz3\monomial_old_codespace__P021_ph011\CZ3_W.qpy,C:\Users\szymo\QuditsOnQubits\QuditsOnQubits\basis_direct_encoding_benchmarks\quantum_circuits\ghz3\monomial_old_codespace__P021_ph011\graph_state_direct_basis.qpy
direct_basis_encoding,ghz3,ghz_star,star,ghz3,3,3,6,P021_ph012,monomial,monomial_old_codespace,P021_ph012,True,37,85,122,69,,,0.211608,True,False,ok,,Converted from legacy E_new = E_Z @ W candidate.; Fidelity skipped because transpiled circuit has 128 qubits.,69,69.0,0.0,122,126.0,37,38.5,128,"{'cz': 35, 'sx': 35, 'rz': 28, 'rx': 22, 'rzz': 2}",6,6,0,C:\Users\szymo\QuditsOnQubits\QuditsOnQubits\basis_direct_encoding_benchmarks\quantum_circuits\ghz3\monomial_old_codespace__P021_ph012,C:\Users\szymo\QuditsOnQubits\QuditsOnQubits\basis_direct_encoding_benchmarks\quantum_circuits\ghz3\monomial_old_codespace__P021_ph012\F3_W.qpy,C:\Users\szymo\QuditsOnQubits\QuditsOnQubits\basis_direct_encoding_benchmarks\quantum_circuits\ghz3\monomial_old_codespace__P021_ph012\CZ3_W.qpy,C:\Users\szymo\QuditsOnQubits\QuditsOnQubits\basis_direct_encoding_benchmarks\quantum_circuits\ghz3\monomial_old_codespace__P021_ph012\graph_state_direct_basis.qpy
direct_basis_encoding,ghz3,ghz_star,star,ghz3,3,3,6,P021_ph020,monomial,monomial_old_codespace,P021_ph020,True,40,94,134,68,,,0.201105,True,False,ok,,Converted from legacy E_new = E_Z @ W candidate.; Fidelity skipped because transpiled circuit has 128 qubits.,68,69.0,1.0,134,130.0,40,38.5,128,"{'sx': 39, 'cz': 37, 'rz': 32, 'rx': 23, 'rzz': 3}",6,6,0,C:\Users\szymo\QuditsOnQubits\QuditsOnQubits\basis_direct_encoding_benchmarks\quantum_circuits\ghz3\monomial_old_codespace__P021_ph020,C:\Users\szymo\QuditsOnQubits\QuditsOnQubits\basis_direct_encoding_benchmarks\quantum_circuits\ghz3\monomial_old_codespace__P021_ph020\F3_W.qpy,C:\Users\szymo\QuditsOnQubits\QuditsOnQubits\basis_direct_encoding_benchmarks\quantum_circuits\ghz3\monomial_old_codespace__P021_ph020\CZ3_W.qpy,C:\Users\szymo\QuditsOnQubits\QuditsOnQubits\basis_direct_encoding_benchmarks\quantum_circuits\ghz3\monomial_old_codespace__P021_ph020\graph_state_direct_basis.qpy
direct_basis_encoding,ghz3,ghz_star,star,ghz3,3,3,6,P021_ph021,monomial,monomial_old_codespace,P021_ph021,True,37,85,122,69,,,0.216006,True,False,ok,,Converted from legacy E_new = E_Z @ W candidate.; Fidelity skipped because transpiled circuit has 128 qubits.,69,69.0,0.0,122,126.0,37,38.5,128,"{'cz': 35, 'sx': 35, 'rz': 28, 'rx': 22, 'rzz': 2}",6,6,0,C:\Users\szymo\QuditsOnQubits\QuditsOnQubits\basis_direct_encoding_benchmarks\quantum_circuits\ghz3\monomial_old_codespace__P021_ph021,C:\Users\szymo\QuditsOnQubits\QuditsOnQubits\basis_direct_encoding_benchmarks\quantum_circuits\ghz3\monomial_old_codespace__P021_ph021\F3_W.qpy,C:\Users\szymo\QuditsOnQubits\QuditsOnQubits\basis_direct_encoding_benchmarks\quantum_circuits\ghz3\monomial_old_codespace__P021_ph021\CZ3_W.qpy,C:\Users\szymo\QuditsOnQubits\QuditsOnQubits\basis_direct_encoding_benchmarks\quantum_circuits\ghz3\monomial_old_codespace__P021_ph021\graph_state_direct_basis.qpy
direct_basis_encoding,ghz3,ghz_star,star,ghz3,3,3,6,P021_ph022,monomial,monomial_old_codespace,P021_ph022,True,40,96,136,69,,,0.2241,True,False,ok,,Converted from legacy E_new = E_Z @ W candidate.; Fidelity skipped because transpiled circuit has 128 qubits.,69,69.5,0.5,136,131.0,40,38.5,128,"{'sx': 39, 'cz': 37, 'rz': 34, 'rx': 23, 'rzz': 3}",6,6,0,C:\Users\szymo\QuditsOnQubits\QuditsOnQubits\basis_direct_encoding_benchmarks\quantum_circuits\ghz3\monomial_old_codespace__P021_ph022,C:\Users\szymo\QuditsOnQubits\QuditsOnQubits\basis_direct_encoding_benchmarks\quantum_circuits\ghz3\monomial_old_codespace__P021_ph022\F3_W.qpy,C:\Users\szymo\QuditsOnQubits\QuditsOnQubits\basis_direct_encoding_benchmarks\quantum_circuits\ghz3\monomial_old_codespace__P021_ph022\CZ3_W.qpy,C:\Users\szymo\QuditsOnQubits\QuditsOnQubits\basis_direct_encoding_benchmarks\quantum_circuits\ghz3\monomial_old_codespace__P021_ph022\graph_state_direct_basis.qpy
direct_basis_encoding,ghz3,ghz_star,star,ghz3,3,3,6,P021_ph100,monomial,monomial_old_codespace,P021_ph100,True,37,85,122,69,,,0.238615,True,False,ok,,Converted from legacy E_new = E_Z @ W candidate.; Fidelity skipped because transpiled circuit has 128 qubits.,69,69.0,0.0,122,126.0,37,38.5,128,"{'cz': 35, 'sx': 35, 'rz': 28, 'rx': 22, 'rzz': 2}",6,6,0,C:\Users\szymo\QuditsOnQubits\QuditsOnQubits\basis_direct_encoding_benchmarks\quantum_circuits\ghz3\monomial_old_codespace__P021_ph100,C:\Users\szymo\QuditsOnQubits\QuditsOnQubits\basis_direct_encoding_benchmarks\quantum_circuits\ghz3\monomial_old_codespace__P021_ph100\F3_W.qpy,C:\Users\szymo\QuditsOnQubits\QuditsOnQubits\basis_direct_encoding_benchmarks\quantum_circuits\ghz3\monomial_old_codespace__P021_ph100\CZ3_W.qpy,C:\Users\szymo\QuditsOnQubits\QuditsOnQubits\basis_direct_encoding_benchmarks\quantum_circuits\ghz3\monomial_old_codespace__P021_ph100\graph_state_direct_basis.qpy
direct_basis_encoding,ghz3,ghz_star,star,ghz3,3,3,6,P021_ph101,monomial,monomial_old_codespace,P021_ph101,True,40,96,136,69,,,0.212121,True,False,ok,,Converted from legacy E_new = E_Z @ W candidate.; Fidelity skipped because transpiled circuit has 128 qubits.,69,69.5,0.5,136,130.5,40,38.5,128,"{'sx': 39, 'cz': 37, 'rz': 34, 'rx': 23, 'rzz': 3}",6,6,0,C:\Users\szymo\QuditsOnQubits\QuditsOnQubits\basis_direct_encoding_benchmarks\quantum_circuits\ghz3\monomial_old_codespace__P021_ph101,C:\Users\szymo\QuditsOnQubits\QuditsOnQubits\basis_direct_encoding_benchmarks\quantum_circuits\ghz3\monomial_old_codespace__P021_ph101\F3_W.qpy,C:\Users\szymo\QuditsOnQubits\QuditsOnQubits\basis_direct_encoding_benchmarks\quantum_circuits\ghz3\monomial_old_codespace__P021_ph101\CZ3_W.qpy,C:\Users\szymo\QuditsOnQubits\QuditsOnQubits\basis_direct_encoding_benchmarks\quantum_circuits\ghz3\monomial_old_codespace__P021_ph101\graph_state_direct_basis.qpy
direct_basis_encoding,ghz3,ghz_star,star,ghz3,3,3,6,P021_ph102,monomial,monomial_old_codespace,P021_ph102,True,40,94,134,68,,,0.213766,True,False,ok,,Converted from legacy E_new = E_Z @ W candidate.; Fidelity skipped because transpiled circuit has 128 qubits.,68,69.0,1.0,134,130.5,40,38.5,128,"{'sx': 39, 'cz': 37, 'rz': 32, 'rx': 23, 'rzz': 3}",6,6,0,C:\Users\szymo\QuditsOnQubits\QuditsOnQubits\basis_direct_encoding_benchmarks\quantum_circuits\ghz3\monomial_old_codespace__P021_ph102,C:\Users\szymo\QuditsOnQubits\QuditsOnQubits\basis_direct_encoding_benchmarks\quantum_circuits\ghz3\monomial_old_codespace__P021_ph102\F3_W.qpy,C:\Users\szymo\QuditsOnQubits\QuditsOnQubits\basis_direct_encoding_benchmarks\quantum_circuits\ghz3\monomial_old_codespace__P021_ph102\CZ3_W.qpy,C:\Users\szymo\QuditsOnQubits\QuditsOnQubits\basis_direct_encoding_benchmarks\quantum_circuits\ghz3\monomial_old_codespace__P021_ph102\graph_state_direct_basis.qpy
direct_basis_encoding,ghz3,ghz_star,star,ghz3,3,3,6,P021_ph110,monomial,monomial_old_codespace,P021_ph110,True,37,88,125,69,,,0.264678,True,False,ok,,Converted from legacy E_new = E_Z @ W candidate.; Fidelity skipped because transpiled circuit has 128 qubits.,69,69.0,0.0,125,130.5,37,38.5,128,"{'cz': 35, 'sx': 35, 'rz': 32, 'rx': 21, 'rzz': 2}",6,6,0,C:\Users\szymo\QuditsOnQubits\QuditsOnQubits\basis_direct_encoding_benchmarks\quantum_circuits\ghz3\monomial_old_codespace__P021_ph110,C:\Users\szymo\QuditsOnQubits\QuditsOnQubits\basis_direct_encoding_benchmarks\quantum_circuits\ghz3\monomial_old_codespace__P021_ph110\F3_W.qpy,C:\Users\szymo\QuditsOnQubits\QuditsOnQubits\basis_direct_encoding_benchmarks\quantum_circuits\ghz3\monomial_old_codespace__P021_ph110\CZ3_W.qpy,C:\Users\szymo\QuditsOnQubits\QuditsOnQubits\basis_direct_encoding_benchmarks\quantum_circuits\ghz3\monomial_old_codespace__P021_ph110\graph_state_direct_basis.qpy
direct_basis_encoding,ghz3,ghz_star,star,ghz3,3,3,6,P021_ph111,monomial,monomial_old_codespace,P021_ph111,True,37,87,124,69,,,0.456252,True,False,ok,,Converted from legacy E_new = E_Z @ W candidate.; Fidelity skipped because transpiled circuit has 128 qubits.,69,69.0,0.0,124,130.0,37,38.5,128,"{'cz': 35, 'sx': 35, 'rz': 31, 'rx': 21, 'rzz': 2}",6,6,0,C:\Users\szymo\QuditsOnQubits\QuditsOnQubits\basis_direct_encoding_benchmarks\quantum_circuits\ghz3\monomial_old_codespace__P021_ph111,C:\Users\szymo\QuditsOnQubits\QuditsOnQubits\basis_direct_encoding_benchmarks\quantum_circuits\ghz3\monomial_old_codespace__P021_ph111\F3_W.qpy,C:\Users\szymo\QuditsOnQubits\QuditsOnQubits\basis_direct_encoding_benchmarks\quantum_circuits\ghz3\monomial_old_codespace__P021_ph111\CZ3_W.qpy,C:\Users\szymo\QuditsOnQubits\QuditsOnQubits\basis_direct_encoding_benchmarks\quantum_circuits\ghz3\monomial_old_codespace__P021_ph111\graph_state_direct_basis.qpy
direct_basis_encoding,ghz3,ghz_star,star,ghz3,3,3,6,P021_ph112,monomial,monomial_old_codespace,P021_ph112,True,40,88,128,68,,,0.272248,True,False,ok,,Converted from legacy E_new = E_Z @ W candidate.; Fidelity skipped because transpiled circuit has 128 qubits.,68,68.5,0.5,128,125.0,40,38.5,128,"{'sx': 39, 'cz': 37, 'rz': 26, 'rx': 23, 'rzz': 3}",6,6,0,C:\Users\szymo\QuditsOnQubits\QuditsOnQubits\basis_direct_encoding_benchmarks\quantum_circuits\ghz3\monomial_old_codespace__P021_ph112,C:\Users\szymo\QuditsOnQubits\QuditsOnQubits\basis_direct_encoding_benchmarks\quantum_circuits\ghz3\monomial_old_codespace__P021_ph112\F3_W.qpy,C:\Users\szymo\QuditsOnQubits\QuditsOnQubits\basis_direct_encoding_benchmarks\quantum_circuits\ghz3\monomial_old_codespace__P021_ph112\CZ3_W.qpy,C:\Users\szymo\QuditsOnQubits\QuditsOnQubits\basis_direct_encoding_benchmarks\quantum_circuits\ghz3\monomial_old_codespace__P021_ph112\graph_state_direct_basis.qpy
direct_basis_encoding,ghz3,ghz_star,star,ghz3,3,3,6,P021_ph120,monomial,monomial_old_codespace,P021_ph120,True,40,96,136,69,,,0.24856,True,False,ok,,Converted from legacy E_new = E_Z @ W candidate.; Fidelity skipped because transpiled circuit has 128 qubits.,69,69.5,0.5,136,131.5,40,38.5,128,"{'sx': 39, 'cz': 37, 'rz': 34, 'rx': 23, 'rzz': 3}",6,6,0,C:\Users\szymo\QuditsOnQubits\QuditsOnQubits\basis_direct_encoding_benchmarks\quantum_circuits\ghz3\monomial_old_codespace__P021_ph120,C:\Users\szymo\QuditsOnQubits\QuditsOnQubits\basis_direct_encoding_benchmarks\quantum_circuits\ghz3\monomial_old_codespace__P021_ph120\F3_W.qpy,C:\Users\szymo\QuditsOnQubits\QuditsOnQubits\basis_direct_encoding_benchmarks\quantum_circuits\ghz3\monomial_old_codespace__P021_ph120\CZ3_W.qpy,C:\Users\szymo\QuditsOnQubits\QuditsOnQubits\basis_direct_encoding_benchmarks\quantum_circuits\ghz3\monomial_old_codespace__P021_ph120\graph_state_direct_basis.qpy
direct_basis_encoding,ghz3,ghz_star,star,ghz3,3,3,6,P021_ph121,monomial,monomial_old_codespace,P021_ph121,True,37,84,121,69,,,0.205826,True,False,ok,,Converted from legacy E_new = E_Z @ W candidate.; Fidelity skipped because transpiled circuit has 128 qubits.,69,69.0,0.0,121,125.5,37,38.5,128,"{'cz': 35, 'sx': 35, 'rz': 27, 'rx': 22, 'rzz': 2}",6,6,0,C:\Users\szymo\QuditsOnQubits\QuditsOnQubits\basis_direct_encoding_benchmarks\quantum_circuits\ghz3\monomial_old_codespace__P021_ph121,C:\Users\szymo\QuditsOnQubits\QuditsOnQubits\basis_direct_encoding_benchmarks\quantum_circuits\ghz3\monomial_old_codespace__P021_ph121\F3_W.qpy,C:\Users\szymo\QuditsOnQubits\QuditsOnQubits\basis_direct_encoding_benchmarks\quantum_circuits\ghz3\monomial_old_codespace__P021_ph121\CZ3_W.qpy,C:\Users\szymo\QuditsOnQubits\QuditsOnQubits\basis_direct_encoding_benchmarks\quantum_circuits\ghz3\monomial_old_codespace__P021_ph121\graph_state_direct_basis.qpy
direct_basis_encoding,ghz3,ghz_star,star,ghz3,3,3,6,P021_ph122,monomial,monomial_old_codespace,P021_ph122,True,40,94,134,68,,,0.203974,True,False,ok,,Converted from legacy E_new = E_Z @ W candidate.; Fidelity skipped because transpiled circuit has 128 qubits.,68,69.0,1.0,134,130.0,40,38.5,128,"{'sx': 39, 'cz': 37, 'rz': 32, 'rx': 23, 'rzz': 3}",6,6,0,C:\Users\szymo\QuditsOnQubits\QuditsOnQubits\basis_direct_encoding_benchmarks\quantum_circuits\ghz3\monomial_old_codespace__P021_ph122,C:\Users\szymo\QuditsOnQubits\QuditsOnQubits\basis_direct_encoding_benchmarks\quantum_circuits\ghz3\monomial_old_codespace__P021_ph122\F3_W.qpy,C:\Users\szymo\QuditsOnQubits\QuditsOnQubits\basis_direct_encoding_benchmarks\quantum_circuits\ghz3\monomial_old_codespace__P021_ph122\CZ3_W.qpy,C:\Users\szymo\QuditsOnQubits\QuditsOnQubits\basis_direct_encoding_benchmarks\quantum_circuits\ghz3\monomial_old_codespace__P021_ph122\graph_state_direct_basis.qpy
direct_basis_encoding,ghz3,ghz_star,star,ghz3,3,3,6,P021_ph200,monomial,monomial_old_codespace,P021_ph200,True,37,84,121,69,,,0.197963,True,False,ok,,Converted from legacy E_new = E_Z @ W candidate.; Fidelity skipped because transpiled circuit has 128 qubits.,69,69.0,0.0,121,125.5,37,38.5,128,"{'cz': 35, 'sx': 35, 'rz': 28, 'rx': 21, 'rzz': 2}",6,6,0,C:\Users\szymo\QuditsOnQubits\QuditsOnQubits\basis_direct_encoding_benchmarks\quantum_circuits\ghz3\monomial_old_codespace__P021_ph200,C:\Users\szymo\QuditsOnQubits\QuditsOnQubits\basis_direct_encoding_benchmarks\quantum_circuits\ghz3\monomial_old_codespace__P021_ph200\F3_W.qpy,C:\Users\szymo\QuditsOnQubits\QuditsOnQubits\basis_direct_encoding_benchmarks\quantum_circuits\ghz3\monomial_old_codespace__P021_ph200\CZ3_W.qpy,C:\Users\szymo\QuditsOnQubits\QuditsOnQubits\basis_direct_encoding_benchmarks\quantum_circuits\ghz3\monomial_old_codespace__P021_ph200\graph_state_direct_basis.qpy
direct_basis_encoding,ghz3,ghz_star,star,ghz3,3,3,6,P021_ph201,monomial,monomial_old_codespace,P021_ph201,True,40,94,134,68,,,0.186575,True,False,ok,,Converted from legacy E_new = E_Z @ W candidate.; Fidelity skipped because transpiled circuit has 128 qubits.,68,69.0,1.0,134,130.0,40,38.5,128,"{'sx': 39, 'cz': 37, 'rz': 32, 'rx': 23, 'rzz': 3}",6,6,0,C:\Users\szymo\QuditsOnQubits\QuditsOnQubits\basis_direct_encoding_benchmarks\quantum_circuits\ghz3\monomial_old_codespace__P021_ph201,C:\Users\szymo\QuditsOnQubits\QuditsOnQubits\basis_direct_encoding_benchmarks\quantum_circuits\ghz3\monomial_old_codespace__P021_ph201\F3_W.qpy,C:\Users\szymo\QuditsOnQubits\QuditsOnQubits\basis_direct_encoding_benchmarks\quantum_circuits\ghz3\monomial_old_codespace__P021_ph201\CZ3_W.qpy,C:\Users\szymo\QuditsOnQubits\QuditsOnQubits\basis_direct_encoding_benchmarks\quantum_circuits\ghz3\monomial_old_codespace__P021_ph201\graph_state_direct_basis.qpy
direct_basis_encoding,ghz3,ghz_star,star,ghz3,3,3,6,P021_ph202,monomial,monomial_old_codespace,P021_ph202,True,40,96,136,69,,,0.193259,True,False,ok,,Converted from legacy E_new = E_Z @ W candidate.; Fidelity skipped because transpiled circuit has 128 qubits.,69,69.5,0.5,136,131.0,40,38.5,128,"{'sx': 39, 'cz': 37, 'rz': 34, 'rx': 23, 'rzz': 3}",6,6,0,C:\Users\szymo\QuditsOnQubits\QuditsOnQubits\basis_direct_encoding_benchmarks\quantum_circuits\ghz3\monomial_old_codespace__P021_ph202,C:\Users\szymo\QuditsOnQubits\QuditsOnQubits\basis_direct_encoding_benchmarks\quantum_circuits\ghz3\monomial_old_codespace__P021_ph202\F3_W.qpy,C:\Users\szymo\QuditsOnQubits\QuditsOnQubits\basis_direct_encoding_benchmarks\quantum_circuits\ghz3\monomial_old_codespace__P021_ph202\CZ3_W.qpy,C:\Users\szymo\QuditsOnQubits\QuditsOnQubits\basis_direct_encoding_benchmarks\quantum_circuits\ghz3\monomial_old_codespace__P021_ph202\graph_state_direct_basis.qpy
direct_basis_encoding,ghz3,ghz_star,star,ghz3,3,3,6,P021_ph210,monomial,monomial_old_codespace,P021_ph210,True,40,96,136,69,,,0.199562,True,False,ok,,Converted from legacy E_new = E_Z @ W candidate.; Fidelity skipped because transpiled circuit has 128 qubits.,69,69.5,0.5,136,131.5,40,38.5,128,"{'sx': 39, 'cz': 37, 'rz': 34, 'rx': 23, 'rzz': 3}",6,6,0,C:\Users\szymo\QuditsOnQubits\QuditsOnQubits\basis_direct_encoding_benchmarks\quantum_circuits\ghz3\monomial_old_codespace__P021_ph210,C:\Users\szymo\QuditsOnQubits\QuditsOnQubits\basis_direct_encoding_benchmarks\quantum_circuits\ghz3\monomial_old_codespace__P021_ph210\F3_W.qpy,C:\Users\szymo\QuditsOnQubits\QuditsOnQubits\basis_direct_encoding_benchmarks\quantum_circuits\ghz3\monomial_old_codespace__P021_ph210\CZ3_W.qpy,C:\Users\szymo\QuditsOnQubits\QuditsOnQubits\basis_direct_encoding_benchmarks\quantum_circuits\ghz3\monomial_old_codespace__P021_ph210\graph_state_direct_basis.qpy
direct_basis_encoding,ghz3,ghz_star,star,ghz3,3,3,6,P021_ph211,monomial,monomial_old_codespace,P021_ph211,True,40,94,134,68,,,0.223341,True,False,ok,,Converted from legacy E_new = E_Z @ W candidate.; Fidelity skipped because transpiled circuit has 128 qubits.,68,69.0,1.0,134,130.0,40,38.5,128,"{'sx': 39, 'cz': 37, 'rz': 32, 'rx': 23, 'rzz': 3}",6,6,0,C:\Users\szymo\QuditsOnQubits\QuditsOnQubits\basis_direct_encoding_benchmarks\quantum_circuits\ghz3\monomial_old_codespace__P021_ph211,C:\Users\szymo\QuditsOnQubits\QuditsOnQubits\basis_direct_encoding_benchmarks\quantum_circuits\ghz3\monomial_old_codespace__P021_ph211\F3_W.qpy,C:\Users\szymo\QuditsOnQubits\QuditsOnQubits\basis_direct_encoding_benchmarks\quantum_circuits\ghz3\monomial_old_codespace__P021_ph211\CZ3_W.qpy,C:\Users\szymo\QuditsOnQubits\QuditsOnQubits\basis_direct_encoding_benchmarks\quantum_circuits\ghz3\monomial_old_codespace__P021_ph211\graph_state_direct_basis.qpy
direct_basis_encoding,ghz3,ghz_star,star,ghz3,3,3,6,P021_ph212,monomial,monomial_old_codespace,P021_ph212,True,37,84,121,69,,,0.212411,True,False,ok,,Converted from legacy E_new = E_Z @ W candidate.; Fidelity skipped because transpiled circuit has 128 qubits.,69,69.0,0.0,121,125.5,37,38.5,128,"{'cz': 35, 'sx': 35, 'rz': 27, 'rx': 22, 'rzz': 2}",6,6,0,C:\Users\szymo\QuditsOnQubits\QuditsOnQubits\basis_direct_encoding_benchmarks\quantum_circuits\ghz3\monomial_old_codespace__P021_ph212,C:\Users\szymo\QuditsOnQubits\QuditsOnQubits\basis_direct_encoding_benchmarks\quantum_circuits\ghz3\monomial_old_codespace__P021_ph212\F3_W.qpy,C:\Users\szymo\QuditsOnQubits\QuditsOnQubits\basis_direct_encoding_benchmarks\quantum_circuits\ghz3\monomial_old_codespace__P021_ph212\CZ3_W.qpy,C:\Users\szymo\QuditsOnQubits\QuditsOnQubits\basis_direct_encoding_benchmarks\quantum_circuits\ghz3\monomial_old_codespace__P021_ph212\graph_state_direct_basis.qpy
direct_basis_encoding,ghz3,ghz_star,star,ghz3,3,3,6,P021_ph220,monomial,monomial_old_codespace,P021_ph220,True,37,88,125,69,,,0.241633,True,False,ok,,Converted from legacy E_new = E_Z @ W candidate.; Fidelity skipped because transpiled circuit has 128 qubits.,69,69.0,0.0,125,130.5,37,38.5,128,"{'cz': 35, 'sx': 35, 'rz': 32, 'rx': 21, 'rzz': 2}",6,6,0,C:\Users\szymo\QuditsOnQubits\QuditsOnQubits\basis_direct_encoding_benchmarks\quantum_circuits\ghz3\monomial_old_codespace__P021_ph220,C:\Users\szymo\QuditsOnQubits\QuditsOnQubits\basis_direct_encoding_benchmarks\quantum_circuits\ghz3\monomial_old_codespace__P021_ph220\F3_W.qpy,C:\Users\szymo\QuditsOnQubits\QuditsOnQubits\basis_direct_encoding_benchmarks\quantum_circuits\ghz3\monomial_old_codespace__P021_ph220\CZ3_W.qpy,C:\Users\szymo\QuditsOnQubits\QuditsOnQubits\basis_direct_encoding_benchmarks\quantum_circuits\ghz3\monomial_old_codespace__P021_ph220\graph_state_direct_basis.qpy
direct_basis_encoding,ghz3,ghz_star,star,ghz3,3,3,6,P021_ph221,monomial,monomial_old_codespace,P021_ph221,True,40,88,128,68,,,0.235388,True,False,ok,,Converted from legacy E_new = E_Z @ W candidate.; Fidelity skipped because transpiled circuit has 128 qubits.,68,68.5,0.5,128,124.5,40,38.5,128,"{'sx': 39, 'cz': 37, 'rz': 26, 'rx': 23, 'rzz': 3}",6,6,0,C:\Users\szymo\QuditsOnQubits\QuditsOnQubits\basis_direct_encoding_benchmarks\quantum_circuits\ghz3\monomial_old_codespace__P021_ph221,C:\Users\szymo\QuditsOnQubits\QuditsOnQubits\basis_direct_encoding_benchmarks\quantum_circuits\ghz3\monomial_old_codespace__P021_ph221\F3_W.qpy,C:\Users\szymo\QuditsOnQubits\QuditsOnQubits\basis_direct_encoding_benchmarks\quantum_circuits\ghz3\monomial_old_codespace__P021_ph221\CZ3_W.qpy,C:\Users\szymo\QuditsOnQubits\QuditsOnQubits\basis_direct_encoding_benchmarks\quantum_circuits\ghz3\monomial_old_codespace__P021_ph221\graph_state_direct_basis.qpy
direct_basis_encoding,ghz3,ghz_star,star,ghz3,3,3,6,P021_ph222,monomial,monomial_old_codespace,P021_ph222,True,37,88,125,69,,,0.233838,True,False,ok,,Converted from legacy E_new = E_Z @ W candidate.; Fidelity skipped because transpiled circuit has 128 qubits.,69,69.0,0.0,125,130.5,37,38.5,128,"{'cz': 35, 'sx': 35, 'rz': 31, 'rx': 22, 'rzz': 2}",6,6,0,C:\Users\szymo\QuditsOnQubits\QuditsOnQubits\basis_direct_encoding_benchmarks\quantum_circuits\ghz3\monomial_old_codespace__P021_ph222,C:\Users\szymo\QuditsOnQubits\QuditsOnQubits\basis_direct_encoding_benchmarks\quantum_circuits\ghz3\monomial_old_codespace__P021_ph222\F3_W.qpy,C:\Users\szymo\QuditsOnQubits\QuditsOnQubits\basis_direct_encoding_benchmarks\quantum_circuits\ghz3\monomial_old_codespace__P021_ph222\CZ3_W.qpy,C:\Users\szymo\QuditsOnQubits\QuditsOnQubits\basis_direct_encoding_benchmarks\quantum_circuits\ghz3\monomial_old_codespace__P021_ph222\graph_state_direct_basis.qpy
direct_basis_encoding,ghz3,ghz_star,star,ghz3,3,3,6,P102_ph000,monomial,monomial_old_codespace,P102_ph000,True,37,84,121,80,,,0.219406,True,False,ok,,Converted from legacy E_new = E_Z @ W candidate.; Fidelity skipped because transpiled circuit has 128 qubits.,80,87.17,3.29,121,130.0,37,41.17,128,"{'rz': 31, 'rx': 31, 'cz': 28, 'sx': 22, 'rzz': 9}",6,6,0,C:\Users\szymo\QuditsOnQubits\QuditsOnQubits\basis_direct_encoding_benchmarks\quantum_circuits\ghz3\monomial_old_codespace__P102_ph000,C:\Users\szymo\QuditsOnQubits\QuditsOnQubits\basis_direct_encoding_benchmarks\quantum_circuits\ghz3\monomial_old_codespace__P102_ph000\F3_W.qpy,C:\Users\szymo\QuditsOnQubits\QuditsOnQubits\basis_direct_encoding_benchmarks\quantum_circuits\ghz3\monomial_old_codespace__P102_ph000\CZ3_W.qpy,C:\Users\szymo\QuditsOnQubits\QuditsOnQubits\basis_direct_encoding_benchmarks\quantum_circuits\ghz3\monomial_old_codespace__P102_ph000\graph_state_direct_basis.qpy
direct_basis_encoding,ghz3,ghz_star,star,ghz3,3,3,6,P102_ph001,monomial,monomial_old_codespace,P102_ph001,True,37,89,126,81,,,0.231806,True,False,ok,,Converted from legacy E_new = E_Z @ W candidate.; Fidelity skipped because transpiled circuit has 128 qubits.,81,87.33,2.92,126,136.5,37,41.17,128,"{'rz': 36, 'rx': 31, 'cz': 28, 'sx': 22, 'rzz': 9}",6,6,0,C:\Users\szymo\QuditsOnQubits\QuditsOnQubits\basis_direct_encoding_benchmarks\quantum_circuits\ghz3\monomial_old_codespace__P102_ph001,C:\Users\szymo\QuditsOnQubits\QuditsOnQubits\basis_direct_encoding_benchmarks\quantum_circuits\ghz3\monomial_old_codespace__P102_ph001\F3_W.qpy,C:\Users\szymo\QuditsOnQubits\QuditsOnQubits\basis_direct_encoding_benchmarks\quantum_circuits\ghz3\monomial_old_codespace__P102_ph001\CZ3_W.qpy,C:\Users\szymo\QuditsOnQubits\QuditsOnQubits\basis_direct_encoding_benchmarks\quantum_circuits\ghz3\monomial_old_codespace__P102_ph001\graph_state_direct_basis.qpy
direct_basis_encoding,ghz3,ghz_star,star,ghz3,3,3,6,P102_ph002,monomial,monomial_old_codespace,P102_ph002,True,37,89,126,81,,,0.212025,True,False,ok,,Converted from legacy E_new = E_Z @ W candidate.; Fidelity skipped because transpiled circuit has 128 qubits.,81,87.33,2.92,126,135.67,37,41.17,128,"{'rz': 36, 'rx': 31, 'cz': 28, 'sx': 22, 'rzz': 9}",6,6,0,C:\Users\szymo\QuditsOnQubits\QuditsOnQubits\basis_direct_encoding_benchmarks\quantum_circuits\ghz3\monomial_old_codespace__P102_ph002,C:\Users\szymo\QuditsOnQubits\QuditsOnQubits\basis_direct_encoding_benchmarks\quantum_circuits\ghz3\monomial_old_codespace__P102_ph002\F3_W.qpy,C:\Users\szymo\QuditsOnQubits\QuditsOnQubits\basis_direct_encoding_benchmarks\quantum_circuits\ghz3\monomial_old_codespace__P102_ph002\CZ3_W.qpy,C:\Users\szymo\QuditsOnQubits\QuditsOnQubits\basis_direct_encoding_benchmarks\quantum_circuits\ghz3\monomial_old_codespace__P102_ph002\graph_state_direct_basis.qpy
direct_basis_encoding,ghz3,ghz_star,star,ghz3,3,3,6,P102_ph010,monomial,monomial_old_codespace,P102_ph010,True,37,89,126,81,,,0.212778,True,False,ok,,Converted from legacy E_new = E_Z @ W candidate.; Fidelity skipped because transpiled circuit has 128 qubits.,81,88.83,3.58,126,137.5,37,41.17,128,"{'rz': 36, 'rx': 31, 'cz': 28, 'sx': 22, 'rzz': 9}",6,6,0,C:\Users\szymo\QuditsOnQubits\QuditsOnQubits\basis_direct_encoding_benchmarks\quantum_circuits\ghz3\monomial_old_codespace__P102_ph010,C:\Users\szymo\QuditsOnQubits\QuditsOnQubits\basis_direct_encoding_benchmarks\quantum_circuits\ghz3\monomial_old_codespace__P102_ph010\F3_W.qpy,C:\Users\szymo\QuditsOnQubits\QuditsOnQubits\basis_direct_encoding_benchmarks\quantum_circuits\ghz3\monomial_old_codespace__P102_ph010\CZ3_W.qpy,C:\Users\szymo\QuditsOnQubits\QuditsOnQubits\basis_direct_encoding_benchmarks\quantum_circuits\ghz3\monomial_old_codespace__P102_ph010\graph_state_direct_basis.qpy
direct_basis_encoding,ghz3,ghz_star,star,ghz3,3,3,6,P102_ph011,monomial,monomial_old_codespace,P102_ph011,True,37,91,128,82,,,0.231171,True,False,ok,,Converted from legacy E_new = E_Z @ W candidate.; Fidelity skipped because transpiled circuit has 128 qubits.,82,89.0,3.21,128,139.33,37,41.17,128,"{'rz': 38, 'rx': 31, 'cz': 28, 'sx': 22, 'rzz': 9}",6,6,0,C:\Users\szymo\QuditsOnQubits\QuditsOnQubits\basis_direct_encoding_benchmarks\quantum_circuits\ghz3\monomial_old_codespace__P102_ph011,C:\Users\szymo\QuditsOnQubits\QuditsOnQubits\basis_direct_encoding_benchmarks\quantum_circuits\ghz3\monomial_old_codespace__P102_ph011\F3_W.qpy,C:\Users\szymo\QuditsOnQubits\QuditsOnQubits\basis_direct_encoding_benchmarks\quantum_circuits\ghz3\monomial_old_codespace__P102_ph011\CZ3_W.qpy,C:\Users\szymo\QuditsOnQubits\QuditsOnQubits\basis_direct_encoding_benchmarks\quantum_circuits\ghz3\monomial_old_codespace__P102_ph011\graph_state_direct_basis.qpy
direct_basis_encoding,ghz3,ghz_star,star,ghz3,3,3,6,P102_ph012,monomial,monomial_old_codespace,P102_ph012,True,37,88,125,82,,,0.216549,True,False,ok,,Converted from legacy E_new = E_Z @ W candidate.; Fidelity skipped because transpiled circuit has 128 qubits.,82,89.0,3.21,125,133.83,37,41.17,128,"{'rz': 35, 'rx': 31, 'cz': 28, 'sx': 22, 'rzz': 9}",6,6,0,C:\Users\szymo\QuditsOnQubits\QuditsOnQubits\basis_direct_encoding_benchmarks\quantum_circuits\ghz3\monomial_old_codespace__P102_ph012,C:\Users\szymo\QuditsOnQubits\QuditsOnQubits\basis_direct_encoding_benchmarks\quantum_circuits\ghz3\monomial_old_codespace__P102_ph012\F3_W.qpy,C:\Users\szymo\QuditsOnQubits\QuditsOnQubits\basis_direct_encoding_benchmarks\quantum_circuits\ghz3\monomial_old_codespace__P102_ph012\CZ3_W.qpy,C:\Users\szymo\QuditsOnQubits\QuditsOnQubits\basis_direct_encoding_benchmarks\quantum_circuits\ghz3\monomial_old_codespace__P102_ph012\graph_state_direct_basis.qpy
direct_basis_encoding,ghz3,ghz_star,star,ghz3,3,3,6,P102_ph020,monomial,monomial_old_codespace,P102_ph020,True,37,89,126,81,,,0.202085,True,False,ok,,Converted from legacy E_new = E_Z @ W candidate.; Fidelity skipped because transpiled circuit has 128 qubits.,81,88.83,3.58,126,137.5,37,41.17,128,"{'rz': 36, 'rx': 31, 'cz': 28, 'sx': 22, 'rzz': 9}",6,6,0,C:\Users\szymo\QuditsOnQubits\QuditsOnQubits\basis_direct_encoding_benchmarks\quantum_circuits\ghz3\monomial_old_codespace__P102_ph020,C:\Users\szymo\QuditsOnQubits\QuditsOnQubits\basis_direct_encoding_benchmarks\quantum_circuits\ghz3\monomial_old_codespace__P102_ph020\F3_W.qpy,C:\Users\szymo\QuditsOnQubits\QuditsOnQubits\basis_direct_encoding_benchmarks\quantum_circuits\ghz3\monomial_old_codespace__P102_ph020\CZ3_W.qpy,C:\Users\szymo\QuditsOnQubits\QuditsOnQubits\basis_direct_encoding_benchmarks\quantum_circuits\ghz3\monomial_old_codespace__P102_ph020\graph_state_direct_basis.qpy
direct_basis_encoding,ghz3,ghz_star,star,ghz3,3,3,6,P102_ph021,monomial,monomial_old_codespace,P102_ph021,True,37,88,125,82,,,0.217426,True,False,ok,,Converted from legacy E_new = E_Z @ W candidate.; Fidelity skipped because transpiled circuit has 128 qubits.,82,89.0,3.21,125,133.83,37,41.17,128,"{'rz': 35, 'rx': 31, 'cz': 28, 'sx': 22, 'rzz': 9}",6,6,0,C:\Users\szymo\QuditsOnQubits\QuditsOnQubits\basis_direct_encoding_benchmarks\quantum_circuits\ghz3\monomial_old_codespace__P102_ph021,C:\Users\szymo\QuditsOnQubits\QuditsOnQubits\basis_direct_encoding_benchmarks\quantum_circuits\ghz3\monomial_old_codespace__P102_ph021\F3_W.qpy,C:\Users\szymo\QuditsOnQubits\QuditsOnQubits\basis_direct_encoding_benchmarks\quantum_circuits\ghz3\monomial_old_codespace__P102_ph021\CZ3_W.qpy,C:\Users\szymo\QuditsOnQubits\QuditsOnQubits\basis_direct_encoding_benchmarks\quantum_circuits\ghz3\monomial_old_codespace__P102_ph021\graph_state_direct_basis.qpy
direct_basis_encoding,ghz3,ghz_star,star,ghz3,3,3,6,P102_ph022,monomial,monomial_old_codespace,P102_ph022,True,37,90,127,81,,,0.239775,True,False,ok,,Converted from legacy E_new = E_Z @ W candidate.; Fidelity skipped because transpiled circuit has 128 qubits.,81,88.83,3.58,127,139.17,37,41.17,128,"{'rz': 37, 'rx': 31, 'cz': 28, 'sx': 22, 'rzz': 9}",6,6,0,C:\Users\szymo\QuditsOnQubits\QuditsOnQubits\basis_direct_encoding_benchmarks\quantum_circuits\ghz3\monomial_old_codespace__P102_ph022,C:\Users\szymo\QuditsOnQubits\QuditsOnQubits\basis_direct_encoding_benchmarks\quantum_circuits\ghz3\monomial_old_codespace__P102_ph022\F3_W.qpy,C:\Users\szymo\QuditsOnQubits\QuditsOnQubits\basis_direct_encoding_benchmarks\quantum_circuits\ghz3\monomial_old_codespace__P102_ph022\CZ3_W.qpy,C:\Users\szymo\QuditsOnQubits\QuditsOnQubits\basis_direct_encoding_benchmarks\quantum_circuits\ghz3\monomial_old_codespace__P102_ph022\graph_state_direct_basis.qpy
direct_basis_encoding,ghz3,ghz_star,star,ghz3,3,3,6,P102_ph100,monomial,monomial_old_codespace,P102_ph100,True,37,88,125,82,,,0.242475,True,False,ok,,Converted from legacy E_new = E_Z @ W candidate.; Fidelity skipped because transpiled circuit has 128 qubits.,82,89.0,3.21,125,133.0,37,41.17,128,"{'rz': 35, 'rx': 31, 'cz': 28, 'sx': 22, 'rzz': 9}",6,6,0,C:\Users\szymo\QuditsOnQubits\QuditsOnQubits\basis_direct_encoding_benchmarks\quantum_circuits\ghz3\monomial_old_codespace__P102_ph100,C:\Users\szymo\QuditsOnQubits\QuditsOnQubits\basis_direct_encoding_benchmarks\quantum_circuits\ghz3\monomial_old_codespace__P102_ph100\F3_W.qpy,C:\Users\szymo\QuditsOnQubits\QuditsOnQubits\basis_direct_encoding_benchmarks\quantum_circuits\ghz3\monomial_old_codespace__P102_ph100\CZ3_W.qpy,C:\Users\szymo\QuditsOnQubits\QuditsOnQubits\basis_direct_encoding_benchmarks\quantum_circuits\ghz3\monomial_old_codespace__P102_ph100\graph_state_direct_basis.qpy
direct_basis_encoding,ghz3,ghz_star,star,ghz3,3,3,6,P102_ph101,monomial,monomial_old_codespace,P102_ph101,True,37,90,127,82,,,0.216267,True,False,ok,,Converted from legacy E_new = E_Z @ W candidate.; Fidelity skipped because transpiled circuit has 128 qubits.,82,89.0,3.21,127,137.67,37,41.17,128,"{'rz': 37, 'rx': 31, 'cz': 28, 'sx': 22, 'rzz': 9}",6,6,0,C:\Users\szymo\QuditsOnQubits\QuditsOnQubits\basis_direct_encoding_benchmarks\quantum_circuits\ghz3\monomial_old_codespace__P102_ph101,C:\Users\szymo\QuditsOnQubits\QuditsOnQubits\basis_direct_encoding_benchmarks\quantum_circuits\ghz3\monomial_old_codespace__P102_ph101\F3_W.qpy,C:\Users\szymo\QuditsOnQubits\QuditsOnQubits\basis_direct_encoding_benchmarks\quantum_circuits\ghz3\monomial_old_codespace__P102_ph101\CZ3_W.qpy,C:\Users\szymo\QuditsOnQubits\QuditsOnQubits\basis_direct_encoding_benchmarks\quantum_circuits\ghz3\monomial_old_codespace__P102_ph101\graph_state_direct_basis.qpy
direct_basis_encoding,ghz3,ghz_star,star,ghz3,3,3,6,P102_ph102,monomial,monomial_old_codespace,P102_ph102,True,37,90,127,81,,,0.216839,True,False,ok,,Converted from legacy E_new = E_Z @ W candidate.; Fidelity skipped because transpiled circuit has 128 qubits.,81,88.83,3.58,127,139.17,37,41.17,128,"{'rz': 37, 'rx': 31, 'cz': 28, 'sx': 22, 'rzz': 9}",6,6,0,C:\Users\szymo\QuditsOnQubits\QuditsOnQubits\basis_direct_encoding_benchmarks\quantum_circuits\ghz3\monomial_old_codespace__P102_ph102,C:\Users\szymo\QuditsOnQubits\QuditsOnQubits\basis_direct_encoding_benchmarks\quantum_circuits\ghz3\monomial_old_codespace__P102_ph102\F3_W.qpy,C:\Users\szymo\QuditsOnQubits\QuditsOnQubits\basis_direct_encoding_benchmarks\quantum_circuits\ghz3\monomial_old_codespace__P102_ph102\CZ3_W.qpy,C:\Users\szymo\QuditsOnQubits\QuditsOnQubits\basis_direct_encoding_benchmarks\quantum_circuits\ghz3\monomial_old_codespace__P102_ph102\graph_state_direct_basis.qpy
direct_basis_encoding,ghz3,ghz_star,star,ghz3,3,3,6,P102_ph110,monomial,monomial_old_codespace,P102_ph110,True,37,89,126,81,,,0.210897,True,False,ok,,Converted from legacy E_new = E_Z @ W candidate.; Fidelity skipped because transpiled circuit has 128 qubits.,81,87.33,2.92,126,136.5,37,41.17,128,"{'rz': 36, 'rx': 31, 'cz': 28, 'sx': 22, 'rzz': 9}",6,6,0,C:\Users\szymo\QuditsOnQubits\QuditsOnQubits\basis_direct_encoding_benchmarks\quantum_circuits\ghz3\monomial_old_codespace__P102_ph110,C:\Users\szymo\QuditsOnQubits\QuditsOnQubits\basis_direct_encoding_benchmarks\quantum_circuits\ghz3\monomial_old_codespace__P102_ph110\F3_W.qpy,C:\Users\szymo\QuditsOnQubits\QuditsOnQubits\basis_direct_encoding_benchmarks\quantum_circuits\ghz3\monomial_old_codespace__P102_ph110\CZ3_W.qpy,C:\Users\szymo\QuditsOnQubits\QuditsOnQubits\basis_direct_encoding_benchmarks\quantum_circuits\ghz3\monomial_old_codespace__P102_ph110\graph_state_direct_basis.qpy
direct_basis_encoding,ghz3,ghz_star,star,ghz3,3,3,6,P102_ph111,monomial,monomial_old_codespace,P102_ph111,True,37,88,125,81,,,0.210733,True,False,ok,,Converted from legacy E_new = E_Z @ W candidate.; Fidelity skipped because transpiled circuit has 128 qubits.,81,87.33,2.92,125,135.67,37,41.17,128,"{'rz': 35, 'rx': 31, 'cz': 28, 'sx': 22, 'rzz': 9}",6,6,0,C:\Users\szymo\QuditsOnQubits\QuditsOnQubits\basis_direct_encoding_benchmarks\quantum_circuits\ghz3\monomial_old_codespace__P102_ph111,C:\Users\szymo\QuditsOnQubits\QuditsOnQubits\basis_direct_encoding_benchmarks\quantum_circuits\ghz3\monomial_old_codespace__P102_ph111\F3_W.qpy,C:\Users\szymo\QuditsOnQubits\QuditsOnQubits\basis_direct_encoding_benchmarks\quantum_circuits\ghz3\monomial_old_codespace__P102_ph111\CZ3_W.qpy,C:\Users\szymo\QuditsOnQubits\QuditsOnQubits\basis_direct_encoding_benchmarks\quantum_circuits\ghz3\monomial_old_codespace__P102_ph111\graph_state_direct_basis.qpy
direct_basis_encoding,ghz3,ghz_star,star,ghz3,3,3,6,P102_ph112,monomial,monomial_old_codespace,P102_ph112,True,37,85,122,80,,,0.213497,True,False,ok,,Converted from legacy E_new = E_Z @ W candidate.; Fidelity skipped because transpiled circuit has 128 qubits.,80,87.17,3.29,122,130.83,37,41.17,128,"{'rz': 32, 'rx': 31, 'cz': 28, 'sx': 22, 'rzz': 9}",6,6,0,C:\Users\szymo\QuditsOnQubits\QuditsOnQubits\basis_direct_encoding_benchmarks\quantum_circuits\ghz3\monomial_old_codespace__P102_ph112,C:\Users\szymo\QuditsOnQubits\QuditsOnQubits\basis_direct_encoding_benchmarks\quantum_circuits\ghz3\monomial_old_codespace__P102_ph112\F3_W.qpy,C:\Users\szymo\QuditsOnQubits\QuditsOnQubits\basis_direct_encoding_benchmarks\quantum_circuits\ghz3\monomial_old_codespace__P102_ph112\CZ3_W.qpy,C:\Users\szymo\QuditsOnQubits\QuditsOnQubits\basis_direct_encoding_benchmarks\quantum_circuits\ghz3\monomial_old_codespace__P102_ph112\graph_state_direct_basis.qpy
direct_basis_encoding,ghz3,ghz_star,star,ghz3,3,3,6,P102_ph120,monomial,monomial_old_codespace,P102_ph120,True,37,91,128,82,,,0.216011,True,False,ok,,Converted from legacy E_new = E_Z @ W candidate.; Fidelity skipped because transpiled circuit has 128 qubits.,82,89.0,3.21,128,138.5,37,41.17,128,"{'rz': 38, 'rx': 31, 'cz': 28, 'sx': 22, 'rzz': 9}",6,6,0,C:\Users\szymo\QuditsOnQubits\QuditsOnQubits\basis_direct_encoding_benchmarks\quantum_circuits\ghz3\monomial_old_codespace__P102_ph120,C:\Users\szymo\QuditsOnQubits\QuditsOnQubits\basis_direct_encoding_benchmarks\quantum_circuits\ghz3\monomial_old_codespace__P102_ph120\F3_W.qpy,C:\Users\szymo\QuditsOnQubits\QuditsOnQubits\basis_direct_encoding_benchmarks\quantum_circuits\ghz3\monomial_old_codespace__P102_ph120\CZ3_W.qpy,C:\Users\szymo\QuditsOnQubits\QuditsOnQubits\basis_direct_encoding_benchmarks\quantum_circuits\ghz3\monomial_old_codespace__P102_ph120\graph_state_direct_basis.qpy
direct_basis_encoding,ghz3,ghz_star,star,ghz3,3,3,6,P102_ph121,monomial,monomial_old_codespace,P102_ph121,True,37,87,124,82,,,0.280597,True,False,ok,,Converted from legacy E_new = E_Z @ W candidate.; Fidelity skipped because transpiled circuit has 128 qubits.,82,89.0,3.21,124,132.17,37,41.17,128,"{'rz': 34, 'rx': 31, 'cz': 28, 'sx': 22, 'rzz': 9}",6,6,0,C:\Users\szymo\QuditsOnQubits\QuditsOnQubits\basis_direct_encoding_benchmarks\quantum_circuits\ghz3\monomial_old_codespace__P102_ph121,C:\Users\szymo\QuditsOnQubits\QuditsOnQubits\basis_direct_encoding_benchmarks\quantum_circuits\ghz3\monomial_old_codespace__P102_ph121\F3_W.qpy,C:\Users\szymo\QuditsOnQubits\QuditsOnQubits\basis_direct_encoding_benchmarks\quantum_circuits\ghz3\monomial_old_codespace__P102_ph121\CZ3_W.qpy,C:\Users\szymo\QuditsOnQubits\QuditsOnQubits\basis_direct_encoding_benchmarks\quantum_circuits\ghz3\monomial_old_codespace__P102_ph121\graph_state_direct_basis.qpy
direct_basis_encoding,ghz3,ghz_star,star,ghz3,3,3,6,P102_ph122,monomial,monomial_old_codespace,P102_ph122,True,37,90,127,81,,,0.193666,True,False,ok,,Converted from legacy E_new = E_Z @ W candidate.; Fidelity skipped because transpiled circuit has 128 qubits.,81,88.83,3.58,127,138.33,37,41.17,128,"{'rz': 37, 'rx': 31, 'cz': 28, 'sx': 22, 'rzz': 9}",6,6,0,C:\Users\szymo\QuditsOnQubits\QuditsOnQubits\basis_direct_encoding_benchmarks\quantum_circuits\ghz3\monomial_old_codespace__P102_ph122,C:\Users\szymo\QuditsOnQubits\QuditsOnQubits\basis_direct_encoding_benchmarks\quantum_circuits\ghz3\monomial_old_codespace__P102_ph122\F3_W.qpy,C:\Users\szymo\QuditsOnQubits\QuditsOnQubits\basis_direct_encoding_benchmarks\quantum_circuits\ghz3\monomial_old_codespace__P102_ph122\CZ3_W.qpy,C:\Users\szymo\QuditsOnQubits\QuditsOnQubits\basis_direct_encoding_benchmarks\quantum_circuits\ghz3\monomial_old_codespace__P102_ph122\graph_state_direct_basis.qpy
direct_basis_encoding,ghz3,ghz_star,star,ghz3,3,3,6,P102_ph200,monomial,monomial_old_codespace,P102_ph200,True,37,88,125,82,,,0.215872,True,False,ok,,Converted from legacy E_new = E_Z @ W candidate.; Fidelity skipped because transpiled circuit has 128 qubits.,82,89.0,3.21,125,133.0,37,41.17,128,"{'rz': 35, 'rx': 31, 'cz': 28, 'sx': 22, 'rzz': 9}",6,6,0,C:\Users\szymo\QuditsOnQubits\QuditsOnQubits\basis_direct_encoding_benchmarks\quantum_circuits\ghz3\monomial_old_codespace__P102_ph200,C:\Users\szymo\QuditsOnQubits\QuditsOnQubits\basis_direct_encoding_benchmarks\quantum_circuits\ghz3\monomial_old_codespace__P102_ph200\F3_W.qpy,C:\Users\szymo\QuditsOnQubits\QuditsOnQubits\basis_direct_encoding_benchmarks\quantum_circuits\ghz3\monomial_old_codespace__P102_ph200\CZ3_W.qpy,C:\Users\szymo\QuditsOnQubits\QuditsOnQubits\basis_direct_encoding_benchmarks\quantum_circuits\ghz3\monomial_old_codespace__P102_ph200\graph_state_direct_basis.qpy
direct_basis_encoding,ghz3,ghz_star,star,ghz3,3,3,6,P102_ph201,monomial,monomial_old_codespace,P102_ph201,True,37,90,127,81,,,0.198792,True,False,ok,,Converted from legacy E_new = E_Z @ W candidate.; Fidelity skipped because transpiled circuit has 128 qubits.,81,88.83,3.58,127,139.17,37,41.17,128,"{'rz': 37, 'rx': 31, 'cz': 28, 'sx': 22, 'rzz': 9}",6,6,0,C:\Users\szymo\QuditsOnQubits\QuditsOnQubits\basis_direct_encoding_benchmarks\quantum_circuits\ghz3\monomial_old_codespace__P102_ph201,C:\Users\szymo\QuditsOnQubits\QuditsOnQubits\basis_direct_encoding_benchmarks\quantum_circuits\ghz3\monomial_old_codespace__P102_ph201\F3_W.qpy,C:\Users\szymo\QuditsOnQubits\QuditsOnQubits\basis_direct_encoding_benchmarks\quantum_circuits\ghz3\monomial_old_codespace__P102_ph201\CZ3_W.qpy,C:\Users\szymo\QuditsOnQubits\QuditsOnQubits\basis_direct_encoding_benchmarks\quantum_circuits\ghz3\monomial_old_codespace__P102_ph201\graph_state_direct_basis.qpy
direct_basis_encoding,ghz3,ghz_star,star,ghz3,3,3,6,P102_ph202,monomial,monomial_old_codespace,P102_ph202,True,37,90,127,82,,,0.213322,True,False,ok,,Converted from legacy E_new = E_Z @ W candidate.; Fidelity skipped because transpiled circuit has 128 qubits.,82,89.0,3.21,127,138.5,37,41.17,128,"{'rz': 37, 'rx': 31, 'cz': 28, 'sx': 22, 'rzz': 9}",6,6,0,C:\Users\szymo\QuditsOnQubits\QuditsOnQubits\basis_direct_encoding_benchmarks\quantum_circuits\ghz3\monomial_old_codespace__P102_ph202,C:\Users\szymo\QuditsOnQubits\QuditsOnQubits\basis_direct_encoding_benchmarks\quantum_circuits\ghz3\monomial_old_codespace__P102_ph202\F3_W.qpy,C:\Users\szymo\QuditsOnQubits\QuditsOnQubits\basis_direct_encoding_benchmarks\quantum_circuits\ghz3\monomial_old_codespace__P102_ph202\CZ3_W.qpy,C:\Users\szymo\QuditsOnQubits\QuditsOnQubits\basis_direct_encoding_benchmarks\quantum_circuits\ghz3\monomial_old_codespace__P102_ph202\graph_state_direct_basis.qpy
direct_basis_encoding,ghz3,ghz_star,star,ghz3,3,3,6,P102_ph210,monomial,monomial_old_codespace,P102_ph210,True,37,91,128,82,,,0.197341,True,False,ok,,Converted from legacy E_new = E_Z @ W candidate.; Fidelity skipped because transpiled circuit has 128 qubits.,82,89.0,3.21,128,139.33,37,41.17,128,"{'rz': 38, 'rx': 31, 'cz': 28, 'sx': 22, 'rzz': 9}",6,6,0,C:\Users\szymo\QuditsOnQubits\QuditsOnQubits\basis_direct_encoding_benchmarks\quantum_circuits\ghz3\monomial_old_codespace__P102_ph210,C:\Users\szymo\QuditsOnQubits\QuditsOnQubits\basis_direct_encoding_benchmarks\quantum_circuits\ghz3\monomial_old_codespace__P102_ph210\F3_W.qpy,C:\Users\szymo\QuditsOnQubits\QuditsOnQubits\basis_direct_encoding_benchmarks\quantum_circuits\ghz3\monomial_old_codespace__P102_ph210\CZ3_W.qpy,C:\Users\szymo\QuditsOnQubits\QuditsOnQubits\basis_direct_encoding_benchmarks\quantum_circuits\ghz3\monomial_old_codespace__P102_ph210\graph_state_direct_basis.qpy
direct_basis_encoding,ghz3,ghz_star,star,ghz3,3,3,6,P102_ph211,monomial,monomial_old_codespace,P102_ph211,True,37,90,127,81,,,0.199179,True,False,ok,,Converted from legacy E_new = E_Z @ W candidate.; Fidelity skipped because transpiled circuit has 128 qubits.,81,88.83,3.58,127,138.33,37,41.17,128,"{'rz': 37, 'rx': 31, 'cz': 28, 'sx': 22, 'rzz': 9}",6,6,0,C:\Users\szymo\QuditsOnQubits\QuditsOnQubits\basis_direct_encoding_benchmarks\quantum_circuits\ghz3\monomial_old_codespace__P102_ph211,C:\Users\szymo\QuditsOnQubits\QuditsOnQubits\basis_direct_encoding_benchmarks\quantum_circuits\ghz3\monomial_old_codespace__P102_ph211\F3_W.qpy,C:\Users\szymo\QuditsOnQubits\QuditsOnQubits\basis_direct_encoding_benchmarks\quantum_circuits\ghz3\monomial_old_codespace__P102_ph211\CZ3_W.qpy,C:\Users\szymo\QuditsOnQubits\QuditsOnQubits\basis_direct_encoding_benchmarks\quantum_circuits\ghz3\monomial_old_codespace__P102_ph211\graph_state_direct_basis.qpy
direct_basis_encoding,ghz3,ghz_star,star,ghz3,3,3,6,P102_ph212,monomial,monomial_old_codespace,P102_ph212,True,37,87,124,82,,,0.202331,True,False,ok,,Converted from legacy E_new = E_Z @ W candidate.; Fidelity skipped because transpiled circuit has 128 qubits.,82,89.0,3.21,124,132.17,37,41.17,128,"{'rz': 34, 'rx': 31, 'cz': 28, 'sx': 22, 'rzz': 9}",6,6,0,C:\Users\szymo\QuditsOnQubits\QuditsOnQubits\basis_direct_encoding_benchmarks\quantum_circuits\ghz3\monomial_old_codespace__P102_ph212,C:\Users\szymo\QuditsOnQubits\QuditsOnQubits\basis_direct_encoding_benchmarks\quantum_circuits\ghz3\monomial_old_codespace__P102_ph212\F3_W.qpy,C:\Users\szymo\QuditsOnQubits\QuditsOnQubits\basis_direct_encoding_benchmarks\quantum_circuits\ghz3\monomial_old_codespace__P102_ph212\CZ3_W.qpy,C:\Users\szymo\QuditsOnQubits\QuditsOnQubits\basis_direct_encoding_benchmarks\quantum_circuits\ghz3\monomial_old_codespace__P102_ph212\graph_state_direct_basis.qpy
direct_basis_encoding,ghz3,ghz_star,star,ghz3,3,3,6,P102_ph220,monomial,monomial_old_codespace,P102_ph220,True,37,89,126,81,,,0.204094,True,False,ok,,Converted from legacy E_new = E_Z @ W candidate.; Fidelity skipped because transpiled circuit has 128 qubits.,81,87.33,2.92,126,136.5,37,41.17,128,"{'rz': 36, 'rx': 31, 'cz': 28, 'sx': 22, 'rzz': 9}",6,6,0,C:\Users\szymo\QuditsOnQubits\QuditsOnQubits\basis_direct_encoding_benchmarks\quantum_circuits\ghz3\monomial_old_codespace__P102_ph220,C:\Users\szymo\QuditsOnQubits\QuditsOnQubits\basis_direct_encoding_benchmarks\quantum_circuits\ghz3\monomial_old_codespace__P102_ph220\F3_W.qpy,C:\Users\szymo\QuditsOnQubits\QuditsOnQubits\basis_direct_encoding_benchmarks\quantum_circuits\ghz3\monomial_old_codespace__P102_ph220\CZ3_W.qpy,C:\Users\szymo\QuditsOnQubits\QuditsOnQubits\basis_direct_encoding_benchmarks\quantum_circuits\ghz3\monomial_old_codespace__P102_ph220\graph_state_direct_basis.qpy
direct_basis_encoding,ghz3,ghz_star,star,ghz3,3,3,6,P102_ph221,monomial,monomial_old_codespace,P102_ph221,True,37,85,122,80,,,0.199215,True,False,ok,,Converted from legacy E_new = E_Z @ W candidate.; Fidelity skipped because transpiled circuit has 128 qubits.,80,87.17,3.29,122,130.0,37,41.17,128,"{'rz': 32, 'rx': 31, 'cz': 28, 'sx': 22, 'rzz': 9}",6,6,0,C:\Users\szymo\QuditsOnQubits\QuditsOnQubits\basis_direct_encoding_benchmarks\quantum_circuits\ghz3\monomial_old_codespace__P102_ph221,C:\Users\szymo\QuditsOnQubits\QuditsOnQubits\basis_direct_encoding_benchmarks\quantum_circuits\ghz3\monomial_old_codespace__P102_ph221\F3_W.qpy,C:\Users\szymo\QuditsOnQubits\QuditsOnQubits\basis_direct_encoding_benchmarks\quantum_circuits\ghz3\monomial_old_codespace__P102_ph221\CZ3_W.qpy,C:\Users\szymo\QuditsOnQubits\QuditsOnQubits\basis_direct_encoding_benchmarks\quantum_circuits\ghz3\monomial_old_codespace__P102_ph221\graph_state_direct_basis.qpy
direct_basis_encoding,ghz3,ghz_star,star,ghz3,3,3,6,P102_ph222,monomial,monomial_old_codespace,P102_ph222,True,37,88,125,81,,,0.217366,True,False,ok,,Converted from legacy E_new = E_Z @ W candidate.; Fidelity skipped because transpiled circuit has 128 qubits.,81,87.33,2.92,125,134.83,37,41.17,128,"{'rz': 35, 'rx': 31, 'cz': 28, 'sx': 22, 'rzz': 9}",6,6,0,C:\Users\szymo\QuditsOnQubits\QuditsOnQubits\basis_direct_encoding_benchmarks\quantum_circuits\ghz3\monomial_old_codespace__P102_ph222,C:\Users\szymo\QuditsOnQubits\QuditsOnQubits\basis_direct_encoding_benchmarks\quantum_circuits\ghz3\monomial_old_codespace__P102_ph222\F3_W.qpy,C:\Users\szymo\QuditsOnQubits\QuditsOnQubits\basis_direct_encoding_benchmarks\quantum_circuits\ghz3\monomial_old_codespace__P102_ph222\CZ3_W.qpy,C:\Users\szymo\QuditsOnQubits\QuditsOnQubits\basis_direct_encoding_benchmarks\quantum_circuits\ghz3\monomial_old_codespace__P102_ph222\graph_state_direct_basis.qpy
direct_basis_encoding,ghz3,ghz_star,star,ghz3,3,3,6,P120_ph000,monomial,monomial_old_codespace,P120_ph000,True,44,92,136,88,,,0.21209,True,False,ok,,Converted from legacy E_new = E_Z @ W candidate.; Fidelity skipped because transpiled circuit has 128 qubits.,88,90.17,1.21,136,149.17,44,46.5,128,"{'cz': 42, 'sx': 41, 'rz': 27, 'rx': 24, 'rzz': 2}",6,6,0,C:\Users\szymo\QuditsOnQubits\QuditsOnQubits\basis_direct_encoding_benchmarks\quantum_circuits\ghz3\monomial_old_codespace__P120_ph000,C:\Users\szymo\QuditsOnQubits\QuditsOnQubits\basis_direct_encoding_benchmarks\quantum_circuits\ghz3\monomial_old_codespace__P120_ph000\F3_W.qpy,C:\Users\szymo\QuditsOnQubits\QuditsOnQubits\basis_direct_encoding_benchmarks\quantum_circuits\ghz3\monomial_old_codespace__P120_ph000\CZ3_W.qpy,C:\Users\szymo\QuditsOnQubits\QuditsOnQubits\basis_direct_encoding_benchmarks\quantum_circuits\ghz3\monomial_old_codespace__P120_ph000\graph_state_direct_basis.qpy
direct_basis_encoding,ghz3,ghz_star,star,ghz3,3,3,6,P120_ph001,monomial,monomial_old_codespace,P120_ph001,True,44,98,142,88,,,0.209197,True,False,ok,,Converted from legacy E_new = E_Z @ W candidate.; Fidelity skipped because transpiled circuit has 128 qubits.,88,90.83,1.46,142,157.5,44,46.5,128,"{'cz': 42, 'sx': 41, 'rz': 33, 'rx': 24, 'rzz': 2}",6,6,0,C:\Users\szymo\QuditsOnQubits\QuditsOnQubits\basis_direct_encoding_benchmarks\quantum_circuits\ghz3\monomial_old_codespace__P120_ph001,C:\Users\szymo\QuditsOnQubits\QuditsOnQubits\basis_direct_encoding_benchmarks\quantum_circuits\ghz3\monomial_old_codespace__P120_ph001\F3_W.qpy,C:\Users\szymo\QuditsOnQubits\QuditsOnQubits\basis_direct_encoding_benchmarks\quantum_circuits\ghz3\monomial_old_codespace__P120_ph001\CZ3_W.qpy,C:\Users\szymo\QuditsOnQubits\QuditsOnQubits\basis_direct_encoding_benchmarks\quantum_circuits\ghz3\monomial_old_codespace__P120_ph001\graph_state_direct_basis.qpy
direct_basis_encoding,ghz3,ghz_star,star,ghz3,3,3,6,P120_ph002,monomial,monomial_old_codespace,P120_ph002,True,44,98,142,88,,,0.20758,True,False,ok,,Converted from legacy E_new = E_Z @ W candidate.; Fidelity skipped because transpiled circuit has 128 qubits.,88,90.83,1.46,142,157.5,44,46.5,128,"{'cz': 42, 'sx': 41, 'rz': 33, 'rx': 24, 'rzz': 2}",6,6,0,C:\Users\szymo\QuditsOnQubits\QuditsOnQubits\basis_direct_encoding_benchmarks\quantum_circuits\ghz3\monomial_old_codespace__P120_ph002,C:\Users\szymo\QuditsOnQubits\QuditsOnQubits\basis_direct_encoding_benchmarks\quantum_circuits\ghz3\monomial_old_codespace__P120_ph002\F3_W.qpy,C:\Users\szymo\QuditsOnQubits\QuditsOnQubits\basis_direct_encoding_benchmarks\quantum_circuits\ghz3\monomial_old_codespace__P120_ph002\CZ3_W.qpy,C:\Users\szymo\QuditsOnQubits\QuditsOnQubits\basis_direct_encoding_benchmarks\quantum_circuits\ghz3\monomial_old_codespace__P120_ph002\graph_state_direct_basis.qpy
direct_basis_encoding,ghz3,ghz_star,star,ghz3,3,3,6,P120_ph010,monomial,monomial_old_codespace,P120_ph010,True,44,97,141,89,,,0.202477,True,False,ok,,Converted from legacy E_new = E_Z @ W candidate.; Fidelity skipped because transpiled circuit has 128 qubits.,89,90.5,1.12,141,154.83,44,46.5,128,"{'cz': 42, 'sx': 41, 'rz': 32, 'rx': 24, 'rzz': 2}",6,6,0,C:\Users\szymo\QuditsOnQubits\QuditsOnQubits\basis_direct_encoding_benchmarks\quantum_circuits\ghz3\monomial_old_codespace__P120_ph010,C:\Users\szymo\QuditsOnQubits\QuditsOnQubits\basis_direct_encoding_benchmarks\quantum_circuits\ghz3\monomial_old_codespace__P120_ph010\F3_W.qpy,C:\Users\szymo\QuditsOnQubits\QuditsOnQubits\basis_direct_encoding_benchmarks\quantum_circuits\ghz3\monomial_old_codespace__P120_ph010\CZ3_W.qpy,C:\Users\szymo\QuditsOnQubits\QuditsOnQubits\basis_direct_encoding_benchmarks\quantum_circuits\ghz3\monomial_old_codespace__P120_ph010\graph_state_direct_basis.qpy
direct_basis_encoding,ghz3,ghz_star,star,ghz3,3,3,6,P120_ph011,monomial,monomial_old_codespace,P120_ph011,True,44,99,143,89,,,0.218584,True,False,ok,,Converted from legacy E_new = E_Z @ W candidate.; Fidelity skipped because transpiled circuit has 128 qubits.,89,91.17,1.21,143,157.83,44,46.5,128,"{'cz': 42, 'sx': 41, 'rz': 34, 'rx': 24, 'rzz': 2}",6,6,0,C:\Users\szymo\QuditsOnQubits\QuditsOnQubits\basis_direct_encoding_benchmarks\quantum_circuits\ghz3\monomial_old_codespace__P120_ph011,C:\Users\szymo\QuditsOnQubits\QuditsOnQubits\basis_direct_encoding_benchmarks\quantum_circuits\ghz3\monomial_old_codespace__P120_ph011\F3_W.qpy,C:\Users\szymo\QuditsOnQubits\QuditsOnQubits\basis_direct_encoding_benchmarks\quantum_circuits\ghz3\monomial_old_codespace__P120_ph011\CZ3_W.qpy,C:\Users\szymo\QuditsOnQubits\QuditsOnQubits\basis_direct_encoding_benchmarks\quantum_circuits\ghz3\monomial_old_codespace__P120_ph011\graph_state_direct_basis.qpy
direct_basis_encoding,ghz3,ghz_star,star,ghz3,3,3,6,P120_ph012,monomial,monomial_old_codespace,P120_ph012,True,44,94,138,88,,,0.215962,True,False,ok,,Converted from legacy E_new = E_Z @ W candidate.; Fidelity skipped because transpiled circuit has 128 qubits.,88,90.83,1.46,138,152.17,44,46.5,128,"{'cz': 42, 'sx': 41, 'rz': 29, 'rx': 24, 'rzz': 2}",6,6,0,C:\Users\szymo\QuditsOnQubits\QuditsOnQubits\basis_direct_encoding_benchmarks\quantum_circuits\ghz3\monomial_old_codespace__P120_ph012,C:\Users\szymo\QuditsOnQubits\QuditsOnQubits\basis_direct_encoding_benchmarks\quantum_circuits\ghz3\monomial_old_codespace__P120_ph012\F3_W.qpy,C:\Users\szymo\QuditsOnQubits\QuditsOnQubits\basis_direct_encoding_benchmarks\quantum_circuits\ghz3\monomial_old_codespace__P120_ph012\CZ3_W.qpy,C:\Users\szymo\QuditsOnQubits\QuditsOnQubits\basis_direct_encoding_benchmarks\quantum_circuits\ghz3\monomial_old_codespace__P120_ph012\graph_state_direct_basis.qpy
direct_basis_encoding,ghz3,ghz_star,star,ghz3,3,3,6,P120_ph020,monomial,monomial_old_codespace,P120_ph020,True,44,97,141,89,,,0.228333,True,False,ok,,Converted from legacy E_new = E_Z @ W candidate.; Fidelity skipped because transpiled circuit has 128 qubits.,89,90.5,1.12,141,154.83,44,46.5,128,"{'cz': 42, 'sx': 41, 'rz': 32, 'rx': 24, 'rzz': 2}",6,6,0,C:\Users\szymo\QuditsOnQubits\QuditsOnQubits\basis_direct_encoding_benchmarks\quantum_circuits\ghz3\monomial_old_codespace__P120_ph020,C:\Users\szymo\QuditsOnQubits\QuditsOnQubits\basis_direct_encoding_benchmarks\quantum_circuits\ghz3\monomial_old_codespace__P120_ph020\F3_W.qpy,C:\Users\szymo\QuditsOnQubits\QuditsOnQubits\basis_direct_encoding_benchmarks\quantum_circuits\ghz3\monomial_old_codespace__P120_ph020\CZ3_W.qpy,C:\Users\szymo\QuditsOnQubits\QuditsOnQubits\basis_direct_encoding_benchmarks\quantum_circuits\ghz3\monomial_old_codespace__P120_ph020\graph_state_direct_basis.qpy
direct_basis_encoding,ghz3,ghz_star,star,ghz3,3,3,6,P120_ph021,monomial,monomial_old_codespace,P120_ph021,True,44,94,138,88,,,0.205761,True,False,ok,,Converted from legacy E_new = E_Z @ W candidate.; Fidelity skipped because transpiled circuit has 128 qubits.,88,90.83,1.46,138,152.17,44,46.5,128,"{'cz': 42, 'sx': 41, 'rz': 29, 'rx': 24, 'rzz': 2}",6,6,0,C:\Users\szymo\QuditsOnQubits\QuditsOnQubits\basis_direct_encoding_benchmarks\quantum_circuits\ghz3\monomial_old_codespace__P120_ph021,C:\Users\szymo\QuditsOnQubits\QuditsOnQubits\basis_direct_encoding_benchmarks\quantum_circuits\ghz3\monomial_old_codespace__P120_ph021\F3_W.qpy,C:\Users\szymo\QuditsOnQubits\QuditsOnQubits\basis_direct_encoding_benchmarks\quantum_circuits\ghz3\monomial_old_codespace__P120_ph021\CZ3_W.qpy,C:\Users\szymo\QuditsOnQubits\QuditsOnQubits\basis_direct_encoding_benchmarks\quantum_circuits\ghz3\monomial_old_codespace__P120_ph021\graph_state_direct_basis.qpy
direct_basis_encoding,ghz3,ghz_star,star,ghz3,3,3,6,P120_ph022,monomial,monomial_old_codespace,P120_ph022,True,44,99,143,89,,,0.211403,True,False,ok,,Converted from legacy E_new = E_Z @ W candidate.; Fidelity skipped because transpiled circuit has 128 qubits.,89,91.17,1.21,143,157.83,44,46.5,128,"{'cz': 42, 'sx': 41, 'rz': 34, 'rx': 24, 'rzz': 2}",6,6,0,C:\Users\szymo\QuditsOnQubits\QuditsOnQubits\basis_direct_encoding_benchmarks\quantum_circuits\ghz3\monomial_old_codespace__P120_ph022,C:\Users\szymo\QuditsOnQubits\QuditsOnQubits\basis_direct_encoding_benchmarks\quantum_circuits\ghz3\monomial_old_codespace__P120_ph022\F3_W.qpy,C:\Users\szymo\QuditsOnQubits\QuditsOnQubits\basis_direct_encoding_benchmarks\quantum_circuits\ghz3\monomial_old_codespace__P120_ph022\CZ3_W.qpy,C:\Users\szymo\QuditsOnQubits\QuditsOnQubits\basis_direct_encoding_benchmarks\quantum_circuits\ghz3\monomial_old_codespace__P120_ph022\graph_state_direct_basis.qpy
direct_basis_encoding,ghz3,ghz_star,star,ghz3,3,3,6,P120_ph100,monomial,monomial_old_codespace,P120_ph100,True,44,94,138,88,,,0.215432,True,False,ok,,Converted from legacy E_new = E_Z @ W candidate.; Fidelity skipped because transpiled circuit has 128 qubits.,88,90.83,1.46,138,152.17,44,46.5,128,"{'cz': 42, 'sx': 41, 'rz': 29, 'rx': 24, 'rzz': 2}",6,6,0,C:\Users\szymo\QuditsOnQubits\QuditsOnQubits\basis_direct_encoding_benchmarks\quantum_circuits\ghz3\monomial_old_codespace__P120_ph100,C:\Users\szymo\QuditsOnQubits\QuditsOnQubits\basis_direct_encoding_benchmarks\quantum_circuits\ghz3\monomial_old_codespace__P120_ph100\F3_W.qpy,C:\Users\szymo\QuditsOnQubits\QuditsOnQubits\basis_direct_encoding_benchmarks\quantum_circuits\ghz3\monomial_old_codespace__P120_ph100\CZ3_W.qpy,C:\Users\szymo\QuditsOnQubits\QuditsOnQubits\basis_direct_encoding_benchmarks\quantum_circuits\ghz3\monomial_old_codespace__P120_ph100\graph_state_direct_basis.qpy
direct_basis_encoding,ghz3,ghz_star,star,ghz3,3,3,6,P120_ph101,monomial,monomial_old_codespace,P120_ph101,True,44,98,142,89,,,0.205855,True,False,ok,,Converted from legacy E_new = E_Z @ W candidate.; Fidelity skipped because transpiled circuit has 128 qubits.,89,91.17,1.21,142,156.33,44,46.5,128,"{'cz': 42, 'sx': 41, 'rz': 33, 'rx': 24, 'rzz': 2}",6,6,0,C:\Users\szymo\QuditsOnQubits\QuditsOnQubits\basis_direct_encoding_benchmarks\quantum_circuits\ghz3\monomial_old_codespace__P120_ph101,C:\Users\szymo\QuditsOnQubits\QuditsOnQubits\basis_direct_encoding_benchmarks\quantum_circuits\ghz3\monomial_old_codespace__P120_ph101\F3_W.qpy,C:\Users\szymo\QuditsOnQubits\QuditsOnQubits\basis_direct_encoding_benchmarks\quantum_circuits\ghz3\monomial_old_codespace__P120_ph101\CZ3_W.qpy,C:\Users\szymo\QuditsOnQubits\QuditsOnQubits\basis_direct_encoding_benchmarks\quantum_circuits\ghz3\monomial_old_codespace__P120_ph101\graph_state_direct_basis.qpy
direct_basis_encoding,ghz3,ghz_star,star,ghz3,3,3,6,P120_ph102,monomial,monomial_old_codespace,P120_ph102,True,44,98,142,89,,,0.226147,True,False,ok,,Converted from legacy E_new = E_Z @ W candidate.; Fidelity skipped because transpiled circuit has 128 qubits.,89,90.5,1.12,142,156.33,44,46.5,128,"{'cz': 42, 'sx': 41, 'rz': 33, 'rx': 24, 'rzz': 2}",6,6,0,C:\Users\szymo\QuditsOnQubits\QuditsOnQubits\basis_direct_encoding_benchmarks\quantum_circuits\ghz3\monomial_old_codespace__P120_ph102,C:\Users\szymo\QuditsOnQubits\QuditsOnQubits\basis_direct_encoding_benchmarks\quantum_circuits\ghz3\monomial_old_codespace__P120_ph102\F3_W.qpy,C:\Users\szymo\QuditsOnQubits\QuditsOnQubits\basis_direct_encoding_benchmarks\quantum_circuits\ghz3\monomial_old_codespace__P120_ph102\CZ3_W.qpy,C:\Users\szymo\QuditsOnQubits\QuditsOnQubits\basis_direct_encoding_benchmarks\quantum_circuits\ghz3\monomial_old_codespace__P120_ph102\graph_state_direct_basis.qpy
direct_basis_encoding,ghz3,ghz_star,star,ghz3,3,3,6,P120_ph110,monomial,monomial_old_codespace,P120_ph110,True,44,98,142,88,,,0.207631,True,False,ok,,Converted from legacy E_new = E_Z @ W candidate.; Fidelity skipped because transpiled circuit has 128 qubits.,88,90.83,1.46,142,157.5,44,46.5,128,"{'cz': 42, 'sx': 41, 'rz': 33, 'rx': 24, 'rzz': 2}",6,6,0,C:\Users\szymo\QuditsOnQubits\QuditsOnQubits\basis_direct_encoding_benchmarks\quantum_circuits\ghz3\monomial_old_codespace__P120_ph110,C:\Users\szymo\QuditsOnQubits\QuditsOnQubits\basis_direct_encoding_benchmarks\quantum_circuits\ghz3\monomial_old_codespace__P120_ph110\F3_W.qpy,C:\Users\szymo\QuditsOnQubits\QuditsOnQubits\basis_direct_encoding_benchmarks\quantum_circuits\ghz3\monomial_old_codespace__P120_ph110\CZ3_W.qpy,C:\Users\szymo\QuditsOnQubits\QuditsOnQubits\basis_direct_encoding_benchmarks\quantum_circuits\ghz3\monomial_old_codespace__P120_ph110\graph_state_direct_basis.qpy
direct_basis_encoding,ghz3,ghz_star,star,ghz3,3,3,6,P120_ph111,monomial,monomial_old_codespace,P120_ph111,True,44,97,141,88,,,0.211021,True,False,ok,,Converted from legacy E_new = E_Z @ W candidate.; Fidelity skipped because transpiled circuit has 128 qubits.,88,90.83,1.46,141,156.0,44,46.5,128,"{'cz': 42, 'sx': 41, 'rz': 32, 'rx': 24, 'rzz': 2}",6,6,0,C:\Users\szymo\QuditsOnQubits\QuditsOnQubits\basis_direct_encoding_benchmarks\quantum_circuits\ghz3\monomial_old_codespace__P120_ph111,C:\Users\szymo\QuditsOnQubits\QuditsOnQubits\basis_direct_encoding_benchmarks\quantum_circuits\ghz3\monomial_old_codespace__P120_ph111\F3_W.qpy,C:\Users\szymo\QuditsOnQubits\QuditsOnQubits\basis_direct_encoding_benchmarks\quantum_circuits\ghz3\monomial_old_codespace__P120_ph111\CZ3_W.qpy,C:\Users\szymo\QuditsOnQubits\QuditsOnQubits\basis_direct_encoding_benchmarks\quantum_circuits\ghz3\monomial_old_codespace__P120_ph111\graph_state_direct_basis.qpy
direct_basis_encoding,ghz3,ghz_star,star,ghz3,3,3,6,P120_ph112,monomial,monomial_old_codespace,P120_ph112,True,44,93,137,88,,,0.201106,True,False,ok,,Converted from legacy E_new = E_Z @ W candidate.; Fidelity skipped because transpiled circuit has 128 qubits.,88,90.17,1.21,137,150.67,44,46.5,128,"{'cz': 42, 'sx': 41, 'rz': 28, 'rx': 24, 'rzz': 2}",6,6,0,C:\Users\szymo\QuditsOnQubits\QuditsOnQubits\basis_direct_encoding_benchmarks\quantum_circuits\ghz3\monomial_old_codespace__P120_ph112,C:\Users\szymo\QuditsOnQubits\QuditsOnQubits\basis_direct_encoding_benchmarks\quantum_circuits\ghz3\monomial_old_codespace__P120_ph112\F3_W.qpy,C:\Users\szymo\QuditsOnQubits\QuditsOnQubits\basis_direct_encoding_benchmarks\quantum_circuits\ghz3\monomial_old_codespace__P120_ph112\CZ3_W.qpy,C:\Users\szymo\QuditsOnQubits\QuditsOnQubits\basis_direct_encoding_benchmarks\quantum_circuits\ghz3\monomial_old_codespace__P120_ph112\graph_state_direct_basis.qpy
direct_basis_encoding,ghz3,ghz_star,star,ghz3,3,3,6,P120_ph120,monomial,monomial_old_codespace,P120_ph120,True,44,99,143,89,,,0.237189,True,False,ok,,Converted from legacy E_new = E_Z @ W candidate.; Fidelity skipped because transpiled circuit has 128 qubits.,89,91.17,1.21,143,157.83,44,46.5,128,"{'cz': 42, 'sx': 41, 'rz': 34, 'rx': 24, 'rzz': 2}",6,6,0,C:\Users\szymo\QuditsOnQubits\QuditsOnQubits\basis_direct_encoding_benchmarks\quantum_circuits\ghz3\monomial_old_codespace__P120_ph120,C:\Users\szymo\QuditsOnQubits\QuditsOnQubits\basis_direct_encoding_benchmarks\quantum_circuits\ghz3\monomial_old_codespace__P120_ph120\F3_W.qpy,C:\Users\szymo\QuditsOnQubits\QuditsOnQubits\basis_direct_encoding_benchmarks\quantum_circuits\ghz3\monomial_old_codespace__P120_ph120\CZ3_W.qpy,C:\Users\szymo\QuditsOnQubits\QuditsOnQubits\basis_direct_encoding_benchmarks\quantum_circuits\ghz3\monomial_old_codespace__P120_ph120\graph_state_direct_basis.qpy
direct_basis_encoding,ghz3,ghz_star,star,ghz3,3,3,6,P120_ph121,monomial,monomial_old_codespace,P120_ph121,True,44,93,137,88,,,0.213737,True,False,ok,,Converted from legacy E_new = E_Z @ W candidate.; Fidelity skipped because transpiled circuit has 128 qubits.,88,90.83,1.46,137,150.67,44,46.5,128,"{'cz': 42, 'sx': 41, 'rz': 28, 'rx': 24, 'rzz': 2}",6,6,0,C:\Users\szymo\QuditsOnQubits\QuditsOnQubits\basis_direct_encoding_benchmarks\quantum_circuits\ghz3\monomial_old_codespace__P120_ph121,C:\Users\szymo\QuditsOnQubits\QuditsOnQubits\basis_direct_encoding_benchmarks\quantum_circuits\ghz3\monomial_old_codespace__P120_ph121\F3_W.qpy,C:\Users\szymo\QuditsOnQubits\QuditsOnQubits\basis_direct_encoding_benchmarks\quantum_circuits\ghz3\monomial_old_codespace__P120_ph121\CZ3_W.qpy,C:\Users\szymo\QuditsOnQubits\QuditsOnQubits\basis_direct_encoding_benchmarks\quantum_circuits\ghz3\monomial_old_codespace__P120_ph121\graph_state_direct_basis.qpy
direct_basis_encoding,ghz3,ghz_star,star,ghz3,3,3,6,P120_ph122,monomial,monomial_old_codespace,P120_ph122,True,44,98,142,89,,,0.203569,True,False,ok,,Converted from legacy E_new = E_Z @ W candidate.; Fidelity skipped because transpiled circuit has 128 qubits.,89,90.5,1.12,142,156.33,44,46.5,128,"{'cz': 42, 'sx': 41, 'rz': 33, 'rx': 24, 'rzz': 2}",6,6,0,C:\Users\szymo\QuditsOnQubits\QuditsOnQubits\basis_direct_encoding_benchmarks\quantum_circuits\ghz3\monomial_old_codespace__P120_ph122,C:\Users\szymo\QuditsOnQubits\QuditsOnQubits\basis_direct_encoding_benchmarks\quantum_circuits\ghz3\monomial_old_codespace__P120_ph122\F3_W.qpy,C:\Users\szymo\QuditsOnQubits\QuditsOnQubits\basis_direct_encoding_benchmarks\quantum_circuits\ghz3\monomial_old_codespace__P120_ph122\CZ3_W.qpy,C:\Users\szymo\QuditsOnQubits\QuditsOnQubits\basis_direct_encoding_benchmarks\quantum_circuits\ghz3\monomial_old_codespace__P120_ph122\graph_state_direct_basis.qpy
direct_basis_encoding,ghz3,ghz_star,star,ghz3,3,3,6,P120_ph200,monomial,monomial_old_codespace,P120_ph200,True,44,94,138,88,,,0.209552,True,False,ok,,Converted from legacy E_new = E_Z @ W candidate.; Fidelity skipped because transpiled circuit has 128 qubits.,88,90.83,1.46,138,152.17,44,46.5,128,"{'cz': 42, 'sx': 41, 'rz': 29, 'rx': 24, 'rzz': 2}",6,6,0,C:\Users\szymo\QuditsOnQubits\QuditsOnQubits\basis_direct_encoding_benchmarks\quantum_circuits\ghz3\monomial_old_codespace__P120_ph200,C:\Users\szymo\QuditsOnQubits\QuditsOnQubits\basis_direct_encoding_benchmarks\quantum_circuits\ghz3\monomial_old_codespace__P120_ph200\F3_W.qpy,C:\Users\szymo\QuditsOnQubits\QuditsOnQubits\basis_direct_encoding_benchmarks\quantum_circuits\ghz3\monomial_old_codespace__P120_ph200\CZ3_W.qpy,C:\Users\szymo\QuditsOnQubits\QuditsOnQubits\basis_direct_encoding_benchmarks\quantum_circuits\ghz3\monomial_old_codespace__P120_ph200\graph_state_direct_basis.qpy
direct_basis_encoding,ghz3,ghz_star,star,ghz3,3,3,6,P120_ph201,monomial,monomial_old_codespace,P120_ph201,True,44,98,142,89,,,0.206596,True,False,ok,,Converted from legacy E_new = E_Z @ W candidate.; Fidelity skipped because transpiled circuit has 128 qubits.,89,90.5,1.12,142,156.33,44,46.5,128,"{'cz': 42, 'sx': 41, 'rz': 33, 'rx': 24, 'rzz': 2}",6,6,0,C:\Users\szymo\QuditsOnQubits\QuditsOnQubits\basis_direct_encoding_benchmarks\quantum_circuits\ghz3\monomial_old_codespace__P120_ph201,C:\Users\szymo\QuditsOnQubits\QuditsOnQubits\basis_direct_encoding_benchmarks\quantum_circuits\ghz3\monomial_old_codespace__P120_ph201\F3_W.qpy,C:\Users\szymo\QuditsOnQubits\QuditsOnQubits\basis_direct_encoding_benchmarks\quantum_circuits\ghz3\monomial_old_codespace__P120_ph201\CZ3_W.qpy,C:\Users\szymo\QuditsOnQubits\QuditsOnQubits\basis_direct_encoding_benchmarks\quantum_circuits\ghz3\monomial_old_codespace__P120_ph201\graph_state_direct_basis.qpy
direct_basis_encoding,ghz3,ghz_star,star,ghz3,3,3,6,P120_ph202,monomial,monomial_old_codespace,P120_ph202,True,44,98,142,89,,,0.211677,True,False,ok,,Converted from legacy E_new = E_Z @ W candidate.; Fidelity skipped because transpiled circuit has 128 qubits.,89,91.17,1.21,142,156.33,44,46.5,128,"{'cz': 42, 'sx': 41, 'rz': 33, 'rx': 24, 'rzz': 2}",6,6,0,C:\Users\szymo\QuditsOnQubits\QuditsOnQubits\basis_direct_encoding_benchmarks\quantum_circuits\ghz3\monomial_old_codespace__P120_ph202,C:\Users\szymo\QuditsOnQubits\QuditsOnQubits\basis_direct_encoding_benchmarks\quantum_circuits\ghz3\monomial_old_codespace__P120_ph202\F3_W.qpy,C:\Users\szymo\QuditsOnQubits\QuditsOnQubits\basis_direct_encoding_benchmarks\quantum_circuits\ghz3\monomial_old_codespace__P120_ph202\CZ3_W.qpy,C:\Users\szymo\QuditsOnQubits\QuditsOnQubits\basis_direct_encoding_benchmarks\quantum_circuits\ghz3\monomial_old_codespace__P120_ph202\graph_state_direct_basis.qpy
direct_basis_encoding,ghz3,ghz_star,star,ghz3,3,3,6,P120_ph210,monomial,monomial_old_codespace,P120_ph210,True,44,99,143,89,,,0.203704,True,False,ok,,Converted from legacy E_new = E_Z @ W candidate.; Fidelity skipped because transpiled circuit has 128 qubits.,89,91.17,1.21,143,157.83,44,46.5,128,"{'cz': 42, 'sx': 41, 'rz': 34, 'rx': 24, 'rzz': 2}",6,6,0,C:\Users\szymo\QuditsOnQubits\QuditsOnQubits\basis_direct_encoding_benchmarks\quantum_circuits\ghz3\monomial_old_codespace__P120_ph210,C:\Users\szymo\QuditsOnQubits\QuditsOnQubits\basis_direct_encoding_benchmarks\quantum_circuits\ghz3\monomial_old_codespace__P120_ph210\F3_W.qpy,C:\Users\szymo\QuditsOnQubits\QuditsOnQubits\basis_direct_encoding_benchmarks\quantum_circuits\ghz3\monomial_old_codespace__P120_ph210\CZ3_W.qpy,C:\Users\szymo\QuditsOnQubits\QuditsOnQubits\basis_direct_encoding_benchmarks\quantum_circuits\ghz3\monomial_old_codespace__P120_ph210\graph_state_direct_basis.qpy
direct_basis_encoding,ghz3,ghz_star,star,ghz3,3,3,6,P120_ph211,monomial,monomial_old_codespace,P120_ph211,True,44,98,142,89,,,0.217062,True,False,ok,,Converted from legacy E_new = E_Z @ W candidate.; Fidelity skipped because transpiled circuit has 128 qubits.,89,90.5,1.12,142,156.33,44,46.5,128,"{'cz': 42, 'sx': 41, 'rz': 33, 'rx': 24, 'rzz': 2}",6,6,0,C:\Users\szymo\QuditsOnQubits\QuditsOnQubits\basis_direct_encoding_benchmarks\quantum_circuits\ghz3\monomial_old_codespace__P120_ph211,C:\Users\szymo\QuditsOnQubits\QuditsOnQubits\basis_direct_encoding_benchmarks\quantum_circuits\ghz3\monomial_old_codespace__P120_ph211\F3_W.qpy,C:\Users\szymo\QuditsOnQubits\QuditsOnQubits\basis_direct_encoding_benchmarks\quantum_circuits\ghz3\monomial_old_codespace__P120_ph211\CZ3_W.qpy,C:\Users\szymo\QuditsOnQubits\QuditsOnQubits\basis_direct_encoding_benchmarks\quantum_circuits\ghz3\monomial_old_codespace__P120_ph211\graph_state_direct_basis.qpy
direct_basis_encoding,ghz3,ghz_star,star,ghz3,3,3,6,P120_ph212,monomial,monomial_old_codespace,P120_ph212,True,44,93,137,88,,,0.21164,True,False,ok,,Converted from legacy E_new = E_Z @ W candidate.; Fidelity skipped because transpiled circuit has 128 qubits.,88,90.83,1.46,137,150.67,44,46.5,128,"{'cz': 42, 'sx': 41, 'rz': 28, 'rx': 24, 'rzz': 2}",6,6,0,C:\Users\szymo\QuditsOnQubits\QuditsOnQubits\basis_direct_encoding_benchmarks\quantum_circuits\ghz3\monomial_old_codespace__P120_ph212,C:\Users\szymo\QuditsOnQubits\QuditsOnQubits\basis_direct_encoding_benchmarks\quantum_circuits\ghz3\monomial_old_codespace__P120_ph212\F3_W.qpy,C:\Users\szymo\QuditsOnQubits\QuditsOnQubits\basis_direct_encoding_benchmarks\quantum_circuits\ghz3\monomial_old_codespace__P120_ph212\CZ3_W.qpy,C:\Users\szymo\QuditsOnQubits\QuditsOnQubits\basis_direct_encoding_benchmarks\quantum_circuits\ghz3\monomial_old_codespace__P120_ph212\graph_state_direct_basis.qpy
direct_basis_encoding,ghz3,ghz_star,star,ghz3,3,3,6,P120_ph220,monomial,monomial_old_codespace,P120_ph220,True,44,98,142,88,,,0.20019,True,False,ok,,Converted from legacy E_new = E_Z @ W candidate.; Fidelity skipped because transpiled circuit has 128 qubits.,88,90.83,1.46,142,157.5,44,46.5,128,"{'cz': 42, 'sx': 41, 'rz': 33, 'rx': 24, 'rzz': 2}",6,6,0,C:\Users\szymo\QuditsOnQubits\QuditsOnQubits\basis_direct_encoding_benchmarks\quantum_circuits\ghz3\monomial_old_codespace__P120_ph220,C:\Users\szymo\QuditsOnQubits\QuditsOnQubits\basis_direct_encoding_benchmarks\quantum_circuits\ghz3\monomial_old_codespace__P120_ph220\F3_W.qpy,C:\Users\szymo\QuditsOnQubits\QuditsOnQubits\basis_direct_encoding_benchmarks\quantum_circuits\ghz3\monomial_old_codespace__P120_ph220\CZ3_W.qpy,C:\Users\szymo\QuditsOnQubits\QuditsOnQubits\basis_direct_encoding_benchmarks\quantum_circuits\ghz3\monomial_old_codespace__P120_ph220\graph_state_direct_basis.qpy
direct_basis_encoding,ghz3,ghz_star,star,ghz3,3,3,6,P120_ph221,monomial,monomial_old_codespace,P120_ph221,True,44,93,137,88,,,0.204327,True,False,ok,,Converted from legacy E_new = E_Z @ W candidate.; Fidelity skipped because transpiled circuit has 128 qubits.,88,90.17,1.21,137,150.67,44,46.5,128,"{'cz': 42, 'sx': 41, 'rz': 28, 'rx': 24, 'rzz': 2}",6,6,0,C:\Users\szymo\QuditsOnQubits\QuditsOnQubits\basis_direct_encoding_benchmarks\quantum_circuits\ghz3\monomial_old_codespace__P120_ph221,C:\Users\szymo\QuditsOnQubits\QuditsOnQubits\basis_direct_encoding_benchmarks\quantum_circuits\ghz3\monomial_old_codespace__P120_ph221\F3_W.qpy,C:\Users\szymo\QuditsOnQubits\QuditsOnQubits\basis_direct_encoding_benchmarks\quantum_circuits\ghz3\monomial_old_codespace__P120_ph221\CZ3_W.qpy,C:\Users\szymo\QuditsOnQubits\QuditsOnQubits\basis_direct_encoding_benchmarks\quantum_circuits\ghz3\monomial_old_codespace__P120_ph221\graph_state_direct_basis.qpy
direct_basis_encoding,ghz3,ghz_star,star,ghz3,3,3,6,P120_ph222,monomial,monomial_old_codespace,P120_ph222,True,44,97,141,88,,,0.211537,True,False,ok,,Converted from legacy E_new = E_Z @ W candidate.; Fidelity skipped because transpiled circuit has 128 qubits.,88,90.83,1.46,141,156.0,44,46.5,128,"{'cz': 42, 'sx': 41, 'rz': 32, 'rx': 24, 'rzz': 2}",6,6,0,C:\Users\szymo\QuditsOnQubits\QuditsOnQubits\basis_direct_encoding_benchmarks\quantum_circuits\ghz3\monomial_old_codespace__P120_ph222,C:\Users\szymo\QuditsOnQubits\QuditsOnQubits\basis_direct_encoding_benchmarks\quantum_circuits\ghz3\monomial_old_codespace__P120_ph222\F3_W.qpy,C:\Users\szymo\QuditsOnQubits\QuditsOnQubits\basis_direct_encoding_benchmarks\quantum_circuits\ghz3\monomial_old_codespace__P120_ph222\CZ3_W.qpy,C:\Users\szymo\QuditsOnQubits\QuditsOnQubits\basis_direct_encoding_benchmarks\quantum_circuits\ghz3\monomial_old_codespace__P120_ph222\graph_state_direct_basis.qpy
direct_basis_encoding,ghz3,ghz_star,star,ghz3,3,3,6,P201_ph000,monomial,monomial_old_codespace,P201_ph000,True,37,84,121,80,,,0.200349,True,False,ok,,Converted from legacy E_new = E_Z @ W candidate.; Fidelity skipped because transpiled circuit has 128 qubits.,80,87.17,3.29,121,130.0,37,41.17,128,"{'rz': 31, 'rx': 31, 'cz': 28, 'sx': 22, 'rzz': 9}",6,6,0,C:\Users\szymo\QuditsOnQubits\QuditsOnQubits\basis_direct_encoding_benchmarks\quantum_circuits\ghz3\monomial_old_codespace__P201_ph000,C:\Users\szymo\QuditsOnQubits\QuditsOnQubits\basis_direct_encoding_benchmarks\quantum_circuits\ghz3\monomial_old_codespace__P201_ph000\F3_W.qpy,C:\Users\szymo\QuditsOnQubits\QuditsOnQubits\basis_direct_encoding_benchmarks\quantum_circuits\ghz3\monomial_old_codespace__P201_ph000\CZ3_W.qpy,C:\Users\szymo\QuditsOnQubits\QuditsOnQubits\basis_direct_encoding_benchmarks\quantum_circuits\ghz3\monomial_old_codespace__P201_ph000\graph_state_direct_basis.qpy
direct_basis_encoding,ghz3,ghz_star,star,ghz3,3,3,6,P201_ph001,monomial,monomial_old_codespace,P201_ph001,True,37,89,126,81,,,0.200802,True,False,ok,,Converted from legacy E_new = E_Z @ W candidate.; Fidelity skipped because transpiled circuit has 128 qubits.,81,87.33,2.92,126,136.5,37,41.17,128,"{'rz': 36, 'rx': 31, 'cz': 28, 'sx': 22, 'rzz': 9}",6,6,0,C:\Users\szymo\QuditsOnQubits\QuditsOnQubits\basis_direct_encoding_benchmarks\quantum_circuits\ghz3\monomial_old_codespace__P201_ph001,C:\Users\szymo\QuditsOnQubits\QuditsOnQubits\basis_direct_encoding_benchmarks\quantum_circuits\ghz3\monomial_old_codespace__P201_ph001\F3_W.qpy,C:\Users\szymo\QuditsOnQubits\QuditsOnQubits\basis_direct_encoding_benchmarks\quantum_circuits\ghz3\monomial_old_codespace__P201_ph001\CZ3_W.qpy,C:\Users\szymo\QuditsOnQubits\QuditsOnQubits\basis_direct_encoding_benchmarks\quantum_circuits\ghz3\monomial_old_codespace__P201_ph001\graph_state_direct_basis.qpy
direct_basis_encoding,ghz3,ghz_star,star,ghz3,3,3,6,P201_ph002,monomial,monomial_old_codespace,P201_ph002,True,37,89,126,81,,,0.216594,True,False,ok,,Converted from legacy E_new = E_Z @ W candidate.; Fidelity skipped because transpiled circuit has 128 qubits.,81,87.33,2.92,126,135.67,37,41.17,128,"{'rz': 36, 'rx': 31, 'cz': 28, 'sx': 22, 'rzz': 9}",6,6,0,C:\Users\szymo\QuditsOnQubits\QuditsOnQubits\basis_direct_encoding_benchmarks\quantum_circuits\ghz3\monomial_old_codespace__P201_ph002,C:\Users\szymo\QuditsOnQubits\QuditsOnQubits\basis_direct_encoding_benchmarks\quantum_circuits\ghz3\monomial_old_codespace__P201_ph002\F3_W.qpy,C:\Users\szymo\QuditsOnQubits\QuditsOnQubits\basis_direct_encoding_benchmarks\quantum_circuits\ghz3\monomial_old_codespace__P201_ph002\CZ3_W.qpy,C:\Users\szymo\QuditsOnQubits\QuditsOnQubits\basis_direct_encoding_benchmarks\quantum_circuits\ghz3\monomial_old_codespace__P201_ph002\graph_state_direct_basis.qpy
direct_basis_encoding,ghz3,ghz_star,star,ghz3,3,3,6,P201_ph010,monomial,monomial_old_codespace,P201_ph010,True,37,89,126,81,,,0.203017,True,False,ok,,Converted from legacy E_new = E_Z @ W candidate.; Fidelity skipped because transpiled circuit has 128 qubits.,81,88.83,3.58,126,137.5,37,41.17,128,"{'rz': 36, 'rx': 31, 'cz': 28, 'sx': 22, 'rzz': 9}",6,6,0,C:\Users\szymo\QuditsOnQubits\QuditsOnQubits\basis_direct_encoding_benchmarks\quantum_circuits\ghz3\monomial_old_codespace__P201_ph010,C:\Users\szymo\QuditsOnQubits\QuditsOnQubits\basis_direct_encoding_benchmarks\quantum_circuits\ghz3\monomial_old_codespace__P201_ph010\F3_W.qpy,C:\Users\szymo\QuditsOnQubits\QuditsOnQubits\basis_direct_encoding_benchmarks\quantum_circuits\ghz3\monomial_old_codespace__P201_ph010\CZ3_W.qpy,C:\Users\szymo\QuditsOnQubits\QuditsOnQubits\basis_direct_encoding_benchmarks\quantum_circuits\ghz3\monomial_old_codespace__P201_ph010\graph_state_direct_basis.qpy
direct_basis_encoding,ghz3,ghz_star,star,ghz3,3,3,6,P201_ph011,monomial,monomial_old_codespace,P201_ph011,True,37,91,128,82,,,0.227195,True,False,ok,,Converted from legacy E_new = E_Z @ W candidate.; Fidelity skipped because transpiled circuit has 128 qubits.,82,89.0,3.21,128,139.33,37,41.17,128,"{'rz': 38, 'rx': 31, 'cz': 28, 'sx': 22, 'rzz': 9}",6,6,0,C:\Users\szymo\QuditsOnQubits\QuditsOnQubits\basis_direct_encoding_benchmarks\quantum_circuits\ghz3\monomial_old_codespace__P201_ph011,C:\Users\szymo\QuditsOnQubits\QuditsOnQubits\basis_direct_encoding_benchmarks\quantum_circuits\ghz3\monomial_old_codespace__P201_ph011\F3_W.qpy,C:\Users\szymo\QuditsOnQubits\QuditsOnQubits\basis_direct_encoding_benchmarks\quantum_circuits\ghz3\monomial_old_codespace__P201_ph011\CZ3_W.qpy,C:\Users\szymo\QuditsOnQubits\QuditsOnQubits\basis_direct_encoding_benchmarks\quantum_circuits\ghz3\monomial_old_codespace__P201_ph011\graph_state_direct_basis.qpy
direct_basis_encoding,ghz3,ghz_star,star,ghz3,3,3,6,P201_ph012,monomial,monomial_old_codespace,P201_ph012,True,37,88,125,82,,,0.217559,True,False,ok,,Converted from legacy E_new = E_Z @ W candidate.; Fidelity skipped because transpiled circuit has 128 qubits.,82,89.0,3.21,125,133.83,37,41.17,128,"{'rz': 35, 'rx': 31, 'cz': 28, 'sx': 22, 'rzz': 9}",6,6,0,C:\Users\szymo\QuditsOnQubits\QuditsOnQubits\basis_direct_encoding_benchmarks\quantum_circuits\ghz3\monomial_old_codespace__P201_ph012,C:\Users\szymo\QuditsOnQubits\QuditsOnQubits\basis_direct_encoding_benchmarks\quantum_circuits\ghz3\monomial_old_codespace__P201_ph012\F3_W.qpy,C:\Users\szymo\QuditsOnQubits\QuditsOnQubits\basis_direct_encoding_benchmarks\quantum_circuits\ghz3\monomial_old_codespace__P201_ph012\CZ3_W.qpy,C:\Users\szymo\QuditsOnQubits\QuditsOnQubits\basis_direct_encoding_benchmarks\quantum_circuits\ghz3\monomial_old_codespace__P201_ph012\graph_state_direct_basis.qpy
direct_basis_encoding,ghz3,ghz_star,star,ghz3,3,3,6,P201_ph020,monomial,monomial_old_codespace,P201_ph020,True,37,89,126,81,,,0.202519,True,False,ok,,Converted from legacy E_new = E_Z @ W candidate.; Fidelity skipped because transpiled circuit has 128 qubits.,81,88.83,3.58,126,137.5,37,41.17,128,"{'rz': 36, 'rx': 31, 'cz': 28, 'sx': 22, 'rzz': 9}",6,6,0,C:\Users\szymo\QuditsOnQubits\QuditsOnQubits\basis_direct_encoding_benchmarks\quantum_circuits\ghz3\monomial_old_codespace__P201_ph020,C:\Users\szymo\QuditsOnQubits\QuditsOnQubits\basis_direct_encoding_benchmarks\quantum_circuits\ghz3\monomial_old_codespace__P201_ph020\F3_W.qpy,C:\Users\szymo\QuditsOnQubits\QuditsOnQubits\basis_direct_encoding_benchmarks\quantum_circuits\ghz3\monomial_old_codespace__P201_ph020\CZ3_W.qpy,C:\Users\szymo\QuditsOnQubits\QuditsOnQubits\basis_direct_encoding_benchmarks\quantum_circuits\ghz3\monomial_old_codespace__P201_ph020\graph_state_direct_basis.qpy
direct_basis_encoding,ghz3,ghz_star,star,ghz3,3,3,6,P201_ph021,monomial,monomial_old_codespace,P201_ph021,True,37,88,125,82,,,0.203387,True,False,ok,,Converted from legacy E_new = E_Z @ W candidate.; Fidelity skipped because transpiled circuit has 128 qubits.,82,89.0,3.21,125,133.83,37,41.17,128,"{'rz': 35, 'rx': 31, 'cz': 28, 'sx': 22, 'rzz': 9}",6,6,0,C:\Users\szymo\QuditsOnQubits\QuditsOnQubits\basis_direct_encoding_benchmarks\quantum_circuits\ghz3\monomial_old_codespace__P201_ph021,C:\Users\szymo\QuditsOnQubits\QuditsOnQubits\basis_direct_encoding_benchmarks\quantum_circuits\ghz3\monomial_old_codespace__P201_ph021\F3_W.qpy,C:\Users\szymo\QuditsOnQubits\QuditsOnQubits\basis_direct_encoding_benchmarks\quantum_circuits\ghz3\monomial_old_codespace__P201_ph021\CZ3_W.qpy,C:\Users\szymo\QuditsOnQubits\QuditsOnQubits\basis_direct_encoding_benchmarks\quantum_circuits\ghz3\monomial_old_codespace__P201_ph021\graph_state_direct_basis.qpy
direct_basis_encoding,ghz3,ghz_star,star,ghz3,3,3,6,P201_ph022,monomial,monomial_old_codespace,P201_ph022,True,37,90,127,81,,,0.216249,True,False,ok,,Converted from legacy E_new = E_Z @ W candidate.; Fidelity skipped because transpiled circuit has 128 qubits.,81,88.83,3.58,127,139.17,37,41.17,128,"{'rz': 37, 'rx': 31, 'cz': 28, 'sx': 22, 'rzz': 9}",6,6,0,C:\Users\szymo\QuditsOnQubits\QuditsOnQubits\basis_direct_encoding_benchmarks\quantum_circuits\ghz3\monomial_old_codespace__P201_ph022,C:\Users\szymo\QuditsOnQubits\QuditsOnQubits\basis_direct_encoding_benchmarks\quantum_circuits\ghz3\monomial_old_codespace__P201_ph022\F3_W.qpy,C:\Users\szymo\QuditsOnQubits\QuditsOnQubits\basis_direct_encoding_benchmarks\quantum_circuits\ghz3\monomial_old_codespace__P201_ph022\CZ3_W.qpy,C:\Users\szymo\QuditsOnQubits\QuditsOnQubits\basis_direct_encoding_benchmarks\quantum_circuits\ghz3\monomial_old_codespace__P201_ph022\graph_state_direct_basis.qpy
direct_basis_encoding,ghz3,ghz_star,star,ghz3,3,3,6,P201_ph100,monomial,monomial_old_codespace,P201_ph100,True,37,88,125,82,,,0.22903,True,False,ok,,Converted from legacy E_new = E_Z @ W candidate.; Fidelity skipped because transpiled circuit has 128 qubits.,82,89.0,3.21,125,133.0,37,41.17,128,"{'rz': 35, 'rx': 31, 'cz': 28, 'sx': 22, 'rzz': 9}",6,6,0,C:\Users\szymo\QuditsOnQubits\QuditsOnQubits\basis_direct_encoding_benchmarks\quantum_circuits\ghz3\monomial_old_codespace__P201_ph100,C:\Users\szymo\QuditsOnQubits\QuditsOnQubits\basis_direct_encoding_benchmarks\quantum_circuits\ghz3\monomial_old_codespace__P201_ph100\F3_W.qpy,C:\Users\szymo\QuditsOnQubits\QuditsOnQubits\basis_direct_encoding_benchmarks\quantum_circuits\ghz3\monomial_old_codespace__P201_ph100\CZ3_W.qpy,C:\Users\szymo\QuditsOnQubits\QuditsOnQubits\basis_direct_encoding_benchmarks\quantum_circuits\ghz3\monomial_old_codespace__P201_ph100\graph_state_direct_basis.qpy
direct_basis_encoding,ghz3,ghz_star,star,ghz3,3,3,6,P201_ph101,monomial,monomial_old_codespace,P201_ph101,True,37,90,127,82,,,0.212384,True,False,ok,,Converted from legacy E_new = E_Z @ W candidate.; Fidelity skipped because transpiled circuit has 128 qubits.,82,89.0,3.21,127,137.67,37,41.17,128,"{'rz': 37, 'rx': 31, 'cz': 28, 'sx': 22, 'rzz': 9}",6,6,0,C:\Users\szymo\QuditsOnQubits\QuditsOnQubits\basis_direct_encoding_benchmarks\quantum_circuits\ghz3\monomial_old_codespace__P201_ph101,C:\Users\szymo\QuditsOnQubits\QuditsOnQubits\basis_direct_encoding_benchmarks\quantum_circuits\ghz3\monomial_old_codespace__P201_ph101\F3_W.qpy,C:\Users\szymo\QuditsOnQubits\QuditsOnQubits\basis_direct_encoding_benchmarks\quantum_circuits\ghz3\monomial_old_codespace__P201_ph101\CZ3_W.qpy,C:\Users\szymo\QuditsOnQubits\QuditsOnQubits\basis_direct_encoding_benchmarks\quantum_circuits\ghz3\monomial_old_codespace__P201_ph101\graph_state_direct_basis.qpy
direct_basis_encoding,ghz3,ghz_star,star,ghz3,3,3,6,P201_ph102,monomial,monomial_old_codespace,P201_ph102,True,37,90,127,81,,,0.204783,True,False,ok,,Converted from legacy E_new = E_Z @ W candidate.; Fidelity skipped because transpiled circuit has 128 qubits.,81,88.83,3.58,127,139.17,37,41.17,128,"{'rz': 37, 'rx': 31, 'cz': 28, 'sx': 22, 'rzz': 9}",6,6,0,C:\Users\szymo\QuditsOnQubits\QuditsOnQubits\basis_direct_encoding_benchmarks\quantum_circuits\ghz3\monomial_old_codespace__P201_ph102,C:\Users\szymo\QuditsOnQubits\QuditsOnQubits\basis_direct_encoding_benchmarks\quantum_circuits\ghz3\monomial_old_codespace__P201_ph102\F3_W.qpy,C:\Users\szymo\QuditsOnQubits\QuditsOnQubits\basis_direct_encoding_benchmarks\quantum_circuits\ghz3\monomial_old_codespace__P201_ph102\CZ3_W.qpy,C:\Users\szymo\QuditsOnQubits\QuditsOnQubits\basis_direct_encoding_benchmarks\quantum_circuits\ghz3\monomial_old_codespace__P201_ph102\graph_state_direct_basis.qpy
direct_basis_encoding,ghz3,ghz_star,star,ghz3,3,3,6,P201_ph110,monomial,monomial_old_codespace,P201_ph110,True,37,89,126,81,,,0.205812,True,False,ok,,Converted from legacy E_new = E_Z @ W candidate.; Fidelity skipped because transpiled circuit has 128 qubits.,81,87.33,2.92,126,136.5,37,41.17,128,"{'rz': 36, 'rx': 31, 'cz': 28, 'sx': 22, 'rzz': 9}",6,6,0,C:\Users\szymo\QuditsOnQubits\QuditsOnQubits\basis_direct_encoding_benchmarks\quantum_circuits\ghz3\monomial_old_codespace__P201_ph110,C:\Users\szymo\QuditsOnQubits\QuditsOnQubits\basis_direct_encoding_benchmarks\quantum_circuits\ghz3\monomial_old_codespace__P201_ph110\F3_W.qpy,C:\Users\szymo\QuditsOnQubits\QuditsOnQubits\basis_direct_encoding_benchmarks\quantum_circuits\ghz3\monomial_old_codespace__P201_ph110\CZ3_W.qpy,C:\Users\szymo\QuditsOnQubits\QuditsOnQubits\basis_direct_encoding_benchmarks\quantum_circuits\ghz3\monomial_old_codespace__P201_ph110\graph_state_direct_basis.qpy
direct_basis_encoding,ghz3,ghz_star,star,ghz3,3,3,6,P201_ph111,monomial,monomial_old_codespace,P201_ph111,True,37,88,125,81,,,0.202497,True,False,ok,,Converted from legacy E_new = E_Z @ W candidate.; Fidelity skipped because transpiled circuit has 128 qubits.,81,87.33,2.92,125,135.67,37,41.17,128,"{'rz': 35, 'rx': 31, 'cz': 28, 'sx': 22, 'rzz': 9}",6,6,0,C:\Users\szymo\QuditsOnQubits\QuditsOnQubits\basis_direct_encoding_benchmarks\quantum_circuits\ghz3\monomial_old_codespace__P201_ph111,C:\Users\szymo\QuditsOnQubits\QuditsOnQubits\basis_direct_encoding_benchmarks\quantum_circuits\ghz3\monomial_old_codespace__P201_ph111\F3_W.qpy,C:\Users\szymo\QuditsOnQubits\QuditsOnQubits\basis_direct_encoding_benchmarks\quantum_circuits\ghz3\monomial_old_codespace__P201_ph111\CZ3_W.qpy,C:\Users\szymo\QuditsOnQubits\QuditsOnQubits\basis_direct_encoding_benchmarks\quantum_circuits\ghz3\monomial_old_codespace__P201_ph111\graph_state_direct_basis.qpy
direct_basis_encoding,ghz3,ghz_star,star,ghz3,3,3,6,P201_ph112,monomial,monomial_old_codespace,P201_ph112,True,37,85,122,80,,,0.213966,True,False,ok,,Converted from legacy E_new = E_Z @ W candidate.; Fidelity skipped because transpiled circuit has 128 qubits.,80,87.17,3.29,122,130.83,37,41.17,128,"{'rz': 32, 'rx': 31, 'cz': 28, 'sx': 22, 'rzz': 9}",6,6,0,C:\Users\szymo\QuditsOnQubits\QuditsOnQubits\basis_direct_encoding_benchmarks\quantum_circuits\ghz3\monomial_old_codespace__P201_ph112,C:\Users\szymo\QuditsOnQubits\QuditsOnQubits\basis_direct_encoding_benchmarks\quantum_circuits\ghz3\monomial_old_codespace__P201_ph112\F3_W.qpy,C:\Users\szymo\QuditsOnQubits\QuditsOnQubits\basis_direct_encoding_benchmarks\quantum_circuits\ghz3\monomial_old_codespace__P201_ph112\CZ3_W.qpy,C:\Users\szymo\QuditsOnQubits\QuditsOnQubits\basis_direct_encoding_benchmarks\quantum_circuits\ghz3\monomial_old_codespace__P201_ph112\graph_state_direct_basis.qpy
direct_basis_encoding,ghz3,ghz_star,star,ghz3,3,3,6,P201_ph120,monomial,monomial_old_codespace,P201_ph120,True,37,91,128,82,,,0.205861,True,False,ok,,Converted from legacy E_new = E_Z @ W candidate.; Fidelity skipped because transpiled circuit has 128 qubits.,82,89.0,3.21,128,138.5,37,41.17,128,"{'rz': 38, 'rx': 31, 'cz': 28, 'sx': 22, 'rzz': 9}",6,6,0,C:\Users\szymo\QuditsOnQubits\QuditsOnQubits\basis_direct_encoding_benchmarks\quantum_circuits\ghz3\monomial_old_codespace__P201_ph120,C:\Users\szymo\QuditsOnQubits\QuditsOnQubits\basis_direct_encoding_benchmarks\quantum_circuits\ghz3\monomial_old_codespace__P201_ph120\F3_W.qpy,C:\Users\szymo\QuditsOnQubits\QuditsOnQubits\basis_direct_encoding_benchmarks\quantum_circuits\ghz3\monomial_old_codespace__P201_ph120\CZ3_W.qpy,C:\Users\szymo\QuditsOnQubits\QuditsOnQubits\basis_direct_encoding_benchmarks\quantum_circuits\ghz3\monomial_old_codespace__P201_ph120\graph_state_direct_basis.qpy
direct_basis_encoding,ghz3,ghz_star,star,ghz3,3,3,6,P201_ph121,monomial,monomial_old_codespace,P201_ph121,True,37,87,124,82,,,0.211367,True,False,ok,,Converted from legacy E_new = E_Z @ W candidate.; Fidelity skipped because transpiled circuit has 128 qubits.,82,89.0,3.21,124,132.17,37,41.17,128,"{'rz': 34, 'rx': 31, 'cz': 28, 'sx': 22, 'rzz': 9}",6,6,0,C:\Users\szymo\QuditsOnQubits\QuditsOnQubits\basis_direct_encoding_benchmarks\quantum_circuits\ghz3\monomial_old_codespace__P201_ph121,C:\Users\szymo\QuditsOnQubits\QuditsOnQubits\basis_direct_encoding_benchmarks\quantum_circuits\ghz3\monomial_old_codespace__P201_ph121\F3_W.qpy,C:\Users\szymo\QuditsOnQubits\QuditsOnQubits\basis_direct_encoding_benchmarks\quantum_circuits\ghz3\monomial_old_codespace__P201_ph121\CZ3_W.qpy,C:\Users\szymo\QuditsOnQubits\QuditsOnQubits\basis_direct_encoding_benchmarks\quantum_circuits\ghz3\monomial_old_codespace__P201_ph121\graph_state_direct_basis.qpy
direct_basis_encoding,ghz3,ghz_star,star,ghz3,3,3,6,P201_ph122,monomial,monomial_old_codespace,P201_ph122,True,37,90,127,81,,,0.200359,True,False,ok,,Converted from legacy E_new = E_Z @ W candidate.; Fidelity skipped because transpiled circuit has 128 qubits.,81,88.83,3.58,127,138.33,37,41.17,128,"{'rz': 37, 'rx': 31, 'cz': 28, 'sx': 22, 'rzz': 9}",6,6,0,C:\Users\szymo\QuditsOnQubits\QuditsOnQubits\basis_direct_encoding_benchmarks\quantum_circuits\ghz3\monomial_old_codespace__P201_ph122,C:\Users\szymo\QuditsOnQubits\QuditsOnQubits\basis_direct_encoding_benchmarks\quantum_circuits\ghz3\monomial_old_codespace__P201_ph122\F3_W.qpy,C:\Users\szymo\QuditsOnQubits\QuditsOnQubits\basis_direct_encoding_benchmarks\quantum_circuits\ghz3\monomial_old_codespace__P201_ph122\CZ3_W.qpy,C:\Users\szymo\QuditsOnQubits\QuditsOnQubits\basis_direct_encoding_benchmarks\quantum_circuits\ghz3\monomial_old_codespace__P201_ph122\graph_state_direct_basis.qpy
direct_basis_encoding,ghz3,ghz_star,star,ghz3,3,3,6,P201_ph200,monomial,monomial_old_codespace,P201_ph200,True,37,88,125,82,,,0.218471,True,False,ok,,Converted from legacy E_new = E_Z @ W candidate.; Fidelity skipped because transpiled circuit has 128 qubits.,82,89.0,3.21,125,133.0,37,41.17,128,"{'rz': 35, 'rx': 31, 'cz': 28, 'sx': 22, 'rzz': 9}",6,6,0,C:\Users\szymo\QuditsOnQubits\QuditsOnQubits\basis_direct_encoding_benchmarks\quantum_circuits\ghz3\monomial_old_codespace__P201_ph200,C:\Users\szymo\QuditsOnQubits\QuditsOnQubits\basis_direct_encoding_benchmarks\quantum_circuits\ghz3\monomial_old_codespace__P201_ph200\F3_W.qpy,C:\Users\szymo\QuditsOnQubits\QuditsOnQubits\basis_direct_encoding_benchmarks\quantum_circuits\ghz3\monomial_old_codespace__P201_ph200\CZ3_W.qpy,C:\Users\szymo\QuditsOnQubits\QuditsOnQubits\basis_direct_encoding_benchmarks\quantum_circuits\ghz3\monomial_old_codespace__P201_ph200\graph_state_direct_basis.qpy
direct_basis_encoding,ghz3,ghz_star,star,ghz3,3,3,6,P201_ph201,monomial,monomial_old_codespace,P201_ph201,True,37,90,127,81,,,0.213748,True,False,ok,,Converted from legacy E_new = E_Z @ W candidate.; Fidelity skipped because transpiled circuit has 128 qubits.,81,88.83,3.58,127,139.17,37,41.17,128,"{'rz': 37, 'rx': 31, 'cz': 28, 'sx': 22, 'rzz': 9}",6,6,0,C:\Users\szymo\QuditsOnQubits\QuditsOnQubits\basis_direct_encoding_benchmarks\quantum_circuits\ghz3\monomial_old_codespace__P201_ph201,C:\Users\szymo\QuditsOnQubits\QuditsOnQubits\basis_direct_encoding_benchmarks\quantum_circuits\ghz3\monomial_old_codespace__P201_ph201\F3_W.qpy,C:\Users\szymo\QuditsOnQubits\QuditsOnQubits\basis_direct_encoding_benchmarks\quantum_circuits\ghz3\monomial_old_codespace__P201_ph201\CZ3_W.qpy,C:\Users\szymo\QuditsOnQubits\QuditsOnQubits\basis_direct_encoding_benchmarks\quantum_circuits\ghz3\monomial_old_codespace__P201_ph201\graph_state_direct_basis.qpy
direct_basis_encoding,ghz3,ghz_star,star,ghz3,3,3,6,P201_ph202,monomial,monomial_old_codespace,P201_ph202,True,37,90,127,82,,,0.226653,True,False,ok,,Converted from legacy E_new = E_Z @ W candidate.; Fidelity skipped because transpiled circuit has 128 qubits.,82,89.0,3.21,127,138.5,37,41.17,128,"{'rz': 37, 'rx': 31, 'cz': 28, 'sx': 22, 'rzz': 9}",6,6,0,C:\Users\szymo\QuditsOnQubits\QuditsOnQubits\basis_direct_encoding_benchmarks\quantum_circuits\ghz3\monomial_old_codespace__P201_ph202,C:\Users\szymo\QuditsOnQubits\QuditsOnQubits\basis_direct_encoding_benchmarks\quantum_circuits\ghz3\monomial_old_codespace__P201_ph202\F3_W.qpy,C:\Users\szymo\QuditsOnQubits\QuditsOnQubits\basis_direct_encoding_benchmarks\quantum_circuits\ghz3\monomial_old_codespace__P201_ph202\CZ3_W.qpy,C:\Users\szymo\QuditsOnQubits\QuditsOnQubits\basis_direct_encoding_benchmarks\quantum_circuits\ghz3\monomial_old_codespace__P201_ph202\graph_state_direct_basis.qpy
direct_basis_encoding,ghz3,ghz_star,star,ghz3,3,3,6,P201_ph210,monomial,monomial_old_codespace,P201_ph210,True,37,91,128,82,,,0.189748,True,False,ok,,Converted from legacy E_new = E_Z @ W candidate.; Fidelity skipped because transpiled circuit has 128 qubits.,82,89.0,3.21,128,139.33,37,41.17,128,"{'rz': 38, 'rx': 31, 'cz': 28, 'sx': 22, 'rzz': 9}",6,6,0,C:\Users\szymo\QuditsOnQubits\QuditsOnQubits\basis_direct_encoding_benchmarks\quantum_circuits\ghz3\monomial_old_codespace__P201_ph210,C:\Users\szymo\QuditsOnQubits\QuditsOnQubits\basis_direct_encoding_benchmarks\quantum_circuits\ghz3\monomial_old_codespace__P201_ph210\F3_W.qpy,C:\Users\szymo\QuditsOnQubits\QuditsOnQubits\basis_direct_encoding_benchmarks\quantum_circuits\ghz3\monomial_old_codespace__P201_ph210\CZ3_W.qpy,C:\Users\szymo\QuditsOnQubits\QuditsOnQubits\basis_direct_encoding_benchmarks\quantum_circuits\ghz3\monomial_old_codespace__P201_ph210\graph_state_direct_basis.qpy
direct_basis_encoding,ghz3,ghz_star,star,ghz3,3,3,6,P201_ph211,monomial,monomial_old_codespace,P201_ph211,True,37,90,127,81,,,0.216244,True,False,ok,,Converted from legacy E_new = E_Z @ W candidate.; Fidelity skipped because transpiled circuit has 128 qubits.,81,88.83,3.58,127,138.33,37,41.17,128,"{'rz': 37, 'rx': 31, 'cz': 28, 'sx': 22, 'rzz': 9}",6,6,0,C:\Users\szymo\QuditsOnQubits\QuditsOnQubits\basis_direct_encoding_benchmarks\quantum_circuits\ghz3\monomial_old_codespace__P201_ph211,C:\Users\szymo\QuditsOnQubits\QuditsOnQubits\basis_direct_encoding_benchmarks\quantum_circuits\ghz3\monomial_old_codespace__P201_ph211\F3_W.qpy,C:\Users\szymo\QuditsOnQubits\QuditsOnQubits\basis_direct_encoding_benchmarks\quantum_circuits\ghz3\monomial_old_codespace__P201_ph211\CZ3_W.qpy,C:\Users\szymo\QuditsOnQubits\QuditsOnQubits\basis_direct_encoding_benchmarks\quantum_circuits\ghz3\monomial_old_codespace__P201_ph211\graph_state_direct_basis.qpy
direct_basis_encoding,ghz3,ghz_star,star,ghz3,3,3,6,P201_ph212,monomial,monomial_old_codespace,P201_ph212,True,37,87,124,82,,,0.204946,True,False,ok,,Converted from legacy E_new = E_Z @ W candidate.; Fidelity skipped because transpiled circuit has 128 qubits.,82,89.0,3.21,124,132.17,37,41.17,128,"{'rz': 34, 'rx': 31, 'cz': 28, 'sx': 22, 'rzz': 9}",6,6,0,C:\Users\szymo\QuditsOnQubits\QuditsOnQubits\basis_direct_encoding_benchmarks\quantum_circuits\ghz3\monomial_old_codespace__P201_ph212,C:\Users\szymo\QuditsOnQubits\QuditsOnQubits\basis_direct_encoding_benchmarks\quantum_circuits\ghz3\monomial_old_codespace__P201_ph212\F3_W.qpy,C:\Users\szymo\QuditsOnQubits\QuditsOnQubits\basis_direct_encoding_benchmarks\quantum_circuits\ghz3\monomial_old_codespace__P201_ph212\CZ3_W.qpy,C:\Users\szymo\QuditsOnQubits\QuditsOnQubits\basis_direct_encoding_benchmarks\quantum_circuits\ghz3\monomial_old_codespace__P201_ph212\graph_state_direct_basis.qpy
direct_basis_encoding,ghz3,ghz_star,star,ghz3,3,3,6,P201_ph220,monomial,monomial_old_codespace,P201_ph220,True,37,89,126,81,,,0.211674,True,False,ok,,Converted from legacy E_new = E_Z @ W candidate.; Fidelity skipped because transpiled circuit has 128 qubits.,81,87.33,2.92,126,136.5,37,41.17,128,"{'rz': 36, 'rx': 31, 'cz': 28, 'sx': 22, 'rzz': 9}",6,6,0,C:\Users\szymo\QuditsOnQubits\QuditsOnQubits\basis_direct_encoding_benchmarks\quantum_circuits\ghz3\monomial_old_codespace__P201_ph220,C:\Users\szymo\QuditsOnQubits\QuditsOnQubits\basis_direct_encoding_benchmarks\quantum_circuits\ghz3\monomial_old_codespace__P201_ph220\F3_W.qpy,C:\Users\szymo\QuditsOnQubits\QuditsOnQubits\basis_direct_encoding_benchmarks\quantum_circuits\ghz3\monomial_old_codespace__P201_ph220\CZ3_W.qpy,C:\Users\szymo\QuditsOnQubits\QuditsOnQubits\basis_direct_encoding_benchmarks\quantum_circuits\ghz3\monomial_old_codespace__P201_ph220\graph_state_direct_basis.qpy
direct_basis_encoding,ghz3,ghz_star,star,ghz3,3,3,6,P201_ph221,monomial,monomial_old_codespace,P201_ph221,True,37,85,122,80,,,0.201264,True,False,ok,,Converted from legacy E_new = E_Z @ W candidate.; Fidelity skipped because transpiled circuit has 128 qubits.,80,87.17,3.29,122,130.0,37,41.17,128,"{'rz': 32, 'rx': 31, 'cz': 28, 'sx': 22, 'rzz': 9}",6,6,0,C:\Users\szymo\QuditsOnQubits\QuditsOnQubits\basis_direct_encoding_benchmarks\quantum_circuits\ghz3\monomial_old_codespace__P201_ph221,C:\Users\szymo\QuditsOnQubits\QuditsOnQubits\basis_direct_encoding_benchmarks\quantum_circuits\ghz3\monomial_old_codespace__P201_ph221\F3_W.qpy,C:\Users\szymo\QuditsOnQubits\QuditsOnQubits\basis_direct_encoding_benchmarks\quantum_circuits\ghz3\monomial_old_codespace__P201_ph221\CZ3_W.qpy,C:\Users\szymo\QuditsOnQubits\QuditsOnQubits\basis_direct_encoding_benchmarks\quantum_circuits\ghz3\monomial_old_codespace__P201_ph221\graph_state_direct_basis.qpy
direct_basis_encoding,ghz3,ghz_star,star,ghz3,3,3,6,P201_ph222,monomial,monomial_old_codespace,P201_ph222,True,37,88,125,81,,,0.203302,True,False,ok,,Converted from legacy E_new = E_Z @ W candidate.; Fidelity skipped because transpiled circuit has 128 qubits.,81,87.33,2.92,125,134.83,37,41.17,128,"{'rz': 35, 'rx': 31, 'cz': 28, 'sx': 22, 'rzz': 9}",6,6,0,C:\Users\szymo\QuditsOnQubits\QuditsOnQubits\basis_direct_encoding_benchmarks\quantum_circuits\ghz3\monomial_old_codespace__P201_ph222,C:\Users\szymo\QuditsOnQubits\QuditsOnQubits\basis_direct_encoding_benchmarks\quantum_circuits\ghz3\monomial_old_codespace__P201_ph222\F3_W.qpy,C:\Users\szymo\QuditsOnQubits\QuditsOnQubits\basis_direct_encoding_benchmarks\quantum_circuits\ghz3\monomial_old_codespace__P201_ph222\CZ3_W.qpy,C:\Users\szymo\QuditsOnQubits\QuditsOnQubits\basis_direct_encoding_benchmarks\quantum_circuits\ghz3\monomial_old_codespace__P201_ph222\graph_state_direct_basis.qpy
direct_basis_encoding,ghz3,ghz_star,star,ghz3,3,3,6,P210_ph000,monomial,monomial_old_codespace,P210_ph000,True,44,92,136,88,,,0.203536,True,False,ok,,Converted from legacy E_new = E_Z @ W candidate.; Fidelity skipped because transpiled circuit has 128 qubits.,88,90.17,1.21,136,149.17,44,46.5,128,"{'cz': 42, 'sx': 41, 'rz': 27, 'rx': 24, 'rzz': 2}",6,6,0,C:\Users\szymo\QuditsOnQubits\QuditsOnQubits\basis_direct_encoding_benchmarks\quantum_circuits\ghz3\monomial_old_codespace__P210_ph000,C:\Users\szymo\QuditsOnQubits\QuditsOnQubits\basis_direct_encoding_benchmarks\quantum_circuits\ghz3\monomial_old_codespace__P210_ph000\F3_W.qpy,C:\Users\szymo\QuditsOnQubits\QuditsOnQubits\basis_direct_encoding_benchmarks\quantum_circuits\ghz3\monomial_old_codespace__P210_ph000\CZ3_W.qpy,C:\Users\szymo\QuditsOnQubits\QuditsOnQubits\basis_direct_encoding_benchmarks\quantum_circuits\ghz3\monomial_old_codespace__P210_ph000\graph_state_direct_basis.qpy
direct_basis_encoding,ghz3,ghz_star,star,ghz3,3,3,6,P210_ph001,monomial,monomial_old_codespace,P210_ph001,True,44,98,142,88,,,0.190931,True,False,ok,,Converted from legacy E_new = E_Z @ W candidate.; Fidelity skipped because transpiled circuit has 128 qubits.,88,90.83,1.46,142,157.5,44,46.5,128,"{'cz': 42, 'sx': 41, 'rz': 33, 'rx': 24, 'rzz': 2}",6,6,0,C:\Users\szymo\QuditsOnQubits\QuditsOnQubits\basis_direct_encoding_benchmarks\quantum_circuits\ghz3\monomial_old_codespace__P210_ph001,C:\Users\szymo\QuditsOnQubits\QuditsOnQubits\basis_direct_encoding_benchmarks\quantum_circuits\ghz3\monomial_old_codespace__P210_ph001\F3_W.qpy,C:\Users\szymo\QuditsOnQubits\QuditsOnQubits\basis_direct_encoding_benchmarks\quantum_circuits\ghz3\monomial_old_codespace__P210_ph001\CZ3_W.qpy,C:\Users\szymo\QuditsOnQubits\QuditsOnQubits\basis_direct_encoding_benchmarks\quantum_circuits\ghz3\monomial_old_codespace__P210_ph001\graph_state_direct_basis.qpy
direct_basis_encoding,ghz3,ghz_star,star,ghz3,3,3,6,P210_ph002,monomial,monomial_old_codespace,P210_ph002,True,44,98,142,88,,,0.214661,True,False,ok,,Converted from legacy E_new = E_Z @ W candidate.; Fidelity skipped because transpiled circuit has 128 qubits.,88,90.83,1.46,142,157.5,44,46.5,128,"{'cz': 42, 'sx': 41, 'rz': 33, 'rx': 24, 'rzz': 2}",6,6,0,C:\Users\szymo\QuditsOnQubits\QuditsOnQubits\basis_direct_encoding_benchmarks\quantum_circuits\ghz3\monomial_old_codespace__P210_ph002,C:\Users\szymo\QuditsOnQubits\QuditsOnQubits\basis_direct_encoding_benchmarks\quantum_circuits\ghz3\monomial_old_codespace__P210_ph002\F3_W.qpy,C:\Users\szymo\QuditsOnQubits\QuditsOnQubits\basis_direct_encoding_benchmarks\quantum_circuits\ghz3\monomial_old_codespace__P210_ph002\CZ3_W.qpy,C:\Users\szymo\QuditsOnQubits\QuditsOnQubits\basis_direct_encoding_benchmarks\quantum_circuits\ghz3\monomial_old_codespace__P210_ph002\graph_state_direct_basis.qpy
direct_basis_encoding,ghz3,ghz_star,star,ghz3,3,3,6,P210_ph010,monomial,monomial_old_codespace,P210_ph010,True,44,97,141,89,,,0.206073,True,False,ok,,Converted from legacy E_new = E_Z @ W candidate.; Fidelity skipped because transpiled circuit has 128 qubits.,89,90.5,1.12,141,154.83,44,46.5,128,"{'cz': 42, 'sx': 41, 'rz': 32, 'rx': 24, 'rzz': 2}",6,6,0,C:\Users\szymo\QuditsOnQubits\QuditsOnQubits\basis_direct_encoding_benchmarks\quantum_circuits\ghz3\monomial_old_codespace__P210_ph010,C:\Users\szymo\QuditsOnQubits\QuditsOnQubits\basis_direct_encoding_benchmarks\quantum_circuits\ghz3\monomial_old_codespace__P210_ph010\F3_W.qpy,C:\Users\szymo\QuditsOnQubits\QuditsOnQubits\basis_direct_encoding_benchmarks\quantum_circuits\ghz3\monomial_old_codespace__P210_ph010\CZ3_W.qpy,C:\Users\szymo\QuditsOnQubits\QuditsOnQubits\basis_direct_encoding_benchmarks\quantum_circuits\ghz3\monomial_old_codespace__P210_ph010\graph_state_direct_basis.qpy
direct_basis_encoding,ghz3,ghz_star,star,ghz3,3,3,6,P210_ph011,monomial,monomial_old_codespace,P210_ph011,True,44,99,143,89,,,0.206076,True,False,ok,,Converted from legacy E_new = E_Z @ W candidate.; Fidelity skipped because transpiled circuit has 128 qubits.,89,91.17,1.21,143,157.83,44,46.5,128,"{'cz': 42, 'sx': 41, 'rz': 34, 'rx': 24, 'rzz': 2}",6,6,0,C:\Users\szymo\QuditsOnQubits\QuditsOnQubits\basis_direct_encoding_benchmarks\quantum_circuits\ghz3\monomial_old_codespace__P210_ph011,C:\Users\szymo\QuditsOnQubits\QuditsOnQubits\basis_direct_encoding_benchmarks\quantum_circuits\ghz3\monomial_old_codespace__P210_ph011\F3_W.qpy,C:\Users\szymo\QuditsOnQubits\QuditsOnQubits\basis_direct_encoding_benchmarks\quantum_circuits\ghz3\monomial_old_codespace__P210_ph011\CZ3_W.qpy,C:\Users\szymo\QuditsOnQubits\QuditsOnQubits\basis_direct_encoding_benchmarks\quantum_circuits\ghz3\monomial_old_codespace__P210_ph011\graph_state_direct_basis.qpy
direct_basis_encoding,ghz3,ghz_star,star,ghz3,3,3,6,P210_ph012,monomial,monomial_old_codespace,P210_ph012,True,44,94,138,88,,,0.281206,True,False,ok,,Converted from legacy E_new = E_Z @ W candidate.; Fidelity skipped because transpiled circuit has 128 qubits.,88,90.83,1.46,138,152.17,44,46.5,128,"{'cz': 42, 'sx': 41, 'rz': 29, 'rx': 24, 'rzz': 2}",6,6,0,C:\Users\szymo\QuditsOnQubits\QuditsOnQubits\basis_direct_encoding_benchmarks\quantum_circuits\ghz3\monomial_old_codespace__P210_ph012,C:\Users\szymo\QuditsOnQubits\QuditsOnQubits\basis_direct_encoding_benchmarks\quantum_circuits\ghz3\monomial_old_codespace__P210_ph012\F3_W.qpy,C:\Users\szymo\QuditsOnQubits\QuditsOnQubits\basis_direct_encoding_benchmarks\quantum_circuits\ghz3\monomial_old_codespace__P210_ph012\CZ3_W.qpy,C:\Users\szymo\QuditsOnQubits\QuditsOnQubits\basis_direct_encoding_benchmarks\quantum_circuits\ghz3\monomial_old_codespace__P210_ph012\graph_state_direct_basis.qpy
direct_basis_encoding,ghz3,ghz_star,star,ghz3,3,3,6,P210_ph020,monomial,monomial_old_codespace,P210_ph020,True,44,97,141,89,,,0.205827,True,False,ok,,Converted from legacy E_new = E_Z @ W candidate.; Fidelity skipped because transpiled circuit has 128 qubits.,89,90.5,1.12,141,154.83,44,46.5,128,"{'cz': 42, 'sx': 41, 'rz': 32, 'rx': 24, 'rzz': 2}",6,6,0,C:\Users\szymo\QuditsOnQubits\QuditsOnQubits\basis_direct_encoding_benchmarks\quantum_circuits\ghz3\monomial_old_codespace__P210_ph020,C:\Users\szymo\QuditsOnQubits\QuditsOnQubits\basis_direct_encoding_benchmarks\quantum_circuits\ghz3\monomial_old_codespace__P210_ph020\F3_W.qpy,C:\Users\szymo\QuditsOnQubits\QuditsOnQubits\basis_direct_encoding_benchmarks\quantum_circuits\ghz3\monomial_old_codespace__P210_ph020\CZ3_W.qpy,C:\Users\szymo\QuditsOnQubits\QuditsOnQubits\basis_direct_encoding_benchmarks\quantum_circuits\ghz3\monomial_old_codespace__P210_ph020\graph_state_direct_basis.qpy
direct_basis_encoding,ghz3,ghz_star,star,ghz3,3,3,6,P210_ph021,monomial,monomial_old_codespace,P210_ph021,True,44,94,138,88,,,0.231861,True,False,ok,,Converted from legacy E_new = E_Z @ W candidate.; Fidelity skipped because transpiled circuit has 128 qubits.,88,90.83,1.46,138,152.17,44,46.5,128,"{'cz': 42, 'sx': 41, 'rz': 29, 'rx': 24, 'rzz': 2}",6,6,0,C:\Users\szymo\QuditsOnQubits\QuditsOnQubits\basis_direct_encoding_benchmarks\quantum_circuits\ghz3\monomial_old_codespace__P210_ph021,C:\Users\szymo\QuditsOnQubits\QuditsOnQubits\basis_direct_encoding_benchmarks\quantum_circuits\ghz3\monomial_old_codespace__P210_ph021\F3_W.qpy,C:\Users\szymo\QuditsOnQubits\QuditsOnQubits\basis_direct_encoding_benchmarks\quantum_circuits\ghz3\monomial_old_codespace__P210_ph021\CZ3_W.qpy,C:\Users\szymo\QuditsOnQubits\QuditsOnQubits\basis_direct_encoding_benchmarks\quantum_circuits\ghz3\monomial_old_codespace__P210_ph021\graph_state_direct_basis.qpy
direct_basis_encoding,ghz3,ghz_star,star,ghz3,3,3,6,P210_ph022,monomial,monomial_old_codespace,P210_ph022,True,44,99,143,89,,,0.213779,True,False,ok,,Converted from legacy E_new = E_Z @ W candidate.; Fidelity skipped because transpiled circuit has 128 qubits.,89,91.17,1.21,143,157.83,44,46.5,128,"{'cz': 42, 'sx': 41, 'rz': 34, 'rx': 24, 'rzz': 2}",6,6,0,C:\Users\szymo\QuditsOnQubits\QuditsOnQubits\basis_direct_encoding_benchmarks\quantum_circuits\ghz3\monomial_old_codespace__P210_ph022,C:\Users\szymo\QuditsOnQubits\QuditsOnQubits\basis_direct_encoding_benchmarks\quantum_circuits\ghz3\monomial_old_codespace__P210_ph022\F3_W.qpy,C:\Users\szymo\QuditsOnQubits\QuditsOnQubits\basis_direct_encoding_benchmarks\quantum_circuits\ghz3\monomial_old_codespace__P210_ph022\CZ3_W.qpy,C:\Users\szymo\QuditsOnQubits\QuditsOnQubits\basis_direct_encoding_benchmarks\quantum_circuits\ghz3\monomial_old_codespace__P210_ph022\graph_state_direct_basis.qpy
direct_basis_encoding,ghz3,ghz_star,star,ghz3,3,3,6,P210_ph100,monomial,monomial_old_codespace,P210_ph100,True,44,94,138,88,,,0.190469,True,False,ok,,Converted from legacy E_new = E_Z @ W candidate.; Fidelity skipped because transpiled circuit has 128 qubits.,88,90.83,1.46,138,152.17,44,46.5,128,"{'cz': 42, 'sx': 41, 'rz': 29, 'rx': 24, 'rzz': 2}",6,6,0,C:\Users\szymo\QuditsOnQubits\QuditsOnQubits\basis_direct_encoding_benchmarks\quantum_circuits\ghz3\monomial_old_codespace__P210_ph100,C:\Users\szymo\QuditsOnQubits\QuditsOnQubits\basis_direct_encoding_benchmarks\quantum_circuits\ghz3\monomial_old_codespace__P210_ph100\F3_W.qpy,C:\Users\szymo\QuditsOnQubits\QuditsOnQubits\basis_direct_encoding_benchmarks\quantum_circuits\ghz3\monomial_old_codespace__P210_ph100\CZ3_W.qpy,C:\Users\szymo\QuditsOnQubits\QuditsOnQubits\basis_direct_encoding_benchmarks\quantum_circuits\ghz3\monomial_old_codespace__P210_ph100\graph_state_direct_basis.qpy
direct_basis_encoding,ghz3,ghz_star,star,ghz3,3,3,6,P210_ph101,monomial,monomial_old_codespace,P210_ph101,True,44,98,142,89,,,0.189414,True,False,ok,,Converted from legacy E_new = E_Z @ W candidate.; Fidelity skipped because transpiled circuit has 128 qubits.,89,91.17,1.21,142,156.33,44,46.5,128,"{'cz': 42, 'sx': 41, 'rz': 33, 'rx': 24, 'rzz': 2}",6,6,0,C:\Users\szymo\QuditsOnQubits\QuditsOnQubits\basis_direct_encoding_benchmarks\quantum_circuits\ghz3\monomial_old_codespace__P210_ph101,C:\Users\szymo\QuditsOnQubits\QuditsOnQubits\basis_direct_encoding_benchmarks\quantum_circuits\ghz3\monomial_old_codespace__P210_ph101\F3_W.qpy,C:\Users\szymo\QuditsOnQubits\QuditsOnQubits\basis_direct_encoding_benchmarks\quantum_circuits\ghz3\monomial_old_codespace__P210_ph101\CZ3_W.qpy,C:\Users\szymo\QuditsOnQubits\QuditsOnQubits\basis_direct_encoding_benchmarks\quantum_circuits\ghz3\monomial_old_codespace__P210_ph101\graph_state_direct_basis.qpy
direct_basis_encoding,ghz3,ghz_star,star,ghz3,3,3,6,P210_ph102,monomial,monomial_old_codespace,P210_ph102,True,44,98,142,89,,,0.203402,True,False,ok,,Converted from legacy E_new = E_Z @ W candidate.; Fidelity skipped because transpiled circuit has 128 qubits.,89,90.5,1.12,142,156.33,44,46.5,128,"{'cz': 42, 'sx': 41, 'rz': 33, 'rx': 24, 'rzz': 2}",6,6,0,C:\Users\szymo\QuditsOnQubits\QuditsOnQubits\basis_direct_encoding_benchmarks\quantum_circuits\ghz3\monomial_old_codespace__P210_ph102,C:\Users\szymo\QuditsOnQubits\QuditsOnQubits\basis_direct_encoding_benchmarks\quantum_circuits\ghz3\monomial_old_codespace__P210_ph102\F3_W.qpy,C:\Users\szymo\QuditsOnQubits\QuditsOnQubits\basis_direct_encoding_benchmarks\quantum_circuits\ghz3\monomial_old_codespace__P210_ph102\CZ3_W.qpy,C:\Users\szymo\QuditsOnQubits\QuditsOnQubits\basis_direct_encoding_benchmarks\quantum_circuits\ghz3\monomial_old_codespace__P210_ph102\graph_state_direct_basis.qpy
direct_basis_encoding,ghz3,ghz_star,star,ghz3,3,3,6,P210_ph110,monomial,monomial_old_codespace,P210_ph110,True,44,98,142,88,,,0.212748,True,False,ok,,Converted from legacy E_new = E_Z @ W candidate.; Fidelity skipped because transpiled circuit has 128 qubits.,88,90.83,1.46,142,157.5,44,46.5,128,"{'cz': 42, 'sx': 41, 'rz': 33, 'rx': 24, 'rzz': 2}",6,6,0,C:\Users\szymo\QuditsOnQubits\QuditsOnQubits\basis_direct_encoding_benchmarks\quantum_circuits\ghz3\monomial_old_codespace__P210_ph110,C:\Users\szymo\QuditsOnQubits\QuditsOnQubits\basis_direct_encoding_benchmarks\quantum_circuits\ghz3\monomial_old_codespace__P210_ph110\F3_W.qpy,C:\Users\szymo\QuditsOnQubits\QuditsOnQubits\basis_direct_encoding_benchmarks\quantum_circuits\ghz3\monomial_old_codespace__P210_ph110\CZ3_W.qpy,C:\Users\szymo\QuditsOnQubits\QuditsOnQubits\basis_direct_encoding_benchmarks\quantum_circuits\ghz3\monomial_old_codespace__P210_ph110\graph_state_direct_basis.qpy
direct_basis_encoding,ghz3,ghz_star,star,ghz3,3,3,6,P210_ph111,monomial,monomial_old_codespace,P210_ph111,True,44,97,141,88,,,0.199199,True,False,ok,,Converted from legacy E_new = E_Z @ W candidate.; Fidelity skipped because transpiled circuit has 128 qubits.,88,90.83,1.46,141,156.0,44,46.5,128,"{'cz': 42, 'sx': 41, 'rz': 32, 'rx': 24, 'rzz': 2}",6,6,0,C:\Users\szymo\QuditsOnQubits\QuditsOnQubits\basis_direct_encoding_benchmarks\quantum_circuits\ghz3\monomial_old_codespace__P210_ph111,C:\Users\szymo\QuditsOnQubits\QuditsOnQubits\basis_direct_encoding_benchmarks\quantum_circuits\ghz3\monomial_old_codespace__P210_ph111\F3_W.qpy,C:\Users\szymo\QuditsOnQubits\QuditsOnQubits\basis_direct_encoding_benchmarks\quantum_circuits\ghz3\monomial_old_codespace__P210_ph111\CZ3_W.qpy,C:\Users\szymo\QuditsOnQubits\QuditsOnQubits\basis_direct_encoding_benchmarks\quantum_circuits\ghz3\monomial_old_codespace__P210_ph111\graph_state_direct_basis.qpy
direct_basis_encoding,ghz3,ghz_star,star,ghz3,3,3,6,P210_ph112,monomial,monomial_old_codespace,P210_ph112,True,44,93,137,88,,,0.201344,True,False,ok,,Converted from legacy E_new = E_Z @ W candidate.; Fidelity skipped because transpiled circuit has 128 qubits.,88,90.17,1.21,137,150.67,44,46.5,128,"{'cz': 42, 'sx': 41, 'rz': 28, 'rx': 24, 'rzz': 2}",6,6,0,C:\Users\szymo\QuditsOnQubits\QuditsOnQubits\basis_direct_encoding_benchmarks\quantum_circuits\ghz3\monomial_old_codespace__P210_ph112,C:\Users\szymo\QuditsOnQubits\QuditsOnQubits\basis_direct_encoding_benchmarks\quantum_circuits\ghz3\monomial_old_codespace__P210_ph112\F3_W.qpy,C:\Users\szymo\QuditsOnQubits\QuditsOnQubits\basis_direct_encoding_benchmarks\quantum_circuits\ghz3\monomial_old_codespace__P210_ph112\CZ3_W.qpy,C:\Users\szymo\QuditsOnQubits\QuditsOnQubits\basis_direct_encoding_benchmarks\quantum_circuits\ghz3\monomial_old_codespace__P210_ph112\graph_state_direct_basis.qpy
direct_basis_encoding,ghz3,ghz_star,star,ghz3,3,3,6,P210_ph120,monomial,monomial_old_codespace,P210_ph120,True,44,99,143,89,,,0.245008,True,False,ok,,Converted from legacy E_new = E_Z @ W candidate.; Fidelity skipped because transpiled circuit has 128 qubits.,89,91.17,1.21,143,157.83,44,46.5,128,"{'cz': 42, 'sx': 41, 'rz': 34, 'rx': 24, 'rzz': 2}",6,6,0,C:\Users\szymo\QuditsOnQubits\QuditsOnQubits\basis_direct_encoding_benchmarks\quantum_circuits\ghz3\monomial_old_codespace__P210_ph120,C:\Users\szymo\QuditsOnQubits\QuditsOnQubits\basis_direct_encoding_benchmarks\quantum_circuits\ghz3\monomial_old_codespace__P210_ph120\F3_W.qpy,C:\Users\szymo\QuditsOnQubits\QuditsOnQubits\basis_direct_encoding_benchmarks\quantum_circuits\ghz3\monomial_old_codespace__P210_ph120\CZ3_W.qpy,C:\Users\szymo\QuditsOnQubits\QuditsOnQubits\basis_direct_encoding_benchmarks\quantum_circuits\ghz3\monomial_old_codespace__P210_ph120\graph_state_direct_basis.qpy
direct_basis_encoding,ghz3,ghz_star,star,ghz3,3,3,6,P210_ph121,monomial,monomial_old_codespace,P210_ph121,True,44,93,137,88,,,0.209782,True,False,ok,,Converted from legacy E_new = E_Z @ W candidate.; Fidelity skipped because transpiled circuit has 128 qubits.,88,90.83,1.46,137,150.67,44,46.5,128,"{'cz': 42, 'sx': 41, 'rz': 28, 'rx': 24, 'rzz': 2}",6,6,0,C:\Users\szymo\QuditsOnQubits\QuditsOnQubits\basis_direct_encoding_benchmarks\quantum_circuits\ghz3\monomial_old_codespace__P210_ph121,C:\Users\szymo\QuditsOnQubits\QuditsOnQubits\basis_direct_encoding_benchmarks\quantum_circuits\ghz3\monomial_old_codespace__P210_ph121\F3_W.qpy,C:\Users\szymo\QuditsOnQubits\QuditsOnQubits\basis_direct_encoding_benchmarks\quantum_circuits\ghz3\monomial_old_codespace__P210_ph121\CZ3_W.qpy,C:\Users\szymo\QuditsOnQubits\QuditsOnQubits\basis_direct_encoding_benchmarks\quantum_circuits\ghz3\monomial_old_codespace__P210_ph121\graph_state_direct_basis.qpy
direct_basis_encoding,ghz3,ghz_star,star,ghz3,3,3,6,P210_ph122,monomial,monomial_old_codespace,P210_ph122,True,44,98,142,89,,,0.213283,True,False,ok,,Converted from legacy E_new = E_Z @ W candidate.; Fidelity skipped because transpiled circuit has 128 qubits.,89,90.5,1.12,142,156.33,44,46.5,128,"{'cz': 42, 'sx': 41, 'rz': 33, 'rx': 24, 'rzz': 2}",6,6,0,C:\Users\szymo\QuditsOnQubits\QuditsOnQubits\basis_direct_encoding_benchmarks\quantum_circuits\ghz3\monomial_old_codespace__P210_ph122,C:\Users\szymo\QuditsOnQubits\QuditsOnQubits\basis_direct_encoding_benchmarks\quantum_circuits\ghz3\monomial_old_codespace__P210_ph122\F3_W.qpy,C:\Users\szymo\QuditsOnQubits\QuditsOnQubits\basis_direct_encoding_benchmarks\quantum_circuits\ghz3\monomial_old_codespace__P210_ph122\CZ3_W.qpy,C:\Users\szymo\QuditsOnQubits\QuditsOnQubits\basis_direct_encoding_benchmarks\quantum_circuits\ghz3\monomial_old_codespace__P210_ph122\graph_state_direct_basis.qpy
direct_basis_encoding,ghz3,ghz_star,star,ghz3,3,3,6,P210_ph200,monomial,monomial_old_codespace,P210_ph200,True,44,94,138,88,,,0.215363,True,False,ok,,Converted from legacy E_new = E_Z @ W candidate.; Fidelity skipped because transpiled circuit has 128 qubits.,88,90.83,1.46,138,152.17,44,46.5,128,"{'cz': 42, 'sx': 41, 'rz': 29, 'rx': 24, 'rzz': 2}",6,6,0,C:\Users\szymo\QuditsOnQubits\QuditsOnQubits\basis_direct_encoding_benchmarks\quantum_circuits\ghz3\monomial_old_codespace__P210_ph200,C:\Users\szymo\QuditsOnQubits\QuditsOnQubits\basis_direct_encoding_benchmarks\quantum_circuits\ghz3\monomial_old_codespace__P210_ph200\F3_W.qpy,C:\Users\szymo\QuditsOnQubits\QuditsOnQubits\basis_direct_encoding_benchmarks\quantum_circuits\ghz3\monomial_old_codespace__P210_ph200\CZ3_W.qpy,C:\Users\szymo\QuditsOnQubits\QuditsOnQubits\basis_direct_encoding_benchmarks\quantum_circuits\ghz3\monomial_old_codespace__P210_ph200\graph_state_direct_basis.qpy
direct_basis_encoding,ghz3,ghz_star,star,ghz3,3,3,6,P210_ph201,monomial,monomial_old_codespace,P210_ph201,True,44,98,142,89,,,0.208372,True,False,ok,,Converted from legacy E_new = E_Z @ W candidate.; Fidelity skipped because transpiled circuit has 128 qubits.,89,90.5,1.12,142,156.33,44,46.5,128,"{'cz': 42, 'sx': 41, 'rz': 33, 'rx': 24, 'rzz': 2}",6,6,0,C:\Users\szymo\QuditsOnQubits\QuditsOnQubits\basis_direct_encoding_benchmarks\quantum_circuits\ghz3\monomial_old_codespace__P210_ph201,C:\Users\szymo\QuditsOnQubits\QuditsOnQubits\basis_direct_encoding_benchmarks\quantum_circuits\ghz3\monomial_old_codespace__P210_ph201\F3_W.qpy,C:\Users\szymo\QuditsOnQubits\QuditsOnQubits\basis_direct_encoding_benchmarks\quantum_circuits\ghz3\monomial_old_codespace__P210_ph201\CZ3_W.qpy,C:\Users\szymo\QuditsOnQubits\QuditsOnQubits\basis_direct_encoding_benchmarks\quantum_circuits\ghz3\monomial_old_codespace__P210_ph201\graph_state_direct_basis.qpy
direct_basis_encoding,ghz3,ghz_star,star,ghz3,3,3,6,P210_ph202,monomial,monomial_old_codespace,P210_ph202,True,44,98,142,89,,,0.208009,True,False,ok,,Converted from legacy E_new = E_Z @ W candidate.; Fidelity skipped because transpiled circuit has 128 qubits.,89,91.17,1.21,142,156.33,44,46.5,128,"{'cz': 42, 'sx': 41, 'rz': 33, 'rx': 24, 'rzz': 2}",6,6,0,C:\Users\szymo\QuditsOnQubits\QuditsOnQubits\basis_direct_encoding_benchmarks\quantum_circuits\ghz3\monomial_old_codespace__P210_ph202,C:\Users\szymo\QuditsOnQubits\QuditsOnQubits\basis_direct_encoding_benchmarks\quantum_circuits\ghz3\monomial_old_codespace__P210_ph202\F3_W.qpy,C:\Users\szymo\QuditsOnQubits\QuditsOnQubits\basis_direct_encoding_benchmarks\quantum_circuits\ghz3\monomial_old_codespace__P210_ph202\CZ3_W.qpy,C:\Users\szymo\QuditsOnQubits\QuditsOnQubits\basis_direct_encoding_benchmarks\quantum_circuits\ghz3\monomial_old_codespace__P210_ph202\graph_state_direct_basis.qpy
direct_basis_encoding,ghz3,ghz_star,star,ghz3,3,3,6,P210_ph210,monomial,monomial_old_codespace,P210_ph210,True,44,99,143,89,,,0.22122,True,False,ok,,Converted from legacy E_new = E_Z @ W candidate.; Fidelity skipped because transpiled circuit has 128 qubits.,89,91.17,1.21,143,157.83,44,46.5,128,"{'cz': 42, 'sx': 41, 'rz': 34, 'rx': 24, 'rzz': 2}",6,6,0,C:\Users\szymo\QuditsOnQubits\QuditsOnQubits\basis_direct_encoding_benchmarks\quantum_circuits\ghz3\monomial_old_codespace__P210_ph210,C:\Users\szymo\QuditsOnQubits\QuditsOnQubits\basis_direct_encoding_benchmarks\quantum_circuits\ghz3\monomial_old_codespace__P210_ph210\F3_W.qpy,C:\Users\szymo\QuditsOnQubits\QuditsOnQubits\basis_direct_encoding_benchmarks\quantum_circuits\ghz3\monomial_old_codespace__P210_ph210\CZ3_W.qpy,C:\Users\szymo\QuditsOnQubits\QuditsOnQubits\basis_direct_encoding_benchmarks\quantum_circuits\ghz3\monomial_old_codespace__P210_ph210\graph_state_direct_basis.qpy
direct_basis_encoding,ghz3,ghz_star,star,ghz3,3,3,6,P210_ph211,monomial,monomial_old_codespace,P210_ph211,True,44,98,142,89,,,0.202732,True,False,ok,,Converted from legacy E_new = E_Z @ W candidate.; Fidelity skipped because transpiled circuit has 128 qubits.,89,90.5,1.12,142,156.33,44,46.5,128,"{'cz': 42, 'sx': 41, 'rz': 33, 'rx': 24, 'rzz': 2}",6,6,0,C:\Users\szymo\QuditsOnQubits\QuditsOnQubits\basis_direct_encoding_benchmarks\quantum_circuits\ghz3\monomial_old_codespace__P210_ph211,C:\Users\szymo\QuditsOnQubits\QuditsOnQubits\basis_direct_encoding_benchmarks\quantum_circuits\ghz3\monomial_old_codespace__P210_ph211\F3_W.qpy,C:\Users\szymo\QuditsOnQubits\QuditsOnQubits\basis_direct_encoding_benchmarks\quantum_circuits\ghz3\monomial_old_codespace__P210_ph211\CZ3_W.qpy,C:\Users\szymo\QuditsOnQubits\QuditsOnQubits\basis_direct_encoding_benchmarks\quantum_circuits\ghz3\monomial_old_codespace__P210_ph211\graph_state_direct_basis.qpy
direct_basis_encoding,ghz3,ghz_star,star,ghz3,3,3,6,P210_ph212,monomial,monomial_old_codespace,P210_ph212,True,44,93,137,88,,,0.245592,True,False,ok,,Converted from legacy E_new = E_Z @ W candidate.; Fidelity skipped because transpiled circuit has 128 qubits.,88,90.83,1.46,137,150.67,44,46.5,128,"{'cz': 42, 'sx': 41, 'rz': 28, 'rx': 24, 'rzz': 2}",6,6,0,C:\Users\szymo\QuditsOnQubits\QuditsOnQubits\basis_direct_encoding_benchmarks\quantum_circuits\ghz3\monomial_old_codespace__P210_ph212,C:\Users\szymo\QuditsOnQubits\QuditsOnQubits\basis_direct_encoding_benchmarks\quantum_circuits\ghz3\monomial_old_codespace__P210_ph212\F3_W.qpy,C:\Users\szymo\QuditsOnQubits\QuditsOnQubits\basis_direct_encoding_benchmarks\quantum_circuits\ghz3\monomial_old_codespace__P210_ph212\CZ3_W.qpy,C:\Users\szymo\QuditsOnQubits\QuditsOnQubits\basis_direct_encoding_benchmarks\quantum_circuits\ghz3\monomial_old_codespace__P210_ph212\graph_state_direct_basis.qpy
direct_basis_encoding,ghz3,ghz_star,star,ghz3,3,3,6,P210_ph220,monomial,monomial_old_codespace,P210_ph220,True,44,98,142,88,,,0.211765,True,False,ok,,Converted from legacy E_new = E_Z @ W candidate.; Fidelity skipped because transpiled circuit has 128 qubits.,88,90.83,1.46,142,157.5,44,46.5,128,"{'cz': 42, 'sx': 41, 'rz': 33, 'rx': 24, 'rzz': 2}",6,6,0,C:\Users\szymo\QuditsOnQubits\QuditsOnQubits\basis_direct_encoding_benchmarks\quantum_circuits\ghz3\monomial_old_codespace__P210_ph220,C:\Users\szymo\QuditsOnQubits\QuditsOnQubits\basis_direct_encoding_benchmarks\quantum_circuits\ghz3\monomial_old_codespace__P210_ph220\F3_W.qpy,C:\Users\szymo\QuditsOnQubits\QuditsOnQubits\basis_direct_encoding_benchmarks\quantum_circuits\ghz3\monomial_old_codespace__P210_ph220\CZ3_W.qpy,C:\Users\szymo\QuditsOnQubits\QuditsOnQubits\basis_direct_encoding_benchmarks\quantum_circuits\ghz3\monomial_old_codespace__P210_ph220\graph_state_direct_basis.qpy
direct_basis_encoding,ghz3,ghz_star,star,ghz3,3,3,6,P210_ph221,monomial,monomial_old_codespace,P210_ph221,True,44,93,137,88,,,0.232526,True,False,ok,,Converted from legacy E_new = E_Z @ W candidate.; Fidelity skipped because transpiled circuit has 128 qubits.,88,90.17,1.21,137,150.67,44,46.5,128,"{'cz': 42, 'sx': 41, 'rz': 28, 'rx': 24, 'rzz': 2}",6,6,0,C:\Users\szymo\QuditsOnQubits\QuditsOnQubits\basis_direct_encoding_benchmarks\quantum_circuits\ghz3\monomial_old_codespace__P210_ph221,C:\Users\szymo\QuditsOnQubits\QuditsOnQubits\basis_direct_encoding_benchmarks\quantum_circuits\ghz3\monomial_old_codespace__P210_ph221\F3_W.qpy,C:\Users\szymo\QuditsOnQubits\QuditsOnQubits\basis_direct_encoding_benchmarks\quantum_circuits\ghz3\monomial_old_codespace__P210_ph221\CZ3_W.qpy,C:\Users\szymo\QuditsOnQubits\QuditsOnQubits\basis_direct_encoding_benchmarks\quantum_circuits\ghz3\monomial_old_codespace__P210_ph221\graph_state_direct_basis.qpy
direct_basis_encoding,ghz3,ghz_star,star,ghz3,3,3,6,P210_ph222,monomial,monomial_old_codespace,P210_ph222,True,44,97,141,88,,,0.221725,True,False,ok,,Converted from legacy E_new = E_Z @ W candidate.; Fidelity skipped because transpiled circuit has 128 qubits.,88,90.83,1.46,141,156.0,44,46.5,128,"{'cz': 42, 'sx': 41, 'rz': 32, 'rx': 24, 'rzz': 2}",6,6,0,C:\Users\szymo\QuditsOnQubits\QuditsOnQubits\basis_direct_encoding_benchmarks\quantum_circuits\ghz3\monomial_old_codespace__P210_ph222,C:\Users\szymo\QuditsOnQubits\QuditsOnQubits\basis_direct_encoding_benchmarks\quantum_circuits\ghz3\monomial_old_codespace__P210_ph222\F3_W.qpy,C:\Users\szymo\QuditsOnQubits\QuditsOnQubits\basis_direct_encoding_benchmarks\quantum_circuits\ghz3\monomial_old_codespace__P210_ph222\CZ3_W.qpy,C:\Users\szymo\QuditsOnQubits\QuditsOnQubits\basis_direct_encoding_benchmarks\quantum_circuits\ghz3\monomial_old_codespace__P210_ph222\graph_state_direct_basis.qpy
direct_basis_encoding,ghz3,ghz_star,star,ghz3,3,3,6,D000_F3_D000,fourier_like,fourier_like,D000_F3_D000,True,454,1249,1703,1075,,,0.807888,True,False,ok,,Converted from legacy E_new = E_Z @ W candidate.; Fidelity skipped because transpiled circuit has 128 qubits.,1075,1078.33,3.77,1703,1710.67,454,456.0,128,"{'sx': 471, 'rz': 418, 'cz': 375, 'rx': 360, 'rzz': 79}",6,6,0,C:\Users\szymo\QuditsOnQubits\QuditsOnQubits\basis_direct_encoding_benchmarks\quantum_circuits\ghz3\fourier_like__D000_F3_D000,C:\Users\szymo\QuditsOnQubits\QuditsOnQubits\basis_direct_encoding_benchmarks\quantum_circuits\ghz3\fourier_like__D000_F3_D000\F3_W.qpy,C:\Users\szymo\QuditsOnQubits\QuditsOnQubits\basis_direct_encoding_benchmarks\quantum_circuits\ghz3\fourier_like__D000_F3_D000\CZ3_W.qpy,C:\Users\szymo\QuditsOnQubits\QuditsOnQubits\basis_direct_encoding_benchmarks\quantum_circuits\ghz3\fourier_like__D000_F3_D000\graph_state_direct_basis.qpy
direct_basis_encoding,ghz3,ghz_star,star,ghz3,3,3,6,D000_F3_D001,fourier_like,fourier_like,D000_F3_D001,True,459,1265,1724,1084,,,0.928545,True,False,ok,,Converted from legacy E_new = E_Z @ W candidate.; Fidelity skipped because transpiled circuit has 128 qubits.,1084,1085.67,1.89,1724,1728.0,459,459.67,128,"{'sx': 477, 'rz': 426, 'cz': 379, 'rx': 362, 'rzz': 80}",6,6,0,C:\Users\szymo\QuditsOnQubits\QuditsOnQubits\basis_direct_encoding_benchmarks\quantum_circuits\ghz3\fourier_like__D000_F3_D001,C:\Users\szymo\QuditsOnQubits\QuditsOnQubits\basis_direct_encoding_benchmarks\quantum_circuits\ghz3\fourier_like__D000_F3_D001\F3_W.qpy,C:\Users\szymo\QuditsOnQubits\QuditsOnQubits\basis_direct_encoding_benchmarks\quantum_circuits\ghz3\fourier_like__D000_F3_D001\CZ3_W.qpy,C:\Users\szymo\QuditsOnQubits\QuditsOnQubits\basis_direct_encoding_benchmarks\quantum_circuits\ghz3\fourier_like__D000_F3_D001\graph_state_direct_basis.qpy
direct_basis_encoding,ghz3,ghz_star,star,ghz3,3,3,6,D000_F3_D010,fourier_like,fourier_like,D000_F3_D010,True,459,1266,1725,1085,,,0.73307,True,False,ok,,Converted from legacy E_new = E_Z @ W candidate.; Fidelity skipped because transpiled circuit has 128 qubits.,1085,1086.67,1.89,1725,1729.0,459,459.67,128,"{'sx': 477, 'rz': 426, 'cz': 379, 'rx': 363, 'rzz': 80}",6,6,0,C:\Users\szymo\QuditsOnQubits\QuditsOnQubits\basis_direct_encoding_benchmarks\quantum_circuits\ghz3\fourier_like__D000_F3_D010,C:\Users\szymo\QuditsOnQubits\QuditsOnQubits\basis_direct_encoding_benchmarks\quantum_circuits\ghz3\fourier_like__D000_F3_D010\F3_W.qpy,C:\Users\szymo\QuditsOnQubits\QuditsOnQubits\basis_direct_encoding_benchmarks\quantum_circuits\ghz3\fourier_like__D000_F3_D010\CZ3_W.qpy,C:\Users\szymo\QuditsOnQubits\QuditsOnQubits\basis_direct_encoding_benchmarks\quantum_circuits\ghz3\fourier_like__D000_F3_D010\graph_state_direct_basis.qpy
direct_basis_encoding,ghz3,ghz_star,star,ghz3,3,3,6,D000_F3_D011,fourier_like,fourier_like,D000_F3_D011,True,459,1263,1722,1082,,,0.716628,True,False,ok,,Converted from legacy E_new = E_Z @ W candidate.; Fidelity skipped because transpiled circuit has 128 qubits.,1082,1084.0,2.31,1722,1726.67,459,459.67,128,"{'sx': 477, 'rz': 426, 'cz': 379, 'rx': 360, 'rzz': 80}",6,6,0,C:\Users\szymo\QuditsOnQubits\QuditsOnQubits\basis_direct_encoding_benchmarks\quantum_circuits\ghz3\fourier_like__D000_F3_D011,C:\Users\szymo\QuditsOnQubits\QuditsOnQubits\basis_direct_encoding_benchmarks\quantum_circuits\ghz3\fourier_like__D000_F3_D011\F3_W.qpy,C:\Users\szymo\QuditsOnQubits\QuditsOnQubits\basis_direct_encoding_benchmarks\quantum_circuits\ghz3\fourier_like__D000_F3_D011\CZ3_W.qpy,C:\Users\szymo\QuditsOnQubits\QuditsOnQubits\basis_direct_encoding_benchmarks\quantum_circuits\ghz3\fourier_like__D000_F3_D011\graph_state_direct_basis.qpy
direct_basis_encoding,ghz3,ghz_star,star,ghz3,3,3,6,D000_F3_D100,fourier_like,fourier_like,D000_F3_D100,True,459,1263,1722,1082,,,0.742865,True,False,ok,,Converted from legacy E_new = E_Z @ W candidate.; Fidelity skipped because transpiled circuit has 128 qubits.,1082,1084.0,2.31,1722,1726.67,459,459.67,128,"{'sx': 477, 'rz': 426, 'cz': 379, 'rx': 360, 'rzz': 80}",6,6,0,C:\Users\szymo\QuditsOnQubits\QuditsOnQubits\basis_direct_encoding_benchmarks\quantum_circuits\ghz3\fourier_like__D000_F3_D100,C:\Users\szymo\QuditsOnQubits\QuditsOnQubits\basis_direct_encoding_benchmarks\quantum_circuits\ghz3\fourier_like__D000_F3_D100\F3_W.qpy,C:\Users\szymo\QuditsOnQubits\QuditsOnQubits\basis_direct_encoding_benchmarks\quantum_circuits\ghz3\fourier_like__D000_F3_D100\CZ3_W.qpy,C:\Users\szymo\QuditsOnQubits\QuditsOnQubits\basis_direct_encoding_benchmarks\quantum_circuits\ghz3\fourier_like__D000_F3_D100\graph_state_direct_basis.qpy
direct_basis_encoding,ghz3,ghz_star,star,ghz3,3,3,6,D000_F3_D101,fourier_like,fourier_like,D000_F3_D101,True,459,1264,1723,1083,,,0.741672,True,False,ok,,Converted from legacy E_new = E_Z @ W candidate.; Fidelity skipped because transpiled circuit has 128 qubits.,1083,1085.0,2.31,1723,1727.67,459,459.67,128,"{'sx': 477, 'rz': 426, 'cz': 379, 'rx': 361, 'rzz': 80}",6,6,0,C:\Users\szymo\QuditsOnQubits\QuditsOnQubits\basis_direct_encoding_benchmarks\quantum_circuits\ghz3\fourier_like__D000_F3_D101,C:\Users\szymo\QuditsOnQubits\QuditsOnQubits\basis_direct_encoding_benchmarks\quantum_circuits\ghz3\fourier_like__D000_F3_D101\F3_W.qpy,C:\Users\szymo\QuditsOnQubits\QuditsOnQubits\basis_direct_encoding_benchmarks\quantum_circuits\ghz3\fourier_like__D000_F3_D101\CZ3_W.qpy,C:\Users\szymo\QuditsOnQubits\QuditsOnQubits\basis_direct_encoding_benchmarks\quantum_circuits\ghz3\fourier_like__D000_F3_D101\graph_state_direct_basis.qpy
direct_basis_encoding,ghz3,ghz_star,star,ghz3,3,3,6,D000_F3_D110,fourier_like,fourier_like,D000_F3_D110,True,459,1265,1724,1084,,,0.765424,True,False,ok,,Converted from legacy E_new = E_Z @ W candidate.; Fidelity skipped because transpiled circuit has 128 qubits.,1084,1085.33,1.49,1724,1727.67,459,459.67,128,"{'sx': 477, 'rz': 426, 'cz': 379, 'rx': 362, 'rzz': 80}",6,6,0,C:\Users\szymo\QuditsOnQubits\QuditsOnQubits\basis_direct_encoding_benchmarks\quantum_circuits\ghz3\fourier_like__D000_F3_D110,C:\Users\szymo\QuditsOnQubits\QuditsOnQubits\basis_direct_encoding_benchmarks\quantum_circuits\ghz3\fourier_like__D000_F3_D110\F3_W.qpy,C:\Users\szymo\QuditsOnQubits\QuditsOnQubits\basis_direct_encoding_benchmarks\quantum_circuits\ghz3\fourier_like__D000_F3_D110\CZ3_W.qpy,C:\Users\szymo\QuditsOnQubits\QuditsOnQubits\basis_direct_encoding_benchmarks\quantum_circuits\ghz3\fourier_like__D000_F3_D110\graph_state_direct_basis.qpy
direct_basis_encoding,ghz3,ghz_star,star,ghz3,3,3,6,D000_F3_D111,fourier_like,fourier_like,D000_F3_D111,True,459,1256,1715,1082,,,0.733021,True,False,ok,,Converted from legacy E_new = E_Z @ W candidate.; Fidelity skipped because transpiled circuit has 128 qubits.,1082,1083.67,1.89,1715,1720.67,459,459.67,128,"{'sx': 477, 'rz': 420, 'cz': 379, 'rx': 359, 'rzz': 80}",6,6,0,C:\Users\szymo\QuditsOnQubits\QuditsOnQubits\basis_direct_encoding_benchmarks\quantum_circuits\ghz3\fourier_like__D000_F3_D111,C:\Users\szymo\QuditsOnQubits\QuditsOnQubits\basis_direct_encoding_benchmarks\quantum_circuits\ghz3\fourier_like__D000_F3_D111\F3_W.qpy,C:\Users\szymo\QuditsOnQubits\QuditsOnQubits\basis_direct_encoding_benchmarks\quantum_circuits\ghz3\fourier_like__D000_F3_D111\CZ3_W.qpy,C:\Users\szymo\QuditsOnQubits\QuditsOnQubits\basis_direct_encoding_benchmarks\quantum_circuits\ghz3\fourier_like__D000_F3_D111\graph_state_direct_basis.qpy
direct_basis_encoding,ghz3,ghz_star,star,ghz3,3,3,6,D001_F3_D000,fourier_like,fourier_like,D001_F3_D000,True,454,1249,1703,1075,,,0.703166,True,False,ok,,Converted from legacy E_new = E_Z @ W candidate.; Fidelity skipped because transpiled circuit has 128 qubits.,1075,1078.0,3.46,1703,1710.33,454,456.0,128,"{'sx': 471, 'rz': 418, 'cz': 375, 'rx': 360, 'rzz': 79}",6,6,0,C:\Users\szymo\QuditsOnQubits\QuditsOnQubits\basis_direct_encoding_benchmarks\quantum_circuits\ghz3\fourier_like__D001_F3_D000,C:\Users\szymo\QuditsOnQubits\QuditsOnQubits\basis_direct_encoding_benchmarks\quantum_circuits\ghz3\fourier_like__D001_F3_D000\F3_W.qpy,C:\Users\szymo\QuditsOnQubits\QuditsOnQubits\basis_direct_encoding_benchmarks\quantum_circuits\ghz3\fourier_like__D001_F3_D000\CZ3_W.qpy,C:\Users\szymo\QuditsOnQubits\QuditsOnQubits\basis_direct_encoding_benchmarks\quantum_circuits\ghz3\fourier_like__D001_F3_D000\graph_state_direct_basis.qpy
direct_basis_encoding,ghz3,ghz_star,star,ghz3,3,3,6,D001_F3_D001,fourier_like,fourier_like,D001_F3_D001,True,459,1264,1723,1083,,,0.718196,True,False,ok,,Converted from legacy E_new = E_Z @ W candidate.; Fidelity skipped because transpiled circuit has 128 qubits.,1083,1084.67,1.89,1723,1727.33,459,459.67,128,"{'sx': 477, 'rz': 426, 'cz': 379, 'rx': 361, 'rzz': 80}",6,6,0,C:\Users\szymo\QuditsOnQubits\QuditsOnQubits\basis_direct_encoding_benchmarks\quantum_circuits\ghz3\fourier_like__D001_F3_D001,C:\Users\szymo\QuditsOnQubits\QuditsOnQubits\basis_direct_encoding_benchmarks\quantum_circuits\ghz3\fourier_like__D001_F3_D001\F3_W.qpy,C:\Users\szymo\QuditsOnQubits\QuditsOnQubits\basis_direct_encoding_benchmarks\quantum_circuits\ghz3\fourier_like__D001_F3_D001\CZ3_W.qpy,C:\Users\szymo\QuditsOnQubits\QuditsOnQubits\basis_direct_encoding_benchmarks\quantum_circuits\ghz3\fourier_like__D001_F3_D001\graph_state_direct_basis.qpy
direct_basis_encoding,ghz3,ghz_star,star,ghz3,3,3,6,D001_F3_D010,fourier_like,fourier_like,D001_F3_D010,True,459,1264,1723,1083,,,0.734494,True,False,ok,,Converted from legacy E_new = E_Z @ W candidate.; Fidelity skipped because transpiled circuit has 128 qubits.,1083,1084.67,1.89,1723,1727.33,459,459.67,128,"{'sx': 477, 'rz': 426, 'cz': 379, 'rx': 361, 'rzz': 80}",6,6,0,C:\Users\szymo\QuditsOnQubits\QuditsOnQubits\basis_direct_encoding_benchmarks\quantum_circuits\ghz3\fourier_like__D001_F3_D010,C:\Users\szymo\QuditsOnQubits\QuditsOnQubits\basis_direct_encoding_benchmarks\quantum_circuits\ghz3\fourier_like__D001_F3_D010\F3_W.qpy,C:\Users\szymo\QuditsOnQubits\QuditsOnQubits\basis_direct_encoding_benchmarks\quantum_circuits\ghz3\fourier_like__D001_F3_D010\CZ3_W.qpy,C:\Users\szymo\QuditsOnQubits\QuditsOnQubits\basis_direct_encoding_benchmarks\quantum_circuits\ghz3\fourier_like__D001_F3_D010\graph_state_direct_basis.qpy
direct_basis_encoding,ghz3,ghz_star,star,ghz3,3,3,6,D001_F3_D011,fourier_like,fourier_like,D001_F3_D011,True,459,1265,1724,1084,,,0.748379,True,False,ok,,Converted from legacy E_new = E_Z @ W candidate.; Fidelity skipped because transpiled circuit has 128 qubits.,1084,1085.33,1.49,1724,1728.0,459,459.67,128,"{'sx': 477, 'rz': 426, 'cz': 379, 'rx': 362, 'rzz': 80}",6,6,0,C:\Users\szymo\QuditsOnQubits\QuditsOnQubits\basis_direct_encoding_benchmarks\quantum_circuits\ghz3\fourier_like__D001_F3_D011,C:\Users\szymo\QuditsOnQubits\QuditsOnQubits\basis_direct_encoding_benchmarks\quantum_circuits\ghz3\fourier_like__D001_F3_D011\F3_W.qpy,C:\Users\szymo\QuditsOnQubits\QuditsOnQubits\basis_direct_encoding_benchmarks\quantum_circuits\ghz3\fourier_like__D001_F3_D011\CZ3_W.qpy,C:\Users\szymo\QuditsOnQubits\QuditsOnQubits\basis_direct_encoding_benchmarks\quantum_circuits\ghz3\fourier_like__D001_F3_D011\graph_state_direct_basis.qpy
direct_basis_encoding,ghz3,ghz_star,star,ghz3,3,3,6,D001_F3_D100,fourier_like,fourier_like,D001_F3_D100,True,459,1263,1722,1082,,,0.749953,True,False,ok,,Converted from legacy E_new = E_Z @ W candidate.; Fidelity skipped because transpiled circuit has 128 qubits.,1082,1084.0,2.31,1722,1726.67,459,459.67,128,"{'sx': 477, 'rz': 426, 'cz': 379, 'rx': 360, 'rzz': 80}",6,6,0,C:\Users\szymo\QuditsOnQubits\QuditsOnQubits\basis_direct_encoding_benchmarks\quantum_circuits\ghz3\fourier_like__D001_F3_D100,C:\Users\szymo\QuditsOnQubits\QuditsOnQubits\basis_direct_encoding_benchmarks\quantum_circuits\ghz3\fourier_like__D001_F3_D100\F3_W.qpy,C:\Users\szymo\QuditsOnQubits\QuditsOnQubits\basis_direct_encoding_benchmarks\quantum_circuits\ghz3\fourier_like__D001_F3_D100\CZ3_W.qpy,C:\Users\szymo\QuditsOnQubits\QuditsOnQubits\basis_direct_encoding_benchmarks\quantum_circuits\ghz3\fourier_like__D001_F3_D100\graph_state_direct_basis.qpy
direct_basis_encoding,ghz3,ghz_star,star,ghz3,3,3,6,D001_F3_D101,fourier_like,fourier_like,D001_F3_D101,True,459,1265,1724,1084,,,0.749784,True,False,ok,,Converted from legacy E_new = E_Z @ W candidate.; Fidelity skipped because transpiled circuit has 128 qubits.,1084,1085.67,1.89,1724,1728.33,459,459.67,128,"{'sx': 477, 'rz': 426, 'cz': 379, 'rx': 362, 'rzz': 80}",6,6,0,C:\Users\szymo\QuditsOnQubits\QuditsOnQubits\basis_direct_encoding_benchmarks\quantum_circuits\ghz3\fourier_like__D001_F3_D101,C:\Users\szymo\QuditsOnQubits\QuditsOnQubits\basis_direct_encoding_benchmarks\quantum_circuits\ghz3\fourier_like__D001_F3_D101\F3_W.qpy,C:\Users\szymo\QuditsOnQubits\QuditsOnQubits\basis_direct_encoding_benchmarks\quantum_circuits\ghz3\fourier_like__D001_F3_D101\CZ3_W.qpy,C:\Users\szymo\QuditsOnQubits\QuditsOnQubits\basis_direct_encoding_benchmarks\quantum_circuits\ghz3\fourier_like__D001_F3_D101\graph_state_direct_basis.qpy
direct_basis_encoding,ghz3,ghz_star,star,ghz3,3,3,6,D001_F3_D110,fourier_like,fourier_like,D001_F3_D110,True,459,1264,1723,1083,,,0.738866,True,False,ok,,Converted from legacy E_new = E_Z @ W candidate.; Fidelity skipped because transpiled circuit has 128 qubits.,1083,1084.67,1.89,1723,1727.0,459,459.67,128,"{'sx': 477, 'rz': 426, 'cz': 379, 'rx': 361, 'rzz': 80}",6,6,0,C:\Users\szymo\QuditsOnQubits\QuditsOnQubits\basis_direct_encoding_benchmarks\quantum_circuits\ghz3\fourier_like__D001_F3_D110,C:\Users\szymo\QuditsOnQubits\QuditsOnQubits\basis_direct_encoding_benchmarks\quantum_circuits\ghz3\fourier_like__D001_F3_D110\F3_W.qpy,C:\Users\szymo\QuditsOnQubits\QuditsOnQubits\basis_direct_encoding_benchmarks\quantum_circuits\ghz3\fourier_like__D001_F3_D110\CZ3_W.qpy,C:\Users\szymo\QuditsOnQubits\QuditsOnQubits\basis_direct_encoding_benchmarks\quantum_circuits\ghz3\fourier_like__D001_F3_D110\graph_state_direct_basis.qpy
direct_basis_encoding,ghz3,ghz_star,star,ghz3,3,3,6,D001_F3_D111,fourier_like,fourier_like,D001_F3_D111,True,459,1256,1715,1082,,,0.727266,True,False,ok,,Converted from legacy E_new = E_Z @ W candidate.; Fidelity skipped because transpiled circuit has 128 qubits.,1082,1084.0,2.31,1715,1721.0,459,459.67,128,"{'sx': 477, 'rz': 420, 'cz': 379, 'rx': 359, 'rzz': 80}",6,6,0,C:\Users\szymo\QuditsOnQubits\QuditsOnQubits\basis_direct_encoding_benchmarks\quantum_circuits\ghz3\fourier_like__D001_F3_D111,C:\Users\szymo\QuditsOnQubits\QuditsOnQubits\basis_direct_encoding_benchmarks\quantum_circuits\ghz3\fourier_like__D001_F3_D111\F3_W.qpy,C:\Users\szymo\QuditsOnQubits\QuditsOnQubits\basis_direct_encoding_benchmarks\quantum_circuits\ghz3\fourier_like__D001_F3_D111\CZ3_W.qpy,C:\Users\szymo\QuditsOnQubits\QuditsOnQubits\basis_direct_encoding_benchmarks\quantum_circuits\ghz3\fourier_like__D001_F3_D111\graph_state_direct_basis.qpy
direct_basis_encoding,ghz3,ghz_star,star,ghz3,3,3,6,D010_F3_D000,fourier_like,fourier_like,D010_F3_D000,True,454,1247,1701,1073,,,0.666823,True,False,ok,,Converted from legacy E_new = E_Z @ W candidate.; Fidelity skipped because transpiled circuit has 128 qubits.,1073,1076.33,3.77,1701,1708.67,454,456.0,128,"{'sx': 471, 'rz': 418, 'cz': 375, 'rx': 358, 'rzz': 79}",6,6,0,C:\Users\szymo\QuditsOnQubits\QuditsOnQubits\basis_direct_encoding_benchmarks\quantum_circuits\ghz3\fourier_like__D010_F3_D000,C:\Users\szymo\QuditsOnQubits\QuditsOnQubits\basis_direct_encoding_benchmarks\quantum_circuits\ghz3\fourier_like__D010_F3_D000\F3_W.qpy,C:\Users\szymo\QuditsOnQubits\QuditsOnQubits\basis_direct_encoding_benchmarks\quantum_circuits\ghz3\fourier_like__D010_F3_D000\CZ3_W.qpy,C:\Users\szymo\QuditsOnQubits\QuditsOnQubits\basis_direct_encoding_benchmarks\quantum_circuits\ghz3\fourier_like__D010_F3_D000\graph_state_direct_basis.qpy
direct_basis_encoding,ghz3,ghz_star,star,ghz3,3,3,6,D010_F3_D001,fourier_like,fourier_like,D010_F3_D001,True,459,1264,1723,1083,,,0.749826,True,False,ok,,Converted from legacy E_new = E_Z @ W candidate.; Fidelity skipped because transpiled circuit has 128 qubits.,1083,1084.67,1.89,1723,1727.33,459,459.67,128,"{'sx': 477, 'rz': 426, 'cz': 379, 'rx': 361, 'rzz': 80}",6,6,0,C:\Users\szymo\QuditsOnQubits\QuditsOnQubits\basis_direct_encoding_benchmarks\quantum_circuits\ghz3\fourier_like__D010_F3_D001,C:\Users\szymo\QuditsOnQubits\QuditsOnQubits\basis_direct_encoding_benchmarks\quantum_circuits\ghz3\fourier_like__D010_F3_D001\F3_W.qpy,C:\Users\szymo\QuditsOnQubits\QuditsOnQubits\basis_direct_encoding_benchmarks\quantum_circuits\ghz3\fourier_like__D010_F3_D001\CZ3_W.qpy,C:\Users\szymo\QuditsOnQubits\QuditsOnQubits\basis_direct_encoding_benchmarks\quantum_circuits\ghz3\fourier_like__D010_F3_D001\graph_state_direct_basis.qpy
direct_basis_encoding,ghz3,ghz_star,star,ghz3,3,3,6,D010_F3_D010,fourier_like,fourier_like,D010_F3_D010,True,459,1264,1723,1083,,,0.75008,True,False,ok,,Converted from legacy E_new = E_Z @ W candidate.; Fidelity skipped because transpiled circuit has 128 qubits.,1083,1084.67,1.89,1723,1727.33,459,459.67,128,"{'sx': 477, 'rz': 426, 'cz': 379, 'rx': 361, 'rzz': 80}",6,6,0,C:\Users\szymo\QuditsOnQubits\QuditsOnQubits\basis_direct_encoding_benchmarks\quantum_circuits\ghz3\fourier_like__D010_F3_D010,C:\Users\szymo\QuditsOnQubits\QuditsOnQubits\basis_direct_encoding_benchmarks\quantum_circuits\ghz3\fourier_like__D010_F3_D010\F3_W.qpy,C:\Users\szymo\QuditsOnQubits\QuditsOnQubits\basis_direct_encoding_benchmarks\quantum_circuits\ghz3\fourier_like__D010_F3_D010\CZ3_W.qpy,C:\Users\szymo\QuditsOnQubits\QuditsOnQubits\basis_direct_encoding_benchmarks\quantum_circuits\ghz3\fourier_like__D010_F3_D010\graph_state_direct_basis.qpy
direct_basis_encoding,ghz3,ghz_star,star,ghz3,3,3,6,D010_F3_D011,fourier_like,fourier_like,D010_F3_D011,True,459,1264,1723,1083,,,0.738242,True,False,ok,,Converted from legacy E_new = E_Z @ W candidate.; Fidelity skipped because transpiled circuit has 128 qubits.,1083,1084.67,1.89,1723,1727.0,459,459.67,128,"{'sx': 477, 'rz': 426, 'cz': 379, 'rx': 361, 'rzz': 80}",6,6,0,C:\Users\szymo\QuditsOnQubits\QuditsOnQubits\basis_direct_encoding_benchmarks\quantum_circuits\ghz3\fourier_like__D010_F3_D011,C:\Users\szymo\QuditsOnQubits\QuditsOnQubits\basis_direct_encoding_benchmarks\quantum_circuits\ghz3\fourier_like__D010_F3_D011\F3_W.qpy,C:\Users\szymo\QuditsOnQubits\QuditsOnQubits\basis_direct_encoding_benchmarks\quantum_circuits\ghz3\fourier_like__D010_F3_D011\CZ3_W.qpy,C:\Users\szymo\QuditsOnQubits\QuditsOnQubits\basis_direct_encoding_benchmarks\quantum_circuits\ghz3\fourier_like__D010_F3_D011\graph_state_direct_basis.qpy
direct_basis_encoding,ghz3,ghz_star,star,ghz3,3,3,6,D010_F3_D100,fourier_like,fourier_like,D010_F3_D100,True,459,1264,1723,1083,,,0.711673,True,False,ok,,Converted from legacy E_new = E_Z @ W candidate.; Fidelity skipped because transpiled circuit has 128 qubits.,1083,1084.67,1.89,1723,1727.0,459,459.67,128,"{'sx': 477, 'rz': 426, 'cz': 379, 'rx': 361, 'rzz': 80}",6,6,0,C:\Users\szymo\QuditsOnQubits\QuditsOnQubits\basis_direct_encoding_benchmarks\quantum_circuits\ghz3\fourier_like__D010_F3_D100,C:\Users\szymo\QuditsOnQubits\QuditsOnQubits\basis_direct_encoding_benchmarks\quantum_circuits\ghz3\fourier_like__D010_F3_D100\F3_W.qpy,C:\Users\szymo\QuditsOnQubits\QuditsOnQubits\basis_direct_encoding_benchmarks\quantum_circuits\ghz3\fourier_like__D010_F3_D100\CZ3_W.qpy,C:\Users\szymo\QuditsOnQubits\QuditsOnQubits\basis_direct_encoding_benchmarks\quantum_circuits\ghz3\fourier_like__D010_F3_D100\graph_state_direct_basis.qpy
direct_basis_encoding,ghz3,ghz_star,star,ghz3,3,3,6,D010_F3_D101,fourier_like,fourier_like,D010_F3_D101,True,459,1264,1723,1083,,,0.732983,True,False,ok,,Converted from legacy E_new = E_Z @ W candidate.; Fidelity skipped because transpiled circuit has 128 qubits.,1083,1084.67,1.89,1723,1727.0,459,459.67,128,"{'sx': 477, 'rz': 426, 'cz': 379, 'rx': 361, 'rzz': 80}",6,6,0,C:\Users\szymo\QuditsOnQubits\QuditsOnQubits\basis_direct_encoding_benchmarks\quantum_circuits\ghz3\fourier_like__D010_F3_D101,C:\Users\szymo\QuditsOnQubits\QuditsOnQubits\basis_direct_encoding_benchmarks\quantum_circuits\ghz3\fourier_like__D010_F3_D101\F3_W.qpy,C:\Users\szymo\QuditsOnQubits\QuditsOnQubits\basis_direct_encoding_benchmarks\quantum_circuits\ghz3\fourier_like__D010_F3_D101\CZ3_W.qpy,C:\Users\szymo\QuditsOnQubits\QuditsOnQubits\basis_direct_encoding_benchmarks\quantum_circuits\ghz3\fourier_like__D010_F3_D101\graph_state_direct_basis.qpy
direct_basis_encoding,ghz3,ghz_star,star,ghz3,3,3,6,D010_F3_D110,fourier_like,fourier_like,D010_F3_D110,True,459,1264,1723,1083,,,0.717029,True,False,ok,,Converted from legacy E_new = E_Z @ W candidate.; Fidelity skipped because transpiled circuit has 128 qubits.,1083,1084.67,1.89,1723,1727.0,459,459.67,128,"{'sx': 477, 'rz': 426, 'cz': 379, 'rx': 361, 'rzz': 80}",6,6,0,C:\Users\szymo\QuditsOnQubits\QuditsOnQubits\basis_direct_encoding_benchmarks\quantum_circuits\ghz3\fourier_like__D010_F3_D110,C:\Users\szymo\QuditsOnQubits\QuditsOnQubits\basis_direct_encoding_benchmarks\quantum_circuits\ghz3\fourier_like__D010_F3_D110\F3_W.qpy,C:\Users\szymo\QuditsOnQubits\QuditsOnQubits\basis_direct_encoding_benchmarks\quantum_circuits\ghz3\fourier_like__D010_F3_D110\CZ3_W.qpy,C:\Users\szymo\QuditsOnQubits\QuditsOnQubits\basis_direct_encoding_benchmarks\quantum_circuits\ghz3\fourier_like__D010_F3_D110\graph_state_direct_basis.qpy
direct_basis_encoding,ghz3,ghz_star,star,ghz3,3,3,6,D010_F3_D111,fourier_like,fourier_like,D010_F3_D111,True,459,1256,1715,1082,,,0.716426,True,False,ok,,Converted from legacy E_new = E_Z @ W candidate.; Fidelity skipped because transpiled circuit has 128 qubits.,1082,1083.67,1.89,1715,1720.67,459,459.67,128,"{'sx': 477, 'rz': 420, 'cz': 379, 'rx': 359, 'rzz': 80}",6,6,0,C:\Users\szymo\QuditsOnQubits\QuditsOnQubits\basis_direct_encoding_benchmarks\quantum_circuits\ghz3\fourier_like__D010_F3_D111,C:\Users\szymo\QuditsOnQubits\QuditsOnQubits\basis_direct_encoding_benchmarks\quantum_circuits\ghz3\fourier_like__D010_F3_D111\F3_W.qpy,C:\Users\szymo\QuditsOnQubits\QuditsOnQubits\basis_direct_encoding_benchmarks\quantum_circuits\ghz3\fourier_like__D010_F3_D111\CZ3_W.qpy,C:\Users\szymo\QuditsOnQubits\QuditsOnQubits\basis_direct_encoding_benchmarks\quantum_circuits\ghz3\fourier_like__D010_F3_D111\graph_state_direct_basis.qpy
direct_basis_encoding,ghz3,ghz_star,star,ghz3,3,3,6,D011_F3_D000,fourier_like,fourier_like,D011_F3_D000,True,454,1246,1700,1072,,,0.712201,True,False,ok,,Converted from legacy E_new = E_Z @ W candidate.; Fidelity skipped because transpiled circuit has 128 qubits.,1072,1075.33,3.77,1700,1707.67,454,456.0,128,"{'sx': 471, 'rz': 418, 'cz': 375, 'rx': 357, 'rzz': 79}",6,6,0,C:\Users\szymo\QuditsOnQubits\QuditsOnQubits\basis_direct_encoding_benchmarks\quantum_circuits\ghz3\fourier_like__D011_F3_D000,C:\Users\szymo\QuditsOnQubits\QuditsOnQubits\basis_direct_encoding_benchmarks\quantum_circuits\ghz3\fourier_like__D011_F3_D000\F3_W.qpy,C:\Users\szymo\QuditsOnQubits\QuditsOnQubits\basis_direct_encoding_benchmarks\quantum_circuits\ghz3\fourier_like__D011_F3_D000\CZ3_W.qpy,C:\Users\szymo\QuditsOnQubits\QuditsOnQubits\basis_direct_encoding_benchmarks\quantum_circuits\ghz3\fourier_like__D011_F3_D000\graph_state_direct_basis.qpy
direct_basis_encoding,ghz3,ghz_star,star,ghz3,3,3,6,D011_F3_D001,fourier_like,fourier_like,D011_F3_D001,True,459,1260,1719,1081,,,0.739508,True,False,ok,,Converted from legacy E_new = E_Z @ W candidate.; Fidelity skipped because transpiled circuit has 128 qubits.,1081,1083.0,2.31,1719,1724.0,459,459.67,128,"{'sx': 477, 'rz': 423, 'cz': 379, 'rx': 360, 'rzz': 80}",6,6,0,C:\Users\szymo\QuditsOnQubits\QuditsOnQubits\basis_direct_encoding_benchmarks\quantum_circuits\ghz3\fourier_like__D011_F3_D001,C:\Users\szymo\QuditsOnQubits\QuditsOnQubits\basis_direct_encoding_benchmarks\quantum_circuits\ghz3\fourier_like__D011_F3_D001\F3_W.qpy,C:\Users\szymo\QuditsOnQubits\QuditsOnQubits\basis_direct_encoding_benchmarks\quantum_circuits\ghz3\fourier_like__D011_F3_D001\CZ3_W.qpy,C:\Users\szymo\QuditsOnQubits\QuditsOnQubits\basis_direct_encoding_benchmarks\quantum_circuits\ghz3\fourier_like__D011_F3_D001\graph_state_direct_basis.qpy
direct_basis_encoding,ghz3,ghz_star,star,ghz3,3,3,6,D011_F3_D010,fourier_like,fourier_like,D011_F3_D010,True,459,1263,1722,1084,,,0.764947,True,False,ok,,Converted from legacy E_new = E_Z @ W candidate.; Fidelity skipped because transpiled circuit has 128 qubits.,1084,1085.67,1.89,1722,1726.67,459,459.67,128,"{'sx': 477, 'rz': 423, 'cz': 379, 'rx': 363, 'rzz': 80}",6,6,0,C:\Users\szymo\QuditsOnQubits\QuditsOnQubits\basis_direct_encoding_benchmarks\quantum_circuits\ghz3\fourier_like__D011_F3_D010,C:\Users\szymo\QuditsOnQubits\QuditsOnQubits\basis_direct_encoding_benchmarks\quantum_circuits\ghz3\fourier_like__D011_F3_D010\F3_W.qpy,C:\Users\szymo\QuditsOnQubits\QuditsOnQubits\basis_direct_encoding_benchmarks\quantum_circuits\ghz3\fourier_like__D011_F3_D010\CZ3_W.qpy,C:\Users\szymo\QuditsOnQubits\QuditsOnQubits\basis_direct_encoding_benchmarks\quantum_circuits\ghz3\fourier_like__D011_F3_D010\graph_state_direct_basis.qpy
direct_basis_encoding,ghz3,ghz_star,star,ghz3,3,3,6,D011_F3_D011,fourier_like,fourier_like,D011_F3_D011,True,459,1262,1721,1083,,,0.787274,True,False,ok,,Converted from legacy E_new = E_Z @ W candidate.; Fidelity skipped because transpiled circuit has 128 qubits.,1083,1084.67,1.89,1721,1725.33,459,459.67,128,"{'sx': 477, 'rz': 423, 'cz': 379, 'rx': 362, 'rzz': 80}",6,6,0,C:\Users\szymo\QuditsOnQubits\QuditsOnQubits\basis_direct_encoding_benchmarks\quantum_circuits\ghz3\fourier_like__D011_F3_D011,C:\Users\szymo\QuditsOnQubits\QuditsOnQubits\basis_direct_encoding_benchmarks\quantum_circuits\ghz3\fourier_like__D011_F3_D011\F3_W.qpy,C:\Users\szymo\QuditsOnQubits\QuditsOnQubits\basis_direct_encoding_benchmarks\quantum_circuits\ghz3\fourier_like__D011_F3_D011\CZ3_W.qpy,C:\Users\szymo\QuditsOnQubits\QuditsOnQubits\basis_direct_encoding_benchmarks\quantum_circuits\ghz3\fourier_like__D011_F3_D011\graph_state_direct_basis.qpy
direct_basis_encoding,ghz3,ghz_star,star,ghz3,3,3,6,D011_F3_D100,fourier_like,fourier_like,D011_F3_D100,True,459,1261,1720,1082,,,0.812792,True,False,ok,,Converted from legacy E_new = E_Z @ W candidate.; Fidelity skipped because transpiled circuit has 128 qubits.,1082,1084.0,2.31,1720,1725.0,459,459.67,128,"{'sx': 477, 'rz': 423, 'cz': 379, 'rx': 361, 'rzz': 80}",6,6,0,C:\Users\szymo\QuditsOnQubits\QuditsOnQubits\basis_direct_encoding_benchmarks\quantum_circuits\ghz3\fourier_like__D011_F3_D100,C:\Users\szymo\QuditsOnQubits\QuditsOnQubits\basis_direct_encoding_benchmarks\quantum_circuits\ghz3\fourier_like__D011_F3_D100\F3_W.qpy,C:\Users\szymo\QuditsOnQubits\QuditsOnQubits\basis_direct_encoding_benchmarks\quantum_circuits\ghz3\fourier_like__D011_F3_D100\CZ3_W.qpy,C:\Users\szymo\QuditsOnQubits\QuditsOnQubits\basis_direct_encoding_benchmarks\quantum_circuits\ghz3\fourier_like__D011_F3_D100\graph_state_direct_basis.qpy
direct_basis_encoding,ghz3,ghz_star,star,ghz3,3,3,6,D011_F3_D101,fourier_like,fourier_like,D011_F3_D101,True,459,1260,1719,1081,,,0.733154,True,False,ok,,Converted from legacy E_new = E_Z @ W candidate.; Fidelity skipped because transpiled circuit has 128 qubits.,1081,1083.0,2.31,1719,1724.0,459,459.67,128,"{'sx': 477, 'rz': 423, 'cz': 379, 'rx': 360, 'rzz': 80}",6,6,0,C:\Users\szymo\QuditsOnQubits\QuditsOnQubits\basis_direct_encoding_benchmarks\quantum_circuits\ghz3\fourier_like__D011_F3_D101,C:\Users\szymo\QuditsOnQubits\QuditsOnQubits\basis_direct_encoding_benchmarks\quantum_circuits\ghz3\fourier_like__D011_F3_D101\F3_W.qpy,C:\Users\szymo\QuditsOnQubits\QuditsOnQubits\basis_direct_encoding_benchmarks\quantum_circuits\ghz3\fourier_like__D011_F3_D101\CZ3_W.qpy,C:\Users\szymo\QuditsOnQubits\QuditsOnQubits\basis_direct_encoding_benchmarks\quantum_circuits\ghz3\fourier_like__D011_F3_D101\graph_state_direct_basis.qpy
direct_basis_encoding,ghz3,ghz_star,star,ghz3,3,3,6,D011_F3_D110,fourier_like,fourier_like,D011_F3_D110,True,459,1261,1720,1082,,,0.765275,True,False,ok,,Converted from legacy E_new = E_Z @ W candidate.; Fidelity skipped because transpiled circuit has 128 qubits.,1082,1083.67,1.89,1720,1724.33,459,459.67,128,"{'sx': 477, 'rz': 423, 'cz': 379, 'rx': 361, 'rzz': 80}",6,6,0,C:\Users\szymo\QuditsOnQubits\QuditsOnQubits\basis_direct_encoding_benchmarks\quantum_circuits\ghz3\fourier_like__D011_F3_D110,C:\Users\szymo\QuditsOnQubits\QuditsOnQubits\basis_direct_encoding_benchmarks\quantum_circuits\ghz3\fourier_like__D011_F3_D110\F3_W.qpy,C:\Users\szymo\QuditsOnQubits\QuditsOnQubits\basis_direct_encoding_benchmarks\quantum_circuits\ghz3\fourier_like__D011_F3_D110\CZ3_W.qpy,C:\Users\szymo\QuditsOnQubits\QuditsOnQubits\basis_direct_encoding_benchmarks\quantum_circuits\ghz3\fourier_like__D011_F3_D110\graph_state_direct_basis.qpy
direct_basis_encoding,ghz3,ghz_star,star,ghz3,3,3,6,D011_F3_D111,fourier_like,fourier_like,D011_F3_D111,True,459,1257,1716,1083,,,0.750494,True,False,ok,,Converted from legacy E_new = E_Z @ W candidate.; Fidelity skipped because transpiled circuit has 128 qubits.,1083,1084.67,1.89,1716,1721.67,459,459.67,128,"{'sx': 477, 'rz': 420, 'cz': 379, 'rx': 360, 'rzz': 80}",6,6,0,C:\Users\szymo\QuditsOnQubits\QuditsOnQubits\basis_direct_encoding_benchmarks\quantum_circuits\ghz3\fourier_like__D011_F3_D111,C:\Users\szymo\QuditsOnQubits\QuditsOnQubits\basis_direct_encoding_benchmarks\quantum_circuits\ghz3\fourier_like__D011_F3_D111\F3_W.qpy,C:\Users\szymo\QuditsOnQubits\QuditsOnQubits\basis_direct_encoding_benchmarks\quantum_circuits\ghz3\fourier_like__D011_F3_D111\CZ3_W.qpy,C:\Users\szymo\QuditsOnQubits\QuditsOnQubits\basis_direct_encoding_benchmarks\quantum_circuits\ghz3\fourier_like__D011_F3_D111\graph_state_direct_basis.qpy
direct_basis_encoding,ghz3,ghz_star,star,ghz3,3,3,6,D100_F3_D000,fourier_like,fourier_like,D100_F3_D000,True,459,1259,1718,1085,,,0.733042,True,False,ok,,Converted from legacy E_new = E_Z @ W candidate.; Fidelity skipped because transpiled circuit has 128 qubits.,1085,1086.67,1.89,1718,1723.33,459,459.67,128,"{'sx': 477, 'rz': 420, 'cz': 379, 'rx': 362, 'rzz': 80}",6,6,0,C:\Users\szymo\QuditsOnQubits\QuditsOnQubits\basis_direct_encoding_benchmarks\quantum_circuits\ghz3\fourier_like__D100_F3_D000,C:\Users\szymo\QuditsOnQubits\QuditsOnQubits\basis_direct_encoding_benchmarks\quantum_circuits\ghz3\fourier_like__D100_F3_D000\F3_W.qpy,C:\Users\szymo\QuditsOnQubits\QuditsOnQubits\basis_direct_encoding_benchmarks\quantum_circuits\ghz3\fourier_like__D100_F3_D000\CZ3_W.qpy,C:\Users\szymo\QuditsOnQubits\QuditsOnQubits\basis_direct_encoding_benchmarks\quantum_circuits\ghz3\fourier_like__D100_F3_D000\graph_state_direct_basis.qpy
direct_basis_encoding,ghz3,ghz_star,star,ghz3,3,3,6,D100_F3_D001,fourier_like,fourier_like,D100_F3_D001,True,459,1263,1722,1082,,,0.758202,True,False,ok,,Converted from legacy E_new = E_Z @ W candidate.; Fidelity skipped because transpiled circuit has 128 qubits.,1082,1083.67,1.89,1722,1726.0,459,459.67,128,"{'sx': 477, 'rz': 426, 'cz': 379, 'rx': 360, 'rzz': 80}",6,6,0,C:\Users\szymo\QuditsOnQubits\QuditsOnQubits\basis_direct_encoding_benchmarks\quantum_circuits\ghz3\fourier_like__D100_F3_D001,C:\Users\szymo\QuditsOnQubits\QuditsOnQubits\basis_direct_encoding_benchmarks\quantum_circuits\ghz3\fourier_like__D100_F3_D001\F3_W.qpy,C:\Users\szymo\QuditsOnQubits\QuditsOnQubits\basis_direct_encoding_benchmarks\quantum_circuits\ghz3\fourier_like__D100_F3_D001\CZ3_W.qpy,C:\Users\szymo\QuditsOnQubits\QuditsOnQubits\basis_direct_encoding_benchmarks\quantum_circuits\ghz3\fourier_like__D100_F3_D001\graph_state_direct_basis.qpy
direct_basis_encoding,ghz3,ghz_star,star,ghz3,3,3,6,D100_F3_D010,fourier_like,fourier_like,D100_F3_D010,True,459,1263,1722,1082,,,0.725236,True,False,ok,,Converted from legacy E_new = E_Z @ W candidate.; Fidelity skipped because transpiled circuit has 128 qubits.,1082,1083.67,1.89,1722,1726.33,459,459.67,128,"{'sx': 477, 'rz': 426, 'cz': 379, 'rx': 360, 'rzz': 80}",6,6,0,C:\Users\szymo\QuditsOnQubits\QuditsOnQubits\basis_direct_encoding_benchmarks\quantum_circuits\ghz3\fourier_like__D100_F3_D010,C:\Users\szymo\QuditsOnQubits\QuditsOnQubits\basis_direct_encoding_benchmarks\quantum_circuits\ghz3\fourier_like__D100_F3_D010\F3_W.qpy,C:\Users\szymo\QuditsOnQubits\QuditsOnQubits\basis_direct_encoding_benchmarks\quantum_circuits\ghz3\fourier_like__D100_F3_D010\CZ3_W.qpy,C:\Users\szymo\QuditsOnQubits\QuditsOnQubits\basis_direct_encoding_benchmarks\quantum_circuits\ghz3\fourier_like__D100_F3_D010\graph_state_direct_basis.qpy
direct_basis_encoding,ghz3,ghz_star,star,ghz3,3,3,6,D100_F3_D011,fourier_like,fourier_like,D100_F3_D011,True,459,1263,1722,1082,,,0.716476,True,False,ok,,Converted from legacy E_new = E_Z @ W candidate.; Fidelity skipped because transpiled circuit has 128 qubits.,1082,1084.0,2.31,1722,1726.67,459,459.67,128,"{'sx': 477, 'rz': 426, 'cz': 379, 'rx': 360, 'rzz': 80}",6,6,0,C:\Users\szymo\QuditsOnQubits\QuditsOnQubits\basis_direct_encoding_benchmarks\quantum_circuits\ghz3\fourier_like__D100_F3_D011,C:\Users\szymo\QuditsOnQubits\QuditsOnQubits\basis_direct_encoding_benchmarks\quantum_circuits\ghz3\fourier_like__D100_F3_D011\F3_W.qpy,C:\Users\szymo\QuditsOnQubits\QuditsOnQubits\basis_direct_encoding_benchmarks\quantum_circuits\ghz3\fourier_like__D100_F3_D011\CZ3_W.qpy,C:\Users\szymo\QuditsOnQubits\QuditsOnQubits\basis_direct_encoding_benchmarks\quantum_circuits\ghz3\fourier_like__D100_F3_D011\graph_state_direct_basis.qpy
direct_basis_encoding,ghz3,ghz_star,star,ghz3,3,3,6,D100_F3_D100,fourier_like,fourier_like,D100_F3_D100,True,459,1264,1723,1083,,,0.783289,True,False,ok,,Converted from legacy E_new = E_Z @ W candidate.; Fidelity skipped because transpiled circuit has 128 qubits.,1083,1084.67,1.89,1723,1727.0,459,459.67,128,"{'sx': 477, 'rz': 426, 'cz': 379, 'rx': 361, 'rzz': 80}",6,6,0,C:\Users\szymo\QuditsOnQubits\QuditsOnQubits\basis_direct_encoding_benchmarks\quantum_circuits\ghz3\fourier_like__D100_F3_D100,C:\Users\szymo\QuditsOnQubits\QuditsOnQubits\basis_direct_encoding_benchmarks\quantum_circuits\ghz3\fourier_like__D100_F3_D100\F3_W.qpy,C:\Users\szymo\QuditsOnQubits\QuditsOnQubits\basis_direct_encoding_benchmarks\quantum_circuits\ghz3\fourier_like__D100_F3_D100\CZ3_W.qpy,C:\Users\szymo\QuditsOnQubits\QuditsOnQubits\basis_direct_encoding_benchmarks\quantum_circuits\ghz3\fourier_like__D100_F3_D100\graph_state_direct_basis.qpy
direct_basis_encoding,ghz3,ghz_star,star,ghz3,3,3,6,D100_F3_D101,fourier_like,fourier_like,D100_F3_D101,True,459,1264,1723,1083,,,0.733506,True,False,ok,,Converted from legacy E_new = E_Z @ W candidate.; Fidelity skipped because transpiled circuit has 128 qubits.,1083,1084.67,1.89,1723,1727.33,459,459.67,128,"{'sx': 477, 'rz': 426, 'cz': 379, 'rx': 361, 'rzz': 80}",6,6,0,C:\Users\szymo\QuditsOnQubits\QuditsOnQubits\basis_direct_encoding_benchmarks\quantum_circuits\ghz3\fourier_like__D100_F3_D101,C:\Users\szymo\QuditsOnQubits\QuditsOnQubits\basis_direct_encoding_benchmarks\quantum_circuits\ghz3\fourier_like__D100_F3_D101\F3_W.qpy,C:\Users\szymo\QuditsOnQubits\QuditsOnQubits\basis_direct_encoding_benchmarks\quantum_circuits\ghz3\fourier_like__D100_F3_D101\CZ3_W.qpy,C:\Users\szymo\QuditsOnQubits\QuditsOnQubits\basis_direct_encoding_benchmarks\quantum_circuits\ghz3\fourier_like__D100_F3_D101\graph_state_direct_basis.qpy
direct_basis_encoding,ghz3,ghz_star,star,ghz3,3,3,6,D100_F3_D110,fourier_like,fourier_like,D100_F3_D110,True,459,1264,1723,1083,,,0.749935,True,False,ok,,Converted from legacy E_new = E_Z @ W candidate.; Fidelity skipped because transpiled circuit has 128 qubits.,1083,1084.67,1.89,1723,1727.33,459,459.67,128,"{'sx': 477, 'rz': 426, 'cz': 379, 'rx': 361, 'rzz': 80}",6,6,0,C:\Users\szymo\QuditsOnQubits\QuditsOnQubits\basis_direct_encoding_benchmarks\quantum_circuits\ghz3\fourier_like__D100_F3_D110,C:\Users\szymo\QuditsOnQubits\QuditsOnQubits\basis_direct_encoding_benchmarks\quantum_circuits\ghz3\fourier_like__D100_F3_D110\F3_W.qpy,C:\Users\szymo\QuditsOnQubits\QuditsOnQubits\basis_direct_encoding_benchmarks\quantum_circuits\ghz3\fourier_like__D100_F3_D110\CZ3_W.qpy,C:\Users\szymo\QuditsOnQubits\QuditsOnQubits\basis_direct_encoding_benchmarks\quantum_circuits\ghz3\fourier_like__D100_F3_D110\graph_state_direct_basis.qpy
direct_basis_encoding,ghz3,ghz_star,star,ghz3,3,3,6,D100_F3_D111,fourier_like,fourier_like,D100_F3_D111,True,459,1258,1717,1084,,,0.766691,True,False,ok,,Converted from legacy E_new = E_Z @ W candidate.; Fidelity skipped because transpiled circuit has 128 qubits.,1084,1086.0,2.31,1717,1722.67,459,459.67,128,"{'sx': 477, 'rz': 420, 'cz': 379, 'rx': 361, 'rzz': 80}",6,6,0,C:\Users\szymo\QuditsOnQubits\QuditsOnQubits\basis_direct_encoding_benchmarks\quantum_circuits\ghz3\fourier_like__D100_F3_D111,C:\Users\szymo\QuditsOnQubits\QuditsOnQubits\basis_direct_encoding_benchmarks\quantum_circuits\ghz3\fourier_like__D100_F3_D111\F3_W.qpy,C:\Users\szymo\QuditsOnQubits\QuditsOnQubits\basis_direct_encoding_benchmarks\quantum_circuits\ghz3\fourier_like__D100_F3_D111\CZ3_W.qpy,C:\Users\szymo\QuditsOnQubits\QuditsOnQubits\basis_direct_encoding_benchmarks\quantum_circuits\ghz3\fourier_like__D100_F3_D111\graph_state_direct_basis.qpy
direct_basis_encoding,ghz3,ghz_star,star,ghz3,3,3,6,D101_F3_D000,fourier_like,fourier_like,D101_F3_D000,True,459,1255,1714,1082,,,0.750722,True,False,ok,,Converted from legacy E_new = E_Z @ W candidate.; Fidelity skipped because transpiled circuit has 128 qubits.,1082,1084.0,2.31,1714,1719.67,459,459.67,128,"{'sx': 477, 'rz': 420, 'cz': 379, 'rx': 358, 'rzz': 80}",6,6,0,C:\Users\szymo\QuditsOnQubits\QuditsOnQubits\basis_direct_encoding_benchmarks\quantum_circuits\ghz3\fourier_like__D101_F3_D000,C:\Users\szymo\QuditsOnQubits\QuditsOnQubits\basis_direct_encoding_benchmarks\quantum_circuits\ghz3\fourier_like__D101_F3_D000\F3_W.qpy,C:\Users\szymo\QuditsOnQubits\QuditsOnQubits\basis_direct_encoding_benchmarks\quantum_circuits\ghz3\fourier_like__D101_F3_D000\CZ3_W.qpy,C:\Users\szymo\QuditsOnQubits\QuditsOnQubits\basis_direct_encoding_benchmarks\quantum_circuits\ghz3\fourier_like__D101_F3_D000\graph_state_direct_basis.qpy
direct_basis_encoding,ghz3,ghz_star,star,ghz3,3,3,6,D101_F3_D001,fourier_like,fourier_like,D101_F3_D001,True,459,1263,1722,1082,,,0.745468,True,False,ok,,Converted from legacy E_new = E_Z @ W candidate.; Fidelity skipped because transpiled circuit has 128 qubits.,1082,1083.67,1.89,1722,1726.0,459,459.67,128,"{'sx': 477, 'rz': 426, 'cz': 379, 'rx': 360, 'rzz': 80}",6,6,0,C:\Users\szymo\QuditsOnQubits\QuditsOnQubits\basis_direct_encoding_benchmarks\quantum_circuits\ghz3\fourier_like__D101_F3_D001,C:\Users\szymo\QuditsOnQubits\QuditsOnQubits\basis_direct_encoding_benchmarks\quantum_circuits\ghz3\fourier_like__D101_F3_D001\F3_W.qpy,C:\Users\szymo\QuditsOnQubits\QuditsOnQubits\basis_direct_encoding_benchmarks\quantum_circuits\ghz3\fourier_like__D101_F3_D001\CZ3_W.qpy,C:\Users\szymo\QuditsOnQubits\QuditsOnQubits\basis_direct_encoding_benchmarks\quantum_circuits\ghz3\fourier_like__D101_F3_D001\graph_state_direct_basis.qpy
direct_basis_encoding,ghz3,ghz_star,star,ghz3,3,3,6,D101_F3_D010,fourier_like,fourier_like,D101_F3_D010,True,459,1263,1722,1082,,,0.718061,True,False,ok,,Converted from legacy E_new = E_Z @ W candidate.; Fidelity skipped because transpiled circuit has 128 qubits.,1082,1083.67,1.89,1722,1726.0,459,459.67,128,"{'sx': 477, 'rz': 426, 'cz': 379, 'rx': 360, 'rzz': 80}",6,6,0,C:\Users\szymo\QuditsOnQubits\QuditsOnQubits\basis_direct_encoding_benchmarks\quantum_circuits\ghz3\fourier_like__D101_F3_D010,C:\Users\szymo\QuditsOnQubits\QuditsOnQubits\basis_direct_encoding_benchmarks\quantum_circuits\ghz3\fourier_like__D101_F3_D010\F3_W.qpy,C:\Users\szymo\QuditsOnQubits\QuditsOnQubits\basis_direct_encoding_benchmarks\quantum_circuits\ghz3\fourier_like__D101_F3_D010\CZ3_W.qpy,C:\Users\szymo\QuditsOnQubits\QuditsOnQubits\basis_direct_encoding_benchmarks\quantum_circuits\ghz3\fourier_like__D101_F3_D010\graph_state_direct_basis.qpy
direct_basis_encoding,ghz3,ghz_star,star,ghz3,3,3,6,D101_F3_D011,fourier_like,fourier_like,D101_F3_D011,True,459,1266,1725,1085,,,0.73354,True,False,ok,,Converted from legacy E_new = E_Z @ W candidate.; Fidelity skipped because transpiled circuit has 128 qubits.,1085,1086.67,1.89,1725,1729.0,459,459.67,128,"{'sx': 477, 'rz': 426, 'cz': 379, 'rx': 363, 'rzz': 80}",6,6,0,C:\Users\szymo\QuditsOnQubits\QuditsOnQubits\basis_direct_encoding_benchmarks\quantum_circuits\ghz3\fourier_like__D101_F3_D011,C:\Users\szymo\QuditsOnQubits\QuditsOnQubits\basis_direct_encoding_benchmarks\quantum_circuits\ghz3\fourier_like__D101_F3_D011\F3_W.qpy,C:\Users\szymo\QuditsOnQubits\QuditsOnQubits\basis_direct_encoding_benchmarks\quantum_circuits\ghz3\fourier_like__D101_F3_D011\CZ3_W.qpy,C:\Users\szymo\QuditsOnQubits\QuditsOnQubits\basis_direct_encoding_benchmarks\quantum_circuits\ghz3\fourier_like__D101_F3_D011\graph_state_direct_basis.qpy
direct_basis_encoding,ghz3,ghz_star,star,ghz3,3,3,6,D101_F3_D100,fourier_like,fourier_like,D101_F3_D100,True,459,1265,1724,1084,,,0.736986,True,False,ok,,Converted from legacy E_new = E_Z @ W candidate.; Fidelity skipped because transpiled circuit has 128 qubits.,1084,1085.67,1.89,1724,1728.33,459,459.67,128,"{'sx': 477, 'rz': 426, 'cz': 379, 'rx': 362, 'rzz': 80}",6,6,0,C:\Users\szymo\QuditsOnQubits\QuditsOnQubits\basis_direct_encoding_benchmarks\quantum_circuits\ghz3\fourier_like__D101_F3_D100,C:\Users\szymo\QuditsOnQubits\QuditsOnQubits\basis_direct_encoding_benchmarks\quantum_circuits\ghz3\fourier_like__D101_F3_D100\F3_W.qpy,C:\Users\szymo\QuditsOnQubits\QuditsOnQubits\basis_direct_encoding_benchmarks\quantum_circuits\ghz3\fourier_like__D101_F3_D100\CZ3_W.qpy,C:\Users\szymo\QuditsOnQubits\QuditsOnQubits\basis_direct_encoding_benchmarks\quantum_circuits\ghz3\fourier_like__D101_F3_D100\graph_state_direct_basis.qpy
direct_basis_encoding,ghz3,ghz_star,star,ghz3,3,3,6,D101_F3_D101,fourier_like,fourier_like,D101_F3_D101,True,459,1264,1723,1083,,,0.745491,True,False,ok,,Converted from legacy E_new = E_Z @ W candidate.; Fidelity skipped because transpiled circuit has 128 qubits.,1083,1084.67,1.89,1723,1727.33,459,459.67,128,"{'sx': 477, 'rz': 426, 'cz': 379, 'rx': 361, 'rzz': 80}",6,6,0,C:\Users\szymo\QuditsOnQubits\QuditsOnQubits\basis_direct_encoding_benchmarks\quantum_circuits\ghz3\fourier_like__D101_F3_D101,C:\Users\szymo\QuditsOnQubits\QuditsOnQubits\basis_direct_encoding_benchmarks\quantum_circuits\ghz3\fourier_like__D101_F3_D101\F3_W.qpy,C:\Users\szymo\QuditsOnQubits\QuditsOnQubits\basis_direct_encoding_benchmarks\quantum_circuits\ghz3\fourier_like__D101_F3_D101\CZ3_W.qpy,C:\Users\szymo\QuditsOnQubits\QuditsOnQubits\basis_direct_encoding_benchmarks\quantum_circuits\ghz3\fourier_like__D101_F3_D101\graph_state_direct_basis.qpy
direct_basis_encoding,ghz3,ghz_star,star,ghz3,3,3,6,D101_F3_D110,fourier_like,fourier_like,D101_F3_D110,True,459,1264,1723,1083,,,0.737374,True,False,ok,,Converted from legacy E_new = E_Z @ W candidate.; Fidelity skipped because transpiled circuit has 128 qubits.,1083,1084.67,1.89,1723,1727.33,459,459.67,128,"{'sx': 477, 'rz': 426, 'cz': 379, 'rx': 361, 'rzz': 80}",6,6,0,C:\Users\szymo\QuditsOnQubits\QuditsOnQubits\basis_direct_encoding_benchmarks\quantum_circuits\ghz3\fourier_like__D101_F3_D110,C:\Users\szymo\QuditsOnQubits\QuditsOnQubits\basis_direct_encoding_benchmarks\quantum_circuits\ghz3\fourier_like__D101_F3_D110\F3_W.qpy,C:\Users\szymo\QuditsOnQubits\QuditsOnQubits\basis_direct_encoding_benchmarks\quantum_circuits\ghz3\fourier_like__D101_F3_D110\CZ3_W.qpy,C:\Users\szymo\QuditsOnQubits\QuditsOnQubits\basis_direct_encoding_benchmarks\quantum_circuits\ghz3\fourier_like__D101_F3_D110\graph_state_direct_basis.qpy
direct_basis_encoding,ghz3,ghz_star,star,ghz3,3,3,6,D101_F3_D111,fourier_like,fourier_like,D101_F3_D111,True,459,1259,1718,1085,,,0.882621,True,False,ok,,Converted from legacy E_new = E_Z @ W candidate.; Fidelity skipped because transpiled circuit has 128 qubits.,1085,1086.67,1.89,1718,1723.33,459,459.67,128,"{'sx': 477, 'rz': 420, 'cz': 379, 'rx': 362, 'rzz': 80}",6,6,0,C:\Users\szymo\QuditsOnQubits\QuditsOnQubits\basis_direct_encoding_benchmarks\quantum_circuits\ghz3\fourier_like__D101_F3_D111,C:\Users\szymo\QuditsOnQubits\QuditsOnQubits\basis_direct_encoding_benchmarks\quantum_circuits\ghz3\fourier_like__D101_F3_D111\F3_W.qpy,C:\Users\szymo\QuditsOnQubits\QuditsOnQubits\basis_direct_encoding_benchmarks\quantum_circuits\ghz3\fourier_like__D101_F3_D111\CZ3_W.qpy,C:\Users\szymo\QuditsOnQubits\QuditsOnQubits\basis_direct_encoding_benchmarks\quantum_circuits\ghz3\fourier_like__D101_F3_D111\graph_state_direct_basis.qpy
direct_basis_encoding,ghz3,ghz_star,star,ghz3,3,3,6,D110_F3_D000,fourier_like,fourier_like,D110_F3_D000,True,459,1255,1714,1082,,,0.846629,True,False,ok,,Converted from legacy E_new = E_Z @ W candidate.; Fidelity skipped because transpiled circuit has 128 qubits.,1082,1084.0,2.31,1714,1720.0,459,459.67,128,"{'sx': 477, 'rz': 420, 'cz': 379, 'rx': 358, 'rzz': 80}",6,6,0,C:\Users\szymo\QuditsOnQubits\QuditsOnQubits\basis_direct_encoding_benchmarks\quantum_circuits\ghz3\fourier_like__D110_F3_D000,C:\Users\szymo\QuditsOnQubits\QuditsOnQubits\basis_direct_encoding_benchmarks\quantum_circuits\ghz3\fourier_like__D110_F3_D000\F3_W.qpy,C:\Users\szymo\QuditsOnQubits\QuditsOnQubits\basis_direct_encoding_benchmarks\quantum_circuits\ghz3\fourier_like__D110_F3_D000\CZ3_W.qpy,C:\Users\szymo\QuditsOnQubits\QuditsOnQubits\basis_direct_encoding_benchmarks\quantum_circuits\ghz3\fourier_like__D110_F3_D000\graph_state_direct_basis.qpy
direct_basis_encoding,ghz3,ghz_star,star,ghz3,3,3,6,D110_F3_D001,fourier_like,fourier_like,D110_F3_D001,True,459,1264,1723,1083,,,0.719126,True,False,ok,,Converted from legacy E_new = E_Z @ W candidate.; Fidelity skipped because transpiled circuit has 128 qubits.,1083,1084.67,1.89,1723,1727.33,459,459.67,128,"{'sx': 477, 'rz': 426, 'cz': 379, 'rx': 361, 'rzz': 80}",6,6,0,C:\Users\szymo\QuditsOnQubits\QuditsOnQubits\basis_direct_encoding_benchmarks\quantum_circuits\ghz3\fourier_like__D110_F3_D001,C:\Users\szymo\QuditsOnQubits\QuditsOnQubits\basis_direct_encoding_benchmarks\quantum_circuits\ghz3\fourier_like__D110_F3_D001\F3_W.qpy,C:\Users\szymo\QuditsOnQubits\QuditsOnQubits\basis_direct_encoding_benchmarks\quantum_circuits\ghz3\fourier_like__D110_F3_D001\CZ3_W.qpy,C:\Users\szymo\QuditsOnQubits\QuditsOnQubits\basis_direct_encoding_benchmarks\quantum_circuits\ghz3\fourier_like__D110_F3_D001\graph_state_direct_basis.qpy
direct_basis_encoding,ghz3,ghz_star,star,ghz3,3,3,6,D110_F3_D010,fourier_like,fourier_like,D110_F3_D010,True,459,1263,1722,1082,,,0.733294,True,False,ok,,Converted from legacy E_new = E_Z @ W candidate.; Fidelity skipped because transpiled circuit has 128 qubits.,1082,1083.67,1.89,1722,1726.0,459,459.67,128,"{'sx': 477, 'rz': 426, 'cz': 379, 'rx': 360, 'rzz': 80}",6,6,0,C:\Users\szymo\QuditsOnQubits\QuditsOnQubits\basis_direct_encoding_benchmarks\quantum_circuits\ghz3\fourier_like__D110_F3_D010,C:\Users\szymo\QuditsOnQubits\QuditsOnQubits\basis_direct_encoding_benchmarks\quantum_circuits\ghz3\fourier_like__D110_F3_D010\F3_W.qpy,C:\Users\szymo\QuditsOnQubits\QuditsOnQubits\basis_direct_encoding_benchmarks\quantum_circuits\ghz3\fourier_like__D110_F3_D010\CZ3_W.qpy,C:\Users\szymo\QuditsOnQubits\QuditsOnQubits\basis_direct_encoding_benchmarks\quantum_circuits\ghz3\fourier_like__D110_F3_D010\graph_state_direct_basis.qpy
direct_basis_encoding,ghz3,ghz_star,star,ghz3,3,3,6,D110_F3_D011,fourier_like,fourier_like,D110_F3_D011,True,459,1263,1722,1082,,,0.778994,True,False,ok,,Converted from legacy E_new = E_Z @ W candidate.; Fidelity skipped because transpiled circuit has 128 qubits.,1082,1083.67,1.89,1722,1726.33,459,459.67,128,"{'sx': 477, 'rz': 426, 'cz': 379, 'rx': 360, 'rzz': 80}",6,6,0,C:\Users\szymo\QuditsOnQubits\QuditsOnQubits\basis_direct_encoding_benchmarks\quantum_circuits\ghz3\fourier_like__D110_F3_D011,C:\Users\szymo\QuditsOnQubits\QuditsOnQubits\basis_direct_encoding_benchmarks\quantum_circuits\ghz3\fourier_like__D110_F3_D011\F3_W.qpy,C:\Users\szymo\QuditsOnQubits\QuditsOnQubits\basis_direct_encoding_benchmarks\quantum_circuits\ghz3\fourier_like__D110_F3_D011\CZ3_W.qpy,C:\Users\szymo\QuditsOnQubits\QuditsOnQubits\basis_direct_encoding_benchmarks\quantum_circuits\ghz3\fourier_like__D110_F3_D011\graph_state_direct_basis.qpy
direct_basis_encoding,ghz3,ghz_star,star,ghz3,3,3,6,D110_F3_D100,fourier_like,fourier_like,D110_F3_D100,True,459,1264,1723,1083,,,0.885585,True,False,ok,,Converted from legacy E_new = E_Z @ W candidate.; Fidelity skipped because transpiled circuit has 128 qubits.,1083,1084.67,1.89,1723,1727.33,459,459.67,128,"{'sx': 477, 'rz': 426, 'cz': 379, 'rx': 361, 'rzz': 80}",6,6,0,C:\Users\szymo\QuditsOnQubits\QuditsOnQubits\basis_direct_encoding_benchmarks\quantum_circuits\ghz3\fourier_like__D110_F3_D100,C:\Users\szymo\QuditsOnQubits\QuditsOnQubits\basis_direct_encoding_benchmarks\quantum_circuits\ghz3\fourier_like__D110_F3_D100\F3_W.qpy,C:\Users\szymo\QuditsOnQubits\QuditsOnQubits\basis_direct_encoding_benchmarks\quantum_circuits\ghz3\fourier_like__D110_F3_D100\CZ3_W.qpy,C:\Users\szymo\QuditsOnQubits\QuditsOnQubits\basis_direct_encoding_benchmarks\quantum_circuits\ghz3\fourier_like__D110_F3_D100\graph_state_direct_basis.qpy
direct_basis_encoding,ghz3,ghz_star,star,ghz3,3,3,6,D110_F3_D101,fourier_like,fourier_like,D110_F3_D101,True,459,1264,1723,1083,,,0.733842,True,False,ok,,Converted from legacy E_new = E_Z @ W candidate.; Fidelity skipped because transpiled circuit has 128 qubits.,1083,1084.67,1.89,1723,1727.0,459,459.67,128,"{'sx': 477, 'rz': 426, 'cz': 379, 'rx': 361, 'rzz': 80}",6,6,0,C:\Users\szymo\QuditsOnQubits\QuditsOnQubits\basis_direct_encoding_benchmarks\quantum_circuits\ghz3\fourier_like__D110_F3_D101,C:\Users\szymo\QuditsOnQubits\QuditsOnQubits\basis_direct_encoding_benchmarks\quantum_circuits\ghz3\fourier_like__D110_F3_D101\F3_W.qpy,C:\Users\szymo\QuditsOnQubits\QuditsOnQubits\basis_direct_encoding_benchmarks\quantum_circuits\ghz3\fourier_like__D110_F3_D101\CZ3_W.qpy,C:\Users\szymo\QuditsOnQubits\QuditsOnQubits\basis_direct_encoding_benchmarks\quantum_circuits\ghz3\fourier_like__D110_F3_D101\graph_state_direct_basis.qpy
direct_basis_encoding,ghz3,ghz_star,star,ghz3,3,3,6,D110_F3_D110,fourier_like,fourier_like,D110_F3_D110,True,459,1265,1724,1084,,,0.713038,True,False,ok,,Converted from legacy E_new = E_Z @ W candidate.; Fidelity skipped because transpiled circuit has 128 qubits.,1084,1085.67,1.89,1724,1728.33,459,459.67,128,"{'sx': 477, 'rz': 426, 'cz': 379, 'rx': 362, 'rzz': 80}",6,6,0,C:\Users\szymo\QuditsOnQubits\QuditsOnQubits\basis_direct_encoding_benchmarks\quantum_circuits\ghz3\fourier_like__D110_F3_D110,C:\Users\szymo\QuditsOnQubits\QuditsOnQubits\basis_direct_encoding_benchmarks\quantum_circuits\ghz3\fourier_like__D110_F3_D110\F3_W.qpy,C:\Users\szymo\QuditsOnQubits\QuditsOnQubits\basis_direct_encoding_benchmarks\quantum_circuits\ghz3\fourier_like__D110_F3_D110\CZ3_W.qpy,C:\Users\szymo\QuditsOnQubits\QuditsOnQubits\basis_direct_encoding_benchmarks\quantum_circuits\ghz3\fourier_like__D110_F3_D110\graph_state_direct_basis.qpy
direct_basis_encoding,ghz3,ghz_star,star,ghz3,3,3,6,D110_F3_D111,fourier_like,fourier_like,D110_F3_D111,True,459,1254,1713,1081,,,0.719835,True,False,ok,,Converted from legacy E_new = E_Z @ W candidate.; Fidelity skipped because transpiled circuit has 128 qubits.,1081,1082.67,1.89,1713,1718.33,459,459.67,128,"{'sx': 477, 'rz': 420, 'cz': 379, 'rx': 357, 'rzz': 80}",6,6,0,C:\Users\szymo\QuditsOnQubits\QuditsOnQubits\basis_direct_encoding_benchmarks\quantum_circuits\ghz3\fourier_like__D110_F3_D111,C:\Users\szymo\QuditsOnQubits\QuditsOnQubits\basis_direct_encoding_benchmarks\quantum_circuits\ghz3\fourier_like__D110_F3_D111\F3_W.qpy,C:\Users\szymo\QuditsOnQubits\QuditsOnQubits\basis_direct_encoding_benchmarks\quantum_circuits\ghz3\fourier_like__D110_F3_D111\CZ3_W.qpy,C:\Users\szymo\QuditsOnQubits\QuditsOnQubits\basis_direct_encoding_benchmarks\quantum_circuits\ghz3\fourier_like__D110_F3_D111\graph_state_direct_basis.qpy
direct_basis_encoding,ghz3,ghz_star,star,ghz3,3,3,6,D111_F3_D000,fourier_like,fourier_like,D111_F3_D000,True,459,1256,1715,1082,,,0.724971,True,False,ok,,Converted from legacy E_new = E_Z @ W candidate.; Fidelity skipped because transpiled circuit has 128 qubits.,1082,1083.67,1.89,1715,1720.67,459,459.67,128,"{'sx': 477, 'rz': 420, 'cz': 379, 'rx': 359, 'rzz': 80}",6,6,0,C:\Users\szymo\QuditsOnQubits\QuditsOnQubits\basis_direct_encoding_benchmarks\quantum_circuits\ghz3\fourier_like__D111_F3_D000,C:\Users\szymo\QuditsOnQubits\QuditsOnQubits\basis_direct_encoding_benchmarks\quantum_circuits\ghz3\fourier_like__D111_F3_D000\F3_W.qpy,C:\Users\szymo\QuditsOnQubits\QuditsOnQubits\basis_direct_encoding_benchmarks\quantum_circuits\ghz3\fourier_like__D111_F3_D000\CZ3_W.qpy,C:\Users\szymo\QuditsOnQubits\QuditsOnQubits\basis_direct_encoding_benchmarks\quantum_circuits\ghz3\fourier_like__D111_F3_D000\graph_state_direct_basis.qpy
direct_basis_encoding,ghz3,ghz_star,star,ghz3,3,3,6,D111_F3_D001,fourier_like,fourier_like,D111_F3_D001,True,459,1260,1719,1081,,,0.72494,True,False,ok,,Converted from legacy E_new = E_Z @ W candidate.; Fidelity skipped because transpiled circuit has 128 qubits.,1081,1082.67,1.89,1719,1723.33,459,459.67,128,"{'sx': 477, 'rz': 423, 'cz': 379, 'rx': 360, 'rzz': 80}",6,6,0,C:\Users\szymo\QuditsOnQubits\QuditsOnQubits\basis_direct_encoding_benchmarks\quantum_circuits\ghz3\fourier_like__D111_F3_D001,C:\Users\szymo\QuditsOnQubits\QuditsOnQubits\basis_direct_encoding_benchmarks\quantum_circuits\ghz3\fourier_like__D111_F3_D001\F3_W.qpy,C:\Users\szymo\QuditsOnQubits\QuditsOnQubits\basis_direct_encoding_benchmarks\quantum_circuits\ghz3\fourier_like__D111_F3_D001\CZ3_W.qpy,C:\Users\szymo\QuditsOnQubits\QuditsOnQubits\basis_direct_encoding_benchmarks\quantum_circuits\ghz3\fourier_like__D111_F3_D001\graph_state_direct_basis.qpy
direct_basis_encoding,ghz3,ghz_star,star,ghz3,3,3,6,D111_F3_D010,fourier_like,fourier_like,D111_F3_D010,True,459,1262,1721,1083,,,0.716605,True,False,ok,,Converted from legacy E_new = E_Z @ W candidate.; Fidelity skipped because transpiled circuit has 128 qubits.,1083,1084.67,1.89,1721,1725.67,459,459.67,128,"{'sx': 477, 'rz': 423, 'cz': 379, 'rx': 362, 'rzz': 80}",6,6,0,C:\Users\szymo\QuditsOnQubits\QuditsOnQubits\basis_direct_encoding_benchmarks\quantum_circuits\ghz3\fourier_like__D111_F3_D010,C:\Users\szymo\QuditsOnQubits\QuditsOnQubits\basis_direct_encoding_benchmarks\quantum_circuits\ghz3\fourier_like__D111_F3_D010\F3_W.qpy,C:\Users\szymo\QuditsOnQubits\QuditsOnQubits\basis_direct_encoding_benchmarks\quantum_circuits\ghz3\fourier_like__D111_F3_D010\CZ3_W.qpy,C:\Users\szymo\QuditsOnQubits\QuditsOnQubits\basis_direct_encoding_benchmarks\quantum_circuits\ghz3\fourier_like__D111_F3_D010\graph_state_direct_basis.qpy
direct_basis_encoding,ghz3,ghz_star,star,ghz3,3,3,6,D111_F3_D011,fourier_like,fourier_like,D111_F3_D011,True,459,1263,1722,1084,,,0.733341,True,False,ok,,Converted from legacy E_new = E_Z @ W candidate.; Fidelity skipped because transpiled circuit has 128 qubits.,1084,1086.0,2.31,1722,1727.0,459,459.67,128,"{'sx': 477, 'rz': 423, 'cz': 379, 'rx': 363, 'rzz': 80}",6,6,0,C:\Users\szymo\QuditsOnQubits\QuditsOnQubits\basis_direct_encoding_benchmarks\quantum_circuits\ghz3\fourier_like__D111_F3_D011,C:\Users\szymo\QuditsOnQubits\QuditsOnQubits\basis_direct_encoding_benchmarks\quantum_circuits\ghz3\fourier_like__D111_F3_D011\F3_W.qpy,C:\Users\szymo\QuditsOnQubits\QuditsOnQubits\basis_direct_encoding_benchmarks\quantum_circuits\ghz3\fourier_like__D111_F3_D011\CZ3_W.qpy,C:\Users\szymo\QuditsOnQubits\QuditsOnQubits\basis_direct_encoding_benchmarks\quantum_circuits\ghz3\fourier_like__D111_F3_D011\graph_state_direct_basis.qpy
direct_basis_encoding,ghz3,ghz_star,star,ghz3,3,3,6,D111_F3_D100,fourier_like,fourier_like,D111_F3_D100,True,459,1261,1720,1082,,,0.720958,True,False,ok,,Converted from legacy E_new = E_Z @ W candidate.; Fidelity skipped because transpiled circuit has 128 qubits.,1082,1083.67,1.89,1720,1724.67,459,459.67,128,"{'sx': 477, 'rz': 423, 'cz': 379, 'rx': 361, 'rzz': 80}",6,6,0,C:\Users\szymo\QuditsOnQubits\QuditsOnQubits\basis_direct_encoding_benchmarks\quantum_circuits\ghz3\fourier_like__D111_F3_D100,C:\Users\szymo\QuditsOnQubits\QuditsOnQubits\basis_direct_encoding_benchmarks\quantum_circuits\ghz3\fourier_like__D111_F3_D100\F3_W.qpy,C:\Users\szymo\QuditsOnQubits\QuditsOnQubits\basis_direct_encoding_benchmarks\quantum_circuits\ghz3\fourier_like__D111_F3_D100\CZ3_W.qpy,C:\Users\szymo\QuditsOnQubits\QuditsOnQubits\basis_direct_encoding_benchmarks\quantum_circuits\ghz3\fourier_like__D111_F3_D100\graph_state_direct_basis.qpy
direct_basis_encoding,ghz3,ghz_star,star,ghz3,3,3,6,D111_F3_D101,fourier_like,fourier_like,D111_F3_D101,True,459,1261,1720,1082,,,0.714223,True,False,ok,,Converted from legacy E_new = E_Z @ W candidate.; Fidelity skipped because transpiled circuit has 128 qubits.,1082,1083.67,1.89,1720,1724.33,459,459.67,128,"{'sx': 477, 'rz': 423, 'cz': 379, 'rx': 361, 'rzz': 80}",6,6,0,C:\Users\szymo\QuditsOnQubits\QuditsOnQubits\basis_direct_encoding_benchmarks\quantum_circuits\ghz3\fourier_like__D111_F3_D101,C:\Users\szymo\QuditsOnQubits\QuditsOnQubits\basis_direct_encoding_benchmarks\quantum_circuits\ghz3\fourier_like__D111_F3_D101\F3_W.qpy,C:\Users\szymo\QuditsOnQubits\QuditsOnQubits\basis_direct_encoding_benchmarks\quantum_circuits\ghz3\fourier_like__D111_F3_D101\CZ3_W.qpy,C:\Users\szymo\QuditsOnQubits\QuditsOnQubits\basis_direct_encoding_benchmarks\quantum_circuits\ghz3\fourier_like__D111_F3_D101\graph_state_direct_basis.qpy
direct_basis_encoding,ghz3,ghz_star,star,ghz3,3,3,6,D111_F3_D110,fourier_like,fourier_like,D111_F3_D110,True,459,1263,1722,1084,,,0.732932,True,False,ok,,Converted from legacy E_new = E_Z @ W candidate.; Fidelity skipped because transpiled circuit has 128 qubits.,1084,1085.67,1.89,1722,1726.33,459,459.67,128,"{'sx': 477, 'rz': 423, 'cz': 379, 'rx': 363, 'rzz': 80}",6,6,0,C:\Users\szymo\QuditsOnQubits\QuditsOnQubits\basis_direct_encoding_benchmarks\quantum_circuits\ghz3\fourier_like__D111_F3_D110,C:\Users\szymo\QuditsOnQubits\QuditsOnQubits\basis_direct_encoding_benchmarks\quantum_circuits\ghz3\fourier_like__D111_F3_D110\F3_W.qpy,C:\Users\szymo\QuditsOnQubits\QuditsOnQubits\basis_direct_encoding_benchmarks\quantum_circuits\ghz3\fourier_like__D111_F3_D110\CZ3_W.qpy,C:\Users\szymo\QuditsOnQubits\QuditsOnQubits\basis_direct_encoding_benchmarks\quantum_circuits\ghz3\fourier_like__D111_F3_D110\graph_state_direct_basis.qpy
direct_basis_encoding,ghz3,ghz_star,star,ghz3,3,3,6,D111_F3_D111,fourier_like,fourier_like,D111_F3_D111,True,459,1258,1717,1085,,,0.76535,True,False,ok,,Converted from legacy E_new = E_Z @ W candidate.; Fidelity skipped because transpiled circuit has 128 qubits.,1085,1086.67,1.89,1717,1722.33,459,459.67,128,"{'sx': 477, 'rz': 420, 'cz': 379, 'rx': 361, 'rzz': 80}",6,6,0,C:\Users\szymo\QuditsOnQubits\QuditsOnQubits\basis_direct_encoding_benchmarks\quantum_circuits\ghz3\fourier_like__D111_F3_D111,C:\Users\szymo\QuditsOnQubits\QuditsOnQubits\basis_direct_encoding_benchmarks\quantum_circuits\ghz3\fourier_like__D111_F3_D111\F3_W.qpy,C:\Users\szymo\QuditsOnQubits\QuditsOnQubits\basis_direct_encoding_benchmarks\quantum_circuits\ghz3\fourier_like__D111_F3_D111\CZ3_W.qpy,C:\Users\szymo\QuditsOnQubits\QuditsOnQubits\basis_direct_encoding_benchmarks\quantum_circuits\ghz3\fourier_like__D111_F3_D111\graph_state_direct_basis.qpy
direct_basis_encoding,ghz3,ghz_star,star,ghz3,3,3,6,rand_000,random_unitary,householder_random,rand_000,True,459,1264,1723,1083,,,0.759497,True,False,ok,,Converted from legacy E_new = E_Z @ W candidate.; Fidelity skipped because transpiled circuit has 128 qubits.,1083,1085.0,2.31,1723,1727.67,459,459.67,128,"{'sx': 477, 'rz': 426, 'cz': 379, 'rx': 361, 'rzz': 80}",6,6,0,C:\Users\szymo\QuditsOnQubits\QuditsOnQubits\basis_direct_encoding_benchmarks\quantum_circuits\ghz3\householder_random__rand_000,C:\Users\szymo\QuditsOnQubits\QuditsOnQubits\basis_direct_encoding_benchmarks\quantum_circuits\ghz3\householder_random__rand_000\F3_W.qpy,C:\Users\szymo\QuditsOnQubits\QuditsOnQubits\basis_direct_encoding_benchmarks\quantum_circuits\ghz3\householder_random__rand_000\CZ3_W.qpy,C:\Users\szymo\QuditsOnQubits\QuditsOnQubits\basis_direct_encoding_benchmarks\quantum_circuits\ghz3\householder_random__rand_000\graph_state_direct_basis.qpy
direct_basis_encoding,ghz3,ghz_star,star,ghz3,3,3,6,rand_001,random_unitary,householder_random,rand_001,True,459,1266,1725,1085,,,0.757318,True,False,ok,,Converted from legacy E_new = E_Z @ W candidate.; Fidelity skipped because transpiled circuit has 128 qubits.,1085,1086.67,1.89,1725,1729.0,459,459.67,128,"{'sx': 477, 'rz': 426, 'cz': 379, 'rx': 363, 'rzz': 80}",6,6,0,C:\Users\szymo\QuditsOnQubits\QuditsOnQubits\basis_direct_encoding_benchmarks\quantum_circuits\ghz3\householder_random__rand_001,C:\Users\szymo\QuditsOnQubits\QuditsOnQubits\basis_direct_encoding_benchmarks\quantum_circuits\ghz3\householder_random__rand_001\F3_W.qpy,C:\Users\szymo\QuditsOnQubits\QuditsOnQubits\basis_direct_encoding_benchmarks\quantum_circuits\ghz3\householder_random__rand_001\CZ3_W.qpy,C:\Users\szymo\QuditsOnQubits\QuditsOnQubits\basis_direct_encoding_benchmarks\quantum_circuits\ghz3\householder_random__rand_001\graph_state_direct_basis.qpy
direct_basis_encoding,ghz3,ghz_star,star,ghz3,3,3,6,rand_002,random_unitary,householder_random,rand_002,True,459,1265,1724,1084,,,0.733806,True,False,ok,,Converted from legacy E_new = E_Z @ W candidate.; Fidelity skipped because transpiled circuit has 128 qubits.,1084,1085.67,1.89,1724,1728.0,459,459.67,128,"{'sx': 477, 'rz': 426, 'cz': 379, 'rx': 362, 'rzz': 80}",6,6,0,C:\Users\szymo\QuditsOnQubits\QuditsOnQubits\basis_direct_encoding_benchmarks\quantum_circuits\ghz3\householder_random__rand_002,C:\Users\szymo\QuditsOnQubits\QuditsOnQubits\basis_direct_encoding_benchmarks\quantum_circuits\ghz3\householder_random__rand_002\F3_W.qpy,C:\Users\szymo\QuditsOnQubits\QuditsOnQubits\basis_direct_encoding_benchmarks\quantum_circuits\ghz3\householder_random__rand_002\CZ3_W.qpy,C:\Users\szymo\QuditsOnQubits\QuditsOnQubits\basis_direct_encoding_benchmarks\quantum_circuits\ghz3\householder_random__rand_002\graph_state_direct_basis.qpy
direct_basis_encoding,ghz3,ghz_star,star,ghz3,3,3,6,rand_003,random_unitary,householder_random,rand_003,True,459,1263,1722,1082,,,0.749611,True,False,ok,,Converted from legacy E_new = E_Z @ W candidate.; Fidelity skipped because transpiled circuit has 128 qubits.,1082,1084.0,2.31,1722,1726.33,459,459.67,128,"{'sx': 477, 'rz': 426, 'cz': 379, 'rx': 360, 'rzz': 80}",6,6,0,C:\Users\szymo\QuditsOnQubits\QuditsOnQubits\basis_direct_encoding_benchmarks\quantum_circuits\ghz3\householder_random__rand_003,C:\Users\szymo\QuditsOnQubits\QuditsOnQubits\basis_direct_encoding_benchmarks\quantum_circuits\ghz3\householder_random__rand_003\F3_W.qpy,C:\Users\szymo\QuditsOnQubits\QuditsOnQubits\basis_direct_encoding_benchmarks\quantum_circuits\ghz3\householder_random__rand_003\CZ3_W.qpy,C:\Users\szymo\QuditsOnQubits\QuditsOnQubits\basis_direct_encoding_benchmarks\quantum_circuits\ghz3\householder_random__rand_003\graph_state_direct_basis.qpy
direct_basis_encoding,ghz3,ghz_star,star,ghz3,3,3,6,rand_004,random_unitary,householder_random,rand_004,True,459,1263,1722,1082,,,0.783183,True,False,ok,,Converted from legacy E_new = E_Z @ W candidate.; Fidelity skipped because transpiled circuit has 128 qubits.,1082,1083.67,1.89,1722,1726.0,459,459.67,128,"{'sx': 477, 'rz': 426, 'cz': 379, 'rx': 360, 'rzz': 80}",6,6,0,C:\Users\szymo\QuditsOnQubits\QuditsOnQubits\basis_direct_encoding_benchmarks\quantum_circuits\ghz3\householder_random__rand_004,C:\Users\szymo\QuditsOnQubits\QuditsOnQubits\basis_direct_encoding_benchmarks\quantum_circuits\ghz3\householder_random__rand_004\F3_W.qpy,C:\Users\szymo\QuditsOnQubits\QuditsOnQubits\basis_direct_encoding_benchmarks\quantum_circuits\ghz3\householder_random__rand_004\CZ3_W.qpy,C:\Users\szymo\QuditsOnQubits\QuditsOnQubits\basis_direct_encoding_benchmarks\quantum_circuits\ghz3\householder_random__rand_004\graph_state_direct_basis.qpy
direct_basis_encoding,ghz3,ghz_star,star,ghz3,3,3,6,rand_005,random_unitary,householder_random,rand_005,True,459,1263,1722,1082,,,0.702083,True,False,ok,,Converted from legacy E_new = E_Z @ W candidate.; Fidelity skipped because transpiled circuit has 128 qubits.,1082,1083.67,1.89,1722,1726.33,459,459.67,128,"{'sx': 477, 'rz': 426, 'cz': 379, 'rx': 360, 'rzz': 80}",6,6,0,C:\Users\szymo\QuditsOnQubits\QuditsOnQubits\basis_direct_encoding_benchmarks\quantum_circuits\ghz3\householder_random__rand_005,C:\Users\szymo\QuditsOnQubits\QuditsOnQubits\basis_direct_encoding_benchmarks\quantum_circuits\ghz3\householder_random__rand_005\F3_W.qpy,C:\Users\szymo\QuditsOnQubits\QuditsOnQubits\basis_direct_encoding_benchmarks\quantum_circuits\ghz3\householder_random__rand_005\CZ3_W.qpy,C:\Users\szymo\QuditsOnQubits\QuditsOnQubits\basis_direct_encoding_benchmarks\quantum_circuits\ghz3\householder_random__rand_005\graph_state_direct_basis.qpy
direct_basis_encoding,ghz3,ghz_star,star,ghz3,3,3,6,rand_006,random_unitary,householder_random,rand_006,True,459,1266,1725,1085,,,0.731245,True,False,ok,,Converted from legacy E_new = E_Z @ W candidate.; Fidelity skipped because transpiled circuit has 128 qubits.,1085,1086.33,1.49,1725,1729.0,459,459.67,128,"{'sx': 477, 'rz': 426, 'cz': 379, 'rx': 363, 'rzz': 80}",6,6,0,C:\Users\szymo\QuditsOnQubits\QuditsOnQubits\basis_direct_encoding_benchmarks\quantum_circuits\ghz3\householder_random__rand_006,C:\Users\szymo\QuditsOnQubits\QuditsOnQubits\basis_direct_encoding_benchmarks\quantum_circuits\ghz3\householder_random__rand_006\F3_W.qpy,C:\Users\szymo\QuditsOnQubits\QuditsOnQubits\basis_direct_encoding_benchmarks\quantum_circuits\ghz3\householder_random__rand_006\CZ3_W.qpy,C:\Users\szymo\QuditsOnQubits\QuditsOnQubits\basis_direct_encoding_benchmarks\quantum_circuits\ghz3\householder_random__rand_006\graph_state_direct_basis.qpy
direct_basis_encoding,ghz3,ghz_star,star,ghz3,3,3,6,rand_007,random_unitary,householder_random,rand_007,True,459,1264,1723,1083,,,0.742226,True,False,ok,,Converted from legacy E_new = E_Z @ W candidate.; Fidelity skipped because transpiled circuit has 128 qubits.,1083,1084.67,1.89,1723,1727.0,459,459.67,128,"{'sx': 477, 'rz': 426, 'cz': 379, 'rx': 361, 'rzz': 80}",6,6,0,C:\Users\szymo\QuditsOnQubits\QuditsOnQubits\basis_direct_encoding_benchmarks\quantum_circuits\ghz3\householder_random__rand_007,C:\Users\szymo\QuditsOnQubits\QuditsOnQubits\basis_direct_encoding_benchmarks\quantum_circuits\ghz3\householder_random__rand_007\F3_W.qpy,C:\Users\szymo\QuditsOnQubits\QuditsOnQubits\basis_direct_encoding_benchmarks\quantum_circuits\ghz3\householder_random__rand_007\CZ3_W.qpy,C:\Users\szymo\QuditsOnQubits\QuditsOnQubits\basis_direct_encoding_benchmarks\quantum_circuits\ghz3\householder_random__rand_007\graph_state_direct_basis.qpy
direct_basis_encoding,ghz3,ghz_star,star,ghz3,3,3,6,rand_008,random_unitary,householder_random,rand_008,True,459,1266,1725,1085,,,0.724254,True,False,ok,,Converted from legacy E_new = E_Z @ W candidate.; Fidelity skipped because transpiled circuit has 128 qubits.,1085,1087.0,2.31,1725,1729.67,459,459.67,128,"{'sx': 477, 'rz': 426, 'cz': 379, 'rx': 363, 'rzz': 80}",6,6,0,C:\Users\szymo\QuditsOnQubits\QuditsOnQubits\basis_direct_encoding_benchmarks\quantum_circuits\ghz3\householder_random__rand_008,C:\Users\szymo\QuditsOnQubits\QuditsOnQubits\basis_direct_encoding_benchmarks\quantum_circuits\ghz3\householder_random__rand_008\F3_W.qpy,C:\Users\szymo\QuditsOnQubits\QuditsOnQubits\basis_direct_encoding_benchmarks\quantum_circuits\ghz3\householder_random__rand_008\CZ3_W.qpy,C:\Users\szymo\QuditsOnQubits\QuditsOnQubits\basis_direct_encoding_benchmarks\quantum_circuits\ghz3\householder_random__rand_008\graph_state_direct_basis.qpy
direct_basis_encoding,ghz3,ghz_star,star,ghz3,3,3,6,rand_009,random_unitary,householder_random,rand_009,True,459,1265,1724,1084,,,0.71683,True,False,ok,,Converted from legacy E_new = E_Z @ W candidate.; Fidelity skipped because transpiled circuit has 128 qubits.,1084,1085.67,1.89,1724,1728.0,459,459.67,128,"{'sx': 477, 'rz': 426, 'cz': 379, 'rx': 362, 'rzz': 80}",6,6,0,C:\Users\szymo\QuditsOnQubits\QuditsOnQubits\basis_direct_encoding_benchmarks\quantum_circuits\ghz3\householder_random__rand_009,C:\Users\szymo\QuditsOnQubits\QuditsOnQubits\basis_direct_encoding_benchmarks\quantum_circuits\ghz3\householder_random__rand_009\F3_W.qpy,C:\Users\szymo\QuditsOnQubits\QuditsOnQubits\basis_direct_encoding_benchmarks\quantum_circuits\ghz3\householder_random__rand_009\CZ3_W.qpy,C:\Users\szymo\QuditsOnQubits\QuditsOnQubits\basis_direct_encoding_benchmarks\quantum_circuits\ghz3\householder_random__rand_009\graph_state_direct_basis.qpy
direct_basis_encoding,ghz3,ghz_star,star,ghz3,3,3,6,rand_010,random_unitary,householder_random,rand_010,True,459,1265,1724,1084,,,0.716811,True,False,ok,,Converted from legacy E_new = E_Z @ W candidate.; Fidelity skipped because transpiled circuit has 128 qubits.,1084,1085.67,1.89,1724,1728.33,459,459.67,128,"{'sx': 477, 'rz': 426, 'cz': 379, 'rx': 362, 'rzz': 80}",6,6,0,C:\Users\szymo\QuditsOnQubits\QuditsOnQubits\basis_direct_encoding_benchmarks\quantum_circuits\ghz3\householder_random__rand_010,C:\Users\szymo\QuditsOnQubits\QuditsOnQubits\basis_direct_encoding_benchmarks\quantum_circuits\ghz3\householder_random__rand_010\F3_W.qpy,C:\Users\szymo\QuditsOnQubits\QuditsOnQubits\basis_direct_encoding_benchmarks\quantum_circuits\ghz3\householder_random__rand_010\CZ3_W.qpy,C:\Users\szymo\QuditsOnQubits\QuditsOnQubits\basis_direct_encoding_benchmarks\quantum_circuits\ghz3\householder_random__rand_010\graph_state_direct_basis.qpy
direct_basis_encoding,ghz3,ghz_star,star,ghz3,3,3,6,rand_011,random_unitary,householder_random,rand_011,True,459,1264,1723,1083,,,0.734912,True,False,ok,,Converted from legacy E_new = E_Z @ W candidate.; Fidelity skipped because transpiled circuit has 128 qubits.,1083,1084.67,1.89,1723,1727.33,459,459.67,128,"{'sx': 477, 'rz': 426, 'cz': 379, 'rx': 361, 'rzz': 80}",6,6,0,C:\Users\szymo\QuditsOnQubits\QuditsOnQubits\basis_direct_encoding_benchmarks\quantum_circuits\ghz3\householder_random__rand_011,C:\Users\szymo\QuditsOnQubits\QuditsOnQubits\basis_direct_encoding_benchmarks\quantum_circuits\ghz3\householder_random__rand_011\F3_W.qpy,C:\Users\szymo\QuditsOnQubits\QuditsOnQubits\basis_direct_encoding_benchmarks\quantum_circuits\ghz3\householder_random__rand_011\CZ3_W.qpy,C:\Users\szymo\QuditsOnQubits\QuditsOnQubits\basis_direct_encoding_benchmarks\quantum_circuits\ghz3\householder_random__rand_011\graph_state_direct_basis.qpy
direct_basis_encoding,ghz3,ghz_star,star,ghz3,3,3,6,rand_012,random_unitary,householder_random,rand_012,True,459,1264,1723,1083,,,0.750055,True,False,ok,,Converted from legacy E_new = E_Z @ W candidate.; Fidelity skipped because transpiled circuit has 128 qubits.,1083,1084.67,1.89,1723,1727.0,459,459.67,128,"{'sx': 477, 'rz': 426, 'cz': 379, 'rx': 361, 'rzz': 80}",6,6,0,C:\Users\szymo\QuditsOnQubits\QuditsOnQubits\basis_direct_encoding_benchmarks\quantum_circuits\ghz3\householder_random__rand_012,C:\Users\szymo\QuditsOnQubits\QuditsOnQubits\basis_direct_encoding_benchmarks\quantum_circuits\ghz3\householder_random__rand_012\F3_W.qpy,C:\Users\szymo\QuditsOnQubits\QuditsOnQubits\basis_direct_encoding_benchmarks\quantum_circuits\ghz3\householder_random__rand_012\CZ3_W.qpy,C:\Users\szymo\QuditsOnQubits\QuditsOnQubits\basis_direct_encoding_benchmarks\quantum_circuits\ghz3\householder_random__rand_012\graph_state_direct_basis.qpy
direct_basis_encoding,ghz3,ghz_star,star,ghz3,3,3,6,rand_013,random_unitary,householder_random,rand_013,True,459,1265,1724,1084,,,0.737101,True,False,ok,,Converted from legacy E_new = E_Z @ W candidate.; Fidelity skipped because transpiled circuit has 128 qubits.,1084,1085.67,1.89,1724,1728.0,459,459.67,128,"{'sx': 477, 'rz': 426, 'cz': 379, 'rx': 362, 'rzz': 80}",6,6,0,C:\Users\szymo\QuditsOnQubits\QuditsOnQubits\basis_direct_encoding_benchmarks\quantum_circuits\ghz3\householder_random__rand_013,C:\Users\szymo\QuditsOnQubits\QuditsOnQubits\basis_direct_encoding_benchmarks\quantum_circuits\ghz3\householder_random__rand_013\F3_W.qpy,C:\Users\szymo\QuditsOnQubits\QuditsOnQubits\basis_direct_encoding_benchmarks\quantum_circuits\ghz3\householder_random__rand_013\CZ3_W.qpy,C:\Users\szymo\QuditsOnQubits\QuditsOnQubits\basis_direct_encoding_benchmarks\quantum_circuits\ghz3\householder_random__rand_013\graph_state_direct_basis.qpy
direct_basis_encoding,ghz3,ghz_star,star,ghz3,3,3,6,rand_014,random_unitary,householder_random,rand_014,True,459,1265,1724,1084,,,0.728846,True,False,ok,,Converted from legacy E_new = E_Z @ W candidate.; Fidelity skipped because transpiled circuit has 128 qubits.,1084,1085.67,1.89,1724,1728.0,459,459.67,128,"{'sx': 477, 'rz': 426, 'cz': 379, 'rx': 362, 'rzz': 80}",6,6,0,C:\Users\szymo\QuditsOnQubits\QuditsOnQubits\basis_direct_encoding_benchmarks\quantum_circuits\ghz3\householder_random__rand_014,C:\Users\szymo\QuditsOnQubits\QuditsOnQubits\basis_direct_encoding_benchmarks\quantum_circuits\ghz3\householder_random__rand_014\F3_W.qpy,C:\Users\szymo\QuditsOnQubits\QuditsOnQubits\basis_direct_encoding_benchmarks\quantum_circuits\ghz3\householder_random__rand_014\CZ3_W.qpy,C:\Users\szymo\QuditsOnQubits\QuditsOnQubits\basis_direct_encoding_benchmarks\quantum_circuits\ghz3\householder_random__rand_014\graph_state_direct_basis.qpy
direct_basis_encoding,ghz3,ghz_star,star,ghz3,3,3,6,rand_015,random_unitary,householder_random,rand_015,True,459,1265,1724,1084,,,0.733577,True,False,ok,,Converted from legacy E_new = E_Z @ W candidate.; Fidelity skipped because transpiled circuit has 128 qubits.,1084,1085.67,1.89,1724,1728.33,459,459.67,128,"{'sx': 477, 'rz': 426, 'cz': 379, 'rx': 362, 'rzz': 80}",6,6,0,C:\Users\szymo\QuditsOnQubits\QuditsOnQubits\basis_direct_encoding_benchmarks\quantum_circuits\ghz3\householder_random__rand_015,C:\Users\szymo\QuditsOnQubits\QuditsOnQubits\basis_direct_encoding_benchmarks\quantum_circuits\ghz3\householder_random__rand_015\F3_W.qpy,C:\Users\szymo\QuditsOnQubits\QuditsOnQubits\basis_direct_encoding_benchmarks\quantum_circuits\ghz3\householder_random__rand_015\CZ3_W.qpy,C:\Users\szymo\QuditsOnQubits\QuditsOnQubits\basis_direct_encoding_benchmarks\quantum_circuits\ghz3\householder_random__rand_015\graph_state_direct_basis.qpy
direct_basis_encoding,ghz3,ghz_star,star,ghz3,3,3,6,rand_016,random_unitary,householder_random,rand_016,True,459,1263,1722,1082,,,0.75596,True,False,ok,,Converted from legacy E_new = E_Z @ W candidate.; Fidelity skipped because transpiled circuit has 128 qubits.,1082,1083.67,1.89,1722,1726.33,459,459.67,128,"{'sx': 477, 'rz': 426, 'cz': 379, 'rx': 360, 'rzz': 80}",6,6,0,C:\Users\szymo\QuditsOnQubits\QuditsOnQubits\basis_direct_encoding_benchmarks\quantum_circuits\ghz3\householder_random__rand_016,C:\Users\szymo\QuditsOnQubits\QuditsOnQubits\basis_direct_encoding_benchmarks\quantum_circuits\ghz3\householder_random__rand_016\F3_W.qpy,C:\Users\szymo\QuditsOnQubits\QuditsOnQubits\basis_direct_encoding_benchmarks\quantum_circuits\ghz3\householder_random__rand_016\CZ3_W.qpy,C:\Users\szymo\QuditsOnQubits\QuditsOnQubits\basis_direct_encoding_benchmarks\quantum_circuits\ghz3\householder_random__rand_016\graph_state_direct_basis.qpy
direct_basis_encoding,ghz3,ghz_star,star,ghz3,3,3,6,rand_017,random_unitary,householder_random,rand_017,True,459,1263,1722,1082,,,0.777376,True,False,ok,,Converted from legacy E_new = E_Z @ W candidate.; Fidelity skipped because transpiled circuit has 128 qubits.,1082,1083.67,1.89,1722,1726.33,459,459.67,128,"{'sx': 477, 'rz': 426, 'cz': 379, 'rx': 360, 'rzz': 80}",6,6,0,C:\Users\szymo\QuditsOnQubits\QuditsOnQubits\basis_direct_encoding_benchmarks\quantum_circuits\ghz3\householder_random__rand_017,C:\Users\szymo\QuditsOnQubits\QuditsOnQubits\basis_direct_encoding_benchmarks\quantum_circuits\ghz3\householder_random__rand_017\F3_W.qpy,C:\Users\szymo\QuditsOnQubits\QuditsOnQubits\basis_direct_encoding_benchmarks\quantum_circuits\ghz3\householder_random__rand_017\CZ3_W.qpy,C:\Users\szymo\QuditsOnQubits\QuditsOnQubits\basis_direct_encoding_benchmarks\quantum_circuits\ghz3\householder_random__rand_017\graph_state_direct_basis.qpy
direct_basis_encoding,ghz3,ghz_star,star,ghz3,3,3,6,rand_018,random_unitary,householder_random,rand_018,True,459,1264,1723,1083,,,0.778421,True,False,ok,,Converted from legacy E_new = E_Z @ W candidate.; Fidelity skipped because transpiled circuit has 128 qubits.,1083,1084.67,1.89,1723,1727.0,459,459.67,128,"{'sx': 477, 'rz': 426, 'cz': 379, 'rx': 361, 'rzz': 80}",6,6,0,C:\Users\szymo\QuditsOnQubits\QuditsOnQubits\basis_direct_encoding_benchmarks\quantum_circuits\ghz3\householder_random__rand_018,C:\Users\szymo\QuditsOnQubits\QuditsOnQubits\basis_direct_encoding_benchmarks\quantum_circuits\ghz3\householder_random__rand_018\F3_W.qpy,C:\Users\szymo\QuditsOnQubits\QuditsOnQubits\basis_direct_encoding_benchmarks\quantum_circuits\ghz3\householder_random__rand_018\CZ3_W.qpy,C:\Users\szymo\QuditsOnQubits\QuditsOnQubits\basis_direct_encoding_benchmarks\quantum_circuits\ghz3\householder_random__rand_018\graph_state_direct_basis.qpy
direct_basis_encoding,ghz3,ghz_star,star,ghz3,3,3,6,rand_019,random_unitary,householder_random,rand_019,True,459,1266,1725,1085,,,0.772187,True,False,ok,,Converted from legacy E_new = E_Z @ W candidate.; Fidelity skipped because transpiled circuit has 128 qubits.,1085,1086.67,1.89,1725,1729.33,459,459.67,128,"{'sx': 477, 'rz': 426, 'cz': 379, 'rx': 363, 'rzz': 80}",6,6,0,C:\Users\szymo\QuditsOnQubits\QuditsOnQubits\basis_direct_encoding_benchmarks\quantum_circuits\ghz3\householder_random__rand_019,C:\Users\szymo\QuditsOnQubits\QuditsOnQubits\basis_direct_encoding_benchmarks\quantum_circuits\ghz3\householder_random__rand_019\F3_W.qpy,C:\Users\szymo\QuditsOnQubits\QuditsOnQubits\basis_direct_encoding_benchmarks\quantum_circuits\ghz3\householder_random__rand_019\CZ3_W.qpy,C:\Users\szymo\QuditsOnQubits\QuditsOnQubits\basis_direct_encoding_benchmarks\quantum_circuits\ghz3\householder_random__rand_019\graph_state_direct_basis.qpy
direct_basis_encoding,ghz3,ghz_star,star,ghz3,3,3,6,X0Z0F0,clifford,clifford_wh,X0Z0F0,True,40,88,128,68,,,0.244368,True,False,ok,,Converted from legacy E_new = E_Z @ W candidate.; Fidelity skipped because transpiled circuit has 128 qubits.,68,68.5,0.5,128,124.0,40,38.5,128,"{'sx': 39, 'cz': 37, 'rz': 26, 'rx': 23, 'rzz': 3}",6,6,0,C:\Users\szymo\QuditsOnQubits\QuditsOnQubits\basis_direct_encoding_benchmarks\quantum_circuits\ghz3\clifford_wh__X0Z0F0,C:\Users\szymo\QuditsOnQubits\QuditsOnQubits\basis_direct_encoding_benchmarks\quantum_circuits\ghz3\clifford_wh__X0Z0F0\F3_W.qpy,C:\Users\szymo\QuditsOnQubits\QuditsOnQubits\basis_direct_encoding_benchmarks\quantum_circuits\ghz3\clifford_wh__X0Z0F0\CZ3_W.qpy,C:\Users\szymo\QuditsOnQubits\QuditsOnQubits\basis_direct_encoding_benchmarks\quantum_circuits\ghz3\clifford_wh__X0Z0F0\graph_state_direct_basis.qpy
direct_basis_encoding,ghz3,ghz_star,star,ghz3,3,3,6,X0Z0F1,clifford,clifford_wh,X0Z0F1,True,454,1249,1703,1075,,,0.823179,True,False,ok,,Converted from legacy E_new = E_Z @ W candidate.; Fidelity skipped because transpiled circuit has 128 qubits.,1075,1078.33,3.77,1703,1710.67,454,456.0,128,"{'sx': 471, 'rz': 418, 'cz': 375, 'rx': 360, 'rzz': 79}",6,6,0,C:\Users\szymo\QuditsOnQubits\QuditsOnQubits\basis_direct_encoding_benchmarks\quantum_circuits\ghz3\clifford_wh__X0Z0F1,C:\Users\szymo\QuditsOnQubits\QuditsOnQubits\basis_direct_encoding_benchmarks\quantum_circuits\ghz3\clifford_wh__X0Z0F1\F3_W.qpy,C:\Users\szymo\QuditsOnQubits\QuditsOnQubits\basis_direct_encoding_benchmarks\quantum_circuits\ghz3\clifford_wh__X0Z0F1\CZ3_W.qpy,C:\Users\szymo\QuditsOnQubits\QuditsOnQubits\basis_direct_encoding_benchmarks\quantum_circuits\ghz3\clifford_wh__X0Z0F1\graph_state_direct_basis.qpy
direct_basis_encoding,ghz3,ghz_star,star,ghz3,3,3,6,X0Z0F2,clifford,clifford_wh,X0Z0F2,True,214,584,798,500,,,0.543203,True,False,ok,,Converted from legacy E_new = E_Z @ W candidate.; Fidelity skipped because transpiled circuit has 128 qubits.,500,506.33,10.18,798,803.67,214,216.67,128,"{'sx': 208, 'rz': 199, 'rx': 177, 'cz': 167, 'rzz': 47}",6,6,0,C:\Users\szymo\QuditsOnQubits\QuditsOnQubits\basis_direct_encoding_benchmarks\quantum_circuits\ghz3\clifford_wh__X0Z0F2,C:\Users\szymo\QuditsOnQubits\QuditsOnQubits\basis_direct_encoding_benchmarks\quantum_circuits\ghz3\clifford_wh__X0Z0F2\F3_W.qpy,C:\Users\szymo\QuditsOnQubits\QuditsOnQubits\basis_direct_encoding_benchmarks\quantum_circuits\ghz3\clifford_wh__X0Z0F2\CZ3_W.qpy,C:\Users\szymo\QuditsOnQubits\QuditsOnQubits\basis_direct_encoding_benchmarks\quantum_circuits\ghz3\clifford_wh__X0Z0F2\graph_state_direct_basis.qpy
direct_basis_encoding,ghz3,ghz_star,star,ghz3,3,3,6,X0Z1F0,clifford,clifford_wh,X0Z1F0,True,37,85,122,69,,,0.193836,True,False,ok,,Converted from legacy E_new = E_Z @ W candidate.; Fidelity skipped because transpiled circuit has 128 qubits.,69,69.0,0.0,122,126.0,37,38.5,128,"{'cz': 35, 'sx': 35, 'rz': 28, 'rx': 22, 'rzz': 2}",6,6,0,C:\Users\szymo\QuditsOnQubits\QuditsOnQubits\basis_direct_encoding_benchmarks\quantum_circuits\ghz3\clifford_wh__X0Z1F0,C:\Users\szymo\QuditsOnQubits\QuditsOnQubits\basis_direct_encoding_benchmarks\quantum_circuits\ghz3\clifford_wh__X0Z1F0\F3_W.qpy,C:\Users\szymo\QuditsOnQubits\QuditsOnQubits\basis_direct_encoding_benchmarks\quantum_circuits\ghz3\clifford_wh__X0Z1F0\CZ3_W.qpy,C:\Users\szymo\QuditsOnQubits\QuditsOnQubits\basis_direct_encoding_benchmarks\quantum_circuits\ghz3\clifford_wh__X0Z1F0\graph_state_direct_basis.qpy
direct_basis_encoding,ghz3,ghz_star,star,ghz3,3,3,6,X0Z1F1,clifford,clifford_wh,X0Z1F1,True,454,1247,1701,1073,,,0.700143,True,False,ok,,Converted from legacy E_new = E_Z @ W candidate.; Fidelity skipped because transpiled circuit has 128 qubits.,1073,1076.0,3.46,1701,1708.33,454,456.0,128,"{'sx': 471, 'rz': 418, 'cz': 375, 'rx': 358, 'rzz': 79}",6,6,0,C:\Users\szymo\QuditsOnQubits\QuditsOnQubits\basis_direct_encoding_benchmarks\quantum_circuits\ghz3\clifford_wh__X0Z1F1,C:\Users\szymo\QuditsOnQubits\QuditsOnQubits\basis_direct_encoding_benchmarks\quantum_circuits\ghz3\clifford_wh__X0Z1F1\F3_W.qpy,C:\Users\szymo\QuditsOnQubits\QuditsOnQubits\basis_direct_encoding_benchmarks\quantum_circuits\ghz3\clifford_wh__X0Z1F1\CZ3_W.qpy,C:\Users\szymo\QuditsOnQubits\QuditsOnQubits\basis_direct_encoding_benchmarks\quantum_circuits\ghz3\clifford_wh__X0Z1F1\graph_state_direct_basis.qpy
direct_basis_encoding,ghz3,ghz_star,star,ghz3,3,3,6,X0Z1F2,clifford,clifford_wh,X0Z1F2,True,219,634,853,534,,,0.483913,True,False,ok,,Converted from legacy E_new = E_Z @ W candidate.; Fidelity skipped because transpiled circuit has 128 qubits.,534,539.67,8.69,853,858.67,219,221.67,128,"{'rz': 232, 'sx': 209, 'rx': 193, 'cz': 167, 'rzz': 52}",6,6,0,C:\Users\szymo\QuditsOnQubits\QuditsOnQubits\basis_direct_encoding_benchmarks\quantum_circuits\ghz3\clifford_wh__X0Z1F2,C:\Users\szymo\QuditsOnQubits\QuditsOnQubits\basis_direct_encoding_benchmarks\quantum_circuits\ghz3\clifford_wh__X0Z1F2\F3_W.qpy,C:\Users\szymo\QuditsOnQubits\QuditsOnQubits\basis_direct_encoding_benchmarks\quantum_circuits\ghz3\clifford_wh__X0Z1F2\CZ3_W.qpy,C:\Users\szymo\QuditsOnQubits\QuditsOnQubits\basis_direct_encoding_benchmarks\quantum_circuits\ghz3\clifford_wh__X0Z1F2\graph_state_direct_basis.qpy
direct_basis_encoding,ghz3,ghz_star,star,ghz3,3,3,6,X0Z2F0,clifford,clifford_wh,X0Z2F0,True,37,85,122,69,,,0.207114,True,False,ok,,Converted from legacy E_new = E_Z @ W candidate.; Fidelity skipped because transpiled circuit has 128 qubits.,69,69.0,0.0,122,126.0,37,38.5,128,"{'cz': 35, 'sx': 35, 'rz': 28, 'rx': 22, 'rzz': 2}",6,6,0,C:\Users\szymo\QuditsOnQubits\QuditsOnQubits\basis_direct_encoding_benchmarks\quantum_circuits\ghz3\clifford_wh__X0Z2F0,C:\Users\szymo\QuditsOnQubits\QuditsOnQubits\basis_direct_encoding_benchmarks\quantum_circuits\ghz3\clifford_wh__X0Z2F0\F3_W.qpy,C:\Users\szymo\QuditsOnQubits\QuditsOnQubits\basis_direct_encoding_benchmarks\quantum_circuits\ghz3\clifford_wh__X0Z2F0\CZ3_W.qpy,C:\Users\szymo\QuditsOnQubits\QuditsOnQubits\basis_direct_encoding_benchmarks\quantum_circuits\ghz3\clifford_wh__X0Z2F0\graph_state_direct_basis.qpy
direct_basis_encoding,ghz3,ghz_star,star,ghz3,3,3,6,X0Z2F1,clifford,clifford_wh,X0Z2F1,True,454,1247,1701,1073,,,0.662467,True,False,ok,,Converted from legacy E_new = E_Z @ W candidate.; Fidelity skipped because transpiled circuit has 128 qubits.,1073,1076.33,3.77,1701,1708.67,454,456.0,128,"{'sx': 471, 'rz': 418, 'cz': 375, 'rx': 358, 'rzz': 79}",6,6,0,C:\Users\szymo\QuditsOnQubits\QuditsOnQubits\basis_direct_encoding_benchmarks\quantum_circuits\ghz3\clifford_wh__X0Z2F1,C:\Users\szymo\QuditsOnQubits\QuditsOnQubits\basis_direct_encoding_benchmarks\quantum_circuits\ghz3\clifford_wh__X0Z2F1\F3_W.qpy,C:\Users\szymo\QuditsOnQubits\QuditsOnQubits\basis_direct_encoding_benchmarks\quantum_circuits\ghz3\clifford_wh__X0Z2F1\CZ3_W.qpy,C:\Users\szymo\QuditsOnQubits\QuditsOnQubits\basis_direct_encoding_benchmarks\quantum_circuits\ghz3\clifford_wh__X0Z2F1\graph_state_direct_basis.qpy
direct_basis_encoding,ghz3,ghz_star,star,ghz3,3,3,6,X0Z2F2,clifford,clifford_wh,X0Z2F2,True,219,638,857,537,,,0.483034,True,False,ok,,Converted from legacy E_new = E_Z @ W candidate.; Fidelity skipped because transpiled circuit has 128 qubits.,537,542.33,7.95,857,862.17,219,221.67,128,"{'rz': 235, 'sx': 209, 'rx': 194, 'cz': 167, 'rzz': 52}",6,6,0,C:\Users\szymo\QuditsOnQubits\QuditsOnQubits\basis_direct_encoding_benchmarks\quantum_circuits\ghz3\clifford_wh__X0Z2F2,C:\Users\szymo\QuditsOnQubits\QuditsOnQubits\basis_direct_encoding_benchmarks\quantum_circuits\ghz3\clifford_wh__X0Z2F2\F3_W.qpy,C:\Users\szymo\QuditsOnQubits\QuditsOnQubits\basis_direct_encoding_benchmarks\quantum_circuits\ghz3\clifford_wh__X0Z2F2\CZ3_W.qpy,C:\Users\szymo\QuditsOnQubits\QuditsOnQubits\basis_direct_encoding_benchmarks\quantum_circuits\ghz3\clifford_wh__X0Z2F2\graph_state_direct_basis.qpy
direct_basis_encoding,ghz3,ghz_star,star,ghz3,3,3,6,X1Z0F0,clifford,clifford_wh,X1Z0F0,True,37,84,121,80,,,0.203459,True,False,ok,,Converted from legacy E_new = E_Z @ W candidate.; Fidelity skipped because transpiled circuit has 128 qubits.,80,87.17,3.29,121,130.0,37,41.17,128,"{'rz': 31, 'rx': 31, 'cz': 28, 'sx': 22, 'rzz': 9}",6,6,0,C:\Users\szymo\QuditsOnQubits\QuditsOnQubits\basis_direct_encoding_benchmarks\quantum_circuits\ghz3\clifford_wh__X1Z0F0,C:\Users\szymo\QuditsOnQubits\QuditsOnQubits\basis_direct_encoding_benchmarks\quantum_circuits\ghz3\clifford_wh__X1Z0F0\F3_W.qpy,C:\Users\szymo\QuditsOnQubits\QuditsOnQubits\basis_direct_encoding_benchmarks\quantum_circuits\ghz3\clifford_wh__X1Z0F0\CZ3_W.qpy,C:\Users\szymo\QuditsOnQubits\QuditsOnQubits\basis_direct_encoding_benchmarks\quantum_circuits\ghz3\clifford_wh__X1Z0F0\graph_state_direct_basis.qpy
direct_basis_encoding,ghz3,ghz_star,star,ghz3,3,3,6,X1Z0F1,clifford,clifford_wh,X1Z0F1,True,459,1254,1713,1081,,,0.714741,True,False,ok,,Converted from legacy E_new = E_Z @ W candidate.; Fidelity skipped because transpiled circuit has 128 qubits.,1081,1082.67,1.89,1713,1718.33,459,459.67,128,"{'sx': 477, 'rz': 416, 'cz': 379, 'rx': 361, 'rzz': 80}",6,6,0,C:\Users\szymo\QuditsOnQubits\QuditsOnQubits\basis_direct_encoding_benchmarks\quantum_circuits\ghz3\clifford_wh__X1Z0F1,C:\Users\szymo\QuditsOnQubits\QuditsOnQubits\basis_direct_encoding_benchmarks\quantum_circuits\ghz3\clifford_wh__X1Z0F1\F3_W.qpy,C:\Users\szymo\QuditsOnQubits\QuditsOnQubits\basis_direct_encoding_benchmarks\quantum_circuits\ghz3\clifford_wh__X1Z0F1\CZ3_W.qpy,C:\Users\szymo\QuditsOnQubits\QuditsOnQubits\basis_direct_encoding_benchmarks\quantum_circuits\ghz3\clifford_wh__X1Z0F1\graph_state_direct_basis.qpy
direct_basis_encoding,ghz3,ghz_star,star,ghz3,3,3,6,X1Z0F2,clifford,clifford_wh,X1Z0F2,True,195,594,789,495,,,0.439438,True,False,ok,,Converted from legacy E_new = E_Z @ W candidate.; Fidelity skipped because transpiled circuit has 128 qubits.,495,507.33,11.59,789,821.17,195,204.5,128,"{'rz': 234, 'rx': 192, 'sx': 168, 'cz': 142, 'rzz': 53}",6,6,0,C:\Users\szymo\QuditsOnQubits\QuditsOnQubits\basis_direct_encoding_benchmarks\quantum_circuits\ghz3\clifford_wh__X1Z0F2,C:\Users\szymo\QuditsOnQubits\QuditsOnQubits\basis_direct_encoding_benchmarks\quantum_circuits\ghz3\clifford_wh__X1Z0F2\F3_W.qpy,C:\Users\szymo\QuditsOnQubits\QuditsOnQubits\basis_direct_encoding_benchmarks\quantum_circuits\ghz3\clifford_wh__X1Z0F2\CZ3_W.qpy,C:\Users\szymo\QuditsOnQubits\QuditsOnQubits\basis_direct_encoding_benchmarks\quantum_circuits\ghz3\clifford_wh__X1Z0F2\graph_state_direct_basis.qpy
direct_basis_encoding,ghz3,ghz_star,star,ghz3,3,3,6,X1Z1F0,clifford,clifford_wh,X1Z1F0,True,37,90,127,81,,,0.222729,True,False,ok,,Converted from legacy E_new = E_Z @ W candidate.; Fidelity skipped because transpiled circuit has 128 qubits.,81,88.83,3.58,127,139.17,37,41.17,128,"{'rz': 37, 'rx': 31, 'cz': 28, 'sx': 22, 'rzz': 9}",6,6,0,C:\Users\szymo\QuditsOnQubits\QuditsOnQubits\basis_direct_encoding_benchmarks\quantum_circuits\ghz3\clifford_wh__X1Z1F0,C:\Users\szymo\QuditsOnQubits\QuditsOnQubits\basis_direct_encoding_benchmarks\quantum_circuits\ghz3\clifford_wh__X1Z1F0\F3_W.qpy,C:\Users\szymo\QuditsOnQubits\QuditsOnQubits\basis_direct_encoding_benchmarks\quantum_circuits\ghz3\clifford_wh__X1Z1F0\CZ3_W.qpy,C:\Users\szymo\QuditsOnQubits\QuditsOnQubits\basis_direct_encoding_benchmarks\quantum_circuits\ghz3\clifford_wh__X1Z1F0\graph_state_direct_basis.qpy
direct_basis_encoding,ghz3,ghz_star,star,ghz3,3,3,6,X1Z1F1,clifford,clifford_wh,X1Z1F1,True,459,1256,1715,1083,,,0.728006,True,False,ok,,Converted from legacy E_new = E_Z @ W candidate.; Fidelity skipped because transpiled circuit has 128 qubits.,1083,1084.33,1.49,1715,1720.33,459,459.67,128,"{'sx': 477, 'rz': 416, 'cz': 379, 'rx': 363, 'rzz': 80}",6,6,0,C:\Users\szymo\QuditsOnQubits\QuditsOnQubits\basis_direct_encoding_benchmarks\quantum_circuits\ghz3\clifford_wh__X1Z1F1,C:\Users\szymo\QuditsOnQubits\QuditsOnQubits\basis_direct_encoding_benchmarks\quantum_circuits\ghz3\clifford_wh__X1Z1F1\F3_W.qpy,C:\Users\szymo\QuditsOnQubits\QuditsOnQubits\basis_direct_encoding_benchmarks\quantum_circuits\ghz3\clifford_wh__X1Z1F1\CZ3_W.qpy,C:\Users\szymo\QuditsOnQubits\QuditsOnQubits\basis_direct_encoding_benchmarks\quantum_circuits\ghz3\clifford_wh__X1Z1F1\graph_state_direct_basis.qpy
direct_basis_encoding,ghz3,ghz_star,star,ghz3,3,3,6,X1Z1F2,clifford,clifford_wh,X1Z1F2,True,195,599,794,496,,,0.459461,True,False,ok,,Converted from legacy E_new = E_Z @ W candidate.; Fidelity skipped because transpiled circuit has 128 qubits.,496,507.83,10.92,794,826.0,195,204.5,128,"{'rz': 238, 'rx': 193, 'sx': 168, 'cz': 142, 'rzz': 53}",6,6,0,C:\Users\szymo\QuditsOnQubits\QuditsOnQubits\basis_direct_encoding_benchmarks\quantum_circuits\ghz3\clifford_wh__X1Z1F2,C:\Users\szymo\QuditsOnQubits\QuditsOnQubits\basis_direct_encoding_benchmarks\quantum_circuits\ghz3\clifford_wh__X1Z1F2\F3_W.qpy,C:\Users\szymo\QuditsOnQubits\QuditsOnQubits\basis_direct_encoding_benchmarks\quantum_circuits\ghz3\clifford_wh__X1Z1F2\CZ3_W.qpy,C:\Users\szymo\QuditsOnQubits\QuditsOnQubits\basis_direct_encoding_benchmarks\quantum_circuits\ghz3\clifford_wh__X1Z1F2\graph_state_direct_basis.qpy
direct_basis_encoding,ghz3,ghz_star,star,ghz3,3,3,6,X1Z2F0,clifford,clifford_wh,X1Z2F0,True,37,90,127,81,,,0.203255,True,False,ok,,Converted from legacy E_new = E_Z @ W candidate.; Fidelity skipped because transpiled circuit has 128 qubits.,81,88.83,3.58,127,138.33,37,41.17,128,"{'rz': 37, 'rx': 31, 'cz': 28, 'sx': 22, 'rzz': 9}",6,6,0,C:\Users\szymo\QuditsOnQubits\QuditsOnQubits\basis_direct_encoding_benchmarks\quantum_circuits\ghz3\clifford_wh__X1Z2F0,C:\Users\szymo\QuditsOnQubits\QuditsOnQubits\basis_direct_encoding_benchmarks\quantum_circuits\ghz3\clifford_wh__X1Z2F0\F3_W.qpy,C:\Users\szymo\QuditsOnQubits\QuditsOnQubits\basis_direct_encoding_benchmarks\quantum_circuits\ghz3\clifford_wh__X1Z2F0\CZ3_W.qpy,C:\Users\szymo\QuditsOnQubits\QuditsOnQubits\basis_direct_encoding_benchmarks\quantum_circuits\ghz3\clifford_wh__X1Z2F0\graph_state_direct_basis.qpy
direct_basis_encoding,ghz3,ghz_star,star,ghz3,3,3,6,X1Z2F1,clifford,clifford_wh,X1Z2F1,True,459,1253,1712,1080,,,0.723786,True,False,ok,,Converted from legacy E_new = E_Z @ W candidate.; Fidelity skipped because transpiled circuit has 128 qubits.,1080,1081.67,1.89,1712,1717.67,459,459.67,128,"{'sx': 477, 'rz': 416, 'cz': 379, 'rx': 360, 'rzz': 80}",6,6,0,C:\Users\szymo\QuditsOnQubits\QuditsOnQubits\basis_direct_encoding_benchmarks\quantum_circuits\ghz3\clifford_wh__X1Z2F1,C:\Users\szymo\QuditsOnQubits\QuditsOnQubits\basis_direct_encoding_benchmarks\quantum_circuits\ghz3\clifford_wh__X1Z2F1\F3_W.qpy,C:\Users\szymo\QuditsOnQubits\QuditsOnQubits\basis_direct_encoding_benchmarks\quantum_circuits\ghz3\clifford_wh__X1Z2F1\CZ3_W.qpy,C:\Users\szymo\QuditsOnQubits\QuditsOnQubits\basis_direct_encoding_benchmarks\quantum_circuits\ghz3\clifford_wh__X1Z2F1\graph_state_direct_basis.qpy
direct_basis_encoding,ghz3,ghz_star,star,ghz3,3,3,6,X1Z2F2,clifford,clifford_wh,X1Z2F2,True,195,598,793,495,,,0.445597,True,False,ok,,Converted from legacy E_new = E_Z @ W candidate.; Fidelity skipped because transpiled circuit has 128 qubits.,495,507.33,11.59,793,825.5,195,204.5,128,"{'rz': 238, 'rx': 192, 'sx': 168, 'cz': 142, 'rzz': 53}",6,6,0,C:\Users\szymo\QuditsOnQubits\QuditsOnQubits\basis_direct_encoding_benchmarks\quantum_circuits\ghz3\clifford_wh__X1Z2F2,C:\Users\szymo\QuditsOnQubits\QuditsOnQubits\basis_direct_encoding_benchmarks\quantum_circuits\ghz3\clifford_wh__X1Z2F2\F3_W.qpy,C:\Users\szymo\QuditsOnQubits\QuditsOnQubits\basis_direct_encoding_benchmarks\quantum_circuits\ghz3\clifford_wh__X1Z2F2\CZ3_W.qpy,C:\Users\szymo\QuditsOnQubits\QuditsOnQubits\basis_direct_encoding_benchmarks\quantum_circuits\ghz3\clifford_wh__X1Z2F2\graph_state_direct_basis.qpy
direct_basis_encoding,ghz3,ghz_star,star,ghz3,3,3,6,X2Z0F0,clifford,clifford_wh,X2Z0F0,True,44,92,136,88,,,0.216089,True,False,ok,,Converted from legacy E_new = E_Z @ W candidate.; Fidelity skipped because transpiled circuit has 128 qubits.,88,90.17,1.21,136,149.17,44,46.5,128,"{'cz': 42, 'sx': 41, 'rz': 27, 'rx': 24, 'rzz': 2}",6,6,0,C:\Users\szymo\QuditsOnQubits\QuditsOnQubits\basis_direct_encoding_benchmarks\quantum_circuits\ghz3\clifford_wh__X2Z0F0,C:\Users\szymo\QuditsOnQubits\QuditsOnQubits\basis_direct_encoding_benchmarks\quantum_circuits\ghz3\clifford_wh__X2Z0F0\F3_W.qpy,C:\Users\szymo\QuditsOnQubits\QuditsOnQubits\basis_direct_encoding_benchmarks\quantum_circuits\ghz3\clifford_wh__X2Z0F0\CZ3_W.qpy,C:\Users\szymo\QuditsOnQubits\QuditsOnQubits\basis_direct_encoding_benchmarks\quantum_circuits\ghz3\clifford_wh__X2Z0F0\graph_state_direct_basis.qpy
direct_basis_encoding,ghz3,ghz_star,star,ghz3,3,3,6,X2Z0F1,clifford,clifford_wh,X2Z0F1,True,454,1246,1700,1072,,,0.701883,True,False,ok,,Converted from legacy E_new = E_Z @ W candidate.; Fidelity skipped because transpiled circuit has 128 qubits.,1072,1075.0,3.46,1700,1707.33,454,456.0,128,"{'sx': 471, 'rz': 418, 'cz': 375, 'rx': 357, 'rzz': 79}",6,6,0,C:\Users\szymo\QuditsOnQubits\QuditsOnQubits\basis_direct_encoding_benchmarks\quantum_circuits\ghz3\clifford_wh__X2Z0F1,C:\Users\szymo\QuditsOnQubits\QuditsOnQubits\basis_direct_encoding_benchmarks\quantum_circuits\ghz3\clifford_wh__X2Z0F1\F3_W.qpy,C:\Users\szymo\QuditsOnQubits\QuditsOnQubits\basis_direct_encoding_benchmarks\quantum_circuits\ghz3\clifford_wh__X2Z0F1\CZ3_W.qpy,C:\Users\szymo\QuditsOnQubits\QuditsOnQubits\basis_direct_encoding_benchmarks\quantum_circuits\ghz3\clifford_wh__X2Z0F1\graph_state_direct_basis.qpy
direct_basis_encoding,ghz3,ghz_star,star,ghz3,3,3,6,X2Z0F2,clifford,clifford_wh,X2Z0F2,True,220,640,860,536,,,0.472055,True,False,ok,,Converted from legacy E_new = E_Z @ W candidate.; Fidelity skipped because transpiled circuit has 128 qubits.,536,542.0,8.12,860,866.33,220,222.67,128,"{'rz': 235, 'sx': 209, 'rx': 196, 'cz': 167, 'rzz': 53}",6,6,0,C:\Users\szymo\QuditsOnQubits\QuditsOnQubits\basis_direct_encoding_benchmarks\quantum_circuits\ghz3\clifford_wh__X2Z0F2,C:\Users\szymo\QuditsOnQubits\QuditsOnQubits\basis_direct_encoding_benchmarks\quantum_circuits\ghz3\clifford_wh__X2Z0F2\F3_W.qpy,C:\Users\szymo\QuditsOnQubits\QuditsOnQubits\basis_direct_encoding_benchmarks\quantum_circuits\ghz3\clifford_wh__X2Z0F2\CZ3_W.qpy,C:\Users\szymo\QuditsOnQubits\QuditsOnQubits\basis_direct_encoding_benchmarks\quantum_circuits\ghz3\clifford_wh__X2Z0F2\graph_state_direct_basis.qpy
direct_basis_encoding,ghz3,ghz_star,star,ghz3,3,3,6,X2Z1F0,clifford,clifford_wh,X2Z1F0,True,44,99,143,89,,,0.206593,True,False,ok,,Converted from legacy E_new = E_Z @ W candidate.; Fidelity skipped because transpiled circuit has 128 qubits.,89,91.17,1.21,143,157.83,44,46.5,128,"{'cz': 42, 'sx': 41, 'rz': 34, 'rx': 24, 'rzz': 2}",6,6,0,C:\Users\szymo\QuditsOnQubits\QuditsOnQubits\basis_direct_encoding_benchmarks\quantum_circuits\ghz3\clifford_wh__X2Z1F0,C:\Users\szymo\QuditsOnQubits\QuditsOnQubits\basis_direct_encoding_benchmarks\quantum_circuits\ghz3\clifford_wh__X2Z1F0\F3_W.qpy,C:\Users\szymo\QuditsOnQubits\QuditsOnQubits\basis_direct_encoding_benchmarks\quantum_circuits\ghz3\clifford_wh__X2Z1F0\CZ3_W.qpy,C:\Users\szymo\QuditsOnQubits\QuditsOnQubits\basis_direct_encoding_benchmarks\quantum_circuits\ghz3\clifford_wh__X2Z1F0\graph_state_direct_basis.qpy
direct_basis_encoding,ghz3,ghz_star,star,ghz3,3,3,6,X2Z1F1,clifford,clifford_wh,X2Z1F1,True,454,1248,1702,1074,,,0.702337,True,False,ok,,Converted from legacy E_new = E_Z @ W candidate.; Fidelity skipped because transpiled circuit has 128 qubits.,1074,1077.0,3.46,1702,1709.33,454,456.0,128,"{'sx': 471, 'rz': 418, 'cz': 375, 'rx': 359, 'rzz': 79}",6,6,0,C:\Users\szymo\QuditsOnQubits\QuditsOnQubits\basis_direct_encoding_benchmarks\quantum_circuits\ghz3\clifford_wh__X2Z1F1,C:\Users\szymo\QuditsOnQubits\QuditsOnQubits\basis_direct_encoding_benchmarks\quantum_circuits\ghz3\clifford_wh__X2Z1F1\F3_W.qpy,C:\Users\szymo\QuditsOnQubits\QuditsOnQubits\basis_direct_encoding_benchmarks\quantum_circuits\ghz3\clifford_wh__X2Z1F1\CZ3_W.qpy,C:\Users\szymo\QuditsOnQubits\QuditsOnQubits\basis_direct_encoding_benchmarks\quantum_circuits\ghz3\clifford_wh__X2Z1F1\graph_state_direct_basis.qpy
direct_basis_encoding,ghz3,ghz_star,star,ghz3,3,3,6,X2Z1F2,clifford,clifford_wh,X2Z1F2,True,220,645,865,537,,,0.464364,True,False,ok,,Converted from legacy E_new = E_Z @ W candidate.; Fidelity skipped because transpiled circuit has 128 qubits.,537,543.83,8.69,865,872.5,220,222.67,128,"{'rz': 239, 'sx': 209, 'rx': 197, 'cz': 167, 'rzz': 53}",6,6,0,C:\Users\szymo\QuditsOnQubits\QuditsOnQubits\basis_direct_encoding_benchmarks\quantum_circuits\ghz3\clifford_wh__X2Z1F2,C:\Users\szymo\QuditsOnQubits\QuditsOnQubits\basis_direct_encoding_benchmarks\quantum_circuits\ghz3\clifford_wh__X2Z1F2\F3_W.qpy,C:\Users\szymo\QuditsOnQubits\QuditsOnQubits\basis_direct_encoding_benchmarks\quantum_circuits\ghz3\clifford_wh__X2Z1F2\CZ3_W.qpy,C:\Users\szymo\QuditsOnQubits\QuditsOnQubits\basis_direct_encoding_benchmarks\quantum_circuits\ghz3\clifford_wh__X2Z1F2\graph_state_direct_basis.qpy
direct_basis_encoding,ghz3,ghz_star,star,ghz3,3,3,6,X2Z2F0,clifford,clifford_wh,X2Z2F0,True,44,99,143,89,,,0.215484,True,False,ok,,Converted from legacy E_new = E_Z @ W candidate.; Fidelity skipped because transpiled circuit has 128 qubits.,89,91.17,1.21,143,157.83,44,46.5,128,"{'cz': 42, 'sx': 41, 'rz': 34, 'rx': 24, 'rzz': 2}",6,6,0,C:\Users\szymo\QuditsOnQubits\QuditsOnQubits\basis_direct_encoding_benchmarks\quantum_circuits\ghz3\clifford_wh__X2Z2F0,C:\Users\szymo\QuditsOnQubits\QuditsOnQubits\basis_direct_encoding_benchmarks\quantum_circuits\ghz3\clifford_wh__X2Z2F0\F3_W.qpy,C:\Users\szymo\QuditsOnQubits\QuditsOnQubits\basis_direct_encoding_benchmarks\quantum_circuits\ghz3\clifford_wh__X2Z2F0\CZ3_W.qpy,C:\Users\szymo\QuditsOnQubits\QuditsOnQubits\basis_direct_encoding_benchmarks\quantum_circuits\ghz3\clifford_wh__X2Z2F0\graph_state_direct_basis.qpy
direct_basis_encoding,ghz3,ghz_star,star,ghz3,3,3,6,X2Z2F1,clifford,clifford_wh,X2Z2F1,True,454,1246,1700,1072,,,0.720298,True,False,ok,,Converted from legacy E_new = E_Z @ W candidate.; Fidelity skipped because transpiled circuit has 128 qubits.,1072,1075.0,3.46,1700,1707.33,454,456.0,128,"{'sx': 471, 'rz': 418, 'cz': 375, 'rx': 357, 'rzz': 79}",6,6,0,C:\Users\szymo\QuditsOnQubits\QuditsOnQubits\basis_direct_encoding_benchmarks\quantum_circuits\ghz3\clifford_wh__X2Z2F1,C:\Users\szymo\QuditsOnQubits\QuditsOnQubits\basis_direct_encoding_benchmarks\quantum_circuits\ghz3\clifford_wh__X2Z2F1\F3_W.qpy,C:\Users\szymo\QuditsOnQubits\QuditsOnQubits\basis_direct_encoding_benchmarks\quantum_circuits\ghz3\clifford_wh__X2Z2F1\CZ3_W.qpy,C:\Users\szymo\QuditsOnQubits\QuditsOnQubits\basis_direct_encoding_benchmarks\quantum_circuits\ghz3\clifford_wh__X2Z2F1\graph_state_direct_basis.qpy
direct_basis_encoding,ghz3,ghz_star,star,ghz3,3,3,6,X2Z2F2,clifford,clifford_wh,X2Z2F2,True,220,644,864,536,,,0.464562,True,False,ok,,Converted from legacy E_new = E_Z @ W candidate.; Fidelity skipped because transpiled circuit has 128 qubits.,536,542.83,8.69,864,871.5,220,222.67,128,"{'rz': 239, 'sx': 209, 'rx': 196, 'cz': 167, 'rzz': 53}",6,6,0,C:\Users\szymo\QuditsOnQubits\QuditsOnQubits\basis_direct_encoding_benchmarks\quantum_circuits\ghz3\clifford_wh__X2Z2F2,C:\Users\szymo\QuditsOnQubits\QuditsOnQubits\basis_direct_encoding_benchmarks\quantum_circuits\ghz3\clifford_wh__X2Z2F2\F3_W.qpy,C:\Users\szymo\QuditsOnQubits\QuditsOnQubits\basis_direct_encoding_benchmarks\quantum_circuits\ghz3\clifford_wh__X2Z2F2\CZ3_W.qpy,C:\Users\szymo\QuditsOnQubits\QuditsOnQubits\basis_direct_encoding_benchmarks\quantum_circuits\ghz3\clifford_wh__X2Z2F2\graph_state_direct_basis.qpy
