method,state_name,state_family,graph_name,graph_id,num_qutrits,n_qutrits,num_physical_qubits,basis_candidate_name,basis_candidate_type,class_name,candidate_name,basis_matrix_unitary,two_qubit_gate_count,one_qubit_gate_count,total_gate_count,circuit_depth,fidelity,final_error,compile_time_seconds,success,failed,status,error_message,notes,best_depth,mean_depth,std_depth,best_size,mean_size,best_two_qubit_gate_count,mean_two_qubit_gate_count,num_qubits,best_count_ops,n_transpile_runs,successful_trials,failed_trials,quantum_circuit_dir,f3_w_qpy,cz3_w_qpy,graph_state_qpy
direct_basis_encoding,ame43,ame43,ame43,ame43,4,4,8,E_old,identity,baseline,E_old,True,101,218,319,157,,,3.148727,True,False,ok,,Converted from legacy E_new = E_Z @ W candidate.; Fidelity skipped because transpiled circuit has 128 qubits.,157,177.67,12.05,319,344.17,101,109.0,128,"{'sx': 118, 'cz': 98, 'rz': 60, 'rx': 40, 'rzz': 3}",6,6,0,C:\Users\szymo\QuditsOnQubits\QuditsOnQubits\basis_direct_encoding_benchmarks\quantum_circuits\ame43\baseline__E_old,C:\Users\szymo\QuditsOnQubits\QuditsOnQubits\basis_direct_encoding_benchmarks\quantum_circuits\ame43\baseline__E_old\F3_W.qpy,C:\Users\szymo\QuditsOnQubits\QuditsOnQubits\basis_direct_encoding_benchmarks\quantum_circuits\ame43\baseline__E_old\CZ3_W.qpy,C:\Users\szymo\QuditsOnQubits\QuditsOnQubits\basis_direct_encoding_benchmarks\quantum_circuits\ame43\baseline__E_old\graph_state_direct_basis.qpy
direct_basis_encoding,ame43,ame43,ame43,ame43,4,4,8,P012_ph000,monomial,monomial_old_codespace,P012_ph000,True,101,218,319,157,,,0.289066,True,False,ok,,Converted from legacy E_new = E_Z @ W candidate.; Fidelity skipped because transpiled circuit has 128 qubits.,157,177.67,12.05,319,344.17,101,109.0,128,"{'sx': 118, 'cz': 98, 'rz': 60, 'rx': 40, 'rzz': 3}",6,6,0,C:\Users\szymo\QuditsOnQubits\QuditsOnQubits\basis_direct_encoding_benchmarks\quantum_circuits\ame43\monomial_old_codespace__P012_ph000,C:\Users\szymo\QuditsOnQubits\QuditsOnQubits\basis_direct_encoding_benchmarks\quantum_circuits\ame43\monomial_old_codespace__P012_ph000\F3_W.qpy,C:\Users\szymo\QuditsOnQubits\QuditsOnQubits\basis_direct_encoding_benchmarks\quantum_circuits\ame43\monomial_old_codespace__P012_ph000\CZ3_W.qpy,C:\Users\szymo\QuditsOnQubits\QuditsOnQubits\basis_direct_encoding_benchmarks\quantum_circuits\ame43\monomial_old_codespace__P012_ph000\graph_state_direct_basis.qpy
direct_basis_encoding,ame43,ame43,ame43,ame43,4,4,8,P012_ph001,monomial,monomial_old_codespace,P012_ph001,True,101,226,327,157,,,0.303585,True,False,ok,,Converted from legacy E_new = E_Z @ W candidate.; Fidelity skipped because transpiled circuit has 128 qubits.,157,178.17,12.33,327,352.67,101,109.0,128,"{'sx': 118, 'cz': 98, 'rz': 68, 'rx': 40, 'rzz': 3}",6,6,0,C:\Users\szymo\QuditsOnQubits\QuditsOnQubits\basis_direct_encoding_benchmarks\quantum_circuits\ame43\monomial_old_codespace__P012_ph001,C:\Users\szymo\QuditsOnQubits\QuditsOnQubits\basis_direct_encoding_benchmarks\quantum_circuits\ame43\monomial_old_codespace__P012_ph001\F3_W.qpy,C:\Users\szymo\QuditsOnQubits\QuditsOnQubits\basis_direct_encoding_benchmarks\quantum_circuits\ame43\monomial_old_codespace__P012_ph001\CZ3_W.qpy,C:\Users\szymo\QuditsOnQubits\QuditsOnQubits\basis_direct_encoding_benchmarks\quantum_circuits\ame43\monomial_old_codespace__P012_ph001\graph_state_direct_basis.qpy
direct_basis_encoding,ame43,ame43,ame43,ame43,4,4,8,P012_ph002,monomial,monomial_old_codespace,P012_ph002,True,101,226,327,157,,,0.510637,True,False,ok,,Converted from legacy E_new = E_Z @ W candidate.; Fidelity skipped because transpiled circuit has 128 qubits.,157,178.17,12.33,327,352.0,101,109.0,128,"{'sx': 118, 'cz': 98, 'rz': 68, 'rx': 40, 'rzz': 3}",6,6,0,C:\Users\szymo\QuditsOnQubits\QuditsOnQubits\basis_direct_encoding_benchmarks\quantum_circuits\ame43\monomial_old_codespace__P012_ph002,C:\Users\szymo\QuditsOnQubits\QuditsOnQubits\basis_direct_encoding_benchmarks\quantum_circuits\ame43\monomial_old_codespace__P012_ph002\F3_W.qpy,C:\Users\szymo\QuditsOnQubits\QuditsOnQubits\basis_direct_encoding_benchmarks\quantum_circuits\ame43\monomial_old_codespace__P012_ph002\CZ3_W.qpy,C:\Users\szymo\QuditsOnQubits\QuditsOnQubits\basis_direct_encoding_benchmarks\quantum_circuits\ame43\monomial_old_codespace__P012_ph002\graph_state_direct_basis.qpy
direct_basis_encoding,ame43,ame43,ame43,ame43,4,4,8,P012_ph010,monomial,monomial_old_codespace,P012_ph010,True,101,226,327,158,,,0.371209,True,False,ok,,Converted from legacy E_new = E_Z @ W candidate.; Fidelity skipped because transpiled circuit has 128 qubits.,158,178.5,11.77,327,350.5,101,109.0,128,"{'sx': 118, 'cz': 98, 'rz': 68, 'rx': 40, 'rzz': 3}",6,6,0,C:\Users\szymo\QuditsOnQubits\QuditsOnQubits\basis_direct_encoding_benchmarks\quantum_circuits\ame43\monomial_old_codespace__P012_ph010,C:\Users\szymo\QuditsOnQubits\QuditsOnQubits\basis_direct_encoding_benchmarks\quantum_circuits\ame43\monomial_old_codespace__P012_ph010\F3_W.qpy,C:\Users\szymo\QuditsOnQubits\QuditsOnQubits\basis_direct_encoding_benchmarks\quantum_circuits\ame43\monomial_old_codespace__P012_ph010\CZ3_W.qpy,C:\Users\szymo\QuditsOnQubits\QuditsOnQubits\basis_direct_encoding_benchmarks\quantum_circuits\ame43\monomial_old_codespace__P012_ph010\graph_state_direct_basis.qpy
direct_basis_encoding,ame43,ame43,ame43,ame43,4,4,8,P012_ph011,monomial,monomial_old_codespace,P012_ph011,True,101,228,329,158,,,0.287484,True,False,ok,,Converted from legacy E_new = E_Z @ W candidate.; Fidelity skipped because transpiled circuit has 128 qubits.,158,179.0,12.06,329,353.67,101,109.0,128,"{'sx': 118, 'cz': 98, 'rz': 70, 'rx': 40, 'rzz': 3}",6,6,0,C:\Users\szymo\QuditsOnQubits\QuditsOnQubits\basis_direct_encoding_benchmarks\quantum_circuits\ame43\monomial_old_codespace__P012_ph011,C:\Users\szymo\QuditsOnQubits\QuditsOnQubits\basis_direct_encoding_benchmarks\quantum_circuits\ame43\monomial_old_codespace__P012_ph011\F3_W.qpy,C:\Users\szymo\QuditsOnQubits\QuditsOnQubits\basis_direct_encoding_benchmarks\quantum_circuits\ame43\monomial_old_codespace__P012_ph011\CZ3_W.qpy,C:\Users\szymo\QuditsOnQubits\QuditsOnQubits\basis_direct_encoding_benchmarks\quantum_circuits\ame43\monomial_old_codespace__P012_ph011\graph_state_direct_basis.qpy
direct_basis_encoding,ame43,ame43,ame43,ame43,4,4,8,P012_ph012,monomial,monomial_old_codespace,P012_ph012,True,101,221,322,157,,,0.296771,True,False,ok,,Converted from legacy E_new = E_Z @ W candidate.; Fidelity skipped because transpiled circuit has 128 qubits.,157,178.17,12.33,322,346.5,101,109.0,128,"{'sx': 118, 'cz': 98, 'rz': 63, 'rx': 40, 'rzz': 3}",6,6,0,C:\Users\szymo\QuditsOnQubits\QuditsOnQubits\basis_direct_encoding_benchmarks\quantum_circuits\ame43\monomial_old_codespace__P012_ph012,C:\Users\szymo\QuditsOnQubits\QuditsOnQubits\basis_direct_encoding_benchmarks\quantum_circuits\ame43\monomial_old_codespace__P012_ph012\F3_W.qpy,C:\Users\szymo\QuditsOnQubits\QuditsOnQubits\basis_direct_encoding_benchmarks\quantum_circuits\ame43\monomial_old_codespace__P012_ph012\CZ3_W.qpy,C:\Users\szymo\QuditsOnQubits\QuditsOnQubits\basis_direct_encoding_benchmarks\quantum_circuits\ame43\monomial_old_codespace__P012_ph012\graph_state_direct_basis.qpy
direct_basis_encoding,ame43,ame43,ame43,ame43,4,4,8,P012_ph020,monomial,monomial_old_codespace,P012_ph020,True,101,226,327,158,,,0.346175,True,False,ok,,Converted from legacy E_new = E_Z @ W candidate.; Fidelity skipped because transpiled circuit has 128 qubits.,158,178.5,11.77,327,350.5,101,109.0,128,"{'sx': 118, 'cz': 98, 'rz': 68, 'rx': 40, 'rzz': 3}",6,6,0,C:\Users\szymo\QuditsOnQubits\QuditsOnQubits\basis_direct_encoding_benchmarks\quantum_circuits\ame43\monomial_old_codespace__P012_ph020,C:\Users\szymo\QuditsOnQubits\QuditsOnQubits\basis_direct_encoding_benchmarks\quantum_circuits\ame43\monomial_old_codespace__P012_ph020\F3_W.qpy,C:\Users\szymo\QuditsOnQubits\QuditsOnQubits\basis_direct_encoding_benchmarks\quantum_circuits\ame43\monomial_old_codespace__P012_ph020\CZ3_W.qpy,C:\Users\szymo\QuditsOnQubits\QuditsOnQubits\basis_direct_encoding_benchmarks\quantum_circuits\ame43\monomial_old_codespace__P012_ph020\graph_state_direct_basis.qpy
direct_basis_encoding,ame43,ame43,ame43,ame43,4,4,8,P012_ph021,monomial,monomial_old_codespace,P012_ph021,True,101,221,322,157,,,0.328787,True,False,ok,,Converted from legacy E_new = E_Z @ W candidate.; Fidelity skipped because transpiled circuit has 128 qubits.,157,178.17,12.33,322,345.83,101,109.0,128,"{'sx': 118, 'cz': 98, 'rz': 63, 'rx': 40, 'rzz': 3}",6,6,0,C:\Users\szymo\QuditsOnQubits\QuditsOnQubits\basis_direct_encoding_benchmarks\quantum_circuits\ame43\monomial_old_codespace__P012_ph021,C:\Users\szymo\QuditsOnQubits\QuditsOnQubits\basis_direct_encoding_benchmarks\quantum_circuits\ame43\monomial_old_codespace__P012_ph021\F3_W.qpy,C:\Users\szymo\QuditsOnQubits\QuditsOnQubits\basis_direct_encoding_benchmarks\quantum_circuits\ame43\monomial_old_codespace__P012_ph021\CZ3_W.qpy,C:\Users\szymo\QuditsOnQubits\QuditsOnQubits\basis_direct_encoding_benchmarks\quantum_circuits\ame43\monomial_old_codespace__P012_ph021\graph_state_direct_basis.qpy
direct_basis_encoding,ame43,ame43,ame43,ame43,4,4,8,P012_ph022,monomial,monomial_old_codespace,P012_ph022,True,101,228,329,158,,,0.343491,True,False,ok,,Converted from legacy E_new = E_Z @ W candidate.; Fidelity skipped because transpiled circuit has 128 qubits.,158,179.0,12.06,329,353.0,101,109.0,128,"{'sx': 118, 'cz': 98, 'rz': 70, 'rx': 40, 'rzz': 3}",6,6,0,C:\Users\szymo\QuditsOnQubits\QuditsOnQubits\basis_direct_encoding_benchmarks\quantum_circuits\ame43\monomial_old_codespace__P012_ph022,C:\Users\szymo\QuditsOnQubits\QuditsOnQubits\basis_direct_encoding_benchmarks\quantum_circuits\ame43\monomial_old_codespace__P012_ph022\F3_W.qpy,C:\Users\szymo\QuditsOnQubits\QuditsOnQubits\basis_direct_encoding_benchmarks\quantum_circuits\ame43\monomial_old_codespace__P012_ph022\CZ3_W.qpy,C:\Users\szymo\QuditsOnQubits\QuditsOnQubits\basis_direct_encoding_benchmarks\quantum_circuits\ame43\monomial_old_codespace__P012_ph022\graph_state_direct_basis.qpy
direct_basis_encoding,ame43,ame43,ame43,ame43,4,4,8,P012_ph100,monomial,monomial_old_codespace,P012_ph100,True,101,221,322,157,,,0.305438,True,False,ok,,Converted from legacy E_new = E_Z @ W candidate.; Fidelity skipped because transpiled circuit has 128 qubits.,157,178.17,12.33,322,345.83,101,109.0,128,"{'sx': 118, 'cz': 98, 'rz': 63, 'rx': 40, 'rzz': 3}",6,6,0,C:\Users\szymo\QuditsOnQubits\QuditsOnQubits\basis_direct_encoding_benchmarks\quantum_circuits\ame43\monomial_old_codespace__P012_ph100,C:\Users\szymo\QuditsOnQubits\QuditsOnQubits\basis_direct_encoding_benchmarks\quantum_circuits\ame43\monomial_old_codespace__P012_ph100\F3_W.qpy,C:\Users\szymo\QuditsOnQubits\QuditsOnQubits\basis_direct_encoding_benchmarks\quantum_circuits\ame43\monomial_old_codespace__P012_ph100\CZ3_W.qpy,C:\Users\szymo\QuditsOnQubits\QuditsOnQubits\basis_direct_encoding_benchmarks\quantum_circuits\ame43\monomial_old_codespace__P012_ph100\graph_state_direct_basis.qpy
direct_basis_encoding,ame43,ame43,ame43,ame43,4,4,8,P012_ph101,monomial,monomial_old_codespace,P012_ph101,True,101,227,328,158,,,0.313677,True,False,ok,,Converted from legacy E_new = E_Z @ W candidate.; Fidelity skipped because transpiled circuit has 128 qubits.,158,179.0,12.06,328,352.67,101,109.0,128,"{'sx': 118, 'cz': 98, 'rz': 69, 'rx': 40, 'rzz': 3}",6,6,0,C:\Users\szymo\QuditsOnQubits\QuditsOnQubits\basis_direct_encoding_benchmarks\quantum_circuits\ame43\monomial_old_codespace__P012_ph101,C:\Users\szymo\QuditsOnQubits\QuditsOnQubits\basis_direct_encoding_benchmarks\quantum_circuits\ame43\monomial_old_codespace__P012_ph101\F3_W.qpy,C:\Users\szymo\QuditsOnQubits\QuditsOnQubits\basis_direct_encoding_benchmarks\quantum_circuits\ame43\monomial_old_codespace__P012_ph101\CZ3_W.qpy,C:\Users\szymo\QuditsOnQubits\QuditsOnQubits\basis_direct_encoding_benchmarks\quantum_circuits\ame43\monomial_old_codespace__P012_ph101\graph_state_direct_basis.qpy
direct_basis_encoding,ame43,ame43,ame43,ame43,4,4,8,P012_ph102,monomial,monomial_old_codespace,P012_ph102,True,101,227,328,158,,,0.406563,True,False,ok,,Converted from legacy E_new = E_Z @ W candidate.; Fidelity skipped because transpiled circuit has 128 qubits.,158,178.5,11.77,328,351.83,101,109.0,128,"{'sx': 118, 'cz': 98, 'rz': 69, 'rx': 40, 'rzz': 3}",6,6,0,C:\Users\szymo\QuditsOnQubits\QuditsOnQubits\basis_direct_encoding_benchmarks\quantum_circuits\ame43\monomial_old_codespace__P012_ph102,C:\Users\szymo\QuditsOnQubits\QuditsOnQubits\basis_direct_encoding_benchmarks\quantum_circuits\ame43\monomial_old_codespace__P012_ph102\F3_W.qpy,C:\Users\szymo\QuditsOnQubits\QuditsOnQubits\basis_direct_encoding_benchmarks\quantum_circuits\ame43\monomial_old_codespace__P012_ph102\CZ3_W.qpy,C:\Users\szymo\QuditsOnQubits\QuditsOnQubits\basis_direct_encoding_benchmarks\quantum_circuits\ame43\monomial_old_codespace__P012_ph102\graph_state_direct_basis.qpy
direct_basis_encoding,ame43,ame43,ame43,ame43,4,4,8,P012_ph110,monomial,monomial_old_codespace,P012_ph110,True,101,226,327,157,,,0.331348,True,False,ok,,Converted from legacy E_new = E_Z @ W candidate.; Fidelity skipped because transpiled circuit has 128 qubits.,157,178.17,12.33,327,352.0,101,109.0,128,"{'sx': 118, 'cz': 98, 'rz': 68, 'rx': 40, 'rzz': 3}",6,6,0,C:\Users\szymo\QuditsOnQubits\QuditsOnQubits\basis_direct_encoding_benchmarks\quantum_circuits\ame43\monomial_old_codespace__P012_ph110,C:\Users\szymo\QuditsOnQubits\QuditsOnQubits\basis_direct_encoding_benchmarks\quantum_circuits\ame43\monomial_old_codespace__P012_ph110\F3_W.qpy,C:\Users\szymo\QuditsOnQubits\QuditsOnQubits\basis_direct_encoding_benchmarks\quantum_circuits\ame43\monomial_old_codespace__P012_ph110\CZ3_W.qpy,C:\Users\szymo\QuditsOnQubits\QuditsOnQubits\basis_direct_encoding_benchmarks\quantum_circuits\ame43\monomial_old_codespace__P012_ph110\graph_state_direct_basis.qpy
direct_basis_encoding,ame43,ame43,ame43,ame43,4,4,8,P012_ph111,monomial,monomial_old_codespace,P012_ph111,True,101,225,326,157,,,0.298659,True,False,ok,,Converted from legacy E_new = E_Z @ W candidate.; Fidelity skipped because transpiled circuit has 128 qubits.,157,178.17,12.33,326,350.67,101,109.0,128,"{'sx': 118, 'cz': 98, 'rz': 67, 'rx': 40, 'rzz': 3}",6,6,0,C:\Users\szymo\QuditsOnQubits\QuditsOnQubits\basis_direct_encoding_benchmarks\quantum_circuits\ame43\monomial_old_codespace__P012_ph111,C:\Users\szymo\QuditsOnQubits\QuditsOnQubits\basis_direct_encoding_benchmarks\quantum_circuits\ame43\monomial_old_codespace__P012_ph111\F3_W.qpy,C:\Users\szymo\QuditsOnQubits\QuditsOnQubits\basis_direct_encoding_benchmarks\quantum_circuits\ame43\monomial_old_codespace__P012_ph111\CZ3_W.qpy,C:\Users\szymo\QuditsOnQubits\QuditsOnQubits\basis_direct_encoding_benchmarks\quantum_circuits\ame43\monomial_old_codespace__P012_ph111\graph_state_direct_basis.qpy
direct_basis_encoding,ame43,ame43,ame43,ame43,4,4,8,P012_ph112,monomial,monomial_old_codespace,P012_ph112,True,101,219,320,157,,,0.283776,True,False,ok,,Converted from legacy E_new = E_Z @ W candidate.; Fidelity skipped because transpiled circuit has 128 qubits.,157,177.67,12.05,320,344.5,101,109.0,128,"{'sx': 118, 'cz': 98, 'rz': 61, 'rx': 40, 'rzz': 3}",6,6,0,C:\Users\szymo\QuditsOnQubits\QuditsOnQubits\basis_direct_encoding_benchmarks\quantum_circuits\ame43\monomial_old_codespace__P012_ph112,C:\Users\szymo\QuditsOnQubits\QuditsOnQubits\basis_direct_encoding_benchmarks\quantum_circuits\ame43\monomial_old_codespace__P012_ph112\F3_W.qpy,C:\Users\szymo\QuditsOnQubits\QuditsOnQubits\basis_direct_encoding_benchmarks\quantum_circuits\ame43\monomial_old_codespace__P012_ph112\CZ3_W.qpy,C:\Users\szymo\QuditsOnQubits\QuditsOnQubits\basis_direct_encoding_benchmarks\quantum_circuits\ame43\monomial_old_codespace__P012_ph112\graph_state_direct_basis.qpy
direct_basis_encoding,ame43,ame43,ame43,ame43,4,4,8,P012_ph120,monomial,monomial_old_codespace,P012_ph120,True,101,228,329,158,,,0.275099,True,False,ok,,Converted from legacy E_new = E_Z @ W candidate.; Fidelity skipped because transpiled circuit has 128 qubits.,158,179.0,12.06,329,353.67,101,109.0,128,"{'sx': 118, 'cz': 98, 'rz': 70, 'rx': 40, 'rzz': 3}",6,6,0,C:\Users\szymo\QuditsOnQubits\QuditsOnQubits\basis_direct_encoding_benchmarks\quantum_circuits\ame43\monomial_old_codespace__P012_ph120,C:\Users\szymo\QuditsOnQubits\QuditsOnQubits\basis_direct_encoding_benchmarks\quantum_circuits\ame43\monomial_old_codespace__P012_ph120\F3_W.qpy,C:\Users\szymo\QuditsOnQubits\QuditsOnQubits\basis_direct_encoding_benchmarks\quantum_circuits\ame43\monomial_old_codespace__P012_ph120\CZ3_W.qpy,C:\Users\szymo\QuditsOnQubits\QuditsOnQubits\basis_direct_encoding_benchmarks\quantum_circuits\ame43\monomial_old_codespace__P012_ph120\graph_state_direct_basis.qpy
direct_basis_encoding,ame43,ame43,ame43,ame43,4,4,8,P012_ph121,monomial,monomial_old_codespace,P012_ph121,True,101,220,321,157,,,0.264167,True,False,ok,,Converted from legacy E_new = E_Z @ W candidate.; Fidelity skipped because transpiled circuit has 128 qubits.,157,178.17,12.33,321,345.5,101,109.0,128,"{'sx': 118, 'cz': 98, 'rz': 62, 'rx': 40, 'rzz': 3}",6,6,0,C:\Users\szymo\QuditsOnQubits\QuditsOnQubits\basis_direct_encoding_benchmarks\quantum_circuits\ame43\monomial_old_codespace__P012_ph121,C:\Users\szymo\QuditsOnQubits\QuditsOnQubits\basis_direct_encoding_benchmarks\quantum_circuits\ame43\monomial_old_codespace__P012_ph121\F3_W.qpy,C:\Users\szymo\QuditsOnQubits\QuditsOnQubits\basis_direct_encoding_benchmarks\quantum_circuits\ame43\monomial_old_codespace__P012_ph121\CZ3_W.qpy,C:\Users\szymo\QuditsOnQubits\QuditsOnQubits\basis_direct_encoding_benchmarks\quantum_circuits\ame43\monomial_old_codespace__P012_ph121\graph_state_direct_basis.qpy
direct_basis_encoding,ame43,ame43,ame43,ame43,4,4,8,P012_ph122,monomial,monomial_old_codespace,P012_ph122,True,101,227,328,158,,,0.285776,True,False,ok,,Converted from legacy E_new = E_Z @ W candidate.; Fidelity skipped because transpiled circuit has 128 qubits.,158,178.5,11.77,328,351.83,101,109.0,128,"{'sx': 118, 'cz': 98, 'rz': 69, 'rx': 40, 'rzz': 3}",6,6,0,C:\Users\szymo\QuditsOnQubits\QuditsOnQubits\basis_direct_encoding_benchmarks\quantum_circuits\ame43\monomial_old_codespace__P012_ph122,C:\Users\szymo\QuditsOnQubits\QuditsOnQubits\basis_direct_encoding_benchmarks\quantum_circuits\ame43\monomial_old_codespace__P012_ph122\F3_W.qpy,C:\Users\szymo\QuditsOnQubits\QuditsOnQubits\basis_direct_encoding_benchmarks\quantum_circuits\ame43\monomial_old_codespace__P012_ph122\CZ3_W.qpy,C:\Users\szymo\QuditsOnQubits\QuditsOnQubits\basis_direct_encoding_benchmarks\quantum_circuits\ame43\monomial_old_codespace__P012_ph122\graph_state_direct_basis.qpy
direct_basis_encoding,ame43,ame43,ame43,ame43,4,4,8,P012_ph200,monomial,monomial_old_codespace,P012_ph200,True,101,221,322,157,,,0.279658,True,False,ok,,Converted from legacy E_new = E_Z @ W candidate.; Fidelity skipped because transpiled circuit has 128 qubits.,157,178.17,12.33,322,346.5,101,109.0,128,"{'sx': 118, 'cz': 98, 'rz': 63, 'rx': 40, 'rzz': 3}",6,6,0,C:\Users\szymo\QuditsOnQubits\QuditsOnQubits\basis_direct_encoding_benchmarks\quantum_circuits\ame43\monomial_old_codespace__P012_ph200,C:\Users\szymo\QuditsOnQubits\QuditsOnQubits\basis_direct_encoding_benchmarks\quantum_circuits\ame43\monomial_old_codespace__P012_ph200\F3_W.qpy,C:\Users\szymo\QuditsOnQubits\QuditsOnQubits\basis_direct_encoding_benchmarks\quantum_circuits\ame43\monomial_old_codespace__P012_ph200\CZ3_W.qpy,C:\Users\szymo\QuditsOnQubits\QuditsOnQubits\basis_direct_encoding_benchmarks\quantum_circuits\ame43\monomial_old_codespace__P012_ph200\graph_state_direct_basis.qpy
direct_basis_encoding,ame43,ame43,ame43,ame43,4,4,8,P012_ph201,monomial,monomial_old_codespace,P012_ph201,True,101,227,328,158,,,0.285581,True,False,ok,,Converted from legacy E_new = E_Z @ W candidate.; Fidelity skipped because transpiled circuit has 128 qubits.,158,178.5,11.77,328,352.5,101,109.0,128,"{'sx': 118, 'cz': 98, 'rz': 69, 'rx': 40, 'rzz': 3}",6,6,0,C:\Users\szymo\QuditsOnQubits\QuditsOnQubits\basis_direct_encoding_benchmarks\quantum_circuits\ame43\monomial_old_codespace__P012_ph201,C:\Users\szymo\QuditsOnQubits\QuditsOnQubits\basis_direct_encoding_benchmarks\quantum_circuits\ame43\monomial_old_codespace__P012_ph201\F3_W.qpy,C:\Users\szymo\QuditsOnQubits\QuditsOnQubits\basis_direct_encoding_benchmarks\quantum_circuits\ame43\monomial_old_codespace__P012_ph201\CZ3_W.qpy,C:\Users\szymo\QuditsOnQubits\QuditsOnQubits\basis_direct_encoding_benchmarks\quantum_circuits\ame43\monomial_old_codespace__P012_ph201\graph_state_direct_basis.qpy
direct_basis_encoding,ame43,ame43,ame43,ame43,4,4,8,P012_ph202,monomial,monomial_old_codespace,P012_ph202,True,101,227,328,158,,,0.29133,True,False,ok,,Converted from legacy E_new = E_Z @ W candidate.; Fidelity skipped because transpiled circuit has 128 qubits.,158,179.0,12.06,328,352.67,101,109.0,128,"{'sx': 118, 'cz': 98, 'rz': 69, 'rx': 40, 'rzz': 3}",6,6,0,C:\Users\szymo\QuditsOnQubits\QuditsOnQubits\basis_direct_encoding_benchmarks\quantum_circuits\ame43\monomial_old_codespace__P012_ph202,C:\Users\szymo\QuditsOnQubits\QuditsOnQubits\basis_direct_encoding_benchmarks\quantum_circuits\ame43\monomial_old_codespace__P012_ph202\F3_W.qpy,C:\Users\szymo\QuditsOnQubits\QuditsOnQubits\basis_direct_encoding_benchmarks\quantum_circuits\ame43\monomial_old_codespace__P012_ph202\CZ3_W.qpy,C:\Users\szymo\QuditsOnQubits\QuditsOnQubits\basis_direct_encoding_benchmarks\quantum_circuits\ame43\monomial_old_codespace__P012_ph202\graph_state_direct_basis.qpy
direct_basis_encoding,ame43,ame43,ame43,ame43,4,4,8,P012_ph210,monomial,monomial_old_codespace,P012_ph210,True,101,228,329,158,,,0.272939,True,False,ok,,Converted from legacy E_new = E_Z @ W candidate.; Fidelity skipped because transpiled circuit has 128 qubits.,158,179.0,12.06,329,353.67,101,109.0,128,"{'sx': 118, 'cz': 98, 'rz': 70, 'rx': 40, 'rzz': 3}",6,6,0,C:\Users\szymo\QuditsOnQubits\QuditsOnQubits\basis_direct_encoding_benchmarks\quantum_circuits\ame43\monomial_old_codespace__P012_ph210,C:\Users\szymo\QuditsOnQubits\QuditsOnQubits\basis_direct_encoding_benchmarks\quantum_circuits\ame43\monomial_old_codespace__P012_ph210\F3_W.qpy,C:\Users\szymo\QuditsOnQubits\QuditsOnQubits\basis_direct_encoding_benchmarks\quantum_circuits\ame43\monomial_old_codespace__P012_ph210\CZ3_W.qpy,C:\Users\szymo\QuditsOnQubits\QuditsOnQubits\basis_direct_encoding_benchmarks\quantum_circuits\ame43\monomial_old_codespace__P012_ph210\graph_state_direct_basis.qpy
direct_basis_encoding,ame43,ame43,ame43,ame43,4,4,8,P012_ph211,monomial,monomial_old_codespace,P012_ph211,True,101,227,328,158,,,0.268658,True,False,ok,,Converted from legacy E_new = E_Z @ W candidate.; Fidelity skipped because transpiled circuit has 128 qubits.,158,178.5,11.77,328,352.5,101,109.0,128,"{'sx': 118, 'cz': 98, 'rz': 69, 'rx': 40, 'rzz': 3}",6,6,0,C:\Users\szymo\QuditsOnQubits\QuditsOnQubits\basis_direct_encoding_benchmarks\quantum_circuits\ame43\monomial_old_codespace__P012_ph211,C:\Users\szymo\QuditsOnQubits\QuditsOnQubits\basis_direct_encoding_benchmarks\quantum_circuits\ame43\monomial_old_codespace__P012_ph211\F3_W.qpy,C:\Users\szymo\QuditsOnQubits\QuditsOnQubits\basis_direct_encoding_benchmarks\quantum_circuits\ame43\monomial_old_codespace__P012_ph211\CZ3_W.qpy,C:\Users\szymo\QuditsOnQubits\QuditsOnQubits\basis_direct_encoding_benchmarks\quantum_circuits\ame43\monomial_old_codespace__P012_ph211\graph_state_direct_basis.qpy
direct_basis_encoding,ame43,ame43,ame43,ame43,4,4,8,P012_ph212,monomial,monomial_old_codespace,P012_ph212,True,101,220,321,157,,,0.282767,True,False,ok,,Converted from legacy E_new = E_Z @ W candidate.; Fidelity skipped because transpiled circuit has 128 qubits.,157,178.17,12.33,321,344.5,101,109.0,128,"{'sx': 118, 'cz': 98, 'rz': 62, 'rx': 40, 'rzz': 3}",6,6,0,C:\Users\szymo\QuditsOnQubits\QuditsOnQubits\basis_direct_encoding_benchmarks\quantum_circuits\ame43\monomial_old_codespace__P012_ph212,C:\Users\szymo\QuditsOnQubits\QuditsOnQubits\basis_direct_encoding_benchmarks\quantum_circuits\ame43\monomial_old_codespace__P012_ph212\F3_W.qpy,C:\Users\szymo\QuditsOnQubits\QuditsOnQubits\basis_direct_encoding_benchmarks\quantum_circuits\ame43\monomial_old_codespace__P012_ph212\CZ3_W.qpy,C:\Users\szymo\QuditsOnQubits\QuditsOnQubits\basis_direct_encoding_benchmarks\quantum_circuits\ame43\monomial_old_codespace__P012_ph212\graph_state_direct_basis.qpy
direct_basis_encoding,ame43,ame43,ame43,ame43,4,4,8,P012_ph220,monomial,monomial_old_codespace,P012_ph220,True,101,226,327,157,,,0.282776,True,False,ok,,Converted from legacy E_new = E_Z @ W candidate.; Fidelity skipped because transpiled circuit has 128 qubits.,157,178.17,12.33,327,352.67,101,109.0,128,"{'sx': 118, 'cz': 98, 'rz': 68, 'rx': 40, 'rzz': 3}",6,6,0,C:\Users\szymo\QuditsOnQubits\QuditsOnQubits\basis_direct_encoding_benchmarks\quantum_circuits\ame43\monomial_old_codespace__P012_ph220,C:\Users\szymo\QuditsOnQubits\QuditsOnQubits\basis_direct_encoding_benchmarks\quantum_circuits\ame43\monomial_old_codespace__P012_ph220\F3_W.qpy,C:\Users\szymo\QuditsOnQubits\QuditsOnQubits\basis_direct_encoding_benchmarks\quantum_circuits\ame43\monomial_old_codespace__P012_ph220\CZ3_W.qpy,C:\Users\szymo\QuditsOnQubits\QuditsOnQubits\basis_direct_encoding_benchmarks\quantum_circuits\ame43\monomial_old_codespace__P012_ph220\graph_state_direct_basis.qpy
direct_basis_encoding,ame43,ame43,ame43,ame43,4,4,8,P012_ph221,monomial,monomial_old_codespace,P012_ph221,True,101,219,320,157,,,0.267844,True,False,ok,,Converted from legacy E_new = E_Z @ W candidate.; Fidelity skipped because transpiled circuit has 128 qubits.,157,177.67,12.05,320,345.17,101,109.0,128,"{'sx': 118, 'cz': 98, 'rz': 61, 'rx': 40, 'rzz': 3}",6,6,0,C:\Users\szymo\QuditsOnQubits\QuditsOnQubits\basis_direct_encoding_benchmarks\quantum_circuits\ame43\monomial_old_codespace__P012_ph221,C:\Users\szymo\QuditsOnQubits\QuditsOnQubits\basis_direct_encoding_benchmarks\quantum_circuits\ame43\monomial_old_codespace__P012_ph221\F3_W.qpy,C:\Users\szymo\QuditsOnQubits\QuditsOnQubits\basis_direct_encoding_benchmarks\quantum_circuits\ame43\monomial_old_codespace__P012_ph221\CZ3_W.qpy,C:\Users\szymo\QuditsOnQubits\QuditsOnQubits\basis_direct_encoding_benchmarks\quantum_circuits\ame43\monomial_old_codespace__P012_ph221\graph_state_direct_basis.qpy
direct_basis_encoding,ame43,ame43,ame43,ame43,4,4,8,P012_ph222,monomial,monomial_old_codespace,P012_ph222,True,101,225,326,157,,,0.30069,True,False,ok,,Converted from legacy E_new = E_Z @ W candidate.; Fidelity skipped because transpiled circuit has 128 qubits.,157,178.17,12.33,326,351.67,101,109.0,128,"{'sx': 118, 'cz': 98, 'rz': 67, 'rx': 40, 'rzz': 3}",6,6,0,C:\Users\szymo\QuditsOnQubits\QuditsOnQubits\basis_direct_encoding_benchmarks\quantum_circuits\ame43\monomial_old_codespace__P012_ph222,C:\Users\szymo\QuditsOnQubits\QuditsOnQubits\basis_direct_encoding_benchmarks\quantum_circuits\ame43\monomial_old_codespace__P012_ph222\F3_W.qpy,C:\Users\szymo\QuditsOnQubits\QuditsOnQubits\basis_direct_encoding_benchmarks\quantum_circuits\ame43\monomial_old_codespace__P012_ph222\CZ3_W.qpy,C:\Users\szymo\QuditsOnQubits\QuditsOnQubits\basis_direct_encoding_benchmarks\quantum_circuits\ame43\monomial_old_codespace__P012_ph222\graph_state_direct_basis.qpy
direct_basis_encoding,ame43,ame43,ame43,ame43,4,4,8,P021_ph000,monomial,monomial_old_codespace,P021_ph000,True,101,218,319,157,,,0.294232,True,False,ok,,Converted from legacy E_new = E_Z @ W candidate.; Fidelity skipped because transpiled circuit has 128 qubits.,157,177.67,12.05,319,344.17,101,109.0,128,"{'sx': 118, 'cz': 98, 'rz': 60, 'rx': 40, 'rzz': 3}",6,6,0,C:\Users\szymo\QuditsOnQubits\QuditsOnQubits\basis_direct_encoding_benchmarks\quantum_circuits\ame43\monomial_old_codespace__P021_ph000,C:\Users\szymo\QuditsOnQubits\QuditsOnQubits\basis_direct_encoding_benchmarks\quantum_circuits\ame43\monomial_old_codespace__P021_ph000\F3_W.qpy,C:\Users\szymo\QuditsOnQubits\QuditsOnQubits\basis_direct_encoding_benchmarks\quantum_circuits\ame43\monomial_old_codespace__P021_ph000\CZ3_W.qpy,C:\Users\szymo\QuditsOnQubits\QuditsOnQubits\basis_direct_encoding_benchmarks\quantum_circuits\ame43\monomial_old_codespace__P021_ph000\graph_state_direct_basis.qpy
direct_basis_encoding,ame43,ame43,ame43,ame43,4,4,8,P021_ph001,monomial,monomial_old_codespace,P021_ph001,True,101,226,327,157,,,0.308536,True,False,ok,,Converted from legacy E_new = E_Z @ W candidate.; Fidelity skipped because transpiled circuit has 128 qubits.,157,178.17,12.33,327,352.67,101,109.0,128,"{'sx': 118, 'cz': 98, 'rz': 68, 'rx': 40, 'rzz': 3}",6,6,0,C:\Users\szymo\QuditsOnQubits\QuditsOnQubits\basis_direct_encoding_benchmarks\quantum_circuits\ame43\monomial_old_codespace__P021_ph001,C:\Users\szymo\QuditsOnQubits\QuditsOnQubits\basis_direct_encoding_benchmarks\quantum_circuits\ame43\monomial_old_codespace__P021_ph001\F3_W.qpy,C:\Users\szymo\QuditsOnQubits\QuditsOnQubits\basis_direct_encoding_benchmarks\quantum_circuits\ame43\monomial_old_codespace__P021_ph001\CZ3_W.qpy,C:\Users\szymo\QuditsOnQubits\QuditsOnQubits\basis_direct_encoding_benchmarks\quantum_circuits\ame43\monomial_old_codespace__P021_ph001\graph_state_direct_basis.qpy
direct_basis_encoding,ame43,ame43,ame43,ame43,4,4,8,P021_ph002,monomial,monomial_old_codespace,P021_ph002,True,101,226,327,157,,,0.292427,True,False,ok,,Converted from legacy E_new = E_Z @ W candidate.; Fidelity skipped because transpiled circuit has 128 qubits.,157,178.17,12.33,327,352.0,101,109.0,128,"{'sx': 118, 'cz': 98, 'rz': 68, 'rx': 40, 'rzz': 3}",6,6,0,C:\Users\szymo\QuditsOnQubits\QuditsOnQubits\basis_direct_encoding_benchmarks\quantum_circuits\ame43\monomial_old_codespace__P021_ph002,C:\Users\szymo\QuditsOnQubits\QuditsOnQubits\basis_direct_encoding_benchmarks\quantum_circuits\ame43\monomial_old_codespace__P021_ph002\F3_W.qpy,C:\Users\szymo\QuditsOnQubits\QuditsOnQubits\basis_direct_encoding_benchmarks\quantum_circuits\ame43\monomial_old_codespace__P021_ph002\CZ3_W.qpy,C:\Users\szymo\QuditsOnQubits\QuditsOnQubits\basis_direct_encoding_benchmarks\quantum_circuits\ame43\monomial_old_codespace__P021_ph002\graph_state_direct_basis.qpy
direct_basis_encoding,ame43,ame43,ame43,ame43,4,4,8,P021_ph010,monomial,monomial_old_codespace,P021_ph010,True,101,226,327,158,,,0.303969,True,False,ok,,Converted from legacy E_new = E_Z @ W candidate.; Fidelity skipped because transpiled circuit has 128 qubits.,158,178.5,11.77,327,350.5,101,109.0,128,"{'sx': 118, 'cz': 98, 'rz': 68, 'rx': 40, 'rzz': 3}",6,6,0,C:\Users\szymo\QuditsOnQubits\QuditsOnQubits\basis_direct_encoding_benchmarks\quantum_circuits\ame43\monomial_old_codespace__P021_ph010,C:\Users\szymo\QuditsOnQubits\QuditsOnQubits\basis_direct_encoding_benchmarks\quantum_circuits\ame43\monomial_old_codespace__P021_ph010\F3_W.qpy,C:\Users\szymo\QuditsOnQubits\QuditsOnQubits\basis_direct_encoding_benchmarks\quantum_circuits\ame43\monomial_old_codespace__P021_ph010\CZ3_W.qpy,C:\Users\szymo\QuditsOnQubits\QuditsOnQubits\basis_direct_encoding_benchmarks\quantum_circuits\ame43\monomial_old_codespace__P021_ph010\graph_state_direct_basis.qpy
direct_basis_encoding,ame43,ame43,ame43,ame43,4,4,8,P021_ph011,monomial,monomial_old_codespace,P021_ph011,True,101,228,329,158,,,0.284229,True,False,ok,,Converted from legacy E_new = E_Z @ W candidate.; Fidelity skipped because transpiled circuit has 128 qubits.,158,179.0,12.06,329,353.67,101,109.0,128,"{'sx': 118, 'cz': 98, 'rz': 70, 'rx': 40, 'rzz': 3}",6,6,0,C:\Users\szymo\QuditsOnQubits\QuditsOnQubits\basis_direct_encoding_benchmarks\quantum_circuits\ame43\monomial_old_codespace__P021_ph011,C:\Users\szymo\QuditsOnQubits\QuditsOnQubits\basis_direct_encoding_benchmarks\quantum_circuits\ame43\monomial_old_codespace__P021_ph011\F3_W.qpy,C:\Users\szymo\QuditsOnQubits\QuditsOnQubits\basis_direct_encoding_benchmarks\quantum_circuits\ame43\monomial_old_codespace__P021_ph011\CZ3_W.qpy,C:\Users\szymo\QuditsOnQubits\QuditsOnQubits\basis_direct_encoding_benchmarks\quantum_circuits\ame43\monomial_old_codespace__P021_ph011\graph_state_direct_basis.qpy
direct_basis_encoding,ame43,ame43,ame43,ame43,4,4,8,P021_ph012,monomial,monomial_old_codespace,P021_ph012,True,101,221,322,157,,,0.28135,True,False,ok,,Converted from legacy E_new = E_Z @ W candidate.; Fidelity skipped because transpiled circuit has 128 qubits.,157,178.17,12.33,322,346.5,101,109.0,128,"{'sx': 118, 'cz': 98, 'rz': 63, 'rx': 40, 'rzz': 3}",6,6,0,C:\Users\szymo\QuditsOnQubits\QuditsOnQubits\basis_direct_encoding_benchmarks\quantum_circuits\ame43\monomial_old_codespace__P021_ph012,C:\Users\szymo\QuditsOnQubits\QuditsOnQubits\basis_direct_encoding_benchmarks\quantum_circuits\ame43\monomial_old_codespace__P021_ph012\F3_W.qpy,C:\Users\szymo\QuditsOnQubits\QuditsOnQubits\basis_direct_encoding_benchmarks\quantum_circuits\ame43\monomial_old_codespace__P021_ph012\CZ3_W.qpy,C:\Users\szymo\QuditsOnQubits\QuditsOnQubits\basis_direct_encoding_benchmarks\quantum_circuits\ame43\monomial_old_codespace__P021_ph012\graph_state_direct_basis.qpy
direct_basis_encoding,ame43,ame43,ame43,ame43,4,4,8,P021_ph020,monomial,monomial_old_codespace,P021_ph020,True,101,226,327,158,,,0.283094,True,False,ok,,Converted from legacy E_new = E_Z @ W candidate.; Fidelity skipped because transpiled circuit has 128 qubits.,158,178.5,11.77,327,350.5,101,109.0,128,"{'sx': 118, 'cz': 98, 'rz': 68, 'rx': 40, 'rzz': 3}",6,6,0,C:\Users\szymo\QuditsOnQubits\QuditsOnQubits\basis_direct_encoding_benchmarks\quantum_circuits\ame43\monomial_old_codespace__P021_ph020,C:\Users\szymo\QuditsOnQubits\QuditsOnQubits\basis_direct_encoding_benchmarks\quantum_circuits\ame43\monomial_old_codespace__P021_ph020\F3_W.qpy,C:\Users\szymo\QuditsOnQubits\QuditsOnQubits\basis_direct_encoding_benchmarks\quantum_circuits\ame43\monomial_old_codespace__P021_ph020\CZ3_W.qpy,C:\Users\szymo\QuditsOnQubits\QuditsOnQubits\basis_direct_encoding_benchmarks\quantum_circuits\ame43\monomial_old_codespace__P021_ph020\graph_state_direct_basis.qpy
direct_basis_encoding,ame43,ame43,ame43,ame43,4,4,8,P021_ph021,monomial,monomial_old_codespace,P021_ph021,True,101,221,322,157,,,0.270726,True,False,ok,,Converted from legacy E_new = E_Z @ W candidate.; Fidelity skipped because transpiled circuit has 128 qubits.,157,178.17,12.33,322,345.83,101,109.0,128,"{'sx': 118, 'cz': 98, 'rz': 63, 'rx': 40, 'rzz': 3}",6,6,0,C:\Users\szymo\QuditsOnQubits\QuditsOnQubits\basis_direct_encoding_benchmarks\quantum_circuits\ame43\monomial_old_codespace__P021_ph021,C:\Users\szymo\QuditsOnQubits\QuditsOnQubits\basis_direct_encoding_benchmarks\quantum_circuits\ame43\monomial_old_codespace__P021_ph021\F3_W.qpy,C:\Users\szymo\QuditsOnQubits\QuditsOnQubits\basis_direct_encoding_benchmarks\quantum_circuits\ame43\monomial_old_codespace__P021_ph021\CZ3_W.qpy,C:\Users\szymo\QuditsOnQubits\QuditsOnQubits\basis_direct_encoding_benchmarks\quantum_circuits\ame43\monomial_old_codespace__P021_ph021\graph_state_direct_basis.qpy
direct_basis_encoding,ame43,ame43,ame43,ame43,4,4,8,P021_ph022,monomial,monomial_old_codespace,P021_ph022,True,101,228,329,158,,,0.279674,True,False,ok,,Converted from legacy E_new = E_Z @ W candidate.; Fidelity skipped because transpiled circuit has 128 qubits.,158,179.0,12.06,329,353.0,101,109.0,128,"{'sx': 118, 'cz': 98, 'rz': 70, 'rx': 40, 'rzz': 3}",6,6,0,C:\Users\szymo\QuditsOnQubits\QuditsOnQubits\basis_direct_encoding_benchmarks\quantum_circuits\ame43\monomial_old_codespace__P021_ph022,C:\Users\szymo\QuditsOnQubits\QuditsOnQubits\basis_direct_encoding_benchmarks\quantum_circuits\ame43\monomial_old_codespace__P021_ph022\F3_W.qpy,C:\Users\szymo\QuditsOnQubits\QuditsOnQubits\basis_direct_encoding_benchmarks\quantum_circuits\ame43\monomial_old_codespace__P021_ph022\CZ3_W.qpy,C:\Users\szymo\QuditsOnQubits\QuditsOnQubits\basis_direct_encoding_benchmarks\quantum_circuits\ame43\monomial_old_codespace__P021_ph022\graph_state_direct_basis.qpy
direct_basis_encoding,ame43,ame43,ame43,ame43,4,4,8,P021_ph100,monomial,monomial_old_codespace,P021_ph100,True,101,221,322,157,,,0.34601,True,False,ok,,Converted from legacy E_new = E_Z @ W candidate.; Fidelity skipped because transpiled circuit has 128 qubits.,157,178.17,12.33,322,345.83,101,109.0,128,"{'sx': 118, 'cz': 98, 'rz': 63, 'rx': 40, 'rzz': 3}",6,6,0,C:\Users\szymo\QuditsOnQubits\QuditsOnQubits\basis_direct_encoding_benchmarks\quantum_circuits\ame43\monomial_old_codespace__P021_ph100,C:\Users\szymo\QuditsOnQubits\QuditsOnQubits\basis_direct_encoding_benchmarks\quantum_circuits\ame43\monomial_old_codespace__P021_ph100\F3_W.qpy,C:\Users\szymo\QuditsOnQubits\QuditsOnQubits\basis_direct_encoding_benchmarks\quantum_circuits\ame43\monomial_old_codespace__P021_ph100\CZ3_W.qpy,C:\Users\szymo\QuditsOnQubits\QuditsOnQubits\basis_direct_encoding_benchmarks\quantum_circuits\ame43\monomial_old_codespace__P021_ph100\graph_state_direct_basis.qpy
direct_basis_encoding,ame43,ame43,ame43,ame43,4,4,8,P021_ph101,monomial,monomial_old_codespace,P021_ph101,True,101,227,328,158,,,0.278269,True,False,ok,,Converted from legacy E_new = E_Z @ W candidate.; Fidelity skipped because transpiled circuit has 128 qubits.,158,179.0,12.06,328,352.67,101,109.0,128,"{'sx': 118, 'cz': 98, 'rz': 69, 'rx': 40, 'rzz': 3}",6,6,0,C:\Users\szymo\QuditsOnQubits\QuditsOnQubits\basis_direct_encoding_benchmarks\quantum_circuits\ame43\monomial_old_codespace__P021_ph101,C:\Users\szymo\QuditsOnQubits\QuditsOnQubits\basis_direct_encoding_benchmarks\quantum_circuits\ame43\monomial_old_codespace__P021_ph101\F3_W.qpy,C:\Users\szymo\QuditsOnQubits\QuditsOnQubits\basis_direct_encoding_benchmarks\quantum_circuits\ame43\monomial_old_codespace__P021_ph101\CZ3_W.qpy,C:\Users\szymo\QuditsOnQubits\QuditsOnQubits\basis_direct_encoding_benchmarks\quantum_circuits\ame43\monomial_old_codespace__P021_ph101\graph_state_direct_basis.qpy
direct_basis_encoding,ame43,ame43,ame43,ame43,4,4,8,P021_ph102,monomial,monomial_old_codespace,P021_ph102,True,101,227,328,158,,,0.277752,True,False,ok,,Converted from legacy E_new = E_Z @ W candidate.; Fidelity skipped because transpiled circuit has 128 qubits.,158,178.5,11.77,328,351.83,101,109.0,128,"{'sx': 118, 'cz': 98, 'rz': 69, 'rx': 40, 'rzz': 3}",6,6,0,C:\Users\szymo\QuditsOnQubits\QuditsOnQubits\basis_direct_encoding_benchmarks\quantum_circuits\ame43\monomial_old_codespace__P021_ph102,C:\Users\szymo\QuditsOnQubits\QuditsOnQubits\basis_direct_encoding_benchmarks\quantum_circuits\ame43\monomial_old_codespace__P021_ph102\F3_W.qpy,C:\Users\szymo\QuditsOnQubits\QuditsOnQubits\basis_direct_encoding_benchmarks\quantum_circuits\ame43\monomial_old_codespace__P021_ph102\CZ3_W.qpy,C:\Users\szymo\QuditsOnQubits\QuditsOnQubits\basis_direct_encoding_benchmarks\quantum_circuits\ame43\monomial_old_codespace__P021_ph102\graph_state_direct_basis.qpy
direct_basis_encoding,ame43,ame43,ame43,ame43,4,4,8,P021_ph110,monomial,monomial_old_codespace,P021_ph110,True,101,226,327,157,,,0.285448,True,False,ok,,Converted from legacy E_new = E_Z @ W candidate.; Fidelity skipped because transpiled circuit has 128 qubits.,157,178.17,12.33,327,352.0,101,109.0,128,"{'sx': 118, 'cz': 98, 'rz': 68, 'rx': 40, 'rzz': 3}",6,6,0,C:\Users\szymo\QuditsOnQubits\QuditsOnQubits\basis_direct_encoding_benchmarks\quantum_circuits\ame43\monomial_old_codespace__P021_ph110,C:\Users\szymo\QuditsOnQubits\QuditsOnQubits\basis_direct_encoding_benchmarks\quantum_circuits\ame43\monomial_old_codespace__P021_ph110\F3_W.qpy,C:\Users\szymo\QuditsOnQubits\QuditsOnQubits\basis_direct_encoding_benchmarks\quantum_circuits\ame43\monomial_old_codespace__P021_ph110\CZ3_W.qpy,C:\Users\szymo\QuditsOnQubits\QuditsOnQubits\basis_direct_encoding_benchmarks\quantum_circuits\ame43\monomial_old_codespace__P021_ph110\graph_state_direct_basis.qpy
direct_basis_encoding,ame43,ame43,ame43,ame43,4,4,8,P021_ph111,monomial,monomial_old_codespace,P021_ph111,True,101,225,326,157,,,0.262261,True,False,ok,,Converted from legacy E_new = E_Z @ W candidate.; Fidelity skipped because transpiled circuit has 128 qubits.,157,178.17,12.33,326,350.67,101,109.0,128,"{'sx': 118, 'cz': 98, 'rz': 67, 'rx': 40, 'rzz': 3}",6,6,0,C:\Users\szymo\QuditsOnQubits\QuditsOnQubits\basis_direct_encoding_benchmarks\quantum_circuits\ame43\monomial_old_codespace__P021_ph111,C:\Users\szymo\QuditsOnQubits\QuditsOnQubits\basis_direct_encoding_benchmarks\quantum_circuits\ame43\monomial_old_codespace__P021_ph111\F3_W.qpy,C:\Users\szymo\QuditsOnQubits\QuditsOnQubits\basis_direct_encoding_benchmarks\quantum_circuits\ame43\monomial_old_codespace__P021_ph111\CZ3_W.qpy,C:\Users\szymo\QuditsOnQubits\QuditsOnQubits\basis_direct_encoding_benchmarks\quantum_circuits\ame43\monomial_old_codespace__P021_ph111\graph_state_direct_basis.qpy
direct_basis_encoding,ame43,ame43,ame43,ame43,4,4,8,P021_ph112,monomial,monomial_old_codespace,P021_ph112,True,101,219,320,157,,,0.290985,True,False,ok,,Converted from legacy E_new = E_Z @ W candidate.; Fidelity skipped because transpiled circuit has 128 qubits.,157,177.67,12.05,320,344.5,101,109.0,128,"{'sx': 118, 'cz': 98, 'rz': 61, 'rx': 40, 'rzz': 3}",6,6,0,C:\Users\szymo\QuditsOnQubits\QuditsOnQubits\basis_direct_encoding_benchmarks\quantum_circuits\ame43\monomial_old_codespace__P021_ph112,C:\Users\szymo\QuditsOnQubits\QuditsOnQubits\basis_direct_encoding_benchmarks\quantum_circuits\ame43\monomial_old_codespace__P021_ph112\F3_W.qpy,C:\Users\szymo\QuditsOnQubits\QuditsOnQubits\basis_direct_encoding_benchmarks\quantum_circuits\ame43\monomial_old_codespace__P021_ph112\CZ3_W.qpy,C:\Users\szymo\QuditsOnQubits\QuditsOnQubits\basis_direct_encoding_benchmarks\quantum_circuits\ame43\monomial_old_codespace__P021_ph112\graph_state_direct_basis.qpy
direct_basis_encoding,ame43,ame43,ame43,ame43,4,4,8,P021_ph120,monomial,monomial_old_codespace,P021_ph120,True,101,228,329,158,,,0.293767,True,False,ok,,Converted from legacy E_new = E_Z @ W candidate.; Fidelity skipped because transpiled circuit has 128 qubits.,158,179.0,12.06,329,353.67,101,109.0,128,"{'sx': 118, 'cz': 98, 'rz': 70, 'rx': 40, 'rzz': 3}",6,6,0,C:\Users\szymo\QuditsOnQubits\QuditsOnQubits\basis_direct_encoding_benchmarks\quantum_circuits\ame43\monomial_old_codespace__P021_ph120,C:\Users\szymo\QuditsOnQubits\QuditsOnQubits\basis_direct_encoding_benchmarks\quantum_circuits\ame43\monomial_old_codespace__P021_ph120\F3_W.qpy,C:\Users\szymo\QuditsOnQubits\QuditsOnQubits\basis_direct_encoding_benchmarks\quantum_circuits\ame43\monomial_old_codespace__P021_ph120\CZ3_W.qpy,C:\Users\szymo\QuditsOnQubits\QuditsOnQubits\basis_direct_encoding_benchmarks\quantum_circuits\ame43\monomial_old_codespace__P021_ph120\graph_state_direct_basis.qpy
direct_basis_encoding,ame43,ame43,ame43,ame43,4,4,8,P021_ph121,monomial,monomial_old_codespace,P021_ph121,True,101,220,321,157,,,0.278637,True,False,ok,,Converted from legacy E_new = E_Z @ W candidate.; Fidelity skipped because transpiled circuit has 128 qubits.,157,178.17,12.33,321,345.5,101,109.0,128,"{'sx': 118, 'cz': 98, 'rz': 62, 'rx': 40, 'rzz': 3}",6,6,0,C:\Users\szymo\QuditsOnQubits\QuditsOnQubits\basis_direct_encoding_benchmarks\quantum_circuits\ame43\monomial_old_codespace__P021_ph121,C:\Users\szymo\QuditsOnQubits\QuditsOnQubits\basis_direct_encoding_benchmarks\quantum_circuits\ame43\monomial_old_codespace__P021_ph121\F3_W.qpy,C:\Users\szymo\QuditsOnQubits\QuditsOnQubits\basis_direct_encoding_benchmarks\quantum_circuits\ame43\monomial_old_codespace__P021_ph121\CZ3_W.qpy,C:\Users\szymo\QuditsOnQubits\QuditsOnQubits\basis_direct_encoding_benchmarks\quantum_circuits\ame43\monomial_old_codespace__P021_ph121\graph_state_direct_basis.qpy
direct_basis_encoding,ame43,ame43,ame43,ame43,4,4,8,P021_ph122,monomial,monomial_old_codespace,P021_ph122,True,101,227,328,158,,,0.30119,True,False,ok,,Converted from legacy E_new = E_Z @ W candidate.; Fidelity skipped because transpiled circuit has 128 qubits.,158,178.5,11.77,328,351.83,101,109.0,128,"{'sx': 118, 'cz': 98, 'rz': 69, 'rx': 40, 'rzz': 3}",6,6,0,C:\Users\szymo\QuditsOnQubits\QuditsOnQubits\basis_direct_encoding_benchmarks\quantum_circuits\ame43\monomial_old_codespace__P021_ph122,C:\Users\szymo\QuditsOnQubits\QuditsOnQubits\basis_direct_encoding_benchmarks\quantum_circuits\ame43\monomial_old_codespace__P021_ph122\F3_W.qpy,C:\Users\szymo\QuditsOnQubits\QuditsOnQubits\basis_direct_encoding_benchmarks\quantum_circuits\ame43\monomial_old_codespace__P021_ph122\CZ3_W.qpy,C:\Users\szymo\QuditsOnQubits\QuditsOnQubits\basis_direct_encoding_benchmarks\quantum_circuits\ame43\monomial_old_codespace__P021_ph122\graph_state_direct_basis.qpy
direct_basis_encoding,ame43,ame43,ame43,ame43,4,4,8,P021_ph200,monomial,monomial_old_codespace,P021_ph200,True,101,221,322,157,,,0.299377,True,False,ok,,Converted from legacy E_new = E_Z @ W candidate.; Fidelity skipped because transpiled circuit has 128 qubits.,157,178.17,12.33,322,346.5,101,109.0,128,"{'sx': 118, 'cz': 98, 'rz': 63, 'rx': 40, 'rzz': 3}",6,6,0,C:\Users\szymo\QuditsOnQubits\QuditsOnQubits\basis_direct_encoding_benchmarks\quantum_circuits\ame43\monomial_old_codespace__P021_ph200,C:\Users\szymo\QuditsOnQubits\QuditsOnQubits\basis_direct_encoding_benchmarks\quantum_circuits\ame43\monomial_old_codespace__P021_ph200\F3_W.qpy,C:\Users\szymo\QuditsOnQubits\QuditsOnQubits\basis_direct_encoding_benchmarks\quantum_circuits\ame43\monomial_old_codespace__P021_ph200\CZ3_W.qpy,C:\Users\szymo\QuditsOnQubits\QuditsOnQubits\basis_direct_encoding_benchmarks\quantum_circuits\ame43\monomial_old_codespace__P021_ph200\graph_state_direct_basis.qpy
direct_basis_encoding,ame43,ame43,ame43,ame43,4,4,8,P021_ph201,monomial,monomial_old_codespace,P021_ph201,True,101,227,328,158,,,0.370815,True,False,ok,,Converted from legacy E_new = E_Z @ W candidate.; Fidelity skipped because transpiled circuit has 128 qubits.,158,178.5,11.77,328,352.5,101,109.0,128,"{'sx': 118, 'cz': 98, 'rz': 69, 'rx': 40, 'rzz': 3}",6,6,0,C:\Users\szymo\QuditsOnQubits\QuditsOnQubits\basis_direct_encoding_benchmarks\quantum_circuits\ame43\monomial_old_codespace__P021_ph201,C:\Users\szymo\QuditsOnQubits\QuditsOnQubits\basis_direct_encoding_benchmarks\quantum_circuits\ame43\monomial_old_codespace__P021_ph201\F3_W.qpy,C:\Users\szymo\QuditsOnQubits\QuditsOnQubits\basis_direct_encoding_benchmarks\quantum_circuits\ame43\monomial_old_codespace__P021_ph201\CZ3_W.qpy,C:\Users\szymo\QuditsOnQubits\QuditsOnQubits\basis_direct_encoding_benchmarks\quantum_circuits\ame43\monomial_old_codespace__P021_ph201\graph_state_direct_basis.qpy
direct_basis_encoding,ame43,ame43,ame43,ame43,4,4,8,P021_ph202,monomial,monomial_old_codespace,P021_ph202,True,101,227,328,158,,,0.315955,True,False,ok,,Converted from legacy E_new = E_Z @ W candidate.; Fidelity skipped because transpiled circuit has 128 qubits.,158,179.0,12.06,328,352.67,101,109.0,128,"{'sx': 118, 'cz': 98, 'rz': 69, 'rx': 40, 'rzz': 3}",6,6,0,C:\Users\szymo\QuditsOnQubits\QuditsOnQubits\basis_direct_encoding_benchmarks\quantum_circuits\ame43\monomial_old_codespace__P021_ph202,C:\Users\szymo\QuditsOnQubits\QuditsOnQubits\basis_direct_encoding_benchmarks\quantum_circuits\ame43\monomial_old_codespace__P021_ph202\F3_W.qpy,C:\Users\szymo\QuditsOnQubits\QuditsOnQubits\basis_direct_encoding_benchmarks\quantum_circuits\ame43\monomial_old_codespace__P021_ph202\CZ3_W.qpy,C:\Users\szymo\QuditsOnQubits\QuditsOnQubits\basis_direct_encoding_benchmarks\quantum_circuits\ame43\monomial_old_codespace__P021_ph202\graph_state_direct_basis.qpy
direct_basis_encoding,ame43,ame43,ame43,ame43,4,4,8,P021_ph210,monomial,monomial_old_codespace,P021_ph210,True,101,228,329,158,,,0.38235,True,False,ok,,Converted from legacy E_new = E_Z @ W candidate.; Fidelity skipped because transpiled circuit has 128 qubits.,158,179.0,12.06,329,353.67,101,109.0,128,"{'sx': 118, 'cz': 98, 'rz': 70, 'rx': 40, 'rzz': 3}",6,6,0,C:\Users\szymo\QuditsOnQubits\QuditsOnQubits\basis_direct_encoding_benchmarks\quantum_circuits\ame43\monomial_old_codespace__P021_ph210,C:\Users\szymo\QuditsOnQubits\QuditsOnQubits\basis_direct_encoding_benchmarks\quantum_circuits\ame43\monomial_old_codespace__P021_ph210\F3_W.qpy,C:\Users\szymo\QuditsOnQubits\QuditsOnQubits\basis_direct_encoding_benchmarks\quantum_circuits\ame43\monomial_old_codespace__P021_ph210\CZ3_W.qpy,C:\Users\szymo\QuditsOnQubits\QuditsOnQubits\basis_direct_encoding_benchmarks\quantum_circuits\ame43\monomial_old_codespace__P021_ph210\graph_state_direct_basis.qpy
direct_basis_encoding,ame43,ame43,ame43,ame43,4,4,8,P021_ph211,monomial,monomial_old_codespace,P021_ph211,True,101,227,328,158,,,0.326701,True,False,ok,,Converted from legacy E_new = E_Z @ W candidate.; Fidelity skipped because transpiled circuit has 128 qubits.,158,178.5,11.77,328,352.5,101,109.0,128,"{'sx': 118, 'cz': 98, 'rz': 69, 'rx': 40, 'rzz': 3}",6,6,0,C:\Users\szymo\QuditsOnQubits\QuditsOnQubits\basis_direct_encoding_benchmarks\quantum_circuits\ame43\monomial_old_codespace__P021_ph211,C:\Users\szymo\QuditsOnQubits\QuditsOnQubits\basis_direct_encoding_benchmarks\quantum_circuits\ame43\monomial_old_codespace__P021_ph211\F3_W.qpy,C:\Users\szymo\QuditsOnQubits\QuditsOnQubits\basis_direct_encoding_benchmarks\quantum_circuits\ame43\monomial_old_codespace__P021_ph211\CZ3_W.qpy,C:\Users\szymo\QuditsOnQubits\QuditsOnQubits\basis_direct_encoding_benchmarks\quantum_circuits\ame43\monomial_old_codespace__P021_ph211\graph_state_direct_basis.qpy
direct_basis_encoding,ame43,ame43,ame43,ame43,4,4,8,P021_ph212,monomial,monomial_old_codespace,P021_ph212,True,101,220,321,157,,,0.360519,True,False,ok,,Converted from legacy E_new = E_Z @ W candidate.; Fidelity skipped because transpiled circuit has 128 qubits.,157,178.17,12.33,321,344.5,101,109.0,128,"{'sx': 118, 'cz': 98, 'rz': 62, 'rx': 40, 'rzz': 3}",6,6,0,C:\Users\szymo\QuditsOnQubits\QuditsOnQubits\basis_direct_encoding_benchmarks\quantum_circuits\ame43\monomial_old_codespace__P021_ph212,C:\Users\szymo\QuditsOnQubits\QuditsOnQubits\basis_direct_encoding_benchmarks\quantum_circuits\ame43\monomial_old_codespace__P021_ph212\F3_W.qpy,C:\Users\szymo\QuditsOnQubits\QuditsOnQubits\basis_direct_encoding_benchmarks\quantum_circuits\ame43\monomial_old_codespace__P021_ph212\CZ3_W.qpy,C:\Users\szymo\QuditsOnQubits\QuditsOnQubits\basis_direct_encoding_benchmarks\quantum_circuits\ame43\monomial_old_codespace__P021_ph212\graph_state_direct_basis.qpy
direct_basis_encoding,ame43,ame43,ame43,ame43,4,4,8,P021_ph220,monomial,monomial_old_codespace,P021_ph220,True,101,226,327,157,,,0.325133,True,False,ok,,Converted from legacy E_new = E_Z @ W candidate.; Fidelity skipped because transpiled circuit has 128 qubits.,157,178.17,12.33,327,352.67,101,109.0,128,"{'sx': 118, 'cz': 98, 'rz': 68, 'rx': 40, 'rzz': 3}",6,6,0,C:\Users\szymo\QuditsOnQubits\QuditsOnQubits\basis_direct_encoding_benchmarks\quantum_circuits\ame43\monomial_old_codespace__P021_ph220,C:\Users\szymo\QuditsOnQubits\QuditsOnQubits\basis_direct_encoding_benchmarks\quantum_circuits\ame43\monomial_old_codespace__P021_ph220\F3_W.qpy,C:\Users\szymo\QuditsOnQubits\QuditsOnQubits\basis_direct_encoding_benchmarks\quantum_circuits\ame43\monomial_old_codespace__P021_ph220\CZ3_W.qpy,C:\Users\szymo\QuditsOnQubits\QuditsOnQubits\basis_direct_encoding_benchmarks\quantum_circuits\ame43\monomial_old_codespace__P021_ph220\graph_state_direct_basis.qpy
direct_basis_encoding,ame43,ame43,ame43,ame43,4,4,8,P021_ph221,monomial,monomial_old_codespace,P021_ph221,True,101,219,320,157,,,0.301563,True,False,ok,,Converted from legacy E_new = E_Z @ W candidate.; Fidelity skipped because transpiled circuit has 128 qubits.,157,177.67,12.05,320,345.17,101,109.0,128,"{'sx': 118, 'cz': 98, 'rz': 61, 'rx': 40, 'rzz': 3}",6,6,0,C:\Users\szymo\QuditsOnQubits\QuditsOnQubits\basis_direct_encoding_benchmarks\quantum_circuits\ame43\monomial_old_codespace__P021_ph221,C:\Users\szymo\QuditsOnQubits\QuditsOnQubits\basis_direct_encoding_benchmarks\quantum_circuits\ame43\monomial_old_codespace__P021_ph221\F3_W.qpy,C:\Users\szymo\QuditsOnQubits\QuditsOnQubits\basis_direct_encoding_benchmarks\quantum_circuits\ame43\monomial_old_codespace__P021_ph221\CZ3_W.qpy,C:\Users\szymo\QuditsOnQubits\QuditsOnQubits\basis_direct_encoding_benchmarks\quantum_circuits\ame43\monomial_old_codespace__P021_ph221\graph_state_direct_basis.qpy
direct_basis_encoding,ame43,ame43,ame43,ame43,4,4,8,P021_ph222,monomial,monomial_old_codespace,P021_ph222,True,101,225,326,157,,,0.285599,True,False,ok,,Converted from legacy E_new = E_Z @ W candidate.; Fidelity skipped because transpiled circuit has 128 qubits.,157,178.17,12.33,326,351.67,101,109.0,128,"{'sx': 118, 'cz': 98, 'rz': 67, 'rx': 40, 'rzz': 3}",6,6,0,C:\Users\szymo\QuditsOnQubits\QuditsOnQubits\basis_direct_encoding_benchmarks\quantum_circuits\ame43\monomial_old_codespace__P021_ph222,C:\Users\szymo\QuditsOnQubits\QuditsOnQubits\basis_direct_encoding_benchmarks\quantum_circuits\ame43\monomial_old_codespace__P021_ph222\F3_W.qpy,C:\Users\szymo\QuditsOnQubits\QuditsOnQubits\basis_direct_encoding_benchmarks\quantum_circuits\ame43\monomial_old_codespace__P021_ph222\CZ3_W.qpy,C:\Users\szymo\QuditsOnQubits\QuditsOnQubits\basis_direct_encoding_benchmarks\quantum_circuits\ame43\monomial_old_codespace__P021_ph222\graph_state_direct_basis.qpy
direct_basis_encoding,ame43,ame43,ame43,ame43,4,4,8,P102_ph000,monomial,monomial_old_codespace,P102_ph000,True,101,223,324,209,,,0.32288,True,False,ok,,Converted from legacy E_new = E_Z @ W candidate.; Fidelity skipped because transpiled circuit has 128 qubits.,209,215.17,7.36,324,330.67,101,102.5,128,"{'sx': 104, 'cz': 89, 'rz': 66, 'rx': 53, 'rzz': 12}",6,6,0,C:\Users\szymo\QuditsOnQubits\QuditsOnQubits\basis_direct_encoding_benchmarks\quantum_circuits\ame43\monomial_old_codespace__P102_ph000,C:\Users\szymo\QuditsOnQubits\QuditsOnQubits\basis_direct_encoding_benchmarks\quantum_circuits\ame43\monomial_old_codespace__P102_ph000\F3_W.qpy,C:\Users\szymo\QuditsOnQubits\QuditsOnQubits\basis_direct_encoding_benchmarks\quantum_circuits\ame43\monomial_old_codespace__P102_ph000\CZ3_W.qpy,C:\Users\szymo\QuditsOnQubits\QuditsOnQubits\basis_direct_encoding_benchmarks\quantum_circuits\ame43\monomial_old_codespace__P102_ph000\graph_state_direct_basis.qpy
direct_basis_encoding,ame43,ame43,ame43,ame43,4,4,8,P102_ph001,monomial,monomial_old_codespace,P102_ph001,True,101,229,330,209,,,0.292802,True,False,ok,,Converted from legacy E_new = E_Z @ W candidate.; Fidelity skipped because transpiled circuit has 128 qubits.,209,215.33,7.45,330,337.5,101,102.5,128,"{'sx': 105, 'cz': 89, 'rz': 73, 'rx': 51, 'rzz': 12}",6,6,0,C:\Users\szymo\QuditsOnQubits\QuditsOnQubits\basis_direct_encoding_benchmarks\quantum_circuits\ame43\monomial_old_codespace__P102_ph001,C:\Users\szymo\QuditsOnQubits\QuditsOnQubits\basis_direct_encoding_benchmarks\quantum_circuits\ame43\monomial_old_codespace__P102_ph001\F3_W.qpy,C:\Users\szymo\QuditsOnQubits\QuditsOnQubits\basis_direct_encoding_benchmarks\quantum_circuits\ame43\monomial_old_codespace__P102_ph001\CZ3_W.qpy,C:\Users\szymo\QuditsOnQubits\QuditsOnQubits\basis_direct_encoding_benchmarks\quantum_circuits\ame43\monomial_old_codespace__P102_ph001\graph_state_direct_basis.qpy
direct_basis_encoding,ame43,ame43,ame43,ame43,4,4,8,P102_ph002,monomial,monomial_old_codespace,P102_ph002,True,101,228,329,209,,,0.302153,True,False,ok,,Converted from legacy E_new = E_Z @ W candidate.; Fidelity skipped because transpiled circuit has 128 qubits.,209,215.33,7.45,329,336.5,101,102.5,128,"{'sx': 105, 'cz': 89, 'rz': 73, 'rx': 50, 'rzz': 12}",6,6,0,C:\Users\szymo\QuditsOnQubits\QuditsOnQubits\basis_direct_encoding_benchmarks\quantum_circuits\ame43\monomial_old_codespace__P102_ph002,C:\Users\szymo\QuditsOnQubits\QuditsOnQubits\basis_direct_encoding_benchmarks\quantum_circuits\ame43\monomial_old_codespace__P102_ph002\F3_W.qpy,C:\Users\szymo\QuditsOnQubits\QuditsOnQubits\basis_direct_encoding_benchmarks\quantum_circuits\ame43\monomial_old_codespace__P102_ph002\CZ3_W.qpy,C:\Users\szymo\QuditsOnQubits\QuditsOnQubits\basis_direct_encoding_benchmarks\quantum_circuits\ame43\monomial_old_codespace__P102_ph002\graph_state_direct_basis.qpy
direct_basis_encoding,ame43,ame43,ame43,ame43,4,4,8,P102_ph010,monomial,monomial_old_codespace,P102_ph010,True,101,232,333,210,,,0.301973,True,False,ok,,Converted from legacy E_new = E_Z @ W candidate.; Fidelity skipped because transpiled circuit has 128 qubits.,210,216.0,7.28,333,340.17,101,102.5,128,"{'sx': 105, 'cz': 89, 'rz': 77, 'rx': 50, 'rzz': 12}",6,6,0,C:\Users\szymo\QuditsOnQubits\QuditsOnQubits\basis_direct_encoding_benchmarks\quantum_circuits\ame43\monomial_old_codespace__P102_ph010,C:\Users\szymo\QuditsOnQubits\QuditsOnQubits\basis_direct_encoding_benchmarks\quantum_circuits\ame43\monomial_old_codespace__P102_ph010\F3_W.qpy,C:\Users\szymo\QuditsOnQubits\QuditsOnQubits\basis_direct_encoding_benchmarks\quantum_circuits\ame43\monomial_old_codespace__P102_ph010\CZ3_W.qpy,C:\Users\szymo\QuditsOnQubits\QuditsOnQubits\basis_direct_encoding_benchmarks\quantum_circuits\ame43\monomial_old_codespace__P102_ph010\graph_state_direct_basis.qpy
direct_basis_encoding,ame43,ame43,ame43,ame43,4,4,8,P102_ph011,monomial,monomial_old_codespace,P102_ph011,True,101,234,335,210,,,0.296486,True,False,ok,,Converted from legacy E_new = E_Z @ W candidate.; Fidelity skipped because transpiled circuit has 128 qubits.,210,216.17,7.36,335,342.0,101,102.5,128,"{'sx': 105, 'cz': 89, 'rz': 78, 'rx': 51, 'rzz': 12}",6,6,0,C:\Users\szymo\QuditsOnQubits\QuditsOnQubits\basis_direct_encoding_benchmarks\quantum_circuits\ame43\monomial_old_codespace__P102_ph011,C:\Users\szymo\QuditsOnQubits\QuditsOnQubits\basis_direct_encoding_benchmarks\quantum_circuits\ame43\monomial_old_codespace__P102_ph011\F3_W.qpy,C:\Users\szymo\QuditsOnQubits\QuditsOnQubits\basis_direct_encoding_benchmarks\quantum_circuits\ame43\monomial_old_codespace__P102_ph011\CZ3_W.qpy,C:\Users\szymo\QuditsOnQubits\QuditsOnQubits\basis_direct_encoding_benchmarks\quantum_circuits\ame43\monomial_old_codespace__P102_ph011\graph_state_direct_basis.qpy
direct_basis_encoding,ame43,ame43,ame43,ame43,4,4,8,P102_ph012,monomial,monomial_old_codespace,P102_ph012,True,101,227,328,210,,,0.313757,True,False,ok,,Converted from legacy E_new = E_Z @ W candidate.; Fidelity skipped because transpiled circuit has 128 qubits.,210,216.17,7.36,328,335.0,101,102.5,128,"{'sx': 105, 'cz': 89, 'rz': 71, 'rx': 51, 'rzz': 12}",6,6,0,C:\Users\szymo\QuditsOnQubits\QuditsOnQubits\basis_direct_encoding_benchmarks\quantum_circuits\ame43\monomial_old_codespace__P102_ph012,C:\Users\szymo\QuditsOnQubits\QuditsOnQubits\basis_direct_encoding_benchmarks\quantum_circuits\ame43\monomial_old_codespace__P102_ph012\F3_W.qpy,C:\Users\szymo\QuditsOnQubits\QuditsOnQubits\basis_direct_encoding_benchmarks\quantum_circuits\ame43\monomial_old_codespace__P102_ph012\CZ3_W.qpy,C:\Users\szymo\QuditsOnQubits\QuditsOnQubits\basis_direct_encoding_benchmarks\quantum_circuits\ame43\monomial_old_codespace__P102_ph012\graph_state_direct_basis.qpy
direct_basis_encoding,ame43,ame43,ame43,ame43,4,4,8,P102_ph020,monomial,monomial_old_codespace,P102_ph020,True,101,233,334,210,,,0.30233,True,False,ok,,Converted from legacy E_new = E_Z @ W candidate.; Fidelity skipped because transpiled circuit has 128 qubits.,210,216.0,7.28,334,340.83,101,102.5,128,"{'sx': 105, 'cz': 89, 'rz': 77, 'rx': 51, 'rzz': 12}",6,6,0,C:\Users\szymo\QuditsOnQubits\QuditsOnQubits\basis_direct_encoding_benchmarks\quantum_circuits\ame43\monomial_old_codespace__P102_ph020,C:\Users\szymo\QuditsOnQubits\QuditsOnQubits\basis_direct_encoding_benchmarks\quantum_circuits\ame43\monomial_old_codespace__P102_ph020\F3_W.qpy,C:\Users\szymo\QuditsOnQubits\QuditsOnQubits\basis_direct_encoding_benchmarks\quantum_circuits\ame43\monomial_old_codespace__P102_ph020\CZ3_W.qpy,C:\Users\szymo\QuditsOnQubits\QuditsOnQubits\basis_direct_encoding_benchmarks\quantum_circuits\ame43\monomial_old_codespace__P102_ph020\graph_state_direct_basis.qpy
direct_basis_encoding,ame43,ame43,ame43,ame43,4,4,8,P102_ph021,monomial,monomial_old_codespace,P102_ph021,True,101,227,328,210,,,0.322693,True,False,ok,,Converted from legacy E_new = E_Z @ W candidate.; Fidelity skipped because transpiled circuit has 128 qubits.,210,216.17,7.36,328,334.83,101,102.5,128,"{'sx': 105, 'cz': 89, 'rz': 71, 'rx': 51, 'rzz': 12}",6,6,0,C:\Users\szymo\QuditsOnQubits\QuditsOnQubits\basis_direct_encoding_benchmarks\quantum_circuits\ame43\monomial_old_codespace__P102_ph021,C:\Users\szymo\QuditsOnQubits\QuditsOnQubits\basis_direct_encoding_benchmarks\quantum_circuits\ame43\monomial_old_codespace__P102_ph021\F3_W.qpy,C:\Users\szymo\QuditsOnQubits\QuditsOnQubits\basis_direct_encoding_benchmarks\quantum_circuits\ame43\monomial_old_codespace__P102_ph021\CZ3_W.qpy,C:\Users\szymo\QuditsOnQubits\QuditsOnQubits\basis_direct_encoding_benchmarks\quantum_circuits\ame43\monomial_old_codespace__P102_ph021\graph_state_direct_basis.qpy
direct_basis_encoding,ame43,ame43,ame43,ame43,4,4,8,P102_ph022,monomial,monomial_old_codespace,P102_ph022,True,101,233,334,210,,,0.310167,True,False,ok,,Converted from legacy E_new = E_Z @ W candidate.; Fidelity skipped because transpiled circuit has 128 qubits.,210,216.17,7.36,334,341.17,101,102.5,128,"{'sx': 105, 'cz': 89, 'rz': 78, 'rx': 50, 'rzz': 12}",6,6,0,C:\Users\szymo\QuditsOnQubits\QuditsOnQubits\basis_direct_encoding_benchmarks\quantum_circuits\ame43\monomial_old_codespace__P102_ph022,C:\Users\szymo\QuditsOnQubits\QuditsOnQubits\basis_direct_encoding_benchmarks\quantum_circuits\ame43\monomial_old_codespace__P102_ph022\F3_W.qpy,C:\Users\szymo\QuditsOnQubits\QuditsOnQubits\basis_direct_encoding_benchmarks\quantum_circuits\ame43\monomial_old_codespace__P102_ph022\CZ3_W.qpy,C:\Users\szymo\QuditsOnQubits\QuditsOnQubits\basis_direct_encoding_benchmarks\quantum_circuits\ame43\monomial_old_codespace__P102_ph022\graph_state_direct_basis.qpy
direct_basis_encoding,ame43,ame43,ame43,ame43,4,4,8,P102_ph100,monomial,monomial_old_codespace,P102_ph100,True,101,227,328,210,,,0.340827,True,False,ok,,Converted from legacy E_new = E_Z @ W candidate.; Fidelity skipped because transpiled circuit has 128 qubits.,210,216.17,7.36,328,334.83,101,102.5,128,"{'sx': 105, 'cz': 89, 'rz': 71, 'rx': 51, 'rzz': 12}",6,6,0,C:\Users\szymo\QuditsOnQubits\QuditsOnQubits\basis_direct_encoding_benchmarks\quantum_circuits\ame43\monomial_old_codespace__P102_ph100,C:\Users\szymo\QuditsOnQubits\QuditsOnQubits\basis_direct_encoding_benchmarks\quantum_circuits\ame43\monomial_old_codespace__P102_ph100\F3_W.qpy,C:\Users\szymo\QuditsOnQubits\QuditsOnQubits\basis_direct_encoding_benchmarks\quantum_circuits\ame43\monomial_old_codespace__P102_ph100\CZ3_W.qpy,C:\Users\szymo\QuditsOnQubits\QuditsOnQubits\basis_direct_encoding_benchmarks\quantum_circuits\ame43\monomial_old_codespace__P102_ph100\graph_state_direct_basis.qpy
direct_basis_encoding,ame43,ame43,ame43,ame43,4,4,8,P102_ph101,monomial,monomial_old_codespace,P102_ph101,True,101,233,334,210,,,0.353779,True,False,ok,,Converted from legacy E_new = E_Z @ W candidate.; Fidelity skipped because transpiled circuit has 128 qubits.,210,216.17,7.36,334,341.0,101,102.5,128,"{'sx': 105, 'cz': 89, 'rz': 77, 'rx': 51, 'rzz': 12}",6,6,0,C:\Users\szymo\QuditsOnQubits\QuditsOnQubits\basis_direct_encoding_benchmarks\quantum_circuits\ame43\monomial_old_codespace__P102_ph101,C:\Users\szymo\QuditsOnQubits\QuditsOnQubits\basis_direct_encoding_benchmarks\quantum_circuits\ame43\monomial_old_codespace__P102_ph101\F3_W.qpy,C:\Users\szymo\QuditsOnQubits\QuditsOnQubits\basis_direct_encoding_benchmarks\quantum_circuits\ame43\monomial_old_codespace__P102_ph101\CZ3_W.qpy,C:\Users\szymo\QuditsOnQubits\QuditsOnQubits\basis_direct_encoding_benchmarks\quantum_circuits\ame43\monomial_old_codespace__P102_ph101\graph_state_direct_basis.qpy
direct_basis_encoding,ame43,ame43,ame43,ame43,4,4,8,P102_ph102,monomial,monomial_old_codespace,P102_ph102,True,101,234,335,210,,,0.321443,True,False,ok,,Converted from legacy E_new = E_Z @ W candidate.; Fidelity skipped because transpiled circuit has 128 qubits.,210,216.0,7.28,335,341.83,101,102.5,128,"{'sx': 105, 'cz': 89, 'rz': 78, 'rx': 51, 'rzz': 12}",6,6,0,C:\Users\szymo\QuditsOnQubits\QuditsOnQubits\basis_direct_encoding_benchmarks\quantum_circuits\ame43\monomial_old_codespace__P102_ph102,C:\Users\szymo\QuditsOnQubits\QuditsOnQubits\basis_direct_encoding_benchmarks\quantum_circuits\ame43\monomial_old_codespace__P102_ph102\F3_W.qpy,C:\Users\szymo\QuditsOnQubits\QuditsOnQubits\basis_direct_encoding_benchmarks\quantum_circuits\ame43\monomial_old_codespace__P102_ph102\CZ3_W.qpy,C:\Users\szymo\QuditsOnQubits\QuditsOnQubits\basis_direct_encoding_benchmarks\quantum_circuits\ame43\monomial_old_codespace__P102_ph102\graph_state_direct_basis.qpy
direct_basis_encoding,ame43,ame43,ame43,ame43,4,4,8,P102_ph110,monomial,monomial_old_codespace,P102_ph110,True,101,228,329,209,,,0.320958,True,False,ok,,Converted from legacy E_new = E_Z @ W candidate.; Fidelity skipped because transpiled circuit has 128 qubits.,209,215.33,7.45,329,336.5,101,102.5,128,"{'sx': 105, 'cz': 89, 'rz': 73, 'rx': 50, 'rzz': 12}",6,6,0,C:\Users\szymo\QuditsOnQubits\QuditsOnQubits\basis_direct_encoding_benchmarks\quantum_circuits\ame43\monomial_old_codespace__P102_ph110,C:\Users\szymo\QuditsOnQubits\QuditsOnQubits\basis_direct_encoding_benchmarks\quantum_circuits\ame43\monomial_old_codespace__P102_ph110\F3_W.qpy,C:\Users\szymo\QuditsOnQubits\QuditsOnQubits\basis_direct_encoding_benchmarks\quantum_circuits\ame43\monomial_old_codespace__P102_ph110\CZ3_W.qpy,C:\Users\szymo\QuditsOnQubits\QuditsOnQubits\basis_direct_encoding_benchmarks\quantum_circuits\ame43\monomial_old_codespace__P102_ph110\graph_state_direct_basis.qpy
direct_basis_encoding,ame43,ame43,ame43,ame43,4,4,8,P102_ph111,monomial,monomial_old_codespace,P102_ph111,True,101,227,328,209,,,0.345415,True,False,ok,,Converted from legacy E_new = E_Z @ W candidate.; Fidelity skipped because transpiled circuit has 128 qubits.,209,215.33,7.45,328,335.67,101,102.5,128,"{'sx': 105, 'cz': 89, 'rz': 72, 'rx': 50, 'rzz': 12}",6,6,0,C:\Users\szymo\QuditsOnQubits\QuditsOnQubits\basis_direct_encoding_benchmarks\quantum_circuits\ame43\monomial_old_codespace__P102_ph111,C:\Users\szymo\QuditsOnQubits\QuditsOnQubits\basis_direct_encoding_benchmarks\quantum_circuits\ame43\monomial_old_codespace__P102_ph111\F3_W.qpy,C:\Users\szymo\QuditsOnQubits\QuditsOnQubits\basis_direct_encoding_benchmarks\quantum_circuits\ame43\monomial_old_codespace__P102_ph111\CZ3_W.qpy,C:\Users\szymo\QuditsOnQubits\QuditsOnQubits\basis_direct_encoding_benchmarks\quantum_circuits\ame43\monomial_old_codespace__P102_ph111\graph_state_direct_basis.qpy
direct_basis_encoding,ame43,ame43,ame43,ame43,4,4,8,P102_ph112,monomial,monomial_old_codespace,P102_ph112,True,101,222,323,209,,,0.312667,True,False,ok,,Converted from legacy E_new = E_Z @ W candidate.; Fidelity skipped because transpiled circuit has 128 qubits.,209,215.17,7.36,323,330.17,101,102.5,128,"{'sx': 105, 'cz': 89, 'rz': 67, 'rx': 50, 'rzz': 12}",6,6,0,C:\Users\szymo\QuditsOnQubits\QuditsOnQubits\basis_direct_encoding_benchmarks\quantum_circuits\ame43\monomial_old_codespace__P102_ph112,C:\Users\szymo\QuditsOnQubits\QuditsOnQubits\basis_direct_encoding_benchmarks\quantum_circuits\ame43\monomial_old_codespace__P102_ph112\F3_W.qpy,C:\Users\szymo\QuditsOnQubits\QuditsOnQubits\basis_direct_encoding_benchmarks\quantum_circuits\ame43\monomial_old_codespace__P102_ph112\CZ3_W.qpy,C:\Users\szymo\QuditsOnQubits\QuditsOnQubits\basis_direct_encoding_benchmarks\quantum_circuits\ame43\monomial_old_codespace__P102_ph112\graph_state_direct_basis.qpy
direct_basis_encoding,ame43,ame43,ame43,ame43,4,4,8,P102_ph120,monomial,monomial_old_codespace,P102_ph120,True,101,234,335,210,,,0.300678,True,False,ok,,Converted from legacy E_new = E_Z @ W candidate.; Fidelity skipped because transpiled circuit has 128 qubits.,210,216.17,7.36,335,341.83,101,102.5,128,"{'sx': 105, 'cz': 89, 'rz': 78, 'rx': 51, 'rzz': 12}",6,6,0,C:\Users\szymo\QuditsOnQubits\QuditsOnQubits\basis_direct_encoding_benchmarks\quantum_circuits\ame43\monomial_old_codespace__P102_ph120,C:\Users\szymo\QuditsOnQubits\QuditsOnQubits\basis_direct_encoding_benchmarks\quantum_circuits\ame43\monomial_old_codespace__P102_ph120\F3_W.qpy,C:\Users\szymo\QuditsOnQubits\QuditsOnQubits\basis_direct_encoding_benchmarks\quantum_circuits\ame43\monomial_old_codespace__P102_ph120\CZ3_W.qpy,C:\Users\szymo\QuditsOnQubits\QuditsOnQubits\basis_direct_encoding_benchmarks\quantum_circuits\ame43\monomial_old_codespace__P102_ph120\graph_state_direct_basis.qpy
direct_basis_encoding,ame43,ame43,ame43,ame43,4,4,8,P102_ph121,monomial,monomial_old_codespace,P102_ph121,True,101,225,326,210,,,0.337613,True,False,ok,,Converted from legacy E_new = E_Z @ W candidate.; Fidelity skipped because transpiled circuit has 128 qubits.,210,216.17,7.36,326,333.17,101,102.5,128,"{'sx': 105, 'cz': 89, 'rz': 70, 'rx': 50, 'rzz': 12}",6,6,0,C:\Users\szymo\QuditsOnQubits\QuditsOnQubits\basis_direct_encoding_benchmarks\quantum_circuits\ame43\monomial_old_codespace__P102_ph121,C:\Users\szymo\QuditsOnQubits\QuditsOnQubits\basis_direct_encoding_benchmarks\quantum_circuits\ame43\monomial_old_codespace__P102_ph121\F3_W.qpy,C:\Users\szymo\QuditsOnQubits\QuditsOnQubits\basis_direct_encoding_benchmarks\quantum_circuits\ame43\monomial_old_codespace__P102_ph121\CZ3_W.qpy,C:\Users\szymo\QuditsOnQubits\QuditsOnQubits\basis_direct_encoding_benchmarks\quantum_circuits\ame43\monomial_old_codespace__P102_ph121\graph_state_direct_basis.qpy
direct_basis_encoding,ame43,ame43,ame43,ame43,4,4,8,P102_ph122,monomial,monomial_old_codespace,P102_ph122,True,101,234,335,210,,,0.335118,True,False,ok,,Converted from legacy E_new = E_Z @ W candidate.; Fidelity skipped because transpiled circuit has 128 qubits.,210,216.0,7.28,335,341.83,101,102.5,128,"{'sx': 105, 'cz': 89, 'rz': 78, 'rx': 51, 'rzz': 12}",6,6,0,C:\Users\szymo\QuditsOnQubits\QuditsOnQubits\basis_direct_encoding_benchmarks\quantum_circuits\ame43\monomial_old_codespace__P102_ph122,C:\Users\szymo\QuditsOnQubits\QuditsOnQubits\basis_direct_encoding_benchmarks\quantum_circuits\ame43\monomial_old_codespace__P102_ph122\F3_W.qpy,C:\Users\szymo\QuditsOnQubits\QuditsOnQubits\basis_direct_encoding_benchmarks\quantum_circuits\ame43\monomial_old_codespace__P102_ph122\CZ3_W.qpy,C:\Users\szymo\QuditsOnQubits\QuditsOnQubits\basis_direct_encoding_benchmarks\quantum_circuits\ame43\monomial_old_codespace__P102_ph122\graph_state_direct_basis.qpy
direct_basis_encoding,ame43,ame43,ame43,ame43,4,4,8,P102_ph200,monomial,monomial_old_codespace,P102_ph200,True,101,227,328,210,,,0.313746,True,False,ok,,Converted from legacy E_new = E_Z @ W candidate.; Fidelity skipped because transpiled circuit has 128 qubits.,210,216.17,7.36,328,335.0,101,102.5,128,"{'sx': 105, 'cz': 89, 'rz': 71, 'rx': 51, 'rzz': 12}",6,6,0,C:\Users\szymo\QuditsOnQubits\QuditsOnQubits\basis_direct_encoding_benchmarks\quantum_circuits\ame43\monomial_old_codespace__P102_ph200,C:\Users\szymo\QuditsOnQubits\QuditsOnQubits\basis_direct_encoding_benchmarks\quantum_circuits\ame43\monomial_old_codespace__P102_ph200\F3_W.qpy,C:\Users\szymo\QuditsOnQubits\QuditsOnQubits\basis_direct_encoding_benchmarks\quantum_circuits\ame43\monomial_old_codespace__P102_ph200\CZ3_W.qpy,C:\Users\szymo\QuditsOnQubits\QuditsOnQubits\basis_direct_encoding_benchmarks\quantum_circuits\ame43\monomial_old_codespace__P102_ph200\graph_state_direct_basis.qpy
direct_basis_encoding,ame43,ame43,ame43,ame43,4,4,8,P102_ph201,monomial,monomial_old_codespace,P102_ph201,True,101,234,335,210,,,0.376417,True,False,ok,,Converted from legacy E_new = E_Z @ W candidate.; Fidelity skipped because transpiled circuit has 128 qubits.,210,216.0,7.28,335,341.83,101,102.5,128,"{'sx': 105, 'cz': 89, 'rz': 78, 'rx': 51, 'rzz': 12}",6,6,0,C:\Users\szymo\QuditsOnQubits\QuditsOnQubits\basis_direct_encoding_benchmarks\quantum_circuits\ame43\monomial_old_codespace__P102_ph201,C:\Users\szymo\QuditsOnQubits\QuditsOnQubits\basis_direct_encoding_benchmarks\quantum_circuits\ame43\monomial_old_codespace__P102_ph201\F3_W.qpy,C:\Users\szymo\QuditsOnQubits\QuditsOnQubits\basis_direct_encoding_benchmarks\quantum_circuits\ame43\monomial_old_codespace__P102_ph201\CZ3_W.qpy,C:\Users\szymo\QuditsOnQubits\QuditsOnQubits\basis_direct_encoding_benchmarks\quantum_circuits\ame43\monomial_old_codespace__P102_ph201\graph_state_direct_basis.qpy
direct_basis_encoding,ame43,ame43,ame43,ame43,4,4,8,P102_ph202,monomial,monomial_old_codespace,P102_ph202,True,101,232,333,210,,,0.356122,True,False,ok,,Converted from legacy E_new = E_Z @ W candidate.; Fidelity skipped because transpiled circuit has 128 qubits.,210,216.17,7.36,333,340.17,101,102.5,128,"{'sx': 105, 'cz': 89, 'rz': 77, 'rx': 50, 'rzz': 12}",6,6,0,C:\Users\szymo\QuditsOnQubits\QuditsOnQubits\basis_direct_encoding_benchmarks\quantum_circuits\ame43\monomial_old_codespace__P102_ph202,C:\Users\szymo\QuditsOnQubits\QuditsOnQubits\basis_direct_encoding_benchmarks\quantum_circuits\ame43\monomial_old_codespace__P102_ph202\F3_W.qpy,C:\Users\szymo\QuditsOnQubits\QuditsOnQubits\basis_direct_encoding_benchmarks\quantum_circuits\ame43\monomial_old_codespace__P102_ph202\CZ3_W.qpy,C:\Users\szymo\QuditsOnQubits\QuditsOnQubits\basis_direct_encoding_benchmarks\quantum_circuits\ame43\monomial_old_codespace__P102_ph202\graph_state_direct_basis.qpy
direct_basis_encoding,ame43,ame43,ame43,ame43,4,4,8,P102_ph210,monomial,monomial_old_codespace,P102_ph210,True,101,233,334,210,,,0.366722,True,False,ok,,Converted from legacy E_new = E_Z @ W candidate.; Fidelity skipped because transpiled circuit has 128 qubits.,210,216.17,7.36,334,341.17,101,102.5,128,"{'sx': 105, 'cz': 89, 'rz': 78, 'rx': 50, 'rzz': 12}",6,6,0,C:\Users\szymo\QuditsOnQubits\QuditsOnQubits\basis_direct_encoding_benchmarks\quantum_circuits\ame43\monomial_old_codespace__P102_ph210,C:\Users\szymo\QuditsOnQubits\QuditsOnQubits\basis_direct_encoding_benchmarks\quantum_circuits\ame43\monomial_old_codespace__P102_ph210\F3_W.qpy,C:\Users\szymo\QuditsOnQubits\QuditsOnQubits\basis_direct_encoding_benchmarks\quantum_circuits\ame43\monomial_old_codespace__P102_ph210\CZ3_W.qpy,C:\Users\szymo\QuditsOnQubits\QuditsOnQubits\basis_direct_encoding_benchmarks\quantum_circuits\ame43\monomial_old_codespace__P102_ph210\graph_state_direct_basis.qpy
direct_basis_encoding,ame43,ame43,ame43,ame43,4,4,8,P102_ph211,monomial,monomial_old_codespace,P102_ph211,True,101,233,334,210,,,0.384219,True,False,ok,,Converted from legacy E_new = E_Z @ W candidate.; Fidelity skipped because transpiled circuit has 128 qubits.,210,216.0,7.28,334,340.83,101,102.5,128,"{'sx': 105, 'cz': 89, 'rz': 78, 'rx': 50, 'rzz': 12}",6,6,0,C:\Users\szymo\QuditsOnQubits\QuditsOnQubits\basis_direct_encoding_benchmarks\quantum_circuits\ame43\monomial_old_codespace__P102_ph211,C:\Users\szymo\QuditsOnQubits\QuditsOnQubits\basis_direct_encoding_benchmarks\quantum_circuits\ame43\monomial_old_codespace__P102_ph211\F3_W.qpy,C:\Users\szymo\QuditsOnQubits\QuditsOnQubits\basis_direct_encoding_benchmarks\quantum_circuits\ame43\monomial_old_codespace__P102_ph211\CZ3_W.qpy,C:\Users\szymo\QuditsOnQubits\QuditsOnQubits\basis_direct_encoding_benchmarks\quantum_circuits\ame43\monomial_old_codespace__P102_ph211\graph_state_direct_basis.qpy
direct_basis_encoding,ame43,ame43,ame43,ame43,4,4,8,P102_ph212,monomial,monomial_old_codespace,P102_ph212,True,101,225,326,210,,,0.445616,True,False,ok,,Converted from legacy E_new = E_Z @ W candidate.; Fidelity skipped because transpiled circuit has 128 qubits.,210,216.17,7.36,326,333.17,101,102.5,128,"{'sx': 105, 'cz': 89, 'rz': 70, 'rx': 50, 'rzz': 12}",6,6,0,C:\Users\szymo\QuditsOnQubits\QuditsOnQubits\basis_direct_encoding_benchmarks\quantum_circuits\ame43\monomial_old_codespace__P102_ph212,C:\Users\szymo\QuditsOnQubits\QuditsOnQubits\basis_direct_encoding_benchmarks\quantum_circuits\ame43\monomial_old_codespace__P102_ph212\F3_W.qpy,C:\Users\szymo\QuditsOnQubits\QuditsOnQubits\basis_direct_encoding_benchmarks\quantum_circuits\ame43\monomial_old_codespace__P102_ph212\CZ3_W.qpy,C:\Users\szymo\QuditsOnQubits\QuditsOnQubits\basis_direct_encoding_benchmarks\quantum_circuits\ame43\monomial_old_codespace__P102_ph212\graph_state_direct_basis.qpy
direct_basis_encoding,ame43,ame43,ame43,ame43,4,4,8,P102_ph220,monomial,monomial_old_codespace,P102_ph220,True,101,228,329,209,,,0.367488,True,False,ok,,Converted from legacy E_new = E_Z @ W candidate.; Fidelity skipped because transpiled circuit has 128 qubits.,209,215.33,7.45,329,336.5,101,102.5,128,"{'sx': 105, 'cz': 89, 'rz': 73, 'rx': 50, 'rzz': 12}",6,6,0,C:\Users\szymo\QuditsOnQubits\QuditsOnQubits\basis_direct_encoding_benchmarks\quantum_circuits\ame43\monomial_old_codespace__P102_ph220,C:\Users\szymo\QuditsOnQubits\QuditsOnQubits\basis_direct_encoding_benchmarks\quantum_circuits\ame43\monomial_old_codespace__P102_ph220\F3_W.qpy,C:\Users\szymo\QuditsOnQubits\QuditsOnQubits\basis_direct_encoding_benchmarks\quantum_circuits\ame43\monomial_old_codespace__P102_ph220\CZ3_W.qpy,C:\Users\szymo\QuditsOnQubits\QuditsOnQubits\basis_direct_encoding_benchmarks\quantum_circuits\ame43\monomial_old_codespace__P102_ph220\graph_state_direct_basis.qpy
direct_basis_encoding,ame43,ame43,ame43,ame43,4,4,8,P102_ph221,monomial,monomial_old_codespace,P102_ph221,True,101,223,324,209,,,0.304164,True,False,ok,,Converted from legacy E_new = E_Z @ W candidate.; Fidelity skipped because transpiled circuit has 128 qubits.,209,215.17,7.36,324,330.83,101,102.5,128,"{'sx': 105, 'cz': 89, 'rz': 67, 'rx': 51, 'rzz': 12}",6,6,0,C:\Users\szymo\QuditsOnQubits\QuditsOnQubits\basis_direct_encoding_benchmarks\quantum_circuits\ame43\monomial_old_codespace__P102_ph221,C:\Users\szymo\QuditsOnQubits\QuditsOnQubits\basis_direct_encoding_benchmarks\quantum_circuits\ame43\monomial_old_codespace__P102_ph221\F3_W.qpy,C:\Users\szymo\QuditsOnQubits\QuditsOnQubits\basis_direct_encoding_benchmarks\quantum_circuits\ame43\monomial_old_codespace__P102_ph221\CZ3_W.qpy,C:\Users\szymo\QuditsOnQubits\QuditsOnQubits\basis_direct_encoding_benchmarks\quantum_circuits\ame43\monomial_old_codespace__P102_ph221\graph_state_direct_basis.qpy
direct_basis_encoding,ame43,ame43,ame43,ame43,4,4,8,P102_ph222,monomial,monomial_old_codespace,P102_ph222,True,101,228,329,209,,,0.348029,True,False,ok,,Converted from legacy E_new = E_Z @ W candidate.; Fidelity skipped because transpiled circuit has 128 qubits.,209,215.33,7.45,329,336.5,101,102.5,128,"{'sx': 105, 'cz': 89, 'rz': 72, 'rx': 51, 'rzz': 12}",6,6,0,C:\Users\szymo\QuditsOnQubits\QuditsOnQubits\basis_direct_encoding_benchmarks\quantum_circuits\ame43\monomial_old_codespace__P102_ph222,C:\Users\szymo\QuditsOnQubits\QuditsOnQubits\basis_direct_encoding_benchmarks\quantum_circuits\ame43\monomial_old_codespace__P102_ph222\F3_W.qpy,C:\Users\szymo\QuditsOnQubits\QuditsOnQubits\basis_direct_encoding_benchmarks\quantum_circuits\ame43\monomial_old_codespace__P102_ph222\CZ3_W.qpy,C:\Users\szymo\QuditsOnQubits\QuditsOnQubits\basis_direct_encoding_benchmarks\quantum_circuits\ame43\monomial_old_codespace__P102_ph222\graph_state_direct_basis.qpy
direct_basis_encoding,ame43,ame43,ame43,ame43,4,4,8,P120_ph000,monomial,monomial_old_codespace,P120_ph000,True,100,196,296,199,,,0.368339,True,False,ok,,Converted from legacy E_new = E_Z @ W candidate.; Fidelity skipped because transpiled circuit has 128 qubits.,199,231.0,21.04,296,358.5,100,117.33,128,"{'sx': 101, 'cz': 99, 'rz': 53, 'rx': 42, 'rzz': 1}",6,6,0,C:\Users\szymo\QuditsOnQubits\QuditsOnQubits\basis_direct_encoding_benchmarks\quantum_circuits\ame43\monomial_old_codespace__P120_ph000,C:\Users\szymo\QuditsOnQubits\QuditsOnQubits\basis_direct_encoding_benchmarks\quantum_circuits\ame43\monomial_old_codespace__P120_ph000\F3_W.qpy,C:\Users\szymo\QuditsOnQubits\QuditsOnQubits\basis_direct_encoding_benchmarks\quantum_circuits\ame43\monomial_old_codespace__P120_ph000\CZ3_W.qpy,C:\Users\szymo\QuditsOnQubits\QuditsOnQubits\basis_direct_encoding_benchmarks\quantum_circuits\ame43\monomial_old_codespace__P120_ph000\graph_state_direct_basis.qpy
direct_basis_encoding,ame43,ame43,ame43,ame43,4,4,8,P120_ph001,monomial,monomial_old_codespace,P120_ph001,True,100,200,300,200,,,0.343727,True,False,ok,,Converted from legacy E_new = E_Z @ W candidate.; Fidelity skipped because transpiled circuit has 128 qubits.,200,232.0,20.75,300,365.83,100,117.33,128,"{'sx': 101, 'cz': 99, 'rz': 57, 'rx': 42, 'rzz': 1}",6,6,0,C:\Users\szymo\QuditsOnQubits\QuditsOnQubits\basis_direct_encoding_benchmarks\quantum_circuits\ame43\monomial_old_codespace__P120_ph001,C:\Users\szymo\QuditsOnQubits\QuditsOnQubits\basis_direct_encoding_benchmarks\quantum_circuits\ame43\monomial_old_codespace__P120_ph001\F3_W.qpy,C:\Users\szymo\QuditsOnQubits\QuditsOnQubits\basis_direct_encoding_benchmarks\quantum_circuits\ame43\monomial_old_codespace__P120_ph001\CZ3_W.qpy,C:\Users\szymo\QuditsOnQubits\QuditsOnQubits\basis_direct_encoding_benchmarks\quantum_circuits\ame43\monomial_old_codespace__P120_ph001\graph_state_direct_basis.qpy
direct_basis_encoding,ame43,ame43,ame43,ame43,4,4,8,P120_ph002,monomial,monomial_old_codespace,P120_ph002,True,100,199,299,200,,,0.345497,True,False,ok,,Converted from legacy E_new = E_Z @ W candidate.; Fidelity skipped because transpiled circuit has 128 qubits.,200,232.0,20.75,299,365.17,100,117.33,128,"{'sx': 101, 'cz': 99, 'rz': 57, 'rx': 41, 'rzz': 1}",6,6,0,C:\Users\szymo\QuditsOnQubits\QuditsOnQubits\basis_direct_encoding_benchmarks\quantum_circuits\ame43\monomial_old_codespace__P120_ph002,C:\Users\szymo\QuditsOnQubits\QuditsOnQubits\basis_direct_encoding_benchmarks\quantum_circuits\ame43\monomial_old_codespace__P120_ph002\F3_W.qpy,C:\Users\szymo\QuditsOnQubits\QuditsOnQubits\basis_direct_encoding_benchmarks\quantum_circuits\ame43\monomial_old_codespace__P120_ph002\CZ3_W.qpy,C:\Users\szymo\QuditsOnQubits\QuditsOnQubits\basis_direct_encoding_benchmarks\quantum_circuits\ame43\monomial_old_codespace__P120_ph002\graph_state_direct_basis.qpy
direct_basis_encoding,ame43,ame43,ame43,ame43,4,4,8,P120_ph010,monomial,monomial_old_codespace,P120_ph010,True,100,201,301,202,,,0.342718,True,False,ok,,Converted from legacy E_new = E_Z @ W candidate.; Fidelity skipped because transpiled circuit has 128 qubits.,202,232.33,20.36,301,364.83,100,117.33,128,"{'sx': 101, 'cz': 99, 'rz': 58, 'rx': 42, 'rzz': 1}",6,6,0,C:\Users\szymo\QuditsOnQubits\QuditsOnQubits\basis_direct_encoding_benchmarks\quantum_circuits\ame43\monomial_old_codespace__P120_ph010,C:\Users\szymo\QuditsOnQubits\QuditsOnQubits\basis_direct_encoding_benchmarks\quantum_circuits\ame43\monomial_old_codespace__P120_ph010\F3_W.qpy,C:\Users\szymo\QuditsOnQubits\QuditsOnQubits\basis_direct_encoding_benchmarks\quantum_circuits\ame43\monomial_old_codespace__P120_ph010\CZ3_W.qpy,C:\Users\szymo\QuditsOnQubits\QuditsOnQubits\basis_direct_encoding_benchmarks\quantum_circuits\ame43\monomial_old_codespace__P120_ph010\graph_state_direct_basis.qpy
direct_basis_encoding,ame43,ame43,ame43,ame43,4,4,8,P120_ph011,monomial,monomial_old_codespace,P120_ph011,True,100,203,303,203,,,0.336037,True,False,ok,,Converted from legacy E_new = E_Z @ W candidate.; Fidelity skipped because transpiled circuit has 128 qubits.,203,233.0,20.25,303,366.67,100,117.33,128,"{'sx': 101, 'cz': 99, 'rz': 60, 'rx': 42, 'rzz': 1}",6,6,0,C:\Users\szymo\QuditsOnQubits\QuditsOnQubits\basis_direct_encoding_benchmarks\quantum_circuits\ame43\monomial_old_codespace__P120_ph011,C:\Users\szymo\QuditsOnQubits\QuditsOnQubits\basis_direct_encoding_benchmarks\quantum_circuits\ame43\monomial_old_codespace__P120_ph011\F3_W.qpy,C:\Users\szymo\QuditsOnQubits\QuditsOnQubits\basis_direct_encoding_benchmarks\quantum_circuits\ame43\monomial_old_codespace__P120_ph011\CZ3_W.qpy,C:\Users\szymo\QuditsOnQubits\QuditsOnQubits\basis_direct_encoding_benchmarks\quantum_circuits\ame43\monomial_old_codespace__P120_ph011\graph_state_direct_basis.qpy
direct_basis_encoding,ame43,ame43,ame43,ame43,4,4,8,P120_ph012,monomial,monomial_old_codespace,P120_ph012,True,100,198,298,200,,,0.307987,True,False,ok,,Converted from legacy E_new = E_Z @ W candidate.; Fidelity skipped because transpiled circuit has 128 qubits.,200,231.83,20.92,298,360.83,100,117.33,128,"{'sx': 101, 'cz': 99, 'rz': 55, 'rx': 42, 'rzz': 1}",6,6,0,C:\Users\szymo\QuditsOnQubits\QuditsOnQubits\basis_direct_encoding_benchmarks\quantum_circuits\ame43\monomial_old_codespace__P120_ph012,C:\Users\szymo\QuditsOnQubits\QuditsOnQubits\basis_direct_encoding_benchmarks\quantum_circuits\ame43\monomial_old_codespace__P120_ph012\F3_W.qpy,C:\Users\szymo\QuditsOnQubits\QuditsOnQubits\basis_direct_encoding_benchmarks\quantum_circuits\ame43\monomial_old_codespace__P120_ph012\CZ3_W.qpy,C:\Users\szymo\QuditsOnQubits\QuditsOnQubits\basis_direct_encoding_benchmarks\quantum_circuits\ame43\monomial_old_codespace__P120_ph012\graph_state_direct_basis.qpy
direct_basis_encoding,ame43,ame43,ame43,ame43,4,4,8,P120_ph020,monomial,monomial_old_codespace,P120_ph020,True,100,200,300,202,,,0.342026,True,False,ok,,Converted from legacy E_new = E_Z @ W candidate.; Fidelity skipped because transpiled circuit has 128 qubits.,202,232.33,20.36,300,364.5,100,117.33,128,"{'sx': 101, 'cz': 99, 'rz': 58, 'rx': 41, 'rzz': 1}",6,6,0,C:\Users\szymo\QuditsOnQubits\QuditsOnQubits\basis_direct_encoding_benchmarks\quantum_circuits\ame43\monomial_old_codespace__P120_ph020,C:\Users\szymo\QuditsOnQubits\QuditsOnQubits\basis_direct_encoding_benchmarks\quantum_circuits\ame43\monomial_old_codespace__P120_ph020\F3_W.qpy,C:\Users\szymo\QuditsOnQubits\QuditsOnQubits\basis_direct_encoding_benchmarks\quantum_circuits\ame43\monomial_old_codespace__P120_ph020\CZ3_W.qpy,C:\Users\szymo\QuditsOnQubits\QuditsOnQubits\basis_direct_encoding_benchmarks\quantum_circuits\ame43\monomial_old_codespace__P120_ph020\graph_state_direct_basis.qpy
direct_basis_encoding,ame43,ame43,ame43,ame43,4,4,8,P120_ph021,monomial,monomial_old_codespace,P120_ph021,True,100,197,297,200,,,0.329401,True,False,ok,,Converted from legacy E_new = E_Z @ W candidate.; Fidelity skipped because transpiled circuit has 128 qubits.,200,231.83,20.92,297,360.17,100,117.33,128,"{'sx': 101, 'cz': 99, 'rz': 55, 'rx': 41, 'rzz': 1}",6,6,0,C:\Users\szymo\QuditsOnQubits\QuditsOnQubits\basis_direct_encoding_benchmarks\quantum_circuits\ame43\monomial_old_codespace__P120_ph021,C:\Users\szymo\QuditsOnQubits\QuditsOnQubits\basis_direct_encoding_benchmarks\quantum_circuits\ame43\monomial_old_codespace__P120_ph021\F3_W.qpy,C:\Users\szymo\QuditsOnQubits\QuditsOnQubits\basis_direct_encoding_benchmarks\quantum_circuits\ame43\monomial_old_codespace__P120_ph021\CZ3_W.qpy,C:\Users\szymo\QuditsOnQubits\QuditsOnQubits\basis_direct_encoding_benchmarks\quantum_circuits\ame43\monomial_old_codespace__P120_ph021\graph_state_direct_basis.qpy
direct_basis_encoding,ame43,ame43,ame43,ame43,4,4,8,P120_ph022,monomial,monomial_old_codespace,P120_ph022,True,100,202,302,203,,,0.325727,True,False,ok,,Converted from legacy E_new = E_Z @ W candidate.; Fidelity skipped because transpiled circuit has 128 qubits.,203,233.17,20.24,302,366.33,100,117.33,128,"{'sx': 101, 'cz': 99, 'rz': 60, 'rx': 41, 'rzz': 1}",6,6,0,C:\Users\szymo\QuditsOnQubits\QuditsOnQubits\basis_direct_encoding_benchmarks\quantum_circuits\ame43\monomial_old_codespace__P120_ph022,C:\Users\szymo\QuditsOnQubits\QuditsOnQubits\basis_direct_encoding_benchmarks\quantum_circuits\ame43\monomial_old_codespace__P120_ph022\F3_W.qpy,C:\Users\szymo\QuditsOnQubits\QuditsOnQubits\basis_direct_encoding_benchmarks\quantum_circuits\ame43\monomial_old_codespace__P120_ph022\CZ3_W.qpy,C:\Users\szymo\QuditsOnQubits\QuditsOnQubits\basis_direct_encoding_benchmarks\quantum_circuits\ame43\monomial_old_codespace__P120_ph022\graph_state_direct_basis.qpy
direct_basis_encoding,ame43,ame43,ame43,ame43,4,4,8,P120_ph100,monomial,monomial_old_codespace,P120_ph100,True,100,197,297,200,,,0.33692,True,False,ok,,Converted from legacy E_new = E_Z @ W candidate.; Fidelity skipped because transpiled circuit has 128 qubits.,200,231.83,20.92,297,360.17,100,117.33,128,"{'sx': 101, 'cz': 99, 'rz': 55, 'rx': 41, 'rzz': 1}",6,6,0,C:\Users\szymo\QuditsOnQubits\QuditsOnQubits\basis_direct_encoding_benchmarks\quantum_circuits\ame43\monomial_old_codespace__P120_ph100,C:\Users\szymo\QuditsOnQubits\QuditsOnQubits\basis_direct_encoding_benchmarks\quantum_circuits\ame43\monomial_old_codespace__P120_ph100\F3_W.qpy,C:\Users\szymo\QuditsOnQubits\QuditsOnQubits\basis_direct_encoding_benchmarks\quantum_circuits\ame43\monomial_old_codespace__P120_ph100\CZ3_W.qpy,C:\Users\szymo\QuditsOnQubits\QuditsOnQubits\basis_direct_encoding_benchmarks\quantum_circuits\ame43\monomial_old_codespace__P120_ph100\graph_state_direct_basis.qpy
direct_basis_encoding,ame43,ame43,ame43,ame43,4,4,8,P120_ph101,monomial,monomial_old_codespace,P120_ph101,True,100,202,302,203,,,0.387771,True,False,ok,,Converted from legacy E_new = E_Z @ W candidate.; Fidelity skipped because transpiled circuit has 128 qubits.,203,233.0,20.25,302,366.0,100,117.33,128,"{'sx': 101, 'cz': 99, 'rz': 59, 'rx': 42, 'rzz': 1}",6,6,0,C:\Users\szymo\QuditsOnQubits\QuditsOnQubits\basis_direct_encoding_benchmarks\quantum_circuits\ame43\monomial_old_codespace__P120_ph101,C:\Users\szymo\QuditsOnQubits\QuditsOnQubits\basis_direct_encoding_benchmarks\quantum_circuits\ame43\monomial_old_codespace__P120_ph101\F3_W.qpy,C:\Users\szymo\QuditsOnQubits\QuditsOnQubits\basis_direct_encoding_benchmarks\quantum_circuits\ame43\monomial_old_codespace__P120_ph101\CZ3_W.qpy,C:\Users\szymo\QuditsOnQubits\QuditsOnQubits\basis_direct_encoding_benchmarks\quantum_circuits\ame43\monomial_old_codespace__P120_ph101\graph_state_direct_basis.qpy
direct_basis_encoding,ame43,ame43,ame43,ame43,4,4,8,P120_ph102,monomial,monomial_old_codespace,P120_ph102,True,100,201,301,202,,,0.433169,True,False,ok,,Converted from legacy E_new = E_Z @ W candidate.; Fidelity skipped because transpiled circuit has 128 qubits.,202,232.33,20.36,301,365.0,100,117.33,128,"{'sx': 101, 'cz': 99, 'rz': 59, 'rx': 41, 'rzz': 1}",6,6,0,C:\Users\szymo\QuditsOnQubits\QuditsOnQubits\basis_direct_encoding_benchmarks\quantum_circuits\ame43\monomial_old_codespace__P120_ph102,C:\Users\szymo\QuditsOnQubits\QuditsOnQubits\basis_direct_encoding_benchmarks\quantum_circuits\ame43\monomial_old_codespace__P120_ph102\F3_W.qpy,C:\Users\szymo\QuditsOnQubits\QuditsOnQubits\basis_direct_encoding_benchmarks\quantum_circuits\ame43\monomial_old_codespace__P120_ph102\CZ3_W.qpy,C:\Users\szymo\QuditsOnQubits\QuditsOnQubits\basis_direct_encoding_benchmarks\quantum_circuits\ame43\monomial_old_codespace__P120_ph102\graph_state_direct_basis.qpy
direct_basis_encoding,ame43,ame43,ame43,ame43,4,4,8,P120_ph110,monomial,monomial_old_codespace,P120_ph110,True,100,200,300,200,,,0.459124,True,False,ok,,Converted from legacy E_new = E_Z @ W candidate.; Fidelity skipped because transpiled circuit has 128 qubits.,200,231.83,20.75,300,365.17,100,117.33,128,"{'sx': 101, 'cz': 99, 'rz': 57, 'rx': 42, 'rzz': 1}",6,6,0,C:\Users\szymo\QuditsOnQubits\QuditsOnQubits\basis_direct_encoding_benchmarks\quantum_circuits\ame43\monomial_old_codespace__P120_ph110,C:\Users\szymo\QuditsOnQubits\QuditsOnQubits\basis_direct_encoding_benchmarks\quantum_circuits\ame43\monomial_old_codespace__P120_ph110\F3_W.qpy,C:\Users\szymo\QuditsOnQubits\QuditsOnQubits\basis_direct_encoding_benchmarks\quantum_circuits\ame43\monomial_old_codespace__P120_ph110\CZ3_W.qpy,C:\Users\szymo\QuditsOnQubits\QuditsOnQubits\basis_direct_encoding_benchmarks\quantum_circuits\ame43\monomial_old_codespace__P120_ph110\graph_state_direct_basis.qpy
direct_basis_encoding,ame43,ame43,ame43,ame43,4,4,8,P120_ph111,monomial,monomial_old_codespace,P120_ph111,True,100,199,299,200,,,0.353195,True,False,ok,,Converted from legacy E_new = E_Z @ W candidate.; Fidelity skipped because transpiled circuit has 128 qubits.,200,232.0,20.75,299,364.83,100,117.33,128,"{'sx': 101, 'cz': 99, 'rz': 56, 'rx': 42, 'rzz': 1}",6,6,0,C:\Users\szymo\QuditsOnQubits\QuditsOnQubits\basis_direct_encoding_benchmarks\quantum_circuits\ame43\monomial_old_codespace__P120_ph111,C:\Users\szymo\QuditsOnQubits\QuditsOnQubits\basis_direct_encoding_benchmarks\quantum_circuits\ame43\monomial_old_codespace__P120_ph111\F3_W.qpy,C:\Users\szymo\QuditsOnQubits\QuditsOnQubits\basis_direct_encoding_benchmarks\quantum_circuits\ame43\monomial_old_codespace__P120_ph111\CZ3_W.qpy,C:\Users\szymo\QuditsOnQubits\QuditsOnQubits\basis_direct_encoding_benchmarks\quantum_circuits\ame43\monomial_old_codespace__P120_ph111\graph_state_direct_basis.qpy
direct_basis_encoding,ame43,ame43,ame43,ame43,4,4,8,P120_ph112,monomial,monomial_old_codespace,P120_ph112,True,100,197,297,199,,,0.357501,True,False,ok,,Converted from legacy E_new = E_Z @ W candidate.; Fidelity skipped because transpiled circuit has 128 qubits.,199,231.0,21.04,297,359.17,100,117.33,128,"{'sx': 101, 'cz': 99, 'rz': 54, 'rx': 42, 'rzz': 1}",6,6,0,C:\Users\szymo\QuditsOnQubits\QuditsOnQubits\basis_direct_encoding_benchmarks\quantum_circuits\ame43\monomial_old_codespace__P120_ph112,C:\Users\szymo\QuditsOnQubits\QuditsOnQubits\basis_direct_encoding_benchmarks\quantum_circuits\ame43\monomial_old_codespace__P120_ph112\F3_W.qpy,C:\Users\szymo\QuditsOnQubits\QuditsOnQubits\basis_direct_encoding_benchmarks\quantum_circuits\ame43\monomial_old_codespace__P120_ph112\CZ3_W.qpy,C:\Users\szymo\QuditsOnQubits\QuditsOnQubits\basis_direct_encoding_benchmarks\quantum_circuits\ame43\monomial_old_codespace__P120_ph112\graph_state_direct_basis.qpy
direct_basis_encoding,ame43,ame43,ame43,ame43,4,4,8,P120_ph120,monomial,monomial_old_codespace,P120_ph120,True,100,203,303,203,,,0.317945,True,False,ok,,Converted from legacy E_new = E_Z @ W candidate.; Fidelity skipped because transpiled circuit has 128 qubits.,203,233.17,20.24,303,367.0,100,117.33,128,"{'sx': 101, 'cz': 99, 'rz': 60, 'rx': 42, 'rzz': 1}",6,6,0,C:\Users\szymo\QuditsOnQubits\QuditsOnQubits\basis_direct_encoding_benchmarks\quantum_circuits\ame43\monomial_old_codespace__P120_ph120,C:\Users\szymo\QuditsOnQubits\QuditsOnQubits\basis_direct_encoding_benchmarks\quantum_circuits\ame43\monomial_old_codespace__P120_ph120\F3_W.qpy,C:\Users\szymo\QuditsOnQubits\QuditsOnQubits\basis_direct_encoding_benchmarks\quantum_circuits\ame43\monomial_old_codespace__P120_ph120\CZ3_W.qpy,C:\Users\szymo\QuditsOnQubits\QuditsOnQubits\basis_direct_encoding_benchmarks\quantum_circuits\ame43\monomial_old_codespace__P120_ph120\graph_state_direct_basis.qpy
direct_basis_encoding,ame43,ame43,ame43,ame43,4,4,8,P120_ph121,monomial,monomial_old_codespace,P120_ph121,True,100,197,297,200,,,0.317503,True,False,ok,,Converted from legacy E_new = E_Z @ W candidate.; Fidelity skipped because transpiled circuit has 128 qubits.,200,231.83,20.92,297,360.17,100,117.33,128,"{'sx': 101, 'cz': 99, 'rz': 54, 'rx': 42, 'rzz': 1}",6,6,0,C:\Users\szymo\QuditsOnQubits\QuditsOnQubits\basis_direct_encoding_benchmarks\quantum_circuits\ame43\monomial_old_codespace__P120_ph121,C:\Users\szymo\QuditsOnQubits\QuditsOnQubits\basis_direct_encoding_benchmarks\quantum_circuits\ame43\monomial_old_codespace__P120_ph121\F3_W.qpy,C:\Users\szymo\QuditsOnQubits\QuditsOnQubits\basis_direct_encoding_benchmarks\quantum_circuits\ame43\monomial_old_codespace__P120_ph121\CZ3_W.qpy,C:\Users\szymo\QuditsOnQubits\QuditsOnQubits\basis_direct_encoding_benchmarks\quantum_circuits\ame43\monomial_old_codespace__P120_ph121\graph_state_direct_basis.qpy
direct_basis_encoding,ame43,ame43,ame43,ame43,4,4,8,P120_ph122,monomial,monomial_old_codespace,P120_ph122,True,100,201,301,202,,,0.37663,True,False,ok,,Converted from legacy E_new = E_Z @ W candidate.; Fidelity skipped because transpiled circuit has 128 qubits.,202,232.33,20.36,301,365.0,100,117.33,128,"{'sx': 101, 'cz': 99, 'rz': 59, 'rx': 41, 'rzz': 1}",6,6,0,C:\Users\szymo\QuditsOnQubits\QuditsOnQubits\basis_direct_encoding_benchmarks\quantum_circuits\ame43\monomial_old_codespace__P120_ph122,C:\Users\szymo\QuditsOnQubits\QuditsOnQubits\basis_direct_encoding_benchmarks\quantum_circuits\ame43\monomial_old_codespace__P120_ph122\F3_W.qpy,C:\Users\szymo\QuditsOnQubits\QuditsOnQubits\basis_direct_encoding_benchmarks\quantum_circuits\ame43\monomial_old_codespace__P120_ph122\CZ3_W.qpy,C:\Users\szymo\QuditsOnQubits\QuditsOnQubits\basis_direct_encoding_benchmarks\quantum_circuits\ame43\monomial_old_codespace__P120_ph122\graph_state_direct_basis.qpy
direct_basis_encoding,ame43,ame43,ame43,ame43,4,4,8,P120_ph200,monomial,monomial_old_codespace,P120_ph200,True,100,197,297,200,,,0.370953,True,False,ok,,Converted from legacy E_new = E_Z @ W candidate.; Fidelity skipped because transpiled circuit has 128 qubits.,200,231.83,20.92,297,360.17,100,117.33,128,"{'sx': 101, 'cz': 99, 'rz': 55, 'rx': 41, 'rzz': 1}",6,6,0,C:\Users\szymo\QuditsOnQubits\QuditsOnQubits\basis_direct_encoding_benchmarks\quantum_circuits\ame43\monomial_old_codespace__P120_ph200,C:\Users\szymo\QuditsOnQubits\QuditsOnQubits\basis_direct_encoding_benchmarks\quantum_circuits\ame43\monomial_old_codespace__P120_ph200\F3_W.qpy,C:\Users\szymo\QuditsOnQubits\QuditsOnQubits\basis_direct_encoding_benchmarks\quantum_circuits\ame43\monomial_old_codespace__P120_ph200\CZ3_W.qpy,C:\Users\szymo\QuditsOnQubits\QuditsOnQubits\basis_direct_encoding_benchmarks\quantum_circuits\ame43\monomial_old_codespace__P120_ph200\graph_state_direct_basis.qpy
direct_basis_encoding,ame43,ame43,ame43,ame43,4,4,8,P120_ph201,monomial,monomial_old_codespace,P120_ph201,True,100,201,301,202,,,0.432947,True,False,ok,,Converted from legacy E_new = E_Z @ W candidate.; Fidelity skipped because transpiled circuit has 128 qubits.,202,232.17,20.37,301,364.83,100,117.33,128,"{'sx': 101, 'cz': 99, 'rz': 59, 'rx': 41, 'rzz': 1}",6,6,0,C:\Users\szymo\QuditsOnQubits\QuditsOnQubits\basis_direct_encoding_benchmarks\quantum_circuits\ame43\monomial_old_codespace__P120_ph201,C:\Users\szymo\QuditsOnQubits\QuditsOnQubits\basis_direct_encoding_benchmarks\quantum_circuits\ame43\monomial_old_codespace__P120_ph201\F3_W.qpy,C:\Users\szymo\QuditsOnQubits\QuditsOnQubits\basis_direct_encoding_benchmarks\quantum_circuits\ame43\monomial_old_codespace__P120_ph201\CZ3_W.qpy,C:\Users\szymo\QuditsOnQubits\QuditsOnQubits\basis_direct_encoding_benchmarks\quantum_circuits\ame43\monomial_old_codespace__P120_ph201\graph_state_direct_basis.qpy
direct_basis_encoding,ame43,ame43,ame43,ame43,4,4,8,P120_ph202,monomial,monomial_old_codespace,P120_ph202,True,100,201,301,203,,,0.456486,True,False,ok,,Converted from legacy E_new = E_Z @ W candidate.; Fidelity skipped because transpiled circuit has 128 qubits.,203,233.0,20.25,301,365.5,100,117.33,128,"{'sx': 101, 'cz': 99, 'rz': 59, 'rx': 41, 'rzz': 1}",6,6,0,C:\Users\szymo\QuditsOnQubits\QuditsOnQubits\basis_direct_encoding_benchmarks\quantum_circuits\ame43\monomial_old_codespace__P120_ph202,C:\Users\szymo\QuditsOnQubits\QuditsOnQubits\basis_direct_encoding_benchmarks\quantum_circuits\ame43\monomial_old_codespace__P120_ph202\F3_W.qpy,C:\Users\szymo\QuditsOnQubits\QuditsOnQubits\basis_direct_encoding_benchmarks\quantum_circuits\ame43\monomial_old_codespace__P120_ph202\CZ3_W.qpy,C:\Users\szymo\QuditsOnQubits\QuditsOnQubits\basis_direct_encoding_benchmarks\quantum_circuits\ame43\monomial_old_codespace__P120_ph202\graph_state_direct_basis.qpy
direct_basis_encoding,ame43,ame43,ame43,ame43,4,4,8,P120_ph210,monomial,monomial_old_codespace,P120_ph210,True,100,202,302,203,,,0.51475,True,False,ok,,Converted from legacy E_new = E_Z @ W candidate.; Fidelity skipped because transpiled circuit has 128 qubits.,203,233.17,20.24,302,366.67,100,117.33,128,"{'sx': 101, 'cz': 99, 'rz': 60, 'rx': 41, 'rzz': 1}",6,6,0,C:\Users\szymo\QuditsOnQubits\QuditsOnQubits\basis_direct_encoding_benchmarks\quantum_circuits\ame43\monomial_old_codespace__P120_ph210,C:\Users\szymo\QuditsOnQubits\QuditsOnQubits\basis_direct_encoding_benchmarks\quantum_circuits\ame43\monomial_old_codespace__P120_ph210\F3_W.qpy,C:\Users\szymo\QuditsOnQubits\QuditsOnQubits\basis_direct_encoding_benchmarks\quantum_circuits\ame43\monomial_old_codespace__P120_ph210\CZ3_W.qpy,C:\Users\szymo\QuditsOnQubits\QuditsOnQubits\basis_direct_encoding_benchmarks\quantum_circuits\ame43\monomial_old_codespace__P120_ph210\graph_state_direct_basis.qpy
direct_basis_encoding,ame43,ame43,ame43,ame43,4,4,8,P120_ph211,monomial,monomial_old_codespace,P120_ph211,True,100,201,301,202,,,0.372838,True,False,ok,,Converted from legacy E_new = E_Z @ W candidate.; Fidelity skipped because transpiled circuit has 128 qubits.,202,232.33,20.36,301,365.17,100,117.33,128,"{'sx': 101, 'cz': 99, 'rz': 59, 'rx': 41, 'rzz': 1}",6,6,0,C:\Users\szymo\QuditsOnQubits\QuditsOnQubits\basis_direct_encoding_benchmarks\quantum_circuits\ame43\monomial_old_codespace__P120_ph211,C:\Users\szymo\QuditsOnQubits\QuditsOnQubits\basis_direct_encoding_benchmarks\quantum_circuits\ame43\monomial_old_codespace__P120_ph211\F3_W.qpy,C:\Users\szymo\QuditsOnQubits\QuditsOnQubits\basis_direct_encoding_benchmarks\quantum_circuits\ame43\monomial_old_codespace__P120_ph211\CZ3_W.qpy,C:\Users\szymo\QuditsOnQubits\QuditsOnQubits\basis_direct_encoding_benchmarks\quantum_circuits\ame43\monomial_old_codespace__P120_ph211\graph_state_direct_basis.qpy
direct_basis_encoding,ame43,ame43,ame43,ame43,4,4,8,P120_ph212,monomial,monomial_old_codespace,P120_ph212,True,100,197,297,200,,,0.408925,True,False,ok,,Converted from legacy E_new = E_Z @ W candidate.; Fidelity skipped because transpiled circuit has 128 qubits.,200,231.67,20.92,297,359.5,100,117.33,128,"{'sx': 101, 'cz': 99, 'rz': 54, 'rx': 42, 'rzz': 1}",6,6,0,C:\Users\szymo\QuditsOnQubits\QuditsOnQubits\basis_direct_encoding_benchmarks\quantum_circuits\ame43\monomial_old_codespace__P120_ph212,C:\Users\szymo\QuditsOnQubits\QuditsOnQubits\basis_direct_encoding_benchmarks\quantum_circuits\ame43\monomial_old_codespace__P120_ph212\F3_W.qpy,C:\Users\szymo\QuditsOnQubits\QuditsOnQubits\basis_direct_encoding_benchmarks\quantum_circuits\ame43\monomial_old_codespace__P120_ph212\CZ3_W.qpy,C:\Users\szymo\QuditsOnQubits\QuditsOnQubits\basis_direct_encoding_benchmarks\quantum_circuits\ame43\monomial_old_codespace__P120_ph212\graph_state_direct_basis.qpy
direct_basis_encoding,ame43,ame43,ame43,ame43,4,4,8,P120_ph220,monomial,monomial_old_codespace,P120_ph220,True,100,199,299,200,,,0.460651,True,False,ok,,Converted from legacy E_new = E_Z @ W candidate.; Fidelity skipped because transpiled circuit has 128 qubits.,200,232.0,20.75,299,365.17,100,117.33,128,"{'sx': 101, 'cz': 99, 'rz': 57, 'rx': 41, 'rzz': 1}",6,6,0,C:\Users\szymo\QuditsOnQubits\QuditsOnQubits\basis_direct_encoding_benchmarks\quantum_circuits\ame43\monomial_old_codespace__P120_ph220,C:\Users\szymo\QuditsOnQubits\QuditsOnQubits\basis_direct_encoding_benchmarks\quantum_circuits\ame43\monomial_old_codespace__P120_ph220\F3_W.qpy,C:\Users\szymo\QuditsOnQubits\QuditsOnQubits\basis_direct_encoding_benchmarks\quantum_circuits\ame43\monomial_old_codespace__P120_ph220\CZ3_W.qpy,C:\Users\szymo\QuditsOnQubits\QuditsOnQubits\basis_direct_encoding_benchmarks\quantum_circuits\ame43\monomial_old_codespace__P120_ph220\graph_state_direct_basis.qpy
direct_basis_encoding,ame43,ame43,ame43,ame43,4,4,8,P120_ph221,monomial,monomial_old_codespace,P120_ph221,True,100,196,296,199,,,0.462318,True,False,ok,,Converted from legacy E_new = E_Z @ W candidate.; Fidelity skipped because transpiled circuit has 128 qubits.,199,231.0,21.04,296,358.67,100,117.33,128,"{'sx': 101, 'cz': 99, 'rz': 54, 'rx': 41, 'rzz': 1}",6,6,0,C:\Users\szymo\QuditsOnQubits\QuditsOnQubits\basis_direct_encoding_benchmarks\quantum_circuits\ame43\monomial_old_codespace__P120_ph221,C:\Users\szymo\QuditsOnQubits\QuditsOnQubits\basis_direct_encoding_benchmarks\quantum_circuits\ame43\monomial_old_codespace__P120_ph221\F3_W.qpy,C:\Users\szymo\QuditsOnQubits\QuditsOnQubits\basis_direct_encoding_benchmarks\quantum_circuits\ame43\monomial_old_codespace__P120_ph221\CZ3_W.qpy,C:\Users\szymo\QuditsOnQubits\QuditsOnQubits\basis_direct_encoding_benchmarks\quantum_circuits\ame43\monomial_old_codespace__P120_ph221\graph_state_direct_basis.qpy
direct_basis_encoding,ame43,ame43,ame43,ame43,4,4,8,P120_ph222,monomial,monomial_old_codespace,P120_ph222,True,100,199,299,200,,,0.538083,True,False,ok,,Converted from legacy E_new = E_Z @ W candidate.; Fidelity skipped because transpiled circuit has 128 qubits.,200,232.0,20.75,299,365.0,100,117.33,128,"{'sx': 101, 'cz': 99, 'rz': 56, 'rx': 42, 'rzz': 1}",6,6,0,C:\Users\szymo\QuditsOnQubits\QuditsOnQubits\basis_direct_encoding_benchmarks\quantum_circuits\ame43\monomial_old_codespace__P120_ph222,C:\Users\szymo\QuditsOnQubits\QuditsOnQubits\basis_direct_encoding_benchmarks\quantum_circuits\ame43\monomial_old_codespace__P120_ph222\F3_W.qpy,C:\Users\szymo\QuditsOnQubits\QuditsOnQubits\basis_direct_encoding_benchmarks\quantum_circuits\ame43\monomial_old_codespace__P120_ph222\CZ3_W.qpy,C:\Users\szymo\QuditsOnQubits\QuditsOnQubits\basis_direct_encoding_benchmarks\quantum_circuits\ame43\monomial_old_codespace__P120_ph222\graph_state_direct_basis.qpy
direct_basis_encoding,ame43,ame43,ame43,ame43,4,4,8,P201_ph000,monomial,monomial_old_codespace,P201_ph000,True,101,223,324,209,,,0.533389,True,False,ok,,Converted from legacy E_new = E_Z @ W candidate.; Fidelity skipped because transpiled circuit has 128 qubits.,209,215.17,7.36,324,330.67,101,102.5,128,"{'sx': 104, 'cz': 89, 'rz': 66, 'rx': 53, 'rzz': 12}",6,6,0,C:\Users\szymo\QuditsOnQubits\QuditsOnQubits\basis_direct_encoding_benchmarks\quantum_circuits\ame43\monomial_old_codespace__P201_ph000,C:\Users\szymo\QuditsOnQubits\QuditsOnQubits\basis_direct_encoding_benchmarks\quantum_circuits\ame43\monomial_old_codespace__P201_ph000\F3_W.qpy,C:\Users\szymo\QuditsOnQubits\QuditsOnQubits\basis_direct_encoding_benchmarks\quantum_circuits\ame43\monomial_old_codespace__P201_ph000\CZ3_W.qpy,C:\Users\szymo\QuditsOnQubits\QuditsOnQubits\basis_direct_encoding_benchmarks\quantum_circuits\ame43\monomial_old_codespace__P201_ph000\graph_state_direct_basis.qpy
direct_basis_encoding,ame43,ame43,ame43,ame43,4,4,8,P201_ph001,monomial,monomial_old_codespace,P201_ph001,True,101,229,330,209,,,0.636513,True,False,ok,,Converted from legacy E_new = E_Z @ W candidate.; Fidelity skipped because transpiled circuit has 128 qubits.,209,215.33,7.45,330,337.5,101,102.5,128,"{'sx': 105, 'cz': 89, 'rz': 73, 'rx': 51, 'rzz': 12}",6,6,0,C:\Users\szymo\QuditsOnQubits\QuditsOnQubits\basis_direct_encoding_benchmarks\quantum_circuits\ame43\monomial_old_codespace__P201_ph001,C:\Users\szymo\QuditsOnQubits\QuditsOnQubits\basis_direct_encoding_benchmarks\quantum_circuits\ame43\monomial_old_codespace__P201_ph001\F3_W.qpy,C:\Users\szymo\QuditsOnQubits\QuditsOnQubits\basis_direct_encoding_benchmarks\quantum_circuits\ame43\monomial_old_codespace__P201_ph001\CZ3_W.qpy,C:\Users\szymo\QuditsOnQubits\QuditsOnQubits\basis_direct_encoding_benchmarks\quantum_circuits\ame43\monomial_old_codespace__P201_ph001\graph_state_direct_basis.qpy
direct_basis_encoding,ame43,ame43,ame43,ame43,4,4,8,P201_ph002,monomial,monomial_old_codespace,P201_ph002,True,101,228,329,209,,,0.528062,True,False,ok,,Converted from legacy E_new = E_Z @ W candidate.; Fidelity skipped because transpiled circuit has 128 qubits.,209,215.33,7.45,329,336.5,101,102.5,128,"{'sx': 105, 'cz': 89, 'rz': 73, 'rx': 50, 'rzz': 12}",6,6,0,C:\Users\szymo\QuditsOnQubits\QuditsOnQubits\basis_direct_encoding_benchmarks\quantum_circuits\ame43\monomial_old_codespace__P201_ph002,C:\Users\szymo\QuditsOnQubits\QuditsOnQubits\basis_direct_encoding_benchmarks\quantum_circuits\ame43\monomial_old_codespace__P201_ph002\F3_W.qpy,C:\Users\szymo\QuditsOnQubits\QuditsOnQubits\basis_direct_encoding_benchmarks\quantum_circuits\ame43\monomial_old_codespace__P201_ph002\CZ3_W.qpy,C:\Users\szymo\QuditsOnQubits\QuditsOnQubits\basis_direct_encoding_benchmarks\quantum_circuits\ame43\monomial_old_codespace__P201_ph002\graph_state_direct_basis.qpy
direct_basis_encoding,ame43,ame43,ame43,ame43,4,4,8,P201_ph010,monomial,monomial_old_codespace,P201_ph010,True,101,232,333,210,,,0.403631,True,False,ok,,Converted from legacy E_new = E_Z @ W candidate.; Fidelity skipped because transpiled circuit has 128 qubits.,210,216.0,7.28,333,340.17,101,102.5,128,"{'sx': 105, 'cz': 89, 'rz': 77, 'rx': 50, 'rzz': 12}",6,6,0,C:\Users\szymo\QuditsOnQubits\QuditsOnQubits\basis_direct_encoding_benchmarks\quantum_circuits\ame43\monomial_old_codespace__P201_ph010,C:\Users\szymo\QuditsOnQubits\QuditsOnQubits\basis_direct_encoding_benchmarks\quantum_circuits\ame43\monomial_old_codespace__P201_ph010\F3_W.qpy,C:\Users\szymo\QuditsOnQubits\QuditsOnQubits\basis_direct_encoding_benchmarks\quantum_circuits\ame43\monomial_old_codespace__P201_ph010\CZ3_W.qpy,C:\Users\szymo\QuditsOnQubits\QuditsOnQubits\basis_direct_encoding_benchmarks\quantum_circuits\ame43\monomial_old_codespace__P201_ph010\graph_state_direct_basis.qpy
direct_basis_encoding,ame43,ame43,ame43,ame43,4,4,8,P201_ph011,monomial,monomial_old_codespace,P201_ph011,True,101,234,335,210,,,0.395325,True,False,ok,,Converted from legacy E_new = E_Z @ W candidate.; Fidelity skipped because transpiled circuit has 128 qubits.,210,216.17,7.36,335,342.0,101,102.5,128,"{'sx': 105, 'cz': 89, 'rz': 78, 'rx': 51, 'rzz': 12}",6,6,0,C:\Users\szymo\QuditsOnQubits\QuditsOnQubits\basis_direct_encoding_benchmarks\quantum_circuits\ame43\monomial_old_codespace__P201_ph011,C:\Users\szymo\QuditsOnQubits\QuditsOnQubits\basis_direct_encoding_benchmarks\quantum_circuits\ame43\monomial_old_codespace__P201_ph011\F3_W.qpy,C:\Users\szymo\QuditsOnQubits\QuditsOnQubits\basis_direct_encoding_benchmarks\quantum_circuits\ame43\monomial_old_codespace__P201_ph011\CZ3_W.qpy,C:\Users\szymo\QuditsOnQubits\QuditsOnQubits\basis_direct_encoding_benchmarks\quantum_circuits\ame43\monomial_old_codespace__P201_ph011\graph_state_direct_basis.qpy
direct_basis_encoding,ame43,ame43,ame43,ame43,4,4,8,P201_ph012,monomial,monomial_old_codespace,P201_ph012,True,101,227,328,210,,,0.355757,True,False,ok,,Converted from legacy E_new = E_Z @ W candidate.; Fidelity skipped because transpiled circuit has 128 qubits.,210,216.17,7.36,328,335.0,101,102.5,128,"{'sx': 105, 'cz': 89, 'rz': 71, 'rx': 51, 'rzz': 12}",6,6,0,C:\Users\szymo\QuditsOnQubits\QuditsOnQubits\basis_direct_encoding_benchmarks\quantum_circuits\ame43\monomial_old_codespace__P201_ph012,C:\Users\szymo\QuditsOnQubits\QuditsOnQubits\basis_direct_encoding_benchmarks\quantum_circuits\ame43\monomial_old_codespace__P201_ph012\F3_W.qpy,C:\Users\szymo\QuditsOnQubits\QuditsOnQubits\basis_direct_encoding_benchmarks\quantum_circuits\ame43\monomial_old_codespace__P201_ph012\CZ3_W.qpy,C:\Users\szymo\QuditsOnQubits\QuditsOnQubits\basis_direct_encoding_benchmarks\quantum_circuits\ame43\monomial_old_codespace__P201_ph012\graph_state_direct_basis.qpy
direct_basis_encoding,ame43,ame43,ame43,ame43,4,4,8,P201_ph020,monomial,monomial_old_codespace,P201_ph020,True,101,233,334,210,,,0.520105,True,False,ok,,Converted from legacy E_new = E_Z @ W candidate.; Fidelity skipped because transpiled circuit has 128 qubits.,210,216.0,7.28,334,340.83,101,102.5,128,"{'sx': 105, 'cz': 89, 'rz': 77, 'rx': 51, 'rzz': 12}",6,6,0,C:\Users\szymo\QuditsOnQubits\QuditsOnQubits\basis_direct_encoding_benchmarks\quantum_circuits\ame43\monomial_old_codespace__P201_ph020,C:\Users\szymo\QuditsOnQubits\QuditsOnQubits\basis_direct_encoding_benchmarks\quantum_circuits\ame43\monomial_old_codespace__P201_ph020\F3_W.qpy,C:\Users\szymo\QuditsOnQubits\QuditsOnQubits\basis_direct_encoding_benchmarks\quantum_circuits\ame43\monomial_old_codespace__P201_ph020\CZ3_W.qpy,C:\Users\szymo\QuditsOnQubits\QuditsOnQubits\basis_direct_encoding_benchmarks\quantum_circuits\ame43\monomial_old_codespace__P201_ph020\graph_state_direct_basis.qpy
direct_basis_encoding,ame43,ame43,ame43,ame43,4,4,8,P201_ph021,monomial,monomial_old_codespace,P201_ph021,True,101,227,328,210,,,0.384093,True,False,ok,,Converted from legacy E_new = E_Z @ W candidate.; Fidelity skipped because transpiled circuit has 128 qubits.,210,216.17,7.36,328,334.83,101,102.5,128,"{'sx': 105, 'cz': 89, 'rz': 71, 'rx': 51, 'rzz': 12}",6,6,0,C:\Users\szymo\QuditsOnQubits\QuditsOnQubits\basis_direct_encoding_benchmarks\quantum_circuits\ame43\monomial_old_codespace__P201_ph021,C:\Users\szymo\QuditsOnQubits\QuditsOnQubits\basis_direct_encoding_benchmarks\quantum_circuits\ame43\monomial_old_codespace__P201_ph021\F3_W.qpy,C:\Users\szymo\QuditsOnQubits\QuditsOnQubits\basis_direct_encoding_benchmarks\quantum_circuits\ame43\monomial_old_codespace__P201_ph021\CZ3_W.qpy,C:\Users\szymo\QuditsOnQubits\QuditsOnQubits\basis_direct_encoding_benchmarks\quantum_circuits\ame43\monomial_old_codespace__P201_ph021\graph_state_direct_basis.qpy
direct_basis_encoding,ame43,ame43,ame43,ame43,4,4,8,P201_ph022,monomial,monomial_old_codespace,P201_ph022,True,101,233,334,210,,,0.365967,True,False,ok,,Converted from legacy E_new = E_Z @ W candidate.; Fidelity skipped because transpiled circuit has 128 qubits.,210,216.17,7.36,334,341.17,101,102.5,128,"{'sx': 105, 'cz': 89, 'rz': 78, 'rx': 50, 'rzz': 12}",6,6,0,C:\Users\szymo\QuditsOnQubits\QuditsOnQubits\basis_direct_encoding_benchmarks\quantum_circuits\ame43\monomial_old_codespace__P201_ph022,C:\Users\szymo\QuditsOnQubits\QuditsOnQubits\basis_direct_encoding_benchmarks\quantum_circuits\ame43\monomial_old_codespace__P201_ph022\F3_W.qpy,C:\Users\szymo\QuditsOnQubits\QuditsOnQubits\basis_direct_encoding_benchmarks\quantum_circuits\ame43\monomial_old_codespace__P201_ph022\CZ3_W.qpy,C:\Users\szymo\QuditsOnQubits\QuditsOnQubits\basis_direct_encoding_benchmarks\quantum_circuits\ame43\monomial_old_codespace__P201_ph022\graph_state_direct_basis.qpy
direct_basis_encoding,ame43,ame43,ame43,ame43,4,4,8,P201_ph100,monomial,monomial_old_codespace,P201_ph100,True,101,227,328,210,,,0.459533,True,False,ok,,Converted from legacy E_new = E_Z @ W candidate.; Fidelity skipped because transpiled circuit has 128 qubits.,210,216.17,7.36,328,334.83,101,102.5,128,"{'sx': 105, 'cz': 89, 'rz': 71, 'rx': 51, 'rzz': 12}",6,6,0,C:\Users\szymo\QuditsOnQubits\QuditsOnQubits\basis_direct_encoding_benchmarks\quantum_circuits\ame43\monomial_old_codespace__P201_ph100,C:\Users\szymo\QuditsOnQubits\QuditsOnQubits\basis_direct_encoding_benchmarks\quantum_circuits\ame43\monomial_old_codespace__P201_ph100\F3_W.qpy,C:\Users\szymo\QuditsOnQubits\QuditsOnQubits\basis_direct_encoding_benchmarks\quantum_circuits\ame43\monomial_old_codespace__P201_ph100\CZ3_W.qpy,C:\Users\szymo\QuditsOnQubits\QuditsOnQubits\basis_direct_encoding_benchmarks\quantum_circuits\ame43\monomial_old_codespace__P201_ph100\graph_state_direct_basis.qpy
direct_basis_encoding,ame43,ame43,ame43,ame43,4,4,8,P201_ph101,monomial,monomial_old_codespace,P201_ph101,True,101,233,334,210,,,0.445677,True,False,ok,,Converted from legacy E_new = E_Z @ W candidate.; Fidelity skipped because transpiled circuit has 128 qubits.,210,216.17,7.36,334,341.0,101,102.5,128,"{'sx': 105, 'cz': 89, 'rz': 77, 'rx': 51, 'rzz': 12}",6,6,0,C:\Users\szymo\QuditsOnQubits\QuditsOnQubits\basis_direct_encoding_benchmarks\quantum_circuits\ame43\monomial_old_codespace__P201_ph101,C:\Users\szymo\QuditsOnQubits\QuditsOnQubits\basis_direct_encoding_benchmarks\quantum_circuits\ame43\monomial_old_codespace__P201_ph101\F3_W.qpy,C:\Users\szymo\QuditsOnQubits\QuditsOnQubits\basis_direct_encoding_benchmarks\quantum_circuits\ame43\monomial_old_codespace__P201_ph101\CZ3_W.qpy,C:\Users\szymo\QuditsOnQubits\QuditsOnQubits\basis_direct_encoding_benchmarks\quantum_circuits\ame43\monomial_old_codespace__P201_ph101\graph_state_direct_basis.qpy
direct_basis_encoding,ame43,ame43,ame43,ame43,4,4,8,P201_ph102,monomial,monomial_old_codespace,P201_ph102,True,101,234,335,210,,,0.423436,True,False,ok,,Converted from legacy E_new = E_Z @ W candidate.; Fidelity skipped because transpiled circuit has 128 qubits.,210,216.0,7.28,335,341.83,101,102.5,128,"{'sx': 105, 'cz': 89, 'rz': 78, 'rx': 51, 'rzz': 12}",6,6,0,C:\Users\szymo\QuditsOnQubits\QuditsOnQubits\basis_direct_encoding_benchmarks\quantum_circuits\ame43\monomial_old_codespace__P201_ph102,C:\Users\szymo\QuditsOnQubits\QuditsOnQubits\basis_direct_encoding_benchmarks\quantum_circuits\ame43\monomial_old_codespace__P201_ph102\F3_W.qpy,C:\Users\szymo\QuditsOnQubits\QuditsOnQubits\basis_direct_encoding_benchmarks\quantum_circuits\ame43\monomial_old_codespace__P201_ph102\CZ3_W.qpy,C:\Users\szymo\QuditsOnQubits\QuditsOnQubits\basis_direct_encoding_benchmarks\quantum_circuits\ame43\monomial_old_codespace__P201_ph102\graph_state_direct_basis.qpy
direct_basis_encoding,ame43,ame43,ame43,ame43,4,4,8,P201_ph110,monomial,monomial_old_codespace,P201_ph110,True,101,228,329,209,,,0.380277,True,False,ok,,Converted from legacy E_new = E_Z @ W candidate.; Fidelity skipped because transpiled circuit has 128 qubits.,209,215.33,7.45,329,336.5,101,102.5,128,"{'sx': 105, 'cz': 89, 'rz': 73, 'rx': 50, 'rzz': 12}",6,6,0,C:\Users\szymo\QuditsOnQubits\QuditsOnQubits\basis_direct_encoding_benchmarks\quantum_circuits\ame43\monomial_old_codespace__P201_ph110,C:\Users\szymo\QuditsOnQubits\QuditsOnQubits\basis_direct_encoding_benchmarks\quantum_circuits\ame43\monomial_old_codespace__P201_ph110\F3_W.qpy,C:\Users\szymo\QuditsOnQubits\QuditsOnQubits\basis_direct_encoding_benchmarks\quantum_circuits\ame43\monomial_old_codespace__P201_ph110\CZ3_W.qpy,C:\Users\szymo\QuditsOnQubits\QuditsOnQubits\basis_direct_encoding_benchmarks\quantum_circuits\ame43\monomial_old_codespace__P201_ph110\graph_state_direct_basis.qpy
direct_basis_encoding,ame43,ame43,ame43,ame43,4,4,8,P201_ph111,monomial,monomial_old_codespace,P201_ph111,True,101,227,328,209,,,0.451108,True,False,ok,,Converted from legacy E_new = E_Z @ W candidate.; Fidelity skipped because transpiled circuit has 128 qubits.,209,215.33,7.45,328,335.67,101,102.5,128,"{'sx': 105, 'cz': 89, 'rz': 72, 'rx': 50, 'rzz': 12}",6,6,0,C:\Users\szymo\QuditsOnQubits\QuditsOnQubits\basis_direct_encoding_benchmarks\quantum_circuits\ame43\monomial_old_codespace__P201_ph111,C:\Users\szymo\QuditsOnQubits\QuditsOnQubits\basis_direct_encoding_benchmarks\quantum_circuits\ame43\monomial_old_codespace__P201_ph111\F3_W.qpy,C:\Users\szymo\QuditsOnQubits\QuditsOnQubits\basis_direct_encoding_benchmarks\quantum_circuits\ame43\monomial_old_codespace__P201_ph111\CZ3_W.qpy,C:\Users\szymo\QuditsOnQubits\QuditsOnQubits\basis_direct_encoding_benchmarks\quantum_circuits\ame43\monomial_old_codespace__P201_ph111\graph_state_direct_basis.qpy
direct_basis_encoding,ame43,ame43,ame43,ame43,4,4,8,P201_ph112,monomial,monomial_old_codespace,P201_ph112,True,101,222,323,209,,,0.410315,True,False,ok,,Converted from legacy E_new = E_Z @ W candidate.; Fidelity skipped because transpiled circuit has 128 qubits.,209,215.17,7.36,323,330.17,101,102.5,128,"{'sx': 105, 'cz': 89, 'rz': 67, 'rx': 50, 'rzz': 12}",6,6,0,C:\Users\szymo\QuditsOnQubits\QuditsOnQubits\basis_direct_encoding_benchmarks\quantum_circuits\ame43\monomial_old_codespace__P201_ph112,C:\Users\szymo\QuditsOnQubits\QuditsOnQubits\basis_direct_encoding_benchmarks\quantum_circuits\ame43\monomial_old_codespace__P201_ph112\F3_W.qpy,C:\Users\szymo\QuditsOnQubits\QuditsOnQubits\basis_direct_encoding_benchmarks\quantum_circuits\ame43\monomial_old_codespace__P201_ph112\CZ3_W.qpy,C:\Users\szymo\QuditsOnQubits\QuditsOnQubits\basis_direct_encoding_benchmarks\quantum_circuits\ame43\monomial_old_codespace__P201_ph112\graph_state_direct_basis.qpy
direct_basis_encoding,ame43,ame43,ame43,ame43,4,4,8,P201_ph120,monomial,monomial_old_codespace,P201_ph120,True,101,234,335,210,,,0.397572,True,False,ok,,Converted from legacy E_new = E_Z @ W candidate.; Fidelity skipped because transpiled circuit has 128 qubits.,210,216.17,7.36,335,341.83,101,102.5,128,"{'sx': 105, 'cz': 89, 'rz': 78, 'rx': 51, 'rzz': 12}",6,6,0,C:\Users\szymo\QuditsOnQubits\QuditsOnQubits\basis_direct_encoding_benchmarks\quantum_circuits\ame43\monomial_old_codespace__P201_ph120,C:\Users\szymo\QuditsOnQubits\QuditsOnQubits\basis_direct_encoding_benchmarks\quantum_circuits\ame43\monomial_old_codespace__P201_ph120\F3_W.qpy,C:\Users\szymo\QuditsOnQubits\QuditsOnQubits\basis_direct_encoding_benchmarks\quantum_circuits\ame43\monomial_old_codespace__P201_ph120\CZ3_W.qpy,C:\Users\szymo\QuditsOnQubits\QuditsOnQubits\basis_direct_encoding_benchmarks\quantum_circuits\ame43\monomial_old_codespace__P201_ph120\graph_state_direct_basis.qpy
direct_basis_encoding,ame43,ame43,ame43,ame43,4,4,8,P201_ph121,monomial,monomial_old_codespace,P201_ph121,True,101,225,326,210,,,0.445731,True,False,ok,,Converted from legacy E_new = E_Z @ W candidate.; Fidelity skipped because transpiled circuit has 128 qubits.,210,216.17,7.36,326,333.17,101,102.5,128,"{'sx': 105, 'cz': 89, 'rz': 70, 'rx': 50, 'rzz': 12}",6,6,0,C:\Users\szymo\QuditsOnQubits\QuditsOnQubits\basis_direct_encoding_benchmarks\quantum_circuits\ame43\monomial_old_codespace__P201_ph121,C:\Users\szymo\QuditsOnQubits\QuditsOnQubits\basis_direct_encoding_benchmarks\quantum_circuits\ame43\monomial_old_codespace__P201_ph121\F3_W.qpy,C:\Users\szymo\QuditsOnQubits\QuditsOnQubits\basis_direct_encoding_benchmarks\quantum_circuits\ame43\monomial_old_codespace__P201_ph121\CZ3_W.qpy,C:\Users\szymo\QuditsOnQubits\QuditsOnQubits\basis_direct_encoding_benchmarks\quantum_circuits\ame43\monomial_old_codespace__P201_ph121\graph_state_direct_basis.qpy
direct_basis_encoding,ame43,ame43,ame43,ame43,4,4,8,P201_ph122,monomial,monomial_old_codespace,P201_ph122,True,101,234,335,210,,,0.425526,True,False,ok,,Converted from legacy E_new = E_Z @ W candidate.; Fidelity skipped because transpiled circuit has 128 qubits.,210,216.0,7.28,335,341.83,101,102.5,128,"{'sx': 105, 'cz': 89, 'rz': 78, 'rx': 51, 'rzz': 12}",6,6,0,C:\Users\szymo\QuditsOnQubits\QuditsOnQubits\basis_direct_encoding_benchmarks\quantum_circuits\ame43\monomial_old_codespace__P201_ph122,C:\Users\szymo\QuditsOnQubits\QuditsOnQubits\basis_direct_encoding_benchmarks\quantum_circuits\ame43\monomial_old_codespace__P201_ph122\F3_W.qpy,C:\Users\szymo\QuditsOnQubits\QuditsOnQubits\basis_direct_encoding_benchmarks\quantum_circuits\ame43\monomial_old_codespace__P201_ph122\CZ3_W.qpy,C:\Users\szymo\QuditsOnQubits\QuditsOnQubits\basis_direct_encoding_benchmarks\quantum_circuits\ame43\monomial_old_codespace__P201_ph122\graph_state_direct_basis.qpy
direct_basis_encoding,ame43,ame43,ame43,ame43,4,4,8,P201_ph200,monomial,monomial_old_codespace,P201_ph200,True,101,227,328,210,,,0.465167,True,False,ok,,Converted from legacy E_new = E_Z @ W candidate.; Fidelity skipped because transpiled circuit has 128 qubits.,210,216.17,7.36,328,335.0,101,102.5,128,"{'sx': 105, 'cz': 89, 'rz': 71, 'rx': 51, 'rzz': 12}",6,6,0,C:\Users\szymo\QuditsOnQubits\QuditsOnQubits\basis_direct_encoding_benchmarks\quantum_circuits\ame43\monomial_old_codespace__P201_ph200,C:\Users\szymo\QuditsOnQubits\QuditsOnQubits\basis_direct_encoding_benchmarks\quantum_circuits\ame43\monomial_old_codespace__P201_ph200\F3_W.qpy,C:\Users\szymo\QuditsOnQubits\QuditsOnQubits\basis_direct_encoding_benchmarks\quantum_circuits\ame43\monomial_old_codespace__P201_ph200\CZ3_W.qpy,C:\Users\szymo\QuditsOnQubits\QuditsOnQubits\basis_direct_encoding_benchmarks\quantum_circuits\ame43\monomial_old_codespace__P201_ph200\graph_state_direct_basis.qpy
direct_basis_encoding,ame43,ame43,ame43,ame43,4,4,8,P201_ph201,monomial,monomial_old_codespace,P201_ph201,True,101,234,335,210,,,0.380218,True,False,ok,,Converted from legacy E_new = E_Z @ W candidate.; Fidelity skipped because transpiled circuit has 128 qubits.,210,216.0,7.28,335,341.83,101,102.5,128,"{'sx': 105, 'cz': 89, 'rz': 78, 'rx': 51, 'rzz': 12}",6,6,0,C:\Users\szymo\QuditsOnQubits\QuditsOnQubits\basis_direct_encoding_benchmarks\quantum_circuits\ame43\monomial_old_codespace__P201_ph201,C:\Users\szymo\QuditsOnQubits\QuditsOnQubits\basis_direct_encoding_benchmarks\quantum_circuits\ame43\monomial_old_codespace__P201_ph201\F3_W.qpy,C:\Users\szymo\QuditsOnQubits\QuditsOnQubits\basis_direct_encoding_benchmarks\quantum_circuits\ame43\monomial_old_codespace__P201_ph201\CZ3_W.qpy,C:\Users\szymo\QuditsOnQubits\QuditsOnQubits\basis_direct_encoding_benchmarks\quantum_circuits\ame43\monomial_old_codespace__P201_ph201\graph_state_direct_basis.qpy
direct_basis_encoding,ame43,ame43,ame43,ame43,4,4,8,P201_ph202,monomial,monomial_old_codespace,P201_ph202,True,101,232,333,210,,,0.334963,True,False,ok,,Converted from legacy E_new = E_Z @ W candidate.; Fidelity skipped because transpiled circuit has 128 qubits.,210,216.17,7.36,333,340.17,101,102.5,128,"{'sx': 105, 'cz': 89, 'rz': 77, 'rx': 50, 'rzz': 12}",6,6,0,C:\Users\szymo\QuditsOnQubits\QuditsOnQubits\basis_direct_encoding_benchmarks\quantum_circuits\ame43\monomial_old_codespace__P201_ph202,C:\Users\szymo\QuditsOnQubits\QuditsOnQubits\basis_direct_encoding_benchmarks\quantum_circuits\ame43\monomial_old_codespace__P201_ph202\F3_W.qpy,C:\Users\szymo\QuditsOnQubits\QuditsOnQubits\basis_direct_encoding_benchmarks\quantum_circuits\ame43\monomial_old_codespace__P201_ph202\CZ3_W.qpy,C:\Users\szymo\QuditsOnQubits\QuditsOnQubits\basis_direct_encoding_benchmarks\quantum_circuits\ame43\monomial_old_codespace__P201_ph202\graph_state_direct_basis.qpy
direct_basis_encoding,ame43,ame43,ame43,ame43,4,4,8,P201_ph210,monomial,monomial_old_codespace,P201_ph210,True,101,233,334,210,,,0.32539,True,False,ok,,Converted from legacy E_new = E_Z @ W candidate.; Fidelity skipped because transpiled circuit has 128 qubits.,210,216.17,7.36,334,341.17,101,102.5,128,"{'sx': 105, 'cz': 89, 'rz': 78, 'rx': 50, 'rzz': 12}",6,6,0,C:\Users\szymo\QuditsOnQubits\QuditsOnQubits\basis_direct_encoding_benchmarks\quantum_circuits\ame43\monomial_old_codespace__P201_ph210,C:\Users\szymo\QuditsOnQubits\QuditsOnQubits\basis_direct_encoding_benchmarks\quantum_circuits\ame43\monomial_old_codespace__P201_ph210\F3_W.qpy,C:\Users\szymo\QuditsOnQubits\QuditsOnQubits\basis_direct_encoding_benchmarks\quantum_circuits\ame43\monomial_old_codespace__P201_ph210\CZ3_W.qpy,C:\Users\szymo\QuditsOnQubits\QuditsOnQubits\basis_direct_encoding_benchmarks\quantum_circuits\ame43\monomial_old_codespace__P201_ph210\graph_state_direct_basis.qpy
direct_basis_encoding,ame43,ame43,ame43,ame43,4,4,8,P201_ph211,monomial,monomial_old_codespace,P201_ph211,True,101,233,334,210,,,0.327741,True,False,ok,,Converted from legacy E_new = E_Z @ W candidate.; Fidelity skipped because transpiled circuit has 128 qubits.,210,216.0,7.28,334,340.83,101,102.5,128,"{'sx': 105, 'cz': 89, 'rz': 78, 'rx': 50, 'rzz': 12}",6,6,0,C:\Users\szymo\QuditsOnQubits\QuditsOnQubits\basis_direct_encoding_benchmarks\quantum_circuits\ame43\monomial_old_codespace__P201_ph211,C:\Users\szymo\QuditsOnQubits\QuditsOnQubits\basis_direct_encoding_benchmarks\quantum_circuits\ame43\monomial_old_codespace__P201_ph211\F3_W.qpy,C:\Users\szymo\QuditsOnQubits\QuditsOnQubits\basis_direct_encoding_benchmarks\quantum_circuits\ame43\monomial_old_codespace__P201_ph211\CZ3_W.qpy,C:\Users\szymo\QuditsOnQubits\QuditsOnQubits\basis_direct_encoding_benchmarks\quantum_circuits\ame43\monomial_old_codespace__P201_ph211\graph_state_direct_basis.qpy
direct_basis_encoding,ame43,ame43,ame43,ame43,4,4,8,P201_ph212,monomial,monomial_old_codespace,P201_ph212,True,101,225,326,210,,,0.334144,True,False,ok,,Converted from legacy E_new = E_Z @ W candidate.; Fidelity skipped because transpiled circuit has 128 qubits.,210,216.17,7.36,326,333.17,101,102.5,128,"{'sx': 105, 'cz': 89, 'rz': 70, 'rx': 50, 'rzz': 12}",6,6,0,C:\Users\szymo\QuditsOnQubits\QuditsOnQubits\basis_direct_encoding_benchmarks\quantum_circuits\ame43\monomial_old_codespace__P201_ph212,C:\Users\szymo\QuditsOnQubits\QuditsOnQubits\basis_direct_encoding_benchmarks\quantum_circuits\ame43\monomial_old_codespace__P201_ph212\F3_W.qpy,C:\Users\szymo\QuditsOnQubits\QuditsOnQubits\basis_direct_encoding_benchmarks\quantum_circuits\ame43\monomial_old_codespace__P201_ph212\CZ3_W.qpy,C:\Users\szymo\QuditsOnQubits\QuditsOnQubits\basis_direct_encoding_benchmarks\quantum_circuits\ame43\monomial_old_codespace__P201_ph212\graph_state_direct_basis.qpy
direct_basis_encoding,ame43,ame43,ame43,ame43,4,4,8,P201_ph220,monomial,monomial_old_codespace,P201_ph220,True,101,228,329,209,,,0.317225,True,False,ok,,Converted from legacy E_new = E_Z @ W candidate.; Fidelity skipped because transpiled circuit has 128 qubits.,209,215.33,7.45,329,336.5,101,102.5,128,"{'sx': 105, 'cz': 89, 'rz': 73, 'rx': 50, 'rzz': 12}",6,6,0,C:\Users\szymo\QuditsOnQubits\QuditsOnQubits\basis_direct_encoding_benchmarks\quantum_circuits\ame43\monomial_old_codespace__P201_ph220,C:\Users\szymo\QuditsOnQubits\QuditsOnQubits\basis_direct_encoding_benchmarks\quantum_circuits\ame43\monomial_old_codespace__P201_ph220\F3_W.qpy,C:\Users\szymo\QuditsOnQubits\QuditsOnQubits\basis_direct_encoding_benchmarks\quantum_circuits\ame43\monomial_old_codespace__P201_ph220\CZ3_W.qpy,C:\Users\szymo\QuditsOnQubits\QuditsOnQubits\basis_direct_encoding_benchmarks\quantum_circuits\ame43\monomial_old_codespace__P201_ph220\graph_state_direct_basis.qpy
direct_basis_encoding,ame43,ame43,ame43,ame43,4,4,8,P201_ph221,monomial,monomial_old_codespace,P201_ph221,True,101,223,324,209,,,0.336207,True,False,ok,,Converted from legacy E_new = E_Z @ W candidate.; Fidelity skipped because transpiled circuit has 128 qubits.,209,215.17,7.36,324,330.83,101,102.5,128,"{'sx': 105, 'cz': 89, 'rz': 67, 'rx': 51, 'rzz': 12}",6,6,0,C:\Users\szymo\QuditsOnQubits\QuditsOnQubits\basis_direct_encoding_benchmarks\quantum_circuits\ame43\monomial_old_codespace__P201_ph221,C:\Users\szymo\QuditsOnQubits\QuditsOnQubits\basis_direct_encoding_benchmarks\quantum_circuits\ame43\monomial_old_codespace__P201_ph221\F3_W.qpy,C:\Users\szymo\QuditsOnQubits\QuditsOnQubits\basis_direct_encoding_benchmarks\quantum_circuits\ame43\monomial_old_codespace__P201_ph221\CZ3_W.qpy,C:\Users\szymo\QuditsOnQubits\QuditsOnQubits\basis_direct_encoding_benchmarks\quantum_circuits\ame43\monomial_old_codespace__P201_ph221\graph_state_direct_basis.qpy
direct_basis_encoding,ame43,ame43,ame43,ame43,4,4,8,P201_ph222,monomial,monomial_old_codespace,P201_ph222,True,101,228,329,209,,,0.312151,True,False,ok,,Converted from legacy E_new = E_Z @ W candidate.; Fidelity skipped because transpiled circuit has 128 qubits.,209,215.33,7.45,329,336.5,101,102.5,128,"{'sx': 105, 'cz': 89, 'rz': 72, 'rx': 51, 'rzz': 12}",6,6,0,C:\Users\szymo\QuditsOnQubits\QuditsOnQubits\basis_direct_encoding_benchmarks\quantum_circuits\ame43\monomial_old_codespace__P201_ph222,C:\Users\szymo\QuditsOnQubits\QuditsOnQubits\basis_direct_encoding_benchmarks\quantum_circuits\ame43\monomial_old_codespace__P201_ph222\F3_W.qpy,C:\Users\szymo\QuditsOnQubits\QuditsOnQubits\basis_direct_encoding_benchmarks\quantum_circuits\ame43\monomial_old_codespace__P201_ph222\CZ3_W.qpy,C:\Users\szymo\QuditsOnQubits\QuditsOnQubits\basis_direct_encoding_benchmarks\quantum_circuits\ame43\monomial_old_codespace__P201_ph222\graph_state_direct_basis.qpy
direct_basis_encoding,ame43,ame43,ame43,ame43,4,4,8,P210_ph000,monomial,monomial_old_codespace,P210_ph000,True,100,196,296,199,,,0.36565,True,False,ok,,Converted from legacy E_new = E_Z @ W candidate.; Fidelity skipped because transpiled circuit has 128 qubits.,199,231.0,21.04,296,358.5,100,117.33,128,"{'sx': 101, 'cz': 99, 'rz': 53, 'rx': 42, 'rzz': 1}",6,6,0,C:\Users\szymo\QuditsOnQubits\QuditsOnQubits\basis_direct_encoding_benchmarks\quantum_circuits\ame43\monomial_old_codespace__P210_ph000,C:\Users\szymo\QuditsOnQubits\QuditsOnQubits\basis_direct_encoding_benchmarks\quantum_circuits\ame43\monomial_old_codespace__P210_ph000\F3_W.qpy,C:\Users\szymo\QuditsOnQubits\QuditsOnQubits\basis_direct_encoding_benchmarks\quantum_circuits\ame43\monomial_old_codespace__P210_ph000\CZ3_W.qpy,C:\Users\szymo\QuditsOnQubits\QuditsOnQubits\basis_direct_encoding_benchmarks\quantum_circuits\ame43\monomial_old_codespace__P210_ph000\graph_state_direct_basis.qpy
direct_basis_encoding,ame43,ame43,ame43,ame43,4,4,8,P210_ph001,monomial,monomial_old_codespace,P210_ph001,True,100,200,300,200,,,0.328488,True,False,ok,,Converted from legacy E_new = E_Z @ W candidate.; Fidelity skipped because transpiled circuit has 128 qubits.,200,232.0,20.75,300,365.83,100,117.33,128,"{'sx': 101, 'cz': 99, 'rz': 57, 'rx': 42, 'rzz': 1}",6,6,0,C:\Users\szymo\QuditsOnQubits\QuditsOnQubits\basis_direct_encoding_benchmarks\quantum_circuits\ame43\monomial_old_codespace__P210_ph001,C:\Users\szymo\QuditsOnQubits\QuditsOnQubits\basis_direct_encoding_benchmarks\quantum_circuits\ame43\monomial_old_codespace__P210_ph001\F3_W.qpy,C:\Users\szymo\QuditsOnQubits\QuditsOnQubits\basis_direct_encoding_benchmarks\quantum_circuits\ame43\monomial_old_codespace__P210_ph001\CZ3_W.qpy,C:\Users\szymo\QuditsOnQubits\QuditsOnQubits\basis_direct_encoding_benchmarks\quantum_circuits\ame43\monomial_old_codespace__P210_ph001\graph_state_direct_basis.qpy
direct_basis_encoding,ame43,ame43,ame43,ame43,4,4,8,P210_ph002,monomial,monomial_old_codespace,P210_ph002,True,100,199,299,200,,,0.30857,True,False,ok,,Converted from legacy E_new = E_Z @ W candidate.; Fidelity skipped because transpiled circuit has 128 qubits.,200,232.0,20.75,299,365.17,100,117.33,128,"{'sx': 101, 'cz': 99, 'rz': 57, 'rx': 41, 'rzz': 1}",6,6,0,C:\Users\szymo\QuditsOnQubits\QuditsOnQubits\basis_direct_encoding_benchmarks\quantum_circuits\ame43\monomial_old_codespace__P210_ph002,C:\Users\szymo\QuditsOnQubits\QuditsOnQubits\basis_direct_encoding_benchmarks\quantum_circuits\ame43\monomial_old_codespace__P210_ph002\F3_W.qpy,C:\Users\szymo\QuditsOnQubits\QuditsOnQubits\basis_direct_encoding_benchmarks\quantum_circuits\ame43\monomial_old_codespace__P210_ph002\CZ3_W.qpy,C:\Users\szymo\QuditsOnQubits\QuditsOnQubits\basis_direct_encoding_benchmarks\quantum_circuits\ame43\monomial_old_codespace__P210_ph002\graph_state_direct_basis.qpy
direct_basis_encoding,ame43,ame43,ame43,ame43,4,4,8,P210_ph010,monomial,monomial_old_codespace,P210_ph010,True,100,201,301,202,,,0.316422,True,False,ok,,Converted from legacy E_new = E_Z @ W candidate.; Fidelity skipped because transpiled circuit has 128 qubits.,202,232.33,20.36,301,364.83,100,117.33,128,"{'sx': 101, 'cz': 99, 'rz': 58, 'rx': 42, 'rzz': 1}",6,6,0,C:\Users\szymo\QuditsOnQubits\QuditsOnQubits\basis_direct_encoding_benchmarks\quantum_circuits\ame43\monomial_old_codespace__P210_ph010,C:\Users\szymo\QuditsOnQubits\QuditsOnQubits\basis_direct_encoding_benchmarks\quantum_circuits\ame43\monomial_old_codespace__P210_ph010\F3_W.qpy,C:\Users\szymo\QuditsOnQubits\QuditsOnQubits\basis_direct_encoding_benchmarks\quantum_circuits\ame43\monomial_old_codespace__P210_ph010\CZ3_W.qpy,C:\Users\szymo\QuditsOnQubits\QuditsOnQubits\basis_direct_encoding_benchmarks\quantum_circuits\ame43\monomial_old_codespace__P210_ph010\graph_state_direct_basis.qpy
direct_basis_encoding,ame43,ame43,ame43,ame43,4,4,8,P210_ph011,monomial,monomial_old_codespace,P210_ph011,True,100,203,303,203,,,0.315613,True,False,ok,,Converted from legacy E_new = E_Z @ W candidate.; Fidelity skipped because transpiled circuit has 128 qubits.,203,233.0,20.25,303,366.67,100,117.33,128,"{'sx': 101, 'cz': 99, 'rz': 60, 'rx': 42, 'rzz': 1}",6,6,0,C:\Users\szymo\QuditsOnQubits\QuditsOnQubits\basis_direct_encoding_benchmarks\quantum_circuits\ame43\monomial_old_codespace__P210_ph011,C:\Users\szymo\QuditsOnQubits\QuditsOnQubits\basis_direct_encoding_benchmarks\quantum_circuits\ame43\monomial_old_codespace__P210_ph011\F3_W.qpy,C:\Users\szymo\QuditsOnQubits\QuditsOnQubits\basis_direct_encoding_benchmarks\quantum_circuits\ame43\monomial_old_codespace__P210_ph011\CZ3_W.qpy,C:\Users\szymo\QuditsOnQubits\QuditsOnQubits\basis_direct_encoding_benchmarks\quantum_circuits\ame43\monomial_old_codespace__P210_ph011\graph_state_direct_basis.qpy
direct_basis_encoding,ame43,ame43,ame43,ame43,4,4,8,P210_ph012,monomial,monomial_old_codespace,P210_ph012,True,100,198,298,200,,,0.316093,True,False,ok,,Converted from legacy E_new = E_Z @ W candidate.; Fidelity skipped because transpiled circuit has 128 qubits.,200,231.83,20.92,298,360.83,100,117.33,128,"{'sx': 101, 'cz': 99, 'rz': 55, 'rx': 42, 'rzz': 1}",6,6,0,C:\Users\szymo\QuditsOnQubits\QuditsOnQubits\basis_direct_encoding_benchmarks\quantum_circuits\ame43\monomial_old_codespace__P210_ph012,C:\Users\szymo\QuditsOnQubits\QuditsOnQubits\basis_direct_encoding_benchmarks\quantum_circuits\ame43\monomial_old_codespace__P210_ph012\F3_W.qpy,C:\Users\szymo\QuditsOnQubits\QuditsOnQubits\basis_direct_encoding_benchmarks\quantum_circuits\ame43\monomial_old_codespace__P210_ph012\CZ3_W.qpy,C:\Users\szymo\QuditsOnQubits\QuditsOnQubits\basis_direct_encoding_benchmarks\quantum_circuits\ame43\monomial_old_codespace__P210_ph012\graph_state_direct_basis.qpy
direct_basis_encoding,ame43,ame43,ame43,ame43,4,4,8,P210_ph020,monomial,monomial_old_codespace,P210_ph020,True,100,200,300,202,,,0.300464,True,False,ok,,Converted from legacy E_new = E_Z @ W candidate.; Fidelity skipped because transpiled circuit has 128 qubits.,202,232.33,20.36,300,364.5,100,117.33,128,"{'sx': 101, 'cz': 99, 'rz': 58, 'rx': 41, 'rzz': 1}",6,6,0,C:\Users\szymo\QuditsOnQubits\QuditsOnQubits\basis_direct_encoding_benchmarks\quantum_circuits\ame43\monomial_old_codespace__P210_ph020,C:\Users\szymo\QuditsOnQubits\QuditsOnQubits\basis_direct_encoding_benchmarks\quantum_circuits\ame43\monomial_old_codespace__P210_ph020\F3_W.qpy,C:\Users\szymo\QuditsOnQubits\QuditsOnQubits\basis_direct_encoding_benchmarks\quantum_circuits\ame43\monomial_old_codespace__P210_ph020\CZ3_W.qpy,C:\Users\szymo\QuditsOnQubits\QuditsOnQubits\basis_direct_encoding_benchmarks\quantum_circuits\ame43\monomial_old_codespace__P210_ph020\graph_state_direct_basis.qpy
direct_basis_encoding,ame43,ame43,ame43,ame43,4,4,8,P210_ph021,monomial,monomial_old_codespace,P210_ph021,True,100,197,297,200,,,0.317138,True,False,ok,,Converted from legacy E_new = E_Z @ W candidate.; Fidelity skipped because transpiled circuit has 128 qubits.,200,231.83,20.92,297,360.17,100,117.33,128,"{'sx': 101, 'cz': 99, 'rz': 55, 'rx': 41, 'rzz': 1}",6,6,0,C:\Users\szymo\QuditsOnQubits\QuditsOnQubits\basis_direct_encoding_benchmarks\quantum_circuits\ame43\monomial_old_codespace__P210_ph021,C:\Users\szymo\QuditsOnQubits\QuditsOnQubits\basis_direct_encoding_benchmarks\quantum_circuits\ame43\monomial_old_codespace__P210_ph021\F3_W.qpy,C:\Users\szymo\QuditsOnQubits\QuditsOnQubits\basis_direct_encoding_benchmarks\quantum_circuits\ame43\monomial_old_codespace__P210_ph021\CZ3_W.qpy,C:\Users\szymo\QuditsOnQubits\QuditsOnQubits\basis_direct_encoding_benchmarks\quantum_circuits\ame43\monomial_old_codespace__P210_ph021\graph_state_direct_basis.qpy
direct_basis_encoding,ame43,ame43,ame43,ame43,4,4,8,P210_ph022,monomial,monomial_old_codespace,P210_ph022,True,100,202,302,203,,,0.315982,True,False,ok,,Converted from legacy E_new = E_Z @ W candidate.; Fidelity skipped because transpiled circuit has 128 qubits.,203,233.17,20.24,302,366.33,100,117.33,128,"{'sx': 101, 'cz': 99, 'rz': 60, 'rx': 41, 'rzz': 1}",6,6,0,C:\Users\szymo\QuditsOnQubits\QuditsOnQubits\basis_direct_encoding_benchmarks\quantum_circuits\ame43\monomial_old_codespace__P210_ph022,C:\Users\szymo\QuditsOnQubits\QuditsOnQubits\basis_direct_encoding_benchmarks\quantum_circuits\ame43\monomial_old_codespace__P210_ph022\F3_W.qpy,C:\Users\szymo\QuditsOnQubits\QuditsOnQubits\basis_direct_encoding_benchmarks\quantum_circuits\ame43\monomial_old_codespace__P210_ph022\CZ3_W.qpy,C:\Users\szymo\QuditsOnQubits\QuditsOnQubits\basis_direct_encoding_benchmarks\quantum_circuits\ame43\monomial_old_codespace__P210_ph022\graph_state_direct_basis.qpy
direct_basis_encoding,ame43,ame43,ame43,ame43,4,4,8,P210_ph100,monomial,monomial_old_codespace,P210_ph100,True,100,197,297,200,,,0.304565,True,False,ok,,Converted from legacy E_new = E_Z @ W candidate.; Fidelity skipped because transpiled circuit has 128 qubits.,200,231.83,20.92,297,360.17,100,117.33,128,"{'sx': 101, 'cz': 99, 'rz': 55, 'rx': 41, 'rzz': 1}",6,6,0,C:\Users\szymo\QuditsOnQubits\QuditsOnQubits\basis_direct_encoding_benchmarks\quantum_circuits\ame43\monomial_old_codespace__P210_ph100,C:\Users\szymo\QuditsOnQubits\QuditsOnQubits\basis_direct_encoding_benchmarks\quantum_circuits\ame43\monomial_old_codespace__P210_ph100\F3_W.qpy,C:\Users\szymo\QuditsOnQubits\QuditsOnQubits\basis_direct_encoding_benchmarks\quantum_circuits\ame43\monomial_old_codespace__P210_ph100\CZ3_W.qpy,C:\Users\szymo\QuditsOnQubits\QuditsOnQubits\basis_direct_encoding_benchmarks\quantum_circuits\ame43\monomial_old_codespace__P210_ph100\graph_state_direct_basis.qpy
direct_basis_encoding,ame43,ame43,ame43,ame43,4,4,8,P210_ph101,monomial,monomial_old_codespace,P210_ph101,True,100,202,302,203,,,0.32138,True,False,ok,,Converted from legacy E_new = E_Z @ W candidate.; Fidelity skipped because transpiled circuit has 128 qubits.,203,233.0,20.25,302,366.0,100,117.33,128,"{'sx': 101, 'cz': 99, 'rz': 59, 'rx': 42, 'rzz': 1}",6,6,0,C:\Users\szymo\QuditsOnQubits\QuditsOnQubits\basis_direct_encoding_benchmarks\quantum_circuits\ame43\monomial_old_codespace__P210_ph101,C:\Users\szymo\QuditsOnQubits\QuditsOnQubits\basis_direct_encoding_benchmarks\quantum_circuits\ame43\monomial_old_codespace__P210_ph101\F3_W.qpy,C:\Users\szymo\QuditsOnQubits\QuditsOnQubits\basis_direct_encoding_benchmarks\quantum_circuits\ame43\monomial_old_codespace__P210_ph101\CZ3_W.qpy,C:\Users\szymo\QuditsOnQubits\QuditsOnQubits\basis_direct_encoding_benchmarks\quantum_circuits\ame43\monomial_old_codespace__P210_ph101\graph_state_direct_basis.qpy
direct_basis_encoding,ame43,ame43,ame43,ame43,4,4,8,P210_ph102,monomial,monomial_old_codespace,P210_ph102,True,100,201,301,202,,,0.312252,True,False,ok,,Converted from legacy E_new = E_Z @ W candidate.; Fidelity skipped because transpiled circuit has 128 qubits.,202,232.33,20.36,301,365.0,100,117.33,128,"{'sx': 101, 'cz': 99, 'rz': 59, 'rx': 41, 'rzz': 1}",6,6,0,C:\Users\szymo\QuditsOnQubits\QuditsOnQubits\basis_direct_encoding_benchmarks\quantum_circuits\ame43\monomial_old_codespace__P210_ph102,C:\Users\szymo\QuditsOnQubits\QuditsOnQubits\basis_direct_encoding_benchmarks\quantum_circuits\ame43\monomial_old_codespace__P210_ph102\F3_W.qpy,C:\Users\szymo\QuditsOnQubits\QuditsOnQubits\basis_direct_encoding_benchmarks\quantum_circuits\ame43\monomial_old_codespace__P210_ph102\CZ3_W.qpy,C:\Users\szymo\QuditsOnQubits\QuditsOnQubits\basis_direct_encoding_benchmarks\quantum_circuits\ame43\monomial_old_codespace__P210_ph102\graph_state_direct_basis.qpy
direct_basis_encoding,ame43,ame43,ame43,ame43,4,4,8,P210_ph110,monomial,monomial_old_codespace,P210_ph110,True,100,200,300,200,,,0.321865,True,False,ok,,Converted from legacy E_new = E_Z @ W candidate.; Fidelity skipped because transpiled circuit has 128 qubits.,200,231.83,20.75,300,365.17,100,117.33,128,"{'sx': 101, 'cz': 99, 'rz': 57, 'rx': 42, 'rzz': 1}",6,6,0,C:\Users\szymo\QuditsOnQubits\QuditsOnQubits\basis_direct_encoding_benchmarks\quantum_circuits\ame43\monomial_old_codespace__P210_ph110,C:\Users\szymo\QuditsOnQubits\QuditsOnQubits\basis_direct_encoding_benchmarks\quantum_circuits\ame43\monomial_old_codespace__P210_ph110\F3_W.qpy,C:\Users\szymo\QuditsOnQubits\QuditsOnQubits\basis_direct_encoding_benchmarks\quantum_circuits\ame43\monomial_old_codespace__P210_ph110\CZ3_W.qpy,C:\Users\szymo\QuditsOnQubits\QuditsOnQubits\basis_direct_encoding_benchmarks\quantum_circuits\ame43\monomial_old_codespace__P210_ph110\graph_state_direct_basis.qpy
direct_basis_encoding,ame43,ame43,ame43,ame43,4,4,8,P210_ph111,monomial,monomial_old_codespace,P210_ph111,True,100,199,299,200,,,0.29626,True,False,ok,,Converted from legacy E_new = E_Z @ W candidate.; Fidelity skipped because transpiled circuit has 128 qubits.,200,232.0,20.75,299,364.83,100,117.33,128,"{'sx': 101, 'cz': 99, 'rz': 56, 'rx': 42, 'rzz': 1}",6,6,0,C:\Users\szymo\QuditsOnQubits\QuditsOnQubits\basis_direct_encoding_benchmarks\quantum_circuits\ame43\monomial_old_codespace__P210_ph111,C:\Users\szymo\QuditsOnQubits\QuditsOnQubits\basis_direct_encoding_benchmarks\quantum_circuits\ame43\monomial_old_codespace__P210_ph111\F3_W.qpy,C:\Users\szymo\QuditsOnQubits\QuditsOnQubits\basis_direct_encoding_benchmarks\quantum_circuits\ame43\monomial_old_codespace__P210_ph111\CZ3_W.qpy,C:\Users\szymo\QuditsOnQubits\QuditsOnQubits\basis_direct_encoding_benchmarks\quantum_circuits\ame43\monomial_old_codespace__P210_ph111\graph_state_direct_basis.qpy
direct_basis_encoding,ame43,ame43,ame43,ame43,4,4,8,P210_ph112,monomial,monomial_old_codespace,P210_ph112,True,100,197,297,199,,,0.335886,True,False,ok,,Converted from legacy E_new = E_Z @ W candidate.; Fidelity skipped because transpiled circuit has 128 qubits.,199,231.0,21.04,297,359.17,100,117.33,128,"{'sx': 101, 'cz': 99, 'rz': 54, 'rx': 42, 'rzz': 1}",6,6,0,C:\Users\szymo\QuditsOnQubits\QuditsOnQubits\basis_direct_encoding_benchmarks\quantum_circuits\ame43\monomial_old_codespace__P210_ph112,C:\Users\szymo\QuditsOnQubits\QuditsOnQubits\basis_direct_encoding_benchmarks\quantum_circuits\ame43\monomial_old_codespace__P210_ph112\F3_W.qpy,C:\Users\szymo\QuditsOnQubits\QuditsOnQubits\basis_direct_encoding_benchmarks\quantum_circuits\ame43\monomial_old_codespace__P210_ph112\CZ3_W.qpy,C:\Users\szymo\QuditsOnQubits\QuditsOnQubits\basis_direct_encoding_benchmarks\quantum_circuits\ame43\monomial_old_codespace__P210_ph112\graph_state_direct_basis.qpy
direct_basis_encoding,ame43,ame43,ame43,ame43,4,4,8,P210_ph120,monomial,monomial_old_codespace,P210_ph120,True,100,203,303,203,,,0.326757,True,False,ok,,Converted from legacy E_new = E_Z @ W candidate.; Fidelity skipped because transpiled circuit has 128 qubits.,203,233.17,20.24,303,367.0,100,117.33,128,"{'sx': 101, 'cz': 99, 'rz': 60, 'rx': 42, 'rzz': 1}",6,6,0,C:\Users\szymo\QuditsOnQubits\QuditsOnQubits\basis_direct_encoding_benchmarks\quantum_circuits\ame43\monomial_old_codespace__P210_ph120,C:\Users\szymo\QuditsOnQubits\QuditsOnQubits\basis_direct_encoding_benchmarks\quantum_circuits\ame43\monomial_old_codespace__P210_ph120\F3_W.qpy,C:\Users\szymo\QuditsOnQubits\QuditsOnQubits\basis_direct_encoding_benchmarks\quantum_circuits\ame43\monomial_old_codespace__P210_ph120\CZ3_W.qpy,C:\Users\szymo\QuditsOnQubits\QuditsOnQubits\basis_direct_encoding_benchmarks\quantum_circuits\ame43\monomial_old_codespace__P210_ph120\graph_state_direct_basis.qpy
direct_basis_encoding,ame43,ame43,ame43,ame43,4,4,8,P210_ph121,monomial,monomial_old_codespace,P210_ph121,True,100,197,297,200,,,0.329427,True,False,ok,,Converted from legacy E_new = E_Z @ W candidate.; Fidelity skipped because transpiled circuit has 128 qubits.,200,231.83,20.92,297,360.17,100,117.33,128,"{'sx': 101, 'cz': 99, 'rz': 54, 'rx': 42, 'rzz': 1}",6,6,0,C:\Users\szymo\QuditsOnQubits\QuditsOnQubits\basis_direct_encoding_benchmarks\quantum_circuits\ame43\monomial_old_codespace__P210_ph121,C:\Users\szymo\QuditsOnQubits\QuditsOnQubits\basis_direct_encoding_benchmarks\quantum_circuits\ame43\monomial_old_codespace__P210_ph121\F3_W.qpy,C:\Users\szymo\QuditsOnQubits\QuditsOnQubits\basis_direct_encoding_benchmarks\quantum_circuits\ame43\monomial_old_codespace__P210_ph121\CZ3_W.qpy,C:\Users\szymo\QuditsOnQubits\QuditsOnQubits\basis_direct_encoding_benchmarks\quantum_circuits\ame43\monomial_old_codespace__P210_ph121\graph_state_direct_basis.qpy
direct_basis_encoding,ame43,ame43,ame43,ame43,4,4,8,P210_ph122,monomial,monomial_old_codespace,P210_ph122,True,100,201,301,202,,,0.329125,True,False,ok,,Converted from legacy E_new = E_Z @ W candidate.; Fidelity skipped because transpiled circuit has 128 qubits.,202,232.33,20.36,301,365.0,100,117.33,128,"{'sx': 101, 'cz': 99, 'rz': 59, 'rx': 41, 'rzz': 1}",6,6,0,C:\Users\szymo\QuditsOnQubits\QuditsOnQubits\basis_direct_encoding_benchmarks\quantum_circuits\ame43\monomial_old_codespace__P210_ph122,C:\Users\szymo\QuditsOnQubits\QuditsOnQubits\basis_direct_encoding_benchmarks\quantum_circuits\ame43\monomial_old_codespace__P210_ph122\F3_W.qpy,C:\Users\szymo\QuditsOnQubits\QuditsOnQubits\basis_direct_encoding_benchmarks\quantum_circuits\ame43\monomial_old_codespace__P210_ph122\CZ3_W.qpy,C:\Users\szymo\QuditsOnQubits\QuditsOnQubits\basis_direct_encoding_benchmarks\quantum_circuits\ame43\monomial_old_codespace__P210_ph122\graph_state_direct_basis.qpy
direct_basis_encoding,ame43,ame43,ame43,ame43,4,4,8,P210_ph200,monomial,monomial_old_codespace,P210_ph200,True,100,197,297,200,,,0.321595,True,False,ok,,Converted from legacy E_new = E_Z @ W candidate.; Fidelity skipped because transpiled circuit has 128 qubits.,200,231.83,20.92,297,360.17,100,117.33,128,"{'sx': 101, 'cz': 99, 'rz': 55, 'rx': 41, 'rzz': 1}",6,6,0,C:\Users\szymo\QuditsOnQubits\QuditsOnQubits\basis_direct_encoding_benchmarks\quantum_circuits\ame43\monomial_old_codespace__P210_ph200,C:\Users\szymo\QuditsOnQubits\QuditsOnQubits\basis_direct_encoding_benchmarks\quantum_circuits\ame43\monomial_old_codespace__P210_ph200\F3_W.qpy,C:\Users\szymo\QuditsOnQubits\QuditsOnQubits\basis_direct_encoding_benchmarks\quantum_circuits\ame43\monomial_old_codespace__P210_ph200\CZ3_W.qpy,C:\Users\szymo\QuditsOnQubits\QuditsOnQubits\basis_direct_encoding_benchmarks\quantum_circuits\ame43\monomial_old_codespace__P210_ph200\graph_state_direct_basis.qpy
direct_basis_encoding,ame43,ame43,ame43,ame43,4,4,8,P210_ph201,monomial,monomial_old_codespace,P210_ph201,True,100,201,301,202,,,0.323137,True,False,ok,,Converted from legacy E_new = E_Z @ W candidate.; Fidelity skipped because transpiled circuit has 128 qubits.,202,232.17,20.37,301,364.83,100,117.33,128,"{'sx': 101, 'cz': 99, 'rz': 59, 'rx': 41, 'rzz': 1}",6,6,0,C:\Users\szymo\QuditsOnQubits\QuditsOnQubits\basis_direct_encoding_benchmarks\quantum_circuits\ame43\monomial_old_codespace__P210_ph201,C:\Users\szymo\QuditsOnQubits\QuditsOnQubits\basis_direct_encoding_benchmarks\quantum_circuits\ame43\monomial_old_codespace__P210_ph201\F3_W.qpy,C:\Users\szymo\QuditsOnQubits\QuditsOnQubits\basis_direct_encoding_benchmarks\quantum_circuits\ame43\monomial_old_codespace__P210_ph201\CZ3_W.qpy,C:\Users\szymo\QuditsOnQubits\QuditsOnQubits\basis_direct_encoding_benchmarks\quantum_circuits\ame43\monomial_old_codespace__P210_ph201\graph_state_direct_basis.qpy
direct_basis_encoding,ame43,ame43,ame43,ame43,4,4,8,P210_ph202,monomial,monomial_old_codespace,P210_ph202,True,100,201,301,203,,,0.390801,True,False,ok,,Converted from legacy E_new = E_Z @ W candidate.; Fidelity skipped because transpiled circuit has 128 qubits.,203,233.0,20.25,301,365.5,100,117.33,128,"{'sx': 101, 'cz': 99, 'rz': 59, 'rx': 41, 'rzz': 1}",6,6,0,C:\Users\szymo\QuditsOnQubits\QuditsOnQubits\basis_direct_encoding_benchmarks\quantum_circuits\ame43\monomial_old_codespace__P210_ph202,C:\Users\szymo\QuditsOnQubits\QuditsOnQubits\basis_direct_encoding_benchmarks\quantum_circuits\ame43\monomial_old_codespace__P210_ph202\F3_W.qpy,C:\Users\szymo\QuditsOnQubits\QuditsOnQubits\basis_direct_encoding_benchmarks\quantum_circuits\ame43\monomial_old_codespace__P210_ph202\CZ3_W.qpy,C:\Users\szymo\QuditsOnQubits\QuditsOnQubits\basis_direct_encoding_benchmarks\quantum_circuits\ame43\monomial_old_codespace__P210_ph202\graph_state_direct_basis.qpy
direct_basis_encoding,ame43,ame43,ame43,ame43,4,4,8,P210_ph210,monomial,monomial_old_codespace,P210_ph210,True,100,202,302,203,,,0.382792,True,False,ok,,Converted from legacy E_new = E_Z @ W candidate.; Fidelity skipped because transpiled circuit has 128 qubits.,203,233.17,20.24,302,366.67,100,117.33,128,"{'sx': 101, 'cz': 99, 'rz': 60, 'rx': 41, 'rzz': 1}",6,6,0,C:\Users\szymo\QuditsOnQubits\QuditsOnQubits\basis_direct_encoding_benchmarks\quantum_circuits\ame43\monomial_old_codespace__P210_ph210,C:\Users\szymo\QuditsOnQubits\QuditsOnQubits\basis_direct_encoding_benchmarks\quantum_circuits\ame43\monomial_old_codespace__P210_ph210\F3_W.qpy,C:\Users\szymo\QuditsOnQubits\QuditsOnQubits\basis_direct_encoding_benchmarks\quantum_circuits\ame43\monomial_old_codespace__P210_ph210\CZ3_W.qpy,C:\Users\szymo\QuditsOnQubits\QuditsOnQubits\basis_direct_encoding_benchmarks\quantum_circuits\ame43\monomial_old_codespace__P210_ph210\graph_state_direct_basis.qpy
direct_basis_encoding,ame43,ame43,ame43,ame43,4,4,8,P210_ph211,monomial,monomial_old_codespace,P210_ph211,True,100,201,301,202,,,0.470376,True,False,ok,,Converted from legacy E_new = E_Z @ W candidate.; Fidelity skipped because transpiled circuit has 128 qubits.,202,232.33,20.36,301,365.17,100,117.33,128,"{'sx': 101, 'cz': 99, 'rz': 59, 'rx': 41, 'rzz': 1}",6,6,0,C:\Users\szymo\QuditsOnQubits\QuditsOnQubits\basis_direct_encoding_benchmarks\quantum_circuits\ame43\monomial_old_codespace__P210_ph211,C:\Users\szymo\QuditsOnQubits\QuditsOnQubits\basis_direct_encoding_benchmarks\quantum_circuits\ame43\monomial_old_codespace__P210_ph211\F3_W.qpy,C:\Users\szymo\QuditsOnQubits\QuditsOnQubits\basis_direct_encoding_benchmarks\quantum_circuits\ame43\monomial_old_codespace__P210_ph211\CZ3_W.qpy,C:\Users\szymo\QuditsOnQubits\QuditsOnQubits\basis_direct_encoding_benchmarks\quantum_circuits\ame43\monomial_old_codespace__P210_ph211\graph_state_direct_basis.qpy
direct_basis_encoding,ame43,ame43,ame43,ame43,4,4,8,P210_ph212,monomial,monomial_old_codespace,P210_ph212,True,100,197,297,200,,,0.361705,True,False,ok,,Converted from legacy E_new = E_Z @ W candidate.; Fidelity skipped because transpiled circuit has 128 qubits.,200,231.67,20.92,297,359.5,100,117.33,128,"{'sx': 101, 'cz': 99, 'rz': 54, 'rx': 42, 'rzz': 1}",6,6,0,C:\Users\szymo\QuditsOnQubits\QuditsOnQubits\basis_direct_encoding_benchmarks\quantum_circuits\ame43\monomial_old_codespace__P210_ph212,C:\Users\szymo\QuditsOnQubits\QuditsOnQubits\basis_direct_encoding_benchmarks\quantum_circuits\ame43\monomial_old_codespace__P210_ph212\F3_W.qpy,C:\Users\szymo\QuditsOnQubits\QuditsOnQubits\basis_direct_encoding_benchmarks\quantum_circuits\ame43\monomial_old_codespace__P210_ph212\CZ3_W.qpy,C:\Users\szymo\QuditsOnQubits\QuditsOnQubits\basis_direct_encoding_benchmarks\quantum_circuits\ame43\monomial_old_codespace__P210_ph212\graph_state_direct_basis.qpy
direct_basis_encoding,ame43,ame43,ame43,ame43,4,4,8,P210_ph220,monomial,monomial_old_codespace,P210_ph220,True,100,199,299,200,,,0.333777,True,False,ok,,Converted from legacy E_new = E_Z @ W candidate.; Fidelity skipped because transpiled circuit has 128 qubits.,200,232.0,20.75,299,365.17,100,117.33,128,"{'sx': 101, 'cz': 99, 'rz': 57, 'rx': 41, 'rzz': 1}",6,6,0,C:\Users\szymo\QuditsOnQubits\QuditsOnQubits\basis_direct_encoding_benchmarks\quantum_circuits\ame43\monomial_old_codespace__P210_ph220,C:\Users\szymo\QuditsOnQubits\QuditsOnQubits\basis_direct_encoding_benchmarks\quantum_circuits\ame43\monomial_old_codespace__P210_ph220\F3_W.qpy,C:\Users\szymo\QuditsOnQubits\QuditsOnQubits\basis_direct_encoding_benchmarks\quantum_circuits\ame43\monomial_old_codespace__P210_ph220\CZ3_W.qpy,C:\Users\szymo\QuditsOnQubits\QuditsOnQubits\basis_direct_encoding_benchmarks\quantum_circuits\ame43\monomial_old_codespace__P210_ph220\graph_state_direct_basis.qpy
direct_basis_encoding,ame43,ame43,ame43,ame43,4,4,8,P210_ph221,monomial,monomial_old_codespace,P210_ph221,True,100,196,296,199,,,0.325108,True,False,ok,,Converted from legacy E_new = E_Z @ W candidate.; Fidelity skipped because transpiled circuit has 128 qubits.,199,231.0,21.04,296,358.67,100,117.33,128,"{'sx': 101, 'cz': 99, 'rz': 54, 'rx': 41, 'rzz': 1}",6,6,0,C:\Users\szymo\QuditsOnQubits\QuditsOnQubits\basis_direct_encoding_benchmarks\quantum_circuits\ame43\monomial_old_codespace__P210_ph221,C:\Users\szymo\QuditsOnQubits\QuditsOnQubits\basis_direct_encoding_benchmarks\quantum_circuits\ame43\monomial_old_codespace__P210_ph221\F3_W.qpy,C:\Users\szymo\QuditsOnQubits\QuditsOnQubits\basis_direct_encoding_benchmarks\quantum_circuits\ame43\monomial_old_codespace__P210_ph221\CZ3_W.qpy,C:\Users\szymo\QuditsOnQubits\QuditsOnQubits\basis_direct_encoding_benchmarks\quantum_circuits\ame43\monomial_old_codespace__P210_ph221\graph_state_direct_basis.qpy
direct_basis_encoding,ame43,ame43,ame43,ame43,4,4,8,P210_ph222,monomial,monomial_old_codespace,P210_ph222,True,100,199,299,200,,,0.345698,True,False,ok,,Converted from legacy E_new = E_Z @ W candidate.; Fidelity skipped because transpiled circuit has 128 qubits.,200,232.0,20.75,299,365.0,100,117.33,128,"{'sx': 101, 'cz': 99, 'rz': 56, 'rx': 42, 'rzz': 1}",6,6,0,C:\Users\szymo\QuditsOnQubits\QuditsOnQubits\basis_direct_encoding_benchmarks\quantum_circuits\ame43\monomial_old_codespace__P210_ph222,C:\Users\szymo\QuditsOnQubits\QuditsOnQubits\basis_direct_encoding_benchmarks\quantum_circuits\ame43\monomial_old_codespace__P210_ph222\F3_W.qpy,C:\Users\szymo\QuditsOnQubits\QuditsOnQubits\basis_direct_encoding_benchmarks\quantum_circuits\ame43\monomial_old_codespace__P210_ph222\CZ3_W.qpy,C:\Users\szymo\QuditsOnQubits\QuditsOnQubits\basis_direct_encoding_benchmarks\quantum_circuits\ame43\monomial_old_codespace__P210_ph222\graph_state_direct_basis.qpy
direct_basis_encoding,ame43,ame43,ame43,ame43,4,4,8,D000_F3_D000,fourier_like,fourier_like,D000_F3_D000,True,1161,3197,4358,2720,,,2.078367,True,False,ok,,Converted from legacy E_new = E_Z @ W candidate.; Fidelity skipped because transpiled circuit has 128 qubits.,2720,2737.83,26.18,4358,4368.67,1161,1167.17,128,"{'sx': 1216, 'rz': 1071, 'cz': 952, 'rx': 910, 'rzz': 209}",6,6,0,C:\Users\szymo\QuditsOnQubits\QuditsOnQubits\basis_direct_encoding_benchmarks\quantum_circuits\ame43\fourier_like__D000_F3_D000,C:\Users\szymo\QuditsOnQubits\QuditsOnQubits\basis_direct_encoding_benchmarks\quantum_circuits\ame43\fourier_like__D000_F3_D000\F3_W.qpy,C:\Users\szymo\QuditsOnQubits\QuditsOnQubits\basis_direct_encoding_benchmarks\quantum_circuits\ame43\fourier_like__D000_F3_D000\CZ3_W.qpy,C:\Users\szymo\QuditsOnQubits\QuditsOnQubits\basis_direct_encoding_benchmarks\quantum_circuits\ame43\fourier_like__D000_F3_D000\graph_state_direct_basis.qpy
direct_basis_encoding,ame43,ame43,ame43,ame43,4,4,8,D000_F3_D001,fourier_like,fourier_like,D000_F3_D001,True,1167,3215,4382,2724,,,2.113713,True,False,ok,,Converted from legacy E_new = E_Z @ W candidate.; Fidelity skipped because transpiled circuit has 128 qubits.,2724,2742.33,25.78,4382,4398.83,1167,1174.5,128,"{'sx': 1221, 'rz': 1083, 'cz': 956, 'rx': 911, 'rzz': 211}",6,6,0,C:\Users\szymo\QuditsOnQubits\QuditsOnQubits\basis_direct_encoding_benchmarks\quantum_circuits\ame43\fourier_like__D000_F3_D001,C:\Users\szymo\QuditsOnQubits\QuditsOnQubits\basis_direct_encoding_benchmarks\quantum_circuits\ame43\fourier_like__D000_F3_D001\F3_W.qpy,C:\Users\szymo\QuditsOnQubits\QuditsOnQubits\basis_direct_encoding_benchmarks\quantum_circuits\ame43\fourier_like__D000_F3_D001\CZ3_W.qpy,C:\Users\szymo\QuditsOnQubits\QuditsOnQubits\basis_direct_encoding_benchmarks\quantum_circuits\ame43\fourier_like__D000_F3_D001\graph_state_direct_basis.qpy
direct_basis_encoding,ame43,ame43,ame43,ame43,4,4,8,D000_F3_D010,fourier_like,fourier_like,D000_F3_D010,True,1167,3219,4386,2727,,,1.96914,True,False,ok,,Converted from legacy E_new = E_Z @ W candidate.; Fidelity skipped because transpiled circuit has 128 qubits.,2727,2745.5,25.74,4386,4402.5,1167,1174.5,128,"{'sx': 1221, 'rz': 1083, 'cz': 956, 'rx': 915, 'rzz': 211}",6,6,0,C:\Users\szymo\QuditsOnQubits\QuditsOnQubits\basis_direct_encoding_benchmarks\quantum_circuits\ame43\fourier_like__D000_F3_D010,C:\Users\szymo\QuditsOnQubits\QuditsOnQubits\basis_direct_encoding_benchmarks\quantum_circuits\ame43\fourier_like__D000_F3_D010\F3_W.qpy,C:\Users\szymo\QuditsOnQubits\QuditsOnQubits\basis_direct_encoding_benchmarks\quantum_circuits\ame43\fourier_like__D000_F3_D010\CZ3_W.qpy,C:\Users\szymo\QuditsOnQubits\QuditsOnQubits\basis_direct_encoding_benchmarks\quantum_circuits\ame43\fourier_like__D000_F3_D010\graph_state_direct_basis.qpy
direct_basis_encoding,ame43,ame43,ame43,ame43,4,4,8,D000_F3_D011,fourier_like,fourier_like,D000_F3_D011,True,1167,3214,4381,2723,,,1.89253,True,False,ok,,Converted from legacy E_new = E_Z @ W candidate.; Fidelity skipped because transpiled circuit has 128 qubits.,2723,2740.0,25.26,4381,4397.0,1167,1174.5,128,"{'sx': 1221, 'rz': 1083, 'cz': 956, 'rx': 910, 'rzz': 211}",6,6,0,C:\Users\szymo\QuditsOnQubits\QuditsOnQubits\basis_direct_encoding_benchmarks\quantum_circuits\ame43\fourier_like__D000_F3_D011,C:\Users\szymo\QuditsOnQubits\QuditsOnQubits\basis_direct_encoding_benchmarks\quantum_circuits\ame43\fourier_like__D000_F3_D011\F3_W.qpy,C:\Users\szymo\QuditsOnQubits\QuditsOnQubits\basis_direct_encoding_benchmarks\quantum_circuits\ame43\fourier_like__D000_F3_D011\CZ3_W.qpy,C:\Users\szymo\QuditsOnQubits\QuditsOnQubits\basis_direct_encoding_benchmarks\quantum_circuits\ame43\fourier_like__D000_F3_D011\graph_state_direct_basis.qpy
direct_basis_encoding,ame43,ame43,ame43,ame43,4,4,8,D000_F3_D100,fourier_like,fourier_like,D000_F3_D100,True,1167,3214,4381,2723,,,1.645563,True,False,ok,,Converted from legacy E_new = E_Z @ W candidate.; Fidelity skipped because transpiled circuit has 128 qubits.,2723,2740.5,25.06,4381,4397.33,1167,1174.5,128,"{'sx': 1221, 'rz': 1083, 'cz': 956, 'rx': 910, 'rzz': 211}",6,6,0,C:\Users\szymo\QuditsOnQubits\QuditsOnQubits\basis_direct_encoding_benchmarks\quantum_circuits\ame43\fourier_like__D000_F3_D100,C:\Users\szymo\QuditsOnQubits\QuditsOnQubits\basis_direct_encoding_benchmarks\quantum_circuits\ame43\fourier_like__D000_F3_D100\F3_W.qpy,C:\Users\szymo\QuditsOnQubits\QuditsOnQubits\basis_direct_encoding_benchmarks\quantum_circuits\ame43\fourier_like__D000_F3_D100\CZ3_W.qpy,C:\Users\szymo\QuditsOnQubits\QuditsOnQubits\basis_direct_encoding_benchmarks\quantum_circuits\ame43\fourier_like__D000_F3_D100\graph_state_direct_basis.qpy
direct_basis_encoding,ame43,ame43,ame43,ame43,4,4,8,D000_F3_D101,fourier_like,fourier_like,D000_F3_D101,True,1167,3214,4381,2723,,,1.702377,True,False,ok,,Converted from legacy E_new = E_Z @ W candidate.; Fidelity skipped because transpiled circuit has 128 qubits.,2723,2740.33,25.58,4381,4397.67,1167,1174.5,128,"{'sx': 1221, 'rz': 1083, 'cz': 956, 'rx': 910, 'rzz': 211}",6,6,0,C:\Users\szymo\QuditsOnQubits\QuditsOnQubits\basis_direct_encoding_benchmarks\quantum_circuits\ame43\fourier_like__D000_F3_D101,C:\Users\szymo\QuditsOnQubits\QuditsOnQubits\basis_direct_encoding_benchmarks\quantum_circuits\ame43\fourier_like__D000_F3_D101\F3_W.qpy,C:\Users\szymo\QuditsOnQubits\QuditsOnQubits\basis_direct_encoding_benchmarks\quantum_circuits\ame43\fourier_like__D000_F3_D101\CZ3_W.qpy,C:\Users\szymo\QuditsOnQubits\QuditsOnQubits\basis_direct_encoding_benchmarks\quantum_circuits\ame43\fourier_like__D000_F3_D101\graph_state_direct_basis.qpy
direct_basis_encoding,ame43,ame43,ame43,ame43,4,4,8,D000_F3_D110,fourier_like,fourier_like,D000_F3_D110,True,1167,3213,4380,2722,,,1.88696,True,False,ok,,Converted from legacy E_new = E_Z @ W candidate.; Fidelity skipped because transpiled circuit has 128 qubits.,2722,2740.5,26.68,4380,4397.83,1167,1174.5,128,"{'sx': 1221, 'rz': 1083, 'cz': 956, 'rx': 909, 'rzz': 211}",6,6,0,C:\Users\szymo\QuditsOnQubits\QuditsOnQubits\basis_direct_encoding_benchmarks\quantum_circuits\ame43\fourier_like__D000_F3_D110,C:\Users\szymo\QuditsOnQubits\QuditsOnQubits\basis_direct_encoding_benchmarks\quantum_circuits\ame43\fourier_like__D000_F3_D110\F3_W.qpy,C:\Users\szymo\QuditsOnQubits\QuditsOnQubits\basis_direct_encoding_benchmarks\quantum_circuits\ame43\fourier_like__D000_F3_D110\CZ3_W.qpy,C:\Users\szymo\QuditsOnQubits\QuditsOnQubits\basis_direct_encoding_benchmarks\quantum_circuits\ame43\fourier_like__D000_F3_D110\graph_state_direct_basis.qpy
direct_basis_encoding,ame43,ame43,ame43,ame43,4,4,8,D000_F3_D111,fourier_like,fourier_like,D000_F3_D111,True,1167,3200,4367,2720,,,1.756018,True,False,ok,,Converted from legacy E_new = E_Z @ W candidate.; Fidelity skipped because transpiled circuit has 128 qubits.,2720,2738.17,25.69,4367,4384.33,1167,1174.5,128,"{'sx': 1221, 'rz': 1073, 'cz': 956, 'rx': 906, 'rzz': 211}",6,6,0,C:\Users\szymo\QuditsOnQubits\QuditsOnQubits\basis_direct_encoding_benchmarks\quantum_circuits\ame43\fourier_like__D000_F3_D111,C:\Users\szymo\QuditsOnQubits\QuditsOnQubits\basis_direct_encoding_benchmarks\quantum_circuits\ame43\fourier_like__D000_F3_D111\F3_W.qpy,C:\Users\szymo\QuditsOnQubits\QuditsOnQubits\basis_direct_encoding_benchmarks\quantum_circuits\ame43\fourier_like__D000_F3_D111\CZ3_W.qpy,C:\Users\szymo\QuditsOnQubits\QuditsOnQubits\basis_direct_encoding_benchmarks\quantum_circuits\ame43\fourier_like__D000_F3_D111\graph_state_direct_basis.qpy
direct_basis_encoding,ame43,ame43,ame43,ame43,4,4,8,D001_F3_D000,fourier_like,fourier_like,D001_F3_D000,True,1161,3194,4355,2717,,,1.733742,True,False,ok,,Converted from legacy E_new = E_Z @ W candidate.; Fidelity skipped because transpiled circuit has 128 qubits.,2717,2735.33,26.44,4355,4366.33,1161,1167.17,128,"{'sx': 1216, 'rz': 1071, 'cz': 952, 'rx': 907, 'rzz': 209}",6,6,0,C:\Users\szymo\QuditsOnQubits\QuditsOnQubits\basis_direct_encoding_benchmarks\quantum_circuits\ame43\fourier_like__D001_F3_D000,C:\Users\szymo\QuditsOnQubits\QuditsOnQubits\basis_direct_encoding_benchmarks\quantum_circuits\ame43\fourier_like__D001_F3_D000\F3_W.qpy,C:\Users\szymo\QuditsOnQubits\QuditsOnQubits\basis_direct_encoding_benchmarks\quantum_circuits\ame43\fourier_like__D001_F3_D000\CZ3_W.qpy,C:\Users\szymo\QuditsOnQubits\QuditsOnQubits\basis_direct_encoding_benchmarks\quantum_circuits\ame43\fourier_like__D001_F3_D000\graph_state_direct_basis.qpy
direct_basis_encoding,ame43,ame43,ame43,ame43,4,4,8,D001_F3_D001,fourier_like,fourier_like,D001_F3_D001,True,1167,3213,4380,2722,,,1.957771,True,False,ok,,Converted from legacy E_new = E_Z @ W candidate.; Fidelity skipped because transpiled circuit has 128 qubits.,2722,2739.33,25.19,4380,4396.33,1167,1174.5,128,"{'sx': 1221, 'rz': 1083, 'cz': 956, 'rx': 909, 'rzz': 211}",6,6,0,C:\Users\szymo\QuditsOnQubits\QuditsOnQubits\basis_direct_encoding_benchmarks\quantum_circuits\ame43\fourier_like__D001_F3_D001,C:\Users\szymo\QuditsOnQubits\QuditsOnQubits\basis_direct_encoding_benchmarks\quantum_circuits\ame43\fourier_like__D001_F3_D001\F3_W.qpy,C:\Users\szymo\QuditsOnQubits\QuditsOnQubits\basis_direct_encoding_benchmarks\quantum_circuits\ame43\fourier_like__D001_F3_D001\CZ3_W.qpy,C:\Users\szymo\QuditsOnQubits\QuditsOnQubits\basis_direct_encoding_benchmarks\quantum_circuits\ame43\fourier_like__D001_F3_D001\graph_state_direct_basis.qpy
direct_basis_encoding,ame43,ame43,ame43,ame43,4,4,8,D001_F3_D010,fourier_like,fourier_like,D001_F3_D010,True,1167,3213,4380,2722,,,1.939502,True,False,ok,,Converted from legacy E_new = E_Z @ W candidate.; Fidelity skipped because transpiled circuit has 128 qubits.,2722,2739.83,24.98,4380,4396.33,1167,1174.5,128,"{'sx': 1221, 'rz': 1083, 'cz': 956, 'rx': 909, 'rzz': 211}",6,6,0,C:\Users\szymo\QuditsOnQubits\QuditsOnQubits\basis_direct_encoding_benchmarks\quantum_circuits\ame43\fourier_like__D001_F3_D010,C:\Users\szymo\QuditsOnQubits\QuditsOnQubits\basis_direct_encoding_benchmarks\quantum_circuits\ame43\fourier_like__D001_F3_D010\F3_W.qpy,C:\Users\szymo\QuditsOnQubits\QuditsOnQubits\basis_direct_encoding_benchmarks\quantum_circuits\ame43\fourier_like__D001_F3_D010\CZ3_W.qpy,C:\Users\szymo\QuditsOnQubits\QuditsOnQubits\basis_direct_encoding_benchmarks\quantum_circuits\ame43\fourier_like__D001_F3_D010\graph_state_direct_basis.qpy
direct_basis_encoding,ame43,ame43,ame43,ame43,4,4,8,D001_F3_D011,fourier_like,fourier_like,D001_F3_D011,True,1167,3212,4379,2722,,,1.704725,True,False,ok,,Converted from legacy E_new = E_Z @ W candidate.; Fidelity skipped because transpiled circuit has 128 qubits.,2722,2739.83,25.54,4379,4396.67,1167,1174.5,128,"{'sx': 1221, 'rz': 1083, 'cz': 956, 'rx': 908, 'rzz': 211}",6,6,0,C:\Users\szymo\QuditsOnQubits\QuditsOnQubits\basis_direct_encoding_benchmarks\quantum_circuits\ame43\fourier_like__D001_F3_D011,C:\Users\szymo\QuditsOnQubits\QuditsOnQubits\basis_direct_encoding_benchmarks\quantum_circuits\ame43\fourier_like__D001_F3_D011\F3_W.qpy,C:\Users\szymo\QuditsOnQubits\QuditsOnQubits\basis_direct_encoding_benchmarks\quantum_circuits\ame43\fourier_like__D001_F3_D011\CZ3_W.qpy,C:\Users\szymo\QuditsOnQubits\QuditsOnQubits\basis_direct_encoding_benchmarks\quantum_circuits\ame43\fourier_like__D001_F3_D011\graph_state_direct_basis.qpy
direct_basis_encoding,ame43,ame43,ame43,ame43,4,4,8,D001_F3_D100,fourier_like,fourier_like,D001_F3_D100,True,1167,3212,4379,2721,,,1.817811,True,False,ok,,Converted from legacy E_new = E_Z @ W candidate.; Fidelity skipped because transpiled circuit has 128 qubits.,2721,2739.67,27.1,4379,4397.0,1167,1174.5,128,"{'sx': 1221, 'rz': 1083, 'cz': 956, 'rx': 908, 'rzz': 211}",6,6,0,C:\Users\szymo\QuditsOnQubits\QuditsOnQubits\basis_direct_encoding_benchmarks\quantum_circuits\ame43\fourier_like__D001_F3_D100,C:\Users\szymo\QuditsOnQubits\QuditsOnQubits\basis_direct_encoding_benchmarks\quantum_circuits\ame43\fourier_like__D001_F3_D100\F3_W.qpy,C:\Users\szymo\QuditsOnQubits\QuditsOnQubits\basis_direct_encoding_benchmarks\quantum_circuits\ame43\fourier_like__D001_F3_D100\CZ3_W.qpy,C:\Users\szymo\QuditsOnQubits\QuditsOnQubits\basis_direct_encoding_benchmarks\quantum_circuits\ame43\fourier_like__D001_F3_D100\graph_state_direct_basis.qpy
direct_basis_encoding,ame43,ame43,ame43,ame43,4,4,8,D001_F3_D101,fourier_like,fourier_like,D001_F3_D101,True,1167,3214,4381,2724,,,1.682605,True,False,ok,,Converted from legacy E_new = E_Z @ W candidate.; Fidelity skipped because transpiled circuit has 128 qubits.,2724,2741.33,25.58,4381,4398.17,1167,1174.5,128,"{'sx': 1221, 'rz': 1083, 'cz': 956, 'rx': 910, 'rzz': 211}",6,6,0,C:\Users\szymo\QuditsOnQubits\QuditsOnQubits\basis_direct_encoding_benchmarks\quantum_circuits\ame43\fourier_like__D001_F3_D101,C:\Users\szymo\QuditsOnQubits\QuditsOnQubits\basis_direct_encoding_benchmarks\quantum_circuits\ame43\fourier_like__D001_F3_D101\F3_W.qpy,C:\Users\szymo\QuditsOnQubits\QuditsOnQubits\basis_direct_encoding_benchmarks\quantum_circuits\ame43\fourier_like__D001_F3_D101\CZ3_W.qpy,C:\Users\szymo\QuditsOnQubits\QuditsOnQubits\basis_direct_encoding_benchmarks\quantum_circuits\ame43\fourier_like__D001_F3_D101\graph_state_direct_basis.qpy
direct_basis_encoding,ame43,ame43,ame43,ame43,4,4,8,D001_F3_D110,fourier_like,fourier_like,D001_F3_D110,True,1167,3214,4381,2722,,,1.765367,True,False,ok,,Converted from legacy E_new = E_Z @ W candidate.; Fidelity skipped because transpiled circuit has 128 qubits.,2722,2740.5,26.13,4381,4397.83,1167,1174.5,128,"{'sx': 1221, 'rz': 1083, 'cz': 956, 'rx': 910, 'rzz': 211}",6,6,0,C:\Users\szymo\QuditsOnQubits\QuditsOnQubits\basis_direct_encoding_benchmarks\quantum_circuits\ame43\fourier_like__D001_F3_D110,C:\Users\szymo\QuditsOnQubits\QuditsOnQubits\basis_direct_encoding_benchmarks\quantum_circuits\ame43\fourier_like__D001_F3_D110\F3_W.qpy,C:\Users\szymo\QuditsOnQubits\QuditsOnQubits\basis_direct_encoding_benchmarks\quantum_circuits\ame43\fourier_like__D001_F3_D110\CZ3_W.qpy,C:\Users\szymo\QuditsOnQubits\QuditsOnQubits\basis_direct_encoding_benchmarks\quantum_circuits\ame43\fourier_like__D001_F3_D110\graph_state_direct_basis.qpy
direct_basis_encoding,ame43,ame43,ame43,ame43,4,4,8,D001_F3_D111,fourier_like,fourier_like,D001_F3_D111,True,1167,3201,4368,2721,,,2.017733,True,False,ok,,Converted from legacy E_new = E_Z @ W candidate.; Fidelity skipped because transpiled circuit has 128 qubits.,2721,2739.17,26.09,4368,4385.33,1167,1174.5,128,"{'sx': 1221, 'rz': 1073, 'cz': 956, 'rx': 907, 'rzz': 211}",6,6,0,C:\Users\szymo\QuditsOnQubits\QuditsOnQubits\basis_direct_encoding_benchmarks\quantum_circuits\ame43\fourier_like__D001_F3_D111,C:\Users\szymo\QuditsOnQubits\QuditsOnQubits\basis_direct_encoding_benchmarks\quantum_circuits\ame43\fourier_like__D001_F3_D111\F3_W.qpy,C:\Users\szymo\QuditsOnQubits\QuditsOnQubits\basis_direct_encoding_benchmarks\quantum_circuits\ame43\fourier_like__D001_F3_D111\CZ3_W.qpy,C:\Users\szymo\QuditsOnQubits\QuditsOnQubits\basis_direct_encoding_benchmarks\quantum_circuits\ame43\fourier_like__D001_F3_D111\graph_state_direct_basis.qpy
direct_basis_encoding,ame43,ame43,ame43,ame43,4,4,8,D010_F3_D000,fourier_like,fourier_like,D010_F3_D000,True,1161,3189,4350,2713,,,1.644219,True,False,ok,,Converted from legacy E_new = E_Z @ W candidate.; Fidelity skipped because transpiled circuit has 128 qubits.,2713,2731.5,27.8,4350,4362.5,1161,1167.17,128,"{'sx': 1216, 'rz': 1071, 'cz': 952, 'rx': 902, 'rzz': 209}",6,6,0,C:\Users\szymo\QuditsOnQubits\QuditsOnQubits\basis_direct_encoding_benchmarks\quantum_circuits\ame43\fourier_like__D010_F3_D000,C:\Users\szymo\QuditsOnQubits\QuditsOnQubits\basis_direct_encoding_benchmarks\quantum_circuits\ame43\fourier_like__D010_F3_D000\F3_W.qpy,C:\Users\szymo\QuditsOnQubits\QuditsOnQubits\basis_direct_encoding_benchmarks\quantum_circuits\ame43\fourier_like__D010_F3_D000\CZ3_W.qpy,C:\Users\szymo\QuditsOnQubits\QuditsOnQubits\basis_direct_encoding_benchmarks\quantum_circuits\ame43\fourier_like__D010_F3_D000\graph_state_direct_basis.qpy
direct_basis_encoding,ame43,ame43,ame43,ame43,4,4,8,D010_F3_D001,fourier_like,fourier_like,D010_F3_D001,True,1167,3213,4380,2722,,,1.650621,True,False,ok,,Converted from legacy E_new = E_Z @ W candidate.; Fidelity skipped because transpiled circuit has 128 qubits.,2722,2739.33,25.19,4380,4396.33,1167,1174.5,128,"{'sx': 1221, 'rz': 1083, 'cz': 956, 'rx': 909, 'rzz': 211}",6,6,0,C:\Users\szymo\QuditsOnQubits\QuditsOnQubits\basis_direct_encoding_benchmarks\quantum_circuits\ame43\fourier_like__D010_F3_D001,C:\Users\szymo\QuditsOnQubits\QuditsOnQubits\basis_direct_encoding_benchmarks\quantum_circuits\ame43\fourier_like__D010_F3_D001\F3_W.qpy,C:\Users\szymo\QuditsOnQubits\QuditsOnQubits\basis_direct_encoding_benchmarks\quantum_circuits\ame43\fourier_like__D010_F3_D001\CZ3_W.qpy,C:\Users\szymo\QuditsOnQubits\QuditsOnQubits\basis_direct_encoding_benchmarks\quantum_circuits\ame43\fourier_like__D010_F3_D001\graph_state_direct_basis.qpy
direct_basis_encoding,ame43,ame43,ame43,ame43,4,4,8,D010_F3_D010,fourier_like,fourier_like,D010_F3_D010,True,1167,3212,4379,2722,,,1.904136,True,False,ok,,Converted from legacy E_new = E_Z @ W candidate.; Fidelity skipped because transpiled circuit has 128 qubits.,2722,2739.33,25.19,4379,4396.17,1167,1174.5,128,"{'sx': 1221, 'rz': 1083, 'cz': 956, 'rx': 908, 'rzz': 211}",6,6,0,C:\Users\szymo\QuditsOnQubits\QuditsOnQubits\basis_direct_encoding_benchmarks\quantum_circuits\ame43\fourier_like__D010_F3_D010,C:\Users\szymo\QuditsOnQubits\QuditsOnQubits\basis_direct_encoding_benchmarks\quantum_circuits\ame43\fourier_like__D010_F3_D010\F3_W.qpy,C:\Users\szymo\QuditsOnQubits\QuditsOnQubits\basis_direct_encoding_benchmarks\quantum_circuits\ame43\fourier_like__D010_F3_D010\CZ3_W.qpy,C:\Users\szymo\QuditsOnQubits\QuditsOnQubits\basis_direct_encoding_benchmarks\quantum_circuits\ame43\fourier_like__D010_F3_D010\graph_state_direct_basis.qpy
direct_basis_encoding,ame43,ame43,ame43,ame43,4,4,8,D010_F3_D011,fourier_like,fourier_like,D010_F3_D011,True,1167,3212,4379,2722,,,1.789812,True,False,ok,,Converted from legacy E_new = E_Z @ W candidate.; Fidelity skipped because transpiled circuit has 128 qubits.,2722,2739.83,25.59,4379,4396.67,1167,1174.5,128,"{'sx': 1221, 'rz': 1083, 'cz': 956, 'rx': 908, 'rzz': 211}",6,6,0,C:\Users\szymo\QuditsOnQubits\QuditsOnQubits\basis_direct_encoding_benchmarks\quantum_circuits\ame43\fourier_like__D010_F3_D011,C:\Users\szymo\QuditsOnQubits\QuditsOnQubits\basis_direct_encoding_benchmarks\quantum_circuits\ame43\fourier_like__D010_F3_D011\F3_W.qpy,C:\Users\szymo\QuditsOnQubits\QuditsOnQubits\basis_direct_encoding_benchmarks\quantum_circuits\ame43\fourier_like__D010_F3_D011\CZ3_W.qpy,C:\Users\szymo\QuditsOnQubits\QuditsOnQubits\basis_direct_encoding_benchmarks\quantum_circuits\ame43\fourier_like__D010_F3_D011\graph_state_direct_basis.qpy
direct_basis_encoding,ame43,ame43,ame43,ame43,4,4,8,D010_F3_D100,fourier_like,fourier_like,D010_F3_D100,True,1167,3215,4382,2723,,,1.696272,True,False,ok,,Converted from legacy E_new = E_Z @ W candidate.; Fidelity skipped because transpiled circuit has 128 qubits.,2723,2741.5,25.36,4382,4398.83,1167,1174.5,128,"{'sx': 1221, 'rz': 1083, 'cz': 956, 'rx': 911, 'rzz': 211}",6,6,0,C:\Users\szymo\QuditsOnQubits\QuditsOnQubits\basis_direct_encoding_benchmarks\quantum_circuits\ame43\fourier_like__D010_F3_D100,C:\Users\szymo\QuditsOnQubits\QuditsOnQubits\basis_direct_encoding_benchmarks\quantum_circuits\ame43\fourier_like__D010_F3_D100\F3_W.qpy,C:\Users\szymo\QuditsOnQubits\QuditsOnQubits\basis_direct_encoding_benchmarks\quantum_circuits\ame43\fourier_like__D010_F3_D100\CZ3_W.qpy,C:\Users\szymo\QuditsOnQubits\QuditsOnQubits\basis_direct_encoding_benchmarks\quantum_circuits\ame43\fourier_like__D010_F3_D100\graph_state_direct_basis.qpy
direct_basis_encoding,ame43,ame43,ame43,ame43,4,4,8,D010_F3_D101,fourier_like,fourier_like,D010_F3_D101,True,1167,3214,4381,2722,,,2.087656,True,False,ok,,Converted from legacy E_new = E_Z @ W candidate.; Fidelity skipped because transpiled circuit has 128 qubits.,2722,2741.0,26.16,4381,4398.0,1167,1174.5,128,"{'sx': 1221, 'rz': 1083, 'cz': 956, 'rx': 910, 'rzz': 211}",6,6,0,C:\Users\szymo\QuditsOnQubits\QuditsOnQubits\basis_direct_encoding_benchmarks\quantum_circuits\ame43\fourier_like__D010_F3_D101,C:\Users\szymo\QuditsOnQubits\QuditsOnQubits\basis_direct_encoding_benchmarks\quantum_circuits\ame43\fourier_like__D010_F3_D101\F3_W.qpy,C:\Users\szymo\QuditsOnQubits\QuditsOnQubits\basis_direct_encoding_benchmarks\quantum_circuits\ame43\fourier_like__D010_F3_D101\CZ3_W.qpy,C:\Users\szymo\QuditsOnQubits\QuditsOnQubits\basis_direct_encoding_benchmarks\quantum_circuits\ame43\fourier_like__D010_F3_D101\graph_state_direct_basis.qpy
direct_basis_encoding,ame43,ame43,ame43,ame43,4,4,8,D010_F3_D110,fourier_like,fourier_like,D010_F3_D110,True,1167,3213,4380,2722,,,1.954073,True,False,ok,,Converted from legacy E_new = E_Z @ W candidate.; Fidelity skipped because transpiled circuit has 128 qubits.,2722,2739.33,25.19,4380,4396.67,1167,1174.5,128,"{'sx': 1221, 'rz': 1083, 'cz': 956, 'rx': 909, 'rzz': 211}",6,6,0,C:\Users\szymo\QuditsOnQubits\QuditsOnQubits\basis_direct_encoding_benchmarks\quantum_circuits\ame43\fourier_like__D010_F3_D110,C:\Users\szymo\QuditsOnQubits\QuditsOnQubits\basis_direct_encoding_benchmarks\quantum_circuits\ame43\fourier_like__D010_F3_D110\F3_W.qpy,C:\Users\szymo\QuditsOnQubits\QuditsOnQubits\basis_direct_encoding_benchmarks\quantum_circuits\ame43\fourier_like__D010_F3_D110\CZ3_W.qpy,C:\Users\szymo\QuditsOnQubits\QuditsOnQubits\basis_direct_encoding_benchmarks\quantum_circuits\ame43\fourier_like__D010_F3_D110\graph_state_direct_basis.qpy
direct_basis_encoding,ame43,ame43,ame43,ame43,4,4,8,D010_F3_D111,fourier_like,fourier_like,D010_F3_D111,True,1167,3200,4367,2720,,,1.918788,True,False,ok,,Converted from legacy E_new = E_Z @ W candidate.; Fidelity skipped because transpiled circuit has 128 qubits.,2720,2738.17,25.69,4367,4384.67,1167,1174.5,128,"{'sx': 1221, 'rz': 1073, 'cz': 956, 'rx': 906, 'rzz': 211}",6,6,0,C:\Users\szymo\QuditsOnQubits\QuditsOnQubits\basis_direct_encoding_benchmarks\quantum_circuits\ame43\fourier_like__D010_F3_D111,C:\Users\szymo\QuditsOnQubits\QuditsOnQubits\basis_direct_encoding_benchmarks\quantum_circuits\ame43\fourier_like__D010_F3_D111\F3_W.qpy,C:\Users\szymo\QuditsOnQubits\QuditsOnQubits\basis_direct_encoding_benchmarks\quantum_circuits\ame43\fourier_like__D010_F3_D111\CZ3_W.qpy,C:\Users\szymo\QuditsOnQubits\QuditsOnQubits\basis_direct_encoding_benchmarks\quantum_circuits\ame43\fourier_like__D010_F3_D111\graph_state_direct_basis.qpy
direct_basis_encoding,ame43,ame43,ame43,ame43,4,4,8,D011_F3_D000,fourier_like,fourier_like,D011_F3_D000,True,1161,3190,4351,2713,,,1.789547,True,False,ok,,Converted from legacy E_new = E_Z @ W candidate.; Fidelity skipped because transpiled circuit has 128 qubits.,2713,2731.5,26.94,4351,4362.33,1161,1167.17,128,"{'sx': 1216, 'rz': 1071, 'cz': 952, 'rx': 903, 'rzz': 209}",6,6,0,C:\Users\szymo\QuditsOnQubits\QuditsOnQubits\basis_direct_encoding_benchmarks\quantum_circuits\ame43\fourier_like__D011_F3_D000,C:\Users\szymo\QuditsOnQubits\QuditsOnQubits\basis_direct_encoding_benchmarks\quantum_circuits\ame43\fourier_like__D011_F3_D000\F3_W.qpy,C:\Users\szymo\QuditsOnQubits\QuditsOnQubits\basis_direct_encoding_benchmarks\quantum_circuits\ame43\fourier_like__D011_F3_D000\CZ3_W.qpy,C:\Users\szymo\QuditsOnQubits\QuditsOnQubits\basis_direct_encoding_benchmarks\quantum_circuits\ame43\fourier_like__D011_F3_D000\graph_state_direct_basis.qpy
direct_basis_encoding,ame43,ame43,ame43,ame43,4,4,8,D011_F3_D001,fourier_like,fourier_like,D011_F3_D001,True,1167,3209,4376,2722,,,1.692805,True,False,ok,,Converted from legacy E_new = E_Z @ W candidate.; Fidelity skipped because transpiled circuit has 128 qubits.,2722,2739.17,25.22,4376,4392.83,1167,1174.5,128,"{'sx': 1221, 'rz': 1078, 'cz': 956, 'rx': 910, 'rzz': 211}",6,6,0,C:\Users\szymo\QuditsOnQubits\QuditsOnQubits\basis_direct_encoding_benchmarks\quantum_circuits\ame43\fourier_like__D011_F3_D001,C:\Users\szymo\QuditsOnQubits\QuditsOnQubits\basis_direct_encoding_benchmarks\quantum_circuits\ame43\fourier_like__D011_F3_D001\F3_W.qpy,C:\Users\szymo\QuditsOnQubits\QuditsOnQubits\basis_direct_encoding_benchmarks\quantum_circuits\ame43\fourier_like__D011_F3_D001\CZ3_W.qpy,C:\Users\szymo\QuditsOnQubits\QuditsOnQubits\basis_direct_encoding_benchmarks\quantum_circuits\ame43\fourier_like__D011_F3_D001\graph_state_direct_basis.qpy
direct_basis_encoding,ame43,ame43,ame43,ame43,4,4,8,D011_F3_D010,fourier_like,fourier_like,D011_F3_D010,True,1167,3212,4379,2726,,,1.741802,True,False,ok,,Converted from legacy E_new = E_Z @ W candidate.; Fidelity skipped because transpiled circuit has 128 qubits.,2726,2743.67,25.95,4379,4396.5,1167,1174.5,128,"{'sx': 1221, 'rz': 1078, 'cz': 956, 'rx': 913, 'rzz': 211}",6,6,0,C:\Users\szymo\QuditsOnQubits\QuditsOnQubits\basis_direct_encoding_benchmarks\quantum_circuits\ame43\fourier_like__D011_F3_D010,C:\Users\szymo\QuditsOnQubits\QuditsOnQubits\basis_direct_encoding_benchmarks\quantum_circuits\ame43\fourier_like__D011_F3_D010\F3_W.qpy,C:\Users\szymo\QuditsOnQubits\QuditsOnQubits\basis_direct_encoding_benchmarks\quantum_circuits\ame43\fourier_like__D011_F3_D010\CZ3_W.qpy,C:\Users\szymo\QuditsOnQubits\QuditsOnQubits\basis_direct_encoding_benchmarks\quantum_circuits\ame43\fourier_like__D011_F3_D010\graph_state_direct_basis.qpy
direct_basis_encoding,ame43,ame43,ame43,ame43,4,4,8,D011_F3_D011,fourier_like,fourier_like,D011_F3_D011,True,1167,3211,4378,2724,,,1.810116,True,False,ok,,Converted from legacy E_new = E_Z @ W candidate.; Fidelity skipped because transpiled circuit has 128 qubits.,2724,2742.17,25.91,4378,4395.5,1167,1174.5,128,"{'sx': 1221, 'rz': 1078, 'cz': 956, 'rx': 912, 'rzz': 211}",6,6,0,C:\Users\szymo\QuditsOnQubits\QuditsOnQubits\basis_direct_encoding_benchmarks\quantum_circuits\ame43\fourier_like__D011_F3_D011,C:\Users\szymo\QuditsOnQubits\QuditsOnQubits\basis_direct_encoding_benchmarks\quantum_circuits\ame43\fourier_like__D011_F3_D011\F3_W.qpy,C:\Users\szymo\QuditsOnQubits\QuditsOnQubits\basis_direct_encoding_benchmarks\quantum_circuits\ame43\fourier_like__D011_F3_D011\CZ3_W.qpy,C:\Users\szymo\QuditsOnQubits\QuditsOnQubits\basis_direct_encoding_benchmarks\quantum_circuits\ame43\fourier_like__D011_F3_D011\graph_state_direct_basis.qpy
direct_basis_encoding,ame43,ame43,ame43,ame43,4,4,8,D011_F3_D100,fourier_like,fourier_like,D011_F3_D100,True,1167,3210,4377,2724,,,1.689197,True,False,ok,,Converted from legacy E_new = E_Z @ W candidate.; Fidelity skipped because transpiled circuit has 128 qubits.,2724,2740.5,24.48,4377,4393.33,1167,1174.5,128,"{'sx': 1221, 'rz': 1078, 'cz': 956, 'rx': 911, 'rzz': 211}",6,6,0,C:\Users\szymo\QuditsOnQubits\QuditsOnQubits\basis_direct_encoding_benchmarks\quantum_circuits\ame43\fourier_like__D011_F3_D100,C:\Users\szymo\QuditsOnQubits\QuditsOnQubits\basis_direct_encoding_benchmarks\quantum_circuits\ame43\fourier_like__D011_F3_D100\F3_W.qpy,C:\Users\szymo\QuditsOnQubits\QuditsOnQubits\basis_direct_encoding_benchmarks\quantum_circuits\ame43\fourier_like__D011_F3_D100\CZ3_W.qpy,C:\Users\szymo\QuditsOnQubits\QuditsOnQubits\basis_direct_encoding_benchmarks\quantum_circuits\ame43\fourier_like__D011_F3_D100\graph_state_direct_basis.qpy
direct_basis_encoding,ame43,ame43,ame43,ame43,4,4,8,D011_F3_D101,fourier_like,fourier_like,D011_F3_D101,True,1167,3210,4377,2722,,,1.685448,True,False,ok,,Converted from legacy E_new = E_Z @ W candidate.; Fidelity skipped because transpiled circuit has 128 qubits.,2722,2739.67,25.02,4377,4393.33,1167,1174.5,128,"{'sx': 1221, 'rz': 1078, 'cz': 956, 'rx': 911, 'rzz': 211}",6,6,0,C:\Users\szymo\QuditsOnQubits\QuditsOnQubits\basis_direct_encoding_benchmarks\quantum_circuits\ame43\fourier_like__D011_F3_D101,C:\Users\szymo\QuditsOnQubits\QuditsOnQubits\basis_direct_encoding_benchmarks\quantum_circuits\ame43\fourier_like__D011_F3_D101\F3_W.qpy,C:\Users\szymo\QuditsOnQubits\QuditsOnQubits\basis_direct_encoding_benchmarks\quantum_circuits\ame43\fourier_like__D011_F3_D101\CZ3_W.qpy,C:\Users\szymo\QuditsOnQubits\QuditsOnQubits\basis_direct_encoding_benchmarks\quantum_circuits\ame43\fourier_like__D011_F3_D101\graph_state_direct_basis.qpy
direct_basis_encoding,ame43,ame43,ame43,ame43,4,4,8,D011_F3_D110,fourier_like,fourier_like,D011_F3_D110,True,1167,3209,4376,2721,,,1.838483,True,False,ok,,Converted from legacy E_new = E_Z @ W candidate.; Fidelity skipped because transpiled circuit has 128 qubits.,2721,2739.0,24.95,4376,4392.67,1167,1174.5,128,"{'sx': 1221, 'rz': 1078, 'cz': 956, 'rx': 910, 'rzz': 211}",6,6,0,C:\Users\szymo\QuditsOnQubits\QuditsOnQubits\basis_direct_encoding_benchmarks\quantum_circuits\ame43\fourier_like__D011_F3_D110,C:\Users\szymo\QuditsOnQubits\QuditsOnQubits\basis_direct_encoding_benchmarks\quantum_circuits\ame43\fourier_like__D011_F3_D110\F3_W.qpy,C:\Users\szymo\QuditsOnQubits\QuditsOnQubits\basis_direct_encoding_benchmarks\quantum_circuits\ame43\fourier_like__D011_F3_D110\CZ3_W.qpy,C:\Users\szymo\QuditsOnQubits\QuditsOnQubits\basis_direct_encoding_benchmarks\quantum_circuits\ame43\fourier_like__D011_F3_D110\graph_state_direct_basis.qpy
direct_basis_encoding,ame43,ame43,ame43,ame43,4,4,8,D011_F3_D111,fourier_like,fourier_like,D011_F3_D111,True,1167,3201,4368,2722,,,1.913129,True,False,ok,,Converted from legacy E_new = E_Z @ W candidate.; Fidelity skipped because transpiled circuit has 128 qubits.,2722,2739.5,25.55,4368,4386.0,1167,1174.5,128,"{'sx': 1221, 'rz': 1073, 'cz': 956, 'rx': 907, 'rzz': 211}",6,6,0,C:\Users\szymo\QuditsOnQubits\QuditsOnQubits\basis_direct_encoding_benchmarks\quantum_circuits\ame43\fourier_like__D011_F3_D111,C:\Users\szymo\QuditsOnQubits\QuditsOnQubits\basis_direct_encoding_benchmarks\quantum_circuits\ame43\fourier_like__D011_F3_D111\F3_W.qpy,C:\Users\szymo\QuditsOnQubits\QuditsOnQubits\basis_direct_encoding_benchmarks\quantum_circuits\ame43\fourier_like__D011_F3_D111\CZ3_W.qpy,C:\Users\szymo\QuditsOnQubits\QuditsOnQubits\basis_direct_encoding_benchmarks\quantum_circuits\ame43\fourier_like__D011_F3_D111\graph_state_direct_basis.qpy
direct_basis_encoding,ame43,ame43,ame43,ame43,4,4,8,D100_F3_D000,fourier_like,fourier_like,D100_F3_D000,True,1167,3207,4374,2729,,,1.7932,True,False,ok,,Converted from legacy E_new = E_Z @ W candidate.; Fidelity skipped because transpiled circuit has 128 qubits.,2729,2745.83,25.2,4374,4391.17,1167,1174.5,128,"{'sx': 1221, 'rz': 1073, 'cz': 956, 'rx': 913, 'rzz': 211}",6,6,0,C:\Users\szymo\QuditsOnQubits\QuditsOnQubits\basis_direct_encoding_benchmarks\quantum_circuits\ame43\fourier_like__D100_F3_D000,C:\Users\szymo\QuditsOnQubits\QuditsOnQubits\basis_direct_encoding_benchmarks\quantum_circuits\ame43\fourier_like__D100_F3_D000\F3_W.qpy,C:\Users\szymo\QuditsOnQubits\QuditsOnQubits\basis_direct_encoding_benchmarks\quantum_circuits\ame43\fourier_like__D100_F3_D000\CZ3_W.qpy,C:\Users\szymo\QuditsOnQubits\QuditsOnQubits\basis_direct_encoding_benchmarks\quantum_circuits\ame43\fourier_like__D100_F3_D000\graph_state_direct_basis.qpy
direct_basis_encoding,ame43,ame43,ame43,ame43,4,4,8,D100_F3_D001,fourier_like,fourier_like,D100_F3_D001,True,1167,3210,4377,2720,,,1.847064,True,False,ok,,Converted from legacy E_new = E_Z @ W candidate.; Fidelity skipped because transpiled circuit has 128 qubits.,2720,2738.0,25.94,4377,4394.5,1167,1174.5,128,"{'sx': 1221, 'rz': 1083, 'cz': 956, 'rx': 906, 'rzz': 211}",6,6,0,C:\Users\szymo\QuditsOnQubits\QuditsOnQubits\basis_direct_encoding_benchmarks\quantum_circuits\ame43\fourier_like__D100_F3_D001,C:\Users\szymo\QuditsOnQubits\QuditsOnQubits\basis_direct_encoding_benchmarks\quantum_circuits\ame43\fourier_like__D100_F3_D001\F3_W.qpy,C:\Users\szymo\QuditsOnQubits\QuditsOnQubits\basis_direct_encoding_benchmarks\quantum_circuits\ame43\fourier_like__D100_F3_D001\CZ3_W.qpy,C:\Users\szymo\QuditsOnQubits\QuditsOnQubits\basis_direct_encoding_benchmarks\quantum_circuits\ame43\fourier_like__D100_F3_D001\graph_state_direct_basis.qpy
direct_basis_encoding,ame43,ame43,ame43,ame43,4,4,8,D100_F3_D010,fourier_like,fourier_like,D100_F3_D010,True,1167,3210,4377,2720,,,1.676524,True,False,ok,,Converted from legacy E_new = E_Z @ W candidate.; Fidelity skipped because transpiled circuit has 128 qubits.,2720,2738.67,26.71,4377,4395.17,1167,1174.5,128,"{'sx': 1221, 'rz': 1083, 'cz': 956, 'rx': 906, 'rzz': 211}",6,6,0,C:\Users\szymo\QuditsOnQubits\QuditsOnQubits\basis_direct_encoding_benchmarks\quantum_circuits\ame43\fourier_like__D100_F3_D010,C:\Users\szymo\QuditsOnQubits\QuditsOnQubits\basis_direct_encoding_benchmarks\quantum_circuits\ame43\fourier_like__D100_F3_D010\F3_W.qpy,C:\Users\szymo\QuditsOnQubits\QuditsOnQubits\basis_direct_encoding_benchmarks\quantum_circuits\ame43\fourier_like__D100_F3_D010\CZ3_W.qpy,C:\Users\szymo\QuditsOnQubits\QuditsOnQubits\basis_direct_encoding_benchmarks\quantum_circuits\ame43\fourier_like__D100_F3_D010\graph_state_direct_basis.qpy
direct_basis_encoding,ame43,ame43,ame43,ame43,4,4,8,D100_F3_D011,fourier_like,fourier_like,D100_F3_D011,True,1167,3213,4380,2723,,,1.88605,True,False,ok,,Converted from legacy E_new = E_Z @ W candidate.; Fidelity skipped because transpiled circuit has 128 qubits.,2723,2740.0,25.26,4380,4396.5,1167,1174.5,128,"{'sx': 1221, 'rz': 1083, 'cz': 956, 'rx': 909, 'rzz': 211}",6,6,0,C:\Users\szymo\QuditsOnQubits\QuditsOnQubits\basis_direct_encoding_benchmarks\quantum_circuits\ame43\fourier_like__D100_F3_D011,C:\Users\szymo\QuditsOnQubits\QuditsOnQubits\basis_direct_encoding_benchmarks\quantum_circuits\ame43\fourier_like__D100_F3_D011\F3_W.qpy,C:\Users\szymo\QuditsOnQubits\QuditsOnQubits\basis_direct_encoding_benchmarks\quantum_circuits\ame43\fourier_like__D100_F3_D011\CZ3_W.qpy,C:\Users\szymo\QuditsOnQubits\QuditsOnQubits\basis_direct_encoding_benchmarks\quantum_circuits\ame43\fourier_like__D100_F3_D011\graph_state_direct_basis.qpy
direct_basis_encoding,ame43,ame43,ame43,ame43,4,4,8,D100_F3_D100,fourier_like,fourier_like,D100_F3_D100,True,1167,3212,4379,2722,,,1.795458,True,False,ok,,Converted from legacy E_new = E_Z @ W candidate.; Fidelity skipped because transpiled circuit has 128 qubits.,2722,2740.0,25.94,4379,4396.5,1167,1174.5,128,"{'sx': 1221, 'rz': 1083, 'cz': 956, 'rx': 908, 'rzz': 211}",6,6,0,C:\Users\szymo\QuditsOnQubits\QuditsOnQubits\basis_direct_encoding_benchmarks\quantum_circuits\ame43\fourier_like__D100_F3_D100,C:\Users\szymo\QuditsOnQubits\QuditsOnQubits\basis_direct_encoding_benchmarks\quantum_circuits\ame43\fourier_like__D100_F3_D100\F3_W.qpy,C:\Users\szymo\QuditsOnQubits\QuditsOnQubits\basis_direct_encoding_benchmarks\quantum_circuits\ame43\fourier_like__D100_F3_D100\CZ3_W.qpy,C:\Users\szymo\QuditsOnQubits\QuditsOnQubits\basis_direct_encoding_benchmarks\quantum_circuits\ame43\fourier_like__D100_F3_D100\graph_state_direct_basis.qpy
direct_basis_encoding,ame43,ame43,ame43,ame43,4,4,8,D100_F3_D101,fourier_like,fourier_like,D100_F3_D101,True,1167,3212,4379,2722,,,1.677241,True,False,ok,,Converted from legacy E_new = E_Z @ W candidate.; Fidelity skipped because transpiled circuit has 128 qubits.,2722,2740.5,26.35,4379,4397.0,1167,1174.5,128,"{'sx': 1221, 'rz': 1083, 'cz': 956, 'rx': 908, 'rzz': 211}",6,6,0,C:\Users\szymo\QuditsOnQubits\QuditsOnQubits\basis_direct_encoding_benchmarks\quantum_circuits\ame43\fourier_like__D100_F3_D101,C:\Users\szymo\QuditsOnQubits\QuditsOnQubits\basis_direct_encoding_benchmarks\quantum_circuits\ame43\fourier_like__D100_F3_D101\F3_W.qpy,C:\Users\szymo\QuditsOnQubits\QuditsOnQubits\basis_direct_encoding_benchmarks\quantum_circuits\ame43\fourier_like__D100_F3_D101\CZ3_W.qpy,C:\Users\szymo\QuditsOnQubits\QuditsOnQubits\basis_direct_encoding_benchmarks\quantum_circuits\ame43\fourier_like__D100_F3_D101\graph_state_direct_basis.qpy
direct_basis_encoding,ame43,ame43,ame43,ame43,4,4,8,D100_F3_D110,fourier_like,fourier_like,D100_F3_D110,True,1167,3212,4379,2722,,,1.71202,True,False,ok,,Converted from legacy E_new = E_Z @ W candidate.; Fidelity skipped because transpiled circuit has 128 qubits.,2722,2739.83,25.59,4379,4396.67,1167,1174.5,128,"{'sx': 1221, 'rz': 1083, 'cz': 956, 'rx': 908, 'rzz': 211}",6,6,0,C:\Users\szymo\QuditsOnQubits\QuditsOnQubits\basis_direct_encoding_benchmarks\quantum_circuits\ame43\fourier_like__D100_F3_D110,C:\Users\szymo\QuditsOnQubits\QuditsOnQubits\basis_direct_encoding_benchmarks\quantum_circuits\ame43\fourier_like__D100_F3_D110\F3_W.qpy,C:\Users\szymo\QuditsOnQubits\QuditsOnQubits\basis_direct_encoding_benchmarks\quantum_circuits\ame43\fourier_like__D100_F3_D110\CZ3_W.qpy,C:\Users\szymo\QuditsOnQubits\QuditsOnQubits\basis_direct_encoding_benchmarks\quantum_circuits\ame43\fourier_like__D100_F3_D110\graph_state_direct_basis.qpy
direct_basis_encoding,ame43,ame43,ame43,ame43,4,4,8,D100_F3_D111,fourier_like,fourier_like,D100_F3_D111,True,1167,3205,4372,2727,,,1.766148,True,False,ok,,Converted from legacy E_new = E_Z @ W candidate.; Fidelity skipped because transpiled circuit has 128 qubits.,2727,2743.0,24.5,4372,4388.67,1167,1174.5,128,"{'sx': 1221, 'rz': 1073, 'cz': 956, 'rx': 911, 'rzz': 211}",6,6,0,C:\Users\szymo\QuditsOnQubits\QuditsOnQubits\basis_direct_encoding_benchmarks\quantum_circuits\ame43\fourier_like__D100_F3_D111,C:\Users\szymo\QuditsOnQubits\QuditsOnQubits\basis_direct_encoding_benchmarks\quantum_circuits\ame43\fourier_like__D100_F3_D111\F3_W.qpy,C:\Users\szymo\QuditsOnQubits\QuditsOnQubits\basis_direct_encoding_benchmarks\quantum_circuits\ame43\fourier_like__D100_F3_D111\CZ3_W.qpy,C:\Users\szymo\QuditsOnQubits\QuditsOnQubits\basis_direct_encoding_benchmarks\quantum_circuits\ame43\fourier_like__D100_F3_D111\graph_state_direct_basis.qpy
direct_basis_encoding,ame43,ame43,ame43,ame43,4,4,8,D101_F3_D000,fourier_like,fourier_like,D101_F3_D000,True,1167,3202,4369,2724,,,1.657756,True,False,ok,,Converted from legacy E_new = E_Z @ W candidate.; Fidelity skipped because transpiled circuit has 128 qubits.,2724,2741.5,25.0,4369,4386.83,1167,1174.5,128,"{'sx': 1221, 'rz': 1073, 'cz': 956, 'rx': 908, 'rzz': 211}",6,6,0,C:\Users\szymo\QuditsOnQubits\QuditsOnQubits\basis_direct_encoding_benchmarks\quantum_circuits\ame43\fourier_like__D101_F3_D000,C:\Users\szymo\QuditsOnQubits\QuditsOnQubits\basis_direct_encoding_benchmarks\quantum_circuits\ame43\fourier_like__D101_F3_D000\F3_W.qpy,C:\Users\szymo\QuditsOnQubits\QuditsOnQubits\basis_direct_encoding_benchmarks\quantum_circuits\ame43\fourier_like__D101_F3_D000\CZ3_W.qpy,C:\Users\szymo\QuditsOnQubits\QuditsOnQubits\basis_direct_encoding_benchmarks\quantum_circuits\ame43\fourier_like__D101_F3_D000\graph_state_direct_basis.qpy
direct_basis_encoding,ame43,ame43,ame43,ame43,4,4,8,D101_F3_D001,fourier_like,fourier_like,D101_F3_D001,True,1167,3210,4377,2720,,,1.643402,True,False,ok,,Converted from legacy E_new = E_Z @ W candidate.; Fidelity skipped because transpiled circuit has 128 qubits.,2720,2738.0,25.94,4377,4394.83,1167,1174.5,128,"{'sx': 1221, 'rz': 1083, 'cz': 956, 'rx': 906, 'rzz': 211}",6,6,0,C:\Users\szymo\QuditsOnQubits\QuditsOnQubits\basis_direct_encoding_benchmarks\quantum_circuits\ame43\fourier_like__D101_F3_D001,C:\Users\szymo\QuditsOnQubits\QuditsOnQubits\basis_direct_encoding_benchmarks\quantum_circuits\ame43\fourier_like__D101_F3_D001\F3_W.qpy,C:\Users\szymo\QuditsOnQubits\QuditsOnQubits\basis_direct_encoding_benchmarks\quantum_circuits\ame43\fourier_like__D101_F3_D001\CZ3_W.qpy,C:\Users\szymo\QuditsOnQubits\QuditsOnQubits\basis_direct_encoding_benchmarks\quantum_circuits\ame43\fourier_like__D101_F3_D001\graph_state_direct_basis.qpy
direct_basis_encoding,ame43,ame43,ame43,ame43,4,4,8,D101_F3_D010,fourier_like,fourier_like,D101_F3_D010,True,1167,3210,4377,2720,,,1.782659,True,False,ok,,Converted from legacy E_new = E_Z @ W candidate.; Fidelity skipped because transpiled circuit has 128 qubits.,2720,2738.0,25.94,4377,4394.83,1167,1174.5,128,"{'sx': 1221, 'rz': 1083, 'cz': 956, 'rx': 906, 'rzz': 211}",6,6,0,C:\Users\szymo\QuditsOnQubits\QuditsOnQubits\basis_direct_encoding_benchmarks\quantum_circuits\ame43\fourier_like__D101_F3_D010,C:\Users\szymo\QuditsOnQubits\QuditsOnQubits\basis_direct_encoding_benchmarks\quantum_circuits\ame43\fourier_like__D101_F3_D010\F3_W.qpy,C:\Users\szymo\QuditsOnQubits\QuditsOnQubits\basis_direct_encoding_benchmarks\quantum_circuits\ame43\fourier_like__D101_F3_D010\CZ3_W.qpy,C:\Users\szymo\QuditsOnQubits\QuditsOnQubits\basis_direct_encoding_benchmarks\quantum_circuits\ame43\fourier_like__D101_F3_D010\graph_state_direct_basis.qpy
direct_basis_encoding,ame43,ame43,ame43,ame43,4,4,8,D101_F3_D011,fourier_like,fourier_like,D101_F3_D011,True,1167,3218,4385,2727,,,1.720581,True,False,ok,,Converted from legacy E_new = E_Z @ W candidate.; Fidelity skipped because transpiled circuit has 128 qubits.,2727,2745.5,25.74,4385,4402.33,1167,1174.5,128,"{'sx': 1221, 'rz': 1083, 'cz': 956, 'rx': 914, 'rzz': 211}",6,6,0,C:\Users\szymo\QuditsOnQubits\QuditsOnQubits\basis_direct_encoding_benchmarks\quantum_circuits\ame43\fourier_like__D101_F3_D011,C:\Users\szymo\QuditsOnQubits\QuditsOnQubits\basis_direct_encoding_benchmarks\quantum_circuits\ame43\fourier_like__D101_F3_D011\F3_W.qpy,C:\Users\szymo\QuditsOnQubits\QuditsOnQubits\basis_direct_encoding_benchmarks\quantum_circuits\ame43\fourier_like__D101_F3_D011\CZ3_W.qpy,C:\Users\szymo\QuditsOnQubits\QuditsOnQubits\basis_direct_encoding_benchmarks\quantum_circuits\ame43\fourier_like__D101_F3_D011\graph_state_direct_basis.qpy
direct_basis_encoding,ame43,ame43,ame43,ame43,4,4,8,D101_F3_D100,fourier_like,fourier_like,D101_F3_D100,True,1167,3215,4382,2724,,,2.115525,True,False,ok,,Converted from legacy E_new = E_Z @ W candidate.; Fidelity skipped because transpiled circuit has 128 qubits.,2724,2741.83,25.59,4382,4398.83,1167,1174.5,128,"{'sx': 1221, 'rz': 1083, 'cz': 956, 'rx': 911, 'rzz': 211}",6,6,0,C:\Users\szymo\QuditsOnQubits\QuditsOnQubits\basis_direct_encoding_benchmarks\quantum_circuits\ame43\fourier_like__D101_F3_D100,C:\Users\szymo\QuditsOnQubits\QuditsOnQubits\basis_direct_encoding_benchmarks\quantum_circuits\ame43\fourier_like__D101_F3_D100\F3_W.qpy,C:\Users\szymo\QuditsOnQubits\QuditsOnQubits\basis_direct_encoding_benchmarks\quantum_circuits\ame43\fourier_like__D101_F3_D100\CZ3_W.qpy,C:\Users\szymo\QuditsOnQubits\QuditsOnQubits\basis_direct_encoding_benchmarks\quantum_circuits\ame43\fourier_like__D101_F3_D100\graph_state_direct_basis.qpy
direct_basis_encoding,ame43,ame43,ame43,ame43,4,4,8,D101_F3_D101,fourier_like,fourier_like,D101_F3_D101,True,1167,3215,4382,2724,,,1.875357,True,False,ok,,Converted from legacy E_new = E_Z @ W candidate.; Fidelity skipped because transpiled circuit has 128 qubits.,2724,2740.67,24.84,4382,4398.0,1167,1174.5,128,"{'sx': 1221, 'rz': 1083, 'cz': 956, 'rx': 911, 'rzz': 211}",6,6,0,C:\Users\szymo\QuditsOnQubits\QuditsOnQubits\basis_direct_encoding_benchmarks\quantum_circuits\ame43\fourier_like__D101_F3_D101,C:\Users\szymo\QuditsOnQubits\QuditsOnQubits\basis_direct_encoding_benchmarks\quantum_circuits\ame43\fourier_like__D101_F3_D101\F3_W.qpy,C:\Users\szymo\QuditsOnQubits\QuditsOnQubits\basis_direct_encoding_benchmarks\quantum_circuits\ame43\fourier_like__D101_F3_D101\CZ3_W.qpy,C:\Users\szymo\QuditsOnQubits\QuditsOnQubits\basis_direct_encoding_benchmarks\quantum_circuits\ame43\fourier_like__D101_F3_D101\graph_state_direct_basis.qpy
direct_basis_encoding,ame43,ame43,ame43,ame43,4,4,8,D101_F3_D110,fourier_like,fourier_like,D101_F3_D110,True,1167,3213,4380,2722,,,1.693463,True,False,ok,,Converted from legacy E_new = E_Z @ W candidate.; Fidelity skipped because transpiled circuit has 128 qubits.,2722,2739.33,25.19,4380,4396.33,1167,1174.5,128,"{'sx': 1221, 'rz': 1083, 'cz': 956, 'rx': 909, 'rzz': 211}",6,6,0,C:\Users\szymo\QuditsOnQubits\QuditsOnQubits\basis_direct_encoding_benchmarks\quantum_circuits\ame43\fourier_like__D101_F3_D110,C:\Users\szymo\QuditsOnQubits\QuditsOnQubits\basis_direct_encoding_benchmarks\quantum_circuits\ame43\fourier_like__D101_F3_D110\F3_W.qpy,C:\Users\szymo\QuditsOnQubits\QuditsOnQubits\basis_direct_encoding_benchmarks\quantum_circuits\ame43\fourier_like__D101_F3_D110\CZ3_W.qpy,C:\Users\szymo\QuditsOnQubits\QuditsOnQubits\basis_direct_encoding_benchmarks\quantum_circuits\ame43\fourier_like__D101_F3_D110\graph_state_direct_basis.qpy
direct_basis_encoding,ame43,ame43,ame43,ame43,4,4,8,D101_F3_D111,fourier_like,fourier_like,D101_F3_D111,True,1167,3204,4371,2726,,,1.666531,True,False,ok,,Converted from legacy E_new = E_Z @ W candidate.; Fidelity skipped because transpiled circuit has 128 qubits.,2726,2742.67,24.45,4371,4388.33,1167,1174.5,128,"{'sx': 1221, 'rz': 1073, 'cz': 956, 'rx': 910, 'rzz': 211}",6,6,0,C:\Users\szymo\QuditsOnQubits\QuditsOnQubits\basis_direct_encoding_benchmarks\quantum_circuits\ame43\fourier_like__D101_F3_D111,C:\Users\szymo\QuditsOnQubits\QuditsOnQubits\basis_direct_encoding_benchmarks\quantum_circuits\ame43\fourier_like__D101_F3_D111\F3_W.qpy,C:\Users\szymo\QuditsOnQubits\QuditsOnQubits\basis_direct_encoding_benchmarks\quantum_circuits\ame43\fourier_like__D101_F3_D111\CZ3_W.qpy,C:\Users\szymo\QuditsOnQubits\QuditsOnQubits\basis_direct_encoding_benchmarks\quantum_circuits\ame43\fourier_like__D101_F3_D111\graph_state_direct_basis.qpy
direct_basis_encoding,ame43,ame43,ame43,ame43,4,4,8,D110_F3_D000,fourier_like,fourier_like,D110_F3_D000,True,1167,3201,4368,2724,,,1.921131,True,False,ok,,Converted from legacy E_new = E_Z @ W candidate.; Fidelity skipped because transpiled circuit has 128 qubits.,2724,2741.67,25.95,4368,4387.0,1167,1174.5,128,"{'sx': 1221, 'rz': 1073, 'cz': 956, 'rx': 907, 'rzz': 211}",6,6,0,C:\Users\szymo\QuditsOnQubits\QuditsOnQubits\basis_direct_encoding_benchmarks\quantum_circuits\ame43\fourier_like__D110_F3_D000,C:\Users\szymo\QuditsOnQubits\QuditsOnQubits\basis_direct_encoding_benchmarks\quantum_circuits\ame43\fourier_like__D110_F3_D000\F3_W.qpy,C:\Users\szymo\QuditsOnQubits\QuditsOnQubits\basis_direct_encoding_benchmarks\quantum_circuits\ame43\fourier_like__D110_F3_D000\CZ3_W.qpy,C:\Users\szymo\QuditsOnQubits\QuditsOnQubits\basis_direct_encoding_benchmarks\quantum_circuits\ame43\fourier_like__D110_F3_D000\graph_state_direct_basis.qpy
direct_basis_encoding,ame43,ame43,ame43,ame43,4,4,8,D110_F3_D001,fourier_like,fourier_like,D110_F3_D001,True,1167,3213,4380,2722,,,1.672114,True,False,ok,,Converted from legacy E_new = E_Z @ W candidate.; Fidelity skipped because transpiled circuit has 128 qubits.,2722,2739.83,24.98,4380,4396.33,1167,1174.5,128,"{'sx': 1221, 'rz': 1083, 'cz': 956, 'rx': 909, 'rzz': 211}",6,6,0,C:\Users\szymo\QuditsOnQubits\QuditsOnQubits\basis_direct_encoding_benchmarks\quantum_circuits\ame43\fourier_like__D110_F3_D001,C:\Users\szymo\QuditsOnQubits\QuditsOnQubits\basis_direct_encoding_benchmarks\quantum_circuits\ame43\fourier_like__D110_F3_D001\F3_W.qpy,C:\Users\szymo\QuditsOnQubits\QuditsOnQubits\basis_direct_encoding_benchmarks\quantum_circuits\ame43\fourier_like__D110_F3_D001\CZ3_W.qpy,C:\Users\szymo\QuditsOnQubits\QuditsOnQubits\basis_direct_encoding_benchmarks\quantum_circuits\ame43\fourier_like__D110_F3_D001\graph_state_direct_basis.qpy
direct_basis_encoding,ame43,ame43,ame43,ame43,4,4,8,D110_F3_D010,fourier_like,fourier_like,D110_F3_D010,True,1167,3210,4377,2720,,,1.686102,True,False,ok,,Converted from legacy E_new = E_Z @ W candidate.; Fidelity skipped because transpiled circuit has 128 qubits.,2720,2738.5,26.35,4377,4395.33,1167,1174.5,128,"{'sx': 1221, 'rz': 1083, 'cz': 956, 'rx': 906, 'rzz': 211}",6,6,0,C:\Users\szymo\QuditsOnQubits\QuditsOnQubits\basis_direct_encoding_benchmarks\quantum_circuits\ame43\fourier_like__D110_F3_D010,C:\Users\szymo\QuditsOnQubits\QuditsOnQubits\basis_direct_encoding_benchmarks\quantum_circuits\ame43\fourier_like__D110_F3_D010\F3_W.qpy,C:\Users\szymo\QuditsOnQubits\QuditsOnQubits\basis_direct_encoding_benchmarks\quantum_circuits\ame43\fourier_like__D110_F3_D010\CZ3_W.qpy,C:\Users\szymo\QuditsOnQubits\QuditsOnQubits\basis_direct_encoding_benchmarks\quantum_circuits\ame43\fourier_like__D110_F3_D010\graph_state_direct_basis.qpy
direct_basis_encoding,ame43,ame43,ame43,ame43,4,4,8,D110_F3_D011,fourier_like,fourier_like,D110_F3_D011,True,1167,3211,4378,2720,,,1.848956,True,False,ok,,Converted from legacy E_new = E_Z @ W candidate.; Fidelity skipped because transpiled circuit has 128 qubits.,2720,2739.17,26.51,4378,4396.0,1167,1174.5,128,"{'sx': 1221, 'rz': 1083, 'cz': 956, 'rx': 907, 'rzz': 211}",6,6,0,C:\Users\szymo\QuditsOnQubits\QuditsOnQubits\basis_direct_encoding_benchmarks\quantum_circuits\ame43\fourier_like__D110_F3_D011,C:\Users\szymo\QuditsOnQubits\QuditsOnQubits\basis_direct_encoding_benchmarks\quantum_circuits\ame43\fourier_like__D110_F3_D011\F3_W.qpy,C:\Users\szymo\QuditsOnQubits\QuditsOnQubits\basis_direct_encoding_benchmarks\quantum_circuits\ame43\fourier_like__D110_F3_D011\CZ3_W.qpy,C:\Users\szymo\QuditsOnQubits\QuditsOnQubits\basis_direct_encoding_benchmarks\quantum_circuits\ame43\fourier_like__D110_F3_D011\graph_state_direct_basis.qpy
direct_basis_encoding,ame43,ame43,ame43,ame43,4,4,8,D110_F3_D100,fourier_like,fourier_like,D110_F3_D100,True,1167,3215,4382,2723,,,1.694105,True,False,ok,,Converted from legacy E_new = E_Z @ W candidate.; Fidelity skipped because transpiled circuit has 128 qubits.,2723,2741.5,25.36,4382,4398.83,1167,1174.5,128,"{'sx': 1221, 'rz': 1083, 'cz': 956, 'rx': 911, 'rzz': 211}",6,6,0,C:\Users\szymo\QuditsOnQubits\QuditsOnQubits\basis_direct_encoding_benchmarks\quantum_circuits\ame43\fourier_like__D110_F3_D100,C:\Users\szymo\QuditsOnQubits\QuditsOnQubits\basis_direct_encoding_benchmarks\quantum_circuits\ame43\fourier_like__D110_F3_D100\F3_W.qpy,C:\Users\szymo\QuditsOnQubits\QuditsOnQubits\basis_direct_encoding_benchmarks\quantum_circuits\ame43\fourier_like__D110_F3_D100\CZ3_W.qpy,C:\Users\szymo\QuditsOnQubits\QuditsOnQubits\basis_direct_encoding_benchmarks\quantum_circuits\ame43\fourier_like__D110_F3_D100\graph_state_direct_basis.qpy
direct_basis_encoding,ame43,ame43,ame43,ame43,4,4,8,D110_F3_D101,fourier_like,fourier_like,D110_F3_D101,True,1167,3214,4381,2722,,,1.613688,True,False,ok,,Converted from legacy E_new = E_Z @ W candidate.; Fidelity skipped because transpiled circuit has 128 qubits.,2722,2741.0,26.16,4381,4398.33,1167,1174.5,128,"{'sx': 1221, 'rz': 1083, 'cz': 956, 'rx': 910, 'rzz': 211}",6,6,0,C:\Users\szymo\QuditsOnQubits\QuditsOnQubits\basis_direct_encoding_benchmarks\quantum_circuits\ame43\fourier_like__D110_F3_D101,C:\Users\szymo\QuditsOnQubits\QuditsOnQubits\basis_direct_encoding_benchmarks\quantum_circuits\ame43\fourier_like__D110_F3_D101\F3_W.qpy,C:\Users\szymo\QuditsOnQubits\QuditsOnQubits\basis_direct_encoding_benchmarks\quantum_circuits\ame43\fourier_like__D110_F3_D101\CZ3_W.qpy,C:\Users\szymo\QuditsOnQubits\QuditsOnQubits\basis_direct_encoding_benchmarks\quantum_circuits\ame43\fourier_like__D110_F3_D101\graph_state_direct_basis.qpy
direct_basis_encoding,ame43,ame43,ame43,ame43,4,4,8,D110_F3_D110,fourier_like,fourier_like,D110_F3_D110,True,1167,3215,4382,2724,,,1.979888,True,False,ok,,Converted from legacy E_new = E_Z @ W candidate.; Fidelity skipped because transpiled circuit has 128 qubits.,2724,2741.83,24.98,4382,4398.67,1167,1174.5,128,"{'sx': 1221, 'rz': 1083, 'cz': 956, 'rx': 911, 'rzz': 211}",6,6,0,C:\Users\szymo\QuditsOnQubits\QuditsOnQubits\basis_direct_encoding_benchmarks\quantum_circuits\ame43\fourier_like__D110_F3_D110,C:\Users\szymo\QuditsOnQubits\QuditsOnQubits\basis_direct_encoding_benchmarks\quantum_circuits\ame43\fourier_like__D110_F3_D110\F3_W.qpy,C:\Users\szymo\QuditsOnQubits\QuditsOnQubits\basis_direct_encoding_benchmarks\quantum_circuits\ame43\fourier_like__D110_F3_D110\CZ3_W.qpy,C:\Users\szymo\QuditsOnQubits\QuditsOnQubits\basis_direct_encoding_benchmarks\quantum_circuits\ame43\fourier_like__D110_F3_D110\graph_state_direct_basis.qpy
direct_basis_encoding,ame43,ame43,ame43,ame43,4,4,8,D110_F3_D111,fourier_like,fourier_like,D110_F3_D111,True,1167,3196,4363,2719,,,1.889605,True,False,ok,,Converted from legacy E_new = E_Z @ W candidate.; Fidelity skipped because transpiled circuit has 128 qubits.,2719,2737.67,26.64,4363,4382.67,1167,1174.5,128,"{'sx': 1221, 'rz': 1073, 'cz': 956, 'rx': 902, 'rzz': 211}",6,6,0,C:\Users\szymo\QuditsOnQubits\QuditsOnQubits\basis_direct_encoding_benchmarks\quantum_circuits\ame43\fourier_like__D110_F3_D111,C:\Users\szymo\QuditsOnQubits\QuditsOnQubits\basis_direct_encoding_benchmarks\quantum_circuits\ame43\fourier_like__D110_F3_D111\F3_W.qpy,C:\Users\szymo\QuditsOnQubits\QuditsOnQubits\basis_direct_encoding_benchmarks\quantum_circuits\ame43\fourier_like__D110_F3_D111\CZ3_W.qpy,C:\Users\szymo\QuditsOnQubits\QuditsOnQubits\basis_direct_encoding_benchmarks\quantum_circuits\ame43\fourier_like__D110_F3_D111\graph_state_direct_basis.qpy
direct_basis_encoding,ame43,ame43,ame43,ame43,4,4,8,D111_F3_D000,fourier_like,fourier_like,D111_F3_D000,True,1167,3200,4367,2720,,,1.640877,True,False,ok,,Converted from legacy E_new = E_Z @ W candidate.; Fidelity skipped because transpiled circuit has 128 qubits.,2720,2738.17,25.69,4367,4384.33,1167,1174.5,128,"{'sx': 1221, 'rz': 1073, 'cz': 956, 'rx': 906, 'rzz': 211}",6,6,0,C:\Users\szymo\QuditsOnQubits\QuditsOnQubits\basis_direct_encoding_benchmarks\quantum_circuits\ame43\fourier_like__D111_F3_D000,C:\Users\szymo\QuditsOnQubits\QuditsOnQubits\basis_direct_encoding_benchmarks\quantum_circuits\ame43\fourier_like__D111_F3_D000\F3_W.qpy,C:\Users\szymo\QuditsOnQubits\QuditsOnQubits\basis_direct_encoding_benchmarks\quantum_circuits\ame43\fourier_like__D111_F3_D000\CZ3_W.qpy,C:\Users\szymo\QuditsOnQubits\QuditsOnQubits\basis_direct_encoding_benchmarks\quantum_circuits\ame43\fourier_like__D111_F3_D000\graph_state_direct_basis.qpy
direct_basis_encoding,ame43,ame43,ame43,ame43,4,4,8,D111_F3_D001,fourier_like,fourier_like,D111_F3_D001,True,1167,3206,4373,2719,,,1.780278,True,False,ok,,Converted from legacy E_new = E_Z @ W candidate.; Fidelity skipped because transpiled circuit has 128 qubits.,2719,2737.17,25.91,4373,4390.5,1167,1174.5,128,"{'sx': 1221, 'rz': 1078, 'cz': 956, 'rx': 907, 'rzz': 211}",6,6,0,C:\Users\szymo\QuditsOnQubits\QuditsOnQubits\basis_direct_encoding_benchmarks\quantum_circuits\ame43\fourier_like__D111_F3_D001,C:\Users\szymo\QuditsOnQubits\QuditsOnQubits\basis_direct_encoding_benchmarks\quantum_circuits\ame43\fourier_like__D111_F3_D001\F3_W.qpy,C:\Users\szymo\QuditsOnQubits\QuditsOnQubits\basis_direct_encoding_benchmarks\quantum_circuits\ame43\fourier_like__D111_F3_D001\CZ3_W.qpy,C:\Users\szymo\QuditsOnQubits\QuditsOnQubits\basis_direct_encoding_benchmarks\quantum_circuits\ame43\fourier_like__D111_F3_D001\graph_state_direct_basis.qpy
direct_basis_encoding,ame43,ame43,ame43,ame43,4,4,8,D111_F3_D010,fourier_like,fourier_like,D111_F3_D010,True,1167,3210,4377,2723,,,1.666251,True,False,ok,,Converted from legacy E_new = E_Z @ W candidate.; Fidelity skipped because transpiled circuit has 128 qubits.,2723,2741.0,25.94,4377,4394.33,1167,1174.5,128,"{'sx': 1221, 'rz': 1078, 'cz': 956, 'rx': 911, 'rzz': 211}",6,6,0,C:\Users\szymo\QuditsOnQubits\QuditsOnQubits\basis_direct_encoding_benchmarks\quantum_circuits\ame43\fourier_like__D111_F3_D010,C:\Users\szymo\QuditsOnQubits\QuditsOnQubits\basis_direct_encoding_benchmarks\quantum_circuits\ame43\fourier_like__D111_F3_D010\F3_W.qpy,C:\Users\szymo\QuditsOnQubits\QuditsOnQubits\basis_direct_encoding_benchmarks\quantum_circuits\ame43\fourier_like__D111_F3_D010\CZ3_W.qpy,C:\Users\szymo\QuditsOnQubits\QuditsOnQubits\basis_direct_encoding_benchmarks\quantum_circuits\ame43\fourier_like__D111_F3_D010\graph_state_direct_basis.qpy
direct_basis_encoding,ame43,ame43,ame43,ame43,4,4,8,D111_F3_D011,fourier_like,fourier_like,D111_F3_D011,True,1167,3215,4382,2729,,,1.68256,True,False,ok,,Converted from legacy E_new = E_Z @ W candidate.; Fidelity skipped because transpiled circuit has 128 qubits.,2729,2745.5,24.48,4382,4398.67,1167,1174.5,128,"{'sx': 1221, 'rz': 1078, 'cz': 956, 'rx': 916, 'rzz': 211}",6,6,0,C:\Users\szymo\QuditsOnQubits\QuditsOnQubits\basis_direct_encoding_benchmarks\quantum_circuits\ame43\fourier_like__D111_F3_D011,C:\Users\szymo\QuditsOnQubits\QuditsOnQubits\basis_direct_encoding_benchmarks\quantum_circuits\ame43\fourier_like__D111_F3_D011\F3_W.qpy,C:\Users\szymo\QuditsOnQubits\QuditsOnQubits\basis_direct_encoding_benchmarks\quantum_circuits\ame43\fourier_like__D111_F3_D011\CZ3_W.qpy,C:\Users\szymo\QuditsOnQubits\QuditsOnQubits\basis_direct_encoding_benchmarks\quantum_circuits\ame43\fourier_like__D111_F3_D011\graph_state_direct_basis.qpy
direct_basis_encoding,ame43,ame43,ame43,ame43,4,4,8,D111_F3_D100,fourier_like,fourier_like,D111_F3_D100,True,1167,3208,4375,2721,,,1.903821,True,False,ok,,Converted from legacy E_new = E_Z @ W candidate.; Fidelity skipped because transpiled circuit has 128 qubits.,2721,2739.0,24.95,4375,4391.83,1167,1174.5,128,"{'sx': 1221, 'rz': 1078, 'cz': 956, 'rx': 909, 'rzz': 211}",6,6,0,C:\Users\szymo\QuditsOnQubits\QuditsOnQubits\basis_direct_encoding_benchmarks\quantum_circuits\ame43\fourier_like__D111_F3_D100,C:\Users\szymo\QuditsOnQubits\QuditsOnQubits\basis_direct_encoding_benchmarks\quantum_circuits\ame43\fourier_like__D111_F3_D100\F3_W.qpy,C:\Users\szymo\QuditsOnQubits\QuditsOnQubits\basis_direct_encoding_benchmarks\quantum_circuits\ame43\fourier_like__D111_F3_D100\CZ3_W.qpy,C:\Users\szymo\QuditsOnQubits\QuditsOnQubits\basis_direct_encoding_benchmarks\quantum_circuits\ame43\fourier_like__D111_F3_D100\graph_state_direct_basis.qpy
direct_basis_encoding,ame43,ame43,ame43,ame43,4,4,8,D111_F3_D101,fourier_like,fourier_like,D111_F3_D101,True,1167,3208,4375,2721,,,1.647615,True,False,ok,,Converted from legacy E_new = E_Z @ W candidate.; Fidelity skipped because transpiled circuit has 128 qubits.,2721,2738.5,25.16,4375,4391.83,1167,1174.5,128,"{'sx': 1221, 'rz': 1078, 'cz': 956, 'rx': 909, 'rzz': 211}",6,6,0,C:\Users\szymo\QuditsOnQubits\QuditsOnQubits\basis_direct_encoding_benchmarks\quantum_circuits\ame43\fourier_like__D111_F3_D101,C:\Users\szymo\QuditsOnQubits\QuditsOnQubits\basis_direct_encoding_benchmarks\quantum_circuits\ame43\fourier_like__D111_F3_D101\F3_W.qpy,C:\Users\szymo\QuditsOnQubits\QuditsOnQubits\basis_direct_encoding_benchmarks\quantum_circuits\ame43\fourier_like__D111_F3_D101\CZ3_W.qpy,C:\Users\szymo\QuditsOnQubits\QuditsOnQubits\basis_direct_encoding_benchmarks\quantum_circuits\ame43\fourier_like__D111_F3_D101\graph_state_direct_basis.qpy
direct_basis_encoding,ame43,ame43,ame43,ame43,4,4,8,D111_F3_D110,fourier_like,fourier_like,D111_F3_D110,True,1167,3215,4382,2727,,,1.665659,True,False,ok,,Converted from legacy E_new = E_Z @ W candidate.; Fidelity skipped because transpiled circuit has 128 qubits.,2727,2745.67,25.77,4382,4399.33,1167,1174.5,128,"{'sx': 1221, 'rz': 1078, 'cz': 956, 'rx': 916, 'rzz': 211}",6,6,0,C:\Users\szymo\QuditsOnQubits\QuditsOnQubits\basis_direct_encoding_benchmarks\quantum_circuits\ame43\fourier_like__D111_F3_D110,C:\Users\szymo\QuditsOnQubits\QuditsOnQubits\basis_direct_encoding_benchmarks\quantum_circuits\ame43\fourier_like__D111_F3_D110\F3_W.qpy,C:\Users\szymo\QuditsOnQubits\QuditsOnQubits\basis_direct_encoding_benchmarks\quantum_circuits\ame43\fourier_like__D111_F3_D110\CZ3_W.qpy,C:\Users\szymo\QuditsOnQubits\QuditsOnQubits\basis_direct_encoding_benchmarks\quantum_circuits\ame43\fourier_like__D111_F3_D110\graph_state_direct_basis.qpy
direct_basis_encoding,ame43,ame43,ame43,ame43,4,4,8,D111_F3_D111,fourier_like,fourier_like,D111_F3_D111,True,1167,3208,4375,2730,,,1.807054,True,False,ok,,Converted from legacy E_new = E_Z @ W candidate.; Fidelity skipped because transpiled circuit has 128 qubits.,2730,2747.17,25.18,4375,4392.67,1167,1174.5,128,"{'sx': 1221, 'rz': 1073, 'cz': 956, 'rx': 914, 'rzz': 211}",6,6,0,C:\Users\szymo\QuditsOnQubits\QuditsOnQubits\basis_direct_encoding_benchmarks\quantum_circuits\ame43\fourier_like__D111_F3_D111,C:\Users\szymo\QuditsOnQubits\QuditsOnQubits\basis_direct_encoding_benchmarks\quantum_circuits\ame43\fourier_like__D111_F3_D111\F3_W.qpy,C:\Users\szymo\QuditsOnQubits\QuditsOnQubits\basis_direct_encoding_benchmarks\quantum_circuits\ame43\fourier_like__D111_F3_D111\CZ3_W.qpy,C:\Users\szymo\QuditsOnQubits\QuditsOnQubits\basis_direct_encoding_benchmarks\quantum_circuits\ame43\fourier_like__D111_F3_D111\graph_state_direct_basis.qpy
direct_basis_encoding,ame43,ame43,ame43,ame43,4,4,8,rand_000,random_unitary,householder_random,rand_000,True,1167,3212,4379,2723,,,1.588628,True,False,ok,,Converted from legacy E_new = E_Z @ W candidate.; Fidelity skipped because transpiled circuit has 128 qubits.,2723,2740.83,25.98,4379,4397.0,1167,1174.5,128,"{'sx': 1221, 'rz': 1083, 'cz': 956, 'rx': 908, 'rzz': 211}",6,6,0,C:\Users\szymo\QuditsOnQubits\QuditsOnQubits\basis_direct_encoding_benchmarks\quantum_circuits\ame43\householder_random__rand_000,C:\Users\szymo\QuditsOnQubits\QuditsOnQubits\basis_direct_encoding_benchmarks\quantum_circuits\ame43\householder_random__rand_000\F3_W.qpy,C:\Users\szymo\QuditsOnQubits\QuditsOnQubits\basis_direct_encoding_benchmarks\quantum_circuits\ame43\householder_random__rand_000\CZ3_W.qpy,C:\Users\szymo\QuditsOnQubits\QuditsOnQubits\basis_direct_encoding_benchmarks\quantum_circuits\ame43\householder_random__rand_000\graph_state_direct_basis.qpy
direct_basis_encoding,ame43,ame43,ame43,ame43,4,4,8,rand_001,random_unitary,householder_random,rand_001,True,1167,3217,4384,2726,,,1.744039,True,False,ok,,Converted from legacy E_new = E_Z @ W candidate.; Fidelity skipped because transpiled circuit has 128 qubits.,2726,2744.33,25.39,4384,4401.0,1167,1174.5,128,"{'sx': 1221, 'rz': 1083, 'cz': 956, 'rx': 913, 'rzz': 211}",6,6,0,C:\Users\szymo\QuditsOnQubits\QuditsOnQubits\basis_direct_encoding_benchmarks\quantum_circuits\ame43\householder_random__rand_001,C:\Users\szymo\QuditsOnQubits\QuditsOnQubits\basis_direct_encoding_benchmarks\quantum_circuits\ame43\householder_random__rand_001\F3_W.qpy,C:\Users\szymo\QuditsOnQubits\QuditsOnQubits\basis_direct_encoding_benchmarks\quantum_circuits\ame43\householder_random__rand_001\CZ3_W.qpy,C:\Users\szymo\QuditsOnQubits\QuditsOnQubits\basis_direct_encoding_benchmarks\quantum_circuits\ame43\householder_random__rand_001\graph_state_direct_basis.qpy
direct_basis_encoding,ame43,ame43,ame43,ame43,4,4,8,rand_002,random_unitary,householder_random,rand_002,True,1167,3215,4382,2724,,,2.268333,True,False,ok,,Converted from legacy E_new = E_Z @ W candidate.; Fidelity skipped because transpiled circuit has 128 qubits.,2724,2741.67,24.63,4382,4398.5,1167,1174.5,128,"{'sx': 1221, 'rz': 1083, 'cz': 956, 'rx': 911, 'rzz': 211}",6,6,0,C:\Users\szymo\QuditsOnQubits\QuditsOnQubits\basis_direct_encoding_benchmarks\quantum_circuits\ame43\householder_random__rand_002,C:\Users\szymo\QuditsOnQubits\QuditsOnQubits\basis_direct_encoding_benchmarks\quantum_circuits\ame43\householder_random__rand_002\F3_W.qpy,C:\Users\szymo\QuditsOnQubits\QuditsOnQubits\basis_direct_encoding_benchmarks\quantum_circuits\ame43\householder_random__rand_002\CZ3_W.qpy,C:\Users\szymo\QuditsOnQubits\QuditsOnQubits\basis_direct_encoding_benchmarks\quantum_circuits\ame43\householder_random__rand_002\graph_state_direct_basis.qpy
direct_basis_encoding,ame43,ame43,ame43,ame43,4,4,8,rand_003,random_unitary,householder_random,rand_003,True,1167,3215,4382,2723,,,1.659427,True,False,ok,,Converted from legacy E_new = E_Z @ W candidate.; Fidelity skipped because transpiled circuit has 128 qubits.,2723,2740.5,25.06,4382,4397.5,1167,1174.5,128,"{'sx': 1221, 'rz': 1083, 'cz': 956, 'rx': 911, 'rzz': 211}",6,6,0,C:\Users\szymo\QuditsOnQubits\QuditsOnQubits\basis_direct_encoding_benchmarks\quantum_circuits\ame43\householder_random__rand_003,C:\Users\szymo\QuditsOnQubits\QuditsOnQubits\basis_direct_encoding_benchmarks\quantum_circuits\ame43\householder_random__rand_003\F3_W.qpy,C:\Users\szymo\QuditsOnQubits\QuditsOnQubits\basis_direct_encoding_benchmarks\quantum_circuits\ame43\householder_random__rand_003\CZ3_W.qpy,C:\Users\szymo\QuditsOnQubits\QuditsOnQubits\basis_direct_encoding_benchmarks\quantum_circuits\ame43\householder_random__rand_003\graph_state_direct_basis.qpy
direct_basis_encoding,ame43,ame43,ame43,ame43,4,4,8,rand_004,random_unitary,householder_random,rand_004,True,1167,3211,4378,2720,,,1.617497,True,False,ok,,Converted from legacy E_new = E_Z @ W candidate.; Fidelity skipped because transpiled circuit has 128 qubits.,2720,2738.0,25.94,4378,4395.33,1167,1174.5,128,"{'sx': 1221, 'rz': 1083, 'cz': 956, 'rx': 907, 'rzz': 211}",6,6,0,C:\Users\szymo\QuditsOnQubits\QuditsOnQubits\basis_direct_encoding_benchmarks\quantum_circuits\ame43\householder_random__rand_004,C:\Users\szymo\QuditsOnQubits\QuditsOnQubits\basis_direct_encoding_benchmarks\quantum_circuits\ame43\householder_random__rand_004\F3_W.qpy,C:\Users\szymo\QuditsOnQubits\QuditsOnQubits\basis_direct_encoding_benchmarks\quantum_circuits\ame43\householder_random__rand_004\CZ3_W.qpy,C:\Users\szymo\QuditsOnQubits\QuditsOnQubits\basis_direct_encoding_benchmarks\quantum_circuits\ame43\householder_random__rand_004\graph_state_direct_basis.qpy
direct_basis_encoding,ame43,ame43,ame43,ame43,4,4,8,rand_005,random_unitary,householder_random,rand_005,True,1167,3209,4376,2720,,,1.737779,True,False,ok,,Converted from legacy E_new = E_Z @ W candidate.; Fidelity skipped because transpiled circuit has 128 qubits.,2720,2737.83,25.59,4376,4393.67,1167,1174.5,128,"{'sx': 1221, 'rz': 1083, 'cz': 956, 'rx': 905, 'rzz': 211}",6,6,0,C:\Users\szymo\QuditsOnQubits\QuditsOnQubits\basis_direct_encoding_benchmarks\quantum_circuits\ame43\householder_random__rand_005,C:\Users\szymo\QuditsOnQubits\QuditsOnQubits\basis_direct_encoding_benchmarks\quantum_circuits\ame43\householder_random__rand_005\F3_W.qpy,C:\Users\szymo\QuditsOnQubits\QuditsOnQubits\basis_direct_encoding_benchmarks\quantum_circuits\ame43\householder_random__rand_005\CZ3_W.qpy,C:\Users\szymo\QuditsOnQubits\QuditsOnQubits\basis_direct_encoding_benchmarks\quantum_circuits\ame43\householder_random__rand_005\graph_state_direct_basis.qpy
direct_basis_encoding,ame43,ame43,ame43,ame43,4,4,8,rand_006,random_unitary,householder_random,rand_006,True,1167,3214,4381,2724,,,1.628871,True,False,ok,,Converted from legacy E_new = E_Z @ W candidate.; Fidelity skipped because transpiled circuit has 128 qubits.,2724,2742.17,24.98,4381,4398.0,1167,1174.5,128,"{'sx': 1221, 'rz': 1083, 'cz': 956, 'rx': 910, 'rzz': 211}",6,6,0,C:\Users\szymo\QuditsOnQubits\QuditsOnQubits\basis_direct_encoding_benchmarks\quantum_circuits\ame43\householder_random__rand_006,C:\Users\szymo\QuditsOnQubits\QuditsOnQubits\basis_direct_encoding_benchmarks\quantum_circuits\ame43\householder_random__rand_006\F3_W.qpy,C:\Users\szymo\QuditsOnQubits\QuditsOnQubits\basis_direct_encoding_benchmarks\quantum_circuits\ame43\householder_random__rand_006\CZ3_W.qpy,C:\Users\szymo\QuditsOnQubits\QuditsOnQubits\basis_direct_encoding_benchmarks\quantum_circuits\ame43\householder_random__rand_006\graph_state_direct_basis.qpy
direct_basis_encoding,ame43,ame43,ame43,ame43,4,4,8,rand_007,random_unitary,householder_random,rand_007,True,1167,3213,4380,2724,,,1.60544,True,False,ok,,Converted from legacy E_new = E_Z @ W candidate.; Fidelity skipped because transpiled circuit has 128 qubits.,2724,2740.67,24.84,4380,4396.83,1167,1174.5,128,"{'sx': 1221, 'rz': 1083, 'cz': 956, 'rx': 909, 'rzz': 211}",6,6,0,C:\Users\szymo\QuditsOnQubits\QuditsOnQubits\basis_direct_encoding_benchmarks\quantum_circuits\ame43\householder_random__rand_007,C:\Users\szymo\QuditsOnQubits\QuditsOnQubits\basis_direct_encoding_benchmarks\quantum_circuits\ame43\householder_random__rand_007\F3_W.qpy,C:\Users\szymo\QuditsOnQubits\QuditsOnQubits\basis_direct_encoding_benchmarks\quantum_circuits\ame43\householder_random__rand_007\CZ3_W.qpy,C:\Users\szymo\QuditsOnQubits\QuditsOnQubits\basis_direct_encoding_benchmarks\quantum_circuits\ame43\householder_random__rand_007\graph_state_direct_basis.qpy
direct_basis_encoding,ame43,ame43,ame43,ame43,4,4,8,rand_008,random_unitary,householder_random,rand_008,True,1167,3220,4387,2728,,,1.812647,True,False,ok,,Converted from legacy E_new = E_Z @ W candidate.; Fidelity skipped because transpiled circuit has 128 qubits.,2728,2747.0,26.55,4387,4404.33,1167,1174.5,128,"{'sx': 1221, 'rz': 1083, 'cz': 956, 'rx': 916, 'rzz': 211}",6,6,0,C:\Users\szymo\QuditsOnQubits\QuditsOnQubits\basis_direct_encoding_benchmarks\quantum_circuits\ame43\householder_random__rand_008,C:\Users\szymo\QuditsOnQubits\QuditsOnQubits\basis_direct_encoding_benchmarks\quantum_circuits\ame43\householder_random__rand_008\F3_W.qpy,C:\Users\szymo\QuditsOnQubits\QuditsOnQubits\basis_direct_encoding_benchmarks\quantum_circuits\ame43\householder_random__rand_008\CZ3_W.qpy,C:\Users\szymo\QuditsOnQubits\QuditsOnQubits\basis_direct_encoding_benchmarks\quantum_circuits\ame43\householder_random__rand_008\graph_state_direct_basis.qpy
direct_basis_encoding,ame43,ame43,ame43,ame43,4,4,8,rand_009,random_unitary,householder_random,rand_009,True,1167,3216,4383,2725,,,1.634561,True,False,ok,,Converted from legacy E_new = E_Z @ W candidate.; Fidelity skipped because transpiled circuit has 128 qubits.,2725,2744.17,26.51,4383,4400.83,1167,1174.5,128,"{'sx': 1221, 'rz': 1083, 'cz': 956, 'rx': 912, 'rzz': 211}",6,6,0,C:\Users\szymo\QuditsOnQubits\QuditsOnQubits\basis_direct_encoding_benchmarks\quantum_circuits\ame43\householder_random__rand_009,C:\Users\szymo\QuditsOnQubits\QuditsOnQubits\basis_direct_encoding_benchmarks\quantum_circuits\ame43\householder_random__rand_009\F3_W.qpy,C:\Users\szymo\QuditsOnQubits\QuditsOnQubits\basis_direct_encoding_benchmarks\quantum_circuits\ame43\householder_random__rand_009\CZ3_W.qpy,C:\Users\szymo\QuditsOnQubits\QuditsOnQubits\basis_direct_encoding_benchmarks\quantum_circuits\ame43\householder_random__rand_009\graph_state_direct_basis.qpy
direct_basis_encoding,ame43,ame43,ame43,ame43,4,4,8,rand_010,random_unitary,householder_random,rand_010,True,1167,3215,4382,2724,,,1.614099,True,False,ok,,Converted from legacy E_new = E_Z @ W candidate.; Fidelity skipped because transpiled circuit has 128 qubits.,2724,2742.5,26.13,4382,4398.83,1167,1174.5,128,"{'sx': 1221, 'rz': 1083, 'cz': 956, 'rx': 911, 'rzz': 211}",6,6,0,C:\Users\szymo\QuditsOnQubits\QuditsOnQubits\basis_direct_encoding_benchmarks\quantum_circuits\ame43\householder_random__rand_010,C:\Users\szymo\QuditsOnQubits\QuditsOnQubits\basis_direct_encoding_benchmarks\quantum_circuits\ame43\householder_random__rand_010\F3_W.qpy,C:\Users\szymo\QuditsOnQubits\QuditsOnQubits\basis_direct_encoding_benchmarks\quantum_circuits\ame43\householder_random__rand_010\CZ3_W.qpy,C:\Users\szymo\QuditsOnQubits\QuditsOnQubits\basis_direct_encoding_benchmarks\quantum_circuits\ame43\householder_random__rand_010\graph_state_direct_basis.qpy
direct_basis_encoding,ame43,ame43,ame43,ame43,4,4,8,rand_011,random_unitary,householder_random,rand_011,True,1167,3212,4379,2722,,,1.781039,True,False,ok,,Converted from legacy E_new = E_Z @ W candidate.; Fidelity skipped because transpiled circuit has 128 qubits.,2722,2739.83,25.59,4379,4396.5,1167,1174.5,128,"{'sx': 1221, 'rz': 1083, 'cz': 956, 'rx': 908, 'rzz': 211}",6,6,0,C:\Users\szymo\QuditsOnQubits\QuditsOnQubits\basis_direct_encoding_benchmarks\quantum_circuits\ame43\householder_random__rand_011,C:\Users\szymo\QuditsOnQubits\QuditsOnQubits\basis_direct_encoding_benchmarks\quantum_circuits\ame43\householder_random__rand_011\F3_W.qpy,C:\Users\szymo\QuditsOnQubits\QuditsOnQubits\basis_direct_encoding_benchmarks\quantum_circuits\ame43\householder_random__rand_011\CZ3_W.qpy,C:\Users\szymo\QuditsOnQubits\QuditsOnQubits\basis_direct_encoding_benchmarks\quantum_circuits\ame43\householder_random__rand_011\graph_state_direct_basis.qpy
direct_basis_encoding,ame43,ame43,ame43,ame43,4,4,8,rand_012,random_unitary,householder_random,rand_012,True,1167,3212,4379,2722,,,1.668429,True,False,ok,,Converted from legacy E_new = E_Z @ W candidate.; Fidelity skipped because transpiled circuit has 128 qubits.,2722,2740.5,26.13,4379,4396.67,1167,1174.5,128,"{'sx': 1221, 'rz': 1083, 'cz': 956, 'rx': 908, 'rzz': 211}",6,6,0,C:\Users\szymo\QuditsOnQubits\QuditsOnQubits\basis_direct_encoding_benchmarks\quantum_circuits\ame43\householder_random__rand_012,C:\Users\szymo\QuditsOnQubits\QuditsOnQubits\basis_direct_encoding_benchmarks\quantum_circuits\ame43\householder_random__rand_012\F3_W.qpy,C:\Users\szymo\QuditsOnQubits\QuditsOnQubits\basis_direct_encoding_benchmarks\quantum_circuits\ame43\householder_random__rand_012\CZ3_W.qpy,C:\Users\szymo\QuditsOnQubits\QuditsOnQubits\basis_direct_encoding_benchmarks\quantum_circuits\ame43\householder_random__rand_012\graph_state_direct_basis.qpy
direct_basis_encoding,ame43,ame43,ame43,ame43,4,4,8,rand_013,random_unitary,householder_random,rand_013,True,1167,3213,4380,2724,,,1.720774,True,False,ok,,Converted from legacy E_new = E_Z @ W candidate.; Fidelity skipped because transpiled circuit has 128 qubits.,2724,2740.67,24.45,4380,4396.5,1167,1174.5,128,"{'sx': 1221, 'rz': 1083, 'cz': 956, 'rx': 909, 'rzz': 211}",6,6,0,C:\Users\szymo\QuditsOnQubits\QuditsOnQubits\basis_direct_encoding_benchmarks\quantum_circuits\ame43\householder_random__rand_013,C:\Users\szymo\QuditsOnQubits\QuditsOnQubits\basis_direct_encoding_benchmarks\quantum_circuits\ame43\householder_random__rand_013\F3_W.qpy,C:\Users\szymo\QuditsOnQubits\QuditsOnQubits\basis_direct_encoding_benchmarks\quantum_circuits\ame43\householder_random__rand_013\CZ3_W.qpy,C:\Users\szymo\QuditsOnQubits\QuditsOnQubits\basis_direct_encoding_benchmarks\quantum_circuits\ame43\householder_random__rand_013\graph_state_direct_basis.qpy
direct_basis_encoding,ame43,ame43,ame43,ame43,4,4,8,rand_014,random_unitary,householder_random,rand_014,True,1167,3215,4382,2724,,,1.957749,True,False,ok,,Converted from legacy E_new = E_Z @ W candidate.; Fidelity skipped because transpiled circuit has 128 qubits.,2724,2741.67,24.63,4382,4398.0,1167,1174.5,128,"{'sx': 1221, 'rz': 1083, 'cz': 956, 'rx': 911, 'rzz': 211}",6,6,0,C:\Users\szymo\QuditsOnQubits\QuditsOnQubits\basis_direct_encoding_benchmarks\quantum_circuits\ame43\householder_random__rand_014,C:\Users\szymo\QuditsOnQubits\QuditsOnQubits\basis_direct_encoding_benchmarks\quantum_circuits\ame43\householder_random__rand_014\F3_W.qpy,C:\Users\szymo\QuditsOnQubits\QuditsOnQubits\basis_direct_encoding_benchmarks\quantum_circuits\ame43\householder_random__rand_014\CZ3_W.qpy,C:\Users\szymo\QuditsOnQubits\QuditsOnQubits\basis_direct_encoding_benchmarks\quantum_circuits\ame43\householder_random__rand_014\graph_state_direct_basis.qpy
direct_basis_encoding,ame43,ame43,ame43,ame43,4,4,8,rand_015,random_unitary,householder_random,rand_015,True,1167,3214,4381,2725,,,1.686229,True,False,ok,,Converted from legacy E_new = E_Z @ W candidate.; Fidelity skipped because transpiled circuit has 128 qubits.,2725,2743.0,25.94,4381,4398.83,1167,1174.5,128,"{'sx': 1221, 'rz': 1083, 'cz': 956, 'rx': 910, 'rzz': 211}",6,6,0,C:\Users\szymo\QuditsOnQubits\QuditsOnQubits\basis_direct_encoding_benchmarks\quantum_circuits\ame43\householder_random__rand_015,C:\Users\szymo\QuditsOnQubits\QuditsOnQubits\basis_direct_encoding_benchmarks\quantum_circuits\ame43\householder_random__rand_015\F3_W.qpy,C:\Users\szymo\QuditsOnQubits\QuditsOnQubits\basis_direct_encoding_benchmarks\quantum_circuits\ame43\householder_random__rand_015\CZ3_W.qpy,C:\Users\szymo\QuditsOnQubits\QuditsOnQubits\basis_direct_encoding_benchmarks\quantum_circuits\ame43\householder_random__rand_015\graph_state_direct_basis.qpy
direct_basis_encoding,ame43,ame43,ame43,ame43,4,4,8,rand_016,random_unitary,householder_random,rand_016,True,1167,3211,4378,2720,,,1.606659,True,False,ok,,Converted from legacy E_new = E_Z @ W candidate.; Fidelity skipped because transpiled circuit has 128 qubits.,2720,2738.0,25.94,4378,4395.33,1167,1174.5,128,"{'sx': 1221, 'rz': 1083, 'cz': 956, 'rx': 907, 'rzz': 211}",6,6,0,C:\Users\szymo\QuditsOnQubits\QuditsOnQubits\basis_direct_encoding_benchmarks\quantum_circuits\ame43\householder_random__rand_016,C:\Users\szymo\QuditsOnQubits\QuditsOnQubits\basis_direct_encoding_benchmarks\quantum_circuits\ame43\householder_random__rand_016\F3_W.qpy,C:\Users\szymo\QuditsOnQubits\QuditsOnQubits\basis_direct_encoding_benchmarks\quantum_circuits\ame43\householder_random__rand_016\CZ3_W.qpy,C:\Users\szymo\QuditsOnQubits\QuditsOnQubits\basis_direct_encoding_benchmarks\quantum_circuits\ame43\householder_random__rand_016\graph_state_direct_basis.qpy
direct_basis_encoding,ame43,ame43,ame43,ame43,4,4,8,rand_017,random_unitary,householder_random,rand_017,True,1167,3211,4378,2720,,,1.654699,True,False,ok,,Converted from legacy E_new = E_Z @ W candidate.; Fidelity skipped because transpiled circuit has 128 qubits.,2720,2738.5,25.74,4378,4395.17,1167,1174.5,128,"{'sx': 1221, 'rz': 1083, 'cz': 956, 'rx': 907, 'rzz': 211}",6,6,0,C:\Users\szymo\QuditsOnQubits\QuditsOnQubits\basis_direct_encoding_benchmarks\quantum_circuits\ame43\householder_random__rand_017,C:\Users\szymo\QuditsOnQubits\QuditsOnQubits\basis_direct_encoding_benchmarks\quantum_circuits\ame43\householder_random__rand_017\F3_W.qpy,C:\Users\szymo\QuditsOnQubits\QuditsOnQubits\basis_direct_encoding_benchmarks\quantum_circuits\ame43\householder_random__rand_017\CZ3_W.qpy,C:\Users\szymo\QuditsOnQubits\QuditsOnQubits\basis_direct_encoding_benchmarks\quantum_circuits\ame43\householder_random__rand_017\graph_state_direct_basis.qpy
direct_basis_encoding,ame43,ame43,ame43,ame43,4,4,8,rand_018,random_unitary,householder_random,rand_018,True,1167,3212,4379,2722,,,1.644495,True,False,ok,,Converted from legacy E_new = E_Z @ W candidate.; Fidelity skipped because transpiled circuit has 128 qubits.,2722,2740.5,25.74,4379,4396.33,1167,1174.5,128,"{'sx': 1221, 'rz': 1083, 'cz': 956, 'rx': 908, 'rzz': 211}",6,6,0,C:\Users\szymo\QuditsOnQubits\QuditsOnQubits\basis_direct_encoding_benchmarks\quantum_circuits\ame43\householder_random__rand_018,C:\Users\szymo\QuditsOnQubits\QuditsOnQubits\basis_direct_encoding_benchmarks\quantum_circuits\ame43\householder_random__rand_018\F3_W.qpy,C:\Users\szymo\QuditsOnQubits\QuditsOnQubits\basis_direct_encoding_benchmarks\quantum_circuits\ame43\householder_random__rand_018\CZ3_W.qpy,C:\Users\szymo\QuditsOnQubits\QuditsOnQubits\basis_direct_encoding_benchmarks\quantum_circuits\ame43\householder_random__rand_018\graph_state_direct_basis.qpy
direct_basis_encoding,ame43,ame43,ame43,ame43,4,4,8,rand_019,random_unitary,householder_random,rand_019,True,1167,3217,4384,2727,,,1.66717,True,False,ok,,Converted from legacy E_new = E_Z @ W candidate.; Fidelity skipped because transpiled circuit has 128 qubits.,2727,2743.67,24.07,4384,4400.33,1167,1174.5,128,"{'sx': 1221, 'rz': 1083, 'cz': 956, 'rx': 913, 'rzz': 211}",6,6,0,C:\Users\szymo\QuditsOnQubits\QuditsOnQubits\basis_direct_encoding_benchmarks\quantum_circuits\ame43\householder_random__rand_019,C:\Users\szymo\QuditsOnQubits\QuditsOnQubits\basis_direct_encoding_benchmarks\quantum_circuits\ame43\householder_random__rand_019\F3_W.qpy,C:\Users\szymo\QuditsOnQubits\QuditsOnQubits\basis_direct_encoding_benchmarks\quantum_circuits\ame43\householder_random__rand_019\CZ3_W.qpy,C:\Users\szymo\QuditsOnQubits\QuditsOnQubits\basis_direct_encoding_benchmarks\quantum_circuits\ame43\householder_random__rand_019\graph_state_direct_basis.qpy
direct_basis_encoding,ame43,ame43,ame43,ame43,4,4,8,X0Z0F0,clifford,clifford_wh,X0Z0F0,True,101,218,319,157,,,0.278167,True,False,ok,,Converted from legacy E_new = E_Z @ W candidate.; Fidelity skipped because transpiled circuit has 128 qubits.,157,177.67,12.05,319,344.17,101,109.0,128,"{'sx': 118, 'cz': 98, 'rz': 60, 'rx': 40, 'rzz': 3}",6,6,0,C:\Users\szymo\QuditsOnQubits\QuditsOnQubits\basis_direct_encoding_benchmarks\quantum_circuits\ame43\clifford_wh__X0Z0F0,C:\Users\szymo\QuditsOnQubits\QuditsOnQubits\basis_direct_encoding_benchmarks\quantum_circuits\ame43\clifford_wh__X0Z0F0\F3_W.qpy,C:\Users\szymo\QuditsOnQubits\QuditsOnQubits\basis_direct_encoding_benchmarks\quantum_circuits\ame43\clifford_wh__X0Z0F0\CZ3_W.qpy,C:\Users\szymo\QuditsOnQubits\QuditsOnQubits\basis_direct_encoding_benchmarks\quantum_circuits\ame43\clifford_wh__X0Z0F0\graph_state_direct_basis.qpy
direct_basis_encoding,ame43,ame43,ame43,ame43,4,4,8,X0Z0F1,clifford,clifford_wh,X0Z0F1,True,1161,3197,4358,2720,,,1.673881,True,False,ok,,Converted from legacy E_new = E_Z @ W candidate.; Fidelity skipped because transpiled circuit has 128 qubits.,2720,2737.83,26.18,4358,4368.67,1161,1167.17,128,"{'sx': 1216, 'rz': 1071, 'cz': 952, 'rx': 910, 'rzz': 209}",6,6,0,C:\Users\szymo\QuditsOnQubits\QuditsOnQubits\basis_direct_encoding_benchmarks\quantum_circuits\ame43\clifford_wh__X0Z0F1,C:\Users\szymo\QuditsOnQubits\QuditsOnQubits\basis_direct_encoding_benchmarks\quantum_circuits\ame43\clifford_wh__X0Z0F1\F3_W.qpy,C:\Users\szymo\QuditsOnQubits\QuditsOnQubits\basis_direct_encoding_benchmarks\quantum_circuits\ame43\clifford_wh__X0Z0F1\CZ3_W.qpy,C:\Users\szymo\QuditsOnQubits\QuditsOnQubits\basis_direct_encoding_benchmarks\quantum_circuits\ame43\clifford_wh__X0Z0F1\graph_state_direct_basis.qpy
direct_basis_encoding,ame43,ame43,ame43,ame43,4,4,8,X0Z0F2,clifford,clifford_wh,X0Z0F2,True,553,1499,2052,1244,,,1.018842,True,False,ok,,Converted from legacy E_new = E_Z @ W candidate.; Fidelity skipped because transpiled circuit has 128 qubits.,1244,1262.33,26.11,2052,2041.17,553,556.67,128,"{'sx': 553, 'rz': 504, 'rx': 442, 'cz': 433, 'rzz': 120}",6,6,0,C:\Users\szymo\QuditsOnQubits\QuditsOnQubits\basis_direct_encoding_benchmarks\quantum_circuits\ame43\clifford_wh__X0Z0F2,C:\Users\szymo\QuditsOnQubits\QuditsOnQubits\basis_direct_encoding_benchmarks\quantum_circuits\ame43\clifford_wh__X0Z0F2\F3_W.qpy,C:\Users\szymo\QuditsOnQubits\QuditsOnQubits\basis_direct_encoding_benchmarks\quantum_circuits\ame43\clifford_wh__X0Z0F2\CZ3_W.qpy,C:\Users\szymo\QuditsOnQubits\QuditsOnQubits\basis_direct_encoding_benchmarks\quantum_circuits\ame43\clifford_wh__X0Z0F2\graph_state_direct_basis.qpy
direct_basis_encoding,ame43,ame43,ame43,ame43,4,4,8,X0Z1F0,clifford,clifford_wh,X0Z1F0,True,101,221,322,157,,,0.276496,True,False,ok,,Converted from legacy E_new = E_Z @ W candidate.; Fidelity skipped because transpiled circuit has 128 qubits.,157,178.17,12.33,322,346.5,101,109.0,128,"{'sx': 118, 'cz': 98, 'rz': 63, 'rx': 40, 'rzz': 3}",6,6,0,C:\Users\szymo\QuditsOnQubits\QuditsOnQubits\basis_direct_encoding_benchmarks\quantum_circuits\ame43\clifford_wh__X0Z1F0,C:\Users\szymo\QuditsOnQubits\QuditsOnQubits\basis_direct_encoding_benchmarks\quantum_circuits\ame43\clifford_wh__X0Z1F0\F3_W.qpy,C:\Users\szymo\QuditsOnQubits\QuditsOnQubits\basis_direct_encoding_benchmarks\quantum_circuits\ame43\clifford_wh__X0Z1F0\CZ3_W.qpy,C:\Users\szymo\QuditsOnQubits\QuditsOnQubits\basis_direct_encoding_benchmarks\quantum_circuits\ame43\clifford_wh__X0Z1F0\graph_state_direct_basis.qpy
direct_basis_encoding,ame43,ame43,ame43,ame43,4,4,8,X0Z1F1,clifford,clifford_wh,X0Z1F1,True,1161,3188,4349,2712,,,1.553181,True,False,ok,,Converted from legacy E_new = E_Z @ W candidate.; Fidelity skipped because transpiled circuit has 128 qubits.,2712,2730.5,27.4,4349,4361.5,1161,1167.17,128,"{'sx': 1216, 'rz': 1071, 'cz': 952, 'rx': 901, 'rzz': 209}",6,6,0,C:\Users\szymo\QuditsOnQubits\QuditsOnQubits\basis_direct_encoding_benchmarks\quantum_circuits\ame43\clifford_wh__X0Z1F1,C:\Users\szymo\QuditsOnQubits\QuditsOnQubits\basis_direct_encoding_benchmarks\quantum_circuits\ame43\clifford_wh__X0Z1F1\F3_W.qpy,C:\Users\szymo\QuditsOnQubits\QuditsOnQubits\basis_direct_encoding_benchmarks\quantum_circuits\ame43\clifford_wh__X0Z1F1\CZ3_W.qpy,C:\Users\szymo\QuditsOnQubits\QuditsOnQubits\basis_direct_encoding_benchmarks\quantum_circuits\ame43\clifford_wh__X0Z1F1\graph_state_direct_basis.qpy
direct_basis_encoding,ame43,ame43,ame43,ame43,4,4,8,X0Z1F2,clifford,clifford_wh,X0Z1F2,True,564,1617,2181,1325,,,0.978864,True,False,ok,,Converted from legacy E_new = E_Z @ W candidate.; Fidelity skipped because transpiled circuit has 128 qubits.,1325,1342.33,24.34,2181,2172.5,564,569.33,128,"{'rz': 582, 'sx': 556, 'rx': 479, 'cz': 433, 'rzz': 131}",6,6,0,C:\Users\szymo\QuditsOnQubits\QuditsOnQubits\basis_direct_encoding_benchmarks\quantum_circuits\ame43\clifford_wh__X0Z1F2,C:\Users\szymo\QuditsOnQubits\QuditsOnQubits\basis_direct_encoding_benchmarks\quantum_circuits\ame43\clifford_wh__X0Z1F2\F3_W.qpy,C:\Users\szymo\QuditsOnQubits\QuditsOnQubits\basis_direct_encoding_benchmarks\quantum_circuits\ame43\clifford_wh__X0Z1F2\CZ3_W.qpy,C:\Users\szymo\QuditsOnQubits\QuditsOnQubits\basis_direct_encoding_benchmarks\quantum_circuits\ame43\clifford_wh__X0Z1F2\graph_state_direct_basis.qpy
direct_basis_encoding,ame43,ame43,ame43,ame43,4,4,8,X0Z2F0,clifford,clifford_wh,X0Z2F0,True,101,221,322,157,,,0.299343,True,False,ok,,Converted from legacy E_new = E_Z @ W candidate.; Fidelity skipped because transpiled circuit has 128 qubits.,157,178.17,12.33,322,346.5,101,109.0,128,"{'sx': 118, 'cz': 98, 'rz': 63, 'rx': 40, 'rzz': 3}",6,6,0,C:\Users\szymo\QuditsOnQubits\QuditsOnQubits\basis_direct_encoding_benchmarks\quantum_circuits\ame43\clifford_wh__X0Z2F0,C:\Users\szymo\QuditsOnQubits\QuditsOnQubits\basis_direct_encoding_benchmarks\quantum_circuits\ame43\clifford_wh__X0Z2F0\F3_W.qpy,C:\Users\szymo\QuditsOnQubits\QuditsOnQubits\basis_direct_encoding_benchmarks\quantum_circuits\ame43\clifford_wh__X0Z2F0\CZ3_W.qpy,C:\Users\szymo\QuditsOnQubits\QuditsOnQubits\basis_direct_encoding_benchmarks\quantum_circuits\ame43\clifford_wh__X0Z2F0\graph_state_direct_basis.qpy
direct_basis_encoding,ame43,ame43,ame43,ame43,4,4,8,X0Z2F1,clifford,clifford_wh,X0Z2F1,True,1161,3190,4351,2713,,,1.715845,True,False,ok,,Converted from legacy E_new = E_Z @ W candidate.; Fidelity skipped because transpiled circuit has 128 qubits.,2713,2731.33,26.84,4351,4362.33,1161,1167.17,128,"{'sx': 1216, 'rz': 1071, 'cz': 952, 'rx': 903, 'rzz': 209}",6,6,0,C:\Users\szymo\QuditsOnQubits\QuditsOnQubits\basis_direct_encoding_benchmarks\quantum_circuits\ame43\clifford_wh__X0Z2F1,C:\Users\szymo\QuditsOnQubits\QuditsOnQubits\basis_direct_encoding_benchmarks\quantum_circuits\ame43\clifford_wh__X0Z2F1\F3_W.qpy,C:\Users\szymo\QuditsOnQubits\QuditsOnQubits\basis_direct_encoding_benchmarks\quantum_circuits\ame43\clifford_wh__X0Z2F1\CZ3_W.qpy,C:\Users\szymo\QuditsOnQubits\QuditsOnQubits\basis_direct_encoding_benchmarks\quantum_circuits\ame43\clifford_wh__X0Z2F1\graph_state_direct_basis.qpy
direct_basis_encoding,ame43,ame43,ame43,ame43,4,4,8,X0Z2F2,clifford,clifford_wh,X0Z2F2,True,564,1620,2184,1327,,,0.88943,True,False,ok,,Converted from legacy E_new = E_Z @ W candidate.; Fidelity skipped because transpiled circuit has 128 qubits.,1327,1347.17,23.9,2184,2181.5,564,569.33,128,"{'rz': 588, 'sx': 556, 'rx': 476, 'cz': 433, 'rzz': 131}",6,6,0,C:\Users\szymo\QuditsOnQubits\QuditsOnQubits\basis_direct_encoding_benchmarks\quantum_circuits\ame43\clifford_wh__X0Z2F2,C:\Users\szymo\QuditsOnQubits\QuditsOnQubits\basis_direct_encoding_benchmarks\quantum_circuits\ame43\clifford_wh__X0Z2F2\F3_W.qpy,C:\Users\szymo\QuditsOnQubits\QuditsOnQubits\basis_direct_encoding_benchmarks\quantum_circuits\ame43\clifford_wh__X0Z2F2\CZ3_W.qpy,C:\Users\szymo\QuditsOnQubits\QuditsOnQubits\basis_direct_encoding_benchmarks\quantum_circuits\ame43\clifford_wh__X0Z2F2\graph_state_direct_basis.qpy
direct_basis_encoding,ame43,ame43,ame43,ame43,4,4,8,X1Z0F0,clifford,clifford_wh,X1Z0F0,True,101,223,324,209,,,0.369608,True,False,ok,,Converted from legacy E_new = E_Z @ W candidate.; Fidelity skipped because transpiled circuit has 128 qubits.,209,215.17,7.36,324,330.67,101,102.5,128,"{'sx': 104, 'cz': 89, 'rz': 66, 'rx': 53, 'rzz': 12}",6,6,0,C:\Users\szymo\QuditsOnQubits\QuditsOnQubits\basis_direct_encoding_benchmarks\quantum_circuits\ame43\clifford_wh__X1Z0F0,C:\Users\szymo\QuditsOnQubits\QuditsOnQubits\basis_direct_encoding_benchmarks\quantum_circuits\ame43\clifford_wh__X1Z0F0\F3_W.qpy,C:\Users\szymo\QuditsOnQubits\QuditsOnQubits\basis_direct_encoding_benchmarks\quantum_circuits\ame43\clifford_wh__X1Z0F0\CZ3_W.qpy,C:\Users\szymo\QuditsOnQubits\QuditsOnQubits\basis_direct_encoding_benchmarks\quantum_circuits\ame43\clifford_wh__X1Z0F0\graph_state_direct_basis.qpy
direct_basis_encoding,ame43,ame43,ame43,ame43,4,4,8,X1Z0F1,clifford,clifford_wh,X1Z0F1,True,1167,3197,4364,2720,,,1.828513,True,False,ok,,Converted from legacy E_new = E_Z @ W candidate.; Fidelity skipped because transpiled circuit has 128 qubits.,2720,2738.33,25.89,4364,4382.5,1167,1174.5,128,"{'sx': 1221, 'rz': 1068, 'cz': 956, 'rx': 908, 'rzz': 211}",6,6,0,C:\Users\szymo\QuditsOnQubits\QuditsOnQubits\basis_direct_encoding_benchmarks\quantum_circuits\ame43\clifford_wh__X1Z0F1,C:\Users\szymo\QuditsOnQubits\QuditsOnQubits\basis_direct_encoding_benchmarks\quantum_circuits\ame43\clifford_wh__X1Z0F1\F3_W.qpy,C:\Users\szymo\QuditsOnQubits\QuditsOnQubits\basis_direct_encoding_benchmarks\quantum_circuits\ame43\clifford_wh__X1Z0F1\CZ3_W.qpy,C:\Users\szymo\QuditsOnQubits\QuditsOnQubits\basis_direct_encoding_benchmarks\quantum_circuits\ame43\clifford_wh__X1Z0F1\graph_state_direct_basis.qpy
direct_basis_encoding,ame43,ame43,ame43,ame43,4,4,8,X1Z0F2,clifford,clifford_wh,X1Z0F2,True,533,1582,2115,1278,,,1.014741,True,False,ok,,Converted from legacy E_new = E_Z @ W candidate.; Fidelity skipped because transpiled circuit has 128 qubits.,1278,1286.67,10.37,2115,2121.33,533,536.0,128,"{'rz': 600, 'sx': 494, 'rx': 488, 'cz': 394, 'rzz': 139}",6,6,0,C:\Users\szymo\QuditsOnQubits\QuditsOnQubits\basis_direct_encoding_benchmarks\quantum_circuits\ame43\clifford_wh__X1Z0F2,C:\Users\szymo\QuditsOnQubits\QuditsOnQubits\basis_direct_encoding_benchmarks\quantum_circuits\ame43\clifford_wh__X1Z0F2\F3_W.qpy,C:\Users\szymo\QuditsOnQubits\QuditsOnQubits\basis_direct_encoding_benchmarks\quantum_circuits\ame43\clifford_wh__X1Z0F2\CZ3_W.qpy,C:\Users\szymo\QuditsOnQubits\QuditsOnQubits\basis_direct_encoding_benchmarks\quantum_circuits\ame43\clifford_wh__X1Z0F2\graph_state_direct_basis.qpy
direct_basis_encoding,ame43,ame43,ame43,ame43,4,4,8,X1Z1F0,clifford,clifford_wh,X1Z1F0,True,101,234,335,210,,,0.331604,True,False,ok,,Converted from legacy E_new = E_Z @ W candidate.; Fidelity skipped because transpiled circuit has 128 qubits.,210,216.0,7.28,335,341.83,101,102.5,128,"{'sx': 105, 'cz': 89, 'rz': 78, 'rx': 51, 'rzz': 12}",6,6,0,C:\Users\szymo\QuditsOnQubits\QuditsOnQubits\basis_direct_encoding_benchmarks\quantum_circuits\ame43\clifford_wh__X1Z1F0,C:\Users\szymo\QuditsOnQubits\QuditsOnQubits\basis_direct_encoding_benchmarks\quantum_circuits\ame43\clifford_wh__X1Z1F0\F3_W.qpy,C:\Users\szymo\QuditsOnQubits\QuditsOnQubits\basis_direct_encoding_benchmarks\quantum_circuits\ame43\clifford_wh__X1Z1F0\CZ3_W.qpy,C:\Users\szymo\QuditsOnQubits\QuditsOnQubits\basis_direct_encoding_benchmarks\quantum_circuits\ame43\clifford_wh__X1Z1F0\graph_state_direct_basis.qpy
direct_basis_encoding,ame43,ame43,ame43,ame43,4,4,8,X1Z1F1,clifford,clifford_wh,X1Z1F1,True,1167,3199,4366,2722,,,1.980518,True,False,ok,,Converted from legacy E_new = E_Z @ W candidate.; Fidelity skipped because transpiled circuit has 128 qubits.,2722,2740.67,25.9,4366,4385.0,1167,1174.5,128,"{'sx': 1221, 'rz': 1068, 'cz': 956, 'rx': 910, 'rzz': 211}",6,6,0,C:\Users\szymo\QuditsOnQubits\QuditsOnQubits\basis_direct_encoding_benchmarks\quantum_circuits\ame43\clifford_wh__X1Z1F1,C:\Users\szymo\QuditsOnQubits\QuditsOnQubits\basis_direct_encoding_benchmarks\quantum_circuits\ame43\clifford_wh__X1Z1F1\F3_W.qpy,C:\Users\szymo\QuditsOnQubits\QuditsOnQubits\basis_direct_encoding_benchmarks\quantum_circuits\ame43\clifford_wh__X1Z1F1\CZ3_W.qpy,C:\Users\szymo\QuditsOnQubits\QuditsOnQubits\basis_direct_encoding_benchmarks\quantum_circuits\ame43\clifford_wh__X1Z1F1\graph_state_direct_basis.qpy
direct_basis_encoding,ame43,ame43,ame43,ame43,4,4,8,X1Z1F2,clifford,clifford_wh,X1Z1F2,True,533,1587,2120,1278,,,0.889934,True,False,ok,,Converted from legacy E_new = E_Z @ W candidate.; Fidelity skipped because transpiled circuit has 128 qubits.,1278,1287.33,11.21,2120,2127.0,533,536.0,128,"{'rz': 605, 'sx': 494, 'rx': 488, 'cz': 394, 'rzz': 139}",6,6,0,C:\Users\szymo\QuditsOnQubits\QuditsOnQubits\basis_direct_encoding_benchmarks\quantum_circuits\ame43\clifford_wh__X1Z1F2,C:\Users\szymo\QuditsOnQubits\QuditsOnQubits\basis_direct_encoding_benchmarks\quantum_circuits\ame43\clifford_wh__X1Z1F2\F3_W.qpy,C:\Users\szymo\QuditsOnQubits\QuditsOnQubits\basis_direct_encoding_benchmarks\quantum_circuits\ame43\clifford_wh__X1Z1F2\CZ3_W.qpy,C:\Users\szymo\QuditsOnQubits\QuditsOnQubits\basis_direct_encoding_benchmarks\quantum_circuits\ame43\clifford_wh__X1Z1F2\graph_state_direct_basis.qpy
direct_basis_encoding,ame43,ame43,ame43,ame43,4,4,8,X1Z2F0,clifford,clifford_wh,X1Z2F0,True,101,234,335,210,,,0.314418,True,False,ok,,Converted from legacy E_new = E_Z @ W candidate.; Fidelity skipped because transpiled circuit has 128 qubits.,210,216.0,7.28,335,341.83,101,102.5,128,"{'sx': 105, 'cz': 89, 'rz': 78, 'rx': 51, 'rzz': 12}",6,6,0,C:\Users\szymo\QuditsOnQubits\QuditsOnQubits\basis_direct_encoding_benchmarks\quantum_circuits\ame43\clifford_wh__X1Z2F0,C:\Users\szymo\QuditsOnQubits\QuditsOnQubits\basis_direct_encoding_benchmarks\quantum_circuits\ame43\clifford_wh__X1Z2F0\F3_W.qpy,C:\Users\szymo\QuditsOnQubits\QuditsOnQubits\basis_direct_encoding_benchmarks\quantum_circuits\ame43\clifford_wh__X1Z2F0\CZ3_W.qpy,C:\Users\szymo\QuditsOnQubits\QuditsOnQubits\basis_direct_encoding_benchmarks\quantum_circuits\ame43\clifford_wh__X1Z2F0\graph_state_direct_basis.qpy
direct_basis_encoding,ame43,ame43,ame43,ame43,4,4,8,X1Z2F1,clifford,clifford_wh,X1Z2F1,True,1167,3194,4361,2718,,,1.601032,True,False,ok,,Converted from legacy E_new = E_Z @ W candidate.; Fidelity skipped because transpiled circuit has 128 qubits.,2718,2736.83,25.68,4361,4380.17,1167,1174.5,128,"{'sx': 1221, 'rz': 1068, 'cz': 956, 'rx': 905, 'rzz': 211}",6,6,0,C:\Users\szymo\QuditsOnQubits\QuditsOnQubits\basis_direct_encoding_benchmarks\quantum_circuits\ame43\clifford_wh__X1Z2F1,C:\Users\szymo\QuditsOnQubits\QuditsOnQubits\basis_direct_encoding_benchmarks\quantum_circuits\ame43\clifford_wh__X1Z2F1\F3_W.qpy,C:\Users\szymo\QuditsOnQubits\QuditsOnQubits\basis_direct_encoding_benchmarks\quantum_circuits\ame43\clifford_wh__X1Z2F1\CZ3_W.qpy,C:\Users\szymo\QuditsOnQubits\QuditsOnQubits\basis_direct_encoding_benchmarks\quantum_circuits\ame43\clifford_wh__X1Z2F1\graph_state_direct_basis.qpy
direct_basis_encoding,ame43,ame43,ame43,ame43,4,4,8,X1Z2F2,clifford,clifford_wh,X1Z2F2,True,533,1587,2120,1278,,,1.0251,True,False,ok,,Converted from legacy E_new = E_Z @ W candidate.; Fidelity skipped because transpiled circuit has 128 qubits.,1278,1286.83,10.45,2120,2126.5,533,536.0,128,"{'rz': 605, 'sx': 494, 'rx': 488, 'cz': 394, 'rzz': 139}",6,6,0,C:\Users\szymo\QuditsOnQubits\QuditsOnQubits\basis_direct_encoding_benchmarks\quantum_circuits\ame43\clifford_wh__X1Z2F2,C:\Users\szymo\QuditsOnQubits\QuditsOnQubits\basis_direct_encoding_benchmarks\quantum_circuits\ame43\clifford_wh__X1Z2F2\F3_W.qpy,C:\Users\szymo\QuditsOnQubits\QuditsOnQubits\basis_direct_encoding_benchmarks\quantum_circuits\ame43\clifford_wh__X1Z2F2\CZ3_W.qpy,C:\Users\szymo\QuditsOnQubits\QuditsOnQubits\basis_direct_encoding_benchmarks\quantum_circuits\ame43\clifford_wh__X1Z2F2\graph_state_direct_basis.qpy
direct_basis_encoding,ame43,ame43,ame43,ame43,4,4,8,X2Z0F0,clifford,clifford_wh,X2Z0F0,True,100,196,296,199,,,0.361364,True,False,ok,,Converted from legacy E_new = E_Z @ W candidate.; Fidelity skipped because transpiled circuit has 128 qubits.,199,231.0,21.04,296,358.5,100,117.33,128,"{'sx': 101, 'cz': 99, 'rz': 53, 'rx': 42, 'rzz': 1}",6,6,0,C:\Users\szymo\QuditsOnQubits\QuditsOnQubits\basis_direct_encoding_benchmarks\quantum_circuits\ame43\clifford_wh__X2Z0F0,C:\Users\szymo\QuditsOnQubits\QuditsOnQubits\basis_direct_encoding_benchmarks\quantum_circuits\ame43\clifford_wh__X2Z0F0\F3_W.qpy,C:\Users\szymo\QuditsOnQubits\QuditsOnQubits\basis_direct_encoding_benchmarks\quantum_circuits\ame43\clifford_wh__X2Z0F0\CZ3_W.qpy,C:\Users\szymo\QuditsOnQubits\QuditsOnQubits\basis_direct_encoding_benchmarks\quantum_circuits\ame43\clifford_wh__X2Z0F0\graph_state_direct_basis.qpy
direct_basis_encoding,ame43,ame43,ame43,ame43,4,4,8,X2Z0F1,clifford,clifford_wh,X2Z0F1,True,1161,3187,4348,2710,,,1.598314,True,False,ok,,Converted from legacy E_new = E_Z @ W candidate.; Fidelity skipped because transpiled circuit has 128 qubits.,2710,2728.5,27.4,4348,4359.83,1161,1167.17,128,"{'sx': 1215, 'rz': 1071, 'cz': 952, 'rx': 901, 'rzz': 209}",6,6,0,C:\Users\szymo\QuditsOnQubits\QuditsOnQubits\basis_direct_encoding_benchmarks\quantum_circuits\ame43\clifford_wh__X2Z0F1,C:\Users\szymo\QuditsOnQubits\QuditsOnQubits\basis_direct_encoding_benchmarks\quantum_circuits\ame43\clifford_wh__X2Z0F1\F3_W.qpy,C:\Users\szymo\QuditsOnQubits\QuditsOnQubits\basis_direct_encoding_benchmarks\quantum_circuits\ame43\clifford_wh__X2Z0F1\CZ3_W.qpy,C:\Users\szymo\QuditsOnQubits\QuditsOnQubits\basis_direct_encoding_benchmarks\quantum_circuits\ame43\clifford_wh__X2Z0F1\graph_state_direct_basis.qpy
direct_basis_encoding,ame43,ame43,ame43,ame43,4,4,8,X2Z0F2,clifford,clifford_wh,X2Z0F2,True,573,1658,2231,1339,,,0.978871,True,False,ok,,Converted from legacy E_new = E_Z @ W candidate.; Fidelity skipped because transpiled circuit has 128 qubits.,1339,1363.33,24.03,2231,2222.67,573,578.33,128,"{'rz': 606, 'sx': 556, 'rx': 496, 'cz': 433, 'rzz': 140}",6,6,0,C:\Users\szymo\QuditsOnQubits\QuditsOnQubits\basis_direct_encoding_benchmarks\quantum_circuits\ame43\clifford_wh__X2Z0F2,C:\Users\szymo\QuditsOnQubits\QuditsOnQubits\basis_direct_encoding_benchmarks\quantum_circuits\ame43\clifford_wh__X2Z0F2\F3_W.qpy,C:\Users\szymo\QuditsOnQubits\QuditsOnQubits\basis_direct_encoding_benchmarks\quantum_circuits\ame43\clifford_wh__X2Z0F2\CZ3_W.qpy,C:\Users\szymo\QuditsOnQubits\QuditsOnQubits\basis_direct_encoding_benchmarks\quantum_circuits\ame43\clifford_wh__X2Z0F2\graph_state_direct_basis.qpy
direct_basis_encoding,ame43,ame43,ame43,ame43,4,4,8,X2Z1F0,clifford,clifford_wh,X2Z1F0,True,100,203,303,203,,,0.303093,True,False,ok,,Converted from legacy E_new = E_Z @ W candidate.; Fidelity skipped because transpiled circuit has 128 qubits.,203,233.17,20.24,303,367.0,100,117.33,128,"{'sx': 101, 'cz': 99, 'rz': 60, 'rx': 42, 'rzz': 1}",6,6,0,C:\Users\szymo\QuditsOnQubits\QuditsOnQubits\basis_direct_encoding_benchmarks\quantum_circuits\ame43\clifford_wh__X2Z1F0,C:\Users\szymo\QuditsOnQubits\QuditsOnQubits\basis_direct_encoding_benchmarks\quantum_circuits\ame43\clifford_wh__X2Z1F0\F3_W.qpy,C:\Users\szymo\QuditsOnQubits\QuditsOnQubits\basis_direct_encoding_benchmarks\quantum_circuits\ame43\clifford_wh__X2Z1F0\CZ3_W.qpy,C:\Users\szymo\QuditsOnQubits\QuditsOnQubits\basis_direct_encoding_benchmarks\quantum_circuits\ame43\clifford_wh__X2Z1F0\graph_state_direct_basis.qpy
direct_basis_encoding,ame43,ame43,ame43,ame43,4,4,8,X2Z1F1,clifford,clifford_wh,X2Z1F1,True,1161,3192,4353,2714,,,1.695361,True,False,ok,,Converted from legacy E_new = E_Z @ W candidate.; Fidelity skipped because transpiled circuit has 128 qubits.,2714,2732.83,26.84,4353,4364.33,1161,1167.17,128,"{'sx': 1215, 'rz': 1071, 'cz': 952, 'rx': 906, 'rzz': 209}",6,6,0,C:\Users\szymo\QuditsOnQubits\QuditsOnQubits\basis_direct_encoding_benchmarks\quantum_circuits\ame43\clifford_wh__X2Z1F1,C:\Users\szymo\QuditsOnQubits\QuditsOnQubits\basis_direct_encoding_benchmarks\quantum_circuits\ame43\clifford_wh__X2Z1F1\F3_W.qpy,C:\Users\szymo\QuditsOnQubits\QuditsOnQubits\basis_direct_encoding_benchmarks\quantum_circuits\ame43\clifford_wh__X2Z1F1\CZ3_W.qpy,C:\Users\szymo\QuditsOnQubits\QuditsOnQubits\basis_direct_encoding_benchmarks\quantum_circuits\ame43\clifford_wh__X2Z1F1\graph_state_direct_basis.qpy
direct_basis_encoding,ame43,ame43,ame43,ame43,4,4,8,X2Z1F2,clifford,clifford_wh,X2Z1F2,True,573,1667,2240,1342,,,1.098907,True,False,ok,,Converted from legacy E_new = E_Z @ W candidate.; Fidelity skipped because transpiled circuit has 128 qubits.,1342,1367.0,25.72,2240,2232.33,573,578.33,128,"{'rz': 611, 'sx': 556, 'rx': 500, 'cz': 433, 'rzz': 140}",6,6,0,C:\Users\szymo\QuditsOnQubits\QuditsOnQubits\basis_direct_encoding_benchmarks\quantum_circuits\ame43\clifford_wh__X2Z1F2,C:\Users\szymo\QuditsOnQubits\QuditsOnQubits\basis_direct_encoding_benchmarks\quantum_circuits\ame43\clifford_wh__X2Z1F2\F3_W.qpy,C:\Users\szymo\QuditsOnQubits\QuditsOnQubits\basis_direct_encoding_benchmarks\quantum_circuits\ame43\clifford_wh__X2Z1F2\CZ3_W.qpy,C:\Users\szymo\QuditsOnQubits\QuditsOnQubits\basis_direct_encoding_benchmarks\quantum_circuits\ame43\clifford_wh__X2Z1F2\graph_state_direct_basis.qpy
direct_basis_encoding,ame43,ame43,ame43,ame43,4,4,8,X2Z2F0,clifford,clifford_wh,X2Z2F0,True,100,202,302,203,,,0.302017,True,False,ok,,Converted from legacy E_new = E_Z @ W candidate.; Fidelity skipped because transpiled circuit has 128 qubits.,203,233.17,20.24,302,366.67,100,117.33,128,"{'sx': 101, 'cz': 99, 'rz': 60, 'rx': 41, 'rzz': 1}",6,6,0,C:\Users\szymo\QuditsOnQubits\QuditsOnQubits\basis_direct_encoding_benchmarks\quantum_circuits\ame43\clifford_wh__X2Z2F0,C:\Users\szymo\QuditsOnQubits\QuditsOnQubits\basis_direct_encoding_benchmarks\quantum_circuits\ame43\clifford_wh__X2Z2F0\F3_W.qpy,C:\Users\szymo\QuditsOnQubits\QuditsOnQubits\basis_direct_encoding_benchmarks\quantum_circuits\ame43\clifford_wh__X2Z2F0\CZ3_W.qpy,C:\Users\szymo\QuditsOnQubits\QuditsOnQubits\basis_direct_encoding_benchmarks\quantum_circuits\ame43\clifford_wh__X2Z2F0\graph_state_direct_basis.qpy
direct_basis_encoding,ame43,ame43,ame43,ame43,4,4,8,X2Z2F1,clifford,clifford_wh,X2Z2F1,True,1161,3187,4348,2710,,,1.648705,True,False,ok,,Converted from legacy E_new = E_Z @ W candidate.; Fidelity skipped because transpiled circuit has 128 qubits.,2710,2729.0,27.2,4348,4359.83,1161,1167.17,128,"{'sx': 1215, 'rz': 1071, 'cz': 952, 'rx': 901, 'rzz': 209}",6,6,0,C:\Users\szymo\QuditsOnQubits\QuditsOnQubits\basis_direct_encoding_benchmarks\quantum_circuits\ame43\clifford_wh__X2Z2F1,C:\Users\szymo\QuditsOnQubits\QuditsOnQubits\basis_direct_encoding_benchmarks\quantum_circuits\ame43\clifford_wh__X2Z2F1\F3_W.qpy,C:\Users\szymo\QuditsOnQubits\QuditsOnQubits\basis_direct_encoding_benchmarks\quantum_circuits\ame43\clifford_wh__X2Z2F1\CZ3_W.qpy,C:\Users\szymo\QuditsOnQubits\QuditsOnQubits\basis_direct_encoding_benchmarks\quantum_circuits\ame43\clifford_wh__X2Z2F1\graph_state_direct_basis.qpy
direct_basis_encoding,ame43,ame43,ame43,ame43,4,4,8,X2Z2F2,clifford,clifford_wh,X2Z2F2,True,573,1667,2240,1342,,,0.924324,True,False,ok,,Converted from legacy E_new = E_Z @ W candidate.; Fidelity skipped because transpiled circuit has 128 qubits.,1342,1365.33,24.19,2240,2230.83,573,578.33,128,"{'rz': 611, 'sx': 556, 'rx': 500, 'cz': 433, 'rzz': 140}",6,6,0,C:\Users\szymo\QuditsOnQubits\QuditsOnQubits\basis_direct_encoding_benchmarks\quantum_circuits\ame43\clifford_wh__X2Z2F2,C:\Users\szymo\QuditsOnQubits\QuditsOnQubits\basis_direct_encoding_benchmarks\quantum_circuits\ame43\clifford_wh__X2Z2F2\F3_W.qpy,C:\Users\szymo\QuditsOnQubits\QuditsOnQubits\basis_direct_encoding_benchmarks\quantum_circuits\ame43\clifford_wh__X2Z2F2\CZ3_W.qpy,C:\Users\szymo\QuditsOnQubits\QuditsOnQubits\basis_direct_encoding_benchmarks\quantum_circuits\ame43\clifford_wh__X2Z2F2\graph_state_direct_basis.qpy
