method,state_name,state_family,graph_name,graph_id,num_qutrits,n_qutrits,num_physical_qubits,basis_candidate_name,basis_candidate_type,class_name,candidate_name,basis_matrix_unitary,basis_matrix_isometry,two_qubit_gate_count,one_qubit_gate_count,total_gate_count,circuit_depth,fidelity,final_error,compile_time_seconds,success,failed,status,error_message,notes,best_depth,mean_depth,std_depth,best_size,mean_size,best_two_qubit_gate_count,mean_two_qubit_gate_count,num_qubits,best_count_ops,n_transpile_runs,successful_trials,failed_trials,quantum_circuit_dir,f3_w_qpy,cz3_w_qpy,graph_state_qpy,graph_state_transpiled_qpy,basis_change_qpy,basis_change_matrix_npy
direct_basis_encoding,two_qutrit,two_qutrit,star,two_qutrit,2,2,4,E_old,identity,baseline,E_old,True,True,16,37,53,41,,,3.802184,True,False,ok,,Converted from legacy E_new = E_Z @ W candidate.; Fidelity skipped because transpiled circuit has 128 qubits.,41,41.0,0.0,53,53.5,16,16.0,128,"{'cz': 15, 'rz': 13, 'sx': 12, 'rx': 12, 'rzz': 1}",10,10,0,C:\Users\szymon\QuditsOnQubits\QuditsOnQubits\basis_direct_encoding_benchmarks\quantum_circuits\two_qutrit\baseline__E_old,C:\Users\szymon\QuditsOnQubits\QuditsOnQubits\basis_direct_encoding_benchmarks\quantum_circuits\two_qutrit\baseline__E_old\F3_W.qpy,C:\Users\szymon\QuditsOnQubits\QuditsOnQubits\basis_direct_encoding_benchmarks\quantum_circuits\two_qutrit\baseline__E_old\CZ3_W.qpy,C:\Users\szymon\QuditsOnQubits\QuditsOnQubits\basis_direct_encoding_benchmarks\quantum_circuits\two_qutrit\baseline__E_old\graph_state_direct_basis.qpy,C:\Users\szymon\QuditsOnQubits\QuditsOnQubits\basis_direct_encoding_benchmarks\quantum_circuits\two_qutrit\baseline__E_old\graph_state_direct_basis_transpiled.qpy,C:\Users\szymon\QuditsOnQubits\QuditsOnQubits\basis_direct_encoding_benchmarks\quantum_circuits\two_qutrit\baseline__E_old\basis_change_gate.qpy,C:\Users\szymon\QuditsOnQubits\QuditsOnQubits\basis_direct_encoding_benchmarks\quantum_circuits\two_qutrit\baseline__E_old\W.npy
direct_basis_encoding,two_qutrit,two_qutrit,star,two_qutrit,2,2,4,sup012_P012_ph000,monomial,monomial_full,sup012_P012_ph000,True,True,16,37,53,41,,,0.814126,True,False,ok,,Converted from legacy E_new = E_Z @ W candidate.; Fidelity skipped because transpiled circuit has 128 qubits.,41,41.0,0.0,53,53.5,16,16.0,128,"{'cz': 15, 'rz': 13, 'sx': 12, 'rx': 12, 'rzz': 1}",10,10,0,C:\Users\szymon\QuditsOnQubits\QuditsOnQubits\basis_direct_encoding_benchmarks\quantum_circuits\two_qutrit\monomial_full__sup012_P012_ph000,C:\Users\szymon\QuditsOnQubits\QuditsOnQubits\basis_direct_encoding_benchmarks\quantum_circuits\two_qutrit\monomial_full__sup012_P012_ph000\F3_W.qpy,C:\Users\szymon\QuditsOnQubits\QuditsOnQubits\basis_direct_encoding_benchmarks\quantum_circuits\two_qutrit\monomial_full__sup012_P012_ph000\CZ3_W.qpy,C:\Users\szymon\QuditsOnQubits\QuditsOnQubits\basis_direct_encoding_benchmarks\quantum_circuits\two_qutrit\monomial_full__sup012_P012_ph000\graph_state_direct_basis.qpy,C:\Users\szymon\QuditsOnQubits\QuditsOnQubits\basis_direct_encoding_benchmarks\quantum_circuits\two_qutrit\monomial_full__sup012_P012_ph000\graph_state_direct_basis_transpiled.qpy,C:\Users\szymon\QuditsOnQubits\QuditsOnQubits\basis_direct_encoding_benchmarks\quantum_circuits\two_qutrit\monomial_full__sup012_P012_ph000\basis_change_gate.qpy,C:\Users\szymon\QuditsOnQubits\QuditsOnQubits\basis_direct_encoding_benchmarks\quantum_circuits\two_qutrit\monomial_full__sup012_P012_ph000\W.npy
direct_basis_encoding,two_qutrit,two_qutrit,star,two_qutrit,2,2,4,sup012_P012_ph001,monomial,monomial_full,sup012_P012_ph001,True,True,16,40,56,41,,,0.652804,True,False,ok,,Converted from legacy E_new = E_Z @ W candidate.; Fidelity skipped because transpiled circuit has 128 qubits.,41,41.5,0.5,56,56.0,16,16.0,128,"{'rz': 16, 'cz': 15, 'rx': 12, 'sx': 12, 'rzz': 1}",10,10,0,C:\Users\szymon\QuditsOnQubits\QuditsOnQubits\basis_direct_encoding_benchmarks\quantum_circuits\two_qutrit\monomial_full__sup012_P012_ph001,C:\Users\szymon\QuditsOnQubits\QuditsOnQubits\basis_direct_encoding_benchmarks\quantum_circuits\two_qutrit\monomial_full__sup012_P012_ph001\F3_W.qpy,C:\Users\szymon\QuditsOnQubits\QuditsOnQubits\basis_direct_encoding_benchmarks\quantum_circuits\two_qutrit\monomial_full__sup012_P012_ph001\CZ3_W.qpy,C:\Users\szymon\QuditsOnQubits\QuditsOnQubits\basis_direct_encoding_benchmarks\quantum_circuits\two_qutrit\monomial_full__sup012_P012_ph001\graph_state_direct_basis.qpy,C:\Users\szymon\QuditsOnQubits\QuditsOnQubits\basis_direct_encoding_benchmarks\quantum_circuits\two_qutrit\monomial_full__sup012_P012_ph001\graph_state_direct_basis_transpiled.qpy,C:\Users\szymon\QuditsOnQubits\QuditsOnQubits\basis_direct_encoding_benchmarks\quantum_circuits\two_qutrit\monomial_full__sup012_P012_ph001\basis_change_gate.qpy,C:\Users\szymon\QuditsOnQubits\QuditsOnQubits\basis_direct_encoding_benchmarks\quantum_circuits\two_qutrit\monomial_full__sup012_P012_ph001\W.npy
direct_basis_encoding,two_qutrit,two_qutrit,star,two_qutrit,2,2,4,sup012_P012_ph002,monomial,monomial_full,sup012_P012_ph002,True,True,16,40,56,41,,,0.905874,True,False,ok,,Converted from legacy E_new = E_Z @ W candidate.; Fidelity skipped because transpiled circuit has 128 qubits.,41,41.5,0.5,56,55.5,16,16.0,128,"{'rz': 16, 'cz': 15, 'rx': 12, 'sx': 12, 'rzz': 1}",10,10,0,C:\Users\szymon\QuditsOnQubits\QuditsOnQubits\basis_direct_encoding_benchmarks\quantum_circuits\two_qutrit\monomial_full__sup012_P012_ph002,C:\Users\szymon\QuditsOnQubits\QuditsOnQubits\basis_direct_encoding_benchmarks\quantum_circuits\two_qutrit\monomial_full__sup012_P012_ph002\F3_W.qpy,C:\Users\szymon\QuditsOnQubits\QuditsOnQubits\basis_direct_encoding_benchmarks\quantum_circuits\two_qutrit\monomial_full__sup012_P012_ph002\CZ3_W.qpy,C:\Users\szymon\QuditsOnQubits\QuditsOnQubits\basis_direct_encoding_benchmarks\quantum_circuits\two_qutrit\monomial_full__sup012_P012_ph002\graph_state_direct_basis.qpy,C:\Users\szymon\QuditsOnQubits\QuditsOnQubits\basis_direct_encoding_benchmarks\quantum_circuits\two_qutrit\monomial_full__sup012_P012_ph002\graph_state_direct_basis_transpiled.qpy,C:\Users\szymon\QuditsOnQubits\QuditsOnQubits\basis_direct_encoding_benchmarks\quantum_circuits\two_qutrit\monomial_full__sup012_P012_ph002\basis_change_gate.qpy,C:\Users\szymon\QuditsOnQubits\QuditsOnQubits\basis_direct_encoding_benchmarks\quantum_circuits\two_qutrit\monomial_full__sup012_P012_ph002\W.npy
direct_basis_encoding,two_qutrit,two_qutrit,star,two_qutrit,2,2,4,sup012_P012_ph010,monomial,monomial_full,sup012_P012_ph010,True,True,16,40,56,42,,,0.638705,True,False,ok,,Converted from legacy E_new = E_Z @ W candidate.; Fidelity skipped because transpiled circuit has 128 qubits.,42,42.0,0.0,56,56.5,16,16.0,128,"{'rz': 16, 'cz': 15, 'sx': 12, 'rx': 12, 'rzz': 1}",10,10,0,C:\Users\szymon\QuditsOnQubits\QuditsOnQubits\basis_direct_encoding_benchmarks\quantum_circuits\two_qutrit\monomial_full__sup012_P012_ph010,C:\Users\szymon\QuditsOnQubits\QuditsOnQubits\basis_direct_encoding_benchmarks\quantum_circuits\two_qutrit\monomial_full__sup012_P012_ph010\F3_W.qpy,C:\Users\szymon\QuditsOnQubits\QuditsOnQubits\basis_direct_encoding_benchmarks\quantum_circuits\two_qutrit\monomial_full__sup012_P012_ph010\CZ3_W.qpy,C:\Users\szymon\QuditsOnQubits\QuditsOnQubits\basis_direct_encoding_benchmarks\quantum_circuits\two_qutrit\monomial_full__sup012_P012_ph010\graph_state_direct_basis.qpy,C:\Users\szymon\QuditsOnQubits\QuditsOnQubits\basis_direct_encoding_benchmarks\quantum_circuits\two_qutrit\monomial_full__sup012_P012_ph010\graph_state_direct_basis_transpiled.qpy,C:\Users\szymon\QuditsOnQubits\QuditsOnQubits\basis_direct_encoding_benchmarks\quantum_circuits\two_qutrit\monomial_full__sup012_P012_ph010\basis_change_gate.qpy,C:\Users\szymon\QuditsOnQubits\QuditsOnQubits\basis_direct_encoding_benchmarks\quantum_circuits\two_qutrit\monomial_full__sup012_P012_ph010\W.npy
direct_basis_encoding,two_qutrit,two_qutrit,star,two_qutrit,2,2,4,sup012_P012_ph011,monomial,monomial_full,sup012_P012_ph011,True,True,16,41,57,42,,,0.74299,True,False,ok,,Converted from legacy E_new = E_Z @ W candidate.; Fidelity skipped because transpiled circuit has 128 qubits.,42,42.5,0.5,57,57.0,16,16.0,128,"{'rz': 17, 'cz': 15, 'rx': 12, 'sx': 12, 'rzz': 1}",10,10,0,C:\Users\szymon\QuditsOnQubits\QuditsOnQubits\basis_direct_encoding_benchmarks\quantum_circuits\two_qutrit\monomial_full__sup012_P012_ph011,C:\Users\szymon\QuditsOnQubits\QuditsOnQubits\basis_direct_encoding_benchmarks\quantum_circuits\two_qutrit\monomial_full__sup012_P012_ph011\F3_W.qpy,C:\Users\szymon\QuditsOnQubits\QuditsOnQubits\basis_direct_encoding_benchmarks\quantum_circuits\two_qutrit\monomial_full__sup012_P012_ph011\CZ3_W.qpy,C:\Users\szymon\QuditsOnQubits\QuditsOnQubits\basis_direct_encoding_benchmarks\quantum_circuits\two_qutrit\monomial_full__sup012_P012_ph011\graph_state_direct_basis.qpy,C:\Users\szymon\QuditsOnQubits\QuditsOnQubits\basis_direct_encoding_benchmarks\quantum_circuits\two_qutrit\monomial_full__sup012_P012_ph011\graph_state_direct_basis_transpiled.qpy,C:\Users\szymon\QuditsOnQubits\QuditsOnQubits\basis_direct_encoding_benchmarks\quantum_circuits\two_qutrit\monomial_full__sup012_P012_ph011\basis_change_gate.qpy,C:\Users\szymon\QuditsOnQubits\QuditsOnQubits\basis_direct_encoding_benchmarks\quantum_circuits\two_qutrit\monomial_full__sup012_P012_ph011\W.npy
direct_basis_encoding,two_qutrit,two_qutrit,star,two_qutrit,2,2,4,sup012_P012_ph012,monomial,monomial_full,sup012_P012_ph012,True,True,16,38,54,41,,,0.782562,True,False,ok,,Converted from legacy E_new = E_Z @ W candidate.; Fidelity skipped because transpiled circuit has 128 qubits.,41,41.5,0.5,54,53.5,16,16.0,128,"{'cz': 15, 'rz': 14, 'rx': 12, 'sx': 12, 'rzz': 1}",10,10,0,C:\Users\szymon\QuditsOnQubits\QuditsOnQubits\basis_direct_encoding_benchmarks\quantum_circuits\two_qutrit\monomial_full__sup012_P012_ph012,C:\Users\szymon\QuditsOnQubits\QuditsOnQubits\basis_direct_encoding_benchmarks\quantum_circuits\two_qutrit\monomial_full__sup012_P012_ph012\F3_W.qpy,C:\Users\szymon\QuditsOnQubits\QuditsOnQubits\basis_direct_encoding_benchmarks\quantum_circuits\two_qutrit\monomial_full__sup012_P012_ph012\CZ3_W.qpy,C:\Users\szymon\QuditsOnQubits\QuditsOnQubits\basis_direct_encoding_benchmarks\quantum_circuits\two_qutrit\monomial_full__sup012_P012_ph012\graph_state_direct_basis.qpy,C:\Users\szymon\QuditsOnQubits\QuditsOnQubits\basis_direct_encoding_benchmarks\quantum_circuits\two_qutrit\monomial_full__sup012_P012_ph012\graph_state_direct_basis_transpiled.qpy,C:\Users\szymon\QuditsOnQubits\QuditsOnQubits\basis_direct_encoding_benchmarks\quantum_circuits\two_qutrit\monomial_full__sup012_P012_ph012\basis_change_gate.qpy,C:\Users\szymon\QuditsOnQubits\QuditsOnQubits\basis_direct_encoding_benchmarks\quantum_circuits\two_qutrit\monomial_full__sup012_P012_ph012\W.npy
direct_basis_encoding,two_qutrit,two_qutrit,star,two_qutrit,2,2,4,sup012_P012_ph020,monomial,monomial_full,sup012_P012_ph020,True,True,16,40,56,42,,,0.942546,True,False,ok,,Converted from legacy E_new = E_Z @ W candidate.; Fidelity skipped because transpiled circuit has 128 qubits.,42,42.0,0.0,56,56.5,16,16.0,128,"{'rz': 16, 'cz': 15, 'sx': 12, 'rx': 12, 'rzz': 1}",10,10,0,C:\Users\szymon\QuditsOnQubits\QuditsOnQubits\basis_direct_encoding_benchmarks\quantum_circuits\two_qutrit\monomial_full__sup012_P012_ph020,C:\Users\szymon\QuditsOnQubits\QuditsOnQubits\basis_direct_encoding_benchmarks\quantum_circuits\two_qutrit\monomial_full__sup012_P012_ph020\F3_W.qpy,C:\Users\szymon\QuditsOnQubits\QuditsOnQubits\basis_direct_encoding_benchmarks\quantum_circuits\two_qutrit\monomial_full__sup012_P012_ph020\CZ3_W.qpy,C:\Users\szymon\QuditsOnQubits\QuditsOnQubits\basis_direct_encoding_benchmarks\quantum_circuits\two_qutrit\monomial_full__sup012_P012_ph020\graph_state_direct_basis.qpy,C:\Users\szymon\QuditsOnQubits\QuditsOnQubits\basis_direct_encoding_benchmarks\quantum_circuits\two_qutrit\monomial_full__sup012_P012_ph020\graph_state_direct_basis_transpiled.qpy,C:\Users\szymon\QuditsOnQubits\QuditsOnQubits\basis_direct_encoding_benchmarks\quantum_circuits\two_qutrit\monomial_full__sup012_P012_ph020\basis_change_gate.qpy,C:\Users\szymon\QuditsOnQubits\QuditsOnQubits\basis_direct_encoding_benchmarks\quantum_circuits\two_qutrit\monomial_full__sup012_P012_ph020\W.npy
direct_basis_encoding,two_qutrit,two_qutrit,star,two_qutrit,2,2,4,sup012_P012_ph021,monomial,monomial_full,sup012_P012_ph021,True,True,16,38,54,41,,,0.893513,True,False,ok,,Converted from legacy E_new = E_Z @ W candidate.; Fidelity skipped because transpiled circuit has 128 qubits.,41,41.5,0.5,54,53.5,16,16.0,128,"{'cz': 15, 'rz': 14, 'rx': 12, 'sx': 12, 'rzz': 1}",10,10,0,C:\Users\szymon\QuditsOnQubits\QuditsOnQubits\basis_direct_encoding_benchmarks\quantum_circuits\two_qutrit\monomial_full__sup012_P012_ph021,C:\Users\szymon\QuditsOnQubits\QuditsOnQubits\basis_direct_encoding_benchmarks\quantum_circuits\two_qutrit\monomial_full__sup012_P012_ph021\F3_W.qpy,C:\Users\szymon\QuditsOnQubits\QuditsOnQubits\basis_direct_encoding_benchmarks\quantum_circuits\two_qutrit\monomial_full__sup012_P012_ph021\CZ3_W.qpy,C:\Users\szymon\QuditsOnQubits\QuditsOnQubits\basis_direct_encoding_benchmarks\quantum_circuits\two_qutrit\monomial_full__sup012_P012_ph021\graph_state_direct_basis.qpy,C:\Users\szymon\QuditsOnQubits\QuditsOnQubits\basis_direct_encoding_benchmarks\quantum_circuits\two_qutrit\monomial_full__sup012_P012_ph021\graph_state_direct_basis_transpiled.qpy,C:\Users\szymon\QuditsOnQubits\QuditsOnQubits\basis_direct_encoding_benchmarks\quantum_circuits\two_qutrit\monomial_full__sup012_P012_ph021\basis_change_gate.qpy,C:\Users\szymon\QuditsOnQubits\QuditsOnQubits\basis_direct_encoding_benchmarks\quantum_circuits\two_qutrit\monomial_full__sup012_P012_ph021\W.npy
direct_basis_encoding,two_qutrit,two_qutrit,star,two_qutrit,2,2,4,sup012_P012_ph022,monomial,monomial_full,sup012_P012_ph022,True,True,16,41,57,42,,,0.676422,True,False,ok,,Converted from legacy E_new = E_Z @ W candidate.; Fidelity skipped because transpiled circuit has 128 qubits.,42,42.5,0.5,57,56.5,16,16.0,128,"{'rz': 17, 'cz': 15, 'rx': 12, 'sx': 12, 'rzz': 1}",10,10,0,C:\Users\szymon\QuditsOnQubits\QuditsOnQubits\basis_direct_encoding_benchmarks\quantum_circuits\two_qutrit\monomial_full__sup012_P012_ph022,C:\Users\szymon\QuditsOnQubits\QuditsOnQubits\basis_direct_encoding_benchmarks\quantum_circuits\two_qutrit\monomial_full__sup012_P012_ph022\F3_W.qpy,C:\Users\szymon\QuditsOnQubits\QuditsOnQubits\basis_direct_encoding_benchmarks\quantum_circuits\two_qutrit\monomial_full__sup012_P012_ph022\CZ3_W.qpy,C:\Users\szymon\QuditsOnQubits\QuditsOnQubits\basis_direct_encoding_benchmarks\quantum_circuits\two_qutrit\monomial_full__sup012_P012_ph022\graph_state_direct_basis.qpy,C:\Users\szymon\QuditsOnQubits\QuditsOnQubits\basis_direct_encoding_benchmarks\quantum_circuits\two_qutrit\monomial_full__sup012_P012_ph022\graph_state_direct_basis_transpiled.qpy,C:\Users\szymon\QuditsOnQubits\QuditsOnQubits\basis_direct_encoding_benchmarks\quantum_circuits\two_qutrit\monomial_full__sup012_P012_ph022\basis_change_gate.qpy,C:\Users\szymon\QuditsOnQubits\QuditsOnQubits\basis_direct_encoding_benchmarks\quantum_circuits\two_qutrit\monomial_full__sup012_P012_ph022\W.npy
direct_basis_encoding,two_qutrit,two_qutrit,star,two_qutrit,2,2,4,sup012_P012_ph100,monomial,monomial_full,sup012_P012_ph100,True,True,16,38,54,41,,,0.673413,True,False,ok,,Converted from legacy E_new = E_Z @ W candidate.; Fidelity skipped because transpiled circuit has 128 qubits.,41,41.5,0.5,54,53.5,16,16.0,128,"{'cz': 15, 'rz': 14, 'rx': 12, 'sx': 12, 'rzz': 1}",10,10,0,C:\Users\szymon\QuditsOnQubits\QuditsOnQubits\basis_direct_encoding_benchmarks\quantum_circuits\two_qutrit\monomial_full__sup012_P012_ph100,C:\Users\szymon\QuditsOnQubits\QuditsOnQubits\basis_direct_encoding_benchmarks\quantum_circuits\two_qutrit\monomial_full__sup012_P012_ph100\F3_W.qpy,C:\Users\szymon\QuditsOnQubits\QuditsOnQubits\basis_direct_encoding_benchmarks\quantum_circuits\two_qutrit\monomial_full__sup012_P012_ph100\CZ3_W.qpy,C:\Users\szymon\QuditsOnQubits\QuditsOnQubits\basis_direct_encoding_benchmarks\quantum_circuits\two_qutrit\monomial_full__sup012_P012_ph100\graph_state_direct_basis.qpy,C:\Users\szymon\QuditsOnQubits\QuditsOnQubits\basis_direct_encoding_benchmarks\quantum_circuits\two_qutrit\monomial_full__sup012_P012_ph100\graph_state_direct_basis_transpiled.qpy,C:\Users\szymon\QuditsOnQubits\QuditsOnQubits\basis_direct_encoding_benchmarks\quantum_circuits\two_qutrit\monomial_full__sup012_P012_ph100\basis_change_gate.qpy,C:\Users\szymon\QuditsOnQubits\QuditsOnQubits\basis_direct_encoding_benchmarks\quantum_circuits\two_qutrit\monomial_full__sup012_P012_ph100\W.npy
direct_basis_encoding,two_qutrit,two_qutrit,star,two_qutrit,2,2,4,sup012_P012_ph101,monomial,monomial_full,sup012_P012_ph101,True,True,16,41,57,42,,,0.513908,True,False,ok,,Converted from legacy E_new = E_Z @ W candidate.; Fidelity skipped because transpiled circuit has 128 qubits.,42,42.5,0.5,57,56.5,16,16.0,128,"{'rz': 17, 'cz': 15, 'rx': 12, 'sx': 12, 'rzz': 1}",10,10,0,C:\Users\szymon\QuditsOnQubits\QuditsOnQubits\basis_direct_encoding_benchmarks\quantum_circuits\two_qutrit\monomial_full__sup012_P012_ph101,C:\Users\szymon\QuditsOnQubits\QuditsOnQubits\basis_direct_encoding_benchmarks\quantum_circuits\two_qutrit\monomial_full__sup012_P012_ph101\F3_W.qpy,C:\Users\szymon\QuditsOnQubits\QuditsOnQubits\basis_direct_encoding_benchmarks\quantum_circuits\two_qutrit\monomial_full__sup012_P012_ph101\CZ3_W.qpy,C:\Users\szymon\QuditsOnQubits\QuditsOnQubits\basis_direct_encoding_benchmarks\quantum_circuits\two_qutrit\monomial_full__sup012_P012_ph101\graph_state_direct_basis.qpy,C:\Users\szymon\QuditsOnQubits\QuditsOnQubits\basis_direct_encoding_benchmarks\quantum_circuits\two_qutrit\monomial_full__sup012_P012_ph101\graph_state_direct_basis_transpiled.qpy,C:\Users\szymon\QuditsOnQubits\QuditsOnQubits\basis_direct_encoding_benchmarks\quantum_circuits\two_qutrit\monomial_full__sup012_P012_ph101\basis_change_gate.qpy,C:\Users\szymon\QuditsOnQubits\QuditsOnQubits\basis_direct_encoding_benchmarks\quantum_circuits\two_qutrit\monomial_full__sup012_P012_ph101\W.npy
direct_basis_encoding,two_qutrit,two_qutrit,star,two_qutrit,2,2,4,sup012_P012_ph102,monomial,monomial_full,sup012_P012_ph102,True,True,16,40,56,42,,,0.78675,True,False,ok,,Converted from legacy E_new = E_Z @ W candidate.; Fidelity skipped because transpiled circuit has 128 qubits.,42,42.0,0.0,56,56.5,16,16.0,128,"{'rz': 16, 'cz': 15, 'sx': 12, 'rx': 12, 'rzz': 1}",10,10,0,C:\Users\szymon\QuditsOnQubits\QuditsOnQubits\basis_direct_encoding_benchmarks\quantum_circuits\two_qutrit\monomial_full__sup012_P012_ph102,C:\Users\szymon\QuditsOnQubits\QuditsOnQubits\basis_direct_encoding_benchmarks\quantum_circuits\two_qutrit\monomial_full__sup012_P012_ph102\F3_W.qpy,C:\Users\szymon\QuditsOnQubits\QuditsOnQubits\basis_direct_encoding_benchmarks\quantum_circuits\two_qutrit\monomial_full__sup012_P012_ph102\CZ3_W.qpy,C:\Users\szymon\QuditsOnQubits\QuditsOnQubits\basis_direct_encoding_benchmarks\quantum_circuits\two_qutrit\monomial_full__sup012_P012_ph102\graph_state_direct_basis.qpy,C:\Users\szymon\QuditsOnQubits\QuditsOnQubits\basis_direct_encoding_benchmarks\quantum_circuits\two_qutrit\monomial_full__sup012_P012_ph102\graph_state_direct_basis_transpiled.qpy,C:\Users\szymon\QuditsOnQubits\QuditsOnQubits\basis_direct_encoding_benchmarks\quantum_circuits\two_qutrit\monomial_full__sup012_P012_ph102\basis_change_gate.qpy,C:\Users\szymon\QuditsOnQubits\QuditsOnQubits\basis_direct_encoding_benchmarks\quantum_circuits\two_qutrit\monomial_full__sup012_P012_ph102\W.npy
direct_basis_encoding,two_qutrit,two_qutrit,star,two_qutrit,2,2,4,sup012_P012_ph110,monomial,monomial_full,sup012_P012_ph110,True,True,16,40,56,41,,,0.738495,True,False,ok,,Converted from legacy E_new = E_Z @ W candidate.; Fidelity skipped because transpiled circuit has 128 qubits.,41,41.5,0.5,56,56.0,16,16.0,128,"{'rz': 16, 'cz': 15, 'rx': 12, 'sx': 12, 'rzz': 1}",10,10,0,C:\Users\szymon\QuditsOnQubits\QuditsOnQubits\basis_direct_encoding_benchmarks\quantum_circuits\two_qutrit\monomial_full__sup012_P012_ph110,C:\Users\szymon\QuditsOnQubits\QuditsOnQubits\basis_direct_encoding_benchmarks\quantum_circuits\two_qutrit\monomial_full__sup012_P012_ph110\F3_W.qpy,C:\Users\szymon\QuditsOnQubits\QuditsOnQubits\basis_direct_encoding_benchmarks\quantum_circuits\two_qutrit\monomial_full__sup012_P012_ph110\CZ3_W.qpy,C:\Users\szymon\QuditsOnQubits\QuditsOnQubits\basis_direct_encoding_benchmarks\quantum_circuits\two_qutrit\monomial_full__sup012_P012_ph110\graph_state_direct_basis.qpy,C:\Users\szymon\QuditsOnQubits\QuditsOnQubits\basis_direct_encoding_benchmarks\quantum_circuits\two_qutrit\monomial_full__sup012_P012_ph110\graph_state_direct_basis_transpiled.qpy,C:\Users\szymon\QuditsOnQubits\QuditsOnQubits\basis_direct_encoding_benchmarks\quantum_circuits\two_qutrit\monomial_full__sup012_P012_ph110\basis_change_gate.qpy,C:\Users\szymon\QuditsOnQubits\QuditsOnQubits\basis_direct_encoding_benchmarks\quantum_circuits\two_qutrit\monomial_full__sup012_P012_ph110\W.npy
direct_basis_encoding,two_qutrit,two_qutrit,star,two_qutrit,2,2,4,sup012_P012_ph111,monomial,monomial_full,sup012_P012_ph111,True,True,16,40,56,41,,,0.648532,True,False,ok,,Converted from legacy E_new = E_Z @ W candidate.; Fidelity skipped because transpiled circuit has 128 qubits.,41,41.5,0.5,56,56.0,16,16.0,128,"{'rz': 16, 'cz': 15, 'rx': 12, 'sx': 12, 'rzz': 1}",10,10,0,C:\Users\szymon\QuditsOnQubits\QuditsOnQubits\basis_direct_encoding_benchmarks\quantum_circuits\two_qutrit\monomial_full__sup012_P012_ph111,C:\Users\szymon\QuditsOnQubits\QuditsOnQubits\basis_direct_encoding_benchmarks\quantum_circuits\two_qutrit\monomial_full__sup012_P012_ph111\F3_W.qpy,C:\Users\szymon\QuditsOnQubits\QuditsOnQubits\basis_direct_encoding_benchmarks\quantum_circuits\two_qutrit\monomial_full__sup012_P012_ph111\CZ3_W.qpy,C:\Users\szymon\QuditsOnQubits\QuditsOnQubits\basis_direct_encoding_benchmarks\quantum_circuits\two_qutrit\monomial_full__sup012_P012_ph111\graph_state_direct_basis.qpy,C:\Users\szymon\QuditsOnQubits\QuditsOnQubits\basis_direct_encoding_benchmarks\quantum_circuits\two_qutrit\monomial_full__sup012_P012_ph111\graph_state_direct_basis_transpiled.qpy,C:\Users\szymon\QuditsOnQubits\QuditsOnQubits\basis_direct_encoding_benchmarks\quantum_circuits\two_qutrit\monomial_full__sup012_P012_ph111\basis_change_gate.qpy,C:\Users\szymon\QuditsOnQubits\QuditsOnQubits\basis_direct_encoding_benchmarks\quantum_circuits\two_qutrit\monomial_full__sup012_P012_ph111\W.npy
direct_basis_encoding,two_qutrit,two_qutrit,star,two_qutrit,2,2,4,sup012_P012_ph112,monomial,monomial_full,sup012_P012_ph112,True,True,16,36,52,41,,,0.622815,True,False,ok,,Converted from legacy E_new = E_Z @ W candidate.; Fidelity skipped because transpiled circuit has 128 qubits.,41,41.0,0.0,52,53.0,16,16.0,128,"{'cz': 15, 'rz': 13, 'sx': 12, 'rx': 11, 'rzz': 1}",10,10,0,C:\Users\szymon\QuditsOnQubits\QuditsOnQubits\basis_direct_encoding_benchmarks\quantum_circuits\two_qutrit\monomial_full__sup012_P012_ph112,C:\Users\szymon\QuditsOnQubits\QuditsOnQubits\basis_direct_encoding_benchmarks\quantum_circuits\two_qutrit\monomial_full__sup012_P012_ph112\F3_W.qpy,C:\Users\szymon\QuditsOnQubits\QuditsOnQubits\basis_direct_encoding_benchmarks\quantum_circuits\two_qutrit\monomial_full__sup012_P012_ph112\CZ3_W.qpy,C:\Users\szymon\QuditsOnQubits\QuditsOnQubits\basis_direct_encoding_benchmarks\quantum_circuits\two_qutrit\monomial_full__sup012_P012_ph112\graph_state_direct_basis.qpy,C:\Users\szymon\QuditsOnQubits\QuditsOnQubits\basis_direct_encoding_benchmarks\quantum_circuits\two_qutrit\monomial_full__sup012_P012_ph112\graph_state_direct_basis_transpiled.qpy,C:\Users\szymon\QuditsOnQubits\QuditsOnQubits\basis_direct_encoding_benchmarks\quantum_circuits\two_qutrit\monomial_full__sup012_P012_ph112\basis_change_gate.qpy,C:\Users\szymon\QuditsOnQubits\QuditsOnQubits\basis_direct_encoding_benchmarks\quantum_circuits\two_qutrit\monomial_full__sup012_P012_ph112\W.npy
direct_basis_encoding,two_qutrit,two_qutrit,star,two_qutrit,2,2,4,sup012_P012_ph120,monomial,monomial_full,sup012_P012_ph120,True,True,16,41,57,42,,,0.846689,True,False,ok,,Converted from legacy E_new = E_Z @ W candidate.; Fidelity skipped because transpiled circuit has 128 qubits.,42,42.5,0.5,57,57.0,16,16.0,128,"{'rz': 17, 'cz': 15, 'rx': 12, 'sx': 12, 'rzz': 1}",10,10,0,C:\Users\szymon\QuditsOnQubits\QuditsOnQubits\basis_direct_encoding_benchmarks\quantum_circuits\two_qutrit\monomial_full__sup012_P012_ph120,C:\Users\szymon\QuditsOnQubits\QuditsOnQubits\basis_direct_encoding_benchmarks\quantum_circuits\two_qutrit\monomial_full__sup012_P012_ph120\F3_W.qpy,C:\Users\szymon\QuditsOnQubits\QuditsOnQubits\basis_direct_encoding_benchmarks\quantum_circuits\two_qutrit\monomial_full__sup012_P012_ph120\CZ3_W.qpy,C:\Users\szymon\QuditsOnQubits\QuditsOnQubits\basis_direct_encoding_benchmarks\quantum_circuits\two_qutrit\monomial_full__sup012_P012_ph120\graph_state_direct_basis.qpy,C:\Users\szymon\QuditsOnQubits\QuditsOnQubits\basis_direct_encoding_benchmarks\quantum_circuits\two_qutrit\monomial_full__sup012_P012_ph120\graph_state_direct_basis_transpiled.qpy,C:\Users\szymon\QuditsOnQubits\QuditsOnQubits\basis_direct_encoding_benchmarks\quantum_circuits\two_qutrit\monomial_full__sup012_P012_ph120\basis_change_gate.qpy,C:\Users\szymon\QuditsOnQubits\QuditsOnQubits\basis_direct_encoding_benchmarks\quantum_circuits\two_qutrit\monomial_full__sup012_P012_ph120\W.npy
direct_basis_encoding,two_qutrit,two_qutrit,star,two_qutrit,2,2,4,sup012_P012_ph121,monomial,monomial_full,sup012_P012_ph121,True,True,16,38,54,41,,,0.905981,True,False,ok,,Converted from legacy E_new = E_Z @ W candidate.; Fidelity skipped because transpiled circuit has 128 qubits.,41,41.5,0.5,54,54.0,16,16.0,128,"{'cz': 15, 'rz': 14, 'rx': 12, 'sx': 12, 'rzz': 1}",10,10,0,C:\Users\szymon\QuditsOnQubits\QuditsOnQubits\basis_direct_encoding_benchmarks\quantum_circuits\two_qutrit\monomial_full__sup012_P012_ph121,C:\Users\szymon\QuditsOnQubits\QuditsOnQubits\basis_direct_encoding_benchmarks\quantum_circuits\two_qutrit\monomial_full__sup012_P012_ph121\F3_W.qpy,C:\Users\szymon\QuditsOnQubits\QuditsOnQubits\basis_direct_encoding_benchmarks\quantum_circuits\two_qutrit\monomial_full__sup012_P012_ph121\CZ3_W.qpy,C:\Users\szymon\QuditsOnQubits\QuditsOnQubits\basis_direct_encoding_benchmarks\quantum_circuits\two_qutrit\monomial_full__sup012_P012_ph121\graph_state_direct_basis.qpy,C:\Users\szymon\QuditsOnQubits\QuditsOnQubits\basis_direct_encoding_benchmarks\quantum_circuits\two_qutrit\monomial_full__sup012_P012_ph121\graph_state_direct_basis_transpiled.qpy,C:\Users\szymon\QuditsOnQubits\QuditsOnQubits\basis_direct_encoding_benchmarks\quantum_circuits\two_qutrit\monomial_full__sup012_P012_ph121\basis_change_gate.qpy,C:\Users\szymon\QuditsOnQubits\QuditsOnQubits\basis_direct_encoding_benchmarks\quantum_circuits\two_qutrit\monomial_full__sup012_P012_ph121\W.npy
direct_basis_encoding,two_qutrit,two_qutrit,star,two_qutrit,2,2,4,sup012_P012_ph122,monomial,monomial_full,sup012_P012_ph122,True,True,16,39,55,42,,,0.883461,True,False,ok,,Converted from legacy E_new = E_Z @ W candidate.; Fidelity skipped because transpiled circuit has 128 qubits.,42,42.0,0.0,55,56.0,16,16.0,128,"{'rz': 16, 'cz': 15, 'sx': 12, 'rx': 11, 'rzz': 1}",10,10,0,C:\Users\szymon\QuditsOnQubits\QuditsOnQubits\basis_direct_encoding_benchmarks\quantum_circuits\two_qutrit\monomial_full__sup012_P012_ph122,C:\Users\szymon\QuditsOnQubits\QuditsOnQubits\basis_direct_encoding_benchmarks\quantum_circuits\two_qutrit\monomial_full__sup012_P012_ph122\F3_W.qpy,C:\Users\szymon\QuditsOnQubits\QuditsOnQubits\basis_direct_encoding_benchmarks\quantum_circuits\two_qutrit\monomial_full__sup012_P012_ph122\CZ3_W.qpy,C:\Users\szymon\QuditsOnQubits\QuditsOnQubits\basis_direct_encoding_benchmarks\quantum_circuits\two_qutrit\monomial_full__sup012_P012_ph122\graph_state_direct_basis.qpy,C:\Users\szymon\QuditsOnQubits\QuditsOnQubits\basis_direct_encoding_benchmarks\quantum_circuits\two_qutrit\monomial_full__sup012_P012_ph122\graph_state_direct_basis_transpiled.qpy,C:\Users\szymon\QuditsOnQubits\QuditsOnQubits\basis_direct_encoding_benchmarks\quantum_circuits\two_qutrit\monomial_full__sup012_P012_ph122\basis_change_gate.qpy,C:\Users\szymon\QuditsOnQubits\QuditsOnQubits\basis_direct_encoding_benchmarks\quantum_circuits\two_qutrit\monomial_full__sup012_P012_ph122\W.npy
direct_basis_encoding,two_qutrit,two_qutrit,star,two_qutrit,2,2,4,sup012_P012_ph200,monomial,monomial_full,sup012_P012_ph200,True,True,16,38,54,41,,,0.858215,True,False,ok,,Converted from legacy E_new = E_Z @ W candidate.; Fidelity skipped because transpiled circuit has 128 qubits.,41,41.5,0.5,54,53.5,16,16.0,128,"{'cz': 15, 'rz': 14, 'rx': 12, 'sx': 12, 'rzz': 1}",10,10,0,C:\Users\szymon\QuditsOnQubits\QuditsOnQubits\basis_direct_encoding_benchmarks\quantum_circuits\two_qutrit\monomial_full__sup012_P012_ph200,C:\Users\szymon\QuditsOnQubits\QuditsOnQubits\basis_direct_encoding_benchmarks\quantum_circuits\two_qutrit\monomial_full__sup012_P012_ph200\F3_W.qpy,C:\Users\szymon\QuditsOnQubits\QuditsOnQubits\basis_direct_encoding_benchmarks\quantum_circuits\two_qutrit\monomial_full__sup012_P012_ph200\CZ3_W.qpy,C:\Users\szymon\QuditsOnQubits\QuditsOnQubits\basis_direct_encoding_benchmarks\quantum_circuits\two_qutrit\monomial_full__sup012_P012_ph200\graph_state_direct_basis.qpy,C:\Users\szymon\QuditsOnQubits\QuditsOnQubits\basis_direct_encoding_benchmarks\quantum_circuits\two_qutrit\monomial_full__sup012_P012_ph200\graph_state_direct_basis_transpiled.qpy,C:\Users\szymon\QuditsOnQubits\QuditsOnQubits\basis_direct_encoding_benchmarks\quantum_circuits\two_qutrit\monomial_full__sup012_P012_ph200\basis_change_gate.qpy,C:\Users\szymon\QuditsOnQubits\QuditsOnQubits\basis_direct_encoding_benchmarks\quantum_circuits\two_qutrit\monomial_full__sup012_P012_ph200\W.npy
direct_basis_encoding,two_qutrit,two_qutrit,star,two_qutrit,2,2,4,sup012_P012_ph201,monomial,monomial_full,sup012_P012_ph201,True,True,16,39,55,42,,,0.703326,True,False,ok,,Converted from legacy E_new = E_Z @ W candidate.; Fidelity skipped because transpiled circuit has 128 qubits.,42,42.0,0.0,55,56.0,16,16.0,128,"{'rz': 16, 'cz': 15, 'sx': 12, 'rx': 11, 'rzz': 1}",10,10,0,C:\Users\szymon\QuditsOnQubits\QuditsOnQubits\basis_direct_encoding_benchmarks\quantum_circuits\two_qutrit\monomial_full__sup012_P012_ph201,C:\Users\szymon\QuditsOnQubits\QuditsOnQubits\basis_direct_encoding_benchmarks\quantum_circuits\two_qutrit\monomial_full__sup012_P012_ph201\F3_W.qpy,C:\Users\szymon\QuditsOnQubits\QuditsOnQubits\basis_direct_encoding_benchmarks\quantum_circuits\two_qutrit\monomial_full__sup012_P012_ph201\CZ3_W.qpy,C:\Users\szymon\QuditsOnQubits\QuditsOnQubits\basis_direct_encoding_benchmarks\quantum_circuits\two_qutrit\monomial_full__sup012_P012_ph201\graph_state_direct_basis.qpy,C:\Users\szymon\QuditsOnQubits\QuditsOnQubits\basis_direct_encoding_benchmarks\quantum_circuits\two_qutrit\monomial_full__sup012_P012_ph201\graph_state_direct_basis_transpiled.qpy,C:\Users\szymon\QuditsOnQubits\QuditsOnQubits\basis_direct_encoding_benchmarks\quantum_circuits\two_qutrit\monomial_full__sup012_P012_ph201\basis_change_gate.qpy,C:\Users\szymon\QuditsOnQubits\QuditsOnQubits\basis_direct_encoding_benchmarks\quantum_circuits\two_qutrit\monomial_full__sup012_P012_ph201\W.npy
direct_basis_encoding,two_qutrit,two_qutrit,star,two_qutrit,2,2,4,sup012_P012_ph202,monomial,monomial_full,sup012_P012_ph202,True,True,16,41,57,42,,,0.871473,True,False,ok,,Converted from legacy E_new = E_Z @ W candidate.; Fidelity skipped because transpiled circuit has 128 qubits.,42,42.5,0.5,57,56.5,16,16.0,128,"{'rz': 17, 'cz': 15, 'rx': 12, 'sx': 12, 'rzz': 1}",10,10,0,C:\Users\szymon\QuditsOnQubits\QuditsOnQubits\basis_direct_encoding_benchmarks\quantum_circuits\two_qutrit\monomial_full__sup012_P012_ph202,C:\Users\szymon\QuditsOnQubits\QuditsOnQubits\basis_direct_encoding_benchmarks\quantum_circuits\two_qutrit\monomial_full__sup012_P012_ph202\F3_W.qpy,C:\Users\szymon\QuditsOnQubits\QuditsOnQubits\basis_direct_encoding_benchmarks\quantum_circuits\two_qutrit\monomial_full__sup012_P012_ph202\CZ3_W.qpy,C:\Users\szymon\QuditsOnQubits\QuditsOnQubits\basis_direct_encoding_benchmarks\quantum_circuits\two_qutrit\monomial_full__sup012_P012_ph202\graph_state_direct_basis.qpy,C:\Users\szymon\QuditsOnQubits\QuditsOnQubits\basis_direct_encoding_benchmarks\quantum_circuits\two_qutrit\monomial_full__sup012_P012_ph202\graph_state_direct_basis_transpiled.qpy,C:\Users\szymon\QuditsOnQubits\QuditsOnQubits\basis_direct_encoding_benchmarks\quantum_circuits\two_qutrit\monomial_full__sup012_P012_ph202\basis_change_gate.qpy,C:\Users\szymon\QuditsOnQubits\QuditsOnQubits\basis_direct_encoding_benchmarks\quantum_circuits\two_qutrit\monomial_full__sup012_P012_ph202\W.npy
direct_basis_encoding,two_qutrit,two_qutrit,star,two_qutrit,2,2,4,sup012_P012_ph210,monomial,monomial_full,sup012_P012_ph210,True,True,16,41,57,42,,,0.977164,True,False,ok,,Converted from legacy E_new = E_Z @ W candidate.; Fidelity skipped because transpiled circuit has 128 qubits.,42,42.5,0.5,57,56.5,16,16.0,128,"{'rz': 17, 'cz': 15, 'rx': 12, 'sx': 12, 'rzz': 1}",10,10,0,C:\Users\szymon\QuditsOnQubits\QuditsOnQubits\basis_direct_encoding_benchmarks\quantum_circuits\two_qutrit\monomial_full__sup012_P012_ph210,C:\Users\szymon\QuditsOnQubits\QuditsOnQubits\basis_direct_encoding_benchmarks\quantum_circuits\two_qutrit\monomial_full__sup012_P012_ph210\F3_W.qpy,C:\Users\szymon\QuditsOnQubits\QuditsOnQubits\basis_direct_encoding_benchmarks\quantum_circuits\two_qutrit\monomial_full__sup012_P012_ph210\CZ3_W.qpy,C:\Users\szymon\QuditsOnQubits\QuditsOnQubits\basis_direct_encoding_benchmarks\quantum_circuits\two_qutrit\monomial_full__sup012_P012_ph210\graph_state_direct_basis.qpy,C:\Users\szymon\QuditsOnQubits\QuditsOnQubits\basis_direct_encoding_benchmarks\quantum_circuits\two_qutrit\monomial_full__sup012_P012_ph210\graph_state_direct_basis_transpiled.qpy,C:\Users\szymon\QuditsOnQubits\QuditsOnQubits\basis_direct_encoding_benchmarks\quantum_circuits\two_qutrit\monomial_full__sup012_P012_ph210\basis_change_gate.qpy,C:\Users\szymon\QuditsOnQubits\QuditsOnQubits\basis_direct_encoding_benchmarks\quantum_circuits\two_qutrit\monomial_full__sup012_P012_ph210\W.npy
direct_basis_encoding,two_qutrit,two_qutrit,star,two_qutrit,2,2,4,sup012_P012_ph211,monomial,monomial_full,sup012_P012_ph211,True,True,16,39,55,42,,,0.909644,True,False,ok,,Converted from legacy E_new = E_Z @ W candidate.; Fidelity skipped because transpiled circuit has 128 qubits.,42,42.0,0.0,55,56.0,16,16.0,128,"{'rz': 16, 'cz': 15, 'sx': 12, 'rx': 11, 'rzz': 1}",10,10,0,C:\Users\szymon\QuditsOnQubits\QuditsOnQubits\basis_direct_encoding_benchmarks\quantum_circuits\two_qutrit\monomial_full__sup012_P012_ph211,C:\Users\szymon\QuditsOnQubits\QuditsOnQubits\basis_direct_encoding_benchmarks\quantum_circuits\two_qutrit\monomial_full__sup012_P012_ph211\F3_W.qpy,C:\Users\szymon\QuditsOnQubits\QuditsOnQubits\basis_direct_encoding_benchmarks\quantum_circuits\two_qutrit\monomial_full__sup012_P012_ph211\CZ3_W.qpy,C:\Users\szymon\QuditsOnQubits\QuditsOnQubits\basis_direct_encoding_benchmarks\quantum_circuits\two_qutrit\monomial_full__sup012_P012_ph211\graph_state_direct_basis.qpy,C:\Users\szymon\QuditsOnQubits\QuditsOnQubits\basis_direct_encoding_benchmarks\quantum_circuits\two_qutrit\monomial_full__sup012_P012_ph211\graph_state_direct_basis_transpiled.qpy,C:\Users\szymon\QuditsOnQubits\QuditsOnQubits\basis_direct_encoding_benchmarks\quantum_circuits\two_qutrit\monomial_full__sup012_P012_ph211\basis_change_gate.qpy,C:\Users\szymon\QuditsOnQubits\QuditsOnQubits\basis_direct_encoding_benchmarks\quantum_circuits\two_qutrit\monomial_full__sup012_P012_ph211\W.npy
direct_basis_encoding,two_qutrit,two_qutrit,star,two_qutrit,2,2,4,sup012_P012_ph212,monomial,monomial_full,sup012_P012_ph212,True,True,16,38,54,41,,,0.983125,True,False,ok,,Converted from legacy E_new = E_Z @ W candidate.; Fidelity skipped because transpiled circuit has 128 qubits.,41,41.5,0.5,54,54.0,16,16.0,128,"{'cz': 15, 'rz': 14, 'rx': 12, 'sx': 12, 'rzz': 1}",10,10,0,C:\Users\szymon\QuditsOnQubits\QuditsOnQubits\basis_direct_encoding_benchmarks\quantum_circuits\two_qutrit\monomial_full__sup012_P012_ph212,C:\Users\szymon\QuditsOnQubits\QuditsOnQubits\basis_direct_encoding_benchmarks\quantum_circuits\two_qutrit\monomial_full__sup012_P012_ph212\F3_W.qpy,C:\Users\szymon\QuditsOnQubits\QuditsOnQubits\basis_direct_encoding_benchmarks\quantum_circuits\two_qutrit\monomial_full__sup012_P012_ph212\CZ3_W.qpy,C:\Users\szymon\QuditsOnQubits\QuditsOnQubits\basis_direct_encoding_benchmarks\quantum_circuits\two_qutrit\monomial_full__sup012_P012_ph212\graph_state_direct_basis.qpy,C:\Users\szymon\QuditsOnQubits\QuditsOnQubits\basis_direct_encoding_benchmarks\quantum_circuits\two_qutrit\monomial_full__sup012_P012_ph212\graph_state_direct_basis_transpiled.qpy,C:\Users\szymon\QuditsOnQubits\QuditsOnQubits\basis_direct_encoding_benchmarks\quantum_circuits\two_qutrit\monomial_full__sup012_P012_ph212\basis_change_gate.qpy,C:\Users\szymon\QuditsOnQubits\QuditsOnQubits\basis_direct_encoding_benchmarks\quantum_circuits\two_qutrit\monomial_full__sup012_P012_ph212\W.npy
direct_basis_encoding,two_qutrit,two_qutrit,star,two_qutrit,2,2,4,sup012_P012_ph220,monomial,monomial_full,sup012_P012_ph220,True,True,16,40,56,41,,,1.112081,True,False,ok,,Converted from legacy E_new = E_Z @ W candidate.; Fidelity skipped because transpiled circuit has 128 qubits.,41,41.5,0.5,56,56.0,16,16.0,128,"{'rz': 16, 'cz': 15, 'rx': 12, 'sx': 12, 'rzz': 1}",10,10,0,C:\Users\szymon\QuditsOnQubits\QuditsOnQubits\basis_direct_encoding_benchmarks\quantum_circuits\two_qutrit\monomial_full__sup012_P012_ph220,C:\Users\szymon\QuditsOnQubits\QuditsOnQubits\basis_direct_encoding_benchmarks\quantum_circuits\two_qutrit\monomial_full__sup012_P012_ph220\F3_W.qpy,C:\Users\szymon\QuditsOnQubits\QuditsOnQubits\basis_direct_encoding_benchmarks\quantum_circuits\two_qutrit\monomial_full__sup012_P012_ph220\CZ3_W.qpy,C:\Users\szymon\QuditsOnQubits\QuditsOnQubits\basis_direct_encoding_benchmarks\quantum_circuits\two_qutrit\monomial_full__sup012_P012_ph220\graph_state_direct_basis.qpy,C:\Users\szymon\QuditsOnQubits\QuditsOnQubits\basis_direct_encoding_benchmarks\quantum_circuits\two_qutrit\monomial_full__sup012_P012_ph220\graph_state_direct_basis_transpiled.qpy,C:\Users\szymon\QuditsOnQubits\QuditsOnQubits\basis_direct_encoding_benchmarks\quantum_circuits\two_qutrit\monomial_full__sup012_P012_ph220\basis_change_gate.qpy,C:\Users\szymon\QuditsOnQubits\QuditsOnQubits\basis_direct_encoding_benchmarks\quantum_circuits\two_qutrit\monomial_full__sup012_P012_ph220\W.npy
direct_basis_encoding,two_qutrit,two_qutrit,star,two_qutrit,2,2,4,sup012_P012_ph221,monomial,monomial_full,sup012_P012_ph221,True,True,16,36,52,41,,,1.260729,True,False,ok,,Converted from legacy E_new = E_Z @ W candidate.; Fidelity skipped because transpiled circuit has 128 qubits.,41,41.0,0.0,52,53.0,16,16.0,128,"{'cz': 15, 'rz': 13, 'sx': 12, 'rx': 11, 'rzz': 1}",10,10,0,C:\Users\szymon\QuditsOnQubits\QuditsOnQubits\basis_direct_encoding_benchmarks\quantum_circuits\two_qutrit\monomial_full__sup012_P012_ph221,C:\Users\szymon\QuditsOnQubits\QuditsOnQubits\basis_direct_encoding_benchmarks\quantum_circuits\two_qutrit\monomial_full__sup012_P012_ph221\F3_W.qpy,C:\Users\szymon\QuditsOnQubits\QuditsOnQubits\basis_direct_encoding_benchmarks\quantum_circuits\two_qutrit\monomial_full__sup012_P012_ph221\CZ3_W.qpy,C:\Users\szymon\QuditsOnQubits\QuditsOnQubits\basis_direct_encoding_benchmarks\quantum_circuits\two_qutrit\monomial_full__sup012_P012_ph221\graph_state_direct_basis.qpy,C:\Users\szymon\QuditsOnQubits\QuditsOnQubits\basis_direct_encoding_benchmarks\quantum_circuits\two_qutrit\monomial_full__sup012_P012_ph221\graph_state_direct_basis_transpiled.qpy,C:\Users\szymon\QuditsOnQubits\QuditsOnQubits\basis_direct_encoding_benchmarks\quantum_circuits\two_qutrit\monomial_full__sup012_P012_ph221\basis_change_gate.qpy,C:\Users\szymon\QuditsOnQubits\QuditsOnQubits\basis_direct_encoding_benchmarks\quantum_circuits\two_qutrit\monomial_full__sup012_P012_ph221\W.npy
direct_basis_encoding,two_qutrit,two_qutrit,star,two_qutrit,2,2,4,sup012_P012_ph222,monomial,monomial_full,sup012_P012_ph222,True,True,16,40,56,41,,,1.246528,True,False,ok,,Converted from legacy E_new = E_Z @ W candidate.; Fidelity skipped because transpiled circuit has 128 qubits.,41,41.5,0.5,56,55.5,16,16.0,128,"{'rz': 16, 'cz': 15, 'rx': 12, 'sx': 12, 'rzz': 1}",10,10,0,C:\Users\szymon\QuditsOnQubits\QuditsOnQubits\basis_direct_encoding_benchmarks\quantum_circuits\two_qutrit\monomial_full__sup012_P012_ph222,C:\Users\szymon\QuditsOnQubits\QuditsOnQubits\basis_direct_encoding_benchmarks\quantum_circuits\two_qutrit\monomial_full__sup012_P012_ph222\F3_W.qpy,C:\Users\szymon\QuditsOnQubits\QuditsOnQubits\basis_direct_encoding_benchmarks\quantum_circuits\two_qutrit\monomial_full__sup012_P012_ph222\CZ3_W.qpy,C:\Users\szymon\QuditsOnQubits\QuditsOnQubits\basis_direct_encoding_benchmarks\quantum_circuits\two_qutrit\monomial_full__sup012_P012_ph222\graph_state_direct_basis.qpy,C:\Users\szymon\QuditsOnQubits\QuditsOnQubits\basis_direct_encoding_benchmarks\quantum_circuits\two_qutrit\monomial_full__sup012_P012_ph222\graph_state_direct_basis_transpiled.qpy,C:\Users\szymon\QuditsOnQubits\QuditsOnQubits\basis_direct_encoding_benchmarks\quantum_circuits\two_qutrit\monomial_full__sup012_P012_ph222\basis_change_gate.qpy,C:\Users\szymon\QuditsOnQubits\QuditsOnQubits\basis_direct_encoding_benchmarks\quantum_circuits\two_qutrit\monomial_full__sup012_P012_ph222\W.npy
direct_basis_encoding,two_qutrit,two_qutrit,star,two_qutrit,2,2,4,sup012_P021_ph000,monomial,monomial_full,sup012_P021_ph000,True,True,16,37,53,41,,,1.401014,True,False,ok,,Converted from legacy E_new = E_Z @ W candidate.; Fidelity skipped because transpiled circuit has 128 qubits.,41,41.0,0.0,53,53.5,16,16.0,128,"{'cz': 15, 'rz': 13, 'sx': 12, 'rx': 12, 'rzz': 1}",10,10,0,C:\Users\szymon\QuditsOnQubits\QuditsOnQubits\basis_direct_encoding_benchmarks\quantum_circuits\two_qutrit\monomial_full__sup012_P021_ph000,C:\Users\szymon\QuditsOnQubits\QuditsOnQubits\basis_direct_encoding_benchmarks\quantum_circuits\two_qutrit\monomial_full__sup012_P021_ph000\F3_W.qpy,C:\Users\szymon\QuditsOnQubits\QuditsOnQubits\basis_direct_encoding_benchmarks\quantum_circuits\two_qutrit\monomial_full__sup012_P021_ph000\CZ3_W.qpy,C:\Users\szymon\QuditsOnQubits\QuditsOnQubits\basis_direct_encoding_benchmarks\quantum_circuits\two_qutrit\monomial_full__sup012_P021_ph000\graph_state_direct_basis.qpy,C:\Users\szymon\QuditsOnQubits\QuditsOnQubits\basis_direct_encoding_benchmarks\quantum_circuits\two_qutrit\monomial_full__sup012_P021_ph000\graph_state_direct_basis_transpiled.qpy,C:\Users\szymon\QuditsOnQubits\QuditsOnQubits\basis_direct_encoding_benchmarks\quantum_circuits\two_qutrit\monomial_full__sup012_P021_ph000\basis_change_gate.qpy,C:\Users\szymon\QuditsOnQubits\QuditsOnQubits\basis_direct_encoding_benchmarks\quantum_circuits\two_qutrit\monomial_full__sup012_P021_ph000\W.npy
direct_basis_encoding,two_qutrit,two_qutrit,star,two_qutrit,2,2,4,sup012_P021_ph001,monomial,monomial_full,sup012_P021_ph001,True,True,16,40,56,41,,,1.004001,True,False,ok,,Converted from legacy E_new = E_Z @ W candidate.; Fidelity skipped because transpiled circuit has 128 qubits.,41,41.5,0.5,56,56.0,16,16.0,128,"{'rz': 16, 'cz': 15, 'rx': 12, 'sx': 12, 'rzz': 1}",10,10,0,C:\Users\szymon\QuditsOnQubits\QuditsOnQubits\basis_direct_encoding_benchmarks\quantum_circuits\two_qutrit\monomial_full__sup012_P021_ph001,C:\Users\szymon\QuditsOnQubits\QuditsOnQubits\basis_direct_encoding_benchmarks\quantum_circuits\two_qutrit\monomial_full__sup012_P021_ph001\F3_W.qpy,C:\Users\szymon\QuditsOnQubits\QuditsOnQubits\basis_direct_encoding_benchmarks\quantum_circuits\two_qutrit\monomial_full__sup012_P021_ph001\CZ3_W.qpy,C:\Users\szymon\QuditsOnQubits\QuditsOnQubits\basis_direct_encoding_benchmarks\quantum_circuits\two_qutrit\monomial_full__sup012_P021_ph001\graph_state_direct_basis.qpy,C:\Users\szymon\QuditsOnQubits\QuditsOnQubits\basis_direct_encoding_benchmarks\quantum_circuits\two_qutrit\monomial_full__sup012_P021_ph001\graph_state_direct_basis_transpiled.qpy,C:\Users\szymon\QuditsOnQubits\QuditsOnQubits\basis_direct_encoding_benchmarks\quantum_circuits\two_qutrit\monomial_full__sup012_P021_ph001\basis_change_gate.qpy,C:\Users\szymon\QuditsOnQubits\QuditsOnQubits\basis_direct_encoding_benchmarks\quantum_circuits\two_qutrit\monomial_full__sup012_P021_ph001\W.npy
direct_basis_encoding,two_qutrit,two_qutrit,star,two_qutrit,2,2,4,sup012_P021_ph002,monomial,monomial_full,sup012_P021_ph002,True,True,16,40,56,41,,,1.17208,True,False,ok,,Converted from legacy E_new = E_Z @ W candidate.; Fidelity skipped because transpiled circuit has 128 qubits.,41,41.5,0.5,56,55.5,16,16.0,128,"{'rz': 16, 'cz': 15, 'rx': 12, 'sx': 12, 'rzz': 1}",10,10,0,C:\Users\szymon\QuditsOnQubits\QuditsOnQubits\basis_direct_encoding_benchmarks\quantum_circuits\two_qutrit\monomial_full__sup012_P021_ph002,C:\Users\szymon\QuditsOnQubits\QuditsOnQubits\basis_direct_encoding_benchmarks\quantum_circuits\two_qutrit\monomial_full__sup012_P021_ph002\F3_W.qpy,C:\Users\szymon\QuditsOnQubits\QuditsOnQubits\basis_direct_encoding_benchmarks\quantum_circuits\two_qutrit\monomial_full__sup012_P021_ph002\CZ3_W.qpy,C:\Users\szymon\QuditsOnQubits\QuditsOnQubits\basis_direct_encoding_benchmarks\quantum_circuits\two_qutrit\monomial_full__sup012_P021_ph002\graph_state_direct_basis.qpy,C:\Users\szymon\QuditsOnQubits\QuditsOnQubits\basis_direct_encoding_benchmarks\quantum_circuits\two_qutrit\monomial_full__sup012_P021_ph002\graph_state_direct_basis_transpiled.qpy,C:\Users\szymon\QuditsOnQubits\QuditsOnQubits\basis_direct_encoding_benchmarks\quantum_circuits\two_qutrit\monomial_full__sup012_P021_ph002\basis_change_gate.qpy,C:\Users\szymon\QuditsOnQubits\QuditsOnQubits\basis_direct_encoding_benchmarks\quantum_circuits\two_qutrit\monomial_full__sup012_P021_ph002\W.npy
direct_basis_encoding,two_qutrit,two_qutrit,star,two_qutrit,2,2,4,sup012_P021_ph010,monomial,monomial_full,sup012_P021_ph010,True,True,16,40,56,42,,,0.962314,True,False,ok,,Converted from legacy E_new = E_Z @ W candidate.; Fidelity skipped because transpiled circuit has 128 qubits.,42,42.0,0.0,56,56.5,16,16.0,128,"{'rz': 16, 'cz': 15, 'sx': 12, 'rx': 12, 'rzz': 1}",10,10,0,C:\Users\szymon\QuditsOnQubits\QuditsOnQubits\basis_direct_encoding_benchmarks\quantum_circuits\two_qutrit\monomial_full__sup012_P021_ph010,C:\Users\szymon\QuditsOnQubits\QuditsOnQubits\basis_direct_encoding_benchmarks\quantum_circuits\two_qutrit\monomial_full__sup012_P021_ph010\F3_W.qpy,C:\Users\szymon\QuditsOnQubits\QuditsOnQubits\basis_direct_encoding_benchmarks\quantum_circuits\two_qutrit\monomial_full__sup012_P021_ph010\CZ3_W.qpy,C:\Users\szymon\QuditsOnQubits\QuditsOnQubits\basis_direct_encoding_benchmarks\quantum_circuits\two_qutrit\monomial_full__sup012_P021_ph010\graph_state_direct_basis.qpy,C:\Users\szymon\QuditsOnQubits\QuditsOnQubits\basis_direct_encoding_benchmarks\quantum_circuits\two_qutrit\monomial_full__sup012_P021_ph010\graph_state_direct_basis_transpiled.qpy,C:\Users\szymon\QuditsOnQubits\QuditsOnQubits\basis_direct_encoding_benchmarks\quantum_circuits\two_qutrit\monomial_full__sup012_P021_ph010\basis_change_gate.qpy,C:\Users\szymon\QuditsOnQubits\QuditsOnQubits\basis_direct_encoding_benchmarks\quantum_circuits\two_qutrit\monomial_full__sup012_P021_ph010\W.npy
direct_basis_encoding,two_qutrit,two_qutrit,star,two_qutrit,2,2,4,sup012_P021_ph011,monomial,monomial_full,sup012_P021_ph011,True,True,16,41,57,42,,,1.086543,True,False,ok,,Converted from legacy E_new = E_Z @ W candidate.; Fidelity skipped because transpiled circuit has 128 qubits.,42,42.5,0.5,57,57.0,16,16.0,128,"{'rz': 17, 'cz': 15, 'rx': 12, 'sx': 12, 'rzz': 1}",10,10,0,C:\Users\szymon\QuditsOnQubits\QuditsOnQubits\basis_direct_encoding_benchmarks\quantum_circuits\two_qutrit\monomial_full__sup012_P021_ph011,C:\Users\szymon\QuditsOnQubits\QuditsOnQubits\basis_direct_encoding_benchmarks\quantum_circuits\two_qutrit\monomial_full__sup012_P021_ph011\F3_W.qpy,C:\Users\szymon\QuditsOnQubits\QuditsOnQubits\basis_direct_encoding_benchmarks\quantum_circuits\two_qutrit\monomial_full__sup012_P021_ph011\CZ3_W.qpy,C:\Users\szymon\QuditsOnQubits\QuditsOnQubits\basis_direct_encoding_benchmarks\quantum_circuits\two_qutrit\monomial_full__sup012_P021_ph011\graph_state_direct_basis.qpy,C:\Users\szymon\QuditsOnQubits\QuditsOnQubits\basis_direct_encoding_benchmarks\quantum_circuits\two_qutrit\monomial_full__sup012_P021_ph011\graph_state_direct_basis_transpiled.qpy,C:\Users\szymon\QuditsOnQubits\QuditsOnQubits\basis_direct_encoding_benchmarks\quantum_circuits\two_qutrit\monomial_full__sup012_P021_ph011\basis_change_gate.qpy,C:\Users\szymon\QuditsOnQubits\QuditsOnQubits\basis_direct_encoding_benchmarks\quantum_circuits\two_qutrit\monomial_full__sup012_P021_ph011\W.npy
direct_basis_encoding,two_qutrit,two_qutrit,star,two_qutrit,2,2,4,sup012_P021_ph012,monomial,monomial_full,sup012_P021_ph012,True,True,16,38,54,41,,,1.321415,True,False,ok,,Converted from legacy E_new = E_Z @ W candidate.; Fidelity skipped because transpiled circuit has 128 qubits.,41,41.5,0.5,54,53.5,16,16.0,128,"{'cz': 15, 'rz': 14, 'rx': 12, 'sx': 12, 'rzz': 1}",10,10,0,C:\Users\szymon\QuditsOnQubits\QuditsOnQubits\basis_direct_encoding_benchmarks\quantum_circuits\two_qutrit\monomial_full__sup012_P021_ph012,C:\Users\szymon\QuditsOnQubits\QuditsOnQubits\basis_direct_encoding_benchmarks\quantum_circuits\two_qutrit\monomial_full__sup012_P021_ph012\F3_W.qpy,C:\Users\szymon\QuditsOnQubits\QuditsOnQubits\basis_direct_encoding_benchmarks\quantum_circuits\two_qutrit\monomial_full__sup012_P021_ph012\CZ3_W.qpy,C:\Users\szymon\QuditsOnQubits\QuditsOnQubits\basis_direct_encoding_benchmarks\quantum_circuits\two_qutrit\monomial_full__sup012_P021_ph012\graph_state_direct_basis.qpy,C:\Users\szymon\QuditsOnQubits\QuditsOnQubits\basis_direct_encoding_benchmarks\quantum_circuits\two_qutrit\monomial_full__sup012_P021_ph012\graph_state_direct_basis_transpiled.qpy,C:\Users\szymon\QuditsOnQubits\QuditsOnQubits\basis_direct_encoding_benchmarks\quantum_circuits\two_qutrit\monomial_full__sup012_P021_ph012\basis_change_gate.qpy,C:\Users\szymon\QuditsOnQubits\QuditsOnQubits\basis_direct_encoding_benchmarks\quantum_circuits\two_qutrit\monomial_full__sup012_P021_ph012\W.npy
direct_basis_encoding,two_qutrit,two_qutrit,star,two_qutrit,2,2,4,sup012_P021_ph020,monomial,monomial_full,sup012_P021_ph020,True,True,16,40,56,42,,,1.198556,True,False,ok,,Converted from legacy E_new = E_Z @ W candidate.; Fidelity skipped because transpiled circuit has 128 qubits.,42,42.0,0.0,56,56.5,16,16.0,128,"{'rz': 16, 'cz': 15, 'sx': 12, 'rx': 12, 'rzz': 1}",10,10,0,C:\Users\szymon\QuditsOnQubits\QuditsOnQubits\basis_direct_encoding_benchmarks\quantum_circuits\two_qutrit\monomial_full__sup012_P021_ph020,C:\Users\szymon\QuditsOnQubits\QuditsOnQubits\basis_direct_encoding_benchmarks\quantum_circuits\two_qutrit\monomial_full__sup012_P021_ph020\F3_W.qpy,C:\Users\szymon\QuditsOnQubits\QuditsOnQubits\basis_direct_encoding_benchmarks\quantum_circuits\two_qutrit\monomial_full__sup012_P021_ph020\CZ3_W.qpy,C:\Users\szymon\QuditsOnQubits\QuditsOnQubits\basis_direct_encoding_benchmarks\quantum_circuits\two_qutrit\monomial_full__sup012_P021_ph020\graph_state_direct_basis.qpy,C:\Users\szymon\QuditsOnQubits\QuditsOnQubits\basis_direct_encoding_benchmarks\quantum_circuits\two_qutrit\monomial_full__sup012_P021_ph020\graph_state_direct_basis_transpiled.qpy,C:\Users\szymon\QuditsOnQubits\QuditsOnQubits\basis_direct_encoding_benchmarks\quantum_circuits\two_qutrit\monomial_full__sup012_P021_ph020\basis_change_gate.qpy,C:\Users\szymon\QuditsOnQubits\QuditsOnQubits\basis_direct_encoding_benchmarks\quantum_circuits\two_qutrit\monomial_full__sup012_P021_ph020\W.npy
direct_basis_encoding,two_qutrit,two_qutrit,star,two_qutrit,2,2,4,sup012_P021_ph021,monomial,monomial_full,sup012_P021_ph021,True,True,16,38,54,41,,,1.135002,True,False,ok,,Converted from legacy E_new = E_Z @ W candidate.; Fidelity skipped because transpiled circuit has 128 qubits.,41,41.5,0.5,54,53.5,16,16.0,128,"{'cz': 15, 'rz': 14, 'rx': 12, 'sx': 12, 'rzz': 1}",10,10,0,C:\Users\szymon\QuditsOnQubits\QuditsOnQubits\basis_direct_encoding_benchmarks\quantum_circuits\two_qutrit\monomial_full__sup012_P021_ph021,C:\Users\szymon\QuditsOnQubits\QuditsOnQubits\basis_direct_encoding_benchmarks\quantum_circuits\two_qutrit\monomial_full__sup012_P021_ph021\F3_W.qpy,C:\Users\szymon\QuditsOnQubits\QuditsOnQubits\basis_direct_encoding_benchmarks\quantum_circuits\two_qutrit\monomial_full__sup012_P021_ph021\CZ3_W.qpy,C:\Users\szymon\QuditsOnQubits\QuditsOnQubits\basis_direct_encoding_benchmarks\quantum_circuits\two_qutrit\monomial_full__sup012_P021_ph021\graph_state_direct_basis.qpy,C:\Users\szymon\QuditsOnQubits\QuditsOnQubits\basis_direct_encoding_benchmarks\quantum_circuits\two_qutrit\monomial_full__sup012_P021_ph021\graph_state_direct_basis_transpiled.qpy,C:\Users\szymon\QuditsOnQubits\QuditsOnQubits\basis_direct_encoding_benchmarks\quantum_circuits\two_qutrit\monomial_full__sup012_P021_ph021\basis_change_gate.qpy,C:\Users\szymon\QuditsOnQubits\QuditsOnQubits\basis_direct_encoding_benchmarks\quantum_circuits\two_qutrit\monomial_full__sup012_P021_ph021\W.npy
direct_basis_encoding,two_qutrit,two_qutrit,star,two_qutrit,2,2,4,sup012_P021_ph022,monomial,monomial_full,sup012_P021_ph022,True,True,16,41,57,42,,,0.931135,True,False,ok,,Converted from legacy E_new = E_Z @ W candidate.; Fidelity skipped because transpiled circuit has 128 qubits.,42,42.5,0.5,57,56.5,16,16.0,128,"{'rz': 17, 'cz': 15, 'rx': 12, 'sx': 12, 'rzz': 1}",10,10,0,C:\Users\szymon\QuditsOnQubits\QuditsOnQubits\basis_direct_encoding_benchmarks\quantum_circuits\two_qutrit\monomial_full__sup012_P021_ph022,C:\Users\szymon\QuditsOnQubits\QuditsOnQubits\basis_direct_encoding_benchmarks\quantum_circuits\two_qutrit\monomial_full__sup012_P021_ph022\F3_W.qpy,C:\Users\szymon\QuditsOnQubits\QuditsOnQubits\basis_direct_encoding_benchmarks\quantum_circuits\two_qutrit\monomial_full__sup012_P021_ph022\CZ3_W.qpy,C:\Users\szymon\QuditsOnQubits\QuditsOnQubits\basis_direct_encoding_benchmarks\quantum_circuits\two_qutrit\monomial_full__sup012_P021_ph022\graph_state_direct_basis.qpy,C:\Users\szymon\QuditsOnQubits\QuditsOnQubits\basis_direct_encoding_benchmarks\quantum_circuits\two_qutrit\monomial_full__sup012_P021_ph022\graph_state_direct_basis_transpiled.qpy,C:\Users\szymon\QuditsOnQubits\QuditsOnQubits\basis_direct_encoding_benchmarks\quantum_circuits\two_qutrit\monomial_full__sup012_P021_ph022\basis_change_gate.qpy,C:\Users\szymon\QuditsOnQubits\QuditsOnQubits\basis_direct_encoding_benchmarks\quantum_circuits\two_qutrit\monomial_full__sup012_P021_ph022\W.npy
direct_basis_encoding,two_qutrit,two_qutrit,star,two_qutrit,2,2,4,sup012_P021_ph100,monomial,monomial_full,sup012_P021_ph100,True,True,16,38,54,41,,,1.154676,True,False,ok,,Converted from legacy E_new = E_Z @ W candidate.; Fidelity skipped because transpiled circuit has 128 qubits.,41,41.5,0.5,54,53.5,16,16.0,128,"{'cz': 15, 'rz': 14, 'rx': 12, 'sx': 12, 'rzz': 1}",10,10,0,C:\Users\szymon\QuditsOnQubits\QuditsOnQubits\basis_direct_encoding_benchmarks\quantum_circuits\two_qutrit\monomial_full__sup012_P021_ph100,C:\Users\szymon\QuditsOnQubits\QuditsOnQubits\basis_direct_encoding_benchmarks\quantum_circuits\two_qutrit\monomial_full__sup012_P021_ph100\F3_W.qpy,C:\Users\szymon\QuditsOnQubits\QuditsOnQubits\basis_direct_encoding_benchmarks\quantum_circuits\two_qutrit\monomial_full__sup012_P021_ph100\CZ3_W.qpy,C:\Users\szymon\QuditsOnQubits\QuditsOnQubits\basis_direct_encoding_benchmarks\quantum_circuits\two_qutrit\monomial_full__sup012_P021_ph100\graph_state_direct_basis.qpy,C:\Users\szymon\QuditsOnQubits\QuditsOnQubits\basis_direct_encoding_benchmarks\quantum_circuits\two_qutrit\monomial_full__sup012_P021_ph100\graph_state_direct_basis_transpiled.qpy,C:\Users\szymon\QuditsOnQubits\QuditsOnQubits\basis_direct_encoding_benchmarks\quantum_circuits\two_qutrit\monomial_full__sup012_P021_ph100\basis_change_gate.qpy,C:\Users\szymon\QuditsOnQubits\QuditsOnQubits\basis_direct_encoding_benchmarks\quantum_circuits\two_qutrit\monomial_full__sup012_P021_ph100\W.npy
direct_basis_encoding,two_qutrit,two_qutrit,star,two_qutrit,2,2,4,sup012_P021_ph101,monomial,monomial_full,sup012_P021_ph101,True,True,16,41,57,42,,,1.190836,True,False,ok,,Converted from legacy E_new = E_Z @ W candidate.; Fidelity skipped because transpiled circuit has 128 qubits.,42,42.5,0.5,57,56.5,16,16.0,128,"{'rz': 17, 'cz': 15, 'rx': 12, 'sx': 12, 'rzz': 1}",10,10,0,C:\Users\szymon\QuditsOnQubits\QuditsOnQubits\basis_direct_encoding_benchmarks\quantum_circuits\two_qutrit\monomial_full__sup012_P021_ph101,C:\Users\szymon\QuditsOnQubits\QuditsOnQubits\basis_direct_encoding_benchmarks\quantum_circuits\two_qutrit\monomial_full__sup012_P021_ph101\F3_W.qpy,C:\Users\szymon\QuditsOnQubits\QuditsOnQubits\basis_direct_encoding_benchmarks\quantum_circuits\two_qutrit\monomial_full__sup012_P021_ph101\CZ3_W.qpy,C:\Users\szymon\QuditsOnQubits\QuditsOnQubits\basis_direct_encoding_benchmarks\quantum_circuits\two_qutrit\monomial_full__sup012_P021_ph101\graph_state_direct_basis.qpy,C:\Users\szymon\QuditsOnQubits\QuditsOnQubits\basis_direct_encoding_benchmarks\quantum_circuits\two_qutrit\monomial_full__sup012_P021_ph101\graph_state_direct_basis_transpiled.qpy,C:\Users\szymon\QuditsOnQubits\QuditsOnQubits\basis_direct_encoding_benchmarks\quantum_circuits\two_qutrit\monomial_full__sup012_P021_ph101\basis_change_gate.qpy,C:\Users\szymon\QuditsOnQubits\QuditsOnQubits\basis_direct_encoding_benchmarks\quantum_circuits\two_qutrit\monomial_full__sup012_P021_ph101\W.npy
direct_basis_encoding,two_qutrit,two_qutrit,star,two_qutrit,2,2,4,sup012_P021_ph102,monomial,monomial_full,sup012_P021_ph102,True,True,16,40,56,42,,,1.018585,True,False,ok,,Converted from legacy E_new = E_Z @ W candidate.; Fidelity skipped because transpiled circuit has 128 qubits.,42,42.0,0.0,56,56.5,16,16.0,128,"{'rz': 16, 'cz': 15, 'sx': 12, 'rx': 12, 'rzz': 1}",10,10,0,C:\Users\szymon\QuditsOnQubits\QuditsOnQubits\basis_direct_encoding_benchmarks\quantum_circuits\two_qutrit\monomial_full__sup012_P021_ph102,C:\Users\szymon\QuditsOnQubits\QuditsOnQubits\basis_direct_encoding_benchmarks\quantum_circuits\two_qutrit\monomial_full__sup012_P021_ph102\F3_W.qpy,C:\Users\szymon\QuditsOnQubits\QuditsOnQubits\basis_direct_encoding_benchmarks\quantum_circuits\two_qutrit\monomial_full__sup012_P021_ph102\CZ3_W.qpy,C:\Users\szymon\QuditsOnQubits\QuditsOnQubits\basis_direct_encoding_benchmarks\quantum_circuits\two_qutrit\monomial_full__sup012_P021_ph102\graph_state_direct_basis.qpy,C:\Users\szymon\QuditsOnQubits\QuditsOnQubits\basis_direct_encoding_benchmarks\quantum_circuits\two_qutrit\monomial_full__sup012_P021_ph102\graph_state_direct_basis_transpiled.qpy,C:\Users\szymon\QuditsOnQubits\QuditsOnQubits\basis_direct_encoding_benchmarks\quantum_circuits\two_qutrit\monomial_full__sup012_P021_ph102\basis_change_gate.qpy,C:\Users\szymon\QuditsOnQubits\QuditsOnQubits\basis_direct_encoding_benchmarks\quantum_circuits\two_qutrit\monomial_full__sup012_P021_ph102\W.npy
direct_basis_encoding,two_qutrit,two_qutrit,star,two_qutrit,2,2,4,sup012_P021_ph110,monomial,monomial_full,sup012_P021_ph110,True,True,16,40,56,41,,,0.791982,True,False,ok,,Converted from legacy E_new = E_Z @ W candidate.; Fidelity skipped because transpiled circuit has 128 qubits.,41,41.5,0.5,56,56.0,16,16.0,128,"{'rz': 16, 'cz': 15, 'rx': 12, 'sx': 12, 'rzz': 1}",10,10,0,C:\Users\szymon\QuditsOnQubits\QuditsOnQubits\basis_direct_encoding_benchmarks\quantum_circuits\two_qutrit\monomial_full__sup012_P021_ph110,C:\Users\szymon\QuditsOnQubits\QuditsOnQubits\basis_direct_encoding_benchmarks\quantum_circuits\two_qutrit\monomial_full__sup012_P021_ph110\F3_W.qpy,C:\Users\szymon\QuditsOnQubits\QuditsOnQubits\basis_direct_encoding_benchmarks\quantum_circuits\two_qutrit\monomial_full__sup012_P021_ph110\CZ3_W.qpy,C:\Users\szymon\QuditsOnQubits\QuditsOnQubits\basis_direct_encoding_benchmarks\quantum_circuits\two_qutrit\monomial_full__sup012_P021_ph110\graph_state_direct_basis.qpy,C:\Users\szymon\QuditsOnQubits\QuditsOnQubits\basis_direct_encoding_benchmarks\quantum_circuits\two_qutrit\monomial_full__sup012_P021_ph110\graph_state_direct_basis_transpiled.qpy,C:\Users\szymon\QuditsOnQubits\QuditsOnQubits\basis_direct_encoding_benchmarks\quantum_circuits\two_qutrit\monomial_full__sup012_P021_ph110\basis_change_gate.qpy,C:\Users\szymon\QuditsOnQubits\QuditsOnQubits\basis_direct_encoding_benchmarks\quantum_circuits\two_qutrit\monomial_full__sup012_P021_ph110\W.npy
direct_basis_encoding,two_qutrit,two_qutrit,star,two_qutrit,2,2,4,sup012_P021_ph111,monomial,monomial_full,sup012_P021_ph111,True,True,16,40,56,41,,,1.159791,True,False,ok,,Converted from legacy E_new = E_Z @ W candidate.; Fidelity skipped because transpiled circuit has 128 qubits.,41,41.5,0.5,56,56.0,16,16.0,128,"{'rz': 16, 'cz': 15, 'rx': 12, 'sx': 12, 'rzz': 1}",10,10,0,C:\Users\szymon\QuditsOnQubits\QuditsOnQubits\basis_direct_encoding_benchmarks\quantum_circuits\two_qutrit\monomial_full__sup012_P021_ph111,C:\Users\szymon\QuditsOnQubits\QuditsOnQubits\basis_direct_encoding_benchmarks\quantum_circuits\two_qutrit\monomial_full__sup012_P021_ph111\F3_W.qpy,C:\Users\szymon\QuditsOnQubits\QuditsOnQubits\basis_direct_encoding_benchmarks\quantum_circuits\two_qutrit\monomial_full__sup012_P021_ph111\CZ3_W.qpy,C:\Users\szymon\QuditsOnQubits\QuditsOnQubits\basis_direct_encoding_benchmarks\quantum_circuits\two_qutrit\monomial_full__sup012_P021_ph111\graph_state_direct_basis.qpy,C:\Users\szymon\QuditsOnQubits\QuditsOnQubits\basis_direct_encoding_benchmarks\quantum_circuits\two_qutrit\monomial_full__sup012_P021_ph111\graph_state_direct_basis_transpiled.qpy,C:\Users\szymon\QuditsOnQubits\QuditsOnQubits\basis_direct_encoding_benchmarks\quantum_circuits\two_qutrit\monomial_full__sup012_P021_ph111\basis_change_gate.qpy,C:\Users\szymon\QuditsOnQubits\QuditsOnQubits\basis_direct_encoding_benchmarks\quantum_circuits\two_qutrit\monomial_full__sup012_P021_ph111\W.npy
direct_basis_encoding,two_qutrit,two_qutrit,star,two_qutrit,2,2,4,sup012_P021_ph112,monomial,monomial_full,sup012_P021_ph112,True,True,16,36,52,41,,,1.111081,True,False,ok,,Converted from legacy E_new = E_Z @ W candidate.; Fidelity skipped because transpiled circuit has 128 qubits.,41,41.0,0.0,52,53.0,16,16.0,128,"{'cz': 15, 'rz': 13, 'sx': 12, 'rx': 11, 'rzz': 1}",10,10,0,C:\Users\szymon\QuditsOnQubits\QuditsOnQubits\basis_direct_encoding_benchmarks\quantum_circuits\two_qutrit\monomial_full__sup012_P021_ph112,C:\Users\szymon\QuditsOnQubits\QuditsOnQubits\basis_direct_encoding_benchmarks\quantum_circuits\two_qutrit\monomial_full__sup012_P021_ph112\F3_W.qpy,C:\Users\szymon\QuditsOnQubits\QuditsOnQubits\basis_direct_encoding_benchmarks\quantum_circuits\two_qutrit\monomial_full__sup012_P021_ph112\CZ3_W.qpy,C:\Users\szymon\QuditsOnQubits\QuditsOnQubits\basis_direct_encoding_benchmarks\quantum_circuits\two_qutrit\monomial_full__sup012_P021_ph112\graph_state_direct_basis.qpy,C:\Users\szymon\QuditsOnQubits\QuditsOnQubits\basis_direct_encoding_benchmarks\quantum_circuits\two_qutrit\monomial_full__sup012_P021_ph112\graph_state_direct_basis_transpiled.qpy,C:\Users\szymon\QuditsOnQubits\QuditsOnQubits\basis_direct_encoding_benchmarks\quantum_circuits\two_qutrit\monomial_full__sup012_P021_ph112\basis_change_gate.qpy,C:\Users\szymon\QuditsOnQubits\QuditsOnQubits\basis_direct_encoding_benchmarks\quantum_circuits\two_qutrit\monomial_full__sup012_P021_ph112\W.npy
direct_basis_encoding,two_qutrit,two_qutrit,star,two_qutrit,2,2,4,sup012_P021_ph120,monomial,monomial_full,sup012_P021_ph120,True,True,16,41,57,42,,,1.122259,True,False,ok,,Converted from legacy E_new = E_Z @ W candidate.; Fidelity skipped because transpiled circuit has 128 qubits.,42,42.5,0.5,57,57.0,16,16.0,128,"{'rz': 17, 'cz': 15, 'rx': 12, 'sx': 12, 'rzz': 1}",10,10,0,C:\Users\szymon\QuditsOnQubits\QuditsOnQubits\basis_direct_encoding_benchmarks\quantum_circuits\two_qutrit\monomial_full__sup012_P021_ph120,C:\Users\szymon\QuditsOnQubits\QuditsOnQubits\basis_direct_encoding_benchmarks\quantum_circuits\two_qutrit\monomial_full__sup012_P021_ph120\F3_W.qpy,C:\Users\szymon\QuditsOnQubits\QuditsOnQubits\basis_direct_encoding_benchmarks\quantum_circuits\two_qutrit\monomial_full__sup012_P021_ph120\CZ3_W.qpy,C:\Users\szymon\QuditsOnQubits\QuditsOnQubits\basis_direct_encoding_benchmarks\quantum_circuits\two_qutrit\monomial_full__sup012_P021_ph120\graph_state_direct_basis.qpy,C:\Users\szymon\QuditsOnQubits\QuditsOnQubits\basis_direct_encoding_benchmarks\quantum_circuits\two_qutrit\monomial_full__sup012_P021_ph120\graph_state_direct_basis_transpiled.qpy,C:\Users\szymon\QuditsOnQubits\QuditsOnQubits\basis_direct_encoding_benchmarks\quantum_circuits\two_qutrit\monomial_full__sup012_P021_ph120\basis_change_gate.qpy,C:\Users\szymon\QuditsOnQubits\QuditsOnQubits\basis_direct_encoding_benchmarks\quantum_circuits\two_qutrit\monomial_full__sup012_P021_ph120\W.npy
direct_basis_encoding,two_qutrit,two_qutrit,star,two_qutrit,2,2,4,sup012_P021_ph121,monomial,monomial_full,sup012_P021_ph121,True,True,16,38,54,41,,,1.115127,True,False,ok,,Converted from legacy E_new = E_Z @ W candidate.; Fidelity skipped because transpiled circuit has 128 qubits.,41,41.5,0.5,54,54.0,16,16.0,128,"{'cz': 15, 'rz': 14, 'rx': 12, 'sx': 12, 'rzz': 1}",10,10,0,C:\Users\szymon\QuditsOnQubits\QuditsOnQubits\basis_direct_encoding_benchmarks\quantum_circuits\two_qutrit\monomial_full__sup012_P021_ph121,C:\Users\szymon\QuditsOnQubits\QuditsOnQubits\basis_direct_encoding_benchmarks\quantum_circuits\two_qutrit\monomial_full__sup012_P021_ph121\F3_W.qpy,C:\Users\szymon\QuditsOnQubits\QuditsOnQubits\basis_direct_encoding_benchmarks\quantum_circuits\two_qutrit\monomial_full__sup012_P021_ph121\CZ3_W.qpy,C:\Users\szymon\QuditsOnQubits\QuditsOnQubits\basis_direct_encoding_benchmarks\quantum_circuits\two_qutrit\monomial_full__sup012_P021_ph121\graph_state_direct_basis.qpy,C:\Users\szymon\QuditsOnQubits\QuditsOnQubits\basis_direct_encoding_benchmarks\quantum_circuits\two_qutrit\monomial_full__sup012_P021_ph121\graph_state_direct_basis_transpiled.qpy,C:\Users\szymon\QuditsOnQubits\QuditsOnQubits\basis_direct_encoding_benchmarks\quantum_circuits\two_qutrit\monomial_full__sup012_P021_ph121\basis_change_gate.qpy,C:\Users\szymon\QuditsOnQubits\QuditsOnQubits\basis_direct_encoding_benchmarks\quantum_circuits\two_qutrit\monomial_full__sup012_P021_ph121\W.npy
direct_basis_encoding,two_qutrit,two_qutrit,star,two_qutrit,2,2,4,sup012_P021_ph122,monomial,monomial_full,sup012_P021_ph122,True,True,16,39,55,42,,,1.18118,True,False,ok,,Converted from legacy E_new = E_Z @ W candidate.; Fidelity skipped because transpiled circuit has 128 qubits.,42,42.0,0.0,55,56.0,16,16.0,128,"{'rz': 16, 'cz': 15, 'sx': 12, 'rx': 11, 'rzz': 1}",10,10,0,C:\Users\szymon\QuditsOnQubits\QuditsOnQubits\basis_direct_encoding_benchmarks\quantum_circuits\two_qutrit\monomial_full__sup012_P021_ph122,C:\Users\szymon\QuditsOnQubits\QuditsOnQubits\basis_direct_encoding_benchmarks\quantum_circuits\two_qutrit\monomial_full__sup012_P021_ph122\F3_W.qpy,C:\Users\szymon\QuditsOnQubits\QuditsOnQubits\basis_direct_encoding_benchmarks\quantum_circuits\two_qutrit\monomial_full__sup012_P021_ph122\CZ3_W.qpy,C:\Users\szymon\QuditsOnQubits\QuditsOnQubits\basis_direct_encoding_benchmarks\quantum_circuits\two_qutrit\monomial_full__sup012_P021_ph122\graph_state_direct_basis.qpy,C:\Users\szymon\QuditsOnQubits\QuditsOnQubits\basis_direct_encoding_benchmarks\quantum_circuits\two_qutrit\monomial_full__sup012_P021_ph122\graph_state_direct_basis_transpiled.qpy,C:\Users\szymon\QuditsOnQubits\QuditsOnQubits\basis_direct_encoding_benchmarks\quantum_circuits\two_qutrit\monomial_full__sup012_P021_ph122\basis_change_gate.qpy,C:\Users\szymon\QuditsOnQubits\QuditsOnQubits\basis_direct_encoding_benchmarks\quantum_circuits\two_qutrit\monomial_full__sup012_P021_ph122\W.npy
direct_basis_encoding,two_qutrit,two_qutrit,star,two_qutrit,2,2,4,sup012_P021_ph200,monomial,monomial_full,sup012_P021_ph200,True,True,16,38,54,41,,,1.007435,True,False,ok,,Converted from legacy E_new = E_Z @ W candidate.; Fidelity skipped because transpiled circuit has 128 qubits.,41,41.5,0.5,54,53.5,16,16.0,128,"{'cz': 15, 'rz': 14, 'rx': 12, 'sx': 12, 'rzz': 1}",10,10,0,C:\Users\szymon\QuditsOnQubits\QuditsOnQubits\basis_direct_encoding_benchmarks\quantum_circuits\two_qutrit\monomial_full__sup012_P021_ph200,C:\Users\szymon\QuditsOnQubits\QuditsOnQubits\basis_direct_encoding_benchmarks\quantum_circuits\two_qutrit\monomial_full__sup012_P021_ph200\F3_W.qpy,C:\Users\szymon\QuditsOnQubits\QuditsOnQubits\basis_direct_encoding_benchmarks\quantum_circuits\two_qutrit\monomial_full__sup012_P021_ph200\CZ3_W.qpy,C:\Users\szymon\QuditsOnQubits\QuditsOnQubits\basis_direct_encoding_benchmarks\quantum_circuits\two_qutrit\monomial_full__sup012_P021_ph200\graph_state_direct_basis.qpy,C:\Users\szymon\QuditsOnQubits\QuditsOnQubits\basis_direct_encoding_benchmarks\quantum_circuits\two_qutrit\monomial_full__sup012_P021_ph200\graph_state_direct_basis_transpiled.qpy,C:\Users\szymon\QuditsOnQubits\QuditsOnQubits\basis_direct_encoding_benchmarks\quantum_circuits\two_qutrit\monomial_full__sup012_P021_ph200\basis_change_gate.qpy,C:\Users\szymon\QuditsOnQubits\QuditsOnQubits\basis_direct_encoding_benchmarks\quantum_circuits\two_qutrit\monomial_full__sup012_P021_ph200\W.npy
direct_basis_encoding,two_qutrit,two_qutrit,star,two_qutrit,2,2,4,sup012_P021_ph201,monomial,monomial_full,sup012_P021_ph201,True,True,16,39,55,42,,,0.980926,True,False,ok,,Converted from legacy E_new = E_Z @ W candidate.; Fidelity skipped because transpiled circuit has 128 qubits.,42,42.0,0.0,55,56.0,16,16.0,128,"{'rz': 16, 'cz': 15, 'sx': 12, 'rx': 11, 'rzz': 1}",10,10,0,C:\Users\szymon\QuditsOnQubits\QuditsOnQubits\basis_direct_encoding_benchmarks\quantum_circuits\two_qutrit\monomial_full__sup012_P021_ph201,C:\Users\szymon\QuditsOnQubits\QuditsOnQubits\basis_direct_encoding_benchmarks\quantum_circuits\two_qutrit\monomial_full__sup012_P021_ph201\F3_W.qpy,C:\Users\szymon\QuditsOnQubits\QuditsOnQubits\basis_direct_encoding_benchmarks\quantum_circuits\two_qutrit\monomial_full__sup012_P021_ph201\CZ3_W.qpy,C:\Users\szymon\QuditsOnQubits\QuditsOnQubits\basis_direct_encoding_benchmarks\quantum_circuits\two_qutrit\monomial_full__sup012_P021_ph201\graph_state_direct_basis.qpy,C:\Users\szymon\QuditsOnQubits\QuditsOnQubits\basis_direct_encoding_benchmarks\quantum_circuits\two_qutrit\monomial_full__sup012_P021_ph201\graph_state_direct_basis_transpiled.qpy,C:\Users\szymon\QuditsOnQubits\QuditsOnQubits\basis_direct_encoding_benchmarks\quantum_circuits\two_qutrit\monomial_full__sup012_P021_ph201\basis_change_gate.qpy,C:\Users\szymon\QuditsOnQubits\QuditsOnQubits\basis_direct_encoding_benchmarks\quantum_circuits\two_qutrit\monomial_full__sup012_P021_ph201\W.npy
direct_basis_encoding,two_qutrit,two_qutrit,star,two_qutrit,2,2,4,sup012_P021_ph202,monomial,monomial_full,sup012_P021_ph202,True,True,16,41,57,42,,,1.078099,True,False,ok,,Converted from legacy E_new = E_Z @ W candidate.; Fidelity skipped because transpiled circuit has 128 qubits.,42,42.5,0.5,57,56.5,16,16.0,128,"{'rz': 17, 'cz': 15, 'rx': 12, 'sx': 12, 'rzz': 1}",10,10,0,C:\Users\szymon\QuditsOnQubits\QuditsOnQubits\basis_direct_encoding_benchmarks\quantum_circuits\two_qutrit\monomial_full__sup012_P021_ph202,C:\Users\szymon\QuditsOnQubits\QuditsOnQubits\basis_direct_encoding_benchmarks\quantum_circuits\two_qutrit\monomial_full__sup012_P021_ph202\F3_W.qpy,C:\Users\szymon\QuditsOnQubits\QuditsOnQubits\basis_direct_encoding_benchmarks\quantum_circuits\two_qutrit\monomial_full__sup012_P021_ph202\CZ3_W.qpy,C:\Users\szymon\QuditsOnQubits\QuditsOnQubits\basis_direct_encoding_benchmarks\quantum_circuits\two_qutrit\monomial_full__sup012_P021_ph202\graph_state_direct_basis.qpy,C:\Users\szymon\QuditsOnQubits\QuditsOnQubits\basis_direct_encoding_benchmarks\quantum_circuits\two_qutrit\monomial_full__sup012_P021_ph202\graph_state_direct_basis_transpiled.qpy,C:\Users\szymon\QuditsOnQubits\QuditsOnQubits\basis_direct_encoding_benchmarks\quantum_circuits\two_qutrit\monomial_full__sup012_P021_ph202\basis_change_gate.qpy,C:\Users\szymon\QuditsOnQubits\QuditsOnQubits\basis_direct_encoding_benchmarks\quantum_circuits\two_qutrit\monomial_full__sup012_P021_ph202\W.npy
direct_basis_encoding,two_qutrit,two_qutrit,star,two_qutrit,2,2,4,sup012_P021_ph210,monomial,monomial_full,sup012_P021_ph210,True,True,16,41,57,42,,,1.048002,True,False,ok,,Converted from legacy E_new = E_Z @ W candidate.; Fidelity skipped because transpiled circuit has 128 qubits.,42,42.5,0.5,57,56.5,16,16.0,128,"{'rz': 17, 'cz': 15, 'rx': 12, 'sx': 12, 'rzz': 1}",10,10,0,C:\Users\szymon\QuditsOnQubits\QuditsOnQubits\basis_direct_encoding_benchmarks\quantum_circuits\two_qutrit\monomial_full__sup012_P021_ph210,C:\Users\szymon\QuditsOnQubits\QuditsOnQubits\basis_direct_encoding_benchmarks\quantum_circuits\two_qutrit\monomial_full__sup012_P021_ph210\F3_W.qpy,C:\Users\szymon\QuditsOnQubits\QuditsOnQubits\basis_direct_encoding_benchmarks\quantum_circuits\two_qutrit\monomial_full__sup012_P021_ph210\CZ3_W.qpy,C:\Users\szymon\QuditsOnQubits\QuditsOnQubits\basis_direct_encoding_benchmarks\quantum_circuits\two_qutrit\monomial_full__sup012_P021_ph210\graph_state_direct_basis.qpy,C:\Users\szymon\QuditsOnQubits\QuditsOnQubits\basis_direct_encoding_benchmarks\quantum_circuits\two_qutrit\monomial_full__sup012_P021_ph210\graph_state_direct_basis_transpiled.qpy,C:\Users\szymon\QuditsOnQubits\QuditsOnQubits\basis_direct_encoding_benchmarks\quantum_circuits\two_qutrit\monomial_full__sup012_P021_ph210\basis_change_gate.qpy,C:\Users\szymon\QuditsOnQubits\QuditsOnQubits\basis_direct_encoding_benchmarks\quantum_circuits\two_qutrit\monomial_full__sup012_P021_ph210\W.npy
direct_basis_encoding,two_qutrit,two_qutrit,star,two_qutrit,2,2,4,sup012_P021_ph211,monomial,monomial_full,sup012_P021_ph211,True,True,16,39,55,42,,,1.295682,True,False,ok,,Converted from legacy E_new = E_Z @ W candidate.; Fidelity skipped because transpiled circuit has 128 qubits.,42,42.0,0.0,55,56.0,16,16.0,128,"{'rz': 16, 'cz': 15, 'sx': 12, 'rx': 11, 'rzz': 1}",10,10,0,C:\Users\szymon\QuditsOnQubits\QuditsOnQubits\basis_direct_encoding_benchmarks\quantum_circuits\two_qutrit\monomial_full__sup012_P021_ph211,C:\Users\szymon\QuditsOnQubits\QuditsOnQubits\basis_direct_encoding_benchmarks\quantum_circuits\two_qutrit\monomial_full__sup012_P021_ph211\F3_W.qpy,C:\Users\szymon\QuditsOnQubits\QuditsOnQubits\basis_direct_encoding_benchmarks\quantum_circuits\two_qutrit\monomial_full__sup012_P021_ph211\CZ3_W.qpy,C:\Users\szymon\QuditsOnQubits\QuditsOnQubits\basis_direct_encoding_benchmarks\quantum_circuits\two_qutrit\monomial_full__sup012_P021_ph211\graph_state_direct_basis.qpy,C:\Users\szymon\QuditsOnQubits\QuditsOnQubits\basis_direct_encoding_benchmarks\quantum_circuits\two_qutrit\monomial_full__sup012_P021_ph211\graph_state_direct_basis_transpiled.qpy,C:\Users\szymon\QuditsOnQubits\QuditsOnQubits\basis_direct_encoding_benchmarks\quantum_circuits\two_qutrit\monomial_full__sup012_P021_ph211\basis_change_gate.qpy,C:\Users\szymon\QuditsOnQubits\QuditsOnQubits\basis_direct_encoding_benchmarks\quantum_circuits\two_qutrit\monomial_full__sup012_P021_ph211\W.npy
direct_basis_encoding,two_qutrit,two_qutrit,star,two_qutrit,2,2,4,sup012_P021_ph212,monomial,monomial_full,sup012_P021_ph212,True,True,16,38,54,41,,,0.891336,True,False,ok,,Converted from legacy E_new = E_Z @ W candidate.; Fidelity skipped because transpiled circuit has 128 qubits.,41,41.5,0.5,54,54.0,16,16.0,128,"{'cz': 15, 'rz': 14, 'rx': 12, 'sx': 12, 'rzz': 1}",10,10,0,C:\Users\szymon\QuditsOnQubits\QuditsOnQubits\basis_direct_encoding_benchmarks\quantum_circuits\two_qutrit\monomial_full__sup012_P021_ph212,C:\Users\szymon\QuditsOnQubits\QuditsOnQubits\basis_direct_encoding_benchmarks\quantum_circuits\two_qutrit\monomial_full__sup012_P021_ph212\F3_W.qpy,C:\Users\szymon\QuditsOnQubits\QuditsOnQubits\basis_direct_encoding_benchmarks\quantum_circuits\two_qutrit\monomial_full__sup012_P021_ph212\CZ3_W.qpy,C:\Users\szymon\QuditsOnQubits\QuditsOnQubits\basis_direct_encoding_benchmarks\quantum_circuits\two_qutrit\monomial_full__sup012_P021_ph212\graph_state_direct_basis.qpy,C:\Users\szymon\QuditsOnQubits\QuditsOnQubits\basis_direct_encoding_benchmarks\quantum_circuits\two_qutrit\monomial_full__sup012_P021_ph212\graph_state_direct_basis_transpiled.qpy,C:\Users\szymon\QuditsOnQubits\QuditsOnQubits\basis_direct_encoding_benchmarks\quantum_circuits\two_qutrit\monomial_full__sup012_P021_ph212\basis_change_gate.qpy,C:\Users\szymon\QuditsOnQubits\QuditsOnQubits\basis_direct_encoding_benchmarks\quantum_circuits\two_qutrit\monomial_full__sup012_P021_ph212\W.npy
direct_basis_encoding,two_qutrit,two_qutrit,star,two_qutrit,2,2,4,sup012_P021_ph220,monomial,monomial_full,sup012_P021_ph220,True,True,16,40,56,41,,,0.956182,True,False,ok,,Converted from legacy E_new = E_Z @ W candidate.; Fidelity skipped because transpiled circuit has 128 qubits.,41,41.5,0.5,56,56.0,16,16.0,128,"{'rz': 16, 'cz': 15, 'rx': 12, 'sx': 12, 'rzz': 1}",10,10,0,C:\Users\szymon\QuditsOnQubits\QuditsOnQubits\basis_direct_encoding_benchmarks\quantum_circuits\two_qutrit\monomial_full__sup012_P021_ph220,C:\Users\szymon\QuditsOnQubits\QuditsOnQubits\basis_direct_encoding_benchmarks\quantum_circuits\two_qutrit\monomial_full__sup012_P021_ph220\F3_W.qpy,C:\Users\szymon\QuditsOnQubits\QuditsOnQubits\basis_direct_encoding_benchmarks\quantum_circuits\two_qutrit\monomial_full__sup012_P021_ph220\CZ3_W.qpy,C:\Users\szymon\QuditsOnQubits\QuditsOnQubits\basis_direct_encoding_benchmarks\quantum_circuits\two_qutrit\monomial_full__sup012_P021_ph220\graph_state_direct_basis.qpy,C:\Users\szymon\QuditsOnQubits\QuditsOnQubits\basis_direct_encoding_benchmarks\quantum_circuits\two_qutrit\monomial_full__sup012_P021_ph220\graph_state_direct_basis_transpiled.qpy,C:\Users\szymon\QuditsOnQubits\QuditsOnQubits\basis_direct_encoding_benchmarks\quantum_circuits\two_qutrit\monomial_full__sup012_P021_ph220\basis_change_gate.qpy,C:\Users\szymon\QuditsOnQubits\QuditsOnQubits\basis_direct_encoding_benchmarks\quantum_circuits\two_qutrit\monomial_full__sup012_P021_ph220\W.npy
direct_basis_encoding,two_qutrit,two_qutrit,star,two_qutrit,2,2,4,sup012_P021_ph221,monomial,monomial_full,sup012_P021_ph221,True,True,16,36,52,41,,,1.017698,True,False,ok,,Converted from legacy E_new = E_Z @ W candidate.; Fidelity skipped because transpiled circuit has 128 qubits.,41,41.0,0.0,52,53.0,16,16.0,128,"{'cz': 15, 'rz': 13, 'sx': 12, 'rx': 11, 'rzz': 1}",10,10,0,C:\Users\szymon\QuditsOnQubits\QuditsOnQubits\basis_direct_encoding_benchmarks\quantum_circuits\two_qutrit\monomial_full__sup012_P021_ph221,C:\Users\szymon\QuditsOnQubits\QuditsOnQubits\basis_direct_encoding_benchmarks\quantum_circuits\two_qutrit\monomial_full__sup012_P021_ph221\F3_W.qpy,C:\Users\szymon\QuditsOnQubits\QuditsOnQubits\basis_direct_encoding_benchmarks\quantum_circuits\two_qutrit\monomial_full__sup012_P021_ph221\CZ3_W.qpy,C:\Users\szymon\QuditsOnQubits\QuditsOnQubits\basis_direct_encoding_benchmarks\quantum_circuits\two_qutrit\monomial_full__sup012_P021_ph221\graph_state_direct_basis.qpy,C:\Users\szymon\QuditsOnQubits\QuditsOnQubits\basis_direct_encoding_benchmarks\quantum_circuits\two_qutrit\monomial_full__sup012_P021_ph221\graph_state_direct_basis_transpiled.qpy,C:\Users\szymon\QuditsOnQubits\QuditsOnQubits\basis_direct_encoding_benchmarks\quantum_circuits\two_qutrit\monomial_full__sup012_P021_ph221\basis_change_gate.qpy,C:\Users\szymon\QuditsOnQubits\QuditsOnQubits\basis_direct_encoding_benchmarks\quantum_circuits\two_qutrit\monomial_full__sup012_P021_ph221\W.npy
direct_basis_encoding,two_qutrit,two_qutrit,star,two_qutrit,2,2,4,sup012_P021_ph222,monomial,monomial_full,sup012_P021_ph222,True,True,16,40,56,41,,,0.995655,True,False,ok,,Converted from legacy E_new = E_Z @ W candidate.; Fidelity skipped because transpiled circuit has 128 qubits.,41,41.5,0.5,56,55.5,16,16.0,128,"{'rz': 16, 'cz': 15, 'rx': 12, 'sx': 12, 'rzz': 1}",10,10,0,C:\Users\szymon\QuditsOnQubits\QuditsOnQubits\basis_direct_encoding_benchmarks\quantum_circuits\two_qutrit\monomial_full__sup012_P021_ph222,C:\Users\szymon\QuditsOnQubits\QuditsOnQubits\basis_direct_encoding_benchmarks\quantum_circuits\two_qutrit\monomial_full__sup012_P021_ph222\F3_W.qpy,C:\Users\szymon\QuditsOnQubits\QuditsOnQubits\basis_direct_encoding_benchmarks\quantum_circuits\two_qutrit\monomial_full__sup012_P021_ph222\CZ3_W.qpy,C:\Users\szymon\QuditsOnQubits\QuditsOnQubits\basis_direct_encoding_benchmarks\quantum_circuits\two_qutrit\monomial_full__sup012_P021_ph222\graph_state_direct_basis.qpy,C:\Users\szymon\QuditsOnQubits\QuditsOnQubits\basis_direct_encoding_benchmarks\quantum_circuits\two_qutrit\monomial_full__sup012_P021_ph222\graph_state_direct_basis_transpiled.qpy,C:\Users\szymon\QuditsOnQubits\QuditsOnQubits\basis_direct_encoding_benchmarks\quantum_circuits\two_qutrit\monomial_full__sup012_P021_ph222\basis_change_gate.qpy,C:\Users\szymon\QuditsOnQubits\QuditsOnQubits\basis_direct_encoding_benchmarks\quantum_circuits\two_qutrit\monomial_full__sup012_P021_ph222\W.npy
direct_basis_encoding,two_qutrit,two_qutrit,star,two_qutrit,2,2,4,sup012_P102_ph000,monomial,monomial_full,sup012_P102_ph000,True,True,17,41,58,42,,,1.031533,True,False,ok,,Converted from legacy E_new = E_Z @ W candidate.; Fidelity skipped because transpiled circuit has 128 qubits.,42,45.7,3.41,58,62.8,17,18.5,128,"{'rz': 16, 'cz': 14, 'sx': 13, 'rx': 12, 'rzz': 3}",10,10,0,C:\Users\szymon\QuditsOnQubits\QuditsOnQubits\basis_direct_encoding_benchmarks\quantum_circuits\two_qutrit\monomial_full__sup012_P102_ph000,C:\Users\szymon\QuditsOnQubits\QuditsOnQubits\basis_direct_encoding_benchmarks\quantum_circuits\two_qutrit\monomial_full__sup012_P102_ph000\F3_W.qpy,C:\Users\szymon\QuditsOnQubits\QuditsOnQubits\basis_direct_encoding_benchmarks\quantum_circuits\two_qutrit\monomial_full__sup012_P102_ph000\CZ3_W.qpy,C:\Users\szymon\QuditsOnQubits\QuditsOnQubits\basis_direct_encoding_benchmarks\quantum_circuits\two_qutrit\monomial_full__sup012_P102_ph000\graph_state_direct_basis.qpy,C:\Users\szymon\QuditsOnQubits\QuditsOnQubits\basis_direct_encoding_benchmarks\quantum_circuits\two_qutrit\monomial_full__sup012_P102_ph000\graph_state_direct_basis_transpiled.qpy,C:\Users\szymon\QuditsOnQubits\QuditsOnQubits\basis_direct_encoding_benchmarks\quantum_circuits\two_qutrit\monomial_full__sup012_P102_ph000\basis_change_gate.qpy,C:\Users\szymon\QuditsOnQubits\QuditsOnQubits\basis_direct_encoding_benchmarks\quantum_circuits\two_qutrit\monomial_full__sup012_P102_ph000\W.npy
direct_basis_encoding,two_qutrit,two_qutrit,star,two_qutrit,2,2,4,sup012_P102_ph001,monomial,monomial_full,sup012_P102_ph001,True,True,17,44,61,42,,,0.887927,True,False,ok,,Converted from legacy E_new = E_Z @ W candidate.; Fidelity skipped because transpiled circuit has 128 qubits.,42,46.0,3.29,61,67.1,17,18.5,128,"{'rz': 18, 'cz': 14, 'sx': 13, 'rx': 13, 'rzz': 3}",10,10,0,C:\Users\szymon\QuditsOnQubits\QuditsOnQubits\basis_direct_encoding_benchmarks\quantum_circuits\two_qutrit\monomial_full__sup012_P102_ph001,C:\Users\szymon\QuditsOnQubits\QuditsOnQubits\basis_direct_encoding_benchmarks\quantum_circuits\two_qutrit\monomial_full__sup012_P102_ph001\F3_W.qpy,C:\Users\szymon\QuditsOnQubits\QuditsOnQubits\basis_direct_encoding_benchmarks\quantum_circuits\two_qutrit\monomial_full__sup012_P102_ph001\CZ3_W.qpy,C:\Users\szymon\QuditsOnQubits\QuditsOnQubits\basis_direct_encoding_benchmarks\quantum_circuits\two_qutrit\monomial_full__sup012_P102_ph001\graph_state_direct_basis.qpy,C:\Users\szymon\QuditsOnQubits\QuditsOnQubits\basis_direct_encoding_benchmarks\quantum_circuits\two_qutrit\monomial_full__sup012_P102_ph001\graph_state_direct_basis_transpiled.qpy,C:\Users\szymon\QuditsOnQubits\QuditsOnQubits\basis_direct_encoding_benchmarks\quantum_circuits\two_qutrit\monomial_full__sup012_P102_ph001\basis_change_gate.qpy,C:\Users\szymon\QuditsOnQubits\QuditsOnQubits\basis_direct_encoding_benchmarks\quantum_circuits\two_qutrit\monomial_full__sup012_P102_ph001\W.npy
direct_basis_encoding,two_qutrit,two_qutrit,star,two_qutrit,2,2,4,sup012_P102_ph002,monomial,monomial_full,sup012_P102_ph002,True,True,17,44,61,42,,,0.823692,True,False,ok,,Converted from legacy E_new = E_Z @ W candidate.; Fidelity skipped because transpiled circuit has 128 qubits.,42,46.0,3.29,61,66.8,17,18.5,128,"{'rz': 18, 'cz': 14, 'sx': 13, 'rx': 13, 'rzz': 3}",10,10,0,C:\Users\szymon\QuditsOnQubits\QuditsOnQubits\basis_direct_encoding_benchmarks\quantum_circuits\two_qutrit\monomial_full__sup012_P102_ph002,C:\Users\szymon\QuditsOnQubits\QuditsOnQubits\basis_direct_encoding_benchmarks\quantum_circuits\two_qutrit\monomial_full__sup012_P102_ph002\F3_W.qpy,C:\Users\szymon\QuditsOnQubits\QuditsOnQubits\basis_direct_encoding_benchmarks\quantum_circuits\two_qutrit\monomial_full__sup012_P102_ph002\CZ3_W.qpy,C:\Users\szymon\QuditsOnQubits\QuditsOnQubits\basis_direct_encoding_benchmarks\quantum_circuits\two_qutrit\monomial_full__sup012_P102_ph002\graph_state_direct_basis.qpy,C:\Users\szymon\QuditsOnQubits\QuditsOnQubits\basis_direct_encoding_benchmarks\quantum_circuits\two_qutrit\monomial_full__sup012_P102_ph002\graph_state_direct_basis_transpiled.qpy,C:\Users\szymon\QuditsOnQubits\QuditsOnQubits\basis_direct_encoding_benchmarks\quantum_circuits\two_qutrit\monomial_full__sup012_P102_ph002\basis_change_gate.qpy,C:\Users\szymon\QuditsOnQubits\QuditsOnQubits\basis_direct_encoding_benchmarks\quantum_circuits\two_qutrit\monomial_full__sup012_P102_ph002\W.npy
direct_basis_encoding,two_qutrit,two_qutrit,star,two_qutrit,2,2,4,sup012_P102_ph010,monomial,monomial_full,sup012_P102_ph010,True,True,17,45,62,43,,,0.89902,True,False,ok,,Converted from legacy E_new = E_Z @ W candidate.; Fidelity skipped because transpiled circuit has 128 qubits.,43,46.6,3.29,62,67.6,17,18.5,128,"{'rz': 20, 'cz': 14, 'sx': 13, 'rx': 12, 'rzz': 3}",10,10,0,C:\Users\szymon\QuditsOnQubits\QuditsOnQubits\basis_direct_encoding_benchmarks\quantum_circuits\two_qutrit\monomial_full__sup012_P102_ph010,C:\Users\szymon\QuditsOnQubits\QuditsOnQubits\basis_direct_encoding_benchmarks\quantum_circuits\two_qutrit\monomial_full__sup012_P102_ph010\F3_W.qpy,C:\Users\szymon\QuditsOnQubits\QuditsOnQubits\basis_direct_encoding_benchmarks\quantum_circuits\two_qutrit\monomial_full__sup012_P102_ph010\CZ3_W.qpy,C:\Users\szymon\QuditsOnQubits\QuditsOnQubits\basis_direct_encoding_benchmarks\quantum_circuits\two_qutrit\monomial_full__sup012_P102_ph010\graph_state_direct_basis.qpy,C:\Users\szymon\QuditsOnQubits\QuditsOnQubits\basis_direct_encoding_benchmarks\quantum_circuits\two_qutrit\monomial_full__sup012_P102_ph010\graph_state_direct_basis_transpiled.qpy,C:\Users\szymon\QuditsOnQubits\QuditsOnQubits\basis_direct_encoding_benchmarks\quantum_circuits\two_qutrit\monomial_full__sup012_P102_ph010\basis_change_gate.qpy,C:\Users\szymon\QuditsOnQubits\QuditsOnQubits\basis_direct_encoding_benchmarks\quantum_circuits\two_qutrit\monomial_full__sup012_P102_ph010\W.npy
direct_basis_encoding,two_qutrit,two_qutrit,star,two_qutrit,2,2,4,sup012_P102_ph011,monomial,monomial_full,sup012_P102_ph011,True,True,17,46,63,43,,,0.7698,True,False,ok,,Converted from legacy E_new = E_Z @ W candidate.; Fidelity skipped because transpiled circuit has 128 qubits.,43,46.9,3.18,63,68.5,17,18.5,128,"{'rz': 20, 'cz': 14, 'sx': 13, 'rx': 13, 'rzz': 3}",10,10,0,C:\Users\szymon\QuditsOnQubits\QuditsOnQubits\basis_direct_encoding_benchmarks\quantum_circuits\two_qutrit\monomial_full__sup012_P102_ph011,C:\Users\szymon\QuditsOnQubits\QuditsOnQubits\basis_direct_encoding_benchmarks\quantum_circuits\two_qutrit\monomial_full__sup012_P102_ph011\F3_W.qpy,C:\Users\szymon\QuditsOnQubits\QuditsOnQubits\basis_direct_encoding_benchmarks\quantum_circuits\two_qutrit\monomial_full__sup012_P102_ph011\CZ3_W.qpy,C:\Users\szymon\QuditsOnQubits\QuditsOnQubits\basis_direct_encoding_benchmarks\quantum_circuits\two_qutrit\monomial_full__sup012_P102_ph011\graph_state_direct_basis.qpy,C:\Users\szymon\QuditsOnQubits\QuditsOnQubits\basis_direct_encoding_benchmarks\quantum_circuits\two_qutrit\monomial_full__sup012_P102_ph011\graph_state_direct_basis_transpiled.qpy,C:\Users\szymon\QuditsOnQubits\QuditsOnQubits\basis_direct_encoding_benchmarks\quantum_circuits\two_qutrit\monomial_full__sup012_P102_ph011\basis_change_gate.qpy,C:\Users\szymon\QuditsOnQubits\QuditsOnQubits\basis_direct_encoding_benchmarks\quantum_circuits\two_qutrit\monomial_full__sup012_P102_ph011\W.npy
direct_basis_encoding,two_qutrit,two_qutrit,star,two_qutrit,2,2,4,sup012_P102_ph012,monomial,monomial_full,sup012_P102_ph012,True,True,17,43,60,43,,,1.020925,True,False,ok,,Converted from legacy E_new = E_Z @ W candidate.; Fidelity skipped because transpiled circuit has 128 qubits.,43,46.9,3.18,60,65.1,17,18.5,128,"{'rz': 18, 'cz': 14, 'sx': 13, 'rx': 12, 'rzz': 3}",10,10,0,C:\Users\szymon\QuditsOnQubits\QuditsOnQubits\basis_direct_encoding_benchmarks\quantum_circuits\two_qutrit\monomial_full__sup012_P102_ph012,C:\Users\szymon\QuditsOnQubits\QuditsOnQubits\basis_direct_encoding_benchmarks\quantum_circuits\two_qutrit\monomial_full__sup012_P102_ph012\F3_W.qpy,C:\Users\szymon\QuditsOnQubits\QuditsOnQubits\basis_direct_encoding_benchmarks\quantum_circuits\two_qutrit\monomial_full__sup012_P102_ph012\CZ3_W.qpy,C:\Users\szymon\QuditsOnQubits\QuditsOnQubits\basis_direct_encoding_benchmarks\quantum_circuits\two_qutrit\monomial_full__sup012_P102_ph012\graph_state_direct_basis.qpy,C:\Users\szymon\QuditsOnQubits\QuditsOnQubits\basis_direct_encoding_benchmarks\quantum_circuits\two_qutrit\monomial_full__sup012_P102_ph012\graph_state_direct_basis_transpiled.qpy,C:\Users\szymon\QuditsOnQubits\QuditsOnQubits\basis_direct_encoding_benchmarks\quantum_circuits\two_qutrit\monomial_full__sup012_P102_ph012\basis_change_gate.qpy,C:\Users\szymon\QuditsOnQubits\QuditsOnQubits\basis_direct_encoding_benchmarks\quantum_circuits\two_qutrit\monomial_full__sup012_P102_ph012\W.npy
direct_basis_encoding,two_qutrit,two_qutrit,star,two_qutrit,2,2,4,sup012_P102_ph020,monomial,monomial_full,sup012_P102_ph020,True,True,17,45,62,43,,,1.271001,True,False,ok,,Converted from legacy E_new = E_Z @ W candidate.; Fidelity skipped because transpiled circuit has 128 qubits.,43,46.6,3.29,62,67.6,17,18.5,128,"{'rz': 20, 'cz': 14, 'sx': 13, 'rx': 12, 'rzz': 3}",10,10,0,C:\Users\szymon\QuditsOnQubits\QuditsOnQubits\basis_direct_encoding_benchmarks\quantum_circuits\two_qutrit\monomial_full__sup012_P102_ph020,C:\Users\szymon\QuditsOnQubits\QuditsOnQubits\basis_direct_encoding_benchmarks\quantum_circuits\two_qutrit\monomial_full__sup012_P102_ph020\F3_W.qpy,C:\Users\szymon\QuditsOnQubits\QuditsOnQubits\basis_direct_encoding_benchmarks\quantum_circuits\two_qutrit\monomial_full__sup012_P102_ph020\CZ3_W.qpy,C:\Users\szymon\QuditsOnQubits\QuditsOnQubits\basis_direct_encoding_benchmarks\quantum_circuits\two_qutrit\monomial_full__sup012_P102_ph020\graph_state_direct_basis.qpy,C:\Users\szymon\QuditsOnQubits\QuditsOnQubits\basis_direct_encoding_benchmarks\quantum_circuits\two_qutrit\monomial_full__sup012_P102_ph020\graph_state_direct_basis_transpiled.qpy,C:\Users\szymon\QuditsOnQubits\QuditsOnQubits\basis_direct_encoding_benchmarks\quantum_circuits\two_qutrit\monomial_full__sup012_P102_ph020\basis_change_gate.qpy,C:\Users\szymon\QuditsOnQubits\QuditsOnQubits\basis_direct_encoding_benchmarks\quantum_circuits\two_qutrit\monomial_full__sup012_P102_ph020\W.npy
direct_basis_encoding,two_qutrit,two_qutrit,star,two_qutrit,2,2,4,sup012_P102_ph021,monomial,monomial_full,sup012_P102_ph021,True,True,17,44,61,43,,,1.038851,True,False,ok,,Converted from legacy E_new = E_Z @ W candidate.; Fidelity skipped because transpiled circuit has 128 qubits.,43,46.9,3.18,61,65.7,17,18.5,128,"{'rz': 18, 'cz': 14, 'sx': 13, 'rx': 13, 'rzz': 3}",10,10,0,C:\Users\szymon\QuditsOnQubits\QuditsOnQubits\basis_direct_encoding_benchmarks\quantum_circuits\two_qutrit\monomial_full__sup012_P102_ph021,C:\Users\szymon\QuditsOnQubits\QuditsOnQubits\basis_direct_encoding_benchmarks\quantum_circuits\two_qutrit\monomial_full__sup012_P102_ph021\F3_W.qpy,C:\Users\szymon\QuditsOnQubits\QuditsOnQubits\basis_direct_encoding_benchmarks\quantum_circuits\two_qutrit\monomial_full__sup012_P102_ph021\CZ3_W.qpy,C:\Users\szymon\QuditsOnQubits\QuditsOnQubits\basis_direct_encoding_benchmarks\quantum_circuits\two_qutrit\monomial_full__sup012_P102_ph021\graph_state_direct_basis.qpy,C:\Users\szymon\QuditsOnQubits\QuditsOnQubits\basis_direct_encoding_benchmarks\quantum_circuits\two_qutrit\monomial_full__sup012_P102_ph021\graph_state_direct_basis_transpiled.qpy,C:\Users\szymon\QuditsOnQubits\QuditsOnQubits\basis_direct_encoding_benchmarks\quantum_circuits\two_qutrit\monomial_full__sup012_P102_ph021\basis_change_gate.qpy,C:\Users\szymon\QuditsOnQubits\QuditsOnQubits\basis_direct_encoding_benchmarks\quantum_circuits\two_qutrit\monomial_full__sup012_P102_ph021\W.npy
direct_basis_encoding,two_qutrit,two_qutrit,star,two_qutrit,2,2,4,sup012_P102_ph022,monomial,monomial_full,sup012_P102_ph022,True,True,17,46,63,43,,,1.028562,True,False,ok,,Converted from legacy E_new = E_Z @ W candidate.; Fidelity skipped because transpiled circuit has 128 qubits.,43,46.9,3.18,63,68.5,17,18.5,128,"{'rz': 20, 'cz': 14, 'sx': 13, 'rx': 13, 'rzz': 3}",10,10,0,C:\Users\szymon\QuditsOnQubits\QuditsOnQubits\basis_direct_encoding_benchmarks\quantum_circuits\two_qutrit\monomial_full__sup012_P102_ph022,C:\Users\szymon\QuditsOnQubits\QuditsOnQubits\basis_direct_encoding_benchmarks\quantum_circuits\two_qutrit\monomial_full__sup012_P102_ph022\F3_W.qpy,C:\Users\szymon\QuditsOnQubits\QuditsOnQubits\basis_direct_encoding_benchmarks\quantum_circuits\two_qutrit\monomial_full__sup012_P102_ph022\CZ3_W.qpy,C:\Users\szymon\QuditsOnQubits\QuditsOnQubits\basis_direct_encoding_benchmarks\quantum_circuits\two_qutrit\monomial_full__sup012_P102_ph022\graph_state_direct_basis.qpy,C:\Users\szymon\QuditsOnQubits\QuditsOnQubits\basis_direct_encoding_benchmarks\quantum_circuits\two_qutrit\monomial_full__sup012_P102_ph022\graph_state_direct_basis_transpiled.qpy,C:\Users\szymon\QuditsOnQubits\QuditsOnQubits\basis_direct_encoding_benchmarks\quantum_circuits\two_qutrit\monomial_full__sup012_P102_ph022\basis_change_gate.qpy,C:\Users\szymon\QuditsOnQubits\QuditsOnQubits\basis_direct_encoding_benchmarks\quantum_circuits\two_qutrit\monomial_full__sup012_P102_ph022\W.npy
direct_basis_encoding,two_qutrit,two_qutrit,star,two_qutrit,2,2,4,sup012_P102_ph100,monomial,monomial_full,sup012_P102_ph100,True,True,17,43,60,43,,,0.877408,True,False,ok,,Converted from legacy E_new = E_Z @ W candidate.; Fidelity skipped because transpiled circuit has 128 qubits.,43,46.9,3.18,60,65.1,17,18.5,128,"{'rz': 18, 'cz': 14, 'sx': 13, 'rx': 12, 'rzz': 3}",10,10,0,C:\Users\szymon\QuditsOnQubits\QuditsOnQubits\basis_direct_encoding_benchmarks\quantum_circuits\two_qutrit\monomial_full__sup012_P102_ph100,C:\Users\szymon\QuditsOnQubits\QuditsOnQubits\basis_direct_encoding_benchmarks\quantum_circuits\two_qutrit\monomial_full__sup012_P102_ph100\F3_W.qpy,C:\Users\szymon\QuditsOnQubits\QuditsOnQubits\basis_direct_encoding_benchmarks\quantum_circuits\two_qutrit\monomial_full__sup012_P102_ph100\CZ3_W.qpy,C:\Users\szymon\QuditsOnQubits\QuditsOnQubits\basis_direct_encoding_benchmarks\quantum_circuits\two_qutrit\monomial_full__sup012_P102_ph100\graph_state_direct_basis.qpy,C:\Users\szymon\QuditsOnQubits\QuditsOnQubits\basis_direct_encoding_benchmarks\quantum_circuits\two_qutrit\monomial_full__sup012_P102_ph100\graph_state_direct_basis_transpiled.qpy,C:\Users\szymon\QuditsOnQubits\QuditsOnQubits\basis_direct_encoding_benchmarks\quantum_circuits\two_qutrit\monomial_full__sup012_P102_ph100\basis_change_gate.qpy,C:\Users\szymon\QuditsOnQubits\QuditsOnQubits\basis_direct_encoding_benchmarks\quantum_circuits\two_qutrit\monomial_full__sup012_P102_ph100\W.npy
direct_basis_encoding,two_qutrit,two_qutrit,star,two_qutrit,2,2,4,sup012_P102_ph101,monomial,monomial_full,sup012_P102_ph101,True,True,17,45,62,43,,,0.886528,True,False,ok,,Converted from legacy E_new = E_Z @ W candidate.; Fidelity skipped because transpiled circuit has 128 qubits.,43,46.9,3.18,62,67.9,17,18.5,128,"{'rz': 20, 'cz': 14, 'sx': 13, 'rx': 12, 'rzz': 3}",10,10,0,C:\Users\szymon\QuditsOnQubits\QuditsOnQubits\basis_direct_encoding_benchmarks\quantum_circuits\two_qutrit\monomial_full__sup012_P102_ph101,C:\Users\szymon\QuditsOnQubits\QuditsOnQubits\basis_direct_encoding_benchmarks\quantum_circuits\two_qutrit\monomial_full__sup012_P102_ph101\F3_W.qpy,C:\Users\szymon\QuditsOnQubits\QuditsOnQubits\basis_direct_encoding_benchmarks\quantum_circuits\two_qutrit\monomial_full__sup012_P102_ph101\CZ3_W.qpy,C:\Users\szymon\QuditsOnQubits\QuditsOnQubits\basis_direct_encoding_benchmarks\quantum_circuits\two_qutrit\monomial_full__sup012_P102_ph101\graph_state_direct_basis.qpy,C:\Users\szymon\QuditsOnQubits\QuditsOnQubits\basis_direct_encoding_benchmarks\quantum_circuits\two_qutrit\monomial_full__sup012_P102_ph101\graph_state_direct_basis_transpiled.qpy,C:\Users\szymon\QuditsOnQubits\QuditsOnQubits\basis_direct_encoding_benchmarks\quantum_circuits\two_qutrit\monomial_full__sup012_P102_ph101\basis_change_gate.qpy,C:\Users\szymon\QuditsOnQubits\QuditsOnQubits\basis_direct_encoding_benchmarks\quantum_circuits\two_qutrit\monomial_full__sup012_P102_ph101\W.npy
direct_basis_encoding,two_qutrit,two_qutrit,star,two_qutrit,2,2,4,sup012_P102_ph102,monomial,monomial_full,sup012_P102_ph102,True,True,17,45,62,43,,,0.841564,True,False,ok,,Converted from legacy E_new = E_Z @ W candidate.; Fidelity skipped because transpiled circuit has 128 qubits.,43,46.6,3.29,62,67.6,17,18.5,128,"{'rz': 20, 'cz': 14, 'sx': 13, 'rx': 12, 'rzz': 3}",10,10,0,C:\Users\szymon\QuditsOnQubits\QuditsOnQubits\basis_direct_encoding_benchmarks\quantum_circuits\two_qutrit\monomial_full__sup012_P102_ph102,C:\Users\szymon\QuditsOnQubits\QuditsOnQubits\basis_direct_encoding_benchmarks\quantum_circuits\two_qutrit\monomial_full__sup012_P102_ph102\F3_W.qpy,C:\Users\szymon\QuditsOnQubits\QuditsOnQubits\basis_direct_encoding_benchmarks\quantum_circuits\two_qutrit\monomial_full__sup012_P102_ph102\CZ3_W.qpy,C:\Users\szymon\QuditsOnQubits\QuditsOnQubits\basis_direct_encoding_benchmarks\quantum_circuits\two_qutrit\monomial_full__sup012_P102_ph102\graph_state_direct_basis.qpy,C:\Users\szymon\QuditsOnQubits\QuditsOnQubits\basis_direct_encoding_benchmarks\quantum_circuits\two_qutrit\monomial_full__sup012_P102_ph102\graph_state_direct_basis_transpiled.qpy,C:\Users\szymon\QuditsOnQubits\QuditsOnQubits\basis_direct_encoding_benchmarks\quantum_circuits\two_qutrit\monomial_full__sup012_P102_ph102\basis_change_gate.qpy,C:\Users\szymon\QuditsOnQubits\QuditsOnQubits\basis_direct_encoding_benchmarks\quantum_circuits\two_qutrit\monomial_full__sup012_P102_ph102\W.npy
direct_basis_encoding,two_qutrit,two_qutrit,star,two_qutrit,2,2,4,sup012_P102_ph110,monomial,monomial_full,sup012_P102_ph110,True,True,17,44,61,42,,,0.989791,True,False,ok,,Converted from legacy E_new = E_Z @ W candidate.; Fidelity skipped because transpiled circuit has 128 qubits.,42,46.0,3.29,61,67.1,17,18.5,128,"{'rz': 18, 'cz': 14, 'sx': 13, 'rx': 13, 'rzz': 3}",10,10,0,C:\Users\szymon\QuditsOnQubits\QuditsOnQubits\basis_direct_encoding_benchmarks\quantum_circuits\two_qutrit\monomial_full__sup012_P102_ph110,C:\Users\szymon\QuditsOnQubits\QuditsOnQubits\basis_direct_encoding_benchmarks\quantum_circuits\two_qutrit\monomial_full__sup012_P102_ph110\F3_W.qpy,C:\Users\szymon\QuditsOnQubits\QuditsOnQubits\basis_direct_encoding_benchmarks\quantum_circuits\two_qutrit\monomial_full__sup012_P102_ph110\CZ3_W.qpy,C:\Users\szymon\QuditsOnQubits\QuditsOnQubits\basis_direct_encoding_benchmarks\quantum_circuits\two_qutrit\monomial_full__sup012_P102_ph110\graph_state_direct_basis.qpy,C:\Users\szymon\QuditsOnQubits\QuditsOnQubits\basis_direct_encoding_benchmarks\quantum_circuits\two_qutrit\monomial_full__sup012_P102_ph110\graph_state_direct_basis_transpiled.qpy,C:\Users\szymon\QuditsOnQubits\QuditsOnQubits\basis_direct_encoding_benchmarks\quantum_circuits\two_qutrit\monomial_full__sup012_P102_ph110\basis_change_gate.qpy,C:\Users\szymon\QuditsOnQubits\QuditsOnQubits\basis_direct_encoding_benchmarks\quantum_circuits\two_qutrit\monomial_full__sup012_P102_ph110\W.npy
direct_basis_encoding,two_qutrit,two_qutrit,star,two_qutrit,2,2,4,sup012_P102_ph111,monomial,monomial_full,sup012_P102_ph111,True,True,17,43,60,42,,,0.91143,True,False,ok,,Converted from legacy E_new = E_Z @ W candidate.; Fidelity skipped because transpiled circuit has 128 qubits.,42,46.0,3.29,60,66.2,17,18.5,128,"{'rz': 18, 'cz': 14, 'sx': 13, 'rx': 12, 'rzz': 3}",10,10,0,C:\Users\szymon\QuditsOnQubits\QuditsOnQubits\basis_direct_encoding_benchmarks\quantum_circuits\two_qutrit\monomial_full__sup012_P102_ph111,C:\Users\szymon\QuditsOnQubits\QuditsOnQubits\basis_direct_encoding_benchmarks\quantum_circuits\two_qutrit\monomial_full__sup012_P102_ph111\F3_W.qpy,C:\Users\szymon\QuditsOnQubits\QuditsOnQubits\basis_direct_encoding_benchmarks\quantum_circuits\two_qutrit\monomial_full__sup012_P102_ph111\CZ3_W.qpy,C:\Users\szymon\QuditsOnQubits\QuditsOnQubits\basis_direct_encoding_benchmarks\quantum_circuits\two_qutrit\monomial_full__sup012_P102_ph111\graph_state_direct_basis.qpy,C:\Users\szymon\QuditsOnQubits\QuditsOnQubits\basis_direct_encoding_benchmarks\quantum_circuits\two_qutrit\monomial_full__sup012_P102_ph111\graph_state_direct_basis_transpiled.qpy,C:\Users\szymon\QuditsOnQubits\QuditsOnQubits\basis_direct_encoding_benchmarks\quantum_circuits\two_qutrit\monomial_full__sup012_P102_ph111\basis_change_gate.qpy,C:\Users\szymon\QuditsOnQubits\QuditsOnQubits\basis_direct_encoding_benchmarks\quantum_circuits\two_qutrit\monomial_full__sup012_P102_ph111\W.npy
direct_basis_encoding,two_qutrit,two_qutrit,star,two_qutrit,2,2,4,sup012_P102_ph112,monomial,monomial_full,sup012_P102_ph112,True,True,17,42,59,42,,,0.745891,True,False,ok,,Converted from legacy E_new = E_Z @ W candidate.; Fidelity skipped because transpiled circuit has 128 qubits.,42,45.7,3.41,59,63.7,17,18.5,128,"{'rz': 16, 'cz': 14, 'sx': 13, 'rx': 13, 'rzz': 3}",10,10,0,C:\Users\szymon\QuditsOnQubits\QuditsOnQubits\basis_direct_encoding_benchmarks\quantum_circuits\two_qutrit\monomial_full__sup012_P102_ph112,C:\Users\szymon\QuditsOnQubits\QuditsOnQubits\basis_direct_encoding_benchmarks\quantum_circuits\two_qutrit\monomial_full__sup012_P102_ph112\F3_W.qpy,C:\Users\szymon\QuditsOnQubits\QuditsOnQubits\basis_direct_encoding_benchmarks\quantum_circuits\two_qutrit\monomial_full__sup012_P102_ph112\CZ3_W.qpy,C:\Users\szymon\QuditsOnQubits\QuditsOnQubits\basis_direct_encoding_benchmarks\quantum_circuits\two_qutrit\monomial_full__sup012_P102_ph112\graph_state_direct_basis.qpy,C:\Users\szymon\QuditsOnQubits\QuditsOnQubits\basis_direct_encoding_benchmarks\quantum_circuits\two_qutrit\monomial_full__sup012_P102_ph112\graph_state_direct_basis_transpiled.qpy,C:\Users\szymon\QuditsOnQubits\QuditsOnQubits\basis_direct_encoding_benchmarks\quantum_circuits\two_qutrit\monomial_full__sup012_P102_ph112\basis_change_gate.qpy,C:\Users\szymon\QuditsOnQubits\QuditsOnQubits\basis_direct_encoding_benchmarks\quantum_circuits\two_qutrit\monomial_full__sup012_P102_ph112\W.npy
direct_basis_encoding,two_qutrit,two_qutrit,star,two_qutrit,2,2,4,sup012_P102_ph120,monomial,monomial_full,sup012_P102_ph120,True,True,17,45,62,43,,,0.838309,True,False,ok,,Converted from legacy E_new = E_Z @ W candidate.; Fidelity skipped because transpiled circuit has 128 qubits.,43,46.9,3.18,62,68.2,17,18.5,128,"{'rz': 20, 'cz': 14, 'sx': 13, 'rx': 12, 'rzz': 3}",10,10,0,C:\Users\szymon\QuditsOnQubits\QuditsOnQubits\basis_direct_encoding_benchmarks\quantum_circuits\two_qutrit\monomial_full__sup012_P102_ph120,C:\Users\szymon\QuditsOnQubits\QuditsOnQubits\basis_direct_encoding_benchmarks\quantum_circuits\two_qutrit\monomial_full__sup012_P102_ph120\F3_W.qpy,C:\Users\szymon\QuditsOnQubits\QuditsOnQubits\basis_direct_encoding_benchmarks\quantum_circuits\two_qutrit\monomial_full__sup012_P102_ph120\CZ3_W.qpy,C:\Users\szymon\QuditsOnQubits\QuditsOnQubits\basis_direct_encoding_benchmarks\quantum_circuits\two_qutrit\monomial_full__sup012_P102_ph120\graph_state_direct_basis.qpy,C:\Users\szymon\QuditsOnQubits\QuditsOnQubits\basis_direct_encoding_benchmarks\quantum_circuits\two_qutrit\monomial_full__sup012_P102_ph120\graph_state_direct_basis_transpiled.qpy,C:\Users\szymon\QuditsOnQubits\QuditsOnQubits\basis_direct_encoding_benchmarks\quantum_circuits\two_qutrit\monomial_full__sup012_P102_ph120\basis_change_gate.qpy,C:\Users\szymon\QuditsOnQubits\QuditsOnQubits\basis_direct_encoding_benchmarks\quantum_circuits\two_qutrit\monomial_full__sup012_P102_ph120\W.npy
direct_basis_encoding,two_qutrit,two_qutrit,star,two_qutrit,2,2,4,sup012_P102_ph121,monomial,monomial_full,sup012_P102_ph121,True,True,17,43,60,43,,,0.839436,True,False,ok,,Converted from legacy E_new = E_Z @ W candidate.; Fidelity skipped because transpiled circuit has 128 qubits.,43,46.9,3.18,60,65.1,17,18.5,128,"{'rz': 18, 'cz': 14, 'sx': 13, 'rx': 12, 'rzz': 3}",10,10,0,C:\Users\szymon\QuditsOnQubits\QuditsOnQubits\basis_direct_encoding_benchmarks\quantum_circuits\two_qutrit\monomial_full__sup012_P102_ph121,C:\Users\szymon\QuditsOnQubits\QuditsOnQubits\basis_direct_encoding_benchmarks\quantum_circuits\two_qutrit\monomial_full__sup012_P102_ph121\F3_W.qpy,C:\Users\szymon\QuditsOnQubits\QuditsOnQubits\basis_direct_encoding_benchmarks\quantum_circuits\two_qutrit\monomial_full__sup012_P102_ph121\CZ3_W.qpy,C:\Users\szymon\QuditsOnQubits\QuditsOnQubits\basis_direct_encoding_benchmarks\quantum_circuits\two_qutrit\monomial_full__sup012_P102_ph121\graph_state_direct_basis.qpy,C:\Users\szymon\QuditsOnQubits\QuditsOnQubits\basis_direct_encoding_benchmarks\quantum_circuits\two_qutrit\monomial_full__sup012_P102_ph121\graph_state_direct_basis_transpiled.qpy,C:\Users\szymon\QuditsOnQubits\QuditsOnQubits\basis_direct_encoding_benchmarks\quantum_circuits\two_qutrit\monomial_full__sup012_P102_ph121\basis_change_gate.qpy,C:\Users\szymon\QuditsOnQubits\QuditsOnQubits\basis_direct_encoding_benchmarks\quantum_circuits\two_qutrit\monomial_full__sup012_P102_ph121\W.npy
direct_basis_encoding,two_qutrit,two_qutrit,star,two_qutrit,2,2,4,sup012_P102_ph122,monomial,monomial_full,sup012_P102_ph122,True,True,17,46,63,43,,,1.029324,True,False,ok,,Converted from legacy E_new = E_Z @ W candidate.; Fidelity skipped because transpiled circuit has 128 qubits.,43,46.6,3.29,63,68.2,17,18.5,128,"{'rz': 20, 'cz': 14, 'sx': 13, 'rx': 13, 'rzz': 3}",10,10,0,C:\Users\szymon\QuditsOnQubits\QuditsOnQubits\basis_direct_encoding_benchmarks\quantum_circuits\two_qutrit\monomial_full__sup012_P102_ph122,C:\Users\szymon\QuditsOnQubits\QuditsOnQubits\basis_direct_encoding_benchmarks\quantum_circuits\two_qutrit\monomial_full__sup012_P102_ph122\F3_W.qpy,C:\Users\szymon\QuditsOnQubits\QuditsOnQubits\basis_direct_encoding_benchmarks\quantum_circuits\two_qutrit\monomial_full__sup012_P102_ph122\CZ3_W.qpy,C:\Users\szymon\QuditsOnQubits\QuditsOnQubits\basis_direct_encoding_benchmarks\quantum_circuits\two_qutrit\monomial_full__sup012_P102_ph122\graph_state_direct_basis.qpy,C:\Users\szymon\QuditsOnQubits\QuditsOnQubits\basis_direct_encoding_benchmarks\quantum_circuits\two_qutrit\monomial_full__sup012_P102_ph122\graph_state_direct_basis_transpiled.qpy,C:\Users\szymon\QuditsOnQubits\QuditsOnQubits\basis_direct_encoding_benchmarks\quantum_circuits\two_qutrit\monomial_full__sup012_P102_ph122\basis_change_gate.qpy,C:\Users\szymon\QuditsOnQubits\QuditsOnQubits\basis_direct_encoding_benchmarks\quantum_circuits\two_qutrit\monomial_full__sup012_P102_ph122\W.npy
direct_basis_encoding,two_qutrit,two_qutrit,star,two_qutrit,2,2,4,sup012_P102_ph200,monomial,monomial_full,sup012_P102_ph200,True,True,17,43,60,43,,,0.903259,True,False,ok,,Converted from legacy E_new = E_Z @ W candidate.; Fidelity skipped because transpiled circuit has 128 qubits.,43,46.9,3.18,60,65.1,17,18.5,128,"{'rz': 18, 'cz': 14, 'sx': 13, 'rx': 12, 'rzz': 3}",10,10,0,C:\Users\szymon\QuditsOnQubits\QuditsOnQubits\basis_direct_encoding_benchmarks\quantum_circuits\two_qutrit\monomial_full__sup012_P102_ph200,C:\Users\szymon\QuditsOnQubits\QuditsOnQubits\basis_direct_encoding_benchmarks\quantum_circuits\two_qutrit\monomial_full__sup012_P102_ph200\F3_W.qpy,C:\Users\szymon\QuditsOnQubits\QuditsOnQubits\basis_direct_encoding_benchmarks\quantum_circuits\two_qutrit\monomial_full__sup012_P102_ph200\CZ3_W.qpy,C:\Users\szymon\QuditsOnQubits\QuditsOnQubits\basis_direct_encoding_benchmarks\quantum_circuits\two_qutrit\monomial_full__sup012_P102_ph200\graph_state_direct_basis.qpy,C:\Users\szymon\QuditsOnQubits\QuditsOnQubits\basis_direct_encoding_benchmarks\quantum_circuits\two_qutrit\monomial_full__sup012_P102_ph200\graph_state_direct_basis_transpiled.qpy,C:\Users\szymon\QuditsOnQubits\QuditsOnQubits\basis_direct_encoding_benchmarks\quantum_circuits\two_qutrit\monomial_full__sup012_P102_ph200\basis_change_gate.qpy,C:\Users\szymon\QuditsOnQubits\QuditsOnQubits\basis_direct_encoding_benchmarks\quantum_circuits\two_qutrit\monomial_full__sup012_P102_ph200\W.npy
direct_basis_encoding,two_qutrit,two_qutrit,star,two_qutrit,2,2,4,sup012_P102_ph201,monomial,monomial_full,sup012_P102_ph201,True,True,17,46,63,43,,,0.961047,True,False,ok,,Converted from legacy E_new = E_Z @ W candidate.; Fidelity skipped because transpiled circuit has 128 qubits.,43,46.6,3.29,63,68.2,17,18.5,128,"{'rz': 20, 'cz': 14, 'sx': 13, 'rx': 13, 'rzz': 3}",10,10,0,C:\Users\szymon\QuditsOnQubits\QuditsOnQubits\basis_direct_encoding_benchmarks\quantum_circuits\two_qutrit\monomial_full__sup012_P102_ph201,C:\Users\szymon\QuditsOnQubits\QuditsOnQubits\basis_direct_encoding_benchmarks\quantum_circuits\two_qutrit\monomial_full__sup012_P102_ph201\F3_W.qpy,C:\Users\szymon\QuditsOnQubits\QuditsOnQubits\basis_direct_encoding_benchmarks\quantum_circuits\two_qutrit\monomial_full__sup012_P102_ph201\CZ3_W.qpy,C:\Users\szymon\QuditsOnQubits\QuditsOnQubits\basis_direct_encoding_benchmarks\quantum_circuits\two_qutrit\monomial_full__sup012_P102_ph201\graph_state_direct_basis.qpy,C:\Users\szymon\QuditsOnQubits\QuditsOnQubits\basis_direct_encoding_benchmarks\quantum_circuits\two_qutrit\monomial_full__sup012_P102_ph201\graph_state_direct_basis_transpiled.qpy,C:\Users\szymon\QuditsOnQubits\QuditsOnQubits\basis_direct_encoding_benchmarks\quantum_circuits\two_qutrit\monomial_full__sup012_P102_ph201\basis_change_gate.qpy,C:\Users\szymon\QuditsOnQubits\QuditsOnQubits\basis_direct_encoding_benchmarks\quantum_circuits\two_qutrit\monomial_full__sup012_P102_ph201\W.npy
direct_basis_encoding,two_qutrit,two_qutrit,star,two_qutrit,2,2,4,sup012_P102_ph202,monomial,monomial_full,sup012_P102_ph202,True,True,17,45,62,43,,,1.001331,True,False,ok,,Converted from legacy E_new = E_Z @ W candidate.; Fidelity skipped because transpiled circuit has 128 qubits.,43,46.9,3.18,62,67.9,17,18.5,128,"{'rz': 20, 'cz': 14, 'sx': 13, 'rx': 12, 'rzz': 3}",10,10,0,C:\Users\szymon\QuditsOnQubits\QuditsOnQubits\basis_direct_encoding_benchmarks\quantum_circuits\two_qutrit\monomial_full__sup012_P102_ph202,C:\Users\szymon\QuditsOnQubits\QuditsOnQubits\basis_direct_encoding_benchmarks\quantum_circuits\two_qutrit\monomial_full__sup012_P102_ph202\F3_W.qpy,C:\Users\szymon\QuditsOnQubits\QuditsOnQubits\basis_direct_encoding_benchmarks\quantum_circuits\two_qutrit\monomial_full__sup012_P102_ph202\CZ3_W.qpy,C:\Users\szymon\QuditsOnQubits\QuditsOnQubits\basis_direct_encoding_benchmarks\quantum_circuits\two_qutrit\monomial_full__sup012_P102_ph202\graph_state_direct_basis.qpy,C:\Users\szymon\QuditsOnQubits\QuditsOnQubits\basis_direct_encoding_benchmarks\quantum_circuits\two_qutrit\monomial_full__sup012_P102_ph202\graph_state_direct_basis_transpiled.qpy,C:\Users\szymon\QuditsOnQubits\QuditsOnQubits\basis_direct_encoding_benchmarks\quantum_circuits\two_qutrit\monomial_full__sup012_P102_ph202\basis_change_gate.qpy,C:\Users\szymon\QuditsOnQubits\QuditsOnQubits\basis_direct_encoding_benchmarks\quantum_circuits\two_qutrit\monomial_full__sup012_P102_ph202\W.npy
direct_basis_encoding,two_qutrit,two_qutrit,star,two_qutrit,2,2,4,sup012_P102_ph210,monomial,monomial_full,sup012_P102_ph210,True,True,17,46,63,43,,,0.87398,True,False,ok,,Converted from legacy E_new = E_Z @ W candidate.; Fidelity skipped because transpiled circuit has 128 qubits.,43,46.9,3.18,63,68.5,17,18.5,128,"{'rz': 20, 'cz': 14, 'sx': 13, 'rx': 13, 'rzz': 3}",10,10,0,C:\Users\szymon\QuditsOnQubits\QuditsOnQubits\basis_direct_encoding_benchmarks\quantum_circuits\two_qutrit\monomial_full__sup012_P102_ph210,C:\Users\szymon\QuditsOnQubits\QuditsOnQubits\basis_direct_encoding_benchmarks\quantum_circuits\two_qutrit\monomial_full__sup012_P102_ph210\F3_W.qpy,C:\Users\szymon\QuditsOnQubits\QuditsOnQubits\basis_direct_encoding_benchmarks\quantum_circuits\two_qutrit\monomial_full__sup012_P102_ph210\CZ3_W.qpy,C:\Users\szymon\QuditsOnQubits\QuditsOnQubits\basis_direct_encoding_benchmarks\quantum_circuits\two_qutrit\monomial_full__sup012_P102_ph210\graph_state_direct_basis.qpy,C:\Users\szymon\QuditsOnQubits\QuditsOnQubits\basis_direct_encoding_benchmarks\quantum_circuits\two_qutrit\monomial_full__sup012_P102_ph210\graph_state_direct_basis_transpiled.qpy,C:\Users\szymon\QuditsOnQubits\QuditsOnQubits\basis_direct_encoding_benchmarks\quantum_circuits\two_qutrit\monomial_full__sup012_P102_ph210\basis_change_gate.qpy,C:\Users\szymon\QuditsOnQubits\QuditsOnQubits\basis_direct_encoding_benchmarks\quantum_circuits\two_qutrit\monomial_full__sup012_P102_ph210\W.npy
direct_basis_encoding,two_qutrit,two_qutrit,star,two_qutrit,2,2,4,sup012_P102_ph211,monomial,monomial_full,sup012_P102_ph211,True,True,17,46,63,43,,,0.93362,True,False,ok,,Converted from legacy E_new = E_Z @ W candidate.; Fidelity skipped because transpiled circuit has 128 qubits.,43,46.6,3.29,63,68.5,17,18.5,128,"{'rz': 20, 'cz': 14, 'sx': 13, 'rx': 13, 'rzz': 3}",10,10,0,C:\Users\szymon\QuditsOnQubits\QuditsOnQubits\basis_direct_encoding_benchmarks\quantum_circuits\two_qutrit\monomial_full__sup012_P102_ph211,C:\Users\szymon\QuditsOnQubits\QuditsOnQubits\basis_direct_encoding_benchmarks\quantum_circuits\two_qutrit\monomial_full__sup012_P102_ph211\F3_W.qpy,C:\Users\szymon\QuditsOnQubits\QuditsOnQubits\basis_direct_encoding_benchmarks\quantum_circuits\two_qutrit\monomial_full__sup012_P102_ph211\CZ3_W.qpy,C:\Users\szymon\QuditsOnQubits\QuditsOnQubits\basis_direct_encoding_benchmarks\quantum_circuits\two_qutrit\monomial_full__sup012_P102_ph211\graph_state_direct_basis.qpy,C:\Users\szymon\QuditsOnQubits\QuditsOnQubits\basis_direct_encoding_benchmarks\quantum_circuits\two_qutrit\monomial_full__sup012_P102_ph211\graph_state_direct_basis_transpiled.qpy,C:\Users\szymon\QuditsOnQubits\QuditsOnQubits\basis_direct_encoding_benchmarks\quantum_circuits\two_qutrit\monomial_full__sup012_P102_ph211\basis_change_gate.qpy,C:\Users\szymon\QuditsOnQubits\QuditsOnQubits\basis_direct_encoding_benchmarks\quantum_circuits\two_qutrit\monomial_full__sup012_P102_ph211\W.npy
direct_basis_encoding,two_qutrit,two_qutrit,star,two_qutrit,2,2,4,sup012_P102_ph212,monomial,monomial_full,sup012_P102_ph212,True,True,17,44,61,43,,,0.853145,True,False,ok,,Converted from legacy E_new = E_Z @ W candidate.; Fidelity skipped because transpiled circuit has 128 qubits.,43,46.9,3.18,61,65.7,17,18.5,128,"{'rz': 18, 'cz': 14, 'sx': 13, 'rx': 13, 'rzz': 3}",10,10,0,C:\Users\szymon\QuditsOnQubits\QuditsOnQubits\basis_direct_encoding_benchmarks\quantum_circuits\two_qutrit\monomial_full__sup012_P102_ph212,C:\Users\szymon\QuditsOnQubits\QuditsOnQubits\basis_direct_encoding_benchmarks\quantum_circuits\two_qutrit\monomial_full__sup012_P102_ph212\F3_W.qpy,C:\Users\szymon\QuditsOnQubits\QuditsOnQubits\basis_direct_encoding_benchmarks\quantum_circuits\two_qutrit\monomial_full__sup012_P102_ph212\CZ3_W.qpy,C:\Users\szymon\QuditsOnQubits\QuditsOnQubits\basis_direct_encoding_benchmarks\quantum_circuits\two_qutrit\monomial_full__sup012_P102_ph212\graph_state_direct_basis.qpy,C:\Users\szymon\QuditsOnQubits\QuditsOnQubits\basis_direct_encoding_benchmarks\quantum_circuits\two_qutrit\monomial_full__sup012_P102_ph212\graph_state_direct_basis_transpiled.qpy,C:\Users\szymon\QuditsOnQubits\QuditsOnQubits\basis_direct_encoding_benchmarks\quantum_circuits\two_qutrit\monomial_full__sup012_P102_ph212\basis_change_gate.qpy,C:\Users\szymon\QuditsOnQubits\QuditsOnQubits\basis_direct_encoding_benchmarks\quantum_circuits\two_qutrit\monomial_full__sup012_P102_ph212\W.npy
direct_basis_encoding,two_qutrit,two_qutrit,star,two_qutrit,2,2,4,sup012_P102_ph220,monomial,monomial_full,sup012_P102_ph220,True,True,17,43,60,42,,,0.866219,True,False,ok,,Converted from legacy E_new = E_Z @ W candidate.; Fidelity skipped because transpiled circuit has 128 qubits.,42,46.0,3.29,60,66.2,17,18.5,128,"{'rz': 18, 'cz': 14, 'sx': 13, 'rx': 12, 'rzz': 3}",10,10,0,C:\Users\szymon\QuditsOnQubits\QuditsOnQubits\basis_direct_encoding_benchmarks\quantum_circuits\two_qutrit\monomial_full__sup012_P102_ph220,C:\Users\szymon\QuditsOnQubits\QuditsOnQubits\basis_direct_encoding_benchmarks\quantum_circuits\two_qutrit\monomial_full__sup012_P102_ph220\F3_W.qpy,C:\Users\szymon\QuditsOnQubits\QuditsOnQubits\basis_direct_encoding_benchmarks\quantum_circuits\two_qutrit\monomial_full__sup012_P102_ph220\CZ3_W.qpy,C:\Users\szymon\QuditsOnQubits\QuditsOnQubits\basis_direct_encoding_benchmarks\quantum_circuits\two_qutrit\monomial_full__sup012_P102_ph220\graph_state_direct_basis.qpy,C:\Users\szymon\QuditsOnQubits\QuditsOnQubits\basis_direct_encoding_benchmarks\quantum_circuits\two_qutrit\monomial_full__sup012_P102_ph220\graph_state_direct_basis_transpiled.qpy,C:\Users\szymon\QuditsOnQubits\QuditsOnQubits\basis_direct_encoding_benchmarks\quantum_circuits\two_qutrit\monomial_full__sup012_P102_ph220\basis_change_gate.qpy,C:\Users\szymon\QuditsOnQubits\QuditsOnQubits\basis_direct_encoding_benchmarks\quantum_circuits\two_qutrit\monomial_full__sup012_P102_ph220\W.npy
direct_basis_encoding,two_qutrit,two_qutrit,star,two_qutrit,2,2,4,sup012_P102_ph221,monomial,monomial_full,sup012_P102_ph221,True,True,17,42,59,42,,,1.013118,True,False,ok,,Converted from legacy E_new = E_Z @ W candidate.; Fidelity skipped because transpiled circuit has 128 qubits.,42,45.7,3.41,59,63.7,17,18.5,128,"{'rz': 16, 'cz': 14, 'sx': 13, 'rx': 13, 'rzz': 3}",10,10,0,C:\Users\szymon\QuditsOnQubits\QuditsOnQubits\basis_direct_encoding_benchmarks\quantum_circuits\two_qutrit\monomial_full__sup012_P102_ph221,C:\Users\szymon\QuditsOnQubits\QuditsOnQubits\basis_direct_encoding_benchmarks\quantum_circuits\two_qutrit\monomial_full__sup012_P102_ph221\F3_W.qpy,C:\Users\szymon\QuditsOnQubits\QuditsOnQubits\basis_direct_encoding_benchmarks\quantum_circuits\two_qutrit\monomial_full__sup012_P102_ph221\CZ3_W.qpy,C:\Users\szymon\QuditsOnQubits\QuditsOnQubits\basis_direct_encoding_benchmarks\quantum_circuits\two_qutrit\monomial_full__sup012_P102_ph221\graph_state_direct_basis.qpy,C:\Users\szymon\QuditsOnQubits\QuditsOnQubits\basis_direct_encoding_benchmarks\quantum_circuits\two_qutrit\monomial_full__sup012_P102_ph221\graph_state_direct_basis_transpiled.qpy,C:\Users\szymon\QuditsOnQubits\QuditsOnQubits\basis_direct_encoding_benchmarks\quantum_circuits\two_qutrit\monomial_full__sup012_P102_ph221\basis_change_gate.qpy,C:\Users\szymon\QuditsOnQubits\QuditsOnQubits\basis_direct_encoding_benchmarks\quantum_circuits\two_qutrit\monomial_full__sup012_P102_ph221\W.npy
direct_basis_encoding,two_qutrit,two_qutrit,star,two_qutrit,2,2,4,sup012_P102_ph222,monomial,monomial_full,sup012_P102_ph222,True,True,17,43,60,42,,,0.949615,True,False,ok,,Converted from legacy E_new = E_Z @ W candidate.; Fidelity skipped because transpiled circuit has 128 qubits.,42,46.0,3.29,60,66.2,17,18.5,128,"{'rz': 18, 'cz': 14, 'sx': 13, 'rx': 12, 'rzz': 3}",10,10,0,C:\Users\szymon\QuditsOnQubits\QuditsOnQubits\basis_direct_encoding_benchmarks\quantum_circuits\two_qutrit\monomial_full__sup012_P102_ph222,C:\Users\szymon\QuditsOnQubits\QuditsOnQubits\basis_direct_encoding_benchmarks\quantum_circuits\two_qutrit\monomial_full__sup012_P102_ph222\F3_W.qpy,C:\Users\szymon\QuditsOnQubits\QuditsOnQubits\basis_direct_encoding_benchmarks\quantum_circuits\two_qutrit\monomial_full__sup012_P102_ph222\CZ3_W.qpy,C:\Users\szymon\QuditsOnQubits\QuditsOnQubits\basis_direct_encoding_benchmarks\quantum_circuits\two_qutrit\monomial_full__sup012_P102_ph222\graph_state_direct_basis.qpy,C:\Users\szymon\QuditsOnQubits\QuditsOnQubits\basis_direct_encoding_benchmarks\quantum_circuits\two_qutrit\monomial_full__sup012_P102_ph222\graph_state_direct_basis_transpiled.qpy,C:\Users\szymon\QuditsOnQubits\QuditsOnQubits\basis_direct_encoding_benchmarks\quantum_circuits\two_qutrit\monomial_full__sup012_P102_ph222\basis_change_gate.qpy,C:\Users\szymon\QuditsOnQubits\QuditsOnQubits\basis_direct_encoding_benchmarks\quantum_circuits\two_qutrit\monomial_full__sup012_P102_ph222\W.npy
direct_basis_encoding,two_qutrit,two_qutrit,star,two_qutrit,2,2,4,sup012_P120_ph000,monomial,monomial_full,sup012_P120_ph000,True,True,18,37,55,43,,,0.916725,True,False,ok,,Converted from legacy E_new = E_Z @ W candidate.; Fidelity skipped because transpiled circuit has 128 qubits.,43,44.0,3.0,55,58.0,18,18.6,128,"{'cz': 17, 'rz': 13, 'sx': 12, 'rx': 12, 'rzz': 1}",10,10,0,C:\Users\szymon\QuditsOnQubits\QuditsOnQubits\basis_direct_encoding_benchmarks\quantum_circuits\two_qutrit\monomial_full__sup012_P120_ph000,C:\Users\szymon\QuditsOnQubits\QuditsOnQubits\basis_direct_encoding_benchmarks\quantum_circuits\two_qutrit\monomial_full__sup012_P120_ph000\F3_W.qpy,C:\Users\szymon\QuditsOnQubits\QuditsOnQubits\basis_direct_encoding_benchmarks\quantum_circuits\two_qutrit\monomial_full__sup012_P120_ph000\CZ3_W.qpy,C:\Users\szymon\QuditsOnQubits\QuditsOnQubits\basis_direct_encoding_benchmarks\quantum_circuits\two_qutrit\monomial_full__sup012_P120_ph000\graph_state_direct_basis.qpy,C:\Users\szymon\QuditsOnQubits\QuditsOnQubits\basis_direct_encoding_benchmarks\quantum_circuits\two_qutrit\monomial_full__sup012_P120_ph000\graph_state_direct_basis_transpiled.qpy,C:\Users\szymon\QuditsOnQubits\QuditsOnQubits\basis_direct_encoding_benchmarks\quantum_circuits\two_qutrit\monomial_full__sup012_P120_ph000\basis_change_gate.qpy,C:\Users\szymon\QuditsOnQubits\QuditsOnQubits\basis_direct_encoding_benchmarks\quantum_circuits\two_qutrit\monomial_full__sup012_P120_ph000\W.npy
direct_basis_encoding,two_qutrit,two_qutrit,star,two_qutrit,2,2,4,sup012_P120_ph001,monomial,monomial_full,sup012_P120_ph001,True,True,18,40,58,43,,,0.793353,True,False,ok,,Converted from legacy E_new = E_Z @ W candidate.; Fidelity skipped because transpiled circuit has 128 qubits.,43,44.5,3.2,58,60.8,18,18.6,128,"{'cz': 17, 'rz': 16, 'rx': 12, 'sx': 12, 'rzz': 1}",10,10,0,C:\Users\szymon\QuditsOnQubits\QuditsOnQubits\basis_direct_encoding_benchmarks\quantum_circuits\two_qutrit\monomial_full__sup012_P120_ph001,C:\Users\szymon\QuditsOnQubits\QuditsOnQubits\basis_direct_encoding_benchmarks\quantum_circuits\two_qutrit\monomial_full__sup012_P120_ph001\F3_W.qpy,C:\Users\szymon\QuditsOnQubits\QuditsOnQubits\basis_direct_encoding_benchmarks\quantum_circuits\two_qutrit\monomial_full__sup012_P120_ph001\CZ3_W.qpy,C:\Users\szymon\QuditsOnQubits\QuditsOnQubits\basis_direct_encoding_benchmarks\quantum_circuits\two_qutrit\monomial_full__sup012_P120_ph001\graph_state_direct_basis.qpy,C:\Users\szymon\QuditsOnQubits\QuditsOnQubits\basis_direct_encoding_benchmarks\quantum_circuits\two_qutrit\monomial_full__sup012_P120_ph001\graph_state_direct_basis_transpiled.qpy,C:\Users\szymon\QuditsOnQubits\QuditsOnQubits\basis_direct_encoding_benchmarks\quantum_circuits\two_qutrit\monomial_full__sup012_P120_ph001\basis_change_gate.qpy,C:\Users\szymon\QuditsOnQubits\QuditsOnQubits\basis_direct_encoding_benchmarks\quantum_circuits\two_qutrit\monomial_full__sup012_P120_ph001\W.npy
direct_basis_encoding,two_qutrit,two_qutrit,star,two_qutrit,2,2,4,sup012_P120_ph002,monomial,monomial_full,sup012_P120_ph002,True,True,18,40,58,43,,,0.825619,True,False,ok,,Converted from legacy E_new = E_Z @ W candidate.; Fidelity skipped because transpiled circuit has 128 qubits.,43,44.5,3.2,58,60.4,18,18.6,128,"{'cz': 17, 'rz': 16, 'rx': 12, 'sx': 12, 'rzz': 1}",10,10,0,C:\Users\szymon\QuditsOnQubits\QuditsOnQubits\basis_direct_encoding_benchmarks\quantum_circuits\two_qutrit\monomial_full__sup012_P120_ph002,C:\Users\szymon\QuditsOnQubits\QuditsOnQubits\basis_direct_encoding_benchmarks\quantum_circuits\two_qutrit\monomial_full__sup012_P120_ph002\F3_W.qpy,C:\Users\szymon\QuditsOnQubits\QuditsOnQubits\basis_direct_encoding_benchmarks\quantum_circuits\two_qutrit\monomial_full__sup012_P120_ph002\CZ3_W.qpy,C:\Users\szymon\QuditsOnQubits\QuditsOnQubits\basis_direct_encoding_benchmarks\quantum_circuits\two_qutrit\monomial_full__sup012_P120_ph002\graph_state_direct_basis.qpy,C:\Users\szymon\QuditsOnQubits\QuditsOnQubits\basis_direct_encoding_benchmarks\quantum_circuits\two_qutrit\monomial_full__sup012_P120_ph002\graph_state_direct_basis_transpiled.qpy,C:\Users\szymon\QuditsOnQubits\QuditsOnQubits\basis_direct_encoding_benchmarks\quantum_circuits\two_qutrit\monomial_full__sup012_P120_ph002\basis_change_gate.qpy,C:\Users\szymon\QuditsOnQubits\QuditsOnQubits\basis_direct_encoding_benchmarks\quantum_circuits\two_qutrit\monomial_full__sup012_P120_ph002\W.npy
direct_basis_encoding,two_qutrit,two_qutrit,star,two_qutrit,2,2,4,sup012_P120_ph010,monomial,monomial_full,sup012_P120_ph010,True,True,18,40,58,44,,,0.937315,True,False,ok,,Converted from legacy E_new = E_Z @ W candidate.; Fidelity skipped because transpiled circuit has 128 qubits.,44,44.9,2.7,58,61.1,18,18.6,128,"{'cz': 17, 'rz': 16, 'sx': 12, 'rx': 12, 'rzz': 1}",10,10,0,C:\Users\szymon\QuditsOnQubits\QuditsOnQubits\basis_direct_encoding_benchmarks\quantum_circuits\two_qutrit\monomial_full__sup012_P120_ph010,C:\Users\szymon\QuditsOnQubits\QuditsOnQubits\basis_direct_encoding_benchmarks\quantum_circuits\two_qutrit\monomial_full__sup012_P120_ph010\F3_W.qpy,C:\Users\szymon\QuditsOnQubits\QuditsOnQubits\basis_direct_encoding_benchmarks\quantum_circuits\two_qutrit\monomial_full__sup012_P120_ph010\CZ3_W.qpy,C:\Users\szymon\QuditsOnQubits\QuditsOnQubits\basis_direct_encoding_benchmarks\quantum_circuits\two_qutrit\monomial_full__sup012_P120_ph010\graph_state_direct_basis.qpy,C:\Users\szymon\QuditsOnQubits\QuditsOnQubits\basis_direct_encoding_benchmarks\quantum_circuits\two_qutrit\monomial_full__sup012_P120_ph010\graph_state_direct_basis_transpiled.qpy,C:\Users\szymon\QuditsOnQubits\QuditsOnQubits\basis_direct_encoding_benchmarks\quantum_circuits\two_qutrit\monomial_full__sup012_P120_ph010\basis_change_gate.qpy,C:\Users\szymon\QuditsOnQubits\QuditsOnQubits\basis_direct_encoding_benchmarks\quantum_circuits\two_qutrit\monomial_full__sup012_P120_ph010\W.npy
direct_basis_encoding,two_qutrit,two_qutrit,star,two_qutrit,2,2,4,sup012_P120_ph011,monomial,monomial_full,sup012_P120_ph011,True,True,18,41,59,44,,,0.981415,True,False,ok,,Converted from legacy E_new = E_Z @ W candidate.; Fidelity skipped because transpiled circuit has 128 qubits.,44,45.4,2.91,59,61.7,18,18.6,128,"{'rz': 17, 'cz': 17, 'rx': 12, 'sx': 12, 'rzz': 1}",10,10,0,C:\Users\szymon\QuditsOnQubits\QuditsOnQubits\basis_direct_encoding_benchmarks\quantum_circuits\two_qutrit\monomial_full__sup012_P120_ph011,C:\Users\szymon\QuditsOnQubits\QuditsOnQubits\basis_direct_encoding_benchmarks\quantum_circuits\two_qutrit\monomial_full__sup012_P120_ph011\F3_W.qpy,C:\Users\szymon\QuditsOnQubits\QuditsOnQubits\basis_direct_encoding_benchmarks\quantum_circuits\two_qutrit\monomial_full__sup012_P120_ph011\CZ3_W.qpy,C:\Users\szymon\QuditsOnQubits\QuditsOnQubits\basis_direct_encoding_benchmarks\quantum_circuits\two_qutrit\monomial_full__sup012_P120_ph011\graph_state_direct_basis.qpy,C:\Users\szymon\QuditsOnQubits\QuditsOnQubits\basis_direct_encoding_benchmarks\quantum_circuits\two_qutrit\monomial_full__sup012_P120_ph011\graph_state_direct_basis_transpiled.qpy,C:\Users\szymon\QuditsOnQubits\QuditsOnQubits\basis_direct_encoding_benchmarks\quantum_circuits\two_qutrit\monomial_full__sup012_P120_ph011\basis_change_gate.qpy,C:\Users\szymon\QuditsOnQubits\QuditsOnQubits\basis_direct_encoding_benchmarks\quantum_circuits\two_qutrit\monomial_full__sup012_P120_ph011\W.npy
direct_basis_encoding,two_qutrit,two_qutrit,star,two_qutrit,2,2,4,sup012_P120_ph012,monomial,monomial_full,sup012_P120_ph012,True,True,18,38,56,43,,,0.962375,True,False,ok,,Converted from legacy E_new = E_Z @ W candidate.; Fidelity skipped because transpiled circuit has 128 qubits.,43,44.5,3.2,56,58.2,18,18.6,128,"{'cz': 17, 'rz': 14, 'rx': 12, 'sx': 12, 'rzz': 1}",10,10,0,C:\Users\szymon\QuditsOnQubits\QuditsOnQubits\basis_direct_encoding_benchmarks\quantum_circuits\two_qutrit\monomial_full__sup012_P120_ph012,C:\Users\szymon\QuditsOnQubits\QuditsOnQubits\basis_direct_encoding_benchmarks\quantum_circuits\two_qutrit\monomial_full__sup012_P120_ph012\F3_W.qpy,C:\Users\szymon\QuditsOnQubits\QuditsOnQubits\basis_direct_encoding_benchmarks\quantum_circuits\two_qutrit\monomial_full__sup012_P120_ph012\CZ3_W.qpy,C:\Users\szymon\QuditsOnQubits\QuditsOnQubits\basis_direct_encoding_benchmarks\quantum_circuits\two_qutrit\monomial_full__sup012_P120_ph012\graph_state_direct_basis.qpy,C:\Users\szymon\QuditsOnQubits\QuditsOnQubits\basis_direct_encoding_benchmarks\quantum_circuits\two_qutrit\monomial_full__sup012_P120_ph012\graph_state_direct_basis_transpiled.qpy,C:\Users\szymon\QuditsOnQubits\QuditsOnQubits\basis_direct_encoding_benchmarks\quantum_circuits\two_qutrit\monomial_full__sup012_P120_ph012\basis_change_gate.qpy,C:\Users\szymon\QuditsOnQubits\QuditsOnQubits\basis_direct_encoding_benchmarks\quantum_circuits\two_qutrit\monomial_full__sup012_P120_ph012\W.npy
direct_basis_encoding,two_qutrit,two_qutrit,star,two_qutrit,2,2,4,sup012_P120_ph020,monomial,monomial_full,sup012_P120_ph020,True,True,18,40,58,44,,,1.165002,True,False,ok,,Converted from legacy E_new = E_Z @ W candidate.; Fidelity skipped because transpiled circuit has 128 qubits.,44,44.9,2.7,58,61.1,18,18.6,128,"{'cz': 17, 'rz': 16, 'sx': 12, 'rx': 12, 'rzz': 1}",10,10,0,C:\Users\szymon\QuditsOnQubits\QuditsOnQubits\basis_direct_encoding_benchmarks\quantum_circuits\two_qutrit\monomial_full__sup012_P120_ph020,C:\Users\szymon\QuditsOnQubits\QuditsOnQubits\basis_direct_encoding_benchmarks\quantum_circuits\two_qutrit\monomial_full__sup012_P120_ph020\F3_W.qpy,C:\Users\szymon\QuditsOnQubits\QuditsOnQubits\basis_direct_encoding_benchmarks\quantum_circuits\two_qutrit\monomial_full__sup012_P120_ph020\CZ3_W.qpy,C:\Users\szymon\QuditsOnQubits\QuditsOnQubits\basis_direct_encoding_benchmarks\quantum_circuits\two_qutrit\monomial_full__sup012_P120_ph020\graph_state_direct_basis.qpy,C:\Users\szymon\QuditsOnQubits\QuditsOnQubits\basis_direct_encoding_benchmarks\quantum_circuits\two_qutrit\monomial_full__sup012_P120_ph020\graph_state_direct_basis_transpiled.qpy,C:\Users\szymon\QuditsOnQubits\QuditsOnQubits\basis_direct_encoding_benchmarks\quantum_circuits\two_qutrit\monomial_full__sup012_P120_ph020\basis_change_gate.qpy,C:\Users\szymon\QuditsOnQubits\QuditsOnQubits\basis_direct_encoding_benchmarks\quantum_circuits\two_qutrit\monomial_full__sup012_P120_ph020\W.npy
direct_basis_encoding,two_qutrit,two_qutrit,star,two_qutrit,2,2,4,sup012_P120_ph021,monomial,monomial_full,sup012_P120_ph021,True,True,18,38,56,43,,,0.893076,True,False,ok,,Converted from legacy E_new = E_Z @ W candidate.; Fidelity skipped because transpiled circuit has 128 qubits.,43,44.5,3.2,56,58.2,18,18.6,128,"{'cz': 17, 'rz': 14, 'rx': 12, 'sx': 12, 'rzz': 1}",10,10,0,C:\Users\szymon\QuditsOnQubits\QuditsOnQubits\basis_direct_encoding_benchmarks\quantum_circuits\two_qutrit\monomial_full__sup012_P120_ph021,C:\Users\szymon\QuditsOnQubits\QuditsOnQubits\basis_direct_encoding_benchmarks\quantum_circuits\two_qutrit\monomial_full__sup012_P120_ph021\F3_W.qpy,C:\Users\szymon\QuditsOnQubits\QuditsOnQubits\basis_direct_encoding_benchmarks\quantum_circuits\two_qutrit\monomial_full__sup012_P120_ph021\CZ3_W.qpy,C:\Users\szymon\QuditsOnQubits\QuditsOnQubits\basis_direct_encoding_benchmarks\quantum_circuits\two_qutrit\monomial_full__sup012_P120_ph021\graph_state_direct_basis.qpy,C:\Users\szymon\QuditsOnQubits\QuditsOnQubits\basis_direct_encoding_benchmarks\quantum_circuits\two_qutrit\monomial_full__sup012_P120_ph021\graph_state_direct_basis_transpiled.qpy,C:\Users\szymon\QuditsOnQubits\QuditsOnQubits\basis_direct_encoding_benchmarks\quantum_circuits\two_qutrit\monomial_full__sup012_P120_ph021\basis_change_gate.qpy,C:\Users\szymon\QuditsOnQubits\QuditsOnQubits\basis_direct_encoding_benchmarks\quantum_circuits\two_qutrit\monomial_full__sup012_P120_ph021\W.npy
direct_basis_encoding,two_qutrit,two_qutrit,star,two_qutrit,2,2,4,sup012_P120_ph022,monomial,monomial_full,sup012_P120_ph022,True,True,18,41,59,44,,,0.982559,True,False,ok,,Converted from legacy E_new = E_Z @ W candidate.; Fidelity skipped because transpiled circuit has 128 qubits.,44,45.4,2.91,59,61.3,18,18.6,128,"{'rz': 17, 'cz': 17, 'rx': 12, 'sx': 12, 'rzz': 1}",10,10,0,C:\Users\szymon\QuditsOnQubits\QuditsOnQubits\basis_direct_encoding_benchmarks\quantum_circuits\two_qutrit\monomial_full__sup012_P120_ph022,C:\Users\szymon\QuditsOnQubits\QuditsOnQubits\basis_direct_encoding_benchmarks\quantum_circuits\two_qutrit\monomial_full__sup012_P120_ph022\F3_W.qpy,C:\Users\szymon\QuditsOnQubits\QuditsOnQubits\basis_direct_encoding_benchmarks\quantum_circuits\two_qutrit\monomial_full__sup012_P120_ph022\CZ3_W.qpy,C:\Users\szymon\QuditsOnQubits\QuditsOnQubits\basis_direct_encoding_benchmarks\quantum_circuits\two_qutrit\monomial_full__sup012_P120_ph022\graph_state_direct_basis.qpy,C:\Users\szymon\QuditsOnQubits\QuditsOnQubits\basis_direct_encoding_benchmarks\quantum_circuits\two_qutrit\monomial_full__sup012_P120_ph022\graph_state_direct_basis_transpiled.qpy,C:\Users\szymon\QuditsOnQubits\QuditsOnQubits\basis_direct_encoding_benchmarks\quantum_circuits\two_qutrit\monomial_full__sup012_P120_ph022\basis_change_gate.qpy,C:\Users\szymon\QuditsOnQubits\QuditsOnQubits\basis_direct_encoding_benchmarks\quantum_circuits\two_qutrit\monomial_full__sup012_P120_ph022\W.npy
direct_basis_encoding,two_qutrit,two_qutrit,star,two_qutrit,2,2,4,sup012_P120_ph100,monomial,monomial_full,sup012_P120_ph100,True,True,18,38,56,43,,,0.922809,True,False,ok,,Converted from legacy E_new = E_Z @ W candidate.; Fidelity skipped because transpiled circuit has 128 qubits.,43,44.5,3.2,56,58.2,18,18.6,128,"{'cz': 17, 'rz': 14, 'rx': 12, 'sx': 12, 'rzz': 1}",10,10,0,C:\Users\szymon\QuditsOnQubits\QuditsOnQubits\basis_direct_encoding_benchmarks\quantum_circuits\two_qutrit\monomial_full__sup012_P120_ph100,C:\Users\szymon\QuditsOnQubits\QuditsOnQubits\basis_direct_encoding_benchmarks\quantum_circuits\two_qutrit\monomial_full__sup012_P120_ph100\F3_W.qpy,C:\Users\szymon\QuditsOnQubits\QuditsOnQubits\basis_direct_encoding_benchmarks\quantum_circuits\two_qutrit\monomial_full__sup012_P120_ph100\CZ3_W.qpy,C:\Users\szymon\QuditsOnQubits\QuditsOnQubits\basis_direct_encoding_benchmarks\quantum_circuits\two_qutrit\monomial_full__sup012_P120_ph100\graph_state_direct_basis.qpy,C:\Users\szymon\QuditsOnQubits\QuditsOnQubits\basis_direct_encoding_benchmarks\quantum_circuits\two_qutrit\monomial_full__sup012_P120_ph100\graph_state_direct_basis_transpiled.qpy,C:\Users\szymon\QuditsOnQubits\QuditsOnQubits\basis_direct_encoding_benchmarks\quantum_circuits\two_qutrit\monomial_full__sup012_P120_ph100\basis_change_gate.qpy,C:\Users\szymon\QuditsOnQubits\QuditsOnQubits\basis_direct_encoding_benchmarks\quantum_circuits\two_qutrit\monomial_full__sup012_P120_ph100\W.npy
direct_basis_encoding,two_qutrit,two_qutrit,star,two_qutrit,2,2,4,sup012_P120_ph101,monomial,monomial_full,sup012_P120_ph101,True,True,18,41,59,44,,,1.566622,True,False,ok,,Converted from legacy E_new = E_Z @ W candidate.; Fidelity skipped because transpiled circuit has 128 qubits.,44,45.4,2.91,59,61.2,18,18.6,128,"{'rz': 17, 'cz': 17, 'rx': 12, 'sx': 12, 'rzz': 1}",10,10,0,C:\Users\szymon\QuditsOnQubits\QuditsOnQubits\basis_direct_encoding_benchmarks\quantum_circuits\two_qutrit\monomial_full__sup012_P120_ph101,C:\Users\szymon\QuditsOnQubits\QuditsOnQubits\basis_direct_encoding_benchmarks\quantum_circuits\two_qutrit\monomial_full__sup012_P120_ph101\F3_W.qpy,C:\Users\szymon\QuditsOnQubits\QuditsOnQubits\basis_direct_encoding_benchmarks\quantum_circuits\two_qutrit\monomial_full__sup012_P120_ph101\CZ3_W.qpy,C:\Users\szymon\QuditsOnQubits\QuditsOnQubits\basis_direct_encoding_benchmarks\quantum_circuits\two_qutrit\monomial_full__sup012_P120_ph101\graph_state_direct_basis.qpy,C:\Users\szymon\QuditsOnQubits\QuditsOnQubits\basis_direct_encoding_benchmarks\quantum_circuits\two_qutrit\monomial_full__sup012_P120_ph101\graph_state_direct_basis_transpiled.qpy,C:\Users\szymon\QuditsOnQubits\QuditsOnQubits\basis_direct_encoding_benchmarks\quantum_circuits\two_qutrit\monomial_full__sup012_P120_ph101\basis_change_gate.qpy,C:\Users\szymon\QuditsOnQubits\QuditsOnQubits\basis_direct_encoding_benchmarks\quantum_circuits\two_qutrit\monomial_full__sup012_P120_ph101\W.npy
direct_basis_encoding,two_qutrit,two_qutrit,star,two_qutrit,2,2,4,sup012_P120_ph102,monomial,monomial_full,sup012_P120_ph102,True,True,18,40,58,44,,,1.120834,True,False,ok,,Converted from legacy E_new = E_Z @ W candidate.; Fidelity skipped because transpiled circuit has 128 qubits.,44,44.9,2.7,58,61.2,18,18.6,128,"{'cz': 17, 'rz': 16, 'sx': 12, 'rx': 12, 'rzz': 1}",10,10,0,C:\Users\szymon\QuditsOnQubits\QuditsOnQubits\basis_direct_encoding_benchmarks\quantum_circuits\two_qutrit\monomial_full__sup012_P120_ph102,C:\Users\szymon\QuditsOnQubits\QuditsOnQubits\basis_direct_encoding_benchmarks\quantum_circuits\two_qutrit\monomial_full__sup012_P120_ph102\F3_W.qpy,C:\Users\szymon\QuditsOnQubits\QuditsOnQubits\basis_direct_encoding_benchmarks\quantum_circuits\two_qutrit\monomial_full__sup012_P120_ph102\CZ3_W.qpy,C:\Users\szymon\QuditsOnQubits\QuditsOnQubits\basis_direct_encoding_benchmarks\quantum_circuits\two_qutrit\monomial_full__sup012_P120_ph102\graph_state_direct_basis.qpy,C:\Users\szymon\QuditsOnQubits\QuditsOnQubits\basis_direct_encoding_benchmarks\quantum_circuits\two_qutrit\monomial_full__sup012_P120_ph102\graph_state_direct_basis_transpiled.qpy,C:\Users\szymon\QuditsOnQubits\QuditsOnQubits\basis_direct_encoding_benchmarks\quantum_circuits\two_qutrit\monomial_full__sup012_P120_ph102\basis_change_gate.qpy,C:\Users\szymon\QuditsOnQubits\QuditsOnQubits\basis_direct_encoding_benchmarks\quantum_circuits\two_qutrit\monomial_full__sup012_P120_ph102\W.npy
direct_basis_encoding,two_qutrit,two_qutrit,star,two_qutrit,2,2,4,sup012_P120_ph110,monomial,monomial_full,sup012_P120_ph110,True,True,18,40,58,43,,,0.763913,True,False,ok,,Converted from legacy E_new = E_Z @ W candidate.; Fidelity skipped because transpiled circuit has 128 qubits.,43,44.5,3.2,58,60.8,18,18.6,128,"{'cz': 17, 'rz': 16, 'rx': 12, 'sx': 12, 'rzz': 1}",10,10,0,C:\Users\szymon\QuditsOnQubits\QuditsOnQubits\basis_direct_encoding_benchmarks\quantum_circuits\two_qutrit\monomial_full__sup012_P120_ph110,C:\Users\szymon\QuditsOnQubits\QuditsOnQubits\basis_direct_encoding_benchmarks\quantum_circuits\two_qutrit\monomial_full__sup012_P120_ph110\F3_W.qpy,C:\Users\szymon\QuditsOnQubits\QuditsOnQubits\basis_direct_encoding_benchmarks\quantum_circuits\two_qutrit\monomial_full__sup012_P120_ph110\CZ3_W.qpy,C:\Users\szymon\QuditsOnQubits\QuditsOnQubits\basis_direct_encoding_benchmarks\quantum_circuits\two_qutrit\monomial_full__sup012_P120_ph110\graph_state_direct_basis.qpy,C:\Users\szymon\QuditsOnQubits\QuditsOnQubits\basis_direct_encoding_benchmarks\quantum_circuits\two_qutrit\monomial_full__sup012_P120_ph110\graph_state_direct_basis_transpiled.qpy,C:\Users\szymon\QuditsOnQubits\QuditsOnQubits\basis_direct_encoding_benchmarks\quantum_circuits\two_qutrit\monomial_full__sup012_P120_ph110\basis_change_gate.qpy,C:\Users\szymon\QuditsOnQubits\QuditsOnQubits\basis_direct_encoding_benchmarks\quantum_circuits\two_qutrit\monomial_full__sup012_P120_ph110\W.npy
direct_basis_encoding,two_qutrit,two_qutrit,star,two_qutrit,2,2,4,sup012_P120_ph111,monomial,monomial_full,sup012_P120_ph111,True,True,18,40,58,43,,,0.815879,True,False,ok,,Converted from legacy E_new = E_Z @ W candidate.; Fidelity skipped because transpiled circuit has 128 qubits.,43,44.5,3.2,58,60.7,18,18.6,128,"{'cz': 17, 'rz': 16, 'rx': 12, 'sx': 12, 'rzz': 1}",10,10,0,C:\Users\szymon\QuditsOnQubits\QuditsOnQubits\basis_direct_encoding_benchmarks\quantum_circuits\two_qutrit\monomial_full__sup012_P120_ph111,C:\Users\szymon\QuditsOnQubits\QuditsOnQubits\basis_direct_encoding_benchmarks\quantum_circuits\two_qutrit\monomial_full__sup012_P120_ph111\F3_W.qpy,C:\Users\szymon\QuditsOnQubits\QuditsOnQubits\basis_direct_encoding_benchmarks\quantum_circuits\two_qutrit\monomial_full__sup012_P120_ph111\CZ3_W.qpy,C:\Users\szymon\QuditsOnQubits\QuditsOnQubits\basis_direct_encoding_benchmarks\quantum_circuits\two_qutrit\monomial_full__sup012_P120_ph111\graph_state_direct_basis.qpy,C:\Users\szymon\QuditsOnQubits\QuditsOnQubits\basis_direct_encoding_benchmarks\quantum_circuits\two_qutrit\monomial_full__sup012_P120_ph111\graph_state_direct_basis_transpiled.qpy,C:\Users\szymon\QuditsOnQubits\QuditsOnQubits\basis_direct_encoding_benchmarks\quantum_circuits\two_qutrit\monomial_full__sup012_P120_ph111\basis_change_gate.qpy,C:\Users\szymon\QuditsOnQubits\QuditsOnQubits\basis_direct_encoding_benchmarks\quantum_circuits\two_qutrit\monomial_full__sup012_P120_ph111\W.npy
direct_basis_encoding,two_qutrit,two_qutrit,star,two_qutrit,2,2,4,sup012_P120_ph112,monomial,monomial_full,sup012_P120_ph112,True,True,18,36,54,43,,,1.234011,True,False,ok,,Converted from legacy E_new = E_Z @ W candidate.; Fidelity skipped because transpiled circuit has 128 qubits.,43,44.0,3.0,54,57.7,18,18.6,128,"{'cz': 17, 'rz': 13, 'sx': 12, 'rx': 11, 'rzz': 1}",10,10,0,C:\Users\szymon\QuditsOnQubits\QuditsOnQubits\basis_direct_encoding_benchmarks\quantum_circuits\two_qutrit\monomial_full__sup012_P120_ph112,C:\Users\szymon\QuditsOnQubits\QuditsOnQubits\basis_direct_encoding_benchmarks\quantum_circuits\two_qutrit\monomial_full__sup012_P120_ph112\F3_W.qpy,C:\Users\szymon\QuditsOnQubits\QuditsOnQubits\basis_direct_encoding_benchmarks\quantum_circuits\two_qutrit\monomial_full__sup012_P120_ph112\CZ3_W.qpy,C:\Users\szymon\QuditsOnQubits\QuditsOnQubits\basis_direct_encoding_benchmarks\quantum_circuits\two_qutrit\monomial_full__sup012_P120_ph112\graph_state_direct_basis.qpy,C:\Users\szymon\QuditsOnQubits\QuditsOnQubits\basis_direct_encoding_benchmarks\quantum_circuits\two_qutrit\monomial_full__sup012_P120_ph112\graph_state_direct_basis_transpiled.qpy,C:\Users\szymon\QuditsOnQubits\QuditsOnQubits\basis_direct_encoding_benchmarks\quantum_circuits\two_qutrit\monomial_full__sup012_P120_ph112\basis_change_gate.qpy,C:\Users\szymon\QuditsOnQubits\QuditsOnQubits\basis_direct_encoding_benchmarks\quantum_circuits\two_qutrit\monomial_full__sup012_P120_ph112\W.npy
direct_basis_encoding,two_qutrit,two_qutrit,star,two_qutrit,2,2,4,sup012_P120_ph120,monomial,monomial_full,sup012_P120_ph120,True,True,18,41,59,44,,,0.92655,True,False,ok,,Converted from legacy E_new = E_Z @ W candidate.; Fidelity skipped because transpiled circuit has 128 qubits.,44,45.4,2.91,59,61.7,18,18.6,128,"{'rz': 17, 'cz': 17, 'rx': 12, 'sx': 12, 'rzz': 1}",10,10,0,C:\Users\szymon\QuditsOnQubits\QuditsOnQubits\basis_direct_encoding_benchmarks\quantum_circuits\two_qutrit\monomial_full__sup012_P120_ph120,C:\Users\szymon\QuditsOnQubits\QuditsOnQubits\basis_direct_encoding_benchmarks\quantum_circuits\two_qutrit\monomial_full__sup012_P120_ph120\F3_W.qpy,C:\Users\szymon\QuditsOnQubits\QuditsOnQubits\basis_direct_encoding_benchmarks\quantum_circuits\two_qutrit\monomial_full__sup012_P120_ph120\CZ3_W.qpy,C:\Users\szymon\QuditsOnQubits\QuditsOnQubits\basis_direct_encoding_benchmarks\quantum_circuits\two_qutrit\monomial_full__sup012_P120_ph120\graph_state_direct_basis.qpy,C:\Users\szymon\QuditsOnQubits\QuditsOnQubits\basis_direct_encoding_benchmarks\quantum_circuits\two_qutrit\monomial_full__sup012_P120_ph120\graph_state_direct_basis_transpiled.qpy,C:\Users\szymon\QuditsOnQubits\QuditsOnQubits\basis_direct_encoding_benchmarks\quantum_circuits\two_qutrit\monomial_full__sup012_P120_ph120\basis_change_gate.qpy,C:\Users\szymon\QuditsOnQubits\QuditsOnQubits\basis_direct_encoding_benchmarks\quantum_circuits\two_qutrit\monomial_full__sup012_P120_ph120\W.npy
direct_basis_encoding,two_qutrit,two_qutrit,star,two_qutrit,2,2,4,sup012_P120_ph121,monomial,monomial_full,sup012_P120_ph121,True,True,18,38,56,43,,,0.96269,True,False,ok,,Converted from legacy E_new = E_Z @ W candidate.; Fidelity skipped because transpiled circuit has 128 qubits.,43,44.5,3.2,56,58.5,18,18.6,128,"{'cz': 17, 'rz': 14, 'rx': 12, 'sx': 12, 'rzz': 1}",10,10,0,C:\Users\szymon\QuditsOnQubits\QuditsOnQubits\basis_direct_encoding_benchmarks\quantum_circuits\two_qutrit\monomial_full__sup012_P120_ph121,C:\Users\szymon\QuditsOnQubits\QuditsOnQubits\basis_direct_encoding_benchmarks\quantum_circuits\two_qutrit\monomial_full__sup012_P120_ph121\F3_W.qpy,C:\Users\szymon\QuditsOnQubits\QuditsOnQubits\basis_direct_encoding_benchmarks\quantum_circuits\two_qutrit\monomial_full__sup012_P120_ph121\CZ3_W.qpy,C:\Users\szymon\QuditsOnQubits\QuditsOnQubits\basis_direct_encoding_benchmarks\quantum_circuits\two_qutrit\monomial_full__sup012_P120_ph121\graph_state_direct_basis.qpy,C:\Users\szymon\QuditsOnQubits\QuditsOnQubits\basis_direct_encoding_benchmarks\quantum_circuits\two_qutrit\monomial_full__sup012_P120_ph121\graph_state_direct_basis_transpiled.qpy,C:\Users\szymon\QuditsOnQubits\QuditsOnQubits\basis_direct_encoding_benchmarks\quantum_circuits\two_qutrit\monomial_full__sup012_P120_ph121\basis_change_gate.qpy,C:\Users\szymon\QuditsOnQubits\QuditsOnQubits\basis_direct_encoding_benchmarks\quantum_circuits\two_qutrit\monomial_full__sup012_P120_ph121\W.npy
direct_basis_encoding,two_qutrit,two_qutrit,star,two_qutrit,2,2,4,sup012_P120_ph122,monomial,monomial_full,sup012_P120_ph122,True,True,18,39,57,44,,,0.985615,True,False,ok,,Converted from legacy E_new = E_Z @ W candidate.; Fidelity skipped because transpiled circuit has 128 qubits.,44,44.9,2.7,57,60.8,18,18.6,128,"{'cz': 17, 'rz': 16, 'sx': 12, 'rx': 11, 'rzz': 1}",10,10,0,C:\Users\szymon\QuditsOnQubits\QuditsOnQubits\basis_direct_encoding_benchmarks\quantum_circuits\two_qutrit\monomial_full__sup012_P120_ph122,C:\Users\szymon\QuditsOnQubits\QuditsOnQubits\basis_direct_encoding_benchmarks\quantum_circuits\two_qutrit\monomial_full__sup012_P120_ph122\F3_W.qpy,C:\Users\szymon\QuditsOnQubits\QuditsOnQubits\basis_direct_encoding_benchmarks\quantum_circuits\two_qutrit\monomial_full__sup012_P120_ph122\CZ3_W.qpy,C:\Users\szymon\QuditsOnQubits\QuditsOnQubits\basis_direct_encoding_benchmarks\quantum_circuits\two_qutrit\monomial_full__sup012_P120_ph122\graph_state_direct_basis.qpy,C:\Users\szymon\QuditsOnQubits\QuditsOnQubits\basis_direct_encoding_benchmarks\quantum_circuits\two_qutrit\monomial_full__sup012_P120_ph122\graph_state_direct_basis_transpiled.qpy,C:\Users\szymon\QuditsOnQubits\QuditsOnQubits\basis_direct_encoding_benchmarks\quantum_circuits\two_qutrit\monomial_full__sup012_P120_ph122\basis_change_gate.qpy,C:\Users\szymon\QuditsOnQubits\QuditsOnQubits\basis_direct_encoding_benchmarks\quantum_circuits\two_qutrit\monomial_full__sup012_P120_ph122\W.npy
direct_basis_encoding,two_qutrit,two_qutrit,star,two_qutrit,2,2,4,sup012_P120_ph200,monomial,monomial_full,sup012_P120_ph200,True,True,18,38,56,43,,,0.873949,True,False,ok,,Converted from legacy E_new = E_Z @ W candidate.; Fidelity skipped because transpiled circuit has 128 qubits.,43,44.5,3.2,56,58.2,18,18.6,128,"{'cz': 17, 'rz': 14, 'rx': 12, 'sx': 12, 'rzz': 1}",10,10,0,C:\Users\szymon\QuditsOnQubits\QuditsOnQubits\basis_direct_encoding_benchmarks\quantum_circuits\two_qutrit\monomial_full__sup012_P120_ph200,C:\Users\szymon\QuditsOnQubits\QuditsOnQubits\basis_direct_encoding_benchmarks\quantum_circuits\two_qutrit\monomial_full__sup012_P120_ph200\F3_W.qpy,C:\Users\szymon\QuditsOnQubits\QuditsOnQubits\basis_direct_encoding_benchmarks\quantum_circuits\two_qutrit\monomial_full__sup012_P120_ph200\CZ3_W.qpy,C:\Users\szymon\QuditsOnQubits\QuditsOnQubits\basis_direct_encoding_benchmarks\quantum_circuits\two_qutrit\monomial_full__sup012_P120_ph200\graph_state_direct_basis.qpy,C:\Users\szymon\QuditsOnQubits\QuditsOnQubits\basis_direct_encoding_benchmarks\quantum_circuits\two_qutrit\monomial_full__sup012_P120_ph200\graph_state_direct_basis_transpiled.qpy,C:\Users\szymon\QuditsOnQubits\QuditsOnQubits\basis_direct_encoding_benchmarks\quantum_circuits\two_qutrit\monomial_full__sup012_P120_ph200\basis_change_gate.qpy,C:\Users\szymon\QuditsOnQubits\QuditsOnQubits\basis_direct_encoding_benchmarks\quantum_circuits\two_qutrit\monomial_full__sup012_P120_ph200\W.npy
direct_basis_encoding,two_qutrit,two_qutrit,star,two_qutrit,2,2,4,sup012_P120_ph201,monomial,monomial_full,sup012_P120_ph201,True,True,18,39,57,44,,,1.060497,True,False,ok,,Converted from legacy E_new = E_Z @ W candidate.; Fidelity skipped because transpiled circuit has 128 qubits.,44,44.9,2.7,57,60.8,18,18.6,128,"{'cz': 17, 'rz': 16, 'sx': 12, 'rx': 11, 'rzz': 1}",10,10,0,C:\Users\szymon\QuditsOnQubits\QuditsOnQubits\basis_direct_encoding_benchmarks\quantum_circuits\two_qutrit\monomial_full__sup012_P120_ph201,C:\Users\szymon\QuditsOnQubits\QuditsOnQubits\basis_direct_encoding_benchmarks\quantum_circuits\two_qutrit\monomial_full__sup012_P120_ph201\F3_W.qpy,C:\Users\szymon\QuditsOnQubits\QuditsOnQubits\basis_direct_encoding_benchmarks\quantum_circuits\two_qutrit\monomial_full__sup012_P120_ph201\CZ3_W.qpy,C:\Users\szymon\QuditsOnQubits\QuditsOnQubits\basis_direct_encoding_benchmarks\quantum_circuits\two_qutrit\monomial_full__sup012_P120_ph201\graph_state_direct_basis.qpy,C:\Users\szymon\QuditsOnQubits\QuditsOnQubits\basis_direct_encoding_benchmarks\quantum_circuits\two_qutrit\monomial_full__sup012_P120_ph201\graph_state_direct_basis_transpiled.qpy,C:\Users\szymon\QuditsOnQubits\QuditsOnQubits\basis_direct_encoding_benchmarks\quantum_circuits\two_qutrit\monomial_full__sup012_P120_ph201\basis_change_gate.qpy,C:\Users\szymon\QuditsOnQubits\QuditsOnQubits\basis_direct_encoding_benchmarks\quantum_circuits\two_qutrit\monomial_full__sup012_P120_ph201\W.npy
direct_basis_encoding,two_qutrit,two_qutrit,star,two_qutrit,2,2,4,sup012_P120_ph202,monomial,monomial_full,sup012_P120_ph202,True,True,18,41,59,44,,,0.958547,True,False,ok,,Converted from legacy E_new = E_Z @ W candidate.; Fidelity skipped because transpiled circuit has 128 qubits.,44,45.4,2.91,59,61.2,18,18.6,128,"{'rz': 17, 'cz': 17, 'rx': 12, 'sx': 12, 'rzz': 1}",10,10,0,C:\Users\szymon\QuditsOnQubits\QuditsOnQubits\basis_direct_encoding_benchmarks\quantum_circuits\two_qutrit\monomial_full__sup012_P120_ph202,C:\Users\szymon\QuditsOnQubits\QuditsOnQubits\basis_direct_encoding_benchmarks\quantum_circuits\two_qutrit\monomial_full__sup012_P120_ph202\F3_W.qpy,C:\Users\szymon\QuditsOnQubits\QuditsOnQubits\basis_direct_encoding_benchmarks\quantum_circuits\two_qutrit\monomial_full__sup012_P120_ph202\CZ3_W.qpy,C:\Users\szymon\QuditsOnQubits\QuditsOnQubits\basis_direct_encoding_benchmarks\quantum_circuits\two_qutrit\monomial_full__sup012_P120_ph202\graph_state_direct_basis.qpy,C:\Users\szymon\QuditsOnQubits\QuditsOnQubits\basis_direct_encoding_benchmarks\quantum_circuits\two_qutrit\monomial_full__sup012_P120_ph202\graph_state_direct_basis_transpiled.qpy,C:\Users\szymon\QuditsOnQubits\QuditsOnQubits\basis_direct_encoding_benchmarks\quantum_circuits\two_qutrit\monomial_full__sup012_P120_ph202\basis_change_gate.qpy,C:\Users\szymon\QuditsOnQubits\QuditsOnQubits\basis_direct_encoding_benchmarks\quantum_circuits\two_qutrit\monomial_full__sup012_P120_ph202\W.npy
direct_basis_encoding,two_qutrit,two_qutrit,star,two_qutrit,2,2,4,sup012_P120_ph210,monomial,monomial_full,sup012_P120_ph210,True,True,18,41,59,44,,,1.194494,True,False,ok,,Converted from legacy E_new = E_Z @ W candidate.; Fidelity skipped because transpiled circuit has 128 qubits.,44,45.4,2.91,59,61.3,18,18.6,128,"{'rz': 17, 'cz': 17, 'rx': 12, 'sx': 12, 'rzz': 1}",10,10,0,C:\Users\szymon\QuditsOnQubits\QuditsOnQubits\basis_direct_encoding_benchmarks\quantum_circuits\two_qutrit\monomial_full__sup012_P120_ph210,C:\Users\szymon\QuditsOnQubits\QuditsOnQubits\basis_direct_encoding_benchmarks\quantum_circuits\two_qutrit\monomial_full__sup012_P120_ph210\F3_W.qpy,C:\Users\szymon\QuditsOnQubits\QuditsOnQubits\basis_direct_encoding_benchmarks\quantum_circuits\two_qutrit\monomial_full__sup012_P120_ph210\CZ3_W.qpy,C:\Users\szymon\QuditsOnQubits\QuditsOnQubits\basis_direct_encoding_benchmarks\quantum_circuits\two_qutrit\monomial_full__sup012_P120_ph210\graph_state_direct_basis.qpy,C:\Users\szymon\QuditsOnQubits\QuditsOnQubits\basis_direct_encoding_benchmarks\quantum_circuits\two_qutrit\monomial_full__sup012_P120_ph210\graph_state_direct_basis_transpiled.qpy,C:\Users\szymon\QuditsOnQubits\QuditsOnQubits\basis_direct_encoding_benchmarks\quantum_circuits\two_qutrit\monomial_full__sup012_P120_ph210\basis_change_gate.qpy,C:\Users\szymon\QuditsOnQubits\QuditsOnQubits\basis_direct_encoding_benchmarks\quantum_circuits\two_qutrit\monomial_full__sup012_P120_ph210\W.npy
direct_basis_encoding,two_qutrit,two_qutrit,star,two_qutrit,2,2,4,sup012_P120_ph211,monomial,monomial_full,sup012_P120_ph211,True,True,18,39,57,44,,,0.962782,True,False,ok,,Converted from legacy E_new = E_Z @ W candidate.; Fidelity skipped because transpiled circuit has 128 qubits.,44,44.9,2.7,57,60.8,18,18.6,128,"{'cz': 17, 'rz': 16, 'sx': 12, 'rx': 11, 'rzz': 1}",10,10,0,C:\Users\szymon\QuditsOnQubits\QuditsOnQubits\basis_direct_encoding_benchmarks\quantum_circuits\two_qutrit\monomial_full__sup012_P120_ph211,C:\Users\szymon\QuditsOnQubits\QuditsOnQubits\basis_direct_encoding_benchmarks\quantum_circuits\two_qutrit\monomial_full__sup012_P120_ph211\F3_W.qpy,C:\Users\szymon\QuditsOnQubits\QuditsOnQubits\basis_direct_encoding_benchmarks\quantum_circuits\two_qutrit\monomial_full__sup012_P120_ph211\CZ3_W.qpy,C:\Users\szymon\QuditsOnQubits\QuditsOnQubits\basis_direct_encoding_benchmarks\quantum_circuits\two_qutrit\monomial_full__sup012_P120_ph211\graph_state_direct_basis.qpy,C:\Users\szymon\QuditsOnQubits\QuditsOnQubits\basis_direct_encoding_benchmarks\quantum_circuits\two_qutrit\monomial_full__sup012_P120_ph211\graph_state_direct_basis_transpiled.qpy,C:\Users\szymon\QuditsOnQubits\QuditsOnQubits\basis_direct_encoding_benchmarks\quantum_circuits\two_qutrit\monomial_full__sup012_P120_ph211\basis_change_gate.qpy,C:\Users\szymon\QuditsOnQubits\QuditsOnQubits\basis_direct_encoding_benchmarks\quantum_circuits\two_qutrit\monomial_full__sup012_P120_ph211\W.npy
direct_basis_encoding,two_qutrit,two_qutrit,star,two_qutrit,2,2,4,sup012_P120_ph212,monomial,monomial_full,sup012_P120_ph212,True,True,18,38,56,43,,,0.878252,True,False,ok,,Converted from legacy E_new = E_Z @ W candidate.; Fidelity skipped because transpiled circuit has 128 qubits.,43,44.5,3.2,56,58.5,18,18.6,128,"{'cz': 17, 'rz': 14, 'rx': 12, 'sx': 12, 'rzz': 1}",10,10,0,C:\Users\szymon\QuditsOnQubits\QuditsOnQubits\basis_direct_encoding_benchmarks\quantum_circuits\two_qutrit\monomial_full__sup012_P120_ph212,C:\Users\szymon\QuditsOnQubits\QuditsOnQubits\basis_direct_encoding_benchmarks\quantum_circuits\two_qutrit\monomial_full__sup012_P120_ph212\F3_W.qpy,C:\Users\szymon\QuditsOnQubits\QuditsOnQubits\basis_direct_encoding_benchmarks\quantum_circuits\two_qutrit\monomial_full__sup012_P120_ph212\CZ3_W.qpy,C:\Users\szymon\QuditsOnQubits\QuditsOnQubits\basis_direct_encoding_benchmarks\quantum_circuits\two_qutrit\monomial_full__sup012_P120_ph212\graph_state_direct_basis.qpy,C:\Users\szymon\QuditsOnQubits\QuditsOnQubits\basis_direct_encoding_benchmarks\quantum_circuits\two_qutrit\monomial_full__sup012_P120_ph212\graph_state_direct_basis_transpiled.qpy,C:\Users\szymon\QuditsOnQubits\QuditsOnQubits\basis_direct_encoding_benchmarks\quantum_circuits\two_qutrit\monomial_full__sup012_P120_ph212\basis_change_gate.qpy,C:\Users\szymon\QuditsOnQubits\QuditsOnQubits\basis_direct_encoding_benchmarks\quantum_circuits\two_qutrit\monomial_full__sup012_P120_ph212\W.npy
direct_basis_encoding,two_qutrit,two_qutrit,star,two_qutrit,2,2,4,sup012_P120_ph220,monomial,monomial_full,sup012_P120_ph220,True,True,18,40,58,43,,,1.106543,True,False,ok,,Converted from legacy E_new = E_Z @ W candidate.; Fidelity skipped because transpiled circuit has 128 qubits.,43,44.5,3.2,58,60.8,18,18.6,128,"{'cz': 17, 'rz': 16, 'rx': 12, 'sx': 12, 'rzz': 1}",10,10,0,C:\Users\szymon\QuditsOnQubits\QuditsOnQubits\basis_direct_encoding_benchmarks\quantum_circuits\two_qutrit\monomial_full__sup012_P120_ph220,C:\Users\szymon\QuditsOnQubits\QuditsOnQubits\basis_direct_encoding_benchmarks\quantum_circuits\two_qutrit\monomial_full__sup012_P120_ph220\F3_W.qpy,C:\Users\szymon\QuditsOnQubits\QuditsOnQubits\basis_direct_encoding_benchmarks\quantum_circuits\two_qutrit\monomial_full__sup012_P120_ph220\CZ3_W.qpy,C:\Users\szymon\QuditsOnQubits\QuditsOnQubits\basis_direct_encoding_benchmarks\quantum_circuits\two_qutrit\monomial_full__sup012_P120_ph220\graph_state_direct_basis.qpy,C:\Users\szymon\QuditsOnQubits\QuditsOnQubits\basis_direct_encoding_benchmarks\quantum_circuits\two_qutrit\monomial_full__sup012_P120_ph220\graph_state_direct_basis_transpiled.qpy,C:\Users\szymon\QuditsOnQubits\QuditsOnQubits\basis_direct_encoding_benchmarks\quantum_circuits\two_qutrit\monomial_full__sup012_P120_ph220\basis_change_gate.qpy,C:\Users\szymon\QuditsOnQubits\QuditsOnQubits\basis_direct_encoding_benchmarks\quantum_circuits\two_qutrit\monomial_full__sup012_P120_ph220\W.npy
direct_basis_encoding,two_qutrit,two_qutrit,star,two_qutrit,2,2,4,sup012_P120_ph221,monomial,monomial_full,sup012_P120_ph221,True,True,18,36,54,43,,,0.774036,True,False,ok,,Converted from legacy E_new = E_Z @ W candidate.; Fidelity skipped because transpiled circuit has 128 qubits.,43,44.0,3.0,54,57.7,18,18.6,128,"{'cz': 17, 'rz': 13, 'sx': 12, 'rx': 11, 'rzz': 1}",10,10,0,C:\Users\szymon\QuditsOnQubits\QuditsOnQubits\basis_direct_encoding_benchmarks\quantum_circuits\two_qutrit\monomial_full__sup012_P120_ph221,C:\Users\szymon\QuditsOnQubits\QuditsOnQubits\basis_direct_encoding_benchmarks\quantum_circuits\two_qutrit\monomial_full__sup012_P120_ph221\F3_W.qpy,C:\Users\szymon\QuditsOnQubits\QuditsOnQubits\basis_direct_encoding_benchmarks\quantum_circuits\two_qutrit\monomial_full__sup012_P120_ph221\CZ3_W.qpy,C:\Users\szymon\QuditsOnQubits\QuditsOnQubits\basis_direct_encoding_benchmarks\quantum_circuits\two_qutrit\monomial_full__sup012_P120_ph221\graph_state_direct_basis.qpy,C:\Users\szymon\QuditsOnQubits\QuditsOnQubits\basis_direct_encoding_benchmarks\quantum_circuits\two_qutrit\monomial_full__sup012_P120_ph221\graph_state_direct_basis_transpiled.qpy,C:\Users\szymon\QuditsOnQubits\QuditsOnQubits\basis_direct_encoding_benchmarks\quantum_circuits\two_qutrit\monomial_full__sup012_P120_ph221\basis_change_gate.qpy,C:\Users\szymon\QuditsOnQubits\QuditsOnQubits\basis_direct_encoding_benchmarks\quantum_circuits\two_qutrit\monomial_full__sup012_P120_ph221\W.npy
direct_basis_encoding,two_qutrit,two_qutrit,star,two_qutrit,2,2,4,sup012_P120_ph222,monomial,monomial_full,sup012_P120_ph222,True,True,18,40,58,43,,,0.788595,True,False,ok,,Converted from legacy E_new = E_Z @ W candidate.; Fidelity skipped because transpiled circuit has 128 qubits.,43,44.5,3.2,58,60.3,18,18.6,128,"{'cz': 17, 'rz': 16, 'rx': 12, 'sx': 12, 'rzz': 1}",10,10,0,C:\Users\szymon\QuditsOnQubits\QuditsOnQubits\basis_direct_encoding_benchmarks\quantum_circuits\two_qutrit\monomial_full__sup012_P120_ph222,C:\Users\szymon\QuditsOnQubits\QuditsOnQubits\basis_direct_encoding_benchmarks\quantum_circuits\two_qutrit\monomial_full__sup012_P120_ph222\F3_W.qpy,C:\Users\szymon\QuditsOnQubits\QuditsOnQubits\basis_direct_encoding_benchmarks\quantum_circuits\two_qutrit\monomial_full__sup012_P120_ph222\CZ3_W.qpy,C:\Users\szymon\QuditsOnQubits\QuditsOnQubits\basis_direct_encoding_benchmarks\quantum_circuits\two_qutrit\monomial_full__sup012_P120_ph222\graph_state_direct_basis.qpy,C:\Users\szymon\QuditsOnQubits\QuditsOnQubits\basis_direct_encoding_benchmarks\quantum_circuits\two_qutrit\monomial_full__sup012_P120_ph222\graph_state_direct_basis_transpiled.qpy,C:\Users\szymon\QuditsOnQubits\QuditsOnQubits\basis_direct_encoding_benchmarks\quantum_circuits\two_qutrit\monomial_full__sup012_P120_ph222\basis_change_gate.qpy,C:\Users\szymon\QuditsOnQubits\QuditsOnQubits\basis_direct_encoding_benchmarks\quantum_circuits\two_qutrit\monomial_full__sup012_P120_ph222\W.npy
direct_basis_encoding,two_qutrit,two_qutrit,star,two_qutrit,2,2,4,sup012_P201_ph000,monomial,monomial_full,sup012_P201_ph000,True,True,17,41,58,42,,,0.866255,True,False,ok,,Converted from legacy E_new = E_Z @ W candidate.; Fidelity skipped because transpiled circuit has 128 qubits.,42,45.7,3.41,58,62.8,17,18.5,128,"{'rz': 16, 'cz': 14, 'sx': 13, 'rx': 12, 'rzz': 3}",10,10,0,C:\Users\szymon\QuditsOnQubits\QuditsOnQubits\basis_direct_encoding_benchmarks\quantum_circuits\two_qutrit\monomial_full__sup012_P201_ph000,C:\Users\szymon\QuditsOnQubits\QuditsOnQubits\basis_direct_encoding_benchmarks\quantum_circuits\two_qutrit\monomial_full__sup012_P201_ph000\F3_W.qpy,C:\Users\szymon\QuditsOnQubits\QuditsOnQubits\basis_direct_encoding_benchmarks\quantum_circuits\two_qutrit\monomial_full__sup012_P201_ph000\CZ3_W.qpy,C:\Users\szymon\QuditsOnQubits\QuditsOnQubits\basis_direct_encoding_benchmarks\quantum_circuits\two_qutrit\monomial_full__sup012_P201_ph000\graph_state_direct_basis.qpy,C:\Users\szymon\QuditsOnQubits\QuditsOnQubits\basis_direct_encoding_benchmarks\quantum_circuits\two_qutrit\monomial_full__sup012_P201_ph000\graph_state_direct_basis_transpiled.qpy,C:\Users\szymon\QuditsOnQubits\QuditsOnQubits\basis_direct_encoding_benchmarks\quantum_circuits\two_qutrit\monomial_full__sup012_P201_ph000\basis_change_gate.qpy,C:\Users\szymon\QuditsOnQubits\QuditsOnQubits\basis_direct_encoding_benchmarks\quantum_circuits\two_qutrit\monomial_full__sup012_P201_ph000\W.npy
direct_basis_encoding,two_qutrit,two_qutrit,star,two_qutrit,2,2,4,sup012_P201_ph001,monomial,monomial_full,sup012_P201_ph001,True,True,17,44,61,42,,,0.852129,True,False,ok,,Converted from legacy E_new = E_Z @ W candidate.; Fidelity skipped because transpiled circuit has 128 qubits.,42,46.0,3.29,61,67.1,17,18.5,128,"{'rz': 18, 'cz': 14, 'sx': 13, 'rx': 13, 'rzz': 3}",10,10,0,C:\Users\szymon\QuditsOnQubits\QuditsOnQubits\basis_direct_encoding_benchmarks\quantum_circuits\two_qutrit\monomial_full__sup012_P201_ph001,C:\Users\szymon\QuditsOnQubits\QuditsOnQubits\basis_direct_encoding_benchmarks\quantum_circuits\two_qutrit\monomial_full__sup012_P201_ph001\F3_W.qpy,C:\Users\szymon\QuditsOnQubits\QuditsOnQubits\basis_direct_encoding_benchmarks\quantum_circuits\two_qutrit\monomial_full__sup012_P201_ph001\CZ3_W.qpy,C:\Users\szymon\QuditsOnQubits\QuditsOnQubits\basis_direct_encoding_benchmarks\quantum_circuits\two_qutrit\monomial_full__sup012_P201_ph001\graph_state_direct_basis.qpy,C:\Users\szymon\QuditsOnQubits\QuditsOnQubits\basis_direct_encoding_benchmarks\quantum_circuits\two_qutrit\monomial_full__sup012_P201_ph001\graph_state_direct_basis_transpiled.qpy,C:\Users\szymon\QuditsOnQubits\QuditsOnQubits\basis_direct_encoding_benchmarks\quantum_circuits\two_qutrit\monomial_full__sup012_P201_ph001\basis_change_gate.qpy,C:\Users\szymon\QuditsOnQubits\QuditsOnQubits\basis_direct_encoding_benchmarks\quantum_circuits\two_qutrit\monomial_full__sup012_P201_ph001\W.npy
direct_basis_encoding,two_qutrit,two_qutrit,star,two_qutrit,2,2,4,sup012_P201_ph002,monomial,monomial_full,sup012_P201_ph002,True,True,17,44,61,42,,,0.765076,True,False,ok,,Converted from legacy E_new = E_Z @ W candidate.; Fidelity skipped because transpiled circuit has 128 qubits.,42,46.0,3.29,61,66.8,17,18.5,128,"{'rz': 18, 'cz': 14, 'sx': 13, 'rx': 13, 'rzz': 3}",10,10,0,C:\Users\szymon\QuditsOnQubits\QuditsOnQubits\basis_direct_encoding_benchmarks\quantum_circuits\two_qutrit\monomial_full__sup012_P201_ph002,C:\Users\szymon\QuditsOnQubits\QuditsOnQubits\basis_direct_encoding_benchmarks\quantum_circuits\two_qutrit\monomial_full__sup012_P201_ph002\F3_W.qpy,C:\Users\szymon\QuditsOnQubits\QuditsOnQubits\basis_direct_encoding_benchmarks\quantum_circuits\two_qutrit\monomial_full__sup012_P201_ph002\CZ3_W.qpy,C:\Users\szymon\QuditsOnQubits\QuditsOnQubits\basis_direct_encoding_benchmarks\quantum_circuits\two_qutrit\monomial_full__sup012_P201_ph002\graph_state_direct_basis.qpy,C:\Users\szymon\QuditsOnQubits\QuditsOnQubits\basis_direct_encoding_benchmarks\quantum_circuits\two_qutrit\monomial_full__sup012_P201_ph002\graph_state_direct_basis_transpiled.qpy,C:\Users\szymon\QuditsOnQubits\QuditsOnQubits\basis_direct_encoding_benchmarks\quantum_circuits\two_qutrit\monomial_full__sup012_P201_ph002\basis_change_gate.qpy,C:\Users\szymon\QuditsOnQubits\QuditsOnQubits\basis_direct_encoding_benchmarks\quantum_circuits\two_qutrit\monomial_full__sup012_P201_ph002\W.npy
direct_basis_encoding,two_qutrit,two_qutrit,star,two_qutrit,2,2,4,sup012_P201_ph010,monomial,monomial_full,sup012_P201_ph010,True,True,17,45,62,43,,,0.796855,True,False,ok,,Converted from legacy E_new = E_Z @ W candidate.; Fidelity skipped because transpiled circuit has 128 qubits.,43,46.6,3.29,62,67.6,17,18.5,128,"{'rz': 20, 'cz': 14, 'sx': 13, 'rx': 12, 'rzz': 3}",10,10,0,C:\Users\szymon\QuditsOnQubits\QuditsOnQubits\basis_direct_encoding_benchmarks\quantum_circuits\two_qutrit\monomial_full__sup012_P201_ph010,C:\Users\szymon\QuditsOnQubits\QuditsOnQubits\basis_direct_encoding_benchmarks\quantum_circuits\two_qutrit\monomial_full__sup012_P201_ph010\F3_W.qpy,C:\Users\szymon\QuditsOnQubits\QuditsOnQubits\basis_direct_encoding_benchmarks\quantum_circuits\two_qutrit\monomial_full__sup012_P201_ph010\CZ3_W.qpy,C:\Users\szymon\QuditsOnQubits\QuditsOnQubits\basis_direct_encoding_benchmarks\quantum_circuits\two_qutrit\monomial_full__sup012_P201_ph010\graph_state_direct_basis.qpy,C:\Users\szymon\QuditsOnQubits\QuditsOnQubits\basis_direct_encoding_benchmarks\quantum_circuits\two_qutrit\monomial_full__sup012_P201_ph010\graph_state_direct_basis_transpiled.qpy,C:\Users\szymon\QuditsOnQubits\QuditsOnQubits\basis_direct_encoding_benchmarks\quantum_circuits\two_qutrit\monomial_full__sup012_P201_ph010\basis_change_gate.qpy,C:\Users\szymon\QuditsOnQubits\QuditsOnQubits\basis_direct_encoding_benchmarks\quantum_circuits\two_qutrit\monomial_full__sup012_P201_ph010\W.npy
direct_basis_encoding,two_qutrit,two_qutrit,star,two_qutrit,2,2,4,sup012_P201_ph011,monomial,monomial_full,sup012_P201_ph011,True,True,17,46,63,43,,,0.794716,True,False,ok,,Converted from legacy E_new = E_Z @ W candidate.; Fidelity skipped because transpiled circuit has 128 qubits.,43,46.9,3.18,63,68.5,17,18.5,128,"{'rz': 20, 'cz': 14, 'sx': 13, 'rx': 13, 'rzz': 3}",10,10,0,C:\Users\szymon\QuditsOnQubits\QuditsOnQubits\basis_direct_encoding_benchmarks\quantum_circuits\two_qutrit\monomial_full__sup012_P201_ph011,C:\Users\szymon\QuditsOnQubits\QuditsOnQubits\basis_direct_encoding_benchmarks\quantum_circuits\two_qutrit\monomial_full__sup012_P201_ph011\F3_W.qpy,C:\Users\szymon\QuditsOnQubits\QuditsOnQubits\basis_direct_encoding_benchmarks\quantum_circuits\two_qutrit\monomial_full__sup012_P201_ph011\CZ3_W.qpy,C:\Users\szymon\QuditsOnQubits\QuditsOnQubits\basis_direct_encoding_benchmarks\quantum_circuits\two_qutrit\monomial_full__sup012_P201_ph011\graph_state_direct_basis.qpy,C:\Users\szymon\QuditsOnQubits\QuditsOnQubits\basis_direct_encoding_benchmarks\quantum_circuits\two_qutrit\monomial_full__sup012_P201_ph011\graph_state_direct_basis_transpiled.qpy,C:\Users\szymon\QuditsOnQubits\QuditsOnQubits\basis_direct_encoding_benchmarks\quantum_circuits\two_qutrit\monomial_full__sup012_P201_ph011\basis_change_gate.qpy,C:\Users\szymon\QuditsOnQubits\QuditsOnQubits\basis_direct_encoding_benchmarks\quantum_circuits\two_qutrit\monomial_full__sup012_P201_ph011\W.npy
direct_basis_encoding,two_qutrit,two_qutrit,star,two_qutrit,2,2,4,sup012_P201_ph012,monomial,monomial_full,sup012_P201_ph012,True,True,17,43,60,43,,,0.872159,True,False,ok,,Converted from legacy E_new = E_Z @ W candidate.; Fidelity skipped because transpiled circuit has 128 qubits.,43,46.9,3.18,60,65.1,17,18.5,128,"{'rz': 18, 'cz': 14, 'sx': 13, 'rx': 12, 'rzz': 3}",10,10,0,C:\Users\szymon\QuditsOnQubits\QuditsOnQubits\basis_direct_encoding_benchmarks\quantum_circuits\two_qutrit\monomial_full__sup012_P201_ph012,C:\Users\szymon\QuditsOnQubits\QuditsOnQubits\basis_direct_encoding_benchmarks\quantum_circuits\two_qutrit\monomial_full__sup012_P201_ph012\F3_W.qpy,C:\Users\szymon\QuditsOnQubits\QuditsOnQubits\basis_direct_encoding_benchmarks\quantum_circuits\two_qutrit\monomial_full__sup012_P201_ph012\CZ3_W.qpy,C:\Users\szymon\QuditsOnQubits\QuditsOnQubits\basis_direct_encoding_benchmarks\quantum_circuits\two_qutrit\monomial_full__sup012_P201_ph012\graph_state_direct_basis.qpy,C:\Users\szymon\QuditsOnQubits\QuditsOnQubits\basis_direct_encoding_benchmarks\quantum_circuits\two_qutrit\monomial_full__sup012_P201_ph012\graph_state_direct_basis_transpiled.qpy,C:\Users\szymon\QuditsOnQubits\QuditsOnQubits\basis_direct_encoding_benchmarks\quantum_circuits\two_qutrit\monomial_full__sup012_P201_ph012\basis_change_gate.qpy,C:\Users\szymon\QuditsOnQubits\QuditsOnQubits\basis_direct_encoding_benchmarks\quantum_circuits\two_qutrit\monomial_full__sup012_P201_ph012\W.npy
direct_basis_encoding,two_qutrit,two_qutrit,star,two_qutrit,2,2,4,sup012_P201_ph020,monomial,monomial_full,sup012_P201_ph020,True,True,17,45,62,43,,,0.916919,True,False,ok,,Converted from legacy E_new = E_Z @ W candidate.; Fidelity skipped because transpiled circuit has 128 qubits.,43,46.6,3.29,62,67.6,17,18.5,128,"{'rz': 20, 'cz': 14, 'sx': 13, 'rx': 12, 'rzz': 3}",10,10,0,C:\Users\szymon\QuditsOnQubits\QuditsOnQubits\basis_direct_encoding_benchmarks\quantum_circuits\two_qutrit\monomial_full__sup012_P201_ph020,C:\Users\szymon\QuditsOnQubits\QuditsOnQubits\basis_direct_encoding_benchmarks\quantum_circuits\two_qutrit\monomial_full__sup012_P201_ph020\F3_W.qpy,C:\Users\szymon\QuditsOnQubits\QuditsOnQubits\basis_direct_encoding_benchmarks\quantum_circuits\two_qutrit\monomial_full__sup012_P201_ph020\CZ3_W.qpy,C:\Users\szymon\QuditsOnQubits\QuditsOnQubits\basis_direct_encoding_benchmarks\quantum_circuits\two_qutrit\monomial_full__sup012_P201_ph020\graph_state_direct_basis.qpy,C:\Users\szymon\QuditsOnQubits\QuditsOnQubits\basis_direct_encoding_benchmarks\quantum_circuits\two_qutrit\monomial_full__sup012_P201_ph020\graph_state_direct_basis_transpiled.qpy,C:\Users\szymon\QuditsOnQubits\QuditsOnQubits\basis_direct_encoding_benchmarks\quantum_circuits\two_qutrit\monomial_full__sup012_P201_ph020\basis_change_gate.qpy,C:\Users\szymon\QuditsOnQubits\QuditsOnQubits\basis_direct_encoding_benchmarks\quantum_circuits\two_qutrit\monomial_full__sup012_P201_ph020\W.npy
direct_basis_encoding,two_qutrit,two_qutrit,star,two_qutrit,2,2,4,sup012_P201_ph021,monomial,monomial_full,sup012_P201_ph021,True,True,17,44,61,43,,,0.990134,True,False,ok,,Converted from legacy E_new = E_Z @ W candidate.; Fidelity skipped because transpiled circuit has 128 qubits.,43,46.9,3.18,61,65.7,17,18.5,128,"{'rz': 18, 'cz': 14, 'sx': 13, 'rx': 13, 'rzz': 3}",10,10,0,C:\Users\szymon\QuditsOnQubits\QuditsOnQubits\basis_direct_encoding_benchmarks\quantum_circuits\two_qutrit\monomial_full__sup012_P201_ph021,C:\Users\szymon\QuditsOnQubits\QuditsOnQubits\basis_direct_encoding_benchmarks\quantum_circuits\two_qutrit\monomial_full__sup012_P201_ph021\F3_W.qpy,C:\Users\szymon\QuditsOnQubits\QuditsOnQubits\basis_direct_encoding_benchmarks\quantum_circuits\two_qutrit\monomial_full__sup012_P201_ph021\CZ3_W.qpy,C:\Users\szymon\QuditsOnQubits\QuditsOnQubits\basis_direct_encoding_benchmarks\quantum_circuits\two_qutrit\monomial_full__sup012_P201_ph021\graph_state_direct_basis.qpy,C:\Users\szymon\QuditsOnQubits\QuditsOnQubits\basis_direct_encoding_benchmarks\quantum_circuits\two_qutrit\monomial_full__sup012_P201_ph021\graph_state_direct_basis_transpiled.qpy,C:\Users\szymon\QuditsOnQubits\QuditsOnQubits\basis_direct_encoding_benchmarks\quantum_circuits\two_qutrit\monomial_full__sup012_P201_ph021\basis_change_gate.qpy,C:\Users\szymon\QuditsOnQubits\QuditsOnQubits\basis_direct_encoding_benchmarks\quantum_circuits\two_qutrit\monomial_full__sup012_P201_ph021\W.npy
direct_basis_encoding,two_qutrit,two_qutrit,star,two_qutrit,2,2,4,sup012_P201_ph022,monomial,monomial_full,sup012_P201_ph022,True,True,17,46,63,43,,,0.946526,True,False,ok,,Converted from legacy E_new = E_Z @ W candidate.; Fidelity skipped because transpiled circuit has 128 qubits.,43,46.9,3.18,63,68.5,17,18.5,128,"{'rz': 20, 'cz': 14, 'sx': 13, 'rx': 13, 'rzz': 3}",10,10,0,C:\Users\szymon\QuditsOnQubits\QuditsOnQubits\basis_direct_encoding_benchmarks\quantum_circuits\two_qutrit\monomial_full__sup012_P201_ph022,C:\Users\szymon\QuditsOnQubits\QuditsOnQubits\basis_direct_encoding_benchmarks\quantum_circuits\two_qutrit\monomial_full__sup012_P201_ph022\F3_W.qpy,C:\Users\szymon\QuditsOnQubits\QuditsOnQubits\basis_direct_encoding_benchmarks\quantum_circuits\two_qutrit\monomial_full__sup012_P201_ph022\CZ3_W.qpy,C:\Users\szymon\QuditsOnQubits\QuditsOnQubits\basis_direct_encoding_benchmarks\quantum_circuits\two_qutrit\monomial_full__sup012_P201_ph022\graph_state_direct_basis.qpy,C:\Users\szymon\QuditsOnQubits\QuditsOnQubits\basis_direct_encoding_benchmarks\quantum_circuits\two_qutrit\monomial_full__sup012_P201_ph022\graph_state_direct_basis_transpiled.qpy,C:\Users\szymon\QuditsOnQubits\QuditsOnQubits\basis_direct_encoding_benchmarks\quantum_circuits\two_qutrit\monomial_full__sup012_P201_ph022\basis_change_gate.qpy,C:\Users\szymon\QuditsOnQubits\QuditsOnQubits\basis_direct_encoding_benchmarks\quantum_circuits\two_qutrit\monomial_full__sup012_P201_ph022\W.npy
direct_basis_encoding,two_qutrit,two_qutrit,star,two_qutrit,2,2,4,sup012_P201_ph100,monomial,monomial_full,sup012_P201_ph100,True,True,17,43,60,43,,,0.729206,True,False,ok,,Converted from legacy E_new = E_Z @ W candidate.; Fidelity skipped because transpiled circuit has 128 qubits.,43,46.9,3.18,60,65.1,17,18.5,128,"{'rz': 18, 'cz': 14, 'sx': 13, 'rx': 12, 'rzz': 3}",10,10,0,C:\Users\szymon\QuditsOnQubits\QuditsOnQubits\basis_direct_encoding_benchmarks\quantum_circuits\two_qutrit\monomial_full__sup012_P201_ph100,C:\Users\szymon\QuditsOnQubits\QuditsOnQubits\basis_direct_encoding_benchmarks\quantum_circuits\two_qutrit\monomial_full__sup012_P201_ph100\F3_W.qpy,C:\Users\szymon\QuditsOnQubits\QuditsOnQubits\basis_direct_encoding_benchmarks\quantum_circuits\two_qutrit\monomial_full__sup012_P201_ph100\CZ3_W.qpy,C:\Users\szymon\QuditsOnQubits\QuditsOnQubits\basis_direct_encoding_benchmarks\quantum_circuits\two_qutrit\monomial_full__sup012_P201_ph100\graph_state_direct_basis.qpy,C:\Users\szymon\QuditsOnQubits\QuditsOnQubits\basis_direct_encoding_benchmarks\quantum_circuits\two_qutrit\monomial_full__sup012_P201_ph100\graph_state_direct_basis_transpiled.qpy,C:\Users\szymon\QuditsOnQubits\QuditsOnQubits\basis_direct_encoding_benchmarks\quantum_circuits\two_qutrit\monomial_full__sup012_P201_ph100\basis_change_gate.qpy,C:\Users\szymon\QuditsOnQubits\QuditsOnQubits\basis_direct_encoding_benchmarks\quantum_circuits\two_qutrit\monomial_full__sup012_P201_ph100\W.npy
direct_basis_encoding,two_qutrit,two_qutrit,star,two_qutrit,2,2,4,sup012_P201_ph101,monomial,monomial_full,sup012_P201_ph101,True,True,17,45,62,43,,,1.143191,True,False,ok,,Converted from legacy E_new = E_Z @ W candidate.; Fidelity skipped because transpiled circuit has 128 qubits.,43,46.9,3.18,62,67.9,17,18.5,128,"{'rz': 20, 'cz': 14, 'sx': 13, 'rx': 12, 'rzz': 3}",10,10,0,C:\Users\szymon\QuditsOnQubits\QuditsOnQubits\basis_direct_encoding_benchmarks\quantum_circuits\two_qutrit\monomial_full__sup012_P201_ph101,C:\Users\szymon\QuditsOnQubits\QuditsOnQubits\basis_direct_encoding_benchmarks\quantum_circuits\two_qutrit\monomial_full__sup012_P201_ph101\F3_W.qpy,C:\Users\szymon\QuditsOnQubits\QuditsOnQubits\basis_direct_encoding_benchmarks\quantum_circuits\two_qutrit\monomial_full__sup012_P201_ph101\CZ3_W.qpy,C:\Users\szymon\QuditsOnQubits\QuditsOnQubits\basis_direct_encoding_benchmarks\quantum_circuits\two_qutrit\monomial_full__sup012_P201_ph101\graph_state_direct_basis.qpy,C:\Users\szymon\QuditsOnQubits\QuditsOnQubits\basis_direct_encoding_benchmarks\quantum_circuits\two_qutrit\monomial_full__sup012_P201_ph101\graph_state_direct_basis_transpiled.qpy,C:\Users\szymon\QuditsOnQubits\QuditsOnQubits\basis_direct_encoding_benchmarks\quantum_circuits\two_qutrit\monomial_full__sup012_P201_ph101\basis_change_gate.qpy,C:\Users\szymon\QuditsOnQubits\QuditsOnQubits\basis_direct_encoding_benchmarks\quantum_circuits\two_qutrit\monomial_full__sup012_P201_ph101\W.npy
direct_basis_encoding,two_qutrit,two_qutrit,star,two_qutrit,2,2,4,sup012_P201_ph102,monomial,monomial_full,sup012_P201_ph102,True,True,17,45,62,43,,,1.047345,True,False,ok,,Converted from legacy E_new = E_Z @ W candidate.; Fidelity skipped because transpiled circuit has 128 qubits.,43,46.6,3.29,62,67.6,17,18.5,128,"{'rz': 20, 'cz': 14, 'sx': 13, 'rx': 12, 'rzz': 3}",10,10,0,C:\Users\szymon\QuditsOnQubits\QuditsOnQubits\basis_direct_encoding_benchmarks\quantum_circuits\two_qutrit\monomial_full__sup012_P201_ph102,C:\Users\szymon\QuditsOnQubits\QuditsOnQubits\basis_direct_encoding_benchmarks\quantum_circuits\two_qutrit\monomial_full__sup012_P201_ph102\F3_W.qpy,C:\Users\szymon\QuditsOnQubits\QuditsOnQubits\basis_direct_encoding_benchmarks\quantum_circuits\two_qutrit\monomial_full__sup012_P201_ph102\CZ3_W.qpy,C:\Users\szymon\QuditsOnQubits\QuditsOnQubits\basis_direct_encoding_benchmarks\quantum_circuits\two_qutrit\monomial_full__sup012_P201_ph102\graph_state_direct_basis.qpy,C:\Users\szymon\QuditsOnQubits\QuditsOnQubits\basis_direct_encoding_benchmarks\quantum_circuits\two_qutrit\monomial_full__sup012_P201_ph102\graph_state_direct_basis_transpiled.qpy,C:\Users\szymon\QuditsOnQubits\QuditsOnQubits\basis_direct_encoding_benchmarks\quantum_circuits\two_qutrit\monomial_full__sup012_P201_ph102\basis_change_gate.qpy,C:\Users\szymon\QuditsOnQubits\QuditsOnQubits\basis_direct_encoding_benchmarks\quantum_circuits\two_qutrit\monomial_full__sup012_P201_ph102\W.npy
direct_basis_encoding,two_qutrit,two_qutrit,star,two_qutrit,2,2,4,sup012_P201_ph110,monomial,monomial_full,sup012_P201_ph110,True,True,17,44,61,42,,,0.922004,True,False,ok,,Converted from legacy E_new = E_Z @ W candidate.; Fidelity skipped because transpiled circuit has 128 qubits.,42,46.0,3.29,61,67.1,17,18.5,128,"{'rz': 18, 'cz': 14, 'sx': 13, 'rx': 13, 'rzz': 3}",10,10,0,C:\Users\szymon\QuditsOnQubits\QuditsOnQubits\basis_direct_encoding_benchmarks\quantum_circuits\two_qutrit\monomial_full__sup012_P201_ph110,C:\Users\szymon\QuditsOnQubits\QuditsOnQubits\basis_direct_encoding_benchmarks\quantum_circuits\two_qutrit\monomial_full__sup012_P201_ph110\F3_W.qpy,C:\Users\szymon\QuditsOnQubits\QuditsOnQubits\basis_direct_encoding_benchmarks\quantum_circuits\two_qutrit\monomial_full__sup012_P201_ph110\CZ3_W.qpy,C:\Users\szymon\QuditsOnQubits\QuditsOnQubits\basis_direct_encoding_benchmarks\quantum_circuits\two_qutrit\monomial_full__sup012_P201_ph110\graph_state_direct_basis.qpy,C:\Users\szymon\QuditsOnQubits\QuditsOnQubits\basis_direct_encoding_benchmarks\quantum_circuits\two_qutrit\monomial_full__sup012_P201_ph110\graph_state_direct_basis_transpiled.qpy,C:\Users\szymon\QuditsOnQubits\QuditsOnQubits\basis_direct_encoding_benchmarks\quantum_circuits\two_qutrit\monomial_full__sup012_P201_ph110\basis_change_gate.qpy,C:\Users\szymon\QuditsOnQubits\QuditsOnQubits\basis_direct_encoding_benchmarks\quantum_circuits\two_qutrit\monomial_full__sup012_P201_ph110\W.npy
direct_basis_encoding,two_qutrit,two_qutrit,star,two_qutrit,2,2,4,sup012_P201_ph111,monomial,monomial_full,sup012_P201_ph111,True,True,17,43,60,42,,,0.9889,True,False,ok,,Converted from legacy E_new = E_Z @ W candidate.; Fidelity skipped because transpiled circuit has 128 qubits.,42,46.0,3.29,60,66.2,17,18.5,128,"{'rz': 18, 'cz': 14, 'sx': 13, 'rx': 12, 'rzz': 3}",10,10,0,C:\Users\szymon\QuditsOnQubits\QuditsOnQubits\basis_direct_encoding_benchmarks\quantum_circuits\two_qutrit\monomial_full__sup012_P201_ph111,C:\Users\szymon\QuditsOnQubits\QuditsOnQubits\basis_direct_encoding_benchmarks\quantum_circuits\two_qutrit\monomial_full__sup012_P201_ph111\F3_W.qpy,C:\Users\szymon\QuditsOnQubits\QuditsOnQubits\basis_direct_encoding_benchmarks\quantum_circuits\two_qutrit\monomial_full__sup012_P201_ph111\CZ3_W.qpy,C:\Users\szymon\QuditsOnQubits\QuditsOnQubits\basis_direct_encoding_benchmarks\quantum_circuits\two_qutrit\monomial_full__sup012_P201_ph111\graph_state_direct_basis.qpy,C:\Users\szymon\QuditsOnQubits\QuditsOnQubits\basis_direct_encoding_benchmarks\quantum_circuits\two_qutrit\monomial_full__sup012_P201_ph111\graph_state_direct_basis_transpiled.qpy,C:\Users\szymon\QuditsOnQubits\QuditsOnQubits\basis_direct_encoding_benchmarks\quantum_circuits\two_qutrit\monomial_full__sup012_P201_ph111\basis_change_gate.qpy,C:\Users\szymon\QuditsOnQubits\QuditsOnQubits\basis_direct_encoding_benchmarks\quantum_circuits\two_qutrit\monomial_full__sup012_P201_ph111\W.npy
direct_basis_encoding,two_qutrit,two_qutrit,star,two_qutrit,2,2,4,sup012_P201_ph112,monomial,monomial_full,sup012_P201_ph112,True,True,17,42,59,42,,,0.900955,True,False,ok,,Converted from legacy E_new = E_Z @ W candidate.; Fidelity skipped because transpiled circuit has 128 qubits.,42,45.7,3.41,59,63.7,17,18.5,128,"{'rz': 16, 'cz': 14, 'sx': 13, 'rx': 13, 'rzz': 3}",10,10,0,C:\Users\szymon\QuditsOnQubits\QuditsOnQubits\basis_direct_encoding_benchmarks\quantum_circuits\two_qutrit\monomial_full__sup012_P201_ph112,C:\Users\szymon\QuditsOnQubits\QuditsOnQubits\basis_direct_encoding_benchmarks\quantum_circuits\two_qutrit\monomial_full__sup012_P201_ph112\F3_W.qpy,C:\Users\szymon\QuditsOnQubits\QuditsOnQubits\basis_direct_encoding_benchmarks\quantum_circuits\two_qutrit\monomial_full__sup012_P201_ph112\CZ3_W.qpy,C:\Users\szymon\QuditsOnQubits\QuditsOnQubits\basis_direct_encoding_benchmarks\quantum_circuits\two_qutrit\monomial_full__sup012_P201_ph112\graph_state_direct_basis.qpy,C:\Users\szymon\QuditsOnQubits\QuditsOnQubits\basis_direct_encoding_benchmarks\quantum_circuits\two_qutrit\monomial_full__sup012_P201_ph112\graph_state_direct_basis_transpiled.qpy,C:\Users\szymon\QuditsOnQubits\QuditsOnQubits\basis_direct_encoding_benchmarks\quantum_circuits\two_qutrit\monomial_full__sup012_P201_ph112\basis_change_gate.qpy,C:\Users\szymon\QuditsOnQubits\QuditsOnQubits\basis_direct_encoding_benchmarks\quantum_circuits\two_qutrit\monomial_full__sup012_P201_ph112\W.npy
direct_basis_encoding,two_qutrit,two_qutrit,star,two_qutrit,2,2,4,sup012_P201_ph120,monomial,monomial_full,sup012_P201_ph120,True,True,17,45,62,43,,,0.965743,True,False,ok,,Converted from legacy E_new = E_Z @ W candidate.; Fidelity skipped because transpiled circuit has 128 qubits.,43,46.9,3.18,62,68.2,17,18.5,128,"{'rz': 20, 'cz': 14, 'sx': 13, 'rx': 12, 'rzz': 3}",10,10,0,C:\Users\szymon\QuditsOnQubits\QuditsOnQubits\basis_direct_encoding_benchmarks\quantum_circuits\two_qutrit\monomial_full__sup012_P201_ph120,C:\Users\szymon\QuditsOnQubits\QuditsOnQubits\basis_direct_encoding_benchmarks\quantum_circuits\two_qutrit\monomial_full__sup012_P201_ph120\F3_W.qpy,C:\Users\szymon\QuditsOnQubits\QuditsOnQubits\basis_direct_encoding_benchmarks\quantum_circuits\two_qutrit\monomial_full__sup012_P201_ph120\CZ3_W.qpy,C:\Users\szymon\QuditsOnQubits\QuditsOnQubits\basis_direct_encoding_benchmarks\quantum_circuits\two_qutrit\monomial_full__sup012_P201_ph120\graph_state_direct_basis.qpy,C:\Users\szymon\QuditsOnQubits\QuditsOnQubits\basis_direct_encoding_benchmarks\quantum_circuits\two_qutrit\monomial_full__sup012_P201_ph120\graph_state_direct_basis_transpiled.qpy,C:\Users\szymon\QuditsOnQubits\QuditsOnQubits\basis_direct_encoding_benchmarks\quantum_circuits\two_qutrit\monomial_full__sup012_P201_ph120\basis_change_gate.qpy,C:\Users\szymon\QuditsOnQubits\QuditsOnQubits\basis_direct_encoding_benchmarks\quantum_circuits\two_qutrit\monomial_full__sup012_P201_ph120\W.npy
direct_basis_encoding,two_qutrit,two_qutrit,star,two_qutrit,2,2,4,sup012_P201_ph121,monomial,monomial_full,sup012_P201_ph121,True,True,17,43,60,43,,,0.907896,True,False,ok,,Converted from legacy E_new = E_Z @ W candidate.; Fidelity skipped because transpiled circuit has 128 qubits.,43,46.9,3.18,60,65.1,17,18.5,128,"{'rz': 18, 'cz': 14, 'sx': 13, 'rx': 12, 'rzz': 3}",10,10,0,C:\Users\szymon\QuditsOnQubits\QuditsOnQubits\basis_direct_encoding_benchmarks\quantum_circuits\two_qutrit\monomial_full__sup012_P201_ph121,C:\Users\szymon\QuditsOnQubits\QuditsOnQubits\basis_direct_encoding_benchmarks\quantum_circuits\two_qutrit\monomial_full__sup012_P201_ph121\F3_W.qpy,C:\Users\szymon\QuditsOnQubits\QuditsOnQubits\basis_direct_encoding_benchmarks\quantum_circuits\two_qutrit\monomial_full__sup012_P201_ph121\CZ3_W.qpy,C:\Users\szymon\QuditsOnQubits\QuditsOnQubits\basis_direct_encoding_benchmarks\quantum_circuits\two_qutrit\monomial_full__sup012_P201_ph121\graph_state_direct_basis.qpy,C:\Users\szymon\QuditsOnQubits\QuditsOnQubits\basis_direct_encoding_benchmarks\quantum_circuits\two_qutrit\monomial_full__sup012_P201_ph121\graph_state_direct_basis_transpiled.qpy,C:\Users\szymon\QuditsOnQubits\QuditsOnQubits\basis_direct_encoding_benchmarks\quantum_circuits\two_qutrit\monomial_full__sup012_P201_ph121\basis_change_gate.qpy,C:\Users\szymon\QuditsOnQubits\QuditsOnQubits\basis_direct_encoding_benchmarks\quantum_circuits\two_qutrit\monomial_full__sup012_P201_ph121\W.npy
direct_basis_encoding,two_qutrit,two_qutrit,star,two_qutrit,2,2,4,sup012_P201_ph122,monomial,monomial_full,sup012_P201_ph122,True,True,17,46,63,43,,,1.067785,True,False,ok,,Converted from legacy E_new = E_Z @ W candidate.; Fidelity skipped because transpiled circuit has 128 qubits.,43,46.6,3.29,63,68.2,17,18.5,128,"{'rz': 20, 'cz': 14, 'sx': 13, 'rx': 13, 'rzz': 3}",10,10,0,C:\Users\szymon\QuditsOnQubits\QuditsOnQubits\basis_direct_encoding_benchmarks\quantum_circuits\two_qutrit\monomial_full__sup012_P201_ph122,C:\Users\szymon\QuditsOnQubits\QuditsOnQubits\basis_direct_encoding_benchmarks\quantum_circuits\two_qutrit\monomial_full__sup012_P201_ph122\F3_W.qpy,C:\Users\szymon\QuditsOnQubits\QuditsOnQubits\basis_direct_encoding_benchmarks\quantum_circuits\two_qutrit\monomial_full__sup012_P201_ph122\CZ3_W.qpy,C:\Users\szymon\QuditsOnQubits\QuditsOnQubits\basis_direct_encoding_benchmarks\quantum_circuits\two_qutrit\monomial_full__sup012_P201_ph122\graph_state_direct_basis.qpy,C:\Users\szymon\QuditsOnQubits\QuditsOnQubits\basis_direct_encoding_benchmarks\quantum_circuits\two_qutrit\monomial_full__sup012_P201_ph122\graph_state_direct_basis_transpiled.qpy,C:\Users\szymon\QuditsOnQubits\QuditsOnQubits\basis_direct_encoding_benchmarks\quantum_circuits\two_qutrit\monomial_full__sup012_P201_ph122\basis_change_gate.qpy,C:\Users\szymon\QuditsOnQubits\QuditsOnQubits\basis_direct_encoding_benchmarks\quantum_circuits\two_qutrit\monomial_full__sup012_P201_ph122\W.npy
direct_basis_encoding,two_qutrit,two_qutrit,star,two_qutrit,2,2,4,sup012_P201_ph200,monomial,monomial_full,sup012_P201_ph200,True,True,17,43,60,43,,,0.883201,True,False,ok,,Converted from legacy E_new = E_Z @ W candidate.; Fidelity skipped because transpiled circuit has 128 qubits.,43,46.9,3.18,60,65.1,17,18.5,128,"{'rz': 18, 'cz': 14, 'sx': 13, 'rx': 12, 'rzz': 3}",10,10,0,C:\Users\szymon\QuditsOnQubits\QuditsOnQubits\basis_direct_encoding_benchmarks\quantum_circuits\two_qutrit\monomial_full__sup012_P201_ph200,C:\Users\szymon\QuditsOnQubits\QuditsOnQubits\basis_direct_encoding_benchmarks\quantum_circuits\two_qutrit\monomial_full__sup012_P201_ph200\F3_W.qpy,C:\Users\szymon\QuditsOnQubits\QuditsOnQubits\basis_direct_encoding_benchmarks\quantum_circuits\two_qutrit\monomial_full__sup012_P201_ph200\CZ3_W.qpy,C:\Users\szymon\QuditsOnQubits\QuditsOnQubits\basis_direct_encoding_benchmarks\quantum_circuits\two_qutrit\monomial_full__sup012_P201_ph200\graph_state_direct_basis.qpy,C:\Users\szymon\QuditsOnQubits\QuditsOnQubits\basis_direct_encoding_benchmarks\quantum_circuits\two_qutrit\monomial_full__sup012_P201_ph200\graph_state_direct_basis_transpiled.qpy,C:\Users\szymon\QuditsOnQubits\QuditsOnQubits\basis_direct_encoding_benchmarks\quantum_circuits\two_qutrit\monomial_full__sup012_P201_ph200\basis_change_gate.qpy,C:\Users\szymon\QuditsOnQubits\QuditsOnQubits\basis_direct_encoding_benchmarks\quantum_circuits\two_qutrit\monomial_full__sup012_P201_ph200\W.npy
direct_basis_encoding,two_qutrit,two_qutrit,star,two_qutrit,2,2,4,sup012_P201_ph201,monomial,monomial_full,sup012_P201_ph201,True,True,17,46,63,43,,,1.045066,True,False,ok,,Converted from legacy E_new = E_Z @ W candidate.; Fidelity skipped because transpiled circuit has 128 qubits.,43,46.6,3.29,63,68.2,17,18.5,128,"{'rz': 20, 'cz': 14, 'sx': 13, 'rx': 13, 'rzz': 3}",10,10,0,C:\Users\szymon\QuditsOnQubits\QuditsOnQubits\basis_direct_encoding_benchmarks\quantum_circuits\two_qutrit\monomial_full__sup012_P201_ph201,C:\Users\szymon\QuditsOnQubits\QuditsOnQubits\basis_direct_encoding_benchmarks\quantum_circuits\two_qutrit\monomial_full__sup012_P201_ph201\F3_W.qpy,C:\Users\szymon\QuditsOnQubits\QuditsOnQubits\basis_direct_encoding_benchmarks\quantum_circuits\two_qutrit\monomial_full__sup012_P201_ph201\CZ3_W.qpy,C:\Users\szymon\QuditsOnQubits\QuditsOnQubits\basis_direct_encoding_benchmarks\quantum_circuits\two_qutrit\monomial_full__sup012_P201_ph201\graph_state_direct_basis.qpy,C:\Users\szymon\QuditsOnQubits\QuditsOnQubits\basis_direct_encoding_benchmarks\quantum_circuits\two_qutrit\monomial_full__sup012_P201_ph201\graph_state_direct_basis_transpiled.qpy,C:\Users\szymon\QuditsOnQubits\QuditsOnQubits\basis_direct_encoding_benchmarks\quantum_circuits\two_qutrit\monomial_full__sup012_P201_ph201\basis_change_gate.qpy,C:\Users\szymon\QuditsOnQubits\QuditsOnQubits\basis_direct_encoding_benchmarks\quantum_circuits\two_qutrit\monomial_full__sup012_P201_ph201\W.npy
direct_basis_encoding,two_qutrit,two_qutrit,star,two_qutrit,2,2,4,sup012_P201_ph202,monomial,monomial_full,sup012_P201_ph202,True,True,17,45,62,43,,,0.908215,True,False,ok,,Converted from legacy E_new = E_Z @ W candidate.; Fidelity skipped because transpiled circuit has 128 qubits.,43,46.9,3.18,62,67.9,17,18.5,128,"{'rz': 20, 'cz': 14, 'sx': 13, 'rx': 12, 'rzz': 3}",10,10,0,C:\Users\szymon\QuditsOnQubits\QuditsOnQubits\basis_direct_encoding_benchmarks\quantum_circuits\two_qutrit\monomial_full__sup012_P201_ph202,C:\Users\szymon\QuditsOnQubits\QuditsOnQubits\basis_direct_encoding_benchmarks\quantum_circuits\two_qutrit\monomial_full__sup012_P201_ph202\F3_W.qpy,C:\Users\szymon\QuditsOnQubits\QuditsOnQubits\basis_direct_encoding_benchmarks\quantum_circuits\two_qutrit\monomial_full__sup012_P201_ph202\CZ3_W.qpy,C:\Users\szymon\QuditsOnQubits\QuditsOnQubits\basis_direct_encoding_benchmarks\quantum_circuits\two_qutrit\monomial_full__sup012_P201_ph202\graph_state_direct_basis.qpy,C:\Users\szymon\QuditsOnQubits\QuditsOnQubits\basis_direct_encoding_benchmarks\quantum_circuits\two_qutrit\monomial_full__sup012_P201_ph202\graph_state_direct_basis_transpiled.qpy,C:\Users\szymon\QuditsOnQubits\QuditsOnQubits\basis_direct_encoding_benchmarks\quantum_circuits\two_qutrit\monomial_full__sup012_P201_ph202\basis_change_gate.qpy,C:\Users\szymon\QuditsOnQubits\QuditsOnQubits\basis_direct_encoding_benchmarks\quantum_circuits\two_qutrit\monomial_full__sup012_P201_ph202\W.npy
direct_basis_encoding,two_qutrit,two_qutrit,star,two_qutrit,2,2,4,sup012_P201_ph210,monomial,monomial_full,sup012_P201_ph210,True,True,17,46,63,43,,,0.814322,True,False,ok,,Converted from legacy E_new = E_Z @ W candidate.; Fidelity skipped because transpiled circuit has 128 qubits.,43,46.9,3.18,63,68.5,17,18.5,128,"{'rz': 20, 'cz': 14, 'sx': 13, 'rx': 13, 'rzz': 3}",10,10,0,C:\Users\szymon\QuditsOnQubits\QuditsOnQubits\basis_direct_encoding_benchmarks\quantum_circuits\two_qutrit\monomial_full__sup012_P201_ph210,C:\Users\szymon\QuditsOnQubits\QuditsOnQubits\basis_direct_encoding_benchmarks\quantum_circuits\two_qutrit\monomial_full__sup012_P201_ph210\F3_W.qpy,C:\Users\szymon\QuditsOnQubits\QuditsOnQubits\basis_direct_encoding_benchmarks\quantum_circuits\two_qutrit\monomial_full__sup012_P201_ph210\CZ3_W.qpy,C:\Users\szymon\QuditsOnQubits\QuditsOnQubits\basis_direct_encoding_benchmarks\quantum_circuits\two_qutrit\monomial_full__sup012_P201_ph210\graph_state_direct_basis.qpy,C:\Users\szymon\QuditsOnQubits\QuditsOnQubits\basis_direct_encoding_benchmarks\quantum_circuits\two_qutrit\monomial_full__sup012_P201_ph210\graph_state_direct_basis_transpiled.qpy,C:\Users\szymon\QuditsOnQubits\QuditsOnQubits\basis_direct_encoding_benchmarks\quantum_circuits\two_qutrit\monomial_full__sup012_P201_ph210\basis_change_gate.qpy,C:\Users\szymon\QuditsOnQubits\QuditsOnQubits\basis_direct_encoding_benchmarks\quantum_circuits\two_qutrit\monomial_full__sup012_P201_ph210\W.npy
direct_basis_encoding,two_qutrit,two_qutrit,star,two_qutrit,2,2,4,sup012_P201_ph211,monomial,monomial_full,sup012_P201_ph211,True,True,17,46,63,43,,,0.896795,True,False,ok,,Converted from legacy E_new = E_Z @ W candidate.; Fidelity skipped because transpiled circuit has 128 qubits.,43,46.6,3.29,63,68.5,17,18.5,128,"{'rz': 20, 'cz': 14, 'sx': 13, 'rx': 13, 'rzz': 3}",10,10,0,C:\Users\szymon\QuditsOnQubits\QuditsOnQubits\basis_direct_encoding_benchmarks\quantum_circuits\two_qutrit\monomial_full__sup012_P201_ph211,C:\Users\szymon\QuditsOnQubits\QuditsOnQubits\basis_direct_encoding_benchmarks\quantum_circuits\two_qutrit\monomial_full__sup012_P201_ph211\F3_W.qpy,C:\Users\szymon\QuditsOnQubits\QuditsOnQubits\basis_direct_encoding_benchmarks\quantum_circuits\two_qutrit\monomial_full__sup012_P201_ph211\CZ3_W.qpy,C:\Users\szymon\QuditsOnQubits\QuditsOnQubits\basis_direct_encoding_benchmarks\quantum_circuits\two_qutrit\monomial_full__sup012_P201_ph211\graph_state_direct_basis.qpy,C:\Users\szymon\QuditsOnQubits\QuditsOnQubits\basis_direct_encoding_benchmarks\quantum_circuits\two_qutrit\monomial_full__sup012_P201_ph211\graph_state_direct_basis_transpiled.qpy,C:\Users\szymon\QuditsOnQubits\QuditsOnQubits\basis_direct_encoding_benchmarks\quantum_circuits\two_qutrit\monomial_full__sup012_P201_ph211\basis_change_gate.qpy,C:\Users\szymon\QuditsOnQubits\QuditsOnQubits\basis_direct_encoding_benchmarks\quantum_circuits\two_qutrit\monomial_full__sup012_P201_ph211\W.npy
direct_basis_encoding,two_qutrit,two_qutrit,star,two_qutrit,2,2,4,sup012_P201_ph212,monomial,monomial_full,sup012_P201_ph212,True,True,17,44,61,43,,,0.996317,True,False,ok,,Converted from legacy E_new = E_Z @ W candidate.; Fidelity skipped because transpiled circuit has 128 qubits.,43,46.9,3.18,61,65.7,17,18.5,128,"{'rz': 18, 'cz': 14, 'sx': 13, 'rx': 13, 'rzz': 3}",10,10,0,C:\Users\szymon\QuditsOnQubits\QuditsOnQubits\basis_direct_encoding_benchmarks\quantum_circuits\two_qutrit\monomial_full__sup012_P201_ph212,C:\Users\szymon\QuditsOnQubits\QuditsOnQubits\basis_direct_encoding_benchmarks\quantum_circuits\two_qutrit\monomial_full__sup012_P201_ph212\F3_W.qpy,C:\Users\szymon\QuditsOnQubits\QuditsOnQubits\basis_direct_encoding_benchmarks\quantum_circuits\two_qutrit\monomial_full__sup012_P201_ph212\CZ3_W.qpy,C:\Users\szymon\QuditsOnQubits\QuditsOnQubits\basis_direct_encoding_benchmarks\quantum_circuits\two_qutrit\monomial_full__sup012_P201_ph212\graph_state_direct_basis.qpy,C:\Users\szymon\QuditsOnQubits\QuditsOnQubits\basis_direct_encoding_benchmarks\quantum_circuits\two_qutrit\monomial_full__sup012_P201_ph212\graph_state_direct_basis_transpiled.qpy,C:\Users\szymon\QuditsOnQubits\QuditsOnQubits\basis_direct_encoding_benchmarks\quantum_circuits\two_qutrit\monomial_full__sup012_P201_ph212\basis_change_gate.qpy,C:\Users\szymon\QuditsOnQubits\QuditsOnQubits\basis_direct_encoding_benchmarks\quantum_circuits\two_qutrit\monomial_full__sup012_P201_ph212\W.npy
direct_basis_encoding,two_qutrit,two_qutrit,star,two_qutrit,2,2,4,sup012_P201_ph220,monomial,monomial_full,sup012_P201_ph220,True,True,17,43,60,42,,,0.952473,True,False,ok,,Converted from legacy E_new = E_Z @ W candidate.; Fidelity skipped because transpiled circuit has 128 qubits.,42,46.0,3.29,60,66.2,17,18.5,128,"{'rz': 18, 'cz': 14, 'sx': 13, 'rx': 12, 'rzz': 3}",10,10,0,C:\Users\szymon\QuditsOnQubits\QuditsOnQubits\basis_direct_encoding_benchmarks\quantum_circuits\two_qutrit\monomial_full__sup012_P201_ph220,C:\Users\szymon\QuditsOnQubits\QuditsOnQubits\basis_direct_encoding_benchmarks\quantum_circuits\two_qutrit\monomial_full__sup012_P201_ph220\F3_W.qpy,C:\Users\szymon\QuditsOnQubits\QuditsOnQubits\basis_direct_encoding_benchmarks\quantum_circuits\two_qutrit\monomial_full__sup012_P201_ph220\CZ3_W.qpy,C:\Users\szymon\QuditsOnQubits\QuditsOnQubits\basis_direct_encoding_benchmarks\quantum_circuits\two_qutrit\monomial_full__sup012_P201_ph220\graph_state_direct_basis.qpy,C:\Users\szymon\QuditsOnQubits\QuditsOnQubits\basis_direct_encoding_benchmarks\quantum_circuits\two_qutrit\monomial_full__sup012_P201_ph220\graph_state_direct_basis_transpiled.qpy,C:\Users\szymon\QuditsOnQubits\QuditsOnQubits\basis_direct_encoding_benchmarks\quantum_circuits\two_qutrit\monomial_full__sup012_P201_ph220\basis_change_gate.qpy,C:\Users\szymon\QuditsOnQubits\QuditsOnQubits\basis_direct_encoding_benchmarks\quantum_circuits\two_qutrit\monomial_full__sup012_P201_ph220\W.npy
direct_basis_encoding,two_qutrit,two_qutrit,star,two_qutrit,2,2,4,sup012_P201_ph221,monomial,monomial_full,sup012_P201_ph221,True,True,17,42,59,42,,,0.924626,True,False,ok,,Converted from legacy E_new = E_Z @ W candidate.; Fidelity skipped because transpiled circuit has 128 qubits.,42,45.7,3.41,59,63.7,17,18.5,128,"{'rz': 16, 'cz': 14, 'sx': 13, 'rx': 13, 'rzz': 3}",10,10,0,C:\Users\szymon\QuditsOnQubits\QuditsOnQubits\basis_direct_encoding_benchmarks\quantum_circuits\two_qutrit\monomial_full__sup012_P201_ph221,C:\Users\szymon\QuditsOnQubits\QuditsOnQubits\basis_direct_encoding_benchmarks\quantum_circuits\two_qutrit\monomial_full__sup012_P201_ph221\F3_W.qpy,C:\Users\szymon\QuditsOnQubits\QuditsOnQubits\basis_direct_encoding_benchmarks\quantum_circuits\two_qutrit\monomial_full__sup012_P201_ph221\CZ3_W.qpy,C:\Users\szymon\QuditsOnQubits\QuditsOnQubits\basis_direct_encoding_benchmarks\quantum_circuits\two_qutrit\monomial_full__sup012_P201_ph221\graph_state_direct_basis.qpy,C:\Users\szymon\QuditsOnQubits\QuditsOnQubits\basis_direct_encoding_benchmarks\quantum_circuits\two_qutrit\monomial_full__sup012_P201_ph221\graph_state_direct_basis_transpiled.qpy,C:\Users\szymon\QuditsOnQubits\QuditsOnQubits\basis_direct_encoding_benchmarks\quantum_circuits\two_qutrit\monomial_full__sup012_P201_ph221\basis_change_gate.qpy,C:\Users\szymon\QuditsOnQubits\QuditsOnQubits\basis_direct_encoding_benchmarks\quantum_circuits\two_qutrit\monomial_full__sup012_P201_ph221\W.npy
direct_basis_encoding,two_qutrit,two_qutrit,star,two_qutrit,2,2,4,sup012_P201_ph222,monomial,monomial_full,sup012_P201_ph222,True,True,17,43,60,42,,,0.856057,True,False,ok,,Converted from legacy E_new = E_Z @ W candidate.; Fidelity skipped because transpiled circuit has 128 qubits.,42,46.0,3.29,60,66.2,17,18.5,128,"{'rz': 18, 'cz': 14, 'sx': 13, 'rx': 12, 'rzz': 3}",10,10,0,C:\Users\szymon\QuditsOnQubits\QuditsOnQubits\basis_direct_encoding_benchmarks\quantum_circuits\two_qutrit\monomial_full__sup012_P201_ph222,C:\Users\szymon\QuditsOnQubits\QuditsOnQubits\basis_direct_encoding_benchmarks\quantum_circuits\two_qutrit\monomial_full__sup012_P201_ph222\F3_W.qpy,C:\Users\szymon\QuditsOnQubits\QuditsOnQubits\basis_direct_encoding_benchmarks\quantum_circuits\two_qutrit\monomial_full__sup012_P201_ph222\CZ3_W.qpy,C:\Users\szymon\QuditsOnQubits\QuditsOnQubits\basis_direct_encoding_benchmarks\quantum_circuits\two_qutrit\monomial_full__sup012_P201_ph222\graph_state_direct_basis.qpy,C:\Users\szymon\QuditsOnQubits\QuditsOnQubits\basis_direct_encoding_benchmarks\quantum_circuits\two_qutrit\monomial_full__sup012_P201_ph222\graph_state_direct_basis_transpiled.qpy,C:\Users\szymon\QuditsOnQubits\QuditsOnQubits\basis_direct_encoding_benchmarks\quantum_circuits\two_qutrit\monomial_full__sup012_P201_ph222\basis_change_gate.qpy,C:\Users\szymon\QuditsOnQubits\QuditsOnQubits\basis_direct_encoding_benchmarks\quantum_circuits\two_qutrit\monomial_full__sup012_P201_ph222\W.npy
direct_basis_encoding,two_qutrit,two_qutrit,star,two_qutrit,2,2,4,sup012_P210_ph000,monomial,monomial_full,sup012_P210_ph000,True,True,18,37,55,43,,,0.849922,True,False,ok,,Converted from legacy E_new = E_Z @ W candidate.; Fidelity skipped because transpiled circuit has 128 qubits.,43,44.0,3.0,55,58.0,18,18.6,128,"{'cz': 17, 'rz': 13, 'sx': 12, 'rx': 12, 'rzz': 1}",10,10,0,C:\Users\szymon\QuditsOnQubits\QuditsOnQubits\basis_direct_encoding_benchmarks\quantum_circuits\two_qutrit\monomial_full__sup012_P210_ph000,C:\Users\szymon\QuditsOnQubits\QuditsOnQubits\basis_direct_encoding_benchmarks\quantum_circuits\two_qutrit\monomial_full__sup012_P210_ph000\F3_W.qpy,C:\Users\szymon\QuditsOnQubits\QuditsOnQubits\basis_direct_encoding_benchmarks\quantum_circuits\two_qutrit\monomial_full__sup012_P210_ph000\CZ3_W.qpy,C:\Users\szymon\QuditsOnQubits\QuditsOnQubits\basis_direct_encoding_benchmarks\quantum_circuits\two_qutrit\monomial_full__sup012_P210_ph000\graph_state_direct_basis.qpy,C:\Users\szymon\QuditsOnQubits\QuditsOnQubits\basis_direct_encoding_benchmarks\quantum_circuits\two_qutrit\monomial_full__sup012_P210_ph000\graph_state_direct_basis_transpiled.qpy,C:\Users\szymon\QuditsOnQubits\QuditsOnQubits\basis_direct_encoding_benchmarks\quantum_circuits\two_qutrit\monomial_full__sup012_P210_ph000\basis_change_gate.qpy,C:\Users\szymon\QuditsOnQubits\QuditsOnQubits\basis_direct_encoding_benchmarks\quantum_circuits\two_qutrit\monomial_full__sup012_P210_ph000\W.npy
direct_basis_encoding,two_qutrit,two_qutrit,star,two_qutrit,2,2,4,sup012_P210_ph001,monomial,monomial_full,sup012_P210_ph001,True,True,18,40,58,43,,,0.798769,True,False,ok,,Converted from legacy E_new = E_Z @ W candidate.; Fidelity skipped because transpiled circuit has 128 qubits.,43,44.5,3.2,58,60.8,18,18.6,128,"{'cz': 17, 'rz': 16, 'rx': 12, 'sx': 12, 'rzz': 1}",10,10,0,C:\Users\szymon\QuditsOnQubits\QuditsOnQubits\basis_direct_encoding_benchmarks\quantum_circuits\two_qutrit\monomial_full__sup012_P210_ph001,C:\Users\szymon\QuditsOnQubits\QuditsOnQubits\basis_direct_encoding_benchmarks\quantum_circuits\two_qutrit\monomial_full__sup012_P210_ph001\F3_W.qpy,C:\Users\szymon\QuditsOnQubits\QuditsOnQubits\basis_direct_encoding_benchmarks\quantum_circuits\two_qutrit\monomial_full__sup012_P210_ph001\CZ3_W.qpy,C:\Users\szymon\QuditsOnQubits\QuditsOnQubits\basis_direct_encoding_benchmarks\quantum_circuits\two_qutrit\monomial_full__sup012_P210_ph001\graph_state_direct_basis.qpy,C:\Users\szymon\QuditsOnQubits\QuditsOnQubits\basis_direct_encoding_benchmarks\quantum_circuits\two_qutrit\monomial_full__sup012_P210_ph001\graph_state_direct_basis_transpiled.qpy,C:\Users\szymon\QuditsOnQubits\QuditsOnQubits\basis_direct_encoding_benchmarks\quantum_circuits\two_qutrit\monomial_full__sup012_P210_ph001\basis_change_gate.qpy,C:\Users\szymon\QuditsOnQubits\QuditsOnQubits\basis_direct_encoding_benchmarks\quantum_circuits\two_qutrit\monomial_full__sup012_P210_ph001\W.npy
direct_basis_encoding,two_qutrit,two_qutrit,star,two_qutrit,2,2,4,sup012_P210_ph002,monomial,monomial_full,sup012_P210_ph002,True,True,18,40,58,43,,,0.760778,True,False,ok,,Converted from legacy E_new = E_Z @ W candidate.; Fidelity skipped because transpiled circuit has 128 qubits.,43,44.5,3.2,58,60.4,18,18.6,128,"{'cz': 17, 'rz': 16, 'rx': 12, 'sx': 12, 'rzz': 1}",10,10,0,C:\Users\szymon\QuditsOnQubits\QuditsOnQubits\basis_direct_encoding_benchmarks\quantum_circuits\two_qutrit\monomial_full__sup012_P210_ph002,C:\Users\szymon\QuditsOnQubits\QuditsOnQubits\basis_direct_encoding_benchmarks\quantum_circuits\two_qutrit\monomial_full__sup012_P210_ph002\F3_W.qpy,C:\Users\szymon\QuditsOnQubits\QuditsOnQubits\basis_direct_encoding_benchmarks\quantum_circuits\two_qutrit\monomial_full__sup012_P210_ph002\CZ3_W.qpy,C:\Users\szymon\QuditsOnQubits\QuditsOnQubits\basis_direct_encoding_benchmarks\quantum_circuits\two_qutrit\monomial_full__sup012_P210_ph002\graph_state_direct_basis.qpy,C:\Users\szymon\QuditsOnQubits\QuditsOnQubits\basis_direct_encoding_benchmarks\quantum_circuits\two_qutrit\monomial_full__sup012_P210_ph002\graph_state_direct_basis_transpiled.qpy,C:\Users\szymon\QuditsOnQubits\QuditsOnQubits\basis_direct_encoding_benchmarks\quantum_circuits\two_qutrit\monomial_full__sup012_P210_ph002\basis_change_gate.qpy,C:\Users\szymon\QuditsOnQubits\QuditsOnQubits\basis_direct_encoding_benchmarks\quantum_circuits\two_qutrit\monomial_full__sup012_P210_ph002\W.npy
direct_basis_encoding,two_qutrit,two_qutrit,star,two_qutrit,2,2,4,sup012_P210_ph010,monomial,monomial_full,sup012_P210_ph010,True,True,18,40,58,44,,,0.83432,True,False,ok,,Converted from legacy E_new = E_Z @ W candidate.; Fidelity skipped because transpiled circuit has 128 qubits.,44,44.9,2.7,58,61.1,18,18.6,128,"{'cz': 17, 'rz': 16, 'sx': 12, 'rx': 12, 'rzz': 1}",10,10,0,C:\Users\szymon\QuditsOnQubits\QuditsOnQubits\basis_direct_encoding_benchmarks\quantum_circuits\two_qutrit\monomial_full__sup012_P210_ph010,C:\Users\szymon\QuditsOnQubits\QuditsOnQubits\basis_direct_encoding_benchmarks\quantum_circuits\two_qutrit\monomial_full__sup012_P210_ph010\F3_W.qpy,C:\Users\szymon\QuditsOnQubits\QuditsOnQubits\basis_direct_encoding_benchmarks\quantum_circuits\two_qutrit\monomial_full__sup012_P210_ph010\CZ3_W.qpy,C:\Users\szymon\QuditsOnQubits\QuditsOnQubits\basis_direct_encoding_benchmarks\quantum_circuits\two_qutrit\monomial_full__sup012_P210_ph010\graph_state_direct_basis.qpy,C:\Users\szymon\QuditsOnQubits\QuditsOnQubits\basis_direct_encoding_benchmarks\quantum_circuits\two_qutrit\monomial_full__sup012_P210_ph010\graph_state_direct_basis_transpiled.qpy,C:\Users\szymon\QuditsOnQubits\QuditsOnQubits\basis_direct_encoding_benchmarks\quantum_circuits\two_qutrit\monomial_full__sup012_P210_ph010\basis_change_gate.qpy,C:\Users\szymon\QuditsOnQubits\QuditsOnQubits\basis_direct_encoding_benchmarks\quantum_circuits\two_qutrit\monomial_full__sup012_P210_ph010\W.npy
direct_basis_encoding,two_qutrit,two_qutrit,star,two_qutrit,2,2,4,sup012_P210_ph011,monomial,monomial_full,sup012_P210_ph011,True,True,18,41,59,44,,,1.026892,True,False,ok,,Converted from legacy E_new = E_Z @ W candidate.; Fidelity skipped because transpiled circuit has 128 qubits.,44,45.4,2.91,59,61.7,18,18.6,128,"{'rz': 17, 'cz': 17, 'rx': 12, 'sx': 12, 'rzz': 1}",10,10,0,C:\Users\szymon\QuditsOnQubits\QuditsOnQubits\basis_direct_encoding_benchmarks\quantum_circuits\two_qutrit\monomial_full__sup012_P210_ph011,C:\Users\szymon\QuditsOnQubits\QuditsOnQubits\basis_direct_encoding_benchmarks\quantum_circuits\two_qutrit\monomial_full__sup012_P210_ph011\F3_W.qpy,C:\Users\szymon\QuditsOnQubits\QuditsOnQubits\basis_direct_encoding_benchmarks\quantum_circuits\two_qutrit\monomial_full__sup012_P210_ph011\CZ3_W.qpy,C:\Users\szymon\QuditsOnQubits\QuditsOnQubits\basis_direct_encoding_benchmarks\quantum_circuits\two_qutrit\monomial_full__sup012_P210_ph011\graph_state_direct_basis.qpy,C:\Users\szymon\QuditsOnQubits\QuditsOnQubits\basis_direct_encoding_benchmarks\quantum_circuits\two_qutrit\monomial_full__sup012_P210_ph011\graph_state_direct_basis_transpiled.qpy,C:\Users\szymon\QuditsOnQubits\QuditsOnQubits\basis_direct_encoding_benchmarks\quantum_circuits\two_qutrit\monomial_full__sup012_P210_ph011\basis_change_gate.qpy,C:\Users\szymon\QuditsOnQubits\QuditsOnQubits\basis_direct_encoding_benchmarks\quantum_circuits\two_qutrit\monomial_full__sup012_P210_ph011\W.npy
direct_basis_encoding,two_qutrit,two_qutrit,star,two_qutrit,2,2,4,sup012_P210_ph012,monomial,monomial_full,sup012_P210_ph012,True,True,18,38,56,43,,,0.770876,True,False,ok,,Converted from legacy E_new = E_Z @ W candidate.; Fidelity skipped because transpiled circuit has 128 qubits.,43,44.5,3.2,56,58.2,18,18.6,128,"{'cz': 17, 'rz': 14, 'rx': 12, 'sx': 12, 'rzz': 1}",10,10,0,C:\Users\szymon\QuditsOnQubits\QuditsOnQubits\basis_direct_encoding_benchmarks\quantum_circuits\two_qutrit\monomial_full__sup012_P210_ph012,C:\Users\szymon\QuditsOnQubits\QuditsOnQubits\basis_direct_encoding_benchmarks\quantum_circuits\two_qutrit\monomial_full__sup012_P210_ph012\F3_W.qpy,C:\Users\szymon\QuditsOnQubits\QuditsOnQubits\basis_direct_encoding_benchmarks\quantum_circuits\two_qutrit\monomial_full__sup012_P210_ph012\CZ3_W.qpy,C:\Users\szymon\QuditsOnQubits\QuditsOnQubits\basis_direct_encoding_benchmarks\quantum_circuits\two_qutrit\monomial_full__sup012_P210_ph012\graph_state_direct_basis.qpy,C:\Users\szymon\QuditsOnQubits\QuditsOnQubits\basis_direct_encoding_benchmarks\quantum_circuits\two_qutrit\monomial_full__sup012_P210_ph012\graph_state_direct_basis_transpiled.qpy,C:\Users\szymon\QuditsOnQubits\QuditsOnQubits\basis_direct_encoding_benchmarks\quantum_circuits\two_qutrit\monomial_full__sup012_P210_ph012\basis_change_gate.qpy,C:\Users\szymon\QuditsOnQubits\QuditsOnQubits\basis_direct_encoding_benchmarks\quantum_circuits\two_qutrit\monomial_full__sup012_P210_ph012\W.npy
direct_basis_encoding,two_qutrit,two_qutrit,star,two_qutrit,2,2,4,sup012_P210_ph020,monomial,monomial_full,sup012_P210_ph020,True,True,18,40,58,44,,,0.76281,True,False,ok,,Converted from legacy E_new = E_Z @ W candidate.; Fidelity skipped because transpiled circuit has 128 qubits.,44,44.9,2.7,58,61.1,18,18.6,128,"{'cz': 17, 'rz': 16, 'sx': 12, 'rx': 12, 'rzz': 1}",10,10,0,C:\Users\szymon\QuditsOnQubits\QuditsOnQubits\basis_direct_encoding_benchmarks\quantum_circuits\two_qutrit\monomial_full__sup012_P210_ph020,C:\Users\szymon\QuditsOnQubits\QuditsOnQubits\basis_direct_encoding_benchmarks\quantum_circuits\two_qutrit\monomial_full__sup012_P210_ph020\F3_W.qpy,C:\Users\szymon\QuditsOnQubits\QuditsOnQubits\basis_direct_encoding_benchmarks\quantum_circuits\two_qutrit\monomial_full__sup012_P210_ph020\CZ3_W.qpy,C:\Users\szymon\QuditsOnQubits\QuditsOnQubits\basis_direct_encoding_benchmarks\quantum_circuits\two_qutrit\monomial_full__sup012_P210_ph020\graph_state_direct_basis.qpy,C:\Users\szymon\QuditsOnQubits\QuditsOnQubits\basis_direct_encoding_benchmarks\quantum_circuits\two_qutrit\monomial_full__sup012_P210_ph020\graph_state_direct_basis_transpiled.qpy,C:\Users\szymon\QuditsOnQubits\QuditsOnQubits\basis_direct_encoding_benchmarks\quantum_circuits\two_qutrit\monomial_full__sup012_P210_ph020\basis_change_gate.qpy,C:\Users\szymon\QuditsOnQubits\QuditsOnQubits\basis_direct_encoding_benchmarks\quantum_circuits\two_qutrit\monomial_full__sup012_P210_ph020\W.npy
direct_basis_encoding,two_qutrit,two_qutrit,star,two_qutrit,2,2,4,sup012_P210_ph021,monomial,monomial_full,sup012_P210_ph021,True,True,18,38,56,43,,,0.613216,True,False,ok,,Converted from legacy E_new = E_Z @ W candidate.; Fidelity skipped because transpiled circuit has 128 qubits.,43,44.5,3.2,56,58.2,18,18.6,128,"{'cz': 17, 'rz': 14, 'rx': 12, 'sx': 12, 'rzz': 1}",10,10,0,C:\Users\szymon\QuditsOnQubits\QuditsOnQubits\basis_direct_encoding_benchmarks\quantum_circuits\two_qutrit\monomial_full__sup012_P210_ph021,C:\Users\szymon\QuditsOnQubits\QuditsOnQubits\basis_direct_encoding_benchmarks\quantum_circuits\two_qutrit\monomial_full__sup012_P210_ph021\F3_W.qpy,C:\Users\szymon\QuditsOnQubits\QuditsOnQubits\basis_direct_encoding_benchmarks\quantum_circuits\two_qutrit\monomial_full__sup012_P210_ph021\CZ3_W.qpy,C:\Users\szymon\QuditsOnQubits\QuditsOnQubits\basis_direct_encoding_benchmarks\quantum_circuits\two_qutrit\monomial_full__sup012_P210_ph021\graph_state_direct_basis.qpy,C:\Users\szymon\QuditsOnQubits\QuditsOnQubits\basis_direct_encoding_benchmarks\quantum_circuits\two_qutrit\monomial_full__sup012_P210_ph021\graph_state_direct_basis_transpiled.qpy,C:\Users\szymon\QuditsOnQubits\QuditsOnQubits\basis_direct_encoding_benchmarks\quantum_circuits\two_qutrit\monomial_full__sup012_P210_ph021\basis_change_gate.qpy,C:\Users\szymon\QuditsOnQubits\QuditsOnQubits\basis_direct_encoding_benchmarks\quantum_circuits\two_qutrit\monomial_full__sup012_P210_ph021\W.npy
direct_basis_encoding,two_qutrit,two_qutrit,star,two_qutrit,2,2,4,sup012_P210_ph022,monomial,monomial_full,sup012_P210_ph022,True,True,18,41,59,44,,,0.7006,True,False,ok,,Converted from legacy E_new = E_Z @ W candidate.; Fidelity skipped because transpiled circuit has 128 qubits.,44,45.4,2.91,59,61.3,18,18.6,128,"{'rz': 17, 'cz': 17, 'rx': 12, 'sx': 12, 'rzz': 1}",10,10,0,C:\Users\szymon\QuditsOnQubits\QuditsOnQubits\basis_direct_encoding_benchmarks\quantum_circuits\two_qutrit\monomial_full__sup012_P210_ph022,C:\Users\szymon\QuditsOnQubits\QuditsOnQubits\basis_direct_encoding_benchmarks\quantum_circuits\two_qutrit\monomial_full__sup012_P210_ph022\F3_W.qpy,C:\Users\szymon\QuditsOnQubits\QuditsOnQubits\basis_direct_encoding_benchmarks\quantum_circuits\two_qutrit\monomial_full__sup012_P210_ph022\CZ3_W.qpy,C:\Users\szymon\QuditsOnQubits\QuditsOnQubits\basis_direct_encoding_benchmarks\quantum_circuits\two_qutrit\monomial_full__sup012_P210_ph022\graph_state_direct_basis.qpy,C:\Users\szymon\QuditsOnQubits\QuditsOnQubits\basis_direct_encoding_benchmarks\quantum_circuits\two_qutrit\monomial_full__sup012_P210_ph022\graph_state_direct_basis_transpiled.qpy,C:\Users\szymon\QuditsOnQubits\QuditsOnQubits\basis_direct_encoding_benchmarks\quantum_circuits\two_qutrit\monomial_full__sup012_P210_ph022\basis_change_gate.qpy,C:\Users\szymon\QuditsOnQubits\QuditsOnQubits\basis_direct_encoding_benchmarks\quantum_circuits\two_qutrit\monomial_full__sup012_P210_ph022\W.npy
direct_basis_encoding,two_qutrit,two_qutrit,star,two_qutrit,2,2,4,sup012_P210_ph100,monomial,monomial_full,sup012_P210_ph100,True,True,18,38,56,43,,,0.756631,True,False,ok,,Converted from legacy E_new = E_Z @ W candidate.; Fidelity skipped because transpiled circuit has 128 qubits.,43,44.5,3.2,56,58.2,18,18.6,128,"{'cz': 17, 'rz': 14, 'rx': 12, 'sx': 12, 'rzz': 1}",10,10,0,C:\Users\szymon\QuditsOnQubits\QuditsOnQubits\basis_direct_encoding_benchmarks\quantum_circuits\two_qutrit\monomial_full__sup012_P210_ph100,C:\Users\szymon\QuditsOnQubits\QuditsOnQubits\basis_direct_encoding_benchmarks\quantum_circuits\two_qutrit\monomial_full__sup012_P210_ph100\F3_W.qpy,C:\Users\szymon\QuditsOnQubits\QuditsOnQubits\basis_direct_encoding_benchmarks\quantum_circuits\two_qutrit\monomial_full__sup012_P210_ph100\CZ3_W.qpy,C:\Users\szymon\QuditsOnQubits\QuditsOnQubits\basis_direct_encoding_benchmarks\quantum_circuits\two_qutrit\monomial_full__sup012_P210_ph100\graph_state_direct_basis.qpy,C:\Users\szymon\QuditsOnQubits\QuditsOnQubits\basis_direct_encoding_benchmarks\quantum_circuits\two_qutrit\monomial_full__sup012_P210_ph100\graph_state_direct_basis_transpiled.qpy,C:\Users\szymon\QuditsOnQubits\QuditsOnQubits\basis_direct_encoding_benchmarks\quantum_circuits\two_qutrit\monomial_full__sup012_P210_ph100\basis_change_gate.qpy,C:\Users\szymon\QuditsOnQubits\QuditsOnQubits\basis_direct_encoding_benchmarks\quantum_circuits\two_qutrit\monomial_full__sup012_P210_ph100\W.npy
direct_basis_encoding,two_qutrit,two_qutrit,star,two_qutrit,2,2,4,sup012_P210_ph101,monomial,monomial_full,sup012_P210_ph101,True,True,18,41,59,44,,,0.746051,True,False,ok,,Converted from legacy E_new = E_Z @ W candidate.; Fidelity skipped because transpiled circuit has 128 qubits.,44,45.4,2.91,59,61.2,18,18.6,128,"{'rz': 17, 'cz': 17, 'rx': 12, 'sx': 12, 'rzz': 1}",10,10,0,C:\Users\szymon\QuditsOnQubits\QuditsOnQubits\basis_direct_encoding_benchmarks\quantum_circuits\two_qutrit\monomial_full__sup012_P210_ph101,C:\Users\szymon\QuditsOnQubits\QuditsOnQubits\basis_direct_encoding_benchmarks\quantum_circuits\two_qutrit\monomial_full__sup012_P210_ph101\F3_W.qpy,C:\Users\szymon\QuditsOnQubits\QuditsOnQubits\basis_direct_encoding_benchmarks\quantum_circuits\two_qutrit\monomial_full__sup012_P210_ph101\CZ3_W.qpy,C:\Users\szymon\QuditsOnQubits\QuditsOnQubits\basis_direct_encoding_benchmarks\quantum_circuits\two_qutrit\monomial_full__sup012_P210_ph101\graph_state_direct_basis.qpy,C:\Users\szymon\QuditsOnQubits\QuditsOnQubits\basis_direct_encoding_benchmarks\quantum_circuits\two_qutrit\monomial_full__sup012_P210_ph101\graph_state_direct_basis_transpiled.qpy,C:\Users\szymon\QuditsOnQubits\QuditsOnQubits\basis_direct_encoding_benchmarks\quantum_circuits\two_qutrit\monomial_full__sup012_P210_ph101\basis_change_gate.qpy,C:\Users\szymon\QuditsOnQubits\QuditsOnQubits\basis_direct_encoding_benchmarks\quantum_circuits\two_qutrit\monomial_full__sup012_P210_ph101\W.npy
direct_basis_encoding,two_qutrit,two_qutrit,star,two_qutrit,2,2,4,sup012_P210_ph102,monomial,monomial_full,sup012_P210_ph102,True,True,18,40,58,44,,,0.62497,True,False,ok,,Converted from legacy E_new = E_Z @ W candidate.; Fidelity skipped because transpiled circuit has 128 qubits.,44,44.9,2.7,58,61.2,18,18.6,128,"{'cz': 17, 'rz': 16, 'sx': 12, 'rx': 12, 'rzz': 1}",10,10,0,C:\Users\szymon\QuditsOnQubits\QuditsOnQubits\basis_direct_encoding_benchmarks\quantum_circuits\two_qutrit\monomial_full__sup012_P210_ph102,C:\Users\szymon\QuditsOnQubits\QuditsOnQubits\basis_direct_encoding_benchmarks\quantum_circuits\two_qutrit\monomial_full__sup012_P210_ph102\F3_W.qpy,C:\Users\szymon\QuditsOnQubits\QuditsOnQubits\basis_direct_encoding_benchmarks\quantum_circuits\two_qutrit\monomial_full__sup012_P210_ph102\CZ3_W.qpy,C:\Users\szymon\QuditsOnQubits\QuditsOnQubits\basis_direct_encoding_benchmarks\quantum_circuits\two_qutrit\monomial_full__sup012_P210_ph102\graph_state_direct_basis.qpy,C:\Users\szymon\QuditsOnQubits\QuditsOnQubits\basis_direct_encoding_benchmarks\quantum_circuits\two_qutrit\monomial_full__sup012_P210_ph102\graph_state_direct_basis_transpiled.qpy,C:\Users\szymon\QuditsOnQubits\QuditsOnQubits\basis_direct_encoding_benchmarks\quantum_circuits\two_qutrit\monomial_full__sup012_P210_ph102\basis_change_gate.qpy,C:\Users\szymon\QuditsOnQubits\QuditsOnQubits\basis_direct_encoding_benchmarks\quantum_circuits\two_qutrit\monomial_full__sup012_P210_ph102\W.npy
direct_basis_encoding,two_qutrit,two_qutrit,star,two_qutrit,2,2,4,sup012_P210_ph110,monomial,monomial_full,sup012_P210_ph110,True,True,18,40,58,43,,,0.86612,True,False,ok,,Converted from legacy E_new = E_Z @ W candidate.; Fidelity skipped because transpiled circuit has 128 qubits.,43,44.5,3.2,58,60.8,18,18.6,128,"{'cz': 17, 'rz': 16, 'rx': 12, 'sx': 12, 'rzz': 1}",10,10,0,C:\Users\szymon\QuditsOnQubits\QuditsOnQubits\basis_direct_encoding_benchmarks\quantum_circuits\two_qutrit\monomial_full__sup012_P210_ph110,C:\Users\szymon\QuditsOnQubits\QuditsOnQubits\basis_direct_encoding_benchmarks\quantum_circuits\two_qutrit\monomial_full__sup012_P210_ph110\F3_W.qpy,C:\Users\szymon\QuditsOnQubits\QuditsOnQubits\basis_direct_encoding_benchmarks\quantum_circuits\two_qutrit\monomial_full__sup012_P210_ph110\CZ3_W.qpy,C:\Users\szymon\QuditsOnQubits\QuditsOnQubits\basis_direct_encoding_benchmarks\quantum_circuits\two_qutrit\monomial_full__sup012_P210_ph110\graph_state_direct_basis.qpy,C:\Users\szymon\QuditsOnQubits\QuditsOnQubits\basis_direct_encoding_benchmarks\quantum_circuits\two_qutrit\monomial_full__sup012_P210_ph110\graph_state_direct_basis_transpiled.qpy,C:\Users\szymon\QuditsOnQubits\QuditsOnQubits\basis_direct_encoding_benchmarks\quantum_circuits\two_qutrit\monomial_full__sup012_P210_ph110\basis_change_gate.qpy,C:\Users\szymon\QuditsOnQubits\QuditsOnQubits\basis_direct_encoding_benchmarks\quantum_circuits\two_qutrit\monomial_full__sup012_P210_ph110\W.npy
direct_basis_encoding,two_qutrit,two_qutrit,star,two_qutrit,2,2,4,sup012_P210_ph111,monomial,monomial_full,sup012_P210_ph111,True,True,18,40,58,43,,,0.978194,True,False,ok,,Converted from legacy E_new = E_Z @ W candidate.; Fidelity skipped because transpiled circuit has 128 qubits.,43,44.5,3.2,58,60.7,18,18.6,128,"{'cz': 17, 'rz': 16, 'rx': 12, 'sx': 12, 'rzz': 1}",10,10,0,C:\Users\szymon\QuditsOnQubits\QuditsOnQubits\basis_direct_encoding_benchmarks\quantum_circuits\two_qutrit\monomial_full__sup012_P210_ph111,C:\Users\szymon\QuditsOnQubits\QuditsOnQubits\basis_direct_encoding_benchmarks\quantum_circuits\two_qutrit\monomial_full__sup012_P210_ph111\F3_W.qpy,C:\Users\szymon\QuditsOnQubits\QuditsOnQubits\basis_direct_encoding_benchmarks\quantum_circuits\two_qutrit\monomial_full__sup012_P210_ph111\CZ3_W.qpy,C:\Users\szymon\QuditsOnQubits\QuditsOnQubits\basis_direct_encoding_benchmarks\quantum_circuits\two_qutrit\monomial_full__sup012_P210_ph111\graph_state_direct_basis.qpy,C:\Users\szymon\QuditsOnQubits\QuditsOnQubits\basis_direct_encoding_benchmarks\quantum_circuits\two_qutrit\monomial_full__sup012_P210_ph111\graph_state_direct_basis_transpiled.qpy,C:\Users\szymon\QuditsOnQubits\QuditsOnQubits\basis_direct_encoding_benchmarks\quantum_circuits\two_qutrit\monomial_full__sup012_P210_ph111\basis_change_gate.qpy,C:\Users\szymon\QuditsOnQubits\QuditsOnQubits\basis_direct_encoding_benchmarks\quantum_circuits\two_qutrit\monomial_full__sup012_P210_ph111\W.npy
direct_basis_encoding,two_qutrit,two_qutrit,star,two_qutrit,2,2,4,sup012_P210_ph112,monomial,monomial_full,sup012_P210_ph112,True,True,18,36,54,43,,,0.954273,True,False,ok,,Converted from legacy E_new = E_Z @ W candidate.; Fidelity skipped because transpiled circuit has 128 qubits.,43,44.0,3.0,54,57.7,18,18.6,128,"{'cz': 17, 'rz': 13, 'sx': 12, 'rx': 11, 'rzz': 1}",10,10,0,C:\Users\szymon\QuditsOnQubits\QuditsOnQubits\basis_direct_encoding_benchmarks\quantum_circuits\two_qutrit\monomial_full__sup012_P210_ph112,C:\Users\szymon\QuditsOnQubits\QuditsOnQubits\basis_direct_encoding_benchmarks\quantum_circuits\two_qutrit\monomial_full__sup012_P210_ph112\F3_W.qpy,C:\Users\szymon\QuditsOnQubits\QuditsOnQubits\basis_direct_encoding_benchmarks\quantum_circuits\two_qutrit\monomial_full__sup012_P210_ph112\CZ3_W.qpy,C:\Users\szymon\QuditsOnQubits\QuditsOnQubits\basis_direct_encoding_benchmarks\quantum_circuits\two_qutrit\monomial_full__sup012_P210_ph112\graph_state_direct_basis.qpy,C:\Users\szymon\QuditsOnQubits\QuditsOnQubits\basis_direct_encoding_benchmarks\quantum_circuits\two_qutrit\monomial_full__sup012_P210_ph112\graph_state_direct_basis_transpiled.qpy,C:\Users\szymon\QuditsOnQubits\QuditsOnQubits\basis_direct_encoding_benchmarks\quantum_circuits\two_qutrit\monomial_full__sup012_P210_ph112\basis_change_gate.qpy,C:\Users\szymon\QuditsOnQubits\QuditsOnQubits\basis_direct_encoding_benchmarks\quantum_circuits\two_qutrit\monomial_full__sup012_P210_ph112\W.npy
direct_basis_encoding,two_qutrit,two_qutrit,star,two_qutrit,2,2,4,sup012_P210_ph120,monomial,monomial_full,sup012_P210_ph120,True,True,18,41,59,44,,,0.994814,True,False,ok,,Converted from legacy E_new = E_Z @ W candidate.; Fidelity skipped because transpiled circuit has 128 qubits.,44,45.4,2.91,59,61.7,18,18.6,128,"{'rz': 17, 'cz': 17, 'rx': 12, 'sx': 12, 'rzz': 1}",10,10,0,C:\Users\szymon\QuditsOnQubits\QuditsOnQubits\basis_direct_encoding_benchmarks\quantum_circuits\two_qutrit\monomial_full__sup012_P210_ph120,C:\Users\szymon\QuditsOnQubits\QuditsOnQubits\basis_direct_encoding_benchmarks\quantum_circuits\two_qutrit\monomial_full__sup012_P210_ph120\F3_W.qpy,C:\Users\szymon\QuditsOnQubits\QuditsOnQubits\basis_direct_encoding_benchmarks\quantum_circuits\two_qutrit\monomial_full__sup012_P210_ph120\CZ3_W.qpy,C:\Users\szymon\QuditsOnQubits\QuditsOnQubits\basis_direct_encoding_benchmarks\quantum_circuits\two_qutrit\monomial_full__sup012_P210_ph120\graph_state_direct_basis.qpy,C:\Users\szymon\QuditsOnQubits\QuditsOnQubits\basis_direct_encoding_benchmarks\quantum_circuits\two_qutrit\monomial_full__sup012_P210_ph120\graph_state_direct_basis_transpiled.qpy,C:\Users\szymon\QuditsOnQubits\QuditsOnQubits\basis_direct_encoding_benchmarks\quantum_circuits\two_qutrit\monomial_full__sup012_P210_ph120\basis_change_gate.qpy,C:\Users\szymon\QuditsOnQubits\QuditsOnQubits\basis_direct_encoding_benchmarks\quantum_circuits\two_qutrit\monomial_full__sup012_P210_ph120\W.npy
direct_basis_encoding,two_qutrit,two_qutrit,star,two_qutrit,2,2,4,sup012_P210_ph121,monomial,monomial_full,sup012_P210_ph121,True,True,18,38,56,43,,,1.190926,True,False,ok,,Converted from legacy E_new = E_Z @ W candidate.; Fidelity skipped because transpiled circuit has 128 qubits.,43,44.5,3.2,56,58.5,18,18.6,128,"{'cz': 17, 'rz': 14, 'rx': 12, 'sx': 12, 'rzz': 1}",10,10,0,C:\Users\szymon\QuditsOnQubits\QuditsOnQubits\basis_direct_encoding_benchmarks\quantum_circuits\two_qutrit\monomial_full__sup012_P210_ph121,C:\Users\szymon\QuditsOnQubits\QuditsOnQubits\basis_direct_encoding_benchmarks\quantum_circuits\two_qutrit\monomial_full__sup012_P210_ph121\F3_W.qpy,C:\Users\szymon\QuditsOnQubits\QuditsOnQubits\basis_direct_encoding_benchmarks\quantum_circuits\two_qutrit\monomial_full__sup012_P210_ph121\CZ3_W.qpy,C:\Users\szymon\QuditsOnQubits\QuditsOnQubits\basis_direct_encoding_benchmarks\quantum_circuits\two_qutrit\monomial_full__sup012_P210_ph121\graph_state_direct_basis.qpy,C:\Users\szymon\QuditsOnQubits\QuditsOnQubits\basis_direct_encoding_benchmarks\quantum_circuits\two_qutrit\monomial_full__sup012_P210_ph121\graph_state_direct_basis_transpiled.qpy,C:\Users\szymon\QuditsOnQubits\QuditsOnQubits\basis_direct_encoding_benchmarks\quantum_circuits\two_qutrit\monomial_full__sup012_P210_ph121\basis_change_gate.qpy,C:\Users\szymon\QuditsOnQubits\QuditsOnQubits\basis_direct_encoding_benchmarks\quantum_circuits\two_qutrit\monomial_full__sup012_P210_ph121\W.npy
direct_basis_encoding,two_qutrit,two_qutrit,star,two_qutrit,2,2,4,sup012_P210_ph122,monomial,monomial_full,sup012_P210_ph122,True,True,18,39,57,44,,,0.853655,True,False,ok,,Converted from legacy E_new = E_Z @ W candidate.; Fidelity skipped because transpiled circuit has 128 qubits.,44,44.9,2.7,57,60.8,18,18.6,128,"{'cz': 17, 'rz': 16, 'sx': 12, 'rx': 11, 'rzz': 1}",10,10,0,C:\Users\szymon\QuditsOnQubits\QuditsOnQubits\basis_direct_encoding_benchmarks\quantum_circuits\two_qutrit\monomial_full__sup012_P210_ph122,C:\Users\szymon\QuditsOnQubits\QuditsOnQubits\basis_direct_encoding_benchmarks\quantum_circuits\two_qutrit\monomial_full__sup012_P210_ph122\F3_W.qpy,C:\Users\szymon\QuditsOnQubits\QuditsOnQubits\basis_direct_encoding_benchmarks\quantum_circuits\two_qutrit\monomial_full__sup012_P210_ph122\CZ3_W.qpy,C:\Users\szymon\QuditsOnQubits\QuditsOnQubits\basis_direct_encoding_benchmarks\quantum_circuits\two_qutrit\monomial_full__sup012_P210_ph122\graph_state_direct_basis.qpy,C:\Users\szymon\QuditsOnQubits\QuditsOnQubits\basis_direct_encoding_benchmarks\quantum_circuits\two_qutrit\monomial_full__sup012_P210_ph122\graph_state_direct_basis_transpiled.qpy,C:\Users\szymon\QuditsOnQubits\QuditsOnQubits\basis_direct_encoding_benchmarks\quantum_circuits\two_qutrit\monomial_full__sup012_P210_ph122\basis_change_gate.qpy,C:\Users\szymon\QuditsOnQubits\QuditsOnQubits\basis_direct_encoding_benchmarks\quantum_circuits\two_qutrit\monomial_full__sup012_P210_ph122\W.npy
direct_basis_encoding,two_qutrit,two_qutrit,star,two_qutrit,2,2,4,sup012_P210_ph200,monomial,monomial_full,sup012_P210_ph200,True,True,18,38,56,43,,,1.115137,True,False,ok,,Converted from legacy E_new = E_Z @ W candidate.; Fidelity skipped because transpiled circuit has 128 qubits.,43,44.5,3.2,56,58.2,18,18.6,128,"{'cz': 17, 'rz': 14, 'rx': 12, 'sx': 12, 'rzz': 1}",10,10,0,C:\Users\szymon\QuditsOnQubits\QuditsOnQubits\basis_direct_encoding_benchmarks\quantum_circuits\two_qutrit\monomial_full__sup012_P210_ph200,C:\Users\szymon\QuditsOnQubits\QuditsOnQubits\basis_direct_encoding_benchmarks\quantum_circuits\two_qutrit\monomial_full__sup012_P210_ph200\F3_W.qpy,C:\Users\szymon\QuditsOnQubits\QuditsOnQubits\basis_direct_encoding_benchmarks\quantum_circuits\two_qutrit\monomial_full__sup012_P210_ph200\CZ3_W.qpy,C:\Users\szymon\QuditsOnQubits\QuditsOnQubits\basis_direct_encoding_benchmarks\quantum_circuits\two_qutrit\monomial_full__sup012_P210_ph200\graph_state_direct_basis.qpy,C:\Users\szymon\QuditsOnQubits\QuditsOnQubits\basis_direct_encoding_benchmarks\quantum_circuits\two_qutrit\monomial_full__sup012_P210_ph200\graph_state_direct_basis_transpiled.qpy,C:\Users\szymon\QuditsOnQubits\QuditsOnQubits\basis_direct_encoding_benchmarks\quantum_circuits\two_qutrit\monomial_full__sup012_P210_ph200\basis_change_gate.qpy,C:\Users\szymon\QuditsOnQubits\QuditsOnQubits\basis_direct_encoding_benchmarks\quantum_circuits\two_qutrit\monomial_full__sup012_P210_ph200\W.npy
direct_basis_encoding,two_qutrit,two_qutrit,star,two_qutrit,2,2,4,sup012_P210_ph201,monomial,monomial_full,sup012_P210_ph201,True,True,18,39,57,44,,,1.039126,True,False,ok,,Converted from legacy E_new = E_Z @ W candidate.; Fidelity skipped because transpiled circuit has 128 qubits.,44,44.9,2.7,57,60.8,18,18.6,128,"{'cz': 17, 'rz': 16, 'sx': 12, 'rx': 11, 'rzz': 1}",10,10,0,C:\Users\szymon\QuditsOnQubits\QuditsOnQubits\basis_direct_encoding_benchmarks\quantum_circuits\two_qutrit\monomial_full__sup012_P210_ph201,C:\Users\szymon\QuditsOnQubits\QuditsOnQubits\basis_direct_encoding_benchmarks\quantum_circuits\two_qutrit\monomial_full__sup012_P210_ph201\F3_W.qpy,C:\Users\szymon\QuditsOnQubits\QuditsOnQubits\basis_direct_encoding_benchmarks\quantum_circuits\two_qutrit\monomial_full__sup012_P210_ph201\CZ3_W.qpy,C:\Users\szymon\QuditsOnQubits\QuditsOnQubits\basis_direct_encoding_benchmarks\quantum_circuits\two_qutrit\monomial_full__sup012_P210_ph201\graph_state_direct_basis.qpy,C:\Users\szymon\QuditsOnQubits\QuditsOnQubits\basis_direct_encoding_benchmarks\quantum_circuits\two_qutrit\monomial_full__sup012_P210_ph201\graph_state_direct_basis_transpiled.qpy,C:\Users\szymon\QuditsOnQubits\QuditsOnQubits\basis_direct_encoding_benchmarks\quantum_circuits\two_qutrit\monomial_full__sup012_P210_ph201\basis_change_gate.qpy,C:\Users\szymon\QuditsOnQubits\QuditsOnQubits\basis_direct_encoding_benchmarks\quantum_circuits\two_qutrit\monomial_full__sup012_P210_ph201\W.npy
direct_basis_encoding,two_qutrit,two_qutrit,star,two_qutrit,2,2,4,sup012_P210_ph202,monomial,monomial_full,sup012_P210_ph202,True,True,18,41,59,44,,,0.863061,True,False,ok,,Converted from legacy E_new = E_Z @ W candidate.; Fidelity skipped because transpiled circuit has 128 qubits.,44,45.4,2.91,59,61.2,18,18.6,128,"{'rz': 17, 'cz': 17, 'rx': 12, 'sx': 12, 'rzz': 1}",10,10,0,C:\Users\szymon\QuditsOnQubits\QuditsOnQubits\basis_direct_encoding_benchmarks\quantum_circuits\two_qutrit\monomial_full__sup012_P210_ph202,C:\Users\szymon\QuditsOnQubits\QuditsOnQubits\basis_direct_encoding_benchmarks\quantum_circuits\two_qutrit\monomial_full__sup012_P210_ph202\F3_W.qpy,C:\Users\szymon\QuditsOnQubits\QuditsOnQubits\basis_direct_encoding_benchmarks\quantum_circuits\two_qutrit\monomial_full__sup012_P210_ph202\CZ3_W.qpy,C:\Users\szymon\QuditsOnQubits\QuditsOnQubits\basis_direct_encoding_benchmarks\quantum_circuits\two_qutrit\monomial_full__sup012_P210_ph202\graph_state_direct_basis.qpy,C:\Users\szymon\QuditsOnQubits\QuditsOnQubits\basis_direct_encoding_benchmarks\quantum_circuits\two_qutrit\monomial_full__sup012_P210_ph202\graph_state_direct_basis_transpiled.qpy,C:\Users\szymon\QuditsOnQubits\QuditsOnQubits\basis_direct_encoding_benchmarks\quantum_circuits\two_qutrit\monomial_full__sup012_P210_ph202\basis_change_gate.qpy,C:\Users\szymon\QuditsOnQubits\QuditsOnQubits\basis_direct_encoding_benchmarks\quantum_circuits\two_qutrit\monomial_full__sup012_P210_ph202\W.npy
direct_basis_encoding,two_qutrit,two_qutrit,star,two_qutrit,2,2,4,sup012_P210_ph210,monomial,monomial_full,sup012_P210_ph210,True,True,18,41,59,44,,,1.019915,True,False,ok,,Converted from legacy E_new = E_Z @ W candidate.; Fidelity skipped because transpiled circuit has 128 qubits.,44,45.4,2.91,59,61.3,18,18.6,128,"{'rz': 17, 'cz': 17, 'rx': 12, 'sx': 12, 'rzz': 1}",10,10,0,C:\Users\szymon\QuditsOnQubits\QuditsOnQubits\basis_direct_encoding_benchmarks\quantum_circuits\two_qutrit\monomial_full__sup012_P210_ph210,C:\Users\szymon\QuditsOnQubits\QuditsOnQubits\basis_direct_encoding_benchmarks\quantum_circuits\two_qutrit\monomial_full__sup012_P210_ph210\F3_W.qpy,C:\Users\szymon\QuditsOnQubits\QuditsOnQubits\basis_direct_encoding_benchmarks\quantum_circuits\two_qutrit\monomial_full__sup012_P210_ph210\CZ3_W.qpy,C:\Users\szymon\QuditsOnQubits\QuditsOnQubits\basis_direct_encoding_benchmarks\quantum_circuits\two_qutrit\monomial_full__sup012_P210_ph210\graph_state_direct_basis.qpy,C:\Users\szymon\QuditsOnQubits\QuditsOnQubits\basis_direct_encoding_benchmarks\quantum_circuits\two_qutrit\monomial_full__sup012_P210_ph210\graph_state_direct_basis_transpiled.qpy,C:\Users\szymon\QuditsOnQubits\QuditsOnQubits\basis_direct_encoding_benchmarks\quantum_circuits\two_qutrit\monomial_full__sup012_P210_ph210\basis_change_gate.qpy,C:\Users\szymon\QuditsOnQubits\QuditsOnQubits\basis_direct_encoding_benchmarks\quantum_circuits\two_qutrit\monomial_full__sup012_P210_ph210\W.npy
direct_basis_encoding,two_qutrit,two_qutrit,star,two_qutrit,2,2,4,sup012_P210_ph211,monomial,monomial_full,sup012_P210_ph211,True,True,18,39,57,44,,,0.877801,True,False,ok,,Converted from legacy E_new = E_Z @ W candidate.; Fidelity skipped because transpiled circuit has 128 qubits.,44,44.9,2.7,57,60.8,18,18.6,128,"{'cz': 17, 'rz': 16, 'sx': 12, 'rx': 11, 'rzz': 1}",10,10,0,C:\Users\szymon\QuditsOnQubits\QuditsOnQubits\basis_direct_encoding_benchmarks\quantum_circuits\two_qutrit\monomial_full__sup012_P210_ph211,C:\Users\szymon\QuditsOnQubits\QuditsOnQubits\basis_direct_encoding_benchmarks\quantum_circuits\two_qutrit\monomial_full__sup012_P210_ph211\F3_W.qpy,C:\Users\szymon\QuditsOnQubits\QuditsOnQubits\basis_direct_encoding_benchmarks\quantum_circuits\two_qutrit\monomial_full__sup012_P210_ph211\CZ3_W.qpy,C:\Users\szymon\QuditsOnQubits\QuditsOnQubits\basis_direct_encoding_benchmarks\quantum_circuits\two_qutrit\monomial_full__sup012_P210_ph211\graph_state_direct_basis.qpy,C:\Users\szymon\QuditsOnQubits\QuditsOnQubits\basis_direct_encoding_benchmarks\quantum_circuits\two_qutrit\monomial_full__sup012_P210_ph211\graph_state_direct_basis_transpiled.qpy,C:\Users\szymon\QuditsOnQubits\QuditsOnQubits\basis_direct_encoding_benchmarks\quantum_circuits\two_qutrit\monomial_full__sup012_P210_ph211\basis_change_gate.qpy,C:\Users\szymon\QuditsOnQubits\QuditsOnQubits\basis_direct_encoding_benchmarks\quantum_circuits\two_qutrit\monomial_full__sup012_P210_ph211\W.npy
direct_basis_encoding,two_qutrit,two_qutrit,star,two_qutrit,2,2,4,sup012_P210_ph212,monomial,monomial_full,sup012_P210_ph212,True,True,18,38,56,43,,,0.846223,True,False,ok,,Converted from legacy E_new = E_Z @ W candidate.; Fidelity skipped because transpiled circuit has 128 qubits.,43,44.5,3.2,56,58.5,18,18.6,128,"{'cz': 17, 'rz': 14, 'rx': 12, 'sx': 12, 'rzz': 1}",10,10,0,C:\Users\szymon\QuditsOnQubits\QuditsOnQubits\basis_direct_encoding_benchmarks\quantum_circuits\two_qutrit\monomial_full__sup012_P210_ph212,C:\Users\szymon\QuditsOnQubits\QuditsOnQubits\basis_direct_encoding_benchmarks\quantum_circuits\two_qutrit\monomial_full__sup012_P210_ph212\F3_W.qpy,C:\Users\szymon\QuditsOnQubits\QuditsOnQubits\basis_direct_encoding_benchmarks\quantum_circuits\two_qutrit\monomial_full__sup012_P210_ph212\CZ3_W.qpy,C:\Users\szymon\QuditsOnQubits\QuditsOnQubits\basis_direct_encoding_benchmarks\quantum_circuits\two_qutrit\monomial_full__sup012_P210_ph212\graph_state_direct_basis.qpy,C:\Users\szymon\QuditsOnQubits\QuditsOnQubits\basis_direct_encoding_benchmarks\quantum_circuits\two_qutrit\monomial_full__sup012_P210_ph212\graph_state_direct_basis_transpiled.qpy,C:\Users\szymon\QuditsOnQubits\QuditsOnQubits\basis_direct_encoding_benchmarks\quantum_circuits\two_qutrit\monomial_full__sup012_P210_ph212\basis_change_gate.qpy,C:\Users\szymon\QuditsOnQubits\QuditsOnQubits\basis_direct_encoding_benchmarks\quantum_circuits\two_qutrit\monomial_full__sup012_P210_ph212\W.npy
direct_basis_encoding,two_qutrit,two_qutrit,star,two_qutrit,2,2,4,sup012_P210_ph220,monomial,monomial_full,sup012_P210_ph220,True,True,18,40,58,43,,,1.082892,True,False,ok,,Converted from legacy E_new = E_Z @ W candidate.; Fidelity skipped because transpiled circuit has 128 qubits.,43,44.5,3.2,58,60.8,18,18.6,128,"{'cz': 17, 'rz': 16, 'rx': 12, 'sx': 12, 'rzz': 1}",10,10,0,C:\Users\szymon\QuditsOnQubits\QuditsOnQubits\basis_direct_encoding_benchmarks\quantum_circuits\two_qutrit\monomial_full__sup012_P210_ph220,C:\Users\szymon\QuditsOnQubits\QuditsOnQubits\basis_direct_encoding_benchmarks\quantum_circuits\two_qutrit\monomial_full__sup012_P210_ph220\F3_W.qpy,C:\Users\szymon\QuditsOnQubits\QuditsOnQubits\basis_direct_encoding_benchmarks\quantum_circuits\two_qutrit\monomial_full__sup012_P210_ph220\CZ3_W.qpy,C:\Users\szymon\QuditsOnQubits\QuditsOnQubits\basis_direct_encoding_benchmarks\quantum_circuits\two_qutrit\monomial_full__sup012_P210_ph220\graph_state_direct_basis.qpy,C:\Users\szymon\QuditsOnQubits\QuditsOnQubits\basis_direct_encoding_benchmarks\quantum_circuits\two_qutrit\monomial_full__sup012_P210_ph220\graph_state_direct_basis_transpiled.qpy,C:\Users\szymon\QuditsOnQubits\QuditsOnQubits\basis_direct_encoding_benchmarks\quantum_circuits\two_qutrit\monomial_full__sup012_P210_ph220\basis_change_gate.qpy,C:\Users\szymon\QuditsOnQubits\QuditsOnQubits\basis_direct_encoding_benchmarks\quantum_circuits\two_qutrit\monomial_full__sup012_P210_ph220\W.npy
direct_basis_encoding,two_qutrit,two_qutrit,star,two_qutrit,2,2,4,sup012_P210_ph221,monomial,monomial_full,sup012_P210_ph221,True,True,18,36,54,43,,,1.010613,True,False,ok,,Converted from legacy E_new = E_Z @ W candidate.; Fidelity skipped because transpiled circuit has 128 qubits.,43,44.0,3.0,54,57.7,18,18.6,128,"{'cz': 17, 'rz': 13, 'sx': 12, 'rx': 11, 'rzz': 1}",10,10,0,C:\Users\szymon\QuditsOnQubits\QuditsOnQubits\basis_direct_encoding_benchmarks\quantum_circuits\two_qutrit\monomial_full__sup012_P210_ph221,C:\Users\szymon\QuditsOnQubits\QuditsOnQubits\basis_direct_encoding_benchmarks\quantum_circuits\two_qutrit\monomial_full__sup012_P210_ph221\F3_W.qpy,C:\Users\szymon\QuditsOnQubits\QuditsOnQubits\basis_direct_encoding_benchmarks\quantum_circuits\two_qutrit\monomial_full__sup012_P210_ph221\CZ3_W.qpy,C:\Users\szymon\QuditsOnQubits\QuditsOnQubits\basis_direct_encoding_benchmarks\quantum_circuits\two_qutrit\monomial_full__sup012_P210_ph221\graph_state_direct_basis.qpy,C:\Users\szymon\QuditsOnQubits\QuditsOnQubits\basis_direct_encoding_benchmarks\quantum_circuits\two_qutrit\monomial_full__sup012_P210_ph221\graph_state_direct_basis_transpiled.qpy,C:\Users\szymon\QuditsOnQubits\QuditsOnQubits\basis_direct_encoding_benchmarks\quantum_circuits\two_qutrit\monomial_full__sup012_P210_ph221\basis_change_gate.qpy,C:\Users\szymon\QuditsOnQubits\QuditsOnQubits\basis_direct_encoding_benchmarks\quantum_circuits\two_qutrit\monomial_full__sup012_P210_ph221\W.npy
direct_basis_encoding,two_qutrit,two_qutrit,star,two_qutrit,2,2,4,sup012_P210_ph222,monomial,monomial_full,sup012_P210_ph222,True,True,18,40,58,43,,,1.002129,True,False,ok,,Converted from legacy E_new = E_Z @ W candidate.; Fidelity skipped because transpiled circuit has 128 qubits.,43,44.5,3.2,58,60.3,18,18.6,128,"{'cz': 17, 'rz': 16, 'rx': 12, 'sx': 12, 'rzz': 1}",10,10,0,C:\Users\szymon\QuditsOnQubits\QuditsOnQubits\basis_direct_encoding_benchmarks\quantum_circuits\two_qutrit\monomial_full__sup012_P210_ph222,C:\Users\szymon\QuditsOnQubits\QuditsOnQubits\basis_direct_encoding_benchmarks\quantum_circuits\two_qutrit\monomial_full__sup012_P210_ph222\F3_W.qpy,C:\Users\szymon\QuditsOnQubits\QuditsOnQubits\basis_direct_encoding_benchmarks\quantum_circuits\two_qutrit\monomial_full__sup012_P210_ph222\CZ3_W.qpy,C:\Users\szymon\QuditsOnQubits\QuditsOnQubits\basis_direct_encoding_benchmarks\quantum_circuits\two_qutrit\monomial_full__sup012_P210_ph222\graph_state_direct_basis.qpy,C:\Users\szymon\QuditsOnQubits\QuditsOnQubits\basis_direct_encoding_benchmarks\quantum_circuits\two_qutrit\monomial_full__sup012_P210_ph222\graph_state_direct_basis_transpiled.qpy,C:\Users\szymon\QuditsOnQubits\QuditsOnQubits\basis_direct_encoding_benchmarks\quantum_circuits\two_qutrit\monomial_full__sup012_P210_ph222\basis_change_gate.qpy,C:\Users\szymon\QuditsOnQubits\QuditsOnQubits\basis_direct_encoding_benchmarks\quantum_circuits\two_qutrit\monomial_full__sup012_P210_ph222\W.npy
direct_basis_encoding,two_qutrit,two_qutrit,star,two_qutrit,2,2,4,sup013_P012_ph000,monomial,monomial_full,sup013_P012_ph000,False,True,17,42,59,41,,,0.997535,True,False,ok,,Converted from legacy E_new 4x3 isometry candidate.; Fidelity skipped because transpiled circuit has 128 qubits.,41,45.1,3.88,59,63.9,17,18.5,128,"{'rz': 15, 'rx': 14, 'cz': 14, 'sx': 13, 'rzz': 3}",10,10,0,C:\Users\szymon\QuditsOnQubits\QuditsOnQubits\basis_direct_encoding_benchmarks\quantum_circuits\two_qutrit\monomial_full__sup013_P012_ph000,C:\Users\szymon\QuditsOnQubits\QuditsOnQubits\basis_direct_encoding_benchmarks\quantum_circuits\two_qutrit\monomial_full__sup013_P012_ph000\F3_W.qpy,C:\Users\szymon\QuditsOnQubits\QuditsOnQubits\basis_direct_encoding_benchmarks\quantum_circuits\two_qutrit\monomial_full__sup013_P012_ph000\CZ3_W.qpy,C:\Users\szymon\QuditsOnQubits\QuditsOnQubits\basis_direct_encoding_benchmarks\quantum_circuits\two_qutrit\monomial_full__sup013_P012_ph000\graph_state_direct_basis.qpy,C:\Users\szymon\QuditsOnQubits\QuditsOnQubits\basis_direct_encoding_benchmarks\quantum_circuits\two_qutrit\monomial_full__sup013_P012_ph000\graph_state_direct_basis_transpiled.qpy,,C:\Users\szymon\QuditsOnQubits\QuditsOnQubits\basis_direct_encoding_benchmarks\quantum_circuits\two_qutrit\monomial_full__sup013_P012_ph000\E.npy
direct_basis_encoding,two_qutrit,two_qutrit,star,two_qutrit,2,2,4,sup013_P012_ph001,monomial,monomial_full,sup013_P012_ph001,False,True,17,44,61,42,,,0.983142,True,False,ok,,Converted from legacy E_new 4x3 isometry candidate.; Fidelity skipped because transpiled circuit has 128 qubits.,42,46.0,3.29,61,67.6,17,18.5,128,"{'rz': 18, 'cz': 14, 'sx': 13, 'rx': 13, 'rzz': 3}",10,10,0,C:\Users\szymon\QuditsOnQubits\QuditsOnQubits\basis_direct_encoding_benchmarks\quantum_circuits\two_qutrit\monomial_full__sup013_P012_ph001,C:\Users\szymon\QuditsOnQubits\QuditsOnQubits\basis_direct_encoding_benchmarks\quantum_circuits\two_qutrit\monomial_full__sup013_P012_ph001\F3_W.qpy,C:\Users\szymon\QuditsOnQubits\QuditsOnQubits\basis_direct_encoding_benchmarks\quantum_circuits\two_qutrit\monomial_full__sup013_P012_ph001\CZ3_W.qpy,C:\Users\szymon\QuditsOnQubits\QuditsOnQubits\basis_direct_encoding_benchmarks\quantum_circuits\two_qutrit\monomial_full__sup013_P012_ph001\graph_state_direct_basis.qpy,C:\Users\szymon\QuditsOnQubits\QuditsOnQubits\basis_direct_encoding_benchmarks\quantum_circuits\two_qutrit\monomial_full__sup013_P012_ph001\graph_state_direct_basis_transpiled.qpy,,C:\Users\szymon\QuditsOnQubits\QuditsOnQubits\basis_direct_encoding_benchmarks\quantum_circuits\two_qutrit\monomial_full__sup013_P012_ph001\E.npy
direct_basis_encoding,two_qutrit,two_qutrit,star,two_qutrit,2,2,4,sup013_P012_ph002,monomial,monomial_full,sup013_P012_ph002,False,True,17,44,61,42,,,0.911442,True,False,ok,,Converted from legacy E_new 4x3 isometry candidate.; Fidelity skipped because transpiled circuit has 128 qubits.,42,46.0,3.29,61,67.3,17,18.5,128,"{'rz': 18, 'cz': 14, 'sx': 13, 'rx': 13, 'rzz': 3}",10,10,0,C:\Users\szymon\QuditsOnQubits\QuditsOnQubits\basis_direct_encoding_benchmarks\quantum_circuits\two_qutrit\monomial_full__sup013_P012_ph002,C:\Users\szymon\QuditsOnQubits\QuditsOnQubits\basis_direct_encoding_benchmarks\quantum_circuits\two_qutrit\monomial_full__sup013_P012_ph002\F3_W.qpy,C:\Users\szymon\QuditsOnQubits\QuditsOnQubits\basis_direct_encoding_benchmarks\quantum_circuits\two_qutrit\monomial_full__sup013_P012_ph002\CZ3_W.qpy,C:\Users\szymon\QuditsOnQubits\QuditsOnQubits\basis_direct_encoding_benchmarks\quantum_circuits\two_qutrit\monomial_full__sup013_P012_ph002\graph_state_direct_basis.qpy,C:\Users\szymon\QuditsOnQubits\QuditsOnQubits\basis_direct_encoding_benchmarks\quantum_circuits\two_qutrit\monomial_full__sup013_P012_ph002\graph_state_direct_basis_transpiled.qpy,,C:\Users\szymon\QuditsOnQubits\QuditsOnQubits\basis_direct_encoding_benchmarks\quantum_circuits\two_qutrit\monomial_full__sup013_P012_ph002\E.npy
direct_basis_encoding,two_qutrit,two_qutrit,star,two_qutrit,2,2,4,sup013_P012_ph010,monomial,monomial_full,sup013_P012_ph010,False,True,17,44,61,42,,,1.014339,True,False,ok,,Converted from legacy E_new 4x3 isometry candidate.; Fidelity skipped because transpiled circuit has 128 qubits.,42,46.3,3.63,61,66.5,17,18.5,128,"{'rz': 17, 'rx': 14, 'cz': 14, 'sx': 13, 'rzz': 3}",10,10,0,C:\Users\szymon\QuditsOnQubits\QuditsOnQubits\basis_direct_encoding_benchmarks\quantum_circuits\two_qutrit\monomial_full__sup013_P012_ph010,C:\Users\szymon\QuditsOnQubits\QuditsOnQubits\basis_direct_encoding_benchmarks\quantum_circuits\two_qutrit\monomial_full__sup013_P012_ph010\F3_W.qpy,C:\Users\szymon\QuditsOnQubits\QuditsOnQubits\basis_direct_encoding_benchmarks\quantum_circuits\two_qutrit\monomial_full__sup013_P012_ph010\CZ3_W.qpy,C:\Users\szymon\QuditsOnQubits\QuditsOnQubits\basis_direct_encoding_benchmarks\quantum_circuits\two_qutrit\monomial_full__sup013_P012_ph010\graph_state_direct_basis.qpy,C:\Users\szymon\QuditsOnQubits\QuditsOnQubits\basis_direct_encoding_benchmarks\quantum_circuits\two_qutrit\monomial_full__sup013_P012_ph010\graph_state_direct_basis_transpiled.qpy,,C:\Users\szymon\QuditsOnQubits\QuditsOnQubits\basis_direct_encoding_benchmarks\quantum_circuits\two_qutrit\monomial_full__sup013_P012_ph010\E.npy
direct_basis_encoding,two_qutrit,two_qutrit,star,two_qutrit,2,2,4,sup013_P012_ph011,monomial,monomial_full,sup013_P012_ph011,False,True,17,47,64,43,,,0.973669,True,False,ok,,Converted from legacy E_new 4x3 isometry candidate.; Fidelity skipped because transpiled circuit has 128 qubits.,43,46.9,3.18,64,69.6,17,18.5,128,"{'rz': 20, 'rx': 14, 'cz': 14, 'sx': 13, 'rzz': 3}",10,10,0,C:\Users\szymon\QuditsOnQubits\QuditsOnQubits\basis_direct_encoding_benchmarks\quantum_circuits\two_qutrit\monomial_full__sup013_P012_ph011,C:\Users\szymon\QuditsOnQubits\QuditsOnQubits\basis_direct_encoding_benchmarks\quantum_circuits\two_qutrit\monomial_full__sup013_P012_ph011\F3_W.qpy,C:\Users\szymon\QuditsOnQubits\QuditsOnQubits\basis_direct_encoding_benchmarks\quantum_circuits\two_qutrit\monomial_full__sup013_P012_ph011\CZ3_W.qpy,C:\Users\szymon\QuditsOnQubits\QuditsOnQubits\basis_direct_encoding_benchmarks\quantum_circuits\two_qutrit\monomial_full__sup013_P012_ph011\graph_state_direct_basis.qpy,C:\Users\szymon\QuditsOnQubits\QuditsOnQubits\basis_direct_encoding_benchmarks\quantum_circuits\two_qutrit\monomial_full__sup013_P012_ph011\graph_state_direct_basis_transpiled.qpy,,C:\Users\szymon\QuditsOnQubits\QuditsOnQubits\basis_direct_encoding_benchmarks\quantum_circuits\two_qutrit\monomial_full__sup013_P012_ph011\E.npy
direct_basis_encoding,two_qutrit,two_qutrit,star,two_qutrit,2,2,4,sup013_P012_ph012,monomial,monomial_full,sup013_P012_ph012,False,True,17,47,64,43,,,0.97139,True,False,ok,,Converted from legacy E_new 4x3 isometry candidate.; Fidelity skipped because transpiled circuit has 128 qubits.,43,46.6,3.29,64,69.3,17,18.5,128,"{'rz': 20, 'rx': 14, 'cz': 14, 'sx': 13, 'rzz': 3}",10,10,0,C:\Users\szymon\QuditsOnQubits\QuditsOnQubits\basis_direct_encoding_benchmarks\quantum_circuits\two_qutrit\monomial_full__sup013_P012_ph012,C:\Users\szymon\QuditsOnQubits\QuditsOnQubits\basis_direct_encoding_benchmarks\quantum_circuits\two_qutrit\monomial_full__sup013_P012_ph012\F3_W.qpy,C:\Users\szymon\QuditsOnQubits\QuditsOnQubits\basis_direct_encoding_benchmarks\quantum_circuits\two_qutrit\monomial_full__sup013_P012_ph012\CZ3_W.qpy,C:\Users\szymon\QuditsOnQubits\QuditsOnQubits\basis_direct_encoding_benchmarks\quantum_circuits\two_qutrit\monomial_full__sup013_P012_ph012\graph_state_direct_basis.qpy,C:\Users\szymon\QuditsOnQubits\QuditsOnQubits\basis_direct_encoding_benchmarks\quantum_circuits\two_qutrit\monomial_full__sup013_P012_ph012\graph_state_direct_basis_transpiled.qpy,,C:\Users\szymon\QuditsOnQubits\QuditsOnQubits\basis_direct_encoding_benchmarks\quantum_circuits\two_qutrit\monomial_full__sup013_P012_ph012\E.npy
direct_basis_encoding,two_qutrit,two_qutrit,star,two_qutrit,2,2,4,sup013_P012_ph020,monomial,monomial_full,sup013_P012_ph020,False,True,17,44,61,42,,,1.04882,True,False,ok,,Converted from legacy E_new 4x3 isometry candidate.; Fidelity skipped because transpiled circuit has 128 qubits.,42,46.3,3.63,61,66.5,17,18.5,128,"{'rz': 17, 'rx': 14, 'cz': 14, 'sx': 13, 'rzz': 3}",10,10,0,C:\Users\szymon\QuditsOnQubits\QuditsOnQubits\basis_direct_encoding_benchmarks\quantum_circuits\two_qutrit\monomial_full__sup013_P012_ph020,C:\Users\szymon\QuditsOnQubits\QuditsOnQubits\basis_direct_encoding_benchmarks\quantum_circuits\two_qutrit\monomial_full__sup013_P012_ph020\F3_W.qpy,C:\Users\szymon\QuditsOnQubits\QuditsOnQubits\basis_direct_encoding_benchmarks\quantum_circuits\two_qutrit\monomial_full__sup013_P012_ph020\CZ3_W.qpy,C:\Users\szymon\QuditsOnQubits\QuditsOnQubits\basis_direct_encoding_benchmarks\quantum_circuits\two_qutrit\monomial_full__sup013_P012_ph020\graph_state_direct_basis.qpy,C:\Users\szymon\QuditsOnQubits\QuditsOnQubits\basis_direct_encoding_benchmarks\quantum_circuits\two_qutrit\monomial_full__sup013_P012_ph020\graph_state_direct_basis_transpiled.qpy,,C:\Users\szymon\QuditsOnQubits\QuditsOnQubits\basis_direct_encoding_benchmarks\quantum_circuits\two_qutrit\monomial_full__sup013_P012_ph020\E.npy
direct_basis_encoding,two_qutrit,two_qutrit,star,two_qutrit,2,2,4,sup013_P012_ph021,monomial,monomial_full,sup013_P012_ph021,False,True,17,47,64,43,,,0.946604,True,False,ok,,Converted from legacy E_new 4x3 isometry candidate.; Fidelity skipped because transpiled circuit has 128 qubits.,43,46.6,3.29,64,69.6,17,18.5,128,"{'rz': 20, 'rx': 14, 'cz': 14, 'sx': 13, 'rzz': 3}",10,10,0,C:\Users\szymon\QuditsOnQubits\QuditsOnQubits\basis_direct_encoding_benchmarks\quantum_circuits\two_qutrit\monomial_full__sup013_P012_ph021,C:\Users\szymon\QuditsOnQubits\QuditsOnQubits\basis_direct_encoding_benchmarks\quantum_circuits\two_qutrit\monomial_full__sup013_P012_ph021\F3_W.qpy,C:\Users\szymon\QuditsOnQubits\QuditsOnQubits\basis_direct_encoding_benchmarks\quantum_circuits\two_qutrit\monomial_full__sup013_P012_ph021\CZ3_W.qpy,C:\Users\szymon\QuditsOnQubits\QuditsOnQubits\basis_direct_encoding_benchmarks\quantum_circuits\two_qutrit\monomial_full__sup013_P012_ph021\graph_state_direct_basis.qpy,C:\Users\szymon\QuditsOnQubits\QuditsOnQubits\basis_direct_encoding_benchmarks\quantum_circuits\two_qutrit\monomial_full__sup013_P012_ph021\graph_state_direct_basis_transpiled.qpy,,C:\Users\szymon\QuditsOnQubits\QuditsOnQubits\basis_direct_encoding_benchmarks\quantum_circuits\two_qutrit\monomial_full__sup013_P012_ph021\E.npy
direct_basis_encoding,two_qutrit,two_qutrit,star,two_qutrit,2,2,4,sup013_P012_ph022,monomial,monomial_full,sup013_P012_ph022,False,True,17,47,64,43,,,1.070569,True,False,ok,,Converted from legacy E_new 4x3 isometry candidate.; Fidelity skipped because transpiled circuit has 128 qubits.,43,46.9,3.18,64,69.6,17,18.5,128,"{'rz': 20, 'rx': 14, 'cz': 14, 'sx': 13, 'rzz': 3}",10,10,0,C:\Users\szymon\QuditsOnQubits\QuditsOnQubits\basis_direct_encoding_benchmarks\quantum_circuits\two_qutrit\monomial_full__sup013_P012_ph022,C:\Users\szymon\QuditsOnQubits\QuditsOnQubits\basis_direct_encoding_benchmarks\quantum_circuits\two_qutrit\monomial_full__sup013_P012_ph022\F3_W.qpy,C:\Users\szymon\QuditsOnQubits\QuditsOnQubits\basis_direct_encoding_benchmarks\quantum_circuits\two_qutrit\monomial_full__sup013_P012_ph022\CZ3_W.qpy,C:\Users\szymon\QuditsOnQubits\QuditsOnQubits\basis_direct_encoding_benchmarks\quantum_circuits\two_qutrit\monomial_full__sup013_P012_ph022\graph_state_direct_basis.qpy,C:\Users\szymon\QuditsOnQubits\QuditsOnQubits\basis_direct_encoding_benchmarks\quantum_circuits\two_qutrit\monomial_full__sup013_P012_ph022\graph_state_direct_basis_transpiled.qpy,,C:\Users\szymon\QuditsOnQubits\QuditsOnQubits\basis_direct_encoding_benchmarks\quantum_circuits\two_qutrit\monomial_full__sup013_P012_ph022\E.npy
direct_basis_encoding,two_qutrit,two_qutrit,star,two_qutrit,2,2,4,sup013_P012_ph100,monomial,monomial_full,sup013_P012_ph100,False,True,17,46,63,43,,,1.061121,True,False,ok,,Converted from legacy E_new 4x3 isometry candidate.; Fidelity skipped because transpiled circuit has 128 qubits.,43,46.6,3.29,63,68.4,17,18.5,128,"{'rz': 20, 'cz': 14, 'sx': 13, 'rx': 13, 'rzz': 3}",10,10,0,C:\Users\szymon\QuditsOnQubits\QuditsOnQubits\basis_direct_encoding_benchmarks\quantum_circuits\two_qutrit\monomial_full__sup013_P012_ph100,C:\Users\szymon\QuditsOnQubits\QuditsOnQubits\basis_direct_encoding_benchmarks\quantum_circuits\two_qutrit\monomial_full__sup013_P012_ph100\F3_W.qpy,C:\Users\szymon\QuditsOnQubits\QuditsOnQubits\basis_direct_encoding_benchmarks\quantum_circuits\two_qutrit\monomial_full__sup013_P012_ph100\CZ3_W.qpy,C:\Users\szymon\QuditsOnQubits\QuditsOnQubits\basis_direct_encoding_benchmarks\quantum_circuits\two_qutrit\monomial_full__sup013_P012_ph100\graph_state_direct_basis.qpy,C:\Users\szymon\QuditsOnQubits\QuditsOnQubits\basis_direct_encoding_benchmarks\quantum_circuits\two_qutrit\monomial_full__sup013_P012_ph100\graph_state_direct_basis_transpiled.qpy,,C:\Users\szymon\QuditsOnQubits\QuditsOnQubits\basis_direct_encoding_benchmarks\quantum_circuits\two_qutrit\monomial_full__sup013_P012_ph100\E.npy
direct_basis_encoding,two_qutrit,two_qutrit,star,two_qutrit,2,2,4,sup013_P012_ph101,monomial,monomial_full,sup013_P012_ph101,False,True,17,46,63,43,,,1.094304,True,False,ok,,Converted from legacy E_new 4x3 isometry candidate.; Fidelity skipped because transpiled circuit has 128 qubits.,43,46.9,3.18,63,69.3,17,18.5,128,"{'rz': 20, 'cz': 14, 'sx': 13, 'rx': 13, 'rzz': 3}",10,10,0,C:\Users\szymon\QuditsOnQubits\QuditsOnQubits\basis_direct_encoding_benchmarks\quantum_circuits\two_qutrit\monomial_full__sup013_P012_ph101,C:\Users\szymon\QuditsOnQubits\QuditsOnQubits\basis_direct_encoding_benchmarks\quantum_circuits\two_qutrit\monomial_full__sup013_P012_ph101\F3_W.qpy,C:\Users\szymon\QuditsOnQubits\QuditsOnQubits\basis_direct_encoding_benchmarks\quantum_circuits\two_qutrit\monomial_full__sup013_P012_ph101\CZ3_W.qpy,C:\Users\szymon\QuditsOnQubits\QuditsOnQubits\basis_direct_encoding_benchmarks\quantum_circuits\two_qutrit\monomial_full__sup013_P012_ph101\graph_state_direct_basis.qpy,C:\Users\szymon\QuditsOnQubits\QuditsOnQubits\basis_direct_encoding_benchmarks\quantum_circuits\two_qutrit\monomial_full__sup013_P012_ph101\graph_state_direct_basis_transpiled.qpy,,C:\Users\szymon\QuditsOnQubits\QuditsOnQubits\basis_direct_encoding_benchmarks\quantum_circuits\two_qutrit\monomial_full__sup013_P012_ph101\E.npy
direct_basis_encoding,two_qutrit,two_qutrit,star,two_qutrit,2,2,4,sup013_P012_ph102,monomial,monomial_full,sup013_P012_ph102,False,True,17,44,61,42,,,0.753552,True,False,ok,,Converted from legacy E_new 4x3 isometry candidate.; Fidelity skipped because transpiled circuit has 128 qubits.,42,46.3,3.63,61,66.2,17,18.5,128,"{'rz': 17, 'rx': 14, 'cz': 14, 'sx': 13, 'rzz': 3}",10,10,0,C:\Users\szymon\QuditsOnQubits\QuditsOnQubits\basis_direct_encoding_benchmarks\quantum_circuits\two_qutrit\monomial_full__sup013_P012_ph102,C:\Users\szymon\QuditsOnQubits\QuditsOnQubits\basis_direct_encoding_benchmarks\quantum_circuits\two_qutrit\monomial_full__sup013_P012_ph102\F3_W.qpy,C:\Users\szymon\QuditsOnQubits\QuditsOnQubits\basis_direct_encoding_benchmarks\quantum_circuits\two_qutrit\monomial_full__sup013_P012_ph102\CZ3_W.qpy,C:\Users\szymon\QuditsOnQubits\QuditsOnQubits\basis_direct_encoding_benchmarks\quantum_circuits\two_qutrit\monomial_full__sup013_P012_ph102\graph_state_direct_basis.qpy,C:\Users\szymon\QuditsOnQubits\QuditsOnQubits\basis_direct_encoding_benchmarks\quantum_circuits\two_qutrit\monomial_full__sup013_P012_ph102\graph_state_direct_basis_transpiled.qpy,,C:\Users\szymon\QuditsOnQubits\QuditsOnQubits\basis_direct_encoding_benchmarks\quantum_circuits\two_qutrit\monomial_full__sup013_P012_ph102\E.npy
direct_basis_encoding,two_qutrit,two_qutrit,star,two_qutrit,2,2,4,sup013_P012_ph110,monomial,monomial_full,sup013_P012_ph110,False,True,17,44,61,42,,,0.797621,True,False,ok,,Converted from legacy E_new 4x3 isometry candidate.; Fidelity skipped because transpiled circuit has 128 qubits.,42,46.0,3.29,61,67.3,17,18.5,128,"{'rz': 18, 'cz': 14, 'sx': 13, 'rx': 13, 'rzz': 3}",10,10,0,C:\Users\szymon\QuditsOnQubits\QuditsOnQubits\basis_direct_encoding_benchmarks\quantum_circuits\two_qutrit\monomial_full__sup013_P012_ph110,C:\Users\szymon\QuditsOnQubits\QuditsOnQubits\basis_direct_encoding_benchmarks\quantum_circuits\two_qutrit\monomial_full__sup013_P012_ph110\F3_W.qpy,C:\Users\szymon\QuditsOnQubits\QuditsOnQubits\basis_direct_encoding_benchmarks\quantum_circuits\two_qutrit\monomial_full__sup013_P012_ph110\CZ3_W.qpy,C:\Users\szymon\QuditsOnQubits\QuditsOnQubits\basis_direct_encoding_benchmarks\quantum_circuits\two_qutrit\monomial_full__sup013_P012_ph110\graph_state_direct_basis.qpy,C:\Users\szymon\QuditsOnQubits\QuditsOnQubits\basis_direct_encoding_benchmarks\quantum_circuits\two_qutrit\monomial_full__sup013_P012_ph110\graph_state_direct_basis_transpiled.qpy,,C:\Users\szymon\QuditsOnQubits\QuditsOnQubits\basis_direct_encoding_benchmarks\quantum_circuits\two_qutrit\monomial_full__sup013_P012_ph110\E.npy
direct_basis_encoding,two_qutrit,two_qutrit,star,two_qutrit,2,2,4,sup013_P012_ph111,monomial,monomial_full,sup013_P012_ph111,False,True,17,44,61,42,,,0.68564,True,False,ok,,Converted from legacy E_new 4x3 isometry candidate.; Fidelity skipped because transpiled circuit has 128 qubits.,42,46.0,3.29,61,67.3,17,18.5,128,"{'rz': 18, 'cz': 14, 'sx': 13, 'rx': 13, 'rzz': 3}",10,10,0,C:\Users\szymon\QuditsOnQubits\QuditsOnQubits\basis_direct_encoding_benchmarks\quantum_circuits\two_qutrit\monomial_full__sup013_P012_ph111,C:\Users\szymon\QuditsOnQubits\QuditsOnQubits\basis_direct_encoding_benchmarks\quantum_circuits\two_qutrit\monomial_full__sup013_P012_ph111\F3_W.qpy,C:\Users\szymon\QuditsOnQubits\QuditsOnQubits\basis_direct_encoding_benchmarks\quantum_circuits\two_qutrit\monomial_full__sup013_P012_ph111\CZ3_W.qpy,C:\Users\szymon\QuditsOnQubits\QuditsOnQubits\basis_direct_encoding_benchmarks\quantum_circuits\two_qutrit\monomial_full__sup013_P012_ph111\graph_state_direct_basis.qpy,C:\Users\szymon\QuditsOnQubits\QuditsOnQubits\basis_direct_encoding_benchmarks\quantum_circuits\two_qutrit\monomial_full__sup013_P012_ph111\graph_state_direct_basis_transpiled.qpy,,C:\Users\szymon\QuditsOnQubits\QuditsOnQubits\basis_direct_encoding_benchmarks\quantum_circuits\two_qutrit\monomial_full__sup013_P012_ph111\E.npy
direct_basis_encoding,two_qutrit,two_qutrit,star,two_qutrit,2,2,4,sup013_P012_ph112,monomial,monomial_full,sup013_P012_ph112,False,True,17,41,58,41,,,0.945371,True,False,ok,,Converted from legacy E_new 4x3 isometry candidate.; Fidelity skipped because transpiled circuit has 128 qubits.,41,45.1,3.88,58,63.6,17,18.5,128,"{'rz': 15, 'cz': 14, 'sx': 13, 'rx': 13, 'rzz': 3}",10,10,0,C:\Users\szymon\QuditsOnQubits\QuditsOnQubits\basis_direct_encoding_benchmarks\quantum_circuits\two_qutrit\monomial_full__sup013_P012_ph112,C:\Users\szymon\QuditsOnQubits\QuditsOnQubits\basis_direct_encoding_benchmarks\quantum_circuits\two_qutrit\monomial_full__sup013_P012_ph112\F3_W.qpy,C:\Users\szymon\QuditsOnQubits\QuditsOnQubits\basis_direct_encoding_benchmarks\quantum_circuits\two_qutrit\monomial_full__sup013_P012_ph112\CZ3_W.qpy,C:\Users\szymon\QuditsOnQubits\QuditsOnQubits\basis_direct_encoding_benchmarks\quantum_circuits\two_qutrit\monomial_full__sup013_P012_ph112\graph_state_direct_basis.qpy,C:\Users\szymon\QuditsOnQubits\QuditsOnQubits\basis_direct_encoding_benchmarks\quantum_circuits\two_qutrit\monomial_full__sup013_P012_ph112\graph_state_direct_basis_transpiled.qpy,,C:\Users\szymon\QuditsOnQubits\QuditsOnQubits\basis_direct_encoding_benchmarks\quantum_circuits\two_qutrit\monomial_full__sup013_P012_ph112\E.npy
direct_basis_encoding,two_qutrit,two_qutrit,star,two_qutrit,2,2,4,sup013_P012_ph120,monomial,monomial_full,sup013_P012_ph120,False,True,17,47,64,43,,,1.061932,True,False,ok,,Converted from legacy E_new 4x3 isometry candidate.; Fidelity skipped because transpiled circuit has 128 qubits.,43,46.9,3.18,64,69.9,17,18.5,128,"{'rz': 20, 'rx': 14, 'cz': 14, 'sx': 13, 'rzz': 3}",10,10,0,C:\Users\szymon\QuditsOnQubits\QuditsOnQubits\basis_direct_encoding_benchmarks\quantum_circuits\two_qutrit\monomial_full__sup013_P012_ph120,C:\Users\szymon\QuditsOnQubits\QuditsOnQubits\basis_direct_encoding_benchmarks\quantum_circuits\two_qutrit\monomial_full__sup013_P012_ph120\F3_W.qpy,C:\Users\szymon\QuditsOnQubits\QuditsOnQubits\basis_direct_encoding_benchmarks\quantum_circuits\two_qutrit\monomial_full__sup013_P012_ph120\CZ3_W.qpy,C:\Users\szymon\QuditsOnQubits\QuditsOnQubits\basis_direct_encoding_benchmarks\quantum_circuits\two_qutrit\monomial_full__sup013_P012_ph120\graph_state_direct_basis.qpy,C:\Users\szymon\QuditsOnQubits\QuditsOnQubits\basis_direct_encoding_benchmarks\quantum_circuits\two_qutrit\monomial_full__sup013_P012_ph120\graph_state_direct_basis_transpiled.qpy,,C:\Users\szymon\QuditsOnQubits\QuditsOnQubits\basis_direct_encoding_benchmarks\quantum_circuits\two_qutrit\monomial_full__sup013_P012_ph120\E.npy
direct_basis_encoding,two_qutrit,two_qutrit,star,two_qutrit,2,2,4,sup013_P012_ph121,monomial,monomial_full,sup013_P012_ph121,False,True,17,47,64,43,,,0.921766,True,False,ok,,Converted from legacy E_new 4x3 isometry candidate.; Fidelity skipped because transpiled circuit has 128 qubits.,43,46.6,3.29,64,69.6,17,18.5,128,"{'rz': 20, 'rx': 14, 'cz': 14, 'sx': 13, 'rzz': 3}",10,10,0,C:\Users\szymon\QuditsOnQubits\QuditsOnQubits\basis_direct_encoding_benchmarks\quantum_circuits\two_qutrit\monomial_full__sup013_P012_ph121,C:\Users\szymon\QuditsOnQubits\QuditsOnQubits\basis_direct_encoding_benchmarks\quantum_circuits\two_qutrit\monomial_full__sup013_P012_ph121\F3_W.qpy,C:\Users\szymon\QuditsOnQubits\QuditsOnQubits\basis_direct_encoding_benchmarks\quantum_circuits\two_qutrit\monomial_full__sup013_P012_ph121\CZ3_W.qpy,C:\Users\szymon\QuditsOnQubits\QuditsOnQubits\basis_direct_encoding_benchmarks\quantum_circuits\two_qutrit\monomial_full__sup013_P012_ph121\graph_state_direct_basis.qpy,C:\Users\szymon\QuditsOnQubits\QuditsOnQubits\basis_direct_encoding_benchmarks\quantum_circuits\two_qutrit\monomial_full__sup013_P012_ph121\graph_state_direct_basis_transpiled.qpy,,C:\Users\szymon\QuditsOnQubits\QuditsOnQubits\basis_direct_encoding_benchmarks\quantum_circuits\two_qutrit\monomial_full__sup013_P012_ph121\E.npy
direct_basis_encoding,two_qutrit,two_qutrit,star,two_qutrit,2,2,4,sup013_P012_ph122,monomial,monomial_full,sup013_P012_ph122,False,True,17,44,61,42,,,0.911671,True,False,ok,,Converted from legacy E_new 4x3 isometry candidate.; Fidelity skipped because transpiled circuit has 128 qubits.,42,46.3,3.63,61,66.2,17,18.5,128,"{'rz': 17, 'rx': 14, 'cz': 14, 'sx': 13, 'rzz': 3}",10,10,0,C:\Users\szymon\QuditsOnQubits\QuditsOnQubits\basis_direct_encoding_benchmarks\quantum_circuits\two_qutrit\monomial_full__sup013_P012_ph122,C:\Users\szymon\QuditsOnQubits\QuditsOnQubits\basis_direct_encoding_benchmarks\quantum_circuits\two_qutrit\monomial_full__sup013_P012_ph122\F3_W.qpy,C:\Users\szymon\QuditsOnQubits\QuditsOnQubits\basis_direct_encoding_benchmarks\quantum_circuits\two_qutrit\monomial_full__sup013_P012_ph122\CZ3_W.qpy,C:\Users\szymon\QuditsOnQubits\QuditsOnQubits\basis_direct_encoding_benchmarks\quantum_circuits\two_qutrit\monomial_full__sup013_P012_ph122\graph_state_direct_basis.qpy,C:\Users\szymon\QuditsOnQubits\QuditsOnQubits\basis_direct_encoding_benchmarks\quantum_circuits\two_qutrit\monomial_full__sup013_P012_ph122\graph_state_direct_basis_transpiled.qpy,,C:\Users\szymon\QuditsOnQubits\QuditsOnQubits\basis_direct_encoding_benchmarks\quantum_circuits\two_qutrit\monomial_full__sup013_P012_ph122\E.npy
direct_basis_encoding,two_qutrit,two_qutrit,star,two_qutrit,2,2,4,sup013_P012_ph200,monomial,monomial_full,sup013_P012_ph200,False,True,17,46,63,43,,,0.964939,True,False,ok,,Converted from legacy E_new 4x3 isometry candidate.; Fidelity skipped because transpiled circuit has 128 qubits.,43,46.6,3.29,63,68.7,17,18.5,128,"{'rz': 20, 'cz': 14, 'sx': 13, 'rx': 13, 'rzz': 3}",10,10,0,C:\Users\szymon\QuditsOnQubits\QuditsOnQubits\basis_direct_encoding_benchmarks\quantum_circuits\two_qutrit\monomial_full__sup013_P012_ph200,C:\Users\szymon\QuditsOnQubits\QuditsOnQubits\basis_direct_encoding_benchmarks\quantum_circuits\two_qutrit\monomial_full__sup013_P012_ph200\F3_W.qpy,C:\Users\szymon\QuditsOnQubits\QuditsOnQubits\basis_direct_encoding_benchmarks\quantum_circuits\two_qutrit\monomial_full__sup013_P012_ph200\CZ3_W.qpy,C:\Users\szymon\QuditsOnQubits\QuditsOnQubits\basis_direct_encoding_benchmarks\quantum_circuits\two_qutrit\monomial_full__sup013_P012_ph200\graph_state_direct_basis.qpy,C:\Users\szymon\QuditsOnQubits\QuditsOnQubits\basis_direct_encoding_benchmarks\quantum_circuits\two_qutrit\monomial_full__sup013_P012_ph200\graph_state_direct_basis_transpiled.qpy,,C:\Users\szymon\QuditsOnQubits\QuditsOnQubits\basis_direct_encoding_benchmarks\quantum_circuits\two_qutrit\monomial_full__sup013_P012_ph200\E.npy
direct_basis_encoding,two_qutrit,two_qutrit,star,two_qutrit,2,2,4,sup013_P012_ph201,monomial,monomial_full,sup013_P012_ph201,False,True,17,44,61,42,,,1.145846,True,False,ok,,Converted from legacy E_new 4x3 isometry candidate.; Fidelity skipped because transpiled circuit has 128 qubits.,42,46.3,3.63,61,66.2,17,18.5,128,"{'rz': 17, 'rx': 14, 'cz': 14, 'sx': 13, 'rzz': 3}",10,10,0,C:\Users\szymon\QuditsOnQubits\QuditsOnQubits\basis_direct_encoding_benchmarks\quantum_circuits\two_qutrit\monomial_full__sup013_P012_ph201,C:\Users\szymon\QuditsOnQubits\QuditsOnQubits\basis_direct_encoding_benchmarks\quantum_circuits\two_qutrit\monomial_full__sup013_P012_ph201\F3_W.qpy,C:\Users\szymon\QuditsOnQubits\QuditsOnQubits\basis_direct_encoding_benchmarks\quantum_circuits\two_qutrit\monomial_full__sup013_P012_ph201\CZ3_W.qpy,C:\Users\szymon\QuditsOnQubits\QuditsOnQubits\basis_direct_encoding_benchmarks\quantum_circuits\two_qutrit\monomial_full__sup013_P012_ph201\graph_state_direct_basis.qpy,C:\Users\szymon\QuditsOnQubits\QuditsOnQubits\basis_direct_encoding_benchmarks\quantum_circuits\two_qutrit\monomial_full__sup013_P012_ph201\graph_state_direct_basis_transpiled.qpy,,C:\Users\szymon\QuditsOnQubits\QuditsOnQubits\basis_direct_encoding_benchmarks\quantum_circuits\two_qutrit\monomial_full__sup013_P012_ph201\E.npy
direct_basis_encoding,two_qutrit,two_qutrit,star,two_qutrit,2,2,4,sup013_P012_ph202,monomial,monomial_full,sup013_P012_ph202,False,True,17,47,64,43,,,0.964903,True,False,ok,,Converted from legacy E_new 4x3 isometry candidate.; Fidelity skipped because transpiled circuit has 128 qubits.,43,46.9,3.18,64,69.9,17,18.5,128,"{'rz': 20, 'rx': 14, 'cz': 14, 'sx': 13, 'rzz': 3}",10,10,0,C:\Users\szymon\QuditsOnQubits\QuditsOnQubits\basis_direct_encoding_benchmarks\quantum_circuits\two_qutrit\monomial_full__sup013_P012_ph202,C:\Users\szymon\QuditsOnQubits\QuditsOnQubits\basis_direct_encoding_benchmarks\quantum_circuits\two_qutrit\monomial_full__sup013_P012_ph202\F3_W.qpy,C:\Users\szymon\QuditsOnQubits\QuditsOnQubits\basis_direct_encoding_benchmarks\quantum_circuits\two_qutrit\monomial_full__sup013_P012_ph202\CZ3_W.qpy,C:\Users\szymon\QuditsOnQubits\QuditsOnQubits\basis_direct_encoding_benchmarks\quantum_circuits\two_qutrit\monomial_full__sup013_P012_ph202\graph_state_direct_basis.qpy,C:\Users\szymon\QuditsOnQubits\QuditsOnQubits\basis_direct_encoding_benchmarks\quantum_circuits\two_qutrit\monomial_full__sup013_P012_ph202\graph_state_direct_basis_transpiled.qpy,,C:\Users\szymon\QuditsOnQubits\QuditsOnQubits\basis_direct_encoding_benchmarks\quantum_circuits\two_qutrit\monomial_full__sup013_P012_ph202\E.npy
direct_basis_encoding,two_qutrit,two_qutrit,star,two_qutrit,2,2,4,sup013_P012_ph210,monomial,monomial_full,sup013_P012_ph210,False,True,17,47,64,43,,,1.104304,True,False,ok,,Converted from legacy E_new 4x3 isometry candidate.; Fidelity skipped because transpiled circuit has 128 qubits.,43,46.9,3.18,64,69.6,17,18.5,128,"{'rz': 20, 'rx': 14, 'cz': 14, 'sx': 13, 'rzz': 3}",10,10,0,C:\Users\szymon\QuditsOnQubits\QuditsOnQubits\basis_direct_encoding_benchmarks\quantum_circuits\two_qutrit\monomial_full__sup013_P012_ph210,C:\Users\szymon\QuditsOnQubits\QuditsOnQubits\basis_direct_encoding_benchmarks\quantum_circuits\two_qutrit\monomial_full__sup013_P012_ph210\F3_W.qpy,C:\Users\szymon\QuditsOnQubits\QuditsOnQubits\basis_direct_encoding_benchmarks\quantum_circuits\two_qutrit\monomial_full__sup013_P012_ph210\CZ3_W.qpy,C:\Users\szymon\QuditsOnQubits\QuditsOnQubits\basis_direct_encoding_benchmarks\quantum_circuits\two_qutrit\monomial_full__sup013_P012_ph210\graph_state_direct_basis.qpy,C:\Users\szymon\QuditsOnQubits\QuditsOnQubits\basis_direct_encoding_benchmarks\quantum_circuits\two_qutrit\monomial_full__sup013_P012_ph210\graph_state_direct_basis_transpiled.qpy,,C:\Users\szymon\QuditsOnQubits\QuditsOnQubits\basis_direct_encoding_benchmarks\quantum_circuits\two_qutrit\monomial_full__sup013_P012_ph210\E.npy
direct_basis_encoding,two_qutrit,two_qutrit,star,two_qutrit,2,2,4,sup013_P012_ph211,monomial,monomial_full,sup013_P012_ph211,False,True,17,44,61,42,,,1.027465,True,False,ok,,Converted from legacy E_new 4x3 isometry candidate.; Fidelity skipped because transpiled circuit has 128 qubits.,42,46.3,3.63,61,66.2,17,18.5,128,"{'rz': 17, 'rx': 14, 'cz': 14, 'sx': 13, 'rzz': 3}",10,10,0,C:\Users\szymon\QuditsOnQubits\QuditsOnQubits\basis_direct_encoding_benchmarks\quantum_circuits\two_qutrit\monomial_full__sup013_P012_ph211,C:\Users\szymon\QuditsOnQubits\QuditsOnQubits\basis_direct_encoding_benchmarks\quantum_circuits\two_qutrit\monomial_full__sup013_P012_ph211\F3_W.qpy,C:\Users\szymon\QuditsOnQubits\QuditsOnQubits\basis_direct_encoding_benchmarks\quantum_circuits\two_qutrit\monomial_full__sup013_P012_ph211\CZ3_W.qpy,C:\Users\szymon\QuditsOnQubits\QuditsOnQubits\basis_direct_encoding_benchmarks\quantum_circuits\two_qutrit\monomial_full__sup013_P012_ph211\graph_state_direct_basis.qpy,C:\Users\szymon\QuditsOnQubits\QuditsOnQubits\basis_direct_encoding_benchmarks\quantum_circuits\two_qutrit\monomial_full__sup013_P012_ph211\graph_state_direct_basis_transpiled.qpy,,C:\Users\szymon\QuditsOnQubits\QuditsOnQubits\basis_direct_encoding_benchmarks\quantum_circuits\two_qutrit\monomial_full__sup013_P012_ph211\E.npy
direct_basis_encoding,two_qutrit,two_qutrit,star,two_qutrit,2,2,4,sup013_P012_ph212,monomial,monomial_full,sup013_P012_ph212,False,True,17,47,64,43,,,0.962243,True,False,ok,,Converted from legacy E_new 4x3 isometry candidate.; Fidelity skipped because transpiled circuit has 128 qubits.,43,46.6,3.29,64,69.3,17,18.5,128,"{'rz': 20, 'rx': 14, 'cz': 14, 'sx': 13, 'rzz': 3}",10,10,0,C:\Users\szymon\QuditsOnQubits\QuditsOnQubits\basis_direct_encoding_benchmarks\quantum_circuits\two_qutrit\monomial_full__sup013_P012_ph212,C:\Users\szymon\QuditsOnQubits\QuditsOnQubits\basis_direct_encoding_benchmarks\quantum_circuits\two_qutrit\monomial_full__sup013_P012_ph212\F3_W.qpy,C:\Users\szymon\QuditsOnQubits\QuditsOnQubits\basis_direct_encoding_benchmarks\quantum_circuits\two_qutrit\monomial_full__sup013_P012_ph212\CZ3_W.qpy,C:\Users\szymon\QuditsOnQubits\QuditsOnQubits\basis_direct_encoding_benchmarks\quantum_circuits\two_qutrit\monomial_full__sup013_P012_ph212\graph_state_direct_basis.qpy,C:\Users\szymon\QuditsOnQubits\QuditsOnQubits\basis_direct_encoding_benchmarks\quantum_circuits\two_qutrit\monomial_full__sup013_P012_ph212\graph_state_direct_basis_transpiled.qpy,,C:\Users\szymon\QuditsOnQubits\QuditsOnQubits\basis_direct_encoding_benchmarks\quantum_circuits\two_qutrit\monomial_full__sup013_P012_ph212\E.npy
direct_basis_encoding,two_qutrit,two_qutrit,star,two_qutrit,2,2,4,sup013_P012_ph220,monomial,monomial_full,sup013_P012_ph220,False,True,17,45,62,42,,,1.296326,True,False,ok,,Converted from legacy E_new 4x3 isometry candidate.; Fidelity skipped because transpiled circuit has 128 qubits.,42,46.0,3.29,62,68.2,17,18.5,128,"{'rz': 18, 'rx': 14, 'cz': 14, 'sx': 13, 'rzz': 3}",10,10,0,C:\Users\szymon\QuditsOnQubits\QuditsOnQubits\basis_direct_encoding_benchmarks\quantum_circuits\two_qutrit\monomial_full__sup013_P012_ph220,C:\Users\szymon\QuditsOnQubits\QuditsOnQubits\basis_direct_encoding_benchmarks\quantum_circuits\two_qutrit\monomial_full__sup013_P012_ph220\F3_W.qpy,C:\Users\szymon\QuditsOnQubits\QuditsOnQubits\basis_direct_encoding_benchmarks\quantum_circuits\two_qutrit\monomial_full__sup013_P012_ph220\CZ3_W.qpy,C:\Users\szymon\QuditsOnQubits\QuditsOnQubits\basis_direct_encoding_benchmarks\quantum_circuits\two_qutrit\monomial_full__sup013_P012_ph220\graph_state_direct_basis.qpy,C:\Users\szymon\QuditsOnQubits\QuditsOnQubits\basis_direct_encoding_benchmarks\quantum_circuits\two_qutrit\monomial_full__sup013_P012_ph220\graph_state_direct_basis_transpiled.qpy,,C:\Users\szymon\QuditsOnQubits\QuditsOnQubits\basis_direct_encoding_benchmarks\quantum_circuits\two_qutrit\monomial_full__sup013_P012_ph220\E.npy
direct_basis_encoding,two_qutrit,two_qutrit,star,two_qutrit,2,2,4,sup013_P012_ph221,monomial,monomial_full,sup013_P012_ph221,False,True,17,41,58,41,,,0.958389,True,False,ok,,Converted from legacy E_new 4x3 isometry candidate.; Fidelity skipped because transpiled circuit has 128 qubits.,41,45.1,3.88,58,63.9,17,18.5,128,"{'rz': 15, 'cz': 14, 'sx': 13, 'rx': 13, 'rzz': 3}",10,10,0,C:\Users\szymon\QuditsOnQubits\QuditsOnQubits\basis_direct_encoding_benchmarks\quantum_circuits\two_qutrit\monomial_full__sup013_P012_ph221,C:\Users\szymon\QuditsOnQubits\QuditsOnQubits\basis_direct_encoding_benchmarks\quantum_circuits\two_qutrit\monomial_full__sup013_P012_ph221\F3_W.qpy,C:\Users\szymon\QuditsOnQubits\QuditsOnQubits\basis_direct_encoding_benchmarks\quantum_circuits\two_qutrit\monomial_full__sup013_P012_ph221\CZ3_W.qpy,C:\Users\szymon\QuditsOnQubits\QuditsOnQubits\basis_direct_encoding_benchmarks\quantum_circuits\two_qutrit\monomial_full__sup013_P012_ph221\graph_state_direct_basis.qpy,C:\Users\szymon\QuditsOnQubits\QuditsOnQubits\basis_direct_encoding_benchmarks\quantum_circuits\two_qutrit\monomial_full__sup013_P012_ph221\graph_state_direct_basis_transpiled.qpy,,C:\Users\szymon\QuditsOnQubits\QuditsOnQubits\basis_direct_encoding_benchmarks\quantum_circuits\two_qutrit\monomial_full__sup013_P012_ph221\E.npy
direct_basis_encoding,two_qutrit,two_qutrit,star,two_qutrit,2,2,4,sup013_P012_ph222,monomial,monomial_full,sup013_P012_ph222,False,True,17,44,61,42,,,1.030526,True,False,ok,,Converted from legacy E_new 4x3 isometry candidate.; Fidelity skipped because transpiled circuit has 128 qubits.,42,46.0,3.29,61,67.3,17,18.5,128,"{'rz': 18, 'cz': 14, 'sx': 13, 'rx': 13, 'rzz': 3}",10,10,0,C:\Users\szymon\QuditsOnQubits\QuditsOnQubits\basis_direct_encoding_benchmarks\quantum_circuits\two_qutrit\monomial_full__sup013_P012_ph222,C:\Users\szymon\QuditsOnQubits\QuditsOnQubits\basis_direct_encoding_benchmarks\quantum_circuits\two_qutrit\monomial_full__sup013_P012_ph222\F3_W.qpy,C:\Users\szymon\QuditsOnQubits\QuditsOnQubits\basis_direct_encoding_benchmarks\quantum_circuits\two_qutrit\monomial_full__sup013_P012_ph222\CZ3_W.qpy,C:\Users\szymon\QuditsOnQubits\QuditsOnQubits\basis_direct_encoding_benchmarks\quantum_circuits\two_qutrit\monomial_full__sup013_P012_ph222\graph_state_direct_basis.qpy,C:\Users\szymon\QuditsOnQubits\QuditsOnQubits\basis_direct_encoding_benchmarks\quantum_circuits\two_qutrit\monomial_full__sup013_P012_ph222\graph_state_direct_basis_transpiled.qpy,,C:\Users\szymon\QuditsOnQubits\QuditsOnQubits\basis_direct_encoding_benchmarks\quantum_circuits\two_qutrit\monomial_full__sup013_P012_ph222\E.npy
direct_basis_encoding,two_qutrit,two_qutrit,star,two_qutrit,2,2,4,sup013_P021_ph000,monomial,monomial_full,sup013_P021_ph000,False,True,17,42,59,41,,,0.917736,True,False,ok,,Converted from legacy E_new 4x3 isometry candidate.; Fidelity skipped because transpiled circuit has 128 qubits.,41,45.1,3.88,59,63.9,17,18.5,128,"{'rz': 15, 'rx': 14, 'cz': 14, 'sx': 13, 'rzz': 3}",10,10,0,C:\Users\szymon\QuditsOnQubits\QuditsOnQubits\basis_direct_encoding_benchmarks\quantum_circuits\two_qutrit\monomial_full__sup013_P021_ph000,C:\Users\szymon\QuditsOnQubits\QuditsOnQubits\basis_direct_encoding_benchmarks\quantum_circuits\two_qutrit\monomial_full__sup013_P021_ph000\F3_W.qpy,C:\Users\szymon\QuditsOnQubits\QuditsOnQubits\basis_direct_encoding_benchmarks\quantum_circuits\two_qutrit\monomial_full__sup013_P021_ph000\CZ3_W.qpy,C:\Users\szymon\QuditsOnQubits\QuditsOnQubits\basis_direct_encoding_benchmarks\quantum_circuits\two_qutrit\monomial_full__sup013_P021_ph000\graph_state_direct_basis.qpy,C:\Users\szymon\QuditsOnQubits\QuditsOnQubits\basis_direct_encoding_benchmarks\quantum_circuits\two_qutrit\monomial_full__sup013_P021_ph000\graph_state_direct_basis_transpiled.qpy,,C:\Users\szymon\QuditsOnQubits\QuditsOnQubits\basis_direct_encoding_benchmarks\quantum_circuits\two_qutrit\monomial_full__sup013_P021_ph000\E.npy
direct_basis_encoding,two_qutrit,two_qutrit,star,two_qutrit,2,2,4,sup013_P021_ph001,monomial,monomial_full,sup013_P021_ph001,False,True,17,44,61,42,,,0.894024,True,False,ok,,Converted from legacy E_new 4x3 isometry candidate.; Fidelity skipped because transpiled circuit has 128 qubits.,42,46.0,3.29,61,67.3,17,18.5,128,"{'rz': 18, 'cz': 14, 'sx': 13, 'rx': 13, 'rzz': 3}",10,10,0,C:\Users\szymon\QuditsOnQubits\QuditsOnQubits\basis_direct_encoding_benchmarks\quantum_circuits\two_qutrit\monomial_full__sup013_P021_ph001,C:\Users\szymon\QuditsOnQubits\QuditsOnQubits\basis_direct_encoding_benchmarks\quantum_circuits\two_qutrit\monomial_full__sup013_P021_ph001\F3_W.qpy,C:\Users\szymon\QuditsOnQubits\QuditsOnQubits\basis_direct_encoding_benchmarks\quantum_circuits\two_qutrit\monomial_full__sup013_P021_ph001\CZ3_W.qpy,C:\Users\szymon\QuditsOnQubits\QuditsOnQubits\basis_direct_encoding_benchmarks\quantum_circuits\two_qutrit\monomial_full__sup013_P021_ph001\graph_state_direct_basis.qpy,C:\Users\szymon\QuditsOnQubits\QuditsOnQubits\basis_direct_encoding_benchmarks\quantum_circuits\two_qutrit\monomial_full__sup013_P021_ph001\graph_state_direct_basis_transpiled.qpy,,C:\Users\szymon\QuditsOnQubits\QuditsOnQubits\basis_direct_encoding_benchmarks\quantum_circuits\two_qutrit\monomial_full__sup013_P021_ph001\E.npy
direct_basis_encoding,two_qutrit,two_qutrit,star,two_qutrit,2,2,4,sup013_P021_ph002,monomial,monomial_full,sup013_P021_ph002,False,True,17,45,62,42,,,0.871852,True,False,ok,,Converted from legacy E_new 4x3 isometry candidate.; Fidelity skipped because transpiled circuit has 128 qubits.,42,46.0,3.29,62,67.9,17,18.5,128,"{'rz': 18, 'rx': 14, 'cz': 14, 'sx': 13, 'rzz': 3}",10,10,0,C:\Users\szymon\QuditsOnQubits\QuditsOnQubits\basis_direct_encoding_benchmarks\quantum_circuits\two_qutrit\monomial_full__sup013_P021_ph002,C:\Users\szymon\QuditsOnQubits\QuditsOnQubits\basis_direct_encoding_benchmarks\quantum_circuits\two_qutrit\monomial_full__sup013_P021_ph002\F3_W.qpy,C:\Users\szymon\QuditsOnQubits\QuditsOnQubits\basis_direct_encoding_benchmarks\quantum_circuits\two_qutrit\monomial_full__sup013_P021_ph002\CZ3_W.qpy,C:\Users\szymon\QuditsOnQubits\QuditsOnQubits\basis_direct_encoding_benchmarks\quantum_circuits\two_qutrit\monomial_full__sup013_P021_ph002\graph_state_direct_basis.qpy,C:\Users\szymon\QuditsOnQubits\QuditsOnQubits\basis_direct_encoding_benchmarks\quantum_circuits\two_qutrit\monomial_full__sup013_P021_ph002\graph_state_direct_basis_transpiled.qpy,,C:\Users\szymon\QuditsOnQubits\QuditsOnQubits\basis_direct_encoding_benchmarks\quantum_circuits\two_qutrit\monomial_full__sup013_P021_ph002\E.npy
direct_basis_encoding,two_qutrit,two_qutrit,star,two_qutrit,2,2,4,sup013_P021_ph010,monomial,monomial_full,sup013_P021_ph010,False,True,17,44,61,42,,,0.932762,True,False,ok,,Converted from legacy E_new 4x3 isometry candidate.; Fidelity skipped because transpiled circuit has 128 qubits.,42,46.3,3.63,61,66.5,17,18.5,128,"{'rz': 17, 'rx': 14, 'cz': 14, 'sx': 13, 'rzz': 3}",10,10,0,C:\Users\szymon\QuditsOnQubits\QuditsOnQubits\basis_direct_encoding_benchmarks\quantum_circuits\two_qutrit\monomial_full__sup013_P021_ph010,C:\Users\szymon\QuditsOnQubits\QuditsOnQubits\basis_direct_encoding_benchmarks\quantum_circuits\two_qutrit\monomial_full__sup013_P021_ph010\F3_W.qpy,C:\Users\szymon\QuditsOnQubits\QuditsOnQubits\basis_direct_encoding_benchmarks\quantum_circuits\two_qutrit\monomial_full__sup013_P021_ph010\CZ3_W.qpy,C:\Users\szymon\QuditsOnQubits\QuditsOnQubits\basis_direct_encoding_benchmarks\quantum_circuits\two_qutrit\monomial_full__sup013_P021_ph010\graph_state_direct_basis.qpy,C:\Users\szymon\QuditsOnQubits\QuditsOnQubits\basis_direct_encoding_benchmarks\quantum_circuits\two_qutrit\monomial_full__sup013_P021_ph010\graph_state_direct_basis_transpiled.qpy,,C:\Users\szymon\QuditsOnQubits\QuditsOnQubits\basis_direct_encoding_benchmarks\quantum_circuits\two_qutrit\monomial_full__sup013_P021_ph010\E.npy
direct_basis_encoding,two_qutrit,two_qutrit,star,two_qutrit,2,2,4,sup013_P021_ph011,monomial,monomial_full,sup013_P021_ph011,False,True,17,47,64,43,,,0.832951,True,False,ok,,Converted from legacy E_new 4x3 isometry candidate.; Fidelity skipped because transpiled circuit has 128 qubits.,43,46.9,3.18,64,69.3,17,18.5,128,"{'rz': 20, 'rx': 14, 'cz': 14, 'sx': 13, 'rzz': 3}",10,10,0,C:\Users\szymon\QuditsOnQubits\QuditsOnQubits\basis_direct_encoding_benchmarks\quantum_circuits\two_qutrit\monomial_full__sup013_P021_ph011,C:\Users\szymon\QuditsOnQubits\QuditsOnQubits\basis_direct_encoding_benchmarks\quantum_circuits\two_qutrit\monomial_full__sup013_P021_ph011\F3_W.qpy,C:\Users\szymon\QuditsOnQubits\QuditsOnQubits\basis_direct_encoding_benchmarks\quantum_circuits\two_qutrit\monomial_full__sup013_P021_ph011\CZ3_W.qpy,C:\Users\szymon\QuditsOnQubits\QuditsOnQubits\basis_direct_encoding_benchmarks\quantum_circuits\two_qutrit\monomial_full__sup013_P021_ph011\graph_state_direct_basis.qpy,C:\Users\szymon\QuditsOnQubits\QuditsOnQubits\basis_direct_encoding_benchmarks\quantum_circuits\two_qutrit\monomial_full__sup013_P021_ph011\graph_state_direct_basis_transpiled.qpy,,C:\Users\szymon\QuditsOnQubits\QuditsOnQubits\basis_direct_encoding_benchmarks\quantum_circuits\two_qutrit\monomial_full__sup013_P021_ph011\E.npy
direct_basis_encoding,two_qutrit,two_qutrit,star,two_qutrit,2,2,4,sup013_P021_ph012,monomial,monomial_full,sup013_P021_ph012,False,True,17,46,63,43,,,0.926544,True,False,ok,,Converted from legacy E_new 4x3 isometry candidate.; Fidelity skipped because transpiled circuit has 128 qubits.,43,46.6,3.29,63,68.7,17,18.5,128,"{'rz': 20, 'cz': 14, 'sx': 13, 'rx': 13, 'rzz': 3}",10,10,0,C:\Users\szymon\QuditsOnQubits\QuditsOnQubits\basis_direct_encoding_benchmarks\quantum_circuits\two_qutrit\monomial_full__sup013_P021_ph012,C:\Users\szymon\QuditsOnQubits\QuditsOnQubits\basis_direct_encoding_benchmarks\quantum_circuits\two_qutrit\monomial_full__sup013_P021_ph012\F3_W.qpy,C:\Users\szymon\QuditsOnQubits\QuditsOnQubits\basis_direct_encoding_benchmarks\quantum_circuits\two_qutrit\monomial_full__sup013_P021_ph012\CZ3_W.qpy,C:\Users\szymon\QuditsOnQubits\QuditsOnQubits\basis_direct_encoding_benchmarks\quantum_circuits\two_qutrit\monomial_full__sup013_P021_ph012\graph_state_direct_basis.qpy,C:\Users\szymon\QuditsOnQubits\QuditsOnQubits\basis_direct_encoding_benchmarks\quantum_circuits\two_qutrit\monomial_full__sup013_P021_ph012\graph_state_direct_basis_transpiled.qpy,,C:\Users\szymon\QuditsOnQubits\QuditsOnQubits\basis_direct_encoding_benchmarks\quantum_circuits\two_qutrit\monomial_full__sup013_P021_ph012\E.npy
direct_basis_encoding,two_qutrit,two_qutrit,star,two_qutrit,2,2,4,sup013_P021_ph020,monomial,monomial_full,sup013_P021_ph020,False,True,17,44,61,42,,,0.948565,True,False,ok,,Converted from legacy E_new 4x3 isometry candidate.; Fidelity skipped because transpiled circuit has 128 qubits.,42,46.3,3.63,61,66.2,17,18.5,128,"{'rz': 17, 'rx': 14, 'cz': 14, 'sx': 13, 'rzz': 3}",10,10,0,C:\Users\szymon\QuditsOnQubits\QuditsOnQubits\basis_direct_encoding_benchmarks\quantum_circuits\two_qutrit\monomial_full__sup013_P021_ph020,C:\Users\szymon\QuditsOnQubits\QuditsOnQubits\basis_direct_encoding_benchmarks\quantum_circuits\two_qutrit\monomial_full__sup013_P021_ph020\F3_W.qpy,C:\Users\szymon\QuditsOnQubits\QuditsOnQubits\basis_direct_encoding_benchmarks\quantum_circuits\two_qutrit\monomial_full__sup013_P021_ph020\CZ3_W.qpy,C:\Users\szymon\QuditsOnQubits\QuditsOnQubits\basis_direct_encoding_benchmarks\quantum_circuits\two_qutrit\monomial_full__sup013_P021_ph020\graph_state_direct_basis.qpy,C:\Users\szymon\QuditsOnQubits\QuditsOnQubits\basis_direct_encoding_benchmarks\quantum_circuits\two_qutrit\monomial_full__sup013_P021_ph020\graph_state_direct_basis_transpiled.qpy,,C:\Users\szymon\QuditsOnQubits\QuditsOnQubits\basis_direct_encoding_benchmarks\quantum_circuits\two_qutrit\monomial_full__sup013_P021_ph020\E.npy
direct_basis_encoding,two_qutrit,two_qutrit,star,two_qutrit,2,2,4,sup013_P021_ph021,monomial,monomial_full,sup013_P021_ph021,False,True,17,47,64,43,,,1.061226,True,False,ok,,Converted from legacy E_new 4x3 isometry candidate.; Fidelity skipped because transpiled circuit has 128 qubits.,43,46.6,3.29,64,69.3,17,18.5,128,"{'rz': 20, 'rx': 14, 'cz': 14, 'sx': 13, 'rzz': 3}",10,10,0,C:\Users\szymon\QuditsOnQubits\QuditsOnQubits\basis_direct_encoding_benchmarks\quantum_circuits\two_qutrit\monomial_full__sup013_P021_ph021,C:\Users\szymon\QuditsOnQubits\QuditsOnQubits\basis_direct_encoding_benchmarks\quantum_circuits\two_qutrit\monomial_full__sup013_P021_ph021\F3_W.qpy,C:\Users\szymon\QuditsOnQubits\QuditsOnQubits\basis_direct_encoding_benchmarks\quantum_circuits\two_qutrit\monomial_full__sup013_P021_ph021\CZ3_W.qpy,C:\Users\szymon\QuditsOnQubits\QuditsOnQubits\basis_direct_encoding_benchmarks\quantum_circuits\two_qutrit\monomial_full__sup013_P021_ph021\graph_state_direct_basis.qpy,C:\Users\szymon\QuditsOnQubits\QuditsOnQubits\basis_direct_encoding_benchmarks\quantum_circuits\two_qutrit\monomial_full__sup013_P021_ph021\graph_state_direct_basis_transpiled.qpy,,C:\Users\szymon\QuditsOnQubits\QuditsOnQubits\basis_direct_encoding_benchmarks\quantum_circuits\two_qutrit\monomial_full__sup013_P021_ph021\E.npy
direct_basis_encoding,two_qutrit,two_qutrit,star,two_qutrit,2,2,4,sup013_P021_ph022,monomial,monomial_full,sup013_P021_ph022,False,True,17,47,64,43,,,0.986775,True,False,ok,,Converted from legacy E_new 4x3 isometry candidate.; Fidelity skipped because transpiled circuit has 128 qubits.,43,46.9,3.18,64,69.3,17,18.5,128,"{'rz': 20, 'rx': 14, 'cz': 14, 'sx': 13, 'rzz': 3}",10,10,0,C:\Users\szymon\QuditsOnQubits\QuditsOnQubits\basis_direct_encoding_benchmarks\quantum_circuits\two_qutrit\monomial_full__sup013_P021_ph022,C:\Users\szymon\QuditsOnQubits\QuditsOnQubits\basis_direct_encoding_benchmarks\quantum_circuits\two_qutrit\monomial_full__sup013_P021_ph022\F3_W.qpy,C:\Users\szymon\QuditsOnQubits\QuditsOnQubits\basis_direct_encoding_benchmarks\quantum_circuits\two_qutrit\monomial_full__sup013_P021_ph022\CZ3_W.qpy,C:\Users\szymon\QuditsOnQubits\QuditsOnQubits\basis_direct_encoding_benchmarks\quantum_circuits\two_qutrit\monomial_full__sup013_P021_ph022\graph_state_direct_basis.qpy,C:\Users\szymon\QuditsOnQubits\QuditsOnQubits\basis_direct_encoding_benchmarks\quantum_circuits\two_qutrit\monomial_full__sup013_P021_ph022\graph_state_direct_basis_transpiled.qpy,,C:\Users\szymon\QuditsOnQubits\QuditsOnQubits\basis_direct_encoding_benchmarks\quantum_circuits\two_qutrit\monomial_full__sup013_P021_ph022\E.npy
direct_basis_encoding,two_qutrit,two_qutrit,star,two_qutrit,2,2,4,sup013_P021_ph100,monomial,monomial_full,sup013_P021_ph100,False,True,17,46,63,43,,,0.980783,True,False,ok,,Converted from legacy E_new 4x3 isometry candidate.; Fidelity skipped because transpiled circuit has 128 qubits.,43,46.6,3.29,63,68.4,17,18.5,128,"{'rz': 20, 'cz': 14, 'sx': 13, 'rx': 13, 'rzz': 3}",10,10,0,C:\Users\szymon\QuditsOnQubits\QuditsOnQubits\basis_direct_encoding_benchmarks\quantum_circuits\two_qutrit\monomial_full__sup013_P021_ph100,C:\Users\szymon\QuditsOnQubits\QuditsOnQubits\basis_direct_encoding_benchmarks\quantum_circuits\two_qutrit\monomial_full__sup013_P021_ph100\F3_W.qpy,C:\Users\szymon\QuditsOnQubits\QuditsOnQubits\basis_direct_encoding_benchmarks\quantum_circuits\two_qutrit\monomial_full__sup013_P021_ph100\CZ3_W.qpy,C:\Users\szymon\QuditsOnQubits\QuditsOnQubits\basis_direct_encoding_benchmarks\quantum_circuits\two_qutrit\monomial_full__sup013_P021_ph100\graph_state_direct_basis.qpy,C:\Users\szymon\QuditsOnQubits\QuditsOnQubits\basis_direct_encoding_benchmarks\quantum_circuits\two_qutrit\monomial_full__sup013_P021_ph100\graph_state_direct_basis_transpiled.qpy,,C:\Users\szymon\QuditsOnQubits\QuditsOnQubits\basis_direct_encoding_benchmarks\quantum_circuits\two_qutrit\monomial_full__sup013_P021_ph100\E.npy
direct_basis_encoding,two_qutrit,two_qutrit,star,two_qutrit,2,2,4,sup013_P021_ph101,monomial,monomial_full,sup013_P021_ph101,False,True,17,47,64,43,,,0.832528,True,False,ok,,Converted from legacy E_new 4x3 isometry candidate.; Fidelity skipped because transpiled circuit has 128 qubits.,43,46.9,3.18,64,69.9,17,18.5,128,"{'rz': 20, 'rx': 14, 'cz': 14, 'sx': 13, 'rzz': 3}",10,10,0,C:\Users\szymon\QuditsOnQubits\QuditsOnQubits\basis_direct_encoding_benchmarks\quantum_circuits\two_qutrit\monomial_full__sup013_P021_ph101,C:\Users\szymon\QuditsOnQubits\QuditsOnQubits\basis_direct_encoding_benchmarks\quantum_circuits\two_qutrit\monomial_full__sup013_P021_ph101\F3_W.qpy,C:\Users\szymon\QuditsOnQubits\QuditsOnQubits\basis_direct_encoding_benchmarks\quantum_circuits\two_qutrit\monomial_full__sup013_P021_ph101\CZ3_W.qpy,C:\Users\szymon\QuditsOnQubits\QuditsOnQubits\basis_direct_encoding_benchmarks\quantum_circuits\two_qutrit\monomial_full__sup013_P021_ph101\graph_state_direct_basis.qpy,C:\Users\szymon\QuditsOnQubits\QuditsOnQubits\basis_direct_encoding_benchmarks\quantum_circuits\two_qutrit\monomial_full__sup013_P021_ph101\graph_state_direct_basis_transpiled.qpy,,C:\Users\szymon\QuditsOnQubits\QuditsOnQubits\basis_direct_encoding_benchmarks\quantum_circuits\two_qutrit\monomial_full__sup013_P021_ph101\E.npy
direct_basis_encoding,two_qutrit,two_qutrit,star,two_qutrit,2,2,4,sup013_P021_ph102,monomial,monomial_full,sup013_P021_ph102,False,True,17,44,61,42,,,1.032454,True,False,ok,,Converted from legacy E_new 4x3 isometry candidate.; Fidelity skipped because transpiled circuit has 128 qubits.,42,46.3,3.63,61,66.5,17,18.5,128,"{'rz': 17, 'rx': 14, 'cz': 14, 'sx': 13, 'rzz': 3}",10,10,0,C:\Users\szymon\QuditsOnQubits\QuditsOnQubits\basis_direct_encoding_benchmarks\quantum_circuits\two_qutrit\monomial_full__sup013_P021_ph102,C:\Users\szymon\QuditsOnQubits\QuditsOnQubits\basis_direct_encoding_benchmarks\quantum_circuits\two_qutrit\monomial_full__sup013_P021_ph102\F3_W.qpy,C:\Users\szymon\QuditsOnQubits\QuditsOnQubits\basis_direct_encoding_benchmarks\quantum_circuits\two_qutrit\monomial_full__sup013_P021_ph102\CZ3_W.qpy,C:\Users\szymon\QuditsOnQubits\QuditsOnQubits\basis_direct_encoding_benchmarks\quantum_circuits\two_qutrit\monomial_full__sup013_P021_ph102\graph_state_direct_basis.qpy,C:\Users\szymon\QuditsOnQubits\QuditsOnQubits\basis_direct_encoding_benchmarks\quantum_circuits\two_qutrit\monomial_full__sup013_P021_ph102\graph_state_direct_basis_transpiled.qpy,,C:\Users\szymon\QuditsOnQubits\QuditsOnQubits\basis_direct_encoding_benchmarks\quantum_circuits\two_qutrit\monomial_full__sup013_P021_ph102\E.npy
direct_basis_encoding,two_qutrit,two_qutrit,star,two_qutrit,2,2,4,sup013_P021_ph110,monomial,monomial_full,sup013_P021_ph110,False,True,17,45,62,42,,,1.228247,True,False,ok,,Converted from legacy E_new 4x3 isometry candidate.; Fidelity skipped because transpiled circuit has 128 qubits.,42,46.0,3.29,62,68.2,17,18.5,128,"{'rz': 18, 'rx': 14, 'cz': 14, 'sx': 13, 'rzz': 3}",10,10,0,C:\Users\szymon\QuditsOnQubits\QuditsOnQubits\basis_direct_encoding_benchmarks\quantum_circuits\two_qutrit\monomial_full__sup013_P021_ph110,C:\Users\szymon\QuditsOnQubits\QuditsOnQubits\basis_direct_encoding_benchmarks\quantum_circuits\two_qutrit\monomial_full__sup013_P021_ph110\F3_W.qpy,C:\Users\szymon\QuditsOnQubits\QuditsOnQubits\basis_direct_encoding_benchmarks\quantum_circuits\two_qutrit\monomial_full__sup013_P021_ph110\CZ3_W.qpy,C:\Users\szymon\QuditsOnQubits\QuditsOnQubits\basis_direct_encoding_benchmarks\quantum_circuits\two_qutrit\monomial_full__sup013_P021_ph110\graph_state_direct_basis.qpy,C:\Users\szymon\QuditsOnQubits\QuditsOnQubits\basis_direct_encoding_benchmarks\quantum_circuits\two_qutrit\monomial_full__sup013_P021_ph110\graph_state_direct_basis_transpiled.qpy,,C:\Users\szymon\QuditsOnQubits\QuditsOnQubits\basis_direct_encoding_benchmarks\quantum_circuits\two_qutrit\monomial_full__sup013_P021_ph110\E.npy
direct_basis_encoding,two_qutrit,two_qutrit,star,two_qutrit,2,2,4,sup013_P021_ph111,monomial,monomial_full,sup013_P021_ph111,False,True,17,45,62,42,,,0.848403,True,False,ok,,Converted from legacy E_new 4x3 isometry candidate.; Fidelity skipped because transpiled circuit has 128 qubits.,42,46.0,3.29,62,67.6,17,18.5,128,"{'rz': 18, 'rx': 14, 'cz': 14, 'sx': 13, 'rzz': 3}",10,10,0,C:\Users\szymon\QuditsOnQubits\QuditsOnQubits\basis_direct_encoding_benchmarks\quantum_circuits\two_qutrit\monomial_full__sup013_P021_ph111,C:\Users\szymon\QuditsOnQubits\QuditsOnQubits\basis_direct_encoding_benchmarks\quantum_circuits\two_qutrit\monomial_full__sup013_P021_ph111\F3_W.qpy,C:\Users\szymon\QuditsOnQubits\QuditsOnQubits\basis_direct_encoding_benchmarks\quantum_circuits\two_qutrit\monomial_full__sup013_P021_ph111\CZ3_W.qpy,C:\Users\szymon\QuditsOnQubits\QuditsOnQubits\basis_direct_encoding_benchmarks\quantum_circuits\two_qutrit\monomial_full__sup013_P021_ph111\graph_state_direct_basis.qpy,C:\Users\szymon\QuditsOnQubits\QuditsOnQubits\basis_direct_encoding_benchmarks\quantum_circuits\two_qutrit\monomial_full__sup013_P021_ph111\graph_state_direct_basis_transpiled.qpy,,C:\Users\szymon\QuditsOnQubits\QuditsOnQubits\basis_direct_encoding_benchmarks\quantum_circuits\two_qutrit\monomial_full__sup013_P021_ph111\E.npy
direct_basis_encoding,two_qutrit,two_qutrit,star,two_qutrit,2,2,4,sup013_P021_ph112,monomial,monomial_full,sup013_P021_ph112,False,True,17,41,58,41,,,0.911906,True,False,ok,,Converted from legacy E_new 4x3 isometry candidate.; Fidelity skipped because transpiled circuit has 128 qubits.,41,45.1,3.88,58,63.6,17,18.5,128,"{'rz': 15, 'cz': 14, 'sx': 13, 'rx': 13, 'rzz': 3}",10,10,0,C:\Users\szymon\QuditsOnQubits\QuditsOnQubits\basis_direct_encoding_benchmarks\quantum_circuits\two_qutrit\monomial_full__sup013_P021_ph112,C:\Users\szymon\QuditsOnQubits\QuditsOnQubits\basis_direct_encoding_benchmarks\quantum_circuits\two_qutrit\monomial_full__sup013_P021_ph112\F3_W.qpy,C:\Users\szymon\QuditsOnQubits\QuditsOnQubits\basis_direct_encoding_benchmarks\quantum_circuits\two_qutrit\monomial_full__sup013_P021_ph112\CZ3_W.qpy,C:\Users\szymon\QuditsOnQubits\QuditsOnQubits\basis_direct_encoding_benchmarks\quantum_circuits\two_qutrit\monomial_full__sup013_P021_ph112\graph_state_direct_basis.qpy,C:\Users\szymon\QuditsOnQubits\QuditsOnQubits\basis_direct_encoding_benchmarks\quantum_circuits\two_qutrit\monomial_full__sup013_P021_ph112\graph_state_direct_basis_transpiled.qpy,,C:\Users\szymon\QuditsOnQubits\QuditsOnQubits\basis_direct_encoding_benchmarks\quantum_circuits\two_qutrit\monomial_full__sup013_P021_ph112\E.npy
direct_basis_encoding,two_qutrit,two_qutrit,star,two_qutrit,2,2,4,sup013_P021_ph120,monomial,monomial_full,sup013_P021_ph120,False,True,17,47,64,43,,,0.899318,True,False,ok,,Converted from legacy E_new 4x3 isometry candidate.; Fidelity skipped because transpiled circuit has 128 qubits.,43,46.9,3.18,64,69.9,17,18.5,128,"{'rz': 20, 'rx': 14, 'cz': 14, 'sx': 13, 'rzz': 3}",10,10,0,C:\Users\szymon\QuditsOnQubits\QuditsOnQubits\basis_direct_encoding_benchmarks\quantum_circuits\two_qutrit\monomial_full__sup013_P021_ph120,C:\Users\szymon\QuditsOnQubits\QuditsOnQubits\basis_direct_encoding_benchmarks\quantum_circuits\two_qutrit\monomial_full__sup013_P021_ph120\F3_W.qpy,C:\Users\szymon\QuditsOnQubits\QuditsOnQubits\basis_direct_encoding_benchmarks\quantum_circuits\two_qutrit\monomial_full__sup013_P021_ph120\CZ3_W.qpy,C:\Users\szymon\QuditsOnQubits\QuditsOnQubits\basis_direct_encoding_benchmarks\quantum_circuits\two_qutrit\monomial_full__sup013_P021_ph120\graph_state_direct_basis.qpy,C:\Users\szymon\QuditsOnQubits\QuditsOnQubits\basis_direct_encoding_benchmarks\quantum_circuits\two_qutrit\monomial_full__sup013_P021_ph120\graph_state_direct_basis_transpiled.qpy,,C:\Users\szymon\QuditsOnQubits\QuditsOnQubits\basis_direct_encoding_benchmarks\quantum_circuits\two_qutrit\monomial_full__sup013_P021_ph120\E.npy
direct_basis_encoding,two_qutrit,two_qutrit,star,two_qutrit,2,2,4,sup013_P021_ph121,monomial,monomial_full,sup013_P021_ph121,False,True,17,47,64,43,,,0.884603,True,False,ok,,Converted from legacy E_new 4x3 isometry candidate.; Fidelity skipped because transpiled circuit has 128 qubits.,43,46.6,3.29,64,69.6,17,18.5,128,"{'rz': 20, 'rx': 14, 'cz': 14, 'sx': 13, 'rzz': 3}",10,10,0,C:\Users\szymon\QuditsOnQubits\QuditsOnQubits\basis_direct_encoding_benchmarks\quantum_circuits\two_qutrit\monomial_full__sup013_P021_ph121,C:\Users\szymon\QuditsOnQubits\QuditsOnQubits\basis_direct_encoding_benchmarks\quantum_circuits\two_qutrit\monomial_full__sup013_P021_ph121\F3_W.qpy,C:\Users\szymon\QuditsOnQubits\QuditsOnQubits\basis_direct_encoding_benchmarks\quantum_circuits\two_qutrit\monomial_full__sup013_P021_ph121\CZ3_W.qpy,C:\Users\szymon\QuditsOnQubits\QuditsOnQubits\basis_direct_encoding_benchmarks\quantum_circuits\two_qutrit\monomial_full__sup013_P021_ph121\graph_state_direct_basis.qpy,C:\Users\szymon\QuditsOnQubits\QuditsOnQubits\basis_direct_encoding_benchmarks\quantum_circuits\two_qutrit\monomial_full__sup013_P021_ph121\graph_state_direct_basis_transpiled.qpy,,C:\Users\szymon\QuditsOnQubits\QuditsOnQubits\basis_direct_encoding_benchmarks\quantum_circuits\two_qutrit\monomial_full__sup013_P021_ph121\E.npy
direct_basis_encoding,two_qutrit,two_qutrit,star,two_qutrit,2,2,4,sup013_P021_ph122,monomial,monomial_full,sup013_P021_ph122,False,True,17,43,60,42,,,0.886034,True,False,ok,,Converted from legacy E_new 4x3 isometry candidate.; Fidelity skipped because transpiled circuit has 128 qubits.,42,46.3,3.63,60,65.6,17,18.5,128,"{'rz': 17, 'cz': 14, 'sx': 13, 'rx': 13, 'rzz': 3}",10,10,0,C:\Users\szymon\QuditsOnQubits\QuditsOnQubits\basis_direct_encoding_benchmarks\quantum_circuits\two_qutrit\monomial_full__sup013_P021_ph122,C:\Users\szymon\QuditsOnQubits\QuditsOnQubits\basis_direct_encoding_benchmarks\quantum_circuits\two_qutrit\monomial_full__sup013_P021_ph122\F3_W.qpy,C:\Users\szymon\QuditsOnQubits\QuditsOnQubits\basis_direct_encoding_benchmarks\quantum_circuits\two_qutrit\monomial_full__sup013_P021_ph122\CZ3_W.qpy,C:\Users\szymon\QuditsOnQubits\QuditsOnQubits\basis_direct_encoding_benchmarks\quantum_circuits\two_qutrit\monomial_full__sup013_P021_ph122\graph_state_direct_basis.qpy,C:\Users\szymon\QuditsOnQubits\QuditsOnQubits\basis_direct_encoding_benchmarks\quantum_circuits\two_qutrit\monomial_full__sup013_P021_ph122\graph_state_direct_basis_transpiled.qpy,,C:\Users\szymon\QuditsOnQubits\QuditsOnQubits\basis_direct_encoding_benchmarks\quantum_circuits\two_qutrit\monomial_full__sup013_P021_ph122\E.npy
direct_basis_encoding,two_qutrit,two_qutrit,star,two_qutrit,2,2,4,sup013_P021_ph200,monomial,monomial_full,sup013_P021_ph200,False,True,17,46,63,43,,,1.144558,True,False,ok,,Converted from legacy E_new 4x3 isometry candidate.; Fidelity skipped because transpiled circuit has 128 qubits.,43,46.6,3.29,63,68.7,17,18.5,128,"{'rz': 20, 'cz': 14, 'sx': 13, 'rx': 13, 'rzz': 3}",10,10,0,C:\Users\szymon\QuditsOnQubits\QuditsOnQubits\basis_direct_encoding_benchmarks\quantum_circuits\two_qutrit\monomial_full__sup013_P021_ph200,C:\Users\szymon\QuditsOnQubits\QuditsOnQubits\basis_direct_encoding_benchmarks\quantum_circuits\two_qutrit\monomial_full__sup013_P021_ph200\F3_W.qpy,C:\Users\szymon\QuditsOnQubits\QuditsOnQubits\basis_direct_encoding_benchmarks\quantum_circuits\two_qutrit\monomial_full__sup013_P021_ph200\CZ3_W.qpy,C:\Users\szymon\QuditsOnQubits\QuditsOnQubits\basis_direct_encoding_benchmarks\quantum_circuits\two_qutrit\monomial_full__sup013_P021_ph200\graph_state_direct_basis.qpy,C:\Users\szymon\QuditsOnQubits\QuditsOnQubits\basis_direct_encoding_benchmarks\quantum_circuits\two_qutrit\monomial_full__sup013_P021_ph200\graph_state_direct_basis_transpiled.qpy,,C:\Users\szymon\QuditsOnQubits\QuditsOnQubits\basis_direct_encoding_benchmarks\quantum_circuits\two_qutrit\monomial_full__sup013_P021_ph200\E.npy
direct_basis_encoding,two_qutrit,two_qutrit,star,two_qutrit,2,2,4,sup013_P021_ph201,monomial,monomial_full,sup013_P021_ph201,False,True,17,43,60,42,,,0.916787,True,False,ok,,Converted from legacy E_new 4x3 isometry candidate.; Fidelity skipped because transpiled circuit has 128 qubits.,42,46.3,3.63,60,65.9,17,18.5,128,"{'rz': 17, 'cz': 14, 'sx': 13, 'rx': 13, 'rzz': 3}",10,10,0,C:\Users\szymon\QuditsOnQubits\QuditsOnQubits\basis_direct_encoding_benchmarks\quantum_circuits\two_qutrit\monomial_full__sup013_P021_ph201,C:\Users\szymon\QuditsOnQubits\QuditsOnQubits\basis_direct_encoding_benchmarks\quantum_circuits\two_qutrit\monomial_full__sup013_P021_ph201\F3_W.qpy,C:\Users\szymon\QuditsOnQubits\QuditsOnQubits\basis_direct_encoding_benchmarks\quantum_circuits\two_qutrit\monomial_full__sup013_P021_ph201\CZ3_W.qpy,C:\Users\szymon\QuditsOnQubits\QuditsOnQubits\basis_direct_encoding_benchmarks\quantum_circuits\two_qutrit\monomial_full__sup013_P021_ph201\graph_state_direct_basis.qpy,C:\Users\szymon\QuditsOnQubits\QuditsOnQubits\basis_direct_encoding_benchmarks\quantum_circuits\two_qutrit\monomial_full__sup013_P021_ph201\graph_state_direct_basis_transpiled.qpy,,C:\Users\szymon\QuditsOnQubits\QuditsOnQubits\basis_direct_encoding_benchmarks\quantum_circuits\two_qutrit\monomial_full__sup013_P021_ph201\E.npy
direct_basis_encoding,two_qutrit,two_qutrit,star,two_qutrit,2,2,4,sup013_P021_ph202,monomial,monomial_full,sup013_P021_ph202,False,True,17,47,64,43,,,0.98242,True,False,ok,,Converted from legacy E_new 4x3 isometry candidate.; Fidelity skipped because transpiled circuit has 128 qubits.,43,46.9,3.18,64,69.9,17,18.5,128,"{'rz': 20, 'rx': 14, 'cz': 14, 'sx': 13, 'rzz': 3}",10,10,0,C:\Users\szymon\QuditsOnQubits\QuditsOnQubits\basis_direct_encoding_benchmarks\quantum_circuits\two_qutrit\monomial_full__sup013_P021_ph202,C:\Users\szymon\QuditsOnQubits\QuditsOnQubits\basis_direct_encoding_benchmarks\quantum_circuits\two_qutrit\monomial_full__sup013_P021_ph202\F3_W.qpy,C:\Users\szymon\QuditsOnQubits\QuditsOnQubits\basis_direct_encoding_benchmarks\quantum_circuits\two_qutrit\monomial_full__sup013_P021_ph202\CZ3_W.qpy,C:\Users\szymon\QuditsOnQubits\QuditsOnQubits\basis_direct_encoding_benchmarks\quantum_circuits\two_qutrit\monomial_full__sup013_P021_ph202\graph_state_direct_basis.qpy,C:\Users\szymon\QuditsOnQubits\QuditsOnQubits\basis_direct_encoding_benchmarks\quantum_circuits\two_qutrit\monomial_full__sup013_P021_ph202\graph_state_direct_basis_transpiled.qpy,,C:\Users\szymon\QuditsOnQubits\QuditsOnQubits\basis_direct_encoding_benchmarks\quantum_circuits\two_qutrit\monomial_full__sup013_P021_ph202\E.npy
direct_basis_encoding,two_qutrit,two_qutrit,star,two_qutrit,2,2,4,sup013_P021_ph210,monomial,monomial_full,sup013_P021_ph210,False,True,17,47,64,43,,,0.82658,True,False,ok,,Converted from legacy E_new 4x3 isometry candidate.; Fidelity skipped because transpiled circuit has 128 qubits.,43,46.9,3.18,64,69.6,17,18.5,128,"{'rz': 20, 'rx': 14, 'cz': 14, 'sx': 13, 'rzz': 3}",10,10,0,C:\Users\szymon\QuditsOnQubits\QuditsOnQubits\basis_direct_encoding_benchmarks\quantum_circuits\two_qutrit\monomial_full__sup013_P021_ph210,C:\Users\szymon\QuditsOnQubits\QuditsOnQubits\basis_direct_encoding_benchmarks\quantum_circuits\two_qutrit\monomial_full__sup013_P021_ph210\F3_W.qpy,C:\Users\szymon\QuditsOnQubits\QuditsOnQubits\basis_direct_encoding_benchmarks\quantum_circuits\two_qutrit\monomial_full__sup013_P021_ph210\CZ3_W.qpy,C:\Users\szymon\QuditsOnQubits\QuditsOnQubits\basis_direct_encoding_benchmarks\quantum_circuits\two_qutrit\monomial_full__sup013_P021_ph210\graph_state_direct_basis.qpy,C:\Users\szymon\QuditsOnQubits\QuditsOnQubits\basis_direct_encoding_benchmarks\quantum_circuits\two_qutrit\monomial_full__sup013_P021_ph210\graph_state_direct_basis_transpiled.qpy,,C:\Users\szymon\QuditsOnQubits\QuditsOnQubits\basis_direct_encoding_benchmarks\quantum_circuits\two_qutrit\monomial_full__sup013_P021_ph210\E.npy
direct_basis_encoding,two_qutrit,two_qutrit,star,two_qutrit,2,2,4,sup013_P021_ph211,monomial,monomial_full,sup013_P021_ph211,False,True,17,43,60,42,,,0.905782,True,False,ok,,Converted from legacy E_new 4x3 isometry candidate.; Fidelity skipped because transpiled circuit has 128 qubits.,42,46.3,3.63,60,65.6,17,18.5,128,"{'rz': 17, 'cz': 14, 'sx': 13, 'rx': 13, 'rzz': 3}",10,10,0,C:\Users\szymon\QuditsOnQubits\QuditsOnQubits\basis_direct_encoding_benchmarks\quantum_circuits\two_qutrit\monomial_full__sup013_P021_ph211,C:\Users\szymon\QuditsOnQubits\QuditsOnQubits\basis_direct_encoding_benchmarks\quantum_circuits\two_qutrit\monomial_full__sup013_P021_ph211\F3_W.qpy,C:\Users\szymon\QuditsOnQubits\QuditsOnQubits\basis_direct_encoding_benchmarks\quantum_circuits\two_qutrit\monomial_full__sup013_P021_ph211\CZ3_W.qpy,C:\Users\szymon\QuditsOnQubits\QuditsOnQubits\basis_direct_encoding_benchmarks\quantum_circuits\two_qutrit\monomial_full__sup013_P021_ph211\graph_state_direct_basis.qpy,C:\Users\szymon\QuditsOnQubits\QuditsOnQubits\basis_direct_encoding_benchmarks\quantum_circuits\two_qutrit\monomial_full__sup013_P021_ph211\graph_state_direct_basis_transpiled.qpy,,C:\Users\szymon\QuditsOnQubits\QuditsOnQubits\basis_direct_encoding_benchmarks\quantum_circuits\two_qutrit\monomial_full__sup013_P021_ph211\E.npy
direct_basis_encoding,two_qutrit,two_qutrit,star,two_qutrit,2,2,4,sup013_P021_ph212,monomial,monomial_full,sup013_P021_ph212,False,True,17,47,64,43,,,1.031138,True,False,ok,,Converted from legacy E_new 4x3 isometry candidate.; Fidelity skipped because transpiled circuit has 128 qubits.,43,46.6,3.29,64,69.6,17,18.5,128,"{'rz': 20, 'rx': 14, 'cz': 14, 'sx': 13, 'rzz': 3}",10,10,0,C:\Users\szymon\QuditsOnQubits\QuditsOnQubits\basis_direct_encoding_benchmarks\quantum_circuits\two_qutrit\monomial_full__sup013_P021_ph212,C:\Users\szymon\QuditsOnQubits\QuditsOnQubits\basis_direct_encoding_benchmarks\quantum_circuits\two_qutrit\monomial_full__sup013_P021_ph212\F3_W.qpy,C:\Users\szymon\QuditsOnQubits\QuditsOnQubits\basis_direct_encoding_benchmarks\quantum_circuits\two_qutrit\monomial_full__sup013_P021_ph212\CZ3_W.qpy,C:\Users\szymon\QuditsOnQubits\QuditsOnQubits\basis_direct_encoding_benchmarks\quantum_circuits\two_qutrit\monomial_full__sup013_P021_ph212\graph_state_direct_basis.qpy,C:\Users\szymon\QuditsOnQubits\QuditsOnQubits\basis_direct_encoding_benchmarks\quantum_circuits\two_qutrit\monomial_full__sup013_P021_ph212\graph_state_direct_basis_transpiled.qpy,,C:\Users\szymon\QuditsOnQubits\QuditsOnQubits\basis_direct_encoding_benchmarks\quantum_circuits\two_qutrit\monomial_full__sup013_P021_ph212\E.npy
direct_basis_encoding,two_qutrit,two_qutrit,star,two_qutrit,2,2,4,sup013_P021_ph220,monomial,monomial_full,sup013_P021_ph220,False,True,17,45,62,42,,,1.153971,True,False,ok,,Converted from legacy E_new 4x3 isometry candidate.; Fidelity skipped because transpiled circuit has 128 qubits.,42,46.0,3.29,62,67.9,17,18.5,128,"{'rz': 18, 'rx': 14, 'cz': 14, 'sx': 13, 'rzz': 3}",10,10,0,C:\Users\szymon\QuditsOnQubits\QuditsOnQubits\basis_direct_encoding_benchmarks\quantum_circuits\two_qutrit\monomial_full__sup013_P021_ph220,C:\Users\szymon\QuditsOnQubits\QuditsOnQubits\basis_direct_encoding_benchmarks\quantum_circuits\two_qutrit\monomial_full__sup013_P021_ph220\F3_W.qpy,C:\Users\szymon\QuditsOnQubits\QuditsOnQubits\basis_direct_encoding_benchmarks\quantum_circuits\two_qutrit\monomial_full__sup013_P021_ph220\CZ3_W.qpy,C:\Users\szymon\QuditsOnQubits\QuditsOnQubits\basis_direct_encoding_benchmarks\quantum_circuits\two_qutrit\monomial_full__sup013_P021_ph220\graph_state_direct_basis.qpy,C:\Users\szymon\QuditsOnQubits\QuditsOnQubits\basis_direct_encoding_benchmarks\quantum_circuits\two_qutrit\monomial_full__sup013_P021_ph220\graph_state_direct_basis_transpiled.qpy,,C:\Users\szymon\QuditsOnQubits\QuditsOnQubits\basis_direct_encoding_benchmarks\quantum_circuits\two_qutrit\monomial_full__sup013_P021_ph220\E.npy
direct_basis_encoding,two_qutrit,two_qutrit,star,two_qutrit,2,2,4,sup013_P021_ph221,monomial,monomial_full,sup013_P021_ph221,False,True,17,41,58,41,,,1.010689,True,False,ok,,Converted from legacy E_new 4x3 isometry candidate.; Fidelity skipped because transpiled circuit has 128 qubits.,41,45.1,3.88,58,63.9,17,18.5,128,"{'rz': 15, 'cz': 14, 'sx': 13, 'rx': 13, 'rzz': 3}",10,10,0,C:\Users\szymon\QuditsOnQubits\QuditsOnQubits\basis_direct_encoding_benchmarks\quantum_circuits\two_qutrit\monomial_full__sup013_P021_ph221,C:\Users\szymon\QuditsOnQubits\QuditsOnQubits\basis_direct_encoding_benchmarks\quantum_circuits\two_qutrit\monomial_full__sup013_P021_ph221\F3_W.qpy,C:\Users\szymon\QuditsOnQubits\QuditsOnQubits\basis_direct_encoding_benchmarks\quantum_circuits\two_qutrit\monomial_full__sup013_P021_ph221\CZ3_W.qpy,C:\Users\szymon\QuditsOnQubits\QuditsOnQubits\basis_direct_encoding_benchmarks\quantum_circuits\two_qutrit\monomial_full__sup013_P021_ph221\graph_state_direct_basis.qpy,C:\Users\szymon\QuditsOnQubits\QuditsOnQubits\basis_direct_encoding_benchmarks\quantum_circuits\two_qutrit\monomial_full__sup013_P021_ph221\graph_state_direct_basis_transpiled.qpy,,C:\Users\szymon\QuditsOnQubits\QuditsOnQubits\basis_direct_encoding_benchmarks\quantum_circuits\two_qutrit\monomial_full__sup013_P021_ph221\E.npy
direct_basis_encoding,two_qutrit,two_qutrit,star,two_qutrit,2,2,4,sup013_P021_ph222,monomial,monomial_full,sup013_P021_ph222,False,True,17,45,62,42,,,0.93635,True,False,ok,,Converted from legacy E_new 4x3 isometry candidate.; Fidelity skipped because transpiled circuit has 128 qubits.,42,46.0,3.29,62,67.6,17,18.5,128,"{'rz': 18, 'rx': 14, 'cz': 14, 'sx': 13, 'rzz': 3}",10,10,0,C:\Users\szymon\QuditsOnQubits\QuditsOnQubits\basis_direct_encoding_benchmarks\quantum_circuits\two_qutrit\monomial_full__sup013_P021_ph222,C:\Users\szymon\QuditsOnQubits\QuditsOnQubits\basis_direct_encoding_benchmarks\quantum_circuits\two_qutrit\monomial_full__sup013_P021_ph222\F3_W.qpy,C:\Users\szymon\QuditsOnQubits\QuditsOnQubits\basis_direct_encoding_benchmarks\quantum_circuits\two_qutrit\monomial_full__sup013_P021_ph222\CZ3_W.qpy,C:\Users\szymon\QuditsOnQubits\QuditsOnQubits\basis_direct_encoding_benchmarks\quantum_circuits\two_qutrit\monomial_full__sup013_P021_ph222\graph_state_direct_basis.qpy,C:\Users\szymon\QuditsOnQubits\QuditsOnQubits\basis_direct_encoding_benchmarks\quantum_circuits\two_qutrit\monomial_full__sup013_P021_ph222\graph_state_direct_basis_transpiled.qpy,,C:\Users\szymon\QuditsOnQubits\QuditsOnQubits\basis_direct_encoding_benchmarks\quantum_circuits\two_qutrit\monomial_full__sup013_P021_ph222\E.npy
direct_basis_encoding,two_qutrit,two_qutrit,star,two_qutrit,2,2,4,sup013_P102_ph000,monomial,monomial_full,sup013_P102_ph000,False,True,16,36,52,40,,,0.918581,True,False,ok,,Converted from legacy E_new 4x3 isometry candidate.; Fidelity skipped because transpiled circuit has 128 qubits.,40,40.0,0.0,52,52.5,16,16.0,128,"{'cz': 15, 'sx': 12, 'rx': 12, 'rz': 12, 'rzz': 1}",10,10,0,C:\Users\szymon\QuditsOnQubits\QuditsOnQubits\basis_direct_encoding_benchmarks\quantum_circuits\two_qutrit\monomial_full__sup013_P102_ph000,C:\Users\szymon\QuditsOnQubits\QuditsOnQubits\basis_direct_encoding_benchmarks\quantum_circuits\two_qutrit\monomial_full__sup013_P102_ph000\F3_W.qpy,C:\Users\szymon\QuditsOnQubits\QuditsOnQubits\basis_direct_encoding_benchmarks\quantum_circuits\two_qutrit\monomial_full__sup013_P102_ph000\CZ3_W.qpy,C:\Users\szymon\QuditsOnQubits\QuditsOnQubits\basis_direct_encoding_benchmarks\quantum_circuits\two_qutrit\monomial_full__sup013_P102_ph000\graph_state_direct_basis.qpy,C:\Users\szymon\QuditsOnQubits\QuditsOnQubits\basis_direct_encoding_benchmarks\quantum_circuits\two_qutrit\monomial_full__sup013_P102_ph000\graph_state_direct_basis_transpiled.qpy,,C:\Users\szymon\QuditsOnQubits\QuditsOnQubits\basis_direct_encoding_benchmarks\quantum_circuits\two_qutrit\monomial_full__sup013_P102_ph000\E.npy
direct_basis_encoding,two_qutrit,two_qutrit,star,two_qutrit,2,2,4,sup013_P102_ph001,monomial,monomial_full,sup013_P102_ph001,False,True,16,40,56,41,,,0.758633,True,False,ok,,Converted from legacy E_new 4x3 isometry candidate.; Fidelity skipped because transpiled circuit has 128 qubits.,41,41.5,0.5,56,56.0,16,16.0,128,"{'rz': 16, 'cz': 15, 'rx': 12, 'sx': 12, 'rzz': 1}",10,10,0,C:\Users\szymon\QuditsOnQubits\QuditsOnQubits\basis_direct_encoding_benchmarks\quantum_circuits\two_qutrit\monomial_full__sup013_P102_ph001,C:\Users\szymon\QuditsOnQubits\QuditsOnQubits\basis_direct_encoding_benchmarks\quantum_circuits\two_qutrit\monomial_full__sup013_P102_ph001\F3_W.qpy,C:\Users\szymon\QuditsOnQubits\QuditsOnQubits\basis_direct_encoding_benchmarks\quantum_circuits\two_qutrit\monomial_full__sup013_P102_ph001\CZ3_W.qpy,C:\Users\szymon\QuditsOnQubits\QuditsOnQubits\basis_direct_encoding_benchmarks\quantum_circuits\two_qutrit\monomial_full__sup013_P102_ph001\graph_state_direct_basis.qpy,C:\Users\szymon\QuditsOnQubits\QuditsOnQubits\basis_direct_encoding_benchmarks\quantum_circuits\two_qutrit\monomial_full__sup013_P102_ph001\graph_state_direct_basis_transpiled.qpy,,C:\Users\szymon\QuditsOnQubits\QuditsOnQubits\basis_direct_encoding_benchmarks\quantum_circuits\two_qutrit\monomial_full__sup013_P102_ph001\E.npy
direct_basis_encoding,two_qutrit,two_qutrit,star,two_qutrit,2,2,4,sup013_P102_ph002,monomial,monomial_full,sup013_P102_ph002,False,True,16,40,56,41,,,0.806665,True,False,ok,,Converted from legacy E_new 4x3 isometry candidate.; Fidelity skipped because transpiled circuit has 128 qubits.,41,41.5,0.5,56,55.5,16,16.0,128,"{'rz': 16, 'cz': 15, 'rx': 12, 'sx': 12, 'rzz': 1}",10,10,0,C:\Users\szymon\QuditsOnQubits\QuditsOnQubits\basis_direct_encoding_benchmarks\quantum_circuits\two_qutrit\monomial_full__sup013_P102_ph002,C:\Users\szymon\QuditsOnQubits\QuditsOnQubits\basis_direct_encoding_benchmarks\quantum_circuits\two_qutrit\monomial_full__sup013_P102_ph002\F3_W.qpy,C:\Users\szymon\QuditsOnQubits\QuditsOnQubits\basis_direct_encoding_benchmarks\quantum_circuits\two_qutrit\monomial_full__sup013_P102_ph002\CZ3_W.qpy,C:\Users\szymon\QuditsOnQubits\QuditsOnQubits\basis_direct_encoding_benchmarks\quantum_circuits\two_qutrit\monomial_full__sup013_P102_ph002\graph_state_direct_basis.qpy,C:\Users\szymon\QuditsOnQubits\QuditsOnQubits\basis_direct_encoding_benchmarks\quantum_circuits\two_qutrit\monomial_full__sup013_P102_ph002\graph_state_direct_basis_transpiled.qpy,,C:\Users\szymon\QuditsOnQubits\QuditsOnQubits\basis_direct_encoding_benchmarks\quantum_circuits\two_qutrit\monomial_full__sup013_P102_ph002\E.npy
direct_basis_encoding,two_qutrit,two_qutrit,star,two_qutrit,2,2,4,sup013_P102_ph010,monomial,monomial_full,sup013_P102_ph010,False,True,16,38,54,41,,,0.920336,True,False,ok,,Converted from legacy E_new 4x3 isometry candidate.; Fidelity skipped because transpiled circuit has 128 qubits.,41,41.5,0.5,54,54.0,16,16.0,128,"{'cz': 15, 'rz': 14, 'rx': 12, 'sx': 12, 'rzz': 1}",10,10,0,C:\Users\szymon\QuditsOnQubits\QuditsOnQubits\basis_direct_encoding_benchmarks\quantum_circuits\two_qutrit\monomial_full__sup013_P102_ph010,C:\Users\szymon\QuditsOnQubits\QuditsOnQubits\basis_direct_encoding_benchmarks\quantum_circuits\two_qutrit\monomial_full__sup013_P102_ph010\F3_W.qpy,C:\Users\szymon\QuditsOnQubits\QuditsOnQubits\basis_direct_encoding_benchmarks\quantum_circuits\two_qutrit\monomial_full__sup013_P102_ph010\CZ3_W.qpy,C:\Users\szymon\QuditsOnQubits\QuditsOnQubits\basis_direct_encoding_benchmarks\quantum_circuits\two_qutrit\monomial_full__sup013_P102_ph010\graph_state_direct_basis.qpy,C:\Users\szymon\QuditsOnQubits\QuditsOnQubits\basis_direct_encoding_benchmarks\quantum_circuits\two_qutrit\monomial_full__sup013_P102_ph010\graph_state_direct_basis_transpiled.qpy,,C:\Users\szymon\QuditsOnQubits\QuditsOnQubits\basis_direct_encoding_benchmarks\quantum_circuits\two_qutrit\monomial_full__sup013_P102_ph010\E.npy
direct_basis_encoding,two_qutrit,two_qutrit,star,two_qutrit,2,2,4,sup013_P102_ph011,monomial,monomial_full,sup013_P102_ph011,False,True,16,41,57,42,,,0.794647,True,False,ok,,Converted from legacy E_new 4x3 isometry candidate.; Fidelity skipped because transpiled circuit has 128 qubits.,42,42.5,0.5,57,57.0,16,16.0,128,"{'rz': 17, 'cz': 15, 'rx': 12, 'sx': 12, 'rzz': 1}",10,10,0,C:\Users\szymon\QuditsOnQubits\QuditsOnQubits\basis_direct_encoding_benchmarks\quantum_circuits\two_qutrit\monomial_full__sup013_P102_ph011,C:\Users\szymon\QuditsOnQubits\QuditsOnQubits\basis_direct_encoding_benchmarks\quantum_circuits\two_qutrit\monomial_full__sup013_P102_ph011\F3_W.qpy,C:\Users\szymon\QuditsOnQubits\QuditsOnQubits\basis_direct_encoding_benchmarks\quantum_circuits\two_qutrit\monomial_full__sup013_P102_ph011\CZ3_W.qpy,C:\Users\szymon\QuditsOnQubits\QuditsOnQubits\basis_direct_encoding_benchmarks\quantum_circuits\two_qutrit\monomial_full__sup013_P102_ph011\graph_state_direct_basis.qpy,C:\Users\szymon\QuditsOnQubits\QuditsOnQubits\basis_direct_encoding_benchmarks\quantum_circuits\two_qutrit\monomial_full__sup013_P102_ph011\graph_state_direct_basis_transpiled.qpy,,C:\Users\szymon\QuditsOnQubits\QuditsOnQubits\basis_direct_encoding_benchmarks\quantum_circuits\two_qutrit\monomial_full__sup013_P102_ph011\E.npy
direct_basis_encoding,two_qutrit,two_qutrit,star,two_qutrit,2,2,4,sup013_P102_ph012,monomial,monomial_full,sup013_P102_ph012,False,True,16,39,55,42,,,0.801007,True,False,ok,,Converted from legacy E_new 4x3 isometry candidate.; Fidelity skipped because transpiled circuit has 128 qubits.,42,42.0,0.0,55,56.0,16,16.0,128,"{'rz': 16, 'cz': 15, 'sx': 12, 'rx': 11, 'rzz': 1}",10,10,0,C:\Users\szymon\QuditsOnQubits\QuditsOnQubits\basis_direct_encoding_benchmarks\quantum_circuits\two_qutrit\monomial_full__sup013_P102_ph012,C:\Users\szymon\QuditsOnQubits\QuditsOnQubits\basis_direct_encoding_benchmarks\quantum_circuits\two_qutrit\monomial_full__sup013_P102_ph012\F3_W.qpy,C:\Users\szymon\QuditsOnQubits\QuditsOnQubits\basis_direct_encoding_benchmarks\quantum_circuits\two_qutrit\monomial_full__sup013_P102_ph012\CZ3_W.qpy,C:\Users\szymon\QuditsOnQubits\QuditsOnQubits\basis_direct_encoding_benchmarks\quantum_circuits\two_qutrit\monomial_full__sup013_P102_ph012\graph_state_direct_basis.qpy,C:\Users\szymon\QuditsOnQubits\QuditsOnQubits\basis_direct_encoding_benchmarks\quantum_circuits\two_qutrit\monomial_full__sup013_P102_ph012\graph_state_direct_basis_transpiled.qpy,,C:\Users\szymon\QuditsOnQubits\QuditsOnQubits\basis_direct_encoding_benchmarks\quantum_circuits\two_qutrit\monomial_full__sup013_P102_ph012\E.npy
direct_basis_encoding,two_qutrit,two_qutrit,star,two_qutrit,2,2,4,sup013_P102_ph020,monomial,monomial_full,sup013_P102_ph020,False,True,16,38,54,41,,,0.739588,True,False,ok,,Converted from legacy E_new 4x3 isometry candidate.; Fidelity skipped because transpiled circuit has 128 qubits.,41,41.5,0.5,54,54.0,16,16.0,128,"{'cz': 15, 'rz': 14, 'rx': 12, 'sx': 12, 'rzz': 1}",10,10,0,C:\Users\szymon\QuditsOnQubits\QuditsOnQubits\basis_direct_encoding_benchmarks\quantum_circuits\two_qutrit\monomial_full__sup013_P102_ph020,C:\Users\szymon\QuditsOnQubits\QuditsOnQubits\basis_direct_encoding_benchmarks\quantum_circuits\two_qutrit\monomial_full__sup013_P102_ph020\F3_W.qpy,C:\Users\szymon\QuditsOnQubits\QuditsOnQubits\basis_direct_encoding_benchmarks\quantum_circuits\two_qutrit\monomial_full__sup013_P102_ph020\CZ3_W.qpy,C:\Users\szymon\QuditsOnQubits\QuditsOnQubits\basis_direct_encoding_benchmarks\quantum_circuits\two_qutrit\monomial_full__sup013_P102_ph020\graph_state_direct_basis.qpy,C:\Users\szymon\QuditsOnQubits\QuditsOnQubits\basis_direct_encoding_benchmarks\quantum_circuits\two_qutrit\monomial_full__sup013_P102_ph020\graph_state_direct_basis_transpiled.qpy,,C:\Users\szymon\QuditsOnQubits\QuditsOnQubits\basis_direct_encoding_benchmarks\quantum_circuits\two_qutrit\monomial_full__sup013_P102_ph020\E.npy
direct_basis_encoding,two_qutrit,two_qutrit,star,two_qutrit,2,2,4,sup013_P102_ph021,monomial,monomial_full,sup013_P102_ph021,False,True,16,39,55,42,,,0.727814,True,False,ok,,Converted from legacy E_new 4x3 isometry candidate.; Fidelity skipped because transpiled circuit has 128 qubits.,42,42.0,0.0,55,56.0,16,16.0,128,"{'rz': 16, 'cz': 15, 'sx': 12, 'rx': 11, 'rzz': 1}",10,10,0,C:\Users\szymon\QuditsOnQubits\QuditsOnQubits\basis_direct_encoding_benchmarks\quantum_circuits\two_qutrit\monomial_full__sup013_P102_ph021,C:\Users\szymon\QuditsOnQubits\QuditsOnQubits\basis_direct_encoding_benchmarks\quantum_circuits\two_qutrit\monomial_full__sup013_P102_ph021\F3_W.qpy,C:\Users\szymon\QuditsOnQubits\QuditsOnQubits\basis_direct_encoding_benchmarks\quantum_circuits\two_qutrit\monomial_full__sup013_P102_ph021\CZ3_W.qpy,C:\Users\szymon\QuditsOnQubits\QuditsOnQubits\basis_direct_encoding_benchmarks\quantum_circuits\two_qutrit\monomial_full__sup013_P102_ph021\graph_state_direct_basis.qpy,C:\Users\szymon\QuditsOnQubits\QuditsOnQubits\basis_direct_encoding_benchmarks\quantum_circuits\two_qutrit\monomial_full__sup013_P102_ph021\graph_state_direct_basis_transpiled.qpy,,C:\Users\szymon\QuditsOnQubits\QuditsOnQubits\basis_direct_encoding_benchmarks\quantum_circuits\two_qutrit\monomial_full__sup013_P102_ph021\E.npy
direct_basis_encoding,two_qutrit,two_qutrit,star,two_qutrit,2,2,4,sup013_P102_ph022,monomial,monomial_full,sup013_P102_ph022,False,True,16,41,57,42,,,0.755196,True,False,ok,,Converted from legacy E_new 4x3 isometry candidate.; Fidelity skipped because transpiled circuit has 128 qubits.,42,42.5,0.5,57,56.5,16,16.0,128,"{'rz': 17, 'cz': 15, 'rx': 12, 'sx': 12, 'rzz': 1}",10,10,0,C:\Users\szymon\QuditsOnQubits\QuditsOnQubits\basis_direct_encoding_benchmarks\quantum_circuits\two_qutrit\monomial_full__sup013_P102_ph022,C:\Users\szymon\QuditsOnQubits\QuditsOnQubits\basis_direct_encoding_benchmarks\quantum_circuits\two_qutrit\monomial_full__sup013_P102_ph022\F3_W.qpy,C:\Users\szymon\QuditsOnQubits\QuditsOnQubits\basis_direct_encoding_benchmarks\quantum_circuits\two_qutrit\monomial_full__sup013_P102_ph022\CZ3_W.qpy,C:\Users\szymon\QuditsOnQubits\QuditsOnQubits\basis_direct_encoding_benchmarks\quantum_circuits\two_qutrit\monomial_full__sup013_P102_ph022\graph_state_direct_basis.qpy,C:\Users\szymon\QuditsOnQubits\QuditsOnQubits\basis_direct_encoding_benchmarks\quantum_circuits\two_qutrit\monomial_full__sup013_P102_ph022\graph_state_direct_basis_transpiled.qpy,,C:\Users\szymon\QuditsOnQubits\QuditsOnQubits\basis_direct_encoding_benchmarks\quantum_circuits\two_qutrit\monomial_full__sup013_P102_ph022\E.npy
direct_basis_encoding,two_qutrit,two_qutrit,star,two_qutrit,2,2,4,sup013_P102_ph100,monomial,monomial_full,sup013_P102_ph100,False,True,16,39,55,42,,,0.937913,True,False,ok,,Converted from legacy E_new 4x3 isometry candidate.; Fidelity skipped because transpiled circuit has 128 qubits.,42,42.0,0.0,55,56.0,16,16.0,128,"{'rz': 16, 'cz': 15, 'sx': 12, 'rx': 11, 'rzz': 1}",10,10,0,C:\Users\szymon\QuditsOnQubits\QuditsOnQubits\basis_direct_encoding_benchmarks\quantum_circuits\two_qutrit\monomial_full__sup013_P102_ph100,C:\Users\szymon\QuditsOnQubits\QuditsOnQubits\basis_direct_encoding_benchmarks\quantum_circuits\two_qutrit\monomial_full__sup013_P102_ph100\F3_W.qpy,C:\Users\szymon\QuditsOnQubits\QuditsOnQubits\basis_direct_encoding_benchmarks\quantum_circuits\two_qutrit\monomial_full__sup013_P102_ph100\CZ3_W.qpy,C:\Users\szymon\QuditsOnQubits\QuditsOnQubits\basis_direct_encoding_benchmarks\quantum_circuits\two_qutrit\monomial_full__sup013_P102_ph100\graph_state_direct_basis.qpy,C:\Users\szymon\QuditsOnQubits\QuditsOnQubits\basis_direct_encoding_benchmarks\quantum_circuits\two_qutrit\monomial_full__sup013_P102_ph100\graph_state_direct_basis_transpiled.qpy,,C:\Users\szymon\QuditsOnQubits\QuditsOnQubits\basis_direct_encoding_benchmarks\quantum_circuits\two_qutrit\monomial_full__sup013_P102_ph100\E.npy
direct_basis_encoding,two_qutrit,two_qutrit,star,two_qutrit,2,2,4,sup013_P102_ph101,monomial,monomial_full,sup013_P102_ph101,False,True,16,41,57,42,,,1.178693,True,False,ok,,Converted from legacy E_new 4x3 isometry candidate.; Fidelity skipped because transpiled circuit has 128 qubits.,42,42.5,0.5,57,56.5,16,16.0,128,"{'rz': 17, 'cz': 15, 'rx': 12, 'sx': 12, 'rzz': 1}",10,10,0,C:\Users\szymon\QuditsOnQubits\QuditsOnQubits\basis_direct_encoding_benchmarks\quantum_circuits\two_qutrit\monomial_full__sup013_P102_ph101,C:\Users\szymon\QuditsOnQubits\QuditsOnQubits\basis_direct_encoding_benchmarks\quantum_circuits\two_qutrit\monomial_full__sup013_P102_ph101\F3_W.qpy,C:\Users\szymon\QuditsOnQubits\QuditsOnQubits\basis_direct_encoding_benchmarks\quantum_circuits\two_qutrit\monomial_full__sup013_P102_ph101\CZ3_W.qpy,C:\Users\szymon\QuditsOnQubits\QuditsOnQubits\basis_direct_encoding_benchmarks\quantum_circuits\two_qutrit\monomial_full__sup013_P102_ph101\graph_state_direct_basis.qpy,C:\Users\szymon\QuditsOnQubits\QuditsOnQubits\basis_direct_encoding_benchmarks\quantum_circuits\two_qutrit\monomial_full__sup013_P102_ph101\graph_state_direct_basis_transpiled.qpy,,C:\Users\szymon\QuditsOnQubits\QuditsOnQubits\basis_direct_encoding_benchmarks\quantum_circuits\two_qutrit\monomial_full__sup013_P102_ph101\E.npy
direct_basis_encoding,two_qutrit,two_qutrit,star,two_qutrit,2,2,4,sup013_P102_ph102,monomial,monomial_full,sup013_P102_ph102,False,True,16,38,54,41,,,0.86016,True,False,ok,,Converted from legacy E_new 4x3 isometry candidate.; Fidelity skipped because transpiled circuit has 128 qubits.,41,41.5,0.5,54,54.0,16,16.0,128,"{'cz': 15, 'rz': 14, 'rx': 12, 'sx': 12, 'rzz': 1}",10,10,0,C:\Users\szymon\QuditsOnQubits\QuditsOnQubits\basis_direct_encoding_benchmarks\quantum_circuits\two_qutrit\monomial_full__sup013_P102_ph102,C:\Users\szymon\QuditsOnQubits\QuditsOnQubits\basis_direct_encoding_benchmarks\quantum_circuits\two_qutrit\monomial_full__sup013_P102_ph102\F3_W.qpy,C:\Users\szymon\QuditsOnQubits\QuditsOnQubits\basis_direct_encoding_benchmarks\quantum_circuits\two_qutrit\monomial_full__sup013_P102_ph102\CZ3_W.qpy,C:\Users\szymon\QuditsOnQubits\QuditsOnQubits\basis_direct_encoding_benchmarks\quantum_circuits\two_qutrit\monomial_full__sup013_P102_ph102\graph_state_direct_basis.qpy,C:\Users\szymon\QuditsOnQubits\QuditsOnQubits\basis_direct_encoding_benchmarks\quantum_circuits\two_qutrit\monomial_full__sup013_P102_ph102\graph_state_direct_basis_transpiled.qpy,,C:\Users\szymon\QuditsOnQubits\QuditsOnQubits\basis_direct_encoding_benchmarks\quantum_circuits\two_qutrit\monomial_full__sup013_P102_ph102\E.npy
direct_basis_encoding,two_qutrit,two_qutrit,star,two_qutrit,2,2,4,sup013_P102_ph110,monomial,monomial_full,sup013_P102_ph110,False,True,16,40,56,41,,,0.7297,True,False,ok,,Converted from legacy E_new 4x3 isometry candidate.; Fidelity skipped because transpiled circuit has 128 qubits.,41,41.5,0.5,56,55.5,16,16.0,128,"{'rz': 16, 'cz': 15, 'rx': 12, 'sx': 12, 'rzz': 1}",10,10,0,C:\Users\szymon\QuditsOnQubits\QuditsOnQubits\basis_direct_encoding_benchmarks\quantum_circuits\two_qutrit\monomial_full__sup013_P102_ph110,C:\Users\szymon\QuditsOnQubits\QuditsOnQubits\basis_direct_encoding_benchmarks\quantum_circuits\two_qutrit\monomial_full__sup013_P102_ph110\F3_W.qpy,C:\Users\szymon\QuditsOnQubits\QuditsOnQubits\basis_direct_encoding_benchmarks\quantum_circuits\two_qutrit\monomial_full__sup013_P102_ph110\CZ3_W.qpy,C:\Users\szymon\QuditsOnQubits\QuditsOnQubits\basis_direct_encoding_benchmarks\quantum_circuits\two_qutrit\monomial_full__sup013_P102_ph110\graph_state_direct_basis.qpy,C:\Users\szymon\QuditsOnQubits\QuditsOnQubits\basis_direct_encoding_benchmarks\quantum_circuits\two_qutrit\monomial_full__sup013_P102_ph110\graph_state_direct_basis_transpiled.qpy,,C:\Users\szymon\QuditsOnQubits\QuditsOnQubits\basis_direct_encoding_benchmarks\quantum_circuits\two_qutrit\monomial_full__sup013_P102_ph110\E.npy
direct_basis_encoding,two_qutrit,two_qutrit,star,two_qutrit,2,2,4,sup013_P102_ph111,monomial,monomial_full,sup013_P102_ph111,False,True,16,40,56,41,,,0.827897,True,False,ok,,Converted from legacy E_new 4x3 isometry candidate.; Fidelity skipped because transpiled circuit has 128 qubits.,41,41.5,0.5,56,55.5,16,16.0,128,"{'rz': 16, 'cz': 15, 'rx': 12, 'sx': 12, 'rzz': 1}",10,10,0,C:\Users\szymon\QuditsOnQubits\QuditsOnQubits\basis_direct_encoding_benchmarks\quantum_circuits\two_qutrit\monomial_full__sup013_P102_ph111,C:\Users\szymon\QuditsOnQubits\QuditsOnQubits\basis_direct_encoding_benchmarks\quantum_circuits\two_qutrit\monomial_full__sup013_P102_ph111\F3_W.qpy,C:\Users\szymon\QuditsOnQubits\QuditsOnQubits\basis_direct_encoding_benchmarks\quantum_circuits\two_qutrit\monomial_full__sup013_P102_ph111\CZ3_W.qpy,C:\Users\szymon\QuditsOnQubits\QuditsOnQubits\basis_direct_encoding_benchmarks\quantum_circuits\two_qutrit\monomial_full__sup013_P102_ph111\graph_state_direct_basis.qpy,C:\Users\szymon\QuditsOnQubits\QuditsOnQubits\basis_direct_encoding_benchmarks\quantum_circuits\two_qutrit\monomial_full__sup013_P102_ph111\graph_state_direct_basis_transpiled.qpy,,C:\Users\szymon\QuditsOnQubits\QuditsOnQubits\basis_direct_encoding_benchmarks\quantum_circuits\two_qutrit\monomial_full__sup013_P102_ph111\E.npy
direct_basis_encoding,two_qutrit,two_qutrit,star,two_qutrit,2,2,4,sup013_P102_ph112,monomial,monomial_full,sup013_P102_ph112,False,True,16,36,52,40,,,0.833526,True,False,ok,,Converted from legacy E_new 4x3 isometry candidate.; Fidelity skipped because transpiled circuit has 128 qubits.,40,40.0,0.0,52,52.5,16,16.0,128,"{'cz': 15, 'sx': 12, 'rx': 12, 'rz': 12, 'rzz': 1}",10,10,0,C:\Users\szymon\QuditsOnQubits\QuditsOnQubits\basis_direct_encoding_benchmarks\quantum_circuits\two_qutrit\monomial_full__sup013_P102_ph112,C:\Users\szymon\QuditsOnQubits\QuditsOnQubits\basis_direct_encoding_benchmarks\quantum_circuits\two_qutrit\monomial_full__sup013_P102_ph112\F3_W.qpy,C:\Users\szymon\QuditsOnQubits\QuditsOnQubits\basis_direct_encoding_benchmarks\quantum_circuits\two_qutrit\monomial_full__sup013_P102_ph112\CZ3_W.qpy,C:\Users\szymon\QuditsOnQubits\QuditsOnQubits\basis_direct_encoding_benchmarks\quantum_circuits\two_qutrit\monomial_full__sup013_P102_ph112\graph_state_direct_basis.qpy,C:\Users\szymon\QuditsOnQubits\QuditsOnQubits\basis_direct_encoding_benchmarks\quantum_circuits\two_qutrit\monomial_full__sup013_P102_ph112\graph_state_direct_basis_transpiled.qpy,,C:\Users\szymon\QuditsOnQubits\QuditsOnQubits\basis_direct_encoding_benchmarks\quantum_circuits\two_qutrit\monomial_full__sup013_P102_ph112\E.npy
direct_basis_encoding,two_qutrit,two_qutrit,star,two_qutrit,2,2,4,sup013_P102_ph120,monomial,monomial_full,sup013_P102_ph120,False,True,16,41,57,42,,,0.892718,True,False,ok,,Converted from legacy E_new 4x3 isometry candidate.; Fidelity skipped because transpiled circuit has 128 qubits.,42,42.5,0.5,57,56.5,16,16.0,128,"{'rz': 17, 'cz': 15, 'rx': 12, 'sx': 12, 'rzz': 1}",10,10,0,C:\Users\szymon\QuditsOnQubits\QuditsOnQubits\basis_direct_encoding_benchmarks\quantum_circuits\two_qutrit\monomial_full__sup013_P102_ph120,C:\Users\szymon\QuditsOnQubits\QuditsOnQubits\basis_direct_encoding_benchmarks\quantum_circuits\two_qutrit\monomial_full__sup013_P102_ph120\F3_W.qpy,C:\Users\szymon\QuditsOnQubits\QuditsOnQubits\basis_direct_encoding_benchmarks\quantum_circuits\two_qutrit\monomial_full__sup013_P102_ph120\CZ3_W.qpy,C:\Users\szymon\QuditsOnQubits\QuditsOnQubits\basis_direct_encoding_benchmarks\quantum_circuits\two_qutrit\monomial_full__sup013_P102_ph120\graph_state_direct_basis.qpy,C:\Users\szymon\QuditsOnQubits\QuditsOnQubits\basis_direct_encoding_benchmarks\quantum_circuits\two_qutrit\monomial_full__sup013_P102_ph120\graph_state_direct_basis_transpiled.qpy,,C:\Users\szymon\QuditsOnQubits\QuditsOnQubits\basis_direct_encoding_benchmarks\quantum_circuits\two_qutrit\monomial_full__sup013_P102_ph120\E.npy
direct_basis_encoding,two_qutrit,two_qutrit,star,two_qutrit,2,2,4,sup013_P102_ph121,monomial,monomial_full,sup013_P102_ph121,False,True,16,39,55,42,,,1.26193,True,False,ok,,Converted from legacy E_new 4x3 isometry candidate.; Fidelity skipped because transpiled circuit has 128 qubits.,42,42.0,0.0,55,56.0,16,16.0,128,"{'rz': 16, 'cz': 15, 'sx': 12, 'rx': 11, 'rzz': 1}",10,10,0,C:\Users\szymon\QuditsOnQubits\QuditsOnQubits\basis_direct_encoding_benchmarks\quantum_circuits\two_qutrit\monomial_full__sup013_P102_ph121,C:\Users\szymon\QuditsOnQubits\QuditsOnQubits\basis_direct_encoding_benchmarks\quantum_circuits\two_qutrit\monomial_full__sup013_P102_ph121\F3_W.qpy,C:\Users\szymon\QuditsOnQubits\QuditsOnQubits\basis_direct_encoding_benchmarks\quantum_circuits\two_qutrit\monomial_full__sup013_P102_ph121\CZ3_W.qpy,C:\Users\szymon\QuditsOnQubits\QuditsOnQubits\basis_direct_encoding_benchmarks\quantum_circuits\two_qutrit\monomial_full__sup013_P102_ph121\graph_state_direct_basis.qpy,C:\Users\szymon\QuditsOnQubits\QuditsOnQubits\basis_direct_encoding_benchmarks\quantum_circuits\two_qutrit\monomial_full__sup013_P102_ph121\graph_state_direct_basis_transpiled.qpy,,C:\Users\szymon\QuditsOnQubits\QuditsOnQubits\basis_direct_encoding_benchmarks\quantum_circuits\two_qutrit\monomial_full__sup013_P102_ph121\E.npy
direct_basis_encoding,two_qutrit,two_qutrit,star,two_qutrit,2,2,4,sup013_P102_ph122,monomial,monomial_full,sup013_P102_ph122,False,True,16,38,54,41,,,1.043728,True,False,ok,,Converted from legacy E_new 4x3 isometry candidate.; Fidelity skipped because transpiled circuit has 128 qubits.,41,41.5,0.5,54,53.5,16,16.0,128,"{'cz': 15, 'rz': 14, 'rx': 12, 'sx': 12, 'rzz': 1}",10,10,0,C:\Users\szymon\QuditsOnQubits\QuditsOnQubits\basis_direct_encoding_benchmarks\quantum_circuits\two_qutrit\monomial_full__sup013_P102_ph122,C:\Users\szymon\QuditsOnQubits\QuditsOnQubits\basis_direct_encoding_benchmarks\quantum_circuits\two_qutrit\monomial_full__sup013_P102_ph122\F3_W.qpy,C:\Users\szymon\QuditsOnQubits\QuditsOnQubits\basis_direct_encoding_benchmarks\quantum_circuits\two_qutrit\monomial_full__sup013_P102_ph122\CZ3_W.qpy,C:\Users\szymon\QuditsOnQubits\QuditsOnQubits\basis_direct_encoding_benchmarks\quantum_circuits\two_qutrit\monomial_full__sup013_P102_ph122\graph_state_direct_basis.qpy,C:\Users\szymon\QuditsOnQubits\QuditsOnQubits\basis_direct_encoding_benchmarks\quantum_circuits\two_qutrit\monomial_full__sup013_P102_ph122\graph_state_direct_basis_transpiled.qpy,,C:\Users\szymon\QuditsOnQubits\QuditsOnQubits\basis_direct_encoding_benchmarks\quantum_circuits\two_qutrit\monomial_full__sup013_P102_ph122\E.npy
direct_basis_encoding,two_qutrit,two_qutrit,star,two_qutrit,2,2,4,sup013_P102_ph200,monomial,monomial_full,sup013_P102_ph200,False,True,16,39,55,42,,,1.042691,True,False,ok,,Converted from legacy E_new 4x3 isometry candidate.; Fidelity skipped because transpiled circuit has 128 qubits.,42,42.0,0.0,55,56.0,16,16.0,128,"{'rz': 16, 'cz': 15, 'sx': 12, 'rx': 11, 'rzz': 1}",10,10,0,C:\Users\szymon\QuditsOnQubits\QuditsOnQubits\basis_direct_encoding_benchmarks\quantum_circuits\two_qutrit\monomial_full__sup013_P102_ph200,C:\Users\szymon\QuditsOnQubits\QuditsOnQubits\basis_direct_encoding_benchmarks\quantum_circuits\two_qutrit\monomial_full__sup013_P102_ph200\F3_W.qpy,C:\Users\szymon\QuditsOnQubits\QuditsOnQubits\basis_direct_encoding_benchmarks\quantum_circuits\two_qutrit\monomial_full__sup013_P102_ph200\CZ3_W.qpy,C:\Users\szymon\QuditsOnQubits\QuditsOnQubits\basis_direct_encoding_benchmarks\quantum_circuits\two_qutrit\monomial_full__sup013_P102_ph200\graph_state_direct_basis.qpy,C:\Users\szymon\QuditsOnQubits\QuditsOnQubits\basis_direct_encoding_benchmarks\quantum_circuits\two_qutrit\monomial_full__sup013_P102_ph200\graph_state_direct_basis_transpiled.qpy,,C:\Users\szymon\QuditsOnQubits\QuditsOnQubits\basis_direct_encoding_benchmarks\quantum_circuits\two_qutrit\monomial_full__sup013_P102_ph200\E.npy
direct_basis_encoding,two_qutrit,two_qutrit,star,two_qutrit,2,2,4,sup013_P102_ph201,monomial,monomial_full,sup013_P102_ph201,False,True,16,38,54,41,,,0.850634,True,False,ok,,Converted from legacy E_new 4x3 isometry candidate.; Fidelity skipped because transpiled circuit has 128 qubits.,41,41.5,0.5,54,53.5,16,16.0,128,"{'cz': 15, 'rz': 14, 'rx': 12, 'sx': 12, 'rzz': 1}",10,10,0,C:\Users\szymon\QuditsOnQubits\QuditsOnQubits\basis_direct_encoding_benchmarks\quantum_circuits\two_qutrit\monomial_full__sup013_P102_ph201,C:\Users\szymon\QuditsOnQubits\QuditsOnQubits\basis_direct_encoding_benchmarks\quantum_circuits\two_qutrit\monomial_full__sup013_P102_ph201\F3_W.qpy,C:\Users\szymon\QuditsOnQubits\QuditsOnQubits\basis_direct_encoding_benchmarks\quantum_circuits\two_qutrit\monomial_full__sup013_P102_ph201\CZ3_W.qpy,C:\Users\szymon\QuditsOnQubits\QuditsOnQubits\basis_direct_encoding_benchmarks\quantum_circuits\two_qutrit\monomial_full__sup013_P102_ph201\graph_state_direct_basis.qpy,C:\Users\szymon\QuditsOnQubits\QuditsOnQubits\basis_direct_encoding_benchmarks\quantum_circuits\two_qutrit\monomial_full__sup013_P102_ph201\graph_state_direct_basis_transpiled.qpy,,C:\Users\szymon\QuditsOnQubits\QuditsOnQubits\basis_direct_encoding_benchmarks\quantum_circuits\two_qutrit\monomial_full__sup013_P102_ph201\E.npy
direct_basis_encoding,two_qutrit,two_qutrit,star,two_qutrit,2,2,4,sup013_P102_ph202,monomial,monomial_full,sup013_P102_ph202,False,True,16,41,57,42,,,0.87808,True,False,ok,,Converted from legacy E_new 4x3 isometry candidate.; Fidelity skipped because transpiled circuit has 128 qubits.,42,42.5,0.5,57,56.5,16,16.0,128,"{'rz': 17, 'cz': 15, 'rx': 12, 'sx': 12, 'rzz': 1}",10,10,0,C:\Users\szymon\QuditsOnQubits\QuditsOnQubits\basis_direct_encoding_benchmarks\quantum_circuits\two_qutrit\monomial_full__sup013_P102_ph202,C:\Users\szymon\QuditsOnQubits\QuditsOnQubits\basis_direct_encoding_benchmarks\quantum_circuits\two_qutrit\monomial_full__sup013_P102_ph202\F3_W.qpy,C:\Users\szymon\QuditsOnQubits\QuditsOnQubits\basis_direct_encoding_benchmarks\quantum_circuits\two_qutrit\monomial_full__sup013_P102_ph202\CZ3_W.qpy,C:\Users\szymon\QuditsOnQubits\QuditsOnQubits\basis_direct_encoding_benchmarks\quantum_circuits\two_qutrit\monomial_full__sup013_P102_ph202\graph_state_direct_basis.qpy,C:\Users\szymon\QuditsOnQubits\QuditsOnQubits\basis_direct_encoding_benchmarks\quantum_circuits\two_qutrit\monomial_full__sup013_P102_ph202\graph_state_direct_basis_transpiled.qpy,,C:\Users\szymon\QuditsOnQubits\QuditsOnQubits\basis_direct_encoding_benchmarks\quantum_circuits\two_qutrit\monomial_full__sup013_P102_ph202\E.npy
direct_basis_encoding,two_qutrit,two_qutrit,star,two_qutrit,2,2,4,sup013_P102_ph210,monomial,monomial_full,sup013_P102_ph210,False,True,16,41,57,42,,,0.94731,True,False,ok,,Converted from legacy E_new 4x3 isometry candidate.; Fidelity skipped because transpiled circuit has 128 qubits.,42,42.5,0.5,57,57.0,16,16.0,128,"{'rz': 17, 'cz': 15, 'rx': 12, 'sx': 12, 'rzz': 1}",10,10,0,C:\Users\szymon\QuditsOnQubits\QuditsOnQubits\basis_direct_encoding_benchmarks\quantum_circuits\two_qutrit\monomial_full__sup013_P102_ph210,C:\Users\szymon\QuditsOnQubits\QuditsOnQubits\basis_direct_encoding_benchmarks\quantum_circuits\two_qutrit\monomial_full__sup013_P102_ph210\F3_W.qpy,C:\Users\szymon\QuditsOnQubits\QuditsOnQubits\basis_direct_encoding_benchmarks\quantum_circuits\two_qutrit\monomial_full__sup013_P102_ph210\CZ3_W.qpy,C:\Users\szymon\QuditsOnQubits\QuditsOnQubits\basis_direct_encoding_benchmarks\quantum_circuits\two_qutrit\monomial_full__sup013_P102_ph210\graph_state_direct_basis.qpy,C:\Users\szymon\QuditsOnQubits\QuditsOnQubits\basis_direct_encoding_benchmarks\quantum_circuits\two_qutrit\monomial_full__sup013_P102_ph210\graph_state_direct_basis_transpiled.qpy,,C:\Users\szymon\QuditsOnQubits\QuditsOnQubits\basis_direct_encoding_benchmarks\quantum_circuits\two_qutrit\monomial_full__sup013_P102_ph210\E.npy
direct_basis_encoding,two_qutrit,two_qutrit,star,two_qutrit,2,2,4,sup013_P102_ph211,monomial,monomial_full,sup013_P102_ph211,False,True,16,38,54,41,,,1.120324,True,False,ok,,Converted from legacy E_new 4x3 isometry candidate.; Fidelity skipped because transpiled circuit has 128 qubits.,41,41.5,0.5,54,54.0,16,16.0,128,"{'cz': 15, 'rz': 14, 'rx': 12, 'sx': 12, 'rzz': 1}",10,10,0,C:\Users\szymon\QuditsOnQubits\QuditsOnQubits\basis_direct_encoding_benchmarks\quantum_circuits\two_qutrit\monomial_full__sup013_P102_ph211,C:\Users\szymon\QuditsOnQubits\QuditsOnQubits\basis_direct_encoding_benchmarks\quantum_circuits\two_qutrit\monomial_full__sup013_P102_ph211\F3_W.qpy,C:\Users\szymon\QuditsOnQubits\QuditsOnQubits\basis_direct_encoding_benchmarks\quantum_circuits\two_qutrit\monomial_full__sup013_P102_ph211\CZ3_W.qpy,C:\Users\szymon\QuditsOnQubits\QuditsOnQubits\basis_direct_encoding_benchmarks\quantum_circuits\two_qutrit\monomial_full__sup013_P102_ph211\graph_state_direct_basis.qpy,C:\Users\szymon\QuditsOnQubits\QuditsOnQubits\basis_direct_encoding_benchmarks\quantum_circuits\two_qutrit\monomial_full__sup013_P102_ph211\graph_state_direct_basis_transpiled.qpy,,C:\Users\szymon\QuditsOnQubits\QuditsOnQubits\basis_direct_encoding_benchmarks\quantum_circuits\two_qutrit\monomial_full__sup013_P102_ph211\E.npy
direct_basis_encoding,two_qutrit,two_qutrit,star,two_qutrit,2,2,4,sup013_P102_ph212,monomial,monomial_full,sup013_P102_ph212,False,True,16,40,56,42,,,0.91226,True,False,ok,,Converted from legacy E_new 4x3 isometry candidate.; Fidelity skipped because transpiled circuit has 128 qubits.,42,42.0,0.0,56,56.5,16,16.0,128,"{'rz': 16, 'cz': 15, 'sx': 12, 'rx': 12, 'rzz': 1}",10,10,0,C:\Users\szymon\QuditsOnQubits\QuditsOnQubits\basis_direct_encoding_benchmarks\quantum_circuits\two_qutrit\monomial_full__sup013_P102_ph212,C:\Users\szymon\QuditsOnQubits\QuditsOnQubits\basis_direct_encoding_benchmarks\quantum_circuits\two_qutrit\monomial_full__sup013_P102_ph212\F3_W.qpy,C:\Users\szymon\QuditsOnQubits\QuditsOnQubits\basis_direct_encoding_benchmarks\quantum_circuits\two_qutrit\monomial_full__sup013_P102_ph212\CZ3_W.qpy,C:\Users\szymon\QuditsOnQubits\QuditsOnQubits\basis_direct_encoding_benchmarks\quantum_circuits\two_qutrit\monomial_full__sup013_P102_ph212\graph_state_direct_basis.qpy,C:\Users\szymon\QuditsOnQubits\QuditsOnQubits\basis_direct_encoding_benchmarks\quantum_circuits\two_qutrit\monomial_full__sup013_P102_ph212\graph_state_direct_basis_transpiled.qpy,,C:\Users\szymon\QuditsOnQubits\QuditsOnQubits\basis_direct_encoding_benchmarks\quantum_circuits\two_qutrit\monomial_full__sup013_P102_ph212\E.npy
direct_basis_encoding,two_qutrit,two_qutrit,star,two_qutrit,2,2,4,sup013_P102_ph220,monomial,monomial_full,sup013_P102_ph220,False,True,16,40,56,41,,,0.802917,True,False,ok,,Converted from legacy E_new 4x3 isometry candidate.; Fidelity skipped because transpiled circuit has 128 qubits.,41,41.5,0.5,56,55.5,16,16.0,128,"{'rz': 16, 'cz': 15, 'rx': 12, 'sx': 12, 'rzz': 1}",10,10,0,C:\Users\szymon\QuditsOnQubits\QuditsOnQubits\basis_direct_encoding_benchmarks\quantum_circuits\two_qutrit\monomial_full__sup013_P102_ph220,C:\Users\szymon\QuditsOnQubits\QuditsOnQubits\basis_direct_encoding_benchmarks\quantum_circuits\two_qutrit\monomial_full__sup013_P102_ph220\F3_W.qpy,C:\Users\szymon\QuditsOnQubits\QuditsOnQubits\basis_direct_encoding_benchmarks\quantum_circuits\two_qutrit\monomial_full__sup013_P102_ph220\CZ3_W.qpy,C:\Users\szymon\QuditsOnQubits\QuditsOnQubits\basis_direct_encoding_benchmarks\quantum_circuits\two_qutrit\monomial_full__sup013_P102_ph220\graph_state_direct_basis.qpy,C:\Users\szymon\QuditsOnQubits\QuditsOnQubits\basis_direct_encoding_benchmarks\quantum_circuits\two_qutrit\monomial_full__sup013_P102_ph220\graph_state_direct_basis_transpiled.qpy,,C:\Users\szymon\QuditsOnQubits\QuditsOnQubits\basis_direct_encoding_benchmarks\quantum_circuits\two_qutrit\monomial_full__sup013_P102_ph220\E.npy
direct_basis_encoding,two_qutrit,two_qutrit,star,two_qutrit,2,2,4,sup013_P102_ph221,monomial,monomial_full,sup013_P102_ph221,False,True,16,36,52,40,,,0.886168,True,False,ok,,Converted from legacy E_new 4x3 isometry candidate.; Fidelity skipped because transpiled circuit has 128 qubits.,40,40.0,0.0,52,52.5,16,16.0,128,"{'cz': 15, 'sx': 12, 'rx': 12, 'rz': 12, 'rzz': 1}",10,10,0,C:\Users\szymon\QuditsOnQubits\QuditsOnQubits\basis_direct_encoding_benchmarks\quantum_circuits\two_qutrit\monomial_full__sup013_P102_ph221,C:\Users\szymon\QuditsOnQubits\QuditsOnQubits\basis_direct_encoding_benchmarks\quantum_circuits\two_qutrit\monomial_full__sup013_P102_ph221\F3_W.qpy,C:\Users\szymon\QuditsOnQubits\QuditsOnQubits\basis_direct_encoding_benchmarks\quantum_circuits\two_qutrit\monomial_full__sup013_P102_ph221\CZ3_W.qpy,C:\Users\szymon\QuditsOnQubits\QuditsOnQubits\basis_direct_encoding_benchmarks\quantum_circuits\two_qutrit\monomial_full__sup013_P102_ph221\graph_state_direct_basis.qpy,C:\Users\szymon\QuditsOnQubits\QuditsOnQubits\basis_direct_encoding_benchmarks\quantum_circuits\two_qutrit\monomial_full__sup013_P102_ph221\graph_state_direct_basis_transpiled.qpy,,C:\Users\szymon\QuditsOnQubits\QuditsOnQubits\basis_direct_encoding_benchmarks\quantum_circuits\two_qutrit\monomial_full__sup013_P102_ph221\E.npy
direct_basis_encoding,two_qutrit,two_qutrit,star,two_qutrit,2,2,4,sup013_P102_ph222,monomial,monomial_full,sup013_P102_ph222,False,True,16,40,56,41,,,0.841295,True,False,ok,,Converted from legacy E_new 4x3 isometry candidate.; Fidelity skipped because transpiled circuit has 128 qubits.,41,41.5,0.5,56,56.0,16,16.0,128,"{'rz': 16, 'cz': 15, 'rx': 12, 'sx': 12, 'rzz': 1}",10,10,0,C:\Users\szymon\QuditsOnQubits\QuditsOnQubits\basis_direct_encoding_benchmarks\quantum_circuits\two_qutrit\monomial_full__sup013_P102_ph222,C:\Users\szymon\QuditsOnQubits\QuditsOnQubits\basis_direct_encoding_benchmarks\quantum_circuits\two_qutrit\monomial_full__sup013_P102_ph222\F3_W.qpy,C:\Users\szymon\QuditsOnQubits\QuditsOnQubits\basis_direct_encoding_benchmarks\quantum_circuits\two_qutrit\monomial_full__sup013_P102_ph222\CZ3_W.qpy,C:\Users\szymon\QuditsOnQubits\QuditsOnQubits\basis_direct_encoding_benchmarks\quantum_circuits\two_qutrit\monomial_full__sup013_P102_ph222\graph_state_direct_basis.qpy,C:\Users\szymon\QuditsOnQubits\QuditsOnQubits\basis_direct_encoding_benchmarks\quantum_circuits\two_qutrit\monomial_full__sup013_P102_ph222\graph_state_direct_basis_transpiled.qpy,,C:\Users\szymon\QuditsOnQubits\QuditsOnQubits\basis_direct_encoding_benchmarks\quantum_circuits\two_qutrit\monomial_full__sup013_P102_ph222\E.npy
direct_basis_encoding,two_qutrit,two_qutrit,star,two_qutrit,2,2,4,sup013_P120_ph000,monomial,monomial_full,sup013_P120_ph000,False,True,18,36,54,42,,,0.86729,True,False,ok,,Converted from legacy E_new 4x3 isometry candidate.; Fidelity skipped because transpiled circuit has 128 qubits.,42,43.1,3.3,54,57.1,18,18.6,128,"{'cz': 17, 'sx': 12, 'rx': 12, 'rz': 12, 'rzz': 1}",10,10,0,C:\Users\szymon\QuditsOnQubits\QuditsOnQubits\basis_direct_encoding_benchmarks\quantum_circuits\two_qutrit\monomial_full__sup013_P120_ph000,C:\Users\szymon\QuditsOnQubits\QuditsOnQubits\basis_direct_encoding_benchmarks\quantum_circuits\two_qutrit\monomial_full__sup013_P120_ph000\F3_W.qpy,C:\Users\szymon\QuditsOnQubits\QuditsOnQubits\basis_direct_encoding_benchmarks\quantum_circuits\two_qutrit\monomial_full__sup013_P120_ph000\CZ3_W.qpy,C:\Users\szymon\QuditsOnQubits\QuditsOnQubits\basis_direct_encoding_benchmarks\quantum_circuits\two_qutrit\monomial_full__sup013_P120_ph000\graph_state_direct_basis.qpy,C:\Users\szymon\QuditsOnQubits\QuditsOnQubits\basis_direct_encoding_benchmarks\quantum_circuits\two_qutrit\monomial_full__sup013_P120_ph000\graph_state_direct_basis_transpiled.qpy,,C:\Users\szymon\QuditsOnQubits\QuditsOnQubits\basis_direct_encoding_benchmarks\quantum_circuits\two_qutrit\monomial_full__sup013_P120_ph000\E.npy
direct_basis_encoding,two_qutrit,two_qutrit,star,two_qutrit,2,2,4,sup013_P120_ph001,monomial,monomial_full,sup013_P120_ph001,False,True,18,40,58,43,,,1.003443,True,False,ok,,Converted from legacy E_new 4x3 isometry candidate.; Fidelity skipped because transpiled circuit has 128 qubits.,43,44.5,3.2,58,60.8,18,18.6,128,"{'cz': 17, 'rz': 16, 'rx': 12, 'sx': 12, 'rzz': 1}",10,10,0,C:\Users\szymon\QuditsOnQubits\QuditsOnQubits\basis_direct_encoding_benchmarks\quantum_circuits\two_qutrit\monomial_full__sup013_P120_ph001,C:\Users\szymon\QuditsOnQubits\QuditsOnQubits\basis_direct_encoding_benchmarks\quantum_circuits\two_qutrit\monomial_full__sup013_P120_ph001\F3_W.qpy,C:\Users\szymon\QuditsOnQubits\QuditsOnQubits\basis_direct_encoding_benchmarks\quantum_circuits\two_qutrit\monomial_full__sup013_P120_ph001\CZ3_W.qpy,C:\Users\szymon\QuditsOnQubits\QuditsOnQubits\basis_direct_encoding_benchmarks\quantum_circuits\two_qutrit\monomial_full__sup013_P120_ph001\graph_state_direct_basis.qpy,C:\Users\szymon\QuditsOnQubits\QuditsOnQubits\basis_direct_encoding_benchmarks\quantum_circuits\two_qutrit\monomial_full__sup013_P120_ph001\graph_state_direct_basis_transpiled.qpy,,C:\Users\szymon\QuditsOnQubits\QuditsOnQubits\basis_direct_encoding_benchmarks\quantum_circuits\two_qutrit\monomial_full__sup013_P120_ph001\E.npy
direct_basis_encoding,two_qutrit,two_qutrit,star,two_qutrit,2,2,4,sup013_P120_ph002,monomial,monomial_full,sup013_P120_ph002,False,True,18,40,58,43,,,0.830261,True,False,ok,,Converted from legacy E_new 4x3 isometry candidate.; Fidelity skipped because transpiled circuit has 128 qubits.,43,44.5,3.2,58,60.4,18,18.6,128,"{'cz': 17, 'rz': 16, 'rx': 12, 'sx': 12, 'rzz': 1}",10,10,0,C:\Users\szymon\QuditsOnQubits\QuditsOnQubits\basis_direct_encoding_benchmarks\quantum_circuits\two_qutrit\monomial_full__sup013_P120_ph002,C:\Users\szymon\QuditsOnQubits\QuditsOnQubits\basis_direct_encoding_benchmarks\quantum_circuits\two_qutrit\monomial_full__sup013_P120_ph002\F3_W.qpy,C:\Users\szymon\QuditsOnQubits\QuditsOnQubits\basis_direct_encoding_benchmarks\quantum_circuits\two_qutrit\monomial_full__sup013_P120_ph002\CZ3_W.qpy,C:\Users\szymon\QuditsOnQubits\QuditsOnQubits\basis_direct_encoding_benchmarks\quantum_circuits\two_qutrit\monomial_full__sup013_P120_ph002\graph_state_direct_basis.qpy,C:\Users\szymon\QuditsOnQubits\QuditsOnQubits\basis_direct_encoding_benchmarks\quantum_circuits\two_qutrit\monomial_full__sup013_P120_ph002\graph_state_direct_basis_transpiled.qpy,,C:\Users\szymon\QuditsOnQubits\QuditsOnQubits\basis_direct_encoding_benchmarks\quantum_circuits\two_qutrit\monomial_full__sup013_P120_ph002\E.npy
direct_basis_encoding,two_qutrit,two_qutrit,star,two_qutrit,2,2,4,sup013_P120_ph010,monomial,monomial_full,sup013_P120_ph010,False,True,18,38,56,43,,,0.905669,True,False,ok,,Converted from legacy E_new 4x3 isometry candidate.; Fidelity skipped because transpiled circuit has 128 qubits.,43,44.5,3.2,56,58.6,18,18.6,128,"{'cz': 17, 'rz': 14, 'rx': 12, 'sx': 12, 'rzz': 1}",10,10,0,C:\Users\szymon\QuditsOnQubits\QuditsOnQubits\basis_direct_encoding_benchmarks\quantum_circuits\two_qutrit\monomial_full__sup013_P120_ph010,C:\Users\szymon\QuditsOnQubits\QuditsOnQubits\basis_direct_encoding_benchmarks\quantum_circuits\two_qutrit\monomial_full__sup013_P120_ph010\F3_W.qpy,C:\Users\szymon\QuditsOnQubits\QuditsOnQubits\basis_direct_encoding_benchmarks\quantum_circuits\two_qutrit\monomial_full__sup013_P120_ph010\CZ3_W.qpy,C:\Users\szymon\QuditsOnQubits\QuditsOnQubits\basis_direct_encoding_benchmarks\quantum_circuits\two_qutrit\monomial_full__sup013_P120_ph010\graph_state_direct_basis.qpy,C:\Users\szymon\QuditsOnQubits\QuditsOnQubits\basis_direct_encoding_benchmarks\quantum_circuits\two_qutrit\monomial_full__sup013_P120_ph010\graph_state_direct_basis_transpiled.qpy,,C:\Users\szymon\QuditsOnQubits\QuditsOnQubits\basis_direct_encoding_benchmarks\quantum_circuits\two_qutrit\monomial_full__sup013_P120_ph010\E.npy
direct_basis_encoding,two_qutrit,two_qutrit,star,two_qutrit,2,2,4,sup013_P120_ph011,monomial,monomial_full,sup013_P120_ph011,False,True,18,41,59,44,,,1.039777,True,False,ok,,Converted from legacy E_new 4x3 isometry candidate.; Fidelity skipped because transpiled circuit has 128 qubits.,44,45.4,2.91,59,61.6,18,18.6,128,"{'rz': 17, 'cz': 17, 'rx': 12, 'sx': 12, 'rzz': 1}",10,10,0,C:\Users\szymon\QuditsOnQubits\QuditsOnQubits\basis_direct_encoding_benchmarks\quantum_circuits\two_qutrit\monomial_full__sup013_P120_ph011,C:\Users\szymon\QuditsOnQubits\QuditsOnQubits\basis_direct_encoding_benchmarks\quantum_circuits\two_qutrit\monomial_full__sup013_P120_ph011\F3_W.qpy,C:\Users\szymon\QuditsOnQubits\QuditsOnQubits\basis_direct_encoding_benchmarks\quantum_circuits\two_qutrit\monomial_full__sup013_P120_ph011\CZ3_W.qpy,C:\Users\szymon\QuditsOnQubits\QuditsOnQubits\basis_direct_encoding_benchmarks\quantum_circuits\two_qutrit\monomial_full__sup013_P120_ph011\graph_state_direct_basis.qpy,C:\Users\szymon\QuditsOnQubits\QuditsOnQubits\basis_direct_encoding_benchmarks\quantum_circuits\two_qutrit\monomial_full__sup013_P120_ph011\graph_state_direct_basis_transpiled.qpy,,C:\Users\szymon\QuditsOnQubits\QuditsOnQubits\basis_direct_encoding_benchmarks\quantum_circuits\two_qutrit\monomial_full__sup013_P120_ph011\E.npy
direct_basis_encoding,two_qutrit,two_qutrit,star,two_qutrit,2,2,4,sup013_P120_ph012,monomial,monomial_full,sup013_P120_ph012,False,True,18,39,57,44,,,0.917464,True,False,ok,,Converted from legacy E_new 4x3 isometry candidate.; Fidelity skipped because transpiled circuit has 128 qubits.,44,44.9,2.7,57,60.8,18,18.6,128,"{'cz': 17, 'rz': 16, 'sx': 12, 'rx': 11, 'rzz': 1}",10,10,0,C:\Users\szymon\QuditsOnQubits\QuditsOnQubits\basis_direct_encoding_benchmarks\quantum_circuits\two_qutrit\monomial_full__sup013_P120_ph012,C:\Users\szymon\QuditsOnQubits\QuditsOnQubits\basis_direct_encoding_benchmarks\quantum_circuits\two_qutrit\monomial_full__sup013_P120_ph012\F3_W.qpy,C:\Users\szymon\QuditsOnQubits\QuditsOnQubits\basis_direct_encoding_benchmarks\quantum_circuits\two_qutrit\monomial_full__sup013_P120_ph012\CZ3_W.qpy,C:\Users\szymon\QuditsOnQubits\QuditsOnQubits\basis_direct_encoding_benchmarks\quantum_circuits\two_qutrit\monomial_full__sup013_P120_ph012\graph_state_direct_basis.qpy,C:\Users\szymon\QuditsOnQubits\QuditsOnQubits\basis_direct_encoding_benchmarks\quantum_circuits\two_qutrit\monomial_full__sup013_P120_ph012\graph_state_direct_basis_transpiled.qpy,,C:\Users\szymon\QuditsOnQubits\QuditsOnQubits\basis_direct_encoding_benchmarks\quantum_circuits\two_qutrit\monomial_full__sup013_P120_ph012\E.npy
direct_basis_encoding,two_qutrit,two_qutrit,star,two_qutrit,2,2,4,sup013_P120_ph020,monomial,monomial_full,sup013_P120_ph020,False,True,18,38,56,43,,,0.925512,True,False,ok,,Converted from legacy E_new 4x3 isometry candidate.; Fidelity skipped because transpiled circuit has 128 qubits.,43,44.5,3.2,56,58.6,18,18.6,128,"{'cz': 17, 'rz': 14, 'rx': 12, 'sx': 12, 'rzz': 1}",10,10,0,C:\Users\szymon\QuditsOnQubits\QuditsOnQubits\basis_direct_encoding_benchmarks\quantum_circuits\two_qutrit\monomial_full__sup013_P120_ph020,C:\Users\szymon\QuditsOnQubits\QuditsOnQubits\basis_direct_encoding_benchmarks\quantum_circuits\two_qutrit\monomial_full__sup013_P120_ph020\F3_W.qpy,C:\Users\szymon\QuditsOnQubits\QuditsOnQubits\basis_direct_encoding_benchmarks\quantum_circuits\two_qutrit\monomial_full__sup013_P120_ph020\CZ3_W.qpy,C:\Users\szymon\QuditsOnQubits\QuditsOnQubits\basis_direct_encoding_benchmarks\quantum_circuits\two_qutrit\monomial_full__sup013_P120_ph020\graph_state_direct_basis.qpy,C:\Users\szymon\QuditsOnQubits\QuditsOnQubits\basis_direct_encoding_benchmarks\quantum_circuits\two_qutrit\monomial_full__sup013_P120_ph020\graph_state_direct_basis_transpiled.qpy,,C:\Users\szymon\QuditsOnQubits\QuditsOnQubits\basis_direct_encoding_benchmarks\quantum_circuits\two_qutrit\monomial_full__sup013_P120_ph020\E.npy
direct_basis_encoding,two_qutrit,two_qutrit,star,two_qutrit,2,2,4,sup013_P120_ph021,monomial,monomial_full,sup013_P120_ph021,False,True,18,39,57,44,,,1.080021,True,False,ok,,Converted from legacy E_new 4x3 isometry candidate.; Fidelity skipped because transpiled circuit has 128 qubits.,44,44.9,2.7,57,60.8,18,18.6,128,"{'cz': 17, 'rz': 16, 'sx': 12, 'rx': 11, 'rzz': 1}",10,10,0,C:\Users\szymon\QuditsOnQubits\QuditsOnQubits\basis_direct_encoding_benchmarks\quantum_circuits\two_qutrit\monomial_full__sup013_P120_ph021,C:\Users\szymon\QuditsOnQubits\QuditsOnQubits\basis_direct_encoding_benchmarks\quantum_circuits\two_qutrit\monomial_full__sup013_P120_ph021\F3_W.qpy,C:\Users\szymon\QuditsOnQubits\QuditsOnQubits\basis_direct_encoding_benchmarks\quantum_circuits\two_qutrit\monomial_full__sup013_P120_ph021\CZ3_W.qpy,C:\Users\szymon\QuditsOnQubits\QuditsOnQubits\basis_direct_encoding_benchmarks\quantum_circuits\two_qutrit\monomial_full__sup013_P120_ph021\graph_state_direct_basis.qpy,C:\Users\szymon\QuditsOnQubits\QuditsOnQubits\basis_direct_encoding_benchmarks\quantum_circuits\two_qutrit\monomial_full__sup013_P120_ph021\graph_state_direct_basis_transpiled.qpy,,C:\Users\szymon\QuditsOnQubits\QuditsOnQubits\basis_direct_encoding_benchmarks\quantum_circuits\two_qutrit\monomial_full__sup013_P120_ph021\E.npy
direct_basis_encoding,two_qutrit,two_qutrit,star,two_qutrit,2,2,4,sup013_P120_ph022,monomial,monomial_full,sup013_P120_ph022,False,True,18,41,59,44,,,1.125107,True,False,ok,,Converted from legacy E_new 4x3 isometry candidate.; Fidelity skipped because transpiled circuit has 128 qubits.,44,45.4,2.91,59,61.2,18,18.6,128,"{'rz': 17, 'cz': 17, 'rx': 12, 'sx': 12, 'rzz': 1}",10,10,0,C:\Users\szymon\QuditsOnQubits\QuditsOnQubits\basis_direct_encoding_benchmarks\quantum_circuits\two_qutrit\monomial_full__sup013_P120_ph022,C:\Users\szymon\QuditsOnQubits\QuditsOnQubits\basis_direct_encoding_benchmarks\quantum_circuits\two_qutrit\monomial_full__sup013_P120_ph022\F3_W.qpy,C:\Users\szymon\QuditsOnQubits\QuditsOnQubits\basis_direct_encoding_benchmarks\quantum_circuits\two_qutrit\monomial_full__sup013_P120_ph022\CZ3_W.qpy,C:\Users\szymon\QuditsOnQubits\QuditsOnQubits\basis_direct_encoding_benchmarks\quantum_circuits\two_qutrit\monomial_full__sup013_P120_ph022\graph_state_direct_basis.qpy,C:\Users\szymon\QuditsOnQubits\QuditsOnQubits\basis_direct_encoding_benchmarks\quantum_circuits\two_qutrit\monomial_full__sup013_P120_ph022\graph_state_direct_basis_transpiled.qpy,,C:\Users\szymon\QuditsOnQubits\QuditsOnQubits\basis_direct_encoding_benchmarks\quantum_circuits\two_qutrit\monomial_full__sup013_P120_ph022\E.npy
direct_basis_encoding,two_qutrit,two_qutrit,star,two_qutrit,2,2,4,sup013_P120_ph100,monomial,monomial_full,sup013_P120_ph100,False,True,18,39,57,44,,,1.522097,True,False,ok,,Converted from legacy E_new 4x3 isometry candidate.; Fidelity skipped because transpiled circuit has 128 qubits.,44,44.9,2.7,57,60.7,18,18.6,128,"{'cz': 17, 'rz': 16, 'sx': 12, 'rx': 11, 'rzz': 1}",10,10,0,C:\Users\szymon\QuditsOnQubits\QuditsOnQubits\basis_direct_encoding_benchmarks\quantum_circuits\two_qutrit\monomial_full__sup013_P120_ph100,C:\Users\szymon\QuditsOnQubits\QuditsOnQubits\basis_direct_encoding_benchmarks\quantum_circuits\two_qutrit\monomial_full__sup013_P120_ph100\F3_W.qpy,C:\Users\szymon\QuditsOnQubits\QuditsOnQubits\basis_direct_encoding_benchmarks\quantum_circuits\two_qutrit\monomial_full__sup013_P120_ph100\CZ3_W.qpy,C:\Users\szymon\QuditsOnQubits\QuditsOnQubits\basis_direct_encoding_benchmarks\quantum_circuits\two_qutrit\monomial_full__sup013_P120_ph100\graph_state_direct_basis.qpy,C:\Users\szymon\QuditsOnQubits\QuditsOnQubits\basis_direct_encoding_benchmarks\quantum_circuits\two_qutrit\monomial_full__sup013_P120_ph100\graph_state_direct_basis_transpiled.qpy,,C:\Users\szymon\QuditsOnQubits\QuditsOnQubits\basis_direct_encoding_benchmarks\quantum_circuits\two_qutrit\monomial_full__sup013_P120_ph100\E.npy
direct_basis_encoding,two_qutrit,two_qutrit,star,two_qutrit,2,2,4,sup013_P120_ph101,monomial,monomial_full,sup013_P120_ph101,False,True,18,41,59,44,,,0.967286,True,False,ok,,Converted from legacy E_new 4x3 isometry candidate.; Fidelity skipped because transpiled circuit has 128 qubits.,44,45.4,2.91,59,61.3,18,18.6,128,"{'rz': 17, 'cz': 17, 'rx': 12, 'sx': 12, 'rzz': 1}",10,10,0,C:\Users\szymon\QuditsOnQubits\QuditsOnQubits\basis_direct_encoding_benchmarks\quantum_circuits\two_qutrit\monomial_full__sup013_P120_ph101,C:\Users\szymon\QuditsOnQubits\QuditsOnQubits\basis_direct_encoding_benchmarks\quantum_circuits\two_qutrit\monomial_full__sup013_P120_ph101\F3_W.qpy,C:\Users\szymon\QuditsOnQubits\QuditsOnQubits\basis_direct_encoding_benchmarks\quantum_circuits\two_qutrit\monomial_full__sup013_P120_ph101\CZ3_W.qpy,C:\Users\szymon\QuditsOnQubits\QuditsOnQubits\basis_direct_encoding_benchmarks\quantum_circuits\two_qutrit\monomial_full__sup013_P120_ph101\graph_state_direct_basis.qpy,C:\Users\szymon\QuditsOnQubits\QuditsOnQubits\basis_direct_encoding_benchmarks\quantum_circuits\two_qutrit\monomial_full__sup013_P120_ph101\graph_state_direct_basis_transpiled.qpy,,C:\Users\szymon\QuditsOnQubits\QuditsOnQubits\basis_direct_encoding_benchmarks\quantum_circuits\two_qutrit\monomial_full__sup013_P120_ph101\E.npy
direct_basis_encoding,two_qutrit,two_qutrit,star,two_qutrit,2,2,4,sup013_P120_ph102,monomial,monomial_full,sup013_P120_ph102,False,True,18,38,56,43,,,0.617521,True,False,ok,,Converted from legacy E_new 4x3 isometry candidate.; Fidelity skipped because transpiled circuit has 128 qubits.,43,44.5,3.2,56,58.6,18,18.6,128,"{'cz': 17, 'rz': 14, 'rx': 12, 'sx': 12, 'rzz': 1}",10,10,0,C:\Users\szymon\QuditsOnQubits\QuditsOnQubits\basis_direct_encoding_benchmarks\quantum_circuits\two_qutrit\monomial_full__sup013_P120_ph102,C:\Users\szymon\QuditsOnQubits\QuditsOnQubits\basis_direct_encoding_benchmarks\quantum_circuits\two_qutrit\monomial_full__sup013_P120_ph102\F3_W.qpy,C:\Users\szymon\QuditsOnQubits\QuditsOnQubits\basis_direct_encoding_benchmarks\quantum_circuits\two_qutrit\monomial_full__sup013_P120_ph102\CZ3_W.qpy,C:\Users\szymon\QuditsOnQubits\QuditsOnQubits\basis_direct_encoding_benchmarks\quantum_circuits\two_qutrit\monomial_full__sup013_P120_ph102\graph_state_direct_basis.qpy,C:\Users\szymon\QuditsOnQubits\QuditsOnQubits\basis_direct_encoding_benchmarks\quantum_circuits\two_qutrit\monomial_full__sup013_P120_ph102\graph_state_direct_basis_transpiled.qpy,,C:\Users\szymon\QuditsOnQubits\QuditsOnQubits\basis_direct_encoding_benchmarks\quantum_circuits\two_qutrit\monomial_full__sup013_P120_ph102\E.npy
direct_basis_encoding,two_qutrit,two_qutrit,star,two_qutrit,2,2,4,sup013_P120_ph110,monomial,monomial_full,sup013_P120_ph110,False,True,18,40,58,43,,,0.823556,True,False,ok,,Converted from legacy E_new 4x3 isometry candidate.; Fidelity skipped because transpiled circuit has 128 qubits.,43,44.5,3.2,58,60.4,18,18.6,128,"{'cz': 17, 'rz': 16, 'rx': 12, 'sx': 12, 'rzz': 1}",10,10,0,C:\Users\szymon\QuditsOnQubits\QuditsOnQubits\basis_direct_encoding_benchmarks\quantum_circuits\two_qutrit\monomial_full__sup013_P120_ph110,C:\Users\szymon\QuditsOnQubits\QuditsOnQubits\basis_direct_encoding_benchmarks\quantum_circuits\two_qutrit\monomial_full__sup013_P120_ph110\F3_W.qpy,C:\Users\szymon\QuditsOnQubits\QuditsOnQubits\basis_direct_encoding_benchmarks\quantum_circuits\two_qutrit\monomial_full__sup013_P120_ph110\CZ3_W.qpy,C:\Users\szymon\QuditsOnQubits\QuditsOnQubits\basis_direct_encoding_benchmarks\quantum_circuits\two_qutrit\monomial_full__sup013_P120_ph110\graph_state_direct_basis.qpy,C:\Users\szymon\QuditsOnQubits\QuditsOnQubits\basis_direct_encoding_benchmarks\quantum_circuits\two_qutrit\monomial_full__sup013_P120_ph110\graph_state_direct_basis_transpiled.qpy,,C:\Users\szymon\QuditsOnQubits\QuditsOnQubits\basis_direct_encoding_benchmarks\quantum_circuits\two_qutrit\monomial_full__sup013_P120_ph110\E.npy
direct_basis_encoding,two_qutrit,two_qutrit,star,two_qutrit,2,2,4,sup013_P120_ph111,monomial,monomial_full,sup013_P120_ph111,False,True,18,40,58,43,,,0.939017,True,False,ok,,Converted from legacy E_new 4x3 isometry candidate.; Fidelity skipped because transpiled circuit has 128 qubits.,43,44.5,3.2,58,60.3,18,18.6,128,"{'cz': 17, 'rz': 16, 'rx': 12, 'sx': 12, 'rzz': 1}",10,10,0,C:\Users\szymon\QuditsOnQubits\QuditsOnQubits\basis_direct_encoding_benchmarks\quantum_circuits\two_qutrit\monomial_full__sup013_P120_ph111,C:\Users\szymon\QuditsOnQubits\QuditsOnQubits\basis_direct_encoding_benchmarks\quantum_circuits\two_qutrit\monomial_full__sup013_P120_ph111\F3_W.qpy,C:\Users\szymon\QuditsOnQubits\QuditsOnQubits\basis_direct_encoding_benchmarks\quantum_circuits\two_qutrit\monomial_full__sup013_P120_ph111\CZ3_W.qpy,C:\Users\szymon\QuditsOnQubits\QuditsOnQubits\basis_direct_encoding_benchmarks\quantum_circuits\two_qutrit\monomial_full__sup013_P120_ph111\graph_state_direct_basis.qpy,C:\Users\szymon\QuditsOnQubits\QuditsOnQubits\basis_direct_encoding_benchmarks\quantum_circuits\two_qutrit\monomial_full__sup013_P120_ph111\graph_state_direct_basis_transpiled.qpy,,C:\Users\szymon\QuditsOnQubits\QuditsOnQubits\basis_direct_encoding_benchmarks\quantum_circuits\two_qutrit\monomial_full__sup013_P120_ph111\E.npy
direct_basis_encoding,two_qutrit,two_qutrit,star,two_qutrit,2,2,4,sup013_P120_ph112,monomial,monomial_full,sup013_P120_ph112,False,True,18,36,54,42,,,0.812499,True,False,ok,,Converted from legacy E_new 4x3 isometry candidate.; Fidelity skipped because transpiled circuit has 128 qubits.,42,43.1,3.3,54,57.2,18,18.6,128,"{'cz': 17, 'sx': 12, 'rx': 12, 'rz': 12, 'rzz': 1}",10,10,0,C:\Users\szymon\QuditsOnQubits\QuditsOnQubits\basis_direct_encoding_benchmarks\quantum_circuits\two_qutrit\monomial_full__sup013_P120_ph112,C:\Users\szymon\QuditsOnQubits\QuditsOnQubits\basis_direct_encoding_benchmarks\quantum_circuits\two_qutrit\monomial_full__sup013_P120_ph112\F3_W.qpy,C:\Users\szymon\QuditsOnQubits\QuditsOnQubits\basis_direct_encoding_benchmarks\quantum_circuits\two_qutrit\monomial_full__sup013_P120_ph112\CZ3_W.qpy,C:\Users\szymon\QuditsOnQubits\QuditsOnQubits\basis_direct_encoding_benchmarks\quantum_circuits\two_qutrit\monomial_full__sup013_P120_ph112\graph_state_direct_basis.qpy,C:\Users\szymon\QuditsOnQubits\QuditsOnQubits\basis_direct_encoding_benchmarks\quantum_circuits\two_qutrit\monomial_full__sup013_P120_ph112\graph_state_direct_basis_transpiled.qpy,,C:\Users\szymon\QuditsOnQubits\QuditsOnQubits\basis_direct_encoding_benchmarks\quantum_circuits\two_qutrit\monomial_full__sup013_P120_ph112\E.npy
direct_basis_encoding,two_qutrit,two_qutrit,star,two_qutrit,2,2,4,sup013_P120_ph120,monomial,monomial_full,sup013_P120_ph120,False,True,18,41,59,44,,,0.667228,True,False,ok,,Converted from legacy E_new 4x3 isometry candidate.; Fidelity skipped because transpiled circuit has 128 qubits.,44,45.4,2.91,59,61.3,18,18.6,128,"{'rz': 17, 'cz': 17, 'rx': 12, 'sx': 12, 'rzz': 1}",10,10,0,C:\Users\szymon\QuditsOnQubits\QuditsOnQubits\basis_direct_encoding_benchmarks\quantum_circuits\two_qutrit\monomial_full__sup013_P120_ph120,C:\Users\szymon\QuditsOnQubits\QuditsOnQubits\basis_direct_encoding_benchmarks\quantum_circuits\two_qutrit\monomial_full__sup013_P120_ph120\F3_W.qpy,C:\Users\szymon\QuditsOnQubits\QuditsOnQubits\basis_direct_encoding_benchmarks\quantum_circuits\two_qutrit\monomial_full__sup013_P120_ph120\CZ3_W.qpy,C:\Users\szymon\QuditsOnQubits\QuditsOnQubits\basis_direct_encoding_benchmarks\quantum_circuits\two_qutrit\monomial_full__sup013_P120_ph120\graph_state_direct_basis.qpy,C:\Users\szymon\QuditsOnQubits\QuditsOnQubits\basis_direct_encoding_benchmarks\quantum_circuits\two_qutrit\monomial_full__sup013_P120_ph120\graph_state_direct_basis_transpiled.qpy,,C:\Users\szymon\QuditsOnQubits\QuditsOnQubits\basis_direct_encoding_benchmarks\quantum_circuits\two_qutrit\monomial_full__sup013_P120_ph120\E.npy
direct_basis_encoding,two_qutrit,two_qutrit,star,two_qutrit,2,2,4,sup013_P120_ph121,monomial,monomial_full,sup013_P120_ph121,False,True,18,39,57,44,,,0.865817,True,False,ok,,Converted from legacy E_new 4x3 isometry candidate.; Fidelity skipped because transpiled circuit has 128 qubits.,44,44.9,2.7,57,60.8,18,18.6,128,"{'cz': 17, 'rz': 16, 'sx': 12, 'rx': 11, 'rzz': 1}",10,10,0,C:\Users\szymon\QuditsOnQubits\QuditsOnQubits\basis_direct_encoding_benchmarks\quantum_circuits\two_qutrit\monomial_full__sup013_P120_ph121,C:\Users\szymon\QuditsOnQubits\QuditsOnQubits\basis_direct_encoding_benchmarks\quantum_circuits\two_qutrit\monomial_full__sup013_P120_ph121\F3_W.qpy,C:\Users\szymon\QuditsOnQubits\QuditsOnQubits\basis_direct_encoding_benchmarks\quantum_circuits\two_qutrit\monomial_full__sup013_P120_ph121\CZ3_W.qpy,C:\Users\szymon\QuditsOnQubits\QuditsOnQubits\basis_direct_encoding_benchmarks\quantum_circuits\two_qutrit\monomial_full__sup013_P120_ph121\graph_state_direct_basis.qpy,C:\Users\szymon\QuditsOnQubits\QuditsOnQubits\basis_direct_encoding_benchmarks\quantum_circuits\two_qutrit\monomial_full__sup013_P120_ph121\graph_state_direct_basis_transpiled.qpy,,C:\Users\szymon\QuditsOnQubits\QuditsOnQubits\basis_direct_encoding_benchmarks\quantum_circuits\two_qutrit\monomial_full__sup013_P120_ph121\E.npy
direct_basis_encoding,two_qutrit,two_qutrit,star,two_qutrit,2,2,4,sup013_P120_ph122,monomial,monomial_full,sup013_P120_ph122,False,True,18,38,56,43,,,0.894047,True,False,ok,,Converted from legacy E_new 4x3 isometry candidate.; Fidelity skipped because transpiled circuit has 128 qubits.,43,44.5,3.2,56,58.1,18,18.6,128,"{'cz': 17, 'rz': 14, 'rx': 12, 'sx': 12, 'rzz': 1}",10,10,0,C:\Users\szymon\QuditsOnQubits\QuditsOnQubits\basis_direct_encoding_benchmarks\quantum_circuits\two_qutrit\monomial_full__sup013_P120_ph122,C:\Users\szymon\QuditsOnQubits\QuditsOnQubits\basis_direct_encoding_benchmarks\quantum_circuits\two_qutrit\monomial_full__sup013_P120_ph122\F3_W.qpy,C:\Users\szymon\QuditsOnQubits\QuditsOnQubits\basis_direct_encoding_benchmarks\quantum_circuits\two_qutrit\monomial_full__sup013_P120_ph122\CZ3_W.qpy,C:\Users\szymon\QuditsOnQubits\QuditsOnQubits\basis_direct_encoding_benchmarks\quantum_circuits\two_qutrit\monomial_full__sup013_P120_ph122\graph_state_direct_basis.qpy,C:\Users\szymon\QuditsOnQubits\QuditsOnQubits\basis_direct_encoding_benchmarks\quantum_circuits\two_qutrit\monomial_full__sup013_P120_ph122\graph_state_direct_basis_transpiled.qpy,,C:\Users\szymon\QuditsOnQubits\QuditsOnQubits\basis_direct_encoding_benchmarks\quantum_circuits\two_qutrit\monomial_full__sup013_P120_ph122\E.npy
direct_basis_encoding,two_qutrit,two_qutrit,star,two_qutrit,2,2,4,sup013_P120_ph200,monomial,monomial_full,sup013_P120_ph200,False,True,18,39,57,44,,,0.869174,True,False,ok,,Converted from legacy E_new 4x3 isometry candidate.; Fidelity skipped because transpiled circuit has 128 qubits.,44,44.9,2.7,57,60.7,18,18.6,128,"{'cz': 17, 'rz': 16, 'sx': 12, 'rx': 11, 'rzz': 1}",10,10,0,C:\Users\szymon\QuditsOnQubits\QuditsOnQubits\basis_direct_encoding_benchmarks\quantum_circuits\two_qutrit\monomial_full__sup013_P120_ph200,C:\Users\szymon\QuditsOnQubits\QuditsOnQubits\basis_direct_encoding_benchmarks\quantum_circuits\two_qutrit\monomial_full__sup013_P120_ph200\F3_W.qpy,C:\Users\szymon\QuditsOnQubits\QuditsOnQubits\basis_direct_encoding_benchmarks\quantum_circuits\two_qutrit\monomial_full__sup013_P120_ph200\CZ3_W.qpy,C:\Users\szymon\QuditsOnQubits\QuditsOnQubits\basis_direct_encoding_benchmarks\quantum_circuits\two_qutrit\monomial_full__sup013_P120_ph200\graph_state_direct_basis.qpy,C:\Users\szymon\QuditsOnQubits\QuditsOnQubits\basis_direct_encoding_benchmarks\quantum_circuits\two_qutrit\monomial_full__sup013_P120_ph200\graph_state_direct_basis_transpiled.qpy,,C:\Users\szymon\QuditsOnQubits\QuditsOnQubits\basis_direct_encoding_benchmarks\quantum_circuits\two_qutrit\monomial_full__sup013_P120_ph200\E.npy
direct_basis_encoding,two_qutrit,two_qutrit,star,two_qutrit,2,2,4,sup013_P120_ph201,monomial,monomial_full,sup013_P120_ph201,False,True,18,38,56,43,,,0.922661,True,False,ok,,Converted from legacy E_new 4x3 isometry candidate.; Fidelity skipped because transpiled circuit has 128 qubits.,43,44.5,3.2,56,58.2,18,18.6,128,"{'cz': 17, 'rz': 14, 'rx': 12, 'sx': 12, 'rzz': 1}",10,10,0,C:\Users\szymon\QuditsOnQubits\QuditsOnQubits\basis_direct_encoding_benchmarks\quantum_circuits\two_qutrit\monomial_full__sup013_P120_ph201,C:\Users\szymon\QuditsOnQubits\QuditsOnQubits\basis_direct_encoding_benchmarks\quantum_circuits\two_qutrit\monomial_full__sup013_P120_ph201\F3_W.qpy,C:\Users\szymon\QuditsOnQubits\QuditsOnQubits\basis_direct_encoding_benchmarks\quantum_circuits\two_qutrit\monomial_full__sup013_P120_ph201\CZ3_W.qpy,C:\Users\szymon\QuditsOnQubits\QuditsOnQubits\basis_direct_encoding_benchmarks\quantum_circuits\two_qutrit\monomial_full__sup013_P120_ph201\graph_state_direct_basis.qpy,C:\Users\szymon\QuditsOnQubits\QuditsOnQubits\basis_direct_encoding_benchmarks\quantum_circuits\two_qutrit\monomial_full__sup013_P120_ph201\graph_state_direct_basis_transpiled.qpy,,C:\Users\szymon\QuditsOnQubits\QuditsOnQubits\basis_direct_encoding_benchmarks\quantum_circuits\two_qutrit\monomial_full__sup013_P120_ph201\E.npy
direct_basis_encoding,two_qutrit,two_qutrit,star,two_qutrit,2,2,4,sup013_P120_ph202,monomial,monomial_full,sup013_P120_ph202,False,True,18,41,59,44,,,0.927536,True,False,ok,,Converted from legacy E_new 4x3 isometry candidate.; Fidelity skipped because transpiled circuit has 128 qubits.,44,45.4,2.91,59,61.3,18,18.6,128,"{'rz': 17, 'cz': 17, 'rx': 12, 'sx': 12, 'rzz': 1}",10,10,0,C:\Users\szymon\QuditsOnQubits\QuditsOnQubits\basis_direct_encoding_benchmarks\quantum_circuits\two_qutrit\monomial_full__sup013_P120_ph202,C:\Users\szymon\QuditsOnQubits\QuditsOnQubits\basis_direct_encoding_benchmarks\quantum_circuits\two_qutrit\monomial_full__sup013_P120_ph202\F3_W.qpy,C:\Users\szymon\QuditsOnQubits\QuditsOnQubits\basis_direct_encoding_benchmarks\quantum_circuits\two_qutrit\monomial_full__sup013_P120_ph202\CZ3_W.qpy,C:\Users\szymon\QuditsOnQubits\QuditsOnQubits\basis_direct_encoding_benchmarks\quantum_circuits\two_qutrit\monomial_full__sup013_P120_ph202\graph_state_direct_basis.qpy,C:\Users\szymon\QuditsOnQubits\QuditsOnQubits\basis_direct_encoding_benchmarks\quantum_circuits\two_qutrit\monomial_full__sup013_P120_ph202\graph_state_direct_basis_transpiled.qpy,,C:\Users\szymon\QuditsOnQubits\QuditsOnQubits\basis_direct_encoding_benchmarks\quantum_circuits\two_qutrit\monomial_full__sup013_P120_ph202\E.npy
direct_basis_encoding,two_qutrit,two_qutrit,star,two_qutrit,2,2,4,sup013_P120_ph210,monomial,monomial_full,sup013_P120_ph210,False,True,18,41,59,44,,,0.842519,True,False,ok,,Converted from legacy E_new 4x3 isometry candidate.; Fidelity skipped because transpiled circuit has 128 qubits.,44,45.4,2.91,59,61.7,18,18.6,128,"{'rz': 17, 'cz': 17, 'rx': 12, 'sx': 12, 'rzz': 1}",10,10,0,C:\Users\szymon\QuditsOnQubits\QuditsOnQubits\basis_direct_encoding_benchmarks\quantum_circuits\two_qutrit\monomial_full__sup013_P120_ph210,C:\Users\szymon\QuditsOnQubits\QuditsOnQubits\basis_direct_encoding_benchmarks\quantum_circuits\two_qutrit\monomial_full__sup013_P120_ph210\F3_W.qpy,C:\Users\szymon\QuditsOnQubits\QuditsOnQubits\basis_direct_encoding_benchmarks\quantum_circuits\two_qutrit\monomial_full__sup013_P120_ph210\CZ3_W.qpy,C:\Users\szymon\QuditsOnQubits\QuditsOnQubits\basis_direct_encoding_benchmarks\quantum_circuits\two_qutrit\monomial_full__sup013_P120_ph210\graph_state_direct_basis.qpy,C:\Users\szymon\QuditsOnQubits\QuditsOnQubits\basis_direct_encoding_benchmarks\quantum_circuits\two_qutrit\monomial_full__sup013_P120_ph210\graph_state_direct_basis_transpiled.qpy,,C:\Users\szymon\QuditsOnQubits\QuditsOnQubits\basis_direct_encoding_benchmarks\quantum_circuits\two_qutrit\monomial_full__sup013_P120_ph210\E.npy
direct_basis_encoding,two_qutrit,two_qutrit,star,two_qutrit,2,2,4,sup013_P120_ph211,monomial,monomial_full,sup013_P120_ph211,False,True,18,38,56,43,,,0.875057,True,False,ok,,Converted from legacy E_new 4x3 isometry candidate.; Fidelity skipped because transpiled circuit has 128 qubits.,43,44.5,3.2,56,58.5,18,18.6,128,"{'cz': 17, 'rz': 14, 'rx': 12, 'sx': 12, 'rzz': 1}",10,10,0,C:\Users\szymon\QuditsOnQubits\QuditsOnQubits\basis_direct_encoding_benchmarks\quantum_circuits\two_qutrit\monomial_full__sup013_P120_ph211,C:\Users\szymon\QuditsOnQubits\QuditsOnQubits\basis_direct_encoding_benchmarks\quantum_circuits\two_qutrit\monomial_full__sup013_P120_ph211\F3_W.qpy,C:\Users\szymon\QuditsOnQubits\QuditsOnQubits\basis_direct_encoding_benchmarks\quantum_circuits\two_qutrit\monomial_full__sup013_P120_ph211\CZ3_W.qpy,C:\Users\szymon\QuditsOnQubits\QuditsOnQubits\basis_direct_encoding_benchmarks\quantum_circuits\two_qutrit\monomial_full__sup013_P120_ph211\graph_state_direct_basis.qpy,C:\Users\szymon\QuditsOnQubits\QuditsOnQubits\basis_direct_encoding_benchmarks\quantum_circuits\two_qutrit\monomial_full__sup013_P120_ph211\graph_state_direct_basis_transpiled.qpy,,C:\Users\szymon\QuditsOnQubits\QuditsOnQubits\basis_direct_encoding_benchmarks\quantum_circuits\two_qutrit\monomial_full__sup013_P120_ph211\E.npy
direct_basis_encoding,two_qutrit,two_qutrit,star,two_qutrit,2,2,4,sup013_P120_ph212,monomial,monomial_full,sup013_P120_ph212,False,True,18,40,58,44,,,0.818325,True,False,ok,,Converted from legacy E_new 4x3 isometry candidate.; Fidelity skipped because transpiled circuit has 128 qubits.,44,44.9,2.7,58,61.2,18,18.6,128,"{'cz': 17, 'rz': 16, 'sx': 12, 'rx': 12, 'rzz': 1}",10,10,0,C:\Users\szymon\QuditsOnQubits\QuditsOnQubits\basis_direct_encoding_benchmarks\quantum_circuits\two_qutrit\monomial_full__sup013_P120_ph212,C:\Users\szymon\QuditsOnQubits\QuditsOnQubits\basis_direct_encoding_benchmarks\quantum_circuits\two_qutrit\monomial_full__sup013_P120_ph212\F3_W.qpy,C:\Users\szymon\QuditsOnQubits\QuditsOnQubits\basis_direct_encoding_benchmarks\quantum_circuits\two_qutrit\monomial_full__sup013_P120_ph212\CZ3_W.qpy,C:\Users\szymon\QuditsOnQubits\QuditsOnQubits\basis_direct_encoding_benchmarks\quantum_circuits\two_qutrit\monomial_full__sup013_P120_ph212\graph_state_direct_basis.qpy,C:\Users\szymon\QuditsOnQubits\QuditsOnQubits\basis_direct_encoding_benchmarks\quantum_circuits\two_qutrit\monomial_full__sup013_P120_ph212\graph_state_direct_basis_transpiled.qpy,,C:\Users\szymon\QuditsOnQubits\QuditsOnQubits\basis_direct_encoding_benchmarks\quantum_circuits\two_qutrit\monomial_full__sup013_P120_ph212\E.npy
direct_basis_encoding,two_qutrit,two_qutrit,star,two_qutrit,2,2,4,sup013_P120_ph220,monomial,monomial_full,sup013_P120_ph220,False,True,18,40,58,43,,,1.019754,True,False,ok,,Converted from legacy E_new 4x3 isometry candidate.; Fidelity skipped because transpiled circuit has 128 qubits.,43,44.5,3.2,58,60.4,18,18.6,128,"{'cz': 17, 'rz': 16, 'rx': 12, 'sx': 12, 'rzz': 1}",10,10,0,C:\Users\szymon\QuditsOnQubits\QuditsOnQubits\basis_direct_encoding_benchmarks\quantum_circuits\two_qutrit\monomial_full__sup013_P120_ph220,C:\Users\szymon\QuditsOnQubits\QuditsOnQubits\basis_direct_encoding_benchmarks\quantum_circuits\two_qutrit\monomial_full__sup013_P120_ph220\F3_W.qpy,C:\Users\szymon\QuditsOnQubits\QuditsOnQubits\basis_direct_encoding_benchmarks\quantum_circuits\two_qutrit\monomial_full__sup013_P120_ph220\CZ3_W.qpy,C:\Users\szymon\QuditsOnQubits\QuditsOnQubits\basis_direct_encoding_benchmarks\quantum_circuits\two_qutrit\monomial_full__sup013_P120_ph220\graph_state_direct_basis.qpy,C:\Users\szymon\QuditsOnQubits\QuditsOnQubits\basis_direct_encoding_benchmarks\quantum_circuits\two_qutrit\monomial_full__sup013_P120_ph220\graph_state_direct_basis_transpiled.qpy,,C:\Users\szymon\QuditsOnQubits\QuditsOnQubits\basis_direct_encoding_benchmarks\quantum_circuits\two_qutrit\monomial_full__sup013_P120_ph220\E.npy
direct_basis_encoding,two_qutrit,two_qutrit,star,two_qutrit,2,2,4,sup013_P120_ph221,monomial,monomial_full,sup013_P120_ph221,False,True,18,36,54,42,,,1.039377,True,False,ok,,Converted from legacy E_new 4x3 isometry candidate.; Fidelity skipped because transpiled circuit has 128 qubits.,42,43.1,3.3,54,57.2,18,18.6,128,"{'cz': 17, 'sx': 12, 'rx': 12, 'rz': 12, 'rzz': 1}",10,10,0,C:\Users\szymon\QuditsOnQubits\QuditsOnQubits\basis_direct_encoding_benchmarks\quantum_circuits\two_qutrit\monomial_full__sup013_P120_ph221,C:\Users\szymon\QuditsOnQubits\QuditsOnQubits\basis_direct_encoding_benchmarks\quantum_circuits\two_qutrit\monomial_full__sup013_P120_ph221\F3_W.qpy,C:\Users\szymon\QuditsOnQubits\QuditsOnQubits\basis_direct_encoding_benchmarks\quantum_circuits\two_qutrit\monomial_full__sup013_P120_ph221\CZ3_W.qpy,C:\Users\szymon\QuditsOnQubits\QuditsOnQubits\basis_direct_encoding_benchmarks\quantum_circuits\two_qutrit\monomial_full__sup013_P120_ph221\graph_state_direct_basis.qpy,C:\Users\szymon\QuditsOnQubits\QuditsOnQubits\basis_direct_encoding_benchmarks\quantum_circuits\two_qutrit\monomial_full__sup013_P120_ph221\graph_state_direct_basis_transpiled.qpy,,C:\Users\szymon\QuditsOnQubits\QuditsOnQubits\basis_direct_encoding_benchmarks\quantum_circuits\two_qutrit\monomial_full__sup013_P120_ph221\E.npy
direct_basis_encoding,two_qutrit,two_qutrit,star,two_qutrit,2,2,4,sup013_P120_ph222,monomial,monomial_full,sup013_P120_ph222,False,True,18,40,58,43,,,1.027239,True,False,ok,,Converted from legacy E_new 4x3 isometry candidate.; Fidelity skipped because transpiled circuit has 128 qubits.,43,44.5,3.2,58,60.7,18,18.6,128,"{'cz': 17, 'rz': 16, 'rx': 12, 'sx': 12, 'rzz': 1}",10,10,0,C:\Users\szymon\QuditsOnQubits\QuditsOnQubits\basis_direct_encoding_benchmarks\quantum_circuits\two_qutrit\monomial_full__sup013_P120_ph222,C:\Users\szymon\QuditsOnQubits\QuditsOnQubits\basis_direct_encoding_benchmarks\quantum_circuits\two_qutrit\monomial_full__sup013_P120_ph222\F3_W.qpy,C:\Users\szymon\QuditsOnQubits\QuditsOnQubits\basis_direct_encoding_benchmarks\quantum_circuits\two_qutrit\monomial_full__sup013_P120_ph222\CZ3_W.qpy,C:\Users\szymon\QuditsOnQubits\QuditsOnQubits\basis_direct_encoding_benchmarks\quantum_circuits\two_qutrit\monomial_full__sup013_P120_ph222\graph_state_direct_basis.qpy,C:\Users\szymon\QuditsOnQubits\QuditsOnQubits\basis_direct_encoding_benchmarks\quantum_circuits\two_qutrit\monomial_full__sup013_P120_ph222\graph_state_direct_basis_transpiled.qpy,,C:\Users\szymon\QuditsOnQubits\QuditsOnQubits\basis_direct_encoding_benchmarks\quantum_circuits\two_qutrit\monomial_full__sup013_P120_ph222\E.npy
direct_basis_encoding,two_qutrit,two_qutrit,star,two_qutrit,2,2,4,sup013_P201_ph000,monomial,monomial_full,sup013_P201_ph000,False,True,16,36,52,40,,,0.952414,True,False,ok,,Converted from legacy E_new 4x3 isometry candidate.; Fidelity skipped because transpiled circuit has 128 qubits.,40,40.0,0.0,52,52.5,16,16.0,128,"{'cz': 15, 'sx': 12, 'rx': 12, 'rz': 12, 'rzz': 1}",10,10,0,C:\Users\szymon\QuditsOnQubits\QuditsOnQubits\basis_direct_encoding_benchmarks\quantum_circuits\two_qutrit\monomial_full__sup013_P201_ph000,C:\Users\szymon\QuditsOnQubits\QuditsOnQubits\basis_direct_encoding_benchmarks\quantum_circuits\two_qutrit\monomial_full__sup013_P201_ph000\F3_W.qpy,C:\Users\szymon\QuditsOnQubits\QuditsOnQubits\basis_direct_encoding_benchmarks\quantum_circuits\two_qutrit\monomial_full__sup013_P201_ph000\CZ3_W.qpy,C:\Users\szymon\QuditsOnQubits\QuditsOnQubits\basis_direct_encoding_benchmarks\quantum_circuits\two_qutrit\monomial_full__sup013_P201_ph000\graph_state_direct_basis.qpy,C:\Users\szymon\QuditsOnQubits\QuditsOnQubits\basis_direct_encoding_benchmarks\quantum_circuits\two_qutrit\monomial_full__sup013_P201_ph000\graph_state_direct_basis_transpiled.qpy,,C:\Users\szymon\QuditsOnQubits\QuditsOnQubits\basis_direct_encoding_benchmarks\quantum_circuits\two_qutrit\monomial_full__sup013_P201_ph000\E.npy
direct_basis_encoding,two_qutrit,two_qutrit,star,two_qutrit,2,2,4,sup013_P201_ph001,monomial,monomial_full,sup013_P201_ph001,False,True,16,40,56,41,,,0.760149,True,False,ok,,Converted from legacy E_new 4x3 isometry candidate.; Fidelity skipped because transpiled circuit has 128 qubits.,41,41.5,0.5,56,56.0,16,16.0,128,"{'rz': 16, 'cz': 15, 'rx': 12, 'sx': 12, 'rzz': 1}",10,10,0,C:\Users\szymon\QuditsOnQubits\QuditsOnQubits\basis_direct_encoding_benchmarks\quantum_circuits\two_qutrit\monomial_full__sup013_P201_ph001,C:\Users\szymon\QuditsOnQubits\QuditsOnQubits\basis_direct_encoding_benchmarks\quantum_circuits\two_qutrit\monomial_full__sup013_P201_ph001\F3_W.qpy,C:\Users\szymon\QuditsOnQubits\QuditsOnQubits\basis_direct_encoding_benchmarks\quantum_circuits\two_qutrit\monomial_full__sup013_P201_ph001\CZ3_W.qpy,C:\Users\szymon\QuditsOnQubits\QuditsOnQubits\basis_direct_encoding_benchmarks\quantum_circuits\two_qutrit\monomial_full__sup013_P201_ph001\graph_state_direct_basis.qpy,C:\Users\szymon\QuditsOnQubits\QuditsOnQubits\basis_direct_encoding_benchmarks\quantum_circuits\two_qutrit\monomial_full__sup013_P201_ph001\graph_state_direct_basis_transpiled.qpy,,C:\Users\szymon\QuditsOnQubits\QuditsOnQubits\basis_direct_encoding_benchmarks\quantum_circuits\two_qutrit\monomial_full__sup013_P201_ph001\E.npy
direct_basis_encoding,two_qutrit,two_qutrit,star,two_qutrit,2,2,4,sup013_P201_ph002,monomial,monomial_full,sup013_P201_ph002,False,True,16,40,56,41,,,0.890623,True,False,ok,,Converted from legacy E_new 4x3 isometry candidate.; Fidelity skipped because transpiled circuit has 128 qubits.,41,41.5,0.5,56,55.5,16,16.0,128,"{'rz': 16, 'cz': 15, 'rx': 12, 'sx': 12, 'rzz': 1}",10,10,0,C:\Users\szymon\QuditsOnQubits\QuditsOnQubits\basis_direct_encoding_benchmarks\quantum_circuits\two_qutrit\monomial_full__sup013_P201_ph002,C:\Users\szymon\QuditsOnQubits\QuditsOnQubits\basis_direct_encoding_benchmarks\quantum_circuits\two_qutrit\monomial_full__sup013_P201_ph002\F3_W.qpy,C:\Users\szymon\QuditsOnQubits\QuditsOnQubits\basis_direct_encoding_benchmarks\quantum_circuits\two_qutrit\monomial_full__sup013_P201_ph002\CZ3_W.qpy,C:\Users\szymon\QuditsOnQubits\QuditsOnQubits\basis_direct_encoding_benchmarks\quantum_circuits\two_qutrit\monomial_full__sup013_P201_ph002\graph_state_direct_basis.qpy,C:\Users\szymon\QuditsOnQubits\QuditsOnQubits\basis_direct_encoding_benchmarks\quantum_circuits\two_qutrit\monomial_full__sup013_P201_ph002\graph_state_direct_basis_transpiled.qpy,,C:\Users\szymon\QuditsOnQubits\QuditsOnQubits\basis_direct_encoding_benchmarks\quantum_circuits\two_qutrit\monomial_full__sup013_P201_ph002\E.npy
direct_basis_encoding,two_qutrit,two_qutrit,star,two_qutrit,2,2,4,sup013_P201_ph010,monomial,monomial_full,sup013_P201_ph010,False,True,16,38,54,41,,,0.816726,True,False,ok,,Converted from legacy E_new 4x3 isometry candidate.; Fidelity skipped because transpiled circuit has 128 qubits.,41,41.5,0.5,54,54.0,16,16.0,128,"{'cz': 15, 'rz': 14, 'rx': 12, 'sx': 12, 'rzz': 1}",10,10,0,C:\Users\szymon\QuditsOnQubits\QuditsOnQubits\basis_direct_encoding_benchmarks\quantum_circuits\two_qutrit\monomial_full__sup013_P201_ph010,C:\Users\szymon\QuditsOnQubits\QuditsOnQubits\basis_direct_encoding_benchmarks\quantum_circuits\two_qutrit\monomial_full__sup013_P201_ph010\F3_W.qpy,C:\Users\szymon\QuditsOnQubits\QuditsOnQubits\basis_direct_encoding_benchmarks\quantum_circuits\two_qutrit\monomial_full__sup013_P201_ph010\CZ3_W.qpy,C:\Users\szymon\QuditsOnQubits\QuditsOnQubits\basis_direct_encoding_benchmarks\quantum_circuits\two_qutrit\monomial_full__sup013_P201_ph010\graph_state_direct_basis.qpy,C:\Users\szymon\QuditsOnQubits\QuditsOnQubits\basis_direct_encoding_benchmarks\quantum_circuits\two_qutrit\monomial_full__sup013_P201_ph010\graph_state_direct_basis_transpiled.qpy,,C:\Users\szymon\QuditsOnQubits\QuditsOnQubits\basis_direct_encoding_benchmarks\quantum_circuits\two_qutrit\monomial_full__sup013_P201_ph010\E.npy
direct_basis_encoding,two_qutrit,two_qutrit,star,two_qutrit,2,2,4,sup013_P201_ph011,monomial,monomial_full,sup013_P201_ph011,False,True,16,41,57,42,,,0.854361,True,False,ok,,Converted from legacy E_new 4x3 isometry candidate.; Fidelity skipped because transpiled circuit has 128 qubits.,42,42.5,0.5,57,57.0,16,16.0,128,"{'rz': 17, 'cz': 15, 'rx': 12, 'sx': 12, 'rzz': 1}",10,10,0,C:\Users\szymon\QuditsOnQubits\QuditsOnQubits\basis_direct_encoding_benchmarks\quantum_circuits\two_qutrit\monomial_full__sup013_P201_ph011,C:\Users\szymon\QuditsOnQubits\QuditsOnQubits\basis_direct_encoding_benchmarks\quantum_circuits\two_qutrit\monomial_full__sup013_P201_ph011\F3_W.qpy,C:\Users\szymon\QuditsOnQubits\QuditsOnQubits\basis_direct_encoding_benchmarks\quantum_circuits\two_qutrit\monomial_full__sup013_P201_ph011\CZ3_W.qpy,C:\Users\szymon\QuditsOnQubits\QuditsOnQubits\basis_direct_encoding_benchmarks\quantum_circuits\two_qutrit\monomial_full__sup013_P201_ph011\graph_state_direct_basis.qpy,C:\Users\szymon\QuditsOnQubits\QuditsOnQubits\basis_direct_encoding_benchmarks\quantum_circuits\two_qutrit\monomial_full__sup013_P201_ph011\graph_state_direct_basis_transpiled.qpy,,C:\Users\szymon\QuditsOnQubits\QuditsOnQubits\basis_direct_encoding_benchmarks\quantum_circuits\two_qutrit\monomial_full__sup013_P201_ph011\E.npy
direct_basis_encoding,two_qutrit,two_qutrit,star,two_qutrit,2,2,4,sup013_P201_ph012,monomial,monomial_full,sup013_P201_ph012,False,True,16,39,55,42,,,0.946734,True,False,ok,,Converted from legacy E_new 4x3 isometry candidate.; Fidelity skipped because transpiled circuit has 128 qubits.,42,42.0,0.0,55,56.0,16,16.0,128,"{'rz': 16, 'cz': 15, 'sx': 12, 'rx': 11, 'rzz': 1}",10,10,0,C:\Users\szymon\QuditsOnQubits\QuditsOnQubits\basis_direct_encoding_benchmarks\quantum_circuits\two_qutrit\monomial_full__sup013_P201_ph012,C:\Users\szymon\QuditsOnQubits\QuditsOnQubits\basis_direct_encoding_benchmarks\quantum_circuits\two_qutrit\monomial_full__sup013_P201_ph012\F3_W.qpy,C:\Users\szymon\QuditsOnQubits\QuditsOnQubits\basis_direct_encoding_benchmarks\quantum_circuits\two_qutrit\monomial_full__sup013_P201_ph012\CZ3_W.qpy,C:\Users\szymon\QuditsOnQubits\QuditsOnQubits\basis_direct_encoding_benchmarks\quantum_circuits\two_qutrit\monomial_full__sup013_P201_ph012\graph_state_direct_basis.qpy,C:\Users\szymon\QuditsOnQubits\QuditsOnQubits\basis_direct_encoding_benchmarks\quantum_circuits\two_qutrit\monomial_full__sup013_P201_ph012\graph_state_direct_basis_transpiled.qpy,,C:\Users\szymon\QuditsOnQubits\QuditsOnQubits\basis_direct_encoding_benchmarks\quantum_circuits\two_qutrit\monomial_full__sup013_P201_ph012\E.npy
direct_basis_encoding,two_qutrit,two_qutrit,star,two_qutrit,2,2,4,sup013_P201_ph020,monomial,monomial_full,sup013_P201_ph020,False,True,16,38,54,41,,,0.811982,True,False,ok,,Converted from legacy E_new 4x3 isometry candidate.; Fidelity skipped because transpiled circuit has 128 qubits.,41,41.5,0.5,54,54.0,16,16.0,128,"{'cz': 15, 'rz': 14, 'rx': 12, 'sx': 12, 'rzz': 1}",10,10,0,C:\Users\szymon\QuditsOnQubits\QuditsOnQubits\basis_direct_encoding_benchmarks\quantum_circuits\two_qutrit\monomial_full__sup013_P201_ph020,C:\Users\szymon\QuditsOnQubits\QuditsOnQubits\basis_direct_encoding_benchmarks\quantum_circuits\two_qutrit\monomial_full__sup013_P201_ph020\F3_W.qpy,C:\Users\szymon\QuditsOnQubits\QuditsOnQubits\basis_direct_encoding_benchmarks\quantum_circuits\two_qutrit\monomial_full__sup013_P201_ph020\CZ3_W.qpy,C:\Users\szymon\QuditsOnQubits\QuditsOnQubits\basis_direct_encoding_benchmarks\quantum_circuits\two_qutrit\monomial_full__sup013_P201_ph020\graph_state_direct_basis.qpy,C:\Users\szymon\QuditsOnQubits\QuditsOnQubits\basis_direct_encoding_benchmarks\quantum_circuits\two_qutrit\monomial_full__sup013_P201_ph020\graph_state_direct_basis_transpiled.qpy,,C:\Users\szymon\QuditsOnQubits\QuditsOnQubits\basis_direct_encoding_benchmarks\quantum_circuits\two_qutrit\monomial_full__sup013_P201_ph020\E.npy
direct_basis_encoding,two_qutrit,two_qutrit,star,two_qutrit,2,2,4,sup013_P201_ph021,monomial,monomial_full,sup013_P201_ph021,False,True,16,39,55,42,,,0.983027,True,False,ok,,Converted from legacy E_new 4x3 isometry candidate.; Fidelity skipped because transpiled circuit has 128 qubits.,42,42.0,0.0,55,56.0,16,16.0,128,"{'rz': 16, 'cz': 15, 'sx': 12, 'rx': 11, 'rzz': 1}",10,10,0,C:\Users\szymon\QuditsOnQubits\QuditsOnQubits\basis_direct_encoding_benchmarks\quantum_circuits\two_qutrit\monomial_full__sup013_P201_ph021,C:\Users\szymon\QuditsOnQubits\QuditsOnQubits\basis_direct_encoding_benchmarks\quantum_circuits\two_qutrit\monomial_full__sup013_P201_ph021\F3_W.qpy,C:\Users\szymon\QuditsOnQubits\QuditsOnQubits\basis_direct_encoding_benchmarks\quantum_circuits\two_qutrit\monomial_full__sup013_P201_ph021\CZ3_W.qpy,C:\Users\szymon\QuditsOnQubits\QuditsOnQubits\basis_direct_encoding_benchmarks\quantum_circuits\two_qutrit\monomial_full__sup013_P201_ph021\graph_state_direct_basis.qpy,C:\Users\szymon\QuditsOnQubits\QuditsOnQubits\basis_direct_encoding_benchmarks\quantum_circuits\two_qutrit\monomial_full__sup013_P201_ph021\graph_state_direct_basis_transpiled.qpy,,C:\Users\szymon\QuditsOnQubits\QuditsOnQubits\basis_direct_encoding_benchmarks\quantum_circuits\two_qutrit\monomial_full__sup013_P201_ph021\E.npy
direct_basis_encoding,two_qutrit,two_qutrit,star,two_qutrit,2,2,4,sup013_P201_ph022,monomial,monomial_full,sup013_P201_ph022,False,True,16,41,57,42,,,1.294574,True,False,ok,,Converted from legacy E_new 4x3 isometry candidate.; Fidelity skipped because transpiled circuit has 128 qubits.,42,42.5,0.5,57,56.5,16,16.0,128,"{'rz': 17, 'cz': 15, 'rx': 12, 'sx': 12, 'rzz': 1}",10,10,0,C:\Users\szymon\QuditsOnQubits\QuditsOnQubits\basis_direct_encoding_benchmarks\quantum_circuits\two_qutrit\monomial_full__sup013_P201_ph022,C:\Users\szymon\QuditsOnQubits\QuditsOnQubits\basis_direct_encoding_benchmarks\quantum_circuits\two_qutrit\monomial_full__sup013_P201_ph022\F3_W.qpy,C:\Users\szymon\QuditsOnQubits\QuditsOnQubits\basis_direct_encoding_benchmarks\quantum_circuits\two_qutrit\monomial_full__sup013_P201_ph022\CZ3_W.qpy,C:\Users\szymon\QuditsOnQubits\QuditsOnQubits\basis_direct_encoding_benchmarks\quantum_circuits\two_qutrit\monomial_full__sup013_P201_ph022\graph_state_direct_basis.qpy,C:\Users\szymon\QuditsOnQubits\QuditsOnQubits\basis_direct_encoding_benchmarks\quantum_circuits\two_qutrit\monomial_full__sup013_P201_ph022\graph_state_direct_basis_transpiled.qpy,,C:\Users\szymon\QuditsOnQubits\QuditsOnQubits\basis_direct_encoding_benchmarks\quantum_circuits\two_qutrit\monomial_full__sup013_P201_ph022\E.npy
direct_basis_encoding,two_qutrit,two_qutrit,star,two_qutrit,2,2,4,sup013_P201_ph100,monomial,monomial_full,sup013_P201_ph100,False,True,16,39,55,42,,,0.75037,True,False,ok,,Converted from legacy E_new 4x3 isometry candidate.; Fidelity skipped because transpiled circuit has 128 qubits.,42,42.0,0.0,55,56.0,16,16.0,128,"{'rz': 16, 'cz': 15, 'sx': 12, 'rx': 11, 'rzz': 1}",10,10,0,C:\Users\szymon\QuditsOnQubits\QuditsOnQubits\basis_direct_encoding_benchmarks\quantum_circuits\two_qutrit\monomial_full__sup013_P201_ph100,C:\Users\szymon\QuditsOnQubits\QuditsOnQubits\basis_direct_encoding_benchmarks\quantum_circuits\two_qutrit\monomial_full__sup013_P201_ph100\F3_W.qpy,C:\Users\szymon\QuditsOnQubits\QuditsOnQubits\basis_direct_encoding_benchmarks\quantum_circuits\two_qutrit\monomial_full__sup013_P201_ph100\CZ3_W.qpy,C:\Users\szymon\QuditsOnQubits\QuditsOnQubits\basis_direct_encoding_benchmarks\quantum_circuits\two_qutrit\monomial_full__sup013_P201_ph100\graph_state_direct_basis.qpy,C:\Users\szymon\QuditsOnQubits\QuditsOnQubits\basis_direct_encoding_benchmarks\quantum_circuits\two_qutrit\monomial_full__sup013_P201_ph100\graph_state_direct_basis_transpiled.qpy,,C:\Users\szymon\QuditsOnQubits\QuditsOnQubits\basis_direct_encoding_benchmarks\quantum_circuits\two_qutrit\monomial_full__sup013_P201_ph100\E.npy
direct_basis_encoding,two_qutrit,two_qutrit,star,two_qutrit,2,2,4,sup013_P201_ph101,monomial,monomial_full,sup013_P201_ph101,False,True,16,41,57,42,,,0.921984,True,False,ok,,Converted from legacy E_new 4x3 isometry candidate.; Fidelity skipped because transpiled circuit has 128 qubits.,42,42.5,0.5,57,56.5,16,16.0,128,"{'rz': 17, 'cz': 15, 'rx': 12, 'sx': 12, 'rzz': 1}",10,10,0,C:\Users\szymon\QuditsOnQubits\QuditsOnQubits\basis_direct_encoding_benchmarks\quantum_circuits\two_qutrit\monomial_full__sup013_P201_ph101,C:\Users\szymon\QuditsOnQubits\QuditsOnQubits\basis_direct_encoding_benchmarks\quantum_circuits\two_qutrit\monomial_full__sup013_P201_ph101\F3_W.qpy,C:\Users\szymon\QuditsOnQubits\QuditsOnQubits\basis_direct_encoding_benchmarks\quantum_circuits\two_qutrit\monomial_full__sup013_P201_ph101\CZ3_W.qpy,C:\Users\szymon\QuditsOnQubits\QuditsOnQubits\basis_direct_encoding_benchmarks\quantum_circuits\two_qutrit\monomial_full__sup013_P201_ph101\graph_state_direct_basis.qpy,C:\Users\szymon\QuditsOnQubits\QuditsOnQubits\basis_direct_encoding_benchmarks\quantum_circuits\two_qutrit\monomial_full__sup013_P201_ph101\graph_state_direct_basis_transpiled.qpy,,C:\Users\szymon\QuditsOnQubits\QuditsOnQubits\basis_direct_encoding_benchmarks\quantum_circuits\two_qutrit\monomial_full__sup013_P201_ph101\E.npy
direct_basis_encoding,two_qutrit,two_qutrit,star,two_qutrit,2,2,4,sup013_P201_ph102,monomial,monomial_full,sup013_P201_ph102,False,True,16,38,54,41,,,1.178249,True,False,ok,,Converted from legacy E_new 4x3 isometry candidate.; Fidelity skipped because transpiled circuit has 128 qubits.,41,41.5,0.5,54,54.0,16,16.0,128,"{'cz': 15, 'rz': 14, 'rx': 12, 'sx': 12, 'rzz': 1}",10,10,0,C:\Users\szymon\QuditsOnQubits\QuditsOnQubits\basis_direct_encoding_benchmarks\quantum_circuits\two_qutrit\monomial_full__sup013_P201_ph102,C:\Users\szymon\QuditsOnQubits\QuditsOnQubits\basis_direct_encoding_benchmarks\quantum_circuits\two_qutrit\monomial_full__sup013_P201_ph102\F3_W.qpy,C:\Users\szymon\QuditsOnQubits\QuditsOnQubits\basis_direct_encoding_benchmarks\quantum_circuits\two_qutrit\monomial_full__sup013_P201_ph102\CZ3_W.qpy,C:\Users\szymon\QuditsOnQubits\QuditsOnQubits\basis_direct_encoding_benchmarks\quantum_circuits\two_qutrit\monomial_full__sup013_P201_ph102\graph_state_direct_basis.qpy,C:\Users\szymon\QuditsOnQubits\QuditsOnQubits\basis_direct_encoding_benchmarks\quantum_circuits\two_qutrit\monomial_full__sup013_P201_ph102\graph_state_direct_basis_transpiled.qpy,,C:\Users\szymon\QuditsOnQubits\QuditsOnQubits\basis_direct_encoding_benchmarks\quantum_circuits\two_qutrit\monomial_full__sup013_P201_ph102\E.npy
direct_basis_encoding,two_qutrit,two_qutrit,star,two_qutrit,2,2,4,sup013_P201_ph110,monomial,monomial_full,sup013_P201_ph110,False,True,16,40,56,41,,,1.279123,True,False,ok,,Converted from legacy E_new 4x3 isometry candidate.; Fidelity skipped because transpiled circuit has 128 qubits.,41,41.5,0.5,56,55.5,16,16.0,128,"{'rz': 16, 'cz': 15, 'rx': 12, 'sx': 12, 'rzz': 1}",10,10,0,C:\Users\szymon\QuditsOnQubits\QuditsOnQubits\basis_direct_encoding_benchmarks\quantum_circuits\two_qutrit\monomial_full__sup013_P201_ph110,C:\Users\szymon\QuditsOnQubits\QuditsOnQubits\basis_direct_encoding_benchmarks\quantum_circuits\two_qutrit\monomial_full__sup013_P201_ph110\F3_W.qpy,C:\Users\szymon\QuditsOnQubits\QuditsOnQubits\basis_direct_encoding_benchmarks\quantum_circuits\two_qutrit\monomial_full__sup013_P201_ph110\CZ3_W.qpy,C:\Users\szymon\QuditsOnQubits\QuditsOnQubits\basis_direct_encoding_benchmarks\quantum_circuits\two_qutrit\monomial_full__sup013_P201_ph110\graph_state_direct_basis.qpy,C:\Users\szymon\QuditsOnQubits\QuditsOnQubits\basis_direct_encoding_benchmarks\quantum_circuits\two_qutrit\monomial_full__sup013_P201_ph110\graph_state_direct_basis_transpiled.qpy,,C:\Users\szymon\QuditsOnQubits\QuditsOnQubits\basis_direct_encoding_benchmarks\quantum_circuits\two_qutrit\monomial_full__sup013_P201_ph110\E.npy
direct_basis_encoding,two_qutrit,two_qutrit,star,two_qutrit,2,2,4,sup013_P201_ph111,monomial,monomial_full,sup013_P201_ph111,False,True,16,40,56,41,,,0.985746,True,False,ok,,Converted from legacy E_new 4x3 isometry candidate.; Fidelity skipped because transpiled circuit has 128 qubits.,41,41.5,0.5,56,55.5,16,16.0,128,"{'rz': 16, 'cz': 15, 'rx': 12, 'sx': 12, 'rzz': 1}",10,10,0,C:\Users\szymon\QuditsOnQubits\QuditsOnQubits\basis_direct_encoding_benchmarks\quantum_circuits\two_qutrit\monomial_full__sup013_P201_ph111,C:\Users\szymon\QuditsOnQubits\QuditsOnQubits\basis_direct_encoding_benchmarks\quantum_circuits\two_qutrit\monomial_full__sup013_P201_ph111\F3_W.qpy,C:\Users\szymon\QuditsOnQubits\QuditsOnQubits\basis_direct_encoding_benchmarks\quantum_circuits\two_qutrit\monomial_full__sup013_P201_ph111\CZ3_W.qpy,C:\Users\szymon\QuditsOnQubits\QuditsOnQubits\basis_direct_encoding_benchmarks\quantum_circuits\two_qutrit\monomial_full__sup013_P201_ph111\graph_state_direct_basis.qpy,C:\Users\szymon\QuditsOnQubits\QuditsOnQubits\basis_direct_encoding_benchmarks\quantum_circuits\two_qutrit\monomial_full__sup013_P201_ph111\graph_state_direct_basis_transpiled.qpy,,C:\Users\szymon\QuditsOnQubits\QuditsOnQubits\basis_direct_encoding_benchmarks\quantum_circuits\two_qutrit\monomial_full__sup013_P201_ph111\E.npy
direct_basis_encoding,two_qutrit,two_qutrit,star,two_qutrit,2,2,4,sup013_P201_ph112,monomial,monomial_full,sup013_P201_ph112,False,True,16,36,52,40,,,0.780489,True,False,ok,,Converted from legacy E_new 4x3 isometry candidate.; Fidelity skipped because transpiled circuit has 128 qubits.,40,40.0,0.0,52,52.5,16,16.0,128,"{'cz': 15, 'sx': 12, 'rx': 12, 'rz': 12, 'rzz': 1}",10,10,0,C:\Users\szymon\QuditsOnQubits\QuditsOnQubits\basis_direct_encoding_benchmarks\quantum_circuits\two_qutrit\monomial_full__sup013_P201_ph112,C:\Users\szymon\QuditsOnQubits\QuditsOnQubits\basis_direct_encoding_benchmarks\quantum_circuits\two_qutrit\monomial_full__sup013_P201_ph112\F3_W.qpy,C:\Users\szymon\QuditsOnQubits\QuditsOnQubits\basis_direct_encoding_benchmarks\quantum_circuits\two_qutrit\monomial_full__sup013_P201_ph112\CZ3_W.qpy,C:\Users\szymon\QuditsOnQubits\QuditsOnQubits\basis_direct_encoding_benchmarks\quantum_circuits\two_qutrit\monomial_full__sup013_P201_ph112\graph_state_direct_basis.qpy,C:\Users\szymon\QuditsOnQubits\QuditsOnQubits\basis_direct_encoding_benchmarks\quantum_circuits\two_qutrit\monomial_full__sup013_P201_ph112\graph_state_direct_basis_transpiled.qpy,,C:\Users\szymon\QuditsOnQubits\QuditsOnQubits\basis_direct_encoding_benchmarks\quantum_circuits\two_qutrit\monomial_full__sup013_P201_ph112\E.npy
direct_basis_encoding,two_qutrit,two_qutrit,star,two_qutrit,2,2,4,sup013_P201_ph120,monomial,monomial_full,sup013_P201_ph120,False,True,16,41,57,42,,,0.969012,True,False,ok,,Converted from legacy E_new 4x3 isometry candidate.; Fidelity skipped because transpiled circuit has 128 qubits.,42,42.5,0.5,57,56.5,16,16.0,128,"{'rz': 17, 'cz': 15, 'rx': 12, 'sx': 12, 'rzz': 1}",10,10,0,C:\Users\szymon\QuditsOnQubits\QuditsOnQubits\basis_direct_encoding_benchmarks\quantum_circuits\two_qutrit\monomial_full__sup013_P201_ph120,C:\Users\szymon\QuditsOnQubits\QuditsOnQubits\basis_direct_encoding_benchmarks\quantum_circuits\two_qutrit\monomial_full__sup013_P201_ph120\F3_W.qpy,C:\Users\szymon\QuditsOnQubits\QuditsOnQubits\basis_direct_encoding_benchmarks\quantum_circuits\two_qutrit\monomial_full__sup013_P201_ph120\CZ3_W.qpy,C:\Users\szymon\QuditsOnQubits\QuditsOnQubits\basis_direct_encoding_benchmarks\quantum_circuits\two_qutrit\monomial_full__sup013_P201_ph120\graph_state_direct_basis.qpy,C:\Users\szymon\QuditsOnQubits\QuditsOnQubits\basis_direct_encoding_benchmarks\quantum_circuits\two_qutrit\monomial_full__sup013_P201_ph120\graph_state_direct_basis_transpiled.qpy,,C:\Users\szymon\QuditsOnQubits\QuditsOnQubits\basis_direct_encoding_benchmarks\quantum_circuits\two_qutrit\monomial_full__sup013_P201_ph120\E.npy
direct_basis_encoding,two_qutrit,two_qutrit,star,two_qutrit,2,2,4,sup013_P201_ph121,monomial,monomial_full,sup013_P201_ph121,False,True,16,39,55,42,,,0.896026,True,False,ok,,Converted from legacy E_new 4x3 isometry candidate.; Fidelity skipped because transpiled circuit has 128 qubits.,42,42.0,0.0,55,56.0,16,16.0,128,"{'rz': 16, 'cz': 15, 'sx': 12, 'rx': 11, 'rzz': 1}",10,10,0,C:\Users\szymon\QuditsOnQubits\QuditsOnQubits\basis_direct_encoding_benchmarks\quantum_circuits\two_qutrit\monomial_full__sup013_P201_ph121,C:\Users\szymon\QuditsOnQubits\QuditsOnQubits\basis_direct_encoding_benchmarks\quantum_circuits\two_qutrit\monomial_full__sup013_P201_ph121\F3_W.qpy,C:\Users\szymon\QuditsOnQubits\QuditsOnQubits\basis_direct_encoding_benchmarks\quantum_circuits\two_qutrit\monomial_full__sup013_P201_ph121\CZ3_W.qpy,C:\Users\szymon\QuditsOnQubits\QuditsOnQubits\basis_direct_encoding_benchmarks\quantum_circuits\two_qutrit\monomial_full__sup013_P201_ph121\graph_state_direct_basis.qpy,C:\Users\szymon\QuditsOnQubits\QuditsOnQubits\basis_direct_encoding_benchmarks\quantum_circuits\two_qutrit\monomial_full__sup013_P201_ph121\graph_state_direct_basis_transpiled.qpy,,C:\Users\szymon\QuditsOnQubits\QuditsOnQubits\basis_direct_encoding_benchmarks\quantum_circuits\two_qutrit\monomial_full__sup013_P201_ph121\E.npy
direct_basis_encoding,two_qutrit,two_qutrit,star,two_qutrit,2,2,4,sup013_P201_ph122,monomial,monomial_full,sup013_P201_ph122,False,True,16,38,54,41,,,1.131343,True,False,ok,,Converted from legacy E_new 4x3 isometry candidate.; Fidelity skipped because transpiled circuit has 128 qubits.,41,41.5,0.5,54,53.5,16,16.0,128,"{'cz': 15, 'rz': 14, 'rx': 12, 'sx': 12, 'rzz': 1}",10,10,0,C:\Users\szymon\QuditsOnQubits\QuditsOnQubits\basis_direct_encoding_benchmarks\quantum_circuits\two_qutrit\monomial_full__sup013_P201_ph122,C:\Users\szymon\QuditsOnQubits\QuditsOnQubits\basis_direct_encoding_benchmarks\quantum_circuits\two_qutrit\monomial_full__sup013_P201_ph122\F3_W.qpy,C:\Users\szymon\QuditsOnQubits\QuditsOnQubits\basis_direct_encoding_benchmarks\quantum_circuits\two_qutrit\monomial_full__sup013_P201_ph122\CZ3_W.qpy,C:\Users\szymon\QuditsOnQubits\QuditsOnQubits\basis_direct_encoding_benchmarks\quantum_circuits\two_qutrit\monomial_full__sup013_P201_ph122\graph_state_direct_basis.qpy,C:\Users\szymon\QuditsOnQubits\QuditsOnQubits\basis_direct_encoding_benchmarks\quantum_circuits\two_qutrit\monomial_full__sup013_P201_ph122\graph_state_direct_basis_transpiled.qpy,,C:\Users\szymon\QuditsOnQubits\QuditsOnQubits\basis_direct_encoding_benchmarks\quantum_circuits\two_qutrit\monomial_full__sup013_P201_ph122\E.npy
direct_basis_encoding,two_qutrit,two_qutrit,star,two_qutrit,2,2,4,sup013_P201_ph200,monomial,monomial_full,sup013_P201_ph200,False,True,16,39,55,42,,,0.687895,True,False,ok,,Converted from legacy E_new 4x3 isometry candidate.; Fidelity skipped because transpiled circuit has 128 qubits.,42,42.0,0.0,55,56.0,16,16.0,128,"{'rz': 16, 'cz': 15, 'sx': 12, 'rx': 11, 'rzz': 1}",10,10,0,C:\Users\szymon\QuditsOnQubits\QuditsOnQubits\basis_direct_encoding_benchmarks\quantum_circuits\two_qutrit\monomial_full__sup013_P201_ph200,C:\Users\szymon\QuditsOnQubits\QuditsOnQubits\basis_direct_encoding_benchmarks\quantum_circuits\two_qutrit\monomial_full__sup013_P201_ph200\F3_W.qpy,C:\Users\szymon\QuditsOnQubits\QuditsOnQubits\basis_direct_encoding_benchmarks\quantum_circuits\two_qutrit\monomial_full__sup013_P201_ph200\CZ3_W.qpy,C:\Users\szymon\QuditsOnQubits\QuditsOnQubits\basis_direct_encoding_benchmarks\quantum_circuits\two_qutrit\monomial_full__sup013_P201_ph200\graph_state_direct_basis.qpy,C:\Users\szymon\QuditsOnQubits\QuditsOnQubits\basis_direct_encoding_benchmarks\quantum_circuits\two_qutrit\monomial_full__sup013_P201_ph200\graph_state_direct_basis_transpiled.qpy,,C:\Users\szymon\QuditsOnQubits\QuditsOnQubits\basis_direct_encoding_benchmarks\quantum_circuits\two_qutrit\monomial_full__sup013_P201_ph200\E.npy
direct_basis_encoding,two_qutrit,two_qutrit,star,two_qutrit,2,2,4,sup013_P201_ph201,monomial,monomial_full,sup013_P201_ph201,False,True,16,38,54,41,,,0.869324,True,False,ok,,Converted from legacy E_new 4x3 isometry candidate.; Fidelity skipped because transpiled circuit has 128 qubits.,41,41.5,0.5,54,53.5,16,16.0,128,"{'cz': 15, 'rz': 14, 'rx': 12, 'sx': 12, 'rzz': 1}",10,10,0,C:\Users\szymon\QuditsOnQubits\QuditsOnQubits\basis_direct_encoding_benchmarks\quantum_circuits\two_qutrit\monomial_full__sup013_P201_ph201,C:\Users\szymon\QuditsOnQubits\QuditsOnQubits\basis_direct_encoding_benchmarks\quantum_circuits\two_qutrit\monomial_full__sup013_P201_ph201\F3_W.qpy,C:\Users\szymon\QuditsOnQubits\QuditsOnQubits\basis_direct_encoding_benchmarks\quantum_circuits\two_qutrit\monomial_full__sup013_P201_ph201\CZ3_W.qpy,C:\Users\szymon\QuditsOnQubits\QuditsOnQubits\basis_direct_encoding_benchmarks\quantum_circuits\two_qutrit\monomial_full__sup013_P201_ph201\graph_state_direct_basis.qpy,C:\Users\szymon\QuditsOnQubits\QuditsOnQubits\basis_direct_encoding_benchmarks\quantum_circuits\two_qutrit\monomial_full__sup013_P201_ph201\graph_state_direct_basis_transpiled.qpy,,C:\Users\szymon\QuditsOnQubits\QuditsOnQubits\basis_direct_encoding_benchmarks\quantum_circuits\two_qutrit\monomial_full__sup013_P201_ph201\E.npy
direct_basis_encoding,two_qutrit,two_qutrit,star,two_qutrit,2,2,4,sup013_P201_ph202,monomial,monomial_full,sup013_P201_ph202,False,True,16,41,57,42,,,0.945709,True,False,ok,,Converted from legacy E_new 4x3 isometry candidate.; Fidelity skipped because transpiled circuit has 128 qubits.,42,42.5,0.5,57,56.5,16,16.0,128,"{'rz': 17, 'cz': 15, 'rx': 12, 'sx': 12, 'rzz': 1}",10,10,0,C:\Users\szymon\QuditsOnQubits\QuditsOnQubits\basis_direct_encoding_benchmarks\quantum_circuits\two_qutrit\monomial_full__sup013_P201_ph202,C:\Users\szymon\QuditsOnQubits\QuditsOnQubits\basis_direct_encoding_benchmarks\quantum_circuits\two_qutrit\monomial_full__sup013_P201_ph202\F3_W.qpy,C:\Users\szymon\QuditsOnQubits\QuditsOnQubits\basis_direct_encoding_benchmarks\quantum_circuits\two_qutrit\monomial_full__sup013_P201_ph202\CZ3_W.qpy,C:\Users\szymon\QuditsOnQubits\QuditsOnQubits\basis_direct_encoding_benchmarks\quantum_circuits\two_qutrit\monomial_full__sup013_P201_ph202\graph_state_direct_basis.qpy,C:\Users\szymon\QuditsOnQubits\QuditsOnQubits\basis_direct_encoding_benchmarks\quantum_circuits\two_qutrit\monomial_full__sup013_P201_ph202\graph_state_direct_basis_transpiled.qpy,,C:\Users\szymon\QuditsOnQubits\QuditsOnQubits\basis_direct_encoding_benchmarks\quantum_circuits\two_qutrit\monomial_full__sup013_P201_ph202\E.npy
direct_basis_encoding,two_qutrit,two_qutrit,star,two_qutrit,2,2,4,sup013_P201_ph210,monomial,monomial_full,sup013_P201_ph210,False,True,16,41,57,42,,,0.827032,True,False,ok,,Converted from legacy E_new 4x3 isometry candidate.; Fidelity skipped because transpiled circuit has 128 qubits.,42,42.5,0.5,57,57.0,16,16.0,128,"{'rz': 17, 'cz': 15, 'rx': 12, 'sx': 12, 'rzz': 1}",10,10,0,C:\Users\szymon\QuditsOnQubits\QuditsOnQubits\basis_direct_encoding_benchmarks\quantum_circuits\two_qutrit\monomial_full__sup013_P201_ph210,C:\Users\szymon\QuditsOnQubits\QuditsOnQubits\basis_direct_encoding_benchmarks\quantum_circuits\two_qutrit\monomial_full__sup013_P201_ph210\F3_W.qpy,C:\Users\szymon\QuditsOnQubits\QuditsOnQubits\basis_direct_encoding_benchmarks\quantum_circuits\two_qutrit\monomial_full__sup013_P201_ph210\CZ3_W.qpy,C:\Users\szymon\QuditsOnQubits\QuditsOnQubits\basis_direct_encoding_benchmarks\quantum_circuits\two_qutrit\monomial_full__sup013_P201_ph210\graph_state_direct_basis.qpy,C:\Users\szymon\QuditsOnQubits\QuditsOnQubits\basis_direct_encoding_benchmarks\quantum_circuits\two_qutrit\monomial_full__sup013_P201_ph210\graph_state_direct_basis_transpiled.qpy,,C:\Users\szymon\QuditsOnQubits\QuditsOnQubits\basis_direct_encoding_benchmarks\quantum_circuits\two_qutrit\monomial_full__sup013_P201_ph210\E.npy
direct_basis_encoding,two_qutrit,two_qutrit,star,two_qutrit,2,2,4,sup013_P201_ph211,monomial,monomial_full,sup013_P201_ph211,False,True,16,38,54,41,,,0.735145,True,False,ok,,Converted from legacy E_new 4x3 isometry candidate.; Fidelity skipped because transpiled circuit has 128 qubits.,41,41.5,0.5,54,54.0,16,16.0,128,"{'cz': 15, 'rz': 14, 'rx': 12, 'sx': 12, 'rzz': 1}",10,10,0,C:\Users\szymon\QuditsOnQubits\QuditsOnQubits\basis_direct_encoding_benchmarks\quantum_circuits\two_qutrit\monomial_full__sup013_P201_ph211,C:\Users\szymon\QuditsOnQubits\QuditsOnQubits\basis_direct_encoding_benchmarks\quantum_circuits\two_qutrit\monomial_full__sup013_P201_ph211\F3_W.qpy,C:\Users\szymon\QuditsOnQubits\QuditsOnQubits\basis_direct_encoding_benchmarks\quantum_circuits\two_qutrit\monomial_full__sup013_P201_ph211\CZ3_W.qpy,C:\Users\szymon\QuditsOnQubits\QuditsOnQubits\basis_direct_encoding_benchmarks\quantum_circuits\two_qutrit\monomial_full__sup013_P201_ph211\graph_state_direct_basis.qpy,C:\Users\szymon\QuditsOnQubits\QuditsOnQubits\basis_direct_encoding_benchmarks\quantum_circuits\two_qutrit\monomial_full__sup013_P201_ph211\graph_state_direct_basis_transpiled.qpy,,C:\Users\szymon\QuditsOnQubits\QuditsOnQubits\basis_direct_encoding_benchmarks\quantum_circuits\two_qutrit\monomial_full__sup013_P201_ph211\E.npy
direct_basis_encoding,two_qutrit,two_qutrit,star,two_qutrit,2,2,4,sup013_P201_ph212,monomial,monomial_full,sup013_P201_ph212,False,True,16,40,56,42,,,1.007706,True,False,ok,,Converted from legacy E_new 4x3 isometry candidate.; Fidelity skipped because transpiled circuit has 128 qubits.,42,42.0,0.0,56,56.5,16,16.0,128,"{'rz': 16, 'cz': 15, 'sx': 12, 'rx': 12, 'rzz': 1}",10,10,0,C:\Users\szymon\QuditsOnQubits\QuditsOnQubits\basis_direct_encoding_benchmarks\quantum_circuits\two_qutrit\monomial_full__sup013_P201_ph212,C:\Users\szymon\QuditsOnQubits\QuditsOnQubits\basis_direct_encoding_benchmarks\quantum_circuits\two_qutrit\monomial_full__sup013_P201_ph212\F3_W.qpy,C:\Users\szymon\QuditsOnQubits\QuditsOnQubits\basis_direct_encoding_benchmarks\quantum_circuits\two_qutrit\monomial_full__sup013_P201_ph212\CZ3_W.qpy,C:\Users\szymon\QuditsOnQubits\QuditsOnQubits\basis_direct_encoding_benchmarks\quantum_circuits\two_qutrit\monomial_full__sup013_P201_ph212\graph_state_direct_basis.qpy,C:\Users\szymon\QuditsOnQubits\QuditsOnQubits\basis_direct_encoding_benchmarks\quantum_circuits\two_qutrit\monomial_full__sup013_P201_ph212\graph_state_direct_basis_transpiled.qpy,,C:\Users\szymon\QuditsOnQubits\QuditsOnQubits\basis_direct_encoding_benchmarks\quantum_circuits\two_qutrit\monomial_full__sup013_P201_ph212\E.npy
direct_basis_encoding,two_qutrit,two_qutrit,star,two_qutrit,2,2,4,sup013_P201_ph220,monomial,monomial_full,sup013_P201_ph220,False,True,16,40,56,41,,,0.901027,True,False,ok,,Converted from legacy E_new 4x3 isometry candidate.; Fidelity skipped because transpiled circuit has 128 qubits.,41,41.5,0.5,56,55.5,16,16.0,128,"{'rz': 16, 'cz': 15, 'rx': 12, 'sx': 12, 'rzz': 1}",10,10,0,C:\Users\szymon\QuditsOnQubits\QuditsOnQubits\basis_direct_encoding_benchmarks\quantum_circuits\two_qutrit\monomial_full__sup013_P201_ph220,C:\Users\szymon\QuditsOnQubits\QuditsOnQubits\basis_direct_encoding_benchmarks\quantum_circuits\two_qutrit\monomial_full__sup013_P201_ph220\F3_W.qpy,C:\Users\szymon\QuditsOnQubits\QuditsOnQubits\basis_direct_encoding_benchmarks\quantum_circuits\two_qutrit\monomial_full__sup013_P201_ph220\CZ3_W.qpy,C:\Users\szymon\QuditsOnQubits\QuditsOnQubits\basis_direct_encoding_benchmarks\quantum_circuits\two_qutrit\monomial_full__sup013_P201_ph220\graph_state_direct_basis.qpy,C:\Users\szymon\QuditsOnQubits\QuditsOnQubits\basis_direct_encoding_benchmarks\quantum_circuits\two_qutrit\monomial_full__sup013_P201_ph220\graph_state_direct_basis_transpiled.qpy,,C:\Users\szymon\QuditsOnQubits\QuditsOnQubits\basis_direct_encoding_benchmarks\quantum_circuits\two_qutrit\monomial_full__sup013_P201_ph220\E.npy
direct_basis_encoding,two_qutrit,two_qutrit,star,two_qutrit,2,2,4,sup013_P201_ph221,monomial,monomial_full,sup013_P201_ph221,False,True,16,36,52,40,,,0.942837,True,False,ok,,Converted from legacy E_new 4x3 isometry candidate.; Fidelity skipped because transpiled circuit has 128 qubits.,40,40.0,0.0,52,52.5,16,16.0,128,"{'cz': 15, 'sx': 12, 'rx': 12, 'rz': 12, 'rzz': 1}",10,10,0,C:\Users\szymon\QuditsOnQubits\QuditsOnQubits\basis_direct_encoding_benchmarks\quantum_circuits\two_qutrit\monomial_full__sup013_P201_ph221,C:\Users\szymon\QuditsOnQubits\QuditsOnQubits\basis_direct_encoding_benchmarks\quantum_circuits\two_qutrit\monomial_full__sup013_P201_ph221\F3_W.qpy,C:\Users\szymon\QuditsOnQubits\QuditsOnQubits\basis_direct_encoding_benchmarks\quantum_circuits\two_qutrit\monomial_full__sup013_P201_ph221\CZ3_W.qpy,C:\Users\szymon\QuditsOnQubits\QuditsOnQubits\basis_direct_encoding_benchmarks\quantum_circuits\two_qutrit\monomial_full__sup013_P201_ph221\graph_state_direct_basis.qpy,C:\Users\szymon\QuditsOnQubits\QuditsOnQubits\basis_direct_encoding_benchmarks\quantum_circuits\two_qutrit\monomial_full__sup013_P201_ph221\graph_state_direct_basis_transpiled.qpy,,C:\Users\szymon\QuditsOnQubits\QuditsOnQubits\basis_direct_encoding_benchmarks\quantum_circuits\two_qutrit\monomial_full__sup013_P201_ph221\E.npy
direct_basis_encoding,two_qutrit,two_qutrit,star,two_qutrit,2,2,4,sup013_P201_ph222,monomial,monomial_full,sup013_P201_ph222,False,True,16,40,56,41,,,0.927948,True,False,ok,,Converted from legacy E_new 4x3 isometry candidate.; Fidelity skipped because transpiled circuit has 128 qubits.,41,41.5,0.5,56,56.0,16,16.0,128,"{'rz': 16, 'cz': 15, 'rx': 12, 'sx': 12, 'rzz': 1}",10,10,0,C:\Users\szymon\QuditsOnQubits\QuditsOnQubits\basis_direct_encoding_benchmarks\quantum_circuits\two_qutrit\monomial_full__sup013_P201_ph222,C:\Users\szymon\QuditsOnQubits\QuditsOnQubits\basis_direct_encoding_benchmarks\quantum_circuits\two_qutrit\monomial_full__sup013_P201_ph222\F3_W.qpy,C:\Users\szymon\QuditsOnQubits\QuditsOnQubits\basis_direct_encoding_benchmarks\quantum_circuits\two_qutrit\monomial_full__sup013_P201_ph222\CZ3_W.qpy,C:\Users\szymon\QuditsOnQubits\QuditsOnQubits\basis_direct_encoding_benchmarks\quantum_circuits\two_qutrit\monomial_full__sup013_P201_ph222\graph_state_direct_basis.qpy,C:\Users\szymon\QuditsOnQubits\QuditsOnQubits\basis_direct_encoding_benchmarks\quantum_circuits\two_qutrit\monomial_full__sup013_P201_ph222\graph_state_direct_basis_transpiled.qpy,,C:\Users\szymon\QuditsOnQubits\QuditsOnQubits\basis_direct_encoding_benchmarks\quantum_circuits\two_qutrit\monomial_full__sup013_P201_ph222\E.npy
direct_basis_encoding,two_qutrit,two_qutrit,star,two_qutrit,2,2,4,sup013_P210_ph000,monomial,monomial_full,sup013_P210_ph000,False,True,18,36,54,42,,,0.984668,True,False,ok,,Converted from legacy E_new 4x3 isometry candidate.; Fidelity skipped because transpiled circuit has 128 qubits.,42,43.1,3.3,54,57.1,18,18.6,128,"{'cz': 17, 'sx': 12, 'rx': 12, 'rz': 12, 'rzz': 1}",10,10,0,C:\Users\szymon\QuditsOnQubits\QuditsOnQubits\basis_direct_encoding_benchmarks\quantum_circuits\two_qutrit\monomial_full__sup013_P210_ph000,C:\Users\szymon\QuditsOnQubits\QuditsOnQubits\basis_direct_encoding_benchmarks\quantum_circuits\two_qutrit\monomial_full__sup013_P210_ph000\F3_W.qpy,C:\Users\szymon\QuditsOnQubits\QuditsOnQubits\basis_direct_encoding_benchmarks\quantum_circuits\two_qutrit\monomial_full__sup013_P210_ph000\CZ3_W.qpy,C:\Users\szymon\QuditsOnQubits\QuditsOnQubits\basis_direct_encoding_benchmarks\quantum_circuits\two_qutrit\monomial_full__sup013_P210_ph000\graph_state_direct_basis.qpy,C:\Users\szymon\QuditsOnQubits\QuditsOnQubits\basis_direct_encoding_benchmarks\quantum_circuits\two_qutrit\monomial_full__sup013_P210_ph000\graph_state_direct_basis_transpiled.qpy,,C:\Users\szymon\QuditsOnQubits\QuditsOnQubits\basis_direct_encoding_benchmarks\quantum_circuits\two_qutrit\monomial_full__sup013_P210_ph000\E.npy
direct_basis_encoding,two_qutrit,two_qutrit,star,two_qutrit,2,2,4,sup013_P210_ph001,monomial,monomial_full,sup013_P210_ph001,False,True,18,40,58,43,,,0.986611,True,False,ok,,Converted from legacy E_new 4x3 isometry candidate.; Fidelity skipped because transpiled circuit has 128 qubits.,43,44.5,3.2,58,60.8,18,18.6,128,"{'cz': 17, 'rz': 16, 'rx': 12, 'sx': 12, 'rzz': 1}",10,10,0,C:\Users\szymon\QuditsOnQubits\QuditsOnQubits\basis_direct_encoding_benchmarks\quantum_circuits\two_qutrit\monomial_full__sup013_P210_ph001,C:\Users\szymon\QuditsOnQubits\QuditsOnQubits\basis_direct_encoding_benchmarks\quantum_circuits\two_qutrit\monomial_full__sup013_P210_ph001\F3_W.qpy,C:\Users\szymon\QuditsOnQubits\QuditsOnQubits\basis_direct_encoding_benchmarks\quantum_circuits\two_qutrit\monomial_full__sup013_P210_ph001\CZ3_W.qpy,C:\Users\szymon\QuditsOnQubits\QuditsOnQubits\basis_direct_encoding_benchmarks\quantum_circuits\two_qutrit\monomial_full__sup013_P210_ph001\graph_state_direct_basis.qpy,C:\Users\szymon\QuditsOnQubits\QuditsOnQubits\basis_direct_encoding_benchmarks\quantum_circuits\two_qutrit\monomial_full__sup013_P210_ph001\graph_state_direct_basis_transpiled.qpy,,C:\Users\szymon\QuditsOnQubits\QuditsOnQubits\basis_direct_encoding_benchmarks\quantum_circuits\two_qutrit\monomial_full__sup013_P210_ph001\E.npy
direct_basis_encoding,two_qutrit,two_qutrit,star,two_qutrit,2,2,4,sup013_P210_ph002,monomial,monomial_full,sup013_P210_ph002,False,True,18,40,58,43,,,1.085339,True,False,ok,,Converted from legacy E_new 4x3 isometry candidate.; Fidelity skipped because transpiled circuit has 128 qubits.,43,44.5,3.2,58,60.4,18,18.6,128,"{'cz': 17, 'rz': 16, 'rx': 12, 'sx': 12, 'rzz': 1}",10,10,0,C:\Users\szymon\QuditsOnQubits\QuditsOnQubits\basis_direct_encoding_benchmarks\quantum_circuits\two_qutrit\monomial_full__sup013_P210_ph002,C:\Users\szymon\QuditsOnQubits\QuditsOnQubits\basis_direct_encoding_benchmarks\quantum_circuits\two_qutrit\monomial_full__sup013_P210_ph002\F3_W.qpy,C:\Users\szymon\QuditsOnQubits\QuditsOnQubits\basis_direct_encoding_benchmarks\quantum_circuits\two_qutrit\monomial_full__sup013_P210_ph002\CZ3_W.qpy,C:\Users\szymon\QuditsOnQubits\QuditsOnQubits\basis_direct_encoding_benchmarks\quantum_circuits\two_qutrit\monomial_full__sup013_P210_ph002\graph_state_direct_basis.qpy,C:\Users\szymon\QuditsOnQubits\QuditsOnQubits\basis_direct_encoding_benchmarks\quantum_circuits\two_qutrit\monomial_full__sup013_P210_ph002\graph_state_direct_basis_transpiled.qpy,,C:\Users\szymon\QuditsOnQubits\QuditsOnQubits\basis_direct_encoding_benchmarks\quantum_circuits\two_qutrit\monomial_full__sup013_P210_ph002\E.npy
direct_basis_encoding,two_qutrit,two_qutrit,star,two_qutrit,2,2,4,sup013_P210_ph010,monomial,monomial_full,sup013_P210_ph010,False,True,18,38,56,43,,,1.008982,True,False,ok,,Converted from legacy E_new 4x3 isometry candidate.; Fidelity skipped because transpiled circuit has 128 qubits.,43,44.5,3.2,56,58.6,18,18.6,128,"{'cz': 17, 'rz': 14, 'rx': 12, 'sx': 12, 'rzz': 1}",10,10,0,C:\Users\szymon\QuditsOnQubits\QuditsOnQubits\basis_direct_encoding_benchmarks\quantum_circuits\two_qutrit\monomial_full__sup013_P210_ph010,C:\Users\szymon\QuditsOnQubits\QuditsOnQubits\basis_direct_encoding_benchmarks\quantum_circuits\two_qutrit\monomial_full__sup013_P210_ph010\F3_W.qpy,C:\Users\szymon\QuditsOnQubits\QuditsOnQubits\basis_direct_encoding_benchmarks\quantum_circuits\two_qutrit\monomial_full__sup013_P210_ph010\CZ3_W.qpy,C:\Users\szymon\QuditsOnQubits\QuditsOnQubits\basis_direct_encoding_benchmarks\quantum_circuits\two_qutrit\monomial_full__sup013_P210_ph010\graph_state_direct_basis.qpy,C:\Users\szymon\QuditsOnQubits\QuditsOnQubits\basis_direct_encoding_benchmarks\quantum_circuits\two_qutrit\monomial_full__sup013_P210_ph010\graph_state_direct_basis_transpiled.qpy,,C:\Users\szymon\QuditsOnQubits\QuditsOnQubits\basis_direct_encoding_benchmarks\quantum_circuits\two_qutrit\monomial_full__sup013_P210_ph010\E.npy
direct_basis_encoding,two_qutrit,two_qutrit,star,two_qutrit,2,2,4,sup013_P210_ph011,monomial,monomial_full,sup013_P210_ph011,False,True,18,41,59,44,,,0.929578,True,False,ok,,Converted from legacy E_new 4x3 isometry candidate.; Fidelity skipped because transpiled circuit has 128 qubits.,44,45.4,2.91,59,61.6,18,18.6,128,"{'rz': 17, 'cz': 17, 'rx': 12, 'sx': 12, 'rzz': 1}",10,10,0,C:\Users\szymon\QuditsOnQubits\QuditsOnQubits\basis_direct_encoding_benchmarks\quantum_circuits\two_qutrit\monomial_full__sup013_P210_ph011,C:\Users\szymon\QuditsOnQubits\QuditsOnQubits\basis_direct_encoding_benchmarks\quantum_circuits\two_qutrit\monomial_full__sup013_P210_ph011\F3_W.qpy,C:\Users\szymon\QuditsOnQubits\QuditsOnQubits\basis_direct_encoding_benchmarks\quantum_circuits\two_qutrit\monomial_full__sup013_P210_ph011\CZ3_W.qpy,C:\Users\szymon\QuditsOnQubits\QuditsOnQubits\basis_direct_encoding_benchmarks\quantum_circuits\two_qutrit\monomial_full__sup013_P210_ph011\graph_state_direct_basis.qpy,C:\Users\szymon\QuditsOnQubits\QuditsOnQubits\basis_direct_encoding_benchmarks\quantum_circuits\two_qutrit\monomial_full__sup013_P210_ph011\graph_state_direct_basis_transpiled.qpy,,C:\Users\szymon\QuditsOnQubits\QuditsOnQubits\basis_direct_encoding_benchmarks\quantum_circuits\two_qutrit\monomial_full__sup013_P210_ph011\E.npy
direct_basis_encoding,two_qutrit,two_qutrit,star,two_qutrit,2,2,4,sup013_P210_ph012,monomial,monomial_full,sup013_P210_ph012,False,True,18,39,57,44,,,1.019464,True,False,ok,,Converted from legacy E_new 4x3 isometry candidate.; Fidelity skipped because transpiled circuit has 128 qubits.,44,44.9,2.7,57,60.8,18,18.6,128,"{'cz': 17, 'rz': 16, 'sx': 12, 'rx': 11, 'rzz': 1}",10,10,0,C:\Users\szymon\QuditsOnQubits\QuditsOnQubits\basis_direct_encoding_benchmarks\quantum_circuits\two_qutrit\monomial_full__sup013_P210_ph012,C:\Users\szymon\QuditsOnQubits\QuditsOnQubits\basis_direct_encoding_benchmarks\quantum_circuits\two_qutrit\monomial_full__sup013_P210_ph012\F3_W.qpy,C:\Users\szymon\QuditsOnQubits\QuditsOnQubits\basis_direct_encoding_benchmarks\quantum_circuits\two_qutrit\monomial_full__sup013_P210_ph012\CZ3_W.qpy,C:\Users\szymon\QuditsOnQubits\QuditsOnQubits\basis_direct_encoding_benchmarks\quantum_circuits\two_qutrit\monomial_full__sup013_P210_ph012\graph_state_direct_basis.qpy,C:\Users\szymon\QuditsOnQubits\QuditsOnQubits\basis_direct_encoding_benchmarks\quantum_circuits\two_qutrit\monomial_full__sup013_P210_ph012\graph_state_direct_basis_transpiled.qpy,,C:\Users\szymon\QuditsOnQubits\QuditsOnQubits\basis_direct_encoding_benchmarks\quantum_circuits\two_qutrit\monomial_full__sup013_P210_ph012\E.npy
direct_basis_encoding,two_qutrit,two_qutrit,star,two_qutrit,2,2,4,sup013_P210_ph020,monomial,monomial_full,sup013_P210_ph020,False,True,18,38,56,43,,,1.000926,True,False,ok,,Converted from legacy E_new 4x3 isometry candidate.; Fidelity skipped because transpiled circuit has 128 qubits.,43,44.5,3.2,56,58.6,18,18.6,128,"{'cz': 17, 'rz': 14, 'rx': 12, 'sx': 12, 'rzz': 1}",10,10,0,C:\Users\szymon\QuditsOnQubits\QuditsOnQubits\basis_direct_encoding_benchmarks\quantum_circuits\two_qutrit\monomial_full__sup013_P210_ph020,C:\Users\szymon\QuditsOnQubits\QuditsOnQubits\basis_direct_encoding_benchmarks\quantum_circuits\two_qutrit\monomial_full__sup013_P210_ph020\F3_W.qpy,C:\Users\szymon\QuditsOnQubits\QuditsOnQubits\basis_direct_encoding_benchmarks\quantum_circuits\two_qutrit\monomial_full__sup013_P210_ph020\CZ3_W.qpy,C:\Users\szymon\QuditsOnQubits\QuditsOnQubits\basis_direct_encoding_benchmarks\quantum_circuits\two_qutrit\monomial_full__sup013_P210_ph020\graph_state_direct_basis.qpy,C:\Users\szymon\QuditsOnQubits\QuditsOnQubits\basis_direct_encoding_benchmarks\quantum_circuits\two_qutrit\monomial_full__sup013_P210_ph020\graph_state_direct_basis_transpiled.qpy,,C:\Users\szymon\QuditsOnQubits\QuditsOnQubits\basis_direct_encoding_benchmarks\quantum_circuits\two_qutrit\monomial_full__sup013_P210_ph020\E.npy
direct_basis_encoding,two_qutrit,two_qutrit,star,two_qutrit,2,2,4,sup013_P210_ph021,monomial,monomial_full,sup013_P210_ph021,False,True,18,39,57,44,,,0.924535,True,False,ok,,Converted from legacy E_new 4x3 isometry candidate.; Fidelity skipped because transpiled circuit has 128 qubits.,44,44.9,2.7,57,60.8,18,18.6,128,"{'cz': 17, 'rz': 16, 'sx': 12, 'rx': 11, 'rzz': 1}",10,10,0,C:\Users\szymon\QuditsOnQubits\QuditsOnQubits\basis_direct_encoding_benchmarks\quantum_circuits\two_qutrit\monomial_full__sup013_P210_ph021,C:\Users\szymon\QuditsOnQubits\QuditsOnQubits\basis_direct_encoding_benchmarks\quantum_circuits\two_qutrit\monomial_full__sup013_P210_ph021\F3_W.qpy,C:\Users\szymon\QuditsOnQubits\QuditsOnQubits\basis_direct_encoding_benchmarks\quantum_circuits\two_qutrit\monomial_full__sup013_P210_ph021\CZ3_W.qpy,C:\Users\szymon\QuditsOnQubits\QuditsOnQubits\basis_direct_encoding_benchmarks\quantum_circuits\two_qutrit\monomial_full__sup013_P210_ph021\graph_state_direct_basis.qpy,C:\Users\szymon\QuditsOnQubits\QuditsOnQubits\basis_direct_encoding_benchmarks\quantum_circuits\two_qutrit\monomial_full__sup013_P210_ph021\graph_state_direct_basis_transpiled.qpy,,C:\Users\szymon\QuditsOnQubits\QuditsOnQubits\basis_direct_encoding_benchmarks\quantum_circuits\two_qutrit\monomial_full__sup013_P210_ph021\E.npy
direct_basis_encoding,two_qutrit,two_qutrit,star,two_qutrit,2,2,4,sup013_P210_ph022,monomial,monomial_full,sup013_P210_ph022,False,True,18,41,59,44,,,1.027691,True,False,ok,,Converted from legacy E_new 4x3 isometry candidate.; Fidelity skipped because transpiled circuit has 128 qubits.,44,45.4,2.91,59,61.2,18,18.6,128,"{'rz': 17, 'cz': 17, 'rx': 12, 'sx': 12, 'rzz': 1}",10,10,0,C:\Users\szymon\QuditsOnQubits\QuditsOnQubits\basis_direct_encoding_benchmarks\quantum_circuits\two_qutrit\monomial_full__sup013_P210_ph022,C:\Users\szymon\QuditsOnQubits\QuditsOnQubits\basis_direct_encoding_benchmarks\quantum_circuits\two_qutrit\monomial_full__sup013_P210_ph022\F3_W.qpy,C:\Users\szymon\QuditsOnQubits\QuditsOnQubits\basis_direct_encoding_benchmarks\quantum_circuits\two_qutrit\monomial_full__sup013_P210_ph022\CZ3_W.qpy,C:\Users\szymon\QuditsOnQubits\QuditsOnQubits\basis_direct_encoding_benchmarks\quantum_circuits\two_qutrit\monomial_full__sup013_P210_ph022\graph_state_direct_basis.qpy,C:\Users\szymon\QuditsOnQubits\QuditsOnQubits\basis_direct_encoding_benchmarks\quantum_circuits\two_qutrit\monomial_full__sup013_P210_ph022\graph_state_direct_basis_transpiled.qpy,,C:\Users\szymon\QuditsOnQubits\QuditsOnQubits\basis_direct_encoding_benchmarks\quantum_circuits\two_qutrit\monomial_full__sup013_P210_ph022\E.npy
direct_basis_encoding,two_qutrit,two_qutrit,star,two_qutrit,2,2,4,sup013_P210_ph100,monomial,monomial_full,sup013_P210_ph100,False,True,18,39,57,44,,,0.951829,True,False,ok,,Converted from legacy E_new 4x3 isometry candidate.; Fidelity skipped because transpiled circuit has 128 qubits.,44,44.9,2.7,57,60.7,18,18.6,128,"{'cz': 17, 'rz': 16, 'sx': 12, 'rx': 11, 'rzz': 1}",10,10,0,C:\Users\szymon\QuditsOnQubits\QuditsOnQubits\basis_direct_encoding_benchmarks\quantum_circuits\two_qutrit\monomial_full__sup013_P210_ph100,C:\Users\szymon\QuditsOnQubits\QuditsOnQubits\basis_direct_encoding_benchmarks\quantum_circuits\two_qutrit\monomial_full__sup013_P210_ph100\F3_W.qpy,C:\Users\szymon\QuditsOnQubits\QuditsOnQubits\basis_direct_encoding_benchmarks\quantum_circuits\two_qutrit\monomial_full__sup013_P210_ph100\CZ3_W.qpy,C:\Users\szymon\QuditsOnQubits\QuditsOnQubits\basis_direct_encoding_benchmarks\quantum_circuits\two_qutrit\monomial_full__sup013_P210_ph100\graph_state_direct_basis.qpy,C:\Users\szymon\QuditsOnQubits\QuditsOnQubits\basis_direct_encoding_benchmarks\quantum_circuits\two_qutrit\monomial_full__sup013_P210_ph100\graph_state_direct_basis_transpiled.qpy,,C:\Users\szymon\QuditsOnQubits\QuditsOnQubits\basis_direct_encoding_benchmarks\quantum_circuits\two_qutrit\monomial_full__sup013_P210_ph100\E.npy
direct_basis_encoding,two_qutrit,two_qutrit,star,two_qutrit,2,2,4,sup013_P210_ph101,monomial,monomial_full,sup013_P210_ph101,False,True,18,41,59,44,,,0.858212,True,False,ok,,Converted from legacy E_new 4x3 isometry candidate.; Fidelity skipped because transpiled circuit has 128 qubits.,44,45.4,2.91,59,61.3,18,18.6,128,"{'rz': 17, 'cz': 17, 'rx': 12, 'sx': 12, 'rzz': 1}",10,10,0,C:\Users\szymon\QuditsOnQubits\QuditsOnQubits\basis_direct_encoding_benchmarks\quantum_circuits\two_qutrit\monomial_full__sup013_P210_ph101,C:\Users\szymon\QuditsOnQubits\QuditsOnQubits\basis_direct_encoding_benchmarks\quantum_circuits\two_qutrit\monomial_full__sup013_P210_ph101\F3_W.qpy,C:\Users\szymon\QuditsOnQubits\QuditsOnQubits\basis_direct_encoding_benchmarks\quantum_circuits\two_qutrit\monomial_full__sup013_P210_ph101\CZ3_W.qpy,C:\Users\szymon\QuditsOnQubits\QuditsOnQubits\basis_direct_encoding_benchmarks\quantum_circuits\two_qutrit\monomial_full__sup013_P210_ph101\graph_state_direct_basis.qpy,C:\Users\szymon\QuditsOnQubits\QuditsOnQubits\basis_direct_encoding_benchmarks\quantum_circuits\two_qutrit\monomial_full__sup013_P210_ph101\graph_state_direct_basis_transpiled.qpy,,C:\Users\szymon\QuditsOnQubits\QuditsOnQubits\basis_direct_encoding_benchmarks\quantum_circuits\two_qutrit\monomial_full__sup013_P210_ph101\E.npy
direct_basis_encoding,two_qutrit,two_qutrit,star,two_qutrit,2,2,4,sup013_P210_ph102,monomial,monomial_full,sup013_P210_ph102,False,True,18,38,56,43,,,0.766114,True,False,ok,,Converted from legacy E_new 4x3 isometry candidate.; Fidelity skipped because transpiled circuit has 128 qubits.,43,44.5,3.2,56,58.6,18,18.6,128,"{'cz': 17, 'rz': 14, 'rx': 12, 'sx': 12, 'rzz': 1}",10,10,0,C:\Users\szymon\QuditsOnQubits\QuditsOnQubits\basis_direct_encoding_benchmarks\quantum_circuits\two_qutrit\monomial_full__sup013_P210_ph102,C:\Users\szymon\QuditsOnQubits\QuditsOnQubits\basis_direct_encoding_benchmarks\quantum_circuits\two_qutrit\monomial_full__sup013_P210_ph102\F3_W.qpy,C:\Users\szymon\QuditsOnQubits\QuditsOnQubits\basis_direct_encoding_benchmarks\quantum_circuits\two_qutrit\monomial_full__sup013_P210_ph102\CZ3_W.qpy,C:\Users\szymon\QuditsOnQubits\QuditsOnQubits\basis_direct_encoding_benchmarks\quantum_circuits\two_qutrit\monomial_full__sup013_P210_ph102\graph_state_direct_basis.qpy,C:\Users\szymon\QuditsOnQubits\QuditsOnQubits\basis_direct_encoding_benchmarks\quantum_circuits\two_qutrit\monomial_full__sup013_P210_ph102\graph_state_direct_basis_transpiled.qpy,,C:\Users\szymon\QuditsOnQubits\QuditsOnQubits\basis_direct_encoding_benchmarks\quantum_circuits\two_qutrit\monomial_full__sup013_P210_ph102\E.npy
direct_basis_encoding,two_qutrit,two_qutrit,star,two_qutrit,2,2,4,sup013_P210_ph110,monomial,monomial_full,sup013_P210_ph110,False,True,18,40,58,43,,,1.042567,True,False,ok,,Converted from legacy E_new 4x3 isometry candidate.; Fidelity skipped because transpiled circuit has 128 qubits.,43,44.5,3.2,58,60.4,18,18.6,128,"{'cz': 17, 'rz': 16, 'rx': 12, 'sx': 12, 'rzz': 1}",10,10,0,C:\Users\szymon\QuditsOnQubits\QuditsOnQubits\basis_direct_encoding_benchmarks\quantum_circuits\two_qutrit\monomial_full__sup013_P210_ph110,C:\Users\szymon\QuditsOnQubits\QuditsOnQubits\basis_direct_encoding_benchmarks\quantum_circuits\two_qutrit\monomial_full__sup013_P210_ph110\F3_W.qpy,C:\Users\szymon\QuditsOnQubits\QuditsOnQubits\basis_direct_encoding_benchmarks\quantum_circuits\two_qutrit\monomial_full__sup013_P210_ph110\CZ3_W.qpy,C:\Users\szymon\QuditsOnQubits\QuditsOnQubits\basis_direct_encoding_benchmarks\quantum_circuits\two_qutrit\monomial_full__sup013_P210_ph110\graph_state_direct_basis.qpy,C:\Users\szymon\QuditsOnQubits\QuditsOnQubits\basis_direct_encoding_benchmarks\quantum_circuits\two_qutrit\monomial_full__sup013_P210_ph110\graph_state_direct_basis_transpiled.qpy,,C:\Users\szymon\QuditsOnQubits\QuditsOnQubits\basis_direct_encoding_benchmarks\quantum_circuits\two_qutrit\monomial_full__sup013_P210_ph110\E.npy
direct_basis_encoding,two_qutrit,two_qutrit,star,two_qutrit,2,2,4,sup013_P210_ph111,monomial,monomial_full,sup013_P210_ph111,False,True,18,40,58,43,,,1.221942,True,False,ok,,Converted from legacy E_new 4x3 isometry candidate.; Fidelity skipped because transpiled circuit has 128 qubits.,43,44.5,3.2,58,60.3,18,18.6,128,"{'cz': 17, 'rz': 16, 'rx': 12, 'sx': 12, 'rzz': 1}",10,10,0,C:\Users\szymon\QuditsOnQubits\QuditsOnQubits\basis_direct_encoding_benchmarks\quantum_circuits\two_qutrit\monomial_full__sup013_P210_ph111,C:\Users\szymon\QuditsOnQubits\QuditsOnQubits\basis_direct_encoding_benchmarks\quantum_circuits\two_qutrit\monomial_full__sup013_P210_ph111\F3_W.qpy,C:\Users\szymon\QuditsOnQubits\QuditsOnQubits\basis_direct_encoding_benchmarks\quantum_circuits\two_qutrit\monomial_full__sup013_P210_ph111\CZ3_W.qpy,C:\Users\szymon\QuditsOnQubits\QuditsOnQubits\basis_direct_encoding_benchmarks\quantum_circuits\two_qutrit\monomial_full__sup013_P210_ph111\graph_state_direct_basis.qpy,C:\Users\szymon\QuditsOnQubits\QuditsOnQubits\basis_direct_encoding_benchmarks\quantum_circuits\two_qutrit\monomial_full__sup013_P210_ph111\graph_state_direct_basis_transpiled.qpy,,C:\Users\szymon\QuditsOnQubits\QuditsOnQubits\basis_direct_encoding_benchmarks\quantum_circuits\two_qutrit\monomial_full__sup013_P210_ph111\E.npy
direct_basis_encoding,two_qutrit,two_qutrit,star,two_qutrit,2,2,4,sup013_P210_ph112,monomial,monomial_full,sup013_P210_ph112,False,True,18,36,54,42,,,1.083727,True,False,ok,,Converted from legacy E_new 4x3 isometry candidate.; Fidelity skipped because transpiled circuit has 128 qubits.,42,43.1,3.3,54,57.2,18,18.6,128,"{'cz': 17, 'sx': 12, 'rx': 12, 'rz': 12, 'rzz': 1}",10,10,0,C:\Users\szymon\QuditsOnQubits\QuditsOnQubits\basis_direct_encoding_benchmarks\quantum_circuits\two_qutrit\monomial_full__sup013_P210_ph112,C:\Users\szymon\QuditsOnQubits\QuditsOnQubits\basis_direct_encoding_benchmarks\quantum_circuits\two_qutrit\monomial_full__sup013_P210_ph112\F3_W.qpy,C:\Users\szymon\QuditsOnQubits\QuditsOnQubits\basis_direct_encoding_benchmarks\quantum_circuits\two_qutrit\monomial_full__sup013_P210_ph112\CZ3_W.qpy,C:\Users\szymon\QuditsOnQubits\QuditsOnQubits\basis_direct_encoding_benchmarks\quantum_circuits\two_qutrit\monomial_full__sup013_P210_ph112\graph_state_direct_basis.qpy,C:\Users\szymon\QuditsOnQubits\QuditsOnQubits\basis_direct_encoding_benchmarks\quantum_circuits\two_qutrit\monomial_full__sup013_P210_ph112\graph_state_direct_basis_transpiled.qpy,,C:\Users\szymon\QuditsOnQubits\QuditsOnQubits\basis_direct_encoding_benchmarks\quantum_circuits\two_qutrit\monomial_full__sup013_P210_ph112\E.npy
direct_basis_encoding,two_qutrit,two_qutrit,star,two_qutrit,2,2,4,sup013_P210_ph120,monomial,monomial_full,sup013_P210_ph120,False,True,18,41,59,44,,,0.989516,True,False,ok,,Converted from legacy E_new 4x3 isometry candidate.; Fidelity skipped because transpiled circuit has 128 qubits.,44,45.4,2.91,59,61.3,18,18.6,128,"{'rz': 17, 'cz': 17, 'rx': 12, 'sx': 12, 'rzz': 1}",10,10,0,C:\Users\szymon\QuditsOnQubits\QuditsOnQubits\basis_direct_encoding_benchmarks\quantum_circuits\two_qutrit\monomial_full__sup013_P210_ph120,C:\Users\szymon\QuditsOnQubits\QuditsOnQubits\basis_direct_encoding_benchmarks\quantum_circuits\two_qutrit\monomial_full__sup013_P210_ph120\F3_W.qpy,C:\Users\szymon\QuditsOnQubits\QuditsOnQubits\basis_direct_encoding_benchmarks\quantum_circuits\two_qutrit\monomial_full__sup013_P210_ph120\CZ3_W.qpy,C:\Users\szymon\QuditsOnQubits\QuditsOnQubits\basis_direct_encoding_benchmarks\quantum_circuits\two_qutrit\monomial_full__sup013_P210_ph120\graph_state_direct_basis.qpy,C:\Users\szymon\QuditsOnQubits\QuditsOnQubits\basis_direct_encoding_benchmarks\quantum_circuits\two_qutrit\monomial_full__sup013_P210_ph120\graph_state_direct_basis_transpiled.qpy,,C:\Users\szymon\QuditsOnQubits\QuditsOnQubits\basis_direct_encoding_benchmarks\quantum_circuits\two_qutrit\monomial_full__sup013_P210_ph120\E.npy
direct_basis_encoding,two_qutrit,two_qutrit,star,two_qutrit,2,2,4,sup013_P210_ph121,monomial,monomial_full,sup013_P210_ph121,False,True,18,39,57,44,,,0.860368,True,False,ok,,Converted from legacy E_new 4x3 isometry candidate.; Fidelity skipped because transpiled circuit has 128 qubits.,44,44.9,2.7,57,60.8,18,18.6,128,"{'cz': 17, 'rz': 16, 'sx': 12, 'rx': 11, 'rzz': 1}",10,10,0,C:\Users\szymon\QuditsOnQubits\QuditsOnQubits\basis_direct_encoding_benchmarks\quantum_circuits\two_qutrit\monomial_full__sup013_P210_ph121,C:\Users\szymon\QuditsOnQubits\QuditsOnQubits\basis_direct_encoding_benchmarks\quantum_circuits\two_qutrit\monomial_full__sup013_P210_ph121\F3_W.qpy,C:\Users\szymon\QuditsOnQubits\QuditsOnQubits\basis_direct_encoding_benchmarks\quantum_circuits\two_qutrit\monomial_full__sup013_P210_ph121\CZ3_W.qpy,C:\Users\szymon\QuditsOnQubits\QuditsOnQubits\basis_direct_encoding_benchmarks\quantum_circuits\two_qutrit\monomial_full__sup013_P210_ph121\graph_state_direct_basis.qpy,C:\Users\szymon\QuditsOnQubits\QuditsOnQubits\basis_direct_encoding_benchmarks\quantum_circuits\two_qutrit\monomial_full__sup013_P210_ph121\graph_state_direct_basis_transpiled.qpy,,C:\Users\szymon\QuditsOnQubits\QuditsOnQubits\basis_direct_encoding_benchmarks\quantum_circuits\two_qutrit\monomial_full__sup013_P210_ph121\E.npy
direct_basis_encoding,two_qutrit,two_qutrit,star,two_qutrit,2,2,4,sup013_P210_ph122,monomial,monomial_full,sup013_P210_ph122,False,True,18,38,56,43,,,1.114218,True,False,ok,,Converted from legacy E_new 4x3 isometry candidate.; Fidelity skipped because transpiled circuit has 128 qubits.,43,44.5,3.2,56,58.1,18,18.6,128,"{'cz': 17, 'rz': 14, 'rx': 12, 'sx': 12, 'rzz': 1}",10,10,0,C:\Users\szymon\QuditsOnQubits\QuditsOnQubits\basis_direct_encoding_benchmarks\quantum_circuits\two_qutrit\monomial_full__sup013_P210_ph122,C:\Users\szymon\QuditsOnQubits\QuditsOnQubits\basis_direct_encoding_benchmarks\quantum_circuits\two_qutrit\monomial_full__sup013_P210_ph122\F3_W.qpy,C:\Users\szymon\QuditsOnQubits\QuditsOnQubits\basis_direct_encoding_benchmarks\quantum_circuits\two_qutrit\monomial_full__sup013_P210_ph122\CZ3_W.qpy,C:\Users\szymon\QuditsOnQubits\QuditsOnQubits\basis_direct_encoding_benchmarks\quantum_circuits\two_qutrit\monomial_full__sup013_P210_ph122\graph_state_direct_basis.qpy,C:\Users\szymon\QuditsOnQubits\QuditsOnQubits\basis_direct_encoding_benchmarks\quantum_circuits\two_qutrit\monomial_full__sup013_P210_ph122\graph_state_direct_basis_transpiled.qpy,,C:\Users\szymon\QuditsOnQubits\QuditsOnQubits\basis_direct_encoding_benchmarks\quantum_circuits\two_qutrit\monomial_full__sup013_P210_ph122\E.npy
direct_basis_encoding,two_qutrit,two_qutrit,star,two_qutrit,2,2,4,sup013_P210_ph200,monomial,monomial_full,sup013_P210_ph200,False,True,18,39,57,44,,,1.059503,True,False,ok,,Converted from legacy E_new 4x3 isometry candidate.; Fidelity skipped because transpiled circuit has 128 qubits.,44,44.9,2.7,57,60.7,18,18.6,128,"{'cz': 17, 'rz': 16, 'sx': 12, 'rx': 11, 'rzz': 1}",10,10,0,C:\Users\szymon\QuditsOnQubits\QuditsOnQubits\basis_direct_encoding_benchmarks\quantum_circuits\two_qutrit\monomial_full__sup013_P210_ph200,C:\Users\szymon\QuditsOnQubits\QuditsOnQubits\basis_direct_encoding_benchmarks\quantum_circuits\two_qutrit\monomial_full__sup013_P210_ph200\F3_W.qpy,C:\Users\szymon\QuditsOnQubits\QuditsOnQubits\basis_direct_encoding_benchmarks\quantum_circuits\two_qutrit\monomial_full__sup013_P210_ph200\CZ3_W.qpy,C:\Users\szymon\QuditsOnQubits\QuditsOnQubits\basis_direct_encoding_benchmarks\quantum_circuits\two_qutrit\monomial_full__sup013_P210_ph200\graph_state_direct_basis.qpy,C:\Users\szymon\QuditsOnQubits\QuditsOnQubits\basis_direct_encoding_benchmarks\quantum_circuits\two_qutrit\monomial_full__sup013_P210_ph200\graph_state_direct_basis_transpiled.qpy,,C:\Users\szymon\QuditsOnQubits\QuditsOnQubits\basis_direct_encoding_benchmarks\quantum_circuits\two_qutrit\monomial_full__sup013_P210_ph200\E.npy
direct_basis_encoding,two_qutrit,two_qutrit,star,two_qutrit,2,2,4,sup013_P210_ph201,monomial,monomial_full,sup013_P210_ph201,False,True,18,38,56,43,,,0.946999,True,False,ok,,Converted from legacy E_new 4x3 isometry candidate.; Fidelity skipped because transpiled circuit has 128 qubits.,43,44.5,3.2,56,58.2,18,18.6,128,"{'cz': 17, 'rz': 14, 'rx': 12, 'sx': 12, 'rzz': 1}",10,10,0,C:\Users\szymon\QuditsOnQubits\QuditsOnQubits\basis_direct_encoding_benchmarks\quantum_circuits\two_qutrit\monomial_full__sup013_P210_ph201,C:\Users\szymon\QuditsOnQubits\QuditsOnQubits\basis_direct_encoding_benchmarks\quantum_circuits\two_qutrit\monomial_full__sup013_P210_ph201\F3_W.qpy,C:\Users\szymon\QuditsOnQubits\QuditsOnQubits\basis_direct_encoding_benchmarks\quantum_circuits\two_qutrit\monomial_full__sup013_P210_ph201\CZ3_W.qpy,C:\Users\szymon\QuditsOnQubits\QuditsOnQubits\basis_direct_encoding_benchmarks\quantum_circuits\two_qutrit\monomial_full__sup013_P210_ph201\graph_state_direct_basis.qpy,C:\Users\szymon\QuditsOnQubits\QuditsOnQubits\basis_direct_encoding_benchmarks\quantum_circuits\two_qutrit\monomial_full__sup013_P210_ph201\graph_state_direct_basis_transpiled.qpy,,C:\Users\szymon\QuditsOnQubits\QuditsOnQubits\basis_direct_encoding_benchmarks\quantum_circuits\two_qutrit\monomial_full__sup013_P210_ph201\E.npy
direct_basis_encoding,two_qutrit,two_qutrit,star,two_qutrit,2,2,4,sup013_P210_ph202,monomial,monomial_full,sup013_P210_ph202,False,True,18,41,59,44,,,0.803323,True,False,ok,,Converted from legacy E_new 4x3 isometry candidate.; Fidelity skipped because transpiled circuit has 128 qubits.,44,45.4,2.91,59,61.3,18,18.6,128,"{'rz': 17, 'cz': 17, 'rx': 12, 'sx': 12, 'rzz': 1}",10,10,0,C:\Users\szymon\QuditsOnQubits\QuditsOnQubits\basis_direct_encoding_benchmarks\quantum_circuits\two_qutrit\monomial_full__sup013_P210_ph202,C:\Users\szymon\QuditsOnQubits\QuditsOnQubits\basis_direct_encoding_benchmarks\quantum_circuits\two_qutrit\monomial_full__sup013_P210_ph202\F3_W.qpy,C:\Users\szymon\QuditsOnQubits\QuditsOnQubits\basis_direct_encoding_benchmarks\quantum_circuits\two_qutrit\monomial_full__sup013_P210_ph202\CZ3_W.qpy,C:\Users\szymon\QuditsOnQubits\QuditsOnQubits\basis_direct_encoding_benchmarks\quantum_circuits\two_qutrit\monomial_full__sup013_P210_ph202\graph_state_direct_basis.qpy,C:\Users\szymon\QuditsOnQubits\QuditsOnQubits\basis_direct_encoding_benchmarks\quantum_circuits\two_qutrit\monomial_full__sup013_P210_ph202\graph_state_direct_basis_transpiled.qpy,,C:\Users\szymon\QuditsOnQubits\QuditsOnQubits\basis_direct_encoding_benchmarks\quantum_circuits\two_qutrit\monomial_full__sup013_P210_ph202\E.npy
direct_basis_encoding,two_qutrit,two_qutrit,star,two_qutrit,2,2,4,sup013_P210_ph210,monomial,monomial_full,sup013_P210_ph210,False,True,18,41,59,44,,,0.849505,True,False,ok,,Converted from legacy E_new 4x3 isometry candidate.; Fidelity skipped because transpiled circuit has 128 qubits.,44,45.4,2.91,59,61.7,18,18.6,128,"{'rz': 17, 'cz': 17, 'rx': 12, 'sx': 12, 'rzz': 1}",10,10,0,C:\Users\szymon\QuditsOnQubits\QuditsOnQubits\basis_direct_encoding_benchmarks\quantum_circuits\two_qutrit\monomial_full__sup013_P210_ph210,C:\Users\szymon\QuditsOnQubits\QuditsOnQubits\basis_direct_encoding_benchmarks\quantum_circuits\two_qutrit\monomial_full__sup013_P210_ph210\F3_W.qpy,C:\Users\szymon\QuditsOnQubits\QuditsOnQubits\basis_direct_encoding_benchmarks\quantum_circuits\two_qutrit\monomial_full__sup013_P210_ph210\CZ3_W.qpy,C:\Users\szymon\QuditsOnQubits\QuditsOnQubits\basis_direct_encoding_benchmarks\quantum_circuits\two_qutrit\monomial_full__sup013_P210_ph210\graph_state_direct_basis.qpy,C:\Users\szymon\QuditsOnQubits\QuditsOnQubits\basis_direct_encoding_benchmarks\quantum_circuits\two_qutrit\monomial_full__sup013_P210_ph210\graph_state_direct_basis_transpiled.qpy,,C:\Users\szymon\QuditsOnQubits\QuditsOnQubits\basis_direct_encoding_benchmarks\quantum_circuits\two_qutrit\monomial_full__sup013_P210_ph210\E.npy
direct_basis_encoding,two_qutrit,two_qutrit,star,two_qutrit,2,2,4,sup013_P210_ph211,monomial,monomial_full,sup013_P210_ph211,False,True,18,38,56,43,,,0.788026,True,False,ok,,Converted from legacy E_new 4x3 isometry candidate.; Fidelity skipped because transpiled circuit has 128 qubits.,43,44.5,3.2,56,58.5,18,18.6,128,"{'cz': 17, 'rz': 14, 'rx': 12, 'sx': 12, 'rzz': 1}",10,10,0,C:\Users\szymon\QuditsOnQubits\QuditsOnQubits\basis_direct_encoding_benchmarks\quantum_circuits\two_qutrit\monomial_full__sup013_P210_ph211,C:\Users\szymon\QuditsOnQubits\QuditsOnQubits\basis_direct_encoding_benchmarks\quantum_circuits\two_qutrit\monomial_full__sup013_P210_ph211\F3_W.qpy,C:\Users\szymon\QuditsOnQubits\QuditsOnQubits\basis_direct_encoding_benchmarks\quantum_circuits\two_qutrit\monomial_full__sup013_P210_ph211\CZ3_W.qpy,C:\Users\szymon\QuditsOnQubits\QuditsOnQubits\basis_direct_encoding_benchmarks\quantum_circuits\two_qutrit\monomial_full__sup013_P210_ph211\graph_state_direct_basis.qpy,C:\Users\szymon\QuditsOnQubits\QuditsOnQubits\basis_direct_encoding_benchmarks\quantum_circuits\two_qutrit\monomial_full__sup013_P210_ph211\graph_state_direct_basis_transpiled.qpy,,C:\Users\szymon\QuditsOnQubits\QuditsOnQubits\basis_direct_encoding_benchmarks\quantum_circuits\two_qutrit\monomial_full__sup013_P210_ph211\E.npy
direct_basis_encoding,two_qutrit,two_qutrit,star,two_qutrit,2,2,4,sup013_P210_ph212,monomial,monomial_full,sup013_P210_ph212,False,True,18,40,58,44,,,0.5879,True,False,ok,,Converted from legacy E_new 4x3 isometry candidate.; Fidelity skipped because transpiled circuit has 128 qubits.,44,44.9,2.7,58,61.2,18,18.6,128,"{'cz': 17, 'rz': 16, 'sx': 12, 'rx': 12, 'rzz': 1}",10,10,0,C:\Users\szymon\QuditsOnQubits\QuditsOnQubits\basis_direct_encoding_benchmarks\quantum_circuits\two_qutrit\monomial_full__sup013_P210_ph212,C:\Users\szymon\QuditsOnQubits\QuditsOnQubits\basis_direct_encoding_benchmarks\quantum_circuits\two_qutrit\monomial_full__sup013_P210_ph212\F3_W.qpy,C:\Users\szymon\QuditsOnQubits\QuditsOnQubits\basis_direct_encoding_benchmarks\quantum_circuits\two_qutrit\monomial_full__sup013_P210_ph212\CZ3_W.qpy,C:\Users\szymon\QuditsOnQubits\QuditsOnQubits\basis_direct_encoding_benchmarks\quantum_circuits\two_qutrit\monomial_full__sup013_P210_ph212\graph_state_direct_basis.qpy,C:\Users\szymon\QuditsOnQubits\QuditsOnQubits\basis_direct_encoding_benchmarks\quantum_circuits\two_qutrit\monomial_full__sup013_P210_ph212\graph_state_direct_basis_transpiled.qpy,,C:\Users\szymon\QuditsOnQubits\QuditsOnQubits\basis_direct_encoding_benchmarks\quantum_circuits\two_qutrit\monomial_full__sup013_P210_ph212\E.npy
direct_basis_encoding,two_qutrit,two_qutrit,star,two_qutrit,2,2,4,sup013_P210_ph220,monomial,monomial_full,sup013_P210_ph220,False,True,18,40,58,43,,,0.501362,True,False,ok,,Converted from legacy E_new 4x3 isometry candidate.; Fidelity skipped because transpiled circuit has 128 qubits.,43,44.5,3.2,58,60.4,18,18.6,128,"{'cz': 17, 'rz': 16, 'rx': 12, 'sx': 12, 'rzz': 1}",10,10,0,C:\Users\szymon\QuditsOnQubits\QuditsOnQubits\basis_direct_encoding_benchmarks\quantum_circuits\two_qutrit\monomial_full__sup013_P210_ph220,C:\Users\szymon\QuditsOnQubits\QuditsOnQubits\basis_direct_encoding_benchmarks\quantum_circuits\two_qutrit\monomial_full__sup013_P210_ph220\F3_W.qpy,C:\Users\szymon\QuditsOnQubits\QuditsOnQubits\basis_direct_encoding_benchmarks\quantum_circuits\two_qutrit\monomial_full__sup013_P210_ph220\CZ3_W.qpy,C:\Users\szymon\QuditsOnQubits\QuditsOnQubits\basis_direct_encoding_benchmarks\quantum_circuits\two_qutrit\monomial_full__sup013_P210_ph220\graph_state_direct_basis.qpy,C:\Users\szymon\QuditsOnQubits\QuditsOnQubits\basis_direct_encoding_benchmarks\quantum_circuits\two_qutrit\monomial_full__sup013_P210_ph220\graph_state_direct_basis_transpiled.qpy,,C:\Users\szymon\QuditsOnQubits\QuditsOnQubits\basis_direct_encoding_benchmarks\quantum_circuits\two_qutrit\monomial_full__sup013_P210_ph220\E.npy
direct_basis_encoding,two_qutrit,two_qutrit,star,two_qutrit,2,2,4,sup013_P210_ph221,monomial,monomial_full,sup013_P210_ph221,False,True,18,36,54,42,,,0.525112,True,False,ok,,Converted from legacy E_new 4x3 isometry candidate.; Fidelity skipped because transpiled circuit has 128 qubits.,42,43.1,3.3,54,57.2,18,18.6,128,"{'cz': 17, 'sx': 12, 'rx': 12, 'rz': 12, 'rzz': 1}",10,10,0,C:\Users\szymon\QuditsOnQubits\QuditsOnQubits\basis_direct_encoding_benchmarks\quantum_circuits\two_qutrit\monomial_full__sup013_P210_ph221,C:\Users\szymon\QuditsOnQubits\QuditsOnQubits\basis_direct_encoding_benchmarks\quantum_circuits\two_qutrit\monomial_full__sup013_P210_ph221\F3_W.qpy,C:\Users\szymon\QuditsOnQubits\QuditsOnQubits\basis_direct_encoding_benchmarks\quantum_circuits\two_qutrit\monomial_full__sup013_P210_ph221\CZ3_W.qpy,C:\Users\szymon\QuditsOnQubits\QuditsOnQubits\basis_direct_encoding_benchmarks\quantum_circuits\two_qutrit\monomial_full__sup013_P210_ph221\graph_state_direct_basis.qpy,C:\Users\szymon\QuditsOnQubits\QuditsOnQubits\basis_direct_encoding_benchmarks\quantum_circuits\two_qutrit\monomial_full__sup013_P210_ph221\graph_state_direct_basis_transpiled.qpy,,C:\Users\szymon\QuditsOnQubits\QuditsOnQubits\basis_direct_encoding_benchmarks\quantum_circuits\two_qutrit\monomial_full__sup013_P210_ph221\E.npy
direct_basis_encoding,two_qutrit,two_qutrit,star,two_qutrit,2,2,4,sup013_P210_ph222,monomial,monomial_full,sup013_P210_ph222,False,True,18,40,58,43,,,0.716339,True,False,ok,,Converted from legacy E_new 4x3 isometry candidate.; Fidelity skipped because transpiled circuit has 128 qubits.,43,44.5,3.2,58,60.7,18,18.6,128,"{'cz': 17, 'rz': 16, 'rx': 12, 'sx': 12, 'rzz': 1}",10,10,0,C:\Users\szymon\QuditsOnQubits\QuditsOnQubits\basis_direct_encoding_benchmarks\quantum_circuits\two_qutrit\monomial_full__sup013_P210_ph222,C:\Users\szymon\QuditsOnQubits\QuditsOnQubits\basis_direct_encoding_benchmarks\quantum_circuits\two_qutrit\monomial_full__sup013_P210_ph222\F3_W.qpy,C:\Users\szymon\QuditsOnQubits\QuditsOnQubits\basis_direct_encoding_benchmarks\quantum_circuits\two_qutrit\monomial_full__sup013_P210_ph222\CZ3_W.qpy,C:\Users\szymon\QuditsOnQubits\QuditsOnQubits\basis_direct_encoding_benchmarks\quantum_circuits\two_qutrit\monomial_full__sup013_P210_ph222\graph_state_direct_basis.qpy,C:\Users\szymon\QuditsOnQubits\QuditsOnQubits\basis_direct_encoding_benchmarks\quantum_circuits\two_qutrit\monomial_full__sup013_P210_ph222\graph_state_direct_basis_transpiled.qpy,,C:\Users\szymon\QuditsOnQubits\QuditsOnQubits\basis_direct_encoding_benchmarks\quantum_circuits\two_qutrit\monomial_full__sup013_P210_ph222\E.npy
direct_basis_encoding,two_qutrit,two_qutrit,star,two_qutrit,2,2,4,sup023_P012_ph000,monomial,monomial_full,sup023_P012_ph000,False,True,18,35,53,42,,,0.502522,True,False,ok,,Converted from legacy E_new 4x3 isometry candidate.; Fidelity skipped because transpiled circuit has 128 qubits.,42,43.1,3.3,53,56.7,18,18.6,128,"{'cz': 17, 'sx': 12, 'rz': 12, 'rx': 11, 'rzz': 1}",10,10,0,C:\Users\szymon\QuditsOnQubits\QuditsOnQubits\basis_direct_encoding_benchmarks\quantum_circuits\two_qutrit\monomial_full__sup023_P012_ph000,C:\Users\szymon\QuditsOnQubits\QuditsOnQubits\basis_direct_encoding_benchmarks\quantum_circuits\two_qutrit\monomial_full__sup023_P012_ph000\F3_W.qpy,C:\Users\szymon\QuditsOnQubits\QuditsOnQubits\basis_direct_encoding_benchmarks\quantum_circuits\two_qutrit\monomial_full__sup023_P012_ph000\CZ3_W.qpy,C:\Users\szymon\QuditsOnQubits\QuditsOnQubits\basis_direct_encoding_benchmarks\quantum_circuits\two_qutrit\monomial_full__sup023_P012_ph000\graph_state_direct_basis.qpy,C:\Users\szymon\QuditsOnQubits\QuditsOnQubits\basis_direct_encoding_benchmarks\quantum_circuits\two_qutrit\monomial_full__sup023_P012_ph000\graph_state_direct_basis_transpiled.qpy,,C:\Users\szymon\QuditsOnQubits\QuditsOnQubits\basis_direct_encoding_benchmarks\quantum_circuits\two_qutrit\monomial_full__sup023_P012_ph000\E.npy
direct_basis_encoding,two_qutrit,two_qutrit,star,two_qutrit,2,2,4,sup023_P012_ph001,monomial,monomial_full,sup023_P012_ph001,False,True,18,39,57,44,,,0.563347,True,False,ok,,Converted from legacy E_new 4x3 isometry candidate.; Fidelity skipped because transpiled circuit has 128 qubits.,44,44.9,2.7,57,60.7,18,18.6,128,"{'cz': 17, 'rz': 16, 'sx': 12, 'rx': 11, 'rzz': 1}",10,10,0,C:\Users\szymon\QuditsOnQubits\QuditsOnQubits\basis_direct_encoding_benchmarks\quantum_circuits\two_qutrit\monomial_full__sup023_P012_ph001,C:\Users\szymon\QuditsOnQubits\QuditsOnQubits\basis_direct_encoding_benchmarks\quantum_circuits\two_qutrit\monomial_full__sup023_P012_ph001\F3_W.qpy,C:\Users\szymon\QuditsOnQubits\QuditsOnQubits\basis_direct_encoding_benchmarks\quantum_circuits\two_qutrit\monomial_full__sup023_P012_ph001\CZ3_W.qpy,C:\Users\szymon\QuditsOnQubits\QuditsOnQubits\basis_direct_encoding_benchmarks\quantum_circuits\two_qutrit\monomial_full__sup023_P012_ph001\graph_state_direct_basis.qpy,C:\Users\szymon\QuditsOnQubits\QuditsOnQubits\basis_direct_encoding_benchmarks\quantum_circuits\two_qutrit\monomial_full__sup023_P012_ph001\graph_state_direct_basis_transpiled.qpy,,C:\Users\szymon\QuditsOnQubits\QuditsOnQubits\basis_direct_encoding_benchmarks\quantum_circuits\two_qutrit\monomial_full__sup023_P012_ph001\E.npy
direct_basis_encoding,two_qutrit,two_qutrit,star,two_qutrit,2,2,4,sup023_P012_ph002,monomial,monomial_full,sup023_P012_ph002,False,True,18,40,58,44,,,0.521893,True,False,ok,,Converted from legacy E_new 4x3 isometry candidate.; Fidelity skipped because transpiled circuit has 128 qubits.,44,44.9,2.7,58,61.1,18,18.6,128,"{'cz': 17, 'rz': 16, 'sx': 12, 'rx': 12, 'rzz': 1}",10,10,0,C:\Users\szymon\QuditsOnQubits\QuditsOnQubits\basis_direct_encoding_benchmarks\quantum_circuits\two_qutrit\monomial_full__sup023_P012_ph002,C:\Users\szymon\QuditsOnQubits\QuditsOnQubits\basis_direct_encoding_benchmarks\quantum_circuits\two_qutrit\monomial_full__sup023_P012_ph002\F3_W.qpy,C:\Users\szymon\QuditsOnQubits\QuditsOnQubits\basis_direct_encoding_benchmarks\quantum_circuits\two_qutrit\monomial_full__sup023_P012_ph002\CZ3_W.qpy,C:\Users\szymon\QuditsOnQubits\QuditsOnQubits\basis_direct_encoding_benchmarks\quantum_circuits\two_qutrit\monomial_full__sup023_P012_ph002\graph_state_direct_basis.qpy,C:\Users\szymon\QuditsOnQubits\QuditsOnQubits\basis_direct_encoding_benchmarks\quantum_circuits\two_qutrit\monomial_full__sup023_P012_ph002\graph_state_direct_basis_transpiled.qpy,,C:\Users\szymon\QuditsOnQubits\QuditsOnQubits\basis_direct_encoding_benchmarks\quantum_circuits\two_qutrit\monomial_full__sup023_P012_ph002\E.npy
direct_basis_encoding,two_qutrit,two_qutrit,star,two_qutrit,2,2,4,sup023_P012_ph010,monomial,monomial_full,sup023_P012_ph010,False,True,18,38,56,43,,,0.586853,True,False,ok,,Converted from legacy E_new 4x3 isometry candidate.; Fidelity skipped because transpiled circuit has 128 qubits.,43,44.5,3.2,56,58.2,18,18.6,128,"{'cz': 17, 'rz': 14, 'rx': 12, 'sx': 12, 'rzz': 1}",10,10,0,C:\Users\szymon\QuditsOnQubits\QuditsOnQubits\basis_direct_encoding_benchmarks\quantum_circuits\two_qutrit\monomial_full__sup023_P012_ph010,C:\Users\szymon\QuditsOnQubits\QuditsOnQubits\basis_direct_encoding_benchmarks\quantum_circuits\two_qutrit\monomial_full__sup023_P012_ph010\F3_W.qpy,C:\Users\szymon\QuditsOnQubits\QuditsOnQubits\basis_direct_encoding_benchmarks\quantum_circuits\two_qutrit\monomial_full__sup023_P012_ph010\CZ3_W.qpy,C:\Users\szymon\QuditsOnQubits\QuditsOnQubits\basis_direct_encoding_benchmarks\quantum_circuits\two_qutrit\monomial_full__sup023_P012_ph010\graph_state_direct_basis.qpy,C:\Users\szymon\QuditsOnQubits\QuditsOnQubits\basis_direct_encoding_benchmarks\quantum_circuits\two_qutrit\monomial_full__sup023_P012_ph010\graph_state_direct_basis_transpiled.qpy,,C:\Users\szymon\QuditsOnQubits\QuditsOnQubits\basis_direct_encoding_benchmarks\quantum_circuits\two_qutrit\monomial_full__sup023_P012_ph010\E.npy
direct_basis_encoding,two_qutrit,two_qutrit,star,two_qutrit,2,2,4,sup023_P012_ph011,monomial,monomial_full,sup023_P012_ph011,False,True,18,40,58,43,,,0.715122,True,False,ok,,Converted from legacy E_new 4x3 isometry candidate.; Fidelity skipped because transpiled circuit has 128 qubits.,43,44.5,3.2,58,60.4,18,18.6,128,"{'cz': 17, 'rz': 16, 'rx': 12, 'sx': 12, 'rzz': 1}",10,10,0,C:\Users\szymon\QuditsOnQubits\QuditsOnQubits\basis_direct_encoding_benchmarks\quantum_circuits\two_qutrit\monomial_full__sup023_P012_ph011,C:\Users\szymon\QuditsOnQubits\QuditsOnQubits\basis_direct_encoding_benchmarks\quantum_circuits\two_qutrit\monomial_full__sup023_P012_ph011\F3_W.qpy,C:\Users\szymon\QuditsOnQubits\QuditsOnQubits\basis_direct_encoding_benchmarks\quantum_circuits\two_qutrit\monomial_full__sup023_P012_ph011\CZ3_W.qpy,C:\Users\szymon\QuditsOnQubits\QuditsOnQubits\basis_direct_encoding_benchmarks\quantum_circuits\two_qutrit\monomial_full__sup023_P012_ph011\graph_state_direct_basis.qpy,C:\Users\szymon\QuditsOnQubits\QuditsOnQubits\basis_direct_encoding_benchmarks\quantum_circuits\two_qutrit\monomial_full__sup023_P012_ph011\graph_state_direct_basis_transpiled.qpy,,C:\Users\szymon\QuditsOnQubits\QuditsOnQubits\basis_direct_encoding_benchmarks\quantum_circuits\two_qutrit\monomial_full__sup023_P012_ph011\E.npy
direct_basis_encoding,two_qutrit,two_qutrit,star,two_qutrit,2,2,4,sup023_P012_ph012,monomial,monomial_full,sup023_P012_ph012,False,True,18,41,59,44,,,0.703004,True,False,ok,,Converted from legacy E_new 4x3 isometry candidate.; Fidelity skipped because transpiled circuit has 128 qubits.,44,45.4,2.91,59,61.3,18,18.6,128,"{'rz': 17, 'cz': 17, 'rx': 12, 'sx': 12, 'rzz': 1}",10,10,0,C:\Users\szymon\QuditsOnQubits\QuditsOnQubits\basis_direct_encoding_benchmarks\quantum_circuits\two_qutrit\monomial_full__sup023_P012_ph012,C:\Users\szymon\QuditsOnQubits\QuditsOnQubits\basis_direct_encoding_benchmarks\quantum_circuits\two_qutrit\monomial_full__sup023_P012_ph012\F3_W.qpy,C:\Users\szymon\QuditsOnQubits\QuditsOnQubits\basis_direct_encoding_benchmarks\quantum_circuits\two_qutrit\monomial_full__sup023_P012_ph012\CZ3_W.qpy,C:\Users\szymon\QuditsOnQubits\QuditsOnQubits\basis_direct_encoding_benchmarks\quantum_circuits\two_qutrit\monomial_full__sup023_P012_ph012\graph_state_direct_basis.qpy,C:\Users\szymon\QuditsOnQubits\QuditsOnQubits\basis_direct_encoding_benchmarks\quantum_circuits\two_qutrit\monomial_full__sup023_P012_ph012\graph_state_direct_basis_transpiled.qpy,,C:\Users\szymon\QuditsOnQubits\QuditsOnQubits\basis_direct_encoding_benchmarks\quantum_circuits\two_qutrit\monomial_full__sup023_P012_ph012\E.npy
direct_basis_encoding,two_qutrit,two_qutrit,star,two_qutrit,2,2,4,sup023_P012_ph020,monomial,monomial_full,sup023_P012_ph020,False,True,18,38,56,43,,,0.766008,True,False,ok,,Converted from legacy E_new 4x3 isometry candidate.; Fidelity skipped because transpiled circuit has 128 qubits.,43,44.5,3.2,56,58.2,18,18.6,128,"{'cz': 17, 'rz': 14, 'rx': 12, 'sx': 12, 'rzz': 1}",10,10,0,C:\Users\szymon\QuditsOnQubits\QuditsOnQubits\basis_direct_encoding_benchmarks\quantum_circuits\two_qutrit\monomial_full__sup023_P012_ph020,C:\Users\szymon\QuditsOnQubits\QuditsOnQubits\basis_direct_encoding_benchmarks\quantum_circuits\two_qutrit\monomial_full__sup023_P012_ph020\F3_W.qpy,C:\Users\szymon\QuditsOnQubits\QuditsOnQubits\basis_direct_encoding_benchmarks\quantum_circuits\two_qutrit\monomial_full__sup023_P012_ph020\CZ3_W.qpy,C:\Users\szymon\QuditsOnQubits\QuditsOnQubits\basis_direct_encoding_benchmarks\quantum_circuits\two_qutrit\monomial_full__sup023_P012_ph020\graph_state_direct_basis.qpy,C:\Users\szymon\QuditsOnQubits\QuditsOnQubits\basis_direct_encoding_benchmarks\quantum_circuits\two_qutrit\monomial_full__sup023_P012_ph020\graph_state_direct_basis_transpiled.qpy,,C:\Users\szymon\QuditsOnQubits\QuditsOnQubits\basis_direct_encoding_benchmarks\quantum_circuits\two_qutrit\monomial_full__sup023_P012_ph020\E.npy
direct_basis_encoding,two_qutrit,two_qutrit,star,two_qutrit,2,2,4,sup023_P012_ph021,monomial,monomial_full,sup023_P012_ph021,False,True,18,41,59,44,,,0.779446,True,False,ok,,Converted from legacy E_new 4x3 isometry candidate.; Fidelity skipped because transpiled circuit has 128 qubits.,44,45.4,2.91,59,61.3,18,18.6,128,"{'rz': 17, 'cz': 17, 'rx': 12, 'sx': 12, 'rzz': 1}",10,10,0,C:\Users\szymon\QuditsOnQubits\QuditsOnQubits\basis_direct_encoding_benchmarks\quantum_circuits\two_qutrit\monomial_full__sup023_P012_ph021,C:\Users\szymon\QuditsOnQubits\QuditsOnQubits\basis_direct_encoding_benchmarks\quantum_circuits\two_qutrit\monomial_full__sup023_P012_ph021\F3_W.qpy,C:\Users\szymon\QuditsOnQubits\QuditsOnQubits\basis_direct_encoding_benchmarks\quantum_circuits\two_qutrit\monomial_full__sup023_P012_ph021\CZ3_W.qpy,C:\Users\szymon\QuditsOnQubits\QuditsOnQubits\basis_direct_encoding_benchmarks\quantum_circuits\two_qutrit\monomial_full__sup023_P012_ph021\graph_state_direct_basis.qpy,C:\Users\szymon\QuditsOnQubits\QuditsOnQubits\basis_direct_encoding_benchmarks\quantum_circuits\two_qutrit\monomial_full__sup023_P012_ph021\graph_state_direct_basis_transpiled.qpy,,C:\Users\szymon\QuditsOnQubits\QuditsOnQubits\basis_direct_encoding_benchmarks\quantum_circuits\two_qutrit\monomial_full__sup023_P012_ph021\E.npy
direct_basis_encoding,two_qutrit,two_qutrit,star,two_qutrit,2,2,4,sup023_P012_ph022,monomial,monomial_full,sup023_P012_ph022,False,True,18,40,58,43,,,1.047714,True,False,ok,,Converted from legacy E_new 4x3 isometry candidate.; Fidelity skipped because transpiled circuit has 128 qubits.,43,44.5,3.2,58,60.4,18,18.6,128,"{'cz': 17, 'rz': 16, 'rx': 12, 'sx': 12, 'rzz': 1}",10,10,0,C:\Users\szymon\QuditsOnQubits\QuditsOnQubits\basis_direct_encoding_benchmarks\quantum_circuits\two_qutrit\monomial_full__sup023_P012_ph022,C:\Users\szymon\QuditsOnQubits\QuditsOnQubits\basis_direct_encoding_benchmarks\quantum_circuits\two_qutrit\monomial_full__sup023_P012_ph022\F3_W.qpy,C:\Users\szymon\QuditsOnQubits\QuditsOnQubits\basis_direct_encoding_benchmarks\quantum_circuits\two_qutrit\monomial_full__sup023_P012_ph022\CZ3_W.qpy,C:\Users\szymon\QuditsOnQubits\QuditsOnQubits\basis_direct_encoding_benchmarks\quantum_circuits\two_qutrit\monomial_full__sup023_P012_ph022\graph_state_direct_basis.qpy,C:\Users\szymon\QuditsOnQubits\QuditsOnQubits\basis_direct_encoding_benchmarks\quantum_circuits\two_qutrit\monomial_full__sup023_P012_ph022\graph_state_direct_basis_transpiled.qpy,,C:\Users\szymon\QuditsOnQubits\QuditsOnQubits\basis_direct_encoding_benchmarks\quantum_circuits\two_qutrit\monomial_full__sup023_P012_ph022\E.npy
direct_basis_encoding,two_qutrit,two_qutrit,star,two_qutrit,2,2,4,sup023_P012_ph100,monomial,monomial_full,sup023_P012_ph100,False,True,18,40,58,43,,,0.919435,True,False,ok,,Converted from legacy E_new 4x3 isometry candidate.; Fidelity skipped because transpiled circuit has 128 qubits.,43,44.5,3.2,58,60.8,18,18.6,128,"{'cz': 17, 'rz': 16, 'rx': 12, 'sx': 12, 'rzz': 1}",10,10,0,C:\Users\szymon\QuditsOnQubits\QuditsOnQubits\basis_direct_encoding_benchmarks\quantum_circuits\two_qutrit\monomial_full__sup023_P012_ph100,C:\Users\szymon\QuditsOnQubits\QuditsOnQubits\basis_direct_encoding_benchmarks\quantum_circuits\two_qutrit\monomial_full__sup023_P012_ph100\F3_W.qpy,C:\Users\szymon\QuditsOnQubits\QuditsOnQubits\basis_direct_encoding_benchmarks\quantum_circuits\two_qutrit\monomial_full__sup023_P012_ph100\CZ3_W.qpy,C:\Users\szymon\QuditsOnQubits\QuditsOnQubits\basis_direct_encoding_benchmarks\quantum_circuits\two_qutrit\monomial_full__sup023_P012_ph100\graph_state_direct_basis.qpy,C:\Users\szymon\QuditsOnQubits\QuditsOnQubits\basis_direct_encoding_benchmarks\quantum_circuits\two_qutrit\monomial_full__sup023_P012_ph100\graph_state_direct_basis_transpiled.qpy,,C:\Users\szymon\QuditsOnQubits\QuditsOnQubits\basis_direct_encoding_benchmarks\quantum_circuits\two_qutrit\monomial_full__sup023_P012_ph100\E.npy
direct_basis_encoding,two_qutrit,two_qutrit,star,two_qutrit,2,2,4,sup023_P012_ph101,monomial,monomial_full,sup023_P012_ph101,False,True,18,41,59,44,,,0.917356,True,False,ok,,Converted from legacy E_new 4x3 isometry candidate.; Fidelity skipped because transpiled circuit has 128 qubits.,44,45.4,2.91,59,61.3,18,18.6,128,"{'rz': 17, 'cz': 17, 'rx': 12, 'sx': 12, 'rzz': 1}",10,10,0,C:\Users\szymon\QuditsOnQubits\QuditsOnQubits\basis_direct_encoding_benchmarks\quantum_circuits\two_qutrit\monomial_full__sup023_P012_ph101,C:\Users\szymon\QuditsOnQubits\QuditsOnQubits\basis_direct_encoding_benchmarks\quantum_circuits\two_qutrit\monomial_full__sup023_P012_ph101\F3_W.qpy,C:\Users\szymon\QuditsOnQubits\QuditsOnQubits\basis_direct_encoding_benchmarks\quantum_circuits\two_qutrit\monomial_full__sup023_P012_ph101\CZ3_W.qpy,C:\Users\szymon\QuditsOnQubits\QuditsOnQubits\basis_direct_encoding_benchmarks\quantum_circuits\two_qutrit\monomial_full__sup023_P012_ph101\graph_state_direct_basis.qpy,C:\Users\szymon\QuditsOnQubits\QuditsOnQubits\basis_direct_encoding_benchmarks\quantum_circuits\two_qutrit\monomial_full__sup023_P012_ph101\graph_state_direct_basis_transpiled.qpy,,C:\Users\szymon\QuditsOnQubits\QuditsOnQubits\basis_direct_encoding_benchmarks\quantum_circuits\two_qutrit\monomial_full__sup023_P012_ph101\E.npy
direct_basis_encoding,two_qutrit,two_qutrit,star,two_qutrit,2,2,4,sup023_P012_ph102,monomial,monomial_full,sup023_P012_ph102,False,True,18,38,56,43,,,0.95345,True,False,ok,,Converted from legacy E_new 4x3 isometry candidate.; Fidelity skipped because transpiled circuit has 128 qubits.,43,44.5,3.2,56,58.2,18,18.6,128,"{'cz': 17, 'rz': 14, 'rx': 12, 'sx': 12, 'rzz': 1}",10,10,0,C:\Users\szymon\QuditsOnQubits\QuditsOnQubits\basis_direct_encoding_benchmarks\quantum_circuits\two_qutrit\monomial_full__sup023_P012_ph102,C:\Users\szymon\QuditsOnQubits\QuditsOnQubits\basis_direct_encoding_benchmarks\quantum_circuits\two_qutrit\monomial_full__sup023_P012_ph102\F3_W.qpy,C:\Users\szymon\QuditsOnQubits\QuditsOnQubits\basis_direct_encoding_benchmarks\quantum_circuits\two_qutrit\monomial_full__sup023_P012_ph102\CZ3_W.qpy,C:\Users\szymon\QuditsOnQubits\QuditsOnQubits\basis_direct_encoding_benchmarks\quantum_circuits\two_qutrit\monomial_full__sup023_P012_ph102\graph_state_direct_basis.qpy,C:\Users\szymon\QuditsOnQubits\QuditsOnQubits\basis_direct_encoding_benchmarks\quantum_circuits\two_qutrit\monomial_full__sup023_P012_ph102\graph_state_direct_basis_transpiled.qpy,,C:\Users\szymon\QuditsOnQubits\QuditsOnQubits\basis_direct_encoding_benchmarks\quantum_circuits\two_qutrit\monomial_full__sup023_P012_ph102\E.npy
direct_basis_encoding,two_qutrit,two_qutrit,star,two_qutrit,2,2,4,sup023_P012_ph110,monomial,monomial_full,sup023_P012_ph110,False,True,18,41,59,44,,,0.989027,True,False,ok,,Converted from legacy E_new 4x3 isometry candidate.; Fidelity skipped because transpiled circuit has 128 qubits.,44,45.4,2.91,59,61.6,18,18.6,128,"{'rz': 17, 'cz': 17, 'rx': 12, 'sx': 12, 'rzz': 1}",10,10,0,C:\Users\szymon\QuditsOnQubits\QuditsOnQubits\basis_direct_encoding_benchmarks\quantum_circuits\two_qutrit\monomial_full__sup023_P012_ph110,C:\Users\szymon\QuditsOnQubits\QuditsOnQubits\basis_direct_encoding_benchmarks\quantum_circuits\two_qutrit\monomial_full__sup023_P012_ph110\F3_W.qpy,C:\Users\szymon\QuditsOnQubits\QuditsOnQubits\basis_direct_encoding_benchmarks\quantum_circuits\two_qutrit\monomial_full__sup023_P012_ph110\CZ3_W.qpy,C:\Users\szymon\QuditsOnQubits\QuditsOnQubits\basis_direct_encoding_benchmarks\quantum_circuits\two_qutrit\monomial_full__sup023_P012_ph110\graph_state_direct_basis.qpy,C:\Users\szymon\QuditsOnQubits\QuditsOnQubits\basis_direct_encoding_benchmarks\quantum_circuits\two_qutrit\monomial_full__sup023_P012_ph110\graph_state_direct_basis_transpiled.qpy,,C:\Users\szymon\QuditsOnQubits\QuditsOnQubits\basis_direct_encoding_benchmarks\quantum_circuits\two_qutrit\monomial_full__sup023_P012_ph110\E.npy
direct_basis_encoding,two_qutrit,two_qutrit,star,two_qutrit,2,2,4,sup023_P012_ph111,monomial,monomial_full,sup023_P012_ph111,False,True,18,40,58,43,,,0.927661,True,False,ok,,Converted from legacy E_new 4x3 isometry candidate.; Fidelity skipped because transpiled circuit has 128 qubits.,43,44.5,3.2,58,60.3,18,18.6,128,"{'cz': 17, 'rz': 16, 'rx': 12, 'sx': 12, 'rzz': 1}",10,10,0,C:\Users\szymon\QuditsOnQubits\QuditsOnQubits\basis_direct_encoding_benchmarks\quantum_circuits\two_qutrit\monomial_full__sup023_P012_ph111,C:\Users\szymon\QuditsOnQubits\QuditsOnQubits\basis_direct_encoding_benchmarks\quantum_circuits\two_qutrit\monomial_full__sup023_P012_ph111\F3_W.qpy,C:\Users\szymon\QuditsOnQubits\QuditsOnQubits\basis_direct_encoding_benchmarks\quantum_circuits\two_qutrit\monomial_full__sup023_P012_ph111\CZ3_W.qpy,C:\Users\szymon\QuditsOnQubits\QuditsOnQubits\basis_direct_encoding_benchmarks\quantum_circuits\two_qutrit\monomial_full__sup023_P012_ph111\graph_state_direct_basis.qpy,C:\Users\szymon\QuditsOnQubits\QuditsOnQubits\basis_direct_encoding_benchmarks\quantum_circuits\two_qutrit\monomial_full__sup023_P012_ph111\graph_state_direct_basis_transpiled.qpy,,C:\Users\szymon\QuditsOnQubits\QuditsOnQubits\basis_direct_encoding_benchmarks\quantum_circuits\two_qutrit\monomial_full__sup023_P012_ph111\E.npy
direct_basis_encoding,two_qutrit,two_qutrit,star,two_qutrit,2,2,4,sup023_P012_ph112,monomial,monomial_full,sup023_P012_ph112,False,True,18,38,56,43,,,0.802866,True,False,ok,,Converted from legacy E_new 4x3 isometry candidate.; Fidelity skipped because transpiled circuit has 128 qubits.,43,44.5,3.2,56,58.5,18,18.6,128,"{'cz': 17, 'rz': 14, 'rx': 12, 'sx': 12, 'rzz': 1}",10,10,0,C:\Users\szymon\QuditsOnQubits\QuditsOnQubits\basis_direct_encoding_benchmarks\quantum_circuits\two_qutrit\monomial_full__sup023_P012_ph112,C:\Users\szymon\QuditsOnQubits\QuditsOnQubits\basis_direct_encoding_benchmarks\quantum_circuits\two_qutrit\monomial_full__sup023_P012_ph112\F3_W.qpy,C:\Users\szymon\QuditsOnQubits\QuditsOnQubits\basis_direct_encoding_benchmarks\quantum_circuits\two_qutrit\monomial_full__sup023_P012_ph112\CZ3_W.qpy,C:\Users\szymon\QuditsOnQubits\QuditsOnQubits\basis_direct_encoding_benchmarks\quantum_circuits\two_qutrit\monomial_full__sup023_P012_ph112\graph_state_direct_basis.qpy,C:\Users\szymon\QuditsOnQubits\QuditsOnQubits\basis_direct_encoding_benchmarks\quantum_circuits\two_qutrit\monomial_full__sup023_P012_ph112\graph_state_direct_basis_transpiled.qpy,,C:\Users\szymon\QuditsOnQubits\QuditsOnQubits\basis_direct_encoding_benchmarks\quantum_circuits\two_qutrit\monomial_full__sup023_P012_ph112\E.npy
direct_basis_encoding,two_qutrit,two_qutrit,star,two_qutrit,2,2,4,sup023_P012_ph120,monomial,monomial_full,sup023_P012_ph120,False,True,18,40,58,44,,,1.082433,True,False,ok,,Converted from legacy E_new 4x3 isometry candidate.; Fidelity skipped because transpiled circuit has 128 qubits.,44,44.9,2.7,58,61.2,18,18.6,128,"{'cz': 17, 'rz': 16, 'sx': 12, 'rx': 12, 'rzz': 1}",10,10,0,C:\Users\szymon\QuditsOnQubits\QuditsOnQubits\basis_direct_encoding_benchmarks\quantum_circuits\two_qutrit\monomial_full__sup023_P012_ph120,C:\Users\szymon\QuditsOnQubits\QuditsOnQubits\basis_direct_encoding_benchmarks\quantum_circuits\two_qutrit\monomial_full__sup023_P012_ph120\F3_W.qpy,C:\Users\szymon\QuditsOnQubits\QuditsOnQubits\basis_direct_encoding_benchmarks\quantum_circuits\two_qutrit\monomial_full__sup023_P012_ph120\CZ3_W.qpy,C:\Users\szymon\QuditsOnQubits\QuditsOnQubits\basis_direct_encoding_benchmarks\quantum_circuits\two_qutrit\monomial_full__sup023_P012_ph120\graph_state_direct_basis.qpy,C:\Users\szymon\QuditsOnQubits\QuditsOnQubits\basis_direct_encoding_benchmarks\quantum_circuits\two_qutrit\monomial_full__sup023_P012_ph120\graph_state_direct_basis_transpiled.qpy,,C:\Users\szymon\QuditsOnQubits\QuditsOnQubits\basis_direct_encoding_benchmarks\quantum_circuits\two_qutrit\monomial_full__sup023_P012_ph120\E.npy
direct_basis_encoding,two_qutrit,two_qutrit,star,two_qutrit,2,2,4,sup023_P012_ph121,monomial,monomial_full,sup023_P012_ph121,False,True,18,39,57,44,,,0.973101,True,False,ok,,Converted from legacy E_new 4x3 isometry candidate.; Fidelity skipped because transpiled circuit has 128 qubits.,44,44.9,2.7,57,60.8,18,18.6,128,"{'cz': 17, 'rz': 16, 'sx': 12, 'rx': 11, 'rzz': 1}",10,10,0,C:\Users\szymon\QuditsOnQubits\QuditsOnQubits\basis_direct_encoding_benchmarks\quantum_circuits\two_qutrit\monomial_full__sup023_P012_ph121,C:\Users\szymon\QuditsOnQubits\QuditsOnQubits\basis_direct_encoding_benchmarks\quantum_circuits\two_qutrit\monomial_full__sup023_P012_ph121\F3_W.qpy,C:\Users\szymon\QuditsOnQubits\QuditsOnQubits\basis_direct_encoding_benchmarks\quantum_circuits\two_qutrit\monomial_full__sup023_P012_ph121\CZ3_W.qpy,C:\Users\szymon\QuditsOnQubits\QuditsOnQubits\basis_direct_encoding_benchmarks\quantum_circuits\two_qutrit\monomial_full__sup023_P012_ph121\graph_state_direct_basis.qpy,C:\Users\szymon\QuditsOnQubits\QuditsOnQubits\basis_direct_encoding_benchmarks\quantum_circuits\two_qutrit\monomial_full__sup023_P012_ph121\graph_state_direct_basis_transpiled.qpy,,C:\Users\szymon\QuditsOnQubits\QuditsOnQubits\basis_direct_encoding_benchmarks\quantum_circuits\two_qutrit\monomial_full__sup023_P012_ph121\E.npy
direct_basis_encoding,two_qutrit,two_qutrit,star,two_qutrit,2,2,4,sup023_P012_ph122,monomial,monomial_full,sup023_P012_ph122,False,True,18,36,54,42,,,0.845419,True,False,ok,,Converted from legacy E_new 4x3 isometry candidate.; Fidelity skipped because transpiled circuit has 128 qubits.,42,43.1,3.3,54,57.2,18,18.6,128,"{'cz': 17, 'sx': 12, 'rx': 12, 'rz': 12, 'rzz': 1}",10,10,0,C:\Users\szymon\QuditsOnQubits\QuditsOnQubits\basis_direct_encoding_benchmarks\quantum_circuits\two_qutrit\monomial_full__sup023_P012_ph122,C:\Users\szymon\QuditsOnQubits\QuditsOnQubits\basis_direct_encoding_benchmarks\quantum_circuits\two_qutrit\monomial_full__sup023_P012_ph122\F3_W.qpy,C:\Users\szymon\QuditsOnQubits\QuditsOnQubits\basis_direct_encoding_benchmarks\quantum_circuits\two_qutrit\monomial_full__sup023_P012_ph122\CZ3_W.qpy,C:\Users\szymon\QuditsOnQubits\QuditsOnQubits\basis_direct_encoding_benchmarks\quantum_circuits\two_qutrit\monomial_full__sup023_P012_ph122\graph_state_direct_basis.qpy,C:\Users\szymon\QuditsOnQubits\QuditsOnQubits\basis_direct_encoding_benchmarks\quantum_circuits\two_qutrit\monomial_full__sup023_P012_ph122\graph_state_direct_basis_transpiled.qpy,,C:\Users\szymon\QuditsOnQubits\QuditsOnQubits\basis_direct_encoding_benchmarks\quantum_circuits\two_qutrit\monomial_full__sup023_P012_ph122\E.npy
direct_basis_encoding,two_qutrit,two_qutrit,star,two_qutrit,2,2,4,sup023_P012_ph200,monomial,monomial_full,sup023_P012_ph200,False,True,18,40,58,43,,,0.971186,True,False,ok,,Converted from legacy E_new 4x3 isometry candidate.; Fidelity skipped because transpiled circuit has 128 qubits.,43,44.5,3.2,58,60.4,18,18.6,128,"{'cz': 17, 'rz': 16, 'rx': 12, 'sx': 12, 'rzz': 1}",10,10,0,C:\Users\szymon\QuditsOnQubits\QuditsOnQubits\basis_direct_encoding_benchmarks\quantum_circuits\two_qutrit\monomial_full__sup023_P012_ph200,C:\Users\szymon\QuditsOnQubits\QuditsOnQubits\basis_direct_encoding_benchmarks\quantum_circuits\two_qutrit\monomial_full__sup023_P012_ph200\F3_W.qpy,C:\Users\szymon\QuditsOnQubits\QuditsOnQubits\basis_direct_encoding_benchmarks\quantum_circuits\two_qutrit\monomial_full__sup023_P012_ph200\CZ3_W.qpy,C:\Users\szymon\QuditsOnQubits\QuditsOnQubits\basis_direct_encoding_benchmarks\quantum_circuits\two_qutrit\monomial_full__sup023_P012_ph200\graph_state_direct_basis.qpy,C:\Users\szymon\QuditsOnQubits\QuditsOnQubits\basis_direct_encoding_benchmarks\quantum_circuits\two_qutrit\monomial_full__sup023_P012_ph200\graph_state_direct_basis_transpiled.qpy,,C:\Users\szymon\QuditsOnQubits\QuditsOnQubits\basis_direct_encoding_benchmarks\quantum_circuits\two_qutrit\monomial_full__sup023_P012_ph200\E.npy
direct_basis_encoding,two_qutrit,two_qutrit,star,two_qutrit,2,2,4,sup023_P012_ph201,monomial,monomial_full,sup023_P012_ph201,False,True,18,38,56,43,,,1.053782,True,False,ok,,Converted from legacy E_new 4x3 isometry candidate.; Fidelity skipped because transpiled circuit has 128 qubits.,43,44.5,3.2,56,58.2,18,18.6,128,"{'cz': 17, 'rz': 14, 'rx': 12, 'sx': 12, 'rzz': 1}",10,10,0,C:\Users\szymon\QuditsOnQubits\QuditsOnQubits\basis_direct_encoding_benchmarks\quantum_circuits\two_qutrit\monomial_full__sup023_P012_ph201,C:\Users\szymon\QuditsOnQubits\QuditsOnQubits\basis_direct_encoding_benchmarks\quantum_circuits\two_qutrit\monomial_full__sup023_P012_ph201\F3_W.qpy,C:\Users\szymon\QuditsOnQubits\QuditsOnQubits\basis_direct_encoding_benchmarks\quantum_circuits\two_qutrit\monomial_full__sup023_P012_ph201\CZ3_W.qpy,C:\Users\szymon\QuditsOnQubits\QuditsOnQubits\basis_direct_encoding_benchmarks\quantum_circuits\two_qutrit\monomial_full__sup023_P012_ph201\graph_state_direct_basis.qpy,C:\Users\szymon\QuditsOnQubits\QuditsOnQubits\basis_direct_encoding_benchmarks\quantum_circuits\two_qutrit\monomial_full__sup023_P012_ph201\graph_state_direct_basis_transpiled.qpy,,C:\Users\szymon\QuditsOnQubits\QuditsOnQubits\basis_direct_encoding_benchmarks\quantum_circuits\two_qutrit\monomial_full__sup023_P012_ph201\E.npy
direct_basis_encoding,two_qutrit,two_qutrit,star,two_qutrit,2,2,4,sup023_P012_ph202,monomial,monomial_full,sup023_P012_ph202,False,True,18,41,59,44,,,1.08635,True,False,ok,,Converted from legacy E_new 4x3 isometry candidate.; Fidelity skipped because transpiled circuit has 128 qubits.,44,45.4,2.91,59,61.3,18,18.6,128,"{'rz': 17, 'cz': 17, 'rx': 12, 'sx': 12, 'rzz': 1}",10,10,0,C:\Users\szymon\QuditsOnQubits\QuditsOnQubits\basis_direct_encoding_benchmarks\quantum_circuits\two_qutrit\monomial_full__sup023_P012_ph202,C:\Users\szymon\QuditsOnQubits\QuditsOnQubits\basis_direct_encoding_benchmarks\quantum_circuits\two_qutrit\monomial_full__sup023_P012_ph202\F3_W.qpy,C:\Users\szymon\QuditsOnQubits\QuditsOnQubits\basis_direct_encoding_benchmarks\quantum_circuits\two_qutrit\monomial_full__sup023_P012_ph202\CZ3_W.qpy,C:\Users\szymon\QuditsOnQubits\QuditsOnQubits\basis_direct_encoding_benchmarks\quantum_circuits\two_qutrit\monomial_full__sup023_P012_ph202\graph_state_direct_basis.qpy,C:\Users\szymon\QuditsOnQubits\QuditsOnQubits\basis_direct_encoding_benchmarks\quantum_circuits\two_qutrit\monomial_full__sup023_P012_ph202\graph_state_direct_basis_transpiled.qpy,,C:\Users\szymon\QuditsOnQubits\QuditsOnQubits\basis_direct_encoding_benchmarks\quantum_circuits\two_qutrit\monomial_full__sup023_P012_ph202\E.npy
direct_basis_encoding,two_qutrit,two_qutrit,star,two_qutrit,2,2,4,sup023_P012_ph210,monomial,monomial_full,sup023_P012_ph210,False,True,18,40,58,44,,,1.030886,True,False,ok,,Converted from legacy E_new 4x3 isometry candidate.; Fidelity skipped because transpiled circuit has 128 qubits.,44,44.9,2.7,58,61.2,18,18.6,128,"{'cz': 17, 'rz': 16, 'sx': 12, 'rx': 12, 'rzz': 1}",10,10,0,C:\Users\szymon\QuditsOnQubits\QuditsOnQubits\basis_direct_encoding_benchmarks\quantum_circuits\two_qutrit\monomial_full__sup023_P012_ph210,C:\Users\szymon\QuditsOnQubits\QuditsOnQubits\basis_direct_encoding_benchmarks\quantum_circuits\two_qutrit\monomial_full__sup023_P012_ph210\F3_W.qpy,C:\Users\szymon\QuditsOnQubits\QuditsOnQubits\basis_direct_encoding_benchmarks\quantum_circuits\two_qutrit\monomial_full__sup023_P012_ph210\CZ3_W.qpy,C:\Users\szymon\QuditsOnQubits\QuditsOnQubits\basis_direct_encoding_benchmarks\quantum_circuits\two_qutrit\monomial_full__sup023_P012_ph210\graph_state_direct_basis.qpy,C:\Users\szymon\QuditsOnQubits\QuditsOnQubits\basis_direct_encoding_benchmarks\quantum_circuits\two_qutrit\monomial_full__sup023_P012_ph210\graph_state_direct_basis_transpiled.qpy,,C:\Users\szymon\QuditsOnQubits\QuditsOnQubits\basis_direct_encoding_benchmarks\quantum_circuits\two_qutrit\monomial_full__sup023_P012_ph210\E.npy
direct_basis_encoding,two_qutrit,two_qutrit,star,two_qutrit,2,2,4,sup023_P012_ph211,monomial,monomial_full,sup023_P012_ph211,False,True,18,36,54,42,,,0.983432,True,False,ok,,Converted from legacy E_new 4x3 isometry candidate.; Fidelity skipped because transpiled circuit has 128 qubits.,42,43.1,3.3,54,57.2,18,18.6,128,"{'cz': 17, 'sx': 12, 'rx': 12, 'rz': 12, 'rzz': 1}",10,10,0,C:\Users\szymon\QuditsOnQubits\QuditsOnQubits\basis_direct_encoding_benchmarks\quantum_circuits\two_qutrit\monomial_full__sup023_P012_ph211,C:\Users\szymon\QuditsOnQubits\QuditsOnQubits\basis_direct_encoding_benchmarks\quantum_circuits\two_qutrit\monomial_full__sup023_P012_ph211\F3_W.qpy,C:\Users\szymon\QuditsOnQubits\QuditsOnQubits\basis_direct_encoding_benchmarks\quantum_circuits\two_qutrit\monomial_full__sup023_P012_ph211\CZ3_W.qpy,C:\Users\szymon\QuditsOnQubits\QuditsOnQubits\basis_direct_encoding_benchmarks\quantum_circuits\two_qutrit\monomial_full__sup023_P012_ph211\graph_state_direct_basis.qpy,C:\Users\szymon\QuditsOnQubits\QuditsOnQubits\basis_direct_encoding_benchmarks\quantum_circuits\two_qutrit\monomial_full__sup023_P012_ph211\graph_state_direct_basis_transpiled.qpy,,C:\Users\szymon\QuditsOnQubits\QuditsOnQubits\basis_direct_encoding_benchmarks\quantum_circuits\two_qutrit\monomial_full__sup023_P012_ph211\E.npy
direct_basis_encoding,two_qutrit,two_qutrit,star,two_qutrit,2,2,4,sup023_P012_ph212,monomial,monomial_full,sup023_P012_ph212,False,True,18,39,57,44,,,1.12014,True,False,ok,,Converted from legacy E_new 4x3 isometry candidate.; Fidelity skipped because transpiled circuit has 128 qubits.,44,44.9,2.7,57,60.8,18,18.6,128,"{'cz': 17, 'rz': 16, 'sx': 12, 'rx': 11, 'rzz': 1}",10,10,0,C:\Users\szymon\QuditsOnQubits\QuditsOnQubits\basis_direct_encoding_benchmarks\quantum_circuits\two_qutrit\monomial_full__sup023_P012_ph212,C:\Users\szymon\QuditsOnQubits\QuditsOnQubits\basis_direct_encoding_benchmarks\quantum_circuits\two_qutrit\monomial_full__sup023_P012_ph212\F3_W.qpy,C:\Users\szymon\QuditsOnQubits\QuditsOnQubits\basis_direct_encoding_benchmarks\quantum_circuits\two_qutrit\monomial_full__sup023_P012_ph212\CZ3_W.qpy,C:\Users\szymon\QuditsOnQubits\QuditsOnQubits\basis_direct_encoding_benchmarks\quantum_circuits\two_qutrit\monomial_full__sup023_P012_ph212\graph_state_direct_basis.qpy,C:\Users\szymon\QuditsOnQubits\QuditsOnQubits\basis_direct_encoding_benchmarks\quantum_circuits\two_qutrit\monomial_full__sup023_P012_ph212\graph_state_direct_basis_transpiled.qpy,,C:\Users\szymon\QuditsOnQubits\QuditsOnQubits\basis_direct_encoding_benchmarks\quantum_circuits\two_qutrit\monomial_full__sup023_P012_ph212\E.npy
direct_basis_encoding,two_qutrit,two_qutrit,star,two_qutrit,2,2,4,sup023_P012_ph220,monomial,monomial_full,sup023_P012_ph220,False,True,18,41,59,44,,,0.894926,True,False,ok,,Converted from legacy E_new 4x3 isometry candidate.; Fidelity skipped because transpiled circuit has 128 qubits.,44,45.4,2.91,59,61.2,18,18.6,128,"{'rz': 17, 'cz': 17, 'rx': 12, 'sx': 12, 'rzz': 1}",10,10,0,C:\Users\szymon\QuditsOnQubits\QuditsOnQubits\basis_direct_encoding_benchmarks\quantum_circuits\two_qutrit\monomial_full__sup023_P012_ph220,C:\Users\szymon\QuditsOnQubits\QuditsOnQubits\basis_direct_encoding_benchmarks\quantum_circuits\two_qutrit\monomial_full__sup023_P012_ph220\F3_W.qpy,C:\Users\szymon\QuditsOnQubits\QuditsOnQubits\basis_direct_encoding_benchmarks\quantum_circuits\two_qutrit\monomial_full__sup023_P012_ph220\CZ3_W.qpy,C:\Users\szymon\QuditsOnQubits\QuditsOnQubits\basis_direct_encoding_benchmarks\quantum_circuits\two_qutrit\monomial_full__sup023_P012_ph220\graph_state_direct_basis.qpy,C:\Users\szymon\QuditsOnQubits\QuditsOnQubits\basis_direct_encoding_benchmarks\quantum_circuits\two_qutrit\monomial_full__sup023_P012_ph220\graph_state_direct_basis_transpiled.qpy,,C:\Users\szymon\QuditsOnQubits\QuditsOnQubits\basis_direct_encoding_benchmarks\quantum_circuits\two_qutrit\monomial_full__sup023_P012_ph220\E.npy
direct_basis_encoding,two_qutrit,two_qutrit,star,two_qutrit,2,2,4,sup023_P012_ph221,monomial,monomial_full,sup023_P012_ph221,False,True,18,38,56,43,,,1.043833,True,False,ok,,Converted from legacy E_new 4x3 isometry candidate.; Fidelity skipped because transpiled circuit has 128 qubits.,43,44.5,3.2,56,58.1,18,18.6,128,"{'cz': 17, 'rz': 14, 'rx': 12, 'sx': 12, 'rzz': 1}",10,10,0,C:\Users\szymon\QuditsOnQubits\QuditsOnQubits\basis_direct_encoding_benchmarks\quantum_circuits\two_qutrit\monomial_full__sup023_P012_ph221,C:\Users\szymon\QuditsOnQubits\QuditsOnQubits\basis_direct_encoding_benchmarks\quantum_circuits\two_qutrit\monomial_full__sup023_P012_ph221\F3_W.qpy,C:\Users\szymon\QuditsOnQubits\QuditsOnQubits\basis_direct_encoding_benchmarks\quantum_circuits\two_qutrit\monomial_full__sup023_P012_ph221\CZ3_W.qpy,C:\Users\szymon\QuditsOnQubits\QuditsOnQubits\basis_direct_encoding_benchmarks\quantum_circuits\two_qutrit\monomial_full__sup023_P012_ph221\graph_state_direct_basis.qpy,C:\Users\szymon\QuditsOnQubits\QuditsOnQubits\basis_direct_encoding_benchmarks\quantum_circuits\two_qutrit\monomial_full__sup023_P012_ph221\graph_state_direct_basis_transpiled.qpy,,C:\Users\szymon\QuditsOnQubits\QuditsOnQubits\basis_direct_encoding_benchmarks\quantum_circuits\two_qutrit\monomial_full__sup023_P012_ph221\E.npy
direct_basis_encoding,two_qutrit,two_qutrit,star,two_qutrit,2,2,4,sup023_P012_ph222,monomial,monomial_full,sup023_P012_ph222,False,True,18,40,58,43,,,0.897007,True,False,ok,,Converted from legacy E_new 4x3 isometry candidate.; Fidelity skipped because transpiled circuit has 128 qubits.,43,44.5,3.2,58,60.3,18,18.6,128,"{'cz': 17, 'rz': 16, 'rx': 12, 'sx': 12, 'rzz': 1}",10,10,0,C:\Users\szymon\QuditsOnQubits\QuditsOnQubits\basis_direct_encoding_benchmarks\quantum_circuits\two_qutrit\monomial_full__sup023_P012_ph222,C:\Users\szymon\QuditsOnQubits\QuditsOnQubits\basis_direct_encoding_benchmarks\quantum_circuits\two_qutrit\monomial_full__sup023_P012_ph222\F3_W.qpy,C:\Users\szymon\QuditsOnQubits\QuditsOnQubits\basis_direct_encoding_benchmarks\quantum_circuits\two_qutrit\monomial_full__sup023_P012_ph222\CZ3_W.qpy,C:\Users\szymon\QuditsOnQubits\QuditsOnQubits\basis_direct_encoding_benchmarks\quantum_circuits\two_qutrit\monomial_full__sup023_P012_ph222\graph_state_direct_basis.qpy,C:\Users\szymon\QuditsOnQubits\QuditsOnQubits\basis_direct_encoding_benchmarks\quantum_circuits\two_qutrit\monomial_full__sup023_P012_ph222\graph_state_direct_basis_transpiled.qpy,,C:\Users\szymon\QuditsOnQubits\QuditsOnQubits\basis_direct_encoding_benchmarks\quantum_circuits\two_qutrit\monomial_full__sup023_P012_ph222\E.npy
direct_basis_encoding,two_qutrit,two_qutrit,star,two_qutrit,2,2,4,sup023_P021_ph000,monomial,monomial_full,sup023_P021_ph000,False,True,18,35,53,42,,,0.938953,True,False,ok,,Converted from legacy E_new 4x3 isometry candidate.; Fidelity skipped because transpiled circuit has 128 qubits.,42,43.1,3.3,53,56.7,18,18.6,128,"{'cz': 17, 'sx': 12, 'rz': 12, 'rx': 11, 'rzz': 1}",10,10,0,C:\Users\szymon\QuditsOnQubits\QuditsOnQubits\basis_direct_encoding_benchmarks\quantum_circuits\two_qutrit\monomial_full__sup023_P021_ph000,C:\Users\szymon\QuditsOnQubits\QuditsOnQubits\basis_direct_encoding_benchmarks\quantum_circuits\two_qutrit\monomial_full__sup023_P021_ph000\F3_W.qpy,C:\Users\szymon\QuditsOnQubits\QuditsOnQubits\basis_direct_encoding_benchmarks\quantum_circuits\two_qutrit\monomial_full__sup023_P021_ph000\CZ3_W.qpy,C:\Users\szymon\QuditsOnQubits\QuditsOnQubits\basis_direct_encoding_benchmarks\quantum_circuits\two_qutrit\monomial_full__sup023_P021_ph000\graph_state_direct_basis.qpy,C:\Users\szymon\QuditsOnQubits\QuditsOnQubits\basis_direct_encoding_benchmarks\quantum_circuits\two_qutrit\monomial_full__sup023_P021_ph000\graph_state_direct_basis_transpiled.qpy,,C:\Users\szymon\QuditsOnQubits\QuditsOnQubits\basis_direct_encoding_benchmarks\quantum_circuits\two_qutrit\monomial_full__sup023_P021_ph000\E.npy
direct_basis_encoding,two_qutrit,two_qutrit,star,two_qutrit,2,2,4,sup023_P021_ph001,monomial,monomial_full,sup023_P021_ph001,False,True,18,39,57,44,,,0.952607,True,False,ok,,Converted from legacy E_new 4x3 isometry candidate.; Fidelity skipped because transpiled circuit has 128 qubits.,44,44.9,2.7,57,60.7,18,18.6,128,"{'cz': 17, 'rz': 16, 'sx': 12, 'rx': 11, 'rzz': 1}",10,10,0,C:\Users\szymon\QuditsOnQubits\QuditsOnQubits\basis_direct_encoding_benchmarks\quantum_circuits\two_qutrit\monomial_full__sup023_P021_ph001,C:\Users\szymon\QuditsOnQubits\QuditsOnQubits\basis_direct_encoding_benchmarks\quantum_circuits\two_qutrit\monomial_full__sup023_P021_ph001\F3_W.qpy,C:\Users\szymon\QuditsOnQubits\QuditsOnQubits\basis_direct_encoding_benchmarks\quantum_circuits\two_qutrit\monomial_full__sup023_P021_ph001\CZ3_W.qpy,C:\Users\szymon\QuditsOnQubits\QuditsOnQubits\basis_direct_encoding_benchmarks\quantum_circuits\two_qutrit\monomial_full__sup023_P021_ph001\graph_state_direct_basis.qpy,C:\Users\szymon\QuditsOnQubits\QuditsOnQubits\basis_direct_encoding_benchmarks\quantum_circuits\two_qutrit\monomial_full__sup023_P021_ph001\graph_state_direct_basis_transpiled.qpy,,C:\Users\szymon\QuditsOnQubits\QuditsOnQubits\basis_direct_encoding_benchmarks\quantum_circuits\two_qutrit\monomial_full__sup023_P021_ph001\E.npy
direct_basis_encoding,two_qutrit,two_qutrit,star,two_qutrit,2,2,4,sup023_P021_ph002,monomial,monomial_full,sup023_P021_ph002,False,True,18,40,58,44,,,1.011192,True,False,ok,,Converted from legacy E_new 4x3 isometry candidate.; Fidelity skipped because transpiled circuit has 128 qubits.,44,44.9,2.7,58,61.1,18,18.6,128,"{'cz': 17, 'rz': 16, 'sx': 12, 'rx': 12, 'rzz': 1}",10,10,0,C:\Users\szymon\QuditsOnQubits\QuditsOnQubits\basis_direct_encoding_benchmarks\quantum_circuits\two_qutrit\monomial_full__sup023_P021_ph002,C:\Users\szymon\QuditsOnQubits\QuditsOnQubits\basis_direct_encoding_benchmarks\quantum_circuits\two_qutrit\monomial_full__sup023_P021_ph002\F3_W.qpy,C:\Users\szymon\QuditsOnQubits\QuditsOnQubits\basis_direct_encoding_benchmarks\quantum_circuits\two_qutrit\monomial_full__sup023_P021_ph002\CZ3_W.qpy,C:\Users\szymon\QuditsOnQubits\QuditsOnQubits\basis_direct_encoding_benchmarks\quantum_circuits\two_qutrit\monomial_full__sup023_P021_ph002\graph_state_direct_basis.qpy,C:\Users\szymon\QuditsOnQubits\QuditsOnQubits\basis_direct_encoding_benchmarks\quantum_circuits\two_qutrit\monomial_full__sup023_P021_ph002\graph_state_direct_basis_transpiled.qpy,,C:\Users\szymon\QuditsOnQubits\QuditsOnQubits\basis_direct_encoding_benchmarks\quantum_circuits\two_qutrit\monomial_full__sup023_P021_ph002\E.npy
direct_basis_encoding,two_qutrit,two_qutrit,star,two_qutrit,2,2,4,sup023_P021_ph010,monomial,monomial_full,sup023_P021_ph010,False,True,18,38,56,43,,,1.033322,True,False,ok,,Converted from legacy E_new 4x3 isometry candidate.; Fidelity skipped because transpiled circuit has 128 qubits.,43,44.5,3.2,56,58.2,18,18.6,128,"{'cz': 17, 'rz': 14, 'rx': 12, 'sx': 12, 'rzz': 1}",10,10,0,C:\Users\szymon\QuditsOnQubits\QuditsOnQubits\basis_direct_encoding_benchmarks\quantum_circuits\two_qutrit\monomial_full__sup023_P021_ph010,C:\Users\szymon\QuditsOnQubits\QuditsOnQubits\basis_direct_encoding_benchmarks\quantum_circuits\two_qutrit\monomial_full__sup023_P021_ph010\F3_W.qpy,C:\Users\szymon\QuditsOnQubits\QuditsOnQubits\basis_direct_encoding_benchmarks\quantum_circuits\two_qutrit\monomial_full__sup023_P021_ph010\CZ3_W.qpy,C:\Users\szymon\QuditsOnQubits\QuditsOnQubits\basis_direct_encoding_benchmarks\quantum_circuits\two_qutrit\monomial_full__sup023_P021_ph010\graph_state_direct_basis.qpy,C:\Users\szymon\QuditsOnQubits\QuditsOnQubits\basis_direct_encoding_benchmarks\quantum_circuits\two_qutrit\monomial_full__sup023_P021_ph010\graph_state_direct_basis_transpiled.qpy,,C:\Users\szymon\QuditsOnQubits\QuditsOnQubits\basis_direct_encoding_benchmarks\quantum_circuits\two_qutrit\monomial_full__sup023_P021_ph010\E.npy
direct_basis_encoding,two_qutrit,two_qutrit,star,two_qutrit,2,2,4,sup023_P021_ph011,monomial,monomial_full,sup023_P021_ph011,False,True,18,40,58,43,,,0.820183,True,False,ok,,Converted from legacy E_new 4x3 isometry candidate.; Fidelity skipped because transpiled circuit has 128 qubits.,43,44.5,3.2,58,60.4,18,18.6,128,"{'cz': 17, 'rz': 16, 'rx': 12, 'sx': 12, 'rzz': 1}",10,10,0,C:\Users\szymon\QuditsOnQubits\QuditsOnQubits\basis_direct_encoding_benchmarks\quantum_circuits\two_qutrit\monomial_full__sup023_P021_ph011,C:\Users\szymon\QuditsOnQubits\QuditsOnQubits\basis_direct_encoding_benchmarks\quantum_circuits\two_qutrit\monomial_full__sup023_P021_ph011\F3_W.qpy,C:\Users\szymon\QuditsOnQubits\QuditsOnQubits\basis_direct_encoding_benchmarks\quantum_circuits\two_qutrit\monomial_full__sup023_P021_ph011\CZ3_W.qpy,C:\Users\szymon\QuditsOnQubits\QuditsOnQubits\basis_direct_encoding_benchmarks\quantum_circuits\two_qutrit\monomial_full__sup023_P021_ph011\graph_state_direct_basis.qpy,C:\Users\szymon\QuditsOnQubits\QuditsOnQubits\basis_direct_encoding_benchmarks\quantum_circuits\two_qutrit\monomial_full__sup023_P021_ph011\graph_state_direct_basis_transpiled.qpy,,C:\Users\szymon\QuditsOnQubits\QuditsOnQubits\basis_direct_encoding_benchmarks\quantum_circuits\two_qutrit\monomial_full__sup023_P021_ph011\E.npy
direct_basis_encoding,two_qutrit,two_qutrit,star,two_qutrit,2,2,4,sup023_P021_ph012,monomial,monomial_full,sup023_P021_ph012,False,True,18,41,59,44,,,0.886601,True,False,ok,,Converted from legacy E_new 4x3 isometry candidate.; Fidelity skipped because transpiled circuit has 128 qubits.,44,45.4,2.91,59,61.3,18,18.6,128,"{'rz': 17, 'cz': 17, 'rx': 12, 'sx': 12, 'rzz': 1}",10,10,0,C:\Users\szymon\QuditsOnQubits\QuditsOnQubits\basis_direct_encoding_benchmarks\quantum_circuits\two_qutrit\monomial_full__sup023_P021_ph012,C:\Users\szymon\QuditsOnQubits\QuditsOnQubits\basis_direct_encoding_benchmarks\quantum_circuits\two_qutrit\monomial_full__sup023_P021_ph012\F3_W.qpy,C:\Users\szymon\QuditsOnQubits\QuditsOnQubits\basis_direct_encoding_benchmarks\quantum_circuits\two_qutrit\monomial_full__sup023_P021_ph012\CZ3_W.qpy,C:\Users\szymon\QuditsOnQubits\QuditsOnQubits\basis_direct_encoding_benchmarks\quantum_circuits\two_qutrit\monomial_full__sup023_P021_ph012\graph_state_direct_basis.qpy,C:\Users\szymon\QuditsOnQubits\QuditsOnQubits\basis_direct_encoding_benchmarks\quantum_circuits\two_qutrit\monomial_full__sup023_P021_ph012\graph_state_direct_basis_transpiled.qpy,,C:\Users\szymon\QuditsOnQubits\QuditsOnQubits\basis_direct_encoding_benchmarks\quantum_circuits\two_qutrit\monomial_full__sup023_P021_ph012\E.npy
direct_basis_encoding,two_qutrit,two_qutrit,star,two_qutrit,2,2,4,sup023_P021_ph020,monomial,monomial_full,sup023_P021_ph020,False,True,18,38,56,43,,,0.90276,True,False,ok,,Converted from legacy E_new 4x3 isometry candidate.; Fidelity skipped because transpiled circuit has 128 qubits.,43,44.5,3.2,56,58.2,18,18.6,128,"{'cz': 17, 'rz': 14, 'rx': 12, 'sx': 12, 'rzz': 1}",10,10,0,C:\Users\szymon\QuditsOnQubits\QuditsOnQubits\basis_direct_encoding_benchmarks\quantum_circuits\two_qutrit\monomial_full__sup023_P021_ph020,C:\Users\szymon\QuditsOnQubits\QuditsOnQubits\basis_direct_encoding_benchmarks\quantum_circuits\two_qutrit\monomial_full__sup023_P021_ph020\F3_W.qpy,C:\Users\szymon\QuditsOnQubits\QuditsOnQubits\basis_direct_encoding_benchmarks\quantum_circuits\two_qutrit\monomial_full__sup023_P021_ph020\CZ3_W.qpy,C:\Users\szymon\QuditsOnQubits\QuditsOnQubits\basis_direct_encoding_benchmarks\quantum_circuits\two_qutrit\monomial_full__sup023_P021_ph020\graph_state_direct_basis.qpy,C:\Users\szymon\QuditsOnQubits\QuditsOnQubits\basis_direct_encoding_benchmarks\quantum_circuits\two_qutrit\monomial_full__sup023_P021_ph020\graph_state_direct_basis_transpiled.qpy,,C:\Users\szymon\QuditsOnQubits\QuditsOnQubits\basis_direct_encoding_benchmarks\quantum_circuits\two_qutrit\monomial_full__sup023_P021_ph020\E.npy
direct_basis_encoding,two_qutrit,two_qutrit,star,two_qutrit,2,2,4,sup023_P021_ph021,monomial,monomial_full,sup023_P021_ph021,False,True,18,41,59,44,,,1.080152,True,False,ok,,Converted from legacy E_new 4x3 isometry candidate.; Fidelity skipped because transpiled circuit has 128 qubits.,44,45.4,2.91,59,61.3,18,18.6,128,"{'rz': 17, 'cz': 17, 'rx': 12, 'sx': 12, 'rzz': 1}",10,10,0,C:\Users\szymon\QuditsOnQubits\QuditsOnQubits\basis_direct_encoding_benchmarks\quantum_circuits\two_qutrit\monomial_full__sup023_P021_ph021,C:\Users\szymon\QuditsOnQubits\QuditsOnQubits\basis_direct_encoding_benchmarks\quantum_circuits\two_qutrit\monomial_full__sup023_P021_ph021\F3_W.qpy,C:\Users\szymon\QuditsOnQubits\QuditsOnQubits\basis_direct_encoding_benchmarks\quantum_circuits\two_qutrit\monomial_full__sup023_P021_ph021\CZ3_W.qpy,C:\Users\szymon\QuditsOnQubits\QuditsOnQubits\basis_direct_encoding_benchmarks\quantum_circuits\two_qutrit\monomial_full__sup023_P021_ph021\graph_state_direct_basis.qpy,C:\Users\szymon\QuditsOnQubits\QuditsOnQubits\basis_direct_encoding_benchmarks\quantum_circuits\two_qutrit\monomial_full__sup023_P021_ph021\graph_state_direct_basis_transpiled.qpy,,C:\Users\szymon\QuditsOnQubits\QuditsOnQubits\basis_direct_encoding_benchmarks\quantum_circuits\two_qutrit\monomial_full__sup023_P021_ph021\E.npy
direct_basis_encoding,two_qutrit,two_qutrit,star,two_qutrit,2,2,4,sup023_P021_ph022,monomial,monomial_full,sup023_P021_ph022,False,True,18,40,58,43,,,1.159382,True,False,ok,,Converted from legacy E_new 4x3 isometry candidate.; Fidelity skipped because transpiled circuit has 128 qubits.,43,44.5,3.2,58,60.4,18,18.6,128,"{'cz': 17, 'rz': 16, 'rx': 12, 'sx': 12, 'rzz': 1}",10,10,0,C:\Users\szymon\QuditsOnQubits\QuditsOnQubits\basis_direct_encoding_benchmarks\quantum_circuits\two_qutrit\monomial_full__sup023_P021_ph022,C:\Users\szymon\QuditsOnQubits\QuditsOnQubits\basis_direct_encoding_benchmarks\quantum_circuits\two_qutrit\monomial_full__sup023_P021_ph022\F3_W.qpy,C:\Users\szymon\QuditsOnQubits\QuditsOnQubits\basis_direct_encoding_benchmarks\quantum_circuits\two_qutrit\monomial_full__sup023_P021_ph022\CZ3_W.qpy,C:\Users\szymon\QuditsOnQubits\QuditsOnQubits\basis_direct_encoding_benchmarks\quantum_circuits\two_qutrit\monomial_full__sup023_P021_ph022\graph_state_direct_basis.qpy,C:\Users\szymon\QuditsOnQubits\QuditsOnQubits\basis_direct_encoding_benchmarks\quantum_circuits\two_qutrit\monomial_full__sup023_P021_ph022\graph_state_direct_basis_transpiled.qpy,,C:\Users\szymon\QuditsOnQubits\QuditsOnQubits\basis_direct_encoding_benchmarks\quantum_circuits\two_qutrit\monomial_full__sup023_P021_ph022\E.npy
direct_basis_encoding,two_qutrit,two_qutrit,star,two_qutrit,2,2,4,sup023_P021_ph100,monomial,monomial_full,sup023_P021_ph100,False,True,18,40,58,43,,,0.785134,True,False,ok,,Converted from legacy E_new 4x3 isometry candidate.; Fidelity skipped because transpiled circuit has 128 qubits.,43,44.5,3.2,58,60.8,18,18.6,128,"{'cz': 17, 'rz': 16, 'rx': 12, 'sx': 12, 'rzz': 1}",10,10,0,C:\Users\szymon\QuditsOnQubits\QuditsOnQubits\basis_direct_encoding_benchmarks\quantum_circuits\two_qutrit\monomial_full__sup023_P021_ph100,C:\Users\szymon\QuditsOnQubits\QuditsOnQubits\basis_direct_encoding_benchmarks\quantum_circuits\two_qutrit\monomial_full__sup023_P021_ph100\F3_W.qpy,C:\Users\szymon\QuditsOnQubits\QuditsOnQubits\basis_direct_encoding_benchmarks\quantum_circuits\two_qutrit\monomial_full__sup023_P021_ph100\CZ3_W.qpy,C:\Users\szymon\QuditsOnQubits\QuditsOnQubits\basis_direct_encoding_benchmarks\quantum_circuits\two_qutrit\monomial_full__sup023_P021_ph100\graph_state_direct_basis.qpy,C:\Users\szymon\QuditsOnQubits\QuditsOnQubits\basis_direct_encoding_benchmarks\quantum_circuits\two_qutrit\monomial_full__sup023_P021_ph100\graph_state_direct_basis_transpiled.qpy,,C:\Users\szymon\QuditsOnQubits\QuditsOnQubits\basis_direct_encoding_benchmarks\quantum_circuits\two_qutrit\monomial_full__sup023_P021_ph100\E.npy
direct_basis_encoding,two_qutrit,two_qutrit,star,two_qutrit,2,2,4,sup023_P021_ph101,monomial,monomial_full,sup023_P021_ph101,False,True,18,41,59,44,,,0.763569,True,False,ok,,Converted from legacy E_new 4x3 isometry candidate.; Fidelity skipped because transpiled circuit has 128 qubits.,44,45.4,2.91,59,61.3,18,18.6,128,"{'rz': 17, 'cz': 17, 'rx': 12, 'sx': 12, 'rzz': 1}",10,10,0,C:\Users\szymon\QuditsOnQubits\QuditsOnQubits\basis_direct_encoding_benchmarks\quantum_circuits\two_qutrit\monomial_full__sup023_P021_ph101,C:\Users\szymon\QuditsOnQubits\QuditsOnQubits\basis_direct_encoding_benchmarks\quantum_circuits\two_qutrit\monomial_full__sup023_P021_ph101\F3_W.qpy,C:\Users\szymon\QuditsOnQubits\QuditsOnQubits\basis_direct_encoding_benchmarks\quantum_circuits\two_qutrit\monomial_full__sup023_P021_ph101\CZ3_W.qpy,C:\Users\szymon\QuditsOnQubits\QuditsOnQubits\basis_direct_encoding_benchmarks\quantum_circuits\two_qutrit\monomial_full__sup023_P021_ph101\graph_state_direct_basis.qpy,C:\Users\szymon\QuditsOnQubits\QuditsOnQubits\basis_direct_encoding_benchmarks\quantum_circuits\two_qutrit\monomial_full__sup023_P021_ph101\graph_state_direct_basis_transpiled.qpy,,C:\Users\szymon\QuditsOnQubits\QuditsOnQubits\basis_direct_encoding_benchmarks\quantum_circuits\two_qutrit\monomial_full__sup023_P021_ph101\E.npy
direct_basis_encoding,two_qutrit,two_qutrit,star,two_qutrit,2,2,4,sup023_P021_ph102,monomial,monomial_full,sup023_P021_ph102,False,True,18,38,56,43,,,1.020386,True,False,ok,,Converted from legacy E_new 4x3 isometry candidate.; Fidelity skipped because transpiled circuit has 128 qubits.,43,44.5,3.2,56,58.2,18,18.6,128,"{'cz': 17, 'rz': 14, 'rx': 12, 'sx': 12, 'rzz': 1}",10,10,0,C:\Users\szymon\QuditsOnQubits\QuditsOnQubits\basis_direct_encoding_benchmarks\quantum_circuits\two_qutrit\monomial_full__sup023_P021_ph102,C:\Users\szymon\QuditsOnQubits\QuditsOnQubits\basis_direct_encoding_benchmarks\quantum_circuits\two_qutrit\monomial_full__sup023_P021_ph102\F3_W.qpy,C:\Users\szymon\QuditsOnQubits\QuditsOnQubits\basis_direct_encoding_benchmarks\quantum_circuits\two_qutrit\monomial_full__sup023_P021_ph102\CZ3_W.qpy,C:\Users\szymon\QuditsOnQubits\QuditsOnQubits\basis_direct_encoding_benchmarks\quantum_circuits\two_qutrit\monomial_full__sup023_P021_ph102\graph_state_direct_basis.qpy,C:\Users\szymon\QuditsOnQubits\QuditsOnQubits\basis_direct_encoding_benchmarks\quantum_circuits\two_qutrit\monomial_full__sup023_P021_ph102\graph_state_direct_basis_transpiled.qpy,,C:\Users\szymon\QuditsOnQubits\QuditsOnQubits\basis_direct_encoding_benchmarks\quantum_circuits\two_qutrit\monomial_full__sup023_P021_ph102\E.npy
direct_basis_encoding,two_qutrit,two_qutrit,star,two_qutrit,2,2,4,sup023_P021_ph110,monomial,monomial_full,sup023_P021_ph110,False,True,18,41,59,44,,,1.0423,True,False,ok,,Converted from legacy E_new 4x3 isometry candidate.; Fidelity skipped because transpiled circuit has 128 qubits.,44,45.4,2.91,59,61.6,18,18.6,128,"{'rz': 17, 'cz': 17, 'rx': 12, 'sx': 12, 'rzz': 1}",10,10,0,C:\Users\szymon\QuditsOnQubits\QuditsOnQubits\basis_direct_encoding_benchmarks\quantum_circuits\two_qutrit\monomial_full__sup023_P021_ph110,C:\Users\szymon\QuditsOnQubits\QuditsOnQubits\basis_direct_encoding_benchmarks\quantum_circuits\two_qutrit\monomial_full__sup023_P021_ph110\F3_W.qpy,C:\Users\szymon\QuditsOnQubits\QuditsOnQubits\basis_direct_encoding_benchmarks\quantum_circuits\two_qutrit\monomial_full__sup023_P021_ph110\CZ3_W.qpy,C:\Users\szymon\QuditsOnQubits\QuditsOnQubits\basis_direct_encoding_benchmarks\quantum_circuits\two_qutrit\monomial_full__sup023_P021_ph110\graph_state_direct_basis.qpy,C:\Users\szymon\QuditsOnQubits\QuditsOnQubits\basis_direct_encoding_benchmarks\quantum_circuits\two_qutrit\monomial_full__sup023_P021_ph110\graph_state_direct_basis_transpiled.qpy,,C:\Users\szymon\QuditsOnQubits\QuditsOnQubits\basis_direct_encoding_benchmarks\quantum_circuits\two_qutrit\monomial_full__sup023_P021_ph110\E.npy
direct_basis_encoding,two_qutrit,two_qutrit,star,two_qutrit,2,2,4,sup023_P021_ph111,monomial,monomial_full,sup023_P021_ph111,False,True,18,40,58,43,,,0.752653,True,False,ok,,Converted from legacy E_new 4x3 isometry candidate.; Fidelity skipped because transpiled circuit has 128 qubits.,43,44.5,3.2,58,60.3,18,18.6,128,"{'cz': 17, 'rz': 16, 'rx': 12, 'sx': 12, 'rzz': 1}",10,10,0,C:\Users\szymon\QuditsOnQubits\QuditsOnQubits\basis_direct_encoding_benchmarks\quantum_circuits\two_qutrit\monomial_full__sup023_P021_ph111,C:\Users\szymon\QuditsOnQubits\QuditsOnQubits\basis_direct_encoding_benchmarks\quantum_circuits\two_qutrit\monomial_full__sup023_P021_ph111\F3_W.qpy,C:\Users\szymon\QuditsOnQubits\QuditsOnQubits\basis_direct_encoding_benchmarks\quantum_circuits\two_qutrit\monomial_full__sup023_P021_ph111\CZ3_W.qpy,C:\Users\szymon\QuditsOnQubits\QuditsOnQubits\basis_direct_encoding_benchmarks\quantum_circuits\two_qutrit\monomial_full__sup023_P021_ph111\graph_state_direct_basis.qpy,C:\Users\szymon\QuditsOnQubits\QuditsOnQubits\basis_direct_encoding_benchmarks\quantum_circuits\two_qutrit\monomial_full__sup023_P021_ph111\graph_state_direct_basis_transpiled.qpy,,C:\Users\szymon\QuditsOnQubits\QuditsOnQubits\basis_direct_encoding_benchmarks\quantum_circuits\two_qutrit\monomial_full__sup023_P021_ph111\E.npy
direct_basis_encoding,two_qutrit,two_qutrit,star,two_qutrit,2,2,4,sup023_P021_ph112,monomial,monomial_full,sup023_P021_ph112,False,True,18,38,56,43,,,1.017028,True,False,ok,,Converted from legacy E_new 4x3 isometry candidate.; Fidelity skipped because transpiled circuit has 128 qubits.,43,44.5,3.2,56,58.5,18,18.6,128,"{'cz': 17, 'rz': 14, 'rx': 12, 'sx': 12, 'rzz': 1}",10,10,0,C:\Users\szymon\QuditsOnQubits\QuditsOnQubits\basis_direct_encoding_benchmarks\quantum_circuits\two_qutrit\monomial_full__sup023_P021_ph112,C:\Users\szymon\QuditsOnQubits\QuditsOnQubits\basis_direct_encoding_benchmarks\quantum_circuits\two_qutrit\monomial_full__sup023_P021_ph112\F3_W.qpy,C:\Users\szymon\QuditsOnQubits\QuditsOnQubits\basis_direct_encoding_benchmarks\quantum_circuits\two_qutrit\monomial_full__sup023_P021_ph112\CZ3_W.qpy,C:\Users\szymon\QuditsOnQubits\QuditsOnQubits\basis_direct_encoding_benchmarks\quantum_circuits\two_qutrit\monomial_full__sup023_P021_ph112\graph_state_direct_basis.qpy,C:\Users\szymon\QuditsOnQubits\QuditsOnQubits\basis_direct_encoding_benchmarks\quantum_circuits\two_qutrit\monomial_full__sup023_P021_ph112\graph_state_direct_basis_transpiled.qpy,,C:\Users\szymon\QuditsOnQubits\QuditsOnQubits\basis_direct_encoding_benchmarks\quantum_circuits\two_qutrit\monomial_full__sup023_P021_ph112\E.npy
direct_basis_encoding,two_qutrit,two_qutrit,star,two_qutrit,2,2,4,sup023_P021_ph120,monomial,monomial_full,sup023_P021_ph120,False,True,18,40,58,44,,,0.950926,True,False,ok,,Converted from legacy E_new 4x3 isometry candidate.; Fidelity skipped because transpiled circuit has 128 qubits.,44,44.9,2.7,58,61.2,18,18.6,128,"{'cz': 17, 'rz': 16, 'sx': 12, 'rx': 12, 'rzz': 1}",10,10,0,C:\Users\szymon\QuditsOnQubits\QuditsOnQubits\basis_direct_encoding_benchmarks\quantum_circuits\two_qutrit\monomial_full__sup023_P021_ph120,C:\Users\szymon\QuditsOnQubits\QuditsOnQubits\basis_direct_encoding_benchmarks\quantum_circuits\two_qutrit\monomial_full__sup023_P021_ph120\F3_W.qpy,C:\Users\szymon\QuditsOnQubits\QuditsOnQubits\basis_direct_encoding_benchmarks\quantum_circuits\two_qutrit\monomial_full__sup023_P021_ph120\CZ3_W.qpy,C:\Users\szymon\QuditsOnQubits\QuditsOnQubits\basis_direct_encoding_benchmarks\quantum_circuits\two_qutrit\monomial_full__sup023_P021_ph120\graph_state_direct_basis.qpy,C:\Users\szymon\QuditsOnQubits\QuditsOnQubits\basis_direct_encoding_benchmarks\quantum_circuits\two_qutrit\monomial_full__sup023_P021_ph120\graph_state_direct_basis_transpiled.qpy,,C:\Users\szymon\QuditsOnQubits\QuditsOnQubits\basis_direct_encoding_benchmarks\quantum_circuits\two_qutrit\monomial_full__sup023_P021_ph120\E.npy
direct_basis_encoding,two_qutrit,two_qutrit,star,two_qutrit,2,2,4,sup023_P021_ph121,monomial,monomial_full,sup023_P021_ph121,False,True,18,39,57,44,,,0.976211,True,False,ok,,Converted from legacy E_new 4x3 isometry candidate.; Fidelity skipped because transpiled circuit has 128 qubits.,44,44.9,2.7,57,60.8,18,18.6,128,"{'cz': 17, 'rz': 16, 'sx': 12, 'rx': 11, 'rzz': 1}",10,10,0,C:\Users\szymon\QuditsOnQubits\QuditsOnQubits\basis_direct_encoding_benchmarks\quantum_circuits\two_qutrit\monomial_full__sup023_P021_ph121,C:\Users\szymon\QuditsOnQubits\QuditsOnQubits\basis_direct_encoding_benchmarks\quantum_circuits\two_qutrit\monomial_full__sup023_P021_ph121\F3_W.qpy,C:\Users\szymon\QuditsOnQubits\QuditsOnQubits\basis_direct_encoding_benchmarks\quantum_circuits\two_qutrit\monomial_full__sup023_P021_ph121\CZ3_W.qpy,C:\Users\szymon\QuditsOnQubits\QuditsOnQubits\basis_direct_encoding_benchmarks\quantum_circuits\two_qutrit\monomial_full__sup023_P021_ph121\graph_state_direct_basis.qpy,C:\Users\szymon\QuditsOnQubits\QuditsOnQubits\basis_direct_encoding_benchmarks\quantum_circuits\two_qutrit\monomial_full__sup023_P021_ph121\graph_state_direct_basis_transpiled.qpy,,C:\Users\szymon\QuditsOnQubits\QuditsOnQubits\basis_direct_encoding_benchmarks\quantum_circuits\two_qutrit\monomial_full__sup023_P021_ph121\E.npy
direct_basis_encoding,two_qutrit,two_qutrit,star,two_qutrit,2,2,4,sup023_P021_ph122,monomial,monomial_full,sup023_P021_ph122,False,True,18,36,54,42,,,1.053698,True,False,ok,,Converted from legacy E_new 4x3 isometry candidate.; Fidelity skipped because transpiled circuit has 128 qubits.,42,43.1,3.3,54,57.2,18,18.6,128,"{'cz': 17, 'sx': 12, 'rx': 12, 'rz': 12, 'rzz': 1}",10,10,0,C:\Users\szymon\QuditsOnQubits\QuditsOnQubits\basis_direct_encoding_benchmarks\quantum_circuits\two_qutrit\monomial_full__sup023_P021_ph122,C:\Users\szymon\QuditsOnQubits\QuditsOnQubits\basis_direct_encoding_benchmarks\quantum_circuits\two_qutrit\monomial_full__sup023_P021_ph122\F3_W.qpy,C:\Users\szymon\QuditsOnQubits\QuditsOnQubits\basis_direct_encoding_benchmarks\quantum_circuits\two_qutrit\monomial_full__sup023_P021_ph122\CZ3_W.qpy,C:\Users\szymon\QuditsOnQubits\QuditsOnQubits\basis_direct_encoding_benchmarks\quantum_circuits\two_qutrit\monomial_full__sup023_P021_ph122\graph_state_direct_basis.qpy,C:\Users\szymon\QuditsOnQubits\QuditsOnQubits\basis_direct_encoding_benchmarks\quantum_circuits\two_qutrit\monomial_full__sup023_P021_ph122\graph_state_direct_basis_transpiled.qpy,,C:\Users\szymon\QuditsOnQubits\QuditsOnQubits\basis_direct_encoding_benchmarks\quantum_circuits\two_qutrit\monomial_full__sup023_P021_ph122\E.npy
direct_basis_encoding,two_qutrit,two_qutrit,star,two_qutrit,2,2,4,sup023_P021_ph200,monomial,monomial_full,sup023_P021_ph200,False,True,18,40,58,43,,,1.170604,True,False,ok,,Converted from legacy E_new 4x3 isometry candidate.; Fidelity skipped because transpiled circuit has 128 qubits.,43,44.5,3.2,58,60.4,18,18.6,128,"{'cz': 17, 'rz': 16, 'rx': 12, 'sx': 12, 'rzz': 1}",10,10,0,C:\Users\szymon\QuditsOnQubits\QuditsOnQubits\basis_direct_encoding_benchmarks\quantum_circuits\two_qutrit\monomial_full__sup023_P021_ph200,C:\Users\szymon\QuditsOnQubits\QuditsOnQubits\basis_direct_encoding_benchmarks\quantum_circuits\two_qutrit\monomial_full__sup023_P021_ph200\F3_W.qpy,C:\Users\szymon\QuditsOnQubits\QuditsOnQubits\basis_direct_encoding_benchmarks\quantum_circuits\two_qutrit\monomial_full__sup023_P021_ph200\CZ3_W.qpy,C:\Users\szymon\QuditsOnQubits\QuditsOnQubits\basis_direct_encoding_benchmarks\quantum_circuits\two_qutrit\monomial_full__sup023_P021_ph200\graph_state_direct_basis.qpy,C:\Users\szymon\QuditsOnQubits\QuditsOnQubits\basis_direct_encoding_benchmarks\quantum_circuits\two_qutrit\monomial_full__sup023_P021_ph200\graph_state_direct_basis_transpiled.qpy,,C:\Users\szymon\QuditsOnQubits\QuditsOnQubits\basis_direct_encoding_benchmarks\quantum_circuits\two_qutrit\monomial_full__sup023_P021_ph200\E.npy
direct_basis_encoding,two_qutrit,two_qutrit,star,two_qutrit,2,2,4,sup023_P021_ph201,monomial,monomial_full,sup023_P021_ph201,False,True,18,38,56,43,,,0.869134,True,False,ok,,Converted from legacy E_new 4x3 isometry candidate.; Fidelity skipped because transpiled circuit has 128 qubits.,43,44.5,3.2,56,58.2,18,18.6,128,"{'cz': 17, 'rz': 14, 'rx': 12, 'sx': 12, 'rzz': 1}",10,10,0,C:\Users\szymon\QuditsOnQubits\QuditsOnQubits\basis_direct_encoding_benchmarks\quantum_circuits\two_qutrit\monomial_full__sup023_P021_ph201,C:\Users\szymon\QuditsOnQubits\QuditsOnQubits\basis_direct_encoding_benchmarks\quantum_circuits\two_qutrit\monomial_full__sup023_P021_ph201\F3_W.qpy,C:\Users\szymon\QuditsOnQubits\QuditsOnQubits\basis_direct_encoding_benchmarks\quantum_circuits\two_qutrit\monomial_full__sup023_P021_ph201\CZ3_W.qpy,C:\Users\szymon\QuditsOnQubits\QuditsOnQubits\basis_direct_encoding_benchmarks\quantum_circuits\two_qutrit\monomial_full__sup023_P021_ph201\graph_state_direct_basis.qpy,C:\Users\szymon\QuditsOnQubits\QuditsOnQubits\basis_direct_encoding_benchmarks\quantum_circuits\two_qutrit\monomial_full__sup023_P021_ph201\graph_state_direct_basis_transpiled.qpy,,C:\Users\szymon\QuditsOnQubits\QuditsOnQubits\basis_direct_encoding_benchmarks\quantum_circuits\two_qutrit\monomial_full__sup023_P021_ph201\E.npy
direct_basis_encoding,two_qutrit,two_qutrit,star,two_qutrit,2,2,4,sup023_P021_ph202,monomial,monomial_full,sup023_P021_ph202,False,True,18,41,59,44,,,0.927998,True,False,ok,,Converted from legacy E_new 4x3 isometry candidate.; Fidelity skipped because transpiled circuit has 128 qubits.,44,45.4,2.91,59,61.3,18,18.6,128,"{'rz': 17, 'cz': 17, 'rx': 12, 'sx': 12, 'rzz': 1}",10,10,0,C:\Users\szymon\QuditsOnQubits\QuditsOnQubits\basis_direct_encoding_benchmarks\quantum_circuits\two_qutrit\monomial_full__sup023_P021_ph202,C:\Users\szymon\QuditsOnQubits\QuditsOnQubits\basis_direct_encoding_benchmarks\quantum_circuits\two_qutrit\monomial_full__sup023_P021_ph202\F3_W.qpy,C:\Users\szymon\QuditsOnQubits\QuditsOnQubits\basis_direct_encoding_benchmarks\quantum_circuits\two_qutrit\monomial_full__sup023_P021_ph202\CZ3_W.qpy,C:\Users\szymon\QuditsOnQubits\QuditsOnQubits\basis_direct_encoding_benchmarks\quantum_circuits\two_qutrit\monomial_full__sup023_P021_ph202\graph_state_direct_basis.qpy,C:\Users\szymon\QuditsOnQubits\QuditsOnQubits\basis_direct_encoding_benchmarks\quantum_circuits\two_qutrit\monomial_full__sup023_P021_ph202\graph_state_direct_basis_transpiled.qpy,,C:\Users\szymon\QuditsOnQubits\QuditsOnQubits\basis_direct_encoding_benchmarks\quantum_circuits\two_qutrit\monomial_full__sup023_P021_ph202\E.npy
direct_basis_encoding,two_qutrit,two_qutrit,star,two_qutrit,2,2,4,sup023_P021_ph210,monomial,monomial_full,sup023_P021_ph210,False,True,18,40,58,44,,,0.972807,True,False,ok,,Converted from legacy E_new 4x3 isometry candidate.; Fidelity skipped because transpiled circuit has 128 qubits.,44,44.9,2.7,58,61.2,18,18.6,128,"{'cz': 17, 'rz': 16, 'sx': 12, 'rx': 12, 'rzz': 1}",10,10,0,C:\Users\szymon\QuditsOnQubits\QuditsOnQubits\basis_direct_encoding_benchmarks\quantum_circuits\two_qutrit\monomial_full__sup023_P021_ph210,C:\Users\szymon\QuditsOnQubits\QuditsOnQubits\basis_direct_encoding_benchmarks\quantum_circuits\two_qutrit\monomial_full__sup023_P021_ph210\F3_W.qpy,C:\Users\szymon\QuditsOnQubits\QuditsOnQubits\basis_direct_encoding_benchmarks\quantum_circuits\two_qutrit\monomial_full__sup023_P021_ph210\CZ3_W.qpy,C:\Users\szymon\QuditsOnQubits\QuditsOnQubits\basis_direct_encoding_benchmarks\quantum_circuits\two_qutrit\monomial_full__sup023_P021_ph210\graph_state_direct_basis.qpy,C:\Users\szymon\QuditsOnQubits\QuditsOnQubits\basis_direct_encoding_benchmarks\quantum_circuits\two_qutrit\monomial_full__sup023_P021_ph210\graph_state_direct_basis_transpiled.qpy,,C:\Users\szymon\QuditsOnQubits\QuditsOnQubits\basis_direct_encoding_benchmarks\quantum_circuits\two_qutrit\monomial_full__sup023_P021_ph210\E.npy
direct_basis_encoding,two_qutrit,two_qutrit,star,two_qutrit,2,2,4,sup023_P021_ph211,monomial,monomial_full,sup023_P021_ph211,False,True,18,36,54,42,,,0.880407,True,False,ok,,Converted from legacy E_new 4x3 isometry candidate.; Fidelity skipped because transpiled circuit has 128 qubits.,42,43.1,3.3,54,57.2,18,18.6,128,"{'cz': 17, 'sx': 12, 'rx': 12, 'rz': 12, 'rzz': 1}",10,10,0,C:\Users\szymon\QuditsOnQubits\QuditsOnQubits\basis_direct_encoding_benchmarks\quantum_circuits\two_qutrit\monomial_full__sup023_P021_ph211,C:\Users\szymon\QuditsOnQubits\QuditsOnQubits\basis_direct_encoding_benchmarks\quantum_circuits\two_qutrit\monomial_full__sup023_P021_ph211\F3_W.qpy,C:\Users\szymon\QuditsOnQubits\QuditsOnQubits\basis_direct_encoding_benchmarks\quantum_circuits\two_qutrit\monomial_full__sup023_P021_ph211\CZ3_W.qpy,C:\Users\szymon\QuditsOnQubits\QuditsOnQubits\basis_direct_encoding_benchmarks\quantum_circuits\two_qutrit\monomial_full__sup023_P021_ph211\graph_state_direct_basis.qpy,C:\Users\szymon\QuditsOnQubits\QuditsOnQubits\basis_direct_encoding_benchmarks\quantum_circuits\two_qutrit\monomial_full__sup023_P021_ph211\graph_state_direct_basis_transpiled.qpy,,C:\Users\szymon\QuditsOnQubits\QuditsOnQubits\basis_direct_encoding_benchmarks\quantum_circuits\two_qutrit\monomial_full__sup023_P021_ph211\E.npy
direct_basis_encoding,two_qutrit,two_qutrit,star,two_qutrit,2,2,4,sup023_P021_ph212,monomial,monomial_full,sup023_P021_ph212,False,True,18,39,57,44,,,0.941183,True,False,ok,,Converted from legacy E_new 4x3 isometry candidate.; Fidelity skipped because transpiled circuit has 128 qubits.,44,44.9,2.7,57,60.8,18,18.6,128,"{'cz': 17, 'rz': 16, 'sx': 12, 'rx': 11, 'rzz': 1}",10,10,0,C:\Users\szymon\QuditsOnQubits\QuditsOnQubits\basis_direct_encoding_benchmarks\quantum_circuits\two_qutrit\monomial_full__sup023_P021_ph212,C:\Users\szymon\QuditsOnQubits\QuditsOnQubits\basis_direct_encoding_benchmarks\quantum_circuits\two_qutrit\monomial_full__sup023_P021_ph212\F3_W.qpy,C:\Users\szymon\QuditsOnQubits\QuditsOnQubits\basis_direct_encoding_benchmarks\quantum_circuits\two_qutrit\monomial_full__sup023_P021_ph212\CZ3_W.qpy,C:\Users\szymon\QuditsOnQubits\QuditsOnQubits\basis_direct_encoding_benchmarks\quantum_circuits\two_qutrit\monomial_full__sup023_P021_ph212\graph_state_direct_basis.qpy,C:\Users\szymon\QuditsOnQubits\QuditsOnQubits\basis_direct_encoding_benchmarks\quantum_circuits\two_qutrit\monomial_full__sup023_P021_ph212\graph_state_direct_basis_transpiled.qpy,,C:\Users\szymon\QuditsOnQubits\QuditsOnQubits\basis_direct_encoding_benchmarks\quantum_circuits\two_qutrit\monomial_full__sup023_P021_ph212\E.npy
direct_basis_encoding,two_qutrit,two_qutrit,star,two_qutrit,2,2,4,sup023_P021_ph220,monomial,monomial_full,sup023_P021_ph220,False,True,18,41,59,44,,,0.854719,True,False,ok,,Converted from legacy E_new 4x3 isometry candidate.; Fidelity skipped because transpiled circuit has 128 qubits.,44,45.4,2.91,59,61.2,18,18.6,128,"{'rz': 17, 'cz': 17, 'rx': 12, 'sx': 12, 'rzz': 1}",10,10,0,C:\Users\szymon\QuditsOnQubits\QuditsOnQubits\basis_direct_encoding_benchmarks\quantum_circuits\two_qutrit\monomial_full__sup023_P021_ph220,C:\Users\szymon\QuditsOnQubits\QuditsOnQubits\basis_direct_encoding_benchmarks\quantum_circuits\two_qutrit\monomial_full__sup023_P021_ph220\F3_W.qpy,C:\Users\szymon\QuditsOnQubits\QuditsOnQubits\basis_direct_encoding_benchmarks\quantum_circuits\two_qutrit\monomial_full__sup023_P021_ph220\CZ3_W.qpy,C:\Users\szymon\QuditsOnQubits\QuditsOnQubits\basis_direct_encoding_benchmarks\quantum_circuits\two_qutrit\monomial_full__sup023_P021_ph220\graph_state_direct_basis.qpy,C:\Users\szymon\QuditsOnQubits\QuditsOnQubits\basis_direct_encoding_benchmarks\quantum_circuits\two_qutrit\monomial_full__sup023_P021_ph220\graph_state_direct_basis_transpiled.qpy,,C:\Users\szymon\QuditsOnQubits\QuditsOnQubits\basis_direct_encoding_benchmarks\quantum_circuits\two_qutrit\monomial_full__sup023_P021_ph220\E.npy
direct_basis_encoding,two_qutrit,two_qutrit,star,two_qutrit,2,2,4,sup023_P021_ph221,monomial,monomial_full,sup023_P021_ph221,False,True,18,38,56,43,,,0.845214,True,False,ok,,Converted from legacy E_new 4x3 isometry candidate.; Fidelity skipped because transpiled circuit has 128 qubits.,43,44.5,3.2,56,58.1,18,18.6,128,"{'cz': 17, 'rz': 14, 'rx': 12, 'sx': 12, 'rzz': 1}",10,10,0,C:\Users\szymon\QuditsOnQubits\QuditsOnQubits\basis_direct_encoding_benchmarks\quantum_circuits\two_qutrit\monomial_full__sup023_P021_ph221,C:\Users\szymon\QuditsOnQubits\QuditsOnQubits\basis_direct_encoding_benchmarks\quantum_circuits\two_qutrit\monomial_full__sup023_P021_ph221\F3_W.qpy,C:\Users\szymon\QuditsOnQubits\QuditsOnQubits\basis_direct_encoding_benchmarks\quantum_circuits\two_qutrit\monomial_full__sup023_P021_ph221\CZ3_W.qpy,C:\Users\szymon\QuditsOnQubits\QuditsOnQubits\basis_direct_encoding_benchmarks\quantum_circuits\two_qutrit\monomial_full__sup023_P021_ph221\graph_state_direct_basis.qpy,C:\Users\szymon\QuditsOnQubits\QuditsOnQubits\basis_direct_encoding_benchmarks\quantum_circuits\two_qutrit\monomial_full__sup023_P021_ph221\graph_state_direct_basis_transpiled.qpy,,C:\Users\szymon\QuditsOnQubits\QuditsOnQubits\basis_direct_encoding_benchmarks\quantum_circuits\two_qutrit\monomial_full__sup023_P021_ph221\E.npy
direct_basis_encoding,two_qutrit,two_qutrit,star,two_qutrit,2,2,4,sup023_P021_ph222,monomial,monomial_full,sup023_P021_ph222,False,True,18,40,58,43,,,0.933312,True,False,ok,,Converted from legacy E_new 4x3 isometry candidate.; Fidelity skipped because transpiled circuit has 128 qubits.,43,44.5,3.2,58,60.3,18,18.6,128,"{'cz': 17, 'rz': 16, 'rx': 12, 'sx': 12, 'rzz': 1}",10,10,0,C:\Users\szymon\QuditsOnQubits\QuditsOnQubits\basis_direct_encoding_benchmarks\quantum_circuits\two_qutrit\monomial_full__sup023_P021_ph222,C:\Users\szymon\QuditsOnQubits\QuditsOnQubits\basis_direct_encoding_benchmarks\quantum_circuits\two_qutrit\monomial_full__sup023_P021_ph222\F3_W.qpy,C:\Users\szymon\QuditsOnQubits\QuditsOnQubits\basis_direct_encoding_benchmarks\quantum_circuits\two_qutrit\monomial_full__sup023_P021_ph222\CZ3_W.qpy,C:\Users\szymon\QuditsOnQubits\QuditsOnQubits\basis_direct_encoding_benchmarks\quantum_circuits\two_qutrit\monomial_full__sup023_P021_ph222\graph_state_direct_basis.qpy,C:\Users\szymon\QuditsOnQubits\QuditsOnQubits\basis_direct_encoding_benchmarks\quantum_circuits\two_qutrit\monomial_full__sup023_P021_ph222\graph_state_direct_basis_transpiled.qpy,,C:\Users\szymon\QuditsOnQubits\QuditsOnQubits\basis_direct_encoding_benchmarks\quantum_circuits\two_qutrit\monomial_full__sup023_P021_ph222\E.npy
direct_basis_encoding,two_qutrit,two_qutrit,star,two_qutrit,2,2,4,sup023_P102_ph000,monomial,monomial_full,sup023_P102_ph000,False,True,16,35,51,40,,,0.751602,True,False,ok,,Converted from legacy E_new 4x3 isometry candidate.; Fidelity skipped because transpiled circuit has 128 qubits.,40,40.0,0.0,51,52.0,16,16.0,128,"{'cz': 15, 'sx': 12, 'rz': 12, 'rx': 11, 'rzz': 1}",10,10,0,C:\Users\szymon\QuditsOnQubits\QuditsOnQubits\basis_direct_encoding_benchmarks\quantum_circuits\two_qutrit\monomial_full__sup023_P102_ph000,C:\Users\szymon\QuditsOnQubits\QuditsOnQubits\basis_direct_encoding_benchmarks\quantum_circuits\two_qutrit\monomial_full__sup023_P102_ph000\F3_W.qpy,C:\Users\szymon\QuditsOnQubits\QuditsOnQubits\basis_direct_encoding_benchmarks\quantum_circuits\two_qutrit\monomial_full__sup023_P102_ph000\CZ3_W.qpy,C:\Users\szymon\QuditsOnQubits\QuditsOnQubits\basis_direct_encoding_benchmarks\quantum_circuits\two_qutrit\monomial_full__sup023_P102_ph000\graph_state_direct_basis.qpy,C:\Users\szymon\QuditsOnQubits\QuditsOnQubits\basis_direct_encoding_benchmarks\quantum_circuits\two_qutrit\monomial_full__sup023_P102_ph000\graph_state_direct_basis_transpiled.qpy,,C:\Users\szymon\QuditsOnQubits\QuditsOnQubits\basis_direct_encoding_benchmarks\quantum_circuits\two_qutrit\monomial_full__sup023_P102_ph000\E.npy
direct_basis_encoding,two_qutrit,two_qutrit,star,two_qutrit,2,2,4,sup023_P102_ph001,monomial,monomial_full,sup023_P102_ph001,False,True,16,39,55,42,,,0.8415,True,False,ok,,Converted from legacy E_new 4x3 isometry candidate.; Fidelity skipped because transpiled circuit has 128 qubits.,42,42.0,0.0,55,56.0,16,16.0,128,"{'rz': 16, 'cz': 15, 'sx': 12, 'rx': 11, 'rzz': 1}",10,10,0,C:\Users\szymon\QuditsOnQubits\QuditsOnQubits\basis_direct_encoding_benchmarks\quantum_circuits\two_qutrit\monomial_full__sup023_P102_ph001,C:\Users\szymon\QuditsOnQubits\QuditsOnQubits\basis_direct_encoding_benchmarks\quantum_circuits\two_qutrit\monomial_full__sup023_P102_ph001\F3_W.qpy,C:\Users\szymon\QuditsOnQubits\QuditsOnQubits\basis_direct_encoding_benchmarks\quantum_circuits\two_qutrit\monomial_full__sup023_P102_ph001\CZ3_W.qpy,C:\Users\szymon\QuditsOnQubits\QuditsOnQubits\basis_direct_encoding_benchmarks\quantum_circuits\two_qutrit\monomial_full__sup023_P102_ph001\graph_state_direct_basis.qpy,C:\Users\szymon\QuditsOnQubits\QuditsOnQubits\basis_direct_encoding_benchmarks\quantum_circuits\two_qutrit\monomial_full__sup023_P102_ph001\graph_state_direct_basis_transpiled.qpy,,C:\Users\szymon\QuditsOnQubits\QuditsOnQubits\basis_direct_encoding_benchmarks\quantum_circuits\two_qutrit\monomial_full__sup023_P102_ph001\E.npy
direct_basis_encoding,two_qutrit,two_qutrit,star,two_qutrit,2,2,4,sup023_P102_ph002,monomial,monomial_full,sup023_P102_ph002,False,True,16,40,56,42,,,0.800748,True,False,ok,,Converted from legacy E_new 4x3 isometry candidate.; Fidelity skipped because transpiled circuit has 128 qubits.,42,42.0,0.0,56,56.5,16,16.0,128,"{'rz': 16, 'cz': 15, 'sx': 12, 'rx': 12, 'rzz': 1}",10,10,0,C:\Users\szymon\QuditsOnQubits\QuditsOnQubits\basis_direct_encoding_benchmarks\quantum_circuits\two_qutrit\monomial_full__sup023_P102_ph002,C:\Users\szymon\QuditsOnQubits\QuditsOnQubits\basis_direct_encoding_benchmarks\quantum_circuits\two_qutrit\monomial_full__sup023_P102_ph002\F3_W.qpy,C:\Users\szymon\QuditsOnQubits\QuditsOnQubits\basis_direct_encoding_benchmarks\quantum_circuits\two_qutrit\monomial_full__sup023_P102_ph002\CZ3_W.qpy,C:\Users\szymon\QuditsOnQubits\QuditsOnQubits\basis_direct_encoding_benchmarks\quantum_circuits\two_qutrit\monomial_full__sup023_P102_ph002\graph_state_direct_basis.qpy,C:\Users\szymon\QuditsOnQubits\QuditsOnQubits\basis_direct_encoding_benchmarks\quantum_circuits\two_qutrit\monomial_full__sup023_P102_ph002\graph_state_direct_basis_transpiled.qpy,,C:\Users\szymon\QuditsOnQubits\QuditsOnQubits\basis_direct_encoding_benchmarks\quantum_circuits\two_qutrit\monomial_full__sup023_P102_ph002\E.npy
direct_basis_encoding,two_qutrit,two_qutrit,star,two_qutrit,2,2,4,sup023_P102_ph010,monomial,monomial_full,sup023_P102_ph010,False,True,16,38,54,41,,,0.888761,True,False,ok,,Converted from legacy E_new 4x3 isometry candidate.; Fidelity skipped because transpiled circuit has 128 qubits.,41,41.5,0.5,54,53.5,16,16.0,128,"{'cz': 15, 'rz': 14, 'rx': 12, 'sx': 12, 'rzz': 1}",10,10,0,C:\Users\szymon\QuditsOnQubits\QuditsOnQubits\basis_direct_encoding_benchmarks\quantum_circuits\two_qutrit\monomial_full__sup023_P102_ph010,C:\Users\szymon\QuditsOnQubits\QuditsOnQubits\basis_direct_encoding_benchmarks\quantum_circuits\two_qutrit\monomial_full__sup023_P102_ph010\F3_W.qpy,C:\Users\szymon\QuditsOnQubits\QuditsOnQubits\basis_direct_encoding_benchmarks\quantum_circuits\two_qutrit\monomial_full__sup023_P102_ph010\CZ3_W.qpy,C:\Users\szymon\QuditsOnQubits\QuditsOnQubits\basis_direct_encoding_benchmarks\quantum_circuits\two_qutrit\monomial_full__sup023_P102_ph010\graph_state_direct_basis.qpy,C:\Users\szymon\QuditsOnQubits\QuditsOnQubits\basis_direct_encoding_benchmarks\quantum_circuits\two_qutrit\monomial_full__sup023_P102_ph010\graph_state_direct_basis_transpiled.qpy,,C:\Users\szymon\QuditsOnQubits\QuditsOnQubits\basis_direct_encoding_benchmarks\quantum_circuits\two_qutrit\monomial_full__sup023_P102_ph010\E.npy
direct_basis_encoding,two_qutrit,two_qutrit,star,two_qutrit,2,2,4,sup023_P102_ph011,monomial,monomial_full,sup023_P102_ph011,False,True,16,40,56,41,,,0.831306,True,False,ok,,Converted from legacy E_new 4x3 isometry candidate.; Fidelity skipped because transpiled circuit has 128 qubits.,41,41.5,0.5,56,55.5,16,16.0,128,"{'rz': 16, 'cz': 15, 'rx': 12, 'sx': 12, 'rzz': 1}",10,10,0,C:\Users\szymon\QuditsOnQubits\QuditsOnQubits\basis_direct_encoding_benchmarks\quantum_circuits\two_qutrit\monomial_full__sup023_P102_ph011,C:\Users\szymon\QuditsOnQubits\QuditsOnQubits\basis_direct_encoding_benchmarks\quantum_circuits\two_qutrit\monomial_full__sup023_P102_ph011\F3_W.qpy,C:\Users\szymon\QuditsOnQubits\QuditsOnQubits\basis_direct_encoding_benchmarks\quantum_circuits\two_qutrit\monomial_full__sup023_P102_ph011\CZ3_W.qpy,C:\Users\szymon\QuditsOnQubits\QuditsOnQubits\basis_direct_encoding_benchmarks\quantum_circuits\two_qutrit\monomial_full__sup023_P102_ph011\graph_state_direct_basis.qpy,C:\Users\szymon\QuditsOnQubits\QuditsOnQubits\basis_direct_encoding_benchmarks\quantum_circuits\two_qutrit\monomial_full__sup023_P102_ph011\graph_state_direct_basis_transpiled.qpy,,C:\Users\szymon\QuditsOnQubits\QuditsOnQubits\basis_direct_encoding_benchmarks\quantum_circuits\two_qutrit\monomial_full__sup023_P102_ph011\E.npy
direct_basis_encoding,two_qutrit,two_qutrit,star,two_qutrit,2,2,4,sup023_P102_ph012,monomial,monomial_full,sup023_P102_ph012,False,True,16,41,57,42,,,0.821395,True,False,ok,,Converted from legacy E_new 4x3 isometry candidate.; Fidelity skipped because transpiled circuit has 128 qubits.,42,42.5,0.5,57,56.5,16,16.0,128,"{'rz': 17, 'cz': 15, 'rx': 12, 'sx': 12, 'rzz': 1}",10,10,0,C:\Users\szymon\QuditsOnQubits\QuditsOnQubits\basis_direct_encoding_benchmarks\quantum_circuits\two_qutrit\monomial_full__sup023_P102_ph012,C:\Users\szymon\QuditsOnQubits\QuditsOnQubits\basis_direct_encoding_benchmarks\quantum_circuits\two_qutrit\monomial_full__sup023_P102_ph012\F3_W.qpy,C:\Users\szymon\QuditsOnQubits\QuditsOnQubits\basis_direct_encoding_benchmarks\quantum_circuits\two_qutrit\monomial_full__sup023_P102_ph012\CZ3_W.qpy,C:\Users\szymon\QuditsOnQubits\QuditsOnQubits\basis_direct_encoding_benchmarks\quantum_circuits\two_qutrit\monomial_full__sup023_P102_ph012\graph_state_direct_basis.qpy,C:\Users\szymon\QuditsOnQubits\QuditsOnQubits\basis_direct_encoding_benchmarks\quantum_circuits\two_qutrit\monomial_full__sup023_P102_ph012\graph_state_direct_basis_transpiled.qpy,,C:\Users\szymon\QuditsOnQubits\QuditsOnQubits\basis_direct_encoding_benchmarks\quantum_circuits\two_qutrit\monomial_full__sup023_P102_ph012\E.npy
direct_basis_encoding,two_qutrit,two_qutrit,star,two_qutrit,2,2,4,sup023_P102_ph020,monomial,monomial_full,sup023_P102_ph020,False,True,16,38,54,41,,,0.938953,True,False,ok,,Converted from legacy E_new 4x3 isometry candidate.; Fidelity skipped because transpiled circuit has 128 qubits.,41,41.5,0.5,54,53.5,16,16.0,128,"{'cz': 15, 'rz': 14, 'rx': 12, 'sx': 12, 'rzz': 1}",10,10,0,C:\Users\szymon\QuditsOnQubits\QuditsOnQubits\basis_direct_encoding_benchmarks\quantum_circuits\two_qutrit\monomial_full__sup023_P102_ph020,C:\Users\szymon\QuditsOnQubits\QuditsOnQubits\basis_direct_encoding_benchmarks\quantum_circuits\two_qutrit\monomial_full__sup023_P102_ph020\F3_W.qpy,C:\Users\szymon\QuditsOnQubits\QuditsOnQubits\basis_direct_encoding_benchmarks\quantum_circuits\two_qutrit\monomial_full__sup023_P102_ph020\CZ3_W.qpy,C:\Users\szymon\QuditsOnQubits\QuditsOnQubits\basis_direct_encoding_benchmarks\quantum_circuits\two_qutrit\monomial_full__sup023_P102_ph020\graph_state_direct_basis.qpy,C:\Users\szymon\QuditsOnQubits\QuditsOnQubits\basis_direct_encoding_benchmarks\quantum_circuits\two_qutrit\monomial_full__sup023_P102_ph020\graph_state_direct_basis_transpiled.qpy,,C:\Users\szymon\QuditsOnQubits\QuditsOnQubits\basis_direct_encoding_benchmarks\quantum_circuits\two_qutrit\monomial_full__sup023_P102_ph020\E.npy
direct_basis_encoding,two_qutrit,two_qutrit,star,two_qutrit,2,2,4,sup023_P102_ph021,monomial,monomial_full,sup023_P102_ph021,False,True,16,41,57,42,,,1.090241,True,False,ok,,Converted from legacy E_new 4x3 isometry candidate.; Fidelity skipped because transpiled circuit has 128 qubits.,42,42.5,0.5,57,56.5,16,16.0,128,"{'rz': 17, 'cz': 15, 'rx': 12, 'sx': 12, 'rzz': 1}",10,10,0,C:\Users\szymon\QuditsOnQubits\QuditsOnQubits\basis_direct_encoding_benchmarks\quantum_circuits\two_qutrit\monomial_full__sup023_P102_ph021,C:\Users\szymon\QuditsOnQubits\QuditsOnQubits\basis_direct_encoding_benchmarks\quantum_circuits\two_qutrit\monomial_full__sup023_P102_ph021\F3_W.qpy,C:\Users\szymon\QuditsOnQubits\QuditsOnQubits\basis_direct_encoding_benchmarks\quantum_circuits\two_qutrit\monomial_full__sup023_P102_ph021\CZ3_W.qpy,C:\Users\szymon\QuditsOnQubits\QuditsOnQubits\basis_direct_encoding_benchmarks\quantum_circuits\two_qutrit\monomial_full__sup023_P102_ph021\graph_state_direct_basis.qpy,C:\Users\szymon\QuditsOnQubits\QuditsOnQubits\basis_direct_encoding_benchmarks\quantum_circuits\two_qutrit\monomial_full__sup023_P102_ph021\graph_state_direct_basis_transpiled.qpy,,C:\Users\szymon\QuditsOnQubits\QuditsOnQubits\basis_direct_encoding_benchmarks\quantum_circuits\two_qutrit\monomial_full__sup023_P102_ph021\E.npy
direct_basis_encoding,two_qutrit,two_qutrit,star,two_qutrit,2,2,4,sup023_P102_ph022,monomial,monomial_full,sup023_P102_ph022,False,True,16,40,56,41,,,0.695894,True,False,ok,,Converted from legacy E_new 4x3 isometry candidate.; Fidelity skipped because transpiled circuit has 128 qubits.,41,41.5,0.5,56,55.5,16,16.0,128,"{'rz': 16, 'cz': 15, 'rx': 12, 'sx': 12, 'rzz': 1}",10,10,0,C:\Users\szymon\QuditsOnQubits\QuditsOnQubits\basis_direct_encoding_benchmarks\quantum_circuits\two_qutrit\monomial_full__sup023_P102_ph022,C:\Users\szymon\QuditsOnQubits\QuditsOnQubits\basis_direct_encoding_benchmarks\quantum_circuits\two_qutrit\monomial_full__sup023_P102_ph022\F3_W.qpy,C:\Users\szymon\QuditsOnQubits\QuditsOnQubits\basis_direct_encoding_benchmarks\quantum_circuits\two_qutrit\monomial_full__sup023_P102_ph022\CZ3_W.qpy,C:\Users\szymon\QuditsOnQubits\QuditsOnQubits\basis_direct_encoding_benchmarks\quantum_circuits\two_qutrit\monomial_full__sup023_P102_ph022\graph_state_direct_basis.qpy,C:\Users\szymon\QuditsOnQubits\QuditsOnQubits\basis_direct_encoding_benchmarks\quantum_circuits\two_qutrit\monomial_full__sup023_P102_ph022\graph_state_direct_basis_transpiled.qpy,,C:\Users\szymon\QuditsOnQubits\QuditsOnQubits\basis_direct_encoding_benchmarks\quantum_circuits\two_qutrit\monomial_full__sup023_P102_ph022\E.npy
direct_basis_encoding,two_qutrit,two_qutrit,star,two_qutrit,2,2,4,sup023_P102_ph100,monomial,monomial_full,sup023_P102_ph100,False,True,16,40,56,41,,,1.024513,True,False,ok,,Converted from legacy E_new 4x3 isometry candidate.; Fidelity skipped because transpiled circuit has 128 qubits.,41,41.5,0.5,56,56.0,16,16.0,128,"{'rz': 16, 'cz': 15, 'rx': 12, 'sx': 12, 'rzz': 1}",10,10,0,C:\Users\szymon\QuditsOnQubits\QuditsOnQubits\basis_direct_encoding_benchmarks\quantum_circuits\two_qutrit\monomial_full__sup023_P102_ph100,C:\Users\szymon\QuditsOnQubits\QuditsOnQubits\basis_direct_encoding_benchmarks\quantum_circuits\two_qutrit\monomial_full__sup023_P102_ph100\F3_W.qpy,C:\Users\szymon\QuditsOnQubits\QuditsOnQubits\basis_direct_encoding_benchmarks\quantum_circuits\two_qutrit\monomial_full__sup023_P102_ph100\CZ3_W.qpy,C:\Users\szymon\QuditsOnQubits\QuditsOnQubits\basis_direct_encoding_benchmarks\quantum_circuits\two_qutrit\monomial_full__sup023_P102_ph100\graph_state_direct_basis.qpy,C:\Users\szymon\QuditsOnQubits\QuditsOnQubits\basis_direct_encoding_benchmarks\quantum_circuits\two_qutrit\monomial_full__sup023_P102_ph100\graph_state_direct_basis_transpiled.qpy,,C:\Users\szymon\QuditsOnQubits\QuditsOnQubits\basis_direct_encoding_benchmarks\quantum_circuits\two_qutrit\monomial_full__sup023_P102_ph100\E.npy
direct_basis_encoding,two_qutrit,two_qutrit,star,two_qutrit,2,2,4,sup023_P102_ph101,monomial,monomial_full,sup023_P102_ph101,False,True,16,41,57,42,,,0.867896,True,False,ok,,Converted from legacy E_new 4x3 isometry candidate.; Fidelity skipped because transpiled circuit has 128 qubits.,42,42.5,0.5,57,56.5,16,16.0,128,"{'rz': 17, 'cz': 15, 'rx': 12, 'sx': 12, 'rzz': 1}",10,10,0,C:\Users\szymon\QuditsOnQubits\QuditsOnQubits\basis_direct_encoding_benchmarks\quantum_circuits\two_qutrit\monomial_full__sup023_P102_ph101,C:\Users\szymon\QuditsOnQubits\QuditsOnQubits\basis_direct_encoding_benchmarks\quantum_circuits\two_qutrit\monomial_full__sup023_P102_ph101\F3_W.qpy,C:\Users\szymon\QuditsOnQubits\QuditsOnQubits\basis_direct_encoding_benchmarks\quantum_circuits\two_qutrit\monomial_full__sup023_P102_ph101\CZ3_W.qpy,C:\Users\szymon\QuditsOnQubits\QuditsOnQubits\basis_direct_encoding_benchmarks\quantum_circuits\two_qutrit\monomial_full__sup023_P102_ph101\graph_state_direct_basis.qpy,C:\Users\szymon\QuditsOnQubits\QuditsOnQubits\basis_direct_encoding_benchmarks\quantum_circuits\two_qutrit\monomial_full__sup023_P102_ph101\graph_state_direct_basis_transpiled.qpy,,C:\Users\szymon\QuditsOnQubits\QuditsOnQubits\basis_direct_encoding_benchmarks\quantum_circuits\two_qutrit\monomial_full__sup023_P102_ph101\E.npy
direct_basis_encoding,two_qutrit,two_qutrit,star,two_qutrit,2,2,4,sup023_P102_ph102,monomial,monomial_full,sup023_P102_ph102,False,True,16,38,54,41,,,1.053578,True,False,ok,,Converted from legacy E_new 4x3 isometry candidate.; Fidelity skipped because transpiled circuit has 128 qubits.,41,41.5,0.5,54,53.5,16,16.0,128,"{'cz': 15, 'rz': 14, 'rx': 12, 'sx': 12, 'rzz': 1}",10,10,0,C:\Users\szymon\QuditsOnQubits\QuditsOnQubits\basis_direct_encoding_benchmarks\quantum_circuits\two_qutrit\monomial_full__sup023_P102_ph102,C:\Users\szymon\QuditsOnQubits\QuditsOnQubits\basis_direct_encoding_benchmarks\quantum_circuits\two_qutrit\monomial_full__sup023_P102_ph102\F3_W.qpy,C:\Users\szymon\QuditsOnQubits\QuditsOnQubits\basis_direct_encoding_benchmarks\quantum_circuits\two_qutrit\monomial_full__sup023_P102_ph102\CZ3_W.qpy,C:\Users\szymon\QuditsOnQubits\QuditsOnQubits\basis_direct_encoding_benchmarks\quantum_circuits\two_qutrit\monomial_full__sup023_P102_ph102\graph_state_direct_basis.qpy,C:\Users\szymon\QuditsOnQubits\QuditsOnQubits\basis_direct_encoding_benchmarks\quantum_circuits\two_qutrit\monomial_full__sup023_P102_ph102\graph_state_direct_basis_transpiled.qpy,,C:\Users\szymon\QuditsOnQubits\QuditsOnQubits\basis_direct_encoding_benchmarks\quantum_circuits\two_qutrit\monomial_full__sup023_P102_ph102\E.npy
direct_basis_encoding,two_qutrit,two_qutrit,star,two_qutrit,2,2,4,sup023_P102_ph110,monomial,monomial_full,sup023_P102_ph110,False,True,16,41,57,42,,,1.118702,True,False,ok,,Converted from legacy E_new 4x3 isometry candidate.; Fidelity skipped because transpiled circuit has 128 qubits.,42,42.5,0.5,57,57.0,16,16.0,128,"{'rz': 17, 'cz': 15, 'rx': 12, 'sx': 12, 'rzz': 1}",10,10,0,C:\Users\szymon\QuditsOnQubits\QuditsOnQubits\basis_direct_encoding_benchmarks\quantum_circuits\two_qutrit\monomial_full__sup023_P102_ph110,C:\Users\szymon\QuditsOnQubits\QuditsOnQubits\basis_direct_encoding_benchmarks\quantum_circuits\two_qutrit\monomial_full__sup023_P102_ph110\F3_W.qpy,C:\Users\szymon\QuditsOnQubits\QuditsOnQubits\basis_direct_encoding_benchmarks\quantum_circuits\two_qutrit\monomial_full__sup023_P102_ph110\CZ3_W.qpy,C:\Users\szymon\QuditsOnQubits\QuditsOnQubits\basis_direct_encoding_benchmarks\quantum_circuits\two_qutrit\monomial_full__sup023_P102_ph110\graph_state_direct_basis.qpy,C:\Users\szymon\QuditsOnQubits\QuditsOnQubits\basis_direct_encoding_benchmarks\quantum_circuits\two_qutrit\monomial_full__sup023_P102_ph110\graph_state_direct_basis_transpiled.qpy,,C:\Users\szymon\QuditsOnQubits\QuditsOnQubits\basis_direct_encoding_benchmarks\quantum_circuits\two_qutrit\monomial_full__sup023_P102_ph110\E.npy
direct_basis_encoding,two_qutrit,two_qutrit,star,two_qutrit,2,2,4,sup023_P102_ph111,monomial,monomial_full,sup023_P102_ph111,False,True,16,40,56,41,,,0.736673,True,False,ok,,Converted from legacy E_new 4x3 isometry candidate.; Fidelity skipped because transpiled circuit has 128 qubits.,41,41.5,0.5,56,55.5,16,16.0,128,"{'rz': 16, 'cz': 15, 'rx': 12, 'sx': 12, 'rzz': 1}",10,10,0,C:\Users\szymon\QuditsOnQubits\QuditsOnQubits\basis_direct_encoding_benchmarks\quantum_circuits\two_qutrit\monomial_full__sup023_P102_ph111,C:\Users\szymon\QuditsOnQubits\QuditsOnQubits\basis_direct_encoding_benchmarks\quantum_circuits\two_qutrit\monomial_full__sup023_P102_ph111\F3_W.qpy,C:\Users\szymon\QuditsOnQubits\QuditsOnQubits\basis_direct_encoding_benchmarks\quantum_circuits\two_qutrit\monomial_full__sup023_P102_ph111\CZ3_W.qpy,C:\Users\szymon\QuditsOnQubits\QuditsOnQubits\basis_direct_encoding_benchmarks\quantum_circuits\two_qutrit\monomial_full__sup023_P102_ph111\graph_state_direct_basis.qpy,C:\Users\szymon\QuditsOnQubits\QuditsOnQubits\basis_direct_encoding_benchmarks\quantum_circuits\two_qutrit\monomial_full__sup023_P102_ph111\graph_state_direct_basis_transpiled.qpy,,C:\Users\szymon\QuditsOnQubits\QuditsOnQubits\basis_direct_encoding_benchmarks\quantum_circuits\two_qutrit\monomial_full__sup023_P102_ph111\E.npy
direct_basis_encoding,two_qutrit,two_qutrit,star,two_qutrit,2,2,4,sup023_P102_ph112,monomial,monomial_full,sup023_P102_ph112,False,True,16,38,54,41,,,0.740498,True,False,ok,,Converted from legacy E_new 4x3 isometry candidate.; Fidelity skipped because transpiled circuit has 128 qubits.,41,41.5,0.5,54,54.0,16,16.0,128,"{'cz': 15, 'rz': 14, 'rx': 12, 'sx': 12, 'rzz': 1}",10,10,0,C:\Users\szymon\QuditsOnQubits\QuditsOnQubits\basis_direct_encoding_benchmarks\quantum_circuits\two_qutrit\monomial_full__sup023_P102_ph112,C:\Users\szymon\QuditsOnQubits\QuditsOnQubits\basis_direct_encoding_benchmarks\quantum_circuits\two_qutrit\monomial_full__sup023_P102_ph112\F3_W.qpy,C:\Users\szymon\QuditsOnQubits\QuditsOnQubits\basis_direct_encoding_benchmarks\quantum_circuits\two_qutrit\monomial_full__sup023_P102_ph112\CZ3_W.qpy,C:\Users\szymon\QuditsOnQubits\QuditsOnQubits\basis_direct_encoding_benchmarks\quantum_circuits\two_qutrit\monomial_full__sup023_P102_ph112\graph_state_direct_basis.qpy,C:\Users\szymon\QuditsOnQubits\QuditsOnQubits\basis_direct_encoding_benchmarks\quantum_circuits\two_qutrit\monomial_full__sup023_P102_ph112\graph_state_direct_basis_transpiled.qpy,,C:\Users\szymon\QuditsOnQubits\QuditsOnQubits\basis_direct_encoding_benchmarks\quantum_circuits\two_qutrit\monomial_full__sup023_P102_ph112\E.npy
direct_basis_encoding,two_qutrit,two_qutrit,star,two_qutrit,2,2,4,sup023_P102_ph120,monomial,monomial_full,sup023_P102_ph120,False,True,16,40,56,42,,,0.950413,True,False,ok,,Converted from legacy E_new 4x3 isometry candidate.; Fidelity skipped because transpiled circuit has 128 qubits.,42,42.0,0.0,56,56.5,16,16.0,128,"{'rz': 16, 'cz': 15, 'sx': 12, 'rx': 12, 'rzz': 1}",10,10,0,C:\Users\szymon\QuditsOnQubits\QuditsOnQubits\basis_direct_encoding_benchmarks\quantum_circuits\two_qutrit\monomial_full__sup023_P102_ph120,C:\Users\szymon\QuditsOnQubits\QuditsOnQubits\basis_direct_encoding_benchmarks\quantum_circuits\two_qutrit\monomial_full__sup023_P102_ph120\F3_W.qpy,C:\Users\szymon\QuditsOnQubits\QuditsOnQubits\basis_direct_encoding_benchmarks\quantum_circuits\two_qutrit\monomial_full__sup023_P102_ph120\CZ3_W.qpy,C:\Users\szymon\QuditsOnQubits\QuditsOnQubits\basis_direct_encoding_benchmarks\quantum_circuits\two_qutrit\monomial_full__sup023_P102_ph120\graph_state_direct_basis.qpy,C:\Users\szymon\QuditsOnQubits\QuditsOnQubits\basis_direct_encoding_benchmarks\quantum_circuits\two_qutrit\monomial_full__sup023_P102_ph120\graph_state_direct_basis_transpiled.qpy,,C:\Users\szymon\QuditsOnQubits\QuditsOnQubits\basis_direct_encoding_benchmarks\quantum_circuits\two_qutrit\monomial_full__sup023_P102_ph120\E.npy
direct_basis_encoding,two_qutrit,two_qutrit,star,two_qutrit,2,2,4,sup023_P102_ph121,monomial,monomial_full,sup023_P102_ph121,False,True,16,39,55,42,,,0.875066,True,False,ok,,Converted from legacy E_new 4x3 isometry candidate.; Fidelity skipped because transpiled circuit has 128 qubits.,42,42.0,0.0,55,56.0,16,16.0,128,"{'rz': 16, 'cz': 15, 'sx': 12, 'rx': 11, 'rzz': 1}",10,10,0,C:\Users\szymon\QuditsOnQubits\QuditsOnQubits\basis_direct_encoding_benchmarks\quantum_circuits\two_qutrit\monomial_full__sup023_P102_ph121,C:\Users\szymon\QuditsOnQubits\QuditsOnQubits\basis_direct_encoding_benchmarks\quantum_circuits\two_qutrit\monomial_full__sup023_P102_ph121\F3_W.qpy,C:\Users\szymon\QuditsOnQubits\QuditsOnQubits\basis_direct_encoding_benchmarks\quantum_circuits\two_qutrit\monomial_full__sup023_P102_ph121\CZ3_W.qpy,C:\Users\szymon\QuditsOnQubits\QuditsOnQubits\basis_direct_encoding_benchmarks\quantum_circuits\two_qutrit\monomial_full__sup023_P102_ph121\graph_state_direct_basis.qpy,C:\Users\szymon\QuditsOnQubits\QuditsOnQubits\basis_direct_encoding_benchmarks\quantum_circuits\two_qutrit\monomial_full__sup023_P102_ph121\graph_state_direct_basis_transpiled.qpy,,C:\Users\szymon\QuditsOnQubits\QuditsOnQubits\basis_direct_encoding_benchmarks\quantum_circuits\two_qutrit\monomial_full__sup023_P102_ph121\E.npy
direct_basis_encoding,two_qutrit,two_qutrit,star,two_qutrit,2,2,4,sup023_P102_ph122,monomial,monomial_full,sup023_P102_ph122,False,True,16,36,52,40,,,0.926655,True,False,ok,,Converted from legacy E_new 4x3 isometry candidate.; Fidelity skipped because transpiled circuit has 128 qubits.,40,40.0,0.0,52,52.5,16,16.0,128,"{'cz': 15, 'sx': 12, 'rx': 12, 'rz': 12, 'rzz': 1}",10,10,0,C:\Users\szymon\QuditsOnQubits\QuditsOnQubits\basis_direct_encoding_benchmarks\quantum_circuits\two_qutrit\monomial_full__sup023_P102_ph122,C:\Users\szymon\QuditsOnQubits\QuditsOnQubits\basis_direct_encoding_benchmarks\quantum_circuits\two_qutrit\monomial_full__sup023_P102_ph122\F3_W.qpy,C:\Users\szymon\QuditsOnQubits\QuditsOnQubits\basis_direct_encoding_benchmarks\quantum_circuits\two_qutrit\monomial_full__sup023_P102_ph122\CZ3_W.qpy,C:\Users\szymon\QuditsOnQubits\QuditsOnQubits\basis_direct_encoding_benchmarks\quantum_circuits\two_qutrit\monomial_full__sup023_P102_ph122\graph_state_direct_basis.qpy,C:\Users\szymon\QuditsOnQubits\QuditsOnQubits\basis_direct_encoding_benchmarks\quantum_circuits\two_qutrit\monomial_full__sup023_P102_ph122\graph_state_direct_basis_transpiled.qpy,,C:\Users\szymon\QuditsOnQubits\QuditsOnQubits\basis_direct_encoding_benchmarks\quantum_circuits\two_qutrit\monomial_full__sup023_P102_ph122\E.npy
direct_basis_encoding,two_qutrit,two_qutrit,star,two_qutrit,2,2,4,sup023_P102_ph200,monomial,monomial_full,sup023_P102_ph200,False,True,16,40,56,41,,,0.828327,True,False,ok,,Converted from legacy E_new 4x3 isometry candidate.; Fidelity skipped because transpiled circuit has 128 qubits.,41,41.5,0.5,56,55.5,16,16.0,128,"{'rz': 16, 'cz': 15, 'rx': 12, 'sx': 12, 'rzz': 1}",10,10,0,C:\Users\szymon\QuditsOnQubits\QuditsOnQubits\basis_direct_encoding_benchmarks\quantum_circuits\two_qutrit\monomial_full__sup023_P102_ph200,C:\Users\szymon\QuditsOnQubits\QuditsOnQubits\basis_direct_encoding_benchmarks\quantum_circuits\two_qutrit\monomial_full__sup023_P102_ph200\F3_W.qpy,C:\Users\szymon\QuditsOnQubits\QuditsOnQubits\basis_direct_encoding_benchmarks\quantum_circuits\two_qutrit\monomial_full__sup023_P102_ph200\CZ3_W.qpy,C:\Users\szymon\QuditsOnQubits\QuditsOnQubits\basis_direct_encoding_benchmarks\quantum_circuits\two_qutrit\monomial_full__sup023_P102_ph200\graph_state_direct_basis.qpy,C:\Users\szymon\QuditsOnQubits\QuditsOnQubits\basis_direct_encoding_benchmarks\quantum_circuits\two_qutrit\monomial_full__sup023_P102_ph200\graph_state_direct_basis_transpiled.qpy,,C:\Users\szymon\QuditsOnQubits\QuditsOnQubits\basis_direct_encoding_benchmarks\quantum_circuits\two_qutrit\monomial_full__sup023_P102_ph200\E.npy
direct_basis_encoding,two_qutrit,two_qutrit,star,two_qutrit,2,2,4,sup023_P102_ph201,monomial,monomial_full,sup023_P102_ph201,False,True,16,38,54,41,,,0.913628,True,False,ok,,Converted from legacy E_new 4x3 isometry candidate.; Fidelity skipped because transpiled circuit has 128 qubits.,41,41.5,0.5,54,53.5,16,16.0,128,"{'cz': 15, 'rz': 14, 'rx': 12, 'sx': 12, 'rzz': 1}",10,10,0,C:\Users\szymon\QuditsOnQubits\QuditsOnQubits\basis_direct_encoding_benchmarks\quantum_circuits\two_qutrit\monomial_full__sup023_P102_ph201,C:\Users\szymon\QuditsOnQubits\QuditsOnQubits\basis_direct_encoding_benchmarks\quantum_circuits\two_qutrit\monomial_full__sup023_P102_ph201\F3_W.qpy,C:\Users\szymon\QuditsOnQubits\QuditsOnQubits\basis_direct_encoding_benchmarks\quantum_circuits\two_qutrit\monomial_full__sup023_P102_ph201\CZ3_W.qpy,C:\Users\szymon\QuditsOnQubits\QuditsOnQubits\basis_direct_encoding_benchmarks\quantum_circuits\two_qutrit\monomial_full__sup023_P102_ph201\graph_state_direct_basis.qpy,C:\Users\szymon\QuditsOnQubits\QuditsOnQubits\basis_direct_encoding_benchmarks\quantum_circuits\two_qutrit\monomial_full__sup023_P102_ph201\graph_state_direct_basis_transpiled.qpy,,C:\Users\szymon\QuditsOnQubits\QuditsOnQubits\basis_direct_encoding_benchmarks\quantum_circuits\two_qutrit\monomial_full__sup023_P102_ph201\E.npy
direct_basis_encoding,two_qutrit,two_qutrit,star,two_qutrit,2,2,4,sup023_P102_ph202,monomial,monomial_full,sup023_P102_ph202,False,True,16,41,57,42,,,0.988866,True,False,ok,,Converted from legacy E_new 4x3 isometry candidate.; Fidelity skipped because transpiled circuit has 128 qubits.,42,42.5,0.5,57,56.5,16,16.0,128,"{'rz': 17, 'cz': 15, 'rx': 12, 'sx': 12, 'rzz': 1}",10,10,0,C:\Users\szymon\QuditsOnQubits\QuditsOnQubits\basis_direct_encoding_benchmarks\quantum_circuits\two_qutrit\monomial_full__sup023_P102_ph202,C:\Users\szymon\QuditsOnQubits\QuditsOnQubits\basis_direct_encoding_benchmarks\quantum_circuits\two_qutrit\monomial_full__sup023_P102_ph202\F3_W.qpy,C:\Users\szymon\QuditsOnQubits\QuditsOnQubits\basis_direct_encoding_benchmarks\quantum_circuits\two_qutrit\monomial_full__sup023_P102_ph202\CZ3_W.qpy,C:\Users\szymon\QuditsOnQubits\QuditsOnQubits\basis_direct_encoding_benchmarks\quantum_circuits\two_qutrit\monomial_full__sup023_P102_ph202\graph_state_direct_basis.qpy,C:\Users\szymon\QuditsOnQubits\QuditsOnQubits\basis_direct_encoding_benchmarks\quantum_circuits\two_qutrit\monomial_full__sup023_P102_ph202\graph_state_direct_basis_transpiled.qpy,,C:\Users\szymon\QuditsOnQubits\QuditsOnQubits\basis_direct_encoding_benchmarks\quantum_circuits\two_qutrit\monomial_full__sup023_P102_ph202\E.npy
direct_basis_encoding,two_qutrit,two_qutrit,star,two_qutrit,2,2,4,sup023_P102_ph210,monomial,monomial_full,sup023_P102_ph210,False,True,16,40,56,42,,,1.020977,True,False,ok,,Converted from legacy E_new 4x3 isometry candidate.; Fidelity skipped because transpiled circuit has 128 qubits.,42,42.0,0.0,56,56.5,16,16.0,128,"{'rz': 16, 'cz': 15, 'sx': 12, 'rx': 12, 'rzz': 1}",10,10,0,C:\Users\szymon\QuditsOnQubits\QuditsOnQubits\basis_direct_encoding_benchmarks\quantum_circuits\two_qutrit\monomial_full__sup023_P102_ph210,C:\Users\szymon\QuditsOnQubits\QuditsOnQubits\basis_direct_encoding_benchmarks\quantum_circuits\two_qutrit\monomial_full__sup023_P102_ph210\F3_W.qpy,C:\Users\szymon\QuditsOnQubits\QuditsOnQubits\basis_direct_encoding_benchmarks\quantum_circuits\two_qutrit\monomial_full__sup023_P102_ph210\CZ3_W.qpy,C:\Users\szymon\QuditsOnQubits\QuditsOnQubits\basis_direct_encoding_benchmarks\quantum_circuits\two_qutrit\monomial_full__sup023_P102_ph210\graph_state_direct_basis.qpy,C:\Users\szymon\QuditsOnQubits\QuditsOnQubits\basis_direct_encoding_benchmarks\quantum_circuits\two_qutrit\monomial_full__sup023_P102_ph210\graph_state_direct_basis_transpiled.qpy,,C:\Users\szymon\QuditsOnQubits\QuditsOnQubits\basis_direct_encoding_benchmarks\quantum_circuits\two_qutrit\monomial_full__sup023_P102_ph210\E.npy
direct_basis_encoding,two_qutrit,two_qutrit,star,two_qutrit,2,2,4,sup023_P102_ph211,monomial,monomial_full,sup023_P102_ph211,False,True,16,36,52,40,,,0.968821,True,False,ok,,Converted from legacy E_new 4x3 isometry candidate.; Fidelity skipped because transpiled circuit has 128 qubits.,40,40.0,0.0,52,52.5,16,16.0,128,"{'cz': 15, 'sx': 12, 'rx': 12, 'rz': 12, 'rzz': 1}",10,10,0,C:\Users\szymon\QuditsOnQubits\QuditsOnQubits\basis_direct_encoding_benchmarks\quantum_circuits\two_qutrit\monomial_full__sup023_P102_ph211,C:\Users\szymon\QuditsOnQubits\QuditsOnQubits\basis_direct_encoding_benchmarks\quantum_circuits\two_qutrit\monomial_full__sup023_P102_ph211\F3_W.qpy,C:\Users\szymon\QuditsOnQubits\QuditsOnQubits\basis_direct_encoding_benchmarks\quantum_circuits\two_qutrit\monomial_full__sup023_P102_ph211\CZ3_W.qpy,C:\Users\szymon\QuditsOnQubits\QuditsOnQubits\basis_direct_encoding_benchmarks\quantum_circuits\two_qutrit\monomial_full__sup023_P102_ph211\graph_state_direct_basis.qpy,C:\Users\szymon\QuditsOnQubits\QuditsOnQubits\basis_direct_encoding_benchmarks\quantum_circuits\two_qutrit\monomial_full__sup023_P102_ph211\graph_state_direct_basis_transpiled.qpy,,C:\Users\szymon\QuditsOnQubits\QuditsOnQubits\basis_direct_encoding_benchmarks\quantum_circuits\two_qutrit\monomial_full__sup023_P102_ph211\E.npy
direct_basis_encoding,two_qutrit,two_qutrit,star,two_qutrit,2,2,4,sup023_P102_ph212,monomial,monomial_full,sup023_P102_ph212,False,True,16,39,55,42,,,0.848406,True,False,ok,,Converted from legacy E_new 4x3 isometry candidate.; Fidelity skipped because transpiled circuit has 128 qubits.,42,42.0,0.0,55,56.0,16,16.0,128,"{'rz': 16, 'cz': 15, 'sx': 12, 'rx': 11, 'rzz': 1}",10,10,0,C:\Users\szymon\QuditsOnQubits\QuditsOnQubits\basis_direct_encoding_benchmarks\quantum_circuits\two_qutrit\monomial_full__sup023_P102_ph212,C:\Users\szymon\QuditsOnQubits\QuditsOnQubits\basis_direct_encoding_benchmarks\quantum_circuits\two_qutrit\monomial_full__sup023_P102_ph212\F3_W.qpy,C:\Users\szymon\QuditsOnQubits\QuditsOnQubits\basis_direct_encoding_benchmarks\quantum_circuits\two_qutrit\monomial_full__sup023_P102_ph212\CZ3_W.qpy,C:\Users\szymon\QuditsOnQubits\QuditsOnQubits\basis_direct_encoding_benchmarks\quantum_circuits\two_qutrit\monomial_full__sup023_P102_ph212\graph_state_direct_basis.qpy,C:\Users\szymon\QuditsOnQubits\QuditsOnQubits\basis_direct_encoding_benchmarks\quantum_circuits\two_qutrit\monomial_full__sup023_P102_ph212\graph_state_direct_basis_transpiled.qpy,,C:\Users\szymon\QuditsOnQubits\QuditsOnQubits\basis_direct_encoding_benchmarks\quantum_circuits\two_qutrit\monomial_full__sup023_P102_ph212\E.npy
direct_basis_encoding,two_qutrit,two_qutrit,star,two_qutrit,2,2,4,sup023_P102_ph220,monomial,monomial_full,sup023_P102_ph220,False,True,16,41,57,42,,,0.954426,True,False,ok,,Converted from legacy E_new 4x3 isometry candidate.; Fidelity skipped because transpiled circuit has 128 qubits.,42,42.5,0.5,57,56.5,16,16.0,128,"{'rz': 17, 'cz': 15, 'rx': 12, 'sx': 12, 'rzz': 1}",10,10,0,C:\Users\szymon\QuditsOnQubits\QuditsOnQubits\basis_direct_encoding_benchmarks\quantum_circuits\two_qutrit\monomial_full__sup023_P102_ph220,C:\Users\szymon\QuditsOnQubits\QuditsOnQubits\basis_direct_encoding_benchmarks\quantum_circuits\two_qutrit\monomial_full__sup023_P102_ph220\F3_W.qpy,C:\Users\szymon\QuditsOnQubits\QuditsOnQubits\basis_direct_encoding_benchmarks\quantum_circuits\two_qutrit\monomial_full__sup023_P102_ph220\CZ3_W.qpy,C:\Users\szymon\QuditsOnQubits\QuditsOnQubits\basis_direct_encoding_benchmarks\quantum_circuits\two_qutrit\monomial_full__sup023_P102_ph220\graph_state_direct_basis.qpy,C:\Users\szymon\QuditsOnQubits\QuditsOnQubits\basis_direct_encoding_benchmarks\quantum_circuits\two_qutrit\monomial_full__sup023_P102_ph220\graph_state_direct_basis_transpiled.qpy,,C:\Users\szymon\QuditsOnQubits\QuditsOnQubits\basis_direct_encoding_benchmarks\quantum_circuits\two_qutrit\monomial_full__sup023_P102_ph220\E.npy
direct_basis_encoding,two_qutrit,two_qutrit,star,two_qutrit,2,2,4,sup023_P102_ph221,monomial,monomial_full,sup023_P102_ph221,False,True,16,38,54,41,,,0.947567,True,False,ok,,Converted from legacy E_new 4x3 isometry candidate.; Fidelity skipped because transpiled circuit has 128 qubits.,41,41.5,0.5,54,53.5,16,16.0,128,"{'cz': 15, 'rz': 14, 'rx': 12, 'sx': 12, 'rzz': 1}",10,10,0,C:\Users\szymon\QuditsOnQubits\QuditsOnQubits\basis_direct_encoding_benchmarks\quantum_circuits\two_qutrit\monomial_full__sup023_P102_ph221,C:\Users\szymon\QuditsOnQubits\QuditsOnQubits\basis_direct_encoding_benchmarks\quantum_circuits\two_qutrit\monomial_full__sup023_P102_ph221\F3_W.qpy,C:\Users\szymon\QuditsOnQubits\QuditsOnQubits\basis_direct_encoding_benchmarks\quantum_circuits\two_qutrit\monomial_full__sup023_P102_ph221\CZ3_W.qpy,C:\Users\szymon\QuditsOnQubits\QuditsOnQubits\basis_direct_encoding_benchmarks\quantum_circuits\two_qutrit\monomial_full__sup023_P102_ph221\graph_state_direct_basis.qpy,C:\Users\szymon\QuditsOnQubits\QuditsOnQubits\basis_direct_encoding_benchmarks\quantum_circuits\two_qutrit\monomial_full__sup023_P102_ph221\graph_state_direct_basis_transpiled.qpy,,C:\Users\szymon\QuditsOnQubits\QuditsOnQubits\basis_direct_encoding_benchmarks\quantum_circuits\two_qutrit\monomial_full__sup023_P102_ph221\E.npy
direct_basis_encoding,two_qutrit,two_qutrit,star,two_qutrit,2,2,4,sup023_P102_ph222,monomial,monomial_full,sup023_P102_ph222,False,True,16,40,56,41,,,0.967646,True,False,ok,,Converted from legacy E_new 4x3 isometry candidate.; Fidelity skipped because transpiled circuit has 128 qubits.,41,41.5,0.5,56,55.5,16,16.0,128,"{'rz': 16, 'cz': 15, 'rx': 12, 'sx': 12, 'rzz': 1}",10,10,0,C:\Users\szymon\QuditsOnQubits\QuditsOnQubits\basis_direct_encoding_benchmarks\quantum_circuits\two_qutrit\monomial_full__sup023_P102_ph222,C:\Users\szymon\QuditsOnQubits\QuditsOnQubits\basis_direct_encoding_benchmarks\quantum_circuits\two_qutrit\monomial_full__sup023_P102_ph222\F3_W.qpy,C:\Users\szymon\QuditsOnQubits\QuditsOnQubits\basis_direct_encoding_benchmarks\quantum_circuits\two_qutrit\monomial_full__sup023_P102_ph222\CZ3_W.qpy,C:\Users\szymon\QuditsOnQubits\QuditsOnQubits\basis_direct_encoding_benchmarks\quantum_circuits\two_qutrit\monomial_full__sup023_P102_ph222\graph_state_direct_basis.qpy,C:\Users\szymon\QuditsOnQubits\QuditsOnQubits\basis_direct_encoding_benchmarks\quantum_circuits\two_qutrit\monomial_full__sup023_P102_ph222\graph_state_direct_basis_transpiled.qpy,,C:\Users\szymon\QuditsOnQubits\QuditsOnQubits\basis_direct_encoding_benchmarks\quantum_circuits\two_qutrit\monomial_full__sup023_P102_ph222\E.npy
direct_basis_encoding,two_qutrit,two_qutrit,star,two_qutrit,2,2,4,sup023_P120_ph000,monomial,monomial_full,sup023_P120_ph000,False,True,17,40,57,41,,,1.056636,True,False,ok,,Converted from legacy E_new 4x3 isometry candidate.; Fidelity skipped because transpiled circuit has 128 qubits.,41,45.1,3.88,57,62.5,17,18.5,128,"{'rz': 15, 'cz': 14, 'sx': 13, 'rx': 12, 'rzz': 3}",10,10,0,C:\Users\szymon\QuditsOnQubits\QuditsOnQubits\basis_direct_encoding_benchmarks\quantum_circuits\two_qutrit\monomial_full__sup023_P120_ph000,C:\Users\szymon\QuditsOnQubits\QuditsOnQubits\basis_direct_encoding_benchmarks\quantum_circuits\two_qutrit\monomial_full__sup023_P120_ph000\F3_W.qpy,C:\Users\szymon\QuditsOnQubits\QuditsOnQubits\basis_direct_encoding_benchmarks\quantum_circuits\two_qutrit\monomial_full__sup023_P120_ph000\CZ3_W.qpy,C:\Users\szymon\QuditsOnQubits\QuditsOnQubits\basis_direct_encoding_benchmarks\quantum_circuits\two_qutrit\monomial_full__sup023_P120_ph000\graph_state_direct_basis.qpy,C:\Users\szymon\QuditsOnQubits\QuditsOnQubits\basis_direct_encoding_benchmarks\quantum_circuits\two_qutrit\monomial_full__sup023_P120_ph000\graph_state_direct_basis_transpiled.qpy,,C:\Users\szymon\QuditsOnQubits\QuditsOnQubits\basis_direct_encoding_benchmarks\quantum_circuits\two_qutrit\monomial_full__sup023_P120_ph000\E.npy
direct_basis_encoding,two_qutrit,two_qutrit,star,two_qutrit,2,2,4,sup023_P120_ph001,monomial,monomial_full,sup023_P120_ph001,False,True,17,46,63,43,,,1.049279,True,False,ok,,Converted from legacy E_new 4x3 isometry candidate.; Fidelity skipped because transpiled circuit has 128 qubits.,43,46.6,3.29,63,67.9,17,18.5,128,"{'rz': 20, 'cz': 14, 'sx': 13, 'rx': 13, 'rzz': 3}",10,10,0,C:\Users\szymon\QuditsOnQubits\QuditsOnQubits\basis_direct_encoding_benchmarks\quantum_circuits\two_qutrit\monomial_full__sup023_P120_ph001,C:\Users\szymon\QuditsOnQubits\QuditsOnQubits\basis_direct_encoding_benchmarks\quantum_circuits\two_qutrit\monomial_full__sup023_P120_ph001\F3_W.qpy,C:\Users\szymon\QuditsOnQubits\QuditsOnQubits\basis_direct_encoding_benchmarks\quantum_circuits\two_qutrit\monomial_full__sup023_P120_ph001\CZ3_W.qpy,C:\Users\szymon\QuditsOnQubits\QuditsOnQubits\basis_direct_encoding_benchmarks\quantum_circuits\two_qutrit\monomial_full__sup023_P120_ph001\graph_state_direct_basis.qpy,C:\Users\szymon\QuditsOnQubits\QuditsOnQubits\basis_direct_encoding_benchmarks\quantum_circuits\two_qutrit\monomial_full__sup023_P120_ph001\graph_state_direct_basis_transpiled.qpy,,C:\Users\szymon\QuditsOnQubits\QuditsOnQubits\basis_direct_encoding_benchmarks\quantum_circuits\two_qutrit\monomial_full__sup023_P120_ph001\E.npy
direct_basis_encoding,two_qutrit,two_qutrit,star,two_qutrit,2,2,4,sup023_P120_ph002,monomial,monomial_full,sup023_P120_ph002,False,True,17,45,62,43,,,0.868848,True,False,ok,,Converted from legacy E_new 4x3 isometry candidate.; Fidelity skipped because transpiled circuit has 128 qubits.,43,46.6,3.29,62,67.3,17,18.5,128,"{'rz': 20, 'cz': 14, 'sx': 13, 'rx': 12, 'rzz': 3}",10,10,0,C:\Users\szymon\QuditsOnQubits\QuditsOnQubits\basis_direct_encoding_benchmarks\quantum_circuits\two_qutrit\monomial_full__sup023_P120_ph002,C:\Users\szymon\QuditsOnQubits\QuditsOnQubits\basis_direct_encoding_benchmarks\quantum_circuits\two_qutrit\monomial_full__sup023_P120_ph002\F3_W.qpy,C:\Users\szymon\QuditsOnQubits\QuditsOnQubits\basis_direct_encoding_benchmarks\quantum_circuits\two_qutrit\monomial_full__sup023_P120_ph002\CZ3_W.qpy,C:\Users\szymon\QuditsOnQubits\QuditsOnQubits\basis_direct_encoding_benchmarks\quantum_circuits\two_qutrit\monomial_full__sup023_P120_ph002\graph_state_direct_basis.qpy,C:\Users\szymon\QuditsOnQubits\QuditsOnQubits\basis_direct_encoding_benchmarks\quantum_circuits\two_qutrit\monomial_full__sup023_P120_ph002\graph_state_direct_basis_transpiled.qpy,,C:\Users\szymon\QuditsOnQubits\QuditsOnQubits\basis_direct_encoding_benchmarks\quantum_circuits\two_qutrit\monomial_full__sup023_P120_ph002\E.npy
direct_basis_encoding,two_qutrit,two_qutrit,star,two_qutrit,2,2,4,sup023_P120_ph010,monomial,monomial_full,sup023_P120_ph010,False,True,17,42,59,42,,,1.015256,True,False,ok,,Converted from legacy E_new 4x3 isometry candidate.; Fidelity skipped because transpiled circuit has 128 qubits.,42,46.3,3.63,59,64.5,17,18.5,128,"{'rz': 17, 'cz': 14, 'sx': 13, 'rx': 12, 'rzz': 3}",10,10,0,C:\Users\szymon\QuditsOnQubits\QuditsOnQubits\basis_direct_encoding_benchmarks\quantum_circuits\two_qutrit\monomial_full__sup023_P120_ph010,C:\Users\szymon\QuditsOnQubits\QuditsOnQubits\basis_direct_encoding_benchmarks\quantum_circuits\two_qutrit\monomial_full__sup023_P120_ph010\F3_W.qpy,C:\Users\szymon\QuditsOnQubits\QuditsOnQubits\basis_direct_encoding_benchmarks\quantum_circuits\two_qutrit\monomial_full__sup023_P120_ph010\CZ3_W.qpy,C:\Users\szymon\QuditsOnQubits\QuditsOnQubits\basis_direct_encoding_benchmarks\quantum_circuits\two_qutrit\monomial_full__sup023_P120_ph010\graph_state_direct_basis.qpy,C:\Users\szymon\QuditsOnQubits\QuditsOnQubits\basis_direct_encoding_benchmarks\quantum_circuits\two_qutrit\monomial_full__sup023_P120_ph010\graph_state_direct_basis_transpiled.qpy,,C:\Users\szymon\QuditsOnQubits\QuditsOnQubits\basis_direct_encoding_benchmarks\quantum_circuits\two_qutrit\monomial_full__sup023_P120_ph010\E.npy
direct_basis_encoding,two_qutrit,two_qutrit,star,two_qutrit,2,2,4,sup023_P120_ph011,monomial,monomial_full,sup023_P120_ph011,False,True,17,43,60,42,,,1.028109,True,False,ok,,Converted from legacy E_new 4x3 isometry candidate.; Fidelity skipped because transpiled circuit has 128 qubits.,42,46.0,3.29,60,66.2,17,18.5,128,"{'rz': 18, 'cz': 14, 'sx': 13, 'rx': 12, 'rzz': 3}",10,10,0,C:\Users\szymon\QuditsOnQubits\QuditsOnQubits\basis_direct_encoding_benchmarks\quantum_circuits\two_qutrit\monomial_full__sup023_P120_ph011,C:\Users\szymon\QuditsOnQubits\QuditsOnQubits\basis_direct_encoding_benchmarks\quantum_circuits\two_qutrit\monomial_full__sup023_P120_ph011\F3_W.qpy,C:\Users\szymon\QuditsOnQubits\QuditsOnQubits\basis_direct_encoding_benchmarks\quantum_circuits\two_qutrit\monomial_full__sup023_P120_ph011\CZ3_W.qpy,C:\Users\szymon\QuditsOnQubits\QuditsOnQubits\basis_direct_encoding_benchmarks\quantum_circuits\two_qutrit\monomial_full__sup023_P120_ph011\graph_state_direct_basis.qpy,C:\Users\szymon\QuditsOnQubits\QuditsOnQubits\basis_direct_encoding_benchmarks\quantum_circuits\two_qutrit\monomial_full__sup023_P120_ph011\graph_state_direct_basis_transpiled.qpy,,C:\Users\szymon\QuditsOnQubits\QuditsOnQubits\basis_direct_encoding_benchmarks\quantum_circuits\two_qutrit\monomial_full__sup023_P120_ph011\E.npy
direct_basis_encoding,two_qutrit,two_qutrit,star,two_qutrit,2,2,4,sup023_P120_ph012,monomial,monomial_full,sup023_P120_ph012,False,True,17,45,62,43,,,1.006867,True,False,ok,,Converted from legacy E_new 4x3 isometry candidate.; Fidelity skipped because transpiled circuit has 128 qubits.,43,46.9,3.18,62,67.9,17,18.5,128,"{'rz': 20, 'cz': 14, 'sx': 13, 'rx': 12, 'rzz': 3}",10,10,0,C:\Users\szymon\QuditsOnQubits\QuditsOnQubits\basis_direct_encoding_benchmarks\quantum_circuits\two_qutrit\monomial_full__sup023_P120_ph012,C:\Users\szymon\QuditsOnQubits\QuditsOnQubits\basis_direct_encoding_benchmarks\quantum_circuits\two_qutrit\monomial_full__sup023_P120_ph012\F3_W.qpy,C:\Users\szymon\QuditsOnQubits\QuditsOnQubits\basis_direct_encoding_benchmarks\quantum_circuits\two_qutrit\monomial_full__sup023_P120_ph012\CZ3_W.qpy,C:\Users\szymon\QuditsOnQubits\QuditsOnQubits\basis_direct_encoding_benchmarks\quantum_circuits\two_qutrit\monomial_full__sup023_P120_ph012\graph_state_direct_basis.qpy,C:\Users\szymon\QuditsOnQubits\QuditsOnQubits\basis_direct_encoding_benchmarks\quantum_circuits\two_qutrit\monomial_full__sup023_P120_ph012\graph_state_direct_basis_transpiled.qpy,,C:\Users\szymon\QuditsOnQubits\QuditsOnQubits\basis_direct_encoding_benchmarks\quantum_circuits\two_qutrit\monomial_full__sup023_P120_ph012\E.npy
direct_basis_encoding,two_qutrit,two_qutrit,star,two_qutrit,2,2,4,sup023_P120_ph020,monomial,monomial_full,sup023_P120_ph020,False,True,17,43,60,42,,,1.156079,True,False,ok,,Converted from legacy E_new 4x3 isometry candidate.; Fidelity skipped because transpiled circuit has 128 qubits.,42,46.3,3.63,60,65.1,17,18.5,128,"{'rz': 17, 'cz': 14, 'sx': 13, 'rx': 13, 'rzz': 3}",10,10,0,C:\Users\szymon\QuditsOnQubits\QuditsOnQubits\basis_direct_encoding_benchmarks\quantum_circuits\two_qutrit\monomial_full__sup023_P120_ph020,C:\Users\szymon\QuditsOnQubits\QuditsOnQubits\basis_direct_encoding_benchmarks\quantum_circuits\two_qutrit\monomial_full__sup023_P120_ph020\F3_W.qpy,C:\Users\szymon\QuditsOnQubits\QuditsOnQubits\basis_direct_encoding_benchmarks\quantum_circuits\two_qutrit\monomial_full__sup023_P120_ph020\CZ3_W.qpy,C:\Users\szymon\QuditsOnQubits\QuditsOnQubits\basis_direct_encoding_benchmarks\quantum_circuits\two_qutrit\monomial_full__sup023_P120_ph020\graph_state_direct_basis.qpy,C:\Users\szymon\QuditsOnQubits\QuditsOnQubits\basis_direct_encoding_benchmarks\quantum_circuits\two_qutrit\monomial_full__sup023_P120_ph020\graph_state_direct_basis_transpiled.qpy,,C:\Users\szymon\QuditsOnQubits\QuditsOnQubits\basis_direct_encoding_benchmarks\quantum_circuits\two_qutrit\monomial_full__sup023_P120_ph020\E.npy
direct_basis_encoding,two_qutrit,two_qutrit,star,two_qutrit,2,2,4,sup023_P120_ph021,monomial,monomial_full,sup023_P120_ph021,False,True,17,45,62,43,,,1.117356,True,False,ok,,Converted from legacy E_new 4x3 isometry candidate.; Fidelity skipped because transpiled circuit has 128 qubits.,43,46.9,3.18,62,67.9,17,18.5,128,"{'rz': 20, 'cz': 14, 'sx': 13, 'rx': 12, 'rzz': 3}",10,10,0,C:\Users\szymon\QuditsOnQubits\QuditsOnQubits\basis_direct_encoding_benchmarks\quantum_circuits\two_qutrit\monomial_full__sup023_P120_ph021,C:\Users\szymon\QuditsOnQubits\QuditsOnQubits\basis_direct_encoding_benchmarks\quantum_circuits\two_qutrit\monomial_full__sup023_P120_ph021\F3_W.qpy,C:\Users\szymon\QuditsOnQubits\QuditsOnQubits\basis_direct_encoding_benchmarks\quantum_circuits\two_qutrit\monomial_full__sup023_P120_ph021\CZ3_W.qpy,C:\Users\szymon\QuditsOnQubits\QuditsOnQubits\basis_direct_encoding_benchmarks\quantum_circuits\two_qutrit\monomial_full__sup023_P120_ph021\graph_state_direct_basis.qpy,C:\Users\szymon\QuditsOnQubits\QuditsOnQubits\basis_direct_encoding_benchmarks\quantum_circuits\two_qutrit\monomial_full__sup023_P120_ph021\graph_state_direct_basis_transpiled.qpy,,C:\Users\szymon\QuditsOnQubits\QuditsOnQubits\basis_direct_encoding_benchmarks\quantum_circuits\two_qutrit\monomial_full__sup023_P120_ph021\E.npy
direct_basis_encoding,two_qutrit,two_qutrit,star,two_qutrit,2,2,4,sup023_P120_ph022,monomial,monomial_full,sup023_P120_ph022,False,True,17,43,60,42,,,1.035188,True,False,ok,,Converted from legacy E_new 4x3 isometry candidate.; Fidelity skipped because transpiled circuit has 128 qubits.,42,46.0,3.29,60,66.2,17,18.5,128,"{'rz': 18, 'cz': 14, 'sx': 13, 'rx': 12, 'rzz': 3}",10,10,0,C:\Users\szymon\QuditsOnQubits\QuditsOnQubits\basis_direct_encoding_benchmarks\quantum_circuits\two_qutrit\monomial_full__sup023_P120_ph022,C:\Users\szymon\QuditsOnQubits\QuditsOnQubits\basis_direct_encoding_benchmarks\quantum_circuits\two_qutrit\monomial_full__sup023_P120_ph022\F3_W.qpy,C:\Users\szymon\QuditsOnQubits\QuditsOnQubits\basis_direct_encoding_benchmarks\quantum_circuits\two_qutrit\monomial_full__sup023_P120_ph022\CZ3_W.qpy,C:\Users\szymon\QuditsOnQubits\QuditsOnQubits\basis_direct_encoding_benchmarks\quantum_circuits\two_qutrit\monomial_full__sup023_P120_ph022\graph_state_direct_basis.qpy,C:\Users\szymon\QuditsOnQubits\QuditsOnQubits\basis_direct_encoding_benchmarks\quantum_circuits\two_qutrit\monomial_full__sup023_P120_ph022\graph_state_direct_basis_transpiled.qpy,,C:\Users\szymon\QuditsOnQubits\QuditsOnQubits\basis_direct_encoding_benchmarks\quantum_circuits\two_qutrit\monomial_full__sup023_P120_ph022\E.npy
direct_basis_encoding,two_qutrit,two_qutrit,star,two_qutrit,2,2,4,sup023_P120_ph100,monomial,monomial_full,sup023_P120_ph100,False,True,17,43,60,42,,,1.319499,True,False,ok,,Converted from legacy E_new 4x3 isometry candidate.; Fidelity skipped because transpiled circuit has 128 qubits.,42,46.0,3.29,60,66.2,17,18.5,128,"{'rz': 18, 'cz': 14, 'sx': 13, 'rx': 12, 'rzz': 3}",10,10,0,C:\Users\szymon\QuditsOnQubits\QuditsOnQubits\basis_direct_encoding_benchmarks\quantum_circuits\two_qutrit\monomial_full__sup023_P120_ph100,C:\Users\szymon\QuditsOnQubits\QuditsOnQubits\basis_direct_encoding_benchmarks\quantum_circuits\two_qutrit\monomial_full__sup023_P120_ph100\F3_W.qpy,C:\Users\szymon\QuditsOnQubits\QuditsOnQubits\basis_direct_encoding_benchmarks\quantum_circuits\two_qutrit\monomial_full__sup023_P120_ph100\CZ3_W.qpy,C:\Users\szymon\QuditsOnQubits\QuditsOnQubits\basis_direct_encoding_benchmarks\quantum_circuits\two_qutrit\monomial_full__sup023_P120_ph100\graph_state_direct_basis.qpy,C:\Users\szymon\QuditsOnQubits\QuditsOnQubits\basis_direct_encoding_benchmarks\quantum_circuits\two_qutrit\monomial_full__sup023_P120_ph100\graph_state_direct_basis_transpiled.qpy,,C:\Users\szymon\QuditsOnQubits\QuditsOnQubits\basis_direct_encoding_benchmarks\quantum_circuits\two_qutrit\monomial_full__sup023_P120_ph100\E.npy
direct_basis_encoding,two_qutrit,two_qutrit,star,two_qutrit,2,2,4,sup023_P120_ph101,monomial,monomial_full,sup023_P120_ph101,False,True,17,45,62,43,,,1.004117,True,False,ok,,Converted from legacy E_new 4x3 isometry candidate.; Fidelity skipped because transpiled circuit has 128 qubits.,43,46.9,3.18,62,68.2,17,18.5,128,"{'rz': 20, 'cz': 14, 'sx': 13, 'rx': 12, 'rzz': 3}",10,10,0,C:\Users\szymon\QuditsOnQubits\QuditsOnQubits\basis_direct_encoding_benchmarks\quantum_circuits\two_qutrit\monomial_full__sup023_P120_ph101,C:\Users\szymon\QuditsOnQubits\QuditsOnQubits\basis_direct_encoding_benchmarks\quantum_circuits\two_qutrit\monomial_full__sup023_P120_ph101\F3_W.qpy,C:\Users\szymon\QuditsOnQubits\QuditsOnQubits\basis_direct_encoding_benchmarks\quantum_circuits\two_qutrit\monomial_full__sup023_P120_ph101\CZ3_W.qpy,C:\Users\szymon\QuditsOnQubits\QuditsOnQubits\basis_direct_encoding_benchmarks\quantum_circuits\two_qutrit\monomial_full__sup023_P120_ph101\graph_state_direct_basis.qpy,C:\Users\szymon\QuditsOnQubits\QuditsOnQubits\basis_direct_encoding_benchmarks\quantum_circuits\two_qutrit\monomial_full__sup023_P120_ph101\graph_state_direct_basis_transpiled.qpy,,C:\Users\szymon\QuditsOnQubits\QuditsOnQubits\basis_direct_encoding_benchmarks\quantum_circuits\two_qutrit\monomial_full__sup023_P120_ph101\E.npy
direct_basis_encoding,two_qutrit,two_qutrit,star,two_qutrit,2,2,4,sup023_P120_ph102,monomial,monomial_full,sup023_P120_ph102,False,True,17,43,60,42,,,1.228217,True,False,ok,,Converted from legacy E_new 4x3 isometry candidate.; Fidelity skipped because transpiled circuit has 128 qubits.,42,46.3,3.63,60,65.4,17,18.5,128,"{'rz': 17, 'cz': 14, 'sx': 13, 'rx': 13, 'rzz': 3}",10,10,0,C:\Users\szymon\QuditsOnQubits\QuditsOnQubits\basis_direct_encoding_benchmarks\quantum_circuits\two_qutrit\monomial_full__sup023_P120_ph102,C:\Users\szymon\QuditsOnQubits\QuditsOnQubits\basis_direct_encoding_benchmarks\quantum_circuits\two_qutrit\monomial_full__sup023_P120_ph102\F3_W.qpy,C:\Users\szymon\QuditsOnQubits\QuditsOnQubits\basis_direct_encoding_benchmarks\quantum_circuits\two_qutrit\monomial_full__sup023_P120_ph102\CZ3_W.qpy,C:\Users\szymon\QuditsOnQubits\QuditsOnQubits\basis_direct_encoding_benchmarks\quantum_circuits\two_qutrit\monomial_full__sup023_P120_ph102\graph_state_direct_basis.qpy,C:\Users\szymon\QuditsOnQubits\QuditsOnQubits\basis_direct_encoding_benchmarks\quantum_circuits\two_qutrit\monomial_full__sup023_P120_ph102\graph_state_direct_basis_transpiled.qpy,,C:\Users\szymon\QuditsOnQubits\QuditsOnQubits\basis_direct_encoding_benchmarks\quantum_circuits\two_qutrit\monomial_full__sup023_P120_ph102\E.npy
direct_basis_encoding,two_qutrit,two_qutrit,star,two_qutrit,2,2,4,sup023_P120_ph110,monomial,monomial_full,sup023_P120_ph110,False,True,17,45,62,43,,,0.766383,True,False,ok,,Converted from legacy E_new 4x3 isometry candidate.; Fidelity skipped because transpiled circuit has 128 qubits.,43,46.9,3.18,62,67.9,17,18.5,128,"{'rz': 20, 'cz': 14, 'sx': 13, 'rx': 12, 'rzz': 3}",10,10,0,C:\Users\szymon\QuditsOnQubits\QuditsOnQubits\basis_direct_encoding_benchmarks\quantum_circuits\two_qutrit\monomial_full__sup023_P120_ph110,C:\Users\szymon\QuditsOnQubits\QuditsOnQubits\basis_direct_encoding_benchmarks\quantum_circuits\two_qutrit\monomial_full__sup023_P120_ph110\F3_W.qpy,C:\Users\szymon\QuditsOnQubits\QuditsOnQubits\basis_direct_encoding_benchmarks\quantum_circuits\two_qutrit\monomial_full__sup023_P120_ph110\CZ3_W.qpy,C:\Users\szymon\QuditsOnQubits\QuditsOnQubits\basis_direct_encoding_benchmarks\quantum_circuits\two_qutrit\monomial_full__sup023_P120_ph110\graph_state_direct_basis.qpy,C:\Users\szymon\QuditsOnQubits\QuditsOnQubits\basis_direct_encoding_benchmarks\quantum_circuits\two_qutrit\monomial_full__sup023_P120_ph110\graph_state_direct_basis_transpiled.qpy,,C:\Users\szymon\QuditsOnQubits\QuditsOnQubits\basis_direct_encoding_benchmarks\quantum_circuits\two_qutrit\monomial_full__sup023_P120_ph110\E.npy
direct_basis_encoding,two_qutrit,two_qutrit,star,two_qutrit,2,2,4,sup023_P120_ph111,monomial,monomial_full,sup023_P120_ph111,False,True,17,43,60,42,,,0.914039,True,False,ok,,Converted from legacy E_new 4x3 isometry candidate.; Fidelity skipped because transpiled circuit has 128 qubits.,42,46.0,3.29,60,65.9,17,18.5,128,"{'rz': 18, 'cz': 14, 'sx': 13, 'rx': 12, 'rzz': 3}",10,10,0,C:\Users\szymon\QuditsOnQubits\QuditsOnQubits\basis_direct_encoding_benchmarks\quantum_circuits\two_qutrit\monomial_full__sup023_P120_ph111,C:\Users\szymon\QuditsOnQubits\QuditsOnQubits\basis_direct_encoding_benchmarks\quantum_circuits\two_qutrit\monomial_full__sup023_P120_ph111\F3_W.qpy,C:\Users\szymon\QuditsOnQubits\QuditsOnQubits\basis_direct_encoding_benchmarks\quantum_circuits\two_qutrit\monomial_full__sup023_P120_ph111\CZ3_W.qpy,C:\Users\szymon\QuditsOnQubits\QuditsOnQubits\basis_direct_encoding_benchmarks\quantum_circuits\two_qutrit\monomial_full__sup023_P120_ph111\graph_state_direct_basis.qpy,C:\Users\szymon\QuditsOnQubits\QuditsOnQubits\basis_direct_encoding_benchmarks\quantum_circuits\two_qutrit\monomial_full__sup023_P120_ph111\graph_state_direct_basis_transpiled.qpy,,C:\Users\szymon\QuditsOnQubits\QuditsOnQubits\basis_direct_encoding_benchmarks\quantum_circuits\two_qutrit\monomial_full__sup023_P120_ph111\E.npy
direct_basis_encoding,two_qutrit,two_qutrit,star,two_qutrit,2,2,4,sup023_P120_ph112,monomial,monomial_full,sup023_P120_ph112,False,True,17,43,60,42,,,1.07328,True,False,ok,,Converted from legacy E_new 4x3 isometry candidate.; Fidelity skipped because transpiled circuit has 128 qubits.,42,46.3,3.63,60,65.1,17,18.5,128,"{'rz': 17, 'cz': 14, 'sx': 13, 'rx': 13, 'rzz': 3}",10,10,0,C:\Users\szymon\QuditsOnQubits\QuditsOnQubits\basis_direct_encoding_benchmarks\quantum_circuits\two_qutrit\monomial_full__sup023_P120_ph112,C:\Users\szymon\QuditsOnQubits\QuditsOnQubits\basis_direct_encoding_benchmarks\quantum_circuits\two_qutrit\monomial_full__sup023_P120_ph112\F3_W.qpy,C:\Users\szymon\QuditsOnQubits\QuditsOnQubits\basis_direct_encoding_benchmarks\quantum_circuits\two_qutrit\monomial_full__sup023_P120_ph112\CZ3_W.qpy,C:\Users\szymon\QuditsOnQubits\QuditsOnQubits\basis_direct_encoding_benchmarks\quantum_circuits\two_qutrit\monomial_full__sup023_P120_ph112\graph_state_direct_basis.qpy,C:\Users\szymon\QuditsOnQubits\QuditsOnQubits\basis_direct_encoding_benchmarks\quantum_circuits\two_qutrit\monomial_full__sup023_P120_ph112\graph_state_direct_basis_transpiled.qpy,,C:\Users\szymon\QuditsOnQubits\QuditsOnQubits\basis_direct_encoding_benchmarks\quantum_circuits\two_qutrit\monomial_full__sup023_P120_ph112\E.npy
direct_basis_encoding,two_qutrit,two_qutrit,star,two_qutrit,2,2,4,sup023_P120_ph120,monomial,monomial_full,sup023_P120_ph120,False,True,17,46,63,43,,,0.84081,True,False,ok,,Converted from legacy E_new 4x3 isometry candidate.; Fidelity skipped because transpiled circuit has 128 qubits.,43,46.6,3.29,63,68.5,17,18.5,128,"{'rz': 20, 'cz': 14, 'sx': 13, 'rx': 13, 'rzz': 3}",10,10,0,C:\Users\szymon\QuditsOnQubits\QuditsOnQubits\basis_direct_encoding_benchmarks\quantum_circuits\two_qutrit\monomial_full__sup023_P120_ph120,C:\Users\szymon\QuditsOnQubits\QuditsOnQubits\basis_direct_encoding_benchmarks\quantum_circuits\two_qutrit\monomial_full__sup023_P120_ph120\F3_W.qpy,C:\Users\szymon\QuditsOnQubits\QuditsOnQubits\basis_direct_encoding_benchmarks\quantum_circuits\two_qutrit\monomial_full__sup023_P120_ph120\CZ3_W.qpy,C:\Users\szymon\QuditsOnQubits\QuditsOnQubits\basis_direct_encoding_benchmarks\quantum_circuits\two_qutrit\monomial_full__sup023_P120_ph120\graph_state_direct_basis.qpy,C:\Users\szymon\QuditsOnQubits\QuditsOnQubits\basis_direct_encoding_benchmarks\quantum_circuits\two_qutrit\monomial_full__sup023_P120_ph120\graph_state_direct_basis_transpiled.qpy,,C:\Users\szymon\QuditsOnQubits\QuditsOnQubits\basis_direct_encoding_benchmarks\quantum_circuits\two_qutrit\monomial_full__sup023_P120_ph120\E.npy
direct_basis_encoding,two_qutrit,two_qutrit,star,two_qutrit,2,2,4,sup023_P120_ph121,monomial,monomial_full,sup023_P120_ph121,False,True,17,45,62,43,,,1.031702,True,False,ok,,Converted from legacy E_new 4x3 isometry candidate.; Fidelity skipped because transpiled circuit has 128 qubits.,43,46.6,3.29,62,67.6,17,18.5,128,"{'rz': 20, 'cz': 14, 'sx': 13, 'rx': 12, 'rzz': 3}",10,10,0,C:\Users\szymon\QuditsOnQubits\QuditsOnQubits\basis_direct_encoding_benchmarks\quantum_circuits\two_qutrit\monomial_full__sup023_P120_ph121,C:\Users\szymon\QuditsOnQubits\QuditsOnQubits\basis_direct_encoding_benchmarks\quantum_circuits\two_qutrit\monomial_full__sup023_P120_ph121\F3_W.qpy,C:\Users\szymon\QuditsOnQubits\QuditsOnQubits\basis_direct_encoding_benchmarks\quantum_circuits\two_qutrit\monomial_full__sup023_P120_ph121\CZ3_W.qpy,C:\Users\szymon\QuditsOnQubits\QuditsOnQubits\basis_direct_encoding_benchmarks\quantum_circuits\two_qutrit\monomial_full__sup023_P120_ph121\graph_state_direct_basis.qpy,C:\Users\szymon\QuditsOnQubits\QuditsOnQubits\basis_direct_encoding_benchmarks\quantum_circuits\two_qutrit\monomial_full__sup023_P120_ph121\graph_state_direct_basis_transpiled.qpy,,C:\Users\szymon\QuditsOnQubits\QuditsOnQubits\basis_direct_encoding_benchmarks\quantum_circuits\two_qutrit\monomial_full__sup023_P120_ph121\E.npy
direct_basis_encoding,two_qutrit,two_qutrit,star,two_qutrit,2,2,4,sup023_P120_ph122,monomial,monomial_full,sup023_P120_ph122,False,True,17,40,57,41,,,1.038293,True,False,ok,,Converted from legacy E_new 4x3 isometry candidate.; Fidelity skipped because transpiled circuit has 128 qubits.,41,45.1,3.88,57,62.8,17,18.5,128,"{'rz': 15, 'cz': 14, 'sx': 13, 'rx': 12, 'rzz': 3}",10,10,0,C:\Users\szymon\QuditsOnQubits\QuditsOnQubits\basis_direct_encoding_benchmarks\quantum_circuits\two_qutrit\monomial_full__sup023_P120_ph122,C:\Users\szymon\QuditsOnQubits\QuditsOnQubits\basis_direct_encoding_benchmarks\quantum_circuits\two_qutrit\monomial_full__sup023_P120_ph122\F3_W.qpy,C:\Users\szymon\QuditsOnQubits\QuditsOnQubits\basis_direct_encoding_benchmarks\quantum_circuits\two_qutrit\monomial_full__sup023_P120_ph122\CZ3_W.qpy,C:\Users\szymon\QuditsOnQubits\QuditsOnQubits\basis_direct_encoding_benchmarks\quantum_circuits\two_qutrit\monomial_full__sup023_P120_ph122\graph_state_direct_basis.qpy,C:\Users\szymon\QuditsOnQubits\QuditsOnQubits\basis_direct_encoding_benchmarks\quantum_circuits\two_qutrit\monomial_full__sup023_P120_ph122\graph_state_direct_basis_transpiled.qpy,,C:\Users\szymon\QuditsOnQubits\QuditsOnQubits\basis_direct_encoding_benchmarks\quantum_circuits\two_qutrit\monomial_full__sup023_P120_ph122\E.npy
direct_basis_encoding,two_qutrit,two_qutrit,star,two_qutrit,2,2,4,sup023_P120_ph200,monomial,monomial_full,sup023_P120_ph200,False,True,17,44,61,42,,,1.054909,True,False,ok,,Converted from legacy E_new 4x3 isometry candidate.; Fidelity skipped because transpiled circuit has 128 qubits.,42,46.0,3.29,61,66.8,17,18.5,128,"{'rz': 18, 'cz': 14, 'sx': 13, 'rx': 13, 'rzz': 3}",10,10,0,C:\Users\szymon\QuditsOnQubits\QuditsOnQubits\basis_direct_encoding_benchmarks\quantum_circuits\two_qutrit\monomial_full__sup023_P120_ph200,C:\Users\szymon\QuditsOnQubits\QuditsOnQubits\basis_direct_encoding_benchmarks\quantum_circuits\two_qutrit\monomial_full__sup023_P120_ph200\F3_W.qpy,C:\Users\szymon\QuditsOnQubits\QuditsOnQubits\basis_direct_encoding_benchmarks\quantum_circuits\two_qutrit\monomial_full__sup023_P120_ph200\CZ3_W.qpy,C:\Users\szymon\QuditsOnQubits\QuditsOnQubits\basis_direct_encoding_benchmarks\quantum_circuits\two_qutrit\monomial_full__sup023_P120_ph200\graph_state_direct_basis.qpy,C:\Users\szymon\QuditsOnQubits\QuditsOnQubits\basis_direct_encoding_benchmarks\quantum_circuits\two_qutrit\monomial_full__sup023_P120_ph200\graph_state_direct_basis_transpiled.qpy,,C:\Users\szymon\QuditsOnQubits\QuditsOnQubits\basis_direct_encoding_benchmarks\quantum_circuits\two_qutrit\monomial_full__sup023_P120_ph200\E.npy
direct_basis_encoding,two_qutrit,two_qutrit,star,two_qutrit,2,2,4,sup023_P120_ph201,monomial,monomial_full,sup023_P120_ph201,False,True,17,42,59,42,,,1.015187,True,False,ok,,Converted from legacy E_new 4x3 isometry candidate.; Fidelity skipped because transpiled circuit has 128 qubits.,42,46.3,3.63,59,64.5,17,18.5,128,"{'rz': 17, 'cz': 14, 'sx': 13, 'rx': 12, 'rzz': 3}",10,10,0,C:\Users\szymon\QuditsOnQubits\QuditsOnQubits\basis_direct_encoding_benchmarks\quantum_circuits\two_qutrit\monomial_full__sup023_P120_ph201,C:\Users\szymon\QuditsOnQubits\QuditsOnQubits\basis_direct_encoding_benchmarks\quantum_circuits\two_qutrit\monomial_full__sup023_P120_ph201\F3_W.qpy,C:\Users\szymon\QuditsOnQubits\QuditsOnQubits\basis_direct_encoding_benchmarks\quantum_circuits\two_qutrit\monomial_full__sup023_P120_ph201\CZ3_W.qpy,C:\Users\szymon\QuditsOnQubits\QuditsOnQubits\basis_direct_encoding_benchmarks\quantum_circuits\two_qutrit\monomial_full__sup023_P120_ph201\graph_state_direct_basis.qpy,C:\Users\szymon\QuditsOnQubits\QuditsOnQubits\basis_direct_encoding_benchmarks\quantum_circuits\two_qutrit\monomial_full__sup023_P120_ph201\graph_state_direct_basis_transpiled.qpy,,C:\Users\szymon\QuditsOnQubits\QuditsOnQubits\basis_direct_encoding_benchmarks\quantum_circuits\two_qutrit\monomial_full__sup023_P120_ph201\E.npy
direct_basis_encoding,two_qutrit,two_qutrit,star,two_qutrit,2,2,4,sup023_P120_ph202,monomial,monomial_full,sup023_P120_ph202,False,True,17,45,62,43,,,0.979101,True,False,ok,,Converted from legacy E_new 4x3 isometry candidate.; Fidelity skipped because transpiled circuit has 128 qubits.,43,46.9,3.18,62,68.2,17,18.5,128,"{'rz': 20, 'cz': 14, 'sx': 13, 'rx': 12, 'rzz': 3}",10,10,0,C:\Users\szymon\QuditsOnQubits\QuditsOnQubits\basis_direct_encoding_benchmarks\quantum_circuits\two_qutrit\monomial_full__sup023_P120_ph202,C:\Users\szymon\QuditsOnQubits\QuditsOnQubits\basis_direct_encoding_benchmarks\quantum_circuits\two_qutrit\monomial_full__sup023_P120_ph202\F3_W.qpy,C:\Users\szymon\QuditsOnQubits\QuditsOnQubits\basis_direct_encoding_benchmarks\quantum_circuits\two_qutrit\monomial_full__sup023_P120_ph202\CZ3_W.qpy,C:\Users\szymon\QuditsOnQubits\QuditsOnQubits\basis_direct_encoding_benchmarks\quantum_circuits\two_qutrit\monomial_full__sup023_P120_ph202\graph_state_direct_basis.qpy,C:\Users\szymon\QuditsOnQubits\QuditsOnQubits\basis_direct_encoding_benchmarks\quantum_circuits\two_qutrit\monomial_full__sup023_P120_ph202\graph_state_direct_basis_transpiled.qpy,,C:\Users\szymon\QuditsOnQubits\QuditsOnQubits\basis_direct_encoding_benchmarks\quantum_circuits\two_qutrit\monomial_full__sup023_P120_ph202\E.npy
direct_basis_encoding,two_qutrit,two_qutrit,star,two_qutrit,2,2,4,sup023_P120_ph210,monomial,monomial_full,sup023_P120_ph210,False,True,17,46,63,43,,,0.877465,True,False,ok,,Converted from legacy E_new 4x3 isometry candidate.; Fidelity skipped because transpiled circuit has 128 qubits.,43,46.6,3.29,63,68.2,17,18.5,128,"{'rz': 20, 'cz': 14, 'sx': 13, 'rx': 13, 'rzz': 3}",10,10,0,C:\Users\szymon\QuditsOnQubits\QuditsOnQubits\basis_direct_encoding_benchmarks\quantum_circuits\two_qutrit\monomial_full__sup023_P120_ph210,C:\Users\szymon\QuditsOnQubits\QuditsOnQubits\basis_direct_encoding_benchmarks\quantum_circuits\two_qutrit\monomial_full__sup023_P120_ph210\F3_W.qpy,C:\Users\szymon\QuditsOnQubits\QuditsOnQubits\basis_direct_encoding_benchmarks\quantum_circuits\two_qutrit\monomial_full__sup023_P120_ph210\CZ3_W.qpy,C:\Users\szymon\QuditsOnQubits\QuditsOnQubits\basis_direct_encoding_benchmarks\quantum_circuits\two_qutrit\monomial_full__sup023_P120_ph210\graph_state_direct_basis.qpy,C:\Users\szymon\QuditsOnQubits\QuditsOnQubits\basis_direct_encoding_benchmarks\quantum_circuits\two_qutrit\monomial_full__sup023_P120_ph210\graph_state_direct_basis_transpiled.qpy,,C:\Users\szymon\QuditsOnQubits\QuditsOnQubits\basis_direct_encoding_benchmarks\quantum_circuits\two_qutrit\monomial_full__sup023_P120_ph210\E.npy
direct_basis_encoding,two_qutrit,two_qutrit,star,two_qutrit,2,2,4,sup023_P120_ph211,monomial,monomial_full,sup023_P120_ph211,False,True,17,40,57,41,,,0.963335,True,False,ok,,Converted from legacy E_new 4x3 isometry candidate.; Fidelity skipped because transpiled circuit has 128 qubits.,41,45.1,3.88,57,62.5,17,18.5,128,"{'rz': 15, 'cz': 14, 'sx': 13, 'rx': 12, 'rzz': 3}",10,10,0,C:\Users\szymon\QuditsOnQubits\QuditsOnQubits\basis_direct_encoding_benchmarks\quantum_circuits\two_qutrit\monomial_full__sup023_P120_ph211,C:\Users\szymon\QuditsOnQubits\QuditsOnQubits\basis_direct_encoding_benchmarks\quantum_circuits\two_qutrit\monomial_full__sup023_P120_ph211\F3_W.qpy,C:\Users\szymon\QuditsOnQubits\QuditsOnQubits\basis_direct_encoding_benchmarks\quantum_circuits\two_qutrit\monomial_full__sup023_P120_ph211\CZ3_W.qpy,C:\Users\szymon\QuditsOnQubits\QuditsOnQubits\basis_direct_encoding_benchmarks\quantum_circuits\two_qutrit\monomial_full__sup023_P120_ph211\graph_state_direct_basis.qpy,C:\Users\szymon\QuditsOnQubits\QuditsOnQubits\basis_direct_encoding_benchmarks\quantum_circuits\two_qutrit\monomial_full__sup023_P120_ph211\graph_state_direct_basis_transpiled.qpy,,C:\Users\szymon\QuditsOnQubits\QuditsOnQubits\basis_direct_encoding_benchmarks\quantum_circuits\two_qutrit\monomial_full__sup023_P120_ph211\E.npy
direct_basis_encoding,two_qutrit,two_qutrit,star,two_qutrit,2,2,4,sup023_P120_ph212,monomial,monomial_full,sup023_P120_ph212,False,True,17,45,62,43,,,1.090205,True,False,ok,,Converted from legacy E_new 4x3 isometry candidate.; Fidelity skipped because transpiled circuit has 128 qubits.,43,46.6,3.29,62,67.9,17,18.5,128,"{'rz': 20, 'cz': 14, 'sx': 13, 'rx': 12, 'rzz': 3}",10,10,0,C:\Users\szymon\QuditsOnQubits\QuditsOnQubits\basis_direct_encoding_benchmarks\quantum_circuits\two_qutrit\monomial_full__sup023_P120_ph212,C:\Users\szymon\QuditsOnQubits\QuditsOnQubits\basis_direct_encoding_benchmarks\quantum_circuits\two_qutrit\monomial_full__sup023_P120_ph212\F3_W.qpy,C:\Users\szymon\QuditsOnQubits\QuditsOnQubits\basis_direct_encoding_benchmarks\quantum_circuits\two_qutrit\monomial_full__sup023_P120_ph212\CZ3_W.qpy,C:\Users\szymon\QuditsOnQubits\QuditsOnQubits\basis_direct_encoding_benchmarks\quantum_circuits\two_qutrit\monomial_full__sup023_P120_ph212\graph_state_direct_basis.qpy,C:\Users\szymon\QuditsOnQubits\QuditsOnQubits\basis_direct_encoding_benchmarks\quantum_circuits\two_qutrit\monomial_full__sup023_P120_ph212\graph_state_direct_basis_transpiled.qpy,,C:\Users\szymon\QuditsOnQubits\QuditsOnQubits\basis_direct_encoding_benchmarks\quantum_circuits\two_qutrit\monomial_full__sup023_P120_ph212\E.npy
direct_basis_encoding,two_qutrit,two_qutrit,star,two_qutrit,2,2,4,sup023_P120_ph220,monomial,monomial_full,sup023_P120_ph220,False,True,17,45,62,43,,,1.013567,True,False,ok,,Converted from legacy E_new 4x3 isometry candidate.; Fidelity skipped because transpiled circuit has 128 qubits.,43,46.9,3.18,62,67.6,17,18.5,128,"{'rz': 20, 'cz': 14, 'sx': 13, 'rx': 12, 'rzz': 3}",10,10,0,C:\Users\szymon\QuditsOnQubits\QuditsOnQubits\basis_direct_encoding_benchmarks\quantum_circuits\two_qutrit\monomial_full__sup023_P120_ph220,C:\Users\szymon\QuditsOnQubits\QuditsOnQubits\basis_direct_encoding_benchmarks\quantum_circuits\two_qutrit\monomial_full__sup023_P120_ph220\F3_W.qpy,C:\Users\szymon\QuditsOnQubits\QuditsOnQubits\basis_direct_encoding_benchmarks\quantum_circuits\two_qutrit\monomial_full__sup023_P120_ph220\CZ3_W.qpy,C:\Users\szymon\QuditsOnQubits\QuditsOnQubits\basis_direct_encoding_benchmarks\quantum_circuits\two_qutrit\monomial_full__sup023_P120_ph220\graph_state_direct_basis.qpy,C:\Users\szymon\QuditsOnQubits\QuditsOnQubits\basis_direct_encoding_benchmarks\quantum_circuits\two_qutrit\monomial_full__sup023_P120_ph220\graph_state_direct_basis_transpiled.qpy,,C:\Users\szymon\QuditsOnQubits\QuditsOnQubits\basis_direct_encoding_benchmarks\quantum_circuits\two_qutrit\monomial_full__sup023_P120_ph220\E.npy
direct_basis_encoding,two_qutrit,two_qutrit,star,two_qutrit,2,2,4,sup023_P120_ph221,monomial,monomial_full,sup023_P120_ph221,False,True,17,43,60,42,,,0.987255,True,False,ok,,Converted from legacy E_new 4x3 isometry candidate.; Fidelity skipped because transpiled circuit has 128 qubits.,42,46.3,3.63,60,65.1,17,18.5,128,"{'rz': 17, 'cz': 14, 'sx': 13, 'rx': 13, 'rzz': 3}",10,10,0,C:\Users\szymon\QuditsOnQubits\QuditsOnQubits\basis_direct_encoding_benchmarks\quantum_circuits\two_qutrit\monomial_full__sup023_P120_ph221,C:\Users\szymon\QuditsOnQubits\QuditsOnQubits\basis_direct_encoding_benchmarks\quantum_circuits\two_qutrit\monomial_full__sup023_P120_ph221\F3_W.qpy,C:\Users\szymon\QuditsOnQubits\QuditsOnQubits\basis_direct_encoding_benchmarks\quantum_circuits\two_qutrit\monomial_full__sup023_P120_ph221\CZ3_W.qpy,C:\Users\szymon\QuditsOnQubits\QuditsOnQubits\basis_direct_encoding_benchmarks\quantum_circuits\two_qutrit\monomial_full__sup023_P120_ph221\graph_state_direct_basis.qpy,C:\Users\szymon\QuditsOnQubits\QuditsOnQubits\basis_direct_encoding_benchmarks\quantum_circuits\two_qutrit\monomial_full__sup023_P120_ph221\graph_state_direct_basis_transpiled.qpy,,C:\Users\szymon\QuditsOnQubits\QuditsOnQubits\basis_direct_encoding_benchmarks\quantum_circuits\two_qutrit\monomial_full__sup023_P120_ph221\E.npy
direct_basis_encoding,two_qutrit,two_qutrit,star,two_qutrit,2,2,4,sup023_P120_ph222,monomial,monomial_full,sup023_P120_ph222,False,True,17,44,61,42,,,0.90771,True,False,ok,,Converted from legacy E_new 4x3 isometry candidate.; Fidelity skipped because transpiled circuit has 128 qubits.,42,46.0,3.29,61,66.5,17,18.5,128,"{'rz': 18, 'cz': 14, 'sx': 13, 'rx': 13, 'rzz': 3}",10,10,0,C:\Users\szymon\QuditsOnQubits\QuditsOnQubits\basis_direct_encoding_benchmarks\quantum_circuits\two_qutrit\monomial_full__sup023_P120_ph222,C:\Users\szymon\QuditsOnQubits\QuditsOnQubits\basis_direct_encoding_benchmarks\quantum_circuits\two_qutrit\monomial_full__sup023_P120_ph222\F3_W.qpy,C:\Users\szymon\QuditsOnQubits\QuditsOnQubits\basis_direct_encoding_benchmarks\quantum_circuits\two_qutrit\monomial_full__sup023_P120_ph222\CZ3_W.qpy,C:\Users\szymon\QuditsOnQubits\QuditsOnQubits\basis_direct_encoding_benchmarks\quantum_circuits\two_qutrit\monomial_full__sup023_P120_ph222\graph_state_direct_basis.qpy,C:\Users\szymon\QuditsOnQubits\QuditsOnQubits\basis_direct_encoding_benchmarks\quantum_circuits\two_qutrit\monomial_full__sup023_P120_ph222\graph_state_direct_basis_transpiled.qpy,,C:\Users\szymon\QuditsOnQubits\QuditsOnQubits\basis_direct_encoding_benchmarks\quantum_circuits\two_qutrit\monomial_full__sup023_P120_ph222\E.npy
direct_basis_encoding,two_qutrit,two_qutrit,star,two_qutrit,2,2,4,sup023_P201_ph000,monomial,monomial_full,sup023_P201_ph000,False,True,16,35,51,40,,,0.910342,True,False,ok,,Converted from legacy E_new 4x3 isometry candidate.; Fidelity skipped because transpiled circuit has 128 qubits.,40,40.0,0.0,51,52.0,16,16.0,128,"{'cz': 15, 'sx': 12, 'rz': 12, 'rx': 11, 'rzz': 1}",10,10,0,C:\Users\szymon\QuditsOnQubits\QuditsOnQubits\basis_direct_encoding_benchmarks\quantum_circuits\two_qutrit\monomial_full__sup023_P201_ph000,C:\Users\szymon\QuditsOnQubits\QuditsOnQubits\basis_direct_encoding_benchmarks\quantum_circuits\two_qutrit\monomial_full__sup023_P201_ph000\F3_W.qpy,C:\Users\szymon\QuditsOnQubits\QuditsOnQubits\basis_direct_encoding_benchmarks\quantum_circuits\two_qutrit\monomial_full__sup023_P201_ph000\CZ3_W.qpy,C:\Users\szymon\QuditsOnQubits\QuditsOnQubits\basis_direct_encoding_benchmarks\quantum_circuits\two_qutrit\monomial_full__sup023_P201_ph000\graph_state_direct_basis.qpy,C:\Users\szymon\QuditsOnQubits\QuditsOnQubits\basis_direct_encoding_benchmarks\quantum_circuits\two_qutrit\monomial_full__sup023_P201_ph000\graph_state_direct_basis_transpiled.qpy,,C:\Users\szymon\QuditsOnQubits\QuditsOnQubits\basis_direct_encoding_benchmarks\quantum_circuits\two_qutrit\monomial_full__sup023_P201_ph000\E.npy
direct_basis_encoding,two_qutrit,two_qutrit,star,two_qutrit,2,2,4,sup023_P201_ph001,monomial,monomial_full,sup023_P201_ph001,False,True,16,39,55,42,,,0.908091,True,False,ok,,Converted from legacy E_new 4x3 isometry candidate.; Fidelity skipped because transpiled circuit has 128 qubits.,42,42.0,0.0,55,56.0,16,16.0,128,"{'rz': 16, 'cz': 15, 'sx': 12, 'rx': 11, 'rzz': 1}",10,10,0,C:\Users\szymon\QuditsOnQubits\QuditsOnQubits\basis_direct_encoding_benchmarks\quantum_circuits\two_qutrit\monomial_full__sup023_P201_ph001,C:\Users\szymon\QuditsOnQubits\QuditsOnQubits\basis_direct_encoding_benchmarks\quantum_circuits\two_qutrit\monomial_full__sup023_P201_ph001\F3_W.qpy,C:\Users\szymon\QuditsOnQubits\QuditsOnQubits\basis_direct_encoding_benchmarks\quantum_circuits\two_qutrit\monomial_full__sup023_P201_ph001\CZ3_W.qpy,C:\Users\szymon\QuditsOnQubits\QuditsOnQubits\basis_direct_encoding_benchmarks\quantum_circuits\two_qutrit\monomial_full__sup023_P201_ph001\graph_state_direct_basis.qpy,C:\Users\szymon\QuditsOnQubits\QuditsOnQubits\basis_direct_encoding_benchmarks\quantum_circuits\two_qutrit\monomial_full__sup023_P201_ph001\graph_state_direct_basis_transpiled.qpy,,C:\Users\szymon\QuditsOnQubits\QuditsOnQubits\basis_direct_encoding_benchmarks\quantum_circuits\two_qutrit\monomial_full__sup023_P201_ph001\E.npy
direct_basis_encoding,two_qutrit,two_qutrit,star,two_qutrit,2,2,4,sup023_P201_ph002,monomial,monomial_full,sup023_P201_ph002,False,True,16,40,56,42,,,0.986313,True,False,ok,,Converted from legacy E_new 4x3 isometry candidate.; Fidelity skipped because transpiled circuit has 128 qubits.,42,42.0,0.0,56,56.5,16,16.0,128,"{'rz': 16, 'cz': 15, 'sx': 12, 'rx': 12, 'rzz': 1}",10,10,0,C:\Users\szymon\QuditsOnQubits\QuditsOnQubits\basis_direct_encoding_benchmarks\quantum_circuits\two_qutrit\monomial_full__sup023_P201_ph002,C:\Users\szymon\QuditsOnQubits\QuditsOnQubits\basis_direct_encoding_benchmarks\quantum_circuits\two_qutrit\monomial_full__sup023_P201_ph002\F3_W.qpy,C:\Users\szymon\QuditsOnQubits\QuditsOnQubits\basis_direct_encoding_benchmarks\quantum_circuits\two_qutrit\monomial_full__sup023_P201_ph002\CZ3_W.qpy,C:\Users\szymon\QuditsOnQubits\QuditsOnQubits\basis_direct_encoding_benchmarks\quantum_circuits\two_qutrit\monomial_full__sup023_P201_ph002\graph_state_direct_basis.qpy,C:\Users\szymon\QuditsOnQubits\QuditsOnQubits\basis_direct_encoding_benchmarks\quantum_circuits\two_qutrit\monomial_full__sup023_P201_ph002\graph_state_direct_basis_transpiled.qpy,,C:\Users\szymon\QuditsOnQubits\QuditsOnQubits\basis_direct_encoding_benchmarks\quantum_circuits\two_qutrit\monomial_full__sup023_P201_ph002\E.npy
direct_basis_encoding,two_qutrit,two_qutrit,star,two_qutrit,2,2,4,sup023_P201_ph010,monomial,monomial_full,sup023_P201_ph010,False,True,16,38,54,41,,,0.856115,True,False,ok,,Converted from legacy E_new 4x3 isometry candidate.; Fidelity skipped because transpiled circuit has 128 qubits.,41,41.5,0.5,54,53.5,16,16.0,128,"{'cz': 15, 'rz': 14, 'rx': 12, 'sx': 12, 'rzz': 1}",10,10,0,C:\Users\szymon\QuditsOnQubits\QuditsOnQubits\basis_direct_encoding_benchmarks\quantum_circuits\two_qutrit\monomial_full__sup023_P201_ph010,C:\Users\szymon\QuditsOnQubits\QuditsOnQubits\basis_direct_encoding_benchmarks\quantum_circuits\two_qutrit\monomial_full__sup023_P201_ph010\F3_W.qpy,C:\Users\szymon\QuditsOnQubits\QuditsOnQubits\basis_direct_encoding_benchmarks\quantum_circuits\two_qutrit\monomial_full__sup023_P201_ph010\CZ3_W.qpy,C:\Users\szymon\QuditsOnQubits\QuditsOnQubits\basis_direct_encoding_benchmarks\quantum_circuits\two_qutrit\monomial_full__sup023_P201_ph010\graph_state_direct_basis.qpy,C:\Users\szymon\QuditsOnQubits\QuditsOnQubits\basis_direct_encoding_benchmarks\quantum_circuits\two_qutrit\monomial_full__sup023_P201_ph010\graph_state_direct_basis_transpiled.qpy,,C:\Users\szymon\QuditsOnQubits\QuditsOnQubits\basis_direct_encoding_benchmarks\quantum_circuits\two_qutrit\monomial_full__sup023_P201_ph010\E.npy
direct_basis_encoding,two_qutrit,two_qutrit,star,two_qutrit,2,2,4,sup023_P201_ph011,monomial,monomial_full,sup023_P201_ph011,False,True,16,40,56,41,,,0.976168,True,False,ok,,Converted from legacy E_new 4x3 isometry candidate.; Fidelity skipped because transpiled circuit has 128 qubits.,41,41.5,0.5,56,55.5,16,16.0,128,"{'rz': 16, 'cz': 15, 'rx': 12, 'sx': 12, 'rzz': 1}",10,10,0,C:\Users\szymon\QuditsOnQubits\QuditsOnQubits\basis_direct_encoding_benchmarks\quantum_circuits\two_qutrit\monomial_full__sup023_P201_ph011,C:\Users\szymon\QuditsOnQubits\QuditsOnQubits\basis_direct_encoding_benchmarks\quantum_circuits\two_qutrit\monomial_full__sup023_P201_ph011\F3_W.qpy,C:\Users\szymon\QuditsOnQubits\QuditsOnQubits\basis_direct_encoding_benchmarks\quantum_circuits\two_qutrit\monomial_full__sup023_P201_ph011\CZ3_W.qpy,C:\Users\szymon\QuditsOnQubits\QuditsOnQubits\basis_direct_encoding_benchmarks\quantum_circuits\two_qutrit\monomial_full__sup023_P201_ph011\graph_state_direct_basis.qpy,C:\Users\szymon\QuditsOnQubits\QuditsOnQubits\basis_direct_encoding_benchmarks\quantum_circuits\two_qutrit\monomial_full__sup023_P201_ph011\graph_state_direct_basis_transpiled.qpy,,C:\Users\szymon\QuditsOnQubits\QuditsOnQubits\basis_direct_encoding_benchmarks\quantum_circuits\two_qutrit\monomial_full__sup023_P201_ph011\E.npy
direct_basis_encoding,two_qutrit,two_qutrit,star,two_qutrit,2,2,4,sup023_P201_ph012,monomial,monomial_full,sup023_P201_ph012,False,True,16,41,57,42,,,0.953111,True,False,ok,,Converted from legacy E_new 4x3 isometry candidate.; Fidelity skipped because transpiled circuit has 128 qubits.,42,42.5,0.5,57,56.5,16,16.0,128,"{'rz': 17, 'cz': 15, 'rx': 12, 'sx': 12, 'rzz': 1}",10,10,0,C:\Users\szymon\QuditsOnQubits\QuditsOnQubits\basis_direct_encoding_benchmarks\quantum_circuits\two_qutrit\monomial_full__sup023_P201_ph012,C:\Users\szymon\QuditsOnQubits\QuditsOnQubits\basis_direct_encoding_benchmarks\quantum_circuits\two_qutrit\monomial_full__sup023_P201_ph012\F3_W.qpy,C:\Users\szymon\QuditsOnQubits\QuditsOnQubits\basis_direct_encoding_benchmarks\quantum_circuits\two_qutrit\monomial_full__sup023_P201_ph012\CZ3_W.qpy,C:\Users\szymon\QuditsOnQubits\QuditsOnQubits\basis_direct_encoding_benchmarks\quantum_circuits\two_qutrit\monomial_full__sup023_P201_ph012\graph_state_direct_basis.qpy,C:\Users\szymon\QuditsOnQubits\QuditsOnQubits\basis_direct_encoding_benchmarks\quantum_circuits\two_qutrit\monomial_full__sup023_P201_ph012\graph_state_direct_basis_transpiled.qpy,,C:\Users\szymon\QuditsOnQubits\QuditsOnQubits\basis_direct_encoding_benchmarks\quantum_circuits\two_qutrit\monomial_full__sup023_P201_ph012\E.npy
direct_basis_encoding,two_qutrit,two_qutrit,star,two_qutrit,2,2,4,sup023_P201_ph020,monomial,monomial_full,sup023_P201_ph020,False,True,16,38,54,41,,,0.779231,True,False,ok,,Converted from legacy E_new 4x3 isometry candidate.; Fidelity skipped because transpiled circuit has 128 qubits.,41,41.5,0.5,54,53.5,16,16.0,128,"{'cz': 15, 'rz': 14, 'rx': 12, 'sx': 12, 'rzz': 1}",10,10,0,C:\Users\szymon\QuditsOnQubits\QuditsOnQubits\basis_direct_encoding_benchmarks\quantum_circuits\two_qutrit\monomial_full__sup023_P201_ph020,C:\Users\szymon\QuditsOnQubits\QuditsOnQubits\basis_direct_encoding_benchmarks\quantum_circuits\two_qutrit\monomial_full__sup023_P201_ph020\F3_W.qpy,C:\Users\szymon\QuditsOnQubits\QuditsOnQubits\basis_direct_encoding_benchmarks\quantum_circuits\two_qutrit\monomial_full__sup023_P201_ph020\CZ3_W.qpy,C:\Users\szymon\QuditsOnQubits\QuditsOnQubits\basis_direct_encoding_benchmarks\quantum_circuits\two_qutrit\monomial_full__sup023_P201_ph020\graph_state_direct_basis.qpy,C:\Users\szymon\QuditsOnQubits\QuditsOnQubits\basis_direct_encoding_benchmarks\quantum_circuits\two_qutrit\monomial_full__sup023_P201_ph020\graph_state_direct_basis_transpiled.qpy,,C:\Users\szymon\QuditsOnQubits\QuditsOnQubits\basis_direct_encoding_benchmarks\quantum_circuits\two_qutrit\monomial_full__sup023_P201_ph020\E.npy
direct_basis_encoding,two_qutrit,two_qutrit,star,two_qutrit,2,2,4,sup023_P201_ph021,monomial,monomial_full,sup023_P201_ph021,False,True,16,41,57,42,,,0.790618,True,False,ok,,Converted from legacy E_new 4x3 isometry candidate.; Fidelity skipped because transpiled circuit has 128 qubits.,42,42.5,0.5,57,56.5,16,16.0,128,"{'rz': 17, 'cz': 15, 'rx': 12, 'sx': 12, 'rzz': 1}",10,10,0,C:\Users\szymon\QuditsOnQubits\QuditsOnQubits\basis_direct_encoding_benchmarks\quantum_circuits\two_qutrit\monomial_full__sup023_P201_ph021,C:\Users\szymon\QuditsOnQubits\QuditsOnQubits\basis_direct_encoding_benchmarks\quantum_circuits\two_qutrit\monomial_full__sup023_P201_ph021\F3_W.qpy,C:\Users\szymon\QuditsOnQubits\QuditsOnQubits\basis_direct_encoding_benchmarks\quantum_circuits\two_qutrit\monomial_full__sup023_P201_ph021\CZ3_W.qpy,C:\Users\szymon\QuditsOnQubits\QuditsOnQubits\basis_direct_encoding_benchmarks\quantum_circuits\two_qutrit\monomial_full__sup023_P201_ph021\graph_state_direct_basis.qpy,C:\Users\szymon\QuditsOnQubits\QuditsOnQubits\basis_direct_encoding_benchmarks\quantum_circuits\two_qutrit\monomial_full__sup023_P201_ph021\graph_state_direct_basis_transpiled.qpy,,C:\Users\szymon\QuditsOnQubits\QuditsOnQubits\basis_direct_encoding_benchmarks\quantum_circuits\two_qutrit\monomial_full__sup023_P201_ph021\E.npy
direct_basis_encoding,two_qutrit,two_qutrit,star,two_qutrit,2,2,4,sup023_P201_ph022,monomial,monomial_full,sup023_P201_ph022,False,True,16,40,56,41,,,0.91919,True,False,ok,,Converted from legacy E_new 4x3 isometry candidate.; Fidelity skipped because transpiled circuit has 128 qubits.,41,41.5,0.5,56,55.5,16,16.0,128,"{'rz': 16, 'cz': 15, 'rx': 12, 'sx': 12, 'rzz': 1}",10,10,0,C:\Users\szymon\QuditsOnQubits\QuditsOnQubits\basis_direct_encoding_benchmarks\quantum_circuits\two_qutrit\monomial_full__sup023_P201_ph022,C:\Users\szymon\QuditsOnQubits\QuditsOnQubits\basis_direct_encoding_benchmarks\quantum_circuits\two_qutrit\monomial_full__sup023_P201_ph022\F3_W.qpy,C:\Users\szymon\QuditsOnQubits\QuditsOnQubits\basis_direct_encoding_benchmarks\quantum_circuits\two_qutrit\monomial_full__sup023_P201_ph022\CZ3_W.qpy,C:\Users\szymon\QuditsOnQubits\QuditsOnQubits\basis_direct_encoding_benchmarks\quantum_circuits\two_qutrit\monomial_full__sup023_P201_ph022\graph_state_direct_basis.qpy,C:\Users\szymon\QuditsOnQubits\QuditsOnQubits\basis_direct_encoding_benchmarks\quantum_circuits\two_qutrit\monomial_full__sup023_P201_ph022\graph_state_direct_basis_transpiled.qpy,,C:\Users\szymon\QuditsOnQubits\QuditsOnQubits\basis_direct_encoding_benchmarks\quantum_circuits\two_qutrit\monomial_full__sup023_P201_ph022\E.npy
direct_basis_encoding,two_qutrit,two_qutrit,star,two_qutrit,2,2,4,sup023_P201_ph100,monomial,monomial_full,sup023_P201_ph100,False,True,16,40,56,41,,,0.994901,True,False,ok,,Converted from legacy E_new 4x3 isometry candidate.; Fidelity skipped because transpiled circuit has 128 qubits.,41,41.5,0.5,56,56.0,16,16.0,128,"{'rz': 16, 'cz': 15, 'rx': 12, 'sx': 12, 'rzz': 1}",10,10,0,C:\Users\szymon\QuditsOnQubits\QuditsOnQubits\basis_direct_encoding_benchmarks\quantum_circuits\two_qutrit\monomial_full__sup023_P201_ph100,C:\Users\szymon\QuditsOnQubits\QuditsOnQubits\basis_direct_encoding_benchmarks\quantum_circuits\two_qutrit\monomial_full__sup023_P201_ph100\F3_W.qpy,C:\Users\szymon\QuditsOnQubits\QuditsOnQubits\basis_direct_encoding_benchmarks\quantum_circuits\two_qutrit\monomial_full__sup023_P201_ph100\CZ3_W.qpy,C:\Users\szymon\QuditsOnQubits\QuditsOnQubits\basis_direct_encoding_benchmarks\quantum_circuits\two_qutrit\monomial_full__sup023_P201_ph100\graph_state_direct_basis.qpy,C:\Users\szymon\QuditsOnQubits\QuditsOnQubits\basis_direct_encoding_benchmarks\quantum_circuits\two_qutrit\monomial_full__sup023_P201_ph100\graph_state_direct_basis_transpiled.qpy,,C:\Users\szymon\QuditsOnQubits\QuditsOnQubits\basis_direct_encoding_benchmarks\quantum_circuits\two_qutrit\monomial_full__sup023_P201_ph100\E.npy
direct_basis_encoding,two_qutrit,two_qutrit,star,two_qutrit,2,2,4,sup023_P201_ph101,monomial,monomial_full,sup023_P201_ph101,False,True,16,41,57,42,,,0.661629,True,False,ok,,Converted from legacy E_new 4x3 isometry candidate.; Fidelity skipped because transpiled circuit has 128 qubits.,42,42.5,0.5,57,56.5,16,16.0,128,"{'rz': 17, 'cz': 15, 'rx': 12, 'sx': 12, 'rzz': 1}",10,10,0,C:\Users\szymon\QuditsOnQubits\QuditsOnQubits\basis_direct_encoding_benchmarks\quantum_circuits\two_qutrit\monomial_full__sup023_P201_ph101,C:\Users\szymon\QuditsOnQubits\QuditsOnQubits\basis_direct_encoding_benchmarks\quantum_circuits\two_qutrit\monomial_full__sup023_P201_ph101\F3_W.qpy,C:\Users\szymon\QuditsOnQubits\QuditsOnQubits\basis_direct_encoding_benchmarks\quantum_circuits\two_qutrit\monomial_full__sup023_P201_ph101\CZ3_W.qpy,C:\Users\szymon\QuditsOnQubits\QuditsOnQubits\basis_direct_encoding_benchmarks\quantum_circuits\two_qutrit\monomial_full__sup023_P201_ph101\graph_state_direct_basis.qpy,C:\Users\szymon\QuditsOnQubits\QuditsOnQubits\basis_direct_encoding_benchmarks\quantum_circuits\two_qutrit\monomial_full__sup023_P201_ph101\graph_state_direct_basis_transpiled.qpy,,C:\Users\szymon\QuditsOnQubits\QuditsOnQubits\basis_direct_encoding_benchmarks\quantum_circuits\two_qutrit\monomial_full__sup023_P201_ph101\E.npy
direct_basis_encoding,two_qutrit,two_qutrit,star,two_qutrit,2,2,4,sup023_P201_ph102,monomial,monomial_full,sup023_P201_ph102,False,True,16,38,54,41,,,0.949796,True,False,ok,,Converted from legacy E_new 4x3 isometry candidate.; Fidelity skipped because transpiled circuit has 128 qubits.,41,41.5,0.5,54,53.5,16,16.0,128,"{'cz': 15, 'rz': 14, 'rx': 12, 'sx': 12, 'rzz': 1}",10,10,0,C:\Users\szymon\QuditsOnQubits\QuditsOnQubits\basis_direct_encoding_benchmarks\quantum_circuits\two_qutrit\monomial_full__sup023_P201_ph102,C:\Users\szymon\QuditsOnQubits\QuditsOnQubits\basis_direct_encoding_benchmarks\quantum_circuits\two_qutrit\monomial_full__sup023_P201_ph102\F3_W.qpy,C:\Users\szymon\QuditsOnQubits\QuditsOnQubits\basis_direct_encoding_benchmarks\quantum_circuits\two_qutrit\monomial_full__sup023_P201_ph102\CZ3_W.qpy,C:\Users\szymon\QuditsOnQubits\QuditsOnQubits\basis_direct_encoding_benchmarks\quantum_circuits\two_qutrit\monomial_full__sup023_P201_ph102\graph_state_direct_basis.qpy,C:\Users\szymon\QuditsOnQubits\QuditsOnQubits\basis_direct_encoding_benchmarks\quantum_circuits\two_qutrit\monomial_full__sup023_P201_ph102\graph_state_direct_basis_transpiled.qpy,,C:\Users\szymon\QuditsOnQubits\QuditsOnQubits\basis_direct_encoding_benchmarks\quantum_circuits\two_qutrit\monomial_full__sup023_P201_ph102\E.npy
direct_basis_encoding,two_qutrit,two_qutrit,star,two_qutrit,2,2,4,sup023_P201_ph110,monomial,monomial_full,sup023_P201_ph110,False,True,16,41,57,42,,,0.703311,True,False,ok,,Converted from legacy E_new 4x3 isometry candidate.; Fidelity skipped because transpiled circuit has 128 qubits.,42,42.5,0.5,57,57.0,16,16.0,128,"{'rz': 17, 'cz': 15, 'rx': 12, 'sx': 12, 'rzz': 1}",10,10,0,C:\Users\szymon\QuditsOnQubits\QuditsOnQubits\basis_direct_encoding_benchmarks\quantum_circuits\two_qutrit\monomial_full__sup023_P201_ph110,C:\Users\szymon\QuditsOnQubits\QuditsOnQubits\basis_direct_encoding_benchmarks\quantum_circuits\two_qutrit\monomial_full__sup023_P201_ph110\F3_W.qpy,C:\Users\szymon\QuditsOnQubits\QuditsOnQubits\basis_direct_encoding_benchmarks\quantum_circuits\two_qutrit\monomial_full__sup023_P201_ph110\CZ3_W.qpy,C:\Users\szymon\QuditsOnQubits\QuditsOnQubits\basis_direct_encoding_benchmarks\quantum_circuits\two_qutrit\monomial_full__sup023_P201_ph110\graph_state_direct_basis.qpy,C:\Users\szymon\QuditsOnQubits\QuditsOnQubits\basis_direct_encoding_benchmarks\quantum_circuits\two_qutrit\monomial_full__sup023_P201_ph110\graph_state_direct_basis_transpiled.qpy,,C:\Users\szymon\QuditsOnQubits\QuditsOnQubits\basis_direct_encoding_benchmarks\quantum_circuits\two_qutrit\monomial_full__sup023_P201_ph110\E.npy
direct_basis_encoding,two_qutrit,two_qutrit,star,two_qutrit,2,2,4,sup023_P201_ph111,monomial,monomial_full,sup023_P201_ph111,False,True,16,40,56,41,,,1.029538,True,False,ok,,Converted from legacy E_new 4x3 isometry candidate.; Fidelity skipped because transpiled circuit has 128 qubits.,41,41.5,0.5,56,55.5,16,16.0,128,"{'rz': 16, 'cz': 15, 'rx': 12, 'sx': 12, 'rzz': 1}",10,10,0,C:\Users\szymon\QuditsOnQubits\QuditsOnQubits\basis_direct_encoding_benchmarks\quantum_circuits\two_qutrit\monomial_full__sup023_P201_ph111,C:\Users\szymon\QuditsOnQubits\QuditsOnQubits\basis_direct_encoding_benchmarks\quantum_circuits\two_qutrit\monomial_full__sup023_P201_ph111\F3_W.qpy,C:\Users\szymon\QuditsOnQubits\QuditsOnQubits\basis_direct_encoding_benchmarks\quantum_circuits\two_qutrit\monomial_full__sup023_P201_ph111\CZ3_W.qpy,C:\Users\szymon\QuditsOnQubits\QuditsOnQubits\basis_direct_encoding_benchmarks\quantum_circuits\two_qutrit\monomial_full__sup023_P201_ph111\graph_state_direct_basis.qpy,C:\Users\szymon\QuditsOnQubits\QuditsOnQubits\basis_direct_encoding_benchmarks\quantum_circuits\two_qutrit\monomial_full__sup023_P201_ph111\graph_state_direct_basis_transpiled.qpy,,C:\Users\szymon\QuditsOnQubits\QuditsOnQubits\basis_direct_encoding_benchmarks\quantum_circuits\two_qutrit\monomial_full__sup023_P201_ph111\E.npy
direct_basis_encoding,two_qutrit,two_qutrit,star,two_qutrit,2,2,4,sup023_P201_ph112,monomial,monomial_full,sup023_P201_ph112,False,True,16,38,54,41,,,1.037841,True,False,ok,,Converted from legacy E_new 4x3 isometry candidate.; Fidelity skipped because transpiled circuit has 128 qubits.,41,41.5,0.5,54,54.0,16,16.0,128,"{'cz': 15, 'rz': 14, 'rx': 12, 'sx': 12, 'rzz': 1}",10,10,0,C:\Users\szymon\QuditsOnQubits\QuditsOnQubits\basis_direct_encoding_benchmarks\quantum_circuits\two_qutrit\monomial_full__sup023_P201_ph112,C:\Users\szymon\QuditsOnQubits\QuditsOnQubits\basis_direct_encoding_benchmarks\quantum_circuits\two_qutrit\monomial_full__sup023_P201_ph112\F3_W.qpy,C:\Users\szymon\QuditsOnQubits\QuditsOnQubits\basis_direct_encoding_benchmarks\quantum_circuits\two_qutrit\monomial_full__sup023_P201_ph112\CZ3_W.qpy,C:\Users\szymon\QuditsOnQubits\QuditsOnQubits\basis_direct_encoding_benchmarks\quantum_circuits\two_qutrit\monomial_full__sup023_P201_ph112\graph_state_direct_basis.qpy,C:\Users\szymon\QuditsOnQubits\QuditsOnQubits\basis_direct_encoding_benchmarks\quantum_circuits\two_qutrit\monomial_full__sup023_P201_ph112\graph_state_direct_basis_transpiled.qpy,,C:\Users\szymon\QuditsOnQubits\QuditsOnQubits\basis_direct_encoding_benchmarks\quantum_circuits\two_qutrit\monomial_full__sup023_P201_ph112\E.npy
direct_basis_encoding,two_qutrit,two_qutrit,star,two_qutrit,2,2,4,sup023_P201_ph120,monomial,monomial_full,sup023_P201_ph120,False,True,16,40,56,42,,,0.849422,True,False,ok,,Converted from legacy E_new 4x3 isometry candidate.; Fidelity skipped because transpiled circuit has 128 qubits.,42,42.0,0.0,56,56.5,16,16.0,128,"{'rz': 16, 'cz': 15, 'sx': 12, 'rx': 12, 'rzz': 1}",10,10,0,C:\Users\szymon\QuditsOnQubits\QuditsOnQubits\basis_direct_encoding_benchmarks\quantum_circuits\two_qutrit\monomial_full__sup023_P201_ph120,C:\Users\szymon\QuditsOnQubits\QuditsOnQubits\basis_direct_encoding_benchmarks\quantum_circuits\two_qutrit\monomial_full__sup023_P201_ph120\F3_W.qpy,C:\Users\szymon\QuditsOnQubits\QuditsOnQubits\basis_direct_encoding_benchmarks\quantum_circuits\two_qutrit\monomial_full__sup023_P201_ph120\CZ3_W.qpy,C:\Users\szymon\QuditsOnQubits\QuditsOnQubits\basis_direct_encoding_benchmarks\quantum_circuits\two_qutrit\monomial_full__sup023_P201_ph120\graph_state_direct_basis.qpy,C:\Users\szymon\QuditsOnQubits\QuditsOnQubits\basis_direct_encoding_benchmarks\quantum_circuits\two_qutrit\monomial_full__sup023_P201_ph120\graph_state_direct_basis_transpiled.qpy,,C:\Users\szymon\QuditsOnQubits\QuditsOnQubits\basis_direct_encoding_benchmarks\quantum_circuits\two_qutrit\monomial_full__sup023_P201_ph120\E.npy
direct_basis_encoding,two_qutrit,two_qutrit,star,two_qutrit,2,2,4,sup023_P201_ph121,monomial,monomial_full,sup023_P201_ph121,False,True,16,39,55,42,,,0.794203,True,False,ok,,Converted from legacy E_new 4x3 isometry candidate.; Fidelity skipped because transpiled circuit has 128 qubits.,42,42.0,0.0,55,56.0,16,16.0,128,"{'rz': 16, 'cz': 15, 'sx': 12, 'rx': 11, 'rzz': 1}",10,10,0,C:\Users\szymon\QuditsOnQubits\QuditsOnQubits\basis_direct_encoding_benchmarks\quantum_circuits\two_qutrit\monomial_full__sup023_P201_ph121,C:\Users\szymon\QuditsOnQubits\QuditsOnQubits\basis_direct_encoding_benchmarks\quantum_circuits\two_qutrit\monomial_full__sup023_P201_ph121\F3_W.qpy,C:\Users\szymon\QuditsOnQubits\QuditsOnQubits\basis_direct_encoding_benchmarks\quantum_circuits\two_qutrit\monomial_full__sup023_P201_ph121\CZ3_W.qpy,C:\Users\szymon\QuditsOnQubits\QuditsOnQubits\basis_direct_encoding_benchmarks\quantum_circuits\two_qutrit\monomial_full__sup023_P201_ph121\graph_state_direct_basis.qpy,C:\Users\szymon\QuditsOnQubits\QuditsOnQubits\basis_direct_encoding_benchmarks\quantum_circuits\two_qutrit\monomial_full__sup023_P201_ph121\graph_state_direct_basis_transpiled.qpy,,C:\Users\szymon\QuditsOnQubits\QuditsOnQubits\basis_direct_encoding_benchmarks\quantum_circuits\two_qutrit\monomial_full__sup023_P201_ph121\E.npy
direct_basis_encoding,two_qutrit,two_qutrit,star,two_qutrit,2,2,4,sup023_P201_ph122,monomial,monomial_full,sup023_P201_ph122,False,True,16,36,52,40,,,0.94107,True,False,ok,,Converted from legacy E_new 4x3 isometry candidate.; Fidelity skipped because transpiled circuit has 128 qubits.,40,40.0,0.0,52,52.5,16,16.0,128,"{'cz': 15, 'sx': 12, 'rx': 12, 'rz': 12, 'rzz': 1}",10,10,0,C:\Users\szymon\QuditsOnQubits\QuditsOnQubits\basis_direct_encoding_benchmarks\quantum_circuits\two_qutrit\monomial_full__sup023_P201_ph122,C:\Users\szymon\QuditsOnQubits\QuditsOnQubits\basis_direct_encoding_benchmarks\quantum_circuits\two_qutrit\monomial_full__sup023_P201_ph122\F3_W.qpy,C:\Users\szymon\QuditsOnQubits\QuditsOnQubits\basis_direct_encoding_benchmarks\quantum_circuits\two_qutrit\monomial_full__sup023_P201_ph122\CZ3_W.qpy,C:\Users\szymon\QuditsOnQubits\QuditsOnQubits\basis_direct_encoding_benchmarks\quantum_circuits\two_qutrit\monomial_full__sup023_P201_ph122\graph_state_direct_basis.qpy,C:\Users\szymon\QuditsOnQubits\QuditsOnQubits\basis_direct_encoding_benchmarks\quantum_circuits\two_qutrit\monomial_full__sup023_P201_ph122\graph_state_direct_basis_transpiled.qpy,,C:\Users\szymon\QuditsOnQubits\QuditsOnQubits\basis_direct_encoding_benchmarks\quantum_circuits\two_qutrit\monomial_full__sup023_P201_ph122\E.npy
direct_basis_encoding,two_qutrit,two_qutrit,star,two_qutrit,2,2,4,sup023_P201_ph200,monomial,monomial_full,sup023_P201_ph200,False,True,16,40,56,41,,,0.826835,True,False,ok,,Converted from legacy E_new 4x3 isometry candidate.; Fidelity skipped because transpiled circuit has 128 qubits.,41,41.5,0.5,56,55.5,16,16.0,128,"{'rz': 16, 'cz': 15, 'rx': 12, 'sx': 12, 'rzz': 1}",10,10,0,C:\Users\szymon\QuditsOnQubits\QuditsOnQubits\basis_direct_encoding_benchmarks\quantum_circuits\two_qutrit\monomial_full__sup023_P201_ph200,C:\Users\szymon\QuditsOnQubits\QuditsOnQubits\basis_direct_encoding_benchmarks\quantum_circuits\two_qutrit\monomial_full__sup023_P201_ph200\F3_W.qpy,C:\Users\szymon\QuditsOnQubits\QuditsOnQubits\basis_direct_encoding_benchmarks\quantum_circuits\two_qutrit\monomial_full__sup023_P201_ph200\CZ3_W.qpy,C:\Users\szymon\QuditsOnQubits\QuditsOnQubits\basis_direct_encoding_benchmarks\quantum_circuits\two_qutrit\monomial_full__sup023_P201_ph200\graph_state_direct_basis.qpy,C:\Users\szymon\QuditsOnQubits\QuditsOnQubits\basis_direct_encoding_benchmarks\quantum_circuits\two_qutrit\monomial_full__sup023_P201_ph200\graph_state_direct_basis_transpiled.qpy,,C:\Users\szymon\QuditsOnQubits\QuditsOnQubits\basis_direct_encoding_benchmarks\quantum_circuits\two_qutrit\monomial_full__sup023_P201_ph200\E.npy
direct_basis_encoding,two_qutrit,two_qutrit,star,two_qutrit,2,2,4,sup023_P201_ph201,monomial,monomial_full,sup023_P201_ph201,False,True,16,38,54,41,,,0.849169,True,False,ok,,Converted from legacy E_new 4x3 isometry candidate.; Fidelity skipped because transpiled circuit has 128 qubits.,41,41.5,0.5,54,53.5,16,16.0,128,"{'cz': 15, 'rz': 14, 'rx': 12, 'sx': 12, 'rzz': 1}",10,10,0,C:\Users\szymon\QuditsOnQubits\QuditsOnQubits\basis_direct_encoding_benchmarks\quantum_circuits\two_qutrit\monomial_full__sup023_P201_ph201,C:\Users\szymon\QuditsOnQubits\QuditsOnQubits\basis_direct_encoding_benchmarks\quantum_circuits\two_qutrit\monomial_full__sup023_P201_ph201\F3_W.qpy,C:\Users\szymon\QuditsOnQubits\QuditsOnQubits\basis_direct_encoding_benchmarks\quantum_circuits\two_qutrit\monomial_full__sup023_P201_ph201\CZ3_W.qpy,C:\Users\szymon\QuditsOnQubits\QuditsOnQubits\basis_direct_encoding_benchmarks\quantum_circuits\two_qutrit\monomial_full__sup023_P201_ph201\graph_state_direct_basis.qpy,C:\Users\szymon\QuditsOnQubits\QuditsOnQubits\basis_direct_encoding_benchmarks\quantum_circuits\two_qutrit\monomial_full__sup023_P201_ph201\graph_state_direct_basis_transpiled.qpy,,C:\Users\szymon\QuditsOnQubits\QuditsOnQubits\basis_direct_encoding_benchmarks\quantum_circuits\two_qutrit\monomial_full__sup023_P201_ph201\E.npy
direct_basis_encoding,two_qutrit,two_qutrit,star,two_qutrit,2,2,4,sup023_P201_ph202,monomial,monomial_full,sup023_P201_ph202,False,True,16,41,57,42,,,0.82665,True,False,ok,,Converted from legacy E_new 4x3 isometry candidate.; Fidelity skipped because transpiled circuit has 128 qubits.,42,42.5,0.5,57,56.5,16,16.0,128,"{'rz': 17, 'cz': 15, 'rx': 12, 'sx': 12, 'rzz': 1}",10,10,0,C:\Users\szymon\QuditsOnQubits\QuditsOnQubits\basis_direct_encoding_benchmarks\quantum_circuits\two_qutrit\monomial_full__sup023_P201_ph202,C:\Users\szymon\QuditsOnQubits\QuditsOnQubits\basis_direct_encoding_benchmarks\quantum_circuits\two_qutrit\monomial_full__sup023_P201_ph202\F3_W.qpy,C:\Users\szymon\QuditsOnQubits\QuditsOnQubits\basis_direct_encoding_benchmarks\quantum_circuits\two_qutrit\monomial_full__sup023_P201_ph202\CZ3_W.qpy,C:\Users\szymon\QuditsOnQubits\QuditsOnQubits\basis_direct_encoding_benchmarks\quantum_circuits\two_qutrit\monomial_full__sup023_P201_ph202\graph_state_direct_basis.qpy,C:\Users\szymon\QuditsOnQubits\QuditsOnQubits\basis_direct_encoding_benchmarks\quantum_circuits\two_qutrit\monomial_full__sup023_P201_ph202\graph_state_direct_basis_transpiled.qpy,,C:\Users\szymon\QuditsOnQubits\QuditsOnQubits\basis_direct_encoding_benchmarks\quantum_circuits\two_qutrit\monomial_full__sup023_P201_ph202\E.npy
direct_basis_encoding,two_qutrit,two_qutrit,star,two_qutrit,2,2,4,sup023_P201_ph210,monomial,monomial_full,sup023_P201_ph210,False,True,16,40,56,42,,,0.893042,True,False,ok,,Converted from legacy E_new 4x3 isometry candidate.; Fidelity skipped because transpiled circuit has 128 qubits.,42,42.0,0.0,56,56.5,16,16.0,128,"{'rz': 16, 'cz': 15, 'sx': 12, 'rx': 12, 'rzz': 1}",10,10,0,C:\Users\szymon\QuditsOnQubits\QuditsOnQubits\basis_direct_encoding_benchmarks\quantum_circuits\two_qutrit\monomial_full__sup023_P201_ph210,C:\Users\szymon\QuditsOnQubits\QuditsOnQubits\basis_direct_encoding_benchmarks\quantum_circuits\two_qutrit\monomial_full__sup023_P201_ph210\F3_W.qpy,C:\Users\szymon\QuditsOnQubits\QuditsOnQubits\basis_direct_encoding_benchmarks\quantum_circuits\two_qutrit\monomial_full__sup023_P201_ph210\CZ3_W.qpy,C:\Users\szymon\QuditsOnQubits\QuditsOnQubits\basis_direct_encoding_benchmarks\quantum_circuits\two_qutrit\monomial_full__sup023_P201_ph210\graph_state_direct_basis.qpy,C:\Users\szymon\QuditsOnQubits\QuditsOnQubits\basis_direct_encoding_benchmarks\quantum_circuits\two_qutrit\monomial_full__sup023_P201_ph210\graph_state_direct_basis_transpiled.qpy,,C:\Users\szymon\QuditsOnQubits\QuditsOnQubits\basis_direct_encoding_benchmarks\quantum_circuits\two_qutrit\monomial_full__sup023_P201_ph210\E.npy
direct_basis_encoding,two_qutrit,two_qutrit,star,two_qutrit,2,2,4,sup023_P201_ph211,monomial,monomial_full,sup023_P201_ph211,False,True,16,36,52,40,,,0.959132,True,False,ok,,Converted from legacy E_new 4x3 isometry candidate.; Fidelity skipped because transpiled circuit has 128 qubits.,40,40.0,0.0,52,52.5,16,16.0,128,"{'cz': 15, 'sx': 12, 'rx': 12, 'rz': 12, 'rzz': 1}",10,10,0,C:\Users\szymon\QuditsOnQubits\QuditsOnQubits\basis_direct_encoding_benchmarks\quantum_circuits\two_qutrit\monomial_full__sup023_P201_ph211,C:\Users\szymon\QuditsOnQubits\QuditsOnQubits\basis_direct_encoding_benchmarks\quantum_circuits\two_qutrit\monomial_full__sup023_P201_ph211\F3_W.qpy,C:\Users\szymon\QuditsOnQubits\QuditsOnQubits\basis_direct_encoding_benchmarks\quantum_circuits\two_qutrit\monomial_full__sup023_P201_ph211\CZ3_W.qpy,C:\Users\szymon\QuditsOnQubits\QuditsOnQubits\basis_direct_encoding_benchmarks\quantum_circuits\two_qutrit\monomial_full__sup023_P201_ph211\graph_state_direct_basis.qpy,C:\Users\szymon\QuditsOnQubits\QuditsOnQubits\basis_direct_encoding_benchmarks\quantum_circuits\two_qutrit\monomial_full__sup023_P201_ph211\graph_state_direct_basis_transpiled.qpy,,C:\Users\szymon\QuditsOnQubits\QuditsOnQubits\basis_direct_encoding_benchmarks\quantum_circuits\two_qutrit\monomial_full__sup023_P201_ph211\E.npy
direct_basis_encoding,two_qutrit,two_qutrit,star,two_qutrit,2,2,4,sup023_P201_ph212,monomial,monomial_full,sup023_P201_ph212,False,True,16,39,55,42,,,0.851063,True,False,ok,,Converted from legacy E_new 4x3 isometry candidate.; Fidelity skipped because transpiled circuit has 128 qubits.,42,42.0,0.0,55,56.0,16,16.0,128,"{'rz': 16, 'cz': 15, 'sx': 12, 'rx': 11, 'rzz': 1}",10,10,0,C:\Users\szymon\QuditsOnQubits\QuditsOnQubits\basis_direct_encoding_benchmarks\quantum_circuits\two_qutrit\monomial_full__sup023_P201_ph212,C:\Users\szymon\QuditsOnQubits\QuditsOnQubits\basis_direct_encoding_benchmarks\quantum_circuits\two_qutrit\monomial_full__sup023_P201_ph212\F3_W.qpy,C:\Users\szymon\QuditsOnQubits\QuditsOnQubits\basis_direct_encoding_benchmarks\quantum_circuits\two_qutrit\monomial_full__sup023_P201_ph212\CZ3_W.qpy,C:\Users\szymon\QuditsOnQubits\QuditsOnQubits\basis_direct_encoding_benchmarks\quantum_circuits\two_qutrit\monomial_full__sup023_P201_ph212\graph_state_direct_basis.qpy,C:\Users\szymon\QuditsOnQubits\QuditsOnQubits\basis_direct_encoding_benchmarks\quantum_circuits\two_qutrit\monomial_full__sup023_P201_ph212\graph_state_direct_basis_transpiled.qpy,,C:\Users\szymon\QuditsOnQubits\QuditsOnQubits\basis_direct_encoding_benchmarks\quantum_circuits\two_qutrit\monomial_full__sup023_P201_ph212\E.npy
direct_basis_encoding,two_qutrit,two_qutrit,star,two_qutrit,2,2,4,sup023_P201_ph220,monomial,monomial_full,sup023_P201_ph220,False,True,16,41,57,42,,,0.856075,True,False,ok,,Converted from legacy E_new 4x3 isometry candidate.; Fidelity skipped because transpiled circuit has 128 qubits.,42,42.5,0.5,57,56.5,16,16.0,128,"{'rz': 17, 'cz': 15, 'rx': 12, 'sx': 12, 'rzz': 1}",10,10,0,C:\Users\szymon\QuditsOnQubits\QuditsOnQubits\basis_direct_encoding_benchmarks\quantum_circuits\two_qutrit\monomial_full__sup023_P201_ph220,C:\Users\szymon\QuditsOnQubits\QuditsOnQubits\basis_direct_encoding_benchmarks\quantum_circuits\two_qutrit\monomial_full__sup023_P201_ph220\F3_W.qpy,C:\Users\szymon\QuditsOnQubits\QuditsOnQubits\basis_direct_encoding_benchmarks\quantum_circuits\two_qutrit\monomial_full__sup023_P201_ph220\CZ3_W.qpy,C:\Users\szymon\QuditsOnQubits\QuditsOnQubits\basis_direct_encoding_benchmarks\quantum_circuits\two_qutrit\monomial_full__sup023_P201_ph220\graph_state_direct_basis.qpy,C:\Users\szymon\QuditsOnQubits\QuditsOnQubits\basis_direct_encoding_benchmarks\quantum_circuits\two_qutrit\monomial_full__sup023_P201_ph220\graph_state_direct_basis_transpiled.qpy,,C:\Users\szymon\QuditsOnQubits\QuditsOnQubits\basis_direct_encoding_benchmarks\quantum_circuits\two_qutrit\monomial_full__sup023_P201_ph220\E.npy
direct_basis_encoding,two_qutrit,two_qutrit,star,two_qutrit,2,2,4,sup023_P201_ph221,monomial,monomial_full,sup023_P201_ph221,False,True,16,38,54,41,,,0.770738,True,False,ok,,Converted from legacy E_new 4x3 isometry candidate.; Fidelity skipped because transpiled circuit has 128 qubits.,41,41.5,0.5,54,53.5,16,16.0,128,"{'cz': 15, 'rz': 14, 'rx': 12, 'sx': 12, 'rzz': 1}",10,10,0,C:\Users\szymon\QuditsOnQubits\QuditsOnQubits\basis_direct_encoding_benchmarks\quantum_circuits\two_qutrit\monomial_full__sup023_P201_ph221,C:\Users\szymon\QuditsOnQubits\QuditsOnQubits\basis_direct_encoding_benchmarks\quantum_circuits\two_qutrit\monomial_full__sup023_P201_ph221\F3_W.qpy,C:\Users\szymon\QuditsOnQubits\QuditsOnQubits\basis_direct_encoding_benchmarks\quantum_circuits\two_qutrit\monomial_full__sup023_P201_ph221\CZ3_W.qpy,C:\Users\szymon\QuditsOnQubits\QuditsOnQubits\basis_direct_encoding_benchmarks\quantum_circuits\two_qutrit\monomial_full__sup023_P201_ph221\graph_state_direct_basis.qpy,C:\Users\szymon\QuditsOnQubits\QuditsOnQubits\basis_direct_encoding_benchmarks\quantum_circuits\two_qutrit\monomial_full__sup023_P201_ph221\graph_state_direct_basis_transpiled.qpy,,C:\Users\szymon\QuditsOnQubits\QuditsOnQubits\basis_direct_encoding_benchmarks\quantum_circuits\two_qutrit\monomial_full__sup023_P201_ph221\E.npy
direct_basis_encoding,two_qutrit,two_qutrit,star,two_qutrit,2,2,4,sup023_P201_ph222,monomial,monomial_full,sup023_P201_ph222,False,True,16,40,56,41,,,0.835527,True,False,ok,,Converted from legacy E_new 4x3 isometry candidate.; Fidelity skipped because transpiled circuit has 128 qubits.,41,41.5,0.5,56,55.5,16,16.0,128,"{'rz': 16, 'cz': 15, 'rx': 12, 'sx': 12, 'rzz': 1}",10,10,0,C:\Users\szymon\QuditsOnQubits\QuditsOnQubits\basis_direct_encoding_benchmarks\quantum_circuits\two_qutrit\monomial_full__sup023_P201_ph222,C:\Users\szymon\QuditsOnQubits\QuditsOnQubits\basis_direct_encoding_benchmarks\quantum_circuits\two_qutrit\monomial_full__sup023_P201_ph222\F3_W.qpy,C:\Users\szymon\QuditsOnQubits\QuditsOnQubits\basis_direct_encoding_benchmarks\quantum_circuits\two_qutrit\monomial_full__sup023_P201_ph222\CZ3_W.qpy,C:\Users\szymon\QuditsOnQubits\QuditsOnQubits\basis_direct_encoding_benchmarks\quantum_circuits\two_qutrit\monomial_full__sup023_P201_ph222\graph_state_direct_basis.qpy,C:\Users\szymon\QuditsOnQubits\QuditsOnQubits\basis_direct_encoding_benchmarks\quantum_circuits\two_qutrit\monomial_full__sup023_P201_ph222\graph_state_direct_basis_transpiled.qpy,,C:\Users\szymon\QuditsOnQubits\QuditsOnQubits\basis_direct_encoding_benchmarks\quantum_circuits\two_qutrit\monomial_full__sup023_P201_ph222\E.npy
direct_basis_encoding,two_qutrit,two_qutrit,star,two_qutrit,2,2,4,sup023_P210_ph000,monomial,monomial_full,sup023_P210_ph000,False,True,17,40,57,41,,,0.913734,True,False,ok,,Converted from legacy E_new 4x3 isometry candidate.; Fidelity skipped because transpiled circuit has 128 qubits.,41,45.1,3.88,57,62.5,17,18.5,128,"{'rz': 15, 'cz': 14, 'sx': 13, 'rx': 12, 'rzz': 3}",10,10,0,C:\Users\szymon\QuditsOnQubits\QuditsOnQubits\basis_direct_encoding_benchmarks\quantum_circuits\two_qutrit\monomial_full__sup023_P210_ph000,C:\Users\szymon\QuditsOnQubits\QuditsOnQubits\basis_direct_encoding_benchmarks\quantum_circuits\two_qutrit\monomial_full__sup023_P210_ph000\F3_W.qpy,C:\Users\szymon\QuditsOnQubits\QuditsOnQubits\basis_direct_encoding_benchmarks\quantum_circuits\two_qutrit\monomial_full__sup023_P210_ph000\CZ3_W.qpy,C:\Users\szymon\QuditsOnQubits\QuditsOnQubits\basis_direct_encoding_benchmarks\quantum_circuits\two_qutrit\monomial_full__sup023_P210_ph000\graph_state_direct_basis.qpy,C:\Users\szymon\QuditsOnQubits\QuditsOnQubits\basis_direct_encoding_benchmarks\quantum_circuits\two_qutrit\monomial_full__sup023_P210_ph000\graph_state_direct_basis_transpiled.qpy,,C:\Users\szymon\QuditsOnQubits\QuditsOnQubits\basis_direct_encoding_benchmarks\quantum_circuits\two_qutrit\monomial_full__sup023_P210_ph000\E.npy
direct_basis_encoding,two_qutrit,two_qutrit,star,two_qutrit,2,2,4,sup023_P210_ph001,monomial,monomial_full,sup023_P210_ph001,False,True,17,46,63,43,,,1.249642,True,False,ok,,Converted from legacy E_new 4x3 isometry candidate.; Fidelity skipped because transpiled circuit has 128 qubits.,43,46.6,3.29,63,67.9,17,18.5,128,"{'rz': 20, 'cz': 14, 'sx': 13, 'rx': 13, 'rzz': 3}",10,10,0,C:\Users\szymon\QuditsOnQubits\QuditsOnQubits\basis_direct_encoding_benchmarks\quantum_circuits\two_qutrit\monomial_full__sup023_P210_ph001,C:\Users\szymon\QuditsOnQubits\QuditsOnQubits\basis_direct_encoding_benchmarks\quantum_circuits\two_qutrit\monomial_full__sup023_P210_ph001\F3_W.qpy,C:\Users\szymon\QuditsOnQubits\QuditsOnQubits\basis_direct_encoding_benchmarks\quantum_circuits\two_qutrit\monomial_full__sup023_P210_ph001\CZ3_W.qpy,C:\Users\szymon\QuditsOnQubits\QuditsOnQubits\basis_direct_encoding_benchmarks\quantum_circuits\two_qutrit\monomial_full__sup023_P210_ph001\graph_state_direct_basis.qpy,C:\Users\szymon\QuditsOnQubits\QuditsOnQubits\basis_direct_encoding_benchmarks\quantum_circuits\two_qutrit\monomial_full__sup023_P210_ph001\graph_state_direct_basis_transpiled.qpy,,C:\Users\szymon\QuditsOnQubits\QuditsOnQubits\basis_direct_encoding_benchmarks\quantum_circuits\two_qutrit\monomial_full__sup023_P210_ph001\E.npy
direct_basis_encoding,two_qutrit,two_qutrit,star,two_qutrit,2,2,4,sup023_P210_ph002,monomial,monomial_full,sup023_P210_ph002,False,True,17,45,62,43,,,0.891034,True,False,ok,,Converted from legacy E_new 4x3 isometry candidate.; Fidelity skipped because transpiled circuit has 128 qubits.,43,46.6,3.29,62,67.3,17,18.5,128,"{'rz': 20, 'cz': 14, 'sx': 13, 'rx': 12, 'rzz': 3}",10,10,0,C:\Users\szymon\QuditsOnQubits\QuditsOnQubits\basis_direct_encoding_benchmarks\quantum_circuits\two_qutrit\monomial_full__sup023_P210_ph002,C:\Users\szymon\QuditsOnQubits\QuditsOnQubits\basis_direct_encoding_benchmarks\quantum_circuits\two_qutrit\monomial_full__sup023_P210_ph002\F3_W.qpy,C:\Users\szymon\QuditsOnQubits\QuditsOnQubits\basis_direct_encoding_benchmarks\quantum_circuits\two_qutrit\monomial_full__sup023_P210_ph002\CZ3_W.qpy,C:\Users\szymon\QuditsOnQubits\QuditsOnQubits\basis_direct_encoding_benchmarks\quantum_circuits\two_qutrit\monomial_full__sup023_P210_ph002\graph_state_direct_basis.qpy,C:\Users\szymon\QuditsOnQubits\QuditsOnQubits\basis_direct_encoding_benchmarks\quantum_circuits\two_qutrit\monomial_full__sup023_P210_ph002\graph_state_direct_basis_transpiled.qpy,,C:\Users\szymon\QuditsOnQubits\QuditsOnQubits\basis_direct_encoding_benchmarks\quantum_circuits\two_qutrit\monomial_full__sup023_P210_ph002\E.npy
direct_basis_encoding,two_qutrit,two_qutrit,star,two_qutrit,2,2,4,sup023_P210_ph010,monomial,monomial_full,sup023_P210_ph010,False,True,17,42,59,42,,,1.141152,True,False,ok,,Converted from legacy E_new 4x3 isometry candidate.; Fidelity skipped because transpiled circuit has 128 qubits.,42,46.3,3.63,59,64.5,17,18.5,128,"{'rz': 17, 'cz': 14, 'sx': 13, 'rx': 12, 'rzz': 3}",10,10,0,C:\Users\szymon\QuditsOnQubits\QuditsOnQubits\basis_direct_encoding_benchmarks\quantum_circuits\two_qutrit\monomial_full__sup023_P210_ph010,C:\Users\szymon\QuditsOnQubits\QuditsOnQubits\basis_direct_encoding_benchmarks\quantum_circuits\two_qutrit\monomial_full__sup023_P210_ph010\F3_W.qpy,C:\Users\szymon\QuditsOnQubits\QuditsOnQubits\basis_direct_encoding_benchmarks\quantum_circuits\two_qutrit\monomial_full__sup023_P210_ph010\CZ3_W.qpy,C:\Users\szymon\QuditsOnQubits\QuditsOnQubits\basis_direct_encoding_benchmarks\quantum_circuits\two_qutrit\monomial_full__sup023_P210_ph010\graph_state_direct_basis.qpy,C:\Users\szymon\QuditsOnQubits\QuditsOnQubits\basis_direct_encoding_benchmarks\quantum_circuits\two_qutrit\monomial_full__sup023_P210_ph010\graph_state_direct_basis_transpiled.qpy,,C:\Users\szymon\QuditsOnQubits\QuditsOnQubits\basis_direct_encoding_benchmarks\quantum_circuits\two_qutrit\monomial_full__sup023_P210_ph010\E.npy
direct_basis_encoding,two_qutrit,two_qutrit,star,two_qutrit,2,2,4,sup023_P210_ph011,monomial,monomial_full,sup023_P210_ph011,False,True,17,43,60,42,,,0.945472,True,False,ok,,Converted from legacy E_new 4x3 isometry candidate.; Fidelity skipped because transpiled circuit has 128 qubits.,42,46.0,3.29,60,66.2,17,18.5,128,"{'rz': 18, 'cz': 14, 'sx': 13, 'rx': 12, 'rzz': 3}",10,10,0,C:\Users\szymon\QuditsOnQubits\QuditsOnQubits\basis_direct_encoding_benchmarks\quantum_circuits\two_qutrit\monomial_full__sup023_P210_ph011,C:\Users\szymon\QuditsOnQubits\QuditsOnQubits\basis_direct_encoding_benchmarks\quantum_circuits\two_qutrit\monomial_full__sup023_P210_ph011\F3_W.qpy,C:\Users\szymon\QuditsOnQubits\QuditsOnQubits\basis_direct_encoding_benchmarks\quantum_circuits\two_qutrit\monomial_full__sup023_P210_ph011\CZ3_W.qpy,C:\Users\szymon\QuditsOnQubits\QuditsOnQubits\basis_direct_encoding_benchmarks\quantum_circuits\two_qutrit\monomial_full__sup023_P210_ph011\graph_state_direct_basis.qpy,C:\Users\szymon\QuditsOnQubits\QuditsOnQubits\basis_direct_encoding_benchmarks\quantum_circuits\two_qutrit\monomial_full__sup023_P210_ph011\graph_state_direct_basis_transpiled.qpy,,C:\Users\szymon\QuditsOnQubits\QuditsOnQubits\basis_direct_encoding_benchmarks\quantum_circuits\two_qutrit\monomial_full__sup023_P210_ph011\E.npy
direct_basis_encoding,two_qutrit,two_qutrit,star,two_qutrit,2,2,4,sup023_P210_ph012,monomial,monomial_full,sup023_P210_ph012,False,True,17,45,62,43,,,0.830969,True,False,ok,,Converted from legacy E_new 4x3 isometry candidate.; Fidelity skipped because transpiled circuit has 128 qubits.,43,46.9,3.18,62,67.9,17,18.5,128,"{'rz': 20, 'cz': 14, 'sx': 13, 'rx': 12, 'rzz': 3}",10,10,0,C:\Users\szymon\QuditsOnQubits\QuditsOnQubits\basis_direct_encoding_benchmarks\quantum_circuits\two_qutrit\monomial_full__sup023_P210_ph012,C:\Users\szymon\QuditsOnQubits\QuditsOnQubits\basis_direct_encoding_benchmarks\quantum_circuits\two_qutrit\monomial_full__sup023_P210_ph012\F3_W.qpy,C:\Users\szymon\QuditsOnQubits\QuditsOnQubits\basis_direct_encoding_benchmarks\quantum_circuits\two_qutrit\monomial_full__sup023_P210_ph012\CZ3_W.qpy,C:\Users\szymon\QuditsOnQubits\QuditsOnQubits\basis_direct_encoding_benchmarks\quantum_circuits\two_qutrit\monomial_full__sup023_P210_ph012\graph_state_direct_basis.qpy,C:\Users\szymon\QuditsOnQubits\QuditsOnQubits\basis_direct_encoding_benchmarks\quantum_circuits\two_qutrit\monomial_full__sup023_P210_ph012\graph_state_direct_basis_transpiled.qpy,,C:\Users\szymon\QuditsOnQubits\QuditsOnQubits\basis_direct_encoding_benchmarks\quantum_circuits\two_qutrit\monomial_full__sup023_P210_ph012\E.npy
direct_basis_encoding,two_qutrit,two_qutrit,star,two_qutrit,2,2,4,sup023_P210_ph020,monomial,monomial_full,sup023_P210_ph020,False,True,17,43,60,42,,,0.909666,True,False,ok,,Converted from legacy E_new 4x3 isometry candidate.; Fidelity skipped because transpiled circuit has 128 qubits.,42,46.3,3.63,60,65.1,17,18.5,128,"{'rz': 17, 'cz': 14, 'sx': 13, 'rx': 13, 'rzz': 3}",10,10,0,C:\Users\szymon\QuditsOnQubits\QuditsOnQubits\basis_direct_encoding_benchmarks\quantum_circuits\two_qutrit\monomial_full__sup023_P210_ph020,C:\Users\szymon\QuditsOnQubits\QuditsOnQubits\basis_direct_encoding_benchmarks\quantum_circuits\two_qutrit\monomial_full__sup023_P210_ph020\F3_W.qpy,C:\Users\szymon\QuditsOnQubits\QuditsOnQubits\basis_direct_encoding_benchmarks\quantum_circuits\two_qutrit\monomial_full__sup023_P210_ph020\CZ3_W.qpy,C:\Users\szymon\QuditsOnQubits\QuditsOnQubits\basis_direct_encoding_benchmarks\quantum_circuits\two_qutrit\monomial_full__sup023_P210_ph020\graph_state_direct_basis.qpy,C:\Users\szymon\QuditsOnQubits\QuditsOnQubits\basis_direct_encoding_benchmarks\quantum_circuits\two_qutrit\monomial_full__sup023_P210_ph020\graph_state_direct_basis_transpiled.qpy,,C:\Users\szymon\QuditsOnQubits\QuditsOnQubits\basis_direct_encoding_benchmarks\quantum_circuits\two_qutrit\monomial_full__sup023_P210_ph020\E.npy
direct_basis_encoding,two_qutrit,two_qutrit,star,two_qutrit,2,2,4,sup023_P210_ph021,monomial,monomial_full,sup023_P210_ph021,False,True,17,45,62,43,,,1.014087,True,False,ok,,Converted from legacy E_new 4x3 isometry candidate.; Fidelity skipped because transpiled circuit has 128 qubits.,43,46.9,3.18,62,67.9,17,18.5,128,"{'rz': 20, 'cz': 14, 'sx': 13, 'rx': 12, 'rzz': 3}",10,10,0,C:\Users\szymon\QuditsOnQubits\QuditsOnQubits\basis_direct_encoding_benchmarks\quantum_circuits\two_qutrit\monomial_full__sup023_P210_ph021,C:\Users\szymon\QuditsOnQubits\QuditsOnQubits\basis_direct_encoding_benchmarks\quantum_circuits\two_qutrit\monomial_full__sup023_P210_ph021\F3_W.qpy,C:\Users\szymon\QuditsOnQubits\QuditsOnQubits\basis_direct_encoding_benchmarks\quantum_circuits\two_qutrit\monomial_full__sup023_P210_ph021\CZ3_W.qpy,C:\Users\szymon\QuditsOnQubits\QuditsOnQubits\basis_direct_encoding_benchmarks\quantum_circuits\two_qutrit\monomial_full__sup023_P210_ph021\graph_state_direct_basis.qpy,C:\Users\szymon\QuditsOnQubits\QuditsOnQubits\basis_direct_encoding_benchmarks\quantum_circuits\two_qutrit\monomial_full__sup023_P210_ph021\graph_state_direct_basis_transpiled.qpy,,C:\Users\szymon\QuditsOnQubits\QuditsOnQubits\basis_direct_encoding_benchmarks\quantum_circuits\two_qutrit\monomial_full__sup023_P210_ph021\E.npy
direct_basis_encoding,two_qutrit,two_qutrit,star,two_qutrit,2,2,4,sup023_P210_ph022,monomial,monomial_full,sup023_P210_ph022,False,True,17,43,60,42,,,0.92355,True,False,ok,,Converted from legacy E_new 4x3 isometry candidate.; Fidelity skipped because transpiled circuit has 128 qubits.,42,46.0,3.29,60,66.2,17,18.5,128,"{'rz': 18, 'cz': 14, 'sx': 13, 'rx': 12, 'rzz': 3}",10,10,0,C:\Users\szymon\QuditsOnQubits\QuditsOnQubits\basis_direct_encoding_benchmarks\quantum_circuits\two_qutrit\monomial_full__sup023_P210_ph022,C:\Users\szymon\QuditsOnQubits\QuditsOnQubits\basis_direct_encoding_benchmarks\quantum_circuits\two_qutrit\monomial_full__sup023_P210_ph022\F3_W.qpy,C:\Users\szymon\QuditsOnQubits\QuditsOnQubits\basis_direct_encoding_benchmarks\quantum_circuits\two_qutrit\monomial_full__sup023_P210_ph022\CZ3_W.qpy,C:\Users\szymon\QuditsOnQubits\QuditsOnQubits\basis_direct_encoding_benchmarks\quantum_circuits\two_qutrit\monomial_full__sup023_P210_ph022\graph_state_direct_basis.qpy,C:\Users\szymon\QuditsOnQubits\QuditsOnQubits\basis_direct_encoding_benchmarks\quantum_circuits\two_qutrit\monomial_full__sup023_P210_ph022\graph_state_direct_basis_transpiled.qpy,,C:\Users\szymon\QuditsOnQubits\QuditsOnQubits\basis_direct_encoding_benchmarks\quantum_circuits\two_qutrit\monomial_full__sup023_P210_ph022\E.npy
direct_basis_encoding,two_qutrit,two_qutrit,star,two_qutrit,2,2,4,sup023_P210_ph100,monomial,monomial_full,sup023_P210_ph100,False,True,17,43,60,42,,,1.106135,True,False,ok,,Converted from legacy E_new 4x3 isometry candidate.; Fidelity skipped because transpiled circuit has 128 qubits.,42,46.0,3.29,60,66.2,17,18.5,128,"{'rz': 18, 'cz': 14, 'sx': 13, 'rx': 12, 'rzz': 3}",10,10,0,C:\Users\szymon\QuditsOnQubits\QuditsOnQubits\basis_direct_encoding_benchmarks\quantum_circuits\two_qutrit\monomial_full__sup023_P210_ph100,C:\Users\szymon\QuditsOnQubits\QuditsOnQubits\basis_direct_encoding_benchmarks\quantum_circuits\two_qutrit\monomial_full__sup023_P210_ph100\F3_W.qpy,C:\Users\szymon\QuditsOnQubits\QuditsOnQubits\basis_direct_encoding_benchmarks\quantum_circuits\two_qutrit\monomial_full__sup023_P210_ph100\CZ3_W.qpy,C:\Users\szymon\QuditsOnQubits\QuditsOnQubits\basis_direct_encoding_benchmarks\quantum_circuits\two_qutrit\monomial_full__sup023_P210_ph100\graph_state_direct_basis.qpy,C:\Users\szymon\QuditsOnQubits\QuditsOnQubits\basis_direct_encoding_benchmarks\quantum_circuits\two_qutrit\monomial_full__sup023_P210_ph100\graph_state_direct_basis_transpiled.qpy,,C:\Users\szymon\QuditsOnQubits\QuditsOnQubits\basis_direct_encoding_benchmarks\quantum_circuits\two_qutrit\monomial_full__sup023_P210_ph100\E.npy
direct_basis_encoding,two_qutrit,two_qutrit,star,two_qutrit,2,2,4,sup023_P210_ph101,monomial,monomial_full,sup023_P210_ph101,False,True,17,45,62,43,,,1.098804,True,False,ok,,Converted from legacy E_new 4x3 isometry candidate.; Fidelity skipped because transpiled circuit has 128 qubits.,43,46.9,3.18,62,68.2,17,18.5,128,"{'rz': 20, 'cz': 14, 'sx': 13, 'rx': 12, 'rzz': 3}",10,10,0,C:\Users\szymon\QuditsOnQubits\QuditsOnQubits\basis_direct_encoding_benchmarks\quantum_circuits\two_qutrit\monomial_full__sup023_P210_ph101,C:\Users\szymon\QuditsOnQubits\QuditsOnQubits\basis_direct_encoding_benchmarks\quantum_circuits\two_qutrit\monomial_full__sup023_P210_ph101\F3_W.qpy,C:\Users\szymon\QuditsOnQubits\QuditsOnQubits\basis_direct_encoding_benchmarks\quantum_circuits\two_qutrit\monomial_full__sup023_P210_ph101\CZ3_W.qpy,C:\Users\szymon\QuditsOnQubits\QuditsOnQubits\basis_direct_encoding_benchmarks\quantum_circuits\two_qutrit\monomial_full__sup023_P210_ph101\graph_state_direct_basis.qpy,C:\Users\szymon\QuditsOnQubits\QuditsOnQubits\basis_direct_encoding_benchmarks\quantum_circuits\two_qutrit\monomial_full__sup023_P210_ph101\graph_state_direct_basis_transpiled.qpy,,C:\Users\szymon\QuditsOnQubits\QuditsOnQubits\basis_direct_encoding_benchmarks\quantum_circuits\two_qutrit\monomial_full__sup023_P210_ph101\E.npy
direct_basis_encoding,two_qutrit,two_qutrit,star,two_qutrit,2,2,4,sup023_P210_ph102,monomial,monomial_full,sup023_P210_ph102,False,True,17,43,60,42,,,1.040336,True,False,ok,,Converted from legacy E_new 4x3 isometry candidate.; Fidelity skipped because transpiled circuit has 128 qubits.,42,46.3,3.63,60,65.4,17,18.5,128,"{'rz': 17, 'cz': 14, 'sx': 13, 'rx': 13, 'rzz': 3}",10,10,0,C:\Users\szymon\QuditsOnQubits\QuditsOnQubits\basis_direct_encoding_benchmarks\quantum_circuits\two_qutrit\monomial_full__sup023_P210_ph102,C:\Users\szymon\QuditsOnQubits\QuditsOnQubits\basis_direct_encoding_benchmarks\quantum_circuits\two_qutrit\monomial_full__sup023_P210_ph102\F3_W.qpy,C:\Users\szymon\QuditsOnQubits\QuditsOnQubits\basis_direct_encoding_benchmarks\quantum_circuits\two_qutrit\monomial_full__sup023_P210_ph102\CZ3_W.qpy,C:\Users\szymon\QuditsOnQubits\QuditsOnQubits\basis_direct_encoding_benchmarks\quantum_circuits\two_qutrit\monomial_full__sup023_P210_ph102\graph_state_direct_basis.qpy,C:\Users\szymon\QuditsOnQubits\QuditsOnQubits\basis_direct_encoding_benchmarks\quantum_circuits\two_qutrit\monomial_full__sup023_P210_ph102\graph_state_direct_basis_transpiled.qpy,,C:\Users\szymon\QuditsOnQubits\QuditsOnQubits\basis_direct_encoding_benchmarks\quantum_circuits\two_qutrit\monomial_full__sup023_P210_ph102\E.npy
direct_basis_encoding,two_qutrit,two_qutrit,star,two_qutrit,2,2,4,sup023_P210_ph110,monomial,monomial_full,sup023_P210_ph110,False,True,17,45,62,43,,,0.976625,True,False,ok,,Converted from legacy E_new 4x3 isometry candidate.; Fidelity skipped because transpiled circuit has 128 qubits.,43,46.9,3.18,62,67.9,17,18.5,128,"{'rz': 20, 'cz': 14, 'sx': 13, 'rx': 12, 'rzz': 3}",10,10,0,C:\Users\szymon\QuditsOnQubits\QuditsOnQubits\basis_direct_encoding_benchmarks\quantum_circuits\two_qutrit\monomial_full__sup023_P210_ph110,C:\Users\szymon\QuditsOnQubits\QuditsOnQubits\basis_direct_encoding_benchmarks\quantum_circuits\two_qutrit\monomial_full__sup023_P210_ph110\F3_W.qpy,C:\Users\szymon\QuditsOnQubits\QuditsOnQubits\basis_direct_encoding_benchmarks\quantum_circuits\two_qutrit\monomial_full__sup023_P210_ph110\CZ3_W.qpy,C:\Users\szymon\QuditsOnQubits\QuditsOnQubits\basis_direct_encoding_benchmarks\quantum_circuits\two_qutrit\monomial_full__sup023_P210_ph110\graph_state_direct_basis.qpy,C:\Users\szymon\QuditsOnQubits\QuditsOnQubits\basis_direct_encoding_benchmarks\quantum_circuits\two_qutrit\monomial_full__sup023_P210_ph110\graph_state_direct_basis_transpiled.qpy,,C:\Users\szymon\QuditsOnQubits\QuditsOnQubits\basis_direct_encoding_benchmarks\quantum_circuits\two_qutrit\monomial_full__sup023_P210_ph110\E.npy
direct_basis_encoding,two_qutrit,two_qutrit,star,two_qutrit,2,2,4,sup023_P210_ph111,monomial,monomial_full,sup023_P210_ph111,False,True,17,43,60,42,,,1.33014,True,False,ok,,Converted from legacy E_new 4x3 isometry candidate.; Fidelity skipped because transpiled circuit has 128 qubits.,42,46.0,3.29,60,65.9,17,18.5,128,"{'rz': 18, 'cz': 14, 'sx': 13, 'rx': 12, 'rzz': 3}",10,10,0,C:\Users\szymon\QuditsOnQubits\QuditsOnQubits\basis_direct_encoding_benchmarks\quantum_circuits\two_qutrit\monomial_full__sup023_P210_ph111,C:\Users\szymon\QuditsOnQubits\QuditsOnQubits\basis_direct_encoding_benchmarks\quantum_circuits\two_qutrit\monomial_full__sup023_P210_ph111\F3_W.qpy,C:\Users\szymon\QuditsOnQubits\QuditsOnQubits\basis_direct_encoding_benchmarks\quantum_circuits\two_qutrit\monomial_full__sup023_P210_ph111\CZ3_W.qpy,C:\Users\szymon\QuditsOnQubits\QuditsOnQubits\basis_direct_encoding_benchmarks\quantum_circuits\two_qutrit\monomial_full__sup023_P210_ph111\graph_state_direct_basis.qpy,C:\Users\szymon\QuditsOnQubits\QuditsOnQubits\basis_direct_encoding_benchmarks\quantum_circuits\two_qutrit\monomial_full__sup023_P210_ph111\graph_state_direct_basis_transpiled.qpy,,C:\Users\szymon\QuditsOnQubits\QuditsOnQubits\basis_direct_encoding_benchmarks\quantum_circuits\two_qutrit\monomial_full__sup023_P210_ph111\E.npy
direct_basis_encoding,two_qutrit,two_qutrit,star,two_qutrit,2,2,4,sup023_P210_ph112,monomial,monomial_full,sup023_P210_ph112,False,True,17,43,60,42,,,1.271389,True,False,ok,,Converted from legacy E_new 4x3 isometry candidate.; Fidelity skipped because transpiled circuit has 128 qubits.,42,46.3,3.63,60,65.1,17,18.5,128,"{'rz': 17, 'cz': 14, 'sx': 13, 'rx': 13, 'rzz': 3}",10,10,0,C:\Users\szymon\QuditsOnQubits\QuditsOnQubits\basis_direct_encoding_benchmarks\quantum_circuits\two_qutrit\monomial_full__sup023_P210_ph112,C:\Users\szymon\QuditsOnQubits\QuditsOnQubits\basis_direct_encoding_benchmarks\quantum_circuits\two_qutrit\monomial_full__sup023_P210_ph112\F3_W.qpy,C:\Users\szymon\QuditsOnQubits\QuditsOnQubits\basis_direct_encoding_benchmarks\quantum_circuits\two_qutrit\monomial_full__sup023_P210_ph112\CZ3_W.qpy,C:\Users\szymon\QuditsOnQubits\QuditsOnQubits\basis_direct_encoding_benchmarks\quantum_circuits\two_qutrit\monomial_full__sup023_P210_ph112\graph_state_direct_basis.qpy,C:\Users\szymon\QuditsOnQubits\QuditsOnQubits\basis_direct_encoding_benchmarks\quantum_circuits\two_qutrit\monomial_full__sup023_P210_ph112\graph_state_direct_basis_transpiled.qpy,,C:\Users\szymon\QuditsOnQubits\QuditsOnQubits\basis_direct_encoding_benchmarks\quantum_circuits\two_qutrit\monomial_full__sup023_P210_ph112\E.npy
direct_basis_encoding,two_qutrit,two_qutrit,star,two_qutrit,2,2,4,sup023_P210_ph120,monomial,monomial_full,sup023_P210_ph120,False,True,17,46,63,43,,,0.821695,True,False,ok,,Converted from legacy E_new 4x3 isometry candidate.; Fidelity skipped because transpiled circuit has 128 qubits.,43,46.6,3.29,63,68.5,17,18.5,128,"{'rz': 20, 'cz': 14, 'sx': 13, 'rx': 13, 'rzz': 3}",10,10,0,C:\Users\szymon\QuditsOnQubits\QuditsOnQubits\basis_direct_encoding_benchmarks\quantum_circuits\two_qutrit\monomial_full__sup023_P210_ph120,C:\Users\szymon\QuditsOnQubits\QuditsOnQubits\basis_direct_encoding_benchmarks\quantum_circuits\two_qutrit\monomial_full__sup023_P210_ph120\F3_W.qpy,C:\Users\szymon\QuditsOnQubits\QuditsOnQubits\basis_direct_encoding_benchmarks\quantum_circuits\two_qutrit\monomial_full__sup023_P210_ph120\CZ3_W.qpy,C:\Users\szymon\QuditsOnQubits\QuditsOnQubits\basis_direct_encoding_benchmarks\quantum_circuits\two_qutrit\monomial_full__sup023_P210_ph120\graph_state_direct_basis.qpy,C:\Users\szymon\QuditsOnQubits\QuditsOnQubits\basis_direct_encoding_benchmarks\quantum_circuits\two_qutrit\monomial_full__sup023_P210_ph120\graph_state_direct_basis_transpiled.qpy,,C:\Users\szymon\QuditsOnQubits\QuditsOnQubits\basis_direct_encoding_benchmarks\quantum_circuits\two_qutrit\monomial_full__sup023_P210_ph120\E.npy
direct_basis_encoding,two_qutrit,two_qutrit,star,two_qutrit,2,2,4,sup023_P210_ph121,monomial,monomial_full,sup023_P210_ph121,False,True,17,45,62,43,,,0.966364,True,False,ok,,Converted from legacy E_new 4x3 isometry candidate.; Fidelity skipped because transpiled circuit has 128 qubits.,43,46.6,3.29,62,67.6,17,18.5,128,"{'rz': 20, 'cz': 14, 'sx': 13, 'rx': 12, 'rzz': 3}",10,10,0,C:\Users\szymon\QuditsOnQubits\QuditsOnQubits\basis_direct_encoding_benchmarks\quantum_circuits\two_qutrit\monomial_full__sup023_P210_ph121,C:\Users\szymon\QuditsOnQubits\QuditsOnQubits\basis_direct_encoding_benchmarks\quantum_circuits\two_qutrit\monomial_full__sup023_P210_ph121\F3_W.qpy,C:\Users\szymon\QuditsOnQubits\QuditsOnQubits\basis_direct_encoding_benchmarks\quantum_circuits\two_qutrit\monomial_full__sup023_P210_ph121\CZ3_W.qpy,C:\Users\szymon\QuditsOnQubits\QuditsOnQubits\basis_direct_encoding_benchmarks\quantum_circuits\two_qutrit\monomial_full__sup023_P210_ph121\graph_state_direct_basis.qpy,C:\Users\szymon\QuditsOnQubits\QuditsOnQubits\basis_direct_encoding_benchmarks\quantum_circuits\two_qutrit\monomial_full__sup023_P210_ph121\graph_state_direct_basis_transpiled.qpy,,C:\Users\szymon\QuditsOnQubits\QuditsOnQubits\basis_direct_encoding_benchmarks\quantum_circuits\two_qutrit\monomial_full__sup023_P210_ph121\E.npy
direct_basis_encoding,two_qutrit,two_qutrit,star,two_qutrit,2,2,4,sup023_P210_ph122,monomial,monomial_full,sup023_P210_ph122,False,True,17,40,57,41,,,1.108343,True,False,ok,,Converted from legacy E_new 4x3 isometry candidate.; Fidelity skipped because transpiled circuit has 128 qubits.,41,45.1,3.88,57,62.8,17,18.5,128,"{'rz': 15, 'cz': 14, 'sx': 13, 'rx': 12, 'rzz': 3}",10,10,0,C:\Users\szymon\QuditsOnQubits\QuditsOnQubits\basis_direct_encoding_benchmarks\quantum_circuits\two_qutrit\monomial_full__sup023_P210_ph122,C:\Users\szymon\QuditsOnQubits\QuditsOnQubits\basis_direct_encoding_benchmarks\quantum_circuits\two_qutrit\monomial_full__sup023_P210_ph122\F3_W.qpy,C:\Users\szymon\QuditsOnQubits\QuditsOnQubits\basis_direct_encoding_benchmarks\quantum_circuits\two_qutrit\monomial_full__sup023_P210_ph122\CZ3_W.qpy,C:\Users\szymon\QuditsOnQubits\QuditsOnQubits\basis_direct_encoding_benchmarks\quantum_circuits\two_qutrit\monomial_full__sup023_P210_ph122\graph_state_direct_basis.qpy,C:\Users\szymon\QuditsOnQubits\QuditsOnQubits\basis_direct_encoding_benchmarks\quantum_circuits\two_qutrit\monomial_full__sup023_P210_ph122\graph_state_direct_basis_transpiled.qpy,,C:\Users\szymon\QuditsOnQubits\QuditsOnQubits\basis_direct_encoding_benchmarks\quantum_circuits\two_qutrit\monomial_full__sup023_P210_ph122\E.npy
direct_basis_encoding,two_qutrit,two_qutrit,star,two_qutrit,2,2,4,sup023_P210_ph200,monomial,monomial_full,sup023_P210_ph200,False,True,17,44,61,42,,,0.958983,True,False,ok,,Converted from legacy E_new 4x3 isometry candidate.; Fidelity skipped because transpiled circuit has 128 qubits.,42,46.0,3.29,61,66.8,17,18.5,128,"{'rz': 18, 'cz': 14, 'sx': 13, 'rx': 13, 'rzz': 3}",10,10,0,C:\Users\szymon\QuditsOnQubits\QuditsOnQubits\basis_direct_encoding_benchmarks\quantum_circuits\two_qutrit\monomial_full__sup023_P210_ph200,C:\Users\szymon\QuditsOnQubits\QuditsOnQubits\basis_direct_encoding_benchmarks\quantum_circuits\two_qutrit\monomial_full__sup023_P210_ph200\F3_W.qpy,C:\Users\szymon\QuditsOnQubits\QuditsOnQubits\basis_direct_encoding_benchmarks\quantum_circuits\two_qutrit\monomial_full__sup023_P210_ph200\CZ3_W.qpy,C:\Users\szymon\QuditsOnQubits\QuditsOnQubits\basis_direct_encoding_benchmarks\quantum_circuits\two_qutrit\monomial_full__sup023_P210_ph200\graph_state_direct_basis.qpy,C:\Users\szymon\QuditsOnQubits\QuditsOnQubits\basis_direct_encoding_benchmarks\quantum_circuits\two_qutrit\monomial_full__sup023_P210_ph200\graph_state_direct_basis_transpiled.qpy,,C:\Users\szymon\QuditsOnQubits\QuditsOnQubits\basis_direct_encoding_benchmarks\quantum_circuits\two_qutrit\monomial_full__sup023_P210_ph200\E.npy
direct_basis_encoding,two_qutrit,two_qutrit,star,two_qutrit,2,2,4,sup023_P210_ph201,monomial,monomial_full,sup023_P210_ph201,False,True,17,42,59,42,,,0.956382,True,False,ok,,Converted from legacy E_new 4x3 isometry candidate.; Fidelity skipped because transpiled circuit has 128 qubits.,42,46.3,3.63,59,64.5,17,18.5,128,"{'rz': 17, 'cz': 14, 'sx': 13, 'rx': 12, 'rzz': 3}",10,10,0,C:\Users\szymon\QuditsOnQubits\QuditsOnQubits\basis_direct_encoding_benchmarks\quantum_circuits\two_qutrit\monomial_full__sup023_P210_ph201,C:\Users\szymon\QuditsOnQubits\QuditsOnQubits\basis_direct_encoding_benchmarks\quantum_circuits\two_qutrit\monomial_full__sup023_P210_ph201\F3_W.qpy,C:\Users\szymon\QuditsOnQubits\QuditsOnQubits\basis_direct_encoding_benchmarks\quantum_circuits\two_qutrit\monomial_full__sup023_P210_ph201\CZ3_W.qpy,C:\Users\szymon\QuditsOnQubits\QuditsOnQubits\basis_direct_encoding_benchmarks\quantum_circuits\two_qutrit\monomial_full__sup023_P210_ph201\graph_state_direct_basis.qpy,C:\Users\szymon\QuditsOnQubits\QuditsOnQubits\basis_direct_encoding_benchmarks\quantum_circuits\two_qutrit\monomial_full__sup023_P210_ph201\graph_state_direct_basis_transpiled.qpy,,C:\Users\szymon\QuditsOnQubits\QuditsOnQubits\basis_direct_encoding_benchmarks\quantum_circuits\two_qutrit\monomial_full__sup023_P210_ph201\E.npy
direct_basis_encoding,two_qutrit,two_qutrit,star,two_qutrit,2,2,4,sup023_P210_ph202,monomial,monomial_full,sup023_P210_ph202,False,True,17,45,62,43,,,0.952434,True,False,ok,,Converted from legacy E_new 4x3 isometry candidate.; Fidelity skipped because transpiled circuit has 128 qubits.,43,46.9,3.18,62,68.2,17,18.5,128,"{'rz': 20, 'cz': 14, 'sx': 13, 'rx': 12, 'rzz': 3}",10,10,0,C:\Users\szymon\QuditsOnQubits\QuditsOnQubits\basis_direct_encoding_benchmarks\quantum_circuits\two_qutrit\monomial_full__sup023_P210_ph202,C:\Users\szymon\QuditsOnQubits\QuditsOnQubits\basis_direct_encoding_benchmarks\quantum_circuits\two_qutrit\monomial_full__sup023_P210_ph202\F3_W.qpy,C:\Users\szymon\QuditsOnQubits\QuditsOnQubits\basis_direct_encoding_benchmarks\quantum_circuits\two_qutrit\monomial_full__sup023_P210_ph202\CZ3_W.qpy,C:\Users\szymon\QuditsOnQubits\QuditsOnQubits\basis_direct_encoding_benchmarks\quantum_circuits\two_qutrit\monomial_full__sup023_P210_ph202\graph_state_direct_basis.qpy,C:\Users\szymon\QuditsOnQubits\QuditsOnQubits\basis_direct_encoding_benchmarks\quantum_circuits\two_qutrit\monomial_full__sup023_P210_ph202\graph_state_direct_basis_transpiled.qpy,,C:\Users\szymon\QuditsOnQubits\QuditsOnQubits\basis_direct_encoding_benchmarks\quantum_circuits\two_qutrit\monomial_full__sup023_P210_ph202\E.npy
direct_basis_encoding,two_qutrit,two_qutrit,star,two_qutrit,2,2,4,sup023_P210_ph210,monomial,monomial_full,sup023_P210_ph210,False,True,17,46,63,43,,,1.032853,True,False,ok,,Converted from legacy E_new 4x3 isometry candidate.; Fidelity skipped because transpiled circuit has 128 qubits.,43,46.6,3.29,63,68.2,17,18.5,128,"{'rz': 20, 'cz': 14, 'sx': 13, 'rx': 13, 'rzz': 3}",10,10,0,C:\Users\szymon\QuditsOnQubits\QuditsOnQubits\basis_direct_encoding_benchmarks\quantum_circuits\two_qutrit\monomial_full__sup023_P210_ph210,C:\Users\szymon\QuditsOnQubits\QuditsOnQubits\basis_direct_encoding_benchmarks\quantum_circuits\two_qutrit\monomial_full__sup023_P210_ph210\F3_W.qpy,C:\Users\szymon\QuditsOnQubits\QuditsOnQubits\basis_direct_encoding_benchmarks\quantum_circuits\two_qutrit\monomial_full__sup023_P210_ph210\CZ3_W.qpy,C:\Users\szymon\QuditsOnQubits\QuditsOnQubits\basis_direct_encoding_benchmarks\quantum_circuits\two_qutrit\monomial_full__sup023_P210_ph210\graph_state_direct_basis.qpy,C:\Users\szymon\QuditsOnQubits\QuditsOnQubits\basis_direct_encoding_benchmarks\quantum_circuits\two_qutrit\monomial_full__sup023_P210_ph210\graph_state_direct_basis_transpiled.qpy,,C:\Users\szymon\QuditsOnQubits\QuditsOnQubits\basis_direct_encoding_benchmarks\quantum_circuits\two_qutrit\monomial_full__sup023_P210_ph210\E.npy
direct_basis_encoding,two_qutrit,two_qutrit,star,two_qutrit,2,2,4,sup023_P210_ph211,monomial,monomial_full,sup023_P210_ph211,False,True,17,40,57,41,,,1.072734,True,False,ok,,Converted from legacy E_new 4x3 isometry candidate.; Fidelity skipped because transpiled circuit has 128 qubits.,41,45.1,3.88,57,62.5,17,18.5,128,"{'rz': 15, 'cz': 14, 'sx': 13, 'rx': 12, 'rzz': 3}",10,10,0,C:\Users\szymon\QuditsOnQubits\QuditsOnQubits\basis_direct_encoding_benchmarks\quantum_circuits\two_qutrit\monomial_full__sup023_P210_ph211,C:\Users\szymon\QuditsOnQubits\QuditsOnQubits\basis_direct_encoding_benchmarks\quantum_circuits\two_qutrit\monomial_full__sup023_P210_ph211\F3_W.qpy,C:\Users\szymon\QuditsOnQubits\QuditsOnQubits\basis_direct_encoding_benchmarks\quantum_circuits\two_qutrit\monomial_full__sup023_P210_ph211\CZ3_W.qpy,C:\Users\szymon\QuditsOnQubits\QuditsOnQubits\basis_direct_encoding_benchmarks\quantum_circuits\two_qutrit\monomial_full__sup023_P210_ph211\graph_state_direct_basis.qpy,C:\Users\szymon\QuditsOnQubits\QuditsOnQubits\basis_direct_encoding_benchmarks\quantum_circuits\two_qutrit\monomial_full__sup023_P210_ph211\graph_state_direct_basis_transpiled.qpy,,C:\Users\szymon\QuditsOnQubits\QuditsOnQubits\basis_direct_encoding_benchmarks\quantum_circuits\two_qutrit\monomial_full__sup023_P210_ph211\E.npy
direct_basis_encoding,two_qutrit,two_qutrit,star,two_qutrit,2,2,4,sup023_P210_ph212,monomial,monomial_full,sup023_P210_ph212,False,True,17,45,62,43,,,1.021982,True,False,ok,,Converted from legacy E_new 4x3 isometry candidate.; Fidelity skipped because transpiled circuit has 128 qubits.,43,46.6,3.29,62,67.9,17,18.5,128,"{'rz': 20, 'cz': 14, 'sx': 13, 'rx': 12, 'rzz': 3}",10,10,0,C:\Users\szymon\QuditsOnQubits\QuditsOnQubits\basis_direct_encoding_benchmarks\quantum_circuits\two_qutrit\monomial_full__sup023_P210_ph212,C:\Users\szymon\QuditsOnQubits\QuditsOnQubits\basis_direct_encoding_benchmarks\quantum_circuits\two_qutrit\monomial_full__sup023_P210_ph212\F3_W.qpy,C:\Users\szymon\QuditsOnQubits\QuditsOnQubits\basis_direct_encoding_benchmarks\quantum_circuits\two_qutrit\monomial_full__sup023_P210_ph212\CZ3_W.qpy,C:\Users\szymon\QuditsOnQubits\QuditsOnQubits\basis_direct_encoding_benchmarks\quantum_circuits\two_qutrit\monomial_full__sup023_P210_ph212\graph_state_direct_basis.qpy,C:\Users\szymon\QuditsOnQubits\QuditsOnQubits\basis_direct_encoding_benchmarks\quantum_circuits\two_qutrit\monomial_full__sup023_P210_ph212\graph_state_direct_basis_transpiled.qpy,,C:\Users\szymon\QuditsOnQubits\QuditsOnQubits\basis_direct_encoding_benchmarks\quantum_circuits\two_qutrit\monomial_full__sup023_P210_ph212\E.npy
direct_basis_encoding,two_qutrit,two_qutrit,star,two_qutrit,2,2,4,sup023_P210_ph220,monomial,monomial_full,sup023_P210_ph220,False,True,17,45,62,43,,,0.984295,True,False,ok,,Converted from legacy E_new 4x3 isometry candidate.; Fidelity skipped because transpiled circuit has 128 qubits.,43,46.9,3.18,62,67.6,17,18.5,128,"{'rz': 20, 'cz': 14, 'sx': 13, 'rx': 12, 'rzz': 3}",10,10,0,C:\Users\szymon\QuditsOnQubits\QuditsOnQubits\basis_direct_encoding_benchmarks\quantum_circuits\two_qutrit\monomial_full__sup023_P210_ph220,C:\Users\szymon\QuditsOnQubits\QuditsOnQubits\basis_direct_encoding_benchmarks\quantum_circuits\two_qutrit\monomial_full__sup023_P210_ph220\F3_W.qpy,C:\Users\szymon\QuditsOnQubits\QuditsOnQubits\basis_direct_encoding_benchmarks\quantum_circuits\two_qutrit\monomial_full__sup023_P210_ph220\CZ3_W.qpy,C:\Users\szymon\QuditsOnQubits\QuditsOnQubits\basis_direct_encoding_benchmarks\quantum_circuits\two_qutrit\monomial_full__sup023_P210_ph220\graph_state_direct_basis.qpy,C:\Users\szymon\QuditsOnQubits\QuditsOnQubits\basis_direct_encoding_benchmarks\quantum_circuits\two_qutrit\monomial_full__sup023_P210_ph220\graph_state_direct_basis_transpiled.qpy,,C:\Users\szymon\QuditsOnQubits\QuditsOnQubits\basis_direct_encoding_benchmarks\quantum_circuits\two_qutrit\monomial_full__sup023_P210_ph220\E.npy
direct_basis_encoding,two_qutrit,two_qutrit,star,two_qutrit,2,2,4,sup023_P210_ph221,monomial,monomial_full,sup023_P210_ph221,False,True,17,43,60,42,,,1.006838,True,False,ok,,Converted from legacy E_new 4x3 isometry candidate.; Fidelity skipped because transpiled circuit has 128 qubits.,42,46.3,3.63,60,65.1,17,18.5,128,"{'rz': 17, 'cz': 14, 'sx': 13, 'rx': 13, 'rzz': 3}",10,10,0,C:\Users\szymon\QuditsOnQubits\QuditsOnQubits\basis_direct_encoding_benchmarks\quantum_circuits\two_qutrit\monomial_full__sup023_P210_ph221,C:\Users\szymon\QuditsOnQubits\QuditsOnQubits\basis_direct_encoding_benchmarks\quantum_circuits\two_qutrit\monomial_full__sup023_P210_ph221\F3_W.qpy,C:\Users\szymon\QuditsOnQubits\QuditsOnQubits\basis_direct_encoding_benchmarks\quantum_circuits\two_qutrit\monomial_full__sup023_P210_ph221\CZ3_W.qpy,C:\Users\szymon\QuditsOnQubits\QuditsOnQubits\basis_direct_encoding_benchmarks\quantum_circuits\two_qutrit\monomial_full__sup023_P210_ph221\graph_state_direct_basis.qpy,C:\Users\szymon\QuditsOnQubits\QuditsOnQubits\basis_direct_encoding_benchmarks\quantum_circuits\two_qutrit\monomial_full__sup023_P210_ph221\graph_state_direct_basis_transpiled.qpy,,C:\Users\szymon\QuditsOnQubits\QuditsOnQubits\basis_direct_encoding_benchmarks\quantum_circuits\two_qutrit\monomial_full__sup023_P210_ph221\E.npy
direct_basis_encoding,two_qutrit,two_qutrit,star,two_qutrit,2,2,4,sup023_P210_ph222,monomial,monomial_full,sup023_P210_ph222,False,True,17,44,61,42,,,1.098693,True,False,ok,,Converted from legacy E_new 4x3 isometry candidate.; Fidelity skipped because transpiled circuit has 128 qubits.,42,46.0,3.29,61,66.5,17,18.5,128,"{'rz': 18, 'cz': 14, 'sx': 13, 'rx': 13, 'rzz': 3}",10,10,0,C:\Users\szymon\QuditsOnQubits\QuditsOnQubits\basis_direct_encoding_benchmarks\quantum_circuits\two_qutrit\monomial_full__sup023_P210_ph222,C:\Users\szymon\QuditsOnQubits\QuditsOnQubits\basis_direct_encoding_benchmarks\quantum_circuits\two_qutrit\monomial_full__sup023_P210_ph222\F3_W.qpy,C:\Users\szymon\QuditsOnQubits\QuditsOnQubits\basis_direct_encoding_benchmarks\quantum_circuits\two_qutrit\monomial_full__sup023_P210_ph222\CZ3_W.qpy,C:\Users\szymon\QuditsOnQubits\QuditsOnQubits\basis_direct_encoding_benchmarks\quantum_circuits\two_qutrit\monomial_full__sup023_P210_ph222\graph_state_direct_basis.qpy,C:\Users\szymon\QuditsOnQubits\QuditsOnQubits\basis_direct_encoding_benchmarks\quantum_circuits\two_qutrit\monomial_full__sup023_P210_ph222\graph_state_direct_basis_transpiled.qpy,,C:\Users\szymon\QuditsOnQubits\QuditsOnQubits\basis_direct_encoding_benchmarks\quantum_circuits\two_qutrit\monomial_full__sup023_P210_ph222\E.npy
direct_basis_encoding,two_qutrit,two_qutrit,star,two_qutrit,2,2,4,sup123_P012_ph000,monomial,monomial_full,sup123_P012_ph000,False,True,18,36,54,43,,,0.957238,True,False,ok,,Converted from legacy E_new 4x3 isometry candidate.; Fidelity skipped because transpiled circuit has 128 qubits.,43,44.0,3.0,54,57.6,18,18.6,128,"{'cz': 17, 'rz': 13, 'sx': 12, 'rx': 11, 'rzz': 1}",10,10,0,C:\Users\szymon\QuditsOnQubits\QuditsOnQubits\basis_direct_encoding_benchmarks\quantum_circuits\two_qutrit\monomial_full__sup123_P012_ph000,C:\Users\szymon\QuditsOnQubits\QuditsOnQubits\basis_direct_encoding_benchmarks\quantum_circuits\two_qutrit\monomial_full__sup123_P012_ph000\F3_W.qpy,C:\Users\szymon\QuditsOnQubits\QuditsOnQubits\basis_direct_encoding_benchmarks\quantum_circuits\two_qutrit\monomial_full__sup123_P012_ph000\CZ3_W.qpy,C:\Users\szymon\QuditsOnQubits\QuditsOnQubits\basis_direct_encoding_benchmarks\quantum_circuits\two_qutrit\monomial_full__sup123_P012_ph000\graph_state_direct_basis.qpy,C:\Users\szymon\QuditsOnQubits\QuditsOnQubits\basis_direct_encoding_benchmarks\quantum_circuits\two_qutrit\monomial_full__sup123_P012_ph000\graph_state_direct_basis_transpiled.qpy,,C:\Users\szymon\QuditsOnQubits\QuditsOnQubits\basis_direct_encoding_benchmarks\quantum_circuits\two_qutrit\monomial_full__sup123_P012_ph000\E.npy
direct_basis_encoding,two_qutrit,two_qutrit,star,two_qutrit,2,2,4,sup123_P012_ph001,monomial,monomial_full,sup123_P012_ph001,False,True,18,38,56,43,,,0.887594,True,False,ok,,Converted from legacy E_new 4x3 isometry candidate.; Fidelity skipped because transpiled circuit has 128 qubits.,43,44.5,3.2,56,58.2,18,18.6,128,"{'cz': 17, 'rz': 14, 'rx': 12, 'sx': 12, 'rzz': 1}",10,10,0,C:\Users\szymon\QuditsOnQubits\QuditsOnQubits\basis_direct_encoding_benchmarks\quantum_circuits\two_qutrit\monomial_full__sup123_P012_ph001,C:\Users\szymon\QuditsOnQubits\QuditsOnQubits\basis_direct_encoding_benchmarks\quantum_circuits\two_qutrit\monomial_full__sup123_P012_ph001\F3_W.qpy,C:\Users\szymon\QuditsOnQubits\QuditsOnQubits\basis_direct_encoding_benchmarks\quantum_circuits\two_qutrit\monomial_full__sup123_P012_ph001\CZ3_W.qpy,C:\Users\szymon\QuditsOnQubits\QuditsOnQubits\basis_direct_encoding_benchmarks\quantum_circuits\two_qutrit\monomial_full__sup123_P012_ph001\graph_state_direct_basis.qpy,C:\Users\szymon\QuditsOnQubits\QuditsOnQubits\basis_direct_encoding_benchmarks\quantum_circuits\two_qutrit\monomial_full__sup123_P012_ph001\graph_state_direct_basis_transpiled.qpy,,C:\Users\szymon\QuditsOnQubits\QuditsOnQubits\basis_direct_encoding_benchmarks\quantum_circuits\two_qutrit\monomial_full__sup123_P012_ph001\E.npy
direct_basis_encoding,two_qutrit,two_qutrit,star,two_qutrit,2,2,4,sup123_P012_ph002,monomial,monomial_full,sup123_P012_ph002,False,True,18,38,56,43,,,0.914766,True,False,ok,,Converted from legacy E_new 4x3 isometry candidate.; Fidelity skipped because transpiled circuit has 128 qubits.,43,44.5,3.2,56,58.2,18,18.6,128,"{'cz': 17, 'rz': 14, 'rx': 12, 'sx': 12, 'rzz': 1}",10,10,0,C:\Users\szymon\QuditsOnQubits\QuditsOnQubits\basis_direct_encoding_benchmarks\quantum_circuits\two_qutrit\monomial_full__sup123_P012_ph002,C:\Users\szymon\QuditsOnQubits\QuditsOnQubits\basis_direct_encoding_benchmarks\quantum_circuits\two_qutrit\monomial_full__sup123_P012_ph002\F3_W.qpy,C:\Users\szymon\QuditsOnQubits\QuditsOnQubits\basis_direct_encoding_benchmarks\quantum_circuits\two_qutrit\monomial_full__sup123_P012_ph002\CZ3_W.qpy,C:\Users\szymon\QuditsOnQubits\QuditsOnQubits\basis_direct_encoding_benchmarks\quantum_circuits\two_qutrit\monomial_full__sup123_P012_ph002\graph_state_direct_basis.qpy,C:\Users\szymon\QuditsOnQubits\QuditsOnQubits\basis_direct_encoding_benchmarks\quantum_circuits\two_qutrit\monomial_full__sup123_P012_ph002\graph_state_direct_basis_transpiled.qpy,,C:\Users\szymon\QuditsOnQubits\QuditsOnQubits\basis_direct_encoding_benchmarks\quantum_circuits\two_qutrit\monomial_full__sup123_P012_ph002\E.npy
direct_basis_encoding,two_qutrit,two_qutrit,star,two_qutrit,2,2,4,sup123_P012_ph010,monomial,monomial_full,sup123_P012_ph010,False,True,18,39,57,44,,,0.937693,True,False,ok,,Converted from legacy E_new 4x3 isometry candidate.; Fidelity skipped because transpiled circuit has 128 qubits.,44,44.9,2.7,57,60.7,18,18.6,128,"{'cz': 17, 'rz': 16, 'sx': 12, 'rx': 11, 'rzz': 1}",10,10,0,C:\Users\szymon\QuditsOnQubits\QuditsOnQubits\basis_direct_encoding_benchmarks\quantum_circuits\two_qutrit\monomial_full__sup123_P012_ph010,C:\Users\szymon\QuditsOnQubits\QuditsOnQubits\basis_direct_encoding_benchmarks\quantum_circuits\two_qutrit\monomial_full__sup123_P012_ph010\F3_W.qpy,C:\Users\szymon\QuditsOnQubits\QuditsOnQubits\basis_direct_encoding_benchmarks\quantum_circuits\two_qutrit\monomial_full__sup123_P012_ph010\CZ3_W.qpy,C:\Users\szymon\QuditsOnQubits\QuditsOnQubits\basis_direct_encoding_benchmarks\quantum_circuits\two_qutrit\monomial_full__sup123_P012_ph010\graph_state_direct_basis.qpy,C:\Users\szymon\QuditsOnQubits\QuditsOnQubits\basis_direct_encoding_benchmarks\quantum_circuits\two_qutrit\monomial_full__sup123_P012_ph010\graph_state_direct_basis_transpiled.qpy,,C:\Users\szymon\QuditsOnQubits\QuditsOnQubits\basis_direct_encoding_benchmarks\quantum_circuits\two_qutrit\monomial_full__sup123_P012_ph010\E.npy
direct_basis_encoding,two_qutrit,two_qutrit,star,two_qutrit,2,2,4,sup123_P012_ph011,monomial,monomial_full,sup123_P012_ph011,False,True,18,40,58,43,,,0.927225,True,False,ok,,Converted from legacy E_new 4x3 isometry candidate.; Fidelity skipped because transpiled circuit has 128 qubits.,43,44.5,3.2,58,60.4,18,18.6,128,"{'cz': 17, 'rz': 16, 'rx': 12, 'sx': 12, 'rzz': 1}",10,10,0,C:\Users\szymon\QuditsOnQubits\QuditsOnQubits\basis_direct_encoding_benchmarks\quantum_circuits\two_qutrit\monomial_full__sup123_P012_ph011,C:\Users\szymon\QuditsOnQubits\QuditsOnQubits\basis_direct_encoding_benchmarks\quantum_circuits\two_qutrit\monomial_full__sup123_P012_ph011\F3_W.qpy,C:\Users\szymon\QuditsOnQubits\QuditsOnQubits\basis_direct_encoding_benchmarks\quantum_circuits\two_qutrit\monomial_full__sup123_P012_ph011\CZ3_W.qpy,C:\Users\szymon\QuditsOnQubits\QuditsOnQubits\basis_direct_encoding_benchmarks\quantum_circuits\two_qutrit\monomial_full__sup123_P012_ph011\graph_state_direct_basis.qpy,C:\Users\szymon\QuditsOnQubits\QuditsOnQubits\basis_direct_encoding_benchmarks\quantum_circuits\two_qutrit\monomial_full__sup123_P012_ph011\graph_state_direct_basis_transpiled.qpy,,C:\Users\szymon\QuditsOnQubits\QuditsOnQubits\basis_direct_encoding_benchmarks\quantum_circuits\two_qutrit\monomial_full__sup123_P012_ph011\E.npy
direct_basis_encoding,two_qutrit,two_qutrit,star,two_qutrit,2,2,4,sup123_P012_ph012,monomial,monomial_full,sup123_P012_ph012,False,True,18,41,59,44,,,0.916195,True,False,ok,,Converted from legacy E_new 4x3 isometry candidate.; Fidelity skipped because transpiled circuit has 128 qubits.,44,45.4,2.91,59,61.7,18,18.6,128,"{'rz': 17, 'cz': 17, 'rx': 12, 'sx': 12, 'rzz': 1}",10,10,0,C:\Users\szymon\QuditsOnQubits\QuditsOnQubits\basis_direct_encoding_benchmarks\quantum_circuits\two_qutrit\monomial_full__sup123_P012_ph012,C:\Users\szymon\QuditsOnQubits\QuditsOnQubits\basis_direct_encoding_benchmarks\quantum_circuits\two_qutrit\monomial_full__sup123_P012_ph012\F3_W.qpy,C:\Users\szymon\QuditsOnQubits\QuditsOnQubits\basis_direct_encoding_benchmarks\quantum_circuits\two_qutrit\monomial_full__sup123_P012_ph012\CZ3_W.qpy,C:\Users\szymon\QuditsOnQubits\QuditsOnQubits\basis_direct_encoding_benchmarks\quantum_circuits\two_qutrit\monomial_full__sup123_P012_ph012\graph_state_direct_basis.qpy,C:\Users\szymon\QuditsOnQubits\QuditsOnQubits\basis_direct_encoding_benchmarks\quantum_circuits\two_qutrit\monomial_full__sup123_P012_ph012\graph_state_direct_basis_transpiled.qpy,,C:\Users\szymon\QuditsOnQubits\QuditsOnQubits\basis_direct_encoding_benchmarks\quantum_circuits\two_qutrit\monomial_full__sup123_P012_ph012\E.npy
direct_basis_encoding,two_qutrit,two_qutrit,star,two_qutrit,2,2,4,sup123_P012_ph020,monomial,monomial_full,sup123_P012_ph020,False,True,18,39,57,44,,,0.908582,True,False,ok,,Converted from legacy E_new 4x3 isometry candidate.; Fidelity skipped because transpiled circuit has 128 qubits.,44,44.9,2.7,57,60.7,18,18.6,128,"{'cz': 17, 'rz': 16, 'sx': 12, 'rx': 11, 'rzz': 1}",10,10,0,C:\Users\szymon\QuditsOnQubits\QuditsOnQubits\basis_direct_encoding_benchmarks\quantum_circuits\two_qutrit\monomial_full__sup123_P012_ph020,C:\Users\szymon\QuditsOnQubits\QuditsOnQubits\basis_direct_encoding_benchmarks\quantum_circuits\two_qutrit\monomial_full__sup123_P012_ph020\F3_W.qpy,C:\Users\szymon\QuditsOnQubits\QuditsOnQubits\basis_direct_encoding_benchmarks\quantum_circuits\two_qutrit\monomial_full__sup123_P012_ph020\CZ3_W.qpy,C:\Users\szymon\QuditsOnQubits\QuditsOnQubits\basis_direct_encoding_benchmarks\quantum_circuits\two_qutrit\monomial_full__sup123_P012_ph020\graph_state_direct_basis.qpy,C:\Users\szymon\QuditsOnQubits\QuditsOnQubits\basis_direct_encoding_benchmarks\quantum_circuits\two_qutrit\monomial_full__sup123_P012_ph020\graph_state_direct_basis_transpiled.qpy,,C:\Users\szymon\QuditsOnQubits\QuditsOnQubits\basis_direct_encoding_benchmarks\quantum_circuits\two_qutrit\monomial_full__sup123_P012_ph020\E.npy
direct_basis_encoding,two_qutrit,two_qutrit,star,two_qutrit,2,2,4,sup123_P012_ph021,monomial,monomial_full,sup123_P012_ph021,False,True,18,41,59,44,,,0.821424,True,False,ok,,Converted from legacy E_new 4x3 isometry candidate.; Fidelity skipped because transpiled circuit has 128 qubits.,44,45.4,2.91,59,61.3,18,18.6,128,"{'rz': 17, 'cz': 17, 'rx': 12, 'sx': 12, 'rzz': 1}",10,10,0,C:\Users\szymon\QuditsOnQubits\QuditsOnQubits\basis_direct_encoding_benchmarks\quantum_circuits\two_qutrit\monomial_full__sup123_P012_ph021,C:\Users\szymon\QuditsOnQubits\QuditsOnQubits\basis_direct_encoding_benchmarks\quantum_circuits\two_qutrit\monomial_full__sup123_P012_ph021\F3_W.qpy,C:\Users\szymon\QuditsOnQubits\QuditsOnQubits\basis_direct_encoding_benchmarks\quantum_circuits\two_qutrit\monomial_full__sup123_P012_ph021\CZ3_W.qpy,C:\Users\szymon\QuditsOnQubits\QuditsOnQubits\basis_direct_encoding_benchmarks\quantum_circuits\two_qutrit\monomial_full__sup123_P012_ph021\graph_state_direct_basis.qpy,C:\Users\szymon\QuditsOnQubits\QuditsOnQubits\basis_direct_encoding_benchmarks\quantum_circuits\two_qutrit\monomial_full__sup123_P012_ph021\graph_state_direct_basis_transpiled.qpy,,C:\Users\szymon\QuditsOnQubits\QuditsOnQubits\basis_direct_encoding_benchmarks\quantum_circuits\two_qutrit\monomial_full__sup123_P012_ph021\E.npy
direct_basis_encoding,two_qutrit,two_qutrit,star,two_qutrit,2,2,4,sup123_P012_ph022,monomial,monomial_full,sup123_P012_ph022,False,True,18,40,58,43,,,1.257985,True,False,ok,,Converted from legacy E_new 4x3 isometry candidate.; Fidelity skipped because transpiled circuit has 128 qubits.,43,44.5,3.2,58,60.8,18,18.6,128,"{'cz': 17, 'rz': 16, 'rx': 12, 'sx': 12, 'rzz': 1}",10,10,0,C:\Users\szymon\QuditsOnQubits\QuditsOnQubits\basis_direct_encoding_benchmarks\quantum_circuits\two_qutrit\monomial_full__sup123_P012_ph022,C:\Users\szymon\QuditsOnQubits\QuditsOnQubits\basis_direct_encoding_benchmarks\quantum_circuits\two_qutrit\monomial_full__sup123_P012_ph022\F3_W.qpy,C:\Users\szymon\QuditsOnQubits\QuditsOnQubits\basis_direct_encoding_benchmarks\quantum_circuits\two_qutrit\monomial_full__sup123_P012_ph022\CZ3_W.qpy,C:\Users\szymon\QuditsOnQubits\QuditsOnQubits\basis_direct_encoding_benchmarks\quantum_circuits\two_qutrit\monomial_full__sup123_P012_ph022\graph_state_direct_basis.qpy,C:\Users\szymon\QuditsOnQubits\QuditsOnQubits\basis_direct_encoding_benchmarks\quantum_circuits\two_qutrit\monomial_full__sup123_P012_ph022\graph_state_direct_basis_transpiled.qpy,,C:\Users\szymon\QuditsOnQubits\QuditsOnQubits\basis_direct_encoding_benchmarks\quantum_circuits\two_qutrit\monomial_full__sup123_P012_ph022\E.npy
direct_basis_encoding,two_qutrit,two_qutrit,star,two_qutrit,2,2,4,sup123_P012_ph100,monomial,monomial_full,sup123_P012_ph100,False,True,18,40,58,43,,,0.921083,True,False,ok,,Converted from legacy E_new 4x3 isometry candidate.; Fidelity skipped because transpiled circuit has 128 qubits.,43,44.5,3.2,58,60.8,18,18.6,128,"{'cz': 17, 'rz': 16, 'rx': 12, 'sx': 12, 'rzz': 1}",10,10,0,C:\Users\szymon\QuditsOnQubits\QuditsOnQubits\basis_direct_encoding_benchmarks\quantum_circuits\two_qutrit\monomial_full__sup123_P012_ph100,C:\Users\szymon\QuditsOnQubits\QuditsOnQubits\basis_direct_encoding_benchmarks\quantum_circuits\two_qutrit\monomial_full__sup123_P012_ph100\F3_W.qpy,C:\Users\szymon\QuditsOnQubits\QuditsOnQubits\basis_direct_encoding_benchmarks\quantum_circuits\two_qutrit\monomial_full__sup123_P012_ph100\CZ3_W.qpy,C:\Users\szymon\QuditsOnQubits\QuditsOnQubits\basis_direct_encoding_benchmarks\quantum_circuits\two_qutrit\monomial_full__sup123_P012_ph100\graph_state_direct_basis.qpy,C:\Users\szymon\QuditsOnQubits\QuditsOnQubits\basis_direct_encoding_benchmarks\quantum_circuits\two_qutrit\monomial_full__sup123_P012_ph100\graph_state_direct_basis_transpiled.qpy,,C:\Users\szymon\QuditsOnQubits\QuditsOnQubits\basis_direct_encoding_benchmarks\quantum_circuits\two_qutrit\monomial_full__sup123_P012_ph100\E.npy
direct_basis_encoding,two_qutrit,two_qutrit,star,two_qutrit,2,2,4,sup123_P012_ph101,monomial,monomial_full,sup123_P012_ph101,False,True,18,41,59,44,,,0.995694,True,False,ok,,Converted from legacy E_new 4x3 isometry candidate.; Fidelity skipped because transpiled circuit has 128 qubits.,44,45.4,2.91,59,61.2,18,18.6,128,"{'rz': 17, 'cz': 17, 'rx': 12, 'sx': 12, 'rzz': 1}",10,10,0,C:\Users\szymon\QuditsOnQubits\QuditsOnQubits\basis_direct_encoding_benchmarks\quantum_circuits\two_qutrit\monomial_full__sup123_P012_ph101,C:\Users\szymon\QuditsOnQubits\QuditsOnQubits\basis_direct_encoding_benchmarks\quantum_circuits\two_qutrit\monomial_full__sup123_P012_ph101\F3_W.qpy,C:\Users\szymon\QuditsOnQubits\QuditsOnQubits\basis_direct_encoding_benchmarks\quantum_circuits\two_qutrit\monomial_full__sup123_P012_ph101\CZ3_W.qpy,C:\Users\szymon\QuditsOnQubits\QuditsOnQubits\basis_direct_encoding_benchmarks\quantum_circuits\two_qutrit\monomial_full__sup123_P012_ph101\graph_state_direct_basis.qpy,C:\Users\szymon\QuditsOnQubits\QuditsOnQubits\basis_direct_encoding_benchmarks\quantum_circuits\two_qutrit\monomial_full__sup123_P012_ph101\graph_state_direct_basis_transpiled.qpy,,C:\Users\szymon\QuditsOnQubits\QuditsOnQubits\basis_direct_encoding_benchmarks\quantum_circuits\two_qutrit\monomial_full__sup123_P012_ph101\E.npy
direct_basis_encoding,two_qutrit,two_qutrit,star,two_qutrit,2,2,4,sup123_P012_ph102,monomial,monomial_full,sup123_P012_ph102,False,True,18,39,57,44,,,0.781665,True,False,ok,,Converted from legacy E_new 4x3 isometry candidate.; Fidelity skipped because transpiled circuit has 128 qubits.,44,44.9,2.7,57,60.8,18,18.6,128,"{'cz': 17, 'rz': 16, 'sx': 12, 'rx': 11, 'rzz': 1}",10,10,0,C:\Users\szymon\QuditsOnQubits\QuditsOnQubits\basis_direct_encoding_benchmarks\quantum_circuits\two_qutrit\monomial_full__sup123_P012_ph102,C:\Users\szymon\QuditsOnQubits\QuditsOnQubits\basis_direct_encoding_benchmarks\quantum_circuits\two_qutrit\monomial_full__sup123_P012_ph102\F3_W.qpy,C:\Users\szymon\QuditsOnQubits\QuditsOnQubits\basis_direct_encoding_benchmarks\quantum_circuits\two_qutrit\monomial_full__sup123_P012_ph102\CZ3_W.qpy,C:\Users\szymon\QuditsOnQubits\QuditsOnQubits\basis_direct_encoding_benchmarks\quantum_circuits\two_qutrit\monomial_full__sup123_P012_ph102\graph_state_direct_basis.qpy,C:\Users\szymon\QuditsOnQubits\QuditsOnQubits\basis_direct_encoding_benchmarks\quantum_circuits\two_qutrit\monomial_full__sup123_P012_ph102\graph_state_direct_basis_transpiled.qpy,,C:\Users\szymon\QuditsOnQubits\QuditsOnQubits\basis_direct_encoding_benchmarks\quantum_circuits\two_qutrit\monomial_full__sup123_P012_ph102\E.npy
direct_basis_encoding,two_qutrit,two_qutrit,star,two_qutrit,2,2,4,sup123_P012_ph110,monomial,monomial_full,sup123_P012_ph110,False,True,18,41,59,44,,,1.119027,True,False,ok,,Converted from legacy E_new 4x3 isometry candidate.; Fidelity skipped because transpiled circuit has 128 qubits.,44,45.4,2.91,59,61.7,18,18.6,128,"{'rz': 17, 'cz': 17, 'rx': 12, 'sx': 12, 'rzz': 1}",10,10,0,C:\Users\szymon\QuditsOnQubits\QuditsOnQubits\basis_direct_encoding_benchmarks\quantum_circuits\two_qutrit\monomial_full__sup123_P012_ph110,C:\Users\szymon\QuditsOnQubits\QuditsOnQubits\basis_direct_encoding_benchmarks\quantum_circuits\two_qutrit\monomial_full__sup123_P012_ph110\F3_W.qpy,C:\Users\szymon\QuditsOnQubits\QuditsOnQubits\basis_direct_encoding_benchmarks\quantum_circuits\two_qutrit\monomial_full__sup123_P012_ph110\CZ3_W.qpy,C:\Users\szymon\QuditsOnQubits\QuditsOnQubits\basis_direct_encoding_benchmarks\quantum_circuits\two_qutrit\monomial_full__sup123_P012_ph110\graph_state_direct_basis.qpy,C:\Users\szymon\QuditsOnQubits\QuditsOnQubits\basis_direct_encoding_benchmarks\quantum_circuits\two_qutrit\monomial_full__sup123_P012_ph110\graph_state_direct_basis_transpiled.qpy,,C:\Users\szymon\QuditsOnQubits\QuditsOnQubits\basis_direct_encoding_benchmarks\quantum_circuits\two_qutrit\monomial_full__sup123_P012_ph110\E.npy
direct_basis_encoding,two_qutrit,two_qutrit,star,two_qutrit,2,2,4,sup123_P012_ph111,monomial,monomial_full,sup123_P012_ph111,False,True,18,40,58,43,,,1.132211,True,False,ok,,Converted from legacy E_new 4x3 isometry candidate.; Fidelity skipped because transpiled circuit has 128 qubits.,43,44.5,3.2,58,60.7,18,18.6,128,"{'cz': 17, 'rz': 16, 'rx': 12, 'sx': 12, 'rzz': 1}",10,10,0,C:\Users\szymon\QuditsOnQubits\QuditsOnQubits\basis_direct_encoding_benchmarks\quantum_circuits\two_qutrit\monomial_full__sup123_P012_ph111,C:\Users\szymon\QuditsOnQubits\QuditsOnQubits\basis_direct_encoding_benchmarks\quantum_circuits\two_qutrit\monomial_full__sup123_P012_ph111\F3_W.qpy,C:\Users\szymon\QuditsOnQubits\QuditsOnQubits\basis_direct_encoding_benchmarks\quantum_circuits\two_qutrit\monomial_full__sup123_P012_ph111\CZ3_W.qpy,C:\Users\szymon\QuditsOnQubits\QuditsOnQubits\basis_direct_encoding_benchmarks\quantum_circuits\two_qutrit\monomial_full__sup123_P012_ph111\graph_state_direct_basis.qpy,C:\Users\szymon\QuditsOnQubits\QuditsOnQubits\basis_direct_encoding_benchmarks\quantum_circuits\two_qutrit\monomial_full__sup123_P012_ph111\graph_state_direct_basis_transpiled.qpy,,C:\Users\szymon\QuditsOnQubits\QuditsOnQubits\basis_direct_encoding_benchmarks\quantum_circuits\two_qutrit\monomial_full__sup123_P012_ph111\E.npy
direct_basis_encoding,two_qutrit,two_qutrit,star,two_qutrit,2,2,4,sup123_P012_ph112,monomial,monomial_full,sup123_P012_ph112,False,True,18,40,58,44,,,0.995401,True,False,ok,,Converted from legacy E_new 4x3 isometry candidate.; Fidelity skipped because transpiled circuit has 128 qubits.,44,44.9,2.7,58,61.2,18,18.6,128,"{'cz': 17, 'rz': 16, 'sx': 12, 'rx': 12, 'rzz': 1}",10,10,0,C:\Users\szymon\QuditsOnQubits\QuditsOnQubits\basis_direct_encoding_benchmarks\quantum_circuits\two_qutrit\monomial_full__sup123_P012_ph112,C:\Users\szymon\QuditsOnQubits\QuditsOnQubits\basis_direct_encoding_benchmarks\quantum_circuits\two_qutrit\monomial_full__sup123_P012_ph112\F3_W.qpy,C:\Users\szymon\QuditsOnQubits\QuditsOnQubits\basis_direct_encoding_benchmarks\quantum_circuits\two_qutrit\monomial_full__sup123_P012_ph112\CZ3_W.qpy,C:\Users\szymon\QuditsOnQubits\QuditsOnQubits\basis_direct_encoding_benchmarks\quantum_circuits\two_qutrit\monomial_full__sup123_P012_ph112\graph_state_direct_basis.qpy,C:\Users\szymon\QuditsOnQubits\QuditsOnQubits\basis_direct_encoding_benchmarks\quantum_circuits\two_qutrit\monomial_full__sup123_P012_ph112\graph_state_direct_basis_transpiled.qpy,,C:\Users\szymon\QuditsOnQubits\QuditsOnQubits\basis_direct_encoding_benchmarks\quantum_circuits\two_qutrit\monomial_full__sup123_P012_ph112\E.npy
direct_basis_encoding,two_qutrit,two_qutrit,star,two_qutrit,2,2,4,sup123_P012_ph120,monomial,monomial_full,sup123_P012_ph120,False,True,18,38,56,43,,,0.802365,True,False,ok,,Converted from legacy E_new 4x3 isometry candidate.; Fidelity skipped because transpiled circuit has 128 qubits.,43,44.5,3.2,56,58.6,18,18.6,128,"{'cz': 17, 'rz': 14, 'rx': 12, 'sx': 12, 'rzz': 1}",10,10,0,C:\Users\szymon\QuditsOnQubits\QuditsOnQubits\basis_direct_encoding_benchmarks\quantum_circuits\two_qutrit\monomial_full__sup123_P012_ph120,C:\Users\szymon\QuditsOnQubits\QuditsOnQubits\basis_direct_encoding_benchmarks\quantum_circuits\two_qutrit\monomial_full__sup123_P012_ph120\F3_W.qpy,C:\Users\szymon\QuditsOnQubits\QuditsOnQubits\basis_direct_encoding_benchmarks\quantum_circuits\two_qutrit\monomial_full__sup123_P012_ph120\CZ3_W.qpy,C:\Users\szymon\QuditsOnQubits\QuditsOnQubits\basis_direct_encoding_benchmarks\quantum_circuits\two_qutrit\monomial_full__sup123_P012_ph120\graph_state_direct_basis.qpy,C:\Users\szymon\QuditsOnQubits\QuditsOnQubits\basis_direct_encoding_benchmarks\quantum_circuits\two_qutrit\monomial_full__sup123_P012_ph120\graph_state_direct_basis_transpiled.qpy,,C:\Users\szymon\QuditsOnQubits\QuditsOnQubits\basis_direct_encoding_benchmarks\quantum_circuits\two_qutrit\monomial_full__sup123_P012_ph120\E.npy
direct_basis_encoding,two_qutrit,two_qutrit,star,two_qutrit,2,2,4,sup123_P012_ph121,monomial,monomial_full,sup123_P012_ph121,False,True,18,38,56,43,,,0.874785,True,False,ok,,Converted from legacy E_new 4x3 isometry candidate.; Fidelity skipped because transpiled circuit has 128 qubits.,43,44.5,3.2,56,58.5,18,18.6,128,"{'cz': 17, 'rz': 14, 'rx': 12, 'sx': 12, 'rzz': 1}",10,10,0,C:\Users\szymon\QuditsOnQubits\QuditsOnQubits\basis_direct_encoding_benchmarks\quantum_circuits\two_qutrit\monomial_full__sup123_P012_ph121,C:\Users\szymon\QuditsOnQubits\QuditsOnQubits\basis_direct_encoding_benchmarks\quantum_circuits\two_qutrit\monomial_full__sup123_P012_ph121\F3_W.qpy,C:\Users\szymon\QuditsOnQubits\QuditsOnQubits\basis_direct_encoding_benchmarks\quantum_circuits\two_qutrit\monomial_full__sup123_P012_ph121\CZ3_W.qpy,C:\Users\szymon\QuditsOnQubits\QuditsOnQubits\basis_direct_encoding_benchmarks\quantum_circuits\two_qutrit\monomial_full__sup123_P012_ph121\graph_state_direct_basis.qpy,C:\Users\szymon\QuditsOnQubits\QuditsOnQubits\basis_direct_encoding_benchmarks\quantum_circuits\two_qutrit\monomial_full__sup123_P012_ph121\graph_state_direct_basis_transpiled.qpy,,C:\Users\szymon\QuditsOnQubits\QuditsOnQubits\basis_direct_encoding_benchmarks\quantum_circuits\two_qutrit\monomial_full__sup123_P012_ph121\E.npy
direct_basis_encoding,two_qutrit,two_qutrit,star,two_qutrit,2,2,4,sup123_P012_ph122,monomial,monomial_full,sup123_P012_ph122,False,True,18,37,55,43,,,0.872056,True,False,ok,,Converted from legacy E_new 4x3 isometry candidate.; Fidelity skipped because transpiled circuit has 128 qubits.,43,44.0,3.0,55,58.1,18,18.6,128,"{'cz': 17, 'rz': 13, 'sx': 12, 'rx': 12, 'rzz': 1}",10,10,0,C:\Users\szymon\QuditsOnQubits\QuditsOnQubits\basis_direct_encoding_benchmarks\quantum_circuits\two_qutrit\monomial_full__sup123_P012_ph122,C:\Users\szymon\QuditsOnQubits\QuditsOnQubits\basis_direct_encoding_benchmarks\quantum_circuits\two_qutrit\monomial_full__sup123_P012_ph122\F3_W.qpy,C:\Users\szymon\QuditsOnQubits\QuditsOnQubits\basis_direct_encoding_benchmarks\quantum_circuits\two_qutrit\monomial_full__sup123_P012_ph122\CZ3_W.qpy,C:\Users\szymon\QuditsOnQubits\QuditsOnQubits\basis_direct_encoding_benchmarks\quantum_circuits\two_qutrit\monomial_full__sup123_P012_ph122\graph_state_direct_basis.qpy,C:\Users\szymon\QuditsOnQubits\QuditsOnQubits\basis_direct_encoding_benchmarks\quantum_circuits\two_qutrit\monomial_full__sup123_P012_ph122\graph_state_direct_basis_transpiled.qpy,,C:\Users\szymon\QuditsOnQubits\QuditsOnQubits\basis_direct_encoding_benchmarks\quantum_circuits\two_qutrit\monomial_full__sup123_P012_ph122\E.npy
direct_basis_encoding,two_qutrit,two_qutrit,star,two_qutrit,2,2,4,sup123_P012_ph200,monomial,monomial_full,sup123_P012_ph200,False,True,18,40,58,43,,,0.876921,True,False,ok,,Converted from legacy E_new 4x3 isometry candidate.; Fidelity skipped because transpiled circuit has 128 qubits.,43,44.5,3.2,58,60.8,18,18.6,128,"{'cz': 17, 'rz': 16, 'rx': 12, 'sx': 12, 'rzz': 1}",10,10,0,C:\Users\szymon\QuditsOnQubits\QuditsOnQubits\basis_direct_encoding_benchmarks\quantum_circuits\two_qutrit\monomial_full__sup123_P012_ph200,C:\Users\szymon\QuditsOnQubits\QuditsOnQubits\basis_direct_encoding_benchmarks\quantum_circuits\two_qutrit\monomial_full__sup123_P012_ph200\F3_W.qpy,C:\Users\szymon\QuditsOnQubits\QuditsOnQubits\basis_direct_encoding_benchmarks\quantum_circuits\two_qutrit\monomial_full__sup123_P012_ph200\CZ3_W.qpy,C:\Users\szymon\QuditsOnQubits\QuditsOnQubits\basis_direct_encoding_benchmarks\quantum_circuits\two_qutrit\monomial_full__sup123_P012_ph200\graph_state_direct_basis.qpy,C:\Users\szymon\QuditsOnQubits\QuditsOnQubits\basis_direct_encoding_benchmarks\quantum_circuits\two_qutrit\monomial_full__sup123_P012_ph200\graph_state_direct_basis_transpiled.qpy,,C:\Users\szymon\QuditsOnQubits\QuditsOnQubits\basis_direct_encoding_benchmarks\quantum_circuits\two_qutrit\monomial_full__sup123_P012_ph200\E.npy
direct_basis_encoding,two_qutrit,two_qutrit,star,two_qutrit,2,2,4,sup123_P012_ph201,monomial,monomial_full,sup123_P012_ph201,False,True,18,40,58,44,,,1.058462,True,False,ok,,Converted from legacy E_new 4x3 isometry candidate.; Fidelity skipped because transpiled circuit has 128 qubits.,44,44.9,2.7,58,61.2,18,18.6,128,"{'cz': 17, 'rz': 16, 'sx': 12, 'rx': 12, 'rzz': 1}",10,10,0,C:\Users\szymon\QuditsOnQubits\QuditsOnQubits\basis_direct_encoding_benchmarks\quantum_circuits\two_qutrit\monomial_full__sup123_P012_ph201,C:\Users\szymon\QuditsOnQubits\QuditsOnQubits\basis_direct_encoding_benchmarks\quantum_circuits\two_qutrit\monomial_full__sup123_P012_ph201\F3_W.qpy,C:\Users\szymon\QuditsOnQubits\QuditsOnQubits\basis_direct_encoding_benchmarks\quantum_circuits\two_qutrit\monomial_full__sup123_P012_ph201\CZ3_W.qpy,C:\Users\szymon\QuditsOnQubits\QuditsOnQubits\basis_direct_encoding_benchmarks\quantum_circuits\two_qutrit\monomial_full__sup123_P012_ph201\graph_state_direct_basis.qpy,C:\Users\szymon\QuditsOnQubits\QuditsOnQubits\basis_direct_encoding_benchmarks\quantum_circuits\two_qutrit\monomial_full__sup123_P012_ph201\graph_state_direct_basis_transpiled.qpy,,C:\Users\szymon\QuditsOnQubits\QuditsOnQubits\basis_direct_encoding_benchmarks\quantum_circuits\two_qutrit\monomial_full__sup123_P012_ph201\E.npy
direct_basis_encoding,two_qutrit,two_qutrit,star,two_qutrit,2,2,4,sup123_P012_ph202,monomial,monomial_full,sup123_P012_ph202,False,True,18,41,59,44,,,0.870999,True,False,ok,,Converted from legacy E_new 4x3 isometry candidate.; Fidelity skipped because transpiled circuit has 128 qubits.,44,45.4,2.91,59,61.2,18,18.6,128,"{'rz': 17, 'cz': 17, 'rx': 12, 'sx': 12, 'rzz': 1}",10,10,0,C:\Users\szymon\QuditsOnQubits\QuditsOnQubits\basis_direct_encoding_benchmarks\quantum_circuits\two_qutrit\monomial_full__sup123_P012_ph202,C:\Users\szymon\QuditsOnQubits\QuditsOnQubits\basis_direct_encoding_benchmarks\quantum_circuits\two_qutrit\monomial_full__sup123_P012_ph202\F3_W.qpy,C:\Users\szymon\QuditsOnQubits\QuditsOnQubits\basis_direct_encoding_benchmarks\quantum_circuits\two_qutrit\monomial_full__sup123_P012_ph202\CZ3_W.qpy,C:\Users\szymon\QuditsOnQubits\QuditsOnQubits\basis_direct_encoding_benchmarks\quantum_circuits\two_qutrit\monomial_full__sup123_P012_ph202\graph_state_direct_basis.qpy,C:\Users\szymon\QuditsOnQubits\QuditsOnQubits\basis_direct_encoding_benchmarks\quantum_circuits\two_qutrit\monomial_full__sup123_P012_ph202\graph_state_direct_basis_transpiled.qpy,,C:\Users\szymon\QuditsOnQubits\QuditsOnQubits\basis_direct_encoding_benchmarks\quantum_circuits\two_qutrit\monomial_full__sup123_P012_ph202\E.npy
direct_basis_encoding,two_qutrit,two_qutrit,star,two_qutrit,2,2,4,sup123_P012_ph210,monomial,monomial_full,sup123_P012_ph210,False,True,18,38,56,43,,,0.931952,True,False,ok,,Converted from legacy E_new 4x3 isometry candidate.; Fidelity skipped because transpiled circuit has 128 qubits.,43,44.5,3.2,56,58.6,18,18.6,128,"{'cz': 17, 'rz': 14, 'rx': 12, 'sx': 12, 'rzz': 1}",10,10,0,C:\Users\szymon\QuditsOnQubits\QuditsOnQubits\basis_direct_encoding_benchmarks\quantum_circuits\two_qutrit\monomial_full__sup123_P012_ph210,C:\Users\szymon\QuditsOnQubits\QuditsOnQubits\basis_direct_encoding_benchmarks\quantum_circuits\two_qutrit\monomial_full__sup123_P012_ph210\F3_W.qpy,C:\Users\szymon\QuditsOnQubits\QuditsOnQubits\basis_direct_encoding_benchmarks\quantum_circuits\two_qutrit\monomial_full__sup123_P012_ph210\CZ3_W.qpy,C:\Users\szymon\QuditsOnQubits\QuditsOnQubits\basis_direct_encoding_benchmarks\quantum_circuits\two_qutrit\monomial_full__sup123_P012_ph210\graph_state_direct_basis.qpy,C:\Users\szymon\QuditsOnQubits\QuditsOnQubits\basis_direct_encoding_benchmarks\quantum_circuits\two_qutrit\monomial_full__sup123_P012_ph210\graph_state_direct_basis_transpiled.qpy,,C:\Users\szymon\QuditsOnQubits\QuditsOnQubits\basis_direct_encoding_benchmarks\quantum_circuits\two_qutrit\monomial_full__sup123_P012_ph210\E.npy
direct_basis_encoding,two_qutrit,two_qutrit,star,two_qutrit,2,2,4,sup123_P012_ph211,monomial,monomial_full,sup123_P012_ph211,False,True,18,37,55,43,,,0.87526,True,False,ok,,Converted from legacy E_new 4x3 isometry candidate.; Fidelity skipped because transpiled circuit has 128 qubits.,43,44.0,3.0,55,58.1,18,18.6,128,"{'cz': 17, 'rz': 13, 'sx': 12, 'rx': 12, 'rzz': 1}",10,10,0,C:\Users\szymon\QuditsOnQubits\QuditsOnQubits\basis_direct_encoding_benchmarks\quantum_circuits\two_qutrit\monomial_full__sup123_P012_ph211,C:\Users\szymon\QuditsOnQubits\QuditsOnQubits\basis_direct_encoding_benchmarks\quantum_circuits\two_qutrit\monomial_full__sup123_P012_ph211\F3_W.qpy,C:\Users\szymon\QuditsOnQubits\QuditsOnQubits\basis_direct_encoding_benchmarks\quantum_circuits\two_qutrit\monomial_full__sup123_P012_ph211\CZ3_W.qpy,C:\Users\szymon\QuditsOnQubits\QuditsOnQubits\basis_direct_encoding_benchmarks\quantum_circuits\two_qutrit\monomial_full__sup123_P012_ph211\graph_state_direct_basis.qpy,C:\Users\szymon\QuditsOnQubits\QuditsOnQubits\basis_direct_encoding_benchmarks\quantum_circuits\two_qutrit\monomial_full__sup123_P012_ph211\graph_state_direct_basis_transpiled.qpy,,C:\Users\szymon\QuditsOnQubits\QuditsOnQubits\basis_direct_encoding_benchmarks\quantum_circuits\two_qutrit\monomial_full__sup123_P012_ph211\E.npy
direct_basis_encoding,two_qutrit,two_qutrit,star,two_qutrit,2,2,4,sup123_P012_ph212,monomial,monomial_full,sup123_P012_ph212,False,True,18,38,56,43,,,0.854765,True,False,ok,,Converted from legacy E_new 4x3 isometry candidate.; Fidelity skipped because transpiled circuit has 128 qubits.,43,44.5,3.2,56,58.1,18,18.6,128,"{'cz': 17, 'rz': 14, 'rx': 12, 'sx': 12, 'rzz': 1}",10,10,0,C:\Users\szymon\QuditsOnQubits\QuditsOnQubits\basis_direct_encoding_benchmarks\quantum_circuits\two_qutrit\monomial_full__sup123_P012_ph212,C:\Users\szymon\QuditsOnQubits\QuditsOnQubits\basis_direct_encoding_benchmarks\quantum_circuits\two_qutrit\monomial_full__sup123_P012_ph212\F3_W.qpy,C:\Users\szymon\QuditsOnQubits\QuditsOnQubits\basis_direct_encoding_benchmarks\quantum_circuits\two_qutrit\monomial_full__sup123_P012_ph212\CZ3_W.qpy,C:\Users\szymon\QuditsOnQubits\QuditsOnQubits\basis_direct_encoding_benchmarks\quantum_circuits\two_qutrit\monomial_full__sup123_P012_ph212\graph_state_direct_basis.qpy,C:\Users\szymon\QuditsOnQubits\QuditsOnQubits\basis_direct_encoding_benchmarks\quantum_circuits\two_qutrit\monomial_full__sup123_P012_ph212\graph_state_direct_basis_transpiled.qpy,,C:\Users\szymon\QuditsOnQubits\QuditsOnQubits\basis_direct_encoding_benchmarks\quantum_circuits\two_qutrit\monomial_full__sup123_P012_ph212\E.npy
direct_basis_encoding,two_qutrit,two_qutrit,star,two_qutrit,2,2,4,sup123_P012_ph220,monomial,monomial_full,sup123_P012_ph220,False,True,18,41,59,44,,,0.921683,True,False,ok,,Converted from legacy E_new 4x3 isometry candidate.; Fidelity skipped because transpiled circuit has 128 qubits.,44,45.4,2.91,59,61.7,18,18.6,128,"{'rz': 17, 'cz': 17, 'rx': 12, 'sx': 12, 'rzz': 1}",10,10,0,C:\Users\szymon\QuditsOnQubits\QuditsOnQubits\basis_direct_encoding_benchmarks\quantum_circuits\two_qutrit\monomial_full__sup123_P012_ph220,C:\Users\szymon\QuditsOnQubits\QuditsOnQubits\basis_direct_encoding_benchmarks\quantum_circuits\two_qutrit\monomial_full__sup123_P012_ph220\F3_W.qpy,C:\Users\szymon\QuditsOnQubits\QuditsOnQubits\basis_direct_encoding_benchmarks\quantum_circuits\two_qutrit\monomial_full__sup123_P012_ph220\CZ3_W.qpy,C:\Users\szymon\QuditsOnQubits\QuditsOnQubits\basis_direct_encoding_benchmarks\quantum_circuits\two_qutrit\monomial_full__sup123_P012_ph220\graph_state_direct_basis.qpy,C:\Users\szymon\QuditsOnQubits\QuditsOnQubits\basis_direct_encoding_benchmarks\quantum_circuits\two_qutrit\monomial_full__sup123_P012_ph220\graph_state_direct_basis_transpiled.qpy,,C:\Users\szymon\QuditsOnQubits\QuditsOnQubits\basis_direct_encoding_benchmarks\quantum_circuits\two_qutrit\monomial_full__sup123_P012_ph220\E.npy
direct_basis_encoding,two_qutrit,two_qutrit,star,two_qutrit,2,2,4,sup123_P012_ph221,monomial,monomial_full,sup123_P012_ph221,False,True,18,40,58,44,,,0.845174,True,False,ok,,Converted from legacy E_new 4x3 isometry candidate.; Fidelity skipped because transpiled circuit has 128 qubits.,44,44.9,2.7,58,61.2,18,18.6,128,"{'cz': 17, 'rz': 16, 'sx': 12, 'rx': 12, 'rzz': 1}",10,10,0,C:\Users\szymon\QuditsOnQubits\QuditsOnQubits\basis_direct_encoding_benchmarks\quantum_circuits\two_qutrit\monomial_full__sup123_P012_ph221,C:\Users\szymon\QuditsOnQubits\QuditsOnQubits\basis_direct_encoding_benchmarks\quantum_circuits\two_qutrit\monomial_full__sup123_P012_ph221\F3_W.qpy,C:\Users\szymon\QuditsOnQubits\QuditsOnQubits\basis_direct_encoding_benchmarks\quantum_circuits\two_qutrit\monomial_full__sup123_P012_ph221\CZ3_W.qpy,C:\Users\szymon\QuditsOnQubits\QuditsOnQubits\basis_direct_encoding_benchmarks\quantum_circuits\two_qutrit\monomial_full__sup123_P012_ph221\graph_state_direct_basis.qpy,C:\Users\szymon\QuditsOnQubits\QuditsOnQubits\basis_direct_encoding_benchmarks\quantum_circuits\two_qutrit\monomial_full__sup123_P012_ph221\graph_state_direct_basis_transpiled.qpy,,C:\Users\szymon\QuditsOnQubits\QuditsOnQubits\basis_direct_encoding_benchmarks\quantum_circuits\two_qutrit\monomial_full__sup123_P012_ph221\E.npy
direct_basis_encoding,two_qutrit,two_qutrit,star,two_qutrit,2,2,4,sup123_P012_ph222,monomial,monomial_full,sup123_P012_ph222,False,True,18,40,58,43,,,0.831148,True,False,ok,,Converted from legacy E_new 4x3 isometry candidate.; Fidelity skipped because transpiled circuit has 128 qubits.,43,44.5,3.2,58,60.3,18,18.6,128,"{'cz': 17, 'rz': 16, 'rx': 12, 'sx': 12, 'rzz': 1}",10,10,0,C:\Users\szymon\QuditsOnQubits\QuditsOnQubits\basis_direct_encoding_benchmarks\quantum_circuits\two_qutrit\monomial_full__sup123_P012_ph222,C:\Users\szymon\QuditsOnQubits\QuditsOnQubits\basis_direct_encoding_benchmarks\quantum_circuits\two_qutrit\monomial_full__sup123_P012_ph222\F3_W.qpy,C:\Users\szymon\QuditsOnQubits\QuditsOnQubits\basis_direct_encoding_benchmarks\quantum_circuits\two_qutrit\monomial_full__sup123_P012_ph222\CZ3_W.qpy,C:\Users\szymon\QuditsOnQubits\QuditsOnQubits\basis_direct_encoding_benchmarks\quantum_circuits\two_qutrit\monomial_full__sup123_P012_ph222\graph_state_direct_basis.qpy,C:\Users\szymon\QuditsOnQubits\QuditsOnQubits\basis_direct_encoding_benchmarks\quantum_circuits\two_qutrit\monomial_full__sup123_P012_ph222\graph_state_direct_basis_transpiled.qpy,,C:\Users\szymon\QuditsOnQubits\QuditsOnQubits\basis_direct_encoding_benchmarks\quantum_circuits\two_qutrit\monomial_full__sup123_P012_ph222\E.npy
direct_basis_encoding,two_qutrit,two_qutrit,star,two_qutrit,2,2,4,sup123_P021_ph000,monomial,monomial_full,sup123_P021_ph000,False,True,18,36,54,43,,,0.948076,True,False,ok,,Converted from legacy E_new 4x3 isometry candidate.; Fidelity skipped because transpiled circuit has 128 qubits.,43,44.0,3.0,54,57.6,18,18.6,128,"{'cz': 17, 'rz': 13, 'sx': 12, 'rx': 11, 'rzz': 1}",10,10,0,C:\Users\szymon\QuditsOnQubits\QuditsOnQubits\basis_direct_encoding_benchmarks\quantum_circuits\two_qutrit\monomial_full__sup123_P021_ph000,C:\Users\szymon\QuditsOnQubits\QuditsOnQubits\basis_direct_encoding_benchmarks\quantum_circuits\two_qutrit\monomial_full__sup123_P021_ph000\F3_W.qpy,C:\Users\szymon\QuditsOnQubits\QuditsOnQubits\basis_direct_encoding_benchmarks\quantum_circuits\two_qutrit\monomial_full__sup123_P021_ph000\CZ3_W.qpy,C:\Users\szymon\QuditsOnQubits\QuditsOnQubits\basis_direct_encoding_benchmarks\quantum_circuits\two_qutrit\monomial_full__sup123_P021_ph000\graph_state_direct_basis.qpy,C:\Users\szymon\QuditsOnQubits\QuditsOnQubits\basis_direct_encoding_benchmarks\quantum_circuits\two_qutrit\monomial_full__sup123_P021_ph000\graph_state_direct_basis_transpiled.qpy,,C:\Users\szymon\QuditsOnQubits\QuditsOnQubits\basis_direct_encoding_benchmarks\quantum_circuits\two_qutrit\monomial_full__sup123_P021_ph000\E.npy
direct_basis_encoding,two_qutrit,two_qutrit,star,two_qutrit,2,2,4,sup123_P021_ph001,monomial,monomial_full,sup123_P021_ph001,False,True,18,38,56,43,,,0.804773,True,False,ok,,Converted from legacy E_new 4x3 isometry candidate.; Fidelity skipped because transpiled circuit has 128 qubits.,43,44.5,3.2,56,58.2,18,18.6,128,"{'cz': 17, 'rz': 14, 'rx': 12, 'sx': 12, 'rzz': 1}",10,10,0,C:\Users\szymon\QuditsOnQubits\QuditsOnQubits\basis_direct_encoding_benchmarks\quantum_circuits\two_qutrit\monomial_full__sup123_P021_ph001,C:\Users\szymon\QuditsOnQubits\QuditsOnQubits\basis_direct_encoding_benchmarks\quantum_circuits\two_qutrit\monomial_full__sup123_P021_ph001\F3_W.qpy,C:\Users\szymon\QuditsOnQubits\QuditsOnQubits\basis_direct_encoding_benchmarks\quantum_circuits\two_qutrit\monomial_full__sup123_P021_ph001\CZ3_W.qpy,C:\Users\szymon\QuditsOnQubits\QuditsOnQubits\basis_direct_encoding_benchmarks\quantum_circuits\two_qutrit\monomial_full__sup123_P021_ph001\graph_state_direct_basis.qpy,C:\Users\szymon\QuditsOnQubits\QuditsOnQubits\basis_direct_encoding_benchmarks\quantum_circuits\two_qutrit\monomial_full__sup123_P021_ph001\graph_state_direct_basis_transpiled.qpy,,C:\Users\szymon\QuditsOnQubits\QuditsOnQubits\basis_direct_encoding_benchmarks\quantum_circuits\two_qutrit\monomial_full__sup123_P021_ph001\E.npy
direct_basis_encoding,two_qutrit,two_qutrit,star,two_qutrit,2,2,4,sup123_P021_ph002,monomial,monomial_full,sup123_P021_ph002,False,True,18,38,56,43,,,0.83501,True,False,ok,,Converted from legacy E_new 4x3 isometry candidate.; Fidelity skipped because transpiled circuit has 128 qubits.,43,44.5,3.2,56,58.2,18,18.6,128,"{'cz': 17, 'rz': 14, 'rx': 12, 'sx': 12, 'rzz': 1}",10,10,0,C:\Users\szymon\QuditsOnQubits\QuditsOnQubits\basis_direct_encoding_benchmarks\quantum_circuits\two_qutrit\monomial_full__sup123_P021_ph002,C:\Users\szymon\QuditsOnQubits\QuditsOnQubits\basis_direct_encoding_benchmarks\quantum_circuits\two_qutrit\monomial_full__sup123_P021_ph002\F3_W.qpy,C:\Users\szymon\QuditsOnQubits\QuditsOnQubits\basis_direct_encoding_benchmarks\quantum_circuits\two_qutrit\monomial_full__sup123_P021_ph002\CZ3_W.qpy,C:\Users\szymon\QuditsOnQubits\QuditsOnQubits\basis_direct_encoding_benchmarks\quantum_circuits\two_qutrit\monomial_full__sup123_P021_ph002\graph_state_direct_basis.qpy,C:\Users\szymon\QuditsOnQubits\QuditsOnQubits\basis_direct_encoding_benchmarks\quantum_circuits\two_qutrit\monomial_full__sup123_P021_ph002\graph_state_direct_basis_transpiled.qpy,,C:\Users\szymon\QuditsOnQubits\QuditsOnQubits\basis_direct_encoding_benchmarks\quantum_circuits\two_qutrit\monomial_full__sup123_P021_ph002\E.npy
direct_basis_encoding,two_qutrit,two_qutrit,star,two_qutrit,2,2,4,sup123_P021_ph010,monomial,monomial_full,sup123_P021_ph010,False,True,18,39,57,44,,,0.821944,True,False,ok,,Converted from legacy E_new 4x3 isometry candidate.; Fidelity skipped because transpiled circuit has 128 qubits.,44,44.9,2.7,57,60.7,18,18.6,128,"{'cz': 17, 'rz': 16, 'sx': 12, 'rx': 11, 'rzz': 1}",10,10,0,C:\Users\szymon\QuditsOnQubits\QuditsOnQubits\basis_direct_encoding_benchmarks\quantum_circuits\two_qutrit\monomial_full__sup123_P021_ph010,C:\Users\szymon\QuditsOnQubits\QuditsOnQubits\basis_direct_encoding_benchmarks\quantum_circuits\two_qutrit\monomial_full__sup123_P021_ph010\F3_W.qpy,C:\Users\szymon\QuditsOnQubits\QuditsOnQubits\basis_direct_encoding_benchmarks\quantum_circuits\two_qutrit\monomial_full__sup123_P021_ph010\CZ3_W.qpy,C:\Users\szymon\QuditsOnQubits\QuditsOnQubits\basis_direct_encoding_benchmarks\quantum_circuits\two_qutrit\monomial_full__sup123_P021_ph010\graph_state_direct_basis.qpy,C:\Users\szymon\QuditsOnQubits\QuditsOnQubits\basis_direct_encoding_benchmarks\quantum_circuits\two_qutrit\monomial_full__sup123_P021_ph010\graph_state_direct_basis_transpiled.qpy,,C:\Users\szymon\QuditsOnQubits\QuditsOnQubits\basis_direct_encoding_benchmarks\quantum_circuits\two_qutrit\monomial_full__sup123_P021_ph010\E.npy
direct_basis_encoding,two_qutrit,two_qutrit,star,two_qutrit,2,2,4,sup123_P021_ph011,monomial,monomial_full,sup123_P021_ph011,False,True,18,40,58,43,,,0.755795,True,False,ok,,Converted from legacy E_new 4x3 isometry candidate.; Fidelity skipped because transpiled circuit has 128 qubits.,43,44.5,3.2,58,60.4,18,18.6,128,"{'cz': 17, 'rz': 16, 'rx': 12, 'sx': 12, 'rzz': 1}",10,10,0,C:\Users\szymon\QuditsOnQubits\QuditsOnQubits\basis_direct_encoding_benchmarks\quantum_circuits\two_qutrit\monomial_full__sup123_P021_ph011,C:\Users\szymon\QuditsOnQubits\QuditsOnQubits\basis_direct_encoding_benchmarks\quantum_circuits\two_qutrit\monomial_full__sup123_P021_ph011\F3_W.qpy,C:\Users\szymon\QuditsOnQubits\QuditsOnQubits\basis_direct_encoding_benchmarks\quantum_circuits\two_qutrit\monomial_full__sup123_P021_ph011\CZ3_W.qpy,C:\Users\szymon\QuditsOnQubits\QuditsOnQubits\basis_direct_encoding_benchmarks\quantum_circuits\two_qutrit\monomial_full__sup123_P021_ph011\graph_state_direct_basis.qpy,C:\Users\szymon\QuditsOnQubits\QuditsOnQubits\basis_direct_encoding_benchmarks\quantum_circuits\two_qutrit\monomial_full__sup123_P021_ph011\graph_state_direct_basis_transpiled.qpy,,C:\Users\szymon\QuditsOnQubits\QuditsOnQubits\basis_direct_encoding_benchmarks\quantum_circuits\two_qutrit\monomial_full__sup123_P021_ph011\E.npy
direct_basis_encoding,two_qutrit,two_qutrit,star,two_qutrit,2,2,4,sup123_P021_ph012,monomial,monomial_full,sup123_P021_ph012,False,True,18,41,59,44,,,0.84915,True,False,ok,,Converted from legacy E_new 4x3 isometry candidate.; Fidelity skipped because transpiled circuit has 128 qubits.,44,45.4,2.91,59,61.7,18,18.6,128,"{'rz': 17, 'cz': 17, 'rx': 12, 'sx': 12, 'rzz': 1}",10,10,0,C:\Users\szymon\QuditsOnQubits\QuditsOnQubits\basis_direct_encoding_benchmarks\quantum_circuits\two_qutrit\monomial_full__sup123_P021_ph012,C:\Users\szymon\QuditsOnQubits\QuditsOnQubits\basis_direct_encoding_benchmarks\quantum_circuits\two_qutrit\monomial_full__sup123_P021_ph012\F3_W.qpy,C:\Users\szymon\QuditsOnQubits\QuditsOnQubits\basis_direct_encoding_benchmarks\quantum_circuits\two_qutrit\monomial_full__sup123_P021_ph012\CZ3_W.qpy,C:\Users\szymon\QuditsOnQubits\QuditsOnQubits\basis_direct_encoding_benchmarks\quantum_circuits\two_qutrit\monomial_full__sup123_P021_ph012\graph_state_direct_basis.qpy,C:\Users\szymon\QuditsOnQubits\QuditsOnQubits\basis_direct_encoding_benchmarks\quantum_circuits\two_qutrit\monomial_full__sup123_P021_ph012\graph_state_direct_basis_transpiled.qpy,,C:\Users\szymon\QuditsOnQubits\QuditsOnQubits\basis_direct_encoding_benchmarks\quantum_circuits\two_qutrit\monomial_full__sup123_P021_ph012\E.npy
direct_basis_encoding,two_qutrit,two_qutrit,star,two_qutrit,2,2,4,sup123_P021_ph020,monomial,monomial_full,sup123_P021_ph020,False,True,18,39,57,44,,,0.935517,True,False,ok,,Converted from legacy E_new 4x3 isometry candidate.; Fidelity skipped because transpiled circuit has 128 qubits.,44,44.9,2.7,57,60.7,18,18.6,128,"{'cz': 17, 'rz': 16, 'sx': 12, 'rx': 11, 'rzz': 1}",10,10,0,C:\Users\szymon\QuditsOnQubits\QuditsOnQubits\basis_direct_encoding_benchmarks\quantum_circuits\two_qutrit\monomial_full__sup123_P021_ph020,C:\Users\szymon\QuditsOnQubits\QuditsOnQubits\basis_direct_encoding_benchmarks\quantum_circuits\two_qutrit\monomial_full__sup123_P021_ph020\F3_W.qpy,C:\Users\szymon\QuditsOnQubits\QuditsOnQubits\basis_direct_encoding_benchmarks\quantum_circuits\two_qutrit\monomial_full__sup123_P021_ph020\CZ3_W.qpy,C:\Users\szymon\QuditsOnQubits\QuditsOnQubits\basis_direct_encoding_benchmarks\quantum_circuits\two_qutrit\monomial_full__sup123_P021_ph020\graph_state_direct_basis.qpy,C:\Users\szymon\QuditsOnQubits\QuditsOnQubits\basis_direct_encoding_benchmarks\quantum_circuits\two_qutrit\monomial_full__sup123_P021_ph020\graph_state_direct_basis_transpiled.qpy,,C:\Users\szymon\QuditsOnQubits\QuditsOnQubits\basis_direct_encoding_benchmarks\quantum_circuits\two_qutrit\monomial_full__sup123_P021_ph020\E.npy
direct_basis_encoding,two_qutrit,two_qutrit,star,two_qutrit,2,2,4,sup123_P021_ph021,monomial,monomial_full,sup123_P021_ph021,False,True,18,41,59,44,,,0.963557,True,False,ok,,Converted from legacy E_new 4x3 isometry candidate.; Fidelity skipped because transpiled circuit has 128 qubits.,44,45.4,2.91,59,61.3,18,18.6,128,"{'rz': 17, 'cz': 17, 'rx': 12, 'sx': 12, 'rzz': 1}",10,10,0,C:\Users\szymon\QuditsOnQubits\QuditsOnQubits\basis_direct_encoding_benchmarks\quantum_circuits\two_qutrit\monomial_full__sup123_P021_ph021,C:\Users\szymon\QuditsOnQubits\QuditsOnQubits\basis_direct_encoding_benchmarks\quantum_circuits\two_qutrit\monomial_full__sup123_P021_ph021\F3_W.qpy,C:\Users\szymon\QuditsOnQubits\QuditsOnQubits\basis_direct_encoding_benchmarks\quantum_circuits\two_qutrit\monomial_full__sup123_P021_ph021\CZ3_W.qpy,C:\Users\szymon\QuditsOnQubits\QuditsOnQubits\basis_direct_encoding_benchmarks\quantum_circuits\two_qutrit\monomial_full__sup123_P021_ph021\graph_state_direct_basis.qpy,C:\Users\szymon\QuditsOnQubits\QuditsOnQubits\basis_direct_encoding_benchmarks\quantum_circuits\two_qutrit\monomial_full__sup123_P021_ph021\graph_state_direct_basis_transpiled.qpy,,C:\Users\szymon\QuditsOnQubits\QuditsOnQubits\basis_direct_encoding_benchmarks\quantum_circuits\two_qutrit\monomial_full__sup123_P021_ph021\E.npy
direct_basis_encoding,two_qutrit,two_qutrit,star,two_qutrit,2,2,4,sup123_P021_ph022,monomial,monomial_full,sup123_P021_ph022,False,True,18,40,58,43,,,0.849989,True,False,ok,,Converted from legacy E_new 4x3 isometry candidate.; Fidelity skipped because transpiled circuit has 128 qubits.,43,44.5,3.2,58,60.8,18,18.6,128,"{'cz': 17, 'rz': 16, 'rx': 12, 'sx': 12, 'rzz': 1}",10,10,0,C:\Users\szymon\QuditsOnQubits\QuditsOnQubits\basis_direct_encoding_benchmarks\quantum_circuits\two_qutrit\monomial_full__sup123_P021_ph022,C:\Users\szymon\QuditsOnQubits\QuditsOnQubits\basis_direct_encoding_benchmarks\quantum_circuits\two_qutrit\monomial_full__sup123_P021_ph022\F3_W.qpy,C:\Users\szymon\QuditsOnQubits\QuditsOnQubits\basis_direct_encoding_benchmarks\quantum_circuits\two_qutrit\monomial_full__sup123_P021_ph022\CZ3_W.qpy,C:\Users\szymon\QuditsOnQubits\QuditsOnQubits\basis_direct_encoding_benchmarks\quantum_circuits\two_qutrit\monomial_full__sup123_P021_ph022\graph_state_direct_basis.qpy,C:\Users\szymon\QuditsOnQubits\QuditsOnQubits\basis_direct_encoding_benchmarks\quantum_circuits\two_qutrit\monomial_full__sup123_P021_ph022\graph_state_direct_basis_transpiled.qpy,,C:\Users\szymon\QuditsOnQubits\QuditsOnQubits\basis_direct_encoding_benchmarks\quantum_circuits\two_qutrit\monomial_full__sup123_P021_ph022\E.npy
direct_basis_encoding,two_qutrit,two_qutrit,star,two_qutrit,2,2,4,sup123_P021_ph100,monomial,monomial_full,sup123_P021_ph100,False,True,18,40,58,43,,,1.025644,True,False,ok,,Converted from legacy E_new 4x3 isometry candidate.; Fidelity skipped because transpiled circuit has 128 qubits.,43,44.5,3.2,58,60.8,18,18.6,128,"{'cz': 17, 'rz': 16, 'rx': 12, 'sx': 12, 'rzz': 1}",10,10,0,C:\Users\szymon\QuditsOnQubits\QuditsOnQubits\basis_direct_encoding_benchmarks\quantum_circuits\two_qutrit\monomial_full__sup123_P021_ph100,C:\Users\szymon\QuditsOnQubits\QuditsOnQubits\basis_direct_encoding_benchmarks\quantum_circuits\two_qutrit\monomial_full__sup123_P021_ph100\F3_W.qpy,C:\Users\szymon\QuditsOnQubits\QuditsOnQubits\basis_direct_encoding_benchmarks\quantum_circuits\two_qutrit\monomial_full__sup123_P021_ph100\CZ3_W.qpy,C:\Users\szymon\QuditsOnQubits\QuditsOnQubits\basis_direct_encoding_benchmarks\quantum_circuits\two_qutrit\monomial_full__sup123_P021_ph100\graph_state_direct_basis.qpy,C:\Users\szymon\QuditsOnQubits\QuditsOnQubits\basis_direct_encoding_benchmarks\quantum_circuits\two_qutrit\monomial_full__sup123_P021_ph100\graph_state_direct_basis_transpiled.qpy,,C:\Users\szymon\QuditsOnQubits\QuditsOnQubits\basis_direct_encoding_benchmarks\quantum_circuits\two_qutrit\monomial_full__sup123_P021_ph100\E.npy
direct_basis_encoding,two_qutrit,two_qutrit,star,two_qutrit,2,2,4,sup123_P021_ph101,monomial,monomial_full,sup123_P021_ph101,False,True,18,41,59,44,,,0.880344,True,False,ok,,Converted from legacy E_new 4x3 isometry candidate.; Fidelity skipped because transpiled circuit has 128 qubits.,44,45.4,2.91,59,61.2,18,18.6,128,"{'rz': 17, 'cz': 17, 'rx': 12, 'sx': 12, 'rzz': 1}",10,10,0,C:\Users\szymon\QuditsOnQubits\QuditsOnQubits\basis_direct_encoding_benchmarks\quantum_circuits\two_qutrit\monomial_full__sup123_P021_ph101,C:\Users\szymon\QuditsOnQubits\QuditsOnQubits\basis_direct_encoding_benchmarks\quantum_circuits\two_qutrit\monomial_full__sup123_P021_ph101\F3_W.qpy,C:\Users\szymon\QuditsOnQubits\QuditsOnQubits\basis_direct_encoding_benchmarks\quantum_circuits\two_qutrit\monomial_full__sup123_P021_ph101\CZ3_W.qpy,C:\Users\szymon\QuditsOnQubits\QuditsOnQubits\basis_direct_encoding_benchmarks\quantum_circuits\two_qutrit\monomial_full__sup123_P021_ph101\graph_state_direct_basis.qpy,C:\Users\szymon\QuditsOnQubits\QuditsOnQubits\basis_direct_encoding_benchmarks\quantum_circuits\two_qutrit\monomial_full__sup123_P021_ph101\graph_state_direct_basis_transpiled.qpy,,C:\Users\szymon\QuditsOnQubits\QuditsOnQubits\basis_direct_encoding_benchmarks\quantum_circuits\two_qutrit\monomial_full__sup123_P021_ph101\E.npy
direct_basis_encoding,two_qutrit,two_qutrit,star,two_qutrit,2,2,4,sup123_P021_ph102,monomial,monomial_full,sup123_P021_ph102,False,True,18,39,57,44,,,1.169556,True,False,ok,,Converted from legacy E_new 4x3 isometry candidate.; Fidelity skipped because transpiled circuit has 128 qubits.,44,44.9,2.7,57,60.8,18,18.6,128,"{'cz': 17, 'rz': 16, 'sx': 12, 'rx': 11, 'rzz': 1}",10,10,0,C:\Users\szymon\QuditsOnQubits\QuditsOnQubits\basis_direct_encoding_benchmarks\quantum_circuits\two_qutrit\monomial_full__sup123_P021_ph102,C:\Users\szymon\QuditsOnQubits\QuditsOnQubits\basis_direct_encoding_benchmarks\quantum_circuits\two_qutrit\monomial_full__sup123_P021_ph102\F3_W.qpy,C:\Users\szymon\QuditsOnQubits\QuditsOnQubits\basis_direct_encoding_benchmarks\quantum_circuits\two_qutrit\monomial_full__sup123_P021_ph102\CZ3_W.qpy,C:\Users\szymon\QuditsOnQubits\QuditsOnQubits\basis_direct_encoding_benchmarks\quantum_circuits\two_qutrit\monomial_full__sup123_P021_ph102\graph_state_direct_basis.qpy,C:\Users\szymon\QuditsOnQubits\QuditsOnQubits\basis_direct_encoding_benchmarks\quantum_circuits\two_qutrit\monomial_full__sup123_P021_ph102\graph_state_direct_basis_transpiled.qpy,,C:\Users\szymon\QuditsOnQubits\QuditsOnQubits\basis_direct_encoding_benchmarks\quantum_circuits\two_qutrit\monomial_full__sup123_P021_ph102\E.npy
direct_basis_encoding,two_qutrit,two_qutrit,star,two_qutrit,2,2,4,sup123_P021_ph110,monomial,monomial_full,sup123_P021_ph110,False,True,18,41,59,44,,,1.182541,True,False,ok,,Converted from legacy E_new 4x3 isometry candidate.; Fidelity skipped because transpiled circuit has 128 qubits.,44,45.4,2.91,59,61.7,18,18.6,128,"{'rz': 17, 'cz': 17, 'rx': 12, 'sx': 12, 'rzz': 1}",10,10,0,C:\Users\szymon\QuditsOnQubits\QuditsOnQubits\basis_direct_encoding_benchmarks\quantum_circuits\two_qutrit\monomial_full__sup123_P021_ph110,C:\Users\szymon\QuditsOnQubits\QuditsOnQubits\basis_direct_encoding_benchmarks\quantum_circuits\two_qutrit\monomial_full__sup123_P021_ph110\F3_W.qpy,C:\Users\szymon\QuditsOnQubits\QuditsOnQubits\basis_direct_encoding_benchmarks\quantum_circuits\two_qutrit\monomial_full__sup123_P021_ph110\CZ3_W.qpy,C:\Users\szymon\QuditsOnQubits\QuditsOnQubits\basis_direct_encoding_benchmarks\quantum_circuits\two_qutrit\monomial_full__sup123_P021_ph110\graph_state_direct_basis.qpy,C:\Users\szymon\QuditsOnQubits\QuditsOnQubits\basis_direct_encoding_benchmarks\quantum_circuits\two_qutrit\monomial_full__sup123_P021_ph110\graph_state_direct_basis_transpiled.qpy,,C:\Users\szymon\QuditsOnQubits\QuditsOnQubits\basis_direct_encoding_benchmarks\quantum_circuits\two_qutrit\monomial_full__sup123_P021_ph110\E.npy
direct_basis_encoding,two_qutrit,two_qutrit,star,two_qutrit,2,2,4,sup123_P021_ph111,monomial,monomial_full,sup123_P021_ph111,False,True,18,40,58,43,,,1.116116,True,False,ok,,Converted from legacy E_new 4x3 isometry candidate.; Fidelity skipped because transpiled circuit has 128 qubits.,43,44.5,3.2,58,60.7,18,18.6,128,"{'cz': 17, 'rz': 16, 'rx': 12, 'sx': 12, 'rzz': 1}",10,10,0,C:\Users\szymon\QuditsOnQubits\QuditsOnQubits\basis_direct_encoding_benchmarks\quantum_circuits\two_qutrit\monomial_full__sup123_P021_ph111,C:\Users\szymon\QuditsOnQubits\QuditsOnQubits\basis_direct_encoding_benchmarks\quantum_circuits\two_qutrit\monomial_full__sup123_P021_ph111\F3_W.qpy,C:\Users\szymon\QuditsOnQubits\QuditsOnQubits\basis_direct_encoding_benchmarks\quantum_circuits\two_qutrit\monomial_full__sup123_P021_ph111\CZ3_W.qpy,C:\Users\szymon\QuditsOnQubits\QuditsOnQubits\basis_direct_encoding_benchmarks\quantum_circuits\two_qutrit\monomial_full__sup123_P021_ph111\graph_state_direct_basis.qpy,C:\Users\szymon\QuditsOnQubits\QuditsOnQubits\basis_direct_encoding_benchmarks\quantum_circuits\two_qutrit\monomial_full__sup123_P021_ph111\graph_state_direct_basis_transpiled.qpy,,C:\Users\szymon\QuditsOnQubits\QuditsOnQubits\basis_direct_encoding_benchmarks\quantum_circuits\two_qutrit\monomial_full__sup123_P021_ph111\E.npy
direct_basis_encoding,two_qutrit,two_qutrit,star,two_qutrit,2,2,4,sup123_P021_ph112,monomial,monomial_full,sup123_P021_ph112,False,True,18,40,58,44,,,1.136683,True,False,ok,,Converted from legacy E_new 4x3 isometry candidate.; Fidelity skipped because transpiled circuit has 128 qubits.,44,44.9,2.7,58,61.2,18,18.6,128,"{'cz': 17, 'rz': 16, 'sx': 12, 'rx': 12, 'rzz': 1}",10,10,0,C:\Users\szymon\QuditsOnQubits\QuditsOnQubits\basis_direct_encoding_benchmarks\quantum_circuits\two_qutrit\monomial_full__sup123_P021_ph112,C:\Users\szymon\QuditsOnQubits\QuditsOnQubits\basis_direct_encoding_benchmarks\quantum_circuits\two_qutrit\monomial_full__sup123_P021_ph112\F3_W.qpy,C:\Users\szymon\QuditsOnQubits\QuditsOnQubits\basis_direct_encoding_benchmarks\quantum_circuits\two_qutrit\monomial_full__sup123_P021_ph112\CZ3_W.qpy,C:\Users\szymon\QuditsOnQubits\QuditsOnQubits\basis_direct_encoding_benchmarks\quantum_circuits\two_qutrit\monomial_full__sup123_P021_ph112\graph_state_direct_basis.qpy,C:\Users\szymon\QuditsOnQubits\QuditsOnQubits\basis_direct_encoding_benchmarks\quantum_circuits\two_qutrit\monomial_full__sup123_P021_ph112\graph_state_direct_basis_transpiled.qpy,,C:\Users\szymon\QuditsOnQubits\QuditsOnQubits\basis_direct_encoding_benchmarks\quantum_circuits\two_qutrit\monomial_full__sup123_P021_ph112\E.npy
direct_basis_encoding,two_qutrit,two_qutrit,star,two_qutrit,2,2,4,sup123_P021_ph120,monomial,monomial_full,sup123_P021_ph120,False,True,18,38,56,43,,,0.763615,True,False,ok,,Converted from legacy E_new 4x3 isometry candidate.; Fidelity skipped because transpiled circuit has 128 qubits.,43,44.5,3.2,56,58.6,18,18.6,128,"{'cz': 17, 'rz': 14, 'rx': 12, 'sx': 12, 'rzz': 1}",10,10,0,C:\Users\szymon\QuditsOnQubits\QuditsOnQubits\basis_direct_encoding_benchmarks\quantum_circuits\two_qutrit\monomial_full__sup123_P021_ph120,C:\Users\szymon\QuditsOnQubits\QuditsOnQubits\basis_direct_encoding_benchmarks\quantum_circuits\two_qutrit\monomial_full__sup123_P021_ph120\F3_W.qpy,C:\Users\szymon\QuditsOnQubits\QuditsOnQubits\basis_direct_encoding_benchmarks\quantum_circuits\two_qutrit\monomial_full__sup123_P021_ph120\CZ3_W.qpy,C:\Users\szymon\QuditsOnQubits\QuditsOnQubits\basis_direct_encoding_benchmarks\quantum_circuits\two_qutrit\monomial_full__sup123_P021_ph120\graph_state_direct_basis.qpy,C:\Users\szymon\QuditsOnQubits\QuditsOnQubits\basis_direct_encoding_benchmarks\quantum_circuits\two_qutrit\monomial_full__sup123_P021_ph120\graph_state_direct_basis_transpiled.qpy,,C:\Users\szymon\QuditsOnQubits\QuditsOnQubits\basis_direct_encoding_benchmarks\quantum_circuits\two_qutrit\monomial_full__sup123_P021_ph120\E.npy
direct_basis_encoding,two_qutrit,two_qutrit,star,two_qutrit,2,2,4,sup123_P021_ph121,monomial,monomial_full,sup123_P021_ph121,False,True,18,38,56,43,,,0.947453,True,False,ok,,Converted from legacy E_new 4x3 isometry candidate.; Fidelity skipped because transpiled circuit has 128 qubits.,43,44.5,3.2,56,58.5,18,18.6,128,"{'cz': 17, 'rz': 14, 'rx': 12, 'sx': 12, 'rzz': 1}",10,10,0,C:\Users\szymon\QuditsOnQubits\QuditsOnQubits\basis_direct_encoding_benchmarks\quantum_circuits\two_qutrit\monomial_full__sup123_P021_ph121,C:\Users\szymon\QuditsOnQubits\QuditsOnQubits\basis_direct_encoding_benchmarks\quantum_circuits\two_qutrit\monomial_full__sup123_P021_ph121\F3_W.qpy,C:\Users\szymon\QuditsOnQubits\QuditsOnQubits\basis_direct_encoding_benchmarks\quantum_circuits\two_qutrit\monomial_full__sup123_P021_ph121\CZ3_W.qpy,C:\Users\szymon\QuditsOnQubits\QuditsOnQubits\basis_direct_encoding_benchmarks\quantum_circuits\two_qutrit\monomial_full__sup123_P021_ph121\graph_state_direct_basis.qpy,C:\Users\szymon\QuditsOnQubits\QuditsOnQubits\basis_direct_encoding_benchmarks\quantum_circuits\two_qutrit\monomial_full__sup123_P021_ph121\graph_state_direct_basis_transpiled.qpy,,C:\Users\szymon\QuditsOnQubits\QuditsOnQubits\basis_direct_encoding_benchmarks\quantum_circuits\two_qutrit\monomial_full__sup123_P021_ph121\E.npy
direct_basis_encoding,two_qutrit,two_qutrit,star,two_qutrit,2,2,4,sup123_P021_ph122,monomial,monomial_full,sup123_P021_ph122,False,True,18,37,55,43,,,0.780908,True,False,ok,,Converted from legacy E_new 4x3 isometry candidate.; Fidelity skipped because transpiled circuit has 128 qubits.,43,44.0,3.0,55,58.1,18,18.6,128,"{'cz': 17, 'rz': 13, 'sx': 12, 'rx': 12, 'rzz': 1}",10,10,0,C:\Users\szymon\QuditsOnQubits\QuditsOnQubits\basis_direct_encoding_benchmarks\quantum_circuits\two_qutrit\monomial_full__sup123_P021_ph122,C:\Users\szymon\QuditsOnQubits\QuditsOnQubits\basis_direct_encoding_benchmarks\quantum_circuits\two_qutrit\monomial_full__sup123_P021_ph122\F3_W.qpy,C:\Users\szymon\QuditsOnQubits\QuditsOnQubits\basis_direct_encoding_benchmarks\quantum_circuits\two_qutrit\monomial_full__sup123_P021_ph122\CZ3_W.qpy,C:\Users\szymon\QuditsOnQubits\QuditsOnQubits\basis_direct_encoding_benchmarks\quantum_circuits\two_qutrit\monomial_full__sup123_P021_ph122\graph_state_direct_basis.qpy,C:\Users\szymon\QuditsOnQubits\QuditsOnQubits\basis_direct_encoding_benchmarks\quantum_circuits\two_qutrit\monomial_full__sup123_P021_ph122\graph_state_direct_basis_transpiled.qpy,,C:\Users\szymon\QuditsOnQubits\QuditsOnQubits\basis_direct_encoding_benchmarks\quantum_circuits\two_qutrit\monomial_full__sup123_P021_ph122\E.npy
direct_basis_encoding,two_qutrit,two_qutrit,star,two_qutrit,2,2,4,sup123_P021_ph200,monomial,monomial_full,sup123_P021_ph200,False,True,18,40,58,43,,,1.168642,True,False,ok,,Converted from legacy E_new 4x3 isometry candidate.; Fidelity skipped because transpiled circuit has 128 qubits.,43,44.5,3.2,58,60.8,18,18.6,128,"{'cz': 17, 'rz': 16, 'rx': 12, 'sx': 12, 'rzz': 1}",10,10,0,C:\Users\szymon\QuditsOnQubits\QuditsOnQubits\basis_direct_encoding_benchmarks\quantum_circuits\two_qutrit\monomial_full__sup123_P021_ph200,C:\Users\szymon\QuditsOnQubits\QuditsOnQubits\basis_direct_encoding_benchmarks\quantum_circuits\two_qutrit\monomial_full__sup123_P021_ph200\F3_W.qpy,C:\Users\szymon\QuditsOnQubits\QuditsOnQubits\basis_direct_encoding_benchmarks\quantum_circuits\two_qutrit\monomial_full__sup123_P021_ph200\CZ3_W.qpy,C:\Users\szymon\QuditsOnQubits\QuditsOnQubits\basis_direct_encoding_benchmarks\quantum_circuits\two_qutrit\monomial_full__sup123_P021_ph200\graph_state_direct_basis.qpy,C:\Users\szymon\QuditsOnQubits\QuditsOnQubits\basis_direct_encoding_benchmarks\quantum_circuits\two_qutrit\monomial_full__sup123_P021_ph200\graph_state_direct_basis_transpiled.qpy,,C:\Users\szymon\QuditsOnQubits\QuditsOnQubits\basis_direct_encoding_benchmarks\quantum_circuits\two_qutrit\monomial_full__sup123_P021_ph200\E.npy
direct_basis_encoding,two_qutrit,two_qutrit,star,two_qutrit,2,2,4,sup123_P021_ph201,monomial,monomial_full,sup123_P021_ph201,False,True,18,40,58,44,,,1.064101,True,False,ok,,Converted from legacy E_new 4x3 isometry candidate.; Fidelity skipped because transpiled circuit has 128 qubits.,44,44.9,2.7,58,61.2,18,18.6,128,"{'cz': 17, 'rz': 16, 'sx': 12, 'rx': 12, 'rzz': 1}",10,10,0,C:\Users\szymon\QuditsOnQubits\QuditsOnQubits\basis_direct_encoding_benchmarks\quantum_circuits\two_qutrit\monomial_full__sup123_P021_ph201,C:\Users\szymon\QuditsOnQubits\QuditsOnQubits\basis_direct_encoding_benchmarks\quantum_circuits\two_qutrit\monomial_full__sup123_P021_ph201\F3_W.qpy,C:\Users\szymon\QuditsOnQubits\QuditsOnQubits\basis_direct_encoding_benchmarks\quantum_circuits\two_qutrit\monomial_full__sup123_P021_ph201\CZ3_W.qpy,C:\Users\szymon\QuditsOnQubits\QuditsOnQubits\basis_direct_encoding_benchmarks\quantum_circuits\two_qutrit\monomial_full__sup123_P021_ph201\graph_state_direct_basis.qpy,C:\Users\szymon\QuditsOnQubits\QuditsOnQubits\basis_direct_encoding_benchmarks\quantum_circuits\two_qutrit\monomial_full__sup123_P021_ph201\graph_state_direct_basis_transpiled.qpy,,C:\Users\szymon\QuditsOnQubits\QuditsOnQubits\basis_direct_encoding_benchmarks\quantum_circuits\two_qutrit\monomial_full__sup123_P021_ph201\E.npy
direct_basis_encoding,two_qutrit,two_qutrit,star,two_qutrit,2,2,4,sup123_P021_ph202,monomial,monomial_full,sup123_P021_ph202,False,True,18,41,59,44,,,0.791187,True,False,ok,,Converted from legacy E_new 4x3 isometry candidate.; Fidelity skipped because transpiled circuit has 128 qubits.,44,45.4,2.91,59,61.2,18,18.6,128,"{'rz': 17, 'cz': 17, 'rx': 12, 'sx': 12, 'rzz': 1}",10,10,0,C:\Users\szymon\QuditsOnQubits\QuditsOnQubits\basis_direct_encoding_benchmarks\quantum_circuits\two_qutrit\monomial_full__sup123_P021_ph202,C:\Users\szymon\QuditsOnQubits\QuditsOnQubits\basis_direct_encoding_benchmarks\quantum_circuits\two_qutrit\monomial_full__sup123_P021_ph202\F3_W.qpy,C:\Users\szymon\QuditsOnQubits\QuditsOnQubits\basis_direct_encoding_benchmarks\quantum_circuits\two_qutrit\monomial_full__sup123_P021_ph202\CZ3_W.qpy,C:\Users\szymon\QuditsOnQubits\QuditsOnQubits\basis_direct_encoding_benchmarks\quantum_circuits\two_qutrit\monomial_full__sup123_P021_ph202\graph_state_direct_basis.qpy,C:\Users\szymon\QuditsOnQubits\QuditsOnQubits\basis_direct_encoding_benchmarks\quantum_circuits\two_qutrit\monomial_full__sup123_P021_ph202\graph_state_direct_basis_transpiled.qpy,,C:\Users\szymon\QuditsOnQubits\QuditsOnQubits\basis_direct_encoding_benchmarks\quantum_circuits\two_qutrit\monomial_full__sup123_P021_ph202\E.npy
direct_basis_encoding,two_qutrit,two_qutrit,star,two_qutrit,2,2,4,sup123_P021_ph210,monomial,monomial_full,sup123_P021_ph210,False,True,18,38,56,43,,,0.836971,True,False,ok,,Converted from legacy E_new 4x3 isometry candidate.; Fidelity skipped because transpiled circuit has 128 qubits.,43,44.5,3.2,56,58.6,18,18.6,128,"{'cz': 17, 'rz': 14, 'rx': 12, 'sx': 12, 'rzz': 1}",10,10,0,C:\Users\szymon\QuditsOnQubits\QuditsOnQubits\basis_direct_encoding_benchmarks\quantum_circuits\two_qutrit\monomial_full__sup123_P021_ph210,C:\Users\szymon\QuditsOnQubits\QuditsOnQubits\basis_direct_encoding_benchmarks\quantum_circuits\two_qutrit\monomial_full__sup123_P021_ph210\F3_W.qpy,C:\Users\szymon\QuditsOnQubits\QuditsOnQubits\basis_direct_encoding_benchmarks\quantum_circuits\two_qutrit\monomial_full__sup123_P021_ph210\CZ3_W.qpy,C:\Users\szymon\QuditsOnQubits\QuditsOnQubits\basis_direct_encoding_benchmarks\quantum_circuits\two_qutrit\monomial_full__sup123_P021_ph210\graph_state_direct_basis.qpy,C:\Users\szymon\QuditsOnQubits\QuditsOnQubits\basis_direct_encoding_benchmarks\quantum_circuits\two_qutrit\monomial_full__sup123_P021_ph210\graph_state_direct_basis_transpiled.qpy,,C:\Users\szymon\QuditsOnQubits\QuditsOnQubits\basis_direct_encoding_benchmarks\quantum_circuits\two_qutrit\monomial_full__sup123_P021_ph210\E.npy
direct_basis_encoding,two_qutrit,two_qutrit,star,two_qutrit,2,2,4,sup123_P021_ph211,monomial,monomial_full,sup123_P021_ph211,False,True,18,37,55,43,,,0.944211,True,False,ok,,Converted from legacy E_new 4x3 isometry candidate.; Fidelity skipped because transpiled circuit has 128 qubits.,43,44.0,3.0,55,58.1,18,18.6,128,"{'cz': 17, 'rz': 13, 'sx': 12, 'rx': 12, 'rzz': 1}",10,10,0,C:\Users\szymon\QuditsOnQubits\QuditsOnQubits\basis_direct_encoding_benchmarks\quantum_circuits\two_qutrit\monomial_full__sup123_P021_ph211,C:\Users\szymon\QuditsOnQubits\QuditsOnQubits\basis_direct_encoding_benchmarks\quantum_circuits\two_qutrit\monomial_full__sup123_P021_ph211\F3_W.qpy,C:\Users\szymon\QuditsOnQubits\QuditsOnQubits\basis_direct_encoding_benchmarks\quantum_circuits\two_qutrit\monomial_full__sup123_P021_ph211\CZ3_W.qpy,C:\Users\szymon\QuditsOnQubits\QuditsOnQubits\basis_direct_encoding_benchmarks\quantum_circuits\two_qutrit\monomial_full__sup123_P021_ph211\graph_state_direct_basis.qpy,C:\Users\szymon\QuditsOnQubits\QuditsOnQubits\basis_direct_encoding_benchmarks\quantum_circuits\two_qutrit\monomial_full__sup123_P021_ph211\graph_state_direct_basis_transpiled.qpy,,C:\Users\szymon\QuditsOnQubits\QuditsOnQubits\basis_direct_encoding_benchmarks\quantum_circuits\two_qutrit\monomial_full__sup123_P021_ph211\E.npy
direct_basis_encoding,two_qutrit,two_qutrit,star,two_qutrit,2,2,4,sup123_P021_ph212,monomial,monomial_full,sup123_P021_ph212,False,True,18,38,56,43,,,0.955397,True,False,ok,,Converted from legacy E_new 4x3 isometry candidate.; Fidelity skipped because transpiled circuit has 128 qubits.,43,44.5,3.2,56,58.1,18,18.6,128,"{'cz': 17, 'rz': 14, 'rx': 12, 'sx': 12, 'rzz': 1}",10,10,0,C:\Users\szymon\QuditsOnQubits\QuditsOnQubits\basis_direct_encoding_benchmarks\quantum_circuits\two_qutrit\monomial_full__sup123_P021_ph212,C:\Users\szymon\QuditsOnQubits\QuditsOnQubits\basis_direct_encoding_benchmarks\quantum_circuits\two_qutrit\monomial_full__sup123_P021_ph212\F3_W.qpy,C:\Users\szymon\QuditsOnQubits\QuditsOnQubits\basis_direct_encoding_benchmarks\quantum_circuits\two_qutrit\monomial_full__sup123_P021_ph212\CZ3_W.qpy,C:\Users\szymon\QuditsOnQubits\QuditsOnQubits\basis_direct_encoding_benchmarks\quantum_circuits\two_qutrit\monomial_full__sup123_P021_ph212\graph_state_direct_basis.qpy,C:\Users\szymon\QuditsOnQubits\QuditsOnQubits\basis_direct_encoding_benchmarks\quantum_circuits\two_qutrit\monomial_full__sup123_P021_ph212\graph_state_direct_basis_transpiled.qpy,,C:\Users\szymon\QuditsOnQubits\QuditsOnQubits\basis_direct_encoding_benchmarks\quantum_circuits\two_qutrit\monomial_full__sup123_P021_ph212\E.npy
direct_basis_encoding,two_qutrit,two_qutrit,star,two_qutrit,2,2,4,sup123_P021_ph220,monomial,monomial_full,sup123_P021_ph220,False,True,18,41,59,44,,,1.04898,True,False,ok,,Converted from legacy E_new 4x3 isometry candidate.; Fidelity skipped because transpiled circuit has 128 qubits.,44,45.4,2.91,59,61.7,18,18.6,128,"{'rz': 17, 'cz': 17, 'rx': 12, 'sx': 12, 'rzz': 1}",10,10,0,C:\Users\szymon\QuditsOnQubits\QuditsOnQubits\basis_direct_encoding_benchmarks\quantum_circuits\two_qutrit\monomial_full__sup123_P021_ph220,C:\Users\szymon\QuditsOnQubits\QuditsOnQubits\basis_direct_encoding_benchmarks\quantum_circuits\two_qutrit\monomial_full__sup123_P021_ph220\F3_W.qpy,C:\Users\szymon\QuditsOnQubits\QuditsOnQubits\basis_direct_encoding_benchmarks\quantum_circuits\two_qutrit\monomial_full__sup123_P021_ph220\CZ3_W.qpy,C:\Users\szymon\QuditsOnQubits\QuditsOnQubits\basis_direct_encoding_benchmarks\quantum_circuits\two_qutrit\monomial_full__sup123_P021_ph220\graph_state_direct_basis.qpy,C:\Users\szymon\QuditsOnQubits\QuditsOnQubits\basis_direct_encoding_benchmarks\quantum_circuits\two_qutrit\monomial_full__sup123_P021_ph220\graph_state_direct_basis_transpiled.qpy,,C:\Users\szymon\QuditsOnQubits\QuditsOnQubits\basis_direct_encoding_benchmarks\quantum_circuits\two_qutrit\monomial_full__sup123_P021_ph220\E.npy
direct_basis_encoding,two_qutrit,two_qutrit,star,two_qutrit,2,2,4,sup123_P021_ph221,monomial,monomial_full,sup123_P021_ph221,False,True,18,40,58,44,,,1.002472,True,False,ok,,Converted from legacy E_new 4x3 isometry candidate.; Fidelity skipped because transpiled circuit has 128 qubits.,44,44.9,2.7,58,61.2,18,18.6,128,"{'cz': 17, 'rz': 16, 'sx': 12, 'rx': 12, 'rzz': 1}",10,10,0,C:\Users\szymon\QuditsOnQubits\QuditsOnQubits\basis_direct_encoding_benchmarks\quantum_circuits\two_qutrit\monomial_full__sup123_P021_ph221,C:\Users\szymon\QuditsOnQubits\QuditsOnQubits\basis_direct_encoding_benchmarks\quantum_circuits\two_qutrit\monomial_full__sup123_P021_ph221\F3_W.qpy,C:\Users\szymon\QuditsOnQubits\QuditsOnQubits\basis_direct_encoding_benchmarks\quantum_circuits\two_qutrit\monomial_full__sup123_P021_ph221\CZ3_W.qpy,C:\Users\szymon\QuditsOnQubits\QuditsOnQubits\basis_direct_encoding_benchmarks\quantum_circuits\two_qutrit\monomial_full__sup123_P021_ph221\graph_state_direct_basis.qpy,C:\Users\szymon\QuditsOnQubits\QuditsOnQubits\basis_direct_encoding_benchmarks\quantum_circuits\two_qutrit\monomial_full__sup123_P021_ph221\graph_state_direct_basis_transpiled.qpy,,C:\Users\szymon\QuditsOnQubits\QuditsOnQubits\basis_direct_encoding_benchmarks\quantum_circuits\two_qutrit\monomial_full__sup123_P021_ph221\E.npy
direct_basis_encoding,two_qutrit,two_qutrit,star,two_qutrit,2,2,4,sup123_P021_ph222,monomial,monomial_full,sup123_P021_ph222,False,True,18,40,58,43,,,0.915653,True,False,ok,,Converted from legacy E_new 4x3 isometry candidate.; Fidelity skipped because transpiled circuit has 128 qubits.,43,44.5,3.2,58,60.3,18,18.6,128,"{'cz': 17, 'rz': 16, 'rx': 12, 'sx': 12, 'rzz': 1}",10,10,0,C:\Users\szymon\QuditsOnQubits\QuditsOnQubits\basis_direct_encoding_benchmarks\quantum_circuits\two_qutrit\monomial_full__sup123_P021_ph222,C:\Users\szymon\QuditsOnQubits\QuditsOnQubits\basis_direct_encoding_benchmarks\quantum_circuits\two_qutrit\monomial_full__sup123_P021_ph222\F3_W.qpy,C:\Users\szymon\QuditsOnQubits\QuditsOnQubits\basis_direct_encoding_benchmarks\quantum_circuits\two_qutrit\monomial_full__sup123_P021_ph222\CZ3_W.qpy,C:\Users\szymon\QuditsOnQubits\QuditsOnQubits\basis_direct_encoding_benchmarks\quantum_circuits\two_qutrit\monomial_full__sup123_P021_ph222\graph_state_direct_basis.qpy,C:\Users\szymon\QuditsOnQubits\QuditsOnQubits\basis_direct_encoding_benchmarks\quantum_circuits\two_qutrit\monomial_full__sup123_P021_ph222\graph_state_direct_basis_transpiled.qpy,,C:\Users\szymon\QuditsOnQubits\QuditsOnQubits\basis_direct_encoding_benchmarks\quantum_circuits\two_qutrit\monomial_full__sup123_P021_ph222\E.npy
direct_basis_encoding,two_qutrit,two_qutrit,star,two_qutrit,2,2,4,sup123_P102_ph000,monomial,monomial_full,sup123_P102_ph000,False,True,17,42,59,42,,,1.084666,True,False,ok,,Converted from legacy E_new 4x3 isometry candidate.; Fidelity skipped because transpiled circuit has 128 qubits.,42,45.7,3.41,59,63.9,17,18.5,128,"{'rz': 16, 'cz': 14, 'sx': 13, 'rx': 13, 'rzz': 3}",10,10,0,C:\Users\szymon\QuditsOnQubits\QuditsOnQubits\basis_direct_encoding_benchmarks\quantum_circuits\two_qutrit\monomial_full__sup123_P102_ph000,C:\Users\szymon\QuditsOnQubits\QuditsOnQubits\basis_direct_encoding_benchmarks\quantum_circuits\two_qutrit\monomial_full__sup123_P102_ph000\F3_W.qpy,C:\Users\szymon\QuditsOnQubits\QuditsOnQubits\basis_direct_encoding_benchmarks\quantum_circuits\two_qutrit\monomial_full__sup123_P102_ph000\CZ3_W.qpy,C:\Users\szymon\QuditsOnQubits\QuditsOnQubits\basis_direct_encoding_benchmarks\quantum_circuits\two_qutrit\monomial_full__sup123_P102_ph000\graph_state_direct_basis.qpy,C:\Users\szymon\QuditsOnQubits\QuditsOnQubits\basis_direct_encoding_benchmarks\quantum_circuits\two_qutrit\monomial_full__sup123_P102_ph000\graph_state_direct_basis_transpiled.qpy,,C:\Users\szymon\QuditsOnQubits\QuditsOnQubits\basis_direct_encoding_benchmarks\quantum_circuits\two_qutrit\monomial_full__sup123_P102_ph000\E.npy
direct_basis_encoding,two_qutrit,two_qutrit,star,two_qutrit,2,2,4,sup123_P102_ph001,monomial,monomial_full,sup123_P102_ph001,False,True,17,44,61,43,,,0.942396,True,False,ok,,Converted from legacy E_new 4x3 isometry candidate.; Fidelity skipped because transpiled circuit has 128 qubits.,43,46.9,3.18,61,66.5,17,18.5,128,"{'rz': 18, 'cz': 14, 'sx': 13, 'rx': 13, 'rzz': 3}",10,10,0,C:\Users\szymon\QuditsOnQubits\QuditsOnQubits\basis_direct_encoding_benchmarks\quantum_circuits\two_qutrit\monomial_full__sup123_P102_ph001,C:\Users\szymon\QuditsOnQubits\QuditsOnQubits\basis_direct_encoding_benchmarks\quantum_circuits\two_qutrit\monomial_full__sup123_P102_ph001\F3_W.qpy,C:\Users\szymon\QuditsOnQubits\QuditsOnQubits\basis_direct_encoding_benchmarks\quantum_circuits\two_qutrit\monomial_full__sup123_P102_ph001\CZ3_W.qpy,C:\Users\szymon\QuditsOnQubits\QuditsOnQubits\basis_direct_encoding_benchmarks\quantum_circuits\two_qutrit\monomial_full__sup123_P102_ph001\graph_state_direct_basis.qpy,C:\Users\szymon\QuditsOnQubits\QuditsOnQubits\basis_direct_encoding_benchmarks\quantum_circuits\two_qutrit\monomial_full__sup123_P102_ph001\graph_state_direct_basis_transpiled.qpy,,C:\Users\szymon\QuditsOnQubits\QuditsOnQubits\basis_direct_encoding_benchmarks\quantum_circuits\two_qutrit\monomial_full__sup123_P102_ph001\E.npy
direct_basis_encoding,two_qutrit,two_qutrit,star,two_qutrit,2,2,4,sup123_P102_ph002,monomial,monomial_full,sup123_P102_ph002,False,True,17,45,62,43,,,1.015397,True,False,ok,,Converted from legacy E_new 4x3 isometry candidate.; Fidelity skipped because transpiled circuit has 128 qubits.,43,46.9,3.18,62,67.1,17,18.5,128,"{'rz': 18, 'rx': 14, 'cz': 14, 'sx': 13, 'rzz': 3}",10,10,0,C:\Users\szymon\QuditsOnQubits\QuditsOnQubits\basis_direct_encoding_benchmarks\quantum_circuits\two_qutrit\monomial_full__sup123_P102_ph002,C:\Users\szymon\QuditsOnQubits\QuditsOnQubits\basis_direct_encoding_benchmarks\quantum_circuits\two_qutrit\monomial_full__sup123_P102_ph002\F3_W.qpy,C:\Users\szymon\QuditsOnQubits\QuditsOnQubits\basis_direct_encoding_benchmarks\quantum_circuits\two_qutrit\monomial_full__sup123_P102_ph002\CZ3_W.qpy,C:\Users\szymon\QuditsOnQubits\QuditsOnQubits\basis_direct_encoding_benchmarks\quantum_circuits\two_qutrit\monomial_full__sup123_P102_ph002\graph_state_direct_basis.qpy,C:\Users\szymon\QuditsOnQubits\QuditsOnQubits\basis_direct_encoding_benchmarks\quantum_circuits\two_qutrit\monomial_full__sup123_P102_ph002\graph_state_direct_basis_transpiled.qpy,,C:\Users\szymon\QuditsOnQubits\QuditsOnQubits\basis_direct_encoding_benchmarks\quantum_circuits\two_qutrit\monomial_full__sup123_P102_ph002\E.npy
direct_basis_encoding,two_qutrit,two_qutrit,star,two_qutrit,2,2,4,sup123_P102_ph010,monomial,monomial_full,sup123_P102_ph010,False,True,17,46,63,43,,,1.09428,True,False,ok,,Converted from legacy E_new 4x3 isometry candidate.; Fidelity skipped because transpiled circuit has 128 qubits.,43,46.6,3.29,63,68.4,17,18.5,128,"{'rz': 20, 'cz': 14, 'sx': 13, 'rx': 13, 'rzz': 3}",10,10,0,C:\Users\szymon\QuditsOnQubits\QuditsOnQubits\basis_direct_encoding_benchmarks\quantum_circuits\two_qutrit\monomial_full__sup123_P102_ph010,C:\Users\szymon\QuditsOnQubits\QuditsOnQubits\basis_direct_encoding_benchmarks\quantum_circuits\two_qutrit\monomial_full__sup123_P102_ph010\F3_W.qpy,C:\Users\szymon\QuditsOnQubits\QuditsOnQubits\basis_direct_encoding_benchmarks\quantum_circuits\two_qutrit\monomial_full__sup123_P102_ph010\CZ3_W.qpy,C:\Users\szymon\QuditsOnQubits\QuditsOnQubits\basis_direct_encoding_benchmarks\quantum_circuits\two_qutrit\monomial_full__sup123_P102_ph010\graph_state_direct_basis.qpy,C:\Users\szymon\QuditsOnQubits\QuditsOnQubits\basis_direct_encoding_benchmarks\quantum_circuits\two_qutrit\monomial_full__sup123_P102_ph010\graph_state_direct_basis_transpiled.qpy,,C:\Users\szymon\QuditsOnQubits\QuditsOnQubits\basis_direct_encoding_benchmarks\quantum_circuits\two_qutrit\monomial_full__sup123_P102_ph010\E.npy
direct_basis_encoding,two_qutrit,two_qutrit,star,two_qutrit,2,2,4,sup123_P102_ph011,monomial,monomial_full,sup123_P102_ph011,False,True,17,44,61,42,,,1.040574,True,False,ok,,Converted from legacy E_new 4x3 isometry candidate.; Fidelity skipped because transpiled circuit has 128 qubits.,42,46.0,3.29,61,67.3,17,18.5,128,"{'rz': 18, 'cz': 14, 'sx': 13, 'rx': 13, 'rzz': 3}",10,10,0,C:\Users\szymon\QuditsOnQubits\QuditsOnQubits\basis_direct_encoding_benchmarks\quantum_circuits\two_qutrit\monomial_full__sup123_P102_ph011,C:\Users\szymon\QuditsOnQubits\QuditsOnQubits\basis_direct_encoding_benchmarks\quantum_circuits\two_qutrit\monomial_full__sup123_P102_ph011\F3_W.qpy,C:\Users\szymon\QuditsOnQubits\QuditsOnQubits\basis_direct_encoding_benchmarks\quantum_circuits\two_qutrit\monomial_full__sup123_P102_ph011\CZ3_W.qpy,C:\Users\szymon\QuditsOnQubits\QuditsOnQubits\basis_direct_encoding_benchmarks\quantum_circuits\two_qutrit\monomial_full__sup123_P102_ph011\graph_state_direct_basis.qpy,C:\Users\szymon\QuditsOnQubits\QuditsOnQubits\basis_direct_encoding_benchmarks\quantum_circuits\two_qutrit\monomial_full__sup123_P102_ph011\graph_state_direct_basis_transpiled.qpy,,C:\Users\szymon\QuditsOnQubits\QuditsOnQubits\basis_direct_encoding_benchmarks\quantum_circuits\two_qutrit\monomial_full__sup123_P102_ph011\E.npy
direct_basis_encoding,two_qutrit,two_qutrit,star,two_qutrit,2,2,4,sup123_P102_ph012,monomial,monomial_full,sup123_P102_ph012,False,True,17,47,64,43,,,1.02175,True,False,ok,,Converted from legacy E_new 4x3 isometry candidate.; Fidelity skipped because transpiled circuit has 128 qubits.,43,46.9,3.18,64,69.9,17,18.5,128,"{'rz': 20, 'rx': 14, 'cz': 14, 'sx': 13, 'rzz': 3}",10,10,0,C:\Users\szymon\QuditsOnQubits\QuditsOnQubits\basis_direct_encoding_benchmarks\quantum_circuits\two_qutrit\monomial_full__sup123_P102_ph012,C:\Users\szymon\QuditsOnQubits\QuditsOnQubits\basis_direct_encoding_benchmarks\quantum_circuits\two_qutrit\monomial_full__sup123_P102_ph012\F3_W.qpy,C:\Users\szymon\QuditsOnQubits\QuditsOnQubits\basis_direct_encoding_benchmarks\quantum_circuits\two_qutrit\monomial_full__sup123_P102_ph012\CZ3_W.qpy,C:\Users\szymon\QuditsOnQubits\QuditsOnQubits\basis_direct_encoding_benchmarks\quantum_circuits\two_qutrit\monomial_full__sup123_P102_ph012\graph_state_direct_basis.qpy,C:\Users\szymon\QuditsOnQubits\QuditsOnQubits\basis_direct_encoding_benchmarks\quantum_circuits\two_qutrit\monomial_full__sup123_P102_ph012\graph_state_direct_basis_transpiled.qpy,,C:\Users\szymon\QuditsOnQubits\QuditsOnQubits\basis_direct_encoding_benchmarks\quantum_circuits\two_qutrit\monomial_full__sup123_P102_ph012\E.npy
direct_basis_encoding,two_qutrit,two_qutrit,star,two_qutrit,2,2,4,sup123_P102_ph020,monomial,monomial_full,sup123_P102_ph020,False,True,17,46,63,43,,,0.932558,True,False,ok,,Converted from legacy E_new 4x3 isometry candidate.; Fidelity skipped because transpiled circuit has 128 qubits.,43,46.6,3.29,63,68.4,17,18.5,128,"{'rz': 20, 'cz': 14, 'sx': 13, 'rx': 13, 'rzz': 3}",10,10,0,C:\Users\szymon\QuditsOnQubits\QuditsOnQubits\basis_direct_encoding_benchmarks\quantum_circuits\two_qutrit\monomial_full__sup123_P102_ph020,C:\Users\szymon\QuditsOnQubits\QuditsOnQubits\basis_direct_encoding_benchmarks\quantum_circuits\two_qutrit\monomial_full__sup123_P102_ph020\F3_W.qpy,C:\Users\szymon\QuditsOnQubits\QuditsOnQubits\basis_direct_encoding_benchmarks\quantum_circuits\two_qutrit\monomial_full__sup123_P102_ph020\CZ3_W.qpy,C:\Users\szymon\QuditsOnQubits\QuditsOnQubits\basis_direct_encoding_benchmarks\quantum_circuits\two_qutrit\monomial_full__sup123_P102_ph020\graph_state_direct_basis.qpy,C:\Users\szymon\QuditsOnQubits\QuditsOnQubits\basis_direct_encoding_benchmarks\quantum_circuits\two_qutrit\monomial_full__sup123_P102_ph020\graph_state_direct_basis_transpiled.qpy,,C:\Users\szymon\QuditsOnQubits\QuditsOnQubits\basis_direct_encoding_benchmarks\quantum_circuits\two_qutrit\monomial_full__sup123_P102_ph020\E.npy
direct_basis_encoding,two_qutrit,two_qutrit,star,two_qutrit,2,2,4,sup123_P102_ph021,monomial,monomial_full,sup123_P102_ph021,False,True,17,46,63,43,,,0.89607,True,False,ok,,Converted from legacy E_new 4x3 isometry candidate.; Fidelity skipped because transpiled circuit has 128 qubits.,43,46.9,3.18,63,69.3,17,18.5,128,"{'rz': 20, 'cz': 14, 'sx': 13, 'rx': 13, 'rzz': 3}",10,10,0,C:\Users\szymon\QuditsOnQubits\QuditsOnQubits\basis_direct_encoding_benchmarks\quantum_circuits\two_qutrit\monomial_full__sup123_P102_ph021,C:\Users\szymon\QuditsOnQubits\QuditsOnQubits\basis_direct_encoding_benchmarks\quantum_circuits\two_qutrit\monomial_full__sup123_P102_ph021\F3_W.qpy,C:\Users\szymon\QuditsOnQubits\QuditsOnQubits\basis_direct_encoding_benchmarks\quantum_circuits\two_qutrit\monomial_full__sup123_P102_ph021\CZ3_W.qpy,C:\Users\szymon\QuditsOnQubits\QuditsOnQubits\basis_direct_encoding_benchmarks\quantum_circuits\two_qutrit\monomial_full__sup123_P102_ph021\graph_state_direct_basis.qpy,C:\Users\szymon\QuditsOnQubits\QuditsOnQubits\basis_direct_encoding_benchmarks\quantum_circuits\two_qutrit\monomial_full__sup123_P102_ph021\graph_state_direct_basis_transpiled.qpy,,C:\Users\szymon\QuditsOnQubits\QuditsOnQubits\basis_direct_encoding_benchmarks\quantum_circuits\two_qutrit\monomial_full__sup123_P102_ph021\E.npy
direct_basis_encoding,two_qutrit,two_qutrit,star,two_qutrit,2,2,4,sup123_P102_ph022,monomial,monomial_full,sup123_P102_ph022,False,True,17,44,61,42,,,0.963011,True,False,ok,,Converted from legacy E_new 4x3 isometry candidate.; Fidelity skipped because transpiled circuit has 128 qubits.,42,46.0,3.29,61,67.6,17,18.5,128,"{'rz': 18, 'cz': 14, 'sx': 13, 'rx': 13, 'rzz': 3}",10,10,0,C:\Users\szymon\QuditsOnQubits\QuditsOnQubits\basis_direct_encoding_benchmarks\quantum_circuits\two_qutrit\monomial_full__sup123_P102_ph022,C:\Users\szymon\QuditsOnQubits\QuditsOnQubits\basis_direct_encoding_benchmarks\quantum_circuits\two_qutrit\monomial_full__sup123_P102_ph022\F3_W.qpy,C:\Users\szymon\QuditsOnQubits\QuditsOnQubits\basis_direct_encoding_benchmarks\quantum_circuits\two_qutrit\monomial_full__sup123_P102_ph022\CZ3_W.qpy,C:\Users\szymon\QuditsOnQubits\QuditsOnQubits\basis_direct_encoding_benchmarks\quantum_circuits\two_qutrit\monomial_full__sup123_P102_ph022\graph_state_direct_basis.qpy,C:\Users\szymon\QuditsOnQubits\QuditsOnQubits\basis_direct_encoding_benchmarks\quantum_circuits\two_qutrit\monomial_full__sup123_P102_ph022\graph_state_direct_basis_transpiled.qpy,,C:\Users\szymon\QuditsOnQubits\QuditsOnQubits\basis_direct_encoding_benchmarks\quantum_circuits\two_qutrit\monomial_full__sup123_P102_ph022\E.npy
direct_basis_encoding,two_qutrit,two_qutrit,star,two_qutrit,2,2,4,sup123_P102_ph100,monomial,monomial_full,sup123_P102_ph100,False,True,17,44,61,42,,,0.9612,True,False,ok,,Converted from legacy E_new 4x3 isometry candidate.; Fidelity skipped because transpiled circuit has 128 qubits.,42,46.0,3.29,61,67.3,17,18.5,128,"{'rz': 18, 'cz': 14, 'sx': 13, 'rx': 13, 'rzz': 3}",10,10,0,C:\Users\szymon\QuditsOnQubits\QuditsOnQubits\basis_direct_encoding_benchmarks\quantum_circuits\two_qutrit\monomial_full__sup123_P102_ph100,C:\Users\szymon\QuditsOnQubits\QuditsOnQubits\basis_direct_encoding_benchmarks\quantum_circuits\two_qutrit\monomial_full__sup123_P102_ph100\F3_W.qpy,C:\Users\szymon\QuditsOnQubits\QuditsOnQubits\basis_direct_encoding_benchmarks\quantum_circuits\two_qutrit\monomial_full__sup123_P102_ph100\CZ3_W.qpy,C:\Users\szymon\QuditsOnQubits\QuditsOnQubits\basis_direct_encoding_benchmarks\quantum_circuits\two_qutrit\monomial_full__sup123_P102_ph100\graph_state_direct_basis.qpy,C:\Users\szymon\QuditsOnQubits\QuditsOnQubits\basis_direct_encoding_benchmarks\quantum_circuits\two_qutrit\monomial_full__sup123_P102_ph100\graph_state_direct_basis_transpiled.qpy,,C:\Users\szymon\QuditsOnQubits\QuditsOnQubits\basis_direct_encoding_benchmarks\quantum_circuits\two_qutrit\monomial_full__sup123_P102_ph100\E.npy
direct_basis_encoding,two_qutrit,two_qutrit,star,two_qutrit,2,2,4,sup123_P102_ph101,monomial,monomial_full,sup123_P102_ph101,False,True,17,47,64,43,,,0.89577,True,False,ok,,Converted from legacy E_new 4x3 isometry candidate.; Fidelity skipped because transpiled circuit has 128 qubits.,43,46.9,3.18,64,69.3,17,18.5,128,"{'rz': 20, 'rx': 14, 'cz': 14, 'sx': 13, 'rzz': 3}",10,10,0,C:\Users\szymon\QuditsOnQubits\QuditsOnQubits\basis_direct_encoding_benchmarks\quantum_circuits\two_qutrit\monomial_full__sup123_P102_ph101,C:\Users\szymon\QuditsOnQubits\QuditsOnQubits\basis_direct_encoding_benchmarks\quantum_circuits\two_qutrit\monomial_full__sup123_P102_ph101\F3_W.qpy,C:\Users\szymon\QuditsOnQubits\QuditsOnQubits\basis_direct_encoding_benchmarks\quantum_circuits\two_qutrit\monomial_full__sup123_P102_ph101\CZ3_W.qpy,C:\Users\szymon\QuditsOnQubits\QuditsOnQubits\basis_direct_encoding_benchmarks\quantum_circuits\two_qutrit\monomial_full__sup123_P102_ph101\graph_state_direct_basis.qpy,C:\Users\szymon\QuditsOnQubits\QuditsOnQubits\basis_direct_encoding_benchmarks\quantum_circuits\two_qutrit\monomial_full__sup123_P102_ph101\graph_state_direct_basis_transpiled.qpy,,C:\Users\szymon\QuditsOnQubits\QuditsOnQubits\basis_direct_encoding_benchmarks\quantum_circuits\two_qutrit\monomial_full__sup123_P102_ph101\E.npy
direct_basis_encoding,two_qutrit,two_qutrit,star,two_qutrit,2,2,4,sup123_P102_ph102,monomial,monomial_full,sup123_P102_ph102,False,True,17,46,63,43,,,1.247008,True,False,ok,,Converted from legacy E_new 4x3 isometry candidate.; Fidelity skipped because transpiled circuit has 128 qubits.,43,46.6,3.29,63,68.7,17,18.5,128,"{'rz': 20, 'cz': 14, 'sx': 13, 'rx': 13, 'rzz': 3}",10,10,0,C:\Users\szymon\QuditsOnQubits\QuditsOnQubits\basis_direct_encoding_benchmarks\quantum_circuits\two_qutrit\monomial_full__sup123_P102_ph102,C:\Users\szymon\QuditsOnQubits\QuditsOnQubits\basis_direct_encoding_benchmarks\quantum_circuits\two_qutrit\monomial_full__sup123_P102_ph102\F3_W.qpy,C:\Users\szymon\QuditsOnQubits\QuditsOnQubits\basis_direct_encoding_benchmarks\quantum_circuits\two_qutrit\monomial_full__sup123_P102_ph102\CZ3_W.qpy,C:\Users\szymon\QuditsOnQubits\QuditsOnQubits\basis_direct_encoding_benchmarks\quantum_circuits\two_qutrit\monomial_full__sup123_P102_ph102\graph_state_direct_basis.qpy,C:\Users\szymon\QuditsOnQubits\QuditsOnQubits\basis_direct_encoding_benchmarks\quantum_circuits\two_qutrit\monomial_full__sup123_P102_ph102\graph_state_direct_basis_transpiled.qpy,,C:\Users\szymon\QuditsOnQubits\QuditsOnQubits\basis_direct_encoding_benchmarks\quantum_circuits\two_qutrit\monomial_full__sup123_P102_ph102\E.npy
direct_basis_encoding,two_qutrit,two_qutrit,star,two_qutrit,2,2,4,sup123_P102_ph110,monomial,monomial_full,sup123_P102_ph110,False,True,17,47,64,43,,,0.882307,True,False,ok,,Converted from legacy E_new 4x3 isometry candidate.; Fidelity skipped because transpiled circuit has 128 qubits.,43,46.9,3.18,64,69.9,17,18.5,128,"{'rz': 20, 'rx': 14, 'cz': 14, 'sx': 13, 'rzz': 3}",10,10,0,C:\Users\szymon\QuditsOnQubits\QuditsOnQubits\basis_direct_encoding_benchmarks\quantum_circuits\two_qutrit\monomial_full__sup123_P102_ph110,C:\Users\szymon\QuditsOnQubits\QuditsOnQubits\basis_direct_encoding_benchmarks\quantum_circuits\two_qutrit\monomial_full__sup123_P102_ph110\F3_W.qpy,C:\Users\szymon\QuditsOnQubits\QuditsOnQubits\basis_direct_encoding_benchmarks\quantum_circuits\two_qutrit\monomial_full__sup123_P102_ph110\CZ3_W.qpy,C:\Users\szymon\QuditsOnQubits\QuditsOnQubits\basis_direct_encoding_benchmarks\quantum_circuits\two_qutrit\monomial_full__sup123_P102_ph110\graph_state_direct_basis.qpy,C:\Users\szymon\QuditsOnQubits\QuditsOnQubits\basis_direct_encoding_benchmarks\quantum_circuits\two_qutrit\monomial_full__sup123_P102_ph110\graph_state_direct_basis_transpiled.qpy,,C:\Users\szymon\QuditsOnQubits\QuditsOnQubits\basis_direct_encoding_benchmarks\quantum_circuits\two_qutrit\monomial_full__sup123_P102_ph110\E.npy
direct_basis_encoding,two_qutrit,two_qutrit,star,two_qutrit,2,2,4,sup123_P102_ph111,monomial,monomial_full,sup123_P102_ph111,False,True,17,44,61,42,,,1.203845,True,False,ok,,Converted from legacy E_new 4x3 isometry candidate.; Fidelity skipped because transpiled circuit has 128 qubits.,42,46.0,3.29,61,67.3,17,18.5,128,"{'rz': 18, 'cz': 14, 'sx': 13, 'rx': 13, 'rzz': 3}",10,10,0,C:\Users\szymon\QuditsOnQubits\QuditsOnQubits\basis_direct_encoding_benchmarks\quantum_circuits\two_qutrit\monomial_full__sup123_P102_ph111,C:\Users\szymon\QuditsOnQubits\QuditsOnQubits\basis_direct_encoding_benchmarks\quantum_circuits\two_qutrit\monomial_full__sup123_P102_ph111\F3_W.qpy,C:\Users\szymon\QuditsOnQubits\QuditsOnQubits\basis_direct_encoding_benchmarks\quantum_circuits\two_qutrit\monomial_full__sup123_P102_ph111\CZ3_W.qpy,C:\Users\szymon\QuditsOnQubits\QuditsOnQubits\basis_direct_encoding_benchmarks\quantum_circuits\two_qutrit\monomial_full__sup123_P102_ph111\graph_state_direct_basis.qpy,C:\Users\szymon\QuditsOnQubits\QuditsOnQubits\basis_direct_encoding_benchmarks\quantum_circuits\two_qutrit\monomial_full__sup123_P102_ph111\graph_state_direct_basis_transpiled.qpy,,C:\Users\szymon\QuditsOnQubits\QuditsOnQubits\basis_direct_encoding_benchmarks\quantum_circuits\two_qutrit\monomial_full__sup123_P102_ph111\E.npy
direct_basis_encoding,two_qutrit,two_qutrit,star,two_qutrit,2,2,4,sup123_P102_ph112,monomial,monomial_full,sup123_P102_ph112,False,True,17,46,63,43,,,1.148491,True,False,ok,,Converted from legacy E_new 4x3 isometry candidate.; Fidelity skipped because transpiled circuit has 128 qubits.,43,46.6,3.29,63,68.7,17,18.5,128,"{'rz': 20, 'cz': 14, 'sx': 13, 'rx': 13, 'rzz': 3}",10,10,0,C:\Users\szymon\QuditsOnQubits\QuditsOnQubits\basis_direct_encoding_benchmarks\quantum_circuits\two_qutrit\monomial_full__sup123_P102_ph112,C:\Users\szymon\QuditsOnQubits\QuditsOnQubits\basis_direct_encoding_benchmarks\quantum_circuits\two_qutrit\monomial_full__sup123_P102_ph112\F3_W.qpy,C:\Users\szymon\QuditsOnQubits\QuditsOnQubits\basis_direct_encoding_benchmarks\quantum_circuits\two_qutrit\monomial_full__sup123_P102_ph112\CZ3_W.qpy,C:\Users\szymon\QuditsOnQubits\QuditsOnQubits\basis_direct_encoding_benchmarks\quantum_circuits\two_qutrit\monomial_full__sup123_P102_ph112\graph_state_direct_basis.qpy,C:\Users\szymon\QuditsOnQubits\QuditsOnQubits\basis_direct_encoding_benchmarks\quantum_circuits\two_qutrit\monomial_full__sup123_P102_ph112\graph_state_direct_basis_transpiled.qpy,,C:\Users\szymon\QuditsOnQubits\QuditsOnQubits\basis_direct_encoding_benchmarks\quantum_circuits\two_qutrit\monomial_full__sup123_P102_ph112\E.npy
direct_basis_encoding,two_qutrit,two_qutrit,star,two_qutrit,2,2,4,sup123_P102_ph120,monomial,monomial_full,sup123_P102_ph120,False,True,17,45,62,43,,,1.207419,True,False,ok,,Converted from legacy E_new 4x3 isometry candidate.; Fidelity skipped because transpiled circuit has 128 qubits.,43,46.9,3.18,62,67.1,17,18.5,128,"{'rz': 18, 'rx': 14, 'cz': 14, 'sx': 13, 'rzz': 3}",10,10,0,C:\Users\szymon\QuditsOnQubits\QuditsOnQubits\basis_direct_encoding_benchmarks\quantum_circuits\two_qutrit\monomial_full__sup123_P102_ph120,C:\Users\szymon\QuditsOnQubits\QuditsOnQubits\basis_direct_encoding_benchmarks\quantum_circuits\two_qutrit\monomial_full__sup123_P102_ph120\F3_W.qpy,C:\Users\szymon\QuditsOnQubits\QuditsOnQubits\basis_direct_encoding_benchmarks\quantum_circuits\two_qutrit\monomial_full__sup123_P102_ph120\CZ3_W.qpy,C:\Users\szymon\QuditsOnQubits\QuditsOnQubits\basis_direct_encoding_benchmarks\quantum_circuits\two_qutrit\monomial_full__sup123_P102_ph120\graph_state_direct_basis.qpy,C:\Users\szymon\QuditsOnQubits\QuditsOnQubits\basis_direct_encoding_benchmarks\quantum_circuits\two_qutrit\monomial_full__sup123_P102_ph120\graph_state_direct_basis_transpiled.qpy,,C:\Users\szymon\QuditsOnQubits\QuditsOnQubits\basis_direct_encoding_benchmarks\quantum_circuits\two_qutrit\monomial_full__sup123_P102_ph120\E.npy
direct_basis_encoding,two_qutrit,two_qutrit,star,two_qutrit,2,2,4,sup123_P102_ph121,monomial,monomial_full,sup123_P102_ph121,False,True,17,44,61,43,,,0.923534,True,False,ok,,Converted from legacy E_new 4x3 isometry candidate.; Fidelity skipped because transpiled circuit has 128 qubits.,43,46.9,3.18,61,66.2,17,18.5,128,"{'rz': 18, 'cz': 14, 'sx': 13, 'rx': 13, 'rzz': 3}",10,10,0,C:\Users\szymon\QuditsOnQubits\QuditsOnQubits\basis_direct_encoding_benchmarks\quantum_circuits\two_qutrit\monomial_full__sup123_P102_ph121,C:\Users\szymon\QuditsOnQubits\QuditsOnQubits\basis_direct_encoding_benchmarks\quantum_circuits\two_qutrit\monomial_full__sup123_P102_ph121\F3_W.qpy,C:\Users\szymon\QuditsOnQubits\QuditsOnQubits\basis_direct_encoding_benchmarks\quantum_circuits\two_qutrit\monomial_full__sup123_P102_ph121\CZ3_W.qpy,C:\Users\szymon\QuditsOnQubits\QuditsOnQubits\basis_direct_encoding_benchmarks\quantum_circuits\two_qutrit\monomial_full__sup123_P102_ph121\graph_state_direct_basis.qpy,C:\Users\szymon\QuditsOnQubits\QuditsOnQubits\basis_direct_encoding_benchmarks\quantum_circuits\two_qutrit\monomial_full__sup123_P102_ph121\graph_state_direct_basis_transpiled.qpy,,C:\Users\szymon\QuditsOnQubits\QuditsOnQubits\basis_direct_encoding_benchmarks\quantum_circuits\two_qutrit\monomial_full__sup123_P102_ph121\E.npy
direct_basis_encoding,two_qutrit,two_qutrit,star,two_qutrit,2,2,4,sup123_P102_ph122,monomial,monomial_full,sup123_P102_ph122,False,True,17,43,60,42,,,1.110002,True,False,ok,,Converted from legacy E_new 4x3 isometry candidate.; Fidelity skipped because transpiled circuit has 128 qubits.,42,45.7,3.41,60,65.1,17,18.5,128,"{'rz': 16, 'rx': 14, 'cz': 14, 'sx': 13, 'rzz': 3}",10,10,0,C:\Users\szymon\QuditsOnQubits\QuditsOnQubits\basis_direct_encoding_benchmarks\quantum_circuits\two_qutrit\monomial_full__sup123_P102_ph122,C:\Users\szymon\QuditsOnQubits\QuditsOnQubits\basis_direct_encoding_benchmarks\quantum_circuits\two_qutrit\monomial_full__sup123_P102_ph122\F3_W.qpy,C:\Users\szymon\QuditsOnQubits\QuditsOnQubits\basis_direct_encoding_benchmarks\quantum_circuits\two_qutrit\monomial_full__sup123_P102_ph122\CZ3_W.qpy,C:\Users\szymon\QuditsOnQubits\QuditsOnQubits\basis_direct_encoding_benchmarks\quantum_circuits\two_qutrit\monomial_full__sup123_P102_ph122\graph_state_direct_basis.qpy,C:\Users\szymon\QuditsOnQubits\QuditsOnQubits\basis_direct_encoding_benchmarks\quantum_circuits\two_qutrit\monomial_full__sup123_P102_ph122\graph_state_direct_basis_transpiled.qpy,,C:\Users\szymon\QuditsOnQubits\QuditsOnQubits\basis_direct_encoding_benchmarks\quantum_circuits\two_qutrit\monomial_full__sup123_P102_ph122\E.npy
direct_basis_encoding,two_qutrit,two_qutrit,star,two_qutrit,2,2,4,sup123_P102_ph200,monomial,monomial_full,sup123_P102_ph200,False,True,17,45,62,42,,,1.178818,True,False,ok,,Converted from legacy E_new 4x3 isometry candidate.; Fidelity skipped because transpiled circuit has 128 qubits.,42,46.0,3.29,62,67.9,17,18.5,128,"{'rz': 18, 'rx': 14, 'cz': 14, 'sx': 13, 'rzz': 3}",10,10,0,C:\Users\szymon\QuditsOnQubits\QuditsOnQubits\basis_direct_encoding_benchmarks\quantum_circuits\two_qutrit\monomial_full__sup123_P102_ph200,C:\Users\szymon\QuditsOnQubits\QuditsOnQubits\basis_direct_encoding_benchmarks\quantum_circuits\two_qutrit\monomial_full__sup123_P102_ph200\F3_W.qpy,C:\Users\szymon\QuditsOnQubits\QuditsOnQubits\basis_direct_encoding_benchmarks\quantum_circuits\two_qutrit\monomial_full__sup123_P102_ph200\CZ3_W.qpy,C:\Users\szymon\QuditsOnQubits\QuditsOnQubits\basis_direct_encoding_benchmarks\quantum_circuits\two_qutrit\monomial_full__sup123_P102_ph200\graph_state_direct_basis.qpy,C:\Users\szymon\QuditsOnQubits\QuditsOnQubits\basis_direct_encoding_benchmarks\quantum_circuits\two_qutrit\monomial_full__sup123_P102_ph200\graph_state_direct_basis_transpiled.qpy,,C:\Users\szymon\QuditsOnQubits\QuditsOnQubits\basis_direct_encoding_benchmarks\quantum_circuits\two_qutrit\monomial_full__sup123_P102_ph200\E.npy
direct_basis_encoding,two_qutrit,two_qutrit,star,two_qutrit,2,2,4,sup123_P102_ph201,monomial,monomial_full,sup123_P102_ph201,False,True,17,46,63,43,,,0.978375,True,False,ok,,Converted from legacy E_new 4x3 isometry candidate.; Fidelity skipped because transpiled circuit has 128 qubits.,43,46.6,3.29,63,68.7,17,18.5,128,"{'rz': 20, 'cz': 14, 'sx': 13, 'rx': 13, 'rzz': 3}",10,10,0,C:\Users\szymon\QuditsOnQubits\QuditsOnQubits\basis_direct_encoding_benchmarks\quantum_circuits\two_qutrit\monomial_full__sup123_P102_ph201,C:\Users\szymon\QuditsOnQubits\QuditsOnQubits\basis_direct_encoding_benchmarks\quantum_circuits\two_qutrit\monomial_full__sup123_P102_ph201\F3_W.qpy,C:\Users\szymon\QuditsOnQubits\QuditsOnQubits\basis_direct_encoding_benchmarks\quantum_circuits\two_qutrit\monomial_full__sup123_P102_ph201\CZ3_W.qpy,C:\Users\szymon\QuditsOnQubits\QuditsOnQubits\basis_direct_encoding_benchmarks\quantum_circuits\two_qutrit\monomial_full__sup123_P102_ph201\graph_state_direct_basis.qpy,C:\Users\szymon\QuditsOnQubits\QuditsOnQubits\basis_direct_encoding_benchmarks\quantum_circuits\two_qutrit\monomial_full__sup123_P102_ph201\graph_state_direct_basis_transpiled.qpy,,C:\Users\szymon\QuditsOnQubits\QuditsOnQubits\basis_direct_encoding_benchmarks\quantum_circuits\two_qutrit\monomial_full__sup123_P102_ph201\E.npy
direct_basis_encoding,two_qutrit,two_qutrit,star,two_qutrit,2,2,4,sup123_P102_ph202,monomial,monomial_full,sup123_P102_ph202,False,True,17,46,63,43,,,1.016234,True,False,ok,,Converted from legacy E_new 4x3 isometry candidate.; Fidelity skipped because transpiled circuit has 128 qubits.,43,46.9,3.18,63,69.0,17,18.5,128,"{'rz': 20, 'cz': 14, 'sx': 13, 'rx': 13, 'rzz': 3}",10,10,0,C:\Users\szymon\QuditsOnQubits\QuditsOnQubits\basis_direct_encoding_benchmarks\quantum_circuits\two_qutrit\monomial_full__sup123_P102_ph202,C:\Users\szymon\QuditsOnQubits\QuditsOnQubits\basis_direct_encoding_benchmarks\quantum_circuits\two_qutrit\monomial_full__sup123_P102_ph202\F3_W.qpy,C:\Users\szymon\QuditsOnQubits\QuditsOnQubits\basis_direct_encoding_benchmarks\quantum_circuits\two_qutrit\monomial_full__sup123_P102_ph202\CZ3_W.qpy,C:\Users\szymon\QuditsOnQubits\QuditsOnQubits\basis_direct_encoding_benchmarks\quantum_circuits\two_qutrit\monomial_full__sup123_P102_ph202\graph_state_direct_basis.qpy,C:\Users\szymon\QuditsOnQubits\QuditsOnQubits\basis_direct_encoding_benchmarks\quantum_circuits\two_qutrit\monomial_full__sup123_P102_ph202\graph_state_direct_basis_transpiled.qpy,,C:\Users\szymon\QuditsOnQubits\QuditsOnQubits\basis_direct_encoding_benchmarks\quantum_circuits\two_qutrit\monomial_full__sup123_P102_ph202\E.npy
direct_basis_encoding,two_qutrit,two_qutrit,star,two_qutrit,2,2,4,sup123_P102_ph210,monomial,monomial_full,sup123_P102_ph210,False,True,17,44,61,43,,,0.738988,True,False,ok,,Converted from legacy E_new 4x3 isometry candidate.; Fidelity skipped because transpiled circuit has 128 qubits.,43,46.9,3.18,61,66.5,17,18.5,128,"{'rz': 18, 'cz': 14, 'sx': 13, 'rx': 13, 'rzz': 3}",10,10,0,C:\Users\szymon\QuditsOnQubits\QuditsOnQubits\basis_direct_encoding_benchmarks\quantum_circuits\two_qutrit\monomial_full__sup123_P102_ph210,C:\Users\szymon\QuditsOnQubits\QuditsOnQubits\basis_direct_encoding_benchmarks\quantum_circuits\two_qutrit\monomial_full__sup123_P102_ph210\F3_W.qpy,C:\Users\szymon\QuditsOnQubits\QuditsOnQubits\basis_direct_encoding_benchmarks\quantum_circuits\two_qutrit\monomial_full__sup123_P102_ph210\CZ3_W.qpy,C:\Users\szymon\QuditsOnQubits\QuditsOnQubits\basis_direct_encoding_benchmarks\quantum_circuits\two_qutrit\monomial_full__sup123_P102_ph210\graph_state_direct_basis.qpy,C:\Users\szymon\QuditsOnQubits\QuditsOnQubits\basis_direct_encoding_benchmarks\quantum_circuits\two_qutrit\monomial_full__sup123_P102_ph210\graph_state_direct_basis_transpiled.qpy,,C:\Users\szymon\QuditsOnQubits\QuditsOnQubits\basis_direct_encoding_benchmarks\quantum_circuits\two_qutrit\monomial_full__sup123_P102_ph210\E.npy
direct_basis_encoding,two_qutrit,two_qutrit,star,two_qutrit,2,2,4,sup123_P102_ph211,monomial,monomial_full,sup123_P102_ph211,False,True,17,42,59,42,,,1.188001,True,False,ok,,Converted from legacy E_new 4x3 isometry candidate.; Fidelity skipped because transpiled circuit has 128 qubits.,42,45.7,3.41,59,64.5,17,18.5,128,"{'rz': 16, 'cz': 14, 'sx': 13, 'rx': 13, 'rzz': 3}",10,10,0,C:\Users\szymon\QuditsOnQubits\QuditsOnQubits\basis_direct_encoding_benchmarks\quantum_circuits\two_qutrit\monomial_full__sup123_P102_ph211,C:\Users\szymon\QuditsOnQubits\QuditsOnQubits\basis_direct_encoding_benchmarks\quantum_circuits\two_qutrit\monomial_full__sup123_P102_ph211\F3_W.qpy,C:\Users\szymon\QuditsOnQubits\QuditsOnQubits\basis_direct_encoding_benchmarks\quantum_circuits\two_qutrit\monomial_full__sup123_P102_ph211\CZ3_W.qpy,C:\Users\szymon\QuditsOnQubits\QuditsOnQubits\basis_direct_encoding_benchmarks\quantum_circuits\two_qutrit\monomial_full__sup123_P102_ph211\graph_state_direct_basis.qpy,C:\Users\szymon\QuditsOnQubits\QuditsOnQubits\basis_direct_encoding_benchmarks\quantum_circuits\two_qutrit\monomial_full__sup123_P102_ph211\graph_state_direct_basis_transpiled.qpy,,C:\Users\szymon\QuditsOnQubits\QuditsOnQubits\basis_direct_encoding_benchmarks\quantum_circuits\two_qutrit\monomial_full__sup123_P102_ph211\E.npy
direct_basis_encoding,two_qutrit,two_qutrit,star,two_qutrit,2,2,4,sup123_P102_ph212,monomial,monomial_full,sup123_P102_ph212,False,True,17,44,61,43,,,0.916491,True,False,ok,,Converted from legacy E_new 4x3 isometry candidate.; Fidelity skipped because transpiled circuit has 128 qubits.,43,46.9,3.18,61,66.2,17,18.5,128,"{'rz': 18, 'cz': 14, 'sx': 13, 'rx': 13, 'rzz': 3}",10,10,0,C:\Users\szymon\QuditsOnQubits\QuditsOnQubits\basis_direct_encoding_benchmarks\quantum_circuits\two_qutrit\monomial_full__sup123_P102_ph212,C:\Users\szymon\QuditsOnQubits\QuditsOnQubits\basis_direct_encoding_benchmarks\quantum_circuits\two_qutrit\monomial_full__sup123_P102_ph212\F3_W.qpy,C:\Users\szymon\QuditsOnQubits\QuditsOnQubits\basis_direct_encoding_benchmarks\quantum_circuits\two_qutrit\monomial_full__sup123_P102_ph212\CZ3_W.qpy,C:\Users\szymon\QuditsOnQubits\QuditsOnQubits\basis_direct_encoding_benchmarks\quantum_circuits\two_qutrit\monomial_full__sup123_P102_ph212\graph_state_direct_basis.qpy,C:\Users\szymon\QuditsOnQubits\QuditsOnQubits\basis_direct_encoding_benchmarks\quantum_circuits\two_qutrit\monomial_full__sup123_P102_ph212\graph_state_direct_basis_transpiled.qpy,,C:\Users\szymon\QuditsOnQubits\QuditsOnQubits\basis_direct_encoding_benchmarks\quantum_circuits\two_qutrit\monomial_full__sup123_P102_ph212\E.npy
direct_basis_encoding,two_qutrit,two_qutrit,star,two_qutrit,2,2,4,sup123_P102_ph220,monomial,monomial_full,sup123_P102_ph220,False,True,17,47,64,43,,,0.754474,True,False,ok,,Converted from legacy E_new 4x3 isometry candidate.; Fidelity skipped because transpiled circuit has 128 qubits.,43,46.9,3.18,64,69.6,17,18.5,128,"{'rz': 20, 'rx': 14, 'cz': 14, 'sx': 13, 'rzz': 3}",10,10,0,C:\Users\szymon\QuditsOnQubits\QuditsOnQubits\basis_direct_encoding_benchmarks\quantum_circuits\two_qutrit\monomial_full__sup123_P102_ph220,C:\Users\szymon\QuditsOnQubits\QuditsOnQubits\basis_direct_encoding_benchmarks\quantum_circuits\two_qutrit\monomial_full__sup123_P102_ph220\F3_W.qpy,C:\Users\szymon\QuditsOnQubits\QuditsOnQubits\basis_direct_encoding_benchmarks\quantum_circuits\two_qutrit\monomial_full__sup123_P102_ph220\CZ3_W.qpy,C:\Users\szymon\QuditsOnQubits\QuditsOnQubits\basis_direct_encoding_benchmarks\quantum_circuits\two_qutrit\monomial_full__sup123_P102_ph220\graph_state_direct_basis.qpy,C:\Users\szymon\QuditsOnQubits\QuditsOnQubits\basis_direct_encoding_benchmarks\quantum_circuits\two_qutrit\monomial_full__sup123_P102_ph220\graph_state_direct_basis_transpiled.qpy,,C:\Users\szymon\QuditsOnQubits\QuditsOnQubits\basis_direct_encoding_benchmarks\quantum_circuits\two_qutrit\monomial_full__sup123_P102_ph220\E.npy
direct_basis_encoding,two_qutrit,two_qutrit,star,two_qutrit,2,2,4,sup123_P102_ph221,monomial,monomial_full,sup123_P102_ph221,False,True,17,46,63,43,,,0.80374,True,False,ok,,Converted from legacy E_new 4x3 isometry candidate.; Fidelity skipped because transpiled circuit has 128 qubits.,43,46.6,3.29,63,69.0,17,18.5,128,"{'rz': 20, 'cz': 14, 'sx': 13, 'rx': 13, 'rzz': 3}",10,10,0,C:\Users\szymon\QuditsOnQubits\QuditsOnQubits\basis_direct_encoding_benchmarks\quantum_circuits\two_qutrit\monomial_full__sup123_P102_ph221,C:\Users\szymon\QuditsOnQubits\QuditsOnQubits\basis_direct_encoding_benchmarks\quantum_circuits\two_qutrit\monomial_full__sup123_P102_ph221\F3_W.qpy,C:\Users\szymon\QuditsOnQubits\QuditsOnQubits\basis_direct_encoding_benchmarks\quantum_circuits\two_qutrit\monomial_full__sup123_P102_ph221\CZ3_W.qpy,C:\Users\szymon\QuditsOnQubits\QuditsOnQubits\basis_direct_encoding_benchmarks\quantum_circuits\two_qutrit\monomial_full__sup123_P102_ph221\graph_state_direct_basis.qpy,C:\Users\szymon\QuditsOnQubits\QuditsOnQubits\basis_direct_encoding_benchmarks\quantum_circuits\two_qutrit\monomial_full__sup123_P102_ph221\graph_state_direct_basis_transpiled.qpy,,C:\Users\szymon\QuditsOnQubits\QuditsOnQubits\basis_direct_encoding_benchmarks\quantum_circuits\two_qutrit\monomial_full__sup123_P102_ph221\E.npy
direct_basis_encoding,two_qutrit,two_qutrit,star,two_qutrit,2,2,4,sup123_P102_ph222,monomial,monomial_full,sup123_P102_ph222,False,True,17,44,61,42,,,1.029958,True,False,ok,,Converted from legacy E_new 4x3 isometry candidate.; Fidelity skipped because transpiled circuit has 128 qubits.,42,46.0,3.29,61,67.0,17,18.5,128,"{'rz': 18, 'cz': 14, 'sx': 13, 'rx': 13, 'rzz': 3}",10,10,0,C:\Users\szymon\QuditsOnQubits\QuditsOnQubits\basis_direct_encoding_benchmarks\quantum_circuits\two_qutrit\monomial_full__sup123_P102_ph222,C:\Users\szymon\QuditsOnQubits\QuditsOnQubits\basis_direct_encoding_benchmarks\quantum_circuits\two_qutrit\monomial_full__sup123_P102_ph222\F3_W.qpy,C:\Users\szymon\QuditsOnQubits\QuditsOnQubits\basis_direct_encoding_benchmarks\quantum_circuits\two_qutrit\monomial_full__sup123_P102_ph222\CZ3_W.qpy,C:\Users\szymon\QuditsOnQubits\QuditsOnQubits\basis_direct_encoding_benchmarks\quantum_circuits\two_qutrit\monomial_full__sup123_P102_ph222\graph_state_direct_basis.qpy,C:\Users\szymon\QuditsOnQubits\QuditsOnQubits\basis_direct_encoding_benchmarks\quantum_circuits\two_qutrit\monomial_full__sup123_P102_ph222\graph_state_direct_basis_transpiled.qpy,,C:\Users\szymon\QuditsOnQubits\QuditsOnQubits\basis_direct_encoding_benchmarks\quantum_circuits\two_qutrit\monomial_full__sup123_P102_ph222\E.npy
direct_basis_encoding,two_qutrit,two_qutrit,star,two_qutrit,2,2,4,sup123_P120_ph000,monomial,monomial_full,sup123_P120_ph000,False,True,16,36,52,41,,,0.83771,True,False,ok,,Converted from legacy E_new 4x3 isometry candidate.; Fidelity skipped because transpiled circuit has 128 qubits.,41,41.0,0.0,52,53.0,16,16.0,128,"{'cz': 15, 'rz': 13, 'sx': 12, 'rx': 11, 'rzz': 1}",10,10,0,C:\Users\szymon\QuditsOnQubits\QuditsOnQubits\basis_direct_encoding_benchmarks\quantum_circuits\two_qutrit\monomial_full__sup123_P120_ph000,C:\Users\szymon\QuditsOnQubits\QuditsOnQubits\basis_direct_encoding_benchmarks\quantum_circuits\two_qutrit\monomial_full__sup123_P120_ph000\F3_W.qpy,C:\Users\szymon\QuditsOnQubits\QuditsOnQubits\basis_direct_encoding_benchmarks\quantum_circuits\two_qutrit\monomial_full__sup123_P120_ph000\CZ3_W.qpy,C:\Users\szymon\QuditsOnQubits\QuditsOnQubits\basis_direct_encoding_benchmarks\quantum_circuits\two_qutrit\monomial_full__sup123_P120_ph000\graph_state_direct_basis.qpy,C:\Users\szymon\QuditsOnQubits\QuditsOnQubits\basis_direct_encoding_benchmarks\quantum_circuits\two_qutrit\monomial_full__sup123_P120_ph000\graph_state_direct_basis_transpiled.qpy,,C:\Users\szymon\QuditsOnQubits\QuditsOnQubits\basis_direct_encoding_benchmarks\quantum_circuits\two_qutrit\monomial_full__sup123_P120_ph000\E.npy
direct_basis_encoding,two_qutrit,two_qutrit,star,two_qutrit,2,2,4,sup123_P120_ph001,monomial,monomial_full,sup123_P120_ph001,False,True,16,38,54,41,,,0.834436,True,False,ok,,Converted from legacy E_new 4x3 isometry candidate.; Fidelity skipped because transpiled circuit has 128 qubits.,41,41.5,0.5,54,53.5,16,16.0,128,"{'cz': 15, 'rz': 14, 'rx': 12, 'sx': 12, 'rzz': 1}",10,10,0,C:\Users\szymon\QuditsOnQubits\QuditsOnQubits\basis_direct_encoding_benchmarks\quantum_circuits\two_qutrit\monomial_full__sup123_P120_ph001,C:\Users\szymon\QuditsOnQubits\QuditsOnQubits\basis_direct_encoding_benchmarks\quantum_circuits\two_qutrit\monomial_full__sup123_P120_ph001\F3_W.qpy,C:\Users\szymon\QuditsOnQubits\QuditsOnQubits\basis_direct_encoding_benchmarks\quantum_circuits\two_qutrit\monomial_full__sup123_P120_ph001\CZ3_W.qpy,C:\Users\szymon\QuditsOnQubits\QuditsOnQubits\basis_direct_encoding_benchmarks\quantum_circuits\two_qutrit\monomial_full__sup123_P120_ph001\graph_state_direct_basis.qpy,C:\Users\szymon\QuditsOnQubits\QuditsOnQubits\basis_direct_encoding_benchmarks\quantum_circuits\two_qutrit\monomial_full__sup123_P120_ph001\graph_state_direct_basis_transpiled.qpy,,C:\Users\szymon\QuditsOnQubits\QuditsOnQubits\basis_direct_encoding_benchmarks\quantum_circuits\two_qutrit\monomial_full__sup123_P120_ph001\E.npy
direct_basis_encoding,two_qutrit,two_qutrit,star,two_qutrit,2,2,4,sup123_P120_ph002,monomial,monomial_full,sup123_P120_ph002,False,True,16,38,54,41,,,0.817948,True,False,ok,,Converted from legacy E_new 4x3 isometry candidate.; Fidelity skipped because transpiled circuit has 128 qubits.,41,41.5,0.5,54,53.5,16,16.0,128,"{'cz': 15, 'rz': 14, 'rx': 12, 'sx': 12, 'rzz': 1}",10,10,0,C:\Users\szymon\QuditsOnQubits\QuditsOnQubits\basis_direct_encoding_benchmarks\quantum_circuits\two_qutrit\monomial_full__sup123_P120_ph002,C:\Users\szymon\QuditsOnQubits\QuditsOnQubits\basis_direct_encoding_benchmarks\quantum_circuits\two_qutrit\monomial_full__sup123_P120_ph002\F3_W.qpy,C:\Users\szymon\QuditsOnQubits\QuditsOnQubits\basis_direct_encoding_benchmarks\quantum_circuits\two_qutrit\monomial_full__sup123_P120_ph002\CZ3_W.qpy,C:\Users\szymon\QuditsOnQubits\QuditsOnQubits\basis_direct_encoding_benchmarks\quantum_circuits\two_qutrit\monomial_full__sup123_P120_ph002\graph_state_direct_basis.qpy,C:\Users\szymon\QuditsOnQubits\QuditsOnQubits\basis_direct_encoding_benchmarks\quantum_circuits\two_qutrit\monomial_full__sup123_P120_ph002\graph_state_direct_basis_transpiled.qpy,,C:\Users\szymon\QuditsOnQubits\QuditsOnQubits\basis_direct_encoding_benchmarks\quantum_circuits\two_qutrit\monomial_full__sup123_P120_ph002\E.npy
direct_basis_encoding,two_qutrit,two_qutrit,star,two_qutrit,2,2,4,sup123_P120_ph010,monomial,monomial_full,sup123_P120_ph010,False,True,16,39,55,42,,,0.861614,True,False,ok,,Converted from legacy E_new 4x3 isometry candidate.; Fidelity skipped because transpiled circuit has 128 qubits.,42,42.0,0.0,55,56.0,16,16.0,128,"{'rz': 16, 'cz': 15, 'sx': 12, 'rx': 11, 'rzz': 1}",10,10,0,C:\Users\szymon\QuditsOnQubits\QuditsOnQubits\basis_direct_encoding_benchmarks\quantum_circuits\two_qutrit\monomial_full__sup123_P120_ph010,C:\Users\szymon\QuditsOnQubits\QuditsOnQubits\basis_direct_encoding_benchmarks\quantum_circuits\two_qutrit\monomial_full__sup123_P120_ph010\F3_W.qpy,C:\Users\szymon\QuditsOnQubits\QuditsOnQubits\basis_direct_encoding_benchmarks\quantum_circuits\two_qutrit\monomial_full__sup123_P120_ph010\CZ3_W.qpy,C:\Users\szymon\QuditsOnQubits\QuditsOnQubits\basis_direct_encoding_benchmarks\quantum_circuits\two_qutrit\monomial_full__sup123_P120_ph010\graph_state_direct_basis.qpy,C:\Users\szymon\QuditsOnQubits\QuditsOnQubits\basis_direct_encoding_benchmarks\quantum_circuits\two_qutrit\monomial_full__sup123_P120_ph010\graph_state_direct_basis_transpiled.qpy,,C:\Users\szymon\QuditsOnQubits\QuditsOnQubits\basis_direct_encoding_benchmarks\quantum_circuits\two_qutrit\monomial_full__sup123_P120_ph010\E.npy
direct_basis_encoding,two_qutrit,two_qutrit,star,two_qutrit,2,2,4,sup123_P120_ph011,monomial,monomial_full,sup123_P120_ph011,False,True,16,40,56,41,,,0.847058,True,False,ok,,Converted from legacy E_new 4x3 isometry candidate.; Fidelity skipped because transpiled circuit has 128 qubits.,41,41.5,0.5,56,55.5,16,16.0,128,"{'rz': 16, 'cz': 15, 'rx': 12, 'sx': 12, 'rzz': 1}",10,10,0,C:\Users\szymon\QuditsOnQubits\QuditsOnQubits\basis_direct_encoding_benchmarks\quantum_circuits\two_qutrit\monomial_full__sup123_P120_ph011,C:\Users\szymon\QuditsOnQubits\QuditsOnQubits\basis_direct_encoding_benchmarks\quantum_circuits\two_qutrit\monomial_full__sup123_P120_ph011\F3_W.qpy,C:\Users\szymon\QuditsOnQubits\QuditsOnQubits\basis_direct_encoding_benchmarks\quantum_circuits\two_qutrit\monomial_full__sup123_P120_ph011\CZ3_W.qpy,C:\Users\szymon\QuditsOnQubits\QuditsOnQubits\basis_direct_encoding_benchmarks\quantum_circuits\two_qutrit\monomial_full__sup123_P120_ph011\graph_state_direct_basis.qpy,C:\Users\szymon\QuditsOnQubits\QuditsOnQubits\basis_direct_encoding_benchmarks\quantum_circuits\two_qutrit\monomial_full__sup123_P120_ph011\graph_state_direct_basis_transpiled.qpy,,C:\Users\szymon\QuditsOnQubits\QuditsOnQubits\basis_direct_encoding_benchmarks\quantum_circuits\two_qutrit\monomial_full__sup123_P120_ph011\E.npy
direct_basis_encoding,two_qutrit,two_qutrit,star,two_qutrit,2,2,4,sup123_P120_ph012,monomial,monomial_full,sup123_P120_ph012,False,True,16,41,57,42,,,0.809415,True,False,ok,,Converted from legacy E_new 4x3 isometry candidate.; Fidelity skipped because transpiled circuit has 128 qubits.,42,42.5,0.5,57,57.0,16,16.0,128,"{'rz': 17, 'cz': 15, 'rx': 12, 'sx': 12, 'rzz': 1}",10,10,0,C:\Users\szymon\QuditsOnQubits\QuditsOnQubits\basis_direct_encoding_benchmarks\quantum_circuits\two_qutrit\monomial_full__sup123_P120_ph012,C:\Users\szymon\QuditsOnQubits\QuditsOnQubits\basis_direct_encoding_benchmarks\quantum_circuits\two_qutrit\monomial_full__sup123_P120_ph012\F3_W.qpy,C:\Users\szymon\QuditsOnQubits\QuditsOnQubits\basis_direct_encoding_benchmarks\quantum_circuits\two_qutrit\monomial_full__sup123_P120_ph012\CZ3_W.qpy,C:\Users\szymon\QuditsOnQubits\QuditsOnQubits\basis_direct_encoding_benchmarks\quantum_circuits\two_qutrit\monomial_full__sup123_P120_ph012\graph_state_direct_basis.qpy,C:\Users\szymon\QuditsOnQubits\QuditsOnQubits\basis_direct_encoding_benchmarks\quantum_circuits\two_qutrit\monomial_full__sup123_P120_ph012\graph_state_direct_basis_transpiled.qpy,,C:\Users\szymon\QuditsOnQubits\QuditsOnQubits\basis_direct_encoding_benchmarks\quantum_circuits\two_qutrit\monomial_full__sup123_P120_ph012\E.npy
direct_basis_encoding,two_qutrit,two_qutrit,star,two_qutrit,2,2,4,sup123_P120_ph020,monomial,monomial_full,sup123_P120_ph020,False,True,16,39,55,42,,,0.917597,True,False,ok,,Converted from legacy E_new 4x3 isometry candidate.; Fidelity skipped because transpiled circuit has 128 qubits.,42,42.0,0.0,55,56.0,16,16.0,128,"{'rz': 16, 'cz': 15, 'sx': 12, 'rx': 11, 'rzz': 1}",10,10,0,C:\Users\szymon\QuditsOnQubits\QuditsOnQubits\basis_direct_encoding_benchmarks\quantum_circuits\two_qutrit\monomial_full__sup123_P120_ph020,C:\Users\szymon\QuditsOnQubits\QuditsOnQubits\basis_direct_encoding_benchmarks\quantum_circuits\two_qutrit\monomial_full__sup123_P120_ph020\F3_W.qpy,C:\Users\szymon\QuditsOnQubits\QuditsOnQubits\basis_direct_encoding_benchmarks\quantum_circuits\two_qutrit\monomial_full__sup123_P120_ph020\CZ3_W.qpy,C:\Users\szymon\QuditsOnQubits\QuditsOnQubits\basis_direct_encoding_benchmarks\quantum_circuits\two_qutrit\monomial_full__sup123_P120_ph020\graph_state_direct_basis.qpy,C:\Users\szymon\QuditsOnQubits\QuditsOnQubits\basis_direct_encoding_benchmarks\quantum_circuits\two_qutrit\monomial_full__sup123_P120_ph020\graph_state_direct_basis_transpiled.qpy,,C:\Users\szymon\QuditsOnQubits\QuditsOnQubits\basis_direct_encoding_benchmarks\quantum_circuits\two_qutrit\monomial_full__sup123_P120_ph020\E.npy
direct_basis_encoding,two_qutrit,two_qutrit,star,two_qutrit,2,2,4,sup123_P120_ph021,monomial,monomial_full,sup123_P120_ph021,False,True,16,41,57,42,,,0.832089,True,False,ok,,Converted from legacy E_new 4x3 isometry candidate.; Fidelity skipped because transpiled circuit has 128 qubits.,42,42.5,0.5,57,56.5,16,16.0,128,"{'rz': 17, 'cz': 15, 'rx': 12, 'sx': 12, 'rzz': 1}",10,10,0,C:\Users\szymon\QuditsOnQubits\QuditsOnQubits\basis_direct_encoding_benchmarks\quantum_circuits\two_qutrit\monomial_full__sup123_P120_ph021,C:\Users\szymon\QuditsOnQubits\QuditsOnQubits\basis_direct_encoding_benchmarks\quantum_circuits\two_qutrit\monomial_full__sup123_P120_ph021\F3_W.qpy,C:\Users\szymon\QuditsOnQubits\QuditsOnQubits\basis_direct_encoding_benchmarks\quantum_circuits\two_qutrit\monomial_full__sup123_P120_ph021\CZ3_W.qpy,C:\Users\szymon\QuditsOnQubits\QuditsOnQubits\basis_direct_encoding_benchmarks\quantum_circuits\two_qutrit\monomial_full__sup123_P120_ph021\graph_state_direct_basis.qpy,C:\Users\szymon\QuditsOnQubits\QuditsOnQubits\basis_direct_encoding_benchmarks\quantum_circuits\two_qutrit\monomial_full__sup123_P120_ph021\graph_state_direct_basis_transpiled.qpy,,C:\Users\szymon\QuditsOnQubits\QuditsOnQubits\basis_direct_encoding_benchmarks\quantum_circuits\two_qutrit\monomial_full__sup123_P120_ph021\E.npy
direct_basis_encoding,two_qutrit,two_qutrit,star,two_qutrit,2,2,4,sup123_P120_ph022,monomial,monomial_full,sup123_P120_ph022,False,True,16,40,56,41,,,0.905403,True,False,ok,,Converted from legacy E_new 4x3 isometry candidate.; Fidelity skipped because transpiled circuit has 128 qubits.,41,41.5,0.5,56,56.0,16,16.0,128,"{'rz': 16, 'cz': 15, 'rx': 12, 'sx': 12, 'rzz': 1}",10,10,0,C:\Users\szymon\QuditsOnQubits\QuditsOnQubits\basis_direct_encoding_benchmarks\quantum_circuits\two_qutrit\monomial_full__sup123_P120_ph022,C:\Users\szymon\QuditsOnQubits\QuditsOnQubits\basis_direct_encoding_benchmarks\quantum_circuits\two_qutrit\monomial_full__sup123_P120_ph022\F3_W.qpy,C:\Users\szymon\QuditsOnQubits\QuditsOnQubits\basis_direct_encoding_benchmarks\quantum_circuits\two_qutrit\monomial_full__sup123_P120_ph022\CZ3_W.qpy,C:\Users\szymon\QuditsOnQubits\QuditsOnQubits\basis_direct_encoding_benchmarks\quantum_circuits\two_qutrit\monomial_full__sup123_P120_ph022\graph_state_direct_basis.qpy,C:\Users\szymon\QuditsOnQubits\QuditsOnQubits\basis_direct_encoding_benchmarks\quantum_circuits\two_qutrit\monomial_full__sup123_P120_ph022\graph_state_direct_basis_transpiled.qpy,,C:\Users\szymon\QuditsOnQubits\QuditsOnQubits\basis_direct_encoding_benchmarks\quantum_circuits\two_qutrit\monomial_full__sup123_P120_ph022\E.npy
direct_basis_encoding,two_qutrit,two_qutrit,star,two_qutrit,2,2,4,sup123_P120_ph100,monomial,monomial_full,sup123_P120_ph100,False,True,16,40,56,41,,,0.760834,True,False,ok,,Converted from legacy E_new 4x3 isometry candidate.; Fidelity skipped because transpiled circuit has 128 qubits.,41,41.5,0.5,56,56.0,16,16.0,128,"{'rz': 16, 'cz': 15, 'rx': 12, 'sx': 12, 'rzz': 1}",10,10,0,C:\Users\szymon\QuditsOnQubits\QuditsOnQubits\basis_direct_encoding_benchmarks\quantum_circuits\two_qutrit\monomial_full__sup123_P120_ph100,C:\Users\szymon\QuditsOnQubits\QuditsOnQubits\basis_direct_encoding_benchmarks\quantum_circuits\two_qutrit\monomial_full__sup123_P120_ph100\F3_W.qpy,C:\Users\szymon\QuditsOnQubits\QuditsOnQubits\basis_direct_encoding_benchmarks\quantum_circuits\two_qutrit\monomial_full__sup123_P120_ph100\CZ3_W.qpy,C:\Users\szymon\QuditsOnQubits\QuditsOnQubits\basis_direct_encoding_benchmarks\quantum_circuits\two_qutrit\monomial_full__sup123_P120_ph100\graph_state_direct_basis.qpy,C:\Users\szymon\QuditsOnQubits\QuditsOnQubits\basis_direct_encoding_benchmarks\quantum_circuits\two_qutrit\monomial_full__sup123_P120_ph100\graph_state_direct_basis_transpiled.qpy,,C:\Users\szymon\QuditsOnQubits\QuditsOnQubits\basis_direct_encoding_benchmarks\quantum_circuits\two_qutrit\monomial_full__sup123_P120_ph100\E.npy
direct_basis_encoding,two_qutrit,two_qutrit,star,two_qutrit,2,2,4,sup123_P120_ph101,monomial,monomial_full,sup123_P120_ph101,False,True,16,41,57,42,,,0.959126,True,False,ok,,Converted from legacy E_new 4x3 isometry candidate.; Fidelity skipped because transpiled circuit has 128 qubits.,42,42.5,0.5,57,56.5,16,16.0,128,"{'rz': 17, 'cz': 15, 'rx': 12, 'sx': 12, 'rzz': 1}",10,10,0,C:\Users\szymon\QuditsOnQubits\QuditsOnQubits\basis_direct_encoding_benchmarks\quantum_circuits\two_qutrit\monomial_full__sup123_P120_ph101,C:\Users\szymon\QuditsOnQubits\QuditsOnQubits\basis_direct_encoding_benchmarks\quantum_circuits\two_qutrit\monomial_full__sup123_P120_ph101\F3_W.qpy,C:\Users\szymon\QuditsOnQubits\QuditsOnQubits\basis_direct_encoding_benchmarks\quantum_circuits\two_qutrit\monomial_full__sup123_P120_ph101\CZ3_W.qpy,C:\Users\szymon\QuditsOnQubits\QuditsOnQubits\basis_direct_encoding_benchmarks\quantum_circuits\two_qutrit\monomial_full__sup123_P120_ph101\graph_state_direct_basis.qpy,C:\Users\szymon\QuditsOnQubits\QuditsOnQubits\basis_direct_encoding_benchmarks\quantum_circuits\two_qutrit\monomial_full__sup123_P120_ph101\graph_state_direct_basis_transpiled.qpy,,C:\Users\szymon\QuditsOnQubits\QuditsOnQubits\basis_direct_encoding_benchmarks\quantum_circuits\two_qutrit\monomial_full__sup123_P120_ph101\E.npy
direct_basis_encoding,two_qutrit,two_qutrit,star,two_qutrit,2,2,4,sup123_P120_ph102,monomial,monomial_full,sup123_P120_ph102,False,True,16,39,55,42,,,0.947502,True,False,ok,,Converted from legacy E_new 4x3 isometry candidate.; Fidelity skipped because transpiled circuit has 128 qubits.,42,42.0,0.0,55,56.0,16,16.0,128,"{'rz': 16, 'cz': 15, 'sx': 12, 'rx': 11, 'rzz': 1}",10,10,0,C:\Users\szymon\QuditsOnQubits\QuditsOnQubits\basis_direct_encoding_benchmarks\quantum_circuits\two_qutrit\monomial_full__sup123_P120_ph102,C:\Users\szymon\QuditsOnQubits\QuditsOnQubits\basis_direct_encoding_benchmarks\quantum_circuits\two_qutrit\monomial_full__sup123_P120_ph102\F3_W.qpy,C:\Users\szymon\QuditsOnQubits\QuditsOnQubits\basis_direct_encoding_benchmarks\quantum_circuits\two_qutrit\monomial_full__sup123_P120_ph102\CZ3_W.qpy,C:\Users\szymon\QuditsOnQubits\QuditsOnQubits\basis_direct_encoding_benchmarks\quantum_circuits\two_qutrit\monomial_full__sup123_P120_ph102\graph_state_direct_basis.qpy,C:\Users\szymon\QuditsOnQubits\QuditsOnQubits\basis_direct_encoding_benchmarks\quantum_circuits\two_qutrit\monomial_full__sup123_P120_ph102\graph_state_direct_basis_transpiled.qpy,,C:\Users\szymon\QuditsOnQubits\QuditsOnQubits\basis_direct_encoding_benchmarks\quantum_circuits\two_qutrit\monomial_full__sup123_P120_ph102\E.npy
direct_basis_encoding,two_qutrit,two_qutrit,star,two_qutrit,2,2,4,sup123_P120_ph110,monomial,monomial_full,sup123_P120_ph110,False,True,16,41,57,42,,,0.928237,True,False,ok,,Converted from legacy E_new 4x3 isometry candidate.; Fidelity skipped because transpiled circuit has 128 qubits.,42,42.5,0.5,57,57.0,16,16.0,128,"{'rz': 17, 'cz': 15, 'rx': 12, 'sx': 12, 'rzz': 1}",10,10,0,C:\Users\szymon\QuditsOnQubits\QuditsOnQubits\basis_direct_encoding_benchmarks\quantum_circuits\two_qutrit\monomial_full__sup123_P120_ph110,C:\Users\szymon\QuditsOnQubits\QuditsOnQubits\basis_direct_encoding_benchmarks\quantum_circuits\two_qutrit\monomial_full__sup123_P120_ph110\F3_W.qpy,C:\Users\szymon\QuditsOnQubits\QuditsOnQubits\basis_direct_encoding_benchmarks\quantum_circuits\two_qutrit\monomial_full__sup123_P120_ph110\CZ3_W.qpy,C:\Users\szymon\QuditsOnQubits\QuditsOnQubits\basis_direct_encoding_benchmarks\quantum_circuits\two_qutrit\monomial_full__sup123_P120_ph110\graph_state_direct_basis.qpy,C:\Users\szymon\QuditsOnQubits\QuditsOnQubits\basis_direct_encoding_benchmarks\quantum_circuits\two_qutrit\monomial_full__sup123_P120_ph110\graph_state_direct_basis_transpiled.qpy,,C:\Users\szymon\QuditsOnQubits\QuditsOnQubits\basis_direct_encoding_benchmarks\quantum_circuits\two_qutrit\monomial_full__sup123_P120_ph110\E.npy
direct_basis_encoding,two_qutrit,two_qutrit,star,two_qutrit,2,2,4,sup123_P120_ph111,monomial,monomial_full,sup123_P120_ph111,False,True,16,40,56,41,,,0.871336,True,False,ok,,Converted from legacy E_new 4x3 isometry candidate.; Fidelity skipped because transpiled circuit has 128 qubits.,41,41.5,0.5,56,56.0,16,16.0,128,"{'rz': 16, 'cz': 15, 'rx': 12, 'sx': 12, 'rzz': 1}",10,10,0,C:\Users\szymon\QuditsOnQubits\QuditsOnQubits\basis_direct_encoding_benchmarks\quantum_circuits\two_qutrit\monomial_full__sup123_P120_ph111,C:\Users\szymon\QuditsOnQubits\QuditsOnQubits\basis_direct_encoding_benchmarks\quantum_circuits\two_qutrit\monomial_full__sup123_P120_ph111\F3_W.qpy,C:\Users\szymon\QuditsOnQubits\QuditsOnQubits\basis_direct_encoding_benchmarks\quantum_circuits\two_qutrit\monomial_full__sup123_P120_ph111\CZ3_W.qpy,C:\Users\szymon\QuditsOnQubits\QuditsOnQubits\basis_direct_encoding_benchmarks\quantum_circuits\two_qutrit\monomial_full__sup123_P120_ph111\graph_state_direct_basis.qpy,C:\Users\szymon\QuditsOnQubits\QuditsOnQubits\basis_direct_encoding_benchmarks\quantum_circuits\two_qutrit\monomial_full__sup123_P120_ph111\graph_state_direct_basis_transpiled.qpy,,C:\Users\szymon\QuditsOnQubits\QuditsOnQubits\basis_direct_encoding_benchmarks\quantum_circuits\two_qutrit\monomial_full__sup123_P120_ph111\E.npy
direct_basis_encoding,two_qutrit,two_qutrit,star,two_qutrit,2,2,4,sup123_P120_ph112,monomial,monomial_full,sup123_P120_ph112,False,True,16,40,56,42,,,0.82701,True,False,ok,,Converted from legacy E_new 4x3 isometry candidate.; Fidelity skipped because transpiled circuit has 128 qubits.,42,42.0,0.0,56,56.5,16,16.0,128,"{'rz': 16, 'cz': 15, 'sx': 12, 'rx': 12, 'rzz': 1}",10,10,0,C:\Users\szymon\QuditsOnQubits\QuditsOnQubits\basis_direct_encoding_benchmarks\quantum_circuits\two_qutrit\monomial_full__sup123_P120_ph112,C:\Users\szymon\QuditsOnQubits\QuditsOnQubits\basis_direct_encoding_benchmarks\quantum_circuits\two_qutrit\monomial_full__sup123_P120_ph112\F3_W.qpy,C:\Users\szymon\QuditsOnQubits\QuditsOnQubits\basis_direct_encoding_benchmarks\quantum_circuits\two_qutrit\monomial_full__sup123_P120_ph112\CZ3_W.qpy,C:\Users\szymon\QuditsOnQubits\QuditsOnQubits\basis_direct_encoding_benchmarks\quantum_circuits\two_qutrit\monomial_full__sup123_P120_ph112\graph_state_direct_basis.qpy,C:\Users\szymon\QuditsOnQubits\QuditsOnQubits\basis_direct_encoding_benchmarks\quantum_circuits\two_qutrit\monomial_full__sup123_P120_ph112\graph_state_direct_basis_transpiled.qpy,,C:\Users\szymon\QuditsOnQubits\QuditsOnQubits\basis_direct_encoding_benchmarks\quantum_circuits\two_qutrit\monomial_full__sup123_P120_ph112\E.npy
direct_basis_encoding,two_qutrit,two_qutrit,star,two_qutrit,2,2,4,sup123_P120_ph120,monomial,monomial_full,sup123_P120_ph120,False,True,16,38,54,41,,,0.782252,True,False,ok,,Converted from legacy E_new 4x3 isometry candidate.; Fidelity skipped because transpiled circuit has 128 qubits.,41,41.5,0.5,54,54.0,16,16.0,128,"{'cz': 15, 'rz': 14, 'rx': 12, 'sx': 12, 'rzz': 1}",10,10,0,C:\Users\szymon\QuditsOnQubits\QuditsOnQubits\basis_direct_encoding_benchmarks\quantum_circuits\two_qutrit\monomial_full__sup123_P120_ph120,C:\Users\szymon\QuditsOnQubits\QuditsOnQubits\basis_direct_encoding_benchmarks\quantum_circuits\two_qutrit\monomial_full__sup123_P120_ph120\F3_W.qpy,C:\Users\szymon\QuditsOnQubits\QuditsOnQubits\basis_direct_encoding_benchmarks\quantum_circuits\two_qutrit\monomial_full__sup123_P120_ph120\CZ3_W.qpy,C:\Users\szymon\QuditsOnQubits\QuditsOnQubits\basis_direct_encoding_benchmarks\quantum_circuits\two_qutrit\monomial_full__sup123_P120_ph120\graph_state_direct_basis.qpy,C:\Users\szymon\QuditsOnQubits\QuditsOnQubits\basis_direct_encoding_benchmarks\quantum_circuits\two_qutrit\monomial_full__sup123_P120_ph120\graph_state_direct_basis_transpiled.qpy,,C:\Users\szymon\QuditsOnQubits\QuditsOnQubits\basis_direct_encoding_benchmarks\quantum_circuits\two_qutrit\monomial_full__sup123_P120_ph120\E.npy
direct_basis_encoding,two_qutrit,two_qutrit,star,two_qutrit,2,2,4,sup123_P120_ph121,monomial,monomial_full,sup123_P120_ph121,False,True,16,38,54,41,,,0.80627,True,False,ok,,Converted from legacy E_new 4x3 isometry candidate.; Fidelity skipped because transpiled circuit has 128 qubits.,41,41.5,0.5,54,54.0,16,16.0,128,"{'cz': 15, 'rz': 14, 'rx': 12, 'sx': 12, 'rzz': 1}",10,10,0,C:\Users\szymon\QuditsOnQubits\QuditsOnQubits\basis_direct_encoding_benchmarks\quantum_circuits\two_qutrit\monomial_full__sup123_P120_ph121,C:\Users\szymon\QuditsOnQubits\QuditsOnQubits\basis_direct_encoding_benchmarks\quantum_circuits\two_qutrit\monomial_full__sup123_P120_ph121\F3_W.qpy,C:\Users\szymon\QuditsOnQubits\QuditsOnQubits\basis_direct_encoding_benchmarks\quantum_circuits\two_qutrit\monomial_full__sup123_P120_ph121\CZ3_W.qpy,C:\Users\szymon\QuditsOnQubits\QuditsOnQubits\basis_direct_encoding_benchmarks\quantum_circuits\two_qutrit\monomial_full__sup123_P120_ph121\graph_state_direct_basis.qpy,C:\Users\szymon\QuditsOnQubits\QuditsOnQubits\basis_direct_encoding_benchmarks\quantum_circuits\two_qutrit\monomial_full__sup123_P120_ph121\graph_state_direct_basis_transpiled.qpy,,C:\Users\szymon\QuditsOnQubits\QuditsOnQubits\basis_direct_encoding_benchmarks\quantum_circuits\two_qutrit\monomial_full__sup123_P120_ph121\E.npy
direct_basis_encoding,two_qutrit,two_qutrit,star,two_qutrit,2,2,4,sup123_P120_ph122,monomial,monomial_full,sup123_P120_ph122,False,True,16,37,53,41,,,0.86082,True,False,ok,,Converted from legacy E_new 4x3 isometry candidate.; Fidelity skipped because transpiled circuit has 128 qubits.,41,41.0,0.0,53,53.5,16,16.0,128,"{'cz': 15, 'rz': 13, 'sx': 12, 'rx': 12, 'rzz': 1}",10,10,0,C:\Users\szymon\QuditsOnQubits\QuditsOnQubits\basis_direct_encoding_benchmarks\quantum_circuits\two_qutrit\monomial_full__sup123_P120_ph122,C:\Users\szymon\QuditsOnQubits\QuditsOnQubits\basis_direct_encoding_benchmarks\quantum_circuits\two_qutrit\monomial_full__sup123_P120_ph122\F3_W.qpy,C:\Users\szymon\QuditsOnQubits\QuditsOnQubits\basis_direct_encoding_benchmarks\quantum_circuits\two_qutrit\monomial_full__sup123_P120_ph122\CZ3_W.qpy,C:\Users\szymon\QuditsOnQubits\QuditsOnQubits\basis_direct_encoding_benchmarks\quantum_circuits\two_qutrit\monomial_full__sup123_P120_ph122\graph_state_direct_basis.qpy,C:\Users\szymon\QuditsOnQubits\QuditsOnQubits\basis_direct_encoding_benchmarks\quantum_circuits\two_qutrit\monomial_full__sup123_P120_ph122\graph_state_direct_basis_transpiled.qpy,,C:\Users\szymon\QuditsOnQubits\QuditsOnQubits\basis_direct_encoding_benchmarks\quantum_circuits\two_qutrit\monomial_full__sup123_P120_ph122\E.npy
direct_basis_encoding,two_qutrit,two_qutrit,star,two_qutrit,2,2,4,sup123_P120_ph200,monomial,monomial_full,sup123_P120_ph200,False,True,16,40,56,41,,,1.021199,True,False,ok,,Converted from legacy E_new 4x3 isometry candidate.; Fidelity skipped because transpiled circuit has 128 qubits.,41,41.5,0.5,56,56.0,16,16.0,128,"{'rz': 16, 'cz': 15, 'rx': 12, 'sx': 12, 'rzz': 1}",10,10,0,C:\Users\szymon\QuditsOnQubits\QuditsOnQubits\basis_direct_encoding_benchmarks\quantum_circuits\two_qutrit\monomial_full__sup123_P120_ph200,C:\Users\szymon\QuditsOnQubits\QuditsOnQubits\basis_direct_encoding_benchmarks\quantum_circuits\two_qutrit\monomial_full__sup123_P120_ph200\F3_W.qpy,C:\Users\szymon\QuditsOnQubits\QuditsOnQubits\basis_direct_encoding_benchmarks\quantum_circuits\two_qutrit\monomial_full__sup123_P120_ph200\CZ3_W.qpy,C:\Users\szymon\QuditsOnQubits\QuditsOnQubits\basis_direct_encoding_benchmarks\quantum_circuits\two_qutrit\monomial_full__sup123_P120_ph200\graph_state_direct_basis.qpy,C:\Users\szymon\QuditsOnQubits\QuditsOnQubits\basis_direct_encoding_benchmarks\quantum_circuits\two_qutrit\monomial_full__sup123_P120_ph200\graph_state_direct_basis_transpiled.qpy,,C:\Users\szymon\QuditsOnQubits\QuditsOnQubits\basis_direct_encoding_benchmarks\quantum_circuits\two_qutrit\monomial_full__sup123_P120_ph200\E.npy
direct_basis_encoding,two_qutrit,two_qutrit,star,two_qutrit,2,2,4,sup123_P120_ph201,monomial,monomial_full,sup123_P120_ph201,False,True,16,40,56,42,,,0.858581,True,False,ok,,Converted from legacy E_new 4x3 isometry candidate.; Fidelity skipped because transpiled circuit has 128 qubits.,42,42.0,0.0,56,56.5,16,16.0,128,"{'rz': 16, 'cz': 15, 'sx': 12, 'rx': 12, 'rzz': 1}",10,10,0,C:\Users\szymon\QuditsOnQubits\QuditsOnQubits\basis_direct_encoding_benchmarks\quantum_circuits\two_qutrit\monomial_full__sup123_P120_ph201,C:\Users\szymon\QuditsOnQubits\QuditsOnQubits\basis_direct_encoding_benchmarks\quantum_circuits\two_qutrit\monomial_full__sup123_P120_ph201\F3_W.qpy,C:\Users\szymon\QuditsOnQubits\QuditsOnQubits\basis_direct_encoding_benchmarks\quantum_circuits\two_qutrit\monomial_full__sup123_P120_ph201\CZ3_W.qpy,C:\Users\szymon\QuditsOnQubits\QuditsOnQubits\basis_direct_encoding_benchmarks\quantum_circuits\two_qutrit\monomial_full__sup123_P120_ph201\graph_state_direct_basis.qpy,C:\Users\szymon\QuditsOnQubits\QuditsOnQubits\basis_direct_encoding_benchmarks\quantum_circuits\two_qutrit\monomial_full__sup123_P120_ph201\graph_state_direct_basis_transpiled.qpy,,C:\Users\szymon\QuditsOnQubits\QuditsOnQubits\basis_direct_encoding_benchmarks\quantum_circuits\two_qutrit\monomial_full__sup123_P120_ph201\E.npy
direct_basis_encoding,two_qutrit,two_qutrit,star,two_qutrit,2,2,4,sup123_P120_ph202,monomial,monomial_full,sup123_P120_ph202,False,True,16,41,57,42,,,1.409694,True,False,ok,,Converted from legacy E_new 4x3 isometry candidate.; Fidelity skipped because transpiled circuit has 128 qubits.,42,42.5,0.5,57,56.5,16,16.0,128,"{'rz': 17, 'cz': 15, 'rx': 12, 'sx': 12, 'rzz': 1}",10,10,0,C:\Users\szymon\QuditsOnQubits\QuditsOnQubits\basis_direct_encoding_benchmarks\quantum_circuits\two_qutrit\monomial_full__sup123_P120_ph202,C:\Users\szymon\QuditsOnQubits\QuditsOnQubits\basis_direct_encoding_benchmarks\quantum_circuits\two_qutrit\monomial_full__sup123_P120_ph202\F3_W.qpy,C:\Users\szymon\QuditsOnQubits\QuditsOnQubits\basis_direct_encoding_benchmarks\quantum_circuits\two_qutrit\monomial_full__sup123_P120_ph202\CZ3_W.qpy,C:\Users\szymon\QuditsOnQubits\QuditsOnQubits\basis_direct_encoding_benchmarks\quantum_circuits\two_qutrit\monomial_full__sup123_P120_ph202\graph_state_direct_basis.qpy,C:\Users\szymon\QuditsOnQubits\QuditsOnQubits\basis_direct_encoding_benchmarks\quantum_circuits\two_qutrit\monomial_full__sup123_P120_ph202\graph_state_direct_basis_transpiled.qpy,,C:\Users\szymon\QuditsOnQubits\QuditsOnQubits\basis_direct_encoding_benchmarks\quantum_circuits\two_qutrit\monomial_full__sup123_P120_ph202\E.npy
direct_basis_encoding,two_qutrit,two_qutrit,star,two_qutrit,2,2,4,sup123_P120_ph210,monomial,monomial_full,sup123_P120_ph210,False,True,16,38,54,41,,,0.856642,True,False,ok,,Converted from legacy E_new 4x3 isometry candidate.; Fidelity skipped because transpiled circuit has 128 qubits.,41,41.5,0.5,54,54.0,16,16.0,128,"{'cz': 15, 'rz': 14, 'rx': 12, 'sx': 12, 'rzz': 1}",10,10,0,C:\Users\szymon\QuditsOnQubits\QuditsOnQubits\basis_direct_encoding_benchmarks\quantum_circuits\two_qutrit\monomial_full__sup123_P120_ph210,C:\Users\szymon\QuditsOnQubits\QuditsOnQubits\basis_direct_encoding_benchmarks\quantum_circuits\two_qutrit\monomial_full__sup123_P120_ph210\F3_W.qpy,C:\Users\szymon\QuditsOnQubits\QuditsOnQubits\basis_direct_encoding_benchmarks\quantum_circuits\two_qutrit\monomial_full__sup123_P120_ph210\CZ3_W.qpy,C:\Users\szymon\QuditsOnQubits\QuditsOnQubits\basis_direct_encoding_benchmarks\quantum_circuits\two_qutrit\monomial_full__sup123_P120_ph210\graph_state_direct_basis.qpy,C:\Users\szymon\QuditsOnQubits\QuditsOnQubits\basis_direct_encoding_benchmarks\quantum_circuits\two_qutrit\monomial_full__sup123_P120_ph210\graph_state_direct_basis_transpiled.qpy,,C:\Users\szymon\QuditsOnQubits\QuditsOnQubits\basis_direct_encoding_benchmarks\quantum_circuits\two_qutrit\monomial_full__sup123_P120_ph210\E.npy
direct_basis_encoding,two_qutrit,two_qutrit,star,two_qutrit,2,2,4,sup123_P120_ph211,monomial,monomial_full,sup123_P120_ph211,False,True,16,37,53,41,,,1.024596,True,False,ok,,Converted from legacy E_new 4x3 isometry candidate.; Fidelity skipped because transpiled circuit has 128 qubits.,41,41.0,0.0,53,53.5,16,16.0,128,"{'cz': 15, 'rz': 13, 'sx': 12, 'rx': 12, 'rzz': 1}",10,10,0,C:\Users\szymon\QuditsOnQubits\QuditsOnQubits\basis_direct_encoding_benchmarks\quantum_circuits\two_qutrit\monomial_full__sup123_P120_ph211,C:\Users\szymon\QuditsOnQubits\QuditsOnQubits\basis_direct_encoding_benchmarks\quantum_circuits\two_qutrit\monomial_full__sup123_P120_ph211\F3_W.qpy,C:\Users\szymon\QuditsOnQubits\QuditsOnQubits\basis_direct_encoding_benchmarks\quantum_circuits\two_qutrit\monomial_full__sup123_P120_ph211\CZ3_W.qpy,C:\Users\szymon\QuditsOnQubits\QuditsOnQubits\basis_direct_encoding_benchmarks\quantum_circuits\two_qutrit\monomial_full__sup123_P120_ph211\graph_state_direct_basis.qpy,C:\Users\szymon\QuditsOnQubits\QuditsOnQubits\basis_direct_encoding_benchmarks\quantum_circuits\two_qutrit\monomial_full__sup123_P120_ph211\graph_state_direct_basis_transpiled.qpy,,C:\Users\szymon\QuditsOnQubits\QuditsOnQubits\basis_direct_encoding_benchmarks\quantum_circuits\two_qutrit\monomial_full__sup123_P120_ph211\E.npy
direct_basis_encoding,two_qutrit,two_qutrit,star,two_qutrit,2,2,4,sup123_P120_ph212,monomial,monomial_full,sup123_P120_ph212,False,True,16,38,54,41,,,0.918779,True,False,ok,,Converted from legacy E_new 4x3 isometry candidate.; Fidelity skipped because transpiled circuit has 128 qubits.,41,41.5,0.5,54,53.5,16,16.0,128,"{'cz': 15, 'rz': 14, 'rx': 12, 'sx': 12, 'rzz': 1}",10,10,0,C:\Users\szymon\QuditsOnQubits\QuditsOnQubits\basis_direct_encoding_benchmarks\quantum_circuits\two_qutrit\monomial_full__sup123_P120_ph212,C:\Users\szymon\QuditsOnQubits\QuditsOnQubits\basis_direct_encoding_benchmarks\quantum_circuits\two_qutrit\monomial_full__sup123_P120_ph212\F3_W.qpy,C:\Users\szymon\QuditsOnQubits\QuditsOnQubits\basis_direct_encoding_benchmarks\quantum_circuits\two_qutrit\monomial_full__sup123_P120_ph212\CZ3_W.qpy,C:\Users\szymon\QuditsOnQubits\QuditsOnQubits\basis_direct_encoding_benchmarks\quantum_circuits\two_qutrit\monomial_full__sup123_P120_ph212\graph_state_direct_basis.qpy,C:\Users\szymon\QuditsOnQubits\QuditsOnQubits\basis_direct_encoding_benchmarks\quantum_circuits\two_qutrit\monomial_full__sup123_P120_ph212\graph_state_direct_basis_transpiled.qpy,,C:\Users\szymon\QuditsOnQubits\QuditsOnQubits\basis_direct_encoding_benchmarks\quantum_circuits\two_qutrit\monomial_full__sup123_P120_ph212\E.npy
direct_basis_encoding,two_qutrit,two_qutrit,star,two_qutrit,2,2,4,sup123_P120_ph220,monomial,monomial_full,sup123_P120_ph220,False,True,16,41,57,42,,,1.312099,True,False,ok,,Converted from legacy E_new 4x3 isometry candidate.; Fidelity skipped because transpiled circuit has 128 qubits.,42,42.5,0.5,57,57.0,16,16.0,128,"{'rz': 17, 'cz': 15, 'rx': 12, 'sx': 12, 'rzz': 1}",10,10,0,C:\Users\szymon\QuditsOnQubits\QuditsOnQubits\basis_direct_encoding_benchmarks\quantum_circuits\two_qutrit\monomial_full__sup123_P120_ph220,C:\Users\szymon\QuditsOnQubits\QuditsOnQubits\basis_direct_encoding_benchmarks\quantum_circuits\two_qutrit\monomial_full__sup123_P120_ph220\F3_W.qpy,C:\Users\szymon\QuditsOnQubits\QuditsOnQubits\basis_direct_encoding_benchmarks\quantum_circuits\two_qutrit\monomial_full__sup123_P120_ph220\CZ3_W.qpy,C:\Users\szymon\QuditsOnQubits\QuditsOnQubits\basis_direct_encoding_benchmarks\quantum_circuits\two_qutrit\monomial_full__sup123_P120_ph220\graph_state_direct_basis.qpy,C:\Users\szymon\QuditsOnQubits\QuditsOnQubits\basis_direct_encoding_benchmarks\quantum_circuits\two_qutrit\monomial_full__sup123_P120_ph220\graph_state_direct_basis_transpiled.qpy,,C:\Users\szymon\QuditsOnQubits\QuditsOnQubits\basis_direct_encoding_benchmarks\quantum_circuits\two_qutrit\monomial_full__sup123_P120_ph220\E.npy
direct_basis_encoding,two_qutrit,two_qutrit,star,two_qutrit,2,2,4,sup123_P120_ph221,monomial,monomial_full,sup123_P120_ph221,False,True,16,40,56,42,,,1.043306,True,False,ok,,Converted from legacy E_new 4x3 isometry candidate.; Fidelity skipped because transpiled circuit has 128 qubits.,42,42.0,0.0,56,56.5,16,16.0,128,"{'rz': 16, 'cz': 15, 'sx': 12, 'rx': 12, 'rzz': 1}",10,10,0,C:\Users\szymon\QuditsOnQubits\QuditsOnQubits\basis_direct_encoding_benchmarks\quantum_circuits\two_qutrit\monomial_full__sup123_P120_ph221,C:\Users\szymon\QuditsOnQubits\QuditsOnQubits\basis_direct_encoding_benchmarks\quantum_circuits\two_qutrit\monomial_full__sup123_P120_ph221\F3_W.qpy,C:\Users\szymon\QuditsOnQubits\QuditsOnQubits\basis_direct_encoding_benchmarks\quantum_circuits\two_qutrit\monomial_full__sup123_P120_ph221\CZ3_W.qpy,C:\Users\szymon\QuditsOnQubits\QuditsOnQubits\basis_direct_encoding_benchmarks\quantum_circuits\two_qutrit\monomial_full__sup123_P120_ph221\graph_state_direct_basis.qpy,C:\Users\szymon\QuditsOnQubits\QuditsOnQubits\basis_direct_encoding_benchmarks\quantum_circuits\two_qutrit\monomial_full__sup123_P120_ph221\graph_state_direct_basis_transpiled.qpy,,C:\Users\szymon\QuditsOnQubits\QuditsOnQubits\basis_direct_encoding_benchmarks\quantum_circuits\two_qutrit\monomial_full__sup123_P120_ph221\E.npy
direct_basis_encoding,two_qutrit,two_qutrit,star,two_qutrit,2,2,4,sup123_P120_ph222,monomial,monomial_full,sup123_P120_ph222,False,True,16,40,56,41,,,0.848088,True,False,ok,,Converted from legacy E_new 4x3 isometry candidate.; Fidelity skipped because transpiled circuit has 128 qubits.,41,41.5,0.5,56,55.5,16,16.0,128,"{'rz': 16, 'cz': 15, 'rx': 12, 'sx': 12, 'rzz': 1}",10,10,0,C:\Users\szymon\QuditsOnQubits\QuditsOnQubits\basis_direct_encoding_benchmarks\quantum_circuits\two_qutrit\monomial_full__sup123_P120_ph222,C:\Users\szymon\QuditsOnQubits\QuditsOnQubits\basis_direct_encoding_benchmarks\quantum_circuits\two_qutrit\monomial_full__sup123_P120_ph222\F3_W.qpy,C:\Users\szymon\QuditsOnQubits\QuditsOnQubits\basis_direct_encoding_benchmarks\quantum_circuits\two_qutrit\monomial_full__sup123_P120_ph222\CZ3_W.qpy,C:\Users\szymon\QuditsOnQubits\QuditsOnQubits\basis_direct_encoding_benchmarks\quantum_circuits\two_qutrit\monomial_full__sup123_P120_ph222\graph_state_direct_basis.qpy,C:\Users\szymon\QuditsOnQubits\QuditsOnQubits\basis_direct_encoding_benchmarks\quantum_circuits\two_qutrit\monomial_full__sup123_P120_ph222\graph_state_direct_basis_transpiled.qpy,,C:\Users\szymon\QuditsOnQubits\QuditsOnQubits\basis_direct_encoding_benchmarks\quantum_circuits\two_qutrit\monomial_full__sup123_P120_ph222\E.npy
direct_basis_encoding,two_qutrit,two_qutrit,star,two_qutrit,2,2,4,sup123_P201_ph000,monomial,monomial_full,sup123_P201_ph000,False,True,17,42,59,42,,,0.937514,True,False,ok,,Converted from legacy E_new 4x3 isometry candidate.; Fidelity skipped because transpiled circuit has 128 qubits.,42,45.7,3.41,59,63.9,17,18.5,128,"{'rz': 16, 'cz': 14, 'sx': 13, 'rx': 13, 'rzz': 3}",10,10,0,C:\Users\szymon\QuditsOnQubits\QuditsOnQubits\basis_direct_encoding_benchmarks\quantum_circuits\two_qutrit\monomial_full__sup123_P201_ph000,C:\Users\szymon\QuditsOnQubits\QuditsOnQubits\basis_direct_encoding_benchmarks\quantum_circuits\two_qutrit\monomial_full__sup123_P201_ph000\F3_W.qpy,C:\Users\szymon\QuditsOnQubits\QuditsOnQubits\basis_direct_encoding_benchmarks\quantum_circuits\two_qutrit\monomial_full__sup123_P201_ph000\CZ3_W.qpy,C:\Users\szymon\QuditsOnQubits\QuditsOnQubits\basis_direct_encoding_benchmarks\quantum_circuits\two_qutrit\monomial_full__sup123_P201_ph000\graph_state_direct_basis.qpy,C:\Users\szymon\QuditsOnQubits\QuditsOnQubits\basis_direct_encoding_benchmarks\quantum_circuits\two_qutrit\monomial_full__sup123_P201_ph000\graph_state_direct_basis_transpiled.qpy,,C:\Users\szymon\QuditsOnQubits\QuditsOnQubits\basis_direct_encoding_benchmarks\quantum_circuits\two_qutrit\monomial_full__sup123_P201_ph000\E.npy
direct_basis_encoding,two_qutrit,two_qutrit,star,two_qutrit,2,2,4,sup123_P201_ph001,monomial,monomial_full,sup123_P201_ph001,False,True,17,45,62,43,,,1.012197,True,False,ok,,Converted from legacy E_new 4x3 isometry candidate.; Fidelity skipped because transpiled circuit has 128 qubits.,43,46.9,3.18,62,66.8,17,18.5,128,"{'rz': 18, 'rx': 14, 'cz': 14, 'sx': 13, 'rzz': 3}",10,10,0,C:\Users\szymon\QuditsOnQubits\QuditsOnQubits\basis_direct_encoding_benchmarks\quantum_circuits\two_qutrit\monomial_full__sup123_P201_ph001,C:\Users\szymon\QuditsOnQubits\QuditsOnQubits\basis_direct_encoding_benchmarks\quantum_circuits\two_qutrit\monomial_full__sup123_P201_ph001\F3_W.qpy,C:\Users\szymon\QuditsOnQubits\QuditsOnQubits\basis_direct_encoding_benchmarks\quantum_circuits\two_qutrit\monomial_full__sup123_P201_ph001\CZ3_W.qpy,C:\Users\szymon\QuditsOnQubits\QuditsOnQubits\basis_direct_encoding_benchmarks\quantum_circuits\two_qutrit\monomial_full__sup123_P201_ph001\graph_state_direct_basis.qpy,C:\Users\szymon\QuditsOnQubits\QuditsOnQubits\basis_direct_encoding_benchmarks\quantum_circuits\two_qutrit\monomial_full__sup123_P201_ph001\graph_state_direct_basis_transpiled.qpy,,C:\Users\szymon\QuditsOnQubits\QuditsOnQubits\basis_direct_encoding_benchmarks\quantum_circuits\two_qutrit\monomial_full__sup123_P201_ph001\E.npy
direct_basis_encoding,two_qutrit,two_qutrit,star,two_qutrit,2,2,4,sup123_P201_ph002,monomial,monomial_full,sup123_P201_ph002,False,True,17,44,61,43,,,0.959516,True,False,ok,,Converted from legacy E_new 4x3 isometry candidate.; Fidelity skipped because transpiled circuit has 128 qubits.,43,46.9,3.18,61,66.5,17,18.5,128,"{'rz': 18, 'cz': 14, 'sx': 13, 'rx': 13, 'rzz': 3}",10,10,0,C:\Users\szymon\QuditsOnQubits\QuditsOnQubits\basis_direct_encoding_benchmarks\quantum_circuits\two_qutrit\monomial_full__sup123_P201_ph002,C:\Users\szymon\QuditsOnQubits\QuditsOnQubits\basis_direct_encoding_benchmarks\quantum_circuits\two_qutrit\monomial_full__sup123_P201_ph002\F3_W.qpy,C:\Users\szymon\QuditsOnQubits\QuditsOnQubits\basis_direct_encoding_benchmarks\quantum_circuits\two_qutrit\monomial_full__sup123_P201_ph002\CZ3_W.qpy,C:\Users\szymon\QuditsOnQubits\QuditsOnQubits\basis_direct_encoding_benchmarks\quantum_circuits\two_qutrit\monomial_full__sup123_P201_ph002\graph_state_direct_basis.qpy,C:\Users\szymon\QuditsOnQubits\QuditsOnQubits\basis_direct_encoding_benchmarks\quantum_circuits\two_qutrit\monomial_full__sup123_P201_ph002\graph_state_direct_basis_transpiled.qpy,,C:\Users\szymon\QuditsOnQubits\QuditsOnQubits\basis_direct_encoding_benchmarks\quantum_circuits\two_qutrit\monomial_full__sup123_P201_ph002\E.npy
direct_basis_encoding,two_qutrit,two_qutrit,star,two_qutrit,2,2,4,sup123_P201_ph010,monomial,monomial_full,sup123_P201_ph010,False,True,17,46,63,43,,,1.272457,True,False,ok,,Converted from legacy E_new 4x3 isometry candidate.; Fidelity skipped because transpiled circuit has 128 qubits.,43,46.6,3.29,63,68.4,17,18.5,128,"{'rz': 20, 'cz': 14, 'sx': 13, 'rx': 13, 'rzz': 3}",10,10,0,C:\Users\szymon\QuditsOnQubits\QuditsOnQubits\basis_direct_encoding_benchmarks\quantum_circuits\two_qutrit\monomial_full__sup123_P201_ph010,C:\Users\szymon\QuditsOnQubits\QuditsOnQubits\basis_direct_encoding_benchmarks\quantum_circuits\two_qutrit\monomial_full__sup123_P201_ph010\F3_W.qpy,C:\Users\szymon\QuditsOnQubits\QuditsOnQubits\basis_direct_encoding_benchmarks\quantum_circuits\two_qutrit\monomial_full__sup123_P201_ph010\CZ3_W.qpy,C:\Users\szymon\QuditsOnQubits\QuditsOnQubits\basis_direct_encoding_benchmarks\quantum_circuits\two_qutrit\monomial_full__sup123_P201_ph010\graph_state_direct_basis.qpy,C:\Users\szymon\QuditsOnQubits\QuditsOnQubits\basis_direct_encoding_benchmarks\quantum_circuits\two_qutrit\monomial_full__sup123_P201_ph010\graph_state_direct_basis_transpiled.qpy,,C:\Users\szymon\QuditsOnQubits\QuditsOnQubits\basis_direct_encoding_benchmarks\quantum_circuits\two_qutrit\monomial_full__sup123_P201_ph010\E.npy
direct_basis_encoding,two_qutrit,two_qutrit,star,two_qutrit,2,2,4,sup123_P201_ph011,monomial,monomial_full,sup123_P201_ph011,False,True,17,44,61,42,,,0.928381,True,False,ok,,Converted from legacy E_new 4x3 isometry candidate.; Fidelity skipped because transpiled circuit has 128 qubits.,42,46.0,3.29,61,67.6,17,18.5,128,"{'rz': 18, 'cz': 14, 'sx': 13, 'rx': 13, 'rzz': 3}",10,10,0,C:\Users\szymon\QuditsOnQubits\QuditsOnQubits\basis_direct_encoding_benchmarks\quantum_circuits\two_qutrit\monomial_full__sup123_P201_ph011,C:\Users\szymon\QuditsOnQubits\QuditsOnQubits\basis_direct_encoding_benchmarks\quantum_circuits\two_qutrit\monomial_full__sup123_P201_ph011\F3_W.qpy,C:\Users\szymon\QuditsOnQubits\QuditsOnQubits\basis_direct_encoding_benchmarks\quantum_circuits\two_qutrit\monomial_full__sup123_P201_ph011\CZ3_W.qpy,C:\Users\szymon\QuditsOnQubits\QuditsOnQubits\basis_direct_encoding_benchmarks\quantum_circuits\two_qutrit\monomial_full__sup123_P201_ph011\graph_state_direct_basis.qpy,C:\Users\szymon\QuditsOnQubits\QuditsOnQubits\basis_direct_encoding_benchmarks\quantum_circuits\two_qutrit\monomial_full__sup123_P201_ph011\graph_state_direct_basis_transpiled.qpy,,C:\Users\szymon\QuditsOnQubits\QuditsOnQubits\basis_direct_encoding_benchmarks\quantum_circuits\two_qutrit\monomial_full__sup123_P201_ph011\E.npy
direct_basis_encoding,two_qutrit,two_qutrit,star,two_qutrit,2,2,4,sup123_P201_ph012,monomial,monomial_full,sup123_P201_ph012,False,True,17,47,64,43,,,1.240993,True,False,ok,,Converted from legacy E_new 4x3 isometry candidate.; Fidelity skipped because transpiled circuit has 128 qubits.,43,46.9,3.18,64,69.6,17,18.5,128,"{'rz': 20, 'rx': 14, 'cz': 14, 'sx': 13, 'rzz': 3}",10,10,0,C:\Users\szymon\QuditsOnQubits\QuditsOnQubits\basis_direct_encoding_benchmarks\quantum_circuits\two_qutrit\monomial_full__sup123_P201_ph012,C:\Users\szymon\QuditsOnQubits\QuditsOnQubits\basis_direct_encoding_benchmarks\quantum_circuits\two_qutrit\monomial_full__sup123_P201_ph012\F3_W.qpy,C:\Users\szymon\QuditsOnQubits\QuditsOnQubits\basis_direct_encoding_benchmarks\quantum_circuits\two_qutrit\monomial_full__sup123_P201_ph012\CZ3_W.qpy,C:\Users\szymon\QuditsOnQubits\QuditsOnQubits\basis_direct_encoding_benchmarks\quantum_circuits\two_qutrit\monomial_full__sup123_P201_ph012\graph_state_direct_basis.qpy,C:\Users\szymon\QuditsOnQubits\QuditsOnQubits\basis_direct_encoding_benchmarks\quantum_circuits\two_qutrit\monomial_full__sup123_P201_ph012\graph_state_direct_basis_transpiled.qpy,,C:\Users\szymon\QuditsOnQubits\QuditsOnQubits\basis_direct_encoding_benchmarks\quantum_circuits\two_qutrit\monomial_full__sup123_P201_ph012\E.npy
direct_basis_encoding,two_qutrit,two_qutrit,star,two_qutrit,2,2,4,sup123_P201_ph020,monomial,monomial_full,sup123_P201_ph020,False,True,17,46,63,43,,,1.00135,True,False,ok,,Converted from legacy E_new 4x3 isometry candidate.; Fidelity skipped because transpiled circuit has 128 qubits.,43,46.6,3.29,63,68.4,17,18.5,128,"{'rz': 20, 'cz': 14, 'sx': 13, 'rx': 13, 'rzz': 3}",10,10,0,C:\Users\szymon\QuditsOnQubits\QuditsOnQubits\basis_direct_encoding_benchmarks\quantum_circuits\two_qutrit\monomial_full__sup123_P201_ph020,C:\Users\szymon\QuditsOnQubits\QuditsOnQubits\basis_direct_encoding_benchmarks\quantum_circuits\two_qutrit\monomial_full__sup123_P201_ph020\F3_W.qpy,C:\Users\szymon\QuditsOnQubits\QuditsOnQubits\basis_direct_encoding_benchmarks\quantum_circuits\two_qutrit\monomial_full__sup123_P201_ph020\CZ3_W.qpy,C:\Users\szymon\QuditsOnQubits\QuditsOnQubits\basis_direct_encoding_benchmarks\quantum_circuits\two_qutrit\monomial_full__sup123_P201_ph020\graph_state_direct_basis.qpy,C:\Users\szymon\QuditsOnQubits\QuditsOnQubits\basis_direct_encoding_benchmarks\quantum_circuits\two_qutrit\monomial_full__sup123_P201_ph020\graph_state_direct_basis_transpiled.qpy,,C:\Users\szymon\QuditsOnQubits\QuditsOnQubits\basis_direct_encoding_benchmarks\quantum_circuits\two_qutrit\monomial_full__sup123_P201_ph020\E.npy
direct_basis_encoding,two_qutrit,two_qutrit,star,two_qutrit,2,2,4,sup123_P201_ph021,monomial,monomial_full,sup123_P201_ph021,False,True,17,47,64,43,,,0.877905,True,False,ok,,Converted from legacy E_new 4x3 isometry candidate.; Fidelity skipped because transpiled circuit has 128 qubits.,43,46.9,3.18,64,69.9,17,18.5,128,"{'rz': 20, 'rx': 14, 'cz': 14, 'sx': 13, 'rzz': 3}",10,10,0,C:\Users\szymon\QuditsOnQubits\QuditsOnQubits\basis_direct_encoding_benchmarks\quantum_circuits\two_qutrit\monomial_full__sup123_P201_ph021,C:\Users\szymon\QuditsOnQubits\QuditsOnQubits\basis_direct_encoding_benchmarks\quantum_circuits\two_qutrit\monomial_full__sup123_P201_ph021\F3_W.qpy,C:\Users\szymon\QuditsOnQubits\QuditsOnQubits\basis_direct_encoding_benchmarks\quantum_circuits\two_qutrit\monomial_full__sup123_P201_ph021\CZ3_W.qpy,C:\Users\szymon\QuditsOnQubits\QuditsOnQubits\basis_direct_encoding_benchmarks\quantum_circuits\two_qutrit\monomial_full__sup123_P201_ph021\graph_state_direct_basis.qpy,C:\Users\szymon\QuditsOnQubits\QuditsOnQubits\basis_direct_encoding_benchmarks\quantum_circuits\two_qutrit\monomial_full__sup123_P201_ph021\graph_state_direct_basis_transpiled.qpy,,C:\Users\szymon\QuditsOnQubits\QuditsOnQubits\basis_direct_encoding_benchmarks\quantum_circuits\two_qutrit\monomial_full__sup123_P201_ph021\E.npy
direct_basis_encoding,two_qutrit,two_qutrit,star,two_qutrit,2,2,4,sup123_P201_ph022,monomial,monomial_full,sup123_P201_ph022,False,True,17,45,62,42,,,0.947938,True,False,ok,,Converted from legacy E_new 4x3 isometry candidate.; Fidelity skipped because transpiled circuit has 128 qubits.,42,46.0,3.29,62,67.9,17,18.5,128,"{'rz': 18, 'rx': 14, 'cz': 14, 'sx': 13, 'rzz': 3}",10,10,0,C:\Users\szymon\QuditsOnQubits\QuditsOnQubits\basis_direct_encoding_benchmarks\quantum_circuits\two_qutrit\monomial_full__sup123_P201_ph022,C:\Users\szymon\QuditsOnQubits\QuditsOnQubits\basis_direct_encoding_benchmarks\quantum_circuits\two_qutrit\monomial_full__sup123_P201_ph022\F3_W.qpy,C:\Users\szymon\QuditsOnQubits\QuditsOnQubits\basis_direct_encoding_benchmarks\quantum_circuits\two_qutrit\monomial_full__sup123_P201_ph022\CZ3_W.qpy,C:\Users\szymon\QuditsOnQubits\QuditsOnQubits\basis_direct_encoding_benchmarks\quantum_circuits\two_qutrit\monomial_full__sup123_P201_ph022\graph_state_direct_basis.qpy,C:\Users\szymon\QuditsOnQubits\QuditsOnQubits\basis_direct_encoding_benchmarks\quantum_circuits\two_qutrit\monomial_full__sup123_P201_ph022\graph_state_direct_basis_transpiled.qpy,,C:\Users\szymon\QuditsOnQubits\QuditsOnQubits\basis_direct_encoding_benchmarks\quantum_circuits\two_qutrit\monomial_full__sup123_P201_ph022\E.npy
direct_basis_encoding,two_qutrit,two_qutrit,star,two_qutrit,2,2,4,sup123_P201_ph100,monomial,monomial_full,sup123_P201_ph100,False,True,17,45,62,42,,,0.974124,True,False,ok,,Converted from legacy E_new 4x3 isometry candidate.; Fidelity skipped because transpiled circuit has 128 qubits.,42,46.0,3.29,62,68.2,17,18.5,128,"{'rz': 18, 'rx': 14, 'cz': 14, 'sx': 13, 'rzz': 3}",10,10,0,C:\Users\szymon\QuditsOnQubits\QuditsOnQubits\basis_direct_encoding_benchmarks\quantum_circuits\two_qutrit\monomial_full__sup123_P201_ph100,C:\Users\szymon\QuditsOnQubits\QuditsOnQubits\basis_direct_encoding_benchmarks\quantum_circuits\two_qutrit\monomial_full__sup123_P201_ph100\F3_W.qpy,C:\Users\szymon\QuditsOnQubits\QuditsOnQubits\basis_direct_encoding_benchmarks\quantum_circuits\two_qutrit\monomial_full__sup123_P201_ph100\CZ3_W.qpy,C:\Users\szymon\QuditsOnQubits\QuditsOnQubits\basis_direct_encoding_benchmarks\quantum_circuits\two_qutrit\monomial_full__sup123_P201_ph100\graph_state_direct_basis.qpy,C:\Users\szymon\QuditsOnQubits\QuditsOnQubits\basis_direct_encoding_benchmarks\quantum_circuits\two_qutrit\monomial_full__sup123_P201_ph100\graph_state_direct_basis_transpiled.qpy,,C:\Users\szymon\QuditsOnQubits\QuditsOnQubits\basis_direct_encoding_benchmarks\quantum_circuits\two_qutrit\monomial_full__sup123_P201_ph100\E.npy
direct_basis_encoding,two_qutrit,two_qutrit,star,two_qutrit,2,2,4,sup123_P201_ph101,monomial,monomial_full,sup123_P201_ph101,False,True,17,46,63,43,,,0.875571,True,False,ok,,Converted from legacy E_new 4x3 isometry candidate.; Fidelity skipped because transpiled circuit has 128 qubits.,43,46.9,3.18,63,68.7,17,18.5,128,"{'rz': 20, 'cz': 14, 'sx': 13, 'rx': 13, 'rzz': 3}",10,10,0,C:\Users\szymon\QuditsOnQubits\QuditsOnQubits\basis_direct_encoding_benchmarks\quantum_circuits\two_qutrit\monomial_full__sup123_P201_ph101,C:\Users\szymon\QuditsOnQubits\QuditsOnQubits\basis_direct_encoding_benchmarks\quantum_circuits\two_qutrit\monomial_full__sup123_P201_ph101\F3_W.qpy,C:\Users\szymon\QuditsOnQubits\QuditsOnQubits\basis_direct_encoding_benchmarks\quantum_circuits\two_qutrit\monomial_full__sup123_P201_ph101\CZ3_W.qpy,C:\Users\szymon\QuditsOnQubits\QuditsOnQubits\basis_direct_encoding_benchmarks\quantum_circuits\two_qutrit\monomial_full__sup123_P201_ph101\graph_state_direct_basis.qpy,C:\Users\szymon\QuditsOnQubits\QuditsOnQubits\basis_direct_encoding_benchmarks\quantum_circuits\two_qutrit\monomial_full__sup123_P201_ph101\graph_state_direct_basis_transpiled.qpy,,C:\Users\szymon\QuditsOnQubits\QuditsOnQubits\basis_direct_encoding_benchmarks\quantum_circuits\two_qutrit\monomial_full__sup123_P201_ph101\E.npy
direct_basis_encoding,two_qutrit,two_qutrit,star,two_qutrit,2,2,4,sup123_P201_ph102,monomial,monomial_full,sup123_P201_ph102,False,True,17,47,64,43,,,0.916686,True,False,ok,,Converted from legacy E_new 4x3 isometry candidate.; Fidelity skipped because transpiled circuit has 128 qubits.,43,46.6,3.29,64,69.6,17,18.5,128,"{'rz': 20, 'rx': 14, 'cz': 14, 'sx': 13, 'rzz': 3}",10,10,0,C:\Users\szymon\QuditsOnQubits\QuditsOnQubits\basis_direct_encoding_benchmarks\quantum_circuits\two_qutrit\monomial_full__sup123_P201_ph102,C:\Users\szymon\QuditsOnQubits\QuditsOnQubits\basis_direct_encoding_benchmarks\quantum_circuits\two_qutrit\monomial_full__sup123_P201_ph102\F3_W.qpy,C:\Users\szymon\QuditsOnQubits\QuditsOnQubits\basis_direct_encoding_benchmarks\quantum_circuits\two_qutrit\monomial_full__sup123_P201_ph102\CZ3_W.qpy,C:\Users\szymon\QuditsOnQubits\QuditsOnQubits\basis_direct_encoding_benchmarks\quantum_circuits\two_qutrit\monomial_full__sup123_P201_ph102\graph_state_direct_basis.qpy,C:\Users\szymon\QuditsOnQubits\QuditsOnQubits\basis_direct_encoding_benchmarks\quantum_circuits\two_qutrit\monomial_full__sup123_P201_ph102\graph_state_direct_basis_transpiled.qpy,,C:\Users\szymon\QuditsOnQubits\QuditsOnQubits\basis_direct_encoding_benchmarks\quantum_circuits\two_qutrit\monomial_full__sup123_P201_ph102\E.npy
direct_basis_encoding,two_qutrit,two_qutrit,star,two_qutrit,2,2,4,sup123_P201_ph110,monomial,monomial_full,sup123_P201_ph110,False,True,17,46,63,43,,,0.882373,True,False,ok,,Converted from legacy E_new 4x3 isometry candidate.; Fidelity skipped because transpiled circuit has 128 qubits.,43,46.9,3.18,63,69.0,17,18.5,128,"{'rz': 20, 'cz': 14, 'sx': 13, 'rx': 13, 'rzz': 3}",10,10,0,C:\Users\szymon\QuditsOnQubits\QuditsOnQubits\basis_direct_encoding_benchmarks\quantum_circuits\two_qutrit\monomial_full__sup123_P201_ph110,C:\Users\szymon\QuditsOnQubits\QuditsOnQubits\basis_direct_encoding_benchmarks\quantum_circuits\two_qutrit\monomial_full__sup123_P201_ph110\F3_W.qpy,C:\Users\szymon\QuditsOnQubits\QuditsOnQubits\basis_direct_encoding_benchmarks\quantum_circuits\two_qutrit\monomial_full__sup123_P201_ph110\CZ3_W.qpy,C:\Users\szymon\QuditsOnQubits\QuditsOnQubits\basis_direct_encoding_benchmarks\quantum_circuits\two_qutrit\monomial_full__sup123_P201_ph110\graph_state_direct_basis.qpy,C:\Users\szymon\QuditsOnQubits\QuditsOnQubits\basis_direct_encoding_benchmarks\quantum_circuits\two_qutrit\monomial_full__sup123_P201_ph110\graph_state_direct_basis_transpiled.qpy,,C:\Users\szymon\QuditsOnQubits\QuditsOnQubits\basis_direct_encoding_benchmarks\quantum_circuits\two_qutrit\monomial_full__sup123_P201_ph110\E.npy
direct_basis_encoding,two_qutrit,two_qutrit,star,two_qutrit,2,2,4,sup123_P201_ph111,monomial,monomial_full,sup123_P201_ph111,False,True,17,44,61,42,,,1.022371,True,False,ok,,Converted from legacy E_new 4x3 isometry candidate.; Fidelity skipped because transpiled circuit has 128 qubits.,42,46.0,3.29,61,67.3,17,18.5,128,"{'rz': 18, 'cz': 14, 'sx': 13, 'rx': 13, 'rzz': 3}",10,10,0,C:\Users\szymon\QuditsOnQubits\QuditsOnQubits\basis_direct_encoding_benchmarks\quantum_circuits\two_qutrit\monomial_full__sup123_P201_ph111,C:\Users\szymon\QuditsOnQubits\QuditsOnQubits\basis_direct_encoding_benchmarks\quantum_circuits\two_qutrit\monomial_full__sup123_P201_ph111\F3_W.qpy,C:\Users\szymon\QuditsOnQubits\QuditsOnQubits\basis_direct_encoding_benchmarks\quantum_circuits\two_qutrit\monomial_full__sup123_P201_ph111\CZ3_W.qpy,C:\Users\szymon\QuditsOnQubits\QuditsOnQubits\basis_direct_encoding_benchmarks\quantum_circuits\two_qutrit\monomial_full__sup123_P201_ph111\graph_state_direct_basis.qpy,C:\Users\szymon\QuditsOnQubits\QuditsOnQubits\basis_direct_encoding_benchmarks\quantum_circuits\two_qutrit\monomial_full__sup123_P201_ph111\graph_state_direct_basis_transpiled.qpy,,C:\Users\szymon\QuditsOnQubits\QuditsOnQubits\basis_direct_encoding_benchmarks\quantum_circuits\two_qutrit\monomial_full__sup123_P201_ph111\E.npy
direct_basis_encoding,two_qutrit,two_qutrit,star,two_qutrit,2,2,4,sup123_P201_ph112,monomial,monomial_full,sup123_P201_ph112,False,True,17,46,63,43,,,0.972358,True,False,ok,,Converted from legacy E_new 4x3 isometry candidate.; Fidelity skipped because transpiled circuit has 128 qubits.,43,46.6,3.29,63,68.7,17,18.5,128,"{'rz': 20, 'cz': 14, 'sx': 13, 'rx': 13, 'rzz': 3}",10,10,0,C:\Users\szymon\QuditsOnQubits\QuditsOnQubits\basis_direct_encoding_benchmarks\quantum_circuits\two_qutrit\monomial_full__sup123_P201_ph112,C:\Users\szymon\QuditsOnQubits\QuditsOnQubits\basis_direct_encoding_benchmarks\quantum_circuits\two_qutrit\monomial_full__sup123_P201_ph112\F3_W.qpy,C:\Users\szymon\QuditsOnQubits\QuditsOnQubits\basis_direct_encoding_benchmarks\quantum_circuits\two_qutrit\monomial_full__sup123_P201_ph112\CZ3_W.qpy,C:\Users\szymon\QuditsOnQubits\QuditsOnQubits\basis_direct_encoding_benchmarks\quantum_circuits\two_qutrit\monomial_full__sup123_P201_ph112\graph_state_direct_basis.qpy,C:\Users\szymon\QuditsOnQubits\QuditsOnQubits\basis_direct_encoding_benchmarks\quantum_circuits\two_qutrit\monomial_full__sup123_P201_ph112\graph_state_direct_basis_transpiled.qpy,,C:\Users\szymon\QuditsOnQubits\QuditsOnQubits\basis_direct_encoding_benchmarks\quantum_circuits\two_qutrit\monomial_full__sup123_P201_ph112\E.npy
direct_basis_encoding,two_qutrit,two_qutrit,star,two_qutrit,2,2,4,sup123_P201_ph120,monomial,monomial_full,sup123_P201_ph120,False,True,17,44,61,43,,,0.94011,True,False,ok,,Converted from legacy E_new 4x3 isometry candidate.; Fidelity skipped because transpiled circuit has 128 qubits.,43,46.9,3.18,61,66.5,17,18.5,128,"{'rz': 18, 'cz': 14, 'sx': 13, 'rx': 13, 'rzz': 3}",10,10,0,C:\Users\szymon\QuditsOnQubits\QuditsOnQubits\basis_direct_encoding_benchmarks\quantum_circuits\two_qutrit\monomial_full__sup123_P201_ph120,C:\Users\szymon\QuditsOnQubits\QuditsOnQubits\basis_direct_encoding_benchmarks\quantum_circuits\two_qutrit\monomial_full__sup123_P201_ph120\F3_W.qpy,C:\Users\szymon\QuditsOnQubits\QuditsOnQubits\basis_direct_encoding_benchmarks\quantum_circuits\two_qutrit\monomial_full__sup123_P201_ph120\CZ3_W.qpy,C:\Users\szymon\QuditsOnQubits\QuditsOnQubits\basis_direct_encoding_benchmarks\quantum_circuits\two_qutrit\monomial_full__sup123_P201_ph120\graph_state_direct_basis.qpy,C:\Users\szymon\QuditsOnQubits\QuditsOnQubits\basis_direct_encoding_benchmarks\quantum_circuits\two_qutrit\monomial_full__sup123_P201_ph120\graph_state_direct_basis_transpiled.qpy,,C:\Users\szymon\QuditsOnQubits\QuditsOnQubits\basis_direct_encoding_benchmarks\quantum_circuits\two_qutrit\monomial_full__sup123_P201_ph120\E.npy
direct_basis_encoding,two_qutrit,two_qutrit,star,two_qutrit,2,2,4,sup123_P201_ph121,monomial,monomial_full,sup123_P201_ph121,False,True,17,45,62,43,,,0.897584,True,False,ok,,Converted from legacy E_new 4x3 isometry candidate.; Fidelity skipped because transpiled circuit has 128 qubits.,43,46.9,3.18,62,66.8,17,18.5,128,"{'rz': 18, 'rx': 14, 'cz': 14, 'sx': 13, 'rzz': 3}",10,10,0,C:\Users\szymon\QuditsOnQubits\QuditsOnQubits\basis_direct_encoding_benchmarks\quantum_circuits\two_qutrit\monomial_full__sup123_P201_ph121,C:\Users\szymon\QuditsOnQubits\QuditsOnQubits\basis_direct_encoding_benchmarks\quantum_circuits\two_qutrit\monomial_full__sup123_P201_ph121\F3_W.qpy,C:\Users\szymon\QuditsOnQubits\QuditsOnQubits\basis_direct_encoding_benchmarks\quantum_circuits\two_qutrit\monomial_full__sup123_P201_ph121\CZ3_W.qpy,C:\Users\szymon\QuditsOnQubits\QuditsOnQubits\basis_direct_encoding_benchmarks\quantum_circuits\two_qutrit\monomial_full__sup123_P201_ph121\graph_state_direct_basis.qpy,C:\Users\szymon\QuditsOnQubits\QuditsOnQubits\basis_direct_encoding_benchmarks\quantum_circuits\two_qutrit\monomial_full__sup123_P201_ph121\graph_state_direct_basis_transpiled.qpy,,C:\Users\szymon\QuditsOnQubits\QuditsOnQubits\basis_direct_encoding_benchmarks\quantum_circuits\two_qutrit\monomial_full__sup123_P201_ph121\E.npy
direct_basis_encoding,two_qutrit,two_qutrit,star,two_qutrit,2,2,4,sup123_P201_ph122,monomial,monomial_full,sup123_P201_ph122,False,True,17,42,59,42,,,0.963722,True,False,ok,,Converted from legacy E_new 4x3 isometry candidate.; Fidelity skipped because transpiled circuit has 128 qubits.,42,45.7,3.41,59,64.5,17,18.5,128,"{'rz': 16, 'cz': 14, 'sx': 13, 'rx': 13, 'rzz': 3}",10,10,0,C:\Users\szymon\QuditsOnQubits\QuditsOnQubits\basis_direct_encoding_benchmarks\quantum_circuits\two_qutrit\monomial_full__sup123_P201_ph122,C:\Users\szymon\QuditsOnQubits\QuditsOnQubits\basis_direct_encoding_benchmarks\quantum_circuits\two_qutrit\monomial_full__sup123_P201_ph122\F3_W.qpy,C:\Users\szymon\QuditsOnQubits\QuditsOnQubits\basis_direct_encoding_benchmarks\quantum_circuits\two_qutrit\monomial_full__sup123_P201_ph122\CZ3_W.qpy,C:\Users\szymon\QuditsOnQubits\QuditsOnQubits\basis_direct_encoding_benchmarks\quantum_circuits\two_qutrit\monomial_full__sup123_P201_ph122\graph_state_direct_basis.qpy,C:\Users\szymon\QuditsOnQubits\QuditsOnQubits\basis_direct_encoding_benchmarks\quantum_circuits\two_qutrit\monomial_full__sup123_P201_ph122\graph_state_direct_basis_transpiled.qpy,,C:\Users\szymon\QuditsOnQubits\QuditsOnQubits\basis_direct_encoding_benchmarks\quantum_circuits\two_qutrit\monomial_full__sup123_P201_ph122\E.npy
direct_basis_encoding,two_qutrit,two_qutrit,star,two_qutrit,2,2,4,sup123_P201_ph200,monomial,monomial_full,sup123_P201_ph200,False,True,17,44,61,42,,,0.834508,True,False,ok,,Converted from legacy E_new 4x3 isometry candidate.; Fidelity skipped because transpiled circuit has 128 qubits.,42,46.0,3.29,61,67.6,17,18.5,128,"{'rz': 18, 'cz': 14, 'sx': 13, 'rx': 13, 'rzz': 3}",10,10,0,C:\Users\szymon\QuditsOnQubits\QuditsOnQubits\basis_direct_encoding_benchmarks\quantum_circuits\two_qutrit\monomial_full__sup123_P201_ph200,C:\Users\szymon\QuditsOnQubits\QuditsOnQubits\basis_direct_encoding_benchmarks\quantum_circuits\two_qutrit\monomial_full__sup123_P201_ph200\F3_W.qpy,C:\Users\szymon\QuditsOnQubits\QuditsOnQubits\basis_direct_encoding_benchmarks\quantum_circuits\two_qutrit\monomial_full__sup123_P201_ph200\CZ3_W.qpy,C:\Users\szymon\QuditsOnQubits\QuditsOnQubits\basis_direct_encoding_benchmarks\quantum_circuits\two_qutrit\monomial_full__sup123_P201_ph200\graph_state_direct_basis.qpy,C:\Users\szymon\QuditsOnQubits\QuditsOnQubits\basis_direct_encoding_benchmarks\quantum_circuits\two_qutrit\monomial_full__sup123_P201_ph200\graph_state_direct_basis_transpiled.qpy,,C:\Users\szymon\QuditsOnQubits\QuditsOnQubits\basis_direct_encoding_benchmarks\quantum_circuits\two_qutrit\monomial_full__sup123_P201_ph200\E.npy
direct_basis_encoding,two_qutrit,two_qutrit,star,two_qutrit,2,2,4,sup123_P201_ph201,monomial,monomial_full,sup123_P201_ph201,False,True,17,46,63,43,,,0.984137,True,False,ok,,Converted from legacy E_new 4x3 isometry candidate.; Fidelity skipped because transpiled circuit has 128 qubits.,43,46.6,3.29,63,68.7,17,18.5,128,"{'rz': 20, 'cz': 14, 'sx': 13, 'rx': 13, 'rzz': 3}",10,10,0,C:\Users\szymon\QuditsOnQubits\QuditsOnQubits\basis_direct_encoding_benchmarks\quantum_circuits\two_qutrit\monomial_full__sup123_P201_ph201,C:\Users\szymon\QuditsOnQubits\QuditsOnQubits\basis_direct_encoding_benchmarks\quantum_circuits\two_qutrit\monomial_full__sup123_P201_ph201\F3_W.qpy,C:\Users\szymon\QuditsOnQubits\QuditsOnQubits\basis_direct_encoding_benchmarks\quantum_circuits\two_qutrit\monomial_full__sup123_P201_ph201\CZ3_W.qpy,C:\Users\szymon\QuditsOnQubits\QuditsOnQubits\basis_direct_encoding_benchmarks\quantum_circuits\two_qutrit\monomial_full__sup123_P201_ph201\graph_state_direct_basis.qpy,C:\Users\szymon\QuditsOnQubits\QuditsOnQubits\basis_direct_encoding_benchmarks\quantum_circuits\two_qutrit\monomial_full__sup123_P201_ph201\graph_state_direct_basis_transpiled.qpy,,C:\Users\szymon\QuditsOnQubits\QuditsOnQubits\basis_direct_encoding_benchmarks\quantum_circuits\two_qutrit\monomial_full__sup123_P201_ph201\E.npy
direct_basis_encoding,two_qutrit,two_qutrit,star,two_qutrit,2,2,4,sup123_P201_ph202,monomial,monomial_full,sup123_P201_ph202,False,True,17,46,63,43,,,1.299664,True,False,ok,,Converted from legacy E_new 4x3 isometry candidate.; Fidelity skipped because transpiled circuit has 128 qubits.,43,46.9,3.18,63,68.7,17,18.5,128,"{'rz': 20, 'cz': 14, 'sx': 13, 'rx': 13, 'rzz': 3}",10,10,0,C:\Users\szymon\QuditsOnQubits\QuditsOnQubits\basis_direct_encoding_benchmarks\quantum_circuits\two_qutrit\monomial_full__sup123_P201_ph202,C:\Users\szymon\QuditsOnQubits\QuditsOnQubits\basis_direct_encoding_benchmarks\quantum_circuits\two_qutrit\monomial_full__sup123_P201_ph202\F3_W.qpy,C:\Users\szymon\QuditsOnQubits\QuditsOnQubits\basis_direct_encoding_benchmarks\quantum_circuits\two_qutrit\monomial_full__sup123_P201_ph202\CZ3_W.qpy,C:\Users\szymon\QuditsOnQubits\QuditsOnQubits\basis_direct_encoding_benchmarks\quantum_circuits\two_qutrit\monomial_full__sup123_P201_ph202\graph_state_direct_basis.qpy,C:\Users\szymon\QuditsOnQubits\QuditsOnQubits\basis_direct_encoding_benchmarks\quantum_circuits\two_qutrit\monomial_full__sup123_P201_ph202\graph_state_direct_basis_transpiled.qpy,,C:\Users\szymon\QuditsOnQubits\QuditsOnQubits\basis_direct_encoding_benchmarks\quantum_circuits\two_qutrit\monomial_full__sup123_P201_ph202\E.npy
direct_basis_encoding,two_qutrit,two_qutrit,star,two_qutrit,2,2,4,sup123_P201_ph210,monomial,monomial_full,sup123_P201_ph210,False,True,17,44,61,43,,,1.068001,True,False,ok,,Converted from legacy E_new 4x3 isometry candidate.; Fidelity skipped because transpiled circuit has 128 qubits.,43,46.9,3.18,61,66.5,17,18.5,128,"{'rz': 18, 'cz': 14, 'sx': 13, 'rx': 13, 'rzz': 3}",10,10,0,C:\Users\szymon\QuditsOnQubits\QuditsOnQubits\basis_direct_encoding_benchmarks\quantum_circuits\two_qutrit\monomial_full__sup123_P201_ph210,C:\Users\szymon\QuditsOnQubits\QuditsOnQubits\basis_direct_encoding_benchmarks\quantum_circuits\two_qutrit\monomial_full__sup123_P201_ph210\F3_W.qpy,C:\Users\szymon\QuditsOnQubits\QuditsOnQubits\basis_direct_encoding_benchmarks\quantum_circuits\two_qutrit\monomial_full__sup123_P201_ph210\CZ3_W.qpy,C:\Users\szymon\QuditsOnQubits\QuditsOnQubits\basis_direct_encoding_benchmarks\quantum_circuits\two_qutrit\monomial_full__sup123_P201_ph210\graph_state_direct_basis.qpy,C:\Users\szymon\QuditsOnQubits\QuditsOnQubits\basis_direct_encoding_benchmarks\quantum_circuits\two_qutrit\monomial_full__sup123_P201_ph210\graph_state_direct_basis_transpiled.qpy,,C:\Users\szymon\QuditsOnQubits\QuditsOnQubits\basis_direct_encoding_benchmarks\quantum_circuits\two_qutrit\monomial_full__sup123_P201_ph210\E.npy
direct_basis_encoding,two_qutrit,two_qutrit,star,two_qutrit,2,2,4,sup123_P201_ph211,monomial,monomial_full,sup123_P201_ph211,False,True,17,43,60,42,,,1.056712,True,False,ok,,Converted from legacy E_new 4x3 isometry candidate.; Fidelity skipped because transpiled circuit has 128 qubits.,42,45.7,3.41,60,65.1,17,18.5,128,"{'rz': 16, 'rx': 14, 'cz': 14, 'sx': 13, 'rzz': 3}",10,10,0,C:\Users\szymon\QuditsOnQubits\QuditsOnQubits\basis_direct_encoding_benchmarks\quantum_circuits\two_qutrit\monomial_full__sup123_P201_ph211,C:\Users\szymon\QuditsOnQubits\QuditsOnQubits\basis_direct_encoding_benchmarks\quantum_circuits\two_qutrit\monomial_full__sup123_P201_ph211\F3_W.qpy,C:\Users\szymon\QuditsOnQubits\QuditsOnQubits\basis_direct_encoding_benchmarks\quantum_circuits\two_qutrit\monomial_full__sup123_P201_ph211\CZ3_W.qpy,C:\Users\szymon\QuditsOnQubits\QuditsOnQubits\basis_direct_encoding_benchmarks\quantum_circuits\two_qutrit\monomial_full__sup123_P201_ph211\graph_state_direct_basis.qpy,C:\Users\szymon\QuditsOnQubits\QuditsOnQubits\basis_direct_encoding_benchmarks\quantum_circuits\two_qutrit\monomial_full__sup123_P201_ph211\graph_state_direct_basis_transpiled.qpy,,C:\Users\szymon\QuditsOnQubits\QuditsOnQubits\basis_direct_encoding_benchmarks\quantum_circuits\two_qutrit\monomial_full__sup123_P201_ph211\E.npy
direct_basis_encoding,two_qutrit,two_qutrit,star,two_qutrit,2,2,4,sup123_P201_ph212,monomial,monomial_full,sup123_P201_ph212,False,True,17,44,61,43,,,1.168833,True,False,ok,,Converted from legacy E_new 4x3 isometry candidate.; Fidelity skipped because transpiled circuit has 128 qubits.,43,46.9,3.18,61,66.2,17,18.5,128,"{'rz': 18, 'cz': 14, 'sx': 13, 'rx': 13, 'rzz': 3}",10,10,0,C:\Users\szymon\QuditsOnQubits\QuditsOnQubits\basis_direct_encoding_benchmarks\quantum_circuits\two_qutrit\monomial_full__sup123_P201_ph212,C:\Users\szymon\QuditsOnQubits\QuditsOnQubits\basis_direct_encoding_benchmarks\quantum_circuits\two_qutrit\monomial_full__sup123_P201_ph212\F3_W.qpy,C:\Users\szymon\QuditsOnQubits\QuditsOnQubits\basis_direct_encoding_benchmarks\quantum_circuits\two_qutrit\monomial_full__sup123_P201_ph212\CZ3_W.qpy,C:\Users\szymon\QuditsOnQubits\QuditsOnQubits\basis_direct_encoding_benchmarks\quantum_circuits\two_qutrit\monomial_full__sup123_P201_ph212\graph_state_direct_basis.qpy,C:\Users\szymon\QuditsOnQubits\QuditsOnQubits\basis_direct_encoding_benchmarks\quantum_circuits\two_qutrit\monomial_full__sup123_P201_ph212\graph_state_direct_basis_transpiled.qpy,,C:\Users\szymon\QuditsOnQubits\QuditsOnQubits\basis_direct_encoding_benchmarks\quantum_circuits\two_qutrit\monomial_full__sup123_P201_ph212\E.npy
direct_basis_encoding,two_qutrit,two_qutrit,star,two_qutrit,2,2,4,sup123_P201_ph220,monomial,monomial_full,sup123_P201_ph220,False,True,17,47,64,43,,,1.33055,True,False,ok,,Converted from legacy E_new 4x3 isometry candidate.; Fidelity skipped because transpiled circuit has 128 qubits.,43,46.9,3.18,64,69.9,17,18.5,128,"{'rz': 20, 'rx': 14, 'cz': 14, 'sx': 13, 'rzz': 3}",10,10,0,C:\Users\szymon\QuditsOnQubits\QuditsOnQubits\basis_direct_encoding_benchmarks\quantum_circuits\two_qutrit\monomial_full__sup123_P201_ph220,C:\Users\szymon\QuditsOnQubits\QuditsOnQubits\basis_direct_encoding_benchmarks\quantum_circuits\two_qutrit\monomial_full__sup123_P201_ph220\F3_W.qpy,C:\Users\szymon\QuditsOnQubits\QuditsOnQubits\basis_direct_encoding_benchmarks\quantum_circuits\two_qutrit\monomial_full__sup123_P201_ph220\CZ3_W.qpy,C:\Users\szymon\QuditsOnQubits\QuditsOnQubits\basis_direct_encoding_benchmarks\quantum_circuits\two_qutrit\monomial_full__sup123_P201_ph220\graph_state_direct_basis.qpy,C:\Users\szymon\QuditsOnQubits\QuditsOnQubits\basis_direct_encoding_benchmarks\quantum_circuits\two_qutrit\monomial_full__sup123_P201_ph220\graph_state_direct_basis_transpiled.qpy,,C:\Users\szymon\QuditsOnQubits\QuditsOnQubits\basis_direct_encoding_benchmarks\quantum_circuits\two_qutrit\monomial_full__sup123_P201_ph220\E.npy
direct_basis_encoding,two_qutrit,two_qutrit,star,two_qutrit,2,2,4,sup123_P201_ph221,monomial,monomial_full,sup123_P201_ph221,False,True,17,47,64,43,,,1.078999,True,False,ok,,Converted from legacy E_new 4x3 isometry candidate.; Fidelity skipped because transpiled circuit has 128 qubits.,43,46.6,3.29,64,69.6,17,18.5,128,"{'rz': 20, 'rx': 14, 'cz': 14, 'sx': 13, 'rzz': 3}",10,10,0,C:\Users\szymon\QuditsOnQubits\QuditsOnQubits\basis_direct_encoding_benchmarks\quantum_circuits\two_qutrit\monomial_full__sup123_P201_ph221,C:\Users\szymon\QuditsOnQubits\QuditsOnQubits\basis_direct_encoding_benchmarks\quantum_circuits\two_qutrit\monomial_full__sup123_P201_ph221\F3_W.qpy,C:\Users\szymon\QuditsOnQubits\QuditsOnQubits\basis_direct_encoding_benchmarks\quantum_circuits\two_qutrit\monomial_full__sup123_P201_ph221\CZ3_W.qpy,C:\Users\szymon\QuditsOnQubits\QuditsOnQubits\basis_direct_encoding_benchmarks\quantum_circuits\two_qutrit\monomial_full__sup123_P201_ph221\graph_state_direct_basis.qpy,C:\Users\szymon\QuditsOnQubits\QuditsOnQubits\basis_direct_encoding_benchmarks\quantum_circuits\two_qutrit\monomial_full__sup123_P201_ph221\graph_state_direct_basis_transpiled.qpy,,C:\Users\szymon\QuditsOnQubits\QuditsOnQubits\basis_direct_encoding_benchmarks\quantum_circuits\two_qutrit\monomial_full__sup123_P201_ph221\E.npy
direct_basis_encoding,two_qutrit,two_qutrit,star,two_qutrit,2,2,4,sup123_P201_ph222,monomial,monomial_full,sup123_P201_ph222,False,True,17,45,62,42,,,0.98406,True,False,ok,,Converted from legacy E_new 4x3 isometry candidate.; Fidelity skipped because transpiled circuit has 128 qubits.,42,46.0,3.29,62,67.6,17,18.5,128,"{'rz': 18, 'rx': 14, 'cz': 14, 'sx': 13, 'rzz': 3}",10,10,0,C:\Users\szymon\QuditsOnQubits\QuditsOnQubits\basis_direct_encoding_benchmarks\quantum_circuits\two_qutrit\monomial_full__sup123_P201_ph222,C:\Users\szymon\QuditsOnQubits\QuditsOnQubits\basis_direct_encoding_benchmarks\quantum_circuits\two_qutrit\monomial_full__sup123_P201_ph222\F3_W.qpy,C:\Users\szymon\QuditsOnQubits\QuditsOnQubits\basis_direct_encoding_benchmarks\quantum_circuits\two_qutrit\monomial_full__sup123_P201_ph222\CZ3_W.qpy,C:\Users\szymon\QuditsOnQubits\QuditsOnQubits\basis_direct_encoding_benchmarks\quantum_circuits\two_qutrit\monomial_full__sup123_P201_ph222\graph_state_direct_basis.qpy,C:\Users\szymon\QuditsOnQubits\QuditsOnQubits\basis_direct_encoding_benchmarks\quantum_circuits\two_qutrit\monomial_full__sup123_P201_ph222\graph_state_direct_basis_transpiled.qpy,,C:\Users\szymon\QuditsOnQubits\QuditsOnQubits\basis_direct_encoding_benchmarks\quantum_circuits\two_qutrit\monomial_full__sup123_P201_ph222\E.npy
direct_basis_encoding,two_qutrit,two_qutrit,star,two_qutrit,2,2,4,sup123_P210_ph000,monomial,monomial_full,sup123_P210_ph000,False,True,16,36,52,41,,,0.833091,True,False,ok,,Converted from legacy E_new 4x3 isometry candidate.; Fidelity skipped because transpiled circuit has 128 qubits.,41,41.0,0.0,52,53.0,16,16.0,128,"{'cz': 15, 'rz': 13, 'sx': 12, 'rx': 11, 'rzz': 1}",10,10,0,C:\Users\szymon\QuditsOnQubits\QuditsOnQubits\basis_direct_encoding_benchmarks\quantum_circuits\two_qutrit\monomial_full__sup123_P210_ph000,C:\Users\szymon\QuditsOnQubits\QuditsOnQubits\basis_direct_encoding_benchmarks\quantum_circuits\two_qutrit\monomial_full__sup123_P210_ph000\F3_W.qpy,C:\Users\szymon\QuditsOnQubits\QuditsOnQubits\basis_direct_encoding_benchmarks\quantum_circuits\two_qutrit\monomial_full__sup123_P210_ph000\CZ3_W.qpy,C:\Users\szymon\QuditsOnQubits\QuditsOnQubits\basis_direct_encoding_benchmarks\quantum_circuits\two_qutrit\monomial_full__sup123_P210_ph000\graph_state_direct_basis.qpy,C:\Users\szymon\QuditsOnQubits\QuditsOnQubits\basis_direct_encoding_benchmarks\quantum_circuits\two_qutrit\monomial_full__sup123_P210_ph000\graph_state_direct_basis_transpiled.qpy,,C:\Users\szymon\QuditsOnQubits\QuditsOnQubits\basis_direct_encoding_benchmarks\quantum_circuits\two_qutrit\monomial_full__sup123_P210_ph000\E.npy
direct_basis_encoding,two_qutrit,two_qutrit,star,two_qutrit,2,2,4,sup123_P210_ph001,monomial,monomial_full,sup123_P210_ph001,False,True,16,38,54,41,,,1.004963,True,False,ok,,Converted from legacy E_new 4x3 isometry candidate.; Fidelity skipped because transpiled circuit has 128 qubits.,41,41.5,0.5,54,53.5,16,16.0,128,"{'cz': 15, 'rz': 14, 'rx': 12, 'sx': 12, 'rzz': 1}",10,10,0,C:\Users\szymon\QuditsOnQubits\QuditsOnQubits\basis_direct_encoding_benchmarks\quantum_circuits\two_qutrit\monomial_full__sup123_P210_ph001,C:\Users\szymon\QuditsOnQubits\QuditsOnQubits\basis_direct_encoding_benchmarks\quantum_circuits\two_qutrit\monomial_full__sup123_P210_ph001\F3_W.qpy,C:\Users\szymon\QuditsOnQubits\QuditsOnQubits\basis_direct_encoding_benchmarks\quantum_circuits\two_qutrit\monomial_full__sup123_P210_ph001\CZ3_W.qpy,C:\Users\szymon\QuditsOnQubits\QuditsOnQubits\basis_direct_encoding_benchmarks\quantum_circuits\two_qutrit\monomial_full__sup123_P210_ph001\graph_state_direct_basis.qpy,C:\Users\szymon\QuditsOnQubits\QuditsOnQubits\basis_direct_encoding_benchmarks\quantum_circuits\two_qutrit\monomial_full__sup123_P210_ph001\graph_state_direct_basis_transpiled.qpy,,C:\Users\szymon\QuditsOnQubits\QuditsOnQubits\basis_direct_encoding_benchmarks\quantum_circuits\two_qutrit\monomial_full__sup123_P210_ph001\E.npy
direct_basis_encoding,two_qutrit,two_qutrit,star,two_qutrit,2,2,4,sup123_P210_ph002,monomial,monomial_full,sup123_P210_ph002,False,True,16,38,54,41,,,0.97424,True,False,ok,,Converted from legacy E_new 4x3 isometry candidate.; Fidelity skipped because transpiled circuit has 128 qubits.,41,41.5,0.5,54,53.5,16,16.0,128,"{'cz': 15, 'rz': 14, 'rx': 12, 'sx': 12, 'rzz': 1}",10,10,0,C:\Users\szymon\QuditsOnQubits\QuditsOnQubits\basis_direct_encoding_benchmarks\quantum_circuits\two_qutrit\monomial_full__sup123_P210_ph002,C:\Users\szymon\QuditsOnQubits\QuditsOnQubits\basis_direct_encoding_benchmarks\quantum_circuits\two_qutrit\monomial_full__sup123_P210_ph002\F3_W.qpy,C:\Users\szymon\QuditsOnQubits\QuditsOnQubits\basis_direct_encoding_benchmarks\quantum_circuits\two_qutrit\monomial_full__sup123_P210_ph002\CZ3_W.qpy,C:\Users\szymon\QuditsOnQubits\QuditsOnQubits\basis_direct_encoding_benchmarks\quantum_circuits\two_qutrit\monomial_full__sup123_P210_ph002\graph_state_direct_basis.qpy,C:\Users\szymon\QuditsOnQubits\QuditsOnQubits\basis_direct_encoding_benchmarks\quantum_circuits\two_qutrit\monomial_full__sup123_P210_ph002\graph_state_direct_basis_transpiled.qpy,,C:\Users\szymon\QuditsOnQubits\QuditsOnQubits\basis_direct_encoding_benchmarks\quantum_circuits\two_qutrit\monomial_full__sup123_P210_ph002\E.npy
direct_basis_encoding,two_qutrit,two_qutrit,star,two_qutrit,2,2,4,sup123_P210_ph010,monomial,monomial_full,sup123_P210_ph010,False,True,16,39,55,42,,,0.735108,True,False,ok,,Converted from legacy E_new 4x3 isometry candidate.; Fidelity skipped because transpiled circuit has 128 qubits.,42,42.0,0.0,55,56.0,16,16.0,128,"{'rz': 16, 'cz': 15, 'sx': 12, 'rx': 11, 'rzz': 1}",10,10,0,C:\Users\szymon\QuditsOnQubits\QuditsOnQubits\basis_direct_encoding_benchmarks\quantum_circuits\two_qutrit\monomial_full__sup123_P210_ph010,C:\Users\szymon\QuditsOnQubits\QuditsOnQubits\basis_direct_encoding_benchmarks\quantum_circuits\two_qutrit\monomial_full__sup123_P210_ph010\F3_W.qpy,C:\Users\szymon\QuditsOnQubits\QuditsOnQubits\basis_direct_encoding_benchmarks\quantum_circuits\two_qutrit\monomial_full__sup123_P210_ph010\CZ3_W.qpy,C:\Users\szymon\QuditsOnQubits\QuditsOnQubits\basis_direct_encoding_benchmarks\quantum_circuits\two_qutrit\monomial_full__sup123_P210_ph010\graph_state_direct_basis.qpy,C:\Users\szymon\QuditsOnQubits\QuditsOnQubits\basis_direct_encoding_benchmarks\quantum_circuits\two_qutrit\monomial_full__sup123_P210_ph010\graph_state_direct_basis_transpiled.qpy,,C:\Users\szymon\QuditsOnQubits\QuditsOnQubits\basis_direct_encoding_benchmarks\quantum_circuits\two_qutrit\monomial_full__sup123_P210_ph010\E.npy
direct_basis_encoding,two_qutrit,two_qutrit,star,two_qutrit,2,2,4,sup123_P210_ph011,monomial,monomial_full,sup123_P210_ph011,False,True,16,40,56,41,,,0.834004,True,False,ok,,Converted from legacy E_new 4x3 isometry candidate.; Fidelity skipped because transpiled circuit has 128 qubits.,41,41.5,0.5,56,55.5,16,16.0,128,"{'rz': 16, 'cz': 15, 'rx': 12, 'sx': 12, 'rzz': 1}",10,10,0,C:\Users\szymon\QuditsOnQubits\QuditsOnQubits\basis_direct_encoding_benchmarks\quantum_circuits\two_qutrit\monomial_full__sup123_P210_ph011,C:\Users\szymon\QuditsOnQubits\QuditsOnQubits\basis_direct_encoding_benchmarks\quantum_circuits\two_qutrit\monomial_full__sup123_P210_ph011\F3_W.qpy,C:\Users\szymon\QuditsOnQubits\QuditsOnQubits\basis_direct_encoding_benchmarks\quantum_circuits\two_qutrit\monomial_full__sup123_P210_ph011\CZ3_W.qpy,C:\Users\szymon\QuditsOnQubits\QuditsOnQubits\basis_direct_encoding_benchmarks\quantum_circuits\two_qutrit\monomial_full__sup123_P210_ph011\graph_state_direct_basis.qpy,C:\Users\szymon\QuditsOnQubits\QuditsOnQubits\basis_direct_encoding_benchmarks\quantum_circuits\two_qutrit\monomial_full__sup123_P210_ph011\graph_state_direct_basis_transpiled.qpy,,C:\Users\szymon\QuditsOnQubits\QuditsOnQubits\basis_direct_encoding_benchmarks\quantum_circuits\two_qutrit\monomial_full__sup123_P210_ph011\E.npy
direct_basis_encoding,two_qutrit,two_qutrit,star,two_qutrit,2,2,4,sup123_P210_ph012,monomial,monomial_full,sup123_P210_ph012,False,True,16,41,57,42,,,0.917983,True,False,ok,,Converted from legacy E_new 4x3 isometry candidate.; Fidelity skipped because transpiled circuit has 128 qubits.,42,42.5,0.5,57,57.0,16,16.0,128,"{'rz': 17, 'cz': 15, 'rx': 12, 'sx': 12, 'rzz': 1}",10,10,0,C:\Users\szymon\QuditsOnQubits\QuditsOnQubits\basis_direct_encoding_benchmarks\quantum_circuits\two_qutrit\monomial_full__sup123_P210_ph012,C:\Users\szymon\QuditsOnQubits\QuditsOnQubits\basis_direct_encoding_benchmarks\quantum_circuits\two_qutrit\monomial_full__sup123_P210_ph012\F3_W.qpy,C:\Users\szymon\QuditsOnQubits\QuditsOnQubits\basis_direct_encoding_benchmarks\quantum_circuits\two_qutrit\monomial_full__sup123_P210_ph012\CZ3_W.qpy,C:\Users\szymon\QuditsOnQubits\QuditsOnQubits\basis_direct_encoding_benchmarks\quantum_circuits\two_qutrit\monomial_full__sup123_P210_ph012\graph_state_direct_basis.qpy,C:\Users\szymon\QuditsOnQubits\QuditsOnQubits\basis_direct_encoding_benchmarks\quantum_circuits\two_qutrit\monomial_full__sup123_P210_ph012\graph_state_direct_basis_transpiled.qpy,,C:\Users\szymon\QuditsOnQubits\QuditsOnQubits\basis_direct_encoding_benchmarks\quantum_circuits\two_qutrit\monomial_full__sup123_P210_ph012\E.npy
direct_basis_encoding,two_qutrit,two_qutrit,star,two_qutrit,2,2,4,sup123_P210_ph020,monomial,monomial_full,sup123_P210_ph020,False,True,16,39,55,42,,,0.827737,True,False,ok,,Converted from legacy E_new 4x3 isometry candidate.; Fidelity skipped because transpiled circuit has 128 qubits.,42,42.0,0.0,55,56.0,16,16.0,128,"{'rz': 16, 'cz': 15, 'sx': 12, 'rx': 11, 'rzz': 1}",10,10,0,C:\Users\szymon\QuditsOnQubits\QuditsOnQubits\basis_direct_encoding_benchmarks\quantum_circuits\two_qutrit\monomial_full__sup123_P210_ph020,C:\Users\szymon\QuditsOnQubits\QuditsOnQubits\basis_direct_encoding_benchmarks\quantum_circuits\two_qutrit\monomial_full__sup123_P210_ph020\F3_W.qpy,C:\Users\szymon\QuditsOnQubits\QuditsOnQubits\basis_direct_encoding_benchmarks\quantum_circuits\two_qutrit\monomial_full__sup123_P210_ph020\CZ3_W.qpy,C:\Users\szymon\QuditsOnQubits\QuditsOnQubits\basis_direct_encoding_benchmarks\quantum_circuits\two_qutrit\monomial_full__sup123_P210_ph020\graph_state_direct_basis.qpy,C:\Users\szymon\QuditsOnQubits\QuditsOnQubits\basis_direct_encoding_benchmarks\quantum_circuits\two_qutrit\monomial_full__sup123_P210_ph020\graph_state_direct_basis_transpiled.qpy,,C:\Users\szymon\QuditsOnQubits\QuditsOnQubits\basis_direct_encoding_benchmarks\quantum_circuits\two_qutrit\monomial_full__sup123_P210_ph020\E.npy
direct_basis_encoding,two_qutrit,two_qutrit,star,two_qutrit,2,2,4,sup123_P210_ph021,monomial,monomial_full,sup123_P210_ph021,False,True,16,41,57,42,,,0.8839,True,False,ok,,Converted from legacy E_new 4x3 isometry candidate.; Fidelity skipped because transpiled circuit has 128 qubits.,42,42.5,0.5,57,56.5,16,16.0,128,"{'rz': 17, 'cz': 15, 'rx': 12, 'sx': 12, 'rzz': 1}",10,10,0,C:\Users\szymon\QuditsOnQubits\QuditsOnQubits\basis_direct_encoding_benchmarks\quantum_circuits\two_qutrit\monomial_full__sup123_P210_ph021,C:\Users\szymon\QuditsOnQubits\QuditsOnQubits\basis_direct_encoding_benchmarks\quantum_circuits\two_qutrit\monomial_full__sup123_P210_ph021\F3_W.qpy,C:\Users\szymon\QuditsOnQubits\QuditsOnQubits\basis_direct_encoding_benchmarks\quantum_circuits\two_qutrit\monomial_full__sup123_P210_ph021\CZ3_W.qpy,C:\Users\szymon\QuditsOnQubits\QuditsOnQubits\basis_direct_encoding_benchmarks\quantum_circuits\two_qutrit\monomial_full__sup123_P210_ph021\graph_state_direct_basis.qpy,C:\Users\szymon\QuditsOnQubits\QuditsOnQubits\basis_direct_encoding_benchmarks\quantum_circuits\two_qutrit\monomial_full__sup123_P210_ph021\graph_state_direct_basis_transpiled.qpy,,C:\Users\szymon\QuditsOnQubits\QuditsOnQubits\basis_direct_encoding_benchmarks\quantum_circuits\two_qutrit\monomial_full__sup123_P210_ph021\E.npy
direct_basis_encoding,two_qutrit,two_qutrit,star,two_qutrit,2,2,4,sup123_P210_ph022,monomial,monomial_full,sup123_P210_ph022,False,True,16,40,56,41,,,0.827566,True,False,ok,,Converted from legacy E_new 4x3 isometry candidate.; Fidelity skipped because transpiled circuit has 128 qubits.,41,41.5,0.5,56,56.0,16,16.0,128,"{'rz': 16, 'cz': 15, 'rx': 12, 'sx': 12, 'rzz': 1}",10,10,0,C:\Users\szymon\QuditsOnQubits\QuditsOnQubits\basis_direct_encoding_benchmarks\quantum_circuits\two_qutrit\monomial_full__sup123_P210_ph022,C:\Users\szymon\QuditsOnQubits\QuditsOnQubits\basis_direct_encoding_benchmarks\quantum_circuits\two_qutrit\monomial_full__sup123_P210_ph022\F3_W.qpy,C:\Users\szymon\QuditsOnQubits\QuditsOnQubits\basis_direct_encoding_benchmarks\quantum_circuits\two_qutrit\monomial_full__sup123_P210_ph022\CZ3_W.qpy,C:\Users\szymon\QuditsOnQubits\QuditsOnQubits\basis_direct_encoding_benchmarks\quantum_circuits\two_qutrit\monomial_full__sup123_P210_ph022\graph_state_direct_basis.qpy,C:\Users\szymon\QuditsOnQubits\QuditsOnQubits\basis_direct_encoding_benchmarks\quantum_circuits\two_qutrit\monomial_full__sup123_P210_ph022\graph_state_direct_basis_transpiled.qpy,,C:\Users\szymon\QuditsOnQubits\QuditsOnQubits\basis_direct_encoding_benchmarks\quantum_circuits\two_qutrit\monomial_full__sup123_P210_ph022\E.npy
direct_basis_encoding,two_qutrit,two_qutrit,star,two_qutrit,2,2,4,sup123_P210_ph100,monomial,monomial_full,sup123_P210_ph100,False,True,16,40,56,41,,,0.879859,True,False,ok,,Converted from legacy E_new 4x3 isometry candidate.; Fidelity skipped because transpiled circuit has 128 qubits.,41,41.5,0.5,56,56.0,16,16.0,128,"{'rz': 16, 'cz': 15, 'rx': 12, 'sx': 12, 'rzz': 1}",10,10,0,C:\Users\szymon\QuditsOnQubits\QuditsOnQubits\basis_direct_encoding_benchmarks\quantum_circuits\two_qutrit\monomial_full__sup123_P210_ph100,C:\Users\szymon\QuditsOnQubits\QuditsOnQubits\basis_direct_encoding_benchmarks\quantum_circuits\two_qutrit\monomial_full__sup123_P210_ph100\F3_W.qpy,C:\Users\szymon\QuditsOnQubits\QuditsOnQubits\basis_direct_encoding_benchmarks\quantum_circuits\two_qutrit\monomial_full__sup123_P210_ph100\CZ3_W.qpy,C:\Users\szymon\QuditsOnQubits\QuditsOnQubits\basis_direct_encoding_benchmarks\quantum_circuits\two_qutrit\monomial_full__sup123_P210_ph100\graph_state_direct_basis.qpy,C:\Users\szymon\QuditsOnQubits\QuditsOnQubits\basis_direct_encoding_benchmarks\quantum_circuits\two_qutrit\monomial_full__sup123_P210_ph100\graph_state_direct_basis_transpiled.qpy,,C:\Users\szymon\QuditsOnQubits\QuditsOnQubits\basis_direct_encoding_benchmarks\quantum_circuits\two_qutrit\monomial_full__sup123_P210_ph100\E.npy
direct_basis_encoding,two_qutrit,two_qutrit,star,two_qutrit,2,2,4,sup123_P210_ph101,monomial,monomial_full,sup123_P210_ph101,False,True,16,41,57,42,,,0.959239,True,False,ok,,Converted from legacy E_new 4x3 isometry candidate.; Fidelity skipped because transpiled circuit has 128 qubits.,42,42.5,0.5,57,56.5,16,16.0,128,"{'rz': 17, 'cz': 15, 'rx': 12, 'sx': 12, 'rzz': 1}",10,10,0,C:\Users\szymon\QuditsOnQubits\QuditsOnQubits\basis_direct_encoding_benchmarks\quantum_circuits\two_qutrit\monomial_full__sup123_P210_ph101,C:\Users\szymon\QuditsOnQubits\QuditsOnQubits\basis_direct_encoding_benchmarks\quantum_circuits\two_qutrit\monomial_full__sup123_P210_ph101\F3_W.qpy,C:\Users\szymon\QuditsOnQubits\QuditsOnQubits\basis_direct_encoding_benchmarks\quantum_circuits\two_qutrit\monomial_full__sup123_P210_ph101\CZ3_W.qpy,C:\Users\szymon\QuditsOnQubits\QuditsOnQubits\basis_direct_encoding_benchmarks\quantum_circuits\two_qutrit\monomial_full__sup123_P210_ph101\graph_state_direct_basis.qpy,C:\Users\szymon\QuditsOnQubits\QuditsOnQubits\basis_direct_encoding_benchmarks\quantum_circuits\two_qutrit\monomial_full__sup123_P210_ph101\graph_state_direct_basis_transpiled.qpy,,C:\Users\szymon\QuditsOnQubits\QuditsOnQubits\basis_direct_encoding_benchmarks\quantum_circuits\two_qutrit\monomial_full__sup123_P210_ph101\E.npy
direct_basis_encoding,two_qutrit,two_qutrit,star,two_qutrit,2,2,4,sup123_P210_ph102,monomial,monomial_full,sup123_P210_ph102,False,True,16,39,55,42,,,0.980782,True,False,ok,,Converted from legacy E_new 4x3 isometry candidate.; Fidelity skipped because transpiled circuit has 128 qubits.,42,42.0,0.0,55,56.0,16,16.0,128,"{'rz': 16, 'cz': 15, 'sx': 12, 'rx': 11, 'rzz': 1}",10,10,0,C:\Users\szymon\QuditsOnQubits\QuditsOnQubits\basis_direct_encoding_benchmarks\quantum_circuits\two_qutrit\monomial_full__sup123_P210_ph102,C:\Users\szymon\QuditsOnQubits\QuditsOnQubits\basis_direct_encoding_benchmarks\quantum_circuits\two_qutrit\monomial_full__sup123_P210_ph102\F3_W.qpy,C:\Users\szymon\QuditsOnQubits\QuditsOnQubits\basis_direct_encoding_benchmarks\quantum_circuits\two_qutrit\monomial_full__sup123_P210_ph102\CZ3_W.qpy,C:\Users\szymon\QuditsOnQubits\QuditsOnQubits\basis_direct_encoding_benchmarks\quantum_circuits\two_qutrit\monomial_full__sup123_P210_ph102\graph_state_direct_basis.qpy,C:\Users\szymon\QuditsOnQubits\QuditsOnQubits\basis_direct_encoding_benchmarks\quantum_circuits\two_qutrit\monomial_full__sup123_P210_ph102\graph_state_direct_basis_transpiled.qpy,,C:\Users\szymon\QuditsOnQubits\QuditsOnQubits\basis_direct_encoding_benchmarks\quantum_circuits\two_qutrit\monomial_full__sup123_P210_ph102\E.npy
direct_basis_encoding,two_qutrit,two_qutrit,star,two_qutrit,2,2,4,sup123_P210_ph110,monomial,monomial_full,sup123_P210_ph110,False,True,16,41,57,42,,,0.955415,True,False,ok,,Converted from legacy E_new 4x3 isometry candidate.; Fidelity skipped because transpiled circuit has 128 qubits.,42,42.5,0.5,57,57.0,16,16.0,128,"{'rz': 17, 'cz': 15, 'rx': 12, 'sx': 12, 'rzz': 1}",10,10,0,C:\Users\szymon\QuditsOnQubits\QuditsOnQubits\basis_direct_encoding_benchmarks\quantum_circuits\two_qutrit\monomial_full__sup123_P210_ph110,C:\Users\szymon\QuditsOnQubits\QuditsOnQubits\basis_direct_encoding_benchmarks\quantum_circuits\two_qutrit\monomial_full__sup123_P210_ph110\F3_W.qpy,C:\Users\szymon\QuditsOnQubits\QuditsOnQubits\basis_direct_encoding_benchmarks\quantum_circuits\two_qutrit\monomial_full__sup123_P210_ph110\CZ3_W.qpy,C:\Users\szymon\QuditsOnQubits\QuditsOnQubits\basis_direct_encoding_benchmarks\quantum_circuits\two_qutrit\monomial_full__sup123_P210_ph110\graph_state_direct_basis.qpy,C:\Users\szymon\QuditsOnQubits\QuditsOnQubits\basis_direct_encoding_benchmarks\quantum_circuits\two_qutrit\monomial_full__sup123_P210_ph110\graph_state_direct_basis_transpiled.qpy,,C:\Users\szymon\QuditsOnQubits\QuditsOnQubits\basis_direct_encoding_benchmarks\quantum_circuits\two_qutrit\monomial_full__sup123_P210_ph110\E.npy
direct_basis_encoding,two_qutrit,two_qutrit,star,two_qutrit,2,2,4,sup123_P210_ph111,monomial,monomial_full,sup123_P210_ph111,False,True,16,40,56,41,,,0.835856,True,False,ok,,Converted from legacy E_new 4x3 isometry candidate.; Fidelity skipped because transpiled circuit has 128 qubits.,41,41.5,0.5,56,56.0,16,16.0,128,"{'rz': 16, 'cz': 15, 'rx': 12, 'sx': 12, 'rzz': 1}",10,10,0,C:\Users\szymon\QuditsOnQubits\QuditsOnQubits\basis_direct_encoding_benchmarks\quantum_circuits\two_qutrit\monomial_full__sup123_P210_ph111,C:\Users\szymon\QuditsOnQubits\QuditsOnQubits\basis_direct_encoding_benchmarks\quantum_circuits\two_qutrit\monomial_full__sup123_P210_ph111\F3_W.qpy,C:\Users\szymon\QuditsOnQubits\QuditsOnQubits\basis_direct_encoding_benchmarks\quantum_circuits\two_qutrit\monomial_full__sup123_P210_ph111\CZ3_W.qpy,C:\Users\szymon\QuditsOnQubits\QuditsOnQubits\basis_direct_encoding_benchmarks\quantum_circuits\two_qutrit\monomial_full__sup123_P210_ph111\graph_state_direct_basis.qpy,C:\Users\szymon\QuditsOnQubits\QuditsOnQubits\basis_direct_encoding_benchmarks\quantum_circuits\two_qutrit\monomial_full__sup123_P210_ph111\graph_state_direct_basis_transpiled.qpy,,C:\Users\szymon\QuditsOnQubits\QuditsOnQubits\basis_direct_encoding_benchmarks\quantum_circuits\two_qutrit\monomial_full__sup123_P210_ph111\E.npy
direct_basis_encoding,two_qutrit,two_qutrit,star,two_qutrit,2,2,4,sup123_P210_ph112,monomial,monomial_full,sup123_P210_ph112,False,True,16,40,56,42,,,0.834033,True,False,ok,,Converted from legacy E_new 4x3 isometry candidate.; Fidelity skipped because transpiled circuit has 128 qubits.,42,42.0,0.0,56,56.5,16,16.0,128,"{'rz': 16, 'cz': 15, 'sx': 12, 'rx': 12, 'rzz': 1}",10,10,0,C:\Users\szymon\QuditsOnQubits\QuditsOnQubits\basis_direct_encoding_benchmarks\quantum_circuits\two_qutrit\monomial_full__sup123_P210_ph112,C:\Users\szymon\QuditsOnQubits\QuditsOnQubits\basis_direct_encoding_benchmarks\quantum_circuits\two_qutrit\monomial_full__sup123_P210_ph112\F3_W.qpy,C:\Users\szymon\QuditsOnQubits\QuditsOnQubits\basis_direct_encoding_benchmarks\quantum_circuits\two_qutrit\monomial_full__sup123_P210_ph112\CZ3_W.qpy,C:\Users\szymon\QuditsOnQubits\QuditsOnQubits\basis_direct_encoding_benchmarks\quantum_circuits\two_qutrit\monomial_full__sup123_P210_ph112\graph_state_direct_basis.qpy,C:\Users\szymon\QuditsOnQubits\QuditsOnQubits\basis_direct_encoding_benchmarks\quantum_circuits\two_qutrit\monomial_full__sup123_P210_ph112\graph_state_direct_basis_transpiled.qpy,,C:\Users\szymon\QuditsOnQubits\QuditsOnQubits\basis_direct_encoding_benchmarks\quantum_circuits\two_qutrit\monomial_full__sup123_P210_ph112\E.npy
direct_basis_encoding,two_qutrit,two_qutrit,star,two_qutrit,2,2,4,sup123_P210_ph120,monomial,monomial_full,sup123_P210_ph120,False,True,16,38,54,41,,,0.887687,True,False,ok,,Converted from legacy E_new 4x3 isometry candidate.; Fidelity skipped because transpiled circuit has 128 qubits.,41,41.5,0.5,54,54.0,16,16.0,128,"{'cz': 15, 'rz': 14, 'rx': 12, 'sx': 12, 'rzz': 1}",10,10,0,C:\Users\szymon\QuditsOnQubits\QuditsOnQubits\basis_direct_encoding_benchmarks\quantum_circuits\two_qutrit\monomial_full__sup123_P210_ph120,C:\Users\szymon\QuditsOnQubits\QuditsOnQubits\basis_direct_encoding_benchmarks\quantum_circuits\two_qutrit\monomial_full__sup123_P210_ph120\F3_W.qpy,C:\Users\szymon\QuditsOnQubits\QuditsOnQubits\basis_direct_encoding_benchmarks\quantum_circuits\two_qutrit\monomial_full__sup123_P210_ph120\CZ3_W.qpy,C:\Users\szymon\QuditsOnQubits\QuditsOnQubits\basis_direct_encoding_benchmarks\quantum_circuits\two_qutrit\monomial_full__sup123_P210_ph120\graph_state_direct_basis.qpy,C:\Users\szymon\QuditsOnQubits\QuditsOnQubits\basis_direct_encoding_benchmarks\quantum_circuits\two_qutrit\monomial_full__sup123_P210_ph120\graph_state_direct_basis_transpiled.qpy,,C:\Users\szymon\QuditsOnQubits\QuditsOnQubits\basis_direct_encoding_benchmarks\quantum_circuits\two_qutrit\monomial_full__sup123_P210_ph120\E.npy
direct_basis_encoding,two_qutrit,two_qutrit,star,two_qutrit,2,2,4,sup123_P210_ph121,monomial,monomial_full,sup123_P210_ph121,False,True,16,38,54,41,,,0.823613,True,False,ok,,Converted from legacy E_new 4x3 isometry candidate.; Fidelity skipped because transpiled circuit has 128 qubits.,41,41.5,0.5,54,54.0,16,16.0,128,"{'cz': 15, 'rz': 14, 'rx': 12, 'sx': 12, 'rzz': 1}",10,10,0,C:\Users\szymon\QuditsOnQubits\QuditsOnQubits\basis_direct_encoding_benchmarks\quantum_circuits\two_qutrit\monomial_full__sup123_P210_ph121,C:\Users\szymon\QuditsOnQubits\QuditsOnQubits\basis_direct_encoding_benchmarks\quantum_circuits\two_qutrit\monomial_full__sup123_P210_ph121\F3_W.qpy,C:\Users\szymon\QuditsOnQubits\QuditsOnQubits\basis_direct_encoding_benchmarks\quantum_circuits\two_qutrit\monomial_full__sup123_P210_ph121\CZ3_W.qpy,C:\Users\szymon\QuditsOnQubits\QuditsOnQubits\basis_direct_encoding_benchmarks\quantum_circuits\two_qutrit\monomial_full__sup123_P210_ph121\graph_state_direct_basis.qpy,C:\Users\szymon\QuditsOnQubits\QuditsOnQubits\basis_direct_encoding_benchmarks\quantum_circuits\two_qutrit\monomial_full__sup123_P210_ph121\graph_state_direct_basis_transpiled.qpy,,C:\Users\szymon\QuditsOnQubits\QuditsOnQubits\basis_direct_encoding_benchmarks\quantum_circuits\two_qutrit\monomial_full__sup123_P210_ph121\E.npy
direct_basis_encoding,two_qutrit,two_qutrit,star,two_qutrit,2,2,4,sup123_P210_ph122,monomial,monomial_full,sup123_P210_ph122,False,True,16,37,53,41,,,0.895878,True,False,ok,,Converted from legacy E_new 4x3 isometry candidate.; Fidelity skipped because transpiled circuit has 128 qubits.,41,41.0,0.0,53,53.5,16,16.0,128,"{'cz': 15, 'rz': 13, 'sx': 12, 'rx': 12, 'rzz': 1}",10,10,0,C:\Users\szymon\QuditsOnQubits\QuditsOnQubits\basis_direct_encoding_benchmarks\quantum_circuits\two_qutrit\monomial_full__sup123_P210_ph122,C:\Users\szymon\QuditsOnQubits\QuditsOnQubits\basis_direct_encoding_benchmarks\quantum_circuits\two_qutrit\monomial_full__sup123_P210_ph122\F3_W.qpy,C:\Users\szymon\QuditsOnQubits\QuditsOnQubits\basis_direct_encoding_benchmarks\quantum_circuits\two_qutrit\monomial_full__sup123_P210_ph122\CZ3_W.qpy,C:\Users\szymon\QuditsOnQubits\QuditsOnQubits\basis_direct_encoding_benchmarks\quantum_circuits\two_qutrit\monomial_full__sup123_P210_ph122\graph_state_direct_basis.qpy,C:\Users\szymon\QuditsOnQubits\QuditsOnQubits\basis_direct_encoding_benchmarks\quantum_circuits\two_qutrit\monomial_full__sup123_P210_ph122\graph_state_direct_basis_transpiled.qpy,,C:\Users\szymon\QuditsOnQubits\QuditsOnQubits\basis_direct_encoding_benchmarks\quantum_circuits\two_qutrit\monomial_full__sup123_P210_ph122\E.npy
direct_basis_encoding,two_qutrit,two_qutrit,star,two_qutrit,2,2,4,sup123_P210_ph200,monomial,monomial_full,sup123_P210_ph200,False,True,16,40,56,41,,,0.860234,True,False,ok,,Converted from legacy E_new 4x3 isometry candidate.; Fidelity skipped because transpiled circuit has 128 qubits.,41,41.5,0.5,56,56.0,16,16.0,128,"{'rz': 16, 'cz': 15, 'rx': 12, 'sx': 12, 'rzz': 1}",10,10,0,C:\Users\szymon\QuditsOnQubits\QuditsOnQubits\basis_direct_encoding_benchmarks\quantum_circuits\two_qutrit\monomial_full__sup123_P210_ph200,C:\Users\szymon\QuditsOnQubits\QuditsOnQubits\basis_direct_encoding_benchmarks\quantum_circuits\two_qutrit\monomial_full__sup123_P210_ph200\F3_W.qpy,C:\Users\szymon\QuditsOnQubits\QuditsOnQubits\basis_direct_encoding_benchmarks\quantum_circuits\two_qutrit\monomial_full__sup123_P210_ph200\CZ3_W.qpy,C:\Users\szymon\QuditsOnQubits\QuditsOnQubits\basis_direct_encoding_benchmarks\quantum_circuits\two_qutrit\monomial_full__sup123_P210_ph200\graph_state_direct_basis.qpy,C:\Users\szymon\QuditsOnQubits\QuditsOnQubits\basis_direct_encoding_benchmarks\quantum_circuits\two_qutrit\monomial_full__sup123_P210_ph200\graph_state_direct_basis_transpiled.qpy,,C:\Users\szymon\QuditsOnQubits\QuditsOnQubits\basis_direct_encoding_benchmarks\quantum_circuits\two_qutrit\monomial_full__sup123_P210_ph200\E.npy
direct_basis_encoding,two_qutrit,two_qutrit,star,two_qutrit,2,2,4,sup123_P210_ph201,monomial,monomial_full,sup123_P210_ph201,False,True,16,40,56,42,,,0.782765,True,False,ok,,Converted from legacy E_new 4x3 isometry candidate.; Fidelity skipped because transpiled circuit has 128 qubits.,42,42.0,0.0,56,56.5,16,16.0,128,"{'rz': 16, 'cz': 15, 'sx': 12, 'rx': 12, 'rzz': 1}",10,10,0,C:\Users\szymon\QuditsOnQubits\QuditsOnQubits\basis_direct_encoding_benchmarks\quantum_circuits\two_qutrit\monomial_full__sup123_P210_ph201,C:\Users\szymon\QuditsOnQubits\QuditsOnQubits\basis_direct_encoding_benchmarks\quantum_circuits\two_qutrit\monomial_full__sup123_P210_ph201\F3_W.qpy,C:\Users\szymon\QuditsOnQubits\QuditsOnQubits\basis_direct_encoding_benchmarks\quantum_circuits\two_qutrit\monomial_full__sup123_P210_ph201\CZ3_W.qpy,C:\Users\szymon\QuditsOnQubits\QuditsOnQubits\basis_direct_encoding_benchmarks\quantum_circuits\two_qutrit\monomial_full__sup123_P210_ph201\graph_state_direct_basis.qpy,C:\Users\szymon\QuditsOnQubits\QuditsOnQubits\basis_direct_encoding_benchmarks\quantum_circuits\two_qutrit\monomial_full__sup123_P210_ph201\graph_state_direct_basis_transpiled.qpy,,C:\Users\szymon\QuditsOnQubits\QuditsOnQubits\basis_direct_encoding_benchmarks\quantum_circuits\two_qutrit\monomial_full__sup123_P210_ph201\E.npy
direct_basis_encoding,two_qutrit,two_qutrit,star,two_qutrit,2,2,4,sup123_P210_ph202,monomial,monomial_full,sup123_P210_ph202,False,True,16,41,57,42,,,0.736928,True,False,ok,,Converted from legacy E_new 4x3 isometry candidate.; Fidelity skipped because transpiled circuit has 128 qubits.,42,42.5,0.5,57,56.5,16,16.0,128,"{'rz': 17, 'cz': 15, 'rx': 12, 'sx': 12, 'rzz': 1}",10,10,0,C:\Users\szymon\QuditsOnQubits\QuditsOnQubits\basis_direct_encoding_benchmarks\quantum_circuits\two_qutrit\monomial_full__sup123_P210_ph202,C:\Users\szymon\QuditsOnQubits\QuditsOnQubits\basis_direct_encoding_benchmarks\quantum_circuits\two_qutrit\monomial_full__sup123_P210_ph202\F3_W.qpy,C:\Users\szymon\QuditsOnQubits\QuditsOnQubits\basis_direct_encoding_benchmarks\quantum_circuits\two_qutrit\monomial_full__sup123_P210_ph202\CZ3_W.qpy,C:\Users\szymon\QuditsOnQubits\QuditsOnQubits\basis_direct_encoding_benchmarks\quantum_circuits\two_qutrit\monomial_full__sup123_P210_ph202\graph_state_direct_basis.qpy,C:\Users\szymon\QuditsOnQubits\QuditsOnQubits\basis_direct_encoding_benchmarks\quantum_circuits\two_qutrit\monomial_full__sup123_P210_ph202\graph_state_direct_basis_transpiled.qpy,,C:\Users\szymon\QuditsOnQubits\QuditsOnQubits\basis_direct_encoding_benchmarks\quantum_circuits\two_qutrit\monomial_full__sup123_P210_ph202\E.npy
direct_basis_encoding,two_qutrit,two_qutrit,star,two_qutrit,2,2,4,sup123_P210_ph210,monomial,monomial_full,sup123_P210_ph210,False,True,16,38,54,41,,,0.974256,True,False,ok,,Converted from legacy E_new 4x3 isometry candidate.; Fidelity skipped because transpiled circuit has 128 qubits.,41,41.5,0.5,54,54.0,16,16.0,128,"{'cz': 15, 'rz': 14, 'rx': 12, 'sx': 12, 'rzz': 1}",10,10,0,C:\Users\szymon\QuditsOnQubits\QuditsOnQubits\basis_direct_encoding_benchmarks\quantum_circuits\two_qutrit\monomial_full__sup123_P210_ph210,C:\Users\szymon\QuditsOnQubits\QuditsOnQubits\basis_direct_encoding_benchmarks\quantum_circuits\two_qutrit\monomial_full__sup123_P210_ph210\F3_W.qpy,C:\Users\szymon\QuditsOnQubits\QuditsOnQubits\basis_direct_encoding_benchmarks\quantum_circuits\two_qutrit\monomial_full__sup123_P210_ph210\CZ3_W.qpy,C:\Users\szymon\QuditsOnQubits\QuditsOnQubits\basis_direct_encoding_benchmarks\quantum_circuits\two_qutrit\monomial_full__sup123_P210_ph210\graph_state_direct_basis.qpy,C:\Users\szymon\QuditsOnQubits\QuditsOnQubits\basis_direct_encoding_benchmarks\quantum_circuits\two_qutrit\monomial_full__sup123_P210_ph210\graph_state_direct_basis_transpiled.qpy,,C:\Users\szymon\QuditsOnQubits\QuditsOnQubits\basis_direct_encoding_benchmarks\quantum_circuits\two_qutrit\monomial_full__sup123_P210_ph210\E.npy
direct_basis_encoding,two_qutrit,two_qutrit,star,two_qutrit,2,2,4,sup123_P210_ph211,monomial,monomial_full,sup123_P210_ph211,False,True,16,37,53,41,,,0.882382,True,False,ok,,Converted from legacy E_new 4x3 isometry candidate.; Fidelity skipped because transpiled circuit has 128 qubits.,41,41.0,0.0,53,53.5,16,16.0,128,"{'cz': 15, 'rz': 13, 'sx': 12, 'rx': 12, 'rzz': 1}",10,10,0,C:\Users\szymon\QuditsOnQubits\QuditsOnQubits\basis_direct_encoding_benchmarks\quantum_circuits\two_qutrit\monomial_full__sup123_P210_ph211,C:\Users\szymon\QuditsOnQubits\QuditsOnQubits\basis_direct_encoding_benchmarks\quantum_circuits\two_qutrit\monomial_full__sup123_P210_ph211\F3_W.qpy,C:\Users\szymon\QuditsOnQubits\QuditsOnQubits\basis_direct_encoding_benchmarks\quantum_circuits\two_qutrit\monomial_full__sup123_P210_ph211\CZ3_W.qpy,C:\Users\szymon\QuditsOnQubits\QuditsOnQubits\basis_direct_encoding_benchmarks\quantum_circuits\two_qutrit\monomial_full__sup123_P210_ph211\graph_state_direct_basis.qpy,C:\Users\szymon\QuditsOnQubits\QuditsOnQubits\basis_direct_encoding_benchmarks\quantum_circuits\two_qutrit\monomial_full__sup123_P210_ph211\graph_state_direct_basis_transpiled.qpy,,C:\Users\szymon\QuditsOnQubits\QuditsOnQubits\basis_direct_encoding_benchmarks\quantum_circuits\two_qutrit\monomial_full__sup123_P210_ph211\E.npy
direct_basis_encoding,two_qutrit,two_qutrit,star,two_qutrit,2,2,4,sup123_P210_ph212,monomial,monomial_full,sup123_P210_ph212,False,True,16,38,54,41,,,0.819055,True,False,ok,,Converted from legacy E_new 4x3 isometry candidate.; Fidelity skipped because transpiled circuit has 128 qubits.,41,41.5,0.5,54,53.5,16,16.0,128,"{'cz': 15, 'rz': 14, 'rx': 12, 'sx': 12, 'rzz': 1}",10,10,0,C:\Users\szymon\QuditsOnQubits\QuditsOnQubits\basis_direct_encoding_benchmarks\quantum_circuits\two_qutrit\monomial_full__sup123_P210_ph212,C:\Users\szymon\QuditsOnQubits\QuditsOnQubits\basis_direct_encoding_benchmarks\quantum_circuits\two_qutrit\monomial_full__sup123_P210_ph212\F3_W.qpy,C:\Users\szymon\QuditsOnQubits\QuditsOnQubits\basis_direct_encoding_benchmarks\quantum_circuits\two_qutrit\monomial_full__sup123_P210_ph212\CZ3_W.qpy,C:\Users\szymon\QuditsOnQubits\QuditsOnQubits\basis_direct_encoding_benchmarks\quantum_circuits\two_qutrit\monomial_full__sup123_P210_ph212\graph_state_direct_basis.qpy,C:\Users\szymon\QuditsOnQubits\QuditsOnQubits\basis_direct_encoding_benchmarks\quantum_circuits\two_qutrit\monomial_full__sup123_P210_ph212\graph_state_direct_basis_transpiled.qpy,,C:\Users\szymon\QuditsOnQubits\QuditsOnQubits\basis_direct_encoding_benchmarks\quantum_circuits\two_qutrit\monomial_full__sup123_P210_ph212\E.npy
direct_basis_encoding,two_qutrit,two_qutrit,star,two_qutrit,2,2,4,sup123_P210_ph220,monomial,monomial_full,sup123_P210_ph220,False,True,16,41,57,42,,,0.873566,True,False,ok,,Converted from legacy E_new 4x3 isometry candidate.; Fidelity skipped because transpiled circuit has 128 qubits.,42,42.5,0.5,57,57.0,16,16.0,128,"{'rz': 17, 'cz': 15, 'rx': 12, 'sx': 12, 'rzz': 1}",10,10,0,C:\Users\szymon\QuditsOnQubits\QuditsOnQubits\basis_direct_encoding_benchmarks\quantum_circuits\two_qutrit\monomial_full__sup123_P210_ph220,C:\Users\szymon\QuditsOnQubits\QuditsOnQubits\basis_direct_encoding_benchmarks\quantum_circuits\two_qutrit\monomial_full__sup123_P210_ph220\F3_W.qpy,C:\Users\szymon\QuditsOnQubits\QuditsOnQubits\basis_direct_encoding_benchmarks\quantum_circuits\two_qutrit\monomial_full__sup123_P210_ph220\CZ3_W.qpy,C:\Users\szymon\QuditsOnQubits\QuditsOnQubits\basis_direct_encoding_benchmarks\quantum_circuits\two_qutrit\monomial_full__sup123_P210_ph220\graph_state_direct_basis.qpy,C:\Users\szymon\QuditsOnQubits\QuditsOnQubits\basis_direct_encoding_benchmarks\quantum_circuits\two_qutrit\monomial_full__sup123_P210_ph220\graph_state_direct_basis_transpiled.qpy,,C:\Users\szymon\QuditsOnQubits\QuditsOnQubits\basis_direct_encoding_benchmarks\quantum_circuits\two_qutrit\monomial_full__sup123_P210_ph220\E.npy
direct_basis_encoding,two_qutrit,two_qutrit,star,two_qutrit,2,2,4,sup123_P210_ph221,monomial,monomial_full,sup123_P210_ph221,False,True,16,40,56,42,,,0.838201,True,False,ok,,Converted from legacy E_new 4x3 isometry candidate.; Fidelity skipped because transpiled circuit has 128 qubits.,42,42.0,0.0,56,56.5,16,16.0,128,"{'rz': 16, 'cz': 15, 'sx': 12, 'rx': 12, 'rzz': 1}",10,10,0,C:\Users\szymon\QuditsOnQubits\QuditsOnQubits\basis_direct_encoding_benchmarks\quantum_circuits\two_qutrit\monomial_full__sup123_P210_ph221,C:\Users\szymon\QuditsOnQubits\QuditsOnQubits\basis_direct_encoding_benchmarks\quantum_circuits\two_qutrit\monomial_full__sup123_P210_ph221\F3_W.qpy,C:\Users\szymon\QuditsOnQubits\QuditsOnQubits\basis_direct_encoding_benchmarks\quantum_circuits\two_qutrit\monomial_full__sup123_P210_ph221\CZ3_W.qpy,C:\Users\szymon\QuditsOnQubits\QuditsOnQubits\basis_direct_encoding_benchmarks\quantum_circuits\two_qutrit\monomial_full__sup123_P210_ph221\graph_state_direct_basis.qpy,C:\Users\szymon\QuditsOnQubits\QuditsOnQubits\basis_direct_encoding_benchmarks\quantum_circuits\two_qutrit\monomial_full__sup123_P210_ph221\graph_state_direct_basis_transpiled.qpy,,C:\Users\szymon\QuditsOnQubits\QuditsOnQubits\basis_direct_encoding_benchmarks\quantum_circuits\two_qutrit\monomial_full__sup123_P210_ph221\E.npy
direct_basis_encoding,two_qutrit,two_qutrit,star,two_qutrit,2,2,4,sup123_P210_ph222,monomial,monomial_full,sup123_P210_ph222,False,True,16,40,56,41,,,1.252759,True,False,ok,,Converted from legacy E_new 4x3 isometry candidate.; Fidelity skipped because transpiled circuit has 128 qubits.,41,41.5,0.5,56,55.5,16,16.0,128,"{'rz': 16, 'cz': 15, 'rx': 12, 'sx': 12, 'rzz': 1}",10,10,0,C:\Users\szymon\QuditsOnQubits\QuditsOnQubits\basis_direct_encoding_benchmarks\quantum_circuits\two_qutrit\monomial_full__sup123_P210_ph222,C:\Users\szymon\QuditsOnQubits\QuditsOnQubits\basis_direct_encoding_benchmarks\quantum_circuits\two_qutrit\monomial_full__sup123_P210_ph222\F3_W.qpy,C:\Users\szymon\QuditsOnQubits\QuditsOnQubits\basis_direct_encoding_benchmarks\quantum_circuits\two_qutrit\monomial_full__sup123_P210_ph222\CZ3_W.qpy,C:\Users\szymon\QuditsOnQubits\QuditsOnQubits\basis_direct_encoding_benchmarks\quantum_circuits\two_qutrit\monomial_full__sup123_P210_ph222\graph_state_direct_basis.qpy,C:\Users\szymon\QuditsOnQubits\QuditsOnQubits\basis_direct_encoding_benchmarks\quantum_circuits\two_qutrit\monomial_full__sup123_P210_ph222\graph_state_direct_basis_transpiled.qpy,,C:\Users\szymon\QuditsOnQubits\QuditsOnQubits\basis_direct_encoding_benchmarks\quantum_circuits\two_qutrit\monomial_full__sup123_P210_ph222\E.npy
direct_basis_encoding,two_qutrit,two_qutrit,star,two_qutrit,2,2,4,U_I__V_I,product,product,U_I__V_I,True,True,16,37,53,41,,,0.905979,True,False,ok,,Converted from legacy E_new = E_Z @ W candidate.; Fidelity skipped because transpiled circuit has 128 qubits.,41,41.0,0.0,53,53.5,16,16.0,128,"{'cz': 15, 'rz': 13, 'sx': 12, 'rx': 12, 'rzz': 1}",10,10,0,C:\Users\szymon\QuditsOnQubits\QuditsOnQubits\basis_direct_encoding_benchmarks\quantum_circuits\two_qutrit\product__U_I__V_I,C:\Users\szymon\QuditsOnQubits\QuditsOnQubits\basis_direct_encoding_benchmarks\quantum_circuits\two_qutrit\product__U_I__V_I\F3_W.qpy,C:\Users\szymon\QuditsOnQubits\QuditsOnQubits\basis_direct_encoding_benchmarks\quantum_circuits\two_qutrit\product__U_I__V_I\CZ3_W.qpy,C:\Users\szymon\QuditsOnQubits\QuditsOnQubits\basis_direct_encoding_benchmarks\quantum_circuits\two_qutrit\product__U_I__V_I\graph_state_direct_basis.qpy,C:\Users\szymon\QuditsOnQubits\QuditsOnQubits\basis_direct_encoding_benchmarks\quantum_circuits\two_qutrit\product__U_I__V_I\graph_state_direct_basis_transpiled.qpy,C:\Users\szymon\QuditsOnQubits\QuditsOnQubits\basis_direct_encoding_benchmarks\quantum_circuits\two_qutrit\product__U_I__V_I\basis_change_gate.qpy,C:\Users\szymon\QuditsOnQubits\QuditsOnQubits\basis_direct_encoding_benchmarks\quantum_circuits\two_qutrit\product__U_I__V_I\W.npy
direct_basis_encoding,two_qutrit,two_qutrit,star,two_qutrit,2,2,4,U_I__V_X,product,product,U_I__V_X,False,True,16,36,52,40,,,1.175727,True,False,ok,,Converted from legacy E_new 4x3 isometry candidate.; Fidelity skipped because transpiled circuit has 128 qubits.,40,40.0,0.0,52,52.5,16,16.0,128,"{'cz': 15, 'sx': 12, 'rx': 12, 'rz': 12, 'rzz': 1}",10,10,0,C:\Users\szymon\QuditsOnQubits\QuditsOnQubits\basis_direct_encoding_benchmarks\quantum_circuits\two_qutrit\product__U_I__V_X,C:\Users\szymon\QuditsOnQubits\QuditsOnQubits\basis_direct_encoding_benchmarks\quantum_circuits\two_qutrit\product__U_I__V_X\F3_W.qpy,C:\Users\szymon\QuditsOnQubits\QuditsOnQubits\basis_direct_encoding_benchmarks\quantum_circuits\two_qutrit\product__U_I__V_X\CZ3_W.qpy,C:\Users\szymon\QuditsOnQubits\QuditsOnQubits\basis_direct_encoding_benchmarks\quantum_circuits\two_qutrit\product__U_I__V_X\graph_state_direct_basis.qpy,C:\Users\szymon\QuditsOnQubits\QuditsOnQubits\basis_direct_encoding_benchmarks\quantum_circuits\two_qutrit\product__U_I__V_X\graph_state_direct_basis_transpiled.qpy,,C:\Users\szymon\QuditsOnQubits\QuditsOnQubits\basis_direct_encoding_benchmarks\quantum_circuits\two_qutrit\product__U_I__V_X\E.npy
direct_basis_encoding,two_qutrit,two_qutrit,star,two_qutrit,2,2,4,U_I__V_SX,product,product,U_I__V_SX,False,True,95,300,395,245,,,1.939759,True,False,ok,,Converted from legacy E_new 4x3 isometry candidate.; Fidelity skipped because transpiled circuit has 128 qubits.,245,245.6,1.2,395,395.2,95,95.0,128,"{'rz': 123, 'rx': 101, 'sx': 76, 'cz': 66, 'rzz': 29}",10,10,0,C:\Users\szymon\QuditsOnQubits\QuditsOnQubits\basis_direct_encoding_benchmarks\quantum_circuits\two_qutrit\product__U_I__V_SX,C:\Users\szymon\QuditsOnQubits\QuditsOnQubits\basis_direct_encoding_benchmarks\quantum_circuits\two_qutrit\product__U_I__V_SX\F3_W.qpy,C:\Users\szymon\QuditsOnQubits\QuditsOnQubits\basis_direct_encoding_benchmarks\quantum_circuits\two_qutrit\product__U_I__V_SX\CZ3_W.qpy,C:\Users\szymon\QuditsOnQubits\QuditsOnQubits\basis_direct_encoding_benchmarks\quantum_circuits\two_qutrit\product__U_I__V_SX\graph_state_direct_basis.qpy,C:\Users\szymon\QuditsOnQubits\QuditsOnQubits\basis_direct_encoding_benchmarks\quantum_circuits\two_qutrit\product__U_I__V_SX\graph_state_direct_basis_transpiled.qpy,,C:\Users\szymon\QuditsOnQubits\QuditsOnQubits\basis_direct_encoding_benchmarks\quantum_circuits\two_qutrit\product__U_I__V_SX\E.npy
direct_basis_encoding,two_qutrit,two_qutrit,star,two_qutrit,2,2,4,U_I__V_SXdg,product,product,U_I__V_SXdg,False,True,95,301,396,246,,,1.880602,True,False,ok,,Converted from legacy E_new 4x3 isometry candidate.; Fidelity skipped because transpiled circuit has 128 qubits.,246,246.6,1.2,396,396.2,95,95.0,128,"{'rz': 123, 'rx': 102, 'sx': 76, 'cz': 66, 'rzz': 29}",10,10,0,C:\Users\szymon\QuditsOnQubits\QuditsOnQubits\basis_direct_encoding_benchmarks\quantum_circuits\two_qutrit\product__U_I__V_SXdg,C:\Users\szymon\QuditsOnQubits\QuditsOnQubits\basis_direct_encoding_benchmarks\quantum_circuits\two_qutrit\product__U_I__V_SXdg\F3_W.qpy,C:\Users\szymon\QuditsOnQubits\QuditsOnQubits\basis_direct_encoding_benchmarks\quantum_circuits\two_qutrit\product__U_I__V_SXdg\CZ3_W.qpy,C:\Users\szymon\QuditsOnQubits\QuditsOnQubits\basis_direct_encoding_benchmarks\quantum_circuits\two_qutrit\product__U_I__V_SXdg\graph_state_direct_basis.qpy,C:\Users\szymon\QuditsOnQubits\QuditsOnQubits\basis_direct_encoding_benchmarks\quantum_circuits\two_qutrit\product__U_I__V_SXdg\graph_state_direct_basis_transpiled.qpy,,C:\Users\szymon\QuditsOnQubits\QuditsOnQubits\basis_direct_encoding_benchmarks\quantum_circuits\two_qutrit\product__U_I__V_SXdg\E.npy
direct_basis_encoding,two_qutrit,two_qutrit,star,two_qutrit,2,2,4,U_I__V_H,product,product,U_I__V_H,False,True,95,300,395,245,,,1.645251,True,False,ok,,Converted from legacy E_new 4x3 isometry candidate.; Fidelity skipped because transpiled circuit has 128 qubits.,245,245.6,1.2,395,395.2,95,95.0,128,"{'rz': 123, 'rx': 101, 'sx': 76, 'cz': 66, 'rzz': 29}",10,10,0,C:\Users\szymon\QuditsOnQubits\QuditsOnQubits\basis_direct_encoding_benchmarks\quantum_circuits\two_qutrit\product__U_I__V_H,C:\Users\szymon\QuditsOnQubits\QuditsOnQubits\basis_direct_encoding_benchmarks\quantum_circuits\two_qutrit\product__U_I__V_H\F3_W.qpy,C:\Users\szymon\QuditsOnQubits\QuditsOnQubits\basis_direct_encoding_benchmarks\quantum_circuits\two_qutrit\product__U_I__V_H\CZ3_W.qpy,C:\Users\szymon\QuditsOnQubits\QuditsOnQubits\basis_direct_encoding_benchmarks\quantum_circuits\two_qutrit\product__U_I__V_H\graph_state_direct_basis.qpy,C:\Users\szymon\QuditsOnQubits\QuditsOnQubits\basis_direct_encoding_benchmarks\quantum_circuits\two_qutrit\product__U_I__V_H\graph_state_direct_basis_transpiled.qpy,,C:\Users\szymon\QuditsOnQubits\QuditsOnQubits\basis_direct_encoding_benchmarks\quantum_circuits\two_qutrit\product__U_I__V_H\E.npy
direct_basis_encoding,two_qutrit,two_qutrit,star,two_qutrit,2,2,4,U_I__V_HS,product,product,U_I__V_HS,False,True,95,300,395,245,,,1.95643,True,False,ok,,Converted from legacy E_new 4x3 isometry candidate.; Fidelity skipped because transpiled circuit has 128 qubits.,245,245.6,1.2,395,395.2,95,95.0,128,"{'rz': 123, 'rx': 101, 'sx': 76, 'cz': 66, 'rzz': 29}",10,10,0,C:\Users\szymon\QuditsOnQubits\QuditsOnQubits\basis_direct_encoding_benchmarks\quantum_circuits\two_qutrit\product__U_I__V_HS,C:\Users\szymon\QuditsOnQubits\QuditsOnQubits\basis_direct_encoding_benchmarks\quantum_circuits\two_qutrit\product__U_I__V_HS\F3_W.qpy,C:\Users\szymon\QuditsOnQubits\QuditsOnQubits\basis_direct_encoding_benchmarks\quantum_circuits\two_qutrit\product__U_I__V_HS\CZ3_W.qpy,C:\Users\szymon\QuditsOnQubits\QuditsOnQubits\basis_direct_encoding_benchmarks\quantum_circuits\two_qutrit\product__U_I__V_HS\graph_state_direct_basis.qpy,C:\Users\szymon\QuditsOnQubits\QuditsOnQubits\basis_direct_encoding_benchmarks\quantum_circuits\two_qutrit\product__U_I__V_HS\graph_state_direct_basis_transpiled.qpy,,C:\Users\szymon\QuditsOnQubits\QuditsOnQubits\basis_direct_encoding_benchmarks\quantum_circuits\two_qutrit\product__U_I__V_HS\E.npy
direct_basis_encoding,two_qutrit,two_qutrit,star,two_qutrit,2,2,4,U_I__V_SH,product,product,U_I__V_SH,False,True,103,314,417,261,,,2.259521,True,False,ok,,Converted from legacy E_new 4x3 isometry candidate.; Fidelity skipped because transpiled circuit has 128 qubits.,261,262.9,1.92,417,417.5,103,103.0,128,"{'rz': 124, 'rx': 102, 'sx': 88, 'cz': 74, 'rzz': 29}",10,10,0,C:\Users\szymon\QuditsOnQubits\QuditsOnQubits\basis_direct_encoding_benchmarks\quantum_circuits\two_qutrit\product__U_I__V_SH,C:\Users\szymon\QuditsOnQubits\QuditsOnQubits\basis_direct_encoding_benchmarks\quantum_circuits\two_qutrit\product__U_I__V_SH\F3_W.qpy,C:\Users\szymon\QuditsOnQubits\QuditsOnQubits\basis_direct_encoding_benchmarks\quantum_circuits\two_qutrit\product__U_I__V_SH\CZ3_W.qpy,C:\Users\szymon\QuditsOnQubits\QuditsOnQubits\basis_direct_encoding_benchmarks\quantum_circuits\two_qutrit\product__U_I__V_SH\graph_state_direct_basis.qpy,C:\Users\szymon\QuditsOnQubits\QuditsOnQubits\basis_direct_encoding_benchmarks\quantum_circuits\two_qutrit\product__U_I__V_SH\graph_state_direct_basis_transpiled.qpy,,C:\Users\szymon\QuditsOnQubits\QuditsOnQubits\basis_direct_encoding_benchmarks\quantum_circuits\two_qutrit\product__U_I__V_SH\E.npy
direct_basis_encoding,two_qutrit,two_qutrit,star,two_qutrit,2,2,4,U_I__V_Z,product,product,U_I__V_Z,True,True,16,36,52,40,,,1.208865,True,False,ok,,Converted from legacy E_new = E_Z @ W candidate.; Fidelity skipped because transpiled circuit has 128 qubits.,40,40.0,0.0,52,52.5,16,16.0,128,"{'cz': 15, 'sx': 12, 'rx': 12, 'rz': 12, 'rzz': 1}",10,10,0,C:\Users\szymon\QuditsOnQubits\QuditsOnQubits\basis_direct_encoding_benchmarks\quantum_circuits\two_qutrit\product__U_I__V_Z,C:\Users\szymon\QuditsOnQubits\QuditsOnQubits\basis_direct_encoding_benchmarks\quantum_circuits\two_qutrit\product__U_I__V_Z\F3_W.qpy,C:\Users\szymon\QuditsOnQubits\QuditsOnQubits\basis_direct_encoding_benchmarks\quantum_circuits\two_qutrit\product__U_I__V_Z\CZ3_W.qpy,C:\Users\szymon\QuditsOnQubits\QuditsOnQubits\basis_direct_encoding_benchmarks\quantum_circuits\two_qutrit\product__U_I__V_Z\graph_state_direct_basis.qpy,C:\Users\szymon\QuditsOnQubits\QuditsOnQubits\basis_direct_encoding_benchmarks\quantum_circuits\two_qutrit\product__U_I__V_Z\graph_state_direct_basis_transpiled.qpy,C:\Users\szymon\QuditsOnQubits\QuditsOnQubits\basis_direct_encoding_benchmarks\quantum_circuits\two_qutrit\product__U_I__V_Z\basis_change_gate.qpy,C:\Users\szymon\QuditsOnQubits\QuditsOnQubits\basis_direct_encoding_benchmarks\quantum_circuits\two_qutrit\product__U_I__V_Z\W.npy
direct_basis_encoding,two_qutrit,two_qutrit,star,two_qutrit,2,2,4,U_X__V_I,product,product,U_X__V_I,False,True,16,35,51,40,,,1.281796,True,False,ok,,Converted from legacy E_new 4x3 isometry candidate.; Fidelity skipped because transpiled circuit has 128 qubits.,40,40.0,0.0,51,52.0,16,16.0,128,"{'cz': 15, 'sx': 12, 'rz': 12, 'rx': 11, 'rzz': 1}",10,10,0,C:\Users\szymon\QuditsOnQubits\QuditsOnQubits\basis_direct_encoding_benchmarks\quantum_circuits\two_qutrit\product__U_X__V_I,C:\Users\szymon\QuditsOnQubits\QuditsOnQubits\basis_direct_encoding_benchmarks\quantum_circuits\two_qutrit\product__U_X__V_I\F3_W.qpy,C:\Users\szymon\QuditsOnQubits\QuditsOnQubits\basis_direct_encoding_benchmarks\quantum_circuits\two_qutrit\product__U_X__V_I\CZ3_W.qpy,C:\Users\szymon\QuditsOnQubits\QuditsOnQubits\basis_direct_encoding_benchmarks\quantum_circuits\two_qutrit\product__U_X__V_I\graph_state_direct_basis.qpy,C:\Users\szymon\QuditsOnQubits\QuditsOnQubits\basis_direct_encoding_benchmarks\quantum_circuits\two_qutrit\product__U_X__V_I\graph_state_direct_basis_transpiled.qpy,,C:\Users\szymon\QuditsOnQubits\QuditsOnQubits\basis_direct_encoding_benchmarks\quantum_circuits\two_qutrit\product__U_X__V_I\E.npy
direct_basis_encoding,two_qutrit,two_qutrit,star,two_qutrit,2,2,4,U_X__V_X,product,product,U_X__V_X,False,True,16,36,52,41,,,1.091561,True,False,ok,,Converted from legacy E_new 4x3 isometry candidate.; Fidelity skipped because transpiled circuit has 128 qubits.,41,41.0,0.0,52,53.0,16,16.0,128,"{'cz': 15, 'rz': 13, 'sx': 12, 'rx': 11, 'rzz': 1}",10,10,0,C:\Users\szymon\QuditsOnQubits\QuditsOnQubits\basis_direct_encoding_benchmarks\quantum_circuits\two_qutrit\product__U_X__V_X,C:\Users\szymon\QuditsOnQubits\QuditsOnQubits\basis_direct_encoding_benchmarks\quantum_circuits\two_qutrit\product__U_X__V_X\F3_W.qpy,C:\Users\szymon\QuditsOnQubits\QuditsOnQubits\basis_direct_encoding_benchmarks\quantum_circuits\two_qutrit\product__U_X__V_X\CZ3_W.qpy,C:\Users\szymon\QuditsOnQubits\QuditsOnQubits\basis_direct_encoding_benchmarks\quantum_circuits\two_qutrit\product__U_X__V_X\graph_state_direct_basis.qpy,C:\Users\szymon\QuditsOnQubits\QuditsOnQubits\basis_direct_encoding_benchmarks\quantum_circuits\two_qutrit\product__U_X__V_X\graph_state_direct_basis_transpiled.qpy,,C:\Users\szymon\QuditsOnQubits\QuditsOnQubits\basis_direct_encoding_benchmarks\quantum_circuits\two_qutrit\product__U_X__V_X\E.npy
direct_basis_encoding,two_qutrit,two_qutrit,star,two_qutrit,2,2,4,U_X__V_SX,product,product,U_X__V_SX,False,True,103,315,418,262,,,2.043864,True,False,ok,,Converted from legacy E_new 4x3 isometry candidate.; Fidelity skipped because transpiled circuit has 128 qubits.,262,263.9,1.92,418,418.5,103,103.0,128,"{'rz': 123, 'rx': 104, 'sx': 88, 'cz': 74, 'rzz': 29}",10,10,0,C:\Users\szymon\QuditsOnQubits\QuditsOnQubits\basis_direct_encoding_benchmarks\quantum_circuits\two_qutrit\product__U_X__V_SX,C:\Users\szymon\QuditsOnQubits\QuditsOnQubits\basis_direct_encoding_benchmarks\quantum_circuits\two_qutrit\product__U_X__V_SX\F3_W.qpy,C:\Users\szymon\QuditsOnQubits\QuditsOnQubits\basis_direct_encoding_benchmarks\quantum_circuits\two_qutrit\product__U_X__V_SX\CZ3_W.qpy,C:\Users\szymon\QuditsOnQubits\QuditsOnQubits\basis_direct_encoding_benchmarks\quantum_circuits\two_qutrit\product__U_X__V_SX\graph_state_direct_basis.qpy,C:\Users\szymon\QuditsOnQubits\QuditsOnQubits\basis_direct_encoding_benchmarks\quantum_circuits\two_qutrit\product__U_X__V_SX\graph_state_direct_basis_transpiled.qpy,,C:\Users\szymon\QuditsOnQubits\QuditsOnQubits\basis_direct_encoding_benchmarks\quantum_circuits\two_qutrit\product__U_X__V_SX\E.npy
direct_basis_encoding,two_qutrit,two_qutrit,star,two_qutrit,2,2,4,U_X__V_SXdg,product,product,U_X__V_SXdg,False,True,103,314,417,261,,,1.846894,True,False,ok,,Converted from legacy E_new 4x3 isometry candidate.; Fidelity skipped because transpiled circuit has 128 qubits.,261,262.5,1.5,417,417.1,103,103.0,128,"{'rz': 123, 'rx': 103, 'sx': 88, 'cz': 74, 'rzz': 29}",10,10,0,C:\Users\szymon\QuditsOnQubits\QuditsOnQubits\basis_direct_encoding_benchmarks\quantum_circuits\two_qutrit\product__U_X__V_SXdg,C:\Users\szymon\QuditsOnQubits\QuditsOnQubits\basis_direct_encoding_benchmarks\quantum_circuits\two_qutrit\product__U_X__V_SXdg\F3_W.qpy,C:\Users\szymon\QuditsOnQubits\QuditsOnQubits\basis_direct_encoding_benchmarks\quantum_circuits\two_qutrit\product__U_X__V_SXdg\CZ3_W.qpy,C:\Users\szymon\QuditsOnQubits\QuditsOnQubits\basis_direct_encoding_benchmarks\quantum_circuits\two_qutrit\product__U_X__V_SXdg\graph_state_direct_basis.qpy,C:\Users\szymon\QuditsOnQubits\QuditsOnQubits\basis_direct_encoding_benchmarks\quantum_circuits\two_qutrit\product__U_X__V_SXdg\graph_state_direct_basis_transpiled.qpy,,C:\Users\szymon\QuditsOnQubits\QuditsOnQubits\basis_direct_encoding_benchmarks\quantum_circuits\two_qutrit\product__U_X__V_SXdg\E.npy
direct_basis_encoding,two_qutrit,two_qutrit,star,two_qutrit,2,2,4,U_X__V_H,product,product,U_X__V_H,False,True,95,304,399,249,,,1.812096,True,False,ok,,Converted from legacy E_new 4x3 isometry candidate.; Fidelity skipped because transpiled circuit has 128 qubits.,249,249.6,1.2,399,399.2,95,95.0,128,"{'rz': 124, 'rx': 104, 'sx': 76, 'cz': 66, 'rzz': 29}",10,10,0,C:\Users\szymon\QuditsOnQubits\QuditsOnQubits\basis_direct_encoding_benchmarks\quantum_circuits\two_qutrit\product__U_X__V_H,C:\Users\szymon\QuditsOnQubits\QuditsOnQubits\basis_direct_encoding_benchmarks\quantum_circuits\two_qutrit\product__U_X__V_H\F3_W.qpy,C:\Users\szymon\QuditsOnQubits\QuditsOnQubits\basis_direct_encoding_benchmarks\quantum_circuits\two_qutrit\product__U_X__V_H\CZ3_W.qpy,C:\Users\szymon\QuditsOnQubits\QuditsOnQubits\basis_direct_encoding_benchmarks\quantum_circuits\two_qutrit\product__U_X__V_H\graph_state_direct_basis.qpy,C:\Users\szymon\QuditsOnQubits\QuditsOnQubits\basis_direct_encoding_benchmarks\quantum_circuits\two_qutrit\product__U_X__V_H\graph_state_direct_basis_transpiled.qpy,,C:\Users\szymon\QuditsOnQubits\QuditsOnQubits\basis_direct_encoding_benchmarks\quantum_circuits\two_qutrit\product__U_X__V_H\E.npy
direct_basis_encoding,two_qutrit,two_qutrit,star,two_qutrit,2,2,4,U_X__V_HS,product,product,U_X__V_HS,False,True,95,303,398,248,,,2.116868,True,False,ok,,Converted from legacy E_new 4x3 isometry candidate.; Fidelity skipped because transpiled circuit has 128 qubits.,248,248.6,1.2,398,398.2,95,95.0,128,"{'rz': 123, 'rx': 104, 'sx': 76, 'cz': 66, 'rzz': 29}",10,10,0,C:\Users\szymon\QuditsOnQubits\QuditsOnQubits\basis_direct_encoding_benchmarks\quantum_circuits\two_qutrit\product__U_X__V_HS,C:\Users\szymon\QuditsOnQubits\QuditsOnQubits\basis_direct_encoding_benchmarks\quantum_circuits\two_qutrit\product__U_X__V_HS\F3_W.qpy,C:\Users\szymon\QuditsOnQubits\QuditsOnQubits\basis_direct_encoding_benchmarks\quantum_circuits\two_qutrit\product__U_X__V_HS\CZ3_W.qpy,C:\Users\szymon\QuditsOnQubits\QuditsOnQubits\basis_direct_encoding_benchmarks\quantum_circuits\two_qutrit\product__U_X__V_HS\graph_state_direct_basis.qpy,C:\Users\szymon\QuditsOnQubits\QuditsOnQubits\basis_direct_encoding_benchmarks\quantum_circuits\two_qutrit\product__U_X__V_HS\graph_state_direct_basis_transpiled.qpy,,C:\Users\szymon\QuditsOnQubits\QuditsOnQubits\basis_direct_encoding_benchmarks\quantum_circuits\two_qutrit\product__U_X__V_HS\E.npy
direct_basis_encoding,two_qutrit,two_qutrit,star,two_qutrit,2,2,4,U_X__V_SH,product,product,U_X__V_SH,False,True,95,302,397,247,,,1.79685,True,False,ok,,Converted from legacy E_new 4x3 isometry candidate.; Fidelity skipped because transpiled circuit has 128 qubits.,247,247.6,1.2,397,397.2,95,95.0,128,"{'rz': 124, 'rx': 102, 'sx': 76, 'cz': 66, 'rzz': 29}",10,10,0,C:\Users\szymon\QuditsOnQubits\QuditsOnQubits\basis_direct_encoding_benchmarks\quantum_circuits\two_qutrit\product__U_X__V_SH,C:\Users\szymon\QuditsOnQubits\QuditsOnQubits\basis_direct_encoding_benchmarks\quantum_circuits\two_qutrit\product__U_X__V_SH\F3_W.qpy,C:\Users\szymon\QuditsOnQubits\QuditsOnQubits\basis_direct_encoding_benchmarks\quantum_circuits\two_qutrit\product__U_X__V_SH\CZ3_W.qpy,C:\Users\szymon\QuditsOnQubits\QuditsOnQubits\basis_direct_encoding_benchmarks\quantum_circuits\two_qutrit\product__U_X__V_SH\graph_state_direct_basis.qpy,C:\Users\szymon\QuditsOnQubits\QuditsOnQubits\basis_direct_encoding_benchmarks\quantum_circuits\two_qutrit\product__U_X__V_SH\graph_state_direct_basis_transpiled.qpy,,C:\Users\szymon\QuditsOnQubits\QuditsOnQubits\basis_direct_encoding_benchmarks\quantum_circuits\two_qutrit\product__U_X__V_SH\E.npy
direct_basis_encoding,two_qutrit,two_qutrit,star,two_qutrit,2,2,4,U_X__V_Z,product,product,U_X__V_Z,False,True,16,36,52,41,,,0.93903,True,False,ok,,Converted from legacy E_new 4x3 isometry candidate.; Fidelity skipped because transpiled circuit has 128 qubits.,41,41.0,0.0,52,53.0,16,16.0,128,"{'cz': 15, 'rz': 13, 'sx': 12, 'rx': 11, 'rzz': 1}",10,10,0,C:\Users\szymon\QuditsOnQubits\QuditsOnQubits\basis_direct_encoding_benchmarks\quantum_circuits\two_qutrit\product__U_X__V_Z,C:\Users\szymon\QuditsOnQubits\QuditsOnQubits\basis_direct_encoding_benchmarks\quantum_circuits\two_qutrit\product__U_X__V_Z\F3_W.qpy,C:\Users\szymon\QuditsOnQubits\QuditsOnQubits\basis_direct_encoding_benchmarks\quantum_circuits\two_qutrit\product__U_X__V_Z\CZ3_W.qpy,C:\Users\szymon\QuditsOnQubits\QuditsOnQubits\basis_direct_encoding_benchmarks\quantum_circuits\two_qutrit\product__U_X__V_Z\graph_state_direct_basis.qpy,C:\Users\szymon\QuditsOnQubits\QuditsOnQubits\basis_direct_encoding_benchmarks\quantum_circuits\two_qutrit\product__U_X__V_Z\graph_state_direct_basis_transpiled.qpy,,C:\Users\szymon\QuditsOnQubits\QuditsOnQubits\basis_direct_encoding_benchmarks\quantum_circuits\two_qutrit\product__U_X__V_Z\E.npy
direct_basis_encoding,two_qutrit,two_qutrit,star,two_qutrit,2,2,4,U_SX__V_I,product,product,U_SX__V_I,False,True,103,317,420,263,,,1.734903,True,False,ok,,Converted from legacy E_new 4x3 isometry candidate.; Fidelity skipped because transpiled circuit has 128 qubits.,263,264.5,1.5,420,420.3,103,103.0,128,"{'rz': 126, 'rx': 103, 'sx': 88, 'cz': 74, 'rzz': 29}",10,10,0,C:\Users\szymon\QuditsOnQubits\QuditsOnQubits\basis_direct_encoding_benchmarks\quantum_circuits\two_qutrit\product__U_SX__V_I,C:\Users\szymon\QuditsOnQubits\QuditsOnQubits\basis_direct_encoding_benchmarks\quantum_circuits\two_qutrit\product__U_SX__V_I\F3_W.qpy,C:\Users\szymon\QuditsOnQubits\QuditsOnQubits\basis_direct_encoding_benchmarks\quantum_circuits\two_qutrit\product__U_SX__V_I\CZ3_W.qpy,C:\Users\szymon\QuditsOnQubits\QuditsOnQubits\basis_direct_encoding_benchmarks\quantum_circuits\two_qutrit\product__U_SX__V_I\graph_state_direct_basis.qpy,C:\Users\szymon\QuditsOnQubits\QuditsOnQubits\basis_direct_encoding_benchmarks\quantum_circuits\two_qutrit\product__U_SX__V_I\graph_state_direct_basis_transpiled.qpy,,C:\Users\szymon\QuditsOnQubits\QuditsOnQubits\basis_direct_encoding_benchmarks\quantum_circuits\two_qutrit\product__U_SX__V_I\E.npy
direct_basis_encoding,two_qutrit,two_qutrit,star,two_qutrit,2,2,4,U_SX__V_X,product,product,U_SX__V_X,False,True,103,317,420,263,,,1.689586,True,False,ok,,Converted from legacy E_new 4x3 isometry candidate.; Fidelity skipped because transpiled circuit has 128 qubits.,263,264.7,1.73,420,420.5,103,103.0,128,"{'rz': 126, 'rx': 103, 'sx': 88, 'cz': 74, 'rzz': 29}",10,10,0,C:\Users\szymon\QuditsOnQubits\QuditsOnQubits\basis_direct_encoding_benchmarks\quantum_circuits\two_qutrit\product__U_SX__V_X,C:\Users\szymon\QuditsOnQubits\QuditsOnQubits\basis_direct_encoding_benchmarks\quantum_circuits\two_qutrit\product__U_SX__V_X\F3_W.qpy,C:\Users\szymon\QuditsOnQubits\QuditsOnQubits\basis_direct_encoding_benchmarks\quantum_circuits\two_qutrit\product__U_SX__V_X\CZ3_W.qpy,C:\Users\szymon\QuditsOnQubits\QuditsOnQubits\basis_direct_encoding_benchmarks\quantum_circuits\two_qutrit\product__U_SX__V_X\graph_state_direct_basis.qpy,C:\Users\szymon\QuditsOnQubits\QuditsOnQubits\basis_direct_encoding_benchmarks\quantum_circuits\two_qutrit\product__U_SX__V_X\graph_state_direct_basis_transpiled.qpy,,C:\Users\szymon\QuditsOnQubits\QuditsOnQubits\basis_direct_encoding_benchmarks\quantum_circuits\two_qutrit\product__U_SX__V_X\E.npy
direct_basis_encoding,two_qutrit,two_qutrit,star,two_qutrit,2,2,4,U_SX__V_SX,product,product,U_SX__V_SX,False,True,208,602,810,509,,,2.315478,True,False,ok,,Converted from legacy E_new 4x3 isometry candidate.; Fidelity skipped because transpiled circuit has 128 qubits.,509,511.0,2.0,810,810.9,208,208.0,128,"{'rz': 222, 'sx': 199, 'rx': 181, 'cz': 164, 'rzz': 44}",10,10,0,C:\Users\szymon\QuditsOnQubits\QuditsOnQubits\basis_direct_encoding_benchmarks\quantum_circuits\two_qutrit\product__U_SX__V_SX,C:\Users\szymon\QuditsOnQubits\QuditsOnQubits\basis_direct_encoding_benchmarks\quantum_circuits\two_qutrit\product__U_SX__V_SX\F3_W.qpy,C:\Users\szymon\QuditsOnQubits\QuditsOnQubits\basis_direct_encoding_benchmarks\quantum_circuits\two_qutrit\product__U_SX__V_SX\CZ3_W.qpy,C:\Users\szymon\QuditsOnQubits\QuditsOnQubits\basis_direct_encoding_benchmarks\quantum_circuits\two_qutrit\product__U_SX__V_SX\graph_state_direct_basis.qpy,C:\Users\szymon\QuditsOnQubits\QuditsOnQubits\basis_direct_encoding_benchmarks\quantum_circuits\two_qutrit\product__U_SX__V_SX\graph_state_direct_basis_transpiled.qpy,,C:\Users\szymon\QuditsOnQubits\QuditsOnQubits\basis_direct_encoding_benchmarks\quantum_circuits\two_qutrit\product__U_SX__V_SX\E.npy
direct_basis_encoding,two_qutrit,two_qutrit,star,two_qutrit,2,2,4,U_SX__V_SXdg,product,product,U_SX__V_SXdg,False,True,208,601,809,508,,,2.331778,True,False,ok,,Converted from legacy E_new 4x3 isometry candidate.; Fidelity skipped because transpiled circuit has 128 qubits.,508,510.2,2.23,809,809.9,208,208.0,128,"{'rz': 221, 'sx': 199, 'rx': 181, 'cz': 164, 'rzz': 44}",10,10,0,C:\Users\szymon\QuditsOnQubits\QuditsOnQubits\basis_direct_encoding_benchmarks\quantum_circuits\two_qutrit\product__U_SX__V_SXdg,C:\Users\szymon\QuditsOnQubits\QuditsOnQubits\basis_direct_encoding_benchmarks\quantum_circuits\two_qutrit\product__U_SX__V_SXdg\F3_W.qpy,C:\Users\szymon\QuditsOnQubits\QuditsOnQubits\basis_direct_encoding_benchmarks\quantum_circuits\two_qutrit\product__U_SX__V_SXdg\CZ3_W.qpy,C:\Users\szymon\QuditsOnQubits\QuditsOnQubits\basis_direct_encoding_benchmarks\quantum_circuits\two_qutrit\product__U_SX__V_SXdg\graph_state_direct_basis.qpy,C:\Users\szymon\QuditsOnQubits\QuditsOnQubits\basis_direct_encoding_benchmarks\quantum_circuits\two_qutrit\product__U_SX__V_SXdg\graph_state_direct_basis_transpiled.qpy,,C:\Users\szymon\QuditsOnQubits\QuditsOnQubits\basis_direct_encoding_benchmarks\quantum_circuits\two_qutrit\product__U_SX__V_SXdg\E.npy
direct_basis_encoding,two_qutrit,two_qutrit,star,two_qutrit,2,2,4,U_SX__V_H,product,product,U_SX__V_H,False,True,207,603,810,509,,,2.288241,True,False,ok,,Converted from legacy E_new 4x3 isometry candidate.; Fidelity skipped because transpiled circuit has 128 qubits.,509,511.4,2.06,810,810.6,207,207.0,128,"{'rz': 224, 'sx': 199, 'rx': 180, 'cz': 164, 'rzz': 43}",10,10,0,C:\Users\szymon\QuditsOnQubits\QuditsOnQubits\basis_direct_encoding_benchmarks\quantum_circuits\two_qutrit\product__U_SX__V_H,C:\Users\szymon\QuditsOnQubits\QuditsOnQubits\basis_direct_encoding_benchmarks\quantum_circuits\two_qutrit\product__U_SX__V_H\F3_W.qpy,C:\Users\szymon\QuditsOnQubits\QuditsOnQubits\basis_direct_encoding_benchmarks\quantum_circuits\two_qutrit\product__U_SX__V_H\CZ3_W.qpy,C:\Users\szymon\QuditsOnQubits\QuditsOnQubits\basis_direct_encoding_benchmarks\quantum_circuits\two_qutrit\product__U_SX__V_H\graph_state_direct_basis.qpy,C:\Users\szymon\QuditsOnQubits\QuditsOnQubits\basis_direct_encoding_benchmarks\quantum_circuits\two_qutrit\product__U_SX__V_H\graph_state_direct_basis_transpiled.qpy,,C:\Users\szymon\QuditsOnQubits\QuditsOnQubits\basis_direct_encoding_benchmarks\quantum_circuits\two_qutrit\product__U_SX__V_H\E.npy
direct_basis_encoding,two_qutrit,two_qutrit,star,two_qutrit,2,2,4,U_SX__V_HS,product,product,U_SX__V_HS,False,True,215,617,832,521,,,2.377948,True,False,ok,,Converted from legacy E_new 4x3 isometry candidate.; Fidelity skipped because transpiled circuit has 128 qubits.,521,522.5,1.5,832,832.3,215,215.0,128,"{'rz': 223, 'sx': 211, 'rx': 183, 'cz': 172, 'rzz': 43}",10,10,0,C:\Users\szymon\QuditsOnQubits\QuditsOnQubits\basis_direct_encoding_benchmarks\quantum_circuits\two_qutrit\product__U_SX__V_HS,C:\Users\szymon\QuditsOnQubits\QuditsOnQubits\basis_direct_encoding_benchmarks\quantum_circuits\two_qutrit\product__U_SX__V_HS\F3_W.qpy,C:\Users\szymon\QuditsOnQubits\QuditsOnQubits\basis_direct_encoding_benchmarks\quantum_circuits\two_qutrit\product__U_SX__V_HS\CZ3_W.qpy,C:\Users\szymon\QuditsOnQubits\QuditsOnQubits\basis_direct_encoding_benchmarks\quantum_circuits\two_qutrit\product__U_SX__V_HS\graph_state_direct_basis.qpy,C:\Users\szymon\QuditsOnQubits\QuditsOnQubits\basis_direct_encoding_benchmarks\quantum_circuits\two_qutrit\product__U_SX__V_HS\graph_state_direct_basis_transpiled.qpy,,C:\Users\szymon\QuditsOnQubits\QuditsOnQubits\basis_direct_encoding_benchmarks\quantum_circuits\two_qutrit\product__U_SX__V_HS\E.npy
direct_basis_encoding,two_qutrit,two_qutrit,star,two_qutrit,2,2,4,U_SX__V_SH,product,product,U_SX__V_SH,False,True,192,567,759,477,,,2.516964,True,False,ok,,Converted from legacy E_new 4x3 isometry candidate.; Fidelity skipped because transpiled circuit has 128 qubits.,477,479.5,2.06,759,760.7,192,193.4,128,"{'rz': 214, 'sx': 183, 'rx': 170, 'cz': 152, 'rzz': 40}",10,10,0,C:\Users\szymon\QuditsOnQubits\QuditsOnQubits\basis_direct_encoding_benchmarks\quantum_circuits\two_qutrit\product__U_SX__V_SH,C:\Users\szymon\QuditsOnQubits\QuditsOnQubits\basis_direct_encoding_benchmarks\quantum_circuits\two_qutrit\product__U_SX__V_SH\F3_W.qpy,C:\Users\szymon\QuditsOnQubits\QuditsOnQubits\basis_direct_encoding_benchmarks\quantum_circuits\two_qutrit\product__U_SX__V_SH\CZ3_W.qpy,C:\Users\szymon\QuditsOnQubits\QuditsOnQubits\basis_direct_encoding_benchmarks\quantum_circuits\two_qutrit\product__U_SX__V_SH\graph_state_direct_basis.qpy,C:\Users\szymon\QuditsOnQubits\QuditsOnQubits\basis_direct_encoding_benchmarks\quantum_circuits\two_qutrit\product__U_SX__V_SH\graph_state_direct_basis_transpiled.qpy,,C:\Users\szymon\QuditsOnQubits\QuditsOnQubits\basis_direct_encoding_benchmarks\quantum_circuits\two_qutrit\product__U_SX__V_SH\E.npy
direct_basis_encoding,two_qutrit,two_qutrit,star,two_qutrit,2,2,4,U_SX__V_Z,product,product,U_SX__V_Z,False,True,103,317,420,263,,,1.775023,True,False,ok,,Converted from legacy E_new 4x3 isometry candidate.; Fidelity skipped because transpiled circuit has 128 qubits.,263,264.5,1.5,420,420.3,103,103.0,128,"{'rz': 126, 'rx': 103, 'sx': 88, 'cz': 74, 'rzz': 29}",10,10,0,C:\Users\szymon\QuditsOnQubits\QuditsOnQubits\basis_direct_encoding_benchmarks\quantum_circuits\two_qutrit\product__U_SX__V_Z,C:\Users\szymon\QuditsOnQubits\QuditsOnQubits\basis_direct_encoding_benchmarks\quantum_circuits\two_qutrit\product__U_SX__V_Z\F3_W.qpy,C:\Users\szymon\QuditsOnQubits\QuditsOnQubits\basis_direct_encoding_benchmarks\quantum_circuits\two_qutrit\product__U_SX__V_Z\CZ3_W.qpy,C:\Users\szymon\QuditsOnQubits\QuditsOnQubits\basis_direct_encoding_benchmarks\quantum_circuits\two_qutrit\product__U_SX__V_Z\graph_state_direct_basis.qpy,C:\Users\szymon\QuditsOnQubits\QuditsOnQubits\basis_direct_encoding_benchmarks\quantum_circuits\two_qutrit\product__U_SX__V_Z\graph_state_direct_basis_transpiled.qpy,,C:\Users\szymon\QuditsOnQubits\QuditsOnQubits\basis_direct_encoding_benchmarks\quantum_circuits\two_qutrit\product__U_SX__V_Z\E.npy
direct_basis_encoding,two_qutrit,two_qutrit,star,two_qutrit,2,2,4,U_SXdg__V_I,product,product,U_SXdg__V_I,False,True,103,318,421,264,,,1.77646,True,False,ok,,Converted from legacy E_new 4x3 isometry candidate.; Fidelity skipped because transpiled circuit has 128 qubits.,264,265.5,1.5,421,421.3,103,103.0,128,"{'rz': 126, 'rx': 104, 'sx': 88, 'cz': 74, 'rzz': 29}",10,10,0,C:\Users\szymon\QuditsOnQubits\QuditsOnQubits\basis_direct_encoding_benchmarks\quantum_circuits\two_qutrit\product__U_SXdg__V_I,C:\Users\szymon\QuditsOnQubits\QuditsOnQubits\basis_direct_encoding_benchmarks\quantum_circuits\two_qutrit\product__U_SXdg__V_I\F3_W.qpy,C:\Users\szymon\QuditsOnQubits\QuditsOnQubits\basis_direct_encoding_benchmarks\quantum_circuits\two_qutrit\product__U_SXdg__V_I\CZ3_W.qpy,C:\Users\szymon\QuditsOnQubits\QuditsOnQubits\basis_direct_encoding_benchmarks\quantum_circuits\two_qutrit\product__U_SXdg__V_I\graph_state_direct_basis.qpy,C:\Users\szymon\QuditsOnQubits\QuditsOnQubits\basis_direct_encoding_benchmarks\quantum_circuits\two_qutrit\product__U_SXdg__V_I\graph_state_direct_basis_transpiled.qpy,,C:\Users\szymon\QuditsOnQubits\QuditsOnQubits\basis_direct_encoding_benchmarks\quantum_circuits\two_qutrit\product__U_SXdg__V_I\E.npy
direct_basis_encoding,two_qutrit,two_qutrit,star,two_qutrit,2,2,4,U_SXdg__V_X,product,product,U_SXdg__V_X,False,True,103,318,421,264,,,1.510088,True,False,ok,,Converted from legacy E_new 4x3 isometry candidate.; Fidelity skipped because transpiled circuit has 128 qubits.,264,265.5,1.5,421,421.3,103,103.0,128,"{'rz': 126, 'rx': 104, 'sx': 88, 'cz': 74, 'rzz': 29}",10,10,0,C:\Users\szymon\QuditsOnQubits\QuditsOnQubits\basis_direct_encoding_benchmarks\quantum_circuits\two_qutrit\product__U_SXdg__V_X,C:\Users\szymon\QuditsOnQubits\QuditsOnQubits\basis_direct_encoding_benchmarks\quantum_circuits\two_qutrit\product__U_SXdg__V_X\F3_W.qpy,C:\Users\szymon\QuditsOnQubits\QuditsOnQubits\basis_direct_encoding_benchmarks\quantum_circuits\two_qutrit\product__U_SXdg__V_X\CZ3_W.qpy,C:\Users\szymon\QuditsOnQubits\QuditsOnQubits\basis_direct_encoding_benchmarks\quantum_circuits\two_qutrit\product__U_SXdg__V_X\graph_state_direct_basis.qpy,C:\Users\szymon\QuditsOnQubits\QuditsOnQubits\basis_direct_encoding_benchmarks\quantum_circuits\two_qutrit\product__U_SXdg__V_X\graph_state_direct_basis_transpiled.qpy,,C:\Users\szymon\QuditsOnQubits\QuditsOnQubits\basis_direct_encoding_benchmarks\quantum_circuits\two_qutrit\product__U_SXdg__V_X\E.npy
direct_basis_encoding,two_qutrit,two_qutrit,star,two_qutrit,2,2,4,U_SXdg__V_SX,product,product,U_SXdg__V_SX,False,True,199,580,779,488,,,2.335888,True,False,ok,,Converted from legacy E_new 4x3 isometry candidate.; Fidelity skipped because transpiled circuit has 128 qubits.,488,489.6,1.96,779,779.7,199,199.0,128,"{'rz': 215, 'sx': 189, 'rx': 176, 'cz': 156, 'rzz': 43}",10,10,0,C:\Users\szymon\QuditsOnQubits\QuditsOnQubits\basis_direct_encoding_benchmarks\quantum_circuits\two_qutrit\product__U_SXdg__V_SX,C:\Users\szymon\QuditsOnQubits\QuditsOnQubits\basis_direct_encoding_benchmarks\quantum_circuits\two_qutrit\product__U_SXdg__V_SX\F3_W.qpy,C:\Users\szymon\QuditsOnQubits\QuditsOnQubits\basis_direct_encoding_benchmarks\quantum_circuits\two_qutrit\product__U_SXdg__V_SX\CZ3_W.qpy,C:\Users\szymon\QuditsOnQubits\QuditsOnQubits\basis_direct_encoding_benchmarks\quantum_circuits\two_qutrit\product__U_SXdg__V_SX\graph_state_direct_basis.qpy,C:\Users\szymon\QuditsOnQubits\QuditsOnQubits\basis_direct_encoding_benchmarks\quantum_circuits\two_qutrit\product__U_SXdg__V_SX\graph_state_direct_basis_transpiled.qpy,,C:\Users\szymon\QuditsOnQubits\QuditsOnQubits\basis_direct_encoding_benchmarks\quantum_circuits\two_qutrit\product__U_SXdg__V_SX\E.npy
direct_basis_encoding,two_qutrit,two_qutrit,star,two_qutrit,2,2,4,U_SXdg__V_SXdg,product,product,U_SXdg__V_SXdg,False,True,199,579,778,487,,,1.966231,True,False,ok,,Converted from legacy E_new 4x3 isometry candidate.; Fidelity skipped because transpiled circuit has 128 qubits.,487,488.9,2.34,778,778.6,199,199.0,128,"{'rz': 214, 'sx': 189, 'rx': 176, 'cz': 156, 'rzz': 43}",10,10,0,C:\Users\szymon\QuditsOnQubits\QuditsOnQubits\basis_direct_encoding_benchmarks\quantum_circuits\two_qutrit\product__U_SXdg__V_SXdg,C:\Users\szymon\QuditsOnQubits\QuditsOnQubits\basis_direct_encoding_benchmarks\quantum_circuits\two_qutrit\product__U_SXdg__V_SXdg\F3_W.qpy,C:\Users\szymon\QuditsOnQubits\QuditsOnQubits\basis_direct_encoding_benchmarks\quantum_circuits\two_qutrit\product__U_SXdg__V_SXdg\CZ3_W.qpy,C:\Users\szymon\QuditsOnQubits\QuditsOnQubits\basis_direct_encoding_benchmarks\quantum_circuits\two_qutrit\product__U_SXdg__V_SXdg\graph_state_direct_basis.qpy,C:\Users\szymon\QuditsOnQubits\QuditsOnQubits\basis_direct_encoding_benchmarks\quantum_circuits\two_qutrit\product__U_SXdg__V_SXdg\graph_state_direct_basis_transpiled.qpy,,C:\Users\szymon\QuditsOnQubits\QuditsOnQubits\basis_direct_encoding_benchmarks\quantum_circuits\two_qutrit\product__U_SXdg__V_SXdg\E.npy
direct_basis_encoding,two_qutrit,two_qutrit,star,two_qutrit,2,2,4,U_SXdg__V_H,product,product,U_SXdg__V_H,False,True,215,620,835,524,,,2.240585,True,False,ok,,Converted from legacy E_new 4x3 isometry candidate.; Fidelity skipped because transpiled circuit has 128 qubits.,524,525.2,1.25,835,835.0,215,215.0,128,"{'rz': 225, 'sx': 211, 'rx': 184, 'cz': 172, 'rzz': 43}",10,10,0,C:\Users\szymon\QuditsOnQubits\QuditsOnQubits\basis_direct_encoding_benchmarks\quantum_circuits\two_qutrit\product__U_SXdg__V_H,C:\Users\szymon\QuditsOnQubits\QuditsOnQubits\basis_direct_encoding_benchmarks\quantum_circuits\two_qutrit\product__U_SXdg__V_H\F3_W.qpy,C:\Users\szymon\QuditsOnQubits\QuditsOnQubits\basis_direct_encoding_benchmarks\quantum_circuits\two_qutrit\product__U_SXdg__V_H\CZ3_W.qpy,C:\Users\szymon\QuditsOnQubits\QuditsOnQubits\basis_direct_encoding_benchmarks\quantum_circuits\two_qutrit\product__U_SXdg__V_H\graph_state_direct_basis.qpy,C:\Users\szymon\QuditsOnQubits\QuditsOnQubits\basis_direct_encoding_benchmarks\quantum_circuits\two_qutrit\product__U_SXdg__V_H\graph_state_direct_basis_transpiled.qpy,,C:\Users\szymon\QuditsOnQubits\QuditsOnQubits\basis_direct_encoding_benchmarks\quantum_circuits\two_qutrit\product__U_SXdg__V_H\E.npy
direct_basis_encoding,two_qutrit,two_qutrit,star,two_qutrit,2,2,4,U_SXdg__V_HS,product,product,U_SXdg__V_HS,False,True,198,579,777,487,,,2.175433,True,False,ok,,Converted from legacy E_new 4x3 isometry candidate.; Fidelity skipped because transpiled circuit has 128 qubits.,487,488.6,1.96,777,778.0,198,198.0,128,"{'rz': 215, 'sx': 189, 'rx': 175, 'cz': 156, 'rzz': 42}",10,10,0,C:\Users\szymon\QuditsOnQubits\QuditsOnQubits\basis_direct_encoding_benchmarks\quantum_circuits\two_qutrit\product__U_SXdg__V_HS,C:\Users\szymon\QuditsOnQubits\QuditsOnQubits\basis_direct_encoding_benchmarks\quantum_circuits\two_qutrit\product__U_SXdg__V_HS\F3_W.qpy,C:\Users\szymon\QuditsOnQubits\QuditsOnQubits\basis_direct_encoding_benchmarks\quantum_circuits\two_qutrit\product__U_SXdg__V_HS\CZ3_W.qpy,C:\Users\szymon\QuditsOnQubits\QuditsOnQubits\basis_direct_encoding_benchmarks\quantum_circuits\two_qutrit\product__U_SXdg__V_HS\graph_state_direct_basis.qpy,C:\Users\szymon\QuditsOnQubits\QuditsOnQubits\basis_direct_encoding_benchmarks\quantum_circuits\two_qutrit\product__U_SXdg__V_HS\graph_state_direct_basis_transpiled.qpy,,C:\Users\szymon\QuditsOnQubits\QuditsOnQubits\basis_direct_encoding_benchmarks\quantum_circuits\two_qutrit\product__U_SXdg__V_HS\E.npy
direct_basis_encoding,two_qutrit,two_qutrit,star,two_qutrit,2,2,4,U_SXdg__V_SH,product,product,U_SXdg__V_SH,False,True,208,606,814,513,,,2.245469,True,False,ok,,Converted from legacy E_new 4x3 isometry candidate.; Fidelity skipped because transpiled circuit has 128 qubits.,513,515.0,2.0,814,814.9,208,208.0,128,"{'rz': 224, 'sx': 199, 'rx': 183, 'cz': 164, 'rzz': 44}",10,10,0,C:\Users\szymon\QuditsOnQubits\QuditsOnQubits\basis_direct_encoding_benchmarks\quantum_circuits\two_qutrit\product__U_SXdg__V_SH,C:\Users\szymon\QuditsOnQubits\QuditsOnQubits\basis_direct_encoding_benchmarks\quantum_circuits\two_qutrit\product__U_SXdg__V_SH\F3_W.qpy,C:\Users\szymon\QuditsOnQubits\QuditsOnQubits\basis_direct_encoding_benchmarks\quantum_circuits\two_qutrit\product__U_SXdg__V_SH\CZ3_W.qpy,C:\Users\szymon\QuditsOnQubits\QuditsOnQubits\basis_direct_encoding_benchmarks\quantum_circuits\two_qutrit\product__U_SXdg__V_SH\graph_state_direct_basis.qpy,C:\Users\szymon\QuditsOnQubits\QuditsOnQubits\basis_direct_encoding_benchmarks\quantum_circuits\two_qutrit\product__U_SXdg__V_SH\graph_state_direct_basis_transpiled.qpy,,C:\Users\szymon\QuditsOnQubits\QuditsOnQubits\basis_direct_encoding_benchmarks\quantum_circuits\two_qutrit\product__U_SXdg__V_SH\E.npy
direct_basis_encoding,two_qutrit,two_qutrit,star,two_qutrit,2,2,4,U_SXdg__V_Z,product,product,U_SXdg__V_Z,False,True,103,318,421,264,,,1.593181,True,False,ok,,Converted from legacy E_new 4x3 isometry candidate.; Fidelity skipped because transpiled circuit has 128 qubits.,264,265.5,1.5,421,421.3,103,103.0,128,"{'rz': 126, 'rx': 104, 'sx': 88, 'cz': 74, 'rzz': 29}",10,10,0,C:\Users\szymon\QuditsOnQubits\QuditsOnQubits\basis_direct_encoding_benchmarks\quantum_circuits\two_qutrit\product__U_SXdg__V_Z,C:\Users\szymon\QuditsOnQubits\QuditsOnQubits\basis_direct_encoding_benchmarks\quantum_circuits\two_qutrit\product__U_SXdg__V_Z\F3_W.qpy,C:\Users\szymon\QuditsOnQubits\QuditsOnQubits\basis_direct_encoding_benchmarks\quantum_circuits\two_qutrit\product__U_SXdg__V_Z\CZ3_W.qpy,C:\Users\szymon\QuditsOnQubits\QuditsOnQubits\basis_direct_encoding_benchmarks\quantum_circuits\two_qutrit\product__U_SXdg__V_Z\graph_state_direct_basis.qpy,C:\Users\szymon\QuditsOnQubits\QuditsOnQubits\basis_direct_encoding_benchmarks\quantum_circuits\two_qutrit\product__U_SXdg__V_Z\graph_state_direct_basis_transpiled.qpy,,C:\Users\szymon\QuditsOnQubits\QuditsOnQubits\basis_direct_encoding_benchmarks\quantum_circuits\two_qutrit\product__U_SXdg__V_Z\E.npy
direct_basis_encoding,two_qutrit,two_qutrit,star,two_qutrit,2,2,4,U_H__V_I,product,product,U_H__V_I,False,True,103,313,416,261,,,1.529022,True,False,ok,,Converted from legacy E_new 4x3 isometry candidate.; Fidelity skipped because transpiled circuit has 128 qubits.,261,262.5,1.5,416,416.3,103,103.0,128,"{'rz': 124, 'rx': 101, 'sx': 88, 'cz': 74, 'rzz': 29}",10,10,0,C:\Users\szymon\QuditsOnQubits\QuditsOnQubits\basis_direct_encoding_benchmarks\quantum_circuits\two_qutrit\product__U_H__V_I,C:\Users\szymon\QuditsOnQubits\QuditsOnQubits\basis_direct_encoding_benchmarks\quantum_circuits\two_qutrit\product__U_H__V_I\F3_W.qpy,C:\Users\szymon\QuditsOnQubits\QuditsOnQubits\basis_direct_encoding_benchmarks\quantum_circuits\two_qutrit\product__U_H__V_I\CZ3_W.qpy,C:\Users\szymon\QuditsOnQubits\QuditsOnQubits\basis_direct_encoding_benchmarks\quantum_circuits\two_qutrit\product__U_H__V_I\graph_state_direct_basis.qpy,C:\Users\szymon\QuditsOnQubits\QuditsOnQubits\basis_direct_encoding_benchmarks\quantum_circuits\two_qutrit\product__U_H__V_I\graph_state_direct_basis_transpiled.qpy,,C:\Users\szymon\QuditsOnQubits\QuditsOnQubits\basis_direct_encoding_benchmarks\quantum_circuits\two_qutrit\product__U_H__V_I\E.npy
direct_basis_encoding,two_qutrit,two_qutrit,star,two_qutrit,2,2,4,U_H__V_X,product,product,U_H__V_X,False,True,103,314,417,262,,,1.693014,True,False,ok,,Converted from legacy E_new 4x3 isometry candidate.; Fidelity skipped because transpiled circuit has 128 qubits.,262,263.7,1.73,417,417.5,103,103.0,128,"{'rz': 124, 'rx': 102, 'sx': 88, 'cz': 74, 'rzz': 29}",10,10,0,C:\Users\szymon\QuditsOnQubits\QuditsOnQubits\basis_direct_encoding_benchmarks\quantum_circuits\two_qutrit\product__U_H__V_X,C:\Users\szymon\QuditsOnQubits\QuditsOnQubits\basis_direct_encoding_benchmarks\quantum_circuits\two_qutrit\product__U_H__V_X\F3_W.qpy,C:\Users\szymon\QuditsOnQubits\QuditsOnQubits\basis_direct_encoding_benchmarks\quantum_circuits\two_qutrit\product__U_H__V_X\CZ3_W.qpy,C:\Users\szymon\QuditsOnQubits\QuditsOnQubits\basis_direct_encoding_benchmarks\quantum_circuits\two_qutrit\product__U_H__V_X\graph_state_direct_basis.qpy,C:\Users\szymon\QuditsOnQubits\QuditsOnQubits\basis_direct_encoding_benchmarks\quantum_circuits\two_qutrit\product__U_H__V_X\graph_state_direct_basis_transpiled.qpy,,C:\Users\szymon\QuditsOnQubits\QuditsOnQubits\basis_direct_encoding_benchmarks\quantum_circuits\two_qutrit\product__U_H__V_X\E.npy
direct_basis_encoding,two_qutrit,two_qutrit,star,two_qutrit,2,2,4,U_H__V_SX,product,product,U_H__V_SX,False,True,213,602,815,514,,,2.268453,True,False,ok,,Converted from legacy E_new 4x3 isometry candidate.; Fidelity skipped because transpiled circuit has 128 qubits.,514,516.2,1.66,815,815.7,213,213.0,128,"{'rz': 215, 'sx': 211, 'rx': 176, 'cz': 172, 'rzz': 41}",10,10,0,C:\Users\szymon\QuditsOnQubits\QuditsOnQubits\basis_direct_encoding_benchmarks\quantum_circuits\two_qutrit\product__U_H__V_SX,C:\Users\szymon\QuditsOnQubits\QuditsOnQubits\basis_direct_encoding_benchmarks\quantum_circuits\two_qutrit\product__U_H__V_SX\F3_W.qpy,C:\Users\szymon\QuditsOnQubits\QuditsOnQubits\basis_direct_encoding_benchmarks\quantum_circuits\two_qutrit\product__U_H__V_SX\CZ3_W.qpy,C:\Users\szymon\QuditsOnQubits\QuditsOnQubits\basis_direct_encoding_benchmarks\quantum_circuits\two_qutrit\product__U_H__V_SX\graph_state_direct_basis.qpy,C:\Users\szymon\QuditsOnQubits\QuditsOnQubits\basis_direct_encoding_benchmarks\quantum_circuits\two_qutrit\product__U_H__V_SX\graph_state_direct_basis_transpiled.qpy,,C:\Users\szymon\QuditsOnQubits\QuditsOnQubits\basis_direct_encoding_benchmarks\quantum_circuits\two_qutrit\product__U_H__V_SX\E.npy
direct_basis_encoding,two_qutrit,two_qutrit,star,two_qutrit,2,2,4,U_H__V_SXdg,product,product,U_H__V_SXdg,False,True,215,618,833,522,,,2.495187,True,False,ok,,Converted from legacy E_new 4x3 isometry candidate.; Fidelity skipped because transpiled circuit has 128 qubits.,522,524.2,2.23,833,834.0,215,215.0,128,"{'rz': 224, 'sx': 211, 'rx': 183, 'cz': 172, 'rzz': 43}",10,10,0,C:\Users\szymon\QuditsOnQubits\QuditsOnQubits\basis_direct_encoding_benchmarks\quantum_circuits\two_qutrit\product__U_H__V_SXdg,C:\Users\szymon\QuditsOnQubits\QuditsOnQubits\basis_direct_encoding_benchmarks\quantum_circuits\two_qutrit\product__U_H__V_SXdg\F3_W.qpy,C:\Users\szymon\QuditsOnQubits\QuditsOnQubits\basis_direct_encoding_benchmarks\quantum_circuits\two_qutrit\product__U_H__V_SXdg\CZ3_W.qpy,C:\Users\szymon\QuditsOnQubits\QuditsOnQubits\basis_direct_encoding_benchmarks\quantum_circuits\two_qutrit\product__U_H__V_SXdg\graph_state_direct_basis.qpy,C:\Users\szymon\QuditsOnQubits\QuditsOnQubits\basis_direct_encoding_benchmarks\quantum_circuits\two_qutrit\product__U_H__V_SXdg\graph_state_direct_basis_transpiled.qpy,,C:\Users\szymon\QuditsOnQubits\QuditsOnQubits\basis_direct_encoding_benchmarks\quantum_circuits\two_qutrit\product__U_H__V_SXdg\E.npy
direct_basis_encoding,two_qutrit,two_qutrit,star,two_qutrit,2,2,4,U_H__V_H,product,product,U_H__V_H,False,True,207,598,805,507,,,2.361704,True,False,ok,,Converted from legacy E_new 4x3 isometry candidate.; Fidelity skipped because transpiled circuit has 128 qubits.,507,509.0,2.0,805,806.9,207,207.0,128,"{'rz': 220, 'sx': 199, 'rx': 179, 'cz': 164, 'rzz': 43}",10,10,0,C:\Users\szymon\QuditsOnQubits\QuditsOnQubits\basis_direct_encoding_benchmarks\quantum_circuits\two_qutrit\product__U_H__V_H,C:\Users\szymon\QuditsOnQubits\QuditsOnQubits\basis_direct_encoding_benchmarks\quantum_circuits\two_qutrit\product__U_H__V_H\F3_W.qpy,C:\Users\szymon\QuditsOnQubits\QuditsOnQubits\basis_direct_encoding_benchmarks\quantum_circuits\two_qutrit\product__U_H__V_H\CZ3_W.qpy,C:\Users\szymon\QuditsOnQubits\QuditsOnQubits\basis_direct_encoding_benchmarks\quantum_circuits\two_qutrit\product__U_H__V_H\graph_state_direct_basis.qpy,C:\Users\szymon\QuditsOnQubits\QuditsOnQubits\basis_direct_encoding_benchmarks\quantum_circuits\two_qutrit\product__U_H__V_H\graph_state_direct_basis_transpiled.qpy,,C:\Users\szymon\QuditsOnQubits\QuditsOnQubits\basis_direct_encoding_benchmarks\quantum_circuits\two_qutrit\product__U_H__V_H\E.npy
direct_basis_encoding,two_qutrit,two_qutrit,star,two_qutrit,2,2,4,U_H__V_HS,product,product,U_H__V_HS,False,True,198,578,776,487,,,2.082274,True,False,ok,,Converted from legacy E_new 4x3 isometry candidate.; Fidelity skipped because transpiled circuit has 128 qubits.,487,488.6,1.96,776,776.8,198,198.0,128,"{'rz': 215, 'sx': 189, 'rx': 174, 'cz': 156, 'rzz': 42}",10,10,0,C:\Users\szymon\QuditsOnQubits\QuditsOnQubits\basis_direct_encoding_benchmarks\quantum_circuits\two_qutrit\product__U_H__V_HS,C:\Users\szymon\QuditsOnQubits\QuditsOnQubits\basis_direct_encoding_benchmarks\quantum_circuits\two_qutrit\product__U_H__V_HS\F3_W.qpy,C:\Users\szymon\QuditsOnQubits\QuditsOnQubits\basis_direct_encoding_benchmarks\quantum_circuits\two_qutrit\product__U_H__V_HS\CZ3_W.qpy,C:\Users\szymon\QuditsOnQubits\QuditsOnQubits\basis_direct_encoding_benchmarks\quantum_circuits\two_qutrit\product__U_H__V_HS\graph_state_direct_basis.qpy,C:\Users\szymon\QuditsOnQubits\QuditsOnQubits\basis_direct_encoding_benchmarks\quantum_circuits\two_qutrit\product__U_H__V_HS\graph_state_direct_basis_transpiled.qpy,,C:\Users\szymon\QuditsOnQubits\QuditsOnQubits\basis_direct_encoding_benchmarks\quantum_circuits\two_qutrit\product__U_H__V_HS\E.npy
direct_basis_encoding,two_qutrit,two_qutrit,star,two_qutrit,2,2,4,U_H__V_SH,product,product,U_H__V_SH,False,True,215,619,834,523,,,2.500794,True,False,ok,,Converted from legacy E_new 4x3 isometry candidate.; Fidelity skipped because transpiled circuit has 128 qubits.,523,524.7,1.73,834,834.5,215,215.0,128,"{'rz': 225, 'sx': 211, 'rx': 183, 'cz': 172, 'rzz': 43}",10,10,0,C:\Users\szymon\QuditsOnQubits\QuditsOnQubits\basis_direct_encoding_benchmarks\quantum_circuits\two_qutrit\product__U_H__V_SH,C:\Users\szymon\QuditsOnQubits\QuditsOnQubits\basis_direct_encoding_benchmarks\quantum_circuits\two_qutrit\product__U_H__V_SH\F3_W.qpy,C:\Users\szymon\QuditsOnQubits\QuditsOnQubits\basis_direct_encoding_benchmarks\quantum_circuits\two_qutrit\product__U_H__V_SH\CZ3_W.qpy,C:\Users\szymon\QuditsOnQubits\QuditsOnQubits\basis_direct_encoding_benchmarks\quantum_circuits\two_qutrit\product__U_H__V_SH\graph_state_direct_basis.qpy,C:\Users\szymon\QuditsOnQubits\QuditsOnQubits\basis_direct_encoding_benchmarks\quantum_circuits\two_qutrit\product__U_H__V_SH\graph_state_direct_basis_transpiled.qpy,,C:\Users\szymon\QuditsOnQubits\QuditsOnQubits\basis_direct_encoding_benchmarks\quantum_circuits\two_qutrit\product__U_H__V_SH\E.npy
direct_basis_encoding,two_qutrit,two_qutrit,star,two_qutrit,2,2,4,U_H__V_Z,product,product,U_H__V_Z,False,True,103,313,416,261,,,1.845095,True,False,ok,,Converted from legacy E_new 4x3 isometry candidate.; Fidelity skipped because transpiled circuit has 128 qubits.,261,262.5,1.5,416,416.3,103,103.0,128,"{'rz': 124, 'rx': 101, 'sx': 88, 'cz': 74, 'rzz': 29}",10,10,0,C:\Users\szymon\QuditsOnQubits\QuditsOnQubits\basis_direct_encoding_benchmarks\quantum_circuits\two_qutrit\product__U_H__V_Z,C:\Users\szymon\QuditsOnQubits\QuditsOnQubits\basis_direct_encoding_benchmarks\quantum_circuits\two_qutrit\product__U_H__V_Z\F3_W.qpy,C:\Users\szymon\QuditsOnQubits\QuditsOnQubits\basis_direct_encoding_benchmarks\quantum_circuits\two_qutrit\product__U_H__V_Z\CZ3_W.qpy,C:\Users\szymon\QuditsOnQubits\QuditsOnQubits\basis_direct_encoding_benchmarks\quantum_circuits\two_qutrit\product__U_H__V_Z\graph_state_direct_basis.qpy,C:\Users\szymon\QuditsOnQubits\QuditsOnQubits\basis_direct_encoding_benchmarks\quantum_circuits\two_qutrit\product__U_H__V_Z\graph_state_direct_basis_transpiled.qpy,,C:\Users\szymon\QuditsOnQubits\QuditsOnQubits\basis_direct_encoding_benchmarks\quantum_circuits\two_qutrit\product__U_H__V_Z\E.npy
direct_basis_encoding,two_qutrit,two_qutrit,star,two_qutrit,2,2,4,U_HS__V_I,product,product,U_HS__V_I,False,True,103,315,418,261,,,1.869777,True,False,ok,,Converted from legacy E_new 4x3 isometry candidate.; Fidelity skipped because transpiled circuit has 128 qubits.,261,262.5,1.5,418,418.3,103,103.0,128,"{'rz': 126, 'rx': 101, 'sx': 88, 'cz': 74, 'rzz': 29}",10,10,0,C:\Users\szymon\QuditsOnQubits\QuditsOnQubits\basis_direct_encoding_benchmarks\quantum_circuits\two_qutrit\product__U_HS__V_I,C:\Users\szymon\QuditsOnQubits\QuditsOnQubits\basis_direct_encoding_benchmarks\quantum_circuits\two_qutrit\product__U_HS__V_I\F3_W.qpy,C:\Users\szymon\QuditsOnQubits\QuditsOnQubits\basis_direct_encoding_benchmarks\quantum_circuits\two_qutrit\product__U_HS__V_I\CZ3_W.qpy,C:\Users\szymon\QuditsOnQubits\QuditsOnQubits\basis_direct_encoding_benchmarks\quantum_circuits\two_qutrit\product__U_HS__V_I\graph_state_direct_basis.qpy,C:\Users\szymon\QuditsOnQubits\QuditsOnQubits\basis_direct_encoding_benchmarks\quantum_circuits\two_qutrit\product__U_HS__V_I\graph_state_direct_basis_transpiled.qpy,,C:\Users\szymon\QuditsOnQubits\QuditsOnQubits\basis_direct_encoding_benchmarks\quantum_circuits\two_qutrit\product__U_HS__V_I\E.npy
direct_basis_encoding,two_qutrit,two_qutrit,star,two_qutrit,2,2,4,U_HS__V_X,product,product,U_HS__V_X,False,True,103,316,419,262,,,1.933795,True,False,ok,,Converted from legacy E_new 4x3 isometry candidate.; Fidelity skipped because transpiled circuit has 128 qubits.,262,263.7,1.73,419,419.5,103,103.0,128,"{'rz': 126, 'rx': 102, 'sx': 88, 'cz': 74, 'rzz': 29}",10,10,0,C:\Users\szymon\QuditsOnQubits\QuditsOnQubits\basis_direct_encoding_benchmarks\quantum_circuits\two_qutrit\product__U_HS__V_X,C:\Users\szymon\QuditsOnQubits\QuditsOnQubits\basis_direct_encoding_benchmarks\quantum_circuits\two_qutrit\product__U_HS__V_X\F3_W.qpy,C:\Users\szymon\QuditsOnQubits\QuditsOnQubits\basis_direct_encoding_benchmarks\quantum_circuits\two_qutrit\product__U_HS__V_X\CZ3_W.qpy,C:\Users\szymon\QuditsOnQubits\QuditsOnQubits\basis_direct_encoding_benchmarks\quantum_circuits\two_qutrit\product__U_HS__V_X\graph_state_direct_basis.qpy,C:\Users\szymon\QuditsOnQubits\QuditsOnQubits\basis_direct_encoding_benchmarks\quantum_circuits\two_qutrit\product__U_HS__V_X\graph_state_direct_basis_transpiled.qpy,,C:\Users\szymon\QuditsOnQubits\QuditsOnQubits\basis_direct_encoding_benchmarks\quantum_circuits\two_qutrit\product__U_HS__V_X\E.npy
direct_basis_encoding,two_qutrit,two_qutrit,star,two_qutrit,2,2,4,U_HS__V_SX,product,product,U_HS__V_SX,False,True,208,605,813,512,,,2.069452,True,False,ok,,Converted from legacy E_new 4x3 isometry candidate.; Fidelity skipped because transpiled circuit has 128 qubits.,512,513.7,1.73,813,813.6,208,208.0,128,"{'rz': 223, 'sx': 199, 'rx': 183, 'cz': 164, 'rzz': 44}",10,10,0,C:\Users\szymon\QuditsOnQubits\QuditsOnQubits\basis_direct_encoding_benchmarks\quantum_circuits\two_qutrit\product__U_HS__V_SX,C:\Users\szymon\QuditsOnQubits\QuditsOnQubits\basis_direct_encoding_benchmarks\quantum_circuits\two_qutrit\product__U_HS__V_SX\F3_W.qpy,C:\Users\szymon\QuditsOnQubits\QuditsOnQubits\basis_direct_encoding_benchmarks\quantum_circuits\two_qutrit\product__U_HS__V_SX\CZ3_W.qpy,C:\Users\szymon\QuditsOnQubits\QuditsOnQubits\basis_direct_encoding_benchmarks\quantum_circuits\two_qutrit\product__U_HS__V_SX\graph_state_direct_basis.qpy,C:\Users\szymon\QuditsOnQubits\QuditsOnQubits\basis_direct_encoding_benchmarks\quantum_circuits\two_qutrit\product__U_HS__V_SX\graph_state_direct_basis_transpiled.qpy,,C:\Users\szymon\QuditsOnQubits\QuditsOnQubits\basis_direct_encoding_benchmarks\quantum_circuits\two_qutrit\product__U_HS__V_SX\E.npy
direct_basis_encoding,two_qutrit,two_qutrit,star,two_qutrit,2,2,4,U_HS__V_SXdg,product,product,U_HS__V_SXdg,False,True,196,576,772,483,,,2.043747,True,False,ok,,Converted from legacy E_new 4x3 isometry candidate.; Fidelity skipped because transpiled circuit has 128 qubits.,483,486.5,3.2,772,774.3,196,197.4,128,"{'rz': 214, 'sx': 183, 'rx': 179, 'cz': 152, 'rzz': 44}",10,10,0,C:\Users\szymon\QuditsOnQubits\QuditsOnQubits\basis_direct_encoding_benchmarks\quantum_circuits\two_qutrit\product__U_HS__V_SXdg,C:\Users\szymon\QuditsOnQubits\QuditsOnQubits\basis_direct_encoding_benchmarks\quantum_circuits\two_qutrit\product__U_HS__V_SXdg\F3_W.qpy,C:\Users\szymon\QuditsOnQubits\QuditsOnQubits\basis_direct_encoding_benchmarks\quantum_circuits\two_qutrit\product__U_HS__V_SXdg\CZ3_W.qpy,C:\Users\szymon\QuditsOnQubits\QuditsOnQubits\basis_direct_encoding_benchmarks\quantum_circuits\two_qutrit\product__U_HS__V_SXdg\graph_state_direct_basis.qpy,C:\Users\szymon\QuditsOnQubits\QuditsOnQubits\basis_direct_encoding_benchmarks\quantum_circuits\two_qutrit\product__U_HS__V_SXdg\graph_state_direct_basis_transpiled.qpy,,C:\Users\szymon\QuditsOnQubits\QuditsOnQubits\basis_direct_encoding_benchmarks\quantum_circuits\two_qutrit\product__U_HS__V_SXdg\E.npy
direct_basis_encoding,two_qutrit,two_qutrit,star,two_qutrit,2,2,4,U_HS__V_H,product,product,U_HS__V_H,False,True,198,578,776,488,,,2.121072,True,False,ok,,Converted from legacy E_new 4x3 isometry candidate.; Fidelity skipped because transpiled circuit has 128 qubits.,488,490.0,2.45,776,777.2,198,198.0,128,"{'rz': 214, 'sx': 189, 'rx': 175, 'cz': 156, 'rzz': 42}",10,10,0,C:\Users\szymon\QuditsOnQubits\QuditsOnQubits\basis_direct_encoding_benchmarks\quantum_circuits\two_qutrit\product__U_HS__V_H,C:\Users\szymon\QuditsOnQubits\QuditsOnQubits\basis_direct_encoding_benchmarks\quantum_circuits\two_qutrit\product__U_HS__V_H\F3_W.qpy,C:\Users\szymon\QuditsOnQubits\QuditsOnQubits\basis_direct_encoding_benchmarks\quantum_circuits\two_qutrit\product__U_HS__V_H\CZ3_W.qpy,C:\Users\szymon\QuditsOnQubits\QuditsOnQubits\basis_direct_encoding_benchmarks\quantum_circuits\two_qutrit\product__U_HS__V_H\graph_state_direct_basis.qpy,C:\Users\szymon\QuditsOnQubits\QuditsOnQubits\basis_direct_encoding_benchmarks\quantum_circuits\two_qutrit\product__U_HS__V_H\graph_state_direct_basis_transpiled.qpy,,C:\Users\szymon\QuditsOnQubits\QuditsOnQubits\basis_direct_encoding_benchmarks\quantum_circuits\two_qutrit\product__U_HS__V_H\E.npy
direct_basis_encoding,two_qutrit,two_qutrit,star,two_qutrit,2,2,4,U_HS__V_HS,product,product,U_HS__V_HS,False,True,198,577,775,486,,,1.975127,True,False,ok,,Converted from legacy E_new 4x3 isometry candidate.; Fidelity skipped because transpiled circuit has 128 qubits.,486,488.0,2.45,775,776.2,198,198.0,128,"{'rz': 214, 'sx': 189, 'rx': 174, 'cz': 156, 'rzz': 42}",10,10,0,C:\Users\szymon\QuditsOnQubits\QuditsOnQubits\basis_direct_encoding_benchmarks\quantum_circuits\two_qutrit\product__U_HS__V_HS,C:\Users\szymon\QuditsOnQubits\QuditsOnQubits\basis_direct_encoding_benchmarks\quantum_circuits\two_qutrit\product__U_HS__V_HS\F3_W.qpy,C:\Users\szymon\QuditsOnQubits\QuditsOnQubits\basis_direct_encoding_benchmarks\quantum_circuits\two_qutrit\product__U_HS__V_HS\CZ3_W.qpy,C:\Users\szymon\QuditsOnQubits\QuditsOnQubits\basis_direct_encoding_benchmarks\quantum_circuits\two_qutrit\product__U_HS__V_HS\graph_state_direct_basis.qpy,C:\Users\szymon\QuditsOnQubits\QuditsOnQubits\basis_direct_encoding_benchmarks\quantum_circuits\two_qutrit\product__U_HS__V_HS\graph_state_direct_basis_transpiled.qpy,,C:\Users\szymon\QuditsOnQubits\QuditsOnQubits\basis_direct_encoding_benchmarks\quantum_circuits\two_qutrit\product__U_HS__V_HS\E.npy
direct_basis_encoding,two_qutrit,two_qutrit,star,two_qutrit,2,2,4,U_HS__V_SH,product,product,U_HS__V_SH,False,True,215,618,833,522,,,2.27678,True,False,ok,,Converted from legacy E_new 4x3 isometry candidate.; Fidelity skipped because transpiled circuit has 128 qubits.,522,523.7,1.73,833,833.5,215,215.0,128,"{'rz': 224, 'sx': 211, 'rx': 183, 'cz': 172, 'rzz': 43}",10,10,0,C:\Users\szymon\QuditsOnQubits\QuditsOnQubits\basis_direct_encoding_benchmarks\quantum_circuits\two_qutrit\product__U_HS__V_SH,C:\Users\szymon\QuditsOnQubits\QuditsOnQubits\basis_direct_encoding_benchmarks\quantum_circuits\two_qutrit\product__U_HS__V_SH\F3_W.qpy,C:\Users\szymon\QuditsOnQubits\QuditsOnQubits\basis_direct_encoding_benchmarks\quantum_circuits\two_qutrit\product__U_HS__V_SH\CZ3_W.qpy,C:\Users\szymon\QuditsOnQubits\QuditsOnQubits\basis_direct_encoding_benchmarks\quantum_circuits\two_qutrit\product__U_HS__V_SH\graph_state_direct_basis.qpy,C:\Users\szymon\QuditsOnQubits\QuditsOnQubits\basis_direct_encoding_benchmarks\quantum_circuits\two_qutrit\product__U_HS__V_SH\graph_state_direct_basis_transpiled.qpy,,C:\Users\szymon\QuditsOnQubits\QuditsOnQubits\basis_direct_encoding_benchmarks\quantum_circuits\two_qutrit\product__U_HS__V_SH\E.npy
direct_basis_encoding,two_qutrit,two_qutrit,star,two_qutrit,2,2,4,U_HS__V_Z,product,product,U_HS__V_Z,False,True,103,315,418,261,,,1.724808,True,False,ok,,Converted from legacy E_new 4x3 isometry candidate.; Fidelity skipped because transpiled circuit has 128 qubits.,261,262.5,1.5,418,418.3,103,103.0,128,"{'rz': 126, 'rx': 101, 'sx': 88, 'cz': 74, 'rzz': 29}",10,10,0,C:\Users\szymon\QuditsOnQubits\QuditsOnQubits\basis_direct_encoding_benchmarks\quantum_circuits\two_qutrit\product__U_HS__V_Z,C:\Users\szymon\QuditsOnQubits\QuditsOnQubits\basis_direct_encoding_benchmarks\quantum_circuits\two_qutrit\product__U_HS__V_Z\F3_W.qpy,C:\Users\szymon\QuditsOnQubits\QuditsOnQubits\basis_direct_encoding_benchmarks\quantum_circuits\two_qutrit\product__U_HS__V_Z\CZ3_W.qpy,C:\Users\szymon\QuditsOnQubits\QuditsOnQubits\basis_direct_encoding_benchmarks\quantum_circuits\two_qutrit\product__U_HS__V_Z\graph_state_direct_basis.qpy,C:\Users\szymon\QuditsOnQubits\QuditsOnQubits\basis_direct_encoding_benchmarks\quantum_circuits\two_qutrit\product__U_HS__V_Z\graph_state_direct_basis_transpiled.qpy,,C:\Users\szymon\QuditsOnQubits\QuditsOnQubits\basis_direct_encoding_benchmarks\quantum_circuits\two_qutrit\product__U_HS__V_Z\E.npy
direct_basis_encoding,two_qutrit,two_qutrit,star,two_qutrit,2,2,4,U_SH__V_I,product,product,U_SH__V_I,False,True,103,316,419,263,,,1.709281,True,False,ok,,Converted from legacy E_new 4x3 isometry candidate.; Fidelity skipped because transpiled circuit has 128 qubits.,263,264.5,1.5,419,419.3,103,103.0,128,"{'rz': 124, 'rx': 104, 'sx': 88, 'cz': 74, 'rzz': 29}",10,10,0,C:\Users\szymon\QuditsOnQubits\QuditsOnQubits\basis_direct_encoding_benchmarks\quantum_circuits\two_qutrit\product__U_SH__V_I,C:\Users\szymon\QuditsOnQubits\QuditsOnQubits\basis_direct_encoding_benchmarks\quantum_circuits\two_qutrit\product__U_SH__V_I\F3_W.qpy,C:\Users\szymon\QuditsOnQubits\QuditsOnQubits\basis_direct_encoding_benchmarks\quantum_circuits\two_qutrit\product__U_SH__V_I\CZ3_W.qpy,C:\Users\szymon\QuditsOnQubits\QuditsOnQubits\basis_direct_encoding_benchmarks\quantum_circuits\two_qutrit\product__U_SH__V_I\graph_state_direct_basis.qpy,C:\Users\szymon\QuditsOnQubits\QuditsOnQubits\basis_direct_encoding_benchmarks\quantum_circuits\two_qutrit\product__U_SH__V_I\graph_state_direct_basis_transpiled.qpy,,C:\Users\szymon\QuditsOnQubits\QuditsOnQubits\basis_direct_encoding_benchmarks\quantum_circuits\two_qutrit\product__U_SH__V_I\E.npy
direct_basis_encoding,two_qutrit,two_qutrit,star,two_qutrit,2,2,4,U_SH__V_X,product,product,U_SH__V_X,False,True,103,314,417,261,,,1.581938,True,False,ok,,Converted from legacy E_new 4x3 isometry candidate.; Fidelity skipped because transpiled circuit has 128 qubits.,261,262.7,1.73,417,417.5,103,103.0,128,"{'rz': 124, 'rx': 102, 'sx': 88, 'cz': 74, 'rzz': 29}",10,10,0,C:\Users\szymon\QuditsOnQubits\QuditsOnQubits\basis_direct_encoding_benchmarks\quantum_circuits\two_qutrit\product__U_SH__V_X,C:\Users\szymon\QuditsOnQubits\QuditsOnQubits\basis_direct_encoding_benchmarks\quantum_circuits\two_qutrit\product__U_SH__V_X\F3_W.qpy,C:\Users\szymon\QuditsOnQubits\QuditsOnQubits\basis_direct_encoding_benchmarks\quantum_circuits\two_qutrit\product__U_SH__V_X\CZ3_W.qpy,C:\Users\szymon\QuditsOnQubits\QuditsOnQubits\basis_direct_encoding_benchmarks\quantum_circuits\two_qutrit\product__U_SH__V_X\graph_state_direct_basis.qpy,C:\Users\szymon\QuditsOnQubits\QuditsOnQubits\basis_direct_encoding_benchmarks\quantum_circuits\two_qutrit\product__U_SH__V_X\graph_state_direct_basis_transpiled.qpy,,C:\Users\szymon\QuditsOnQubits\QuditsOnQubits\basis_direct_encoding_benchmarks\quantum_circuits\two_qutrit\product__U_SH__V_X\E.npy
direct_basis_encoding,two_qutrit,two_qutrit,star,two_qutrit,2,2,4,U_SH__V_SX,product,product,U_SH__V_SX,False,True,215,618,833,522,,,2.343735,True,False,ok,,Converted from legacy E_new 4x3 isometry candidate.; Fidelity skipped because transpiled circuit has 128 qubits.,522,523.7,1.73,833,833.5,215,215.0,128,"{'rz': 224, 'sx': 211, 'rx': 183, 'cz': 172, 'rzz': 43}",10,10,0,C:\Users\szymon\QuditsOnQubits\QuditsOnQubits\basis_direct_encoding_benchmarks\quantum_circuits\two_qutrit\product__U_SH__V_SX,C:\Users\szymon\QuditsOnQubits\QuditsOnQubits\basis_direct_encoding_benchmarks\quantum_circuits\two_qutrit\product__U_SH__V_SX\F3_W.qpy,C:\Users\szymon\QuditsOnQubits\QuditsOnQubits\basis_direct_encoding_benchmarks\quantum_circuits\two_qutrit\product__U_SH__V_SX\CZ3_W.qpy,C:\Users\szymon\QuditsOnQubits\QuditsOnQubits\basis_direct_encoding_benchmarks\quantum_circuits\two_qutrit\product__U_SH__V_SX\graph_state_direct_basis.qpy,C:\Users\szymon\QuditsOnQubits\QuditsOnQubits\basis_direct_encoding_benchmarks\quantum_circuits\two_qutrit\product__U_SH__V_SX\graph_state_direct_basis_transpiled.qpy,,C:\Users\szymon\QuditsOnQubits\QuditsOnQubits\basis_direct_encoding_benchmarks\quantum_circuits\two_qutrit\product__U_SH__V_SX\E.npy
direct_basis_encoding,two_qutrit,two_qutrit,star,two_qutrit,2,2,4,U_SH__V_SXdg,product,product,U_SH__V_SXdg,False,True,215,618,833,522,,,2.345712,True,False,ok,,Converted from legacy E_new 4x3 isometry candidate.; Fidelity skipped because transpiled circuit has 128 qubits.,522,523.7,1.73,833,833.5,215,215.0,128,"{'rz': 223, 'sx': 211, 'rx': 184, 'cz': 172, 'rzz': 43}",10,10,0,C:\Users\szymon\QuditsOnQubits\QuditsOnQubits\basis_direct_encoding_benchmarks\quantum_circuits\two_qutrit\product__U_SH__V_SXdg,C:\Users\szymon\QuditsOnQubits\QuditsOnQubits\basis_direct_encoding_benchmarks\quantum_circuits\two_qutrit\product__U_SH__V_SXdg\F3_W.qpy,C:\Users\szymon\QuditsOnQubits\QuditsOnQubits\basis_direct_encoding_benchmarks\quantum_circuits\two_qutrit\product__U_SH__V_SXdg\CZ3_W.qpy,C:\Users\szymon\QuditsOnQubits\QuditsOnQubits\basis_direct_encoding_benchmarks\quantum_circuits\two_qutrit\product__U_SH__V_SXdg\graph_state_direct_basis.qpy,C:\Users\szymon\QuditsOnQubits\QuditsOnQubits\basis_direct_encoding_benchmarks\quantum_circuits\two_qutrit\product__U_SH__V_SXdg\graph_state_direct_basis_transpiled.qpy,,C:\Users\szymon\QuditsOnQubits\QuditsOnQubits\basis_direct_encoding_benchmarks\quantum_circuits\two_qutrit\product__U_SH__V_SXdg\E.npy
direct_basis_encoding,two_qutrit,two_qutrit,star,two_qutrit,2,2,4,U_SH__V_H,product,product,U_SH__V_H,False,True,198,580,778,488,,,2.196113,True,False,ok,,Converted from legacy E_new 4x3 isometry candidate.; Fidelity skipped because transpiled circuit has 128 qubits.,488,489.9,1.97,778,778.7,198,198.0,128,"{'rz': 216, 'sx': 189, 'rx': 175, 'cz': 156, 'rzz': 42}",10,10,0,C:\Users\szymon\QuditsOnQubits\QuditsOnQubits\basis_direct_encoding_benchmarks\quantum_circuits\two_qutrit\product__U_SH__V_H,C:\Users\szymon\QuditsOnQubits\QuditsOnQubits\basis_direct_encoding_benchmarks\quantum_circuits\two_qutrit\product__U_SH__V_H\F3_W.qpy,C:\Users\szymon\QuditsOnQubits\QuditsOnQubits\basis_direct_encoding_benchmarks\quantum_circuits\two_qutrit\product__U_SH__V_H\CZ3_W.qpy,C:\Users\szymon\QuditsOnQubits\QuditsOnQubits\basis_direct_encoding_benchmarks\quantum_circuits\two_qutrit\product__U_SH__V_H\graph_state_direct_basis.qpy,C:\Users\szymon\QuditsOnQubits\QuditsOnQubits\basis_direct_encoding_benchmarks\quantum_circuits\two_qutrit\product__U_SH__V_H\graph_state_direct_basis_transpiled.qpy,,C:\Users\szymon\QuditsOnQubits\QuditsOnQubits\basis_direct_encoding_benchmarks\quantum_circuits\two_qutrit\product__U_SH__V_H\E.npy
direct_basis_encoding,two_qutrit,two_qutrit,star,two_qutrit,2,2,4,U_SH__V_HS,product,product,U_SH__V_HS,False,True,197,577,774,485,,,2.11674,True,False,ok,,Converted from legacy E_new 4x3 isometry candidate.; Fidelity skipped because transpiled circuit has 128 qubits.,485,487.0,2.1,774,774.8,197,197.0,128,"{'rz': 214, 'sx': 189, 'rx': 174, 'cz': 156, 'rzz': 41}",10,10,0,C:\Users\szymon\QuditsOnQubits\QuditsOnQubits\basis_direct_encoding_benchmarks\quantum_circuits\two_qutrit\product__U_SH__V_HS,C:\Users\szymon\QuditsOnQubits\QuditsOnQubits\basis_direct_encoding_benchmarks\quantum_circuits\two_qutrit\product__U_SH__V_HS\F3_W.qpy,C:\Users\szymon\QuditsOnQubits\QuditsOnQubits\basis_direct_encoding_benchmarks\quantum_circuits\two_qutrit\product__U_SH__V_HS\CZ3_W.qpy,C:\Users\szymon\QuditsOnQubits\QuditsOnQubits\basis_direct_encoding_benchmarks\quantum_circuits\two_qutrit\product__U_SH__V_HS\graph_state_direct_basis.qpy,C:\Users\szymon\QuditsOnQubits\QuditsOnQubits\basis_direct_encoding_benchmarks\quantum_circuits\two_qutrit\product__U_SH__V_HS\graph_state_direct_basis_transpiled.qpy,,C:\Users\szymon\QuditsOnQubits\QuditsOnQubits\basis_direct_encoding_benchmarks\quantum_circuits\two_qutrit\product__U_SH__V_HS\E.npy
direct_basis_encoding,two_qutrit,two_qutrit,star,two_qutrit,2,2,4,U_SH__V_SH,product,product,U_SH__V_SH,False,True,215,617,832,521,,,2.177411,True,False,ok,,Converted from legacy E_new 4x3 isometry candidate.; Fidelity skipped because transpiled circuit has 128 qubits.,521,522.7,1.73,832,832.5,215,215.0,128,"{'rz': 224, 'sx': 211, 'rx': 182, 'cz': 172, 'rzz': 43}",10,10,0,C:\Users\szymon\QuditsOnQubits\QuditsOnQubits\basis_direct_encoding_benchmarks\quantum_circuits\two_qutrit\product__U_SH__V_SH,C:\Users\szymon\QuditsOnQubits\QuditsOnQubits\basis_direct_encoding_benchmarks\quantum_circuits\two_qutrit\product__U_SH__V_SH\F3_W.qpy,C:\Users\szymon\QuditsOnQubits\QuditsOnQubits\basis_direct_encoding_benchmarks\quantum_circuits\two_qutrit\product__U_SH__V_SH\CZ3_W.qpy,C:\Users\szymon\QuditsOnQubits\QuditsOnQubits\basis_direct_encoding_benchmarks\quantum_circuits\two_qutrit\product__U_SH__V_SH\graph_state_direct_basis.qpy,C:\Users\szymon\QuditsOnQubits\QuditsOnQubits\basis_direct_encoding_benchmarks\quantum_circuits\two_qutrit\product__U_SH__V_SH\graph_state_direct_basis_transpiled.qpy,,C:\Users\szymon\QuditsOnQubits\QuditsOnQubits\basis_direct_encoding_benchmarks\quantum_circuits\two_qutrit\product__U_SH__V_SH\E.npy
direct_basis_encoding,two_qutrit,two_qutrit,star,two_qutrit,2,2,4,U_SH__V_Z,product,product,U_SH__V_Z,False,True,103,316,419,263,,,1.450474,True,False,ok,,Converted from legacy E_new 4x3 isometry candidate.; Fidelity skipped because transpiled circuit has 128 qubits.,263,264.5,1.5,419,419.3,103,103.0,128,"{'rz': 124, 'rx': 104, 'sx': 88, 'cz': 74, 'rzz': 29}",10,10,0,C:\Users\szymon\QuditsOnQubits\QuditsOnQubits\basis_direct_encoding_benchmarks\quantum_circuits\two_qutrit\product__U_SH__V_Z,C:\Users\szymon\QuditsOnQubits\QuditsOnQubits\basis_direct_encoding_benchmarks\quantum_circuits\two_qutrit\product__U_SH__V_Z\F3_W.qpy,C:\Users\szymon\QuditsOnQubits\QuditsOnQubits\basis_direct_encoding_benchmarks\quantum_circuits\two_qutrit\product__U_SH__V_Z\CZ3_W.qpy,C:\Users\szymon\QuditsOnQubits\QuditsOnQubits\basis_direct_encoding_benchmarks\quantum_circuits\two_qutrit\product__U_SH__V_Z\graph_state_direct_basis.qpy,C:\Users\szymon\QuditsOnQubits\QuditsOnQubits\basis_direct_encoding_benchmarks\quantum_circuits\two_qutrit\product__U_SH__V_Z\graph_state_direct_basis_transpiled.qpy,,C:\Users\szymon\QuditsOnQubits\QuditsOnQubits\basis_direct_encoding_benchmarks\quantum_circuits\two_qutrit\product__U_SH__V_Z\E.npy
direct_basis_encoding,two_qutrit,two_qutrit,star,two_qutrit,2,2,4,U_Z__V_I,product,product,U_Z__V_I,True,True,16,36,52,40,,,0.890734,True,False,ok,,Converted from legacy E_new = E_Z @ W candidate.; Fidelity skipped because transpiled circuit has 128 qubits.,40,40.0,0.0,52,52.5,16,16.0,128,"{'cz': 15, 'sx': 14, 'rx': 11, 'rz': 11, 'rzz': 1}",10,10,0,C:\Users\szymon\QuditsOnQubits\QuditsOnQubits\basis_direct_encoding_benchmarks\quantum_circuits\two_qutrit\product__U_Z__V_I,C:\Users\szymon\QuditsOnQubits\QuditsOnQubits\basis_direct_encoding_benchmarks\quantum_circuits\two_qutrit\product__U_Z__V_I\F3_W.qpy,C:\Users\szymon\QuditsOnQubits\QuditsOnQubits\basis_direct_encoding_benchmarks\quantum_circuits\two_qutrit\product__U_Z__V_I\CZ3_W.qpy,C:\Users\szymon\QuditsOnQubits\QuditsOnQubits\basis_direct_encoding_benchmarks\quantum_circuits\two_qutrit\product__U_Z__V_I\graph_state_direct_basis.qpy,C:\Users\szymon\QuditsOnQubits\QuditsOnQubits\basis_direct_encoding_benchmarks\quantum_circuits\two_qutrit\product__U_Z__V_I\graph_state_direct_basis_transpiled.qpy,C:\Users\szymon\QuditsOnQubits\QuditsOnQubits\basis_direct_encoding_benchmarks\quantum_circuits\two_qutrit\product__U_Z__V_I\basis_change_gate.qpy,C:\Users\szymon\QuditsOnQubits\QuditsOnQubits\basis_direct_encoding_benchmarks\quantum_circuits\two_qutrit\product__U_Z__V_I\W.npy
direct_basis_encoding,two_qutrit,two_qutrit,star,two_qutrit,2,2,4,U_Z__V_X,product,product,U_Z__V_X,False,True,16,37,53,41,,,0.799314,True,False,ok,,Converted from legacy E_new 4x3 isometry candidate.; Fidelity skipped because transpiled circuit has 128 qubits.,41,41.0,0.0,53,53.5,16,16.0,128,"{'cz': 15, 'sx': 14, 'rz': 12, 'rx': 11, 'rzz': 1}",10,10,0,C:\Users\szymon\QuditsOnQubits\QuditsOnQubits\basis_direct_encoding_benchmarks\quantum_circuits\two_qutrit\product__U_Z__V_X,C:\Users\szymon\QuditsOnQubits\QuditsOnQubits\basis_direct_encoding_benchmarks\quantum_circuits\two_qutrit\product__U_Z__V_X\F3_W.qpy,C:\Users\szymon\QuditsOnQubits\QuditsOnQubits\basis_direct_encoding_benchmarks\quantum_circuits\two_qutrit\product__U_Z__V_X\CZ3_W.qpy,C:\Users\szymon\QuditsOnQubits\QuditsOnQubits\basis_direct_encoding_benchmarks\quantum_circuits\two_qutrit\product__U_Z__V_X\graph_state_direct_basis.qpy,C:\Users\szymon\QuditsOnQubits\QuditsOnQubits\basis_direct_encoding_benchmarks\quantum_circuits\two_qutrit\product__U_Z__V_X\graph_state_direct_basis_transpiled.qpy,,C:\Users\szymon\QuditsOnQubits\QuditsOnQubits\basis_direct_encoding_benchmarks\quantum_circuits\two_qutrit\product__U_Z__V_X\E.npy
direct_basis_encoding,two_qutrit,two_qutrit,star,two_qutrit,2,2,4,U_Z__V_SX,product,product,U_Z__V_SX,False,True,95,300,395,245,,,1.746537,True,False,ok,,Converted from legacy E_new 4x3 isometry candidate.; Fidelity skipped because transpiled circuit has 128 qubits.,245,245.6,1.2,395,395.2,95,95.0,128,"{'rz': 123, 'rx': 101, 'sx': 76, 'cz': 66, 'rzz': 29}",10,10,0,C:\Users\szymon\QuditsOnQubits\QuditsOnQubits\basis_direct_encoding_benchmarks\quantum_circuits\two_qutrit\product__U_Z__V_SX,C:\Users\szymon\QuditsOnQubits\QuditsOnQubits\basis_direct_encoding_benchmarks\quantum_circuits\two_qutrit\product__U_Z__V_SX\F3_W.qpy,C:\Users\szymon\QuditsOnQubits\QuditsOnQubits\basis_direct_encoding_benchmarks\quantum_circuits\two_qutrit\product__U_Z__V_SX\CZ3_W.qpy,C:\Users\szymon\QuditsOnQubits\QuditsOnQubits\basis_direct_encoding_benchmarks\quantum_circuits\two_qutrit\product__U_Z__V_SX\graph_state_direct_basis.qpy,C:\Users\szymon\QuditsOnQubits\QuditsOnQubits\basis_direct_encoding_benchmarks\quantum_circuits\two_qutrit\product__U_Z__V_SX\graph_state_direct_basis_transpiled.qpy,,C:\Users\szymon\QuditsOnQubits\QuditsOnQubits\basis_direct_encoding_benchmarks\quantum_circuits\two_qutrit\product__U_Z__V_SX\E.npy
direct_basis_encoding,two_qutrit,two_qutrit,star,two_qutrit,2,2,4,U_Z__V_SXdg,product,product,U_Z__V_SXdg,False,True,95,301,396,246,,,1.547305,True,False,ok,,Converted from legacy E_new 4x3 isometry candidate.; Fidelity skipped because transpiled circuit has 128 qubits.,246,246.6,1.2,396,396.2,95,95.0,128,"{'rz': 123, 'rx': 102, 'sx': 76, 'cz': 66, 'rzz': 29}",10,10,0,C:\Users\szymon\QuditsOnQubits\QuditsOnQubits\basis_direct_encoding_benchmarks\quantum_circuits\two_qutrit\product__U_Z__V_SXdg,C:\Users\szymon\QuditsOnQubits\QuditsOnQubits\basis_direct_encoding_benchmarks\quantum_circuits\two_qutrit\product__U_Z__V_SXdg\F3_W.qpy,C:\Users\szymon\QuditsOnQubits\QuditsOnQubits\basis_direct_encoding_benchmarks\quantum_circuits\two_qutrit\product__U_Z__V_SXdg\CZ3_W.qpy,C:\Users\szymon\QuditsOnQubits\QuditsOnQubits\basis_direct_encoding_benchmarks\quantum_circuits\two_qutrit\product__U_Z__V_SXdg\graph_state_direct_basis.qpy,C:\Users\szymon\QuditsOnQubits\QuditsOnQubits\basis_direct_encoding_benchmarks\quantum_circuits\two_qutrit\product__U_Z__V_SXdg\graph_state_direct_basis_transpiled.qpy,,C:\Users\szymon\QuditsOnQubits\QuditsOnQubits\basis_direct_encoding_benchmarks\quantum_circuits\two_qutrit\product__U_Z__V_SXdg\E.npy
direct_basis_encoding,two_qutrit,two_qutrit,star,two_qutrit,2,2,4,U_Z__V_H,product,product,U_Z__V_H,False,True,95,301,396,246,,,1.735212,True,False,ok,,Converted from legacy E_new 4x3 isometry candidate.; Fidelity skipped because transpiled circuit has 128 qubits.,246,246.6,1.2,396,396.2,95,95.0,128,"{'rz': 124, 'rx': 101, 'sx': 76, 'cz': 66, 'rzz': 29}",10,10,0,C:\Users\szymon\QuditsOnQubits\QuditsOnQubits\basis_direct_encoding_benchmarks\quantum_circuits\two_qutrit\product__U_Z__V_H,C:\Users\szymon\QuditsOnQubits\QuditsOnQubits\basis_direct_encoding_benchmarks\quantum_circuits\two_qutrit\product__U_Z__V_H\F3_W.qpy,C:\Users\szymon\QuditsOnQubits\QuditsOnQubits\basis_direct_encoding_benchmarks\quantum_circuits\two_qutrit\product__U_Z__V_H\CZ3_W.qpy,C:\Users\szymon\QuditsOnQubits\QuditsOnQubits\basis_direct_encoding_benchmarks\quantum_circuits\two_qutrit\product__U_Z__V_H\graph_state_direct_basis.qpy,C:\Users\szymon\QuditsOnQubits\QuditsOnQubits\basis_direct_encoding_benchmarks\quantum_circuits\two_qutrit\product__U_Z__V_H\graph_state_direct_basis_transpiled.qpy,,C:\Users\szymon\QuditsOnQubits\QuditsOnQubits\basis_direct_encoding_benchmarks\quantum_circuits\two_qutrit\product__U_Z__V_H\E.npy
direct_basis_encoding,two_qutrit,two_qutrit,star,two_qutrit,2,2,4,U_Z__V_HS,product,product,U_Z__V_HS,False,True,95,300,395,245,,,1.748704,True,False,ok,,Converted from legacy E_new 4x3 isometry candidate.; Fidelity skipped because transpiled circuit has 128 qubits.,245,245.6,1.2,395,395.2,95,95.0,128,"{'rz': 123, 'rx': 101, 'sx': 76, 'cz': 66, 'rzz': 29}",10,10,0,C:\Users\szymon\QuditsOnQubits\QuditsOnQubits\basis_direct_encoding_benchmarks\quantum_circuits\two_qutrit\product__U_Z__V_HS,C:\Users\szymon\QuditsOnQubits\QuditsOnQubits\basis_direct_encoding_benchmarks\quantum_circuits\two_qutrit\product__U_Z__V_HS\F3_W.qpy,C:\Users\szymon\QuditsOnQubits\QuditsOnQubits\basis_direct_encoding_benchmarks\quantum_circuits\two_qutrit\product__U_Z__V_HS\CZ3_W.qpy,C:\Users\szymon\QuditsOnQubits\QuditsOnQubits\basis_direct_encoding_benchmarks\quantum_circuits\two_qutrit\product__U_Z__V_HS\graph_state_direct_basis.qpy,C:\Users\szymon\QuditsOnQubits\QuditsOnQubits\basis_direct_encoding_benchmarks\quantum_circuits\two_qutrit\product__U_Z__V_HS\graph_state_direct_basis_transpiled.qpy,,C:\Users\szymon\QuditsOnQubits\QuditsOnQubits\basis_direct_encoding_benchmarks\quantum_circuits\two_qutrit\product__U_Z__V_HS\E.npy
direct_basis_encoding,two_qutrit,two_qutrit,star,two_qutrit,2,2,4,U_Z__V_SH,product,product,U_Z__V_SH,False,True,103,314,417,261,,,1.635578,True,False,ok,,Converted from legacy E_new 4x3 isometry candidate.; Fidelity skipped because transpiled circuit has 128 qubits.,261,262.9,1.92,417,417.5,103,103.0,128,"{'rz': 124, 'rx': 102, 'sx': 88, 'cz': 74, 'rzz': 29}",10,10,0,C:\Users\szymon\QuditsOnQubits\QuditsOnQubits\basis_direct_encoding_benchmarks\quantum_circuits\two_qutrit\product__U_Z__V_SH,C:\Users\szymon\QuditsOnQubits\QuditsOnQubits\basis_direct_encoding_benchmarks\quantum_circuits\two_qutrit\product__U_Z__V_SH\F3_W.qpy,C:\Users\szymon\QuditsOnQubits\QuditsOnQubits\basis_direct_encoding_benchmarks\quantum_circuits\two_qutrit\product__U_Z__V_SH\CZ3_W.qpy,C:\Users\szymon\QuditsOnQubits\QuditsOnQubits\basis_direct_encoding_benchmarks\quantum_circuits\two_qutrit\product__U_Z__V_SH\graph_state_direct_basis.qpy,C:\Users\szymon\QuditsOnQubits\QuditsOnQubits\basis_direct_encoding_benchmarks\quantum_circuits\two_qutrit\product__U_Z__V_SH\graph_state_direct_basis_transpiled.qpy,,C:\Users\szymon\QuditsOnQubits\QuditsOnQubits\basis_direct_encoding_benchmarks\quantum_circuits\two_qutrit\product__U_Z__V_SH\E.npy
direct_basis_encoding,two_qutrit,two_qutrit,star,two_qutrit,2,2,4,U_Z__V_Z,product,product,U_Z__V_Z,True,True,16,37,53,41,,,1.139718,True,False,ok,,Converted from legacy E_new = E_Z @ W candidate.; Fidelity skipped because transpiled circuit has 128 qubits.,41,41.0,0.0,53,53.5,16,16.0,128,"{'cz': 15, 'sx': 14, 'rz': 12, 'rx': 11, 'rzz': 1}",10,10,0,C:\Users\szymon\QuditsOnQubits\QuditsOnQubits\basis_direct_encoding_benchmarks\quantum_circuits\two_qutrit\product__U_Z__V_Z,C:\Users\szymon\QuditsOnQubits\QuditsOnQubits\basis_direct_encoding_benchmarks\quantum_circuits\two_qutrit\product__U_Z__V_Z\F3_W.qpy,C:\Users\szymon\QuditsOnQubits\QuditsOnQubits\basis_direct_encoding_benchmarks\quantum_circuits\two_qutrit\product__U_Z__V_Z\CZ3_W.qpy,C:\Users\szymon\QuditsOnQubits\QuditsOnQubits\basis_direct_encoding_benchmarks\quantum_circuits\two_qutrit\product__U_Z__V_Z\graph_state_direct_basis.qpy,C:\Users\szymon\QuditsOnQubits\QuditsOnQubits\basis_direct_encoding_benchmarks\quantum_circuits\two_qutrit\product__U_Z__V_Z\graph_state_direct_basis_transpiled.qpy,C:\Users\szymon\QuditsOnQubits\QuditsOnQubits\basis_direct_encoding_benchmarks\quantum_circuits\two_qutrit\product__U_Z__V_Z\basis_change_gate.qpy,C:\Users\szymon\QuditsOnQubits\QuditsOnQubits\basis_direct_encoding_benchmarks\quantum_circuits\two_qutrit\product__U_Z__V_Z\W.npy
