method,state_name,state_family,graph_name,graph_id,num_qutrits,n_qutrits,num_physical_qubits,basis_candidate_name,basis_candidate_type,class_name,candidate_name,basis_matrix_unitary,basis_matrix_isometry,two_qubit_gate_count,one_qubit_gate_count,total_gate_count,circuit_depth,fidelity,final_error,compile_time_seconds,success,failed,status,error_message,notes,best_depth,mean_depth,std_depth,best_size,mean_size,best_two_qubit_gate_count,mean_two_qubit_gate_count,num_qubits,best_count_ops,n_transpile_runs,successful_trials,failed_trials,quantum_circuit_dir,f3_w_qpy,cz3_w_qpy,graph_state_qpy,graph_state_transpiled_qpy,basis_change_qpy,basis_change_matrix_npy
direct_basis_encoding,ame43,ame43,ame43,ame43,4,4,8,E_old,identity,baseline,E_old,True,True,101,218,319,157,,,6.304827,True,False,ok,,Converted from legacy E_new = E_Z @ W candidate.; Fidelity skipped because transpiled circuit has 128 qubits.,157,182.1,15.98,319,340.0,101,107.9,128,"{'sx': 118, 'cz': 98, 'rz': 60, 'rx': 40, 'rzz': 3}",10,10,0,C:\Users\szymon\QuditsOnQubits\QuditsOnQubits\basis_direct_encoding_benchmarks\quantum_circuits\ame43\baseline__E_old,C:\Users\szymon\QuditsOnQubits\QuditsOnQubits\basis_direct_encoding_benchmarks\quantum_circuits\ame43\baseline__E_old\F3_W.qpy,C:\Users\szymon\QuditsOnQubits\QuditsOnQubits\basis_direct_encoding_benchmarks\quantum_circuits\ame43\baseline__E_old\CZ3_W.qpy,C:\Users\szymon\QuditsOnQubits\QuditsOnQubits\basis_direct_encoding_benchmarks\quantum_circuits\ame43\baseline__E_old\graph_state_direct_basis.qpy,C:\Users\szymon\QuditsOnQubits\QuditsOnQubits\basis_direct_encoding_benchmarks\quantum_circuits\ame43\baseline__E_old\graph_state_direct_basis_transpiled.qpy,C:\Users\szymon\QuditsOnQubits\QuditsOnQubits\basis_direct_encoding_benchmarks\quantum_circuits\ame43\baseline__E_old\basis_change_gate.qpy,C:\Users\szymon\QuditsOnQubits\QuditsOnQubits\basis_direct_encoding_benchmarks\quantum_circuits\ame43\baseline__E_old\W.npy
direct_basis_encoding,ame43,ame43,ame43,ame43,4,4,8,sup012_P012_ph000,monomial,monomial_full,sup012_P012_ph000,True,True,101,218,319,157,,,1.767292,True,False,ok,,Converted from legacy E_new = E_Z @ W candidate.; Fidelity skipped because transpiled circuit has 128 qubits.,157,182.1,15.98,319,340.0,101,107.9,128,"{'sx': 118, 'cz': 98, 'rz': 60, 'rx': 40, 'rzz': 3}",10,10,0,C:\Users\szymon\QuditsOnQubits\QuditsOnQubits\basis_direct_encoding_benchmarks\quantum_circuits\ame43\monomial_full__sup012_P012_ph000,C:\Users\szymon\QuditsOnQubits\QuditsOnQubits\basis_direct_encoding_benchmarks\quantum_circuits\ame43\monomial_full__sup012_P012_ph000\F3_W.qpy,C:\Users\szymon\QuditsOnQubits\QuditsOnQubits\basis_direct_encoding_benchmarks\quantum_circuits\ame43\monomial_full__sup012_P012_ph000\CZ3_W.qpy,C:\Users\szymon\QuditsOnQubits\QuditsOnQubits\basis_direct_encoding_benchmarks\quantum_circuits\ame43\monomial_full__sup012_P012_ph000\graph_state_direct_basis.qpy,C:\Users\szymon\QuditsOnQubits\QuditsOnQubits\basis_direct_encoding_benchmarks\quantum_circuits\ame43\monomial_full__sup012_P012_ph000\graph_state_direct_basis_transpiled.qpy,C:\Users\szymon\QuditsOnQubits\QuditsOnQubits\basis_direct_encoding_benchmarks\quantum_circuits\ame43\monomial_full__sup012_P012_ph000\basis_change_gate.qpy,C:\Users\szymon\QuditsOnQubits\QuditsOnQubits\basis_direct_encoding_benchmarks\quantum_circuits\ame43\monomial_full__sup012_P012_ph000\W.npy
direct_basis_encoding,ame43,ame43,ame43,ame43,4,4,8,sup012_P012_ph001,monomial,monomial_full,sup012_P012_ph001,True,True,101,226,327,157,,,1.879595,True,False,ok,,Converted from legacy E_new = E_Z @ W candidate.; Fidelity skipped because transpiled circuit has 128 qubits.,157,182.7,16.12,327,348.7,101,107.9,128,"{'sx': 118, 'cz': 98, 'rz': 68, 'rx': 40, 'rzz': 3}",10,10,0,C:\Users\szymon\QuditsOnQubits\QuditsOnQubits\basis_direct_encoding_benchmarks\quantum_circuits\ame43\monomial_full__sup012_P012_ph001,C:\Users\szymon\QuditsOnQubits\QuditsOnQubits\basis_direct_encoding_benchmarks\quantum_circuits\ame43\monomial_full__sup012_P012_ph001\F3_W.qpy,C:\Users\szymon\QuditsOnQubits\QuditsOnQubits\basis_direct_encoding_benchmarks\quantum_circuits\ame43\monomial_full__sup012_P012_ph001\CZ3_W.qpy,C:\Users\szymon\QuditsOnQubits\QuditsOnQubits\basis_direct_encoding_benchmarks\quantum_circuits\ame43\monomial_full__sup012_P012_ph001\graph_state_direct_basis.qpy,C:\Users\szymon\QuditsOnQubits\QuditsOnQubits\basis_direct_encoding_benchmarks\quantum_circuits\ame43\monomial_full__sup012_P012_ph001\graph_state_direct_basis_transpiled.qpy,C:\Users\szymon\QuditsOnQubits\QuditsOnQubits\basis_direct_encoding_benchmarks\quantum_circuits\ame43\monomial_full__sup012_P012_ph001\basis_change_gate.qpy,C:\Users\szymon\QuditsOnQubits\QuditsOnQubits\basis_direct_encoding_benchmarks\quantum_circuits\ame43\monomial_full__sup012_P012_ph001\W.npy
direct_basis_encoding,ame43,ame43,ame43,ame43,4,4,8,sup012_P012_ph002,monomial,monomial_full,sup012_P012_ph002,True,True,101,226,327,157,,,2.245798,True,False,ok,,Converted from legacy E_new = E_Z @ W candidate.; Fidelity skipped because transpiled circuit has 128 qubits.,157,182.7,16.12,327,347.8,101,107.9,128,"{'sx': 118, 'cz': 98, 'rz': 68, 'rx': 40, 'rzz': 3}",10,10,0,C:\Users\szymon\QuditsOnQubits\QuditsOnQubits\basis_direct_encoding_benchmarks\quantum_circuits\ame43\monomial_full__sup012_P012_ph002,C:\Users\szymon\QuditsOnQubits\QuditsOnQubits\basis_direct_encoding_benchmarks\quantum_circuits\ame43\monomial_full__sup012_P012_ph002\F3_W.qpy,C:\Users\szymon\QuditsOnQubits\QuditsOnQubits\basis_direct_encoding_benchmarks\quantum_circuits\ame43\monomial_full__sup012_P012_ph002\CZ3_W.qpy,C:\Users\szymon\QuditsOnQubits\QuditsOnQubits\basis_direct_encoding_benchmarks\quantum_circuits\ame43\monomial_full__sup012_P012_ph002\graph_state_direct_basis.qpy,C:\Users\szymon\QuditsOnQubits\QuditsOnQubits\basis_direct_encoding_benchmarks\quantum_circuits\ame43\monomial_full__sup012_P012_ph002\graph_state_direct_basis_transpiled.qpy,C:\Users\szymon\QuditsOnQubits\QuditsOnQubits\basis_direct_encoding_benchmarks\quantum_circuits\ame43\monomial_full__sup012_P012_ph002\basis_change_gate.qpy,C:\Users\szymon\QuditsOnQubits\QuditsOnQubits\basis_direct_encoding_benchmarks\quantum_circuits\ame43\monomial_full__sup012_P012_ph002\W.npy
direct_basis_encoding,ame43,ame43,ame43,ame43,4,4,8,sup012_P012_ph010,monomial,monomial_full,sup012_P012_ph010,True,True,101,226,327,158,,,1.923554,True,False,ok,,Converted from legacy E_new = E_Z @ W candidate.; Fidelity skipped because transpiled circuit has 128 qubits.,158,183.0,15.88,327,347.2,101,107.9,128,"{'sx': 118, 'cz': 98, 'rz': 68, 'rx': 40, 'rzz': 3}",10,10,0,C:\Users\szymon\QuditsOnQubits\QuditsOnQubits\basis_direct_encoding_benchmarks\quantum_circuits\ame43\monomial_full__sup012_P012_ph010,C:\Users\szymon\QuditsOnQubits\QuditsOnQubits\basis_direct_encoding_benchmarks\quantum_circuits\ame43\monomial_full__sup012_P012_ph010\F3_W.qpy,C:\Users\szymon\QuditsOnQubits\QuditsOnQubits\basis_direct_encoding_benchmarks\quantum_circuits\ame43\monomial_full__sup012_P012_ph010\CZ3_W.qpy,C:\Users\szymon\QuditsOnQubits\QuditsOnQubits\basis_direct_encoding_benchmarks\quantum_circuits\ame43\monomial_full__sup012_P012_ph010\graph_state_direct_basis.qpy,C:\Users\szymon\QuditsOnQubits\QuditsOnQubits\basis_direct_encoding_benchmarks\quantum_circuits\ame43\monomial_full__sup012_P012_ph010\graph_state_direct_basis_transpiled.qpy,C:\Users\szymon\QuditsOnQubits\QuditsOnQubits\basis_direct_encoding_benchmarks\quantum_circuits\ame43\monomial_full__sup012_P012_ph010\basis_change_gate.qpy,C:\Users\szymon\QuditsOnQubits\QuditsOnQubits\basis_direct_encoding_benchmarks\quantum_circuits\ame43\monomial_full__sup012_P012_ph010\W.npy
direct_basis_encoding,ame43,ame43,ame43,ame43,4,4,8,sup012_P012_ph011,monomial,monomial_full,sup012_P012_ph011,True,True,101,228,329,158,,,1.713597,True,False,ok,,Converted from legacy E_new = E_Z @ W candidate.; Fidelity skipped because transpiled circuit has 128 qubits.,158,183.6,16.02,329,349.8,101,107.9,128,"{'sx': 118, 'cz': 98, 'rz': 70, 'rx': 40, 'rzz': 3}",10,10,0,C:\Users\szymon\QuditsOnQubits\QuditsOnQubits\basis_direct_encoding_benchmarks\quantum_circuits\ame43\monomial_full__sup012_P012_ph011,C:\Users\szymon\QuditsOnQubits\QuditsOnQubits\basis_direct_encoding_benchmarks\quantum_circuits\ame43\monomial_full__sup012_P012_ph011\F3_W.qpy,C:\Users\szymon\QuditsOnQubits\QuditsOnQubits\basis_direct_encoding_benchmarks\quantum_circuits\ame43\monomial_full__sup012_P012_ph011\CZ3_W.qpy,C:\Users\szymon\QuditsOnQubits\QuditsOnQubits\basis_direct_encoding_benchmarks\quantum_circuits\ame43\monomial_full__sup012_P012_ph011\graph_state_direct_basis.qpy,C:\Users\szymon\QuditsOnQubits\QuditsOnQubits\basis_direct_encoding_benchmarks\quantum_circuits\ame43\monomial_full__sup012_P012_ph011\graph_state_direct_basis_transpiled.qpy,C:\Users\szymon\QuditsOnQubits\QuditsOnQubits\basis_direct_encoding_benchmarks\quantum_circuits\ame43\monomial_full__sup012_P012_ph011\basis_change_gate.qpy,C:\Users\szymon\QuditsOnQubits\QuditsOnQubits\basis_direct_encoding_benchmarks\quantum_circuits\ame43\monomial_full__sup012_P012_ph011\W.npy
direct_basis_encoding,ame43,ame43,ame43,ame43,4,4,8,sup012_P012_ph012,monomial,monomial_full,sup012_P012_ph012,True,True,101,221,322,157,,,1.945959,True,False,ok,,Converted from legacy E_new = E_Z @ W candidate.; Fidelity skipped because transpiled circuit has 128 qubits.,157,182.7,16.12,322,342.3,101,107.9,128,"{'sx': 118, 'cz': 98, 'rz': 63, 'rx': 40, 'rzz': 3}",10,10,0,C:\Users\szymon\QuditsOnQubits\QuditsOnQubits\basis_direct_encoding_benchmarks\quantum_circuits\ame43\monomial_full__sup012_P012_ph012,C:\Users\szymon\QuditsOnQubits\QuditsOnQubits\basis_direct_encoding_benchmarks\quantum_circuits\ame43\monomial_full__sup012_P012_ph012\F3_W.qpy,C:\Users\szymon\QuditsOnQubits\QuditsOnQubits\basis_direct_encoding_benchmarks\quantum_circuits\ame43\monomial_full__sup012_P012_ph012\CZ3_W.qpy,C:\Users\szymon\QuditsOnQubits\QuditsOnQubits\basis_direct_encoding_benchmarks\quantum_circuits\ame43\monomial_full__sup012_P012_ph012\graph_state_direct_basis.qpy,C:\Users\szymon\QuditsOnQubits\QuditsOnQubits\basis_direct_encoding_benchmarks\quantum_circuits\ame43\monomial_full__sup012_P012_ph012\graph_state_direct_basis_transpiled.qpy,C:\Users\szymon\QuditsOnQubits\QuditsOnQubits\basis_direct_encoding_benchmarks\quantum_circuits\ame43\monomial_full__sup012_P012_ph012\basis_change_gate.qpy,C:\Users\szymon\QuditsOnQubits\QuditsOnQubits\basis_direct_encoding_benchmarks\quantum_circuits\ame43\monomial_full__sup012_P012_ph012\W.npy
direct_basis_encoding,ame43,ame43,ame43,ame43,4,4,8,sup012_P012_ph020,monomial,monomial_full,sup012_P012_ph020,True,True,101,226,327,158,,,1.44844,True,False,ok,,Converted from legacy E_new = E_Z @ W candidate.; Fidelity skipped because transpiled circuit has 128 qubits.,158,183.0,15.88,327,347.2,101,107.9,128,"{'sx': 118, 'cz': 98, 'rz': 68, 'rx': 40, 'rzz': 3}",10,10,0,C:\Users\szymon\QuditsOnQubits\QuditsOnQubits\basis_direct_encoding_benchmarks\quantum_circuits\ame43\monomial_full__sup012_P012_ph020,C:\Users\szymon\QuditsOnQubits\QuditsOnQubits\basis_direct_encoding_benchmarks\quantum_circuits\ame43\monomial_full__sup012_P012_ph020\F3_W.qpy,C:\Users\szymon\QuditsOnQubits\QuditsOnQubits\basis_direct_encoding_benchmarks\quantum_circuits\ame43\monomial_full__sup012_P012_ph020\CZ3_W.qpy,C:\Users\szymon\QuditsOnQubits\QuditsOnQubits\basis_direct_encoding_benchmarks\quantum_circuits\ame43\monomial_full__sup012_P012_ph020\graph_state_direct_basis.qpy,C:\Users\szymon\QuditsOnQubits\QuditsOnQubits\basis_direct_encoding_benchmarks\quantum_circuits\ame43\monomial_full__sup012_P012_ph020\graph_state_direct_basis_transpiled.qpy,C:\Users\szymon\QuditsOnQubits\QuditsOnQubits\basis_direct_encoding_benchmarks\quantum_circuits\ame43\monomial_full__sup012_P012_ph020\basis_change_gate.qpy,C:\Users\szymon\QuditsOnQubits\QuditsOnQubits\basis_direct_encoding_benchmarks\quantum_circuits\ame43\monomial_full__sup012_P012_ph020\W.npy
direct_basis_encoding,ame43,ame43,ame43,ame43,4,4,8,sup012_P012_ph021,monomial,monomial_full,sup012_P012_ph021,True,True,101,221,322,157,,,1.794317,True,False,ok,,Converted from legacy E_new = E_Z @ W candidate.; Fidelity skipped because transpiled circuit has 128 qubits.,157,182.7,16.12,322,341.9,101,107.9,128,"{'sx': 118, 'cz': 98, 'rz': 63, 'rx': 40, 'rzz': 3}",10,10,0,C:\Users\szymon\QuditsOnQubits\QuditsOnQubits\basis_direct_encoding_benchmarks\quantum_circuits\ame43\monomial_full__sup012_P012_ph021,C:\Users\szymon\QuditsOnQubits\QuditsOnQubits\basis_direct_encoding_benchmarks\quantum_circuits\ame43\monomial_full__sup012_P012_ph021\F3_W.qpy,C:\Users\szymon\QuditsOnQubits\QuditsOnQubits\basis_direct_encoding_benchmarks\quantum_circuits\ame43\monomial_full__sup012_P012_ph021\CZ3_W.qpy,C:\Users\szymon\QuditsOnQubits\QuditsOnQubits\basis_direct_encoding_benchmarks\quantum_circuits\ame43\monomial_full__sup012_P012_ph021\graph_state_direct_basis.qpy,C:\Users\szymon\QuditsOnQubits\QuditsOnQubits\basis_direct_encoding_benchmarks\quantum_circuits\ame43\monomial_full__sup012_P012_ph021\graph_state_direct_basis_transpiled.qpy,C:\Users\szymon\QuditsOnQubits\QuditsOnQubits\basis_direct_encoding_benchmarks\quantum_circuits\ame43\monomial_full__sup012_P012_ph021\basis_change_gate.qpy,C:\Users\szymon\QuditsOnQubits\QuditsOnQubits\basis_direct_encoding_benchmarks\quantum_circuits\ame43\monomial_full__sup012_P012_ph021\W.npy
direct_basis_encoding,ame43,ame43,ame43,ame43,4,4,8,sup012_P012_ph022,monomial,monomial_full,sup012_P012_ph022,True,True,101,228,329,158,,,1.770907,True,False,ok,,Converted from legacy E_new = E_Z @ W candidate.; Fidelity skipped because transpiled circuit has 128 qubits.,158,183.6,16.02,329,348.9,101,107.9,128,"{'sx': 118, 'cz': 98, 'rz': 70, 'rx': 40, 'rzz': 3}",10,10,0,C:\Users\szymon\QuditsOnQubits\QuditsOnQubits\basis_direct_encoding_benchmarks\quantum_circuits\ame43\monomial_full__sup012_P012_ph022,C:\Users\szymon\QuditsOnQubits\QuditsOnQubits\basis_direct_encoding_benchmarks\quantum_circuits\ame43\monomial_full__sup012_P012_ph022\F3_W.qpy,C:\Users\szymon\QuditsOnQubits\QuditsOnQubits\basis_direct_encoding_benchmarks\quantum_circuits\ame43\monomial_full__sup012_P012_ph022\CZ3_W.qpy,C:\Users\szymon\QuditsOnQubits\QuditsOnQubits\basis_direct_encoding_benchmarks\quantum_circuits\ame43\monomial_full__sup012_P012_ph022\graph_state_direct_basis.qpy,C:\Users\szymon\QuditsOnQubits\QuditsOnQubits\basis_direct_encoding_benchmarks\quantum_circuits\ame43\monomial_full__sup012_P012_ph022\graph_state_direct_basis_transpiled.qpy,C:\Users\szymon\QuditsOnQubits\QuditsOnQubits\basis_direct_encoding_benchmarks\quantum_circuits\ame43\monomial_full__sup012_P012_ph022\basis_change_gate.qpy,C:\Users\szymon\QuditsOnQubits\QuditsOnQubits\basis_direct_encoding_benchmarks\quantum_circuits\ame43\monomial_full__sup012_P012_ph022\W.npy
direct_basis_encoding,ame43,ame43,ame43,ame43,4,4,8,sup012_P012_ph100,monomial,monomial_full,sup012_P012_ph100,True,True,101,221,322,157,,,1.84016,True,False,ok,,Converted from legacy E_new = E_Z @ W candidate.; Fidelity skipped because transpiled circuit has 128 qubits.,157,182.7,16.12,322,341.9,101,107.9,128,"{'sx': 118, 'cz': 98, 'rz': 63, 'rx': 40, 'rzz': 3}",10,10,0,C:\Users\szymon\QuditsOnQubits\QuditsOnQubits\basis_direct_encoding_benchmarks\quantum_circuits\ame43\monomial_full__sup012_P012_ph100,C:\Users\szymon\QuditsOnQubits\QuditsOnQubits\basis_direct_encoding_benchmarks\quantum_circuits\ame43\monomial_full__sup012_P012_ph100\F3_W.qpy,C:\Users\szymon\QuditsOnQubits\QuditsOnQubits\basis_direct_encoding_benchmarks\quantum_circuits\ame43\monomial_full__sup012_P012_ph100\CZ3_W.qpy,C:\Users\szymon\QuditsOnQubits\QuditsOnQubits\basis_direct_encoding_benchmarks\quantum_circuits\ame43\monomial_full__sup012_P012_ph100\graph_state_direct_basis.qpy,C:\Users\szymon\QuditsOnQubits\QuditsOnQubits\basis_direct_encoding_benchmarks\quantum_circuits\ame43\monomial_full__sup012_P012_ph100\graph_state_direct_basis_transpiled.qpy,C:\Users\szymon\QuditsOnQubits\QuditsOnQubits\basis_direct_encoding_benchmarks\quantum_circuits\ame43\monomial_full__sup012_P012_ph100\basis_change_gate.qpy,C:\Users\szymon\QuditsOnQubits\QuditsOnQubits\basis_direct_encoding_benchmarks\quantum_circuits\ame43\monomial_full__sup012_P012_ph100\W.npy
direct_basis_encoding,ame43,ame43,ame43,ame43,4,4,8,sup012_P012_ph101,monomial,monomial_full,sup012_P012_ph101,True,True,101,227,328,158,,,1.746471,True,False,ok,,Converted from legacy E_new = E_Z @ W candidate.; Fidelity skipped because transpiled circuit has 128 qubits.,158,183.6,16.02,328,348.0,101,107.9,128,"{'sx': 118, 'cz': 98, 'rz': 69, 'rx': 40, 'rzz': 3}",10,10,0,C:\Users\szymon\QuditsOnQubits\QuditsOnQubits\basis_direct_encoding_benchmarks\quantum_circuits\ame43\monomial_full__sup012_P012_ph101,C:\Users\szymon\QuditsOnQubits\QuditsOnQubits\basis_direct_encoding_benchmarks\quantum_circuits\ame43\monomial_full__sup012_P012_ph101\F3_W.qpy,C:\Users\szymon\QuditsOnQubits\QuditsOnQubits\basis_direct_encoding_benchmarks\quantum_circuits\ame43\monomial_full__sup012_P012_ph101\CZ3_W.qpy,C:\Users\szymon\QuditsOnQubits\QuditsOnQubits\basis_direct_encoding_benchmarks\quantum_circuits\ame43\monomial_full__sup012_P012_ph101\graph_state_direct_basis.qpy,C:\Users\szymon\QuditsOnQubits\QuditsOnQubits\basis_direct_encoding_benchmarks\quantum_circuits\ame43\monomial_full__sup012_P012_ph101\graph_state_direct_basis_transpiled.qpy,C:\Users\szymon\QuditsOnQubits\QuditsOnQubits\basis_direct_encoding_benchmarks\quantum_circuits\ame43\monomial_full__sup012_P012_ph101\basis_change_gate.qpy,C:\Users\szymon\QuditsOnQubits\QuditsOnQubits\basis_direct_encoding_benchmarks\quantum_circuits\ame43\monomial_full__sup012_P012_ph101\W.npy
direct_basis_encoding,ame43,ame43,ame43,ame43,4,4,8,sup012_P012_ph102,monomial,monomial_full,sup012_P012_ph102,True,True,101,227,328,158,,,1.696025,True,False,ok,,Converted from legacy E_new = E_Z @ W candidate.; Fidelity skipped because transpiled circuit has 128 qubits.,158,183.0,15.88,328,347.9,101,107.9,128,"{'sx': 118, 'cz': 98, 'rz': 69, 'rx': 40, 'rzz': 3}",10,10,0,C:\Users\szymon\QuditsOnQubits\QuditsOnQubits\basis_direct_encoding_benchmarks\quantum_circuits\ame43\monomial_full__sup012_P012_ph102,C:\Users\szymon\QuditsOnQubits\QuditsOnQubits\basis_direct_encoding_benchmarks\quantum_circuits\ame43\monomial_full__sup012_P012_ph102\F3_W.qpy,C:\Users\szymon\QuditsOnQubits\QuditsOnQubits\basis_direct_encoding_benchmarks\quantum_circuits\ame43\monomial_full__sup012_P012_ph102\CZ3_W.qpy,C:\Users\szymon\QuditsOnQubits\QuditsOnQubits\basis_direct_encoding_benchmarks\quantum_circuits\ame43\monomial_full__sup012_P012_ph102\graph_state_direct_basis.qpy,C:\Users\szymon\QuditsOnQubits\QuditsOnQubits\basis_direct_encoding_benchmarks\quantum_circuits\ame43\monomial_full__sup012_P012_ph102\graph_state_direct_basis_transpiled.qpy,C:\Users\szymon\QuditsOnQubits\QuditsOnQubits\basis_direct_encoding_benchmarks\quantum_circuits\ame43\monomial_full__sup012_P012_ph102\basis_change_gate.qpy,C:\Users\szymon\QuditsOnQubits\QuditsOnQubits\basis_direct_encoding_benchmarks\quantum_circuits\ame43\monomial_full__sup012_P012_ph102\W.npy
direct_basis_encoding,ame43,ame43,ame43,ame43,4,4,8,sup012_P012_ph110,monomial,monomial_full,sup012_P012_ph110,True,True,101,226,327,157,,,1.831418,True,False,ok,,Converted from legacy E_new = E_Z @ W candidate.; Fidelity skipped because transpiled circuit has 128 qubits.,157,182.7,16.12,327,348.3,101,107.9,128,"{'sx': 118, 'cz': 98, 'rz': 68, 'rx': 40, 'rzz': 3}",10,10,0,C:\Users\szymon\QuditsOnQubits\QuditsOnQubits\basis_direct_encoding_benchmarks\quantum_circuits\ame43\monomial_full__sup012_P012_ph110,C:\Users\szymon\QuditsOnQubits\QuditsOnQubits\basis_direct_encoding_benchmarks\quantum_circuits\ame43\monomial_full__sup012_P012_ph110\F3_W.qpy,C:\Users\szymon\QuditsOnQubits\QuditsOnQubits\basis_direct_encoding_benchmarks\quantum_circuits\ame43\monomial_full__sup012_P012_ph110\CZ3_W.qpy,C:\Users\szymon\QuditsOnQubits\QuditsOnQubits\basis_direct_encoding_benchmarks\quantum_circuits\ame43\monomial_full__sup012_P012_ph110\graph_state_direct_basis.qpy,C:\Users\szymon\QuditsOnQubits\QuditsOnQubits\basis_direct_encoding_benchmarks\quantum_circuits\ame43\monomial_full__sup012_P012_ph110\graph_state_direct_basis_transpiled.qpy,C:\Users\szymon\QuditsOnQubits\QuditsOnQubits\basis_direct_encoding_benchmarks\quantum_circuits\ame43\monomial_full__sup012_P012_ph110\basis_change_gate.qpy,C:\Users\szymon\QuditsOnQubits\QuditsOnQubits\basis_direct_encoding_benchmarks\quantum_circuits\ame43\monomial_full__sup012_P012_ph110\W.npy
direct_basis_encoding,ame43,ame43,ame43,ame43,4,4,8,sup012_P012_ph111,monomial,monomial_full,sup012_P012_ph111,True,True,101,225,326,157,,,1.651079,True,False,ok,,Converted from legacy E_new = E_Z @ W candidate.; Fidelity skipped because transpiled circuit has 128 qubits.,157,182.7,16.12,326,347.0,101,107.9,128,"{'sx': 118, 'cz': 98, 'rz': 67, 'rx': 40, 'rzz': 3}",10,10,0,C:\Users\szymon\QuditsOnQubits\QuditsOnQubits\basis_direct_encoding_benchmarks\quantum_circuits\ame43\monomial_full__sup012_P012_ph111,C:\Users\szymon\QuditsOnQubits\QuditsOnQubits\basis_direct_encoding_benchmarks\quantum_circuits\ame43\monomial_full__sup012_P012_ph111\F3_W.qpy,C:\Users\szymon\QuditsOnQubits\QuditsOnQubits\basis_direct_encoding_benchmarks\quantum_circuits\ame43\monomial_full__sup012_P012_ph111\CZ3_W.qpy,C:\Users\szymon\QuditsOnQubits\QuditsOnQubits\basis_direct_encoding_benchmarks\quantum_circuits\ame43\monomial_full__sup012_P012_ph111\graph_state_direct_basis.qpy,C:\Users\szymon\QuditsOnQubits\QuditsOnQubits\basis_direct_encoding_benchmarks\quantum_circuits\ame43\monomial_full__sup012_P012_ph111\graph_state_direct_basis_transpiled.qpy,C:\Users\szymon\QuditsOnQubits\QuditsOnQubits\basis_direct_encoding_benchmarks\quantum_circuits\ame43\monomial_full__sup012_P012_ph111\basis_change_gate.qpy,C:\Users\szymon\QuditsOnQubits\QuditsOnQubits\basis_direct_encoding_benchmarks\quantum_circuits\ame43\monomial_full__sup012_P012_ph111\W.npy
direct_basis_encoding,ame43,ame43,ame43,ame43,4,4,8,sup012_P012_ph112,monomial,monomial_full,sup012_P012_ph112,True,True,101,219,320,157,,,1.723629,True,False,ok,,Converted from legacy E_new = E_Z @ W candidate.; Fidelity skipped because transpiled circuit has 128 qubits.,157,182.1,15.98,320,340.2,101,107.9,128,"{'sx': 118, 'cz': 98, 'rz': 61, 'rx': 40, 'rzz': 3}",10,10,0,C:\Users\szymon\QuditsOnQubits\QuditsOnQubits\basis_direct_encoding_benchmarks\quantum_circuits\ame43\monomial_full__sup012_P012_ph112,C:\Users\szymon\QuditsOnQubits\QuditsOnQubits\basis_direct_encoding_benchmarks\quantum_circuits\ame43\monomial_full__sup012_P012_ph112\F3_W.qpy,C:\Users\szymon\QuditsOnQubits\QuditsOnQubits\basis_direct_encoding_benchmarks\quantum_circuits\ame43\monomial_full__sup012_P012_ph112\CZ3_W.qpy,C:\Users\szymon\QuditsOnQubits\QuditsOnQubits\basis_direct_encoding_benchmarks\quantum_circuits\ame43\monomial_full__sup012_P012_ph112\graph_state_direct_basis.qpy,C:\Users\szymon\QuditsOnQubits\QuditsOnQubits\basis_direct_encoding_benchmarks\quantum_circuits\ame43\monomial_full__sup012_P012_ph112\graph_state_direct_basis_transpiled.qpy,C:\Users\szymon\QuditsOnQubits\QuditsOnQubits\basis_direct_encoding_benchmarks\quantum_circuits\ame43\monomial_full__sup012_P012_ph112\basis_change_gate.qpy,C:\Users\szymon\QuditsOnQubits\QuditsOnQubits\basis_direct_encoding_benchmarks\quantum_circuits\ame43\monomial_full__sup012_P012_ph112\W.npy
direct_basis_encoding,ame43,ame43,ame43,ame43,4,4,8,sup012_P012_ph120,monomial,monomial_full,sup012_P012_ph120,True,True,101,228,329,158,,,1.674872,True,False,ok,,Converted from legacy E_new = E_Z @ W candidate.; Fidelity skipped because transpiled circuit has 128 qubits.,158,183.6,16.02,329,349.8,101,107.9,128,"{'sx': 118, 'cz': 98, 'rz': 70, 'rx': 40, 'rzz': 3}",10,10,0,C:\Users\szymon\QuditsOnQubits\QuditsOnQubits\basis_direct_encoding_benchmarks\quantum_circuits\ame43\monomial_full__sup012_P012_ph120,C:\Users\szymon\QuditsOnQubits\QuditsOnQubits\basis_direct_encoding_benchmarks\quantum_circuits\ame43\monomial_full__sup012_P012_ph120\F3_W.qpy,C:\Users\szymon\QuditsOnQubits\QuditsOnQubits\basis_direct_encoding_benchmarks\quantum_circuits\ame43\monomial_full__sup012_P012_ph120\CZ3_W.qpy,C:\Users\szymon\QuditsOnQubits\QuditsOnQubits\basis_direct_encoding_benchmarks\quantum_circuits\ame43\monomial_full__sup012_P012_ph120\graph_state_direct_basis.qpy,C:\Users\szymon\QuditsOnQubits\QuditsOnQubits\basis_direct_encoding_benchmarks\quantum_circuits\ame43\monomial_full__sup012_P012_ph120\graph_state_direct_basis_transpiled.qpy,C:\Users\szymon\QuditsOnQubits\QuditsOnQubits\basis_direct_encoding_benchmarks\quantum_circuits\ame43\monomial_full__sup012_P012_ph120\basis_change_gate.qpy,C:\Users\szymon\QuditsOnQubits\QuditsOnQubits\basis_direct_encoding_benchmarks\quantum_circuits\ame43\monomial_full__sup012_P012_ph120\W.npy
direct_basis_encoding,ame43,ame43,ame43,ame43,4,4,8,sup012_P012_ph121,monomial,monomial_full,sup012_P012_ph121,True,True,101,220,321,157,,,1.50216,True,False,ok,,Converted from legacy E_new = E_Z @ W candidate.; Fidelity skipped because transpiled circuit has 128 qubits.,157,182.7,16.12,321,341.7,101,107.9,128,"{'sx': 118, 'cz': 98, 'rz': 62, 'rx': 40, 'rzz': 3}",10,10,0,C:\Users\szymon\QuditsOnQubits\QuditsOnQubits\basis_direct_encoding_benchmarks\quantum_circuits\ame43\monomial_full__sup012_P012_ph121,C:\Users\szymon\QuditsOnQubits\QuditsOnQubits\basis_direct_encoding_benchmarks\quantum_circuits\ame43\monomial_full__sup012_P012_ph121\F3_W.qpy,C:\Users\szymon\QuditsOnQubits\QuditsOnQubits\basis_direct_encoding_benchmarks\quantum_circuits\ame43\monomial_full__sup012_P012_ph121\CZ3_W.qpy,C:\Users\szymon\QuditsOnQubits\QuditsOnQubits\basis_direct_encoding_benchmarks\quantum_circuits\ame43\monomial_full__sup012_P012_ph121\graph_state_direct_basis.qpy,C:\Users\szymon\QuditsOnQubits\QuditsOnQubits\basis_direct_encoding_benchmarks\quantum_circuits\ame43\monomial_full__sup012_P012_ph121\graph_state_direct_basis_transpiled.qpy,C:\Users\szymon\QuditsOnQubits\QuditsOnQubits\basis_direct_encoding_benchmarks\quantum_circuits\ame43\monomial_full__sup012_P012_ph121\basis_change_gate.qpy,C:\Users\szymon\QuditsOnQubits\QuditsOnQubits\basis_direct_encoding_benchmarks\quantum_circuits\ame43\monomial_full__sup012_P012_ph121\W.npy
direct_basis_encoding,ame43,ame43,ame43,ame43,4,4,8,sup012_P012_ph122,monomial,monomial_full,sup012_P012_ph122,True,True,101,226,327,158,,,1.469363,True,False,ok,,Converted from legacy E_new = E_Z @ W candidate.; Fidelity skipped because transpiled circuit has 128 qubits.,158,183.0,15.88,327,347.4,101,107.9,128,"{'sx': 118, 'cz': 98, 'rz': 69, 'rx': 39, 'rzz': 3}",10,10,0,C:\Users\szymon\QuditsOnQubits\QuditsOnQubits\basis_direct_encoding_benchmarks\quantum_circuits\ame43\monomial_full__sup012_P012_ph122,C:\Users\szymon\QuditsOnQubits\QuditsOnQubits\basis_direct_encoding_benchmarks\quantum_circuits\ame43\monomial_full__sup012_P012_ph122\F3_W.qpy,C:\Users\szymon\QuditsOnQubits\QuditsOnQubits\basis_direct_encoding_benchmarks\quantum_circuits\ame43\monomial_full__sup012_P012_ph122\CZ3_W.qpy,C:\Users\szymon\QuditsOnQubits\QuditsOnQubits\basis_direct_encoding_benchmarks\quantum_circuits\ame43\monomial_full__sup012_P012_ph122\graph_state_direct_basis.qpy,C:\Users\szymon\QuditsOnQubits\QuditsOnQubits\basis_direct_encoding_benchmarks\quantum_circuits\ame43\monomial_full__sup012_P012_ph122\graph_state_direct_basis_transpiled.qpy,C:\Users\szymon\QuditsOnQubits\QuditsOnQubits\basis_direct_encoding_benchmarks\quantum_circuits\ame43\monomial_full__sup012_P012_ph122\basis_change_gate.qpy,C:\Users\szymon\QuditsOnQubits\QuditsOnQubits\basis_direct_encoding_benchmarks\quantum_circuits\ame43\monomial_full__sup012_P012_ph122\W.npy
direct_basis_encoding,ame43,ame43,ame43,ame43,4,4,8,sup012_P012_ph200,monomial,monomial_full,sup012_P012_ph200,True,True,101,221,322,157,,,1.476028,True,False,ok,,Converted from legacy E_new = E_Z @ W candidate.; Fidelity skipped because transpiled circuit has 128 qubits.,157,182.7,16.12,322,342.3,101,107.9,128,"{'sx': 118, 'cz': 98, 'rz': 63, 'rx': 40, 'rzz': 3}",10,10,0,C:\Users\szymon\QuditsOnQubits\QuditsOnQubits\basis_direct_encoding_benchmarks\quantum_circuits\ame43\monomial_full__sup012_P012_ph200,C:\Users\szymon\QuditsOnQubits\QuditsOnQubits\basis_direct_encoding_benchmarks\quantum_circuits\ame43\monomial_full__sup012_P012_ph200\F3_W.qpy,C:\Users\szymon\QuditsOnQubits\QuditsOnQubits\basis_direct_encoding_benchmarks\quantum_circuits\ame43\monomial_full__sup012_P012_ph200\CZ3_W.qpy,C:\Users\szymon\QuditsOnQubits\QuditsOnQubits\basis_direct_encoding_benchmarks\quantum_circuits\ame43\monomial_full__sup012_P012_ph200\graph_state_direct_basis.qpy,C:\Users\szymon\QuditsOnQubits\QuditsOnQubits\basis_direct_encoding_benchmarks\quantum_circuits\ame43\monomial_full__sup012_P012_ph200\graph_state_direct_basis_transpiled.qpy,C:\Users\szymon\QuditsOnQubits\QuditsOnQubits\basis_direct_encoding_benchmarks\quantum_circuits\ame43\monomial_full__sup012_P012_ph200\basis_change_gate.qpy,C:\Users\szymon\QuditsOnQubits\QuditsOnQubits\basis_direct_encoding_benchmarks\quantum_circuits\ame43\monomial_full__sup012_P012_ph200\W.npy
direct_basis_encoding,ame43,ame43,ame43,ame43,4,4,8,sup012_P012_ph201,monomial,monomial_full,sup012_P012_ph201,True,True,101,226,327,158,,,1.898751,True,False,ok,,Converted from legacy E_new = E_Z @ W candidate.; Fidelity skipped because transpiled circuit has 128 qubits.,158,183.0,15.88,327,347.4,101,107.9,128,"{'sx': 118, 'cz': 98, 'rz': 69, 'rx': 39, 'rzz': 3}",10,10,0,C:\Users\szymon\QuditsOnQubits\QuditsOnQubits\basis_direct_encoding_benchmarks\quantum_circuits\ame43\monomial_full__sup012_P012_ph201,C:\Users\szymon\QuditsOnQubits\QuditsOnQubits\basis_direct_encoding_benchmarks\quantum_circuits\ame43\monomial_full__sup012_P012_ph201\F3_W.qpy,C:\Users\szymon\QuditsOnQubits\QuditsOnQubits\basis_direct_encoding_benchmarks\quantum_circuits\ame43\monomial_full__sup012_P012_ph201\CZ3_W.qpy,C:\Users\szymon\QuditsOnQubits\QuditsOnQubits\basis_direct_encoding_benchmarks\quantum_circuits\ame43\monomial_full__sup012_P012_ph201\graph_state_direct_basis.qpy,C:\Users\szymon\QuditsOnQubits\QuditsOnQubits\basis_direct_encoding_benchmarks\quantum_circuits\ame43\monomial_full__sup012_P012_ph201\graph_state_direct_basis_transpiled.qpy,C:\Users\szymon\QuditsOnQubits\QuditsOnQubits\basis_direct_encoding_benchmarks\quantum_circuits\ame43\monomial_full__sup012_P012_ph201\basis_change_gate.qpy,C:\Users\szymon\QuditsOnQubits\QuditsOnQubits\basis_direct_encoding_benchmarks\quantum_circuits\ame43\monomial_full__sup012_P012_ph201\W.npy
direct_basis_encoding,ame43,ame43,ame43,ame43,4,4,8,sup012_P012_ph202,monomial,monomial_full,sup012_P012_ph202,True,True,101,227,328,158,,,1.646715,True,False,ok,,Converted from legacy E_new = E_Z @ W candidate.; Fidelity skipped because transpiled circuit has 128 qubits.,158,183.6,16.02,328,348.0,101,107.9,128,"{'sx': 118, 'cz': 98, 'rz': 69, 'rx': 40, 'rzz': 3}",10,10,0,C:\Users\szymon\QuditsOnQubits\QuditsOnQubits\basis_direct_encoding_benchmarks\quantum_circuits\ame43\monomial_full__sup012_P012_ph202,C:\Users\szymon\QuditsOnQubits\QuditsOnQubits\basis_direct_encoding_benchmarks\quantum_circuits\ame43\monomial_full__sup012_P012_ph202\F3_W.qpy,C:\Users\szymon\QuditsOnQubits\QuditsOnQubits\basis_direct_encoding_benchmarks\quantum_circuits\ame43\monomial_full__sup012_P012_ph202\CZ3_W.qpy,C:\Users\szymon\QuditsOnQubits\QuditsOnQubits\basis_direct_encoding_benchmarks\quantum_circuits\ame43\monomial_full__sup012_P012_ph202\graph_state_direct_basis.qpy,C:\Users\szymon\QuditsOnQubits\QuditsOnQubits\basis_direct_encoding_benchmarks\quantum_circuits\ame43\monomial_full__sup012_P012_ph202\graph_state_direct_basis_transpiled.qpy,C:\Users\szymon\QuditsOnQubits\QuditsOnQubits\basis_direct_encoding_benchmarks\quantum_circuits\ame43\monomial_full__sup012_P012_ph202\basis_change_gate.qpy,C:\Users\szymon\QuditsOnQubits\QuditsOnQubits\basis_direct_encoding_benchmarks\quantum_circuits\ame43\monomial_full__sup012_P012_ph202\W.npy
direct_basis_encoding,ame43,ame43,ame43,ame43,4,4,8,sup012_P012_ph210,monomial,monomial_full,sup012_P012_ph210,True,True,101,228,329,158,,,1.516139,True,False,ok,,Converted from legacy E_new = E_Z @ W candidate.; Fidelity skipped because transpiled circuit has 128 qubits.,158,183.6,16.02,329,349.3,101,107.9,128,"{'sx': 118, 'cz': 98, 'rz': 70, 'rx': 40, 'rzz': 3}",10,10,0,C:\Users\szymon\QuditsOnQubits\QuditsOnQubits\basis_direct_encoding_benchmarks\quantum_circuits\ame43\monomial_full__sup012_P012_ph210,C:\Users\szymon\QuditsOnQubits\QuditsOnQubits\basis_direct_encoding_benchmarks\quantum_circuits\ame43\monomial_full__sup012_P012_ph210\F3_W.qpy,C:\Users\szymon\QuditsOnQubits\QuditsOnQubits\basis_direct_encoding_benchmarks\quantum_circuits\ame43\monomial_full__sup012_P012_ph210\CZ3_W.qpy,C:\Users\szymon\QuditsOnQubits\QuditsOnQubits\basis_direct_encoding_benchmarks\quantum_circuits\ame43\monomial_full__sup012_P012_ph210\graph_state_direct_basis.qpy,C:\Users\szymon\QuditsOnQubits\QuditsOnQubits\basis_direct_encoding_benchmarks\quantum_circuits\ame43\monomial_full__sup012_P012_ph210\graph_state_direct_basis_transpiled.qpy,C:\Users\szymon\QuditsOnQubits\QuditsOnQubits\basis_direct_encoding_benchmarks\quantum_circuits\ame43\monomial_full__sup012_P012_ph210\basis_change_gate.qpy,C:\Users\szymon\QuditsOnQubits\QuditsOnQubits\basis_direct_encoding_benchmarks\quantum_circuits\ame43\monomial_full__sup012_P012_ph210\W.npy
direct_basis_encoding,ame43,ame43,ame43,ame43,4,4,8,sup012_P012_ph211,monomial,monomial_full,sup012_P012_ph211,True,True,101,226,327,158,,,1.404566,True,False,ok,,Converted from legacy E_new = E_Z @ W candidate.; Fidelity skipped because transpiled circuit has 128 qubits.,158,183.0,15.88,327,347.8,101,107.9,128,"{'sx': 118, 'cz': 98, 'rz': 69, 'rx': 39, 'rzz': 3}",10,10,0,C:\Users\szymon\QuditsOnQubits\QuditsOnQubits\basis_direct_encoding_benchmarks\quantum_circuits\ame43\monomial_full__sup012_P012_ph211,C:\Users\szymon\QuditsOnQubits\QuditsOnQubits\basis_direct_encoding_benchmarks\quantum_circuits\ame43\monomial_full__sup012_P012_ph211\F3_W.qpy,C:\Users\szymon\QuditsOnQubits\QuditsOnQubits\basis_direct_encoding_benchmarks\quantum_circuits\ame43\monomial_full__sup012_P012_ph211\CZ3_W.qpy,C:\Users\szymon\QuditsOnQubits\QuditsOnQubits\basis_direct_encoding_benchmarks\quantum_circuits\ame43\monomial_full__sup012_P012_ph211\graph_state_direct_basis.qpy,C:\Users\szymon\QuditsOnQubits\QuditsOnQubits\basis_direct_encoding_benchmarks\quantum_circuits\ame43\monomial_full__sup012_P012_ph211\graph_state_direct_basis_transpiled.qpy,C:\Users\szymon\QuditsOnQubits\QuditsOnQubits\basis_direct_encoding_benchmarks\quantum_circuits\ame43\monomial_full__sup012_P012_ph211\basis_change_gate.qpy,C:\Users\szymon\QuditsOnQubits\QuditsOnQubits\basis_direct_encoding_benchmarks\quantum_circuits\ame43\monomial_full__sup012_P012_ph211\W.npy
direct_basis_encoding,ame43,ame43,ame43,ame43,4,4,8,sup012_P012_ph212,monomial,monomial_full,sup012_P012_ph212,True,True,101,220,321,157,,,1.594726,True,False,ok,,Converted from legacy E_new = E_Z @ W candidate.; Fidelity skipped because transpiled circuit has 128 qubits.,157,182.7,16.12,321,341.1,101,107.9,128,"{'sx': 118, 'cz': 98, 'rz': 62, 'rx': 40, 'rzz': 3}",10,10,0,C:\Users\szymon\QuditsOnQubits\QuditsOnQubits\basis_direct_encoding_benchmarks\quantum_circuits\ame43\monomial_full__sup012_P012_ph212,C:\Users\szymon\QuditsOnQubits\QuditsOnQubits\basis_direct_encoding_benchmarks\quantum_circuits\ame43\monomial_full__sup012_P012_ph212\F3_W.qpy,C:\Users\szymon\QuditsOnQubits\QuditsOnQubits\basis_direct_encoding_benchmarks\quantum_circuits\ame43\monomial_full__sup012_P012_ph212\CZ3_W.qpy,C:\Users\szymon\QuditsOnQubits\QuditsOnQubits\basis_direct_encoding_benchmarks\quantum_circuits\ame43\monomial_full__sup012_P012_ph212\graph_state_direct_basis.qpy,C:\Users\szymon\QuditsOnQubits\QuditsOnQubits\basis_direct_encoding_benchmarks\quantum_circuits\ame43\monomial_full__sup012_P012_ph212\graph_state_direct_basis_transpiled.qpy,C:\Users\szymon\QuditsOnQubits\QuditsOnQubits\basis_direct_encoding_benchmarks\quantum_circuits\ame43\monomial_full__sup012_P012_ph212\basis_change_gate.qpy,C:\Users\szymon\QuditsOnQubits\QuditsOnQubits\basis_direct_encoding_benchmarks\quantum_circuits\ame43\monomial_full__sup012_P012_ph212\W.npy
direct_basis_encoding,ame43,ame43,ame43,ame43,4,4,8,sup012_P012_ph220,monomial,monomial_full,sup012_P012_ph220,True,True,101,226,327,157,,,1.326361,True,False,ok,,Converted from legacy E_new = E_Z @ W candidate.; Fidelity skipped because transpiled circuit has 128 qubits.,157,182.7,16.12,327,348.7,101,107.9,128,"{'sx': 118, 'cz': 98, 'rz': 68, 'rx': 40, 'rzz': 3}",10,10,0,C:\Users\szymon\QuditsOnQubits\QuditsOnQubits\basis_direct_encoding_benchmarks\quantum_circuits\ame43\monomial_full__sup012_P012_ph220,C:\Users\szymon\QuditsOnQubits\QuditsOnQubits\basis_direct_encoding_benchmarks\quantum_circuits\ame43\monomial_full__sup012_P012_ph220\F3_W.qpy,C:\Users\szymon\QuditsOnQubits\QuditsOnQubits\basis_direct_encoding_benchmarks\quantum_circuits\ame43\monomial_full__sup012_P012_ph220\CZ3_W.qpy,C:\Users\szymon\QuditsOnQubits\QuditsOnQubits\basis_direct_encoding_benchmarks\quantum_circuits\ame43\monomial_full__sup012_P012_ph220\graph_state_direct_basis.qpy,C:\Users\szymon\QuditsOnQubits\QuditsOnQubits\basis_direct_encoding_benchmarks\quantum_circuits\ame43\monomial_full__sup012_P012_ph220\graph_state_direct_basis_transpiled.qpy,C:\Users\szymon\QuditsOnQubits\QuditsOnQubits\basis_direct_encoding_benchmarks\quantum_circuits\ame43\monomial_full__sup012_P012_ph220\basis_change_gate.qpy,C:\Users\szymon\QuditsOnQubits\QuditsOnQubits\basis_direct_encoding_benchmarks\quantum_circuits\ame43\monomial_full__sup012_P012_ph220\W.npy
direct_basis_encoding,ame43,ame43,ame43,ame43,4,4,8,sup012_P012_ph221,monomial,monomial_full,sup012_P012_ph221,True,True,101,219,320,157,,,1.482148,True,False,ok,,Converted from legacy E_new = E_Z @ W candidate.; Fidelity skipped because transpiled circuit has 128 qubits.,157,182.1,15.98,320,340.6,101,107.9,128,"{'sx': 118, 'cz': 98, 'rz': 61, 'rx': 40, 'rzz': 3}",10,10,0,C:\Users\szymon\QuditsOnQubits\QuditsOnQubits\basis_direct_encoding_benchmarks\quantum_circuits\ame43\monomial_full__sup012_P012_ph221,C:\Users\szymon\QuditsOnQubits\QuditsOnQubits\basis_direct_encoding_benchmarks\quantum_circuits\ame43\monomial_full__sup012_P012_ph221\F3_W.qpy,C:\Users\szymon\QuditsOnQubits\QuditsOnQubits\basis_direct_encoding_benchmarks\quantum_circuits\ame43\monomial_full__sup012_P012_ph221\CZ3_W.qpy,C:\Users\szymon\QuditsOnQubits\QuditsOnQubits\basis_direct_encoding_benchmarks\quantum_circuits\ame43\monomial_full__sup012_P012_ph221\graph_state_direct_basis.qpy,C:\Users\szymon\QuditsOnQubits\QuditsOnQubits\basis_direct_encoding_benchmarks\quantum_circuits\ame43\monomial_full__sup012_P012_ph221\graph_state_direct_basis_transpiled.qpy,C:\Users\szymon\QuditsOnQubits\QuditsOnQubits\basis_direct_encoding_benchmarks\quantum_circuits\ame43\monomial_full__sup012_P012_ph221\basis_change_gate.qpy,C:\Users\szymon\QuditsOnQubits\QuditsOnQubits\basis_direct_encoding_benchmarks\quantum_circuits\ame43\monomial_full__sup012_P012_ph221\W.npy
direct_basis_encoding,ame43,ame43,ame43,ame43,4,4,8,sup012_P012_ph222,monomial,monomial_full,sup012_P012_ph222,True,True,101,225,326,157,,,1.649826,True,False,ok,,Converted from legacy E_new = E_Z @ W candidate.; Fidelity skipped because transpiled circuit has 128 qubits.,157,182.7,16.12,326,346.9,101,107.9,128,"{'sx': 118, 'cz': 98, 'rz': 67, 'rx': 40, 'rzz': 3}",10,10,0,C:\Users\szymon\QuditsOnQubits\QuditsOnQubits\basis_direct_encoding_benchmarks\quantum_circuits\ame43\monomial_full__sup012_P012_ph222,C:\Users\szymon\QuditsOnQubits\QuditsOnQubits\basis_direct_encoding_benchmarks\quantum_circuits\ame43\monomial_full__sup012_P012_ph222\F3_W.qpy,C:\Users\szymon\QuditsOnQubits\QuditsOnQubits\basis_direct_encoding_benchmarks\quantum_circuits\ame43\monomial_full__sup012_P012_ph222\CZ3_W.qpy,C:\Users\szymon\QuditsOnQubits\QuditsOnQubits\basis_direct_encoding_benchmarks\quantum_circuits\ame43\monomial_full__sup012_P012_ph222\graph_state_direct_basis.qpy,C:\Users\szymon\QuditsOnQubits\QuditsOnQubits\basis_direct_encoding_benchmarks\quantum_circuits\ame43\monomial_full__sup012_P012_ph222\graph_state_direct_basis_transpiled.qpy,C:\Users\szymon\QuditsOnQubits\QuditsOnQubits\basis_direct_encoding_benchmarks\quantum_circuits\ame43\monomial_full__sup012_P012_ph222\basis_change_gate.qpy,C:\Users\szymon\QuditsOnQubits\QuditsOnQubits\basis_direct_encoding_benchmarks\quantum_circuits\ame43\monomial_full__sup012_P012_ph222\W.npy
direct_basis_encoding,ame43,ame43,ame43,ame43,4,4,8,sup012_P021_ph000,monomial,monomial_full,sup012_P021_ph000,True,True,101,218,319,157,,,1.549631,True,False,ok,,Converted from legacy E_new = E_Z @ W candidate.; Fidelity skipped because transpiled circuit has 128 qubits.,157,182.1,15.98,319,340.0,101,107.9,128,"{'sx': 118, 'cz': 98, 'rz': 60, 'rx': 40, 'rzz': 3}",10,10,0,C:\Users\szymon\QuditsOnQubits\QuditsOnQubits\basis_direct_encoding_benchmarks\quantum_circuits\ame43\monomial_full__sup012_P021_ph000,C:\Users\szymon\QuditsOnQubits\QuditsOnQubits\basis_direct_encoding_benchmarks\quantum_circuits\ame43\monomial_full__sup012_P021_ph000\F3_W.qpy,C:\Users\szymon\QuditsOnQubits\QuditsOnQubits\basis_direct_encoding_benchmarks\quantum_circuits\ame43\monomial_full__sup012_P021_ph000\CZ3_W.qpy,C:\Users\szymon\QuditsOnQubits\QuditsOnQubits\basis_direct_encoding_benchmarks\quantum_circuits\ame43\monomial_full__sup012_P021_ph000\graph_state_direct_basis.qpy,C:\Users\szymon\QuditsOnQubits\QuditsOnQubits\basis_direct_encoding_benchmarks\quantum_circuits\ame43\monomial_full__sup012_P021_ph000\graph_state_direct_basis_transpiled.qpy,C:\Users\szymon\QuditsOnQubits\QuditsOnQubits\basis_direct_encoding_benchmarks\quantum_circuits\ame43\monomial_full__sup012_P021_ph000\basis_change_gate.qpy,C:\Users\szymon\QuditsOnQubits\QuditsOnQubits\basis_direct_encoding_benchmarks\quantum_circuits\ame43\monomial_full__sup012_P021_ph000\W.npy
direct_basis_encoding,ame43,ame43,ame43,ame43,4,4,8,sup012_P021_ph001,monomial,monomial_full,sup012_P021_ph001,True,True,101,226,327,157,,,1.521609,True,False,ok,,Converted from legacy E_new = E_Z @ W candidate.; Fidelity skipped because transpiled circuit has 128 qubits.,157,182.7,16.12,327,348.7,101,107.9,128,"{'sx': 118, 'cz': 98, 'rz': 68, 'rx': 40, 'rzz': 3}",10,10,0,C:\Users\szymon\QuditsOnQubits\QuditsOnQubits\basis_direct_encoding_benchmarks\quantum_circuits\ame43\monomial_full__sup012_P021_ph001,C:\Users\szymon\QuditsOnQubits\QuditsOnQubits\basis_direct_encoding_benchmarks\quantum_circuits\ame43\monomial_full__sup012_P021_ph001\F3_W.qpy,C:\Users\szymon\QuditsOnQubits\QuditsOnQubits\basis_direct_encoding_benchmarks\quantum_circuits\ame43\monomial_full__sup012_P021_ph001\CZ3_W.qpy,C:\Users\szymon\QuditsOnQubits\QuditsOnQubits\basis_direct_encoding_benchmarks\quantum_circuits\ame43\monomial_full__sup012_P021_ph001\graph_state_direct_basis.qpy,C:\Users\szymon\QuditsOnQubits\QuditsOnQubits\basis_direct_encoding_benchmarks\quantum_circuits\ame43\monomial_full__sup012_P021_ph001\graph_state_direct_basis_transpiled.qpy,C:\Users\szymon\QuditsOnQubits\QuditsOnQubits\basis_direct_encoding_benchmarks\quantum_circuits\ame43\monomial_full__sup012_P021_ph001\basis_change_gate.qpy,C:\Users\szymon\QuditsOnQubits\QuditsOnQubits\basis_direct_encoding_benchmarks\quantum_circuits\ame43\monomial_full__sup012_P021_ph001\W.npy
direct_basis_encoding,ame43,ame43,ame43,ame43,4,4,8,sup012_P021_ph002,monomial,monomial_full,sup012_P021_ph002,True,True,101,226,327,157,,,1.448576,True,False,ok,,Converted from legacy E_new = E_Z @ W candidate.; Fidelity skipped because transpiled circuit has 128 qubits.,157,182.7,16.12,327,347.8,101,107.9,128,"{'sx': 118, 'cz': 98, 'rz': 68, 'rx': 40, 'rzz': 3}",10,10,0,C:\Users\szymon\QuditsOnQubits\QuditsOnQubits\basis_direct_encoding_benchmarks\quantum_circuits\ame43\monomial_full__sup012_P021_ph002,C:\Users\szymon\QuditsOnQubits\QuditsOnQubits\basis_direct_encoding_benchmarks\quantum_circuits\ame43\monomial_full__sup012_P021_ph002\F3_W.qpy,C:\Users\szymon\QuditsOnQubits\QuditsOnQubits\basis_direct_encoding_benchmarks\quantum_circuits\ame43\monomial_full__sup012_P021_ph002\CZ3_W.qpy,C:\Users\szymon\QuditsOnQubits\QuditsOnQubits\basis_direct_encoding_benchmarks\quantum_circuits\ame43\monomial_full__sup012_P021_ph002\graph_state_direct_basis.qpy,C:\Users\szymon\QuditsOnQubits\QuditsOnQubits\basis_direct_encoding_benchmarks\quantum_circuits\ame43\monomial_full__sup012_P021_ph002\graph_state_direct_basis_transpiled.qpy,C:\Users\szymon\QuditsOnQubits\QuditsOnQubits\basis_direct_encoding_benchmarks\quantum_circuits\ame43\monomial_full__sup012_P021_ph002\basis_change_gate.qpy,C:\Users\szymon\QuditsOnQubits\QuditsOnQubits\basis_direct_encoding_benchmarks\quantum_circuits\ame43\monomial_full__sup012_P021_ph002\W.npy
direct_basis_encoding,ame43,ame43,ame43,ame43,4,4,8,sup012_P021_ph010,monomial,monomial_full,sup012_P021_ph010,True,True,101,226,327,158,,,1.472595,True,False,ok,,Converted from legacy E_new = E_Z @ W candidate.; Fidelity skipped because transpiled circuit has 128 qubits.,158,183.0,15.88,327,347.2,101,107.9,128,"{'sx': 118, 'cz': 98, 'rz': 68, 'rx': 40, 'rzz': 3}",10,10,0,C:\Users\szymon\QuditsOnQubits\QuditsOnQubits\basis_direct_encoding_benchmarks\quantum_circuits\ame43\monomial_full__sup012_P021_ph010,C:\Users\szymon\QuditsOnQubits\QuditsOnQubits\basis_direct_encoding_benchmarks\quantum_circuits\ame43\monomial_full__sup012_P021_ph010\F3_W.qpy,C:\Users\szymon\QuditsOnQubits\QuditsOnQubits\basis_direct_encoding_benchmarks\quantum_circuits\ame43\monomial_full__sup012_P021_ph010\CZ3_W.qpy,C:\Users\szymon\QuditsOnQubits\QuditsOnQubits\basis_direct_encoding_benchmarks\quantum_circuits\ame43\monomial_full__sup012_P021_ph010\graph_state_direct_basis.qpy,C:\Users\szymon\QuditsOnQubits\QuditsOnQubits\basis_direct_encoding_benchmarks\quantum_circuits\ame43\monomial_full__sup012_P021_ph010\graph_state_direct_basis_transpiled.qpy,C:\Users\szymon\QuditsOnQubits\QuditsOnQubits\basis_direct_encoding_benchmarks\quantum_circuits\ame43\monomial_full__sup012_P021_ph010\basis_change_gate.qpy,C:\Users\szymon\QuditsOnQubits\QuditsOnQubits\basis_direct_encoding_benchmarks\quantum_circuits\ame43\monomial_full__sup012_P021_ph010\W.npy
direct_basis_encoding,ame43,ame43,ame43,ame43,4,4,8,sup012_P021_ph011,monomial,monomial_full,sup012_P021_ph011,True,True,101,228,329,158,,,1.543056,True,False,ok,,Converted from legacy E_new = E_Z @ W candidate.; Fidelity skipped because transpiled circuit has 128 qubits.,158,183.6,16.02,329,349.8,101,107.9,128,"{'sx': 118, 'cz': 98, 'rz': 70, 'rx': 40, 'rzz': 3}",10,10,0,C:\Users\szymon\QuditsOnQubits\QuditsOnQubits\basis_direct_encoding_benchmarks\quantum_circuits\ame43\monomial_full__sup012_P021_ph011,C:\Users\szymon\QuditsOnQubits\QuditsOnQubits\basis_direct_encoding_benchmarks\quantum_circuits\ame43\monomial_full__sup012_P021_ph011\F3_W.qpy,C:\Users\szymon\QuditsOnQubits\QuditsOnQubits\basis_direct_encoding_benchmarks\quantum_circuits\ame43\monomial_full__sup012_P021_ph011\CZ3_W.qpy,C:\Users\szymon\QuditsOnQubits\QuditsOnQubits\basis_direct_encoding_benchmarks\quantum_circuits\ame43\monomial_full__sup012_P021_ph011\graph_state_direct_basis.qpy,C:\Users\szymon\QuditsOnQubits\QuditsOnQubits\basis_direct_encoding_benchmarks\quantum_circuits\ame43\monomial_full__sup012_P021_ph011\graph_state_direct_basis_transpiled.qpy,C:\Users\szymon\QuditsOnQubits\QuditsOnQubits\basis_direct_encoding_benchmarks\quantum_circuits\ame43\monomial_full__sup012_P021_ph011\basis_change_gate.qpy,C:\Users\szymon\QuditsOnQubits\QuditsOnQubits\basis_direct_encoding_benchmarks\quantum_circuits\ame43\monomial_full__sup012_P021_ph011\W.npy
direct_basis_encoding,ame43,ame43,ame43,ame43,4,4,8,sup012_P021_ph012,monomial,monomial_full,sup012_P021_ph012,True,True,101,221,322,157,,,1.510838,True,False,ok,,Converted from legacy E_new = E_Z @ W candidate.; Fidelity skipped because transpiled circuit has 128 qubits.,157,182.7,16.12,322,342.3,101,107.9,128,"{'sx': 118, 'cz': 98, 'rz': 63, 'rx': 40, 'rzz': 3}",10,10,0,C:\Users\szymon\QuditsOnQubits\QuditsOnQubits\basis_direct_encoding_benchmarks\quantum_circuits\ame43\monomial_full__sup012_P021_ph012,C:\Users\szymon\QuditsOnQubits\QuditsOnQubits\basis_direct_encoding_benchmarks\quantum_circuits\ame43\monomial_full__sup012_P021_ph012\F3_W.qpy,C:\Users\szymon\QuditsOnQubits\QuditsOnQubits\basis_direct_encoding_benchmarks\quantum_circuits\ame43\monomial_full__sup012_P021_ph012\CZ3_W.qpy,C:\Users\szymon\QuditsOnQubits\QuditsOnQubits\basis_direct_encoding_benchmarks\quantum_circuits\ame43\monomial_full__sup012_P021_ph012\graph_state_direct_basis.qpy,C:\Users\szymon\QuditsOnQubits\QuditsOnQubits\basis_direct_encoding_benchmarks\quantum_circuits\ame43\monomial_full__sup012_P021_ph012\graph_state_direct_basis_transpiled.qpy,C:\Users\szymon\QuditsOnQubits\QuditsOnQubits\basis_direct_encoding_benchmarks\quantum_circuits\ame43\monomial_full__sup012_P021_ph012\basis_change_gate.qpy,C:\Users\szymon\QuditsOnQubits\QuditsOnQubits\basis_direct_encoding_benchmarks\quantum_circuits\ame43\monomial_full__sup012_P021_ph012\W.npy
direct_basis_encoding,ame43,ame43,ame43,ame43,4,4,8,sup012_P021_ph020,monomial,monomial_full,sup012_P021_ph020,True,True,101,226,327,158,,,1.416713,True,False,ok,,Converted from legacy E_new = E_Z @ W candidate.; Fidelity skipped because transpiled circuit has 128 qubits.,158,183.0,15.88,327,347.2,101,107.9,128,"{'sx': 118, 'cz': 98, 'rz': 68, 'rx': 40, 'rzz': 3}",10,10,0,C:\Users\szymon\QuditsOnQubits\QuditsOnQubits\basis_direct_encoding_benchmarks\quantum_circuits\ame43\monomial_full__sup012_P021_ph020,C:\Users\szymon\QuditsOnQubits\QuditsOnQubits\basis_direct_encoding_benchmarks\quantum_circuits\ame43\monomial_full__sup012_P021_ph020\F3_W.qpy,C:\Users\szymon\QuditsOnQubits\QuditsOnQubits\basis_direct_encoding_benchmarks\quantum_circuits\ame43\monomial_full__sup012_P021_ph020\CZ3_W.qpy,C:\Users\szymon\QuditsOnQubits\QuditsOnQubits\basis_direct_encoding_benchmarks\quantum_circuits\ame43\monomial_full__sup012_P021_ph020\graph_state_direct_basis.qpy,C:\Users\szymon\QuditsOnQubits\QuditsOnQubits\basis_direct_encoding_benchmarks\quantum_circuits\ame43\monomial_full__sup012_P021_ph020\graph_state_direct_basis_transpiled.qpy,C:\Users\szymon\QuditsOnQubits\QuditsOnQubits\basis_direct_encoding_benchmarks\quantum_circuits\ame43\monomial_full__sup012_P021_ph020\basis_change_gate.qpy,C:\Users\szymon\QuditsOnQubits\QuditsOnQubits\basis_direct_encoding_benchmarks\quantum_circuits\ame43\monomial_full__sup012_P021_ph020\W.npy
direct_basis_encoding,ame43,ame43,ame43,ame43,4,4,8,sup012_P021_ph021,monomial,monomial_full,sup012_P021_ph021,True,True,101,221,322,157,,,1.558754,True,False,ok,,Converted from legacy E_new = E_Z @ W candidate.; Fidelity skipped because transpiled circuit has 128 qubits.,157,182.7,16.12,322,341.9,101,107.9,128,"{'sx': 118, 'cz': 98, 'rz': 63, 'rx': 40, 'rzz': 3}",10,10,0,C:\Users\szymon\QuditsOnQubits\QuditsOnQubits\basis_direct_encoding_benchmarks\quantum_circuits\ame43\monomial_full__sup012_P021_ph021,C:\Users\szymon\QuditsOnQubits\QuditsOnQubits\basis_direct_encoding_benchmarks\quantum_circuits\ame43\monomial_full__sup012_P021_ph021\F3_W.qpy,C:\Users\szymon\QuditsOnQubits\QuditsOnQubits\basis_direct_encoding_benchmarks\quantum_circuits\ame43\monomial_full__sup012_P021_ph021\CZ3_W.qpy,C:\Users\szymon\QuditsOnQubits\QuditsOnQubits\basis_direct_encoding_benchmarks\quantum_circuits\ame43\monomial_full__sup012_P021_ph021\graph_state_direct_basis.qpy,C:\Users\szymon\QuditsOnQubits\QuditsOnQubits\basis_direct_encoding_benchmarks\quantum_circuits\ame43\monomial_full__sup012_P021_ph021\graph_state_direct_basis_transpiled.qpy,C:\Users\szymon\QuditsOnQubits\QuditsOnQubits\basis_direct_encoding_benchmarks\quantum_circuits\ame43\monomial_full__sup012_P021_ph021\basis_change_gate.qpy,C:\Users\szymon\QuditsOnQubits\QuditsOnQubits\basis_direct_encoding_benchmarks\quantum_circuits\ame43\monomial_full__sup012_P021_ph021\W.npy
direct_basis_encoding,ame43,ame43,ame43,ame43,4,4,8,sup012_P021_ph022,monomial,monomial_full,sup012_P021_ph022,True,True,101,228,329,158,,,1.808269,True,False,ok,,Converted from legacy E_new = E_Z @ W candidate.; Fidelity skipped because transpiled circuit has 128 qubits.,158,183.6,16.02,329,348.9,101,107.9,128,"{'sx': 118, 'cz': 98, 'rz': 70, 'rx': 40, 'rzz': 3}",10,10,0,C:\Users\szymon\QuditsOnQubits\QuditsOnQubits\basis_direct_encoding_benchmarks\quantum_circuits\ame43\monomial_full__sup012_P021_ph022,C:\Users\szymon\QuditsOnQubits\QuditsOnQubits\basis_direct_encoding_benchmarks\quantum_circuits\ame43\monomial_full__sup012_P021_ph022\F3_W.qpy,C:\Users\szymon\QuditsOnQubits\QuditsOnQubits\basis_direct_encoding_benchmarks\quantum_circuits\ame43\monomial_full__sup012_P021_ph022\CZ3_W.qpy,C:\Users\szymon\QuditsOnQubits\QuditsOnQubits\basis_direct_encoding_benchmarks\quantum_circuits\ame43\monomial_full__sup012_P021_ph022\graph_state_direct_basis.qpy,C:\Users\szymon\QuditsOnQubits\QuditsOnQubits\basis_direct_encoding_benchmarks\quantum_circuits\ame43\monomial_full__sup012_P021_ph022\graph_state_direct_basis_transpiled.qpy,C:\Users\szymon\QuditsOnQubits\QuditsOnQubits\basis_direct_encoding_benchmarks\quantum_circuits\ame43\monomial_full__sup012_P021_ph022\basis_change_gate.qpy,C:\Users\szymon\QuditsOnQubits\QuditsOnQubits\basis_direct_encoding_benchmarks\quantum_circuits\ame43\monomial_full__sup012_P021_ph022\W.npy
direct_basis_encoding,ame43,ame43,ame43,ame43,4,4,8,sup012_P021_ph100,monomial,monomial_full,sup012_P021_ph100,True,True,101,221,322,157,,,1.604163,True,False,ok,,Converted from legacy E_new = E_Z @ W candidate.; Fidelity skipped because transpiled circuit has 128 qubits.,157,182.7,16.12,322,341.9,101,107.9,128,"{'sx': 118, 'cz': 98, 'rz': 63, 'rx': 40, 'rzz': 3}",10,10,0,C:\Users\szymon\QuditsOnQubits\QuditsOnQubits\basis_direct_encoding_benchmarks\quantum_circuits\ame43\monomial_full__sup012_P021_ph100,C:\Users\szymon\QuditsOnQubits\QuditsOnQubits\basis_direct_encoding_benchmarks\quantum_circuits\ame43\monomial_full__sup012_P021_ph100\F3_W.qpy,C:\Users\szymon\QuditsOnQubits\QuditsOnQubits\basis_direct_encoding_benchmarks\quantum_circuits\ame43\monomial_full__sup012_P021_ph100\CZ3_W.qpy,C:\Users\szymon\QuditsOnQubits\QuditsOnQubits\basis_direct_encoding_benchmarks\quantum_circuits\ame43\monomial_full__sup012_P021_ph100\graph_state_direct_basis.qpy,C:\Users\szymon\QuditsOnQubits\QuditsOnQubits\basis_direct_encoding_benchmarks\quantum_circuits\ame43\monomial_full__sup012_P021_ph100\graph_state_direct_basis_transpiled.qpy,C:\Users\szymon\QuditsOnQubits\QuditsOnQubits\basis_direct_encoding_benchmarks\quantum_circuits\ame43\monomial_full__sup012_P021_ph100\basis_change_gate.qpy,C:\Users\szymon\QuditsOnQubits\QuditsOnQubits\basis_direct_encoding_benchmarks\quantum_circuits\ame43\monomial_full__sup012_P021_ph100\W.npy
direct_basis_encoding,ame43,ame43,ame43,ame43,4,4,8,sup012_P021_ph101,monomial,monomial_full,sup012_P021_ph101,True,True,101,227,328,158,,,1.859811,True,False,ok,,Converted from legacy E_new = E_Z @ W candidate.; Fidelity skipped because transpiled circuit has 128 qubits.,158,183.6,16.02,328,348.0,101,107.9,128,"{'sx': 118, 'cz': 98, 'rz': 69, 'rx': 40, 'rzz': 3}",10,10,0,C:\Users\szymon\QuditsOnQubits\QuditsOnQubits\basis_direct_encoding_benchmarks\quantum_circuits\ame43\monomial_full__sup012_P021_ph101,C:\Users\szymon\QuditsOnQubits\QuditsOnQubits\basis_direct_encoding_benchmarks\quantum_circuits\ame43\monomial_full__sup012_P021_ph101\F3_W.qpy,C:\Users\szymon\QuditsOnQubits\QuditsOnQubits\basis_direct_encoding_benchmarks\quantum_circuits\ame43\monomial_full__sup012_P021_ph101\CZ3_W.qpy,C:\Users\szymon\QuditsOnQubits\QuditsOnQubits\basis_direct_encoding_benchmarks\quantum_circuits\ame43\monomial_full__sup012_P021_ph101\graph_state_direct_basis.qpy,C:\Users\szymon\QuditsOnQubits\QuditsOnQubits\basis_direct_encoding_benchmarks\quantum_circuits\ame43\monomial_full__sup012_P021_ph101\graph_state_direct_basis_transpiled.qpy,C:\Users\szymon\QuditsOnQubits\QuditsOnQubits\basis_direct_encoding_benchmarks\quantum_circuits\ame43\monomial_full__sup012_P021_ph101\basis_change_gate.qpy,C:\Users\szymon\QuditsOnQubits\QuditsOnQubits\basis_direct_encoding_benchmarks\quantum_circuits\ame43\monomial_full__sup012_P021_ph101\W.npy
direct_basis_encoding,ame43,ame43,ame43,ame43,4,4,8,sup012_P021_ph102,monomial,monomial_full,sup012_P021_ph102,True,True,101,227,328,158,,,1.884986,True,False,ok,,Converted from legacy E_new = E_Z @ W candidate.; Fidelity skipped because transpiled circuit has 128 qubits.,158,183.0,15.88,328,347.9,101,107.9,128,"{'sx': 118, 'cz': 98, 'rz': 69, 'rx': 40, 'rzz': 3}",10,10,0,C:\Users\szymon\QuditsOnQubits\QuditsOnQubits\basis_direct_encoding_benchmarks\quantum_circuits\ame43\monomial_full__sup012_P021_ph102,C:\Users\szymon\QuditsOnQubits\QuditsOnQubits\basis_direct_encoding_benchmarks\quantum_circuits\ame43\monomial_full__sup012_P021_ph102\F3_W.qpy,C:\Users\szymon\QuditsOnQubits\QuditsOnQubits\basis_direct_encoding_benchmarks\quantum_circuits\ame43\monomial_full__sup012_P021_ph102\CZ3_W.qpy,C:\Users\szymon\QuditsOnQubits\QuditsOnQubits\basis_direct_encoding_benchmarks\quantum_circuits\ame43\monomial_full__sup012_P021_ph102\graph_state_direct_basis.qpy,C:\Users\szymon\QuditsOnQubits\QuditsOnQubits\basis_direct_encoding_benchmarks\quantum_circuits\ame43\monomial_full__sup012_P021_ph102\graph_state_direct_basis_transpiled.qpy,C:\Users\szymon\QuditsOnQubits\QuditsOnQubits\basis_direct_encoding_benchmarks\quantum_circuits\ame43\monomial_full__sup012_P021_ph102\basis_change_gate.qpy,C:\Users\szymon\QuditsOnQubits\QuditsOnQubits\basis_direct_encoding_benchmarks\quantum_circuits\ame43\monomial_full__sup012_P021_ph102\W.npy
direct_basis_encoding,ame43,ame43,ame43,ame43,4,4,8,sup012_P021_ph110,monomial,monomial_full,sup012_P021_ph110,True,True,101,226,327,157,,,1.365365,True,False,ok,,Converted from legacy E_new = E_Z @ W candidate.; Fidelity skipped because transpiled circuit has 128 qubits.,157,182.7,16.12,327,348.3,101,107.9,128,"{'sx': 118, 'cz': 98, 'rz': 68, 'rx': 40, 'rzz': 3}",10,10,0,C:\Users\szymon\QuditsOnQubits\QuditsOnQubits\basis_direct_encoding_benchmarks\quantum_circuits\ame43\monomial_full__sup012_P021_ph110,C:\Users\szymon\QuditsOnQubits\QuditsOnQubits\basis_direct_encoding_benchmarks\quantum_circuits\ame43\monomial_full__sup012_P021_ph110\F3_W.qpy,C:\Users\szymon\QuditsOnQubits\QuditsOnQubits\basis_direct_encoding_benchmarks\quantum_circuits\ame43\monomial_full__sup012_P021_ph110\CZ3_W.qpy,C:\Users\szymon\QuditsOnQubits\QuditsOnQubits\basis_direct_encoding_benchmarks\quantum_circuits\ame43\monomial_full__sup012_P021_ph110\graph_state_direct_basis.qpy,C:\Users\szymon\QuditsOnQubits\QuditsOnQubits\basis_direct_encoding_benchmarks\quantum_circuits\ame43\monomial_full__sup012_P021_ph110\graph_state_direct_basis_transpiled.qpy,C:\Users\szymon\QuditsOnQubits\QuditsOnQubits\basis_direct_encoding_benchmarks\quantum_circuits\ame43\monomial_full__sup012_P021_ph110\basis_change_gate.qpy,C:\Users\szymon\QuditsOnQubits\QuditsOnQubits\basis_direct_encoding_benchmarks\quantum_circuits\ame43\monomial_full__sup012_P021_ph110\W.npy
direct_basis_encoding,ame43,ame43,ame43,ame43,4,4,8,sup012_P021_ph111,monomial,monomial_full,sup012_P021_ph111,True,True,101,225,326,157,,,1.616384,True,False,ok,,Converted from legacy E_new = E_Z @ W candidate.; Fidelity skipped because transpiled circuit has 128 qubits.,157,182.7,16.12,326,347.0,101,107.9,128,"{'sx': 118, 'cz': 98, 'rz': 67, 'rx': 40, 'rzz': 3}",10,10,0,C:\Users\szymon\QuditsOnQubits\QuditsOnQubits\basis_direct_encoding_benchmarks\quantum_circuits\ame43\monomial_full__sup012_P021_ph111,C:\Users\szymon\QuditsOnQubits\QuditsOnQubits\basis_direct_encoding_benchmarks\quantum_circuits\ame43\monomial_full__sup012_P021_ph111\F3_W.qpy,C:\Users\szymon\QuditsOnQubits\QuditsOnQubits\basis_direct_encoding_benchmarks\quantum_circuits\ame43\monomial_full__sup012_P021_ph111\CZ3_W.qpy,C:\Users\szymon\QuditsOnQubits\QuditsOnQubits\basis_direct_encoding_benchmarks\quantum_circuits\ame43\monomial_full__sup012_P021_ph111\graph_state_direct_basis.qpy,C:\Users\szymon\QuditsOnQubits\QuditsOnQubits\basis_direct_encoding_benchmarks\quantum_circuits\ame43\monomial_full__sup012_P021_ph111\graph_state_direct_basis_transpiled.qpy,C:\Users\szymon\QuditsOnQubits\QuditsOnQubits\basis_direct_encoding_benchmarks\quantum_circuits\ame43\monomial_full__sup012_P021_ph111\basis_change_gate.qpy,C:\Users\szymon\QuditsOnQubits\QuditsOnQubits\basis_direct_encoding_benchmarks\quantum_circuits\ame43\monomial_full__sup012_P021_ph111\W.npy
direct_basis_encoding,ame43,ame43,ame43,ame43,4,4,8,sup012_P021_ph112,monomial,monomial_full,sup012_P021_ph112,True,True,101,219,320,157,,,1.5539,True,False,ok,,Converted from legacy E_new = E_Z @ W candidate.; Fidelity skipped because transpiled circuit has 128 qubits.,157,182.1,15.98,320,340.2,101,107.9,128,"{'sx': 118, 'cz': 98, 'rz': 61, 'rx': 40, 'rzz': 3}",10,10,0,C:\Users\szymon\QuditsOnQubits\QuditsOnQubits\basis_direct_encoding_benchmarks\quantum_circuits\ame43\monomial_full__sup012_P021_ph112,C:\Users\szymon\QuditsOnQubits\QuditsOnQubits\basis_direct_encoding_benchmarks\quantum_circuits\ame43\monomial_full__sup012_P021_ph112\F3_W.qpy,C:\Users\szymon\QuditsOnQubits\QuditsOnQubits\basis_direct_encoding_benchmarks\quantum_circuits\ame43\monomial_full__sup012_P021_ph112\CZ3_W.qpy,C:\Users\szymon\QuditsOnQubits\QuditsOnQubits\basis_direct_encoding_benchmarks\quantum_circuits\ame43\monomial_full__sup012_P021_ph112\graph_state_direct_basis.qpy,C:\Users\szymon\QuditsOnQubits\QuditsOnQubits\basis_direct_encoding_benchmarks\quantum_circuits\ame43\monomial_full__sup012_P021_ph112\graph_state_direct_basis_transpiled.qpy,C:\Users\szymon\QuditsOnQubits\QuditsOnQubits\basis_direct_encoding_benchmarks\quantum_circuits\ame43\monomial_full__sup012_P021_ph112\basis_change_gate.qpy,C:\Users\szymon\QuditsOnQubits\QuditsOnQubits\basis_direct_encoding_benchmarks\quantum_circuits\ame43\monomial_full__sup012_P021_ph112\W.npy
direct_basis_encoding,ame43,ame43,ame43,ame43,4,4,8,sup012_P021_ph120,monomial,monomial_full,sup012_P021_ph120,True,True,101,228,329,158,,,1.578069,True,False,ok,,Converted from legacy E_new = E_Z @ W candidate.; Fidelity skipped because transpiled circuit has 128 qubits.,158,183.6,16.02,329,349.8,101,107.9,128,"{'sx': 118, 'cz': 98, 'rz': 70, 'rx': 40, 'rzz': 3}",10,10,0,C:\Users\szymon\QuditsOnQubits\QuditsOnQubits\basis_direct_encoding_benchmarks\quantum_circuits\ame43\monomial_full__sup012_P021_ph120,C:\Users\szymon\QuditsOnQubits\QuditsOnQubits\basis_direct_encoding_benchmarks\quantum_circuits\ame43\monomial_full__sup012_P021_ph120\F3_W.qpy,C:\Users\szymon\QuditsOnQubits\QuditsOnQubits\basis_direct_encoding_benchmarks\quantum_circuits\ame43\monomial_full__sup012_P021_ph120\CZ3_W.qpy,C:\Users\szymon\QuditsOnQubits\QuditsOnQubits\basis_direct_encoding_benchmarks\quantum_circuits\ame43\monomial_full__sup012_P021_ph120\graph_state_direct_basis.qpy,C:\Users\szymon\QuditsOnQubits\QuditsOnQubits\basis_direct_encoding_benchmarks\quantum_circuits\ame43\monomial_full__sup012_P021_ph120\graph_state_direct_basis_transpiled.qpy,C:\Users\szymon\QuditsOnQubits\QuditsOnQubits\basis_direct_encoding_benchmarks\quantum_circuits\ame43\monomial_full__sup012_P021_ph120\basis_change_gate.qpy,C:\Users\szymon\QuditsOnQubits\QuditsOnQubits\basis_direct_encoding_benchmarks\quantum_circuits\ame43\monomial_full__sup012_P021_ph120\W.npy
direct_basis_encoding,ame43,ame43,ame43,ame43,4,4,8,sup012_P021_ph121,monomial,monomial_full,sup012_P021_ph121,True,True,101,220,321,157,,,1.46671,True,False,ok,,Converted from legacy E_new = E_Z @ W candidate.; Fidelity skipped because transpiled circuit has 128 qubits.,157,182.7,16.12,321,341.7,101,107.9,128,"{'sx': 118, 'cz': 98, 'rz': 62, 'rx': 40, 'rzz': 3}",10,10,0,C:\Users\szymon\QuditsOnQubits\QuditsOnQubits\basis_direct_encoding_benchmarks\quantum_circuits\ame43\monomial_full__sup012_P021_ph121,C:\Users\szymon\QuditsOnQubits\QuditsOnQubits\basis_direct_encoding_benchmarks\quantum_circuits\ame43\monomial_full__sup012_P021_ph121\F3_W.qpy,C:\Users\szymon\QuditsOnQubits\QuditsOnQubits\basis_direct_encoding_benchmarks\quantum_circuits\ame43\monomial_full__sup012_P021_ph121\CZ3_W.qpy,C:\Users\szymon\QuditsOnQubits\QuditsOnQubits\basis_direct_encoding_benchmarks\quantum_circuits\ame43\monomial_full__sup012_P021_ph121\graph_state_direct_basis.qpy,C:\Users\szymon\QuditsOnQubits\QuditsOnQubits\basis_direct_encoding_benchmarks\quantum_circuits\ame43\monomial_full__sup012_P021_ph121\graph_state_direct_basis_transpiled.qpy,C:\Users\szymon\QuditsOnQubits\QuditsOnQubits\basis_direct_encoding_benchmarks\quantum_circuits\ame43\monomial_full__sup012_P021_ph121\basis_change_gate.qpy,C:\Users\szymon\QuditsOnQubits\QuditsOnQubits\basis_direct_encoding_benchmarks\quantum_circuits\ame43\monomial_full__sup012_P021_ph121\W.npy
direct_basis_encoding,ame43,ame43,ame43,ame43,4,4,8,sup012_P021_ph122,monomial,monomial_full,sup012_P021_ph122,True,True,101,226,327,158,,,1.60485,True,False,ok,,Converted from legacy E_new = E_Z @ W candidate.; Fidelity skipped because transpiled circuit has 128 qubits.,158,183.0,15.88,327,347.4,101,107.9,128,"{'sx': 118, 'cz': 98, 'rz': 69, 'rx': 39, 'rzz': 3}",10,10,0,C:\Users\szymon\QuditsOnQubits\QuditsOnQubits\basis_direct_encoding_benchmarks\quantum_circuits\ame43\monomial_full__sup012_P021_ph122,C:\Users\szymon\QuditsOnQubits\QuditsOnQubits\basis_direct_encoding_benchmarks\quantum_circuits\ame43\monomial_full__sup012_P021_ph122\F3_W.qpy,C:\Users\szymon\QuditsOnQubits\QuditsOnQubits\basis_direct_encoding_benchmarks\quantum_circuits\ame43\monomial_full__sup012_P021_ph122\CZ3_W.qpy,C:\Users\szymon\QuditsOnQubits\QuditsOnQubits\basis_direct_encoding_benchmarks\quantum_circuits\ame43\monomial_full__sup012_P021_ph122\graph_state_direct_basis.qpy,C:\Users\szymon\QuditsOnQubits\QuditsOnQubits\basis_direct_encoding_benchmarks\quantum_circuits\ame43\monomial_full__sup012_P021_ph122\graph_state_direct_basis_transpiled.qpy,C:\Users\szymon\QuditsOnQubits\QuditsOnQubits\basis_direct_encoding_benchmarks\quantum_circuits\ame43\monomial_full__sup012_P021_ph122\basis_change_gate.qpy,C:\Users\szymon\QuditsOnQubits\QuditsOnQubits\basis_direct_encoding_benchmarks\quantum_circuits\ame43\monomial_full__sup012_P021_ph122\W.npy
direct_basis_encoding,ame43,ame43,ame43,ame43,4,4,8,sup012_P021_ph200,monomial,monomial_full,sup012_P021_ph200,True,True,101,221,322,157,,,1.682624,True,False,ok,,Converted from legacy E_new = E_Z @ W candidate.; Fidelity skipped because transpiled circuit has 128 qubits.,157,182.7,16.12,322,342.3,101,107.9,128,"{'sx': 118, 'cz': 98, 'rz': 63, 'rx': 40, 'rzz': 3}",10,10,0,C:\Users\szymon\QuditsOnQubits\QuditsOnQubits\basis_direct_encoding_benchmarks\quantum_circuits\ame43\monomial_full__sup012_P021_ph200,C:\Users\szymon\QuditsOnQubits\QuditsOnQubits\basis_direct_encoding_benchmarks\quantum_circuits\ame43\monomial_full__sup012_P021_ph200\F3_W.qpy,C:\Users\szymon\QuditsOnQubits\QuditsOnQubits\basis_direct_encoding_benchmarks\quantum_circuits\ame43\monomial_full__sup012_P021_ph200\CZ3_W.qpy,C:\Users\szymon\QuditsOnQubits\QuditsOnQubits\basis_direct_encoding_benchmarks\quantum_circuits\ame43\monomial_full__sup012_P021_ph200\graph_state_direct_basis.qpy,C:\Users\szymon\QuditsOnQubits\QuditsOnQubits\basis_direct_encoding_benchmarks\quantum_circuits\ame43\monomial_full__sup012_P021_ph200\graph_state_direct_basis_transpiled.qpy,C:\Users\szymon\QuditsOnQubits\QuditsOnQubits\basis_direct_encoding_benchmarks\quantum_circuits\ame43\monomial_full__sup012_P021_ph200\basis_change_gate.qpy,C:\Users\szymon\QuditsOnQubits\QuditsOnQubits\basis_direct_encoding_benchmarks\quantum_circuits\ame43\monomial_full__sup012_P021_ph200\W.npy
direct_basis_encoding,ame43,ame43,ame43,ame43,4,4,8,sup012_P021_ph201,monomial,monomial_full,sup012_P021_ph201,True,True,101,226,327,158,,,1.534698,True,False,ok,,Converted from legacy E_new = E_Z @ W candidate.; Fidelity skipped because transpiled circuit has 128 qubits.,158,183.0,15.88,327,347.4,101,107.9,128,"{'sx': 118, 'cz': 98, 'rz': 69, 'rx': 39, 'rzz': 3}",10,10,0,C:\Users\szymon\QuditsOnQubits\QuditsOnQubits\basis_direct_encoding_benchmarks\quantum_circuits\ame43\monomial_full__sup012_P021_ph201,C:\Users\szymon\QuditsOnQubits\QuditsOnQubits\basis_direct_encoding_benchmarks\quantum_circuits\ame43\monomial_full__sup012_P021_ph201\F3_W.qpy,C:\Users\szymon\QuditsOnQubits\QuditsOnQubits\basis_direct_encoding_benchmarks\quantum_circuits\ame43\monomial_full__sup012_P021_ph201\CZ3_W.qpy,C:\Users\szymon\QuditsOnQubits\QuditsOnQubits\basis_direct_encoding_benchmarks\quantum_circuits\ame43\monomial_full__sup012_P021_ph201\graph_state_direct_basis.qpy,C:\Users\szymon\QuditsOnQubits\QuditsOnQubits\basis_direct_encoding_benchmarks\quantum_circuits\ame43\monomial_full__sup012_P021_ph201\graph_state_direct_basis_transpiled.qpy,C:\Users\szymon\QuditsOnQubits\QuditsOnQubits\basis_direct_encoding_benchmarks\quantum_circuits\ame43\monomial_full__sup012_P021_ph201\basis_change_gate.qpy,C:\Users\szymon\QuditsOnQubits\QuditsOnQubits\basis_direct_encoding_benchmarks\quantum_circuits\ame43\monomial_full__sup012_P021_ph201\W.npy
direct_basis_encoding,ame43,ame43,ame43,ame43,4,4,8,sup012_P021_ph202,monomial,monomial_full,sup012_P021_ph202,True,True,101,227,328,158,,,1.536296,True,False,ok,,Converted from legacy E_new = E_Z @ W candidate.; Fidelity skipped because transpiled circuit has 128 qubits.,158,183.6,16.02,328,348.0,101,107.9,128,"{'sx': 118, 'cz': 98, 'rz': 69, 'rx': 40, 'rzz': 3}",10,10,0,C:\Users\szymon\QuditsOnQubits\QuditsOnQubits\basis_direct_encoding_benchmarks\quantum_circuits\ame43\monomial_full__sup012_P021_ph202,C:\Users\szymon\QuditsOnQubits\QuditsOnQubits\basis_direct_encoding_benchmarks\quantum_circuits\ame43\monomial_full__sup012_P021_ph202\F3_W.qpy,C:\Users\szymon\QuditsOnQubits\QuditsOnQubits\basis_direct_encoding_benchmarks\quantum_circuits\ame43\monomial_full__sup012_P021_ph202\CZ3_W.qpy,C:\Users\szymon\QuditsOnQubits\QuditsOnQubits\basis_direct_encoding_benchmarks\quantum_circuits\ame43\monomial_full__sup012_P021_ph202\graph_state_direct_basis.qpy,C:\Users\szymon\QuditsOnQubits\QuditsOnQubits\basis_direct_encoding_benchmarks\quantum_circuits\ame43\monomial_full__sup012_P021_ph202\graph_state_direct_basis_transpiled.qpy,C:\Users\szymon\QuditsOnQubits\QuditsOnQubits\basis_direct_encoding_benchmarks\quantum_circuits\ame43\monomial_full__sup012_P021_ph202\basis_change_gate.qpy,C:\Users\szymon\QuditsOnQubits\QuditsOnQubits\basis_direct_encoding_benchmarks\quantum_circuits\ame43\monomial_full__sup012_P021_ph202\W.npy
direct_basis_encoding,ame43,ame43,ame43,ame43,4,4,8,sup012_P021_ph210,monomial,monomial_full,sup012_P021_ph210,True,True,101,228,329,158,,,1.357021,True,False,ok,,Converted from legacy E_new = E_Z @ W candidate.; Fidelity skipped because transpiled circuit has 128 qubits.,158,183.6,16.02,329,349.3,101,107.9,128,"{'sx': 118, 'cz': 98, 'rz': 70, 'rx': 40, 'rzz': 3}",10,10,0,C:\Users\szymon\QuditsOnQubits\QuditsOnQubits\basis_direct_encoding_benchmarks\quantum_circuits\ame43\monomial_full__sup012_P021_ph210,C:\Users\szymon\QuditsOnQubits\QuditsOnQubits\basis_direct_encoding_benchmarks\quantum_circuits\ame43\monomial_full__sup012_P021_ph210\F3_W.qpy,C:\Users\szymon\QuditsOnQubits\QuditsOnQubits\basis_direct_encoding_benchmarks\quantum_circuits\ame43\monomial_full__sup012_P021_ph210\CZ3_W.qpy,C:\Users\szymon\QuditsOnQubits\QuditsOnQubits\basis_direct_encoding_benchmarks\quantum_circuits\ame43\monomial_full__sup012_P021_ph210\graph_state_direct_basis.qpy,C:\Users\szymon\QuditsOnQubits\QuditsOnQubits\basis_direct_encoding_benchmarks\quantum_circuits\ame43\monomial_full__sup012_P021_ph210\graph_state_direct_basis_transpiled.qpy,C:\Users\szymon\QuditsOnQubits\QuditsOnQubits\basis_direct_encoding_benchmarks\quantum_circuits\ame43\monomial_full__sup012_P021_ph210\basis_change_gate.qpy,C:\Users\szymon\QuditsOnQubits\QuditsOnQubits\basis_direct_encoding_benchmarks\quantum_circuits\ame43\monomial_full__sup012_P021_ph210\W.npy
direct_basis_encoding,ame43,ame43,ame43,ame43,4,4,8,sup012_P021_ph211,monomial,monomial_full,sup012_P021_ph211,True,True,101,226,327,158,,,1.435534,True,False,ok,,Converted from legacy E_new = E_Z @ W candidate.; Fidelity skipped because transpiled circuit has 128 qubits.,158,183.0,15.88,327,347.8,101,107.9,128,"{'sx': 118, 'cz': 98, 'rz': 69, 'rx': 39, 'rzz': 3}",10,10,0,C:\Users\szymon\QuditsOnQubits\QuditsOnQubits\basis_direct_encoding_benchmarks\quantum_circuits\ame43\monomial_full__sup012_P021_ph211,C:\Users\szymon\QuditsOnQubits\QuditsOnQubits\basis_direct_encoding_benchmarks\quantum_circuits\ame43\monomial_full__sup012_P021_ph211\F3_W.qpy,C:\Users\szymon\QuditsOnQubits\QuditsOnQubits\basis_direct_encoding_benchmarks\quantum_circuits\ame43\monomial_full__sup012_P021_ph211\CZ3_W.qpy,C:\Users\szymon\QuditsOnQubits\QuditsOnQubits\basis_direct_encoding_benchmarks\quantum_circuits\ame43\monomial_full__sup012_P021_ph211\graph_state_direct_basis.qpy,C:\Users\szymon\QuditsOnQubits\QuditsOnQubits\basis_direct_encoding_benchmarks\quantum_circuits\ame43\monomial_full__sup012_P021_ph211\graph_state_direct_basis_transpiled.qpy,C:\Users\szymon\QuditsOnQubits\QuditsOnQubits\basis_direct_encoding_benchmarks\quantum_circuits\ame43\monomial_full__sup012_P021_ph211\basis_change_gate.qpy,C:\Users\szymon\QuditsOnQubits\QuditsOnQubits\basis_direct_encoding_benchmarks\quantum_circuits\ame43\monomial_full__sup012_P021_ph211\W.npy
direct_basis_encoding,ame43,ame43,ame43,ame43,4,4,8,sup012_P021_ph212,monomial,monomial_full,sup012_P021_ph212,True,True,101,220,321,157,,,1.332153,True,False,ok,,Converted from legacy E_new = E_Z @ W candidate.; Fidelity skipped because transpiled circuit has 128 qubits.,157,182.7,16.12,321,341.1,101,107.9,128,"{'sx': 118, 'cz': 98, 'rz': 62, 'rx': 40, 'rzz': 3}",10,10,0,C:\Users\szymon\QuditsOnQubits\QuditsOnQubits\basis_direct_encoding_benchmarks\quantum_circuits\ame43\monomial_full__sup012_P021_ph212,C:\Users\szymon\QuditsOnQubits\QuditsOnQubits\basis_direct_encoding_benchmarks\quantum_circuits\ame43\monomial_full__sup012_P021_ph212\F3_W.qpy,C:\Users\szymon\QuditsOnQubits\QuditsOnQubits\basis_direct_encoding_benchmarks\quantum_circuits\ame43\monomial_full__sup012_P021_ph212\CZ3_W.qpy,C:\Users\szymon\QuditsOnQubits\QuditsOnQubits\basis_direct_encoding_benchmarks\quantum_circuits\ame43\monomial_full__sup012_P021_ph212\graph_state_direct_basis.qpy,C:\Users\szymon\QuditsOnQubits\QuditsOnQubits\basis_direct_encoding_benchmarks\quantum_circuits\ame43\monomial_full__sup012_P021_ph212\graph_state_direct_basis_transpiled.qpy,C:\Users\szymon\QuditsOnQubits\QuditsOnQubits\basis_direct_encoding_benchmarks\quantum_circuits\ame43\monomial_full__sup012_P021_ph212\basis_change_gate.qpy,C:\Users\szymon\QuditsOnQubits\QuditsOnQubits\basis_direct_encoding_benchmarks\quantum_circuits\ame43\monomial_full__sup012_P021_ph212\W.npy
direct_basis_encoding,ame43,ame43,ame43,ame43,4,4,8,sup012_P021_ph220,monomial,monomial_full,sup012_P021_ph220,True,True,101,226,327,157,,,1.389857,True,False,ok,,Converted from legacy E_new = E_Z @ W candidate.; Fidelity skipped because transpiled circuit has 128 qubits.,157,182.7,16.12,327,348.7,101,107.9,128,"{'sx': 118, 'cz': 98, 'rz': 68, 'rx': 40, 'rzz': 3}",10,10,0,C:\Users\szymon\QuditsOnQubits\QuditsOnQubits\basis_direct_encoding_benchmarks\quantum_circuits\ame43\monomial_full__sup012_P021_ph220,C:\Users\szymon\QuditsOnQubits\QuditsOnQubits\basis_direct_encoding_benchmarks\quantum_circuits\ame43\monomial_full__sup012_P021_ph220\F3_W.qpy,C:\Users\szymon\QuditsOnQubits\QuditsOnQubits\basis_direct_encoding_benchmarks\quantum_circuits\ame43\monomial_full__sup012_P021_ph220\CZ3_W.qpy,C:\Users\szymon\QuditsOnQubits\QuditsOnQubits\basis_direct_encoding_benchmarks\quantum_circuits\ame43\monomial_full__sup012_P021_ph220\graph_state_direct_basis.qpy,C:\Users\szymon\QuditsOnQubits\QuditsOnQubits\basis_direct_encoding_benchmarks\quantum_circuits\ame43\monomial_full__sup012_P021_ph220\graph_state_direct_basis_transpiled.qpy,C:\Users\szymon\QuditsOnQubits\QuditsOnQubits\basis_direct_encoding_benchmarks\quantum_circuits\ame43\monomial_full__sup012_P021_ph220\basis_change_gate.qpy,C:\Users\szymon\QuditsOnQubits\QuditsOnQubits\basis_direct_encoding_benchmarks\quantum_circuits\ame43\monomial_full__sup012_P021_ph220\W.npy
direct_basis_encoding,ame43,ame43,ame43,ame43,4,4,8,sup012_P021_ph221,monomial,monomial_full,sup012_P021_ph221,True,True,101,219,320,157,,,1.426954,True,False,ok,,Converted from legacy E_new = E_Z @ W candidate.; Fidelity skipped because transpiled circuit has 128 qubits.,157,182.1,15.98,320,340.6,101,107.9,128,"{'sx': 118, 'cz': 98, 'rz': 61, 'rx': 40, 'rzz': 3}",10,10,0,C:\Users\szymon\QuditsOnQubits\QuditsOnQubits\basis_direct_encoding_benchmarks\quantum_circuits\ame43\monomial_full__sup012_P021_ph221,C:\Users\szymon\QuditsOnQubits\QuditsOnQubits\basis_direct_encoding_benchmarks\quantum_circuits\ame43\monomial_full__sup012_P021_ph221\F3_W.qpy,C:\Users\szymon\QuditsOnQubits\QuditsOnQubits\basis_direct_encoding_benchmarks\quantum_circuits\ame43\monomial_full__sup012_P021_ph221\CZ3_W.qpy,C:\Users\szymon\QuditsOnQubits\QuditsOnQubits\basis_direct_encoding_benchmarks\quantum_circuits\ame43\monomial_full__sup012_P021_ph221\graph_state_direct_basis.qpy,C:\Users\szymon\QuditsOnQubits\QuditsOnQubits\basis_direct_encoding_benchmarks\quantum_circuits\ame43\monomial_full__sup012_P021_ph221\graph_state_direct_basis_transpiled.qpy,C:\Users\szymon\QuditsOnQubits\QuditsOnQubits\basis_direct_encoding_benchmarks\quantum_circuits\ame43\monomial_full__sup012_P021_ph221\basis_change_gate.qpy,C:\Users\szymon\QuditsOnQubits\QuditsOnQubits\basis_direct_encoding_benchmarks\quantum_circuits\ame43\monomial_full__sup012_P021_ph221\W.npy
direct_basis_encoding,ame43,ame43,ame43,ame43,4,4,8,sup012_P021_ph222,monomial,monomial_full,sup012_P021_ph222,True,True,101,225,326,157,,,1.538146,True,False,ok,,Converted from legacy E_new = E_Z @ W candidate.; Fidelity skipped because transpiled circuit has 128 qubits.,157,182.7,16.12,326,346.9,101,107.9,128,"{'sx': 118, 'cz': 98, 'rz': 67, 'rx': 40, 'rzz': 3}",10,10,0,C:\Users\szymon\QuditsOnQubits\QuditsOnQubits\basis_direct_encoding_benchmarks\quantum_circuits\ame43\monomial_full__sup012_P021_ph222,C:\Users\szymon\QuditsOnQubits\QuditsOnQubits\basis_direct_encoding_benchmarks\quantum_circuits\ame43\monomial_full__sup012_P021_ph222\F3_W.qpy,C:\Users\szymon\QuditsOnQubits\QuditsOnQubits\basis_direct_encoding_benchmarks\quantum_circuits\ame43\monomial_full__sup012_P021_ph222\CZ3_W.qpy,C:\Users\szymon\QuditsOnQubits\QuditsOnQubits\basis_direct_encoding_benchmarks\quantum_circuits\ame43\monomial_full__sup012_P021_ph222\graph_state_direct_basis.qpy,C:\Users\szymon\QuditsOnQubits\QuditsOnQubits\basis_direct_encoding_benchmarks\quantum_circuits\ame43\monomial_full__sup012_P021_ph222\graph_state_direct_basis_transpiled.qpy,C:\Users\szymon\QuditsOnQubits\QuditsOnQubits\basis_direct_encoding_benchmarks\quantum_circuits\ame43\monomial_full__sup012_P021_ph222\basis_change_gate.qpy,C:\Users\szymon\QuditsOnQubits\QuditsOnQubits\basis_direct_encoding_benchmarks\quantum_circuits\ame43\monomial_full__sup012_P021_ph222\W.npy
direct_basis_encoding,ame43,ame43,ame43,ame43,4,4,8,sup012_P102_ph000,monomial,monomial_full,sup012_P102_ph000,True,True,86,194,280,182,,,1.512639,True,False,ok,,Converted from legacy E_new = E_Z @ W candidate.; Fidelity skipped because transpiled circuit has 128 qubits.,182,210.0,12.13,280,324.3,86,100.5,128,"{'cz': 70, 'sx': 69, 'rz': 68, 'rx': 57, 'rzz': 16}",10,10,0,C:\Users\szymon\QuditsOnQubits\QuditsOnQubits\basis_direct_encoding_benchmarks\quantum_circuits\ame43\monomial_full__sup012_P102_ph000,C:\Users\szymon\QuditsOnQubits\QuditsOnQubits\basis_direct_encoding_benchmarks\quantum_circuits\ame43\monomial_full__sup012_P102_ph000\F3_W.qpy,C:\Users\szymon\QuditsOnQubits\QuditsOnQubits\basis_direct_encoding_benchmarks\quantum_circuits\ame43\monomial_full__sup012_P102_ph000\CZ3_W.qpy,C:\Users\szymon\QuditsOnQubits\QuditsOnQubits\basis_direct_encoding_benchmarks\quantum_circuits\ame43\monomial_full__sup012_P102_ph000\graph_state_direct_basis.qpy,C:\Users\szymon\QuditsOnQubits\QuditsOnQubits\basis_direct_encoding_benchmarks\quantum_circuits\ame43\monomial_full__sup012_P102_ph000\graph_state_direct_basis_transpiled.qpy,C:\Users\szymon\QuditsOnQubits\QuditsOnQubits\basis_direct_encoding_benchmarks\quantum_circuits\ame43\monomial_full__sup012_P102_ph000\basis_change_gate.qpy,C:\Users\szymon\QuditsOnQubits\QuditsOnQubits\basis_direct_encoding_benchmarks\quantum_circuits\ame43\monomial_full__sup012_P102_ph000\W.npy
direct_basis_encoding,ame43,ame43,ame43,ame43,4,4,8,sup012_P102_ph001,monomial,monomial_full,sup012_P102_ph001,True,True,86,206,292,183,,,1.77179,True,False,ok,,Converted from legacy E_new = E_Z @ W candidate.; Fidelity skipped because transpiled circuit has 128 qubits.,183,210.2,11.98,292,331.9,86,100.5,128,"{'rz': 79, 'cz': 70, 'sx': 69, 'rx': 58, 'rzz': 16}",10,10,0,C:\Users\szymon\QuditsOnQubits\QuditsOnQubits\basis_direct_encoding_benchmarks\quantum_circuits\ame43\monomial_full__sup012_P102_ph001,C:\Users\szymon\QuditsOnQubits\QuditsOnQubits\basis_direct_encoding_benchmarks\quantum_circuits\ame43\monomial_full__sup012_P102_ph001\F3_W.qpy,C:\Users\szymon\QuditsOnQubits\QuditsOnQubits\basis_direct_encoding_benchmarks\quantum_circuits\ame43\monomial_full__sup012_P102_ph001\CZ3_W.qpy,C:\Users\szymon\QuditsOnQubits\QuditsOnQubits\basis_direct_encoding_benchmarks\quantum_circuits\ame43\monomial_full__sup012_P102_ph001\graph_state_direct_basis.qpy,C:\Users\szymon\QuditsOnQubits\QuditsOnQubits\basis_direct_encoding_benchmarks\quantum_circuits\ame43\monomial_full__sup012_P102_ph001\graph_state_direct_basis_transpiled.qpy,C:\Users\szymon\QuditsOnQubits\QuditsOnQubits\basis_direct_encoding_benchmarks\quantum_circuits\ame43\monomial_full__sup012_P102_ph001\basis_change_gate.qpy,C:\Users\szymon\QuditsOnQubits\QuditsOnQubits\basis_direct_encoding_benchmarks\quantum_circuits\ame43\monomial_full__sup012_P102_ph001\W.npy
direct_basis_encoding,ame43,ame43,ame43,ame43,4,4,8,sup012_P102_ph002,monomial,monomial_full,sup012_P102_ph002,True,True,86,206,292,183,,,1.771421,True,False,ok,,Converted from legacy E_new = E_Z @ W candidate.; Fidelity skipped because transpiled circuit has 128 qubits.,183,210.2,11.98,292,331.0,86,100.5,128,"{'rz': 79, 'cz': 70, 'sx': 69, 'rx': 58, 'rzz': 16}",10,10,0,C:\Users\szymon\QuditsOnQubits\QuditsOnQubits\basis_direct_encoding_benchmarks\quantum_circuits\ame43\monomial_full__sup012_P102_ph002,C:\Users\szymon\QuditsOnQubits\QuditsOnQubits\basis_direct_encoding_benchmarks\quantum_circuits\ame43\monomial_full__sup012_P102_ph002\F3_W.qpy,C:\Users\szymon\QuditsOnQubits\QuditsOnQubits\basis_direct_encoding_benchmarks\quantum_circuits\ame43\monomial_full__sup012_P102_ph002\CZ3_W.qpy,C:\Users\szymon\QuditsOnQubits\QuditsOnQubits\basis_direct_encoding_benchmarks\quantum_circuits\ame43\monomial_full__sup012_P102_ph002\graph_state_direct_basis.qpy,C:\Users\szymon\QuditsOnQubits\QuditsOnQubits\basis_direct_encoding_benchmarks\quantum_circuits\ame43\monomial_full__sup012_P102_ph002\graph_state_direct_basis_transpiled.qpy,C:\Users\szymon\QuditsOnQubits\QuditsOnQubits\basis_direct_encoding_benchmarks\quantum_circuits\ame43\monomial_full__sup012_P102_ph002\basis_change_gate.qpy,C:\Users\szymon\QuditsOnQubits\QuditsOnQubits\basis_direct_encoding_benchmarks\quantum_circuits\ame43\monomial_full__sup012_P102_ph002\W.npy
direct_basis_encoding,ame43,ame43,ame43,ame43,4,4,8,sup012_P102_ph010,monomial,monomial_full,sup012_P102_ph010,True,True,86,204,290,185,,,1.629451,True,False,ok,,Converted from legacy E_new = E_Z @ W candidate.; Fidelity skipped because transpiled circuit has 128 qubits.,185,211.0,11.53,290,334.1,86,100.5,128,"{'rz': 78, 'cz': 70, 'sx': 69, 'rx': 57, 'rzz': 16}",10,10,0,C:\Users\szymon\QuditsOnQubits\QuditsOnQubits\basis_direct_encoding_benchmarks\quantum_circuits\ame43\monomial_full__sup012_P102_ph010,C:\Users\szymon\QuditsOnQubits\QuditsOnQubits\basis_direct_encoding_benchmarks\quantum_circuits\ame43\monomial_full__sup012_P102_ph010\F3_W.qpy,C:\Users\szymon\QuditsOnQubits\QuditsOnQubits\basis_direct_encoding_benchmarks\quantum_circuits\ame43\monomial_full__sup012_P102_ph010\CZ3_W.qpy,C:\Users\szymon\QuditsOnQubits\QuditsOnQubits\basis_direct_encoding_benchmarks\quantum_circuits\ame43\monomial_full__sup012_P102_ph010\graph_state_direct_basis.qpy,C:\Users\szymon\QuditsOnQubits\QuditsOnQubits\basis_direct_encoding_benchmarks\quantum_circuits\ame43\monomial_full__sup012_P102_ph010\graph_state_direct_basis_transpiled.qpy,C:\Users\szymon\QuditsOnQubits\QuditsOnQubits\basis_direct_encoding_benchmarks\quantum_circuits\ame43\monomial_full__sup012_P102_ph010\basis_change_gate.qpy,C:\Users\szymon\QuditsOnQubits\QuditsOnQubits\basis_direct_encoding_benchmarks\quantum_circuits\ame43\monomial_full__sup012_P102_ph010\W.npy
direct_basis_encoding,ame43,ame43,ame43,ame43,4,4,8,sup012_P102_ph011,monomial,monomial_full,sup012_P102_ph011,True,True,86,209,295,185,,,1.684256,True,False,ok,,Converted from legacy E_new = E_Z @ W candidate.; Fidelity skipped because transpiled circuit has 128 qubits.,185,211.1,11.61,295,336.2,86,100.5,128,"{'rz': 82, 'cz': 70, 'sx': 69, 'rx': 58, 'rzz': 16}",10,10,0,C:\Users\szymon\QuditsOnQubits\QuditsOnQubits\basis_direct_encoding_benchmarks\quantum_circuits\ame43\monomial_full__sup012_P102_ph011,C:\Users\szymon\QuditsOnQubits\QuditsOnQubits\basis_direct_encoding_benchmarks\quantum_circuits\ame43\monomial_full__sup012_P102_ph011\F3_W.qpy,C:\Users\szymon\QuditsOnQubits\QuditsOnQubits\basis_direct_encoding_benchmarks\quantum_circuits\ame43\monomial_full__sup012_P102_ph011\CZ3_W.qpy,C:\Users\szymon\QuditsOnQubits\QuditsOnQubits\basis_direct_encoding_benchmarks\quantum_circuits\ame43\monomial_full__sup012_P102_ph011\graph_state_direct_basis.qpy,C:\Users\szymon\QuditsOnQubits\QuditsOnQubits\basis_direct_encoding_benchmarks\quantum_circuits\ame43\monomial_full__sup012_P102_ph011\graph_state_direct_basis_transpiled.qpy,C:\Users\szymon\QuditsOnQubits\QuditsOnQubits\basis_direct_encoding_benchmarks\quantum_circuits\ame43\monomial_full__sup012_P102_ph011\basis_change_gate.qpy,C:\Users\szymon\QuditsOnQubits\QuditsOnQubits\basis_direct_encoding_benchmarks\quantum_circuits\ame43\monomial_full__sup012_P102_ph011\W.npy
direct_basis_encoding,ame43,ame43,ame43,ame43,4,4,8,sup012_P102_ph012,monomial,monomial_full,sup012_P102_ph012,True,True,86,200,286,184,,,1.694344,True,False,ok,,Converted from legacy E_new = E_Z @ W candidate.; Fidelity skipped because transpiled circuit has 128 qubits.,184,211.0,11.83,286,328.4,86,100.5,128,"{'rz': 74, 'cz': 70, 'sx': 69, 'rx': 57, 'rzz': 16}",10,10,0,C:\Users\szymon\QuditsOnQubits\QuditsOnQubits\basis_direct_encoding_benchmarks\quantum_circuits\ame43\monomial_full__sup012_P102_ph012,C:\Users\szymon\QuditsOnQubits\QuditsOnQubits\basis_direct_encoding_benchmarks\quantum_circuits\ame43\monomial_full__sup012_P102_ph012\F3_W.qpy,C:\Users\szymon\QuditsOnQubits\QuditsOnQubits\basis_direct_encoding_benchmarks\quantum_circuits\ame43\monomial_full__sup012_P102_ph012\CZ3_W.qpy,C:\Users\szymon\QuditsOnQubits\QuditsOnQubits\basis_direct_encoding_benchmarks\quantum_circuits\ame43\monomial_full__sup012_P102_ph012\graph_state_direct_basis.qpy,C:\Users\szymon\QuditsOnQubits\QuditsOnQubits\basis_direct_encoding_benchmarks\quantum_circuits\ame43\monomial_full__sup012_P102_ph012\graph_state_direct_basis_transpiled.qpy,C:\Users\szymon\QuditsOnQubits\QuditsOnQubits\basis_direct_encoding_benchmarks\quantum_circuits\ame43\monomial_full__sup012_P102_ph012\basis_change_gate.qpy,C:\Users\szymon\QuditsOnQubits\QuditsOnQubits\basis_direct_encoding_benchmarks\quantum_circuits\ame43\monomial_full__sup012_P102_ph012\W.npy
direct_basis_encoding,ame43,ame43,ame43,ame43,4,4,8,sup012_P102_ph020,monomial,monomial_full,sup012_P102_ph020,True,True,86,204,290,185,,,1.643312,True,False,ok,,Converted from legacy E_new = E_Z @ W candidate.; Fidelity skipped because transpiled circuit has 128 qubits.,185,211.0,11.53,290,334.1,86,100.5,128,"{'rz': 78, 'cz': 70, 'sx': 69, 'rx': 57, 'rzz': 16}",10,10,0,C:\Users\szymon\QuditsOnQubits\QuditsOnQubits\basis_direct_encoding_benchmarks\quantum_circuits\ame43\monomial_full__sup012_P102_ph020,C:\Users\szymon\QuditsOnQubits\QuditsOnQubits\basis_direct_encoding_benchmarks\quantum_circuits\ame43\monomial_full__sup012_P102_ph020\F3_W.qpy,C:\Users\szymon\QuditsOnQubits\QuditsOnQubits\basis_direct_encoding_benchmarks\quantum_circuits\ame43\monomial_full__sup012_P102_ph020\CZ3_W.qpy,C:\Users\szymon\QuditsOnQubits\QuditsOnQubits\basis_direct_encoding_benchmarks\quantum_circuits\ame43\monomial_full__sup012_P102_ph020\graph_state_direct_basis.qpy,C:\Users\szymon\QuditsOnQubits\QuditsOnQubits\basis_direct_encoding_benchmarks\quantum_circuits\ame43\monomial_full__sup012_P102_ph020\graph_state_direct_basis_transpiled.qpy,C:\Users\szymon\QuditsOnQubits\QuditsOnQubits\basis_direct_encoding_benchmarks\quantum_circuits\ame43\monomial_full__sup012_P102_ph020\basis_change_gate.qpy,C:\Users\szymon\QuditsOnQubits\QuditsOnQubits\basis_direct_encoding_benchmarks\quantum_circuits\ame43\monomial_full__sup012_P102_ph020\W.npy
direct_basis_encoding,ame43,ame43,ame43,ame43,4,4,8,sup012_P102_ph021,monomial,monomial_full,sup012_P102_ph021,True,True,86,202,288,184,,,1.463222,True,False,ok,,Converted from legacy E_new = E_Z @ W candidate.; Fidelity skipped because transpiled circuit has 128 qubits.,184,211.0,11.83,288,329.4,86,100.5,128,"{'rz': 75, 'cz': 70, 'sx': 69, 'rx': 58, 'rzz': 16}",10,10,0,C:\Users\szymon\QuditsOnQubits\QuditsOnQubits\basis_direct_encoding_benchmarks\quantum_circuits\ame43\monomial_full__sup012_P102_ph021,C:\Users\szymon\QuditsOnQubits\QuditsOnQubits\basis_direct_encoding_benchmarks\quantum_circuits\ame43\monomial_full__sup012_P102_ph021\F3_W.qpy,C:\Users\szymon\QuditsOnQubits\QuditsOnQubits\basis_direct_encoding_benchmarks\quantum_circuits\ame43\monomial_full__sup012_P102_ph021\CZ3_W.qpy,C:\Users\szymon\QuditsOnQubits\QuditsOnQubits\basis_direct_encoding_benchmarks\quantum_circuits\ame43\monomial_full__sup012_P102_ph021\graph_state_direct_basis.qpy,C:\Users\szymon\QuditsOnQubits\QuditsOnQubits\basis_direct_encoding_benchmarks\quantum_circuits\ame43\monomial_full__sup012_P102_ph021\graph_state_direct_basis_transpiled.qpy,C:\Users\szymon\QuditsOnQubits\QuditsOnQubits\basis_direct_encoding_benchmarks\quantum_circuits\ame43\monomial_full__sup012_P102_ph021\basis_change_gate.qpy,C:\Users\szymon\QuditsOnQubits\QuditsOnQubits\basis_direct_encoding_benchmarks\quantum_circuits\ame43\monomial_full__sup012_P102_ph021\W.npy
direct_basis_encoding,ame43,ame43,ame43,ame43,4,4,8,sup012_P102_ph022,monomial,monomial_full,sup012_P102_ph022,True,True,86,209,295,185,,,1.679468,True,False,ok,,Converted from legacy E_new = E_Z @ W candidate.; Fidelity skipped because transpiled circuit has 128 qubits.,185,211.1,11.61,295,335.4,86,100.5,128,"{'rz': 82, 'cz': 70, 'sx': 69, 'rx': 58, 'rzz': 16}",10,10,0,C:\Users\szymon\QuditsOnQubits\QuditsOnQubits\basis_direct_encoding_benchmarks\quantum_circuits\ame43\monomial_full__sup012_P102_ph022,C:\Users\szymon\QuditsOnQubits\QuditsOnQubits\basis_direct_encoding_benchmarks\quantum_circuits\ame43\monomial_full__sup012_P102_ph022\F3_W.qpy,C:\Users\szymon\QuditsOnQubits\QuditsOnQubits\basis_direct_encoding_benchmarks\quantum_circuits\ame43\monomial_full__sup012_P102_ph022\CZ3_W.qpy,C:\Users\szymon\QuditsOnQubits\QuditsOnQubits\basis_direct_encoding_benchmarks\quantum_circuits\ame43\monomial_full__sup012_P102_ph022\graph_state_direct_basis.qpy,C:\Users\szymon\QuditsOnQubits\QuditsOnQubits\basis_direct_encoding_benchmarks\quantum_circuits\ame43\monomial_full__sup012_P102_ph022\graph_state_direct_basis_transpiled.qpy,C:\Users\szymon\QuditsOnQubits\QuditsOnQubits\basis_direct_encoding_benchmarks\quantum_circuits\ame43\monomial_full__sup012_P102_ph022\basis_change_gate.qpy,C:\Users\szymon\QuditsOnQubits\QuditsOnQubits\basis_direct_encoding_benchmarks\quantum_circuits\ame43\monomial_full__sup012_P102_ph022\W.npy
direct_basis_encoding,ame43,ame43,ame43,ame43,4,4,8,sup012_P102_ph100,monomial,monomial_full,sup012_P102_ph100,True,True,86,200,286,184,,,1.637118,True,False,ok,,Converted from legacy E_new = E_Z @ W candidate.; Fidelity skipped because transpiled circuit has 128 qubits.,184,211.0,11.83,286,328.4,86,100.5,128,"{'rz': 74, 'cz': 70, 'sx': 69, 'rx': 57, 'rzz': 16}",10,10,0,C:\Users\szymon\QuditsOnQubits\QuditsOnQubits\basis_direct_encoding_benchmarks\quantum_circuits\ame43\monomial_full__sup012_P102_ph100,C:\Users\szymon\QuditsOnQubits\QuditsOnQubits\basis_direct_encoding_benchmarks\quantum_circuits\ame43\monomial_full__sup012_P102_ph100\F3_W.qpy,C:\Users\szymon\QuditsOnQubits\QuditsOnQubits\basis_direct_encoding_benchmarks\quantum_circuits\ame43\monomial_full__sup012_P102_ph100\CZ3_W.qpy,C:\Users\szymon\QuditsOnQubits\QuditsOnQubits\basis_direct_encoding_benchmarks\quantum_circuits\ame43\monomial_full__sup012_P102_ph100\graph_state_direct_basis.qpy,C:\Users\szymon\QuditsOnQubits\QuditsOnQubits\basis_direct_encoding_benchmarks\quantum_circuits\ame43\monomial_full__sup012_P102_ph100\graph_state_direct_basis_transpiled.qpy,C:\Users\szymon\QuditsOnQubits\QuditsOnQubits\basis_direct_encoding_benchmarks\quantum_circuits\ame43\monomial_full__sup012_P102_ph100\basis_change_gate.qpy,C:\Users\szymon\QuditsOnQubits\QuditsOnQubits\basis_direct_encoding_benchmarks\quantum_circuits\ame43\monomial_full__sup012_P102_ph100\W.npy
direct_basis_encoding,ame43,ame43,ame43,ame43,4,4,8,sup012_P102_ph101,monomial,monomial_full,sup012_P102_ph101,True,True,86,205,291,185,,,1.518053,True,False,ok,,Converted from legacy E_new = E_Z @ W candidate.; Fidelity skipped because transpiled circuit has 128 qubits.,185,211.1,11.61,291,335.1,86,100.5,128,"{'rz': 79, 'cz': 70, 'sx': 69, 'rx': 57, 'rzz': 16}",10,10,0,C:\Users\szymon\QuditsOnQubits\QuditsOnQubits\basis_direct_encoding_benchmarks\quantum_circuits\ame43\monomial_full__sup012_P102_ph101,C:\Users\szymon\QuditsOnQubits\QuditsOnQubits\basis_direct_encoding_benchmarks\quantum_circuits\ame43\monomial_full__sup012_P102_ph101\F3_W.qpy,C:\Users\szymon\QuditsOnQubits\QuditsOnQubits\basis_direct_encoding_benchmarks\quantum_circuits\ame43\monomial_full__sup012_P102_ph101\CZ3_W.qpy,C:\Users\szymon\QuditsOnQubits\QuditsOnQubits\basis_direct_encoding_benchmarks\quantum_circuits\ame43\monomial_full__sup012_P102_ph101\graph_state_direct_basis.qpy,C:\Users\szymon\QuditsOnQubits\QuditsOnQubits\basis_direct_encoding_benchmarks\quantum_circuits\ame43\monomial_full__sup012_P102_ph101\graph_state_direct_basis_transpiled.qpy,C:\Users\szymon\QuditsOnQubits\QuditsOnQubits\basis_direct_encoding_benchmarks\quantum_circuits\ame43\monomial_full__sup012_P102_ph101\basis_change_gate.qpy,C:\Users\szymon\QuditsOnQubits\QuditsOnQubits\basis_direct_encoding_benchmarks\quantum_circuits\ame43\monomial_full__sup012_P102_ph101\W.npy
direct_basis_encoding,ame43,ame43,ame43,ame43,4,4,8,sup012_P102_ph102,monomial,monomial_full,sup012_P102_ph102,True,True,86,206,292,185,,,1.496294,True,False,ok,,Converted from legacy E_new = E_Z @ W candidate.; Fidelity skipped because transpiled circuit has 128 qubits.,185,211.0,11.53,292,335.8,86,100.5,128,"{'rz': 80, 'cz': 70, 'sx': 69, 'rx': 57, 'rzz': 16}",10,10,0,C:\Users\szymon\QuditsOnQubits\QuditsOnQubits\basis_direct_encoding_benchmarks\quantum_circuits\ame43\monomial_full__sup012_P102_ph102,C:\Users\szymon\QuditsOnQubits\QuditsOnQubits\basis_direct_encoding_benchmarks\quantum_circuits\ame43\monomial_full__sup012_P102_ph102\F3_W.qpy,C:\Users\szymon\QuditsOnQubits\QuditsOnQubits\basis_direct_encoding_benchmarks\quantum_circuits\ame43\monomial_full__sup012_P102_ph102\CZ3_W.qpy,C:\Users\szymon\QuditsOnQubits\QuditsOnQubits\basis_direct_encoding_benchmarks\quantum_circuits\ame43\monomial_full__sup012_P102_ph102\graph_state_direct_basis.qpy,C:\Users\szymon\QuditsOnQubits\QuditsOnQubits\basis_direct_encoding_benchmarks\quantum_circuits\ame43\monomial_full__sup012_P102_ph102\graph_state_direct_basis_transpiled.qpy,C:\Users\szymon\QuditsOnQubits\QuditsOnQubits\basis_direct_encoding_benchmarks\quantum_circuits\ame43\monomial_full__sup012_P102_ph102\basis_change_gate.qpy,C:\Users\szymon\QuditsOnQubits\QuditsOnQubits\basis_direct_encoding_benchmarks\quantum_circuits\ame43\monomial_full__sup012_P102_ph102\W.npy
direct_basis_encoding,ame43,ame43,ame43,ame43,4,4,8,sup012_P102_ph110,monomial,monomial_full,sup012_P102_ph110,True,True,86,206,292,183,,,1.613031,True,False,ok,,Converted from legacy E_new = E_Z @ W candidate.; Fidelity skipped because transpiled circuit has 128 qubits.,183,210.2,11.98,292,331.1,86,100.5,128,"{'rz': 79, 'cz': 70, 'sx': 69, 'rx': 58, 'rzz': 16}",10,10,0,C:\Users\szymon\QuditsOnQubits\QuditsOnQubits\basis_direct_encoding_benchmarks\quantum_circuits\ame43\monomial_full__sup012_P102_ph110,C:\Users\szymon\QuditsOnQubits\QuditsOnQubits\basis_direct_encoding_benchmarks\quantum_circuits\ame43\monomial_full__sup012_P102_ph110\F3_W.qpy,C:\Users\szymon\QuditsOnQubits\QuditsOnQubits\basis_direct_encoding_benchmarks\quantum_circuits\ame43\monomial_full__sup012_P102_ph110\CZ3_W.qpy,C:\Users\szymon\QuditsOnQubits\QuditsOnQubits\basis_direct_encoding_benchmarks\quantum_circuits\ame43\monomial_full__sup012_P102_ph110\graph_state_direct_basis.qpy,C:\Users\szymon\QuditsOnQubits\QuditsOnQubits\basis_direct_encoding_benchmarks\quantum_circuits\ame43\monomial_full__sup012_P102_ph110\graph_state_direct_basis_transpiled.qpy,C:\Users\szymon\QuditsOnQubits\QuditsOnQubits\basis_direct_encoding_benchmarks\quantum_circuits\ame43\monomial_full__sup012_P102_ph110\basis_change_gate.qpy,C:\Users\szymon\QuditsOnQubits\QuditsOnQubits\basis_direct_encoding_benchmarks\quantum_circuits\ame43\monomial_full__sup012_P102_ph110\W.npy
direct_basis_encoding,ame43,ame43,ame43,ame43,4,4,8,sup012_P102_ph111,monomial,monomial_full,sup012_P102_ph111,True,True,86,202,288,183,,,1.487033,True,False,ok,,Converted from legacy E_new = E_Z @ W candidate.; Fidelity skipped because transpiled circuit has 128 qubits.,183,210.2,11.98,288,330.7,86,100.5,128,"{'rz': 76, 'cz': 70, 'sx': 69, 'rx': 57, 'rzz': 16}",10,10,0,C:\Users\szymon\QuditsOnQubits\QuditsOnQubits\basis_direct_encoding_benchmarks\quantum_circuits\ame43\monomial_full__sup012_P102_ph111,C:\Users\szymon\QuditsOnQubits\QuditsOnQubits\basis_direct_encoding_benchmarks\quantum_circuits\ame43\monomial_full__sup012_P102_ph111\F3_W.qpy,C:\Users\szymon\QuditsOnQubits\QuditsOnQubits\basis_direct_encoding_benchmarks\quantum_circuits\ame43\monomial_full__sup012_P102_ph111\CZ3_W.qpy,C:\Users\szymon\QuditsOnQubits\QuditsOnQubits\basis_direct_encoding_benchmarks\quantum_circuits\ame43\monomial_full__sup012_P102_ph111\graph_state_direct_basis.qpy,C:\Users\szymon\QuditsOnQubits\QuditsOnQubits\basis_direct_encoding_benchmarks\quantum_circuits\ame43\monomial_full__sup012_P102_ph111\graph_state_direct_basis_transpiled.qpy,C:\Users\szymon\QuditsOnQubits\QuditsOnQubits\basis_direct_encoding_benchmarks\quantum_circuits\ame43\monomial_full__sup012_P102_ph111\basis_change_gate.qpy,C:\Users\szymon\QuditsOnQubits\QuditsOnQubits\basis_direct_encoding_benchmarks\quantum_circuits\ame43\monomial_full__sup012_P102_ph111\W.npy
direct_basis_encoding,ame43,ame43,ame43,ame43,4,4,8,sup012_P102_ph112,monomial,monomial_full,sup012_P102_ph112,True,True,86,198,284,182,,,1.196878,True,False,ok,,Converted from legacy E_new = E_Z @ W candidate.; Fidelity skipped because transpiled circuit has 128 qubits.,182,210.0,12.13,284,324.7,86,100.5,128,"{'rz': 71, 'cz': 70, 'sx': 69, 'rx': 58, 'rzz': 16}",10,10,0,C:\Users\szymon\QuditsOnQubits\QuditsOnQubits\basis_direct_encoding_benchmarks\quantum_circuits\ame43\monomial_full__sup012_P102_ph112,C:\Users\szymon\QuditsOnQubits\QuditsOnQubits\basis_direct_encoding_benchmarks\quantum_circuits\ame43\monomial_full__sup012_P102_ph112\F3_W.qpy,C:\Users\szymon\QuditsOnQubits\QuditsOnQubits\basis_direct_encoding_benchmarks\quantum_circuits\ame43\monomial_full__sup012_P102_ph112\CZ3_W.qpy,C:\Users\szymon\QuditsOnQubits\QuditsOnQubits\basis_direct_encoding_benchmarks\quantum_circuits\ame43\monomial_full__sup012_P102_ph112\graph_state_direct_basis.qpy,C:\Users\szymon\QuditsOnQubits\QuditsOnQubits\basis_direct_encoding_benchmarks\quantum_circuits\ame43\monomial_full__sup012_P102_ph112\graph_state_direct_basis_transpiled.qpy,C:\Users\szymon\QuditsOnQubits\QuditsOnQubits\basis_direct_encoding_benchmarks\quantum_circuits\ame43\monomial_full__sup012_P102_ph112\basis_change_gate.qpy,C:\Users\szymon\QuditsOnQubits\QuditsOnQubits\basis_direct_encoding_benchmarks\quantum_circuits\ame43\monomial_full__sup012_P102_ph112\W.npy
direct_basis_encoding,ame43,ame43,ame43,ame43,4,4,8,sup012_P102_ph120,monomial,monomial_full,sup012_P102_ph120,True,True,86,207,293,185,,,1.304538,True,False,ok,,Converted from legacy E_new = E_Z @ W candidate.; Fidelity skipped because transpiled circuit has 128 qubits.,185,211.1,11.61,293,336.1,86,100.5,128,"{'rz': 81, 'cz': 70, 'sx': 69, 'rx': 57, 'rzz': 16}",10,10,0,C:\Users\szymon\QuditsOnQubits\QuditsOnQubits\basis_direct_encoding_benchmarks\quantum_circuits\ame43\monomial_full__sup012_P102_ph120,C:\Users\szymon\QuditsOnQubits\QuditsOnQubits\basis_direct_encoding_benchmarks\quantum_circuits\ame43\monomial_full__sup012_P102_ph120\F3_W.qpy,C:\Users\szymon\QuditsOnQubits\QuditsOnQubits\basis_direct_encoding_benchmarks\quantum_circuits\ame43\monomial_full__sup012_P102_ph120\CZ3_W.qpy,C:\Users\szymon\QuditsOnQubits\QuditsOnQubits\basis_direct_encoding_benchmarks\quantum_circuits\ame43\monomial_full__sup012_P102_ph120\graph_state_direct_basis.qpy,C:\Users\szymon\QuditsOnQubits\QuditsOnQubits\basis_direct_encoding_benchmarks\quantum_circuits\ame43\monomial_full__sup012_P102_ph120\graph_state_direct_basis_transpiled.qpy,C:\Users\szymon\QuditsOnQubits\QuditsOnQubits\basis_direct_encoding_benchmarks\quantum_circuits\ame43\monomial_full__sup012_P102_ph120\basis_change_gate.qpy,C:\Users\szymon\QuditsOnQubits\QuditsOnQubits\basis_direct_encoding_benchmarks\quantum_circuits\ame43\monomial_full__sup012_P102_ph120\W.npy
direct_basis_encoding,ame43,ame43,ame43,ame43,4,4,8,sup012_P102_ph121,monomial,monomial_full,sup012_P102_ph121,True,True,86,198,284,184,,,1.313747,True,False,ok,,Converted from legacy E_new = E_Z @ W candidate.; Fidelity skipped because transpiled circuit has 128 qubits.,184,211.0,11.83,284,328.3,86,100.5,128,"{'rz': 72, 'cz': 70, 'sx': 69, 'rx': 57, 'rzz': 16}",10,10,0,C:\Users\szymon\QuditsOnQubits\QuditsOnQubits\basis_direct_encoding_benchmarks\quantum_circuits\ame43\monomial_full__sup012_P102_ph121,C:\Users\szymon\QuditsOnQubits\QuditsOnQubits\basis_direct_encoding_benchmarks\quantum_circuits\ame43\monomial_full__sup012_P102_ph121\F3_W.qpy,C:\Users\szymon\QuditsOnQubits\QuditsOnQubits\basis_direct_encoding_benchmarks\quantum_circuits\ame43\monomial_full__sup012_P102_ph121\CZ3_W.qpy,C:\Users\szymon\QuditsOnQubits\QuditsOnQubits\basis_direct_encoding_benchmarks\quantum_circuits\ame43\monomial_full__sup012_P102_ph121\graph_state_direct_basis.qpy,C:\Users\szymon\QuditsOnQubits\QuditsOnQubits\basis_direct_encoding_benchmarks\quantum_circuits\ame43\monomial_full__sup012_P102_ph121\graph_state_direct_basis_transpiled.qpy,C:\Users\szymon\QuditsOnQubits\QuditsOnQubits\basis_direct_encoding_benchmarks\quantum_circuits\ame43\monomial_full__sup012_P102_ph121\basis_change_gate.qpy,C:\Users\szymon\QuditsOnQubits\QuditsOnQubits\basis_direct_encoding_benchmarks\quantum_circuits\ame43\monomial_full__sup012_P102_ph121\W.npy
direct_basis_encoding,ame43,ame43,ame43,ame43,4,4,8,sup012_P102_ph122,monomial,monomial_full,sup012_P102_ph122,True,True,86,208,294,185,,,1.5934,True,False,ok,,Converted from legacy E_new = E_Z @ W candidate.; Fidelity skipped because transpiled circuit has 128 qubits.,185,211.0,11.53,294,335.2,86,100.5,128,"{'rz': 81, 'cz': 70, 'sx': 69, 'rx': 58, 'rzz': 16}",10,10,0,C:\Users\szymon\QuditsOnQubits\QuditsOnQubits\basis_direct_encoding_benchmarks\quantum_circuits\ame43\monomial_full__sup012_P102_ph122,C:\Users\szymon\QuditsOnQubits\QuditsOnQubits\basis_direct_encoding_benchmarks\quantum_circuits\ame43\monomial_full__sup012_P102_ph122\F3_W.qpy,C:\Users\szymon\QuditsOnQubits\QuditsOnQubits\basis_direct_encoding_benchmarks\quantum_circuits\ame43\monomial_full__sup012_P102_ph122\CZ3_W.qpy,C:\Users\szymon\QuditsOnQubits\QuditsOnQubits\basis_direct_encoding_benchmarks\quantum_circuits\ame43\monomial_full__sup012_P102_ph122\graph_state_direct_basis.qpy,C:\Users\szymon\QuditsOnQubits\QuditsOnQubits\basis_direct_encoding_benchmarks\quantum_circuits\ame43\monomial_full__sup012_P102_ph122\graph_state_direct_basis_transpiled.qpy,C:\Users\szymon\QuditsOnQubits\QuditsOnQubits\basis_direct_encoding_benchmarks\quantum_circuits\ame43\monomial_full__sup012_P102_ph122\basis_change_gate.qpy,C:\Users\szymon\QuditsOnQubits\QuditsOnQubits\basis_direct_encoding_benchmarks\quantum_circuits\ame43\monomial_full__sup012_P102_ph122\W.npy
direct_basis_encoding,ame43,ame43,ame43,ame43,4,4,8,sup012_P102_ph200,monomial,monomial_full,sup012_P102_ph200,True,True,86,200,286,184,,,1.574975,True,False,ok,,Converted from legacy E_new = E_Z @ W candidate.; Fidelity skipped because transpiled circuit has 128 qubits.,184,211.0,11.83,286,328.4,86,100.5,128,"{'rz': 74, 'cz': 70, 'sx': 69, 'rx': 57, 'rzz': 16}",10,10,0,C:\Users\szymon\QuditsOnQubits\QuditsOnQubits\basis_direct_encoding_benchmarks\quantum_circuits\ame43\monomial_full__sup012_P102_ph200,C:\Users\szymon\QuditsOnQubits\QuditsOnQubits\basis_direct_encoding_benchmarks\quantum_circuits\ame43\monomial_full__sup012_P102_ph200\F3_W.qpy,C:\Users\szymon\QuditsOnQubits\QuditsOnQubits\basis_direct_encoding_benchmarks\quantum_circuits\ame43\monomial_full__sup012_P102_ph200\CZ3_W.qpy,C:\Users\szymon\QuditsOnQubits\QuditsOnQubits\basis_direct_encoding_benchmarks\quantum_circuits\ame43\monomial_full__sup012_P102_ph200\graph_state_direct_basis.qpy,C:\Users\szymon\QuditsOnQubits\QuditsOnQubits\basis_direct_encoding_benchmarks\quantum_circuits\ame43\monomial_full__sup012_P102_ph200\graph_state_direct_basis_transpiled.qpy,C:\Users\szymon\QuditsOnQubits\QuditsOnQubits\basis_direct_encoding_benchmarks\quantum_circuits\ame43\monomial_full__sup012_P102_ph200\basis_change_gate.qpy,C:\Users\szymon\QuditsOnQubits\QuditsOnQubits\basis_direct_encoding_benchmarks\quantum_circuits\ame43\monomial_full__sup012_P102_ph200\W.npy
direct_basis_encoding,ame43,ame43,ame43,ame43,4,4,8,sup012_P102_ph201,monomial,monomial_full,sup012_P102_ph201,True,True,86,208,294,185,,,1.837425,True,False,ok,,Converted from legacy E_new = E_Z @ W candidate.; Fidelity skipped because transpiled circuit has 128 qubits.,185,211.0,11.53,294,335.2,86,100.5,128,"{'rz': 81, 'cz': 70, 'sx': 69, 'rx': 58, 'rzz': 16}",10,10,0,C:\Users\szymon\QuditsOnQubits\QuditsOnQubits\basis_direct_encoding_benchmarks\quantum_circuits\ame43\monomial_full__sup012_P102_ph201,C:\Users\szymon\QuditsOnQubits\QuditsOnQubits\basis_direct_encoding_benchmarks\quantum_circuits\ame43\monomial_full__sup012_P102_ph201\F3_W.qpy,C:\Users\szymon\QuditsOnQubits\QuditsOnQubits\basis_direct_encoding_benchmarks\quantum_circuits\ame43\monomial_full__sup012_P102_ph201\CZ3_W.qpy,C:\Users\szymon\QuditsOnQubits\QuditsOnQubits\basis_direct_encoding_benchmarks\quantum_circuits\ame43\monomial_full__sup012_P102_ph201\graph_state_direct_basis.qpy,C:\Users\szymon\QuditsOnQubits\QuditsOnQubits\basis_direct_encoding_benchmarks\quantum_circuits\ame43\monomial_full__sup012_P102_ph201\graph_state_direct_basis_transpiled.qpy,C:\Users\szymon\QuditsOnQubits\QuditsOnQubits\basis_direct_encoding_benchmarks\quantum_circuits\ame43\monomial_full__sup012_P102_ph201\basis_change_gate.qpy,C:\Users\szymon\QuditsOnQubits\QuditsOnQubits\basis_direct_encoding_benchmarks\quantum_circuits\ame43\monomial_full__sup012_P102_ph201\W.npy
direct_basis_encoding,ame43,ame43,ame43,ame43,4,4,8,sup012_P102_ph202,monomial,monomial_full,sup012_P102_ph202,True,True,86,205,291,185,,,1.968044,True,False,ok,,Converted from legacy E_new = E_Z @ W candidate.; Fidelity skipped because transpiled circuit has 128 qubits.,185,211.1,11.61,291,335.1,86,100.5,128,"{'rz': 79, 'cz': 70, 'sx': 69, 'rx': 57, 'rzz': 16}",10,10,0,C:\Users\szymon\QuditsOnQubits\QuditsOnQubits\basis_direct_encoding_benchmarks\quantum_circuits\ame43\monomial_full__sup012_P102_ph202,C:\Users\szymon\QuditsOnQubits\QuditsOnQubits\basis_direct_encoding_benchmarks\quantum_circuits\ame43\monomial_full__sup012_P102_ph202\F3_W.qpy,C:\Users\szymon\QuditsOnQubits\QuditsOnQubits\basis_direct_encoding_benchmarks\quantum_circuits\ame43\monomial_full__sup012_P102_ph202\CZ3_W.qpy,C:\Users\szymon\QuditsOnQubits\QuditsOnQubits\basis_direct_encoding_benchmarks\quantum_circuits\ame43\monomial_full__sup012_P102_ph202\graph_state_direct_basis.qpy,C:\Users\szymon\QuditsOnQubits\QuditsOnQubits\basis_direct_encoding_benchmarks\quantum_circuits\ame43\monomial_full__sup012_P102_ph202\graph_state_direct_basis_transpiled.qpy,C:\Users\szymon\QuditsOnQubits\QuditsOnQubits\basis_direct_encoding_benchmarks\quantum_circuits\ame43\monomial_full__sup012_P102_ph202\basis_change_gate.qpy,C:\Users\szymon\QuditsOnQubits\QuditsOnQubits\basis_direct_encoding_benchmarks\quantum_circuits\ame43\monomial_full__sup012_P102_ph202\W.npy
direct_basis_encoding,ame43,ame43,ame43,ame43,4,4,8,sup012_P102_ph210,monomial,monomial_full,sup012_P102_ph210,True,True,86,209,295,185,,,1.652398,True,False,ok,,Converted from legacy E_new = E_Z @ W candidate.; Fidelity skipped because transpiled circuit has 128 qubits.,185,211.1,11.61,295,336.2,86,100.5,128,"{'rz': 82, 'cz': 70, 'sx': 69, 'rx': 58, 'rzz': 16}",10,10,0,C:\Users\szymon\QuditsOnQubits\QuditsOnQubits\basis_direct_encoding_benchmarks\quantum_circuits\ame43\monomial_full__sup012_P102_ph210,C:\Users\szymon\QuditsOnQubits\QuditsOnQubits\basis_direct_encoding_benchmarks\quantum_circuits\ame43\monomial_full__sup012_P102_ph210\F3_W.qpy,C:\Users\szymon\QuditsOnQubits\QuditsOnQubits\basis_direct_encoding_benchmarks\quantum_circuits\ame43\monomial_full__sup012_P102_ph210\CZ3_W.qpy,C:\Users\szymon\QuditsOnQubits\QuditsOnQubits\basis_direct_encoding_benchmarks\quantum_circuits\ame43\monomial_full__sup012_P102_ph210\graph_state_direct_basis.qpy,C:\Users\szymon\QuditsOnQubits\QuditsOnQubits\basis_direct_encoding_benchmarks\quantum_circuits\ame43\monomial_full__sup012_P102_ph210\graph_state_direct_basis_transpiled.qpy,C:\Users\szymon\QuditsOnQubits\QuditsOnQubits\basis_direct_encoding_benchmarks\quantum_circuits\ame43\monomial_full__sup012_P102_ph210\basis_change_gate.qpy,C:\Users\szymon\QuditsOnQubits\QuditsOnQubits\basis_direct_encoding_benchmarks\quantum_circuits\ame43\monomial_full__sup012_P102_ph210\W.npy
direct_basis_encoding,ame43,ame43,ame43,ame43,4,4,8,sup012_P102_ph211,monomial,monomial_full,sup012_P102_ph211,True,True,86,208,294,185,,,1.68409,True,False,ok,,Converted from legacy E_new = E_Z @ W candidate.; Fidelity skipped because transpiled circuit has 128 qubits.,185,211.0,11.53,294,336.1,86,100.5,128,"{'rz': 81, 'cz': 70, 'sx': 69, 'rx': 58, 'rzz': 16}",10,10,0,C:\Users\szymon\QuditsOnQubits\QuditsOnQubits\basis_direct_encoding_benchmarks\quantum_circuits\ame43\monomial_full__sup012_P102_ph211,C:\Users\szymon\QuditsOnQubits\QuditsOnQubits\basis_direct_encoding_benchmarks\quantum_circuits\ame43\monomial_full__sup012_P102_ph211\F3_W.qpy,C:\Users\szymon\QuditsOnQubits\QuditsOnQubits\basis_direct_encoding_benchmarks\quantum_circuits\ame43\monomial_full__sup012_P102_ph211\CZ3_W.qpy,C:\Users\szymon\QuditsOnQubits\QuditsOnQubits\basis_direct_encoding_benchmarks\quantum_circuits\ame43\monomial_full__sup012_P102_ph211\graph_state_direct_basis.qpy,C:\Users\szymon\QuditsOnQubits\QuditsOnQubits\basis_direct_encoding_benchmarks\quantum_circuits\ame43\monomial_full__sup012_P102_ph211\graph_state_direct_basis_transpiled.qpy,C:\Users\szymon\QuditsOnQubits\QuditsOnQubits\basis_direct_encoding_benchmarks\quantum_circuits\ame43\monomial_full__sup012_P102_ph211\basis_change_gate.qpy,C:\Users\szymon\QuditsOnQubits\QuditsOnQubits\basis_direct_encoding_benchmarks\quantum_circuits\ame43\monomial_full__sup012_P102_ph211\W.npy
direct_basis_encoding,ame43,ame43,ame43,ame43,4,4,8,sup012_P102_ph212,monomial,monomial_full,sup012_P102_ph212,True,True,86,200,286,184,,,1.637001,True,False,ok,,Converted from legacy E_new = E_Z @ W candidate.; Fidelity skipped because transpiled circuit has 128 qubits.,184,211.0,11.83,286,328.5,86,100.5,128,"{'rz': 73, 'cz': 70, 'sx': 69, 'rx': 58, 'rzz': 16}",10,10,0,C:\Users\szymon\QuditsOnQubits\QuditsOnQubits\basis_direct_encoding_benchmarks\quantum_circuits\ame43\monomial_full__sup012_P102_ph212,C:\Users\szymon\QuditsOnQubits\QuditsOnQubits\basis_direct_encoding_benchmarks\quantum_circuits\ame43\monomial_full__sup012_P102_ph212\F3_W.qpy,C:\Users\szymon\QuditsOnQubits\QuditsOnQubits\basis_direct_encoding_benchmarks\quantum_circuits\ame43\monomial_full__sup012_P102_ph212\CZ3_W.qpy,C:\Users\szymon\QuditsOnQubits\QuditsOnQubits\basis_direct_encoding_benchmarks\quantum_circuits\ame43\monomial_full__sup012_P102_ph212\graph_state_direct_basis.qpy,C:\Users\szymon\QuditsOnQubits\QuditsOnQubits\basis_direct_encoding_benchmarks\quantum_circuits\ame43\monomial_full__sup012_P102_ph212\graph_state_direct_basis_transpiled.qpy,C:\Users\szymon\QuditsOnQubits\QuditsOnQubits\basis_direct_encoding_benchmarks\quantum_circuits\ame43\monomial_full__sup012_P102_ph212\basis_change_gate.qpy,C:\Users\szymon\QuditsOnQubits\QuditsOnQubits\basis_direct_encoding_benchmarks\quantum_circuits\ame43\monomial_full__sup012_P102_ph212\W.npy
direct_basis_encoding,ame43,ame43,ame43,ame43,4,4,8,sup012_P102_ph220,monomial,monomial_full,sup012_P102_ph220,True,True,86,204,290,183,,,1.894418,True,False,ok,,Converted from legacy E_new = E_Z @ W candidate.; Fidelity skipped because transpiled circuit has 128 qubits.,183,210.2,11.98,290,330.8,86,100.5,128,"{'rz': 78, 'cz': 70, 'sx': 69, 'rx': 57, 'rzz': 16}",10,10,0,C:\Users\szymon\QuditsOnQubits\QuditsOnQubits\basis_direct_encoding_benchmarks\quantum_circuits\ame43\monomial_full__sup012_P102_ph220,C:\Users\szymon\QuditsOnQubits\QuditsOnQubits\basis_direct_encoding_benchmarks\quantum_circuits\ame43\monomial_full__sup012_P102_ph220\F3_W.qpy,C:\Users\szymon\QuditsOnQubits\QuditsOnQubits\basis_direct_encoding_benchmarks\quantum_circuits\ame43\monomial_full__sup012_P102_ph220\CZ3_W.qpy,C:\Users\szymon\QuditsOnQubits\QuditsOnQubits\basis_direct_encoding_benchmarks\quantum_circuits\ame43\monomial_full__sup012_P102_ph220\graph_state_direct_basis.qpy,C:\Users\szymon\QuditsOnQubits\QuditsOnQubits\basis_direct_encoding_benchmarks\quantum_circuits\ame43\monomial_full__sup012_P102_ph220\graph_state_direct_basis_transpiled.qpy,C:\Users\szymon\QuditsOnQubits\QuditsOnQubits\basis_direct_encoding_benchmarks\quantum_circuits\ame43\monomial_full__sup012_P102_ph220\basis_change_gate.qpy,C:\Users\szymon\QuditsOnQubits\QuditsOnQubits\basis_direct_encoding_benchmarks\quantum_circuits\ame43\monomial_full__sup012_P102_ph220\W.npy
direct_basis_encoding,ame43,ame43,ame43,ame43,4,4,8,sup012_P102_ph221,monomial,monomial_full,sup012_P102_ph221,True,True,86,198,284,182,,,1.705211,True,False,ok,,Converted from legacy E_new = E_Z @ W candidate.; Fidelity skipped because transpiled circuit has 128 qubits.,182,210.0,12.13,284,325.5,86,100.5,128,"{'rz': 71, 'cz': 70, 'sx': 69, 'rx': 58, 'rzz': 16}",10,10,0,C:\Users\szymon\QuditsOnQubits\QuditsOnQubits\basis_direct_encoding_benchmarks\quantum_circuits\ame43\monomial_full__sup012_P102_ph221,C:\Users\szymon\QuditsOnQubits\QuditsOnQubits\basis_direct_encoding_benchmarks\quantum_circuits\ame43\monomial_full__sup012_P102_ph221\F3_W.qpy,C:\Users\szymon\QuditsOnQubits\QuditsOnQubits\basis_direct_encoding_benchmarks\quantum_circuits\ame43\monomial_full__sup012_P102_ph221\CZ3_W.qpy,C:\Users\szymon\QuditsOnQubits\QuditsOnQubits\basis_direct_encoding_benchmarks\quantum_circuits\ame43\monomial_full__sup012_P102_ph221\graph_state_direct_basis.qpy,C:\Users\szymon\QuditsOnQubits\QuditsOnQubits\basis_direct_encoding_benchmarks\quantum_circuits\ame43\monomial_full__sup012_P102_ph221\graph_state_direct_basis_transpiled.qpy,C:\Users\szymon\QuditsOnQubits\QuditsOnQubits\basis_direct_encoding_benchmarks\quantum_circuits\ame43\monomial_full__sup012_P102_ph221\basis_change_gate.qpy,C:\Users\szymon\QuditsOnQubits\QuditsOnQubits\basis_direct_encoding_benchmarks\quantum_circuits\ame43\monomial_full__sup012_P102_ph221\W.npy
direct_basis_encoding,ame43,ame43,ame43,ame43,4,4,8,sup012_P102_ph222,monomial,monomial_full,sup012_P102_ph222,True,True,86,202,288,183,,,1.655413,True,False,ok,,Converted from legacy E_new = E_Z @ W candidate.; Fidelity skipped because transpiled circuit has 128 qubits.,183,210.2,11.98,288,330.7,86,100.5,128,"{'rz': 76, 'cz': 70, 'sx': 69, 'rx': 57, 'rzz': 16}",10,10,0,C:\Users\szymon\QuditsOnQubits\QuditsOnQubits\basis_direct_encoding_benchmarks\quantum_circuits\ame43\monomial_full__sup012_P102_ph222,C:\Users\szymon\QuditsOnQubits\QuditsOnQubits\basis_direct_encoding_benchmarks\quantum_circuits\ame43\monomial_full__sup012_P102_ph222\F3_W.qpy,C:\Users\szymon\QuditsOnQubits\QuditsOnQubits\basis_direct_encoding_benchmarks\quantum_circuits\ame43\monomial_full__sup012_P102_ph222\CZ3_W.qpy,C:\Users\szymon\QuditsOnQubits\QuditsOnQubits\basis_direct_encoding_benchmarks\quantum_circuits\ame43\monomial_full__sup012_P102_ph222\graph_state_direct_basis.qpy,C:\Users\szymon\QuditsOnQubits\QuditsOnQubits\basis_direct_encoding_benchmarks\quantum_circuits\ame43\monomial_full__sup012_P102_ph222\graph_state_direct_basis_transpiled.qpy,C:\Users\szymon\QuditsOnQubits\QuditsOnQubits\basis_direct_encoding_benchmarks\quantum_circuits\ame43\monomial_full__sup012_P102_ph222\basis_change_gate.qpy,C:\Users\szymon\QuditsOnQubits\QuditsOnQubits\basis_direct_encoding_benchmarks\quantum_circuits\ame43\monomial_full__sup012_P102_ph222\W.npy
direct_basis_encoding,ame43,ame43,ame43,ame43,4,4,8,sup012_P120_ph000,monomial,monomial_full,sup012_P120_ph000,True,True,100,196,296,199,,,1.639611,True,False,ok,,Converted from legacy E_new = E_Z @ W candidate.; Fidelity skipped because transpiled circuit has 128 qubits.,199,236.4,24.87,296,358.4,100,117.1,128,"{'sx': 101, 'cz': 99, 'rz': 53, 'rx': 42, 'rzz': 1}",10,10,0,C:\Users\szymon\QuditsOnQubits\QuditsOnQubits\basis_direct_encoding_benchmarks\quantum_circuits\ame43\monomial_full__sup012_P120_ph000,C:\Users\szymon\QuditsOnQubits\QuditsOnQubits\basis_direct_encoding_benchmarks\quantum_circuits\ame43\monomial_full__sup012_P120_ph000\F3_W.qpy,C:\Users\szymon\QuditsOnQubits\QuditsOnQubits\basis_direct_encoding_benchmarks\quantum_circuits\ame43\monomial_full__sup012_P120_ph000\CZ3_W.qpy,C:\Users\szymon\QuditsOnQubits\QuditsOnQubits\basis_direct_encoding_benchmarks\quantum_circuits\ame43\monomial_full__sup012_P120_ph000\graph_state_direct_basis.qpy,C:\Users\szymon\QuditsOnQubits\QuditsOnQubits\basis_direct_encoding_benchmarks\quantum_circuits\ame43\monomial_full__sup012_P120_ph000\graph_state_direct_basis_transpiled.qpy,C:\Users\szymon\QuditsOnQubits\QuditsOnQubits\basis_direct_encoding_benchmarks\quantum_circuits\ame43\monomial_full__sup012_P120_ph000\basis_change_gate.qpy,C:\Users\szymon\QuditsOnQubits\QuditsOnQubits\basis_direct_encoding_benchmarks\quantum_circuits\ame43\monomial_full__sup012_P120_ph000\W.npy
direct_basis_encoding,ame43,ame43,ame43,ame43,4,4,8,sup012_P120_ph001,monomial,monomial_full,sup012_P120_ph001,True,True,100,200,300,200,,,1.668694,True,False,ok,,Converted from legacy E_new = E_Z @ W candidate.; Fidelity skipped because transpiled circuit has 128 qubits.,200,237.2,24.87,300,365.6,100,117.1,128,"{'sx': 101, 'cz': 99, 'rz': 57, 'rx': 42, 'rzz': 1}",10,10,0,C:\Users\szymon\QuditsOnQubits\QuditsOnQubits\basis_direct_encoding_benchmarks\quantum_circuits\ame43\monomial_full__sup012_P120_ph001,C:\Users\szymon\QuditsOnQubits\QuditsOnQubits\basis_direct_encoding_benchmarks\quantum_circuits\ame43\monomial_full__sup012_P120_ph001\F3_W.qpy,C:\Users\szymon\QuditsOnQubits\QuditsOnQubits\basis_direct_encoding_benchmarks\quantum_circuits\ame43\monomial_full__sup012_P120_ph001\CZ3_W.qpy,C:\Users\szymon\QuditsOnQubits\QuditsOnQubits\basis_direct_encoding_benchmarks\quantum_circuits\ame43\monomial_full__sup012_P120_ph001\graph_state_direct_basis.qpy,C:\Users\szymon\QuditsOnQubits\QuditsOnQubits\basis_direct_encoding_benchmarks\quantum_circuits\ame43\monomial_full__sup012_P120_ph001\graph_state_direct_basis_transpiled.qpy,C:\Users\szymon\QuditsOnQubits\QuditsOnQubits\basis_direct_encoding_benchmarks\quantum_circuits\ame43\monomial_full__sup012_P120_ph001\basis_change_gate.qpy,C:\Users\szymon\QuditsOnQubits\QuditsOnQubits\basis_direct_encoding_benchmarks\quantum_circuits\ame43\monomial_full__sup012_P120_ph001\W.npy
direct_basis_encoding,ame43,ame43,ame43,ame43,4,4,8,sup012_P120_ph002,monomial,monomial_full,sup012_P120_ph002,True,True,100,199,299,200,,,1.702815,True,False,ok,,Converted from legacy E_new = E_Z @ W candidate.; Fidelity skipped because transpiled circuit has 128 qubits.,200,237.2,24.87,299,365.2,100,117.1,128,"{'sx': 101, 'cz': 99, 'rz': 57, 'rx': 41, 'rzz': 1}",10,10,0,C:\Users\szymon\QuditsOnQubits\QuditsOnQubits\basis_direct_encoding_benchmarks\quantum_circuits\ame43\monomial_full__sup012_P120_ph002,C:\Users\szymon\QuditsOnQubits\QuditsOnQubits\basis_direct_encoding_benchmarks\quantum_circuits\ame43\monomial_full__sup012_P120_ph002\F3_W.qpy,C:\Users\szymon\QuditsOnQubits\QuditsOnQubits\basis_direct_encoding_benchmarks\quantum_circuits\ame43\monomial_full__sup012_P120_ph002\CZ3_W.qpy,C:\Users\szymon\QuditsOnQubits\QuditsOnQubits\basis_direct_encoding_benchmarks\quantum_circuits\ame43\monomial_full__sup012_P120_ph002\graph_state_direct_basis.qpy,C:\Users\szymon\QuditsOnQubits\QuditsOnQubits\basis_direct_encoding_benchmarks\quantum_circuits\ame43\monomial_full__sup012_P120_ph002\graph_state_direct_basis_transpiled.qpy,C:\Users\szymon\QuditsOnQubits\QuditsOnQubits\basis_direct_encoding_benchmarks\quantum_circuits\ame43\monomial_full__sup012_P120_ph002\basis_change_gate.qpy,C:\Users\szymon\QuditsOnQubits\QuditsOnQubits\basis_direct_encoding_benchmarks\quantum_circuits\ame43\monomial_full__sup012_P120_ph002\W.npy
direct_basis_encoding,ame43,ame43,ame43,ame43,4,4,8,sup012_P120_ph010,monomial,monomial_full,sup012_P120_ph010,True,True,100,201,301,202,,,1.846698,True,False,ok,,Converted from legacy E_new = E_Z @ W candidate.; Fidelity skipped because transpiled circuit has 128 qubits.,202,237.6,24.19,301,365.0,100,117.1,128,"{'sx': 101, 'cz': 99, 'rz': 58, 'rx': 42, 'rzz': 1}",10,10,0,C:\Users\szymon\QuditsOnQubits\QuditsOnQubits\basis_direct_encoding_benchmarks\quantum_circuits\ame43\monomial_full__sup012_P120_ph010,C:\Users\szymon\QuditsOnQubits\QuditsOnQubits\basis_direct_encoding_benchmarks\quantum_circuits\ame43\monomial_full__sup012_P120_ph010\F3_W.qpy,C:\Users\szymon\QuditsOnQubits\QuditsOnQubits\basis_direct_encoding_benchmarks\quantum_circuits\ame43\monomial_full__sup012_P120_ph010\CZ3_W.qpy,C:\Users\szymon\QuditsOnQubits\QuditsOnQubits\basis_direct_encoding_benchmarks\quantum_circuits\ame43\monomial_full__sup012_P120_ph010\graph_state_direct_basis.qpy,C:\Users\szymon\QuditsOnQubits\QuditsOnQubits\basis_direct_encoding_benchmarks\quantum_circuits\ame43\monomial_full__sup012_P120_ph010\graph_state_direct_basis_transpiled.qpy,C:\Users\szymon\QuditsOnQubits\QuditsOnQubits\basis_direct_encoding_benchmarks\quantum_circuits\ame43\monomial_full__sup012_P120_ph010\basis_change_gate.qpy,C:\Users\szymon\QuditsOnQubits\QuditsOnQubits\basis_direct_encoding_benchmarks\quantum_circuits\ame43\monomial_full__sup012_P120_ph010\W.npy
direct_basis_encoding,ame43,ame43,ame43,ame43,4,4,8,sup012_P120_ph011,monomial,monomial_full,sup012_P120_ph011,True,True,100,203,303,203,,,1.711907,True,False,ok,,Converted from legacy E_new = E_Z @ W candidate.; Fidelity skipped because transpiled circuit has 128 qubits.,203,238.3,24.29,303,367.0,100,117.1,128,"{'sx': 101, 'cz': 99, 'rz': 60, 'rx': 42, 'rzz': 1}",10,10,0,C:\Users\szymon\QuditsOnQubits\QuditsOnQubits\basis_direct_encoding_benchmarks\quantum_circuits\ame43\monomial_full__sup012_P120_ph011,C:\Users\szymon\QuditsOnQubits\QuditsOnQubits\basis_direct_encoding_benchmarks\quantum_circuits\ame43\monomial_full__sup012_P120_ph011\F3_W.qpy,C:\Users\szymon\QuditsOnQubits\QuditsOnQubits\basis_direct_encoding_benchmarks\quantum_circuits\ame43\monomial_full__sup012_P120_ph011\CZ3_W.qpy,C:\Users\szymon\QuditsOnQubits\QuditsOnQubits\basis_direct_encoding_benchmarks\quantum_circuits\ame43\monomial_full__sup012_P120_ph011\graph_state_direct_basis.qpy,C:\Users\szymon\QuditsOnQubits\QuditsOnQubits\basis_direct_encoding_benchmarks\quantum_circuits\ame43\monomial_full__sup012_P120_ph011\graph_state_direct_basis_transpiled.qpy,C:\Users\szymon\QuditsOnQubits\QuditsOnQubits\basis_direct_encoding_benchmarks\quantum_circuits\ame43\monomial_full__sup012_P120_ph011\basis_change_gate.qpy,C:\Users\szymon\QuditsOnQubits\QuditsOnQubits\basis_direct_encoding_benchmarks\quantum_circuits\ame43\monomial_full__sup012_P120_ph011\W.npy
direct_basis_encoding,ame43,ame43,ame43,ame43,4,4,8,sup012_P120_ph012,monomial,monomial_full,sup012_P120_ph012,True,True,100,197,297,200,,,1.455503,True,False,ok,,Converted from legacy E_new = E_Z @ W candidate.; Fidelity skipped because transpiled circuit has 128 qubits.,200,237.1,24.97,297,360.3,100,117.1,128,"{'sx': 101, 'cz': 99, 'rz': 55, 'rx': 41, 'rzz': 1}",10,10,0,C:\Users\szymon\QuditsOnQubits\QuditsOnQubits\basis_direct_encoding_benchmarks\quantum_circuits\ame43\monomial_full__sup012_P120_ph012,C:\Users\szymon\QuditsOnQubits\QuditsOnQubits\basis_direct_encoding_benchmarks\quantum_circuits\ame43\monomial_full__sup012_P120_ph012\F3_W.qpy,C:\Users\szymon\QuditsOnQubits\QuditsOnQubits\basis_direct_encoding_benchmarks\quantum_circuits\ame43\monomial_full__sup012_P120_ph012\CZ3_W.qpy,C:\Users\szymon\QuditsOnQubits\QuditsOnQubits\basis_direct_encoding_benchmarks\quantum_circuits\ame43\monomial_full__sup012_P120_ph012\graph_state_direct_basis.qpy,C:\Users\szymon\QuditsOnQubits\QuditsOnQubits\basis_direct_encoding_benchmarks\quantum_circuits\ame43\monomial_full__sup012_P120_ph012\graph_state_direct_basis_transpiled.qpy,C:\Users\szymon\QuditsOnQubits\QuditsOnQubits\basis_direct_encoding_benchmarks\quantum_circuits\ame43\monomial_full__sup012_P120_ph012\basis_change_gate.qpy,C:\Users\szymon\QuditsOnQubits\QuditsOnQubits\basis_direct_encoding_benchmarks\quantum_circuits\ame43\monomial_full__sup012_P120_ph012\W.npy
direct_basis_encoding,ame43,ame43,ame43,ame43,4,4,8,sup012_P120_ph020,monomial,monomial_full,sup012_P120_ph020,True,True,100,201,301,202,,,1.270352,True,False,ok,,Converted from legacy E_new = E_Z @ W candidate.; Fidelity skipped because transpiled circuit has 128 qubits.,202,237.6,24.19,301,365.0,100,117.1,128,"{'sx': 101, 'cz': 99, 'rz': 58, 'rx': 42, 'rzz': 1}",10,10,0,C:\Users\szymon\QuditsOnQubits\QuditsOnQubits\basis_direct_encoding_benchmarks\quantum_circuits\ame43\monomial_full__sup012_P120_ph020,C:\Users\szymon\QuditsOnQubits\QuditsOnQubits\basis_direct_encoding_benchmarks\quantum_circuits\ame43\monomial_full__sup012_P120_ph020\F3_W.qpy,C:\Users\szymon\QuditsOnQubits\QuditsOnQubits\basis_direct_encoding_benchmarks\quantum_circuits\ame43\monomial_full__sup012_P120_ph020\CZ3_W.qpy,C:\Users\szymon\QuditsOnQubits\QuditsOnQubits\basis_direct_encoding_benchmarks\quantum_circuits\ame43\monomial_full__sup012_P120_ph020\graph_state_direct_basis.qpy,C:\Users\szymon\QuditsOnQubits\QuditsOnQubits\basis_direct_encoding_benchmarks\quantum_circuits\ame43\monomial_full__sup012_P120_ph020\graph_state_direct_basis_transpiled.qpy,C:\Users\szymon\QuditsOnQubits\QuditsOnQubits\basis_direct_encoding_benchmarks\quantum_circuits\ame43\monomial_full__sup012_P120_ph020\basis_change_gate.qpy,C:\Users\szymon\QuditsOnQubits\QuditsOnQubits\basis_direct_encoding_benchmarks\quantum_circuits\ame43\monomial_full__sup012_P120_ph020\W.npy
direct_basis_encoding,ame43,ame43,ame43,ame43,4,4,8,sup012_P120_ph021,monomial,monomial_full,sup012_P120_ph021,True,True,100,197,297,200,,,1.711136,True,False,ok,,Converted from legacy E_new = E_Z @ W candidate.; Fidelity skipped because transpiled circuit has 128 qubits.,200,237.1,24.97,297,360.1,100,117.1,128,"{'sx': 101, 'cz': 99, 'rz': 55, 'rx': 41, 'rzz': 1}",10,10,0,C:\Users\szymon\QuditsOnQubits\QuditsOnQubits\basis_direct_encoding_benchmarks\quantum_circuits\ame43\monomial_full__sup012_P120_ph021,C:\Users\szymon\QuditsOnQubits\QuditsOnQubits\basis_direct_encoding_benchmarks\quantum_circuits\ame43\monomial_full__sup012_P120_ph021\F3_W.qpy,C:\Users\szymon\QuditsOnQubits\QuditsOnQubits\basis_direct_encoding_benchmarks\quantum_circuits\ame43\monomial_full__sup012_P120_ph021\CZ3_W.qpy,C:\Users\szymon\QuditsOnQubits\QuditsOnQubits\basis_direct_encoding_benchmarks\quantum_circuits\ame43\monomial_full__sup012_P120_ph021\graph_state_direct_basis.qpy,C:\Users\szymon\QuditsOnQubits\QuditsOnQubits\basis_direct_encoding_benchmarks\quantum_circuits\ame43\monomial_full__sup012_P120_ph021\graph_state_direct_basis_transpiled.qpy,C:\Users\szymon\QuditsOnQubits\QuditsOnQubits\basis_direct_encoding_benchmarks\quantum_circuits\ame43\monomial_full__sup012_P120_ph021\basis_change_gate.qpy,C:\Users\szymon\QuditsOnQubits\QuditsOnQubits\basis_direct_encoding_benchmarks\quantum_circuits\ame43\monomial_full__sup012_P120_ph021\W.npy
direct_basis_encoding,ame43,ame43,ame43,ame43,4,4,8,sup012_P120_ph022,monomial,monomial_full,sup012_P120_ph022,True,True,100,202,302,203,,,1.522089,True,False,ok,,Converted from legacy E_new = E_Z @ W candidate.; Fidelity skipped because transpiled circuit has 128 qubits.,203,238.3,24.29,302,366.5,100,117.1,128,"{'sx': 101, 'cz': 99, 'rz': 60, 'rx': 41, 'rzz': 1}",10,10,0,C:\Users\szymon\QuditsOnQubits\QuditsOnQubits\basis_direct_encoding_benchmarks\quantum_circuits\ame43\monomial_full__sup012_P120_ph022,C:\Users\szymon\QuditsOnQubits\QuditsOnQubits\basis_direct_encoding_benchmarks\quantum_circuits\ame43\monomial_full__sup012_P120_ph022\F3_W.qpy,C:\Users\szymon\QuditsOnQubits\QuditsOnQubits\basis_direct_encoding_benchmarks\quantum_circuits\ame43\monomial_full__sup012_P120_ph022\CZ3_W.qpy,C:\Users\szymon\QuditsOnQubits\QuditsOnQubits\basis_direct_encoding_benchmarks\quantum_circuits\ame43\monomial_full__sup012_P120_ph022\graph_state_direct_basis.qpy,C:\Users\szymon\QuditsOnQubits\QuditsOnQubits\basis_direct_encoding_benchmarks\quantum_circuits\ame43\monomial_full__sup012_P120_ph022\graph_state_direct_basis_transpiled.qpy,C:\Users\szymon\QuditsOnQubits\QuditsOnQubits\basis_direct_encoding_benchmarks\quantum_circuits\ame43\monomial_full__sup012_P120_ph022\basis_change_gate.qpy,C:\Users\szymon\QuditsOnQubits\QuditsOnQubits\basis_direct_encoding_benchmarks\quantum_circuits\ame43\monomial_full__sup012_P120_ph022\W.npy
direct_basis_encoding,ame43,ame43,ame43,ame43,4,4,8,sup012_P120_ph100,monomial,monomial_full,sup012_P120_ph100,True,True,100,197,297,200,,,1.764154,True,False,ok,,Converted from legacy E_new = E_Z @ W candidate.; Fidelity skipped because transpiled circuit has 128 qubits.,200,237.1,24.97,297,360.1,100,117.1,128,"{'sx': 101, 'cz': 99, 'rz': 55, 'rx': 41, 'rzz': 1}",10,10,0,C:\Users\szymon\QuditsOnQubits\QuditsOnQubits\basis_direct_encoding_benchmarks\quantum_circuits\ame43\monomial_full__sup012_P120_ph100,C:\Users\szymon\QuditsOnQubits\QuditsOnQubits\basis_direct_encoding_benchmarks\quantum_circuits\ame43\monomial_full__sup012_P120_ph100\F3_W.qpy,C:\Users\szymon\QuditsOnQubits\QuditsOnQubits\basis_direct_encoding_benchmarks\quantum_circuits\ame43\monomial_full__sup012_P120_ph100\CZ3_W.qpy,C:\Users\szymon\QuditsOnQubits\QuditsOnQubits\basis_direct_encoding_benchmarks\quantum_circuits\ame43\monomial_full__sup012_P120_ph100\graph_state_direct_basis.qpy,C:\Users\szymon\QuditsOnQubits\QuditsOnQubits\basis_direct_encoding_benchmarks\quantum_circuits\ame43\monomial_full__sup012_P120_ph100\graph_state_direct_basis_transpiled.qpy,C:\Users\szymon\QuditsOnQubits\QuditsOnQubits\basis_direct_encoding_benchmarks\quantum_circuits\ame43\monomial_full__sup012_P120_ph100\basis_change_gate.qpy,C:\Users\szymon\QuditsOnQubits\QuditsOnQubits\basis_direct_encoding_benchmarks\quantum_circuits\ame43\monomial_full__sup012_P120_ph100\W.npy
direct_basis_encoding,ame43,ame43,ame43,ame43,4,4,8,sup012_P120_ph101,monomial,monomial_full,sup012_P120_ph101,True,True,100,201,301,203,,,1.806092,True,False,ok,,Converted from legacy E_new = E_Z @ W candidate.; Fidelity skipped because transpiled circuit has 128 qubits.,203,238.1,24.36,301,365.6,100,117.1,128,"{'sx': 101, 'cz': 99, 'rz': 59, 'rx': 41, 'rzz': 1}",10,10,0,C:\Users\szymon\QuditsOnQubits\QuditsOnQubits\basis_direct_encoding_benchmarks\quantum_circuits\ame43\monomial_full__sup012_P120_ph101,C:\Users\szymon\QuditsOnQubits\QuditsOnQubits\basis_direct_encoding_benchmarks\quantum_circuits\ame43\monomial_full__sup012_P120_ph101\F3_W.qpy,C:\Users\szymon\QuditsOnQubits\QuditsOnQubits\basis_direct_encoding_benchmarks\quantum_circuits\ame43\monomial_full__sup012_P120_ph101\CZ3_W.qpy,C:\Users\szymon\QuditsOnQubits\QuditsOnQubits\basis_direct_encoding_benchmarks\quantum_circuits\ame43\monomial_full__sup012_P120_ph101\graph_state_direct_basis.qpy,C:\Users\szymon\QuditsOnQubits\QuditsOnQubits\basis_direct_encoding_benchmarks\quantum_circuits\ame43\monomial_full__sup012_P120_ph101\graph_state_direct_basis_transpiled.qpy,C:\Users\szymon\QuditsOnQubits\QuditsOnQubits\basis_direct_encoding_benchmarks\quantum_circuits\ame43\monomial_full__sup012_P120_ph101\basis_change_gate.qpy,C:\Users\szymon\QuditsOnQubits\QuditsOnQubits\basis_direct_encoding_benchmarks\quantum_circuits\ame43\monomial_full__sup012_P120_ph101\W.npy
direct_basis_encoding,ame43,ame43,ame43,ame43,4,4,8,sup012_P120_ph102,monomial,monomial_full,sup012_P120_ph102,True,True,100,202,302,202,,,1.975292,True,False,ok,,Converted from legacy E_new = E_Z @ W candidate.; Fidelity skipped because transpiled circuit has 128 qubits.,202,237.6,24.19,302,365.6,100,117.1,128,"{'sx': 101, 'cz': 99, 'rz': 59, 'rx': 42, 'rzz': 1}",10,10,0,C:\Users\szymon\QuditsOnQubits\QuditsOnQubits\basis_direct_encoding_benchmarks\quantum_circuits\ame43\monomial_full__sup012_P120_ph102,C:\Users\szymon\QuditsOnQubits\QuditsOnQubits\basis_direct_encoding_benchmarks\quantum_circuits\ame43\monomial_full__sup012_P120_ph102\F3_W.qpy,C:\Users\szymon\QuditsOnQubits\QuditsOnQubits\basis_direct_encoding_benchmarks\quantum_circuits\ame43\monomial_full__sup012_P120_ph102\CZ3_W.qpy,C:\Users\szymon\QuditsOnQubits\QuditsOnQubits\basis_direct_encoding_benchmarks\quantum_circuits\ame43\monomial_full__sup012_P120_ph102\graph_state_direct_basis.qpy,C:\Users\szymon\QuditsOnQubits\QuditsOnQubits\basis_direct_encoding_benchmarks\quantum_circuits\ame43\monomial_full__sup012_P120_ph102\graph_state_direct_basis_transpiled.qpy,C:\Users\szymon\QuditsOnQubits\QuditsOnQubits\basis_direct_encoding_benchmarks\quantum_circuits\ame43\monomial_full__sup012_P120_ph102\basis_change_gate.qpy,C:\Users\szymon\QuditsOnQubits\QuditsOnQubits\basis_direct_encoding_benchmarks\quantum_circuits\ame43\monomial_full__sup012_P120_ph102\W.npy
direct_basis_encoding,ame43,ame43,ame43,ame43,4,4,8,sup012_P120_ph110,monomial,monomial_full,sup012_P120_ph110,True,True,100,200,300,200,,,1.682239,True,False,ok,,Converted from legacy E_new = E_Z @ W candidate.; Fidelity skipped because transpiled circuit has 128 qubits.,200,237.0,24.93,300,365.1,100,117.1,128,"{'sx': 101, 'cz': 99, 'rz': 57, 'rx': 42, 'rzz': 1}",10,10,0,C:\Users\szymon\QuditsOnQubits\QuditsOnQubits\basis_direct_encoding_benchmarks\quantum_circuits\ame43\monomial_full__sup012_P120_ph110,C:\Users\szymon\QuditsOnQubits\QuditsOnQubits\basis_direct_encoding_benchmarks\quantum_circuits\ame43\monomial_full__sup012_P120_ph110\F3_W.qpy,C:\Users\szymon\QuditsOnQubits\QuditsOnQubits\basis_direct_encoding_benchmarks\quantum_circuits\ame43\monomial_full__sup012_P120_ph110\CZ3_W.qpy,C:\Users\szymon\QuditsOnQubits\QuditsOnQubits\basis_direct_encoding_benchmarks\quantum_circuits\ame43\monomial_full__sup012_P120_ph110\graph_state_direct_basis.qpy,C:\Users\szymon\QuditsOnQubits\QuditsOnQubits\basis_direct_encoding_benchmarks\quantum_circuits\ame43\monomial_full__sup012_P120_ph110\graph_state_direct_basis_transpiled.qpy,C:\Users\szymon\QuditsOnQubits\QuditsOnQubits\basis_direct_encoding_benchmarks\quantum_circuits\ame43\monomial_full__sup012_P120_ph110\basis_change_gate.qpy,C:\Users\szymon\QuditsOnQubits\QuditsOnQubits\basis_direct_encoding_benchmarks\quantum_circuits\ame43\monomial_full__sup012_P120_ph110\W.npy
direct_basis_encoding,ame43,ame43,ame43,ame43,4,4,8,sup012_P120_ph111,monomial,monomial_full,sup012_P120_ph111,True,True,100,199,299,200,,,1.593074,True,False,ok,,Converted from legacy E_new = E_Z @ W candidate.; Fidelity skipped because transpiled circuit has 128 qubits.,200,237.2,24.87,299,364.7,100,117.1,128,"{'sx': 101, 'cz': 99, 'rz': 56, 'rx': 42, 'rzz': 1}",10,10,0,C:\Users\szymon\QuditsOnQubits\QuditsOnQubits\basis_direct_encoding_benchmarks\quantum_circuits\ame43\monomial_full__sup012_P120_ph111,C:\Users\szymon\QuditsOnQubits\QuditsOnQubits\basis_direct_encoding_benchmarks\quantum_circuits\ame43\monomial_full__sup012_P120_ph111\F3_W.qpy,C:\Users\szymon\QuditsOnQubits\QuditsOnQubits\basis_direct_encoding_benchmarks\quantum_circuits\ame43\monomial_full__sup012_P120_ph111\CZ3_W.qpy,C:\Users\szymon\QuditsOnQubits\QuditsOnQubits\basis_direct_encoding_benchmarks\quantum_circuits\ame43\monomial_full__sup012_P120_ph111\graph_state_direct_basis.qpy,C:\Users\szymon\QuditsOnQubits\QuditsOnQubits\basis_direct_encoding_benchmarks\quantum_circuits\ame43\monomial_full__sup012_P120_ph111\graph_state_direct_basis_transpiled.qpy,C:\Users\szymon\QuditsOnQubits\QuditsOnQubits\basis_direct_encoding_benchmarks\quantum_circuits\ame43\monomial_full__sup012_P120_ph111\basis_change_gate.qpy,C:\Users\szymon\QuditsOnQubits\QuditsOnQubits\basis_direct_encoding_benchmarks\quantum_circuits\ame43\monomial_full__sup012_P120_ph111\W.npy
direct_basis_encoding,ame43,ame43,ame43,ame43,4,4,8,sup012_P120_ph112,monomial,monomial_full,sup012_P120_ph112,True,True,100,196,296,199,,,1.71547,True,False,ok,,Converted from legacy E_new = E_Z @ W candidate.; Fidelity skipped because transpiled circuit has 128 qubits.,199,236.4,24.87,296,358.6,100,117.1,128,"{'sx': 101, 'cz': 99, 'rz': 54, 'rx': 41, 'rzz': 1}",10,10,0,C:\Users\szymon\QuditsOnQubits\QuditsOnQubits\basis_direct_encoding_benchmarks\quantum_circuits\ame43\monomial_full__sup012_P120_ph112,C:\Users\szymon\QuditsOnQubits\QuditsOnQubits\basis_direct_encoding_benchmarks\quantum_circuits\ame43\monomial_full__sup012_P120_ph112\F3_W.qpy,C:\Users\szymon\QuditsOnQubits\QuditsOnQubits\basis_direct_encoding_benchmarks\quantum_circuits\ame43\monomial_full__sup012_P120_ph112\CZ3_W.qpy,C:\Users\szymon\QuditsOnQubits\QuditsOnQubits\basis_direct_encoding_benchmarks\quantum_circuits\ame43\monomial_full__sup012_P120_ph112\graph_state_direct_basis.qpy,C:\Users\szymon\QuditsOnQubits\QuditsOnQubits\basis_direct_encoding_benchmarks\quantum_circuits\ame43\monomial_full__sup012_P120_ph112\graph_state_direct_basis_transpiled.qpy,C:\Users\szymon\QuditsOnQubits\QuditsOnQubits\basis_direct_encoding_benchmarks\quantum_circuits\ame43\monomial_full__sup012_P120_ph112\basis_change_gate.qpy,C:\Users\szymon\QuditsOnQubits\QuditsOnQubits\basis_direct_encoding_benchmarks\quantum_circuits\ame43\monomial_full__sup012_P120_ph112\W.npy
direct_basis_encoding,ame43,ame43,ame43,ame43,4,4,8,sup012_P120_ph120,monomial,monomial_full,sup012_P120_ph120,True,True,100,203,303,203,,,1.575842,True,False,ok,,Converted from legacy E_new = E_Z @ W candidate.; Fidelity skipped because transpiled circuit has 128 qubits.,203,238.3,24.29,303,367.0,100,117.1,128,"{'sx': 101, 'cz': 99, 'rz': 60, 'rx': 42, 'rzz': 1}",10,10,0,C:\Users\szymon\QuditsOnQubits\QuditsOnQubits\basis_direct_encoding_benchmarks\quantum_circuits\ame43\monomial_full__sup012_P120_ph120,C:\Users\szymon\QuditsOnQubits\QuditsOnQubits\basis_direct_encoding_benchmarks\quantum_circuits\ame43\monomial_full__sup012_P120_ph120\F3_W.qpy,C:\Users\szymon\QuditsOnQubits\QuditsOnQubits\basis_direct_encoding_benchmarks\quantum_circuits\ame43\monomial_full__sup012_P120_ph120\CZ3_W.qpy,C:\Users\szymon\QuditsOnQubits\QuditsOnQubits\basis_direct_encoding_benchmarks\quantum_circuits\ame43\monomial_full__sup012_P120_ph120\graph_state_direct_basis.qpy,C:\Users\szymon\QuditsOnQubits\QuditsOnQubits\basis_direct_encoding_benchmarks\quantum_circuits\ame43\monomial_full__sup012_P120_ph120\graph_state_direct_basis_transpiled.qpy,C:\Users\szymon\QuditsOnQubits\QuditsOnQubits\basis_direct_encoding_benchmarks\quantum_circuits\ame43\monomial_full__sup012_P120_ph120\basis_change_gate.qpy,C:\Users\szymon\QuditsOnQubits\QuditsOnQubits\basis_direct_encoding_benchmarks\quantum_circuits\ame43\monomial_full__sup012_P120_ph120\W.npy
direct_basis_encoding,ame43,ame43,ame43,ame43,4,4,8,sup012_P120_ph121,monomial,monomial_full,sup012_P120_ph121,True,True,100,197,297,200,,,1.5202,True,False,ok,,Converted from legacy E_new = E_Z @ W candidate.; Fidelity skipped because transpiled circuit has 128 qubits.,200,237.1,24.97,297,359.9,100,117.1,128,"{'sx': 101, 'cz': 99, 'rz': 54, 'rx': 42, 'rzz': 1}",10,10,0,C:\Users\szymon\QuditsOnQubits\QuditsOnQubits\basis_direct_encoding_benchmarks\quantum_circuits\ame43\monomial_full__sup012_P120_ph121,C:\Users\szymon\QuditsOnQubits\QuditsOnQubits\basis_direct_encoding_benchmarks\quantum_circuits\ame43\monomial_full__sup012_P120_ph121\F3_W.qpy,C:\Users\szymon\QuditsOnQubits\QuditsOnQubits\basis_direct_encoding_benchmarks\quantum_circuits\ame43\monomial_full__sup012_P120_ph121\CZ3_W.qpy,C:\Users\szymon\QuditsOnQubits\QuditsOnQubits\basis_direct_encoding_benchmarks\quantum_circuits\ame43\monomial_full__sup012_P120_ph121\graph_state_direct_basis.qpy,C:\Users\szymon\QuditsOnQubits\QuditsOnQubits\basis_direct_encoding_benchmarks\quantum_circuits\ame43\monomial_full__sup012_P120_ph121\graph_state_direct_basis_transpiled.qpy,C:\Users\szymon\QuditsOnQubits\QuditsOnQubits\basis_direct_encoding_benchmarks\quantum_circuits\ame43\monomial_full__sup012_P120_ph121\basis_change_gate.qpy,C:\Users\szymon\QuditsOnQubits\QuditsOnQubits\basis_direct_encoding_benchmarks\quantum_circuits\ame43\monomial_full__sup012_P120_ph121\W.npy
direct_basis_encoding,ame43,ame43,ame43,ame43,4,4,8,sup012_P120_ph122,monomial,monomial_full,sup012_P120_ph122,True,True,100,201,301,202,,,1.547606,True,False,ok,,Converted from legacy E_new = E_Z @ W candidate.; Fidelity skipped because transpiled circuit has 128 qubits.,202,237.6,24.19,301,365.2,100,117.1,128,"{'sx': 101, 'cz': 99, 'rz': 59, 'rx': 41, 'rzz': 1}",10,10,0,C:\Users\szymon\QuditsOnQubits\QuditsOnQubits\basis_direct_encoding_benchmarks\quantum_circuits\ame43\monomial_full__sup012_P120_ph122,C:\Users\szymon\QuditsOnQubits\QuditsOnQubits\basis_direct_encoding_benchmarks\quantum_circuits\ame43\monomial_full__sup012_P120_ph122\F3_W.qpy,C:\Users\szymon\QuditsOnQubits\QuditsOnQubits\basis_direct_encoding_benchmarks\quantum_circuits\ame43\monomial_full__sup012_P120_ph122\CZ3_W.qpy,C:\Users\szymon\QuditsOnQubits\QuditsOnQubits\basis_direct_encoding_benchmarks\quantum_circuits\ame43\monomial_full__sup012_P120_ph122\graph_state_direct_basis.qpy,C:\Users\szymon\QuditsOnQubits\QuditsOnQubits\basis_direct_encoding_benchmarks\quantum_circuits\ame43\monomial_full__sup012_P120_ph122\graph_state_direct_basis_transpiled.qpy,C:\Users\szymon\QuditsOnQubits\QuditsOnQubits\basis_direct_encoding_benchmarks\quantum_circuits\ame43\monomial_full__sup012_P120_ph122\basis_change_gate.qpy,C:\Users\szymon\QuditsOnQubits\QuditsOnQubits\basis_direct_encoding_benchmarks\quantum_circuits\ame43\monomial_full__sup012_P120_ph122\W.npy
direct_basis_encoding,ame43,ame43,ame43,ame43,4,4,8,sup012_P120_ph200,monomial,monomial_full,sup012_P120_ph200,True,True,100,197,297,200,,,1.570115,True,False,ok,,Converted from legacy E_new = E_Z @ W candidate.; Fidelity skipped because transpiled circuit has 128 qubits.,200,237.1,24.97,297,360.2,100,117.1,128,"{'sx': 101, 'cz': 99, 'rz': 55, 'rx': 41, 'rzz': 1}",10,10,0,C:\Users\szymon\QuditsOnQubits\QuditsOnQubits\basis_direct_encoding_benchmarks\quantum_circuits\ame43\monomial_full__sup012_P120_ph200,C:\Users\szymon\QuditsOnQubits\QuditsOnQubits\basis_direct_encoding_benchmarks\quantum_circuits\ame43\monomial_full__sup012_P120_ph200\F3_W.qpy,C:\Users\szymon\QuditsOnQubits\QuditsOnQubits\basis_direct_encoding_benchmarks\quantum_circuits\ame43\monomial_full__sup012_P120_ph200\CZ3_W.qpy,C:\Users\szymon\QuditsOnQubits\QuditsOnQubits\basis_direct_encoding_benchmarks\quantum_circuits\ame43\monomial_full__sup012_P120_ph200\graph_state_direct_basis.qpy,C:\Users\szymon\QuditsOnQubits\QuditsOnQubits\basis_direct_encoding_benchmarks\quantum_circuits\ame43\monomial_full__sup012_P120_ph200\graph_state_direct_basis_transpiled.qpy,C:\Users\szymon\QuditsOnQubits\QuditsOnQubits\basis_direct_encoding_benchmarks\quantum_circuits\ame43\monomial_full__sup012_P120_ph200\basis_change_gate.qpy,C:\Users\szymon\QuditsOnQubits\QuditsOnQubits\basis_direct_encoding_benchmarks\quantum_circuits\ame43\monomial_full__sup012_P120_ph200\W.npy
direct_basis_encoding,ame43,ame43,ame43,ame43,4,4,8,sup012_P120_ph201,monomial,monomial_full,sup012_P120_ph201,True,True,100,201,301,202,,,1.738173,True,False,ok,,Converted from legacy E_new = E_Z @ W candidate.; Fidelity skipped because transpiled circuit has 128 qubits.,202,237.4,24.26,301,364.9,100,117.1,128,"{'sx': 101, 'cz': 99, 'rz': 59, 'rx': 41, 'rzz': 1}",10,10,0,C:\Users\szymon\QuditsOnQubits\QuditsOnQubits\basis_direct_encoding_benchmarks\quantum_circuits\ame43\monomial_full__sup012_P120_ph201,C:\Users\szymon\QuditsOnQubits\QuditsOnQubits\basis_direct_encoding_benchmarks\quantum_circuits\ame43\monomial_full__sup012_P120_ph201\F3_W.qpy,C:\Users\szymon\QuditsOnQubits\QuditsOnQubits\basis_direct_encoding_benchmarks\quantum_circuits\ame43\monomial_full__sup012_P120_ph201\CZ3_W.qpy,C:\Users\szymon\QuditsOnQubits\QuditsOnQubits\basis_direct_encoding_benchmarks\quantum_circuits\ame43\monomial_full__sup012_P120_ph201\graph_state_direct_basis.qpy,C:\Users\szymon\QuditsOnQubits\QuditsOnQubits\basis_direct_encoding_benchmarks\quantum_circuits\ame43\monomial_full__sup012_P120_ph201\graph_state_direct_basis_transpiled.qpy,C:\Users\szymon\QuditsOnQubits\QuditsOnQubits\basis_direct_encoding_benchmarks\quantum_circuits\ame43\monomial_full__sup012_P120_ph201\basis_change_gate.qpy,C:\Users\szymon\QuditsOnQubits\QuditsOnQubits\basis_direct_encoding_benchmarks\quantum_circuits\ame43\monomial_full__sup012_P120_ph201\W.npy
direct_basis_encoding,ame43,ame43,ame43,ame43,4,4,8,sup012_P120_ph202,monomial,monomial_full,sup012_P120_ph202,True,True,100,201,301,203,,,1.561526,True,False,ok,,Converted from legacy E_new = E_Z @ W candidate.; Fidelity skipped because transpiled circuit has 128 qubits.,203,238.3,24.29,301,366.0,100,117.1,128,"{'sx': 101, 'cz': 99, 'rz': 59, 'rx': 41, 'rzz': 1}",10,10,0,C:\Users\szymon\QuditsOnQubits\QuditsOnQubits\basis_direct_encoding_benchmarks\quantum_circuits\ame43\monomial_full__sup012_P120_ph202,C:\Users\szymon\QuditsOnQubits\QuditsOnQubits\basis_direct_encoding_benchmarks\quantum_circuits\ame43\monomial_full__sup012_P120_ph202\F3_W.qpy,C:\Users\szymon\QuditsOnQubits\QuditsOnQubits\basis_direct_encoding_benchmarks\quantum_circuits\ame43\monomial_full__sup012_P120_ph202\CZ3_W.qpy,C:\Users\szymon\QuditsOnQubits\QuditsOnQubits\basis_direct_encoding_benchmarks\quantum_circuits\ame43\monomial_full__sup012_P120_ph202\graph_state_direct_basis.qpy,C:\Users\szymon\QuditsOnQubits\QuditsOnQubits\basis_direct_encoding_benchmarks\quantum_circuits\ame43\monomial_full__sup012_P120_ph202\graph_state_direct_basis_transpiled.qpy,C:\Users\szymon\QuditsOnQubits\QuditsOnQubits\basis_direct_encoding_benchmarks\quantum_circuits\ame43\monomial_full__sup012_P120_ph202\basis_change_gate.qpy,C:\Users\szymon\QuditsOnQubits\QuditsOnQubits\basis_direct_encoding_benchmarks\quantum_circuits\ame43\monomial_full__sup012_P120_ph202\W.npy
direct_basis_encoding,ame43,ame43,ame43,ame43,4,4,8,sup012_P120_ph210,monomial,monomial_full,sup012_P120_ph210,True,True,100,202,302,203,,,1.992094,True,False,ok,,Converted from legacy E_new = E_Z @ W candidate.; Fidelity skipped because transpiled circuit has 128 qubits.,203,238.3,24.29,302,366.6,100,117.1,128,"{'sx': 101, 'cz': 99, 'rz': 60, 'rx': 41, 'rzz': 1}",10,10,0,C:\Users\szymon\QuditsOnQubits\QuditsOnQubits\basis_direct_encoding_benchmarks\quantum_circuits\ame43\monomial_full__sup012_P120_ph210,C:\Users\szymon\QuditsOnQubits\QuditsOnQubits\basis_direct_encoding_benchmarks\quantum_circuits\ame43\monomial_full__sup012_P120_ph210\F3_W.qpy,C:\Users\szymon\QuditsOnQubits\QuditsOnQubits\basis_direct_encoding_benchmarks\quantum_circuits\ame43\monomial_full__sup012_P120_ph210\CZ3_W.qpy,C:\Users\szymon\QuditsOnQubits\QuditsOnQubits\basis_direct_encoding_benchmarks\quantum_circuits\ame43\monomial_full__sup012_P120_ph210\graph_state_direct_basis.qpy,C:\Users\szymon\QuditsOnQubits\QuditsOnQubits\basis_direct_encoding_benchmarks\quantum_circuits\ame43\monomial_full__sup012_P120_ph210\graph_state_direct_basis_transpiled.qpy,C:\Users\szymon\QuditsOnQubits\QuditsOnQubits\basis_direct_encoding_benchmarks\quantum_circuits\ame43\monomial_full__sup012_P120_ph210\basis_change_gate.qpy,C:\Users\szymon\QuditsOnQubits\QuditsOnQubits\basis_direct_encoding_benchmarks\quantum_circuits\ame43\monomial_full__sup012_P120_ph210\W.npy
direct_basis_encoding,ame43,ame43,ame43,ame43,4,4,8,sup012_P120_ph211,monomial,monomial_full,sup012_P120_ph211,True,True,100,201,301,202,,,1.481759,True,False,ok,,Converted from legacy E_new = E_Z @ W candidate.; Fidelity skipped because transpiled circuit has 128 qubits.,202,237.6,24.19,301,365.4,100,117.1,128,"{'sx': 101, 'cz': 99, 'rz': 59, 'rx': 41, 'rzz': 1}",10,10,0,C:\Users\szymon\QuditsOnQubits\QuditsOnQubits\basis_direct_encoding_benchmarks\quantum_circuits\ame43\monomial_full__sup012_P120_ph211,C:\Users\szymon\QuditsOnQubits\QuditsOnQubits\basis_direct_encoding_benchmarks\quantum_circuits\ame43\monomial_full__sup012_P120_ph211\F3_W.qpy,C:\Users\szymon\QuditsOnQubits\QuditsOnQubits\basis_direct_encoding_benchmarks\quantum_circuits\ame43\monomial_full__sup012_P120_ph211\CZ3_W.qpy,C:\Users\szymon\QuditsOnQubits\QuditsOnQubits\basis_direct_encoding_benchmarks\quantum_circuits\ame43\monomial_full__sup012_P120_ph211\graph_state_direct_basis.qpy,C:\Users\szymon\QuditsOnQubits\QuditsOnQubits\basis_direct_encoding_benchmarks\quantum_circuits\ame43\monomial_full__sup012_P120_ph211\graph_state_direct_basis_transpiled.qpy,C:\Users\szymon\QuditsOnQubits\QuditsOnQubits\basis_direct_encoding_benchmarks\quantum_circuits\ame43\monomial_full__sup012_P120_ph211\basis_change_gate.qpy,C:\Users\szymon\QuditsOnQubits\QuditsOnQubits\basis_direct_encoding_benchmarks\quantum_circuits\ame43\monomial_full__sup012_P120_ph211\W.npy
direct_basis_encoding,ame43,ame43,ame43,ame43,4,4,8,sup012_P120_ph212,monomial,monomial_full,sup012_P120_ph212,True,True,100,197,297,200,,,1.52845,True,False,ok,,Converted from legacy E_new = E_Z @ W candidate.; Fidelity skipped because transpiled circuit has 128 qubits.,200,236.9,25.03,297,359.3,100,117.1,128,"{'sx': 101, 'cz': 99, 'rz': 54, 'rx': 42, 'rzz': 1}",10,10,0,C:\Users\szymon\QuditsOnQubits\QuditsOnQubits\basis_direct_encoding_benchmarks\quantum_circuits\ame43\monomial_full__sup012_P120_ph212,C:\Users\szymon\QuditsOnQubits\QuditsOnQubits\basis_direct_encoding_benchmarks\quantum_circuits\ame43\monomial_full__sup012_P120_ph212\F3_W.qpy,C:\Users\szymon\QuditsOnQubits\QuditsOnQubits\basis_direct_encoding_benchmarks\quantum_circuits\ame43\monomial_full__sup012_P120_ph212\CZ3_W.qpy,C:\Users\szymon\QuditsOnQubits\QuditsOnQubits\basis_direct_encoding_benchmarks\quantum_circuits\ame43\monomial_full__sup012_P120_ph212\graph_state_direct_basis.qpy,C:\Users\szymon\QuditsOnQubits\QuditsOnQubits\basis_direct_encoding_benchmarks\quantum_circuits\ame43\monomial_full__sup012_P120_ph212\graph_state_direct_basis_transpiled.qpy,C:\Users\szymon\QuditsOnQubits\QuditsOnQubits\basis_direct_encoding_benchmarks\quantum_circuits\ame43\monomial_full__sup012_P120_ph212\basis_change_gate.qpy,C:\Users\szymon\QuditsOnQubits\QuditsOnQubits\basis_direct_encoding_benchmarks\quantum_circuits\ame43\monomial_full__sup012_P120_ph212\W.npy
direct_basis_encoding,ame43,ame43,ame43,ame43,4,4,8,sup012_P120_ph220,monomial,monomial_full,sup012_P120_ph220,True,True,100,200,300,200,,,1.527212,True,False,ok,,Converted from legacy E_new = E_Z @ W candidate.; Fidelity skipped because transpiled circuit has 128 qubits.,200,237.2,24.87,300,365.7,100,117.1,128,"{'sx': 101, 'cz': 99, 'rz': 57, 'rx': 42, 'rzz': 1}",10,10,0,C:\Users\szymon\QuditsOnQubits\QuditsOnQubits\basis_direct_encoding_benchmarks\quantum_circuits\ame43\monomial_full__sup012_P120_ph220,C:\Users\szymon\QuditsOnQubits\QuditsOnQubits\basis_direct_encoding_benchmarks\quantum_circuits\ame43\monomial_full__sup012_P120_ph220\F3_W.qpy,C:\Users\szymon\QuditsOnQubits\QuditsOnQubits\basis_direct_encoding_benchmarks\quantum_circuits\ame43\monomial_full__sup012_P120_ph220\CZ3_W.qpy,C:\Users\szymon\QuditsOnQubits\QuditsOnQubits\basis_direct_encoding_benchmarks\quantum_circuits\ame43\monomial_full__sup012_P120_ph220\graph_state_direct_basis.qpy,C:\Users\szymon\QuditsOnQubits\QuditsOnQubits\basis_direct_encoding_benchmarks\quantum_circuits\ame43\monomial_full__sup012_P120_ph220\graph_state_direct_basis_transpiled.qpy,C:\Users\szymon\QuditsOnQubits\QuditsOnQubits\basis_direct_encoding_benchmarks\quantum_circuits\ame43\monomial_full__sup012_P120_ph220\basis_change_gate.qpy,C:\Users\szymon\QuditsOnQubits\QuditsOnQubits\basis_direct_encoding_benchmarks\quantum_circuits\ame43\monomial_full__sup012_P120_ph220\W.npy
direct_basis_encoding,ame43,ame43,ame43,ame43,4,4,8,sup012_P120_ph221,monomial,monomial_full,sup012_P120_ph221,True,True,100,196,296,199,,,1.718029,True,False,ok,,Converted from legacy E_new = E_Z @ W candidate.; Fidelity skipped because transpiled circuit has 128 qubits.,199,236.4,24.87,296,358.8,100,117.1,128,"{'sx': 101, 'cz': 99, 'rz': 54, 'rx': 41, 'rzz': 1}",10,10,0,C:\Users\szymon\QuditsOnQubits\QuditsOnQubits\basis_direct_encoding_benchmarks\quantum_circuits\ame43\monomial_full__sup012_P120_ph221,C:\Users\szymon\QuditsOnQubits\QuditsOnQubits\basis_direct_encoding_benchmarks\quantum_circuits\ame43\monomial_full__sup012_P120_ph221\F3_W.qpy,C:\Users\szymon\QuditsOnQubits\QuditsOnQubits\basis_direct_encoding_benchmarks\quantum_circuits\ame43\monomial_full__sup012_P120_ph221\CZ3_W.qpy,C:\Users\szymon\QuditsOnQubits\QuditsOnQubits\basis_direct_encoding_benchmarks\quantum_circuits\ame43\monomial_full__sup012_P120_ph221\graph_state_direct_basis.qpy,C:\Users\szymon\QuditsOnQubits\QuditsOnQubits\basis_direct_encoding_benchmarks\quantum_circuits\ame43\monomial_full__sup012_P120_ph221\graph_state_direct_basis_transpiled.qpy,C:\Users\szymon\QuditsOnQubits\QuditsOnQubits\basis_direct_encoding_benchmarks\quantum_circuits\ame43\monomial_full__sup012_P120_ph221\basis_change_gate.qpy,C:\Users\szymon\QuditsOnQubits\QuditsOnQubits\basis_direct_encoding_benchmarks\quantum_circuits\ame43\monomial_full__sup012_P120_ph221\W.npy
direct_basis_encoding,ame43,ame43,ame43,ame43,4,4,8,sup012_P120_ph222,monomial,monomial_full,sup012_P120_ph222,True,True,100,198,298,200,,,1.617137,True,False,ok,,Converted from legacy E_new = E_Z @ W candidate.; Fidelity skipped because transpiled circuit has 128 qubits.,200,237.2,24.87,298,364.6,100,117.1,128,"{'sx': 101, 'cz': 99, 'rz': 56, 'rx': 41, 'rzz': 1}",10,10,0,C:\Users\szymon\QuditsOnQubits\QuditsOnQubits\basis_direct_encoding_benchmarks\quantum_circuits\ame43\monomial_full__sup012_P120_ph222,C:\Users\szymon\QuditsOnQubits\QuditsOnQubits\basis_direct_encoding_benchmarks\quantum_circuits\ame43\monomial_full__sup012_P120_ph222\F3_W.qpy,C:\Users\szymon\QuditsOnQubits\QuditsOnQubits\basis_direct_encoding_benchmarks\quantum_circuits\ame43\monomial_full__sup012_P120_ph222\CZ3_W.qpy,C:\Users\szymon\QuditsOnQubits\QuditsOnQubits\basis_direct_encoding_benchmarks\quantum_circuits\ame43\monomial_full__sup012_P120_ph222\graph_state_direct_basis.qpy,C:\Users\szymon\QuditsOnQubits\QuditsOnQubits\basis_direct_encoding_benchmarks\quantum_circuits\ame43\monomial_full__sup012_P120_ph222\graph_state_direct_basis_transpiled.qpy,C:\Users\szymon\QuditsOnQubits\QuditsOnQubits\basis_direct_encoding_benchmarks\quantum_circuits\ame43\monomial_full__sup012_P120_ph222\basis_change_gate.qpy,C:\Users\szymon\QuditsOnQubits\QuditsOnQubits\basis_direct_encoding_benchmarks\quantum_circuits\ame43\monomial_full__sup012_P120_ph222\W.npy
direct_basis_encoding,ame43,ame43,ame43,ame43,4,4,8,sup012_P201_ph000,monomial,monomial_full,sup012_P201_ph000,True,True,86,194,280,182,,,1.619873,True,False,ok,,Converted from legacy E_new = E_Z @ W candidate.; Fidelity skipped because transpiled circuit has 128 qubits.,182,210.0,12.13,280,324.3,86,100.5,128,"{'cz': 70, 'sx': 69, 'rz': 68, 'rx': 57, 'rzz': 16}",10,10,0,C:\Users\szymon\QuditsOnQubits\QuditsOnQubits\basis_direct_encoding_benchmarks\quantum_circuits\ame43\monomial_full__sup012_P201_ph000,C:\Users\szymon\QuditsOnQubits\QuditsOnQubits\basis_direct_encoding_benchmarks\quantum_circuits\ame43\monomial_full__sup012_P201_ph000\F3_W.qpy,C:\Users\szymon\QuditsOnQubits\QuditsOnQubits\basis_direct_encoding_benchmarks\quantum_circuits\ame43\monomial_full__sup012_P201_ph000\CZ3_W.qpy,C:\Users\szymon\QuditsOnQubits\QuditsOnQubits\basis_direct_encoding_benchmarks\quantum_circuits\ame43\monomial_full__sup012_P201_ph000\graph_state_direct_basis.qpy,C:\Users\szymon\QuditsOnQubits\QuditsOnQubits\basis_direct_encoding_benchmarks\quantum_circuits\ame43\monomial_full__sup012_P201_ph000\graph_state_direct_basis_transpiled.qpy,C:\Users\szymon\QuditsOnQubits\QuditsOnQubits\basis_direct_encoding_benchmarks\quantum_circuits\ame43\monomial_full__sup012_P201_ph000\basis_change_gate.qpy,C:\Users\szymon\QuditsOnQubits\QuditsOnQubits\basis_direct_encoding_benchmarks\quantum_circuits\ame43\monomial_full__sup012_P201_ph000\W.npy
direct_basis_encoding,ame43,ame43,ame43,ame43,4,4,8,sup012_P201_ph001,monomial,monomial_full,sup012_P201_ph001,True,True,86,206,292,183,,,1.881841,True,False,ok,,Converted from legacy E_new = E_Z @ W candidate.; Fidelity skipped because transpiled circuit has 128 qubits.,183,210.2,11.98,292,331.9,86,100.5,128,"{'rz': 79, 'cz': 70, 'sx': 69, 'rx': 58, 'rzz': 16}",10,10,0,C:\Users\szymon\QuditsOnQubits\QuditsOnQubits\basis_direct_encoding_benchmarks\quantum_circuits\ame43\monomial_full__sup012_P201_ph001,C:\Users\szymon\QuditsOnQubits\QuditsOnQubits\basis_direct_encoding_benchmarks\quantum_circuits\ame43\monomial_full__sup012_P201_ph001\F3_W.qpy,C:\Users\szymon\QuditsOnQubits\QuditsOnQubits\basis_direct_encoding_benchmarks\quantum_circuits\ame43\monomial_full__sup012_P201_ph001\CZ3_W.qpy,C:\Users\szymon\QuditsOnQubits\QuditsOnQubits\basis_direct_encoding_benchmarks\quantum_circuits\ame43\monomial_full__sup012_P201_ph001\graph_state_direct_basis.qpy,C:\Users\szymon\QuditsOnQubits\QuditsOnQubits\basis_direct_encoding_benchmarks\quantum_circuits\ame43\monomial_full__sup012_P201_ph001\graph_state_direct_basis_transpiled.qpy,C:\Users\szymon\QuditsOnQubits\QuditsOnQubits\basis_direct_encoding_benchmarks\quantum_circuits\ame43\monomial_full__sup012_P201_ph001\basis_change_gate.qpy,C:\Users\szymon\QuditsOnQubits\QuditsOnQubits\basis_direct_encoding_benchmarks\quantum_circuits\ame43\monomial_full__sup012_P201_ph001\W.npy
direct_basis_encoding,ame43,ame43,ame43,ame43,4,4,8,sup012_P201_ph002,monomial,monomial_full,sup012_P201_ph002,True,True,86,206,292,183,,,1.756495,True,False,ok,,Converted from legacy E_new = E_Z @ W candidate.; Fidelity skipped because transpiled circuit has 128 qubits.,183,210.2,11.98,292,331.0,86,100.5,128,"{'rz': 79, 'cz': 70, 'sx': 69, 'rx': 58, 'rzz': 16}",10,10,0,C:\Users\szymon\QuditsOnQubits\QuditsOnQubits\basis_direct_encoding_benchmarks\quantum_circuits\ame43\monomial_full__sup012_P201_ph002,C:\Users\szymon\QuditsOnQubits\QuditsOnQubits\basis_direct_encoding_benchmarks\quantum_circuits\ame43\monomial_full__sup012_P201_ph002\F3_W.qpy,C:\Users\szymon\QuditsOnQubits\QuditsOnQubits\basis_direct_encoding_benchmarks\quantum_circuits\ame43\monomial_full__sup012_P201_ph002\CZ3_W.qpy,C:\Users\szymon\QuditsOnQubits\QuditsOnQubits\basis_direct_encoding_benchmarks\quantum_circuits\ame43\monomial_full__sup012_P201_ph002\graph_state_direct_basis.qpy,C:\Users\szymon\QuditsOnQubits\QuditsOnQubits\basis_direct_encoding_benchmarks\quantum_circuits\ame43\monomial_full__sup012_P201_ph002\graph_state_direct_basis_transpiled.qpy,C:\Users\szymon\QuditsOnQubits\QuditsOnQubits\basis_direct_encoding_benchmarks\quantum_circuits\ame43\monomial_full__sup012_P201_ph002\basis_change_gate.qpy,C:\Users\szymon\QuditsOnQubits\QuditsOnQubits\basis_direct_encoding_benchmarks\quantum_circuits\ame43\monomial_full__sup012_P201_ph002\W.npy
direct_basis_encoding,ame43,ame43,ame43,ame43,4,4,8,sup012_P201_ph010,monomial,monomial_full,sup012_P201_ph010,True,True,86,204,290,185,,,1.759999,True,False,ok,,Converted from legacy E_new = E_Z @ W candidate.; Fidelity skipped because transpiled circuit has 128 qubits.,185,211.0,11.53,290,334.1,86,100.5,128,"{'rz': 78, 'cz': 70, 'sx': 69, 'rx': 57, 'rzz': 16}",10,10,0,C:\Users\szymon\QuditsOnQubits\QuditsOnQubits\basis_direct_encoding_benchmarks\quantum_circuits\ame43\monomial_full__sup012_P201_ph010,C:\Users\szymon\QuditsOnQubits\QuditsOnQubits\basis_direct_encoding_benchmarks\quantum_circuits\ame43\monomial_full__sup012_P201_ph010\F3_W.qpy,C:\Users\szymon\QuditsOnQubits\QuditsOnQubits\basis_direct_encoding_benchmarks\quantum_circuits\ame43\monomial_full__sup012_P201_ph010\CZ3_W.qpy,C:\Users\szymon\QuditsOnQubits\QuditsOnQubits\basis_direct_encoding_benchmarks\quantum_circuits\ame43\monomial_full__sup012_P201_ph010\graph_state_direct_basis.qpy,C:\Users\szymon\QuditsOnQubits\QuditsOnQubits\basis_direct_encoding_benchmarks\quantum_circuits\ame43\monomial_full__sup012_P201_ph010\graph_state_direct_basis_transpiled.qpy,C:\Users\szymon\QuditsOnQubits\QuditsOnQubits\basis_direct_encoding_benchmarks\quantum_circuits\ame43\monomial_full__sup012_P201_ph010\basis_change_gate.qpy,C:\Users\szymon\QuditsOnQubits\QuditsOnQubits\basis_direct_encoding_benchmarks\quantum_circuits\ame43\monomial_full__sup012_P201_ph010\W.npy
direct_basis_encoding,ame43,ame43,ame43,ame43,4,4,8,sup012_P201_ph011,monomial,monomial_full,sup012_P201_ph011,True,True,86,209,295,185,,,1.593846,True,False,ok,,Converted from legacy E_new = E_Z @ W candidate.; Fidelity skipped because transpiled circuit has 128 qubits.,185,211.1,11.61,295,336.2,86,100.5,128,"{'rz': 82, 'cz': 70, 'sx': 69, 'rx': 58, 'rzz': 16}",10,10,0,C:\Users\szymon\QuditsOnQubits\QuditsOnQubits\basis_direct_encoding_benchmarks\quantum_circuits\ame43\monomial_full__sup012_P201_ph011,C:\Users\szymon\QuditsOnQubits\QuditsOnQubits\basis_direct_encoding_benchmarks\quantum_circuits\ame43\monomial_full__sup012_P201_ph011\F3_W.qpy,C:\Users\szymon\QuditsOnQubits\QuditsOnQubits\basis_direct_encoding_benchmarks\quantum_circuits\ame43\monomial_full__sup012_P201_ph011\CZ3_W.qpy,C:\Users\szymon\QuditsOnQubits\QuditsOnQubits\basis_direct_encoding_benchmarks\quantum_circuits\ame43\monomial_full__sup012_P201_ph011\graph_state_direct_basis.qpy,C:\Users\szymon\QuditsOnQubits\QuditsOnQubits\basis_direct_encoding_benchmarks\quantum_circuits\ame43\monomial_full__sup012_P201_ph011\graph_state_direct_basis_transpiled.qpy,C:\Users\szymon\QuditsOnQubits\QuditsOnQubits\basis_direct_encoding_benchmarks\quantum_circuits\ame43\monomial_full__sup012_P201_ph011\basis_change_gate.qpy,C:\Users\szymon\QuditsOnQubits\QuditsOnQubits\basis_direct_encoding_benchmarks\quantum_circuits\ame43\monomial_full__sup012_P201_ph011\W.npy
direct_basis_encoding,ame43,ame43,ame43,ame43,4,4,8,sup012_P201_ph012,monomial,monomial_full,sup012_P201_ph012,True,True,86,200,286,184,,,1.533328,True,False,ok,,Converted from legacy E_new = E_Z @ W candidate.; Fidelity skipped because transpiled circuit has 128 qubits.,184,211.0,11.83,286,328.4,86,100.5,128,"{'rz': 74, 'cz': 70, 'sx': 69, 'rx': 57, 'rzz': 16}",10,10,0,C:\Users\szymon\QuditsOnQubits\QuditsOnQubits\basis_direct_encoding_benchmarks\quantum_circuits\ame43\monomial_full__sup012_P201_ph012,C:\Users\szymon\QuditsOnQubits\QuditsOnQubits\basis_direct_encoding_benchmarks\quantum_circuits\ame43\monomial_full__sup012_P201_ph012\F3_W.qpy,C:\Users\szymon\QuditsOnQubits\QuditsOnQubits\basis_direct_encoding_benchmarks\quantum_circuits\ame43\monomial_full__sup012_P201_ph012\CZ3_W.qpy,C:\Users\szymon\QuditsOnQubits\QuditsOnQubits\basis_direct_encoding_benchmarks\quantum_circuits\ame43\monomial_full__sup012_P201_ph012\graph_state_direct_basis.qpy,C:\Users\szymon\QuditsOnQubits\QuditsOnQubits\basis_direct_encoding_benchmarks\quantum_circuits\ame43\monomial_full__sup012_P201_ph012\graph_state_direct_basis_transpiled.qpy,C:\Users\szymon\QuditsOnQubits\QuditsOnQubits\basis_direct_encoding_benchmarks\quantum_circuits\ame43\monomial_full__sup012_P201_ph012\basis_change_gate.qpy,C:\Users\szymon\QuditsOnQubits\QuditsOnQubits\basis_direct_encoding_benchmarks\quantum_circuits\ame43\monomial_full__sup012_P201_ph012\W.npy
direct_basis_encoding,ame43,ame43,ame43,ame43,4,4,8,sup012_P201_ph020,monomial,monomial_full,sup012_P201_ph020,True,True,86,204,290,185,,,1.398908,True,False,ok,,Converted from legacy E_new = E_Z @ W candidate.; Fidelity skipped because transpiled circuit has 128 qubits.,185,211.0,11.53,290,334.1,86,100.5,128,"{'rz': 78, 'cz': 70, 'sx': 69, 'rx': 57, 'rzz': 16}",10,10,0,C:\Users\szymon\QuditsOnQubits\QuditsOnQubits\basis_direct_encoding_benchmarks\quantum_circuits\ame43\monomial_full__sup012_P201_ph020,C:\Users\szymon\QuditsOnQubits\QuditsOnQubits\basis_direct_encoding_benchmarks\quantum_circuits\ame43\monomial_full__sup012_P201_ph020\F3_W.qpy,C:\Users\szymon\QuditsOnQubits\QuditsOnQubits\basis_direct_encoding_benchmarks\quantum_circuits\ame43\monomial_full__sup012_P201_ph020\CZ3_W.qpy,C:\Users\szymon\QuditsOnQubits\QuditsOnQubits\basis_direct_encoding_benchmarks\quantum_circuits\ame43\monomial_full__sup012_P201_ph020\graph_state_direct_basis.qpy,C:\Users\szymon\QuditsOnQubits\QuditsOnQubits\basis_direct_encoding_benchmarks\quantum_circuits\ame43\monomial_full__sup012_P201_ph020\graph_state_direct_basis_transpiled.qpy,C:\Users\szymon\QuditsOnQubits\QuditsOnQubits\basis_direct_encoding_benchmarks\quantum_circuits\ame43\monomial_full__sup012_P201_ph020\basis_change_gate.qpy,C:\Users\szymon\QuditsOnQubits\QuditsOnQubits\basis_direct_encoding_benchmarks\quantum_circuits\ame43\monomial_full__sup012_P201_ph020\W.npy
direct_basis_encoding,ame43,ame43,ame43,ame43,4,4,8,sup012_P201_ph021,monomial,monomial_full,sup012_P201_ph021,True,True,86,202,288,184,,,1.468199,True,False,ok,,Converted from legacy E_new = E_Z @ W candidate.; Fidelity skipped because transpiled circuit has 128 qubits.,184,211.0,11.83,288,329.4,86,100.5,128,"{'rz': 75, 'cz': 70, 'sx': 69, 'rx': 58, 'rzz': 16}",10,10,0,C:\Users\szymon\QuditsOnQubits\QuditsOnQubits\basis_direct_encoding_benchmarks\quantum_circuits\ame43\monomial_full__sup012_P201_ph021,C:\Users\szymon\QuditsOnQubits\QuditsOnQubits\basis_direct_encoding_benchmarks\quantum_circuits\ame43\monomial_full__sup012_P201_ph021\F3_W.qpy,C:\Users\szymon\QuditsOnQubits\QuditsOnQubits\basis_direct_encoding_benchmarks\quantum_circuits\ame43\monomial_full__sup012_P201_ph021\CZ3_W.qpy,C:\Users\szymon\QuditsOnQubits\QuditsOnQubits\basis_direct_encoding_benchmarks\quantum_circuits\ame43\monomial_full__sup012_P201_ph021\graph_state_direct_basis.qpy,C:\Users\szymon\QuditsOnQubits\QuditsOnQubits\basis_direct_encoding_benchmarks\quantum_circuits\ame43\monomial_full__sup012_P201_ph021\graph_state_direct_basis_transpiled.qpy,C:\Users\szymon\QuditsOnQubits\QuditsOnQubits\basis_direct_encoding_benchmarks\quantum_circuits\ame43\monomial_full__sup012_P201_ph021\basis_change_gate.qpy,C:\Users\szymon\QuditsOnQubits\QuditsOnQubits\basis_direct_encoding_benchmarks\quantum_circuits\ame43\monomial_full__sup012_P201_ph021\W.npy
direct_basis_encoding,ame43,ame43,ame43,ame43,4,4,8,sup012_P201_ph022,monomial,monomial_full,sup012_P201_ph022,True,True,86,209,295,185,,,1.798608,True,False,ok,,Converted from legacy E_new = E_Z @ W candidate.; Fidelity skipped because transpiled circuit has 128 qubits.,185,211.1,11.61,295,335.4,86,100.5,128,"{'rz': 82, 'cz': 70, 'sx': 69, 'rx': 58, 'rzz': 16}",10,10,0,C:\Users\szymon\QuditsOnQubits\QuditsOnQubits\basis_direct_encoding_benchmarks\quantum_circuits\ame43\monomial_full__sup012_P201_ph022,C:\Users\szymon\QuditsOnQubits\QuditsOnQubits\basis_direct_encoding_benchmarks\quantum_circuits\ame43\monomial_full__sup012_P201_ph022\F3_W.qpy,C:\Users\szymon\QuditsOnQubits\QuditsOnQubits\basis_direct_encoding_benchmarks\quantum_circuits\ame43\monomial_full__sup012_P201_ph022\CZ3_W.qpy,C:\Users\szymon\QuditsOnQubits\QuditsOnQubits\basis_direct_encoding_benchmarks\quantum_circuits\ame43\monomial_full__sup012_P201_ph022\graph_state_direct_basis.qpy,C:\Users\szymon\QuditsOnQubits\QuditsOnQubits\basis_direct_encoding_benchmarks\quantum_circuits\ame43\monomial_full__sup012_P201_ph022\graph_state_direct_basis_transpiled.qpy,C:\Users\szymon\QuditsOnQubits\QuditsOnQubits\basis_direct_encoding_benchmarks\quantum_circuits\ame43\monomial_full__sup012_P201_ph022\basis_change_gate.qpy,C:\Users\szymon\QuditsOnQubits\QuditsOnQubits\basis_direct_encoding_benchmarks\quantum_circuits\ame43\monomial_full__sup012_P201_ph022\W.npy
direct_basis_encoding,ame43,ame43,ame43,ame43,4,4,8,sup012_P201_ph100,monomial,monomial_full,sup012_P201_ph100,True,True,86,200,286,184,,,1.537629,True,False,ok,,Converted from legacy E_new = E_Z @ W candidate.; Fidelity skipped because transpiled circuit has 128 qubits.,184,211.0,11.83,286,328.4,86,100.5,128,"{'rz': 74, 'cz': 70, 'sx': 69, 'rx': 57, 'rzz': 16}",10,10,0,C:\Users\szymon\QuditsOnQubits\QuditsOnQubits\basis_direct_encoding_benchmarks\quantum_circuits\ame43\monomial_full__sup012_P201_ph100,C:\Users\szymon\QuditsOnQubits\QuditsOnQubits\basis_direct_encoding_benchmarks\quantum_circuits\ame43\monomial_full__sup012_P201_ph100\F3_W.qpy,C:\Users\szymon\QuditsOnQubits\QuditsOnQubits\basis_direct_encoding_benchmarks\quantum_circuits\ame43\monomial_full__sup012_P201_ph100\CZ3_W.qpy,C:\Users\szymon\QuditsOnQubits\QuditsOnQubits\basis_direct_encoding_benchmarks\quantum_circuits\ame43\monomial_full__sup012_P201_ph100\graph_state_direct_basis.qpy,C:\Users\szymon\QuditsOnQubits\QuditsOnQubits\basis_direct_encoding_benchmarks\quantum_circuits\ame43\monomial_full__sup012_P201_ph100\graph_state_direct_basis_transpiled.qpy,C:\Users\szymon\QuditsOnQubits\QuditsOnQubits\basis_direct_encoding_benchmarks\quantum_circuits\ame43\monomial_full__sup012_P201_ph100\basis_change_gate.qpy,C:\Users\szymon\QuditsOnQubits\QuditsOnQubits\basis_direct_encoding_benchmarks\quantum_circuits\ame43\monomial_full__sup012_P201_ph100\W.npy
direct_basis_encoding,ame43,ame43,ame43,ame43,4,4,8,sup012_P201_ph101,monomial,monomial_full,sup012_P201_ph101,True,True,86,205,291,185,,,1.598141,True,False,ok,,Converted from legacy E_new = E_Z @ W candidate.; Fidelity skipped because transpiled circuit has 128 qubits.,185,211.1,11.61,291,335.1,86,100.5,128,"{'rz': 79, 'cz': 70, 'sx': 69, 'rx': 57, 'rzz': 16}",10,10,0,C:\Users\szymon\QuditsOnQubits\QuditsOnQubits\basis_direct_encoding_benchmarks\quantum_circuits\ame43\monomial_full__sup012_P201_ph101,C:\Users\szymon\QuditsOnQubits\QuditsOnQubits\basis_direct_encoding_benchmarks\quantum_circuits\ame43\monomial_full__sup012_P201_ph101\F3_W.qpy,C:\Users\szymon\QuditsOnQubits\QuditsOnQubits\basis_direct_encoding_benchmarks\quantum_circuits\ame43\monomial_full__sup012_P201_ph101\CZ3_W.qpy,C:\Users\szymon\QuditsOnQubits\QuditsOnQubits\basis_direct_encoding_benchmarks\quantum_circuits\ame43\monomial_full__sup012_P201_ph101\graph_state_direct_basis.qpy,C:\Users\szymon\QuditsOnQubits\QuditsOnQubits\basis_direct_encoding_benchmarks\quantum_circuits\ame43\monomial_full__sup012_P201_ph101\graph_state_direct_basis_transpiled.qpy,C:\Users\szymon\QuditsOnQubits\QuditsOnQubits\basis_direct_encoding_benchmarks\quantum_circuits\ame43\monomial_full__sup012_P201_ph101\basis_change_gate.qpy,C:\Users\szymon\QuditsOnQubits\QuditsOnQubits\basis_direct_encoding_benchmarks\quantum_circuits\ame43\monomial_full__sup012_P201_ph101\W.npy
direct_basis_encoding,ame43,ame43,ame43,ame43,4,4,8,sup012_P201_ph102,monomial,monomial_full,sup012_P201_ph102,True,True,86,206,292,185,,,1.62111,True,False,ok,,Converted from legacy E_new = E_Z @ W candidate.; Fidelity skipped because transpiled circuit has 128 qubits.,185,211.0,11.53,292,335.8,86,100.5,128,"{'rz': 80, 'cz': 70, 'sx': 69, 'rx': 57, 'rzz': 16}",10,10,0,C:\Users\szymon\QuditsOnQubits\QuditsOnQubits\basis_direct_encoding_benchmarks\quantum_circuits\ame43\monomial_full__sup012_P201_ph102,C:\Users\szymon\QuditsOnQubits\QuditsOnQubits\basis_direct_encoding_benchmarks\quantum_circuits\ame43\monomial_full__sup012_P201_ph102\F3_W.qpy,C:\Users\szymon\QuditsOnQubits\QuditsOnQubits\basis_direct_encoding_benchmarks\quantum_circuits\ame43\monomial_full__sup012_P201_ph102\CZ3_W.qpy,C:\Users\szymon\QuditsOnQubits\QuditsOnQubits\basis_direct_encoding_benchmarks\quantum_circuits\ame43\monomial_full__sup012_P201_ph102\graph_state_direct_basis.qpy,C:\Users\szymon\QuditsOnQubits\QuditsOnQubits\basis_direct_encoding_benchmarks\quantum_circuits\ame43\monomial_full__sup012_P201_ph102\graph_state_direct_basis_transpiled.qpy,C:\Users\szymon\QuditsOnQubits\QuditsOnQubits\basis_direct_encoding_benchmarks\quantum_circuits\ame43\monomial_full__sup012_P201_ph102\basis_change_gate.qpy,C:\Users\szymon\QuditsOnQubits\QuditsOnQubits\basis_direct_encoding_benchmarks\quantum_circuits\ame43\monomial_full__sup012_P201_ph102\W.npy
direct_basis_encoding,ame43,ame43,ame43,ame43,4,4,8,sup012_P201_ph110,monomial,monomial_full,sup012_P201_ph110,True,True,86,206,292,183,,,1.74582,True,False,ok,,Converted from legacy E_new = E_Z @ W candidate.; Fidelity skipped because transpiled circuit has 128 qubits.,183,210.2,11.98,292,331.1,86,100.5,128,"{'rz': 79, 'cz': 70, 'sx': 69, 'rx': 58, 'rzz': 16}",10,10,0,C:\Users\szymon\QuditsOnQubits\QuditsOnQubits\basis_direct_encoding_benchmarks\quantum_circuits\ame43\monomial_full__sup012_P201_ph110,C:\Users\szymon\QuditsOnQubits\QuditsOnQubits\basis_direct_encoding_benchmarks\quantum_circuits\ame43\monomial_full__sup012_P201_ph110\F3_W.qpy,C:\Users\szymon\QuditsOnQubits\QuditsOnQubits\basis_direct_encoding_benchmarks\quantum_circuits\ame43\monomial_full__sup012_P201_ph110\CZ3_W.qpy,C:\Users\szymon\QuditsOnQubits\QuditsOnQubits\basis_direct_encoding_benchmarks\quantum_circuits\ame43\monomial_full__sup012_P201_ph110\graph_state_direct_basis.qpy,C:\Users\szymon\QuditsOnQubits\QuditsOnQubits\basis_direct_encoding_benchmarks\quantum_circuits\ame43\monomial_full__sup012_P201_ph110\graph_state_direct_basis_transpiled.qpy,C:\Users\szymon\QuditsOnQubits\QuditsOnQubits\basis_direct_encoding_benchmarks\quantum_circuits\ame43\monomial_full__sup012_P201_ph110\basis_change_gate.qpy,C:\Users\szymon\QuditsOnQubits\QuditsOnQubits\basis_direct_encoding_benchmarks\quantum_circuits\ame43\monomial_full__sup012_P201_ph110\W.npy
direct_basis_encoding,ame43,ame43,ame43,ame43,4,4,8,sup012_P201_ph111,monomial,monomial_full,sup012_P201_ph111,True,True,86,202,288,183,,,1.710822,True,False,ok,,Converted from legacy E_new = E_Z @ W candidate.; Fidelity skipped because transpiled circuit has 128 qubits.,183,210.2,11.98,288,330.7,86,100.5,128,"{'rz': 76, 'cz': 70, 'sx': 69, 'rx': 57, 'rzz': 16}",10,10,0,C:\Users\szymon\QuditsOnQubits\QuditsOnQubits\basis_direct_encoding_benchmarks\quantum_circuits\ame43\monomial_full__sup012_P201_ph111,C:\Users\szymon\QuditsOnQubits\QuditsOnQubits\basis_direct_encoding_benchmarks\quantum_circuits\ame43\monomial_full__sup012_P201_ph111\F3_W.qpy,C:\Users\szymon\QuditsOnQubits\QuditsOnQubits\basis_direct_encoding_benchmarks\quantum_circuits\ame43\monomial_full__sup012_P201_ph111\CZ3_W.qpy,C:\Users\szymon\QuditsOnQubits\QuditsOnQubits\basis_direct_encoding_benchmarks\quantum_circuits\ame43\monomial_full__sup012_P201_ph111\graph_state_direct_basis.qpy,C:\Users\szymon\QuditsOnQubits\QuditsOnQubits\basis_direct_encoding_benchmarks\quantum_circuits\ame43\monomial_full__sup012_P201_ph111\graph_state_direct_basis_transpiled.qpy,C:\Users\szymon\QuditsOnQubits\QuditsOnQubits\basis_direct_encoding_benchmarks\quantum_circuits\ame43\monomial_full__sup012_P201_ph111\basis_change_gate.qpy,C:\Users\szymon\QuditsOnQubits\QuditsOnQubits\basis_direct_encoding_benchmarks\quantum_circuits\ame43\monomial_full__sup012_P201_ph111\W.npy
direct_basis_encoding,ame43,ame43,ame43,ame43,4,4,8,sup012_P201_ph112,monomial,monomial_full,sup012_P201_ph112,True,True,86,198,284,182,,,1.631213,True,False,ok,,Converted from legacy E_new = E_Z @ W candidate.; Fidelity skipped because transpiled circuit has 128 qubits.,182,210.0,12.13,284,324.7,86,100.5,128,"{'rz': 71, 'cz': 70, 'sx': 69, 'rx': 58, 'rzz': 16}",10,10,0,C:\Users\szymon\QuditsOnQubits\QuditsOnQubits\basis_direct_encoding_benchmarks\quantum_circuits\ame43\monomial_full__sup012_P201_ph112,C:\Users\szymon\QuditsOnQubits\QuditsOnQubits\basis_direct_encoding_benchmarks\quantum_circuits\ame43\monomial_full__sup012_P201_ph112\F3_W.qpy,C:\Users\szymon\QuditsOnQubits\QuditsOnQubits\basis_direct_encoding_benchmarks\quantum_circuits\ame43\monomial_full__sup012_P201_ph112\CZ3_W.qpy,C:\Users\szymon\QuditsOnQubits\QuditsOnQubits\basis_direct_encoding_benchmarks\quantum_circuits\ame43\monomial_full__sup012_P201_ph112\graph_state_direct_basis.qpy,C:\Users\szymon\QuditsOnQubits\QuditsOnQubits\basis_direct_encoding_benchmarks\quantum_circuits\ame43\monomial_full__sup012_P201_ph112\graph_state_direct_basis_transpiled.qpy,C:\Users\szymon\QuditsOnQubits\QuditsOnQubits\basis_direct_encoding_benchmarks\quantum_circuits\ame43\monomial_full__sup012_P201_ph112\basis_change_gate.qpy,C:\Users\szymon\QuditsOnQubits\QuditsOnQubits\basis_direct_encoding_benchmarks\quantum_circuits\ame43\monomial_full__sup012_P201_ph112\W.npy
direct_basis_encoding,ame43,ame43,ame43,ame43,4,4,8,sup012_P201_ph120,monomial,monomial_full,sup012_P201_ph120,True,True,86,207,293,185,,,1.780365,True,False,ok,,Converted from legacy E_new = E_Z @ W candidate.; Fidelity skipped because transpiled circuit has 128 qubits.,185,211.1,11.61,293,336.1,86,100.5,128,"{'rz': 81, 'cz': 70, 'sx': 69, 'rx': 57, 'rzz': 16}",10,10,0,C:\Users\szymon\QuditsOnQubits\QuditsOnQubits\basis_direct_encoding_benchmarks\quantum_circuits\ame43\monomial_full__sup012_P201_ph120,C:\Users\szymon\QuditsOnQubits\QuditsOnQubits\basis_direct_encoding_benchmarks\quantum_circuits\ame43\monomial_full__sup012_P201_ph120\F3_W.qpy,C:\Users\szymon\QuditsOnQubits\QuditsOnQubits\basis_direct_encoding_benchmarks\quantum_circuits\ame43\monomial_full__sup012_P201_ph120\CZ3_W.qpy,C:\Users\szymon\QuditsOnQubits\QuditsOnQubits\basis_direct_encoding_benchmarks\quantum_circuits\ame43\monomial_full__sup012_P201_ph120\graph_state_direct_basis.qpy,C:\Users\szymon\QuditsOnQubits\QuditsOnQubits\basis_direct_encoding_benchmarks\quantum_circuits\ame43\monomial_full__sup012_P201_ph120\graph_state_direct_basis_transpiled.qpy,C:\Users\szymon\QuditsOnQubits\QuditsOnQubits\basis_direct_encoding_benchmarks\quantum_circuits\ame43\monomial_full__sup012_P201_ph120\basis_change_gate.qpy,C:\Users\szymon\QuditsOnQubits\QuditsOnQubits\basis_direct_encoding_benchmarks\quantum_circuits\ame43\monomial_full__sup012_P201_ph120\W.npy
direct_basis_encoding,ame43,ame43,ame43,ame43,4,4,8,sup012_P201_ph121,monomial,monomial_full,sup012_P201_ph121,True,True,86,198,284,184,,,1.570233,True,False,ok,,Converted from legacy E_new = E_Z @ W candidate.; Fidelity skipped because transpiled circuit has 128 qubits.,184,211.0,11.83,284,328.3,86,100.5,128,"{'rz': 72, 'cz': 70, 'sx': 69, 'rx': 57, 'rzz': 16}",10,10,0,C:\Users\szymon\QuditsOnQubits\QuditsOnQubits\basis_direct_encoding_benchmarks\quantum_circuits\ame43\monomial_full__sup012_P201_ph121,C:\Users\szymon\QuditsOnQubits\QuditsOnQubits\basis_direct_encoding_benchmarks\quantum_circuits\ame43\monomial_full__sup012_P201_ph121\F3_W.qpy,C:\Users\szymon\QuditsOnQubits\QuditsOnQubits\basis_direct_encoding_benchmarks\quantum_circuits\ame43\monomial_full__sup012_P201_ph121\CZ3_W.qpy,C:\Users\szymon\QuditsOnQubits\QuditsOnQubits\basis_direct_encoding_benchmarks\quantum_circuits\ame43\monomial_full__sup012_P201_ph121\graph_state_direct_basis.qpy,C:\Users\szymon\QuditsOnQubits\QuditsOnQubits\basis_direct_encoding_benchmarks\quantum_circuits\ame43\monomial_full__sup012_P201_ph121\graph_state_direct_basis_transpiled.qpy,C:\Users\szymon\QuditsOnQubits\QuditsOnQubits\basis_direct_encoding_benchmarks\quantum_circuits\ame43\monomial_full__sup012_P201_ph121\basis_change_gate.qpy,C:\Users\szymon\QuditsOnQubits\QuditsOnQubits\basis_direct_encoding_benchmarks\quantum_circuits\ame43\monomial_full__sup012_P201_ph121\W.npy
direct_basis_encoding,ame43,ame43,ame43,ame43,4,4,8,sup012_P201_ph122,monomial,monomial_full,sup012_P201_ph122,True,True,86,208,294,185,,,1.643473,True,False,ok,,Converted from legacy E_new = E_Z @ W candidate.; Fidelity skipped because transpiled circuit has 128 qubits.,185,211.0,11.53,294,335.2,86,100.5,128,"{'rz': 81, 'cz': 70, 'sx': 69, 'rx': 58, 'rzz': 16}",10,10,0,C:\Users\szymon\QuditsOnQubits\QuditsOnQubits\basis_direct_encoding_benchmarks\quantum_circuits\ame43\monomial_full__sup012_P201_ph122,C:\Users\szymon\QuditsOnQubits\QuditsOnQubits\basis_direct_encoding_benchmarks\quantum_circuits\ame43\monomial_full__sup012_P201_ph122\F3_W.qpy,C:\Users\szymon\QuditsOnQubits\QuditsOnQubits\basis_direct_encoding_benchmarks\quantum_circuits\ame43\monomial_full__sup012_P201_ph122\CZ3_W.qpy,C:\Users\szymon\QuditsOnQubits\QuditsOnQubits\basis_direct_encoding_benchmarks\quantum_circuits\ame43\monomial_full__sup012_P201_ph122\graph_state_direct_basis.qpy,C:\Users\szymon\QuditsOnQubits\QuditsOnQubits\basis_direct_encoding_benchmarks\quantum_circuits\ame43\monomial_full__sup012_P201_ph122\graph_state_direct_basis_transpiled.qpy,C:\Users\szymon\QuditsOnQubits\QuditsOnQubits\basis_direct_encoding_benchmarks\quantum_circuits\ame43\monomial_full__sup012_P201_ph122\basis_change_gate.qpy,C:\Users\szymon\QuditsOnQubits\QuditsOnQubits\basis_direct_encoding_benchmarks\quantum_circuits\ame43\monomial_full__sup012_P201_ph122\W.npy
direct_basis_encoding,ame43,ame43,ame43,ame43,4,4,8,sup012_P201_ph200,monomial,monomial_full,sup012_P201_ph200,True,True,86,200,286,184,,,1.572439,True,False,ok,,Converted from legacy E_new = E_Z @ W candidate.; Fidelity skipped because transpiled circuit has 128 qubits.,184,211.0,11.83,286,328.4,86,100.5,128,"{'rz': 74, 'cz': 70, 'sx': 69, 'rx': 57, 'rzz': 16}",10,10,0,C:\Users\szymon\QuditsOnQubits\QuditsOnQubits\basis_direct_encoding_benchmarks\quantum_circuits\ame43\monomial_full__sup012_P201_ph200,C:\Users\szymon\QuditsOnQubits\QuditsOnQubits\basis_direct_encoding_benchmarks\quantum_circuits\ame43\monomial_full__sup012_P201_ph200\F3_W.qpy,C:\Users\szymon\QuditsOnQubits\QuditsOnQubits\basis_direct_encoding_benchmarks\quantum_circuits\ame43\monomial_full__sup012_P201_ph200\CZ3_W.qpy,C:\Users\szymon\QuditsOnQubits\QuditsOnQubits\basis_direct_encoding_benchmarks\quantum_circuits\ame43\monomial_full__sup012_P201_ph200\graph_state_direct_basis.qpy,C:\Users\szymon\QuditsOnQubits\QuditsOnQubits\basis_direct_encoding_benchmarks\quantum_circuits\ame43\monomial_full__sup012_P201_ph200\graph_state_direct_basis_transpiled.qpy,C:\Users\szymon\QuditsOnQubits\QuditsOnQubits\basis_direct_encoding_benchmarks\quantum_circuits\ame43\monomial_full__sup012_P201_ph200\basis_change_gate.qpy,C:\Users\szymon\QuditsOnQubits\QuditsOnQubits\basis_direct_encoding_benchmarks\quantum_circuits\ame43\monomial_full__sup012_P201_ph200\W.npy
direct_basis_encoding,ame43,ame43,ame43,ame43,4,4,8,sup012_P201_ph201,monomial,monomial_full,sup012_P201_ph201,True,True,86,208,294,185,,,1.525655,True,False,ok,,Converted from legacy E_new = E_Z @ W candidate.; Fidelity skipped because transpiled circuit has 128 qubits.,185,211.0,11.53,294,335.2,86,100.5,128,"{'rz': 81, 'cz': 70, 'sx': 69, 'rx': 58, 'rzz': 16}",10,10,0,C:\Users\szymon\QuditsOnQubits\QuditsOnQubits\basis_direct_encoding_benchmarks\quantum_circuits\ame43\monomial_full__sup012_P201_ph201,C:\Users\szymon\QuditsOnQubits\QuditsOnQubits\basis_direct_encoding_benchmarks\quantum_circuits\ame43\monomial_full__sup012_P201_ph201\F3_W.qpy,C:\Users\szymon\QuditsOnQubits\QuditsOnQubits\basis_direct_encoding_benchmarks\quantum_circuits\ame43\monomial_full__sup012_P201_ph201\CZ3_W.qpy,C:\Users\szymon\QuditsOnQubits\QuditsOnQubits\basis_direct_encoding_benchmarks\quantum_circuits\ame43\monomial_full__sup012_P201_ph201\graph_state_direct_basis.qpy,C:\Users\szymon\QuditsOnQubits\QuditsOnQubits\basis_direct_encoding_benchmarks\quantum_circuits\ame43\monomial_full__sup012_P201_ph201\graph_state_direct_basis_transpiled.qpy,C:\Users\szymon\QuditsOnQubits\QuditsOnQubits\basis_direct_encoding_benchmarks\quantum_circuits\ame43\monomial_full__sup012_P201_ph201\basis_change_gate.qpy,C:\Users\szymon\QuditsOnQubits\QuditsOnQubits\basis_direct_encoding_benchmarks\quantum_circuits\ame43\monomial_full__sup012_P201_ph201\W.npy
direct_basis_encoding,ame43,ame43,ame43,ame43,4,4,8,sup012_P201_ph202,monomial,monomial_full,sup012_P201_ph202,True,True,86,205,291,185,,,1.740571,True,False,ok,,Converted from legacy E_new = E_Z @ W candidate.; Fidelity skipped because transpiled circuit has 128 qubits.,185,211.1,11.61,291,335.1,86,100.5,128,"{'rz': 79, 'cz': 70, 'sx': 69, 'rx': 57, 'rzz': 16}",10,10,0,C:\Users\szymon\QuditsOnQubits\QuditsOnQubits\basis_direct_encoding_benchmarks\quantum_circuits\ame43\monomial_full__sup012_P201_ph202,C:\Users\szymon\QuditsOnQubits\QuditsOnQubits\basis_direct_encoding_benchmarks\quantum_circuits\ame43\monomial_full__sup012_P201_ph202\F3_W.qpy,C:\Users\szymon\QuditsOnQubits\QuditsOnQubits\basis_direct_encoding_benchmarks\quantum_circuits\ame43\monomial_full__sup012_P201_ph202\CZ3_W.qpy,C:\Users\szymon\QuditsOnQubits\QuditsOnQubits\basis_direct_encoding_benchmarks\quantum_circuits\ame43\monomial_full__sup012_P201_ph202\graph_state_direct_basis.qpy,C:\Users\szymon\QuditsOnQubits\QuditsOnQubits\basis_direct_encoding_benchmarks\quantum_circuits\ame43\monomial_full__sup012_P201_ph202\graph_state_direct_basis_transpiled.qpy,C:\Users\szymon\QuditsOnQubits\QuditsOnQubits\basis_direct_encoding_benchmarks\quantum_circuits\ame43\monomial_full__sup012_P201_ph202\basis_change_gate.qpy,C:\Users\szymon\QuditsOnQubits\QuditsOnQubits\basis_direct_encoding_benchmarks\quantum_circuits\ame43\monomial_full__sup012_P201_ph202\W.npy
direct_basis_encoding,ame43,ame43,ame43,ame43,4,4,8,sup012_P201_ph210,monomial,monomial_full,sup012_P201_ph210,True,True,86,209,295,185,,,1.616327,True,False,ok,,Converted from legacy E_new = E_Z @ W candidate.; Fidelity skipped because transpiled circuit has 128 qubits.,185,211.1,11.61,295,336.2,86,100.5,128,"{'rz': 82, 'cz': 70, 'sx': 69, 'rx': 58, 'rzz': 16}",10,10,0,C:\Users\szymon\QuditsOnQubits\QuditsOnQubits\basis_direct_encoding_benchmarks\quantum_circuits\ame43\monomial_full__sup012_P201_ph210,C:\Users\szymon\QuditsOnQubits\QuditsOnQubits\basis_direct_encoding_benchmarks\quantum_circuits\ame43\monomial_full__sup012_P201_ph210\F3_W.qpy,C:\Users\szymon\QuditsOnQubits\QuditsOnQubits\basis_direct_encoding_benchmarks\quantum_circuits\ame43\monomial_full__sup012_P201_ph210\CZ3_W.qpy,C:\Users\szymon\QuditsOnQubits\QuditsOnQubits\basis_direct_encoding_benchmarks\quantum_circuits\ame43\monomial_full__sup012_P201_ph210\graph_state_direct_basis.qpy,C:\Users\szymon\QuditsOnQubits\QuditsOnQubits\basis_direct_encoding_benchmarks\quantum_circuits\ame43\monomial_full__sup012_P201_ph210\graph_state_direct_basis_transpiled.qpy,C:\Users\szymon\QuditsOnQubits\QuditsOnQubits\basis_direct_encoding_benchmarks\quantum_circuits\ame43\monomial_full__sup012_P201_ph210\basis_change_gate.qpy,C:\Users\szymon\QuditsOnQubits\QuditsOnQubits\basis_direct_encoding_benchmarks\quantum_circuits\ame43\monomial_full__sup012_P201_ph210\W.npy
direct_basis_encoding,ame43,ame43,ame43,ame43,4,4,8,sup012_P201_ph211,monomial,monomial_full,sup012_P201_ph211,True,True,86,208,294,185,,,1.999129,True,False,ok,,Converted from legacy E_new = E_Z @ W candidate.; Fidelity skipped because transpiled circuit has 128 qubits.,185,211.0,11.53,294,336.1,86,100.5,128,"{'rz': 81, 'cz': 70, 'sx': 69, 'rx': 58, 'rzz': 16}",10,10,0,C:\Users\szymon\QuditsOnQubits\QuditsOnQubits\basis_direct_encoding_benchmarks\quantum_circuits\ame43\monomial_full__sup012_P201_ph211,C:\Users\szymon\QuditsOnQubits\QuditsOnQubits\basis_direct_encoding_benchmarks\quantum_circuits\ame43\monomial_full__sup012_P201_ph211\F3_W.qpy,C:\Users\szymon\QuditsOnQubits\QuditsOnQubits\basis_direct_encoding_benchmarks\quantum_circuits\ame43\monomial_full__sup012_P201_ph211\CZ3_W.qpy,C:\Users\szymon\QuditsOnQubits\QuditsOnQubits\basis_direct_encoding_benchmarks\quantum_circuits\ame43\monomial_full__sup012_P201_ph211\graph_state_direct_basis.qpy,C:\Users\szymon\QuditsOnQubits\QuditsOnQubits\basis_direct_encoding_benchmarks\quantum_circuits\ame43\monomial_full__sup012_P201_ph211\graph_state_direct_basis_transpiled.qpy,C:\Users\szymon\QuditsOnQubits\QuditsOnQubits\basis_direct_encoding_benchmarks\quantum_circuits\ame43\monomial_full__sup012_P201_ph211\basis_change_gate.qpy,C:\Users\szymon\QuditsOnQubits\QuditsOnQubits\basis_direct_encoding_benchmarks\quantum_circuits\ame43\monomial_full__sup012_P201_ph211\W.npy
direct_basis_encoding,ame43,ame43,ame43,ame43,4,4,8,sup012_P201_ph212,monomial,monomial_full,sup012_P201_ph212,True,True,86,200,286,184,,,1.961009,True,False,ok,,Converted from legacy E_new = E_Z @ W candidate.; Fidelity skipped because transpiled circuit has 128 qubits.,184,211.0,11.83,286,328.5,86,100.5,128,"{'rz': 73, 'cz': 70, 'sx': 69, 'rx': 58, 'rzz': 16}",10,10,0,C:\Users\szymon\QuditsOnQubits\QuditsOnQubits\basis_direct_encoding_benchmarks\quantum_circuits\ame43\monomial_full__sup012_P201_ph212,C:\Users\szymon\QuditsOnQubits\QuditsOnQubits\basis_direct_encoding_benchmarks\quantum_circuits\ame43\monomial_full__sup012_P201_ph212\F3_W.qpy,C:\Users\szymon\QuditsOnQubits\QuditsOnQubits\basis_direct_encoding_benchmarks\quantum_circuits\ame43\monomial_full__sup012_P201_ph212\CZ3_W.qpy,C:\Users\szymon\QuditsOnQubits\QuditsOnQubits\basis_direct_encoding_benchmarks\quantum_circuits\ame43\monomial_full__sup012_P201_ph212\graph_state_direct_basis.qpy,C:\Users\szymon\QuditsOnQubits\QuditsOnQubits\basis_direct_encoding_benchmarks\quantum_circuits\ame43\monomial_full__sup012_P201_ph212\graph_state_direct_basis_transpiled.qpy,C:\Users\szymon\QuditsOnQubits\QuditsOnQubits\basis_direct_encoding_benchmarks\quantum_circuits\ame43\monomial_full__sup012_P201_ph212\basis_change_gate.qpy,C:\Users\szymon\QuditsOnQubits\QuditsOnQubits\basis_direct_encoding_benchmarks\quantum_circuits\ame43\monomial_full__sup012_P201_ph212\W.npy
direct_basis_encoding,ame43,ame43,ame43,ame43,4,4,8,sup012_P201_ph220,monomial,monomial_full,sup012_P201_ph220,True,True,86,204,290,183,,,1.479278,True,False,ok,,Converted from legacy E_new = E_Z @ W candidate.; Fidelity skipped because transpiled circuit has 128 qubits.,183,210.2,11.98,290,330.8,86,100.5,128,"{'rz': 78, 'cz': 70, 'sx': 69, 'rx': 57, 'rzz': 16}",10,10,0,C:\Users\szymon\QuditsOnQubits\QuditsOnQubits\basis_direct_encoding_benchmarks\quantum_circuits\ame43\monomial_full__sup012_P201_ph220,C:\Users\szymon\QuditsOnQubits\QuditsOnQubits\basis_direct_encoding_benchmarks\quantum_circuits\ame43\monomial_full__sup012_P201_ph220\F3_W.qpy,C:\Users\szymon\QuditsOnQubits\QuditsOnQubits\basis_direct_encoding_benchmarks\quantum_circuits\ame43\monomial_full__sup012_P201_ph220\CZ3_W.qpy,C:\Users\szymon\QuditsOnQubits\QuditsOnQubits\basis_direct_encoding_benchmarks\quantum_circuits\ame43\monomial_full__sup012_P201_ph220\graph_state_direct_basis.qpy,C:\Users\szymon\QuditsOnQubits\QuditsOnQubits\basis_direct_encoding_benchmarks\quantum_circuits\ame43\monomial_full__sup012_P201_ph220\graph_state_direct_basis_transpiled.qpy,C:\Users\szymon\QuditsOnQubits\QuditsOnQubits\basis_direct_encoding_benchmarks\quantum_circuits\ame43\monomial_full__sup012_P201_ph220\basis_change_gate.qpy,C:\Users\szymon\QuditsOnQubits\QuditsOnQubits\basis_direct_encoding_benchmarks\quantum_circuits\ame43\monomial_full__sup012_P201_ph220\W.npy
direct_basis_encoding,ame43,ame43,ame43,ame43,4,4,8,sup012_P201_ph221,monomial,monomial_full,sup012_P201_ph221,True,True,86,198,284,182,,,1.669544,True,False,ok,,Converted from legacy E_new = E_Z @ W candidate.; Fidelity skipped because transpiled circuit has 128 qubits.,182,210.0,12.13,284,325.5,86,100.5,128,"{'rz': 71, 'cz': 70, 'sx': 69, 'rx': 58, 'rzz': 16}",10,10,0,C:\Users\szymon\QuditsOnQubits\QuditsOnQubits\basis_direct_encoding_benchmarks\quantum_circuits\ame43\monomial_full__sup012_P201_ph221,C:\Users\szymon\QuditsOnQubits\QuditsOnQubits\basis_direct_encoding_benchmarks\quantum_circuits\ame43\monomial_full__sup012_P201_ph221\F3_W.qpy,C:\Users\szymon\QuditsOnQubits\QuditsOnQubits\basis_direct_encoding_benchmarks\quantum_circuits\ame43\monomial_full__sup012_P201_ph221\CZ3_W.qpy,C:\Users\szymon\QuditsOnQubits\QuditsOnQubits\basis_direct_encoding_benchmarks\quantum_circuits\ame43\monomial_full__sup012_P201_ph221\graph_state_direct_basis.qpy,C:\Users\szymon\QuditsOnQubits\QuditsOnQubits\basis_direct_encoding_benchmarks\quantum_circuits\ame43\monomial_full__sup012_P201_ph221\graph_state_direct_basis_transpiled.qpy,C:\Users\szymon\QuditsOnQubits\QuditsOnQubits\basis_direct_encoding_benchmarks\quantum_circuits\ame43\monomial_full__sup012_P201_ph221\basis_change_gate.qpy,C:\Users\szymon\QuditsOnQubits\QuditsOnQubits\basis_direct_encoding_benchmarks\quantum_circuits\ame43\monomial_full__sup012_P201_ph221\W.npy
direct_basis_encoding,ame43,ame43,ame43,ame43,4,4,8,sup012_P201_ph222,monomial,monomial_full,sup012_P201_ph222,True,True,86,202,288,183,,,1.338585,True,False,ok,,Converted from legacy E_new = E_Z @ W candidate.; Fidelity skipped because transpiled circuit has 128 qubits.,183,210.2,11.98,288,330.7,86,100.5,128,"{'rz': 76, 'cz': 70, 'sx': 69, 'rx': 57, 'rzz': 16}",10,10,0,C:\Users\szymon\QuditsOnQubits\QuditsOnQubits\basis_direct_encoding_benchmarks\quantum_circuits\ame43\monomial_full__sup012_P201_ph222,C:\Users\szymon\QuditsOnQubits\QuditsOnQubits\basis_direct_encoding_benchmarks\quantum_circuits\ame43\monomial_full__sup012_P201_ph222\F3_W.qpy,C:\Users\szymon\QuditsOnQubits\QuditsOnQubits\basis_direct_encoding_benchmarks\quantum_circuits\ame43\monomial_full__sup012_P201_ph222\CZ3_W.qpy,C:\Users\szymon\QuditsOnQubits\QuditsOnQubits\basis_direct_encoding_benchmarks\quantum_circuits\ame43\monomial_full__sup012_P201_ph222\graph_state_direct_basis.qpy,C:\Users\szymon\QuditsOnQubits\QuditsOnQubits\basis_direct_encoding_benchmarks\quantum_circuits\ame43\monomial_full__sup012_P201_ph222\graph_state_direct_basis_transpiled.qpy,C:\Users\szymon\QuditsOnQubits\QuditsOnQubits\basis_direct_encoding_benchmarks\quantum_circuits\ame43\monomial_full__sup012_P201_ph222\basis_change_gate.qpy,C:\Users\szymon\QuditsOnQubits\QuditsOnQubits\basis_direct_encoding_benchmarks\quantum_circuits\ame43\monomial_full__sup012_P201_ph222\W.npy
direct_basis_encoding,ame43,ame43,ame43,ame43,4,4,8,sup012_P210_ph000,monomial,monomial_full,sup012_P210_ph000,True,True,100,196,296,199,,,1.49802,True,False,ok,,Converted from legacy E_new = E_Z @ W candidate.; Fidelity skipped because transpiled circuit has 128 qubits.,199,236.4,24.87,296,358.4,100,117.1,128,"{'sx': 101, 'cz': 99, 'rz': 53, 'rx': 42, 'rzz': 1}",10,10,0,C:\Users\szymon\QuditsOnQubits\QuditsOnQubits\basis_direct_encoding_benchmarks\quantum_circuits\ame43\monomial_full__sup012_P210_ph000,C:\Users\szymon\QuditsOnQubits\QuditsOnQubits\basis_direct_encoding_benchmarks\quantum_circuits\ame43\monomial_full__sup012_P210_ph000\F3_W.qpy,C:\Users\szymon\QuditsOnQubits\QuditsOnQubits\basis_direct_encoding_benchmarks\quantum_circuits\ame43\monomial_full__sup012_P210_ph000\CZ3_W.qpy,C:\Users\szymon\QuditsOnQubits\QuditsOnQubits\basis_direct_encoding_benchmarks\quantum_circuits\ame43\monomial_full__sup012_P210_ph000\graph_state_direct_basis.qpy,C:\Users\szymon\QuditsOnQubits\QuditsOnQubits\basis_direct_encoding_benchmarks\quantum_circuits\ame43\monomial_full__sup012_P210_ph000\graph_state_direct_basis_transpiled.qpy,C:\Users\szymon\QuditsOnQubits\QuditsOnQubits\basis_direct_encoding_benchmarks\quantum_circuits\ame43\monomial_full__sup012_P210_ph000\basis_change_gate.qpy,C:\Users\szymon\QuditsOnQubits\QuditsOnQubits\basis_direct_encoding_benchmarks\quantum_circuits\ame43\monomial_full__sup012_P210_ph000\W.npy
direct_basis_encoding,ame43,ame43,ame43,ame43,4,4,8,sup012_P210_ph001,monomial,monomial_full,sup012_P210_ph001,True,True,100,200,300,200,,,1.616954,True,False,ok,,Converted from legacy E_new = E_Z @ W candidate.; Fidelity skipped because transpiled circuit has 128 qubits.,200,237.2,24.87,300,365.6,100,117.1,128,"{'sx': 101, 'cz': 99, 'rz': 57, 'rx': 42, 'rzz': 1}",10,10,0,C:\Users\szymon\QuditsOnQubits\QuditsOnQubits\basis_direct_encoding_benchmarks\quantum_circuits\ame43\monomial_full__sup012_P210_ph001,C:\Users\szymon\QuditsOnQubits\QuditsOnQubits\basis_direct_encoding_benchmarks\quantum_circuits\ame43\monomial_full__sup012_P210_ph001\F3_W.qpy,C:\Users\szymon\QuditsOnQubits\QuditsOnQubits\basis_direct_encoding_benchmarks\quantum_circuits\ame43\monomial_full__sup012_P210_ph001\CZ3_W.qpy,C:\Users\szymon\QuditsOnQubits\QuditsOnQubits\basis_direct_encoding_benchmarks\quantum_circuits\ame43\monomial_full__sup012_P210_ph001\graph_state_direct_basis.qpy,C:\Users\szymon\QuditsOnQubits\QuditsOnQubits\basis_direct_encoding_benchmarks\quantum_circuits\ame43\monomial_full__sup012_P210_ph001\graph_state_direct_basis_transpiled.qpy,C:\Users\szymon\QuditsOnQubits\QuditsOnQubits\basis_direct_encoding_benchmarks\quantum_circuits\ame43\monomial_full__sup012_P210_ph001\basis_change_gate.qpy,C:\Users\szymon\QuditsOnQubits\QuditsOnQubits\basis_direct_encoding_benchmarks\quantum_circuits\ame43\monomial_full__sup012_P210_ph001\W.npy
direct_basis_encoding,ame43,ame43,ame43,ame43,4,4,8,sup012_P210_ph002,monomial,monomial_full,sup012_P210_ph002,True,True,100,199,299,200,,,1.659703,True,False,ok,,Converted from legacy E_new = E_Z @ W candidate.; Fidelity skipped because transpiled circuit has 128 qubits.,200,237.2,24.87,299,365.2,100,117.1,128,"{'sx': 101, 'cz': 99, 'rz': 57, 'rx': 41, 'rzz': 1}",10,10,0,C:\Users\szymon\QuditsOnQubits\QuditsOnQubits\basis_direct_encoding_benchmarks\quantum_circuits\ame43\monomial_full__sup012_P210_ph002,C:\Users\szymon\QuditsOnQubits\QuditsOnQubits\basis_direct_encoding_benchmarks\quantum_circuits\ame43\monomial_full__sup012_P210_ph002\F3_W.qpy,C:\Users\szymon\QuditsOnQubits\QuditsOnQubits\basis_direct_encoding_benchmarks\quantum_circuits\ame43\monomial_full__sup012_P210_ph002\CZ3_W.qpy,C:\Users\szymon\QuditsOnQubits\QuditsOnQubits\basis_direct_encoding_benchmarks\quantum_circuits\ame43\monomial_full__sup012_P210_ph002\graph_state_direct_basis.qpy,C:\Users\szymon\QuditsOnQubits\QuditsOnQubits\basis_direct_encoding_benchmarks\quantum_circuits\ame43\monomial_full__sup012_P210_ph002\graph_state_direct_basis_transpiled.qpy,C:\Users\szymon\QuditsOnQubits\QuditsOnQubits\basis_direct_encoding_benchmarks\quantum_circuits\ame43\monomial_full__sup012_P210_ph002\basis_change_gate.qpy,C:\Users\szymon\QuditsOnQubits\QuditsOnQubits\basis_direct_encoding_benchmarks\quantum_circuits\ame43\monomial_full__sup012_P210_ph002\W.npy
direct_basis_encoding,ame43,ame43,ame43,ame43,4,4,8,sup012_P210_ph010,monomial,monomial_full,sup012_P210_ph010,True,True,100,201,301,202,,,1.579376,True,False,ok,,Converted from legacy E_new = E_Z @ W candidate.; Fidelity skipped because transpiled circuit has 128 qubits.,202,237.6,24.19,301,365.0,100,117.1,128,"{'sx': 101, 'cz': 99, 'rz': 58, 'rx': 42, 'rzz': 1}",10,10,0,C:\Users\szymon\QuditsOnQubits\QuditsOnQubits\basis_direct_encoding_benchmarks\quantum_circuits\ame43\monomial_full__sup012_P210_ph010,C:\Users\szymon\QuditsOnQubits\QuditsOnQubits\basis_direct_encoding_benchmarks\quantum_circuits\ame43\monomial_full__sup012_P210_ph010\F3_W.qpy,C:\Users\szymon\QuditsOnQubits\QuditsOnQubits\basis_direct_encoding_benchmarks\quantum_circuits\ame43\monomial_full__sup012_P210_ph010\CZ3_W.qpy,C:\Users\szymon\QuditsOnQubits\QuditsOnQubits\basis_direct_encoding_benchmarks\quantum_circuits\ame43\monomial_full__sup012_P210_ph010\graph_state_direct_basis.qpy,C:\Users\szymon\QuditsOnQubits\QuditsOnQubits\basis_direct_encoding_benchmarks\quantum_circuits\ame43\monomial_full__sup012_P210_ph010\graph_state_direct_basis_transpiled.qpy,C:\Users\szymon\QuditsOnQubits\QuditsOnQubits\basis_direct_encoding_benchmarks\quantum_circuits\ame43\monomial_full__sup012_P210_ph010\basis_change_gate.qpy,C:\Users\szymon\QuditsOnQubits\QuditsOnQubits\basis_direct_encoding_benchmarks\quantum_circuits\ame43\monomial_full__sup012_P210_ph010\W.npy
direct_basis_encoding,ame43,ame43,ame43,ame43,4,4,8,sup012_P210_ph011,monomial,monomial_full,sup012_P210_ph011,True,True,100,203,303,203,,,1.648078,True,False,ok,,Converted from legacy E_new = E_Z @ W candidate.; Fidelity skipped because transpiled circuit has 128 qubits.,203,238.3,24.29,303,367.0,100,117.1,128,"{'sx': 101, 'cz': 99, 'rz': 60, 'rx': 42, 'rzz': 1}",10,10,0,C:\Users\szymon\QuditsOnQubits\QuditsOnQubits\basis_direct_encoding_benchmarks\quantum_circuits\ame43\monomial_full__sup012_P210_ph011,C:\Users\szymon\QuditsOnQubits\QuditsOnQubits\basis_direct_encoding_benchmarks\quantum_circuits\ame43\monomial_full__sup012_P210_ph011\F3_W.qpy,C:\Users\szymon\QuditsOnQubits\QuditsOnQubits\basis_direct_encoding_benchmarks\quantum_circuits\ame43\monomial_full__sup012_P210_ph011\CZ3_W.qpy,C:\Users\szymon\QuditsOnQubits\QuditsOnQubits\basis_direct_encoding_benchmarks\quantum_circuits\ame43\monomial_full__sup012_P210_ph011\graph_state_direct_basis.qpy,C:\Users\szymon\QuditsOnQubits\QuditsOnQubits\basis_direct_encoding_benchmarks\quantum_circuits\ame43\monomial_full__sup012_P210_ph011\graph_state_direct_basis_transpiled.qpy,C:\Users\szymon\QuditsOnQubits\QuditsOnQubits\basis_direct_encoding_benchmarks\quantum_circuits\ame43\monomial_full__sup012_P210_ph011\basis_change_gate.qpy,C:\Users\szymon\QuditsOnQubits\QuditsOnQubits\basis_direct_encoding_benchmarks\quantum_circuits\ame43\monomial_full__sup012_P210_ph011\W.npy
direct_basis_encoding,ame43,ame43,ame43,ame43,4,4,8,sup012_P210_ph012,monomial,monomial_full,sup012_P210_ph012,True,True,100,197,297,200,,,1.791633,True,False,ok,,Converted from legacy E_new = E_Z @ W candidate.; Fidelity skipped because transpiled circuit has 128 qubits.,200,237.1,24.97,297,360.3,100,117.1,128,"{'sx': 101, 'cz': 99, 'rz': 55, 'rx': 41, 'rzz': 1}",10,10,0,C:\Users\szymon\QuditsOnQubits\QuditsOnQubits\basis_direct_encoding_benchmarks\quantum_circuits\ame43\monomial_full__sup012_P210_ph012,C:\Users\szymon\QuditsOnQubits\QuditsOnQubits\basis_direct_encoding_benchmarks\quantum_circuits\ame43\monomial_full__sup012_P210_ph012\F3_W.qpy,C:\Users\szymon\QuditsOnQubits\QuditsOnQubits\basis_direct_encoding_benchmarks\quantum_circuits\ame43\monomial_full__sup012_P210_ph012\CZ3_W.qpy,C:\Users\szymon\QuditsOnQubits\QuditsOnQubits\basis_direct_encoding_benchmarks\quantum_circuits\ame43\monomial_full__sup012_P210_ph012\graph_state_direct_basis.qpy,C:\Users\szymon\QuditsOnQubits\QuditsOnQubits\basis_direct_encoding_benchmarks\quantum_circuits\ame43\monomial_full__sup012_P210_ph012\graph_state_direct_basis_transpiled.qpy,C:\Users\szymon\QuditsOnQubits\QuditsOnQubits\basis_direct_encoding_benchmarks\quantum_circuits\ame43\monomial_full__sup012_P210_ph012\basis_change_gate.qpy,C:\Users\szymon\QuditsOnQubits\QuditsOnQubits\basis_direct_encoding_benchmarks\quantum_circuits\ame43\monomial_full__sup012_P210_ph012\W.npy
direct_basis_encoding,ame43,ame43,ame43,ame43,4,4,8,sup012_P210_ph020,monomial,monomial_full,sup012_P210_ph020,True,True,100,201,301,202,,,1.73807,True,False,ok,,Converted from legacy E_new = E_Z @ W candidate.; Fidelity skipped because transpiled circuit has 128 qubits.,202,237.6,24.19,301,365.0,100,117.1,128,"{'sx': 101, 'cz': 99, 'rz': 58, 'rx': 42, 'rzz': 1}",10,10,0,C:\Users\szymon\QuditsOnQubits\QuditsOnQubits\basis_direct_encoding_benchmarks\quantum_circuits\ame43\monomial_full__sup012_P210_ph020,C:\Users\szymon\QuditsOnQubits\QuditsOnQubits\basis_direct_encoding_benchmarks\quantum_circuits\ame43\monomial_full__sup012_P210_ph020\F3_W.qpy,C:\Users\szymon\QuditsOnQubits\QuditsOnQubits\basis_direct_encoding_benchmarks\quantum_circuits\ame43\monomial_full__sup012_P210_ph020\CZ3_W.qpy,C:\Users\szymon\QuditsOnQubits\QuditsOnQubits\basis_direct_encoding_benchmarks\quantum_circuits\ame43\monomial_full__sup012_P210_ph020\graph_state_direct_basis.qpy,C:\Users\szymon\QuditsOnQubits\QuditsOnQubits\basis_direct_encoding_benchmarks\quantum_circuits\ame43\monomial_full__sup012_P210_ph020\graph_state_direct_basis_transpiled.qpy,C:\Users\szymon\QuditsOnQubits\QuditsOnQubits\basis_direct_encoding_benchmarks\quantum_circuits\ame43\monomial_full__sup012_P210_ph020\basis_change_gate.qpy,C:\Users\szymon\QuditsOnQubits\QuditsOnQubits\basis_direct_encoding_benchmarks\quantum_circuits\ame43\monomial_full__sup012_P210_ph020\W.npy
direct_basis_encoding,ame43,ame43,ame43,ame43,4,4,8,sup012_P210_ph021,monomial,monomial_full,sup012_P210_ph021,True,True,100,197,297,200,,,1.512516,True,False,ok,,Converted from legacy E_new = E_Z @ W candidate.; Fidelity skipped because transpiled circuit has 128 qubits.,200,237.1,24.97,297,360.1,100,117.1,128,"{'sx': 101, 'cz': 99, 'rz': 55, 'rx': 41, 'rzz': 1}",10,10,0,C:\Users\szymon\QuditsOnQubits\QuditsOnQubits\basis_direct_encoding_benchmarks\quantum_circuits\ame43\monomial_full__sup012_P210_ph021,C:\Users\szymon\QuditsOnQubits\QuditsOnQubits\basis_direct_encoding_benchmarks\quantum_circuits\ame43\monomial_full__sup012_P210_ph021\F3_W.qpy,C:\Users\szymon\QuditsOnQubits\QuditsOnQubits\basis_direct_encoding_benchmarks\quantum_circuits\ame43\monomial_full__sup012_P210_ph021\CZ3_W.qpy,C:\Users\szymon\QuditsOnQubits\QuditsOnQubits\basis_direct_encoding_benchmarks\quantum_circuits\ame43\monomial_full__sup012_P210_ph021\graph_state_direct_basis.qpy,C:\Users\szymon\QuditsOnQubits\QuditsOnQubits\basis_direct_encoding_benchmarks\quantum_circuits\ame43\monomial_full__sup012_P210_ph021\graph_state_direct_basis_transpiled.qpy,C:\Users\szymon\QuditsOnQubits\QuditsOnQubits\basis_direct_encoding_benchmarks\quantum_circuits\ame43\monomial_full__sup012_P210_ph021\basis_change_gate.qpy,C:\Users\szymon\QuditsOnQubits\QuditsOnQubits\basis_direct_encoding_benchmarks\quantum_circuits\ame43\monomial_full__sup012_P210_ph021\W.npy
direct_basis_encoding,ame43,ame43,ame43,ame43,4,4,8,sup012_P210_ph022,monomial,monomial_full,sup012_P210_ph022,True,True,100,202,302,203,,,1.553373,True,False,ok,,Converted from legacy E_new = E_Z @ W candidate.; Fidelity skipped because transpiled circuit has 128 qubits.,203,238.3,24.29,302,366.5,100,117.1,128,"{'sx': 101, 'cz': 99, 'rz': 60, 'rx': 41, 'rzz': 1}",10,10,0,C:\Users\szymon\QuditsOnQubits\QuditsOnQubits\basis_direct_encoding_benchmarks\quantum_circuits\ame43\monomial_full__sup012_P210_ph022,C:\Users\szymon\QuditsOnQubits\QuditsOnQubits\basis_direct_encoding_benchmarks\quantum_circuits\ame43\monomial_full__sup012_P210_ph022\F3_W.qpy,C:\Users\szymon\QuditsOnQubits\QuditsOnQubits\basis_direct_encoding_benchmarks\quantum_circuits\ame43\monomial_full__sup012_P210_ph022\CZ3_W.qpy,C:\Users\szymon\QuditsOnQubits\QuditsOnQubits\basis_direct_encoding_benchmarks\quantum_circuits\ame43\monomial_full__sup012_P210_ph022\graph_state_direct_basis.qpy,C:\Users\szymon\QuditsOnQubits\QuditsOnQubits\basis_direct_encoding_benchmarks\quantum_circuits\ame43\monomial_full__sup012_P210_ph022\graph_state_direct_basis_transpiled.qpy,C:\Users\szymon\QuditsOnQubits\QuditsOnQubits\basis_direct_encoding_benchmarks\quantum_circuits\ame43\monomial_full__sup012_P210_ph022\basis_change_gate.qpy,C:\Users\szymon\QuditsOnQubits\QuditsOnQubits\basis_direct_encoding_benchmarks\quantum_circuits\ame43\monomial_full__sup012_P210_ph022\W.npy
direct_basis_encoding,ame43,ame43,ame43,ame43,4,4,8,sup012_P210_ph100,monomial,monomial_full,sup012_P210_ph100,True,True,100,197,297,200,,,1.642828,True,False,ok,,Converted from legacy E_new = E_Z @ W candidate.; Fidelity skipped because transpiled circuit has 128 qubits.,200,237.1,24.97,297,360.1,100,117.1,128,"{'sx': 101, 'cz': 99, 'rz': 55, 'rx': 41, 'rzz': 1}",10,10,0,C:\Users\szymon\QuditsOnQubits\QuditsOnQubits\basis_direct_encoding_benchmarks\quantum_circuits\ame43\monomial_full__sup012_P210_ph100,C:\Users\szymon\QuditsOnQubits\QuditsOnQubits\basis_direct_encoding_benchmarks\quantum_circuits\ame43\monomial_full__sup012_P210_ph100\F3_W.qpy,C:\Users\szymon\QuditsOnQubits\QuditsOnQubits\basis_direct_encoding_benchmarks\quantum_circuits\ame43\monomial_full__sup012_P210_ph100\CZ3_W.qpy,C:\Users\szymon\QuditsOnQubits\QuditsOnQubits\basis_direct_encoding_benchmarks\quantum_circuits\ame43\monomial_full__sup012_P210_ph100\graph_state_direct_basis.qpy,C:\Users\szymon\QuditsOnQubits\QuditsOnQubits\basis_direct_encoding_benchmarks\quantum_circuits\ame43\monomial_full__sup012_P210_ph100\graph_state_direct_basis_transpiled.qpy,C:\Users\szymon\QuditsOnQubits\QuditsOnQubits\basis_direct_encoding_benchmarks\quantum_circuits\ame43\monomial_full__sup012_P210_ph100\basis_change_gate.qpy,C:\Users\szymon\QuditsOnQubits\QuditsOnQubits\basis_direct_encoding_benchmarks\quantum_circuits\ame43\monomial_full__sup012_P210_ph100\W.npy
direct_basis_encoding,ame43,ame43,ame43,ame43,4,4,8,sup012_P210_ph101,monomial,monomial_full,sup012_P210_ph101,True,True,100,201,301,203,,,1.592358,True,False,ok,,Converted from legacy E_new = E_Z @ W candidate.; Fidelity skipped because transpiled circuit has 128 qubits.,203,238.1,24.36,301,365.6,100,117.1,128,"{'sx': 101, 'cz': 99, 'rz': 59, 'rx': 41, 'rzz': 1}",10,10,0,C:\Users\szymon\QuditsOnQubits\QuditsOnQubits\basis_direct_encoding_benchmarks\quantum_circuits\ame43\monomial_full__sup012_P210_ph101,C:\Users\szymon\QuditsOnQubits\QuditsOnQubits\basis_direct_encoding_benchmarks\quantum_circuits\ame43\monomial_full__sup012_P210_ph101\F3_W.qpy,C:\Users\szymon\QuditsOnQubits\QuditsOnQubits\basis_direct_encoding_benchmarks\quantum_circuits\ame43\monomial_full__sup012_P210_ph101\CZ3_W.qpy,C:\Users\szymon\QuditsOnQubits\QuditsOnQubits\basis_direct_encoding_benchmarks\quantum_circuits\ame43\monomial_full__sup012_P210_ph101\graph_state_direct_basis.qpy,C:\Users\szymon\QuditsOnQubits\QuditsOnQubits\basis_direct_encoding_benchmarks\quantum_circuits\ame43\monomial_full__sup012_P210_ph101\graph_state_direct_basis_transpiled.qpy,C:\Users\szymon\QuditsOnQubits\QuditsOnQubits\basis_direct_encoding_benchmarks\quantum_circuits\ame43\monomial_full__sup012_P210_ph101\basis_change_gate.qpy,C:\Users\szymon\QuditsOnQubits\QuditsOnQubits\basis_direct_encoding_benchmarks\quantum_circuits\ame43\monomial_full__sup012_P210_ph101\W.npy
direct_basis_encoding,ame43,ame43,ame43,ame43,4,4,8,sup012_P210_ph102,monomial,monomial_full,sup012_P210_ph102,True,True,100,202,302,202,,,1.598205,True,False,ok,,Converted from legacy E_new = E_Z @ W candidate.; Fidelity skipped because transpiled circuit has 128 qubits.,202,237.6,24.19,302,365.6,100,117.1,128,"{'sx': 101, 'cz': 99, 'rz': 59, 'rx': 42, 'rzz': 1}",10,10,0,C:\Users\szymon\QuditsOnQubits\QuditsOnQubits\basis_direct_encoding_benchmarks\quantum_circuits\ame43\monomial_full__sup012_P210_ph102,C:\Users\szymon\QuditsOnQubits\QuditsOnQubits\basis_direct_encoding_benchmarks\quantum_circuits\ame43\monomial_full__sup012_P210_ph102\F3_W.qpy,C:\Users\szymon\QuditsOnQubits\QuditsOnQubits\basis_direct_encoding_benchmarks\quantum_circuits\ame43\monomial_full__sup012_P210_ph102\CZ3_W.qpy,C:\Users\szymon\QuditsOnQubits\QuditsOnQubits\basis_direct_encoding_benchmarks\quantum_circuits\ame43\monomial_full__sup012_P210_ph102\graph_state_direct_basis.qpy,C:\Users\szymon\QuditsOnQubits\QuditsOnQubits\basis_direct_encoding_benchmarks\quantum_circuits\ame43\monomial_full__sup012_P210_ph102\graph_state_direct_basis_transpiled.qpy,C:\Users\szymon\QuditsOnQubits\QuditsOnQubits\basis_direct_encoding_benchmarks\quantum_circuits\ame43\monomial_full__sup012_P210_ph102\basis_change_gate.qpy,C:\Users\szymon\QuditsOnQubits\QuditsOnQubits\basis_direct_encoding_benchmarks\quantum_circuits\ame43\monomial_full__sup012_P210_ph102\W.npy
direct_basis_encoding,ame43,ame43,ame43,ame43,4,4,8,sup012_P210_ph110,monomial,monomial_full,sup012_P210_ph110,True,True,100,200,300,200,,,1.689089,True,False,ok,,Converted from legacy E_new = E_Z @ W candidate.; Fidelity skipped because transpiled circuit has 128 qubits.,200,237.0,24.93,300,365.1,100,117.1,128,"{'sx': 101, 'cz': 99, 'rz': 57, 'rx': 42, 'rzz': 1}",10,10,0,C:\Users\szymon\QuditsOnQubits\QuditsOnQubits\basis_direct_encoding_benchmarks\quantum_circuits\ame43\monomial_full__sup012_P210_ph110,C:\Users\szymon\QuditsOnQubits\QuditsOnQubits\basis_direct_encoding_benchmarks\quantum_circuits\ame43\monomial_full__sup012_P210_ph110\F3_W.qpy,C:\Users\szymon\QuditsOnQubits\QuditsOnQubits\basis_direct_encoding_benchmarks\quantum_circuits\ame43\monomial_full__sup012_P210_ph110\CZ3_W.qpy,C:\Users\szymon\QuditsOnQubits\QuditsOnQubits\basis_direct_encoding_benchmarks\quantum_circuits\ame43\monomial_full__sup012_P210_ph110\graph_state_direct_basis.qpy,C:\Users\szymon\QuditsOnQubits\QuditsOnQubits\basis_direct_encoding_benchmarks\quantum_circuits\ame43\monomial_full__sup012_P210_ph110\graph_state_direct_basis_transpiled.qpy,C:\Users\szymon\QuditsOnQubits\QuditsOnQubits\basis_direct_encoding_benchmarks\quantum_circuits\ame43\monomial_full__sup012_P210_ph110\basis_change_gate.qpy,C:\Users\szymon\QuditsOnQubits\QuditsOnQubits\basis_direct_encoding_benchmarks\quantum_circuits\ame43\monomial_full__sup012_P210_ph110\W.npy
direct_basis_encoding,ame43,ame43,ame43,ame43,4,4,8,sup012_P210_ph111,monomial,monomial_full,sup012_P210_ph111,True,True,100,199,299,200,,,1.863566,True,False,ok,,Converted from legacy E_new = E_Z @ W candidate.; Fidelity skipped because transpiled circuit has 128 qubits.,200,237.2,24.87,299,364.7,100,117.1,128,"{'sx': 101, 'cz': 99, 'rz': 56, 'rx': 42, 'rzz': 1}",10,10,0,C:\Users\szymon\QuditsOnQubits\QuditsOnQubits\basis_direct_encoding_benchmarks\quantum_circuits\ame43\monomial_full__sup012_P210_ph111,C:\Users\szymon\QuditsOnQubits\QuditsOnQubits\basis_direct_encoding_benchmarks\quantum_circuits\ame43\monomial_full__sup012_P210_ph111\F3_W.qpy,C:\Users\szymon\QuditsOnQubits\QuditsOnQubits\basis_direct_encoding_benchmarks\quantum_circuits\ame43\monomial_full__sup012_P210_ph111\CZ3_W.qpy,C:\Users\szymon\QuditsOnQubits\QuditsOnQubits\basis_direct_encoding_benchmarks\quantum_circuits\ame43\monomial_full__sup012_P210_ph111\graph_state_direct_basis.qpy,C:\Users\szymon\QuditsOnQubits\QuditsOnQubits\basis_direct_encoding_benchmarks\quantum_circuits\ame43\monomial_full__sup012_P210_ph111\graph_state_direct_basis_transpiled.qpy,C:\Users\szymon\QuditsOnQubits\QuditsOnQubits\basis_direct_encoding_benchmarks\quantum_circuits\ame43\monomial_full__sup012_P210_ph111\basis_change_gate.qpy,C:\Users\szymon\QuditsOnQubits\QuditsOnQubits\basis_direct_encoding_benchmarks\quantum_circuits\ame43\monomial_full__sup012_P210_ph111\W.npy
direct_basis_encoding,ame43,ame43,ame43,ame43,4,4,8,sup012_P210_ph112,monomial,monomial_full,sup012_P210_ph112,True,True,100,196,296,199,,,1.59802,True,False,ok,,Converted from legacy E_new = E_Z @ W candidate.; Fidelity skipped because transpiled circuit has 128 qubits.,199,236.4,24.87,296,358.6,100,117.1,128,"{'sx': 101, 'cz': 99, 'rz': 54, 'rx': 41, 'rzz': 1}",10,10,0,C:\Users\szymon\QuditsOnQubits\QuditsOnQubits\basis_direct_encoding_benchmarks\quantum_circuits\ame43\monomial_full__sup012_P210_ph112,C:\Users\szymon\QuditsOnQubits\QuditsOnQubits\basis_direct_encoding_benchmarks\quantum_circuits\ame43\monomial_full__sup012_P210_ph112\F3_W.qpy,C:\Users\szymon\QuditsOnQubits\QuditsOnQubits\basis_direct_encoding_benchmarks\quantum_circuits\ame43\monomial_full__sup012_P210_ph112\CZ3_W.qpy,C:\Users\szymon\QuditsOnQubits\QuditsOnQubits\basis_direct_encoding_benchmarks\quantum_circuits\ame43\monomial_full__sup012_P210_ph112\graph_state_direct_basis.qpy,C:\Users\szymon\QuditsOnQubits\QuditsOnQubits\basis_direct_encoding_benchmarks\quantum_circuits\ame43\monomial_full__sup012_P210_ph112\graph_state_direct_basis_transpiled.qpy,C:\Users\szymon\QuditsOnQubits\QuditsOnQubits\basis_direct_encoding_benchmarks\quantum_circuits\ame43\monomial_full__sup012_P210_ph112\basis_change_gate.qpy,C:\Users\szymon\QuditsOnQubits\QuditsOnQubits\basis_direct_encoding_benchmarks\quantum_circuits\ame43\monomial_full__sup012_P210_ph112\W.npy
direct_basis_encoding,ame43,ame43,ame43,ame43,4,4,8,sup012_P210_ph120,monomial,monomial_full,sup012_P210_ph120,True,True,100,203,303,203,,,1.960366,True,False,ok,,Converted from legacy E_new = E_Z @ W candidate.; Fidelity skipped because transpiled circuit has 128 qubits.,203,238.3,24.29,303,367.0,100,117.1,128,"{'sx': 101, 'cz': 99, 'rz': 60, 'rx': 42, 'rzz': 1}",10,10,0,C:\Users\szymon\QuditsOnQubits\QuditsOnQubits\basis_direct_encoding_benchmarks\quantum_circuits\ame43\monomial_full__sup012_P210_ph120,C:\Users\szymon\QuditsOnQubits\QuditsOnQubits\basis_direct_encoding_benchmarks\quantum_circuits\ame43\monomial_full__sup012_P210_ph120\F3_W.qpy,C:\Users\szymon\QuditsOnQubits\QuditsOnQubits\basis_direct_encoding_benchmarks\quantum_circuits\ame43\monomial_full__sup012_P210_ph120\CZ3_W.qpy,C:\Users\szymon\QuditsOnQubits\QuditsOnQubits\basis_direct_encoding_benchmarks\quantum_circuits\ame43\monomial_full__sup012_P210_ph120\graph_state_direct_basis.qpy,C:\Users\szymon\QuditsOnQubits\QuditsOnQubits\basis_direct_encoding_benchmarks\quantum_circuits\ame43\monomial_full__sup012_P210_ph120\graph_state_direct_basis_transpiled.qpy,C:\Users\szymon\QuditsOnQubits\QuditsOnQubits\basis_direct_encoding_benchmarks\quantum_circuits\ame43\monomial_full__sup012_P210_ph120\basis_change_gate.qpy,C:\Users\szymon\QuditsOnQubits\QuditsOnQubits\basis_direct_encoding_benchmarks\quantum_circuits\ame43\monomial_full__sup012_P210_ph120\W.npy
direct_basis_encoding,ame43,ame43,ame43,ame43,4,4,8,sup012_P210_ph121,monomial,monomial_full,sup012_P210_ph121,True,True,100,197,297,200,,,1.59122,True,False,ok,,Converted from legacy E_new = E_Z @ W candidate.; Fidelity skipped because transpiled circuit has 128 qubits.,200,237.1,24.97,297,359.9,100,117.1,128,"{'sx': 101, 'cz': 99, 'rz': 54, 'rx': 42, 'rzz': 1}",10,10,0,C:\Users\szymon\QuditsOnQubits\QuditsOnQubits\basis_direct_encoding_benchmarks\quantum_circuits\ame43\monomial_full__sup012_P210_ph121,C:\Users\szymon\QuditsOnQubits\QuditsOnQubits\basis_direct_encoding_benchmarks\quantum_circuits\ame43\monomial_full__sup012_P210_ph121\F3_W.qpy,C:\Users\szymon\QuditsOnQubits\QuditsOnQubits\basis_direct_encoding_benchmarks\quantum_circuits\ame43\monomial_full__sup012_P210_ph121\CZ3_W.qpy,C:\Users\szymon\QuditsOnQubits\QuditsOnQubits\basis_direct_encoding_benchmarks\quantum_circuits\ame43\monomial_full__sup012_P210_ph121\graph_state_direct_basis.qpy,C:\Users\szymon\QuditsOnQubits\QuditsOnQubits\basis_direct_encoding_benchmarks\quantum_circuits\ame43\monomial_full__sup012_P210_ph121\graph_state_direct_basis_transpiled.qpy,C:\Users\szymon\QuditsOnQubits\QuditsOnQubits\basis_direct_encoding_benchmarks\quantum_circuits\ame43\monomial_full__sup012_P210_ph121\basis_change_gate.qpy,C:\Users\szymon\QuditsOnQubits\QuditsOnQubits\basis_direct_encoding_benchmarks\quantum_circuits\ame43\monomial_full__sup012_P210_ph121\W.npy
direct_basis_encoding,ame43,ame43,ame43,ame43,4,4,8,sup012_P210_ph122,monomial,monomial_full,sup012_P210_ph122,True,True,100,201,301,202,,,1.542867,True,False,ok,,Converted from legacy E_new = E_Z @ W candidate.; Fidelity skipped because transpiled circuit has 128 qubits.,202,237.6,24.19,301,365.2,100,117.1,128,"{'sx': 101, 'cz': 99, 'rz': 59, 'rx': 41, 'rzz': 1}",10,10,0,C:\Users\szymon\QuditsOnQubits\QuditsOnQubits\basis_direct_encoding_benchmarks\quantum_circuits\ame43\monomial_full__sup012_P210_ph122,C:\Users\szymon\QuditsOnQubits\QuditsOnQubits\basis_direct_encoding_benchmarks\quantum_circuits\ame43\monomial_full__sup012_P210_ph122\F3_W.qpy,C:\Users\szymon\QuditsOnQubits\QuditsOnQubits\basis_direct_encoding_benchmarks\quantum_circuits\ame43\monomial_full__sup012_P210_ph122\CZ3_W.qpy,C:\Users\szymon\QuditsOnQubits\QuditsOnQubits\basis_direct_encoding_benchmarks\quantum_circuits\ame43\monomial_full__sup012_P210_ph122\graph_state_direct_basis.qpy,C:\Users\szymon\QuditsOnQubits\QuditsOnQubits\basis_direct_encoding_benchmarks\quantum_circuits\ame43\monomial_full__sup012_P210_ph122\graph_state_direct_basis_transpiled.qpy,C:\Users\szymon\QuditsOnQubits\QuditsOnQubits\basis_direct_encoding_benchmarks\quantum_circuits\ame43\monomial_full__sup012_P210_ph122\basis_change_gate.qpy,C:\Users\szymon\QuditsOnQubits\QuditsOnQubits\basis_direct_encoding_benchmarks\quantum_circuits\ame43\monomial_full__sup012_P210_ph122\W.npy
direct_basis_encoding,ame43,ame43,ame43,ame43,4,4,8,sup012_P210_ph200,monomial,monomial_full,sup012_P210_ph200,True,True,100,197,297,200,,,1.474063,True,False,ok,,Converted from legacy E_new = E_Z @ W candidate.; Fidelity skipped because transpiled circuit has 128 qubits.,200,237.1,24.97,297,360.2,100,117.1,128,"{'sx': 101, 'cz': 99, 'rz': 55, 'rx': 41, 'rzz': 1}",10,10,0,C:\Users\szymon\QuditsOnQubits\QuditsOnQubits\basis_direct_encoding_benchmarks\quantum_circuits\ame43\monomial_full__sup012_P210_ph200,C:\Users\szymon\QuditsOnQubits\QuditsOnQubits\basis_direct_encoding_benchmarks\quantum_circuits\ame43\monomial_full__sup012_P210_ph200\F3_W.qpy,C:\Users\szymon\QuditsOnQubits\QuditsOnQubits\basis_direct_encoding_benchmarks\quantum_circuits\ame43\monomial_full__sup012_P210_ph200\CZ3_W.qpy,C:\Users\szymon\QuditsOnQubits\QuditsOnQubits\basis_direct_encoding_benchmarks\quantum_circuits\ame43\monomial_full__sup012_P210_ph200\graph_state_direct_basis.qpy,C:\Users\szymon\QuditsOnQubits\QuditsOnQubits\basis_direct_encoding_benchmarks\quantum_circuits\ame43\monomial_full__sup012_P210_ph200\graph_state_direct_basis_transpiled.qpy,C:\Users\szymon\QuditsOnQubits\QuditsOnQubits\basis_direct_encoding_benchmarks\quantum_circuits\ame43\monomial_full__sup012_P210_ph200\basis_change_gate.qpy,C:\Users\szymon\QuditsOnQubits\QuditsOnQubits\basis_direct_encoding_benchmarks\quantum_circuits\ame43\monomial_full__sup012_P210_ph200\W.npy
direct_basis_encoding,ame43,ame43,ame43,ame43,4,4,8,sup012_P210_ph201,monomial,monomial_full,sup012_P210_ph201,True,True,100,201,301,202,,,1.73969,True,False,ok,,Converted from legacy E_new = E_Z @ W candidate.; Fidelity skipped because transpiled circuit has 128 qubits.,202,237.4,24.26,301,364.9,100,117.1,128,"{'sx': 101, 'cz': 99, 'rz': 59, 'rx': 41, 'rzz': 1}",10,10,0,C:\Users\szymon\QuditsOnQubits\QuditsOnQubits\basis_direct_encoding_benchmarks\quantum_circuits\ame43\monomial_full__sup012_P210_ph201,C:\Users\szymon\QuditsOnQubits\QuditsOnQubits\basis_direct_encoding_benchmarks\quantum_circuits\ame43\monomial_full__sup012_P210_ph201\F3_W.qpy,C:\Users\szymon\QuditsOnQubits\QuditsOnQubits\basis_direct_encoding_benchmarks\quantum_circuits\ame43\monomial_full__sup012_P210_ph201\CZ3_W.qpy,C:\Users\szymon\QuditsOnQubits\QuditsOnQubits\basis_direct_encoding_benchmarks\quantum_circuits\ame43\monomial_full__sup012_P210_ph201\graph_state_direct_basis.qpy,C:\Users\szymon\QuditsOnQubits\QuditsOnQubits\basis_direct_encoding_benchmarks\quantum_circuits\ame43\monomial_full__sup012_P210_ph201\graph_state_direct_basis_transpiled.qpy,C:\Users\szymon\QuditsOnQubits\QuditsOnQubits\basis_direct_encoding_benchmarks\quantum_circuits\ame43\monomial_full__sup012_P210_ph201\basis_change_gate.qpy,C:\Users\szymon\QuditsOnQubits\QuditsOnQubits\basis_direct_encoding_benchmarks\quantum_circuits\ame43\monomial_full__sup012_P210_ph201\W.npy
direct_basis_encoding,ame43,ame43,ame43,ame43,4,4,8,sup012_P210_ph202,monomial,monomial_full,sup012_P210_ph202,True,True,100,201,301,203,,,1.50233,True,False,ok,,Converted from legacy E_new = E_Z @ W candidate.; Fidelity skipped because transpiled circuit has 128 qubits.,203,238.3,24.29,301,366.0,100,117.1,128,"{'sx': 101, 'cz': 99, 'rz': 59, 'rx': 41, 'rzz': 1}",10,10,0,C:\Users\szymon\QuditsOnQubits\QuditsOnQubits\basis_direct_encoding_benchmarks\quantum_circuits\ame43\monomial_full__sup012_P210_ph202,C:\Users\szymon\QuditsOnQubits\QuditsOnQubits\basis_direct_encoding_benchmarks\quantum_circuits\ame43\monomial_full__sup012_P210_ph202\F3_W.qpy,C:\Users\szymon\QuditsOnQubits\QuditsOnQubits\basis_direct_encoding_benchmarks\quantum_circuits\ame43\monomial_full__sup012_P210_ph202\CZ3_W.qpy,C:\Users\szymon\QuditsOnQubits\QuditsOnQubits\basis_direct_encoding_benchmarks\quantum_circuits\ame43\monomial_full__sup012_P210_ph202\graph_state_direct_basis.qpy,C:\Users\szymon\QuditsOnQubits\QuditsOnQubits\basis_direct_encoding_benchmarks\quantum_circuits\ame43\monomial_full__sup012_P210_ph202\graph_state_direct_basis_transpiled.qpy,C:\Users\szymon\QuditsOnQubits\QuditsOnQubits\basis_direct_encoding_benchmarks\quantum_circuits\ame43\monomial_full__sup012_P210_ph202\basis_change_gate.qpy,C:\Users\szymon\QuditsOnQubits\QuditsOnQubits\basis_direct_encoding_benchmarks\quantum_circuits\ame43\monomial_full__sup012_P210_ph202\W.npy
direct_basis_encoding,ame43,ame43,ame43,ame43,4,4,8,sup012_P210_ph210,monomial,monomial_full,sup012_P210_ph210,True,True,100,202,302,203,,,1.555429,True,False,ok,,Converted from legacy E_new = E_Z @ W candidate.; Fidelity skipped because transpiled circuit has 128 qubits.,203,238.3,24.29,302,366.6,100,117.1,128,"{'sx': 101, 'cz': 99, 'rz': 60, 'rx': 41, 'rzz': 1}",10,10,0,C:\Users\szymon\QuditsOnQubits\QuditsOnQubits\basis_direct_encoding_benchmarks\quantum_circuits\ame43\monomial_full__sup012_P210_ph210,C:\Users\szymon\QuditsOnQubits\QuditsOnQubits\basis_direct_encoding_benchmarks\quantum_circuits\ame43\monomial_full__sup012_P210_ph210\F3_W.qpy,C:\Users\szymon\QuditsOnQubits\QuditsOnQubits\basis_direct_encoding_benchmarks\quantum_circuits\ame43\monomial_full__sup012_P210_ph210\CZ3_W.qpy,C:\Users\szymon\QuditsOnQubits\QuditsOnQubits\basis_direct_encoding_benchmarks\quantum_circuits\ame43\monomial_full__sup012_P210_ph210\graph_state_direct_basis.qpy,C:\Users\szymon\QuditsOnQubits\QuditsOnQubits\basis_direct_encoding_benchmarks\quantum_circuits\ame43\monomial_full__sup012_P210_ph210\graph_state_direct_basis_transpiled.qpy,C:\Users\szymon\QuditsOnQubits\QuditsOnQubits\basis_direct_encoding_benchmarks\quantum_circuits\ame43\monomial_full__sup012_P210_ph210\basis_change_gate.qpy,C:\Users\szymon\QuditsOnQubits\QuditsOnQubits\basis_direct_encoding_benchmarks\quantum_circuits\ame43\monomial_full__sup012_P210_ph210\W.npy
direct_basis_encoding,ame43,ame43,ame43,ame43,4,4,8,sup012_P210_ph211,monomial,monomial_full,sup012_P210_ph211,True,True,100,201,301,202,,,1.686433,True,False,ok,,Converted from legacy E_new = E_Z @ W candidate.; Fidelity skipped because transpiled circuit has 128 qubits.,202,237.6,24.19,301,365.4,100,117.1,128,"{'sx': 101, 'cz': 99, 'rz': 59, 'rx': 41, 'rzz': 1}",10,10,0,C:\Users\szymon\QuditsOnQubits\QuditsOnQubits\basis_direct_encoding_benchmarks\quantum_circuits\ame43\monomial_full__sup012_P210_ph211,C:\Users\szymon\QuditsOnQubits\QuditsOnQubits\basis_direct_encoding_benchmarks\quantum_circuits\ame43\monomial_full__sup012_P210_ph211\F3_W.qpy,C:\Users\szymon\QuditsOnQubits\QuditsOnQubits\basis_direct_encoding_benchmarks\quantum_circuits\ame43\monomial_full__sup012_P210_ph211\CZ3_W.qpy,C:\Users\szymon\QuditsOnQubits\QuditsOnQubits\basis_direct_encoding_benchmarks\quantum_circuits\ame43\monomial_full__sup012_P210_ph211\graph_state_direct_basis.qpy,C:\Users\szymon\QuditsOnQubits\QuditsOnQubits\basis_direct_encoding_benchmarks\quantum_circuits\ame43\monomial_full__sup012_P210_ph211\graph_state_direct_basis_transpiled.qpy,C:\Users\szymon\QuditsOnQubits\QuditsOnQubits\basis_direct_encoding_benchmarks\quantum_circuits\ame43\monomial_full__sup012_P210_ph211\basis_change_gate.qpy,C:\Users\szymon\QuditsOnQubits\QuditsOnQubits\basis_direct_encoding_benchmarks\quantum_circuits\ame43\monomial_full__sup012_P210_ph211\W.npy
direct_basis_encoding,ame43,ame43,ame43,ame43,4,4,8,sup012_P210_ph212,monomial,monomial_full,sup012_P210_ph212,True,True,100,197,297,200,,,1.672168,True,False,ok,,Converted from legacy E_new = E_Z @ W candidate.; Fidelity skipped because transpiled circuit has 128 qubits.,200,236.9,25.03,297,359.3,100,117.1,128,"{'sx': 101, 'cz': 99, 'rz': 54, 'rx': 42, 'rzz': 1}",10,10,0,C:\Users\szymon\QuditsOnQubits\QuditsOnQubits\basis_direct_encoding_benchmarks\quantum_circuits\ame43\monomial_full__sup012_P210_ph212,C:\Users\szymon\QuditsOnQubits\QuditsOnQubits\basis_direct_encoding_benchmarks\quantum_circuits\ame43\monomial_full__sup012_P210_ph212\F3_W.qpy,C:\Users\szymon\QuditsOnQubits\QuditsOnQubits\basis_direct_encoding_benchmarks\quantum_circuits\ame43\monomial_full__sup012_P210_ph212\CZ3_W.qpy,C:\Users\szymon\QuditsOnQubits\QuditsOnQubits\basis_direct_encoding_benchmarks\quantum_circuits\ame43\monomial_full__sup012_P210_ph212\graph_state_direct_basis.qpy,C:\Users\szymon\QuditsOnQubits\QuditsOnQubits\basis_direct_encoding_benchmarks\quantum_circuits\ame43\monomial_full__sup012_P210_ph212\graph_state_direct_basis_transpiled.qpy,C:\Users\szymon\QuditsOnQubits\QuditsOnQubits\basis_direct_encoding_benchmarks\quantum_circuits\ame43\monomial_full__sup012_P210_ph212\basis_change_gate.qpy,C:\Users\szymon\QuditsOnQubits\QuditsOnQubits\basis_direct_encoding_benchmarks\quantum_circuits\ame43\monomial_full__sup012_P210_ph212\W.npy
direct_basis_encoding,ame43,ame43,ame43,ame43,4,4,8,sup012_P210_ph220,monomial,monomial_full,sup012_P210_ph220,True,True,100,200,300,200,,,1.694165,True,False,ok,,Converted from legacy E_new = E_Z @ W candidate.; Fidelity skipped because transpiled circuit has 128 qubits.,200,237.2,24.87,300,365.7,100,117.1,128,"{'sx': 101, 'cz': 99, 'rz': 57, 'rx': 42, 'rzz': 1}",10,10,0,C:\Users\szymon\QuditsOnQubits\QuditsOnQubits\basis_direct_encoding_benchmarks\quantum_circuits\ame43\monomial_full__sup012_P210_ph220,C:\Users\szymon\QuditsOnQubits\QuditsOnQubits\basis_direct_encoding_benchmarks\quantum_circuits\ame43\monomial_full__sup012_P210_ph220\F3_W.qpy,C:\Users\szymon\QuditsOnQubits\QuditsOnQubits\basis_direct_encoding_benchmarks\quantum_circuits\ame43\monomial_full__sup012_P210_ph220\CZ3_W.qpy,C:\Users\szymon\QuditsOnQubits\QuditsOnQubits\basis_direct_encoding_benchmarks\quantum_circuits\ame43\monomial_full__sup012_P210_ph220\graph_state_direct_basis.qpy,C:\Users\szymon\QuditsOnQubits\QuditsOnQubits\basis_direct_encoding_benchmarks\quantum_circuits\ame43\monomial_full__sup012_P210_ph220\graph_state_direct_basis_transpiled.qpy,C:\Users\szymon\QuditsOnQubits\QuditsOnQubits\basis_direct_encoding_benchmarks\quantum_circuits\ame43\monomial_full__sup012_P210_ph220\basis_change_gate.qpy,C:\Users\szymon\QuditsOnQubits\QuditsOnQubits\basis_direct_encoding_benchmarks\quantum_circuits\ame43\monomial_full__sup012_P210_ph220\W.npy
direct_basis_encoding,ame43,ame43,ame43,ame43,4,4,8,sup012_P210_ph221,monomial,monomial_full,sup012_P210_ph221,True,True,100,196,296,199,,,1.683362,True,False,ok,,Converted from legacy E_new = E_Z @ W candidate.; Fidelity skipped because transpiled circuit has 128 qubits.,199,236.4,24.87,296,358.8,100,117.1,128,"{'sx': 101, 'cz': 99, 'rz': 54, 'rx': 41, 'rzz': 1}",10,10,0,C:\Users\szymon\QuditsOnQubits\QuditsOnQubits\basis_direct_encoding_benchmarks\quantum_circuits\ame43\monomial_full__sup012_P210_ph221,C:\Users\szymon\QuditsOnQubits\QuditsOnQubits\basis_direct_encoding_benchmarks\quantum_circuits\ame43\monomial_full__sup012_P210_ph221\F3_W.qpy,C:\Users\szymon\QuditsOnQubits\QuditsOnQubits\basis_direct_encoding_benchmarks\quantum_circuits\ame43\monomial_full__sup012_P210_ph221\CZ3_W.qpy,C:\Users\szymon\QuditsOnQubits\QuditsOnQubits\basis_direct_encoding_benchmarks\quantum_circuits\ame43\monomial_full__sup012_P210_ph221\graph_state_direct_basis.qpy,C:\Users\szymon\QuditsOnQubits\QuditsOnQubits\basis_direct_encoding_benchmarks\quantum_circuits\ame43\monomial_full__sup012_P210_ph221\graph_state_direct_basis_transpiled.qpy,C:\Users\szymon\QuditsOnQubits\QuditsOnQubits\basis_direct_encoding_benchmarks\quantum_circuits\ame43\monomial_full__sup012_P210_ph221\basis_change_gate.qpy,C:\Users\szymon\QuditsOnQubits\QuditsOnQubits\basis_direct_encoding_benchmarks\quantum_circuits\ame43\monomial_full__sup012_P210_ph221\W.npy
direct_basis_encoding,ame43,ame43,ame43,ame43,4,4,8,sup012_P210_ph222,monomial,monomial_full,sup012_P210_ph222,True,True,100,198,298,200,,,1.578876,True,False,ok,,Converted from legacy E_new = E_Z @ W candidate.; Fidelity skipped because transpiled circuit has 128 qubits.,200,237.2,24.87,298,364.6,100,117.1,128,"{'sx': 101, 'cz': 99, 'rz': 56, 'rx': 41, 'rzz': 1}",10,10,0,C:\Users\szymon\QuditsOnQubits\QuditsOnQubits\basis_direct_encoding_benchmarks\quantum_circuits\ame43\monomial_full__sup012_P210_ph222,C:\Users\szymon\QuditsOnQubits\QuditsOnQubits\basis_direct_encoding_benchmarks\quantum_circuits\ame43\monomial_full__sup012_P210_ph222\F3_W.qpy,C:\Users\szymon\QuditsOnQubits\QuditsOnQubits\basis_direct_encoding_benchmarks\quantum_circuits\ame43\monomial_full__sup012_P210_ph222\CZ3_W.qpy,C:\Users\szymon\QuditsOnQubits\QuditsOnQubits\basis_direct_encoding_benchmarks\quantum_circuits\ame43\monomial_full__sup012_P210_ph222\graph_state_direct_basis.qpy,C:\Users\szymon\QuditsOnQubits\QuditsOnQubits\basis_direct_encoding_benchmarks\quantum_circuits\ame43\monomial_full__sup012_P210_ph222\graph_state_direct_basis_transpiled.qpy,C:\Users\szymon\QuditsOnQubits\QuditsOnQubits\basis_direct_encoding_benchmarks\quantum_circuits\ame43\monomial_full__sup012_P210_ph222\basis_change_gate.qpy,C:\Users\szymon\QuditsOnQubits\QuditsOnQubits\basis_direct_encoding_benchmarks\quantum_circuits\ame43\monomial_full__sup012_P210_ph222\W.npy
direct_basis_encoding,ame43,ame43,ame43,ame43,4,4,8,sup013_P012_ph000,monomial,monomial_full,sup013_P012_ph000,False,True,86,202,288,183,,,1.603869,True,False,ok,,Converted from legacy E_new 4x3 isometry candidate.; Fidelity skipped because transpiled circuit has 128 qubits.,183,212.5,12.09,288,331.5,86,100.5,128,"{'cz': 70, 'sx': 69, 'rz': 68, 'rx': 65, 'rzz': 16}",10,10,0,C:\Users\szymon\QuditsOnQubits\QuditsOnQubits\basis_direct_encoding_benchmarks\quantum_circuits\ame43\monomial_full__sup013_P012_ph000,C:\Users\szymon\QuditsOnQubits\QuditsOnQubits\basis_direct_encoding_benchmarks\quantum_circuits\ame43\monomial_full__sup013_P012_ph000\F3_W.qpy,C:\Users\szymon\QuditsOnQubits\QuditsOnQubits\basis_direct_encoding_benchmarks\quantum_circuits\ame43\monomial_full__sup013_P012_ph000\CZ3_W.qpy,C:\Users\szymon\QuditsOnQubits\QuditsOnQubits\basis_direct_encoding_benchmarks\quantum_circuits\ame43\monomial_full__sup013_P012_ph000\graph_state_direct_basis.qpy,C:\Users\szymon\QuditsOnQubits\QuditsOnQubits\basis_direct_encoding_benchmarks\quantum_circuits\ame43\monomial_full__sup013_P012_ph000\graph_state_direct_basis_transpiled.qpy,,C:\Users\szymon\QuditsOnQubits\QuditsOnQubits\basis_direct_encoding_benchmarks\quantum_circuits\ame43\monomial_full__sup013_P012_ph000\E.npy
direct_basis_encoding,ame43,ame43,ame43,ame43,4,4,8,sup013_P012_ph001,monomial,monomial_full,sup013_P012_ph001,False,True,86,211,297,185,,,1.507985,True,False,ok,,Converted from legacy E_new 4x3 isometry candidate.; Fidelity skipped because transpiled circuit has 128 qubits.,185,213.0,11.82,297,339.9,86,100.5,128,"{'rz': 78, 'cz': 70, 'sx': 69, 'rx': 64, 'rzz': 16}",10,10,0,C:\Users\szymon\QuditsOnQubits\QuditsOnQubits\basis_direct_encoding_benchmarks\quantum_circuits\ame43\monomial_full__sup013_P012_ph001,C:\Users\szymon\QuditsOnQubits\QuditsOnQubits\basis_direct_encoding_benchmarks\quantum_circuits\ame43\monomial_full__sup013_P012_ph001\F3_W.qpy,C:\Users\szymon\QuditsOnQubits\QuditsOnQubits\basis_direct_encoding_benchmarks\quantum_circuits\ame43\monomial_full__sup013_P012_ph001\CZ3_W.qpy,C:\Users\szymon\QuditsOnQubits\QuditsOnQubits\basis_direct_encoding_benchmarks\quantum_circuits\ame43\monomial_full__sup013_P012_ph001\graph_state_direct_basis.qpy,C:\Users\szymon\QuditsOnQubits\QuditsOnQubits\basis_direct_encoding_benchmarks\quantum_circuits\ame43\monomial_full__sup013_P012_ph001\graph_state_direct_basis_transpiled.qpy,,C:\Users\szymon\QuditsOnQubits\QuditsOnQubits\basis_direct_encoding_benchmarks\quantum_circuits\ame43\monomial_full__sup013_P012_ph001\E.npy
direct_basis_encoding,ame43,ame43,ame43,ame43,4,4,8,sup013_P012_ph002,monomial,monomial_full,sup013_P012_ph002,False,True,86,211,297,185,,,1.66436,True,False,ok,,Converted from legacy E_new 4x3 isometry candidate.; Fidelity skipped because transpiled circuit has 128 qubits.,185,213.0,11.82,297,339.8,86,100.5,128,"{'rz': 78, 'cz': 70, 'sx': 69, 'rx': 64, 'rzz': 16}",10,10,0,C:\Users\szymon\QuditsOnQubits\QuditsOnQubits\basis_direct_encoding_benchmarks\quantum_circuits\ame43\monomial_full__sup013_P012_ph002,C:\Users\szymon\QuditsOnQubits\QuditsOnQubits\basis_direct_encoding_benchmarks\quantum_circuits\ame43\monomial_full__sup013_P012_ph002\F3_W.qpy,C:\Users\szymon\QuditsOnQubits\QuditsOnQubits\basis_direct_encoding_benchmarks\quantum_circuits\ame43\monomial_full__sup013_P012_ph002\CZ3_W.qpy,C:\Users\szymon\QuditsOnQubits\QuditsOnQubits\basis_direct_encoding_benchmarks\quantum_circuits\ame43\monomial_full__sup013_P012_ph002\graph_state_direct_basis.qpy,C:\Users\szymon\QuditsOnQubits\QuditsOnQubits\basis_direct_encoding_benchmarks\quantum_circuits\ame43\monomial_full__sup013_P012_ph002\graph_state_direct_basis_transpiled.qpy,,C:\Users\szymon\QuditsOnQubits\QuditsOnQubits\basis_direct_encoding_benchmarks\quantum_circuits\ame43\monomial_full__sup013_P012_ph002\E.npy
direct_basis_encoding,ame43,ame43,ame43,ame43,4,4,8,sup013_P012_ph010,monomial,monomial_full,sup013_P012_ph010,False,True,86,208,294,185,,,1.767194,True,False,ok,,Converted from legacy E_new 4x3 isometry candidate.; Fidelity skipped because transpiled circuit has 128 qubits.,185,213.5,11.77,294,335.9,86,100.5,128,"{'rz': 74, 'cz': 70, 'sx': 69, 'rx': 65, 'rzz': 16}",10,10,0,C:\Users\szymon\QuditsOnQubits\QuditsOnQubits\basis_direct_encoding_benchmarks\quantum_circuits\ame43\monomial_full__sup013_P012_ph010,C:\Users\szymon\QuditsOnQubits\QuditsOnQubits\basis_direct_encoding_benchmarks\quantum_circuits\ame43\monomial_full__sup013_P012_ph010\F3_W.qpy,C:\Users\szymon\QuditsOnQubits\QuditsOnQubits\basis_direct_encoding_benchmarks\quantum_circuits\ame43\monomial_full__sup013_P012_ph010\CZ3_W.qpy,C:\Users\szymon\QuditsOnQubits\QuditsOnQubits\basis_direct_encoding_benchmarks\quantum_circuits\ame43\monomial_full__sup013_P012_ph010\graph_state_direct_basis.qpy,C:\Users\szymon\QuditsOnQubits\QuditsOnQubits\basis_direct_encoding_benchmarks\quantum_circuits\ame43\monomial_full__sup013_P012_ph010\graph_state_direct_basis_transpiled.qpy,,C:\Users\szymon\QuditsOnQubits\QuditsOnQubits\basis_direct_encoding_benchmarks\quantum_circuits\ame43\monomial_full__sup013_P012_ph010\E.npy
direct_basis_encoding,ame43,ame43,ame43,ame43,4,4,8,sup013_P012_ph011,monomial,monomial_full,sup013_P012_ph011,False,True,86,214,300,187,,,1.662476,True,False,ok,,Converted from legacy E_new 4x3 isometry candidate.; Fidelity skipped because transpiled circuit has 128 qubits.,187,213.9,11.43,300,342.8,86,100.5,128,"{'rz': 80, 'cz': 70, 'sx': 69, 'rx': 65, 'rzz': 16}",10,10,0,C:\Users\szymon\QuditsOnQubits\QuditsOnQubits\basis_direct_encoding_benchmarks\quantum_circuits\ame43\monomial_full__sup013_P012_ph011,C:\Users\szymon\QuditsOnQubits\QuditsOnQubits\basis_direct_encoding_benchmarks\quantum_circuits\ame43\monomial_full__sup013_P012_ph011\F3_W.qpy,C:\Users\szymon\QuditsOnQubits\QuditsOnQubits\basis_direct_encoding_benchmarks\quantum_circuits\ame43\monomial_full__sup013_P012_ph011\CZ3_W.qpy,C:\Users\szymon\QuditsOnQubits\QuditsOnQubits\basis_direct_encoding_benchmarks\quantum_circuits\ame43\monomial_full__sup013_P012_ph011\graph_state_direct_basis.qpy,C:\Users\szymon\QuditsOnQubits\QuditsOnQubits\basis_direct_encoding_benchmarks\quantum_circuits\ame43\monomial_full__sup013_P012_ph011\graph_state_direct_basis_transpiled.qpy,,C:\Users\szymon\QuditsOnQubits\QuditsOnQubits\basis_direct_encoding_benchmarks\quantum_circuits\ame43\monomial_full__sup013_P012_ph011\E.npy
direct_basis_encoding,ame43,ame43,ame43,ame43,4,4,8,sup013_P012_ph012,monomial,monomial_full,sup013_P012_ph012,False,True,86,215,301,187,,,1.968846,True,False,ok,,Converted from legacy E_new 4x3 isometry candidate.; Fidelity skipped because transpiled circuit has 128 qubits.,187,213.8,11.37,301,343.5,86,100.5,128,"{'rz': 81, 'cz': 70, 'sx': 69, 'rx': 65, 'rzz': 16}",10,10,0,C:\Users\szymon\QuditsOnQubits\QuditsOnQubits\basis_direct_encoding_benchmarks\quantum_circuits\ame43\monomial_full__sup013_P012_ph012,C:\Users\szymon\QuditsOnQubits\QuditsOnQubits\basis_direct_encoding_benchmarks\quantum_circuits\ame43\monomial_full__sup013_P012_ph012\F3_W.qpy,C:\Users\szymon\QuditsOnQubits\QuditsOnQubits\basis_direct_encoding_benchmarks\quantum_circuits\ame43\monomial_full__sup013_P012_ph012\CZ3_W.qpy,C:\Users\szymon\QuditsOnQubits\QuditsOnQubits\basis_direct_encoding_benchmarks\quantum_circuits\ame43\monomial_full__sup013_P012_ph012\graph_state_direct_basis.qpy,C:\Users\szymon\QuditsOnQubits\QuditsOnQubits\basis_direct_encoding_benchmarks\quantum_circuits\ame43\monomial_full__sup013_P012_ph012\graph_state_direct_basis_transpiled.qpy,,C:\Users\szymon\QuditsOnQubits\QuditsOnQubits\basis_direct_encoding_benchmarks\quantum_circuits\ame43\monomial_full__sup013_P012_ph012\E.npy
direct_basis_encoding,ame43,ame43,ame43,ame43,4,4,8,sup013_P012_ph020,monomial,monomial_full,sup013_P012_ph020,False,True,86,208,294,185,,,1.651639,True,False,ok,,Converted from legacy E_new 4x3 isometry candidate.; Fidelity skipped because transpiled circuit has 128 qubits.,185,213.5,11.77,294,335.9,86,100.5,128,"{'rz': 74, 'cz': 70, 'sx': 69, 'rx': 65, 'rzz': 16}",10,10,0,C:\Users\szymon\QuditsOnQubits\QuditsOnQubits\basis_direct_encoding_benchmarks\quantum_circuits\ame43\monomial_full__sup013_P012_ph020,C:\Users\szymon\QuditsOnQubits\QuditsOnQubits\basis_direct_encoding_benchmarks\quantum_circuits\ame43\monomial_full__sup013_P012_ph020\F3_W.qpy,C:\Users\szymon\QuditsOnQubits\QuditsOnQubits\basis_direct_encoding_benchmarks\quantum_circuits\ame43\monomial_full__sup013_P012_ph020\CZ3_W.qpy,C:\Users\szymon\QuditsOnQubits\QuditsOnQubits\basis_direct_encoding_benchmarks\quantum_circuits\ame43\monomial_full__sup013_P012_ph020\graph_state_direct_basis.qpy,C:\Users\szymon\QuditsOnQubits\QuditsOnQubits\basis_direct_encoding_benchmarks\quantum_circuits\ame43\monomial_full__sup013_P012_ph020\graph_state_direct_basis_transpiled.qpy,,C:\Users\szymon\QuditsOnQubits\QuditsOnQubits\basis_direct_encoding_benchmarks\quantum_circuits\ame43\monomial_full__sup013_P012_ph020\E.npy
direct_basis_encoding,ame43,ame43,ame43,ame43,4,4,8,sup013_P012_ph021,monomial,monomial_full,sup013_P012_ph021,False,True,86,215,301,187,,,1.755427,True,False,ok,,Converted from legacy E_new 4x3 isometry candidate.; Fidelity skipped because transpiled circuit has 128 qubits.,187,213.8,11.37,301,343.6,86,100.5,128,"{'rz': 81, 'cz': 70, 'sx': 69, 'rx': 65, 'rzz': 16}",10,10,0,C:\Users\szymon\QuditsOnQubits\QuditsOnQubits\basis_direct_encoding_benchmarks\quantum_circuits\ame43\monomial_full__sup013_P012_ph021,C:\Users\szymon\QuditsOnQubits\QuditsOnQubits\basis_direct_encoding_benchmarks\quantum_circuits\ame43\monomial_full__sup013_P012_ph021\F3_W.qpy,C:\Users\szymon\QuditsOnQubits\QuditsOnQubits\basis_direct_encoding_benchmarks\quantum_circuits\ame43\monomial_full__sup013_P012_ph021\CZ3_W.qpy,C:\Users\szymon\QuditsOnQubits\QuditsOnQubits\basis_direct_encoding_benchmarks\quantum_circuits\ame43\monomial_full__sup013_P012_ph021\graph_state_direct_basis.qpy,C:\Users\szymon\QuditsOnQubits\QuditsOnQubits\basis_direct_encoding_benchmarks\quantum_circuits\ame43\monomial_full__sup013_P012_ph021\graph_state_direct_basis_transpiled.qpy,,C:\Users\szymon\QuditsOnQubits\QuditsOnQubits\basis_direct_encoding_benchmarks\quantum_circuits\ame43\monomial_full__sup013_P012_ph021\E.npy
direct_basis_encoding,ame43,ame43,ame43,ame43,4,4,8,sup013_P012_ph022,monomial,monomial_full,sup013_P012_ph022,False,True,86,214,300,187,,,1.028541,True,False,ok,,Converted from legacy E_new 4x3 isometry candidate.; Fidelity skipped because transpiled circuit has 128 qubits.,187,213.9,11.43,300,342.0,86,100.5,128,"{'rz': 80, 'cz': 70, 'sx': 69, 'rx': 65, 'rzz': 16}",10,10,0,C:\Users\szymon\QuditsOnQubits\QuditsOnQubits\basis_direct_encoding_benchmarks\quantum_circuits\ame43\monomial_full__sup013_P012_ph022,C:\Users\szymon\QuditsOnQubits\QuditsOnQubits\basis_direct_encoding_benchmarks\quantum_circuits\ame43\monomial_full__sup013_P012_ph022\F3_W.qpy,C:\Users\szymon\QuditsOnQubits\QuditsOnQubits\basis_direct_encoding_benchmarks\quantum_circuits\ame43\monomial_full__sup013_P012_ph022\CZ3_W.qpy,C:\Users\szymon\QuditsOnQubits\QuditsOnQubits\basis_direct_encoding_benchmarks\quantum_circuits\ame43\monomial_full__sup013_P012_ph022\graph_state_direct_basis.qpy,C:\Users\szymon\QuditsOnQubits\QuditsOnQubits\basis_direct_encoding_benchmarks\quantum_circuits\ame43\monomial_full__sup013_P012_ph022\graph_state_direct_basis_transpiled.qpy,,C:\Users\szymon\QuditsOnQubits\QuditsOnQubits\basis_direct_encoding_benchmarks\quantum_circuits\ame43\monomial_full__sup013_P012_ph022\E.npy
direct_basis_encoding,ame43,ame43,ame43,ame43,4,4,8,sup013_P012_ph100,monomial,monomial_full,sup013_P012_ph100,False,True,86,211,297,187,,,0.958118,True,False,ok,,Converted from legacy E_new 4x3 isometry candidate.; Fidelity skipped because transpiled circuit has 128 qubits.,187,213.8,11.37,297,341.3,86,100.5,128,"{'rz': 78, 'cz': 70, 'sx': 69, 'rx': 64, 'rzz': 16}",10,10,0,C:\Users\szymon\QuditsOnQubits\QuditsOnQubits\basis_direct_encoding_benchmarks\quantum_circuits\ame43\monomial_full__sup013_P012_ph100,C:\Users\szymon\QuditsOnQubits\QuditsOnQubits\basis_direct_encoding_benchmarks\quantum_circuits\ame43\monomial_full__sup013_P012_ph100\F3_W.qpy,C:\Users\szymon\QuditsOnQubits\QuditsOnQubits\basis_direct_encoding_benchmarks\quantum_circuits\ame43\monomial_full__sup013_P012_ph100\CZ3_W.qpy,C:\Users\szymon\QuditsOnQubits\QuditsOnQubits\basis_direct_encoding_benchmarks\quantum_circuits\ame43\monomial_full__sup013_P012_ph100\graph_state_direct_basis.qpy,C:\Users\szymon\QuditsOnQubits\QuditsOnQubits\basis_direct_encoding_benchmarks\quantum_circuits\ame43\monomial_full__sup013_P012_ph100\graph_state_direct_basis_transpiled.qpy,,C:\Users\szymon\QuditsOnQubits\QuditsOnQubits\basis_direct_encoding_benchmarks\quantum_circuits\ame43\monomial_full__sup013_P012_ph100\E.npy
direct_basis_encoding,ame43,ame43,ame43,ame43,4,4,8,sup013_P012_ph101,monomial,monomial_full,sup013_P012_ph101,False,True,86,214,300,187,,,1.015083,True,False,ok,,Converted from legacy E_new 4x3 isometry candidate.; Fidelity skipped because transpiled circuit has 128 qubits.,187,213.9,11.43,300,343.6,86,100.5,128,"{'rz': 81, 'cz': 70, 'sx': 69, 'rx': 64, 'rzz': 16}",10,10,0,C:\Users\szymon\QuditsOnQubits\QuditsOnQubits\basis_direct_encoding_benchmarks\quantum_circuits\ame43\monomial_full__sup013_P012_ph101,C:\Users\szymon\QuditsOnQubits\QuditsOnQubits\basis_direct_encoding_benchmarks\quantum_circuits\ame43\monomial_full__sup013_P012_ph101\F3_W.qpy,C:\Users\szymon\QuditsOnQubits\QuditsOnQubits\basis_direct_encoding_benchmarks\quantum_circuits\ame43\monomial_full__sup013_P012_ph101\CZ3_W.qpy,C:\Users\szymon\QuditsOnQubits\QuditsOnQubits\basis_direct_encoding_benchmarks\quantum_circuits\ame43\monomial_full__sup013_P012_ph101\graph_state_direct_basis.qpy,C:\Users\szymon\QuditsOnQubits\QuditsOnQubits\basis_direct_encoding_benchmarks\quantum_circuits\ame43\monomial_full__sup013_P012_ph101\graph_state_direct_basis_transpiled.qpy,,C:\Users\szymon\QuditsOnQubits\QuditsOnQubits\basis_direct_encoding_benchmarks\quantum_circuits\ame43\monomial_full__sup013_P012_ph101\E.npy
direct_basis_encoding,ame43,ame43,ame43,ame43,4,4,8,sup013_P012_ph102,monomial,monomial_full,sup013_P012_ph102,False,True,86,208,294,185,,,1.042639,True,False,ok,,Converted from legacy E_new 4x3 isometry candidate.; Fidelity skipped because transpiled circuit has 128 qubits.,185,213.5,11.77,294,335.8,86,100.5,128,"{'rz': 74, 'cz': 70, 'sx': 69, 'rx': 65, 'rzz': 16}",10,10,0,C:\Users\szymon\QuditsOnQubits\QuditsOnQubits\basis_direct_encoding_benchmarks\quantum_circuits\ame43\monomial_full__sup013_P012_ph102,C:\Users\szymon\QuditsOnQubits\QuditsOnQubits\basis_direct_encoding_benchmarks\quantum_circuits\ame43\monomial_full__sup013_P012_ph102\F3_W.qpy,C:\Users\szymon\QuditsOnQubits\QuditsOnQubits\basis_direct_encoding_benchmarks\quantum_circuits\ame43\monomial_full__sup013_P012_ph102\CZ3_W.qpy,C:\Users\szymon\QuditsOnQubits\QuditsOnQubits\basis_direct_encoding_benchmarks\quantum_circuits\ame43\monomial_full__sup013_P012_ph102\graph_state_direct_basis.qpy,C:\Users\szymon\QuditsOnQubits\QuditsOnQubits\basis_direct_encoding_benchmarks\quantum_circuits\ame43\monomial_full__sup013_P012_ph102\graph_state_direct_basis_transpiled.qpy,,C:\Users\szymon\QuditsOnQubits\QuditsOnQubits\basis_direct_encoding_benchmarks\quantum_circuits\ame43\monomial_full__sup013_P012_ph102\E.npy
direct_basis_encoding,ame43,ame43,ame43,ame43,4,4,8,sup013_P012_ph110,monomial,monomial_full,sup013_P012_ph110,False,True,86,211,297,185,,,1.209445,True,False,ok,,Converted from legacy E_new 4x3 isometry candidate.; Fidelity skipped because transpiled circuit has 128 qubits.,185,213.0,11.82,297,339.8,86,100.5,128,"{'rz': 78, 'cz': 70, 'sx': 69, 'rx': 64, 'rzz': 16}",10,10,0,C:\Users\szymon\QuditsOnQubits\QuditsOnQubits\basis_direct_encoding_benchmarks\quantum_circuits\ame43\monomial_full__sup013_P012_ph110,C:\Users\szymon\QuditsOnQubits\QuditsOnQubits\basis_direct_encoding_benchmarks\quantum_circuits\ame43\monomial_full__sup013_P012_ph110\F3_W.qpy,C:\Users\szymon\QuditsOnQubits\QuditsOnQubits\basis_direct_encoding_benchmarks\quantum_circuits\ame43\monomial_full__sup013_P012_ph110\CZ3_W.qpy,C:\Users\szymon\QuditsOnQubits\QuditsOnQubits\basis_direct_encoding_benchmarks\quantum_circuits\ame43\monomial_full__sup013_P012_ph110\graph_state_direct_basis.qpy,C:\Users\szymon\QuditsOnQubits\QuditsOnQubits\basis_direct_encoding_benchmarks\quantum_circuits\ame43\monomial_full__sup013_P012_ph110\graph_state_direct_basis_transpiled.qpy,,C:\Users\szymon\QuditsOnQubits\QuditsOnQubits\basis_direct_encoding_benchmarks\quantum_circuits\ame43\monomial_full__sup013_P012_ph110\E.npy
direct_basis_encoding,ame43,ame43,ame43,ame43,4,4,8,sup013_P012_ph111,monomial,monomial_full,sup013_P012_ph111,False,True,86,209,295,185,,,1.35202,True,False,ok,,Converted from legacy E_new 4x3 isometry candidate.; Fidelity skipped because transpiled circuit has 128 qubits.,185,213.0,11.82,295,338.1,86,100.5,128,"{'rz': 76, 'cz': 70, 'sx': 69, 'rx': 64, 'rzz': 16}",10,10,0,C:\Users\szymon\QuditsOnQubits\QuditsOnQubits\basis_direct_encoding_benchmarks\quantum_circuits\ame43\monomial_full__sup013_P012_ph111,C:\Users\szymon\QuditsOnQubits\QuditsOnQubits\basis_direct_encoding_benchmarks\quantum_circuits\ame43\monomial_full__sup013_P012_ph111\F3_W.qpy,C:\Users\szymon\QuditsOnQubits\QuditsOnQubits\basis_direct_encoding_benchmarks\quantum_circuits\ame43\monomial_full__sup013_P012_ph111\CZ3_W.qpy,C:\Users\szymon\QuditsOnQubits\QuditsOnQubits\basis_direct_encoding_benchmarks\quantum_circuits\ame43\monomial_full__sup013_P012_ph111\graph_state_direct_basis.qpy,C:\Users\szymon\QuditsOnQubits\QuditsOnQubits\basis_direct_encoding_benchmarks\quantum_circuits\ame43\monomial_full__sup013_P012_ph111\graph_state_direct_basis_transpiled.qpy,,C:\Users\szymon\QuditsOnQubits\QuditsOnQubits\basis_direct_encoding_benchmarks\quantum_circuits\ame43\monomial_full__sup013_P012_ph111\E.npy
direct_basis_encoding,ame43,ame43,ame43,ame43,4,4,8,sup013_P012_ph112,monomial,monomial_full,sup013_P012_ph112,False,True,86,202,288,183,,,1.656191,True,False,ok,,Converted from legacy E_new 4x3 isometry candidate.; Fidelity skipped because transpiled circuit has 128 qubits.,183,212.5,12.09,288,332.5,86,100.5,128,"{'cz': 70, 'rz': 69, 'sx': 69, 'rx': 64, 'rzz': 16}",10,10,0,C:\Users\szymon\QuditsOnQubits\QuditsOnQubits\basis_direct_encoding_benchmarks\quantum_circuits\ame43\monomial_full__sup013_P012_ph112,C:\Users\szymon\QuditsOnQubits\QuditsOnQubits\basis_direct_encoding_benchmarks\quantum_circuits\ame43\monomial_full__sup013_P012_ph112\F3_W.qpy,C:\Users\szymon\QuditsOnQubits\QuditsOnQubits\basis_direct_encoding_benchmarks\quantum_circuits\ame43\monomial_full__sup013_P012_ph112\CZ3_W.qpy,C:\Users\szymon\QuditsOnQubits\QuditsOnQubits\basis_direct_encoding_benchmarks\quantum_circuits\ame43\monomial_full__sup013_P012_ph112\graph_state_direct_basis.qpy,C:\Users\szymon\QuditsOnQubits\QuditsOnQubits\basis_direct_encoding_benchmarks\quantum_circuits\ame43\monomial_full__sup013_P012_ph112\graph_state_direct_basis_transpiled.qpy,,C:\Users\szymon\QuditsOnQubits\QuditsOnQubits\basis_direct_encoding_benchmarks\quantum_circuits\ame43\monomial_full__sup013_P012_ph112\E.npy
direct_basis_encoding,ame43,ame43,ame43,ame43,4,4,8,sup013_P012_ph120,monomial,monomial_full,sup013_P012_ph120,False,True,86,216,302,187,,,1.668381,True,False,ok,,Converted from legacy E_new 4x3 isometry candidate.; Fidelity skipped because transpiled circuit has 128 qubits.,187,213.9,11.43,302,343.8,86,100.5,128,"{'rz': 82, 'cz': 70, 'sx': 69, 'rx': 65, 'rzz': 16}",10,10,0,C:\Users\szymon\QuditsOnQubits\QuditsOnQubits\basis_direct_encoding_benchmarks\quantum_circuits\ame43\monomial_full__sup013_P012_ph120,C:\Users\szymon\QuditsOnQubits\QuditsOnQubits\basis_direct_encoding_benchmarks\quantum_circuits\ame43\monomial_full__sup013_P012_ph120\F3_W.qpy,C:\Users\szymon\QuditsOnQubits\QuditsOnQubits\basis_direct_encoding_benchmarks\quantum_circuits\ame43\monomial_full__sup013_P012_ph120\CZ3_W.qpy,C:\Users\szymon\QuditsOnQubits\QuditsOnQubits\basis_direct_encoding_benchmarks\quantum_circuits\ame43\monomial_full__sup013_P012_ph120\graph_state_direct_basis.qpy,C:\Users\szymon\QuditsOnQubits\QuditsOnQubits\basis_direct_encoding_benchmarks\quantum_circuits\ame43\monomial_full__sup013_P012_ph120\graph_state_direct_basis_transpiled.qpy,,C:\Users\szymon\QuditsOnQubits\QuditsOnQubits\basis_direct_encoding_benchmarks\quantum_circuits\ame43\monomial_full__sup013_P012_ph120\E.npy
direct_basis_encoding,ame43,ame43,ame43,ame43,4,4,8,sup013_P012_ph121,monomial,monomial_full,sup013_P012_ph121,False,True,86,215,301,187,,,1.568373,True,False,ok,,Converted from legacy E_new 4x3 isometry candidate.; Fidelity skipped because transpiled circuit has 128 qubits.,187,213.8,11.37,301,342.8,86,100.5,128,"{'rz': 81, 'cz': 70, 'sx': 69, 'rx': 65, 'rzz': 16}",10,10,0,C:\Users\szymon\QuditsOnQubits\QuditsOnQubits\basis_direct_encoding_benchmarks\quantum_circuits\ame43\monomial_full__sup013_P012_ph121,C:\Users\szymon\QuditsOnQubits\QuditsOnQubits\basis_direct_encoding_benchmarks\quantum_circuits\ame43\monomial_full__sup013_P012_ph121\F3_W.qpy,C:\Users\szymon\QuditsOnQubits\QuditsOnQubits\basis_direct_encoding_benchmarks\quantum_circuits\ame43\monomial_full__sup013_P012_ph121\CZ3_W.qpy,C:\Users\szymon\QuditsOnQubits\QuditsOnQubits\basis_direct_encoding_benchmarks\quantum_circuits\ame43\monomial_full__sup013_P012_ph121\graph_state_direct_basis.qpy,C:\Users\szymon\QuditsOnQubits\QuditsOnQubits\basis_direct_encoding_benchmarks\quantum_circuits\ame43\monomial_full__sup013_P012_ph121\graph_state_direct_basis_transpiled.qpy,,C:\Users\szymon\QuditsOnQubits\QuditsOnQubits\basis_direct_encoding_benchmarks\quantum_circuits\ame43\monomial_full__sup013_P012_ph121\E.npy
direct_basis_encoding,ame43,ame43,ame43,ame43,4,4,8,sup013_P012_ph122,monomial,monomial_full,sup013_P012_ph122,False,True,86,206,292,185,,,1.715139,True,False,ok,,Converted from legacy E_new 4x3 isometry candidate.; Fidelity skipped because transpiled circuit has 128 qubits.,185,213.5,11.77,292,334.9,86,100.5,128,"{'rz': 72, 'cz': 70, 'sx': 69, 'rx': 65, 'rzz': 16}",10,10,0,C:\Users\szymon\QuditsOnQubits\QuditsOnQubits\basis_direct_encoding_benchmarks\quantum_circuits\ame43\monomial_full__sup013_P012_ph122,C:\Users\szymon\QuditsOnQubits\QuditsOnQubits\basis_direct_encoding_benchmarks\quantum_circuits\ame43\monomial_full__sup013_P012_ph122\F3_W.qpy,C:\Users\szymon\QuditsOnQubits\QuditsOnQubits\basis_direct_encoding_benchmarks\quantum_circuits\ame43\monomial_full__sup013_P012_ph122\CZ3_W.qpy,C:\Users\szymon\QuditsOnQubits\QuditsOnQubits\basis_direct_encoding_benchmarks\quantum_circuits\ame43\monomial_full__sup013_P012_ph122\graph_state_direct_basis.qpy,C:\Users\szymon\QuditsOnQubits\QuditsOnQubits\basis_direct_encoding_benchmarks\quantum_circuits\ame43\monomial_full__sup013_P012_ph122\graph_state_direct_basis_transpiled.qpy,,C:\Users\szymon\QuditsOnQubits\QuditsOnQubits\basis_direct_encoding_benchmarks\quantum_circuits\ame43\monomial_full__sup013_P012_ph122\E.npy
direct_basis_encoding,ame43,ame43,ame43,ame43,4,4,8,sup013_P012_ph200,monomial,monomial_full,sup013_P012_ph200,False,True,86,211,297,187,,,1.644003,True,False,ok,,Converted from legacy E_new 4x3 isometry candidate.; Fidelity skipped because transpiled circuit has 128 qubits.,187,213.8,11.37,297,342.2,86,100.5,128,"{'rz': 78, 'cz': 70, 'sx': 69, 'rx': 64, 'rzz': 16}",10,10,0,C:\Users\szymon\QuditsOnQubits\QuditsOnQubits\basis_direct_encoding_benchmarks\quantum_circuits\ame43\monomial_full__sup013_P012_ph200,C:\Users\szymon\QuditsOnQubits\QuditsOnQubits\basis_direct_encoding_benchmarks\quantum_circuits\ame43\monomial_full__sup013_P012_ph200\F3_W.qpy,C:\Users\szymon\QuditsOnQubits\QuditsOnQubits\basis_direct_encoding_benchmarks\quantum_circuits\ame43\monomial_full__sup013_P012_ph200\CZ3_W.qpy,C:\Users\szymon\QuditsOnQubits\QuditsOnQubits\basis_direct_encoding_benchmarks\quantum_circuits\ame43\monomial_full__sup013_P012_ph200\graph_state_direct_basis.qpy,C:\Users\szymon\QuditsOnQubits\QuditsOnQubits\basis_direct_encoding_benchmarks\quantum_circuits\ame43\monomial_full__sup013_P012_ph200\graph_state_direct_basis_transpiled.qpy,,C:\Users\szymon\QuditsOnQubits\QuditsOnQubits\basis_direct_encoding_benchmarks\quantum_circuits\ame43\monomial_full__sup013_P012_ph200\E.npy
direct_basis_encoding,ame43,ame43,ame43,ame43,4,4,8,sup013_P012_ph201,monomial,monomial_full,sup013_P012_ph201,False,True,86,208,294,185,,,1.748407,True,False,ok,,Converted from legacy E_new 4x3 isometry candidate.; Fidelity skipped because transpiled circuit has 128 qubits.,185,213.5,11.77,294,335.8,86,100.5,128,"{'rz': 74, 'cz': 70, 'sx': 69, 'rx': 65, 'rzz': 16}",10,10,0,C:\Users\szymon\QuditsOnQubits\QuditsOnQubits\basis_direct_encoding_benchmarks\quantum_circuits\ame43\monomial_full__sup013_P012_ph201,C:\Users\szymon\QuditsOnQubits\QuditsOnQubits\basis_direct_encoding_benchmarks\quantum_circuits\ame43\monomial_full__sup013_P012_ph201\F3_W.qpy,C:\Users\szymon\QuditsOnQubits\QuditsOnQubits\basis_direct_encoding_benchmarks\quantum_circuits\ame43\monomial_full__sup013_P012_ph201\CZ3_W.qpy,C:\Users\szymon\QuditsOnQubits\QuditsOnQubits\basis_direct_encoding_benchmarks\quantum_circuits\ame43\monomial_full__sup013_P012_ph201\graph_state_direct_basis.qpy,C:\Users\szymon\QuditsOnQubits\QuditsOnQubits\basis_direct_encoding_benchmarks\quantum_circuits\ame43\monomial_full__sup013_P012_ph201\graph_state_direct_basis_transpiled.qpy,,C:\Users\szymon\QuditsOnQubits\QuditsOnQubits\basis_direct_encoding_benchmarks\quantum_circuits\ame43\monomial_full__sup013_P012_ph201\E.npy
direct_basis_encoding,ame43,ame43,ame43,ame43,4,4,8,sup013_P012_ph202,monomial,monomial_full,sup013_P012_ph202,False,True,86,216,302,187,,,1.671856,True,False,ok,,Converted from legacy E_new 4x3 isometry candidate.; Fidelity skipped because transpiled circuit has 128 qubits.,187,213.9,11.43,302,343.0,86,100.5,128,"{'rz': 82, 'cz': 70, 'sx': 69, 'rx': 65, 'rzz': 16}",10,10,0,C:\Users\szymon\QuditsOnQubits\QuditsOnQubits\basis_direct_encoding_benchmarks\quantum_circuits\ame43\monomial_full__sup013_P012_ph202,C:\Users\szymon\QuditsOnQubits\QuditsOnQubits\basis_direct_encoding_benchmarks\quantum_circuits\ame43\monomial_full__sup013_P012_ph202\F3_W.qpy,C:\Users\szymon\QuditsOnQubits\QuditsOnQubits\basis_direct_encoding_benchmarks\quantum_circuits\ame43\monomial_full__sup013_P012_ph202\CZ3_W.qpy,C:\Users\szymon\QuditsOnQubits\QuditsOnQubits\basis_direct_encoding_benchmarks\quantum_circuits\ame43\monomial_full__sup013_P012_ph202\graph_state_direct_basis.qpy,C:\Users\szymon\QuditsOnQubits\QuditsOnQubits\basis_direct_encoding_benchmarks\quantum_circuits\ame43\monomial_full__sup013_P012_ph202\graph_state_direct_basis_transpiled.qpy,,C:\Users\szymon\QuditsOnQubits\QuditsOnQubits\basis_direct_encoding_benchmarks\quantum_circuits\ame43\monomial_full__sup013_P012_ph202\E.npy
direct_basis_encoding,ame43,ame43,ame43,ame43,4,4,8,sup013_P012_ph210,monomial,monomial_full,sup013_P012_ph210,False,True,86,216,302,187,,,1.816155,True,False,ok,,Converted from legacy E_new 4x3 isometry candidate.; Fidelity skipped because transpiled circuit has 128 qubits.,187,213.9,11.43,302,343.7,86,100.5,128,"{'rz': 82, 'cz': 70, 'sx': 69, 'rx': 65, 'rzz': 16}",10,10,0,C:\Users\szymon\QuditsOnQubits\QuditsOnQubits\basis_direct_encoding_benchmarks\quantum_circuits\ame43\monomial_full__sup013_P012_ph210,C:\Users\szymon\QuditsOnQubits\QuditsOnQubits\basis_direct_encoding_benchmarks\quantum_circuits\ame43\monomial_full__sup013_P012_ph210\F3_W.qpy,C:\Users\szymon\QuditsOnQubits\QuditsOnQubits\basis_direct_encoding_benchmarks\quantum_circuits\ame43\monomial_full__sup013_P012_ph210\CZ3_W.qpy,C:\Users\szymon\QuditsOnQubits\QuditsOnQubits\basis_direct_encoding_benchmarks\quantum_circuits\ame43\monomial_full__sup013_P012_ph210\graph_state_direct_basis.qpy,C:\Users\szymon\QuditsOnQubits\QuditsOnQubits\basis_direct_encoding_benchmarks\quantum_circuits\ame43\monomial_full__sup013_P012_ph210\graph_state_direct_basis_transpiled.qpy,,C:\Users\szymon\QuditsOnQubits\QuditsOnQubits\basis_direct_encoding_benchmarks\quantum_circuits\ame43\monomial_full__sup013_P012_ph210\E.npy
direct_basis_encoding,ame43,ame43,ame43,ame43,4,4,8,sup013_P012_ph211,monomial,monomial_full,sup013_P012_ph211,False,True,86,206,292,185,,,1.855416,True,False,ok,,Converted from legacy E_new 4x3 isometry candidate.; Fidelity skipped because transpiled circuit has 128 qubits.,185,213.5,11.77,292,335.7,86,100.5,128,"{'rz': 72, 'cz': 70, 'sx': 69, 'rx': 65, 'rzz': 16}",10,10,0,C:\Users\szymon\QuditsOnQubits\QuditsOnQubits\basis_direct_encoding_benchmarks\quantum_circuits\ame43\monomial_full__sup013_P012_ph211,C:\Users\szymon\QuditsOnQubits\QuditsOnQubits\basis_direct_encoding_benchmarks\quantum_circuits\ame43\monomial_full__sup013_P012_ph211\F3_W.qpy,C:\Users\szymon\QuditsOnQubits\QuditsOnQubits\basis_direct_encoding_benchmarks\quantum_circuits\ame43\monomial_full__sup013_P012_ph211\CZ3_W.qpy,C:\Users\szymon\QuditsOnQubits\QuditsOnQubits\basis_direct_encoding_benchmarks\quantum_circuits\ame43\monomial_full__sup013_P012_ph211\graph_state_direct_basis.qpy,C:\Users\szymon\QuditsOnQubits\QuditsOnQubits\basis_direct_encoding_benchmarks\quantum_circuits\ame43\monomial_full__sup013_P012_ph211\graph_state_direct_basis_transpiled.qpy,,C:\Users\szymon\QuditsOnQubits\QuditsOnQubits\basis_direct_encoding_benchmarks\quantum_circuits\ame43\monomial_full__sup013_P012_ph211\E.npy
direct_basis_encoding,ame43,ame43,ame43,ame43,4,4,8,sup013_P012_ph212,monomial,monomial_full,sup013_P012_ph212,False,True,86,215,301,187,,,1.757046,True,False,ok,,Converted from legacy E_new 4x3 isometry candidate.; Fidelity skipped because transpiled circuit has 128 qubits.,187,213.8,11.37,301,342.7,86,100.5,128,"{'rz': 81, 'cz': 70, 'sx': 69, 'rx': 65, 'rzz': 16}",10,10,0,C:\Users\szymon\QuditsOnQubits\QuditsOnQubits\basis_direct_encoding_benchmarks\quantum_circuits\ame43\monomial_full__sup013_P012_ph212,C:\Users\szymon\QuditsOnQubits\QuditsOnQubits\basis_direct_encoding_benchmarks\quantum_circuits\ame43\monomial_full__sup013_P012_ph212\F3_W.qpy,C:\Users\szymon\QuditsOnQubits\QuditsOnQubits\basis_direct_encoding_benchmarks\quantum_circuits\ame43\monomial_full__sup013_P012_ph212\CZ3_W.qpy,C:\Users\szymon\QuditsOnQubits\QuditsOnQubits\basis_direct_encoding_benchmarks\quantum_circuits\ame43\monomial_full__sup013_P012_ph212\graph_state_direct_basis.qpy,C:\Users\szymon\QuditsOnQubits\QuditsOnQubits\basis_direct_encoding_benchmarks\quantum_circuits\ame43\monomial_full__sup013_P012_ph212\graph_state_direct_basis_transpiled.qpy,,C:\Users\szymon\QuditsOnQubits\QuditsOnQubits\basis_direct_encoding_benchmarks\quantum_circuits\ame43\monomial_full__sup013_P012_ph212\E.npy
direct_basis_encoding,ame43,ame43,ame43,ame43,4,4,8,sup013_P012_ph220,monomial,monomial_full,sup013_P012_ph220,False,True,86,213,299,185,,,1.659609,True,False,ok,,Converted from legacy E_new 4x3 isometry candidate.; Fidelity skipped because transpiled circuit has 128 qubits.,185,213.0,11.82,299,340.1,86,100.5,128,"{'rz': 79, 'cz': 70, 'sx': 69, 'rx': 65, 'rzz': 16}",10,10,0,C:\Users\szymon\QuditsOnQubits\QuditsOnQubits\basis_direct_encoding_benchmarks\quantum_circuits\ame43\monomial_full__sup013_P012_ph220,C:\Users\szymon\QuditsOnQubits\QuditsOnQubits\basis_direct_encoding_benchmarks\quantum_circuits\ame43\monomial_full__sup013_P012_ph220\F3_W.qpy,C:\Users\szymon\QuditsOnQubits\QuditsOnQubits\basis_direct_encoding_benchmarks\quantum_circuits\ame43\monomial_full__sup013_P012_ph220\CZ3_W.qpy,C:\Users\szymon\QuditsOnQubits\QuditsOnQubits\basis_direct_encoding_benchmarks\quantum_circuits\ame43\monomial_full__sup013_P012_ph220\graph_state_direct_basis.qpy,C:\Users\szymon\QuditsOnQubits\QuditsOnQubits\basis_direct_encoding_benchmarks\quantum_circuits\ame43\monomial_full__sup013_P012_ph220\graph_state_direct_basis_transpiled.qpy,,C:\Users\szymon\QuditsOnQubits\QuditsOnQubits\basis_direct_encoding_benchmarks\quantum_circuits\ame43\monomial_full__sup013_P012_ph220\E.npy
direct_basis_encoding,ame43,ame43,ame43,ame43,4,4,8,sup013_P012_ph221,monomial,monomial_full,sup013_P012_ph221,False,True,86,202,288,183,,,2.009944,True,False,ok,,Converted from legacy E_new 4x3 isometry candidate.; Fidelity skipped because transpiled circuit has 128 qubits.,183,212.5,12.09,288,332.6,86,100.5,128,"{'cz': 70, 'rz': 69, 'sx': 69, 'rx': 64, 'rzz': 16}",10,10,0,C:\Users\szymon\QuditsOnQubits\QuditsOnQubits\basis_direct_encoding_benchmarks\quantum_circuits\ame43\monomial_full__sup013_P012_ph221,C:\Users\szymon\QuditsOnQubits\QuditsOnQubits\basis_direct_encoding_benchmarks\quantum_circuits\ame43\monomial_full__sup013_P012_ph221\F3_W.qpy,C:\Users\szymon\QuditsOnQubits\QuditsOnQubits\basis_direct_encoding_benchmarks\quantum_circuits\ame43\monomial_full__sup013_P012_ph221\CZ3_W.qpy,C:\Users\szymon\QuditsOnQubits\QuditsOnQubits\basis_direct_encoding_benchmarks\quantum_circuits\ame43\monomial_full__sup013_P012_ph221\graph_state_direct_basis.qpy,C:\Users\szymon\QuditsOnQubits\QuditsOnQubits\basis_direct_encoding_benchmarks\quantum_circuits\ame43\monomial_full__sup013_P012_ph221\graph_state_direct_basis_transpiled.qpy,,C:\Users\szymon\QuditsOnQubits\QuditsOnQubits\basis_direct_encoding_benchmarks\quantum_circuits\ame43\monomial_full__sup013_P012_ph221\E.npy
direct_basis_encoding,ame43,ame43,ame43,ame43,4,4,8,sup013_P012_ph222,monomial,monomial_full,sup013_P012_ph222,False,True,86,209,295,185,,,1.633399,True,False,ok,,Converted from legacy E_new 4x3 isometry candidate.; Fidelity skipped because transpiled circuit has 128 qubits.,185,213.0,11.82,295,338.1,86,100.5,128,"{'rz': 76, 'cz': 70, 'sx': 69, 'rx': 64, 'rzz': 16}",10,10,0,C:\Users\szymon\QuditsOnQubits\QuditsOnQubits\basis_direct_encoding_benchmarks\quantum_circuits\ame43\monomial_full__sup013_P012_ph222,C:\Users\szymon\QuditsOnQubits\QuditsOnQubits\basis_direct_encoding_benchmarks\quantum_circuits\ame43\monomial_full__sup013_P012_ph222\F3_W.qpy,C:\Users\szymon\QuditsOnQubits\QuditsOnQubits\basis_direct_encoding_benchmarks\quantum_circuits\ame43\monomial_full__sup013_P012_ph222\CZ3_W.qpy,C:\Users\szymon\QuditsOnQubits\QuditsOnQubits\basis_direct_encoding_benchmarks\quantum_circuits\ame43\monomial_full__sup013_P012_ph222\graph_state_direct_basis.qpy,C:\Users\szymon\QuditsOnQubits\QuditsOnQubits\basis_direct_encoding_benchmarks\quantum_circuits\ame43\monomial_full__sup013_P012_ph222\graph_state_direct_basis_transpiled.qpy,,C:\Users\szymon\QuditsOnQubits\QuditsOnQubits\basis_direct_encoding_benchmarks\quantum_circuits\ame43\monomial_full__sup013_P012_ph222\E.npy
direct_basis_encoding,ame43,ame43,ame43,ame43,4,4,8,sup013_P021_ph000,monomial,monomial_full,sup013_P021_ph000,False,True,86,202,288,183,,,1.700496,True,False,ok,,Converted from legacy E_new 4x3 isometry candidate.; Fidelity skipped because transpiled circuit has 128 qubits.,183,212.5,12.09,288,331.5,86,100.5,128,"{'cz': 70, 'sx': 69, 'rz': 68, 'rx': 65, 'rzz': 16}",10,10,0,C:\Users\szymon\QuditsOnQubits\QuditsOnQubits\basis_direct_encoding_benchmarks\quantum_circuits\ame43\monomial_full__sup013_P021_ph000,C:\Users\szymon\QuditsOnQubits\QuditsOnQubits\basis_direct_encoding_benchmarks\quantum_circuits\ame43\monomial_full__sup013_P021_ph000\F3_W.qpy,C:\Users\szymon\QuditsOnQubits\QuditsOnQubits\basis_direct_encoding_benchmarks\quantum_circuits\ame43\monomial_full__sup013_P021_ph000\CZ3_W.qpy,C:\Users\szymon\QuditsOnQubits\QuditsOnQubits\basis_direct_encoding_benchmarks\quantum_circuits\ame43\monomial_full__sup013_P021_ph000\graph_state_direct_basis.qpy,C:\Users\szymon\QuditsOnQubits\QuditsOnQubits\basis_direct_encoding_benchmarks\quantum_circuits\ame43\monomial_full__sup013_P021_ph000\graph_state_direct_basis_transpiled.qpy,,C:\Users\szymon\QuditsOnQubits\QuditsOnQubits\basis_direct_encoding_benchmarks\quantum_circuits\ame43\monomial_full__sup013_P021_ph000\E.npy
direct_basis_encoding,ame43,ame43,ame43,ame43,4,4,8,sup013_P021_ph001,monomial,monomial_full,sup013_P021_ph001,False,True,86,211,297,185,,,1.489595,True,False,ok,,Converted from legacy E_new 4x3 isometry candidate.; Fidelity skipped because transpiled circuit has 128 qubits.,185,213.0,11.82,297,339.6,86,100.5,128,"{'rz': 78, 'cz': 70, 'sx': 69, 'rx': 64, 'rzz': 16}",10,10,0,C:\Users\szymon\QuditsOnQubits\QuditsOnQubits\basis_direct_encoding_benchmarks\quantum_circuits\ame43\monomial_full__sup013_P021_ph001,C:\Users\szymon\QuditsOnQubits\QuditsOnQubits\basis_direct_encoding_benchmarks\quantum_circuits\ame43\monomial_full__sup013_P021_ph001\F3_W.qpy,C:\Users\szymon\QuditsOnQubits\QuditsOnQubits\basis_direct_encoding_benchmarks\quantum_circuits\ame43\monomial_full__sup013_P021_ph001\CZ3_W.qpy,C:\Users\szymon\QuditsOnQubits\QuditsOnQubits\basis_direct_encoding_benchmarks\quantum_circuits\ame43\monomial_full__sup013_P021_ph001\graph_state_direct_basis.qpy,C:\Users\szymon\QuditsOnQubits\QuditsOnQubits\basis_direct_encoding_benchmarks\quantum_circuits\ame43\monomial_full__sup013_P021_ph001\graph_state_direct_basis_transpiled.qpy,,C:\Users\szymon\QuditsOnQubits\QuditsOnQubits\basis_direct_encoding_benchmarks\quantum_circuits\ame43\monomial_full__sup013_P021_ph001\E.npy
direct_basis_encoding,ame43,ame43,ame43,ame43,4,4,8,sup013_P021_ph002,monomial,monomial_full,sup013_P021_ph002,False,True,86,212,298,185,,,1.800525,True,False,ok,,Converted from legacy E_new 4x3 isometry candidate.; Fidelity skipped because transpiled circuit has 128 qubits.,185,213.0,11.82,298,339.0,86,100.5,128,"{'rz': 79, 'cz': 70, 'sx': 69, 'rx': 64, 'rzz': 16}",10,10,0,C:\Users\szymon\QuditsOnQubits\QuditsOnQubits\basis_direct_encoding_benchmarks\quantum_circuits\ame43\monomial_full__sup013_P021_ph002,C:\Users\szymon\QuditsOnQubits\QuditsOnQubits\basis_direct_encoding_benchmarks\quantum_circuits\ame43\monomial_full__sup013_P021_ph002\F3_W.qpy,C:\Users\szymon\QuditsOnQubits\QuditsOnQubits\basis_direct_encoding_benchmarks\quantum_circuits\ame43\monomial_full__sup013_P021_ph002\CZ3_W.qpy,C:\Users\szymon\QuditsOnQubits\QuditsOnQubits\basis_direct_encoding_benchmarks\quantum_circuits\ame43\monomial_full__sup013_P021_ph002\graph_state_direct_basis.qpy,C:\Users\szymon\QuditsOnQubits\QuditsOnQubits\basis_direct_encoding_benchmarks\quantum_circuits\ame43\monomial_full__sup013_P021_ph002\graph_state_direct_basis_transpiled.qpy,,C:\Users\szymon\QuditsOnQubits\QuditsOnQubits\basis_direct_encoding_benchmarks\quantum_circuits\ame43\monomial_full__sup013_P021_ph002\E.npy
direct_basis_encoding,ame43,ame43,ame43,ame43,4,4,8,sup013_P021_ph010,monomial,monomial_full,sup013_P021_ph010,False,True,86,208,294,185,,,1.667205,True,False,ok,,Converted from legacy E_new 4x3 isometry candidate.; Fidelity skipped because transpiled circuit has 128 qubits.,185,213.5,11.77,294,336.5,86,100.5,128,"{'rz': 74, 'cz': 70, 'sx': 69, 'rx': 65, 'rzz': 16}",10,10,0,C:\Users\szymon\QuditsOnQubits\QuditsOnQubits\basis_direct_encoding_benchmarks\quantum_circuits\ame43\monomial_full__sup013_P021_ph010,C:\Users\szymon\QuditsOnQubits\QuditsOnQubits\basis_direct_encoding_benchmarks\quantum_circuits\ame43\monomial_full__sup013_P021_ph010\F3_W.qpy,C:\Users\szymon\QuditsOnQubits\QuditsOnQubits\basis_direct_encoding_benchmarks\quantum_circuits\ame43\monomial_full__sup013_P021_ph010\CZ3_W.qpy,C:\Users\szymon\QuditsOnQubits\QuditsOnQubits\basis_direct_encoding_benchmarks\quantum_circuits\ame43\monomial_full__sup013_P021_ph010\graph_state_direct_basis.qpy,C:\Users\szymon\QuditsOnQubits\QuditsOnQubits\basis_direct_encoding_benchmarks\quantum_circuits\ame43\monomial_full__sup013_P021_ph010\graph_state_direct_basis_transpiled.qpy,,C:\Users\szymon\QuditsOnQubits\QuditsOnQubits\basis_direct_encoding_benchmarks\quantum_circuits\ame43\monomial_full__sup013_P021_ph010\E.npy
direct_basis_encoding,ame43,ame43,ame43,ame43,4,4,8,sup013_P021_ph011,monomial,monomial_full,sup013_P021_ph011,False,True,86,214,300,187,,,1.470659,True,False,ok,,Converted from legacy E_new 4x3 isometry candidate.; Fidelity skipped because transpiled circuit has 128 qubits.,187,213.9,11.43,300,341.7,86,100.5,128,"{'rz': 80, 'cz': 70, 'sx': 69, 'rx': 65, 'rzz': 16}",10,10,0,C:\Users\szymon\QuditsOnQubits\QuditsOnQubits\basis_direct_encoding_benchmarks\quantum_circuits\ame43\monomial_full__sup013_P021_ph011,C:\Users\szymon\QuditsOnQubits\QuditsOnQubits\basis_direct_encoding_benchmarks\quantum_circuits\ame43\monomial_full__sup013_P021_ph011\F3_W.qpy,C:\Users\szymon\QuditsOnQubits\QuditsOnQubits\basis_direct_encoding_benchmarks\quantum_circuits\ame43\monomial_full__sup013_P021_ph011\CZ3_W.qpy,C:\Users\szymon\QuditsOnQubits\QuditsOnQubits\basis_direct_encoding_benchmarks\quantum_circuits\ame43\monomial_full__sup013_P021_ph011\graph_state_direct_basis.qpy,C:\Users\szymon\QuditsOnQubits\QuditsOnQubits\basis_direct_encoding_benchmarks\quantum_circuits\ame43\monomial_full__sup013_P021_ph011\graph_state_direct_basis_transpiled.qpy,,C:\Users\szymon\QuditsOnQubits\QuditsOnQubits\basis_direct_encoding_benchmarks\quantum_circuits\ame43\monomial_full__sup013_P021_ph011\E.npy
direct_basis_encoding,ame43,ame43,ame43,ame43,4,4,8,sup013_P021_ph012,monomial,monomial_full,sup013_P021_ph012,False,True,86,214,300,187,,,1.741601,True,False,ok,,Converted from legacy E_new 4x3 isometry candidate.; Fidelity skipped because transpiled circuit has 128 qubits.,187,213.8,11.37,300,342.6,86,100.5,128,"{'rz': 81, 'cz': 70, 'sx': 69, 'rx': 64, 'rzz': 16}",10,10,0,C:\Users\szymon\QuditsOnQubits\QuditsOnQubits\basis_direct_encoding_benchmarks\quantum_circuits\ame43\monomial_full__sup013_P021_ph012,C:\Users\szymon\QuditsOnQubits\QuditsOnQubits\basis_direct_encoding_benchmarks\quantum_circuits\ame43\monomial_full__sup013_P021_ph012\F3_W.qpy,C:\Users\szymon\QuditsOnQubits\QuditsOnQubits\basis_direct_encoding_benchmarks\quantum_circuits\ame43\monomial_full__sup013_P021_ph012\CZ3_W.qpy,C:\Users\szymon\QuditsOnQubits\QuditsOnQubits\basis_direct_encoding_benchmarks\quantum_circuits\ame43\monomial_full__sup013_P021_ph012\graph_state_direct_basis.qpy,C:\Users\szymon\QuditsOnQubits\QuditsOnQubits\basis_direct_encoding_benchmarks\quantum_circuits\ame43\monomial_full__sup013_P021_ph012\graph_state_direct_basis_transpiled.qpy,,C:\Users\szymon\QuditsOnQubits\QuditsOnQubits\basis_direct_encoding_benchmarks\quantum_circuits\ame43\monomial_full__sup013_P021_ph012\E.npy
direct_basis_encoding,ame43,ame43,ame43,ame43,4,4,8,sup013_P021_ph020,monomial,monomial_full,sup013_P021_ph020,False,True,86,208,294,185,,,1.537027,True,False,ok,,Converted from legacy E_new 4x3 isometry candidate.; Fidelity skipped because transpiled circuit has 128 qubits.,185,213.5,11.77,294,336.4,86,100.5,128,"{'rz': 74, 'cz': 70, 'sx': 69, 'rx': 65, 'rzz': 16}",10,10,0,C:\Users\szymon\QuditsOnQubits\QuditsOnQubits\basis_direct_encoding_benchmarks\quantum_circuits\ame43\monomial_full__sup013_P021_ph020,C:\Users\szymon\QuditsOnQubits\QuditsOnQubits\basis_direct_encoding_benchmarks\quantum_circuits\ame43\monomial_full__sup013_P021_ph020\F3_W.qpy,C:\Users\szymon\QuditsOnQubits\QuditsOnQubits\basis_direct_encoding_benchmarks\quantum_circuits\ame43\monomial_full__sup013_P021_ph020\CZ3_W.qpy,C:\Users\szymon\QuditsOnQubits\QuditsOnQubits\basis_direct_encoding_benchmarks\quantum_circuits\ame43\monomial_full__sup013_P021_ph020\graph_state_direct_basis.qpy,C:\Users\szymon\QuditsOnQubits\QuditsOnQubits\basis_direct_encoding_benchmarks\quantum_circuits\ame43\monomial_full__sup013_P021_ph020\graph_state_direct_basis_transpiled.qpy,,C:\Users\szymon\QuditsOnQubits\QuditsOnQubits\basis_direct_encoding_benchmarks\quantum_circuits\ame43\monomial_full__sup013_P021_ph020\E.npy
direct_basis_encoding,ame43,ame43,ame43,ame43,4,4,8,sup013_P021_ph021,monomial,monomial_full,sup013_P021_ph021,False,True,86,215,301,187,,,1.742035,True,False,ok,,Converted from legacy E_new 4x3 isometry candidate.; Fidelity skipped because transpiled circuit has 128 qubits.,187,213.8,11.37,301,342.5,86,100.5,128,"{'rz': 81, 'cz': 70, 'sx': 69, 'rx': 65, 'rzz': 16}",10,10,0,C:\Users\szymon\QuditsOnQubits\QuditsOnQubits\basis_direct_encoding_benchmarks\quantum_circuits\ame43\monomial_full__sup013_P021_ph021,C:\Users\szymon\QuditsOnQubits\QuditsOnQubits\basis_direct_encoding_benchmarks\quantum_circuits\ame43\monomial_full__sup013_P021_ph021\F3_W.qpy,C:\Users\szymon\QuditsOnQubits\QuditsOnQubits\basis_direct_encoding_benchmarks\quantum_circuits\ame43\monomial_full__sup013_P021_ph021\CZ3_W.qpy,C:\Users\szymon\QuditsOnQubits\QuditsOnQubits\basis_direct_encoding_benchmarks\quantum_circuits\ame43\monomial_full__sup013_P021_ph021\graph_state_direct_basis.qpy,C:\Users\szymon\QuditsOnQubits\QuditsOnQubits\basis_direct_encoding_benchmarks\quantum_circuits\ame43\monomial_full__sup013_P021_ph021\graph_state_direct_basis_transpiled.qpy,,C:\Users\szymon\QuditsOnQubits\QuditsOnQubits\basis_direct_encoding_benchmarks\quantum_circuits\ame43\monomial_full__sup013_P021_ph021\E.npy
direct_basis_encoding,ame43,ame43,ame43,ame43,4,4,8,sup013_P021_ph022,monomial,monomial_full,sup013_P021_ph022,False,True,86,215,301,187,,,1.628418,True,False,ok,,Converted from legacy E_new 4x3 isometry candidate.; Fidelity skipped because transpiled circuit has 128 qubits.,187,213.9,11.43,301,342.0,86,100.5,128,"{'rz': 81, 'cz': 70, 'sx': 69, 'rx': 65, 'rzz': 16}",10,10,0,C:\Users\szymon\QuditsOnQubits\QuditsOnQubits\basis_direct_encoding_benchmarks\quantum_circuits\ame43\monomial_full__sup013_P021_ph022,C:\Users\szymon\QuditsOnQubits\QuditsOnQubits\basis_direct_encoding_benchmarks\quantum_circuits\ame43\monomial_full__sup013_P021_ph022\F3_W.qpy,C:\Users\szymon\QuditsOnQubits\QuditsOnQubits\basis_direct_encoding_benchmarks\quantum_circuits\ame43\monomial_full__sup013_P021_ph022\CZ3_W.qpy,C:\Users\szymon\QuditsOnQubits\QuditsOnQubits\basis_direct_encoding_benchmarks\quantum_circuits\ame43\monomial_full__sup013_P021_ph022\graph_state_direct_basis.qpy,C:\Users\szymon\QuditsOnQubits\QuditsOnQubits\basis_direct_encoding_benchmarks\quantum_circuits\ame43\monomial_full__sup013_P021_ph022\graph_state_direct_basis_transpiled.qpy,,C:\Users\szymon\QuditsOnQubits\QuditsOnQubits\basis_direct_encoding_benchmarks\quantum_circuits\ame43\monomial_full__sup013_P021_ph022\E.npy
direct_basis_encoding,ame43,ame43,ame43,ame43,4,4,8,sup013_P021_ph100,monomial,monomial_full,sup013_P021_ph100,False,True,86,211,297,187,,,1.632776,True,False,ok,,Converted from legacy E_new 4x3 isometry candidate.; Fidelity skipped because transpiled circuit has 128 qubits.,187,213.8,11.37,297,341.3,86,100.5,128,"{'rz': 78, 'cz': 70, 'sx': 69, 'rx': 64, 'rzz': 16}",10,10,0,C:\Users\szymon\QuditsOnQubits\QuditsOnQubits\basis_direct_encoding_benchmarks\quantum_circuits\ame43\monomial_full__sup013_P021_ph100,C:\Users\szymon\QuditsOnQubits\QuditsOnQubits\basis_direct_encoding_benchmarks\quantum_circuits\ame43\monomial_full__sup013_P021_ph100\F3_W.qpy,C:\Users\szymon\QuditsOnQubits\QuditsOnQubits\basis_direct_encoding_benchmarks\quantum_circuits\ame43\monomial_full__sup013_P021_ph100\CZ3_W.qpy,C:\Users\szymon\QuditsOnQubits\QuditsOnQubits\basis_direct_encoding_benchmarks\quantum_circuits\ame43\monomial_full__sup013_P021_ph100\graph_state_direct_basis.qpy,C:\Users\szymon\QuditsOnQubits\QuditsOnQubits\basis_direct_encoding_benchmarks\quantum_circuits\ame43\monomial_full__sup013_P021_ph100\graph_state_direct_basis_transpiled.qpy,,C:\Users\szymon\QuditsOnQubits\QuditsOnQubits\basis_direct_encoding_benchmarks\quantum_circuits\ame43\monomial_full__sup013_P021_ph100\E.npy
direct_basis_encoding,ame43,ame43,ame43,ame43,4,4,8,sup013_P021_ph101,monomial,monomial_full,sup013_P021_ph101,False,True,86,216,302,187,,,1.707198,True,False,ok,,Converted from legacy E_new 4x3 isometry candidate.; Fidelity skipped because transpiled circuit has 128 qubits.,187,213.9,11.43,302,343.6,86,100.5,128,"{'rz': 82, 'cz': 70, 'sx': 69, 'rx': 65, 'rzz': 16}",10,10,0,C:\Users\szymon\QuditsOnQubits\QuditsOnQubits\basis_direct_encoding_benchmarks\quantum_circuits\ame43\monomial_full__sup013_P021_ph101,C:\Users\szymon\QuditsOnQubits\QuditsOnQubits\basis_direct_encoding_benchmarks\quantum_circuits\ame43\monomial_full__sup013_P021_ph101\F3_W.qpy,C:\Users\szymon\QuditsOnQubits\QuditsOnQubits\basis_direct_encoding_benchmarks\quantum_circuits\ame43\monomial_full__sup013_P021_ph101\CZ3_W.qpy,C:\Users\szymon\QuditsOnQubits\QuditsOnQubits\basis_direct_encoding_benchmarks\quantum_circuits\ame43\monomial_full__sup013_P021_ph101\graph_state_direct_basis.qpy,C:\Users\szymon\QuditsOnQubits\QuditsOnQubits\basis_direct_encoding_benchmarks\quantum_circuits\ame43\monomial_full__sup013_P021_ph101\graph_state_direct_basis_transpiled.qpy,,C:\Users\szymon\QuditsOnQubits\QuditsOnQubits\basis_direct_encoding_benchmarks\quantum_circuits\ame43\monomial_full__sup013_P021_ph101\E.npy
direct_basis_encoding,ame43,ame43,ame43,ame43,4,4,8,sup013_P021_ph102,monomial,monomial_full,sup013_P021_ph102,False,True,86,207,293,185,,,1.592124,True,False,ok,,Converted from legacy E_new 4x3 isometry candidate.; Fidelity skipped because transpiled circuit has 128 qubits.,185,213.5,11.77,293,335.7,86,100.5,128,"{'rz': 74, 'cz': 70, 'sx': 69, 'rx': 64, 'rzz': 16}",10,10,0,C:\Users\szymon\QuditsOnQubits\QuditsOnQubits\basis_direct_encoding_benchmarks\quantum_circuits\ame43\monomial_full__sup013_P021_ph102,C:\Users\szymon\QuditsOnQubits\QuditsOnQubits\basis_direct_encoding_benchmarks\quantum_circuits\ame43\monomial_full__sup013_P021_ph102\F3_W.qpy,C:\Users\szymon\QuditsOnQubits\QuditsOnQubits\basis_direct_encoding_benchmarks\quantum_circuits\ame43\monomial_full__sup013_P021_ph102\CZ3_W.qpy,C:\Users\szymon\QuditsOnQubits\QuditsOnQubits\basis_direct_encoding_benchmarks\quantum_circuits\ame43\monomial_full__sup013_P021_ph102\graph_state_direct_basis.qpy,C:\Users\szymon\QuditsOnQubits\QuditsOnQubits\basis_direct_encoding_benchmarks\quantum_circuits\ame43\monomial_full__sup013_P021_ph102\graph_state_direct_basis_transpiled.qpy,,C:\Users\szymon\QuditsOnQubits\QuditsOnQubits\basis_direct_encoding_benchmarks\quantum_circuits\ame43\monomial_full__sup013_P021_ph102\E.npy
direct_basis_encoding,ame43,ame43,ame43,ame43,4,4,8,sup013_P021_ph110,monomial,monomial_full,sup013_P021_ph110,False,True,86,213,299,185,,,1.705321,True,False,ok,,Converted from legacy E_new 4x3 isometry candidate.; Fidelity skipped because transpiled circuit has 128 qubits.,185,213.0,11.82,299,339.1,86,100.5,128,"{'rz': 79, 'cz': 70, 'sx': 69, 'rx': 65, 'rzz': 16}",10,10,0,C:\Users\szymon\QuditsOnQubits\QuditsOnQubits\basis_direct_encoding_benchmarks\quantum_circuits\ame43\monomial_full__sup013_P021_ph110,C:\Users\szymon\QuditsOnQubits\QuditsOnQubits\basis_direct_encoding_benchmarks\quantum_circuits\ame43\monomial_full__sup013_P021_ph110\F3_W.qpy,C:\Users\szymon\QuditsOnQubits\QuditsOnQubits\basis_direct_encoding_benchmarks\quantum_circuits\ame43\monomial_full__sup013_P021_ph110\CZ3_W.qpy,C:\Users\szymon\QuditsOnQubits\QuditsOnQubits\basis_direct_encoding_benchmarks\quantum_circuits\ame43\monomial_full__sup013_P021_ph110\graph_state_direct_basis.qpy,C:\Users\szymon\QuditsOnQubits\QuditsOnQubits\basis_direct_encoding_benchmarks\quantum_circuits\ame43\monomial_full__sup013_P021_ph110\graph_state_direct_basis_transpiled.qpy,,C:\Users\szymon\QuditsOnQubits\QuditsOnQubits\basis_direct_encoding_benchmarks\quantum_circuits\ame43\monomial_full__sup013_P021_ph110\E.npy
direct_basis_encoding,ame43,ame43,ame43,ame43,4,4,8,sup013_P021_ph111,monomial,monomial_full,sup013_P021_ph111,False,True,86,211,297,185,,,1.567592,True,False,ok,,Converted from legacy E_new 4x3 isometry candidate.; Fidelity skipped because transpiled circuit has 128 qubits.,185,213.0,11.82,297,338.8,86,100.5,128,"{'rz': 77, 'cz': 70, 'sx': 69, 'rx': 65, 'rzz': 16}",10,10,0,C:\Users\szymon\QuditsOnQubits\QuditsOnQubits\basis_direct_encoding_benchmarks\quantum_circuits\ame43\monomial_full__sup013_P021_ph111,C:\Users\szymon\QuditsOnQubits\QuditsOnQubits\basis_direct_encoding_benchmarks\quantum_circuits\ame43\monomial_full__sup013_P021_ph111\F3_W.qpy,C:\Users\szymon\QuditsOnQubits\QuditsOnQubits\basis_direct_encoding_benchmarks\quantum_circuits\ame43\monomial_full__sup013_P021_ph111\CZ3_W.qpy,C:\Users\szymon\QuditsOnQubits\QuditsOnQubits\basis_direct_encoding_benchmarks\quantum_circuits\ame43\monomial_full__sup013_P021_ph111\graph_state_direct_basis.qpy,C:\Users\szymon\QuditsOnQubits\QuditsOnQubits\basis_direct_encoding_benchmarks\quantum_circuits\ame43\monomial_full__sup013_P021_ph111\graph_state_direct_basis_transpiled.qpy,,C:\Users\szymon\QuditsOnQubits\QuditsOnQubits\basis_direct_encoding_benchmarks\quantum_circuits\ame43\monomial_full__sup013_P021_ph111\E.npy
direct_basis_encoding,ame43,ame43,ame43,ame43,4,4,8,sup013_P021_ph112,monomial,monomial_full,sup013_P021_ph112,False,True,86,203,289,183,,,1.509878,True,False,ok,,Converted from legacy E_new 4x3 isometry candidate.; Fidelity skipped because transpiled circuit has 128 qubits.,183,212.5,12.09,289,332.6,86,100.5,128,"{'rz': 70, 'cz': 70, 'sx': 69, 'rx': 64, 'rzz': 16}",10,10,0,C:\Users\szymon\QuditsOnQubits\QuditsOnQubits\basis_direct_encoding_benchmarks\quantum_circuits\ame43\monomial_full__sup013_P021_ph112,C:\Users\szymon\QuditsOnQubits\QuditsOnQubits\basis_direct_encoding_benchmarks\quantum_circuits\ame43\monomial_full__sup013_P021_ph112\F3_W.qpy,C:\Users\szymon\QuditsOnQubits\QuditsOnQubits\basis_direct_encoding_benchmarks\quantum_circuits\ame43\monomial_full__sup013_P021_ph112\CZ3_W.qpy,C:\Users\szymon\QuditsOnQubits\QuditsOnQubits\basis_direct_encoding_benchmarks\quantum_circuits\ame43\monomial_full__sup013_P021_ph112\graph_state_direct_basis.qpy,C:\Users\szymon\QuditsOnQubits\QuditsOnQubits\basis_direct_encoding_benchmarks\quantum_circuits\ame43\monomial_full__sup013_P021_ph112\graph_state_direct_basis_transpiled.qpy,,C:\Users\szymon\QuditsOnQubits\QuditsOnQubits\basis_direct_encoding_benchmarks\quantum_circuits\ame43\monomial_full__sup013_P021_ph112\E.npy
direct_basis_encoding,ame43,ame43,ame43,ame43,4,4,8,sup013_P021_ph120,monomial,monomial_full,sup013_P021_ph120,False,True,86,216,302,187,,,1.620642,True,False,ok,,Converted from legacy E_new 4x3 isometry candidate.; Fidelity skipped because transpiled circuit has 128 qubits.,187,213.9,11.43,302,343.6,86,100.5,128,"{'rz': 82, 'cz': 70, 'sx': 69, 'rx': 65, 'rzz': 16}",10,10,0,C:\Users\szymon\QuditsOnQubits\QuditsOnQubits\basis_direct_encoding_benchmarks\quantum_circuits\ame43\monomial_full__sup013_P021_ph120,C:\Users\szymon\QuditsOnQubits\QuditsOnQubits\basis_direct_encoding_benchmarks\quantum_circuits\ame43\monomial_full__sup013_P021_ph120\F3_W.qpy,C:\Users\szymon\QuditsOnQubits\QuditsOnQubits\basis_direct_encoding_benchmarks\quantum_circuits\ame43\monomial_full__sup013_P021_ph120\CZ3_W.qpy,C:\Users\szymon\QuditsOnQubits\QuditsOnQubits\basis_direct_encoding_benchmarks\quantum_circuits\ame43\monomial_full__sup013_P021_ph120\graph_state_direct_basis.qpy,C:\Users\szymon\QuditsOnQubits\QuditsOnQubits\basis_direct_encoding_benchmarks\quantum_circuits\ame43\monomial_full__sup013_P021_ph120\graph_state_direct_basis_transpiled.qpy,,C:\Users\szymon\QuditsOnQubits\QuditsOnQubits\basis_direct_encoding_benchmarks\quantum_circuits\ame43\monomial_full__sup013_P021_ph120\E.npy
direct_basis_encoding,ame43,ame43,ame43,ame43,4,4,8,sup013_P021_ph121,monomial,monomial_full,sup013_P021_ph121,False,True,86,215,301,187,,,1.572174,True,False,ok,,Converted from legacy E_new 4x3 isometry candidate.; Fidelity skipped because transpiled circuit has 128 qubits.,187,213.8,11.37,301,343.4,86,100.5,128,"{'rz': 81, 'cz': 70, 'sx': 69, 'rx': 65, 'rzz': 16}",10,10,0,C:\Users\szymon\QuditsOnQubits\QuditsOnQubits\basis_direct_encoding_benchmarks\quantum_circuits\ame43\monomial_full__sup013_P021_ph121,C:\Users\szymon\QuditsOnQubits\QuditsOnQubits\basis_direct_encoding_benchmarks\quantum_circuits\ame43\monomial_full__sup013_P021_ph121\F3_W.qpy,C:\Users\szymon\QuditsOnQubits\QuditsOnQubits\basis_direct_encoding_benchmarks\quantum_circuits\ame43\monomial_full__sup013_P021_ph121\CZ3_W.qpy,C:\Users\szymon\QuditsOnQubits\QuditsOnQubits\basis_direct_encoding_benchmarks\quantum_circuits\ame43\monomial_full__sup013_P021_ph121\graph_state_direct_basis.qpy,C:\Users\szymon\QuditsOnQubits\QuditsOnQubits\basis_direct_encoding_benchmarks\quantum_circuits\ame43\monomial_full__sup013_P021_ph121\graph_state_direct_basis_transpiled.qpy,,C:\Users\szymon\QuditsOnQubits\QuditsOnQubits\basis_direct_encoding_benchmarks\quantum_circuits\ame43\monomial_full__sup013_P021_ph121\E.npy
direct_basis_encoding,ame43,ame43,ame43,ame43,4,4,8,sup013_P021_ph122,monomial,monomial_full,sup013_P021_ph122,False,True,86,205,291,185,,,1.88513,True,False,ok,,Converted from legacy E_new 4x3 isometry candidate.; Fidelity skipped because transpiled circuit has 128 qubits.,185,213.5,11.77,291,334.8,86,100.5,128,"{'rz': 72, 'cz': 70, 'sx': 69, 'rx': 64, 'rzz': 16}",10,10,0,C:\Users\szymon\QuditsOnQubits\QuditsOnQubits\basis_direct_encoding_benchmarks\quantum_circuits\ame43\monomial_full__sup013_P021_ph122,C:\Users\szymon\QuditsOnQubits\QuditsOnQubits\basis_direct_encoding_benchmarks\quantum_circuits\ame43\monomial_full__sup013_P021_ph122\F3_W.qpy,C:\Users\szymon\QuditsOnQubits\QuditsOnQubits\basis_direct_encoding_benchmarks\quantum_circuits\ame43\monomial_full__sup013_P021_ph122\CZ3_W.qpy,C:\Users\szymon\QuditsOnQubits\QuditsOnQubits\basis_direct_encoding_benchmarks\quantum_circuits\ame43\monomial_full__sup013_P021_ph122\graph_state_direct_basis.qpy,C:\Users\szymon\QuditsOnQubits\QuditsOnQubits\basis_direct_encoding_benchmarks\quantum_circuits\ame43\monomial_full__sup013_P021_ph122\graph_state_direct_basis_transpiled.qpy,,C:\Users\szymon\QuditsOnQubits\QuditsOnQubits\basis_direct_encoding_benchmarks\quantum_circuits\ame43\monomial_full__sup013_P021_ph122\E.npy
direct_basis_encoding,ame43,ame43,ame43,ame43,4,4,8,sup013_P021_ph200,monomial,monomial_full,sup013_P021_ph200,False,True,86,211,297,187,,,1.487536,True,False,ok,,Converted from legacy E_new 4x3 isometry candidate.; Fidelity skipped because transpiled circuit has 128 qubits.,187,213.8,11.37,297,342.2,86,100.5,128,"{'rz': 78, 'cz': 70, 'sx': 69, 'rx': 64, 'rzz': 16}",10,10,0,C:\Users\szymon\QuditsOnQubits\QuditsOnQubits\basis_direct_encoding_benchmarks\quantum_circuits\ame43\monomial_full__sup013_P021_ph200,C:\Users\szymon\QuditsOnQubits\QuditsOnQubits\basis_direct_encoding_benchmarks\quantum_circuits\ame43\monomial_full__sup013_P021_ph200\F3_W.qpy,C:\Users\szymon\QuditsOnQubits\QuditsOnQubits\basis_direct_encoding_benchmarks\quantum_circuits\ame43\monomial_full__sup013_P021_ph200\CZ3_W.qpy,C:\Users\szymon\QuditsOnQubits\QuditsOnQubits\basis_direct_encoding_benchmarks\quantum_circuits\ame43\monomial_full__sup013_P021_ph200\graph_state_direct_basis.qpy,C:\Users\szymon\QuditsOnQubits\QuditsOnQubits\basis_direct_encoding_benchmarks\quantum_circuits\ame43\monomial_full__sup013_P021_ph200\graph_state_direct_basis_transpiled.qpy,,C:\Users\szymon\QuditsOnQubits\QuditsOnQubits\basis_direct_encoding_benchmarks\quantum_circuits\ame43\monomial_full__sup013_P021_ph200\E.npy
direct_basis_encoding,ame43,ame43,ame43,ame43,4,4,8,sup013_P021_ph201,monomial,monomial_full,sup013_P021_ph201,False,True,86,206,292,185,,,1.683611,True,False,ok,,Converted from legacy E_new 4x3 isometry candidate.; Fidelity skipped because transpiled circuit has 128 qubits.,185,213.5,11.77,292,336.3,86,100.5,128,"{'rz': 73, 'cz': 70, 'sx': 69, 'rx': 64, 'rzz': 16}",10,10,0,C:\Users\szymon\QuditsOnQubits\QuditsOnQubits\basis_direct_encoding_benchmarks\quantum_circuits\ame43\monomial_full__sup013_P021_ph201,C:\Users\szymon\QuditsOnQubits\QuditsOnQubits\basis_direct_encoding_benchmarks\quantum_circuits\ame43\monomial_full__sup013_P021_ph201\F3_W.qpy,C:\Users\szymon\QuditsOnQubits\QuditsOnQubits\basis_direct_encoding_benchmarks\quantum_circuits\ame43\monomial_full__sup013_P021_ph201\CZ3_W.qpy,C:\Users\szymon\QuditsOnQubits\QuditsOnQubits\basis_direct_encoding_benchmarks\quantum_circuits\ame43\monomial_full__sup013_P021_ph201\graph_state_direct_basis.qpy,C:\Users\szymon\QuditsOnQubits\QuditsOnQubits\basis_direct_encoding_benchmarks\quantum_circuits\ame43\monomial_full__sup013_P021_ph201\graph_state_direct_basis_transpiled.qpy,,C:\Users\szymon\QuditsOnQubits\QuditsOnQubits\basis_direct_encoding_benchmarks\quantum_circuits\ame43\monomial_full__sup013_P021_ph201\E.npy
direct_basis_encoding,ame43,ame43,ame43,ame43,4,4,8,sup013_P021_ph202,monomial,monomial_full,sup013_P021_ph202,False,True,86,215,301,187,,,1.87517,True,False,ok,,Converted from legacy E_new 4x3 isometry candidate.; Fidelity skipped because transpiled circuit has 128 qubits.,187,213.9,11.43,301,342.0,86,100.5,128,"{'rz': 82, 'cz': 70, 'sx': 69, 'rx': 64, 'rzz': 16}",10,10,0,C:\Users\szymon\QuditsOnQubits\QuditsOnQubits\basis_direct_encoding_benchmarks\quantum_circuits\ame43\monomial_full__sup013_P021_ph202,C:\Users\szymon\QuditsOnQubits\QuditsOnQubits\basis_direct_encoding_benchmarks\quantum_circuits\ame43\monomial_full__sup013_P021_ph202\F3_W.qpy,C:\Users\szymon\QuditsOnQubits\QuditsOnQubits\basis_direct_encoding_benchmarks\quantum_circuits\ame43\monomial_full__sup013_P021_ph202\CZ3_W.qpy,C:\Users\szymon\QuditsOnQubits\QuditsOnQubits\basis_direct_encoding_benchmarks\quantum_circuits\ame43\monomial_full__sup013_P021_ph202\graph_state_direct_basis.qpy,C:\Users\szymon\QuditsOnQubits\QuditsOnQubits\basis_direct_encoding_benchmarks\quantum_circuits\ame43\monomial_full__sup013_P021_ph202\graph_state_direct_basis_transpiled.qpy,,C:\Users\szymon\QuditsOnQubits\QuditsOnQubits\basis_direct_encoding_benchmarks\quantum_circuits\ame43\monomial_full__sup013_P021_ph202\E.npy
direct_basis_encoding,ame43,ame43,ame43,ame43,4,4,8,sup013_P021_ph210,monomial,monomial_full,sup013_P021_ph210,False,True,86,216,302,187,,,1.359862,True,False,ok,,Converted from legacy E_new 4x3 isometry candidate.; Fidelity skipped because transpiled circuit has 128 qubits.,187,213.9,11.43,302,343.5,86,100.5,128,"{'rz': 82, 'cz': 70, 'sx': 69, 'rx': 65, 'rzz': 16}",10,10,0,C:\Users\szymon\QuditsOnQubits\QuditsOnQubits\basis_direct_encoding_benchmarks\quantum_circuits\ame43\monomial_full__sup013_P021_ph210,C:\Users\szymon\QuditsOnQubits\QuditsOnQubits\basis_direct_encoding_benchmarks\quantum_circuits\ame43\monomial_full__sup013_P021_ph210\F3_W.qpy,C:\Users\szymon\QuditsOnQubits\QuditsOnQubits\basis_direct_encoding_benchmarks\quantum_circuits\ame43\monomial_full__sup013_P021_ph210\CZ3_W.qpy,C:\Users\szymon\QuditsOnQubits\QuditsOnQubits\basis_direct_encoding_benchmarks\quantum_circuits\ame43\monomial_full__sup013_P021_ph210\graph_state_direct_basis.qpy,C:\Users\szymon\QuditsOnQubits\QuditsOnQubits\basis_direct_encoding_benchmarks\quantum_circuits\ame43\monomial_full__sup013_P021_ph210\graph_state_direct_basis_transpiled.qpy,,C:\Users\szymon\QuditsOnQubits\QuditsOnQubits\basis_direct_encoding_benchmarks\quantum_circuits\ame43\monomial_full__sup013_P021_ph210\E.npy
direct_basis_encoding,ame43,ame43,ame43,ame43,4,4,8,sup013_P021_ph211,monomial,monomial_full,sup013_P021_ph211,False,True,86,204,290,185,,,1.682023,True,False,ok,,Converted from legacy E_new 4x3 isometry candidate.; Fidelity skipped because transpiled circuit has 128 qubits.,185,213.5,11.77,290,335.3,86,100.5,128,"{'rz': 71, 'cz': 70, 'sx': 69, 'rx': 64, 'rzz': 16}",10,10,0,C:\Users\szymon\QuditsOnQubits\QuditsOnQubits\basis_direct_encoding_benchmarks\quantum_circuits\ame43\monomial_full__sup013_P021_ph211,C:\Users\szymon\QuditsOnQubits\QuditsOnQubits\basis_direct_encoding_benchmarks\quantum_circuits\ame43\monomial_full__sup013_P021_ph211\F3_W.qpy,C:\Users\szymon\QuditsOnQubits\QuditsOnQubits\basis_direct_encoding_benchmarks\quantum_circuits\ame43\monomial_full__sup013_P021_ph211\CZ3_W.qpy,C:\Users\szymon\QuditsOnQubits\QuditsOnQubits\basis_direct_encoding_benchmarks\quantum_circuits\ame43\monomial_full__sup013_P021_ph211\graph_state_direct_basis.qpy,C:\Users\szymon\QuditsOnQubits\QuditsOnQubits\basis_direct_encoding_benchmarks\quantum_circuits\ame43\monomial_full__sup013_P021_ph211\graph_state_direct_basis_transpiled.qpy,,C:\Users\szymon\QuditsOnQubits\QuditsOnQubits\basis_direct_encoding_benchmarks\quantum_circuits\ame43\monomial_full__sup013_P021_ph211\E.npy
direct_basis_encoding,ame43,ame43,ame43,ame43,4,4,8,sup013_P021_ph212,monomial,monomial_full,sup013_P021_ph212,False,True,86,216,302,187,,,1.580177,True,False,ok,,Converted from legacy E_new 4x3 isometry candidate.; Fidelity skipped because transpiled circuit has 128 qubits.,187,213.8,11.37,302,342.9,86,100.5,128,"{'rz': 82, 'cz': 70, 'sx': 69, 'rx': 65, 'rzz': 16}",10,10,0,C:\Users\szymon\QuditsOnQubits\QuditsOnQubits\basis_direct_encoding_benchmarks\quantum_circuits\ame43\monomial_full__sup013_P021_ph212,C:\Users\szymon\QuditsOnQubits\QuditsOnQubits\basis_direct_encoding_benchmarks\quantum_circuits\ame43\monomial_full__sup013_P021_ph212\F3_W.qpy,C:\Users\szymon\QuditsOnQubits\QuditsOnQubits\basis_direct_encoding_benchmarks\quantum_circuits\ame43\monomial_full__sup013_P021_ph212\CZ3_W.qpy,C:\Users\szymon\QuditsOnQubits\QuditsOnQubits\basis_direct_encoding_benchmarks\quantum_circuits\ame43\monomial_full__sup013_P021_ph212\graph_state_direct_basis.qpy,C:\Users\szymon\QuditsOnQubits\QuditsOnQubits\basis_direct_encoding_benchmarks\quantum_circuits\ame43\monomial_full__sup013_P021_ph212\graph_state_direct_basis_transpiled.qpy,,C:\Users\szymon\QuditsOnQubits\QuditsOnQubits\basis_direct_encoding_benchmarks\quantum_circuits\ame43\monomial_full__sup013_P021_ph212\E.npy
direct_basis_encoding,ame43,ame43,ame43,ame43,4,4,8,sup013_P021_ph220,monomial,monomial_full,sup013_P021_ph220,False,True,86,213,299,185,,,1.698198,True,False,ok,,Converted from legacy E_new 4x3 isometry candidate.; Fidelity skipped because transpiled circuit has 128 qubits.,185,213.0,11.82,299,339.8,86,100.5,128,"{'rz': 79, 'cz': 70, 'sx': 69, 'rx': 65, 'rzz': 16}",10,10,0,C:\Users\szymon\QuditsOnQubits\QuditsOnQubits\basis_direct_encoding_benchmarks\quantum_circuits\ame43\monomial_full__sup013_P021_ph220,C:\Users\szymon\QuditsOnQubits\QuditsOnQubits\basis_direct_encoding_benchmarks\quantum_circuits\ame43\monomial_full__sup013_P021_ph220\F3_W.qpy,C:\Users\szymon\QuditsOnQubits\QuditsOnQubits\basis_direct_encoding_benchmarks\quantum_circuits\ame43\monomial_full__sup013_P021_ph220\CZ3_W.qpy,C:\Users\szymon\QuditsOnQubits\QuditsOnQubits\basis_direct_encoding_benchmarks\quantum_circuits\ame43\monomial_full__sup013_P021_ph220\graph_state_direct_basis.qpy,C:\Users\szymon\QuditsOnQubits\QuditsOnQubits\basis_direct_encoding_benchmarks\quantum_circuits\ame43\monomial_full__sup013_P021_ph220\graph_state_direct_basis_transpiled.qpy,,C:\Users\szymon\QuditsOnQubits\QuditsOnQubits\basis_direct_encoding_benchmarks\quantum_circuits\ame43\monomial_full__sup013_P021_ph220\E.npy
direct_basis_encoding,ame43,ame43,ame43,ame43,4,4,8,sup013_P021_ph221,monomial,monomial_full,sup013_P021_ph221,False,True,86,202,288,183,,,1.717153,True,False,ok,,Converted from legacy E_new 4x3 isometry candidate.; Fidelity skipped because transpiled circuit has 128 qubits.,183,212.5,12.09,288,331.6,86,100.5,128,"{'cz': 70, 'rz': 69, 'sx': 69, 'rx': 64, 'rzz': 16}",10,10,0,C:\Users\szymon\QuditsOnQubits\QuditsOnQubits\basis_direct_encoding_benchmarks\quantum_circuits\ame43\monomial_full__sup013_P021_ph221,C:\Users\szymon\QuditsOnQubits\QuditsOnQubits\basis_direct_encoding_benchmarks\quantum_circuits\ame43\monomial_full__sup013_P021_ph221\F3_W.qpy,C:\Users\szymon\QuditsOnQubits\QuditsOnQubits\basis_direct_encoding_benchmarks\quantum_circuits\ame43\monomial_full__sup013_P021_ph221\CZ3_W.qpy,C:\Users\szymon\QuditsOnQubits\QuditsOnQubits\basis_direct_encoding_benchmarks\quantum_circuits\ame43\monomial_full__sup013_P021_ph221\graph_state_direct_basis.qpy,C:\Users\szymon\QuditsOnQubits\QuditsOnQubits\basis_direct_encoding_benchmarks\quantum_circuits\ame43\monomial_full__sup013_P021_ph221\graph_state_direct_basis_transpiled.qpy,,C:\Users\szymon\QuditsOnQubits\QuditsOnQubits\basis_direct_encoding_benchmarks\quantum_circuits\ame43\monomial_full__sup013_P021_ph221\E.npy
direct_basis_encoding,ame43,ame43,ame43,ame43,4,4,8,sup013_P021_ph222,monomial,monomial_full,sup013_P021_ph222,False,True,86,212,298,185,,,1.663487,True,False,ok,,Converted from legacy E_new 4x3 isometry candidate.; Fidelity skipped because transpiled circuit has 128 qubits.,185,213.0,11.82,298,338.3,86,100.5,128,"{'rz': 78, 'cz': 70, 'sx': 69, 'rx': 65, 'rzz': 16}",10,10,0,C:\Users\szymon\QuditsOnQubits\QuditsOnQubits\basis_direct_encoding_benchmarks\quantum_circuits\ame43\monomial_full__sup013_P021_ph222,C:\Users\szymon\QuditsOnQubits\QuditsOnQubits\basis_direct_encoding_benchmarks\quantum_circuits\ame43\monomial_full__sup013_P021_ph222\F3_W.qpy,C:\Users\szymon\QuditsOnQubits\QuditsOnQubits\basis_direct_encoding_benchmarks\quantum_circuits\ame43\monomial_full__sup013_P021_ph222\CZ3_W.qpy,C:\Users\szymon\QuditsOnQubits\QuditsOnQubits\basis_direct_encoding_benchmarks\quantum_circuits\ame43\monomial_full__sup013_P021_ph222\graph_state_direct_basis.qpy,C:\Users\szymon\QuditsOnQubits\QuditsOnQubits\basis_direct_encoding_benchmarks\quantum_circuits\ame43\monomial_full__sup013_P021_ph222\graph_state_direct_basis_transpiled.qpy,,C:\Users\szymon\QuditsOnQubits\QuditsOnQubits\basis_direct_encoding_benchmarks\quantum_circuits\ame43\monomial_full__sup013_P021_ph222\E.npy
direct_basis_encoding,ame43,ame43,ame43,ame43,4,4,8,sup013_P102_ph000,monomial,monomial_full,sup013_P102_ph000,False,True,101,217,318,156,,,1.605315,True,False,ok,,Converted from legacy E_new 4x3 isometry candidate.; Fidelity skipped because transpiled circuit has 128 qubits.,156,181.2,16.08,318,338.5,101,107.9,128,"{'sx': 118, 'cz': 98, 'rz': 59, 'rx': 40, 'rzz': 3}",10,10,0,C:\Users\szymon\QuditsOnQubits\QuditsOnQubits\basis_direct_encoding_benchmarks\quantum_circuits\ame43\monomial_full__sup013_P102_ph000,C:\Users\szymon\QuditsOnQubits\QuditsOnQubits\basis_direct_encoding_benchmarks\quantum_circuits\ame43\monomial_full__sup013_P102_ph000\F3_W.qpy,C:\Users\szymon\QuditsOnQubits\QuditsOnQubits\basis_direct_encoding_benchmarks\quantum_circuits\ame43\monomial_full__sup013_P102_ph000\CZ3_W.qpy,C:\Users\szymon\QuditsOnQubits\QuditsOnQubits\basis_direct_encoding_benchmarks\quantum_circuits\ame43\monomial_full__sup013_P102_ph000\graph_state_direct_basis.qpy,C:\Users\szymon\QuditsOnQubits\QuditsOnQubits\basis_direct_encoding_benchmarks\quantum_circuits\ame43\monomial_full__sup013_P102_ph000\graph_state_direct_basis_transpiled.qpy,,C:\Users\szymon\QuditsOnQubits\QuditsOnQubits\basis_direct_encoding_benchmarks\quantum_circuits\ame43\monomial_full__sup013_P102_ph000\E.npy
direct_basis_encoding,ame43,ame43,ame43,ame43,4,4,8,sup013_P102_ph001,monomial,monomial_full,sup013_P102_ph001,False,True,101,226,327,157,,,1.587804,True,False,ok,,Converted from legacy E_new 4x3 isometry candidate.; Fidelity skipped because transpiled circuit has 128 qubits.,157,182.7,16.12,327,348.3,101,107.9,128,"{'sx': 118, 'cz': 98, 'rz': 68, 'rx': 40, 'rzz': 3}",10,10,0,C:\Users\szymon\QuditsOnQubits\QuditsOnQubits\basis_direct_encoding_benchmarks\quantum_circuits\ame43\monomial_full__sup013_P102_ph001,C:\Users\szymon\QuditsOnQubits\QuditsOnQubits\basis_direct_encoding_benchmarks\quantum_circuits\ame43\monomial_full__sup013_P102_ph001\F3_W.qpy,C:\Users\szymon\QuditsOnQubits\QuditsOnQubits\basis_direct_encoding_benchmarks\quantum_circuits\ame43\monomial_full__sup013_P102_ph001\CZ3_W.qpy,C:\Users\szymon\QuditsOnQubits\QuditsOnQubits\basis_direct_encoding_benchmarks\quantum_circuits\ame43\monomial_full__sup013_P102_ph001\graph_state_direct_basis.qpy,C:\Users\szymon\QuditsOnQubits\QuditsOnQubits\basis_direct_encoding_benchmarks\quantum_circuits\ame43\monomial_full__sup013_P102_ph001\graph_state_direct_basis_transpiled.qpy,,C:\Users\szymon\QuditsOnQubits\QuditsOnQubits\basis_direct_encoding_benchmarks\quantum_circuits\ame43\monomial_full__sup013_P102_ph001\E.npy
direct_basis_encoding,ame43,ame43,ame43,ame43,4,4,8,sup013_P102_ph002,monomial,monomial_full,sup013_P102_ph002,False,True,101,226,327,157,,,1.749102,True,False,ok,,Converted from legacy E_new 4x3 isometry candidate.; Fidelity skipped because transpiled circuit has 128 qubits.,157,182.7,16.12,327,348.2,101,107.9,128,"{'sx': 118, 'cz': 98, 'rz': 68, 'rx': 40, 'rzz': 3}",10,10,0,C:\Users\szymon\QuditsOnQubits\QuditsOnQubits\basis_direct_encoding_benchmarks\quantum_circuits\ame43\monomial_full__sup013_P102_ph002,C:\Users\szymon\QuditsOnQubits\QuditsOnQubits\basis_direct_encoding_benchmarks\quantum_circuits\ame43\monomial_full__sup013_P102_ph002\F3_W.qpy,C:\Users\szymon\QuditsOnQubits\QuditsOnQubits\basis_direct_encoding_benchmarks\quantum_circuits\ame43\monomial_full__sup013_P102_ph002\CZ3_W.qpy,C:\Users\szymon\QuditsOnQubits\QuditsOnQubits\basis_direct_encoding_benchmarks\quantum_circuits\ame43\monomial_full__sup013_P102_ph002\graph_state_direct_basis.qpy,C:\Users\szymon\QuditsOnQubits\QuditsOnQubits\basis_direct_encoding_benchmarks\quantum_circuits\ame43\monomial_full__sup013_P102_ph002\graph_state_direct_basis_transpiled.qpy,,C:\Users\szymon\QuditsOnQubits\QuditsOnQubits\basis_direct_encoding_benchmarks\quantum_circuits\ame43\monomial_full__sup013_P102_ph002\E.npy
direct_basis_encoding,ame43,ame43,ame43,ame43,4,4,8,sup013_P102_ph010,monomial,monomial_full,sup013_P102_ph010,False,True,101,221,322,157,,,1.538948,True,False,ok,,Converted from legacy E_new 4x3 isometry candidate.; Fidelity skipped because transpiled circuit has 128 qubits.,157,182.7,16.12,322,342.4,101,107.9,128,"{'sx': 118, 'cz': 98, 'rz': 63, 'rx': 40, 'rzz': 3}",10,10,0,C:\Users\szymon\QuditsOnQubits\QuditsOnQubits\basis_direct_encoding_benchmarks\quantum_circuits\ame43\monomial_full__sup013_P102_ph010,C:\Users\szymon\QuditsOnQubits\QuditsOnQubits\basis_direct_encoding_benchmarks\quantum_circuits\ame43\monomial_full__sup013_P102_ph010\F3_W.qpy,C:\Users\szymon\QuditsOnQubits\QuditsOnQubits\basis_direct_encoding_benchmarks\quantum_circuits\ame43\monomial_full__sup013_P102_ph010\CZ3_W.qpy,C:\Users\szymon\QuditsOnQubits\QuditsOnQubits\basis_direct_encoding_benchmarks\quantum_circuits\ame43\monomial_full__sup013_P102_ph010\graph_state_direct_basis.qpy,C:\Users\szymon\QuditsOnQubits\QuditsOnQubits\basis_direct_encoding_benchmarks\quantum_circuits\ame43\monomial_full__sup013_P102_ph010\graph_state_direct_basis_transpiled.qpy,,C:\Users\szymon\QuditsOnQubits\QuditsOnQubits\basis_direct_encoding_benchmarks\quantum_circuits\ame43\monomial_full__sup013_P102_ph010\E.npy
direct_basis_encoding,ame43,ame43,ame43,ame43,4,4,8,sup013_P102_ph011,monomial,monomial_full,sup013_P102_ph011,False,True,101,227,328,158,,,1.680356,True,False,ok,,Converted from legacy E_new 4x3 isometry candidate.; Fidelity skipped because transpiled circuit has 128 qubits.,158,183.6,16.02,328,348.1,101,107.9,128,"{'sx': 118, 'cz': 98, 'rz': 69, 'rx': 40, 'rzz': 3}",10,10,0,C:\Users\szymon\QuditsOnQubits\QuditsOnQubits\basis_direct_encoding_benchmarks\quantum_circuits\ame43\monomial_full__sup013_P102_ph011,C:\Users\szymon\QuditsOnQubits\QuditsOnQubits\basis_direct_encoding_benchmarks\quantum_circuits\ame43\monomial_full__sup013_P102_ph011\F3_W.qpy,C:\Users\szymon\QuditsOnQubits\QuditsOnQubits\basis_direct_encoding_benchmarks\quantum_circuits\ame43\monomial_full__sup013_P102_ph011\CZ3_W.qpy,C:\Users\szymon\QuditsOnQubits\QuditsOnQubits\basis_direct_encoding_benchmarks\quantum_circuits\ame43\monomial_full__sup013_P102_ph011\graph_state_direct_basis.qpy,C:\Users\szymon\QuditsOnQubits\QuditsOnQubits\basis_direct_encoding_benchmarks\quantum_circuits\ame43\monomial_full__sup013_P102_ph011\graph_state_direct_basis_transpiled.qpy,,C:\Users\szymon\QuditsOnQubits\QuditsOnQubits\basis_direct_encoding_benchmarks\quantum_circuits\ame43\monomial_full__sup013_P102_ph011\E.npy
direct_basis_encoding,ame43,ame43,ame43,ame43,4,4,8,sup013_P102_ph012,monomial,monomial_full,sup013_P102_ph012,False,True,101,226,327,158,,,1.644572,True,False,ok,,Converted from legacy E_new 4x3 isometry candidate.; Fidelity skipped because transpiled circuit has 128 qubits.,158,183.0,15.88,327,347.4,101,107.9,128,"{'sx': 118, 'cz': 98, 'rz': 69, 'rx': 39, 'rzz': 3}",10,10,0,C:\Users\szymon\QuditsOnQubits\QuditsOnQubits\basis_direct_encoding_benchmarks\quantum_circuits\ame43\monomial_full__sup013_P102_ph012,C:\Users\szymon\QuditsOnQubits\QuditsOnQubits\basis_direct_encoding_benchmarks\quantum_circuits\ame43\monomial_full__sup013_P102_ph012\F3_W.qpy,C:\Users\szymon\QuditsOnQubits\QuditsOnQubits\basis_direct_encoding_benchmarks\quantum_circuits\ame43\monomial_full__sup013_P102_ph012\CZ3_W.qpy,C:\Users\szymon\QuditsOnQubits\QuditsOnQubits\basis_direct_encoding_benchmarks\quantum_circuits\ame43\monomial_full__sup013_P102_ph012\graph_state_direct_basis.qpy,C:\Users\szymon\QuditsOnQubits\QuditsOnQubits\basis_direct_encoding_benchmarks\quantum_circuits\ame43\monomial_full__sup013_P102_ph012\graph_state_direct_basis_transpiled.qpy,,C:\Users\szymon\QuditsOnQubits\QuditsOnQubits\basis_direct_encoding_benchmarks\quantum_circuits\ame43\monomial_full__sup013_P102_ph012\E.npy
direct_basis_encoding,ame43,ame43,ame43,ame43,4,4,8,sup013_P102_ph020,monomial,monomial_full,sup013_P102_ph020,False,True,101,221,322,157,,,1.800536,True,False,ok,,Converted from legacy E_new 4x3 isometry candidate.; Fidelity skipped because transpiled circuit has 128 qubits.,157,182.7,16.12,322,342.4,101,107.9,128,"{'sx': 118, 'cz': 98, 'rz': 63, 'rx': 40, 'rzz': 3}",10,10,0,C:\Users\szymon\QuditsOnQubits\QuditsOnQubits\basis_direct_encoding_benchmarks\quantum_circuits\ame43\monomial_full__sup013_P102_ph020,C:\Users\szymon\QuditsOnQubits\QuditsOnQubits\basis_direct_encoding_benchmarks\quantum_circuits\ame43\monomial_full__sup013_P102_ph020\F3_W.qpy,C:\Users\szymon\QuditsOnQubits\QuditsOnQubits\basis_direct_encoding_benchmarks\quantum_circuits\ame43\monomial_full__sup013_P102_ph020\CZ3_W.qpy,C:\Users\szymon\QuditsOnQubits\QuditsOnQubits\basis_direct_encoding_benchmarks\quantum_circuits\ame43\monomial_full__sup013_P102_ph020\graph_state_direct_basis.qpy,C:\Users\szymon\QuditsOnQubits\QuditsOnQubits\basis_direct_encoding_benchmarks\quantum_circuits\ame43\monomial_full__sup013_P102_ph020\graph_state_direct_basis_transpiled.qpy,,C:\Users\szymon\QuditsOnQubits\QuditsOnQubits\basis_direct_encoding_benchmarks\quantum_circuits\ame43\monomial_full__sup013_P102_ph020\E.npy
direct_basis_encoding,ame43,ame43,ame43,ame43,4,4,8,sup013_P102_ph021,monomial,monomial_full,sup013_P102_ph021,False,True,101,226,327,158,,,1.727999,True,False,ok,,Converted from legacy E_new 4x3 isometry candidate.; Fidelity skipped because transpiled circuit has 128 qubits.,158,183.0,15.88,327,347.8,101,107.9,128,"{'sx': 118, 'cz': 98, 'rz': 69, 'rx': 39, 'rzz': 3}",10,10,0,C:\Users\szymon\QuditsOnQubits\QuditsOnQubits\basis_direct_encoding_benchmarks\quantum_circuits\ame43\monomial_full__sup013_P102_ph021,C:\Users\szymon\QuditsOnQubits\QuditsOnQubits\basis_direct_encoding_benchmarks\quantum_circuits\ame43\monomial_full__sup013_P102_ph021\F3_W.qpy,C:\Users\szymon\QuditsOnQubits\QuditsOnQubits\basis_direct_encoding_benchmarks\quantum_circuits\ame43\monomial_full__sup013_P102_ph021\CZ3_W.qpy,C:\Users\szymon\QuditsOnQubits\QuditsOnQubits\basis_direct_encoding_benchmarks\quantum_circuits\ame43\monomial_full__sup013_P102_ph021\graph_state_direct_basis.qpy,C:\Users\szymon\QuditsOnQubits\QuditsOnQubits\basis_direct_encoding_benchmarks\quantum_circuits\ame43\monomial_full__sup013_P102_ph021\graph_state_direct_basis_transpiled.qpy,,C:\Users\szymon\QuditsOnQubits\QuditsOnQubits\basis_direct_encoding_benchmarks\quantum_circuits\ame43\monomial_full__sup013_P102_ph021\E.npy
direct_basis_encoding,ame43,ame43,ame43,ame43,4,4,8,sup013_P102_ph022,monomial,monomial_full,sup013_P102_ph022,False,True,101,227,328,158,,,1.739572,True,False,ok,,Converted from legacy E_new 4x3 isometry candidate.; Fidelity skipped because transpiled circuit has 128 qubits.,158,183.6,16.02,328,348.0,101,107.9,128,"{'sx': 118, 'cz': 98, 'rz': 69, 'rx': 40, 'rzz': 3}",10,10,0,C:\Users\szymon\QuditsOnQubits\QuditsOnQubits\basis_direct_encoding_benchmarks\quantum_circuits\ame43\monomial_full__sup013_P102_ph022,C:\Users\szymon\QuditsOnQubits\QuditsOnQubits\basis_direct_encoding_benchmarks\quantum_circuits\ame43\monomial_full__sup013_P102_ph022\F3_W.qpy,C:\Users\szymon\QuditsOnQubits\QuditsOnQubits\basis_direct_encoding_benchmarks\quantum_circuits\ame43\monomial_full__sup013_P102_ph022\CZ3_W.qpy,C:\Users\szymon\QuditsOnQubits\QuditsOnQubits\basis_direct_encoding_benchmarks\quantum_circuits\ame43\monomial_full__sup013_P102_ph022\graph_state_direct_basis.qpy,C:\Users\szymon\QuditsOnQubits\QuditsOnQubits\basis_direct_encoding_benchmarks\quantum_circuits\ame43\monomial_full__sup013_P102_ph022\graph_state_direct_basis_transpiled.qpy,,C:\Users\szymon\QuditsOnQubits\QuditsOnQubits\basis_direct_encoding_benchmarks\quantum_circuits\ame43\monomial_full__sup013_P102_ph022\E.npy
direct_basis_encoding,ame43,ame43,ame43,ame43,4,4,8,sup013_P102_ph100,monomial,monomial_full,sup013_P102_ph100,False,True,101,225,326,158,,,1.526728,True,False,ok,,Converted from legacy E_new 4x3 isometry candidate.; Fidelity skipped because transpiled circuit has 128 qubits.,158,183.0,15.88,326,346.5,101,107.9,128,"{'sx': 118, 'cz': 98, 'rz': 68, 'rx': 39, 'rzz': 3}",10,10,0,C:\Users\szymon\QuditsOnQubits\QuditsOnQubits\basis_direct_encoding_benchmarks\quantum_circuits\ame43\monomial_full__sup013_P102_ph100,C:\Users\szymon\QuditsOnQubits\QuditsOnQubits\basis_direct_encoding_benchmarks\quantum_circuits\ame43\monomial_full__sup013_P102_ph100\F3_W.qpy,C:\Users\szymon\QuditsOnQubits\QuditsOnQubits\basis_direct_encoding_benchmarks\quantum_circuits\ame43\monomial_full__sup013_P102_ph100\CZ3_W.qpy,C:\Users\szymon\QuditsOnQubits\QuditsOnQubits\basis_direct_encoding_benchmarks\quantum_circuits\ame43\monomial_full__sup013_P102_ph100\graph_state_direct_basis.qpy,C:\Users\szymon\QuditsOnQubits\QuditsOnQubits\basis_direct_encoding_benchmarks\quantum_circuits\ame43\monomial_full__sup013_P102_ph100\graph_state_direct_basis_transpiled.qpy,,C:\Users\szymon\QuditsOnQubits\QuditsOnQubits\basis_direct_encoding_benchmarks\quantum_circuits\ame43\monomial_full__sup013_P102_ph100\E.npy
direct_basis_encoding,ame43,ame43,ame43,ame43,4,4,8,sup013_P102_ph101,monomial,monomial_full,sup013_P102_ph101,False,True,101,228,329,158,,,1.831822,True,False,ok,,Converted from legacy E_new 4x3 isometry candidate.; Fidelity skipped because transpiled circuit has 128 qubits.,158,183.6,16.02,329,348.9,101,107.9,128,"{'sx': 118, 'cz': 98, 'rz': 70, 'rx': 40, 'rzz': 3}",10,10,0,C:\Users\szymon\QuditsOnQubits\QuditsOnQubits\basis_direct_encoding_benchmarks\quantum_circuits\ame43\monomial_full__sup013_P102_ph101,C:\Users\szymon\QuditsOnQubits\QuditsOnQubits\basis_direct_encoding_benchmarks\quantum_circuits\ame43\monomial_full__sup013_P102_ph101\F3_W.qpy,C:\Users\szymon\QuditsOnQubits\QuditsOnQubits\basis_direct_encoding_benchmarks\quantum_circuits\ame43\monomial_full__sup013_P102_ph101\CZ3_W.qpy,C:\Users\szymon\QuditsOnQubits\QuditsOnQubits\basis_direct_encoding_benchmarks\quantum_circuits\ame43\monomial_full__sup013_P102_ph101\graph_state_direct_basis.qpy,C:\Users\szymon\QuditsOnQubits\QuditsOnQubits\basis_direct_encoding_benchmarks\quantum_circuits\ame43\monomial_full__sup013_P102_ph101\graph_state_direct_basis_transpiled.qpy,,C:\Users\szymon\QuditsOnQubits\QuditsOnQubits\basis_direct_encoding_benchmarks\quantum_circuits\ame43\monomial_full__sup013_P102_ph101\E.npy
direct_basis_encoding,ame43,ame43,ame43,ame43,4,4,8,sup013_P102_ph102,monomial,monomial_full,sup013_P102_ph102,False,True,101,221,322,157,,,1.467347,True,False,ok,,Converted from legacy E_new 4x3 isometry candidate.; Fidelity skipped because transpiled circuit has 128 qubits.,157,182.7,16.12,322,342.8,101,107.9,128,"{'sx': 118, 'cz': 98, 'rz': 63, 'rx': 40, 'rzz': 3}",10,10,0,C:\Users\szymon\QuditsOnQubits\QuditsOnQubits\basis_direct_encoding_benchmarks\quantum_circuits\ame43\monomial_full__sup013_P102_ph102,C:\Users\szymon\QuditsOnQubits\QuditsOnQubits\basis_direct_encoding_benchmarks\quantum_circuits\ame43\monomial_full__sup013_P102_ph102\F3_W.qpy,C:\Users\szymon\QuditsOnQubits\QuditsOnQubits\basis_direct_encoding_benchmarks\quantum_circuits\ame43\monomial_full__sup013_P102_ph102\CZ3_W.qpy,C:\Users\szymon\QuditsOnQubits\QuditsOnQubits\basis_direct_encoding_benchmarks\quantum_circuits\ame43\monomial_full__sup013_P102_ph102\graph_state_direct_basis.qpy,C:\Users\szymon\QuditsOnQubits\QuditsOnQubits\basis_direct_encoding_benchmarks\quantum_circuits\ame43\monomial_full__sup013_P102_ph102\graph_state_direct_basis_transpiled.qpy,,C:\Users\szymon\QuditsOnQubits\QuditsOnQubits\basis_direct_encoding_benchmarks\quantum_circuits\ame43\monomial_full__sup013_P102_ph102\E.npy
direct_basis_encoding,ame43,ame43,ame43,ame43,4,4,8,sup013_P102_ph110,monomial,monomial_full,sup013_P102_ph110,False,True,101,226,327,157,,,1.655527,True,False,ok,,Converted from legacy E_new 4x3 isometry candidate.; Fidelity skipped because transpiled circuit has 128 qubits.,157,182.7,16.12,327,348.2,101,107.9,128,"{'sx': 118, 'cz': 98, 'rz': 68, 'rx': 40, 'rzz': 3}",10,10,0,C:\Users\szymon\QuditsOnQubits\QuditsOnQubits\basis_direct_encoding_benchmarks\quantum_circuits\ame43\monomial_full__sup013_P102_ph110,C:\Users\szymon\QuditsOnQubits\QuditsOnQubits\basis_direct_encoding_benchmarks\quantum_circuits\ame43\monomial_full__sup013_P102_ph110\F3_W.qpy,C:\Users\szymon\QuditsOnQubits\QuditsOnQubits\basis_direct_encoding_benchmarks\quantum_circuits\ame43\monomial_full__sup013_P102_ph110\CZ3_W.qpy,C:\Users\szymon\QuditsOnQubits\QuditsOnQubits\basis_direct_encoding_benchmarks\quantum_circuits\ame43\monomial_full__sup013_P102_ph110\graph_state_direct_basis.qpy,C:\Users\szymon\QuditsOnQubits\QuditsOnQubits\basis_direct_encoding_benchmarks\quantum_circuits\ame43\monomial_full__sup013_P102_ph110\graph_state_direct_basis_transpiled.qpy,,C:\Users\szymon\QuditsOnQubits\QuditsOnQubits\basis_direct_encoding_benchmarks\quantum_circuits\ame43\monomial_full__sup013_P102_ph110\E.npy
direct_basis_encoding,ame43,ame43,ame43,ame43,4,4,8,sup013_P102_ph111,monomial,monomial_full,sup013_P102_ph111,False,True,101,225,326,157,,,1.617375,True,False,ok,,Converted from legacy E_new 4x3 isometry candidate.; Fidelity skipped because transpiled circuit has 128 qubits.,157,182.7,16.12,326,346.9,101,107.9,128,"{'sx': 118, 'cz': 98, 'rz': 67, 'rx': 40, 'rzz': 3}",10,10,0,C:\Users\szymon\QuditsOnQubits\QuditsOnQubits\basis_direct_encoding_benchmarks\quantum_circuits\ame43\monomial_full__sup013_P102_ph111,C:\Users\szymon\QuditsOnQubits\QuditsOnQubits\basis_direct_encoding_benchmarks\quantum_circuits\ame43\monomial_full__sup013_P102_ph111\F3_W.qpy,C:\Users\szymon\QuditsOnQubits\QuditsOnQubits\basis_direct_encoding_benchmarks\quantum_circuits\ame43\monomial_full__sup013_P102_ph111\CZ3_W.qpy,C:\Users\szymon\QuditsOnQubits\QuditsOnQubits\basis_direct_encoding_benchmarks\quantum_circuits\ame43\monomial_full__sup013_P102_ph111\graph_state_direct_basis.qpy,C:\Users\szymon\QuditsOnQubits\QuditsOnQubits\basis_direct_encoding_benchmarks\quantum_circuits\ame43\monomial_full__sup013_P102_ph111\graph_state_direct_basis_transpiled.qpy,,C:\Users\szymon\QuditsOnQubits\QuditsOnQubits\basis_direct_encoding_benchmarks\quantum_circuits\ame43\monomial_full__sup013_P102_ph111\E.npy
direct_basis_encoding,ame43,ame43,ame43,ame43,4,4,8,sup013_P102_ph112,monomial,monomial_full,sup013_P102_ph112,False,True,101,218,319,156,,,1.595527,True,False,ok,,Converted from legacy E_new 4x3 isometry candidate.; Fidelity skipped because transpiled circuit has 128 qubits.,156,181.2,16.08,319,339.8,101,107.9,128,"{'sx': 118, 'cz': 98, 'rz': 60, 'rx': 40, 'rzz': 3}",10,10,0,C:\Users\szymon\QuditsOnQubits\QuditsOnQubits\basis_direct_encoding_benchmarks\quantum_circuits\ame43\monomial_full__sup013_P102_ph112,C:\Users\szymon\QuditsOnQubits\QuditsOnQubits\basis_direct_encoding_benchmarks\quantum_circuits\ame43\monomial_full__sup013_P102_ph112\F3_W.qpy,C:\Users\szymon\QuditsOnQubits\QuditsOnQubits\basis_direct_encoding_benchmarks\quantum_circuits\ame43\monomial_full__sup013_P102_ph112\CZ3_W.qpy,C:\Users\szymon\QuditsOnQubits\QuditsOnQubits\basis_direct_encoding_benchmarks\quantum_circuits\ame43\monomial_full__sup013_P102_ph112\graph_state_direct_basis.qpy,C:\Users\szymon\QuditsOnQubits\QuditsOnQubits\basis_direct_encoding_benchmarks\quantum_circuits\ame43\monomial_full__sup013_P102_ph112\graph_state_direct_basis_transpiled.qpy,,C:\Users\szymon\QuditsOnQubits\QuditsOnQubits\basis_direct_encoding_benchmarks\quantum_circuits\ame43\monomial_full__sup013_P102_ph112\E.npy
direct_basis_encoding,ame43,ame43,ame43,ame43,4,4,8,sup013_P102_ph120,monomial,monomial_full,sup013_P102_ph120,False,True,101,228,329,158,,,1.807209,True,False,ok,,Converted from legacy E_new 4x3 isometry candidate.; Fidelity skipped because transpiled circuit has 128 qubits.,158,183.6,16.02,329,349.3,101,107.9,128,"{'sx': 118, 'cz': 98, 'rz': 70, 'rx': 40, 'rzz': 3}",10,10,0,C:\Users\szymon\QuditsOnQubits\QuditsOnQubits\basis_direct_encoding_benchmarks\quantum_circuits\ame43\monomial_full__sup013_P102_ph120,C:\Users\szymon\QuditsOnQubits\QuditsOnQubits\basis_direct_encoding_benchmarks\quantum_circuits\ame43\monomial_full__sup013_P102_ph120\F3_W.qpy,C:\Users\szymon\QuditsOnQubits\QuditsOnQubits\basis_direct_encoding_benchmarks\quantum_circuits\ame43\monomial_full__sup013_P102_ph120\CZ3_W.qpy,C:\Users\szymon\QuditsOnQubits\QuditsOnQubits\basis_direct_encoding_benchmarks\quantum_circuits\ame43\monomial_full__sup013_P102_ph120\graph_state_direct_basis.qpy,C:\Users\szymon\QuditsOnQubits\QuditsOnQubits\basis_direct_encoding_benchmarks\quantum_circuits\ame43\monomial_full__sup013_P102_ph120\graph_state_direct_basis_transpiled.qpy,,C:\Users\szymon\QuditsOnQubits\QuditsOnQubits\basis_direct_encoding_benchmarks\quantum_circuits\ame43\monomial_full__sup013_P102_ph120\E.npy
direct_basis_encoding,ame43,ame43,ame43,ame43,4,4,8,sup013_P102_ph121,monomial,monomial_full,sup013_P102_ph121,False,True,101,226,327,158,,,1.746592,True,False,ok,,Converted from legacy E_new 4x3 isometry candidate.; Fidelity skipped because transpiled circuit has 128 qubits.,158,183.0,15.88,327,347.4,101,107.9,128,"{'sx': 118, 'cz': 98, 'rz': 69, 'rx': 39, 'rzz': 3}",10,10,0,C:\Users\szymon\QuditsOnQubits\QuditsOnQubits\basis_direct_encoding_benchmarks\quantum_circuits\ame43\monomial_full__sup013_P102_ph121,C:\Users\szymon\QuditsOnQubits\QuditsOnQubits\basis_direct_encoding_benchmarks\quantum_circuits\ame43\monomial_full__sup013_P102_ph121\F3_W.qpy,C:\Users\szymon\QuditsOnQubits\QuditsOnQubits\basis_direct_encoding_benchmarks\quantum_circuits\ame43\monomial_full__sup013_P102_ph121\CZ3_W.qpy,C:\Users\szymon\QuditsOnQubits\QuditsOnQubits\basis_direct_encoding_benchmarks\quantum_circuits\ame43\monomial_full__sup013_P102_ph121\graph_state_direct_basis.qpy,C:\Users\szymon\QuditsOnQubits\QuditsOnQubits\basis_direct_encoding_benchmarks\quantum_circuits\ame43\monomial_full__sup013_P102_ph121\graph_state_direct_basis_transpiled.qpy,,C:\Users\szymon\QuditsOnQubits\QuditsOnQubits\basis_direct_encoding_benchmarks\quantum_circuits\ame43\monomial_full__sup013_P102_ph121\E.npy
direct_basis_encoding,ame43,ame43,ame43,ame43,4,4,8,sup013_P102_ph122,monomial,monomial_full,sup013_P102_ph122,False,True,101,220,321,157,,,1.608398,True,False,ok,,Converted from legacy E_new 4x3 isometry candidate.; Fidelity skipped because transpiled circuit has 128 qubits.,157,182.7,16.12,321,341.0,101,107.9,128,"{'sx': 118, 'cz': 98, 'rz': 62, 'rx': 40, 'rzz': 3}",10,10,0,C:\Users\szymon\QuditsOnQubits\QuditsOnQubits\basis_direct_encoding_benchmarks\quantum_circuits\ame43\monomial_full__sup013_P102_ph122,C:\Users\szymon\QuditsOnQubits\QuditsOnQubits\basis_direct_encoding_benchmarks\quantum_circuits\ame43\monomial_full__sup013_P102_ph122\F3_W.qpy,C:\Users\szymon\QuditsOnQubits\QuditsOnQubits\basis_direct_encoding_benchmarks\quantum_circuits\ame43\monomial_full__sup013_P102_ph122\CZ3_W.qpy,C:\Users\szymon\QuditsOnQubits\QuditsOnQubits\basis_direct_encoding_benchmarks\quantum_circuits\ame43\monomial_full__sup013_P102_ph122\graph_state_direct_basis.qpy,C:\Users\szymon\QuditsOnQubits\QuditsOnQubits\basis_direct_encoding_benchmarks\quantum_circuits\ame43\monomial_full__sup013_P102_ph122\graph_state_direct_basis_transpiled.qpy,,C:\Users\szymon\QuditsOnQubits\QuditsOnQubits\basis_direct_encoding_benchmarks\quantum_circuits\ame43\monomial_full__sup013_P102_ph122\E.npy
direct_basis_encoding,ame43,ame43,ame43,ame43,4,4,8,sup013_P102_ph200,monomial,monomial_full,sup013_P102_ph200,False,True,101,225,326,158,,,1.608425,True,False,ok,,Converted from legacy E_new 4x3 isometry candidate.; Fidelity skipped because transpiled circuit has 128 qubits.,158,183.0,15.88,326,346.5,101,107.9,128,"{'sx': 118, 'cz': 98, 'rz': 68, 'rx': 39, 'rzz': 3}",10,10,0,C:\Users\szymon\QuditsOnQubits\QuditsOnQubits\basis_direct_encoding_benchmarks\quantum_circuits\ame43\monomial_full__sup013_P102_ph200,C:\Users\szymon\QuditsOnQubits\QuditsOnQubits\basis_direct_encoding_benchmarks\quantum_circuits\ame43\monomial_full__sup013_P102_ph200\F3_W.qpy,C:\Users\szymon\QuditsOnQubits\QuditsOnQubits\basis_direct_encoding_benchmarks\quantum_circuits\ame43\monomial_full__sup013_P102_ph200\CZ3_W.qpy,C:\Users\szymon\QuditsOnQubits\QuditsOnQubits\basis_direct_encoding_benchmarks\quantum_circuits\ame43\monomial_full__sup013_P102_ph200\graph_state_direct_basis.qpy,C:\Users\szymon\QuditsOnQubits\QuditsOnQubits\basis_direct_encoding_benchmarks\quantum_circuits\ame43\monomial_full__sup013_P102_ph200\graph_state_direct_basis_transpiled.qpy,,C:\Users\szymon\QuditsOnQubits\QuditsOnQubits\basis_direct_encoding_benchmarks\quantum_circuits\ame43\monomial_full__sup013_P102_ph200\E.npy
direct_basis_encoding,ame43,ame43,ame43,ame43,4,4,8,sup013_P102_ph201,monomial,monomial_full,sup013_P102_ph201,False,True,101,221,322,157,,,1.626388,True,False,ok,,Converted from legacy E_new 4x3 isometry candidate.; Fidelity skipped because transpiled circuit has 128 qubits.,157,182.7,16.12,322,342.3,101,107.9,128,"{'sx': 118, 'cz': 98, 'rz': 63, 'rx': 40, 'rzz': 3}",10,10,0,C:\Users\szymon\QuditsOnQubits\QuditsOnQubits\basis_direct_encoding_benchmarks\quantum_circuits\ame43\monomial_full__sup013_P102_ph201,C:\Users\szymon\QuditsOnQubits\QuditsOnQubits\basis_direct_encoding_benchmarks\quantum_circuits\ame43\monomial_full__sup013_P102_ph201\F3_W.qpy,C:\Users\szymon\QuditsOnQubits\QuditsOnQubits\basis_direct_encoding_benchmarks\quantum_circuits\ame43\monomial_full__sup013_P102_ph201\CZ3_W.qpy,C:\Users\szymon\QuditsOnQubits\QuditsOnQubits\basis_direct_encoding_benchmarks\quantum_circuits\ame43\monomial_full__sup013_P102_ph201\graph_state_direct_basis.qpy,C:\Users\szymon\QuditsOnQubits\QuditsOnQubits\basis_direct_encoding_benchmarks\quantum_circuits\ame43\monomial_full__sup013_P102_ph201\graph_state_direct_basis_transpiled.qpy,,C:\Users\szymon\QuditsOnQubits\QuditsOnQubits\basis_direct_encoding_benchmarks\quantum_circuits\ame43\monomial_full__sup013_P102_ph201\E.npy
direct_basis_encoding,ame43,ame43,ame43,ame43,4,4,8,sup013_P102_ph202,monomial,monomial_full,sup013_P102_ph202,False,True,101,228,329,158,,,1.519004,True,False,ok,,Converted from legacy E_new 4x3 isometry candidate.; Fidelity skipped because transpiled circuit has 128 qubits.,158,183.6,16.02,329,348.9,101,107.9,128,"{'sx': 118, 'cz': 98, 'rz': 70, 'rx': 40, 'rzz': 3}",10,10,0,C:\Users\szymon\QuditsOnQubits\QuditsOnQubits\basis_direct_encoding_benchmarks\quantum_circuits\ame43\monomial_full__sup013_P102_ph202,C:\Users\szymon\QuditsOnQubits\QuditsOnQubits\basis_direct_encoding_benchmarks\quantum_circuits\ame43\monomial_full__sup013_P102_ph202\F3_W.qpy,C:\Users\szymon\QuditsOnQubits\QuditsOnQubits\basis_direct_encoding_benchmarks\quantum_circuits\ame43\monomial_full__sup013_P102_ph202\CZ3_W.qpy,C:\Users\szymon\QuditsOnQubits\QuditsOnQubits\basis_direct_encoding_benchmarks\quantum_circuits\ame43\monomial_full__sup013_P102_ph202\graph_state_direct_basis.qpy,C:\Users\szymon\QuditsOnQubits\QuditsOnQubits\basis_direct_encoding_benchmarks\quantum_circuits\ame43\monomial_full__sup013_P102_ph202\graph_state_direct_basis_transpiled.qpy,,C:\Users\szymon\QuditsOnQubits\QuditsOnQubits\basis_direct_encoding_benchmarks\quantum_circuits\ame43\monomial_full__sup013_P102_ph202\E.npy
direct_basis_encoding,ame43,ame43,ame43,ame43,4,4,8,sup013_P102_ph210,monomial,monomial_full,sup013_P102_ph210,False,True,101,228,329,158,,,1.527519,True,False,ok,,Converted from legacy E_new 4x3 isometry candidate.; Fidelity skipped because transpiled circuit has 128 qubits.,158,183.6,16.02,329,349.8,101,107.9,128,"{'sx': 118, 'cz': 98, 'rz': 70, 'rx': 40, 'rzz': 3}",10,10,0,C:\Users\szymon\QuditsOnQubits\QuditsOnQubits\basis_direct_encoding_benchmarks\quantum_circuits\ame43\monomial_full__sup013_P102_ph210,C:\Users\szymon\QuditsOnQubits\QuditsOnQubits\basis_direct_encoding_benchmarks\quantum_circuits\ame43\monomial_full__sup013_P102_ph210\F3_W.qpy,C:\Users\szymon\QuditsOnQubits\QuditsOnQubits\basis_direct_encoding_benchmarks\quantum_circuits\ame43\monomial_full__sup013_P102_ph210\CZ3_W.qpy,C:\Users\szymon\QuditsOnQubits\QuditsOnQubits\basis_direct_encoding_benchmarks\quantum_circuits\ame43\monomial_full__sup013_P102_ph210\graph_state_direct_basis.qpy,C:\Users\szymon\QuditsOnQubits\QuditsOnQubits\basis_direct_encoding_benchmarks\quantum_circuits\ame43\monomial_full__sup013_P102_ph210\graph_state_direct_basis_transpiled.qpy,,C:\Users\szymon\QuditsOnQubits\QuditsOnQubits\basis_direct_encoding_benchmarks\quantum_circuits\ame43\monomial_full__sup013_P102_ph210\E.npy
direct_basis_encoding,ame43,ame43,ame43,ame43,4,4,8,sup013_P102_ph211,monomial,monomial_full,sup013_P102_ph211,False,True,101,220,321,157,,,1.43892,True,False,ok,,Converted from legacy E_new 4x3 isometry candidate.; Fidelity skipped because transpiled circuit has 128 qubits.,157,182.7,16.12,321,341.1,101,107.9,128,"{'sx': 118, 'cz': 98, 'rz': 62, 'rx': 40, 'rzz': 3}",10,10,0,C:\Users\szymon\QuditsOnQubits\QuditsOnQubits\basis_direct_encoding_benchmarks\quantum_circuits\ame43\monomial_full__sup013_P102_ph211,C:\Users\szymon\QuditsOnQubits\QuditsOnQubits\basis_direct_encoding_benchmarks\quantum_circuits\ame43\monomial_full__sup013_P102_ph211\F3_W.qpy,C:\Users\szymon\QuditsOnQubits\QuditsOnQubits\basis_direct_encoding_benchmarks\quantum_circuits\ame43\monomial_full__sup013_P102_ph211\CZ3_W.qpy,C:\Users\szymon\QuditsOnQubits\QuditsOnQubits\basis_direct_encoding_benchmarks\quantum_circuits\ame43\monomial_full__sup013_P102_ph211\graph_state_direct_basis.qpy,C:\Users\szymon\QuditsOnQubits\QuditsOnQubits\basis_direct_encoding_benchmarks\quantum_circuits\ame43\monomial_full__sup013_P102_ph211\graph_state_direct_basis_transpiled.qpy,,C:\Users\szymon\QuditsOnQubits\QuditsOnQubits\basis_direct_encoding_benchmarks\quantum_circuits\ame43\monomial_full__sup013_P102_ph211\E.npy
direct_basis_encoding,ame43,ame43,ame43,ame43,4,4,8,sup013_P102_ph212,monomial,monomial_full,sup013_P102_ph212,False,True,101,227,328,158,,,1.694373,True,False,ok,,Converted from legacy E_new 4x3 isometry candidate.; Fidelity skipped because transpiled circuit has 128 qubits.,158,183.0,15.88,328,347.9,101,107.9,128,"{'sx': 118, 'cz': 98, 'rz': 69, 'rx': 40, 'rzz': 3}",10,10,0,C:\Users\szymon\QuditsOnQubits\QuditsOnQubits\basis_direct_encoding_benchmarks\quantum_circuits\ame43\monomial_full__sup013_P102_ph212,C:\Users\szymon\QuditsOnQubits\QuditsOnQubits\basis_direct_encoding_benchmarks\quantum_circuits\ame43\monomial_full__sup013_P102_ph212\F3_W.qpy,C:\Users\szymon\QuditsOnQubits\QuditsOnQubits\basis_direct_encoding_benchmarks\quantum_circuits\ame43\monomial_full__sup013_P102_ph212\CZ3_W.qpy,C:\Users\szymon\QuditsOnQubits\QuditsOnQubits\basis_direct_encoding_benchmarks\quantum_circuits\ame43\monomial_full__sup013_P102_ph212\graph_state_direct_basis.qpy,C:\Users\szymon\QuditsOnQubits\QuditsOnQubits\basis_direct_encoding_benchmarks\quantum_circuits\ame43\monomial_full__sup013_P102_ph212\graph_state_direct_basis_transpiled.qpy,,C:\Users\szymon\QuditsOnQubits\QuditsOnQubits\basis_direct_encoding_benchmarks\quantum_circuits\ame43\monomial_full__sup013_P102_ph212\E.npy
direct_basis_encoding,ame43,ame43,ame43,ame43,4,4,8,sup013_P102_ph220,monomial,monomial_full,sup013_P102_ph220,False,True,101,226,327,157,,,1.391383,True,False,ok,,Converted from legacy E_new 4x3 isometry candidate.; Fidelity skipped because transpiled circuit has 128 qubits.,157,182.7,16.12,327,348.2,101,107.9,128,"{'sx': 118, 'cz': 98, 'rz': 68, 'rx': 40, 'rzz': 3}",10,10,0,C:\Users\szymon\QuditsOnQubits\QuditsOnQubits\basis_direct_encoding_benchmarks\quantum_circuits\ame43\monomial_full__sup013_P102_ph220,C:\Users\szymon\QuditsOnQubits\QuditsOnQubits\basis_direct_encoding_benchmarks\quantum_circuits\ame43\monomial_full__sup013_P102_ph220\F3_W.qpy,C:\Users\szymon\QuditsOnQubits\QuditsOnQubits\basis_direct_encoding_benchmarks\quantum_circuits\ame43\monomial_full__sup013_P102_ph220\CZ3_W.qpy,C:\Users\szymon\QuditsOnQubits\QuditsOnQubits\basis_direct_encoding_benchmarks\quantum_circuits\ame43\monomial_full__sup013_P102_ph220\graph_state_direct_basis.qpy,C:\Users\szymon\QuditsOnQubits\QuditsOnQubits\basis_direct_encoding_benchmarks\quantum_circuits\ame43\monomial_full__sup013_P102_ph220\graph_state_direct_basis_transpiled.qpy,,C:\Users\szymon\QuditsOnQubits\QuditsOnQubits\basis_direct_encoding_benchmarks\quantum_circuits\ame43\monomial_full__sup013_P102_ph220\E.npy
direct_basis_encoding,ame43,ame43,ame43,ame43,4,4,8,sup013_P102_ph221,monomial,monomial_full,sup013_P102_ph221,False,True,101,218,319,156,,,1.402095,True,False,ok,,Converted from legacy E_new 4x3 isometry candidate.; Fidelity skipped because transpiled circuit has 128 qubits.,156,181.2,16.08,319,340.2,101,107.9,128,"{'sx': 118, 'cz': 98, 'rz': 60, 'rx': 40, 'rzz': 3}",10,10,0,C:\Users\szymon\QuditsOnQubits\QuditsOnQubits\basis_direct_encoding_benchmarks\quantum_circuits\ame43\monomial_full__sup013_P102_ph221,C:\Users\szymon\QuditsOnQubits\QuditsOnQubits\basis_direct_encoding_benchmarks\quantum_circuits\ame43\monomial_full__sup013_P102_ph221\F3_W.qpy,C:\Users\szymon\QuditsOnQubits\QuditsOnQubits\basis_direct_encoding_benchmarks\quantum_circuits\ame43\monomial_full__sup013_P102_ph221\CZ3_W.qpy,C:\Users\szymon\QuditsOnQubits\QuditsOnQubits\basis_direct_encoding_benchmarks\quantum_circuits\ame43\monomial_full__sup013_P102_ph221\graph_state_direct_basis.qpy,C:\Users\szymon\QuditsOnQubits\QuditsOnQubits\basis_direct_encoding_benchmarks\quantum_circuits\ame43\monomial_full__sup013_P102_ph221\graph_state_direct_basis_transpiled.qpy,,C:\Users\szymon\QuditsOnQubits\QuditsOnQubits\basis_direct_encoding_benchmarks\quantum_circuits\ame43\monomial_full__sup013_P102_ph221\E.npy
direct_basis_encoding,ame43,ame43,ame43,ame43,4,4,8,sup013_P102_ph222,monomial,monomial_full,sup013_P102_ph222,False,True,101,225,326,157,,,1.776502,True,False,ok,,Converted from legacy E_new 4x3 isometry candidate.; Fidelity skipped because transpiled circuit has 128 qubits.,157,182.7,16.12,326,347.6,101,107.9,128,"{'sx': 118, 'cz': 98, 'rz': 67, 'rx': 40, 'rzz': 3}",10,10,0,C:\Users\szymon\QuditsOnQubits\QuditsOnQubits\basis_direct_encoding_benchmarks\quantum_circuits\ame43\monomial_full__sup013_P102_ph222,C:\Users\szymon\QuditsOnQubits\QuditsOnQubits\basis_direct_encoding_benchmarks\quantum_circuits\ame43\monomial_full__sup013_P102_ph222\F3_W.qpy,C:\Users\szymon\QuditsOnQubits\QuditsOnQubits\basis_direct_encoding_benchmarks\quantum_circuits\ame43\monomial_full__sup013_P102_ph222\CZ3_W.qpy,C:\Users\szymon\QuditsOnQubits\QuditsOnQubits\basis_direct_encoding_benchmarks\quantum_circuits\ame43\monomial_full__sup013_P102_ph222\graph_state_direct_basis.qpy,C:\Users\szymon\QuditsOnQubits\QuditsOnQubits\basis_direct_encoding_benchmarks\quantum_circuits\ame43\monomial_full__sup013_P102_ph222\graph_state_direct_basis_transpiled.qpy,,C:\Users\szymon\QuditsOnQubits\QuditsOnQubits\basis_direct_encoding_benchmarks\quantum_circuits\ame43\monomial_full__sup013_P102_ph222\E.npy
direct_basis_encoding,ame43,ame43,ame43,ame43,4,4,8,sup013_P120_ph000,monomial,monomial_full,sup013_P120_ph000,False,True,100,193,293,196,,,1.454712,True,False,ok,,Converted from legacy E_new 4x3 isometry candidate.; Fidelity skipped because transpiled circuit has 128 qubits.,196,235.3,25.46,293,357.1,100,117.1,128,"{'sx': 101, 'cz': 99, 'rz': 50, 'rx': 42, 'rzz': 1}",10,10,0,C:\Users\szymon\QuditsOnQubits\QuditsOnQubits\basis_direct_encoding_benchmarks\quantum_circuits\ame43\monomial_full__sup013_P120_ph000,C:\Users\szymon\QuditsOnQubits\QuditsOnQubits\basis_direct_encoding_benchmarks\quantum_circuits\ame43\monomial_full__sup013_P120_ph000\F3_W.qpy,C:\Users\szymon\QuditsOnQubits\QuditsOnQubits\basis_direct_encoding_benchmarks\quantum_circuits\ame43\monomial_full__sup013_P120_ph000\CZ3_W.qpy,C:\Users\szymon\QuditsOnQubits\QuditsOnQubits\basis_direct_encoding_benchmarks\quantum_circuits\ame43\monomial_full__sup013_P120_ph000\graph_state_direct_basis.qpy,C:\Users\szymon\QuditsOnQubits\QuditsOnQubits\basis_direct_encoding_benchmarks\quantum_circuits\ame43\monomial_full__sup013_P120_ph000\graph_state_direct_basis_transpiled.qpy,,C:\Users\szymon\QuditsOnQubits\QuditsOnQubits\basis_direct_encoding_benchmarks\quantum_circuits\ame43\monomial_full__sup013_P120_ph000\E.npy
direct_basis_encoding,ame43,ame43,ame43,ame43,4,4,8,sup013_P120_ph001,monomial,monomial_full,sup013_P120_ph001,False,True,100,200,300,200,,,1.669606,True,False,ok,,Converted from legacy E_new 4x3 isometry candidate.; Fidelity skipped because transpiled circuit has 128 qubits.,200,237.2,24.87,300,365.3,100,117.1,128,"{'sx': 101, 'cz': 99, 'rz': 57, 'rx': 42, 'rzz': 1}",10,10,0,C:\Users\szymon\QuditsOnQubits\QuditsOnQubits\basis_direct_encoding_benchmarks\quantum_circuits\ame43\monomial_full__sup013_P120_ph001,C:\Users\szymon\QuditsOnQubits\QuditsOnQubits\basis_direct_encoding_benchmarks\quantum_circuits\ame43\monomial_full__sup013_P120_ph001\F3_W.qpy,C:\Users\szymon\QuditsOnQubits\QuditsOnQubits\basis_direct_encoding_benchmarks\quantum_circuits\ame43\monomial_full__sup013_P120_ph001\CZ3_W.qpy,C:\Users\szymon\QuditsOnQubits\QuditsOnQubits\basis_direct_encoding_benchmarks\quantum_circuits\ame43\monomial_full__sup013_P120_ph001\graph_state_direct_basis.qpy,C:\Users\szymon\QuditsOnQubits\QuditsOnQubits\basis_direct_encoding_benchmarks\quantum_circuits\ame43\monomial_full__sup013_P120_ph001\graph_state_direct_basis_transpiled.qpy,,C:\Users\szymon\QuditsOnQubits\QuditsOnQubits\basis_direct_encoding_benchmarks\quantum_circuits\ame43\monomial_full__sup013_P120_ph001\E.npy
direct_basis_encoding,ame43,ame43,ame43,ame43,4,4,8,sup013_P120_ph002,monomial,monomial_full,sup013_P120_ph002,False,True,100,199,299,200,,,1.759914,True,False,ok,,Converted from legacy E_new 4x3 isometry candidate.; Fidelity skipped because transpiled circuit has 128 qubits.,200,237.2,24.87,299,365.4,100,117.1,128,"{'sx': 101, 'cz': 99, 'rz': 57, 'rx': 41, 'rzz': 1}",10,10,0,C:\Users\szymon\QuditsOnQubits\QuditsOnQubits\basis_direct_encoding_benchmarks\quantum_circuits\ame43\monomial_full__sup013_P120_ph002,C:\Users\szymon\QuditsOnQubits\QuditsOnQubits\basis_direct_encoding_benchmarks\quantum_circuits\ame43\monomial_full__sup013_P120_ph002\F3_W.qpy,C:\Users\szymon\QuditsOnQubits\QuditsOnQubits\basis_direct_encoding_benchmarks\quantum_circuits\ame43\monomial_full__sup013_P120_ph002\CZ3_W.qpy,C:\Users\szymon\QuditsOnQubits\QuditsOnQubits\basis_direct_encoding_benchmarks\quantum_circuits\ame43\monomial_full__sup013_P120_ph002\graph_state_direct_basis.qpy,C:\Users\szymon\QuditsOnQubits\QuditsOnQubits\basis_direct_encoding_benchmarks\quantum_circuits\ame43\monomial_full__sup013_P120_ph002\graph_state_direct_basis_transpiled.qpy,,C:\Users\szymon\QuditsOnQubits\QuditsOnQubits\basis_direct_encoding_benchmarks\quantum_circuits\ame43\monomial_full__sup013_P120_ph002\E.npy
direct_basis_encoding,ame43,ame43,ame43,ame43,4,4,8,sup013_P120_ph010,monomial,monomial_full,sup013_P120_ph010,False,True,100,198,298,200,,,1.718798,True,False,ok,,Converted from legacy E_new 4x3 isometry candidate.; Fidelity skipped because transpiled circuit has 128 qubits.,200,237.1,24.97,298,360.4,100,117.1,128,"{'sx': 101, 'cz': 99, 'rz': 55, 'rx': 42, 'rzz': 1}",10,10,0,C:\Users\szymon\QuditsOnQubits\QuditsOnQubits\basis_direct_encoding_benchmarks\quantum_circuits\ame43\monomial_full__sup013_P120_ph010,C:\Users\szymon\QuditsOnQubits\QuditsOnQubits\basis_direct_encoding_benchmarks\quantum_circuits\ame43\monomial_full__sup013_P120_ph010\F3_W.qpy,C:\Users\szymon\QuditsOnQubits\QuditsOnQubits\basis_direct_encoding_benchmarks\quantum_circuits\ame43\monomial_full__sup013_P120_ph010\CZ3_W.qpy,C:\Users\szymon\QuditsOnQubits\QuditsOnQubits\basis_direct_encoding_benchmarks\quantum_circuits\ame43\monomial_full__sup013_P120_ph010\graph_state_direct_basis.qpy,C:\Users\szymon\QuditsOnQubits\QuditsOnQubits\basis_direct_encoding_benchmarks\quantum_circuits\ame43\monomial_full__sup013_P120_ph010\graph_state_direct_basis_transpiled.qpy,,C:\Users\szymon\QuditsOnQubits\QuditsOnQubits\basis_direct_encoding_benchmarks\quantum_circuits\ame43\monomial_full__sup013_P120_ph010\E.npy
direct_basis_encoding,ame43,ame43,ame43,ame43,4,4,8,sup013_P120_ph011,monomial,monomial_full,sup013_P120_ph011,False,True,100,202,302,203,,,1.573394,True,False,ok,,Converted from legacy E_new 4x3 isometry candidate.; Fidelity skipped because transpiled circuit has 128 qubits.,203,238.3,24.29,302,366.1,100,117.1,128,"{'sx': 101, 'cz': 99, 'rz': 59, 'rx': 42, 'rzz': 1}",10,10,0,C:\Users\szymon\QuditsOnQubits\QuditsOnQubits\basis_direct_encoding_benchmarks\quantum_circuits\ame43\monomial_full__sup013_P120_ph011,C:\Users\szymon\QuditsOnQubits\QuditsOnQubits\basis_direct_encoding_benchmarks\quantum_circuits\ame43\monomial_full__sup013_P120_ph011\F3_W.qpy,C:\Users\szymon\QuditsOnQubits\QuditsOnQubits\basis_direct_encoding_benchmarks\quantum_circuits\ame43\monomial_full__sup013_P120_ph011\CZ3_W.qpy,C:\Users\szymon\QuditsOnQubits\QuditsOnQubits\basis_direct_encoding_benchmarks\quantum_circuits\ame43\monomial_full__sup013_P120_ph011\graph_state_direct_basis.qpy,C:\Users\szymon\QuditsOnQubits\QuditsOnQubits\basis_direct_encoding_benchmarks\quantum_circuits\ame43\monomial_full__sup013_P120_ph011\graph_state_direct_basis_transpiled.qpy,,C:\Users\szymon\QuditsOnQubits\QuditsOnQubits\basis_direct_encoding_benchmarks\quantum_circuits\ame43\monomial_full__sup013_P120_ph011\E.npy
direct_basis_encoding,ame43,ame43,ame43,ame43,4,4,8,sup013_P120_ph012,monomial,monomial_full,sup013_P120_ph012,False,True,100,201,301,202,,,1.499348,True,False,ok,,Converted from legacy E_new 4x3 isometry candidate.; Fidelity skipped because transpiled circuit has 128 qubits.,202,237.6,24.19,301,365.3,100,117.1,128,"{'sx': 101, 'cz': 99, 'rz': 59, 'rx': 41, 'rzz': 1}",10,10,0,C:\Users\szymon\QuditsOnQubits\QuditsOnQubits\basis_direct_encoding_benchmarks\quantum_circuits\ame43\monomial_full__sup013_P120_ph012,C:\Users\szymon\QuditsOnQubits\QuditsOnQubits\basis_direct_encoding_benchmarks\quantum_circuits\ame43\monomial_full__sup013_P120_ph012\F3_W.qpy,C:\Users\szymon\QuditsOnQubits\QuditsOnQubits\basis_direct_encoding_benchmarks\quantum_circuits\ame43\monomial_full__sup013_P120_ph012\CZ3_W.qpy,C:\Users\szymon\QuditsOnQubits\QuditsOnQubits\basis_direct_encoding_benchmarks\quantum_circuits\ame43\monomial_full__sup013_P120_ph012\graph_state_direct_basis.qpy,C:\Users\szymon\QuditsOnQubits\QuditsOnQubits\basis_direct_encoding_benchmarks\quantum_circuits\ame43\monomial_full__sup013_P120_ph012\graph_state_direct_basis_transpiled.qpy,,C:\Users\szymon\QuditsOnQubits\QuditsOnQubits\basis_direct_encoding_benchmarks\quantum_circuits\ame43\monomial_full__sup013_P120_ph012\E.npy
direct_basis_encoding,ame43,ame43,ame43,ame43,4,4,8,sup013_P120_ph020,monomial,monomial_full,sup013_P120_ph020,False,True,100,198,298,200,,,1.509918,True,False,ok,,Converted from legacy E_new 4x3 isometry candidate.; Fidelity skipped because transpiled circuit has 128 qubits.,200,237.1,24.97,298,360.4,100,117.1,128,"{'sx': 101, 'cz': 99, 'rz': 55, 'rx': 42, 'rzz': 1}",10,10,0,C:\Users\szymon\QuditsOnQubits\QuditsOnQubits\basis_direct_encoding_benchmarks\quantum_circuits\ame43\monomial_full__sup013_P120_ph020,C:\Users\szymon\QuditsOnQubits\QuditsOnQubits\basis_direct_encoding_benchmarks\quantum_circuits\ame43\monomial_full__sup013_P120_ph020\F3_W.qpy,C:\Users\szymon\QuditsOnQubits\QuditsOnQubits\basis_direct_encoding_benchmarks\quantum_circuits\ame43\monomial_full__sup013_P120_ph020\CZ3_W.qpy,C:\Users\szymon\QuditsOnQubits\QuditsOnQubits\basis_direct_encoding_benchmarks\quantum_circuits\ame43\monomial_full__sup013_P120_ph020\graph_state_direct_basis.qpy,C:\Users\szymon\QuditsOnQubits\QuditsOnQubits\basis_direct_encoding_benchmarks\quantum_circuits\ame43\monomial_full__sup013_P120_ph020\graph_state_direct_basis_transpiled.qpy,,C:\Users\szymon\QuditsOnQubits\QuditsOnQubits\basis_direct_encoding_benchmarks\quantum_circuits\ame43\monomial_full__sup013_P120_ph020\E.npy
direct_basis_encoding,ame43,ame43,ame43,ame43,4,4,8,sup013_P120_ph021,monomial,monomial_full,sup013_P120_ph021,False,True,100,201,301,202,,,1.737871,True,False,ok,,Converted from legacy E_new 4x3 isometry candidate.; Fidelity skipped because transpiled circuit has 128 qubits.,202,237.6,24.19,301,365.4,100,117.1,128,"{'sx': 101, 'cz': 99, 'rz': 59, 'rx': 41, 'rzz': 1}",10,10,0,C:\Users\szymon\QuditsOnQubits\QuditsOnQubits\basis_direct_encoding_benchmarks\quantum_circuits\ame43\monomial_full__sup013_P120_ph021,C:\Users\szymon\QuditsOnQubits\QuditsOnQubits\basis_direct_encoding_benchmarks\quantum_circuits\ame43\monomial_full__sup013_P120_ph021\F3_W.qpy,C:\Users\szymon\QuditsOnQubits\QuditsOnQubits\basis_direct_encoding_benchmarks\quantum_circuits\ame43\monomial_full__sup013_P120_ph021\CZ3_W.qpy,C:\Users\szymon\QuditsOnQubits\QuditsOnQubits\basis_direct_encoding_benchmarks\quantum_circuits\ame43\monomial_full__sup013_P120_ph021\graph_state_direct_basis.qpy,C:\Users\szymon\QuditsOnQubits\QuditsOnQubits\basis_direct_encoding_benchmarks\quantum_circuits\ame43\monomial_full__sup013_P120_ph021\graph_state_direct_basis_transpiled.qpy,,C:\Users\szymon\QuditsOnQubits\QuditsOnQubits\basis_direct_encoding_benchmarks\quantum_circuits\ame43\monomial_full__sup013_P120_ph021\E.npy
direct_basis_encoding,ame43,ame43,ame43,ame43,4,4,8,sup013_P120_ph022,monomial,monomial_full,sup013_P120_ph022,False,True,100,201,301,203,,,1.812179,True,False,ok,,Converted from legacy E_new 4x3 isometry candidate.; Fidelity skipped because transpiled circuit has 128 qubits.,203,238.3,24.29,301,366.0,100,117.1,128,"{'sx': 101, 'cz': 99, 'rz': 59, 'rx': 41, 'rzz': 1}",10,10,0,C:\Users\szymon\QuditsOnQubits\QuditsOnQubits\basis_direct_encoding_benchmarks\quantum_circuits\ame43\monomial_full__sup013_P120_ph022,C:\Users\szymon\QuditsOnQubits\QuditsOnQubits\basis_direct_encoding_benchmarks\quantum_circuits\ame43\monomial_full__sup013_P120_ph022\F3_W.qpy,C:\Users\szymon\QuditsOnQubits\QuditsOnQubits\basis_direct_encoding_benchmarks\quantum_circuits\ame43\monomial_full__sup013_P120_ph022\CZ3_W.qpy,C:\Users\szymon\QuditsOnQubits\QuditsOnQubits\basis_direct_encoding_benchmarks\quantum_circuits\ame43\monomial_full__sup013_P120_ph022\graph_state_direct_basis.qpy,C:\Users\szymon\QuditsOnQubits\QuditsOnQubits\basis_direct_encoding_benchmarks\quantum_circuits\ame43\monomial_full__sup013_P120_ph022\graph_state_direct_basis_transpiled.qpy,,C:\Users\szymon\QuditsOnQubits\QuditsOnQubits\basis_direct_encoding_benchmarks\quantum_circuits\ame43\monomial_full__sup013_P120_ph022\E.npy
direct_basis_encoding,ame43,ame43,ame43,ame43,4,4,8,sup013_P120_ph100,monomial,monomial_full,sup013_P120_ph100,False,True,100,200,300,202,,,1.486855,True,False,ok,,Converted from legacy E_new 4x3 isometry candidate.; Fidelity skipped because transpiled circuit has 128 qubits.,202,237.6,24.19,300,364.7,100,117.1,128,"{'sx': 101, 'cz': 99, 'rz': 58, 'rx': 41, 'rzz': 1}",10,10,0,C:\Users\szymon\QuditsOnQubits\QuditsOnQubits\basis_direct_encoding_benchmarks\quantum_circuits\ame43\monomial_full__sup013_P120_ph100,C:\Users\szymon\QuditsOnQubits\QuditsOnQubits\basis_direct_encoding_benchmarks\quantum_circuits\ame43\monomial_full__sup013_P120_ph100\F3_W.qpy,C:\Users\szymon\QuditsOnQubits\QuditsOnQubits\basis_direct_encoding_benchmarks\quantum_circuits\ame43\monomial_full__sup013_P120_ph100\CZ3_W.qpy,C:\Users\szymon\QuditsOnQubits\QuditsOnQubits\basis_direct_encoding_benchmarks\quantum_circuits\ame43\monomial_full__sup013_P120_ph100\graph_state_direct_basis.qpy,C:\Users\szymon\QuditsOnQubits\QuditsOnQubits\basis_direct_encoding_benchmarks\quantum_circuits\ame43\monomial_full__sup013_P120_ph100\graph_state_direct_basis_transpiled.qpy,,C:\Users\szymon\QuditsOnQubits\QuditsOnQubits\basis_direct_encoding_benchmarks\quantum_circuits\ame43\monomial_full__sup013_P120_ph100\E.npy
direct_basis_encoding,ame43,ame43,ame43,ame43,4,4,8,sup013_P120_ph101,monomial,monomial_full,sup013_P120_ph101,False,True,100,202,302,203,,,1.596169,True,False,ok,,Converted from legacy E_new 4x3 isometry candidate.; Fidelity skipped because transpiled circuit has 128 qubits.,203,238.1,24.36,302,366.2,100,117.1,128,"{'sx': 101, 'cz': 99, 'rz': 60, 'rx': 41, 'rzz': 1}",10,10,0,C:\Users\szymon\QuditsOnQubits\QuditsOnQubits\basis_direct_encoding_benchmarks\quantum_circuits\ame43\monomial_full__sup013_P120_ph101,C:\Users\szymon\QuditsOnQubits\QuditsOnQubits\basis_direct_encoding_benchmarks\quantum_circuits\ame43\monomial_full__sup013_P120_ph101\F3_W.qpy,C:\Users\szymon\QuditsOnQubits\QuditsOnQubits\basis_direct_encoding_benchmarks\quantum_circuits\ame43\monomial_full__sup013_P120_ph101\CZ3_W.qpy,C:\Users\szymon\QuditsOnQubits\QuditsOnQubits\basis_direct_encoding_benchmarks\quantum_circuits\ame43\monomial_full__sup013_P120_ph101\graph_state_direct_basis.qpy,C:\Users\szymon\QuditsOnQubits\QuditsOnQubits\basis_direct_encoding_benchmarks\quantum_circuits\ame43\monomial_full__sup013_P120_ph101\graph_state_direct_basis_transpiled.qpy,,C:\Users\szymon\QuditsOnQubits\QuditsOnQubits\basis_direct_encoding_benchmarks\quantum_circuits\ame43\monomial_full__sup013_P120_ph101\E.npy
direct_basis_encoding,ame43,ame43,ame43,ame43,4,4,8,sup013_P120_ph102,monomial,monomial_full,sup013_P120_ph102,False,True,100,198,298,200,,,1.584298,True,False,ok,,Converted from legacy E_new 4x3 isometry candidate.; Fidelity skipped because transpiled circuit has 128 qubits.,200,237.1,24.97,298,360.5,100,117.1,128,"{'sx': 101, 'cz': 99, 'rz': 55, 'rx': 42, 'rzz': 1}",10,10,0,C:\Users\szymon\QuditsOnQubits\QuditsOnQubits\basis_direct_encoding_benchmarks\quantum_circuits\ame43\monomial_full__sup013_P120_ph102,C:\Users\szymon\QuditsOnQubits\QuditsOnQubits\basis_direct_encoding_benchmarks\quantum_circuits\ame43\monomial_full__sup013_P120_ph102\F3_W.qpy,C:\Users\szymon\QuditsOnQubits\QuditsOnQubits\basis_direct_encoding_benchmarks\quantum_circuits\ame43\monomial_full__sup013_P120_ph102\CZ3_W.qpy,C:\Users\szymon\QuditsOnQubits\QuditsOnQubits\basis_direct_encoding_benchmarks\quantum_circuits\ame43\monomial_full__sup013_P120_ph102\graph_state_direct_basis.qpy,C:\Users\szymon\QuditsOnQubits\QuditsOnQubits\basis_direct_encoding_benchmarks\quantum_circuits\ame43\monomial_full__sup013_P120_ph102\graph_state_direct_basis_transpiled.qpy,,C:\Users\szymon\QuditsOnQubits\QuditsOnQubits\basis_direct_encoding_benchmarks\quantum_circuits\ame43\monomial_full__sup013_P120_ph102\E.npy
direct_basis_encoding,ame43,ame43,ame43,ame43,4,4,8,sup013_P120_ph110,monomial,monomial_full,sup013_P120_ph110,False,True,100,199,299,200,,,1.856466,True,False,ok,,Converted from legacy E_new 4x3 isometry candidate.; Fidelity skipped because transpiled circuit has 128 qubits.,200,237.2,24.87,299,365.3,100,117.1,128,"{'sx': 101, 'cz': 99, 'rz': 57, 'rx': 41, 'rzz': 1}",10,10,0,C:\Users\szymon\QuditsOnQubits\QuditsOnQubits\basis_direct_encoding_benchmarks\quantum_circuits\ame43\monomial_full__sup013_P120_ph110,C:\Users\szymon\QuditsOnQubits\QuditsOnQubits\basis_direct_encoding_benchmarks\quantum_circuits\ame43\monomial_full__sup013_P120_ph110\F3_W.qpy,C:\Users\szymon\QuditsOnQubits\QuditsOnQubits\basis_direct_encoding_benchmarks\quantum_circuits\ame43\monomial_full__sup013_P120_ph110\CZ3_W.qpy,C:\Users\szymon\QuditsOnQubits\QuditsOnQubits\basis_direct_encoding_benchmarks\quantum_circuits\ame43\monomial_full__sup013_P120_ph110\graph_state_direct_basis.qpy,C:\Users\szymon\QuditsOnQubits\QuditsOnQubits\basis_direct_encoding_benchmarks\quantum_circuits\ame43\monomial_full__sup013_P120_ph110\graph_state_direct_basis_transpiled.qpy,,C:\Users\szymon\QuditsOnQubits\QuditsOnQubits\basis_direct_encoding_benchmarks\quantum_circuits\ame43\monomial_full__sup013_P120_ph110\E.npy
direct_basis_encoding,ame43,ame43,ame43,ame43,4,4,8,sup013_P120_ph111,monomial,monomial_full,sup013_P120_ph111,False,True,100,198,298,200,,,1.640337,True,False,ok,,Converted from legacy E_new 4x3 isometry candidate.; Fidelity skipped because transpiled circuit has 128 qubits.,200,237.2,24.87,298,364.6,100,117.1,128,"{'sx': 101, 'cz': 99, 'rz': 56, 'rx': 41, 'rzz': 1}",10,10,0,C:\Users\szymon\QuditsOnQubits\QuditsOnQubits\basis_direct_encoding_benchmarks\quantum_circuits\ame43\monomial_full__sup013_P120_ph111,C:\Users\szymon\QuditsOnQubits\QuditsOnQubits\basis_direct_encoding_benchmarks\quantum_circuits\ame43\monomial_full__sup013_P120_ph111\F3_W.qpy,C:\Users\szymon\QuditsOnQubits\QuditsOnQubits\basis_direct_encoding_benchmarks\quantum_circuits\ame43\monomial_full__sup013_P120_ph111\CZ3_W.qpy,C:\Users\szymon\QuditsOnQubits\QuditsOnQubits\basis_direct_encoding_benchmarks\quantum_circuits\ame43\monomial_full__sup013_P120_ph111\graph_state_direct_basis.qpy,C:\Users\szymon\QuditsOnQubits\QuditsOnQubits\basis_direct_encoding_benchmarks\quantum_circuits\ame43\monomial_full__sup013_P120_ph111\graph_state_direct_basis_transpiled.qpy,,C:\Users\szymon\QuditsOnQubits\QuditsOnQubits\basis_direct_encoding_benchmarks\quantum_circuits\ame43\monomial_full__sup013_P120_ph111\E.npy
direct_basis_encoding,ame43,ame43,ame43,ame43,4,4,8,sup013_P120_ph112,monomial,monomial_full,sup013_P120_ph112,False,True,100,194,294,196,,,2.059903,True,False,ok,,Converted from legacy E_new 4x3 isometry candidate.; Fidelity skipped because transpiled circuit has 128 qubits.,196,235.3,25.46,294,357.8,100,117.1,128,"{'sx': 101, 'cz': 99, 'rz': 51, 'rx': 42, 'rzz': 1}",10,10,0,C:\Users\szymon\QuditsOnQubits\QuditsOnQubits\basis_direct_encoding_benchmarks\quantum_circuits\ame43\monomial_full__sup013_P120_ph112,C:\Users\szymon\QuditsOnQubits\QuditsOnQubits\basis_direct_encoding_benchmarks\quantum_circuits\ame43\monomial_full__sup013_P120_ph112\F3_W.qpy,C:\Users\szymon\QuditsOnQubits\QuditsOnQubits\basis_direct_encoding_benchmarks\quantum_circuits\ame43\monomial_full__sup013_P120_ph112\CZ3_W.qpy,C:\Users\szymon\QuditsOnQubits\QuditsOnQubits\basis_direct_encoding_benchmarks\quantum_circuits\ame43\monomial_full__sup013_P120_ph112\graph_state_direct_basis.qpy,C:\Users\szymon\QuditsOnQubits\QuditsOnQubits\basis_direct_encoding_benchmarks\quantum_circuits\ame43\monomial_full__sup013_P120_ph112\graph_state_direct_basis_transpiled.qpy,,C:\Users\szymon\QuditsOnQubits\QuditsOnQubits\basis_direct_encoding_benchmarks\quantum_circuits\ame43\monomial_full__sup013_P120_ph112\E.npy
direct_basis_encoding,ame43,ame43,ame43,ame43,4,4,8,sup013_P120_ph120,monomial,monomial_full,sup013_P120_ph120,False,True,100,202,302,203,,,1.736082,True,False,ok,,Converted from legacy E_new 4x3 isometry candidate.; Fidelity skipped because transpiled circuit has 128 qubits.,203,238.3,24.29,302,366.6,100,117.1,128,"{'sx': 101, 'cz': 99, 'rz': 60, 'rx': 41, 'rzz': 1}",10,10,0,C:\Users\szymon\QuditsOnQubits\QuditsOnQubits\basis_direct_encoding_benchmarks\quantum_circuits\ame43\monomial_full__sup013_P120_ph120,C:\Users\szymon\QuditsOnQubits\QuditsOnQubits\basis_direct_encoding_benchmarks\quantum_circuits\ame43\monomial_full__sup013_P120_ph120\F3_W.qpy,C:\Users\szymon\QuditsOnQubits\QuditsOnQubits\basis_direct_encoding_benchmarks\quantum_circuits\ame43\monomial_full__sup013_P120_ph120\CZ3_W.qpy,C:\Users\szymon\QuditsOnQubits\QuditsOnQubits\basis_direct_encoding_benchmarks\quantum_circuits\ame43\monomial_full__sup013_P120_ph120\graph_state_direct_basis.qpy,C:\Users\szymon\QuditsOnQubits\QuditsOnQubits\basis_direct_encoding_benchmarks\quantum_circuits\ame43\monomial_full__sup013_P120_ph120\graph_state_direct_basis_transpiled.qpy,,C:\Users\szymon\QuditsOnQubits\QuditsOnQubits\basis_direct_encoding_benchmarks\quantum_circuits\ame43\monomial_full__sup013_P120_ph120\E.npy
direct_basis_encoding,ame43,ame43,ame43,ame43,4,4,8,sup013_P120_ph121,monomial,monomial_full,sup013_P120_ph121,False,True,100,201,301,202,,,1.590036,True,False,ok,,Converted from legacy E_new 4x3 isometry candidate.; Fidelity skipped because transpiled circuit has 128 qubits.,202,237.6,24.19,301,365.2,100,117.1,128,"{'sx': 101, 'cz': 99, 'rz': 59, 'rx': 41, 'rzz': 1}",10,10,0,C:\Users\szymon\QuditsOnQubits\QuditsOnQubits\basis_direct_encoding_benchmarks\quantum_circuits\ame43\monomial_full__sup013_P120_ph121,C:\Users\szymon\QuditsOnQubits\QuditsOnQubits\basis_direct_encoding_benchmarks\quantum_circuits\ame43\monomial_full__sup013_P120_ph121\F3_W.qpy,C:\Users\szymon\QuditsOnQubits\QuditsOnQubits\basis_direct_encoding_benchmarks\quantum_circuits\ame43\monomial_full__sup013_P120_ph121\CZ3_W.qpy,C:\Users\szymon\QuditsOnQubits\QuditsOnQubits\basis_direct_encoding_benchmarks\quantum_circuits\ame43\monomial_full__sup013_P120_ph121\graph_state_direct_basis.qpy,C:\Users\szymon\QuditsOnQubits\QuditsOnQubits\basis_direct_encoding_benchmarks\quantum_circuits\ame43\monomial_full__sup013_P120_ph121\graph_state_direct_basis_transpiled.qpy,,C:\Users\szymon\QuditsOnQubits\QuditsOnQubits\basis_direct_encoding_benchmarks\quantum_circuits\ame43\monomial_full__sup013_P120_ph121\E.npy
direct_basis_encoding,ame43,ame43,ame43,ame43,4,4,8,sup013_P120_ph122,monomial,monomial_full,sup013_P120_ph122,False,True,100,196,296,200,,,1.630977,True,False,ok,,Converted from legacy E_new 4x3 isometry candidate.; Fidelity skipped because transpiled circuit has 128 qubits.,200,237.1,24.97,296,359.6,100,117.1,128,"{'sx': 101, 'cz': 99, 'rz': 54, 'rx': 41, 'rzz': 1}",10,10,0,C:\Users\szymon\QuditsOnQubits\QuditsOnQubits\basis_direct_encoding_benchmarks\quantum_circuits\ame43\monomial_full__sup013_P120_ph122,C:\Users\szymon\QuditsOnQubits\QuditsOnQubits\basis_direct_encoding_benchmarks\quantum_circuits\ame43\monomial_full__sup013_P120_ph122\F3_W.qpy,C:\Users\szymon\QuditsOnQubits\QuditsOnQubits\basis_direct_encoding_benchmarks\quantum_circuits\ame43\monomial_full__sup013_P120_ph122\CZ3_W.qpy,C:\Users\szymon\QuditsOnQubits\QuditsOnQubits\basis_direct_encoding_benchmarks\quantum_circuits\ame43\monomial_full__sup013_P120_ph122\graph_state_direct_basis.qpy,C:\Users\szymon\QuditsOnQubits\QuditsOnQubits\basis_direct_encoding_benchmarks\quantum_circuits\ame43\monomial_full__sup013_P120_ph122\graph_state_direct_basis_transpiled.qpy,,C:\Users\szymon\QuditsOnQubits\QuditsOnQubits\basis_direct_encoding_benchmarks\quantum_circuits\ame43\monomial_full__sup013_P120_ph122\E.npy
direct_basis_encoding,ame43,ame43,ame43,ame43,4,4,8,sup013_P120_ph200,monomial,monomial_full,sup013_P120_ph200,False,True,100,200,300,202,,,1.703102,True,False,ok,,Converted from legacy E_new 4x3 isometry candidate.; Fidelity skipped because transpiled circuit has 128 qubits.,202,237.6,24.19,300,364.7,100,117.1,128,"{'sx': 101, 'cz': 99, 'rz': 58, 'rx': 41, 'rzz': 1}",10,10,0,C:\Users\szymon\QuditsOnQubits\QuditsOnQubits\basis_direct_encoding_benchmarks\quantum_circuits\ame43\monomial_full__sup013_P120_ph200,C:\Users\szymon\QuditsOnQubits\QuditsOnQubits\basis_direct_encoding_benchmarks\quantum_circuits\ame43\monomial_full__sup013_P120_ph200\F3_W.qpy,C:\Users\szymon\QuditsOnQubits\QuditsOnQubits\basis_direct_encoding_benchmarks\quantum_circuits\ame43\monomial_full__sup013_P120_ph200\CZ3_W.qpy,C:\Users\szymon\QuditsOnQubits\QuditsOnQubits\basis_direct_encoding_benchmarks\quantum_circuits\ame43\monomial_full__sup013_P120_ph200\graph_state_direct_basis.qpy,C:\Users\szymon\QuditsOnQubits\QuditsOnQubits\basis_direct_encoding_benchmarks\quantum_circuits\ame43\monomial_full__sup013_P120_ph200\graph_state_direct_basis_transpiled.qpy,,C:\Users\szymon\QuditsOnQubits\QuditsOnQubits\basis_direct_encoding_benchmarks\quantum_circuits\ame43\monomial_full__sup013_P120_ph200\E.npy
direct_basis_encoding,ame43,ame43,ame43,ame43,4,4,8,sup013_P120_ph201,monomial,monomial_full,sup013_P120_ph201,False,True,100,197,297,200,,,1.600372,True,False,ok,,Converted from legacy E_new 4x3 isometry candidate.; Fidelity skipped because transpiled circuit has 128 qubits.,200,237.1,24.97,297,360.3,100,117.1,128,"{'sx': 101, 'cz': 99, 'rz': 55, 'rx': 41, 'rzz': 1}",10,10,0,C:\Users\szymon\QuditsOnQubits\QuditsOnQubits\basis_direct_encoding_benchmarks\quantum_circuits\ame43\monomial_full__sup013_P120_ph201,C:\Users\szymon\QuditsOnQubits\QuditsOnQubits\basis_direct_encoding_benchmarks\quantum_circuits\ame43\monomial_full__sup013_P120_ph201\F3_W.qpy,C:\Users\szymon\QuditsOnQubits\QuditsOnQubits\basis_direct_encoding_benchmarks\quantum_circuits\ame43\monomial_full__sup013_P120_ph201\CZ3_W.qpy,C:\Users\szymon\QuditsOnQubits\QuditsOnQubits\basis_direct_encoding_benchmarks\quantum_circuits\ame43\monomial_full__sup013_P120_ph201\graph_state_direct_basis.qpy,C:\Users\szymon\QuditsOnQubits\QuditsOnQubits\basis_direct_encoding_benchmarks\quantum_circuits\ame43\monomial_full__sup013_P120_ph201\graph_state_direct_basis_transpiled.qpy,,C:\Users\szymon\QuditsOnQubits\QuditsOnQubits\basis_direct_encoding_benchmarks\quantum_circuits\ame43\monomial_full__sup013_P120_ph201\E.npy
direct_basis_encoding,ame43,ame43,ame43,ame43,4,4,8,sup013_P120_ph202,monomial,monomial_full,sup013_P120_ph202,False,True,100,202,302,203,,,1.81739,True,False,ok,,Converted from legacy E_new 4x3 isometry candidate.; Fidelity skipped because transpiled circuit has 128 qubits.,203,238.1,24.36,302,366.2,100,117.1,128,"{'sx': 101, 'cz': 99, 'rz': 60, 'rx': 41, 'rzz': 1}",10,10,0,C:\Users\szymon\QuditsOnQubits\QuditsOnQubits\basis_direct_encoding_benchmarks\quantum_circuits\ame43\monomial_full__sup013_P120_ph202,C:\Users\szymon\QuditsOnQubits\QuditsOnQubits\basis_direct_encoding_benchmarks\quantum_circuits\ame43\monomial_full__sup013_P120_ph202\F3_W.qpy,C:\Users\szymon\QuditsOnQubits\QuditsOnQubits\basis_direct_encoding_benchmarks\quantum_circuits\ame43\monomial_full__sup013_P120_ph202\CZ3_W.qpy,C:\Users\szymon\QuditsOnQubits\QuditsOnQubits\basis_direct_encoding_benchmarks\quantum_circuits\ame43\monomial_full__sup013_P120_ph202\graph_state_direct_basis.qpy,C:\Users\szymon\QuditsOnQubits\QuditsOnQubits\basis_direct_encoding_benchmarks\quantum_circuits\ame43\monomial_full__sup013_P120_ph202\graph_state_direct_basis_transpiled.qpy,,C:\Users\szymon\QuditsOnQubits\QuditsOnQubits\basis_direct_encoding_benchmarks\quantum_circuits\ame43\monomial_full__sup013_P120_ph202\E.npy
direct_basis_encoding,ame43,ame43,ame43,ame43,4,4,8,sup013_P120_ph210,monomial,monomial_full,sup013_P120_ph210,False,True,100,203,303,203,,,1.905727,True,False,ok,,Converted from legacy E_new 4x3 isometry candidate.; Fidelity skipped because transpiled circuit has 128 qubits.,203,238.3,24.29,303,366.9,100,117.1,128,"{'sx': 101, 'cz': 99, 'rz': 60, 'rx': 42, 'rzz': 1}",10,10,0,C:\Users\szymon\QuditsOnQubits\QuditsOnQubits\basis_direct_encoding_benchmarks\quantum_circuits\ame43\monomial_full__sup013_P120_ph210,C:\Users\szymon\QuditsOnQubits\QuditsOnQubits\basis_direct_encoding_benchmarks\quantum_circuits\ame43\monomial_full__sup013_P120_ph210\F3_W.qpy,C:\Users\szymon\QuditsOnQubits\QuditsOnQubits\basis_direct_encoding_benchmarks\quantum_circuits\ame43\monomial_full__sup013_P120_ph210\CZ3_W.qpy,C:\Users\szymon\QuditsOnQubits\QuditsOnQubits\basis_direct_encoding_benchmarks\quantum_circuits\ame43\monomial_full__sup013_P120_ph210\graph_state_direct_basis.qpy,C:\Users\szymon\QuditsOnQubits\QuditsOnQubits\basis_direct_encoding_benchmarks\quantum_circuits\ame43\monomial_full__sup013_P120_ph210\graph_state_direct_basis_transpiled.qpy,,C:\Users\szymon\QuditsOnQubits\QuditsOnQubits\basis_direct_encoding_benchmarks\quantum_circuits\ame43\monomial_full__sup013_P120_ph210\E.npy
direct_basis_encoding,ame43,ame43,ame43,ame43,4,4,8,sup013_P120_ph211,monomial,monomial_full,sup013_P120_ph211,False,True,100,197,297,200,,,1.754831,True,False,ok,,Converted from legacy E_new 4x3 isometry candidate.; Fidelity skipped because transpiled circuit has 128 qubits.,200,237.1,24.97,297,359.6,100,117.1,128,"{'sx': 101, 'cz': 99, 'rz': 54, 'rx': 42, 'rzz': 1}",10,10,0,C:\Users\szymon\QuditsOnQubits\QuditsOnQubits\basis_direct_encoding_benchmarks\quantum_circuits\ame43\monomial_full__sup013_P120_ph211,C:\Users\szymon\QuditsOnQubits\QuditsOnQubits\basis_direct_encoding_benchmarks\quantum_circuits\ame43\monomial_full__sup013_P120_ph211\F3_W.qpy,C:\Users\szymon\QuditsOnQubits\QuditsOnQubits\basis_direct_encoding_benchmarks\quantum_circuits\ame43\monomial_full__sup013_P120_ph211\CZ3_W.qpy,C:\Users\szymon\QuditsOnQubits\QuditsOnQubits\basis_direct_encoding_benchmarks\quantum_circuits\ame43\monomial_full__sup013_P120_ph211\graph_state_direct_basis.qpy,C:\Users\szymon\QuditsOnQubits\QuditsOnQubits\basis_direct_encoding_benchmarks\quantum_circuits\ame43\monomial_full__sup013_P120_ph211\graph_state_direct_basis_transpiled.qpy,,C:\Users\szymon\QuditsOnQubits\QuditsOnQubits\basis_direct_encoding_benchmarks\quantum_circuits\ame43\monomial_full__sup013_P120_ph211\E.npy
direct_basis_encoding,ame43,ame43,ame43,ame43,4,4,8,sup013_P120_ph212,monomial,monomial_full,sup013_P120_ph212,False,True,100,202,302,202,,,1.601498,True,False,ok,,Converted from legacy E_new 4x3 isometry candidate.; Fidelity skipped because transpiled circuit has 128 qubits.,202,237.6,24.19,302,365.6,100,117.1,128,"{'sx': 101, 'cz': 99, 'rz': 59, 'rx': 42, 'rzz': 1}",10,10,0,C:\Users\szymon\QuditsOnQubits\QuditsOnQubits\basis_direct_encoding_benchmarks\quantum_circuits\ame43\monomial_full__sup013_P120_ph212,C:\Users\szymon\QuditsOnQubits\QuditsOnQubits\basis_direct_encoding_benchmarks\quantum_circuits\ame43\monomial_full__sup013_P120_ph212\F3_W.qpy,C:\Users\szymon\QuditsOnQubits\QuditsOnQubits\basis_direct_encoding_benchmarks\quantum_circuits\ame43\monomial_full__sup013_P120_ph212\CZ3_W.qpy,C:\Users\szymon\QuditsOnQubits\QuditsOnQubits\basis_direct_encoding_benchmarks\quantum_circuits\ame43\monomial_full__sup013_P120_ph212\graph_state_direct_basis.qpy,C:\Users\szymon\QuditsOnQubits\QuditsOnQubits\basis_direct_encoding_benchmarks\quantum_circuits\ame43\monomial_full__sup013_P120_ph212\graph_state_direct_basis_transpiled.qpy,,C:\Users\szymon\QuditsOnQubits\QuditsOnQubits\basis_direct_encoding_benchmarks\quantum_circuits\ame43\monomial_full__sup013_P120_ph212\E.npy
direct_basis_encoding,ame43,ame43,ame43,ame43,4,4,8,sup013_P120_ph220,monomial,monomial_full,sup013_P120_ph220,False,True,100,199,299,200,,,1.522341,True,False,ok,,Converted from legacy E_new 4x3 isometry candidate.; Fidelity skipped because transpiled circuit has 128 qubits.,200,237.2,24.87,299,365.4,100,117.1,128,"{'sx': 101, 'cz': 99, 'rz': 57, 'rx': 41, 'rzz': 1}",10,10,0,C:\Users\szymon\QuditsOnQubits\QuditsOnQubits\basis_direct_encoding_benchmarks\quantum_circuits\ame43\monomial_full__sup013_P120_ph220,C:\Users\szymon\QuditsOnQubits\QuditsOnQubits\basis_direct_encoding_benchmarks\quantum_circuits\ame43\monomial_full__sup013_P120_ph220\F3_W.qpy,C:\Users\szymon\QuditsOnQubits\QuditsOnQubits\basis_direct_encoding_benchmarks\quantum_circuits\ame43\monomial_full__sup013_P120_ph220\CZ3_W.qpy,C:\Users\szymon\QuditsOnQubits\QuditsOnQubits\basis_direct_encoding_benchmarks\quantum_circuits\ame43\monomial_full__sup013_P120_ph220\graph_state_direct_basis.qpy,C:\Users\szymon\QuditsOnQubits\QuditsOnQubits\basis_direct_encoding_benchmarks\quantum_circuits\ame43\monomial_full__sup013_P120_ph220\graph_state_direct_basis_transpiled.qpy,,C:\Users\szymon\QuditsOnQubits\QuditsOnQubits\basis_direct_encoding_benchmarks\quantum_circuits\ame43\monomial_full__sup013_P120_ph220\E.npy
direct_basis_encoding,ame43,ame43,ame43,ame43,4,4,8,sup013_P120_ph221,monomial,monomial_full,sup013_P120_ph221,False,True,100,194,294,196,,,1.5538,True,False,ok,,Converted from legacy E_new 4x3 isometry candidate.; Fidelity skipped because transpiled circuit has 128 qubits.,196,235.3,25.46,294,358.0,100,117.1,128,"{'sx': 101, 'cz': 99, 'rz': 51, 'rx': 42, 'rzz': 1}",10,10,0,C:\Users\szymon\QuditsOnQubits\QuditsOnQubits\basis_direct_encoding_benchmarks\quantum_circuits\ame43\monomial_full__sup013_P120_ph221,C:\Users\szymon\QuditsOnQubits\QuditsOnQubits\basis_direct_encoding_benchmarks\quantum_circuits\ame43\monomial_full__sup013_P120_ph221\F3_W.qpy,C:\Users\szymon\QuditsOnQubits\QuditsOnQubits\basis_direct_encoding_benchmarks\quantum_circuits\ame43\monomial_full__sup013_P120_ph221\CZ3_W.qpy,C:\Users\szymon\QuditsOnQubits\QuditsOnQubits\basis_direct_encoding_benchmarks\quantum_circuits\ame43\monomial_full__sup013_P120_ph221\graph_state_direct_basis.qpy,C:\Users\szymon\QuditsOnQubits\QuditsOnQubits\basis_direct_encoding_benchmarks\quantum_circuits\ame43\monomial_full__sup013_P120_ph221\graph_state_direct_basis_transpiled.qpy,,C:\Users\szymon\QuditsOnQubits\QuditsOnQubits\basis_direct_encoding_benchmarks\quantum_circuits\ame43\monomial_full__sup013_P120_ph221\E.npy
direct_basis_encoding,ame43,ame43,ame43,ame43,4,4,8,sup013_P120_ph222,monomial,monomial_full,sup013_P120_ph222,False,True,100,199,299,200,,,1.585366,True,False,ok,,Converted from legacy E_new 4x3 isometry candidate.; Fidelity skipped because transpiled circuit has 128 qubits.,200,237.2,24.87,299,365.0,100,117.1,128,"{'sx': 101, 'cz': 99, 'rz': 56, 'rx': 42, 'rzz': 1}",10,10,0,C:\Users\szymon\QuditsOnQubits\QuditsOnQubits\basis_direct_encoding_benchmarks\quantum_circuits\ame43\monomial_full__sup013_P120_ph222,C:\Users\szymon\QuditsOnQubits\QuditsOnQubits\basis_direct_encoding_benchmarks\quantum_circuits\ame43\monomial_full__sup013_P120_ph222\F3_W.qpy,C:\Users\szymon\QuditsOnQubits\QuditsOnQubits\basis_direct_encoding_benchmarks\quantum_circuits\ame43\monomial_full__sup013_P120_ph222\CZ3_W.qpy,C:\Users\szymon\QuditsOnQubits\QuditsOnQubits\basis_direct_encoding_benchmarks\quantum_circuits\ame43\monomial_full__sup013_P120_ph222\graph_state_direct_basis.qpy,C:\Users\szymon\QuditsOnQubits\QuditsOnQubits\basis_direct_encoding_benchmarks\quantum_circuits\ame43\monomial_full__sup013_P120_ph222\graph_state_direct_basis_transpiled.qpy,,C:\Users\szymon\QuditsOnQubits\QuditsOnQubits\basis_direct_encoding_benchmarks\quantum_circuits\ame43\monomial_full__sup013_P120_ph222\E.npy
direct_basis_encoding,ame43,ame43,ame43,ame43,4,4,8,sup013_P201_ph000,monomial,monomial_full,sup013_P201_ph000,False,True,101,217,318,156,,,1.797581,True,False,ok,,Converted from legacy E_new 4x3 isometry candidate.; Fidelity skipped because transpiled circuit has 128 qubits.,156,181.2,16.08,318,338.5,101,107.9,128,"{'sx': 118, 'cz': 98, 'rz': 59, 'rx': 40, 'rzz': 3}",10,10,0,C:\Users\szymon\QuditsOnQubits\QuditsOnQubits\basis_direct_encoding_benchmarks\quantum_circuits\ame43\monomial_full__sup013_P201_ph000,C:\Users\szymon\QuditsOnQubits\QuditsOnQubits\basis_direct_encoding_benchmarks\quantum_circuits\ame43\monomial_full__sup013_P201_ph000\F3_W.qpy,C:\Users\szymon\QuditsOnQubits\QuditsOnQubits\basis_direct_encoding_benchmarks\quantum_circuits\ame43\monomial_full__sup013_P201_ph000\CZ3_W.qpy,C:\Users\szymon\QuditsOnQubits\QuditsOnQubits\basis_direct_encoding_benchmarks\quantum_circuits\ame43\monomial_full__sup013_P201_ph000\graph_state_direct_basis.qpy,C:\Users\szymon\QuditsOnQubits\QuditsOnQubits\basis_direct_encoding_benchmarks\quantum_circuits\ame43\monomial_full__sup013_P201_ph000\graph_state_direct_basis_transpiled.qpy,,C:\Users\szymon\QuditsOnQubits\QuditsOnQubits\basis_direct_encoding_benchmarks\quantum_circuits\ame43\monomial_full__sup013_P201_ph000\E.npy
direct_basis_encoding,ame43,ame43,ame43,ame43,4,4,8,sup013_P201_ph001,monomial,monomial_full,sup013_P201_ph001,False,True,101,226,327,157,,,1.598401,True,False,ok,,Converted from legacy E_new 4x3 isometry candidate.; Fidelity skipped because transpiled circuit has 128 qubits.,157,182.7,16.12,327,348.3,101,107.9,128,"{'sx': 118, 'cz': 98, 'rz': 68, 'rx': 40, 'rzz': 3}",10,10,0,C:\Users\szymon\QuditsOnQubits\QuditsOnQubits\basis_direct_encoding_benchmarks\quantum_circuits\ame43\monomial_full__sup013_P201_ph001,C:\Users\szymon\QuditsOnQubits\QuditsOnQubits\basis_direct_encoding_benchmarks\quantum_circuits\ame43\monomial_full__sup013_P201_ph001\F3_W.qpy,C:\Users\szymon\QuditsOnQubits\QuditsOnQubits\basis_direct_encoding_benchmarks\quantum_circuits\ame43\monomial_full__sup013_P201_ph001\CZ3_W.qpy,C:\Users\szymon\QuditsOnQubits\QuditsOnQubits\basis_direct_encoding_benchmarks\quantum_circuits\ame43\monomial_full__sup013_P201_ph001\graph_state_direct_basis.qpy,C:\Users\szymon\QuditsOnQubits\QuditsOnQubits\basis_direct_encoding_benchmarks\quantum_circuits\ame43\monomial_full__sup013_P201_ph001\graph_state_direct_basis_transpiled.qpy,,C:\Users\szymon\QuditsOnQubits\QuditsOnQubits\basis_direct_encoding_benchmarks\quantum_circuits\ame43\monomial_full__sup013_P201_ph001\E.npy
direct_basis_encoding,ame43,ame43,ame43,ame43,4,4,8,sup013_P201_ph002,monomial,monomial_full,sup013_P201_ph002,False,True,101,226,327,157,,,1.528021,True,False,ok,,Converted from legacy E_new 4x3 isometry candidate.; Fidelity skipped because transpiled circuit has 128 qubits.,157,182.7,16.12,327,348.2,101,107.9,128,"{'sx': 118, 'cz': 98, 'rz': 68, 'rx': 40, 'rzz': 3}",10,10,0,C:\Users\szymon\QuditsOnQubits\QuditsOnQubits\basis_direct_encoding_benchmarks\quantum_circuits\ame43\monomial_full__sup013_P201_ph002,C:\Users\szymon\QuditsOnQubits\QuditsOnQubits\basis_direct_encoding_benchmarks\quantum_circuits\ame43\monomial_full__sup013_P201_ph002\F3_W.qpy,C:\Users\szymon\QuditsOnQubits\QuditsOnQubits\basis_direct_encoding_benchmarks\quantum_circuits\ame43\monomial_full__sup013_P201_ph002\CZ3_W.qpy,C:\Users\szymon\QuditsOnQubits\QuditsOnQubits\basis_direct_encoding_benchmarks\quantum_circuits\ame43\monomial_full__sup013_P201_ph002\graph_state_direct_basis.qpy,C:\Users\szymon\QuditsOnQubits\QuditsOnQubits\basis_direct_encoding_benchmarks\quantum_circuits\ame43\monomial_full__sup013_P201_ph002\graph_state_direct_basis_transpiled.qpy,,C:\Users\szymon\QuditsOnQubits\QuditsOnQubits\basis_direct_encoding_benchmarks\quantum_circuits\ame43\monomial_full__sup013_P201_ph002\E.npy
direct_basis_encoding,ame43,ame43,ame43,ame43,4,4,8,sup013_P201_ph010,monomial,monomial_full,sup013_P201_ph010,False,True,101,221,322,157,,,1.880237,True,False,ok,,Converted from legacy E_new 4x3 isometry candidate.; Fidelity skipped because transpiled circuit has 128 qubits.,157,182.7,16.12,322,342.4,101,107.9,128,"{'sx': 118, 'cz': 98, 'rz': 63, 'rx': 40, 'rzz': 3}",10,10,0,C:\Users\szymon\QuditsOnQubits\QuditsOnQubits\basis_direct_encoding_benchmarks\quantum_circuits\ame43\monomial_full__sup013_P201_ph010,C:\Users\szymon\QuditsOnQubits\QuditsOnQubits\basis_direct_encoding_benchmarks\quantum_circuits\ame43\monomial_full__sup013_P201_ph010\F3_W.qpy,C:\Users\szymon\QuditsOnQubits\QuditsOnQubits\basis_direct_encoding_benchmarks\quantum_circuits\ame43\monomial_full__sup013_P201_ph010\CZ3_W.qpy,C:\Users\szymon\QuditsOnQubits\QuditsOnQubits\basis_direct_encoding_benchmarks\quantum_circuits\ame43\monomial_full__sup013_P201_ph010\graph_state_direct_basis.qpy,C:\Users\szymon\QuditsOnQubits\QuditsOnQubits\basis_direct_encoding_benchmarks\quantum_circuits\ame43\monomial_full__sup013_P201_ph010\graph_state_direct_basis_transpiled.qpy,,C:\Users\szymon\QuditsOnQubits\QuditsOnQubits\basis_direct_encoding_benchmarks\quantum_circuits\ame43\monomial_full__sup013_P201_ph010\E.npy
direct_basis_encoding,ame43,ame43,ame43,ame43,4,4,8,sup013_P201_ph011,monomial,monomial_full,sup013_P201_ph011,False,True,101,227,328,158,,,1.423319,True,False,ok,,Converted from legacy E_new 4x3 isometry candidate.; Fidelity skipped because transpiled circuit has 128 qubits.,158,183.6,16.02,328,348.1,101,107.9,128,"{'sx': 118, 'cz': 98, 'rz': 69, 'rx': 40, 'rzz': 3}",10,10,0,C:\Users\szymon\QuditsOnQubits\QuditsOnQubits\basis_direct_encoding_benchmarks\quantum_circuits\ame43\monomial_full__sup013_P201_ph011,C:\Users\szymon\QuditsOnQubits\QuditsOnQubits\basis_direct_encoding_benchmarks\quantum_circuits\ame43\monomial_full__sup013_P201_ph011\F3_W.qpy,C:\Users\szymon\QuditsOnQubits\QuditsOnQubits\basis_direct_encoding_benchmarks\quantum_circuits\ame43\monomial_full__sup013_P201_ph011\CZ3_W.qpy,C:\Users\szymon\QuditsOnQubits\QuditsOnQubits\basis_direct_encoding_benchmarks\quantum_circuits\ame43\monomial_full__sup013_P201_ph011\graph_state_direct_basis.qpy,C:\Users\szymon\QuditsOnQubits\QuditsOnQubits\basis_direct_encoding_benchmarks\quantum_circuits\ame43\monomial_full__sup013_P201_ph011\graph_state_direct_basis_transpiled.qpy,,C:\Users\szymon\QuditsOnQubits\QuditsOnQubits\basis_direct_encoding_benchmarks\quantum_circuits\ame43\monomial_full__sup013_P201_ph011\E.npy
direct_basis_encoding,ame43,ame43,ame43,ame43,4,4,8,sup013_P201_ph012,monomial,monomial_full,sup013_P201_ph012,False,True,101,226,327,158,,,1.543501,True,False,ok,,Converted from legacy E_new 4x3 isometry candidate.; Fidelity skipped because transpiled circuit has 128 qubits.,158,183.0,15.88,327,347.4,101,107.9,128,"{'sx': 118, 'cz': 98, 'rz': 69, 'rx': 39, 'rzz': 3}",10,10,0,C:\Users\szymon\QuditsOnQubits\QuditsOnQubits\basis_direct_encoding_benchmarks\quantum_circuits\ame43\monomial_full__sup013_P201_ph012,C:\Users\szymon\QuditsOnQubits\QuditsOnQubits\basis_direct_encoding_benchmarks\quantum_circuits\ame43\monomial_full__sup013_P201_ph012\F3_W.qpy,C:\Users\szymon\QuditsOnQubits\QuditsOnQubits\basis_direct_encoding_benchmarks\quantum_circuits\ame43\monomial_full__sup013_P201_ph012\CZ3_W.qpy,C:\Users\szymon\QuditsOnQubits\QuditsOnQubits\basis_direct_encoding_benchmarks\quantum_circuits\ame43\monomial_full__sup013_P201_ph012\graph_state_direct_basis.qpy,C:\Users\szymon\QuditsOnQubits\QuditsOnQubits\basis_direct_encoding_benchmarks\quantum_circuits\ame43\monomial_full__sup013_P201_ph012\graph_state_direct_basis_transpiled.qpy,,C:\Users\szymon\QuditsOnQubits\QuditsOnQubits\basis_direct_encoding_benchmarks\quantum_circuits\ame43\monomial_full__sup013_P201_ph012\E.npy
direct_basis_encoding,ame43,ame43,ame43,ame43,4,4,8,sup013_P201_ph020,monomial,monomial_full,sup013_P201_ph020,False,True,101,221,322,157,,,1.474314,True,False,ok,,Converted from legacy E_new 4x3 isometry candidate.; Fidelity skipped because transpiled circuit has 128 qubits.,157,182.7,16.12,322,342.4,101,107.9,128,"{'sx': 118, 'cz': 98, 'rz': 63, 'rx': 40, 'rzz': 3}",10,10,0,C:\Users\szymon\QuditsOnQubits\QuditsOnQubits\basis_direct_encoding_benchmarks\quantum_circuits\ame43\monomial_full__sup013_P201_ph020,C:\Users\szymon\QuditsOnQubits\QuditsOnQubits\basis_direct_encoding_benchmarks\quantum_circuits\ame43\monomial_full__sup013_P201_ph020\F3_W.qpy,C:\Users\szymon\QuditsOnQubits\QuditsOnQubits\basis_direct_encoding_benchmarks\quantum_circuits\ame43\monomial_full__sup013_P201_ph020\CZ3_W.qpy,C:\Users\szymon\QuditsOnQubits\QuditsOnQubits\basis_direct_encoding_benchmarks\quantum_circuits\ame43\monomial_full__sup013_P201_ph020\graph_state_direct_basis.qpy,C:\Users\szymon\QuditsOnQubits\QuditsOnQubits\basis_direct_encoding_benchmarks\quantum_circuits\ame43\monomial_full__sup013_P201_ph020\graph_state_direct_basis_transpiled.qpy,,C:\Users\szymon\QuditsOnQubits\QuditsOnQubits\basis_direct_encoding_benchmarks\quantum_circuits\ame43\monomial_full__sup013_P201_ph020\E.npy
direct_basis_encoding,ame43,ame43,ame43,ame43,4,4,8,sup013_P201_ph021,monomial,monomial_full,sup013_P201_ph021,False,True,101,226,327,158,,,1.391906,True,False,ok,,Converted from legacy E_new 4x3 isometry candidate.; Fidelity skipped because transpiled circuit has 128 qubits.,158,183.0,15.88,327,347.8,101,107.9,128,"{'sx': 118, 'cz': 98, 'rz': 69, 'rx': 39, 'rzz': 3}",10,10,0,C:\Users\szymon\QuditsOnQubits\QuditsOnQubits\basis_direct_encoding_benchmarks\quantum_circuits\ame43\monomial_full__sup013_P201_ph021,C:\Users\szymon\QuditsOnQubits\QuditsOnQubits\basis_direct_encoding_benchmarks\quantum_circuits\ame43\monomial_full__sup013_P201_ph021\F3_W.qpy,C:\Users\szymon\QuditsOnQubits\QuditsOnQubits\basis_direct_encoding_benchmarks\quantum_circuits\ame43\monomial_full__sup013_P201_ph021\CZ3_W.qpy,C:\Users\szymon\QuditsOnQubits\QuditsOnQubits\basis_direct_encoding_benchmarks\quantum_circuits\ame43\monomial_full__sup013_P201_ph021\graph_state_direct_basis.qpy,C:\Users\szymon\QuditsOnQubits\QuditsOnQubits\basis_direct_encoding_benchmarks\quantum_circuits\ame43\monomial_full__sup013_P201_ph021\graph_state_direct_basis_transpiled.qpy,,C:\Users\szymon\QuditsOnQubits\QuditsOnQubits\basis_direct_encoding_benchmarks\quantum_circuits\ame43\monomial_full__sup013_P201_ph021\E.npy
direct_basis_encoding,ame43,ame43,ame43,ame43,4,4,8,sup013_P201_ph022,monomial,monomial_full,sup013_P201_ph022,False,True,101,227,328,158,,,1.516387,True,False,ok,,Converted from legacy E_new 4x3 isometry candidate.; Fidelity skipped because transpiled circuit has 128 qubits.,158,183.6,16.02,328,348.0,101,107.9,128,"{'sx': 118, 'cz': 98, 'rz': 69, 'rx': 40, 'rzz': 3}",10,10,0,C:\Users\szymon\QuditsOnQubits\QuditsOnQubits\basis_direct_encoding_benchmarks\quantum_circuits\ame43\monomial_full__sup013_P201_ph022,C:\Users\szymon\QuditsOnQubits\QuditsOnQubits\basis_direct_encoding_benchmarks\quantum_circuits\ame43\monomial_full__sup013_P201_ph022\F3_W.qpy,C:\Users\szymon\QuditsOnQubits\QuditsOnQubits\basis_direct_encoding_benchmarks\quantum_circuits\ame43\monomial_full__sup013_P201_ph022\CZ3_W.qpy,C:\Users\szymon\QuditsOnQubits\QuditsOnQubits\basis_direct_encoding_benchmarks\quantum_circuits\ame43\monomial_full__sup013_P201_ph022\graph_state_direct_basis.qpy,C:\Users\szymon\QuditsOnQubits\QuditsOnQubits\basis_direct_encoding_benchmarks\quantum_circuits\ame43\monomial_full__sup013_P201_ph022\graph_state_direct_basis_transpiled.qpy,,C:\Users\szymon\QuditsOnQubits\QuditsOnQubits\basis_direct_encoding_benchmarks\quantum_circuits\ame43\monomial_full__sup013_P201_ph022\E.npy
direct_basis_encoding,ame43,ame43,ame43,ame43,4,4,8,sup013_P201_ph100,monomial,monomial_full,sup013_P201_ph100,False,True,101,225,326,158,,,1.540184,True,False,ok,,Converted from legacy E_new 4x3 isometry candidate.; Fidelity skipped because transpiled circuit has 128 qubits.,158,183.0,15.88,326,346.5,101,107.9,128,"{'sx': 118, 'cz': 98, 'rz': 68, 'rx': 39, 'rzz': 3}",10,10,0,C:\Users\szymon\QuditsOnQubits\QuditsOnQubits\basis_direct_encoding_benchmarks\quantum_circuits\ame43\monomial_full__sup013_P201_ph100,C:\Users\szymon\QuditsOnQubits\QuditsOnQubits\basis_direct_encoding_benchmarks\quantum_circuits\ame43\monomial_full__sup013_P201_ph100\F3_W.qpy,C:\Users\szymon\QuditsOnQubits\QuditsOnQubits\basis_direct_encoding_benchmarks\quantum_circuits\ame43\monomial_full__sup013_P201_ph100\CZ3_W.qpy,C:\Users\szymon\QuditsOnQubits\QuditsOnQubits\basis_direct_encoding_benchmarks\quantum_circuits\ame43\monomial_full__sup013_P201_ph100\graph_state_direct_basis.qpy,C:\Users\szymon\QuditsOnQubits\QuditsOnQubits\basis_direct_encoding_benchmarks\quantum_circuits\ame43\monomial_full__sup013_P201_ph100\graph_state_direct_basis_transpiled.qpy,,C:\Users\szymon\QuditsOnQubits\QuditsOnQubits\basis_direct_encoding_benchmarks\quantum_circuits\ame43\monomial_full__sup013_P201_ph100\E.npy
direct_basis_encoding,ame43,ame43,ame43,ame43,4,4,8,sup013_P201_ph101,monomial,monomial_full,sup013_P201_ph101,False,True,101,228,329,158,,,1.512195,True,False,ok,,Converted from legacy E_new 4x3 isometry candidate.; Fidelity skipped because transpiled circuit has 128 qubits.,158,183.6,16.02,329,348.9,101,107.9,128,"{'sx': 118, 'cz': 98, 'rz': 70, 'rx': 40, 'rzz': 3}",10,10,0,C:\Users\szymon\QuditsOnQubits\QuditsOnQubits\basis_direct_encoding_benchmarks\quantum_circuits\ame43\monomial_full__sup013_P201_ph101,C:\Users\szymon\QuditsOnQubits\QuditsOnQubits\basis_direct_encoding_benchmarks\quantum_circuits\ame43\monomial_full__sup013_P201_ph101\F3_W.qpy,C:\Users\szymon\QuditsOnQubits\QuditsOnQubits\basis_direct_encoding_benchmarks\quantum_circuits\ame43\monomial_full__sup013_P201_ph101\CZ3_W.qpy,C:\Users\szymon\QuditsOnQubits\QuditsOnQubits\basis_direct_encoding_benchmarks\quantum_circuits\ame43\monomial_full__sup013_P201_ph101\graph_state_direct_basis.qpy,C:\Users\szymon\QuditsOnQubits\QuditsOnQubits\basis_direct_encoding_benchmarks\quantum_circuits\ame43\monomial_full__sup013_P201_ph101\graph_state_direct_basis_transpiled.qpy,,C:\Users\szymon\QuditsOnQubits\QuditsOnQubits\basis_direct_encoding_benchmarks\quantum_circuits\ame43\monomial_full__sup013_P201_ph101\E.npy
direct_basis_encoding,ame43,ame43,ame43,ame43,4,4,8,sup013_P201_ph102,monomial,monomial_full,sup013_P201_ph102,False,True,101,221,322,157,,,1.601357,True,False,ok,,Converted from legacy E_new 4x3 isometry candidate.; Fidelity skipped because transpiled circuit has 128 qubits.,157,182.7,16.12,322,342.8,101,107.9,128,"{'sx': 118, 'cz': 98, 'rz': 63, 'rx': 40, 'rzz': 3}",10,10,0,C:\Users\szymon\QuditsOnQubits\QuditsOnQubits\basis_direct_encoding_benchmarks\quantum_circuits\ame43\monomial_full__sup013_P201_ph102,C:\Users\szymon\QuditsOnQubits\QuditsOnQubits\basis_direct_encoding_benchmarks\quantum_circuits\ame43\monomial_full__sup013_P201_ph102\F3_W.qpy,C:\Users\szymon\QuditsOnQubits\QuditsOnQubits\basis_direct_encoding_benchmarks\quantum_circuits\ame43\monomial_full__sup013_P201_ph102\CZ3_W.qpy,C:\Users\szymon\QuditsOnQubits\QuditsOnQubits\basis_direct_encoding_benchmarks\quantum_circuits\ame43\monomial_full__sup013_P201_ph102\graph_state_direct_basis.qpy,C:\Users\szymon\QuditsOnQubits\QuditsOnQubits\basis_direct_encoding_benchmarks\quantum_circuits\ame43\monomial_full__sup013_P201_ph102\graph_state_direct_basis_transpiled.qpy,,C:\Users\szymon\QuditsOnQubits\QuditsOnQubits\basis_direct_encoding_benchmarks\quantum_circuits\ame43\monomial_full__sup013_P201_ph102\E.npy
direct_basis_encoding,ame43,ame43,ame43,ame43,4,4,8,sup013_P201_ph110,monomial,monomial_full,sup013_P201_ph110,False,True,101,226,327,157,,,1.44673,True,False,ok,,Converted from legacy E_new 4x3 isometry candidate.; Fidelity skipped because transpiled circuit has 128 qubits.,157,182.7,16.12,327,348.2,101,107.9,128,"{'sx': 118, 'cz': 98, 'rz': 68, 'rx': 40, 'rzz': 3}",10,10,0,C:\Users\szymon\QuditsOnQubits\QuditsOnQubits\basis_direct_encoding_benchmarks\quantum_circuits\ame43\monomial_full__sup013_P201_ph110,C:\Users\szymon\QuditsOnQubits\QuditsOnQubits\basis_direct_encoding_benchmarks\quantum_circuits\ame43\monomial_full__sup013_P201_ph110\F3_W.qpy,C:\Users\szymon\QuditsOnQubits\QuditsOnQubits\basis_direct_encoding_benchmarks\quantum_circuits\ame43\monomial_full__sup013_P201_ph110\CZ3_W.qpy,C:\Users\szymon\QuditsOnQubits\QuditsOnQubits\basis_direct_encoding_benchmarks\quantum_circuits\ame43\monomial_full__sup013_P201_ph110\graph_state_direct_basis.qpy,C:\Users\szymon\QuditsOnQubits\QuditsOnQubits\basis_direct_encoding_benchmarks\quantum_circuits\ame43\monomial_full__sup013_P201_ph110\graph_state_direct_basis_transpiled.qpy,,C:\Users\szymon\QuditsOnQubits\QuditsOnQubits\basis_direct_encoding_benchmarks\quantum_circuits\ame43\monomial_full__sup013_P201_ph110\E.npy
direct_basis_encoding,ame43,ame43,ame43,ame43,4,4,8,sup013_P201_ph111,monomial,monomial_full,sup013_P201_ph111,False,True,101,225,326,157,,,1.621722,True,False,ok,,Converted from legacy E_new 4x3 isometry candidate.; Fidelity skipped because transpiled circuit has 128 qubits.,157,182.7,16.12,326,346.9,101,107.9,128,"{'sx': 118, 'cz': 98, 'rz': 67, 'rx': 40, 'rzz': 3}",10,10,0,C:\Users\szymon\QuditsOnQubits\QuditsOnQubits\basis_direct_encoding_benchmarks\quantum_circuits\ame43\monomial_full__sup013_P201_ph111,C:\Users\szymon\QuditsOnQubits\QuditsOnQubits\basis_direct_encoding_benchmarks\quantum_circuits\ame43\monomial_full__sup013_P201_ph111\F3_W.qpy,C:\Users\szymon\QuditsOnQubits\QuditsOnQubits\basis_direct_encoding_benchmarks\quantum_circuits\ame43\monomial_full__sup013_P201_ph111\CZ3_W.qpy,C:\Users\szymon\QuditsOnQubits\QuditsOnQubits\basis_direct_encoding_benchmarks\quantum_circuits\ame43\monomial_full__sup013_P201_ph111\graph_state_direct_basis.qpy,C:\Users\szymon\QuditsOnQubits\QuditsOnQubits\basis_direct_encoding_benchmarks\quantum_circuits\ame43\monomial_full__sup013_P201_ph111\graph_state_direct_basis_transpiled.qpy,,C:\Users\szymon\QuditsOnQubits\QuditsOnQubits\basis_direct_encoding_benchmarks\quantum_circuits\ame43\monomial_full__sup013_P201_ph111\E.npy
direct_basis_encoding,ame43,ame43,ame43,ame43,4,4,8,sup013_P201_ph112,monomial,monomial_full,sup013_P201_ph112,False,True,101,218,319,156,,,1.372971,True,False,ok,,Converted from legacy E_new 4x3 isometry candidate.; Fidelity skipped because transpiled circuit has 128 qubits.,156,181.2,16.08,319,339.8,101,107.9,128,"{'sx': 118, 'cz': 98, 'rz': 60, 'rx': 40, 'rzz': 3}",10,10,0,C:\Users\szymon\QuditsOnQubits\QuditsOnQubits\basis_direct_encoding_benchmarks\quantum_circuits\ame43\monomial_full__sup013_P201_ph112,C:\Users\szymon\QuditsOnQubits\QuditsOnQubits\basis_direct_encoding_benchmarks\quantum_circuits\ame43\monomial_full__sup013_P201_ph112\F3_W.qpy,C:\Users\szymon\QuditsOnQubits\QuditsOnQubits\basis_direct_encoding_benchmarks\quantum_circuits\ame43\monomial_full__sup013_P201_ph112\CZ3_W.qpy,C:\Users\szymon\QuditsOnQubits\QuditsOnQubits\basis_direct_encoding_benchmarks\quantum_circuits\ame43\monomial_full__sup013_P201_ph112\graph_state_direct_basis.qpy,C:\Users\szymon\QuditsOnQubits\QuditsOnQubits\basis_direct_encoding_benchmarks\quantum_circuits\ame43\monomial_full__sup013_P201_ph112\graph_state_direct_basis_transpiled.qpy,,C:\Users\szymon\QuditsOnQubits\QuditsOnQubits\basis_direct_encoding_benchmarks\quantum_circuits\ame43\monomial_full__sup013_P201_ph112\E.npy
direct_basis_encoding,ame43,ame43,ame43,ame43,4,4,8,sup013_P201_ph120,monomial,monomial_full,sup013_P201_ph120,False,True,101,228,329,158,,,1.65206,True,False,ok,,Converted from legacy E_new 4x3 isometry candidate.; Fidelity skipped because transpiled circuit has 128 qubits.,158,183.6,16.02,329,349.3,101,107.9,128,"{'sx': 118, 'cz': 98, 'rz': 70, 'rx': 40, 'rzz': 3}",10,10,0,C:\Users\szymon\QuditsOnQubits\QuditsOnQubits\basis_direct_encoding_benchmarks\quantum_circuits\ame43\monomial_full__sup013_P201_ph120,C:\Users\szymon\QuditsOnQubits\QuditsOnQubits\basis_direct_encoding_benchmarks\quantum_circuits\ame43\monomial_full__sup013_P201_ph120\F3_W.qpy,C:\Users\szymon\QuditsOnQubits\QuditsOnQubits\basis_direct_encoding_benchmarks\quantum_circuits\ame43\monomial_full__sup013_P201_ph120\CZ3_W.qpy,C:\Users\szymon\QuditsOnQubits\QuditsOnQubits\basis_direct_encoding_benchmarks\quantum_circuits\ame43\monomial_full__sup013_P201_ph120\graph_state_direct_basis.qpy,C:\Users\szymon\QuditsOnQubits\QuditsOnQubits\basis_direct_encoding_benchmarks\quantum_circuits\ame43\monomial_full__sup013_P201_ph120\graph_state_direct_basis_transpiled.qpy,,C:\Users\szymon\QuditsOnQubits\QuditsOnQubits\basis_direct_encoding_benchmarks\quantum_circuits\ame43\monomial_full__sup013_P201_ph120\E.npy
direct_basis_encoding,ame43,ame43,ame43,ame43,4,4,8,sup013_P201_ph121,monomial,monomial_full,sup013_P201_ph121,False,True,101,226,327,158,,,1.572618,True,False,ok,,Converted from legacy E_new 4x3 isometry candidate.; Fidelity skipped because transpiled circuit has 128 qubits.,158,183.0,15.88,327,347.4,101,107.9,128,"{'sx': 118, 'cz': 98, 'rz': 69, 'rx': 39, 'rzz': 3}",10,10,0,C:\Users\szymon\QuditsOnQubits\QuditsOnQubits\basis_direct_encoding_benchmarks\quantum_circuits\ame43\monomial_full__sup013_P201_ph121,C:\Users\szymon\QuditsOnQubits\QuditsOnQubits\basis_direct_encoding_benchmarks\quantum_circuits\ame43\monomial_full__sup013_P201_ph121\F3_W.qpy,C:\Users\szymon\QuditsOnQubits\QuditsOnQubits\basis_direct_encoding_benchmarks\quantum_circuits\ame43\monomial_full__sup013_P201_ph121\CZ3_W.qpy,C:\Users\szymon\QuditsOnQubits\QuditsOnQubits\basis_direct_encoding_benchmarks\quantum_circuits\ame43\monomial_full__sup013_P201_ph121\graph_state_direct_basis.qpy,C:\Users\szymon\QuditsOnQubits\QuditsOnQubits\basis_direct_encoding_benchmarks\quantum_circuits\ame43\monomial_full__sup013_P201_ph121\graph_state_direct_basis_transpiled.qpy,,C:\Users\szymon\QuditsOnQubits\QuditsOnQubits\basis_direct_encoding_benchmarks\quantum_circuits\ame43\monomial_full__sup013_P201_ph121\E.npy
direct_basis_encoding,ame43,ame43,ame43,ame43,4,4,8,sup013_P201_ph122,monomial,monomial_full,sup013_P201_ph122,False,True,101,220,321,157,,,1.480499,True,False,ok,,Converted from legacy E_new 4x3 isometry candidate.; Fidelity skipped because transpiled circuit has 128 qubits.,157,182.7,16.12,321,341.0,101,107.9,128,"{'sx': 118, 'cz': 98, 'rz': 62, 'rx': 40, 'rzz': 3}",10,10,0,C:\Users\szymon\QuditsOnQubits\QuditsOnQubits\basis_direct_encoding_benchmarks\quantum_circuits\ame43\monomial_full__sup013_P201_ph122,C:\Users\szymon\QuditsOnQubits\QuditsOnQubits\basis_direct_encoding_benchmarks\quantum_circuits\ame43\monomial_full__sup013_P201_ph122\F3_W.qpy,C:\Users\szymon\QuditsOnQubits\QuditsOnQubits\basis_direct_encoding_benchmarks\quantum_circuits\ame43\monomial_full__sup013_P201_ph122\CZ3_W.qpy,C:\Users\szymon\QuditsOnQubits\QuditsOnQubits\basis_direct_encoding_benchmarks\quantum_circuits\ame43\monomial_full__sup013_P201_ph122\graph_state_direct_basis.qpy,C:\Users\szymon\QuditsOnQubits\QuditsOnQubits\basis_direct_encoding_benchmarks\quantum_circuits\ame43\monomial_full__sup013_P201_ph122\graph_state_direct_basis_transpiled.qpy,,C:\Users\szymon\QuditsOnQubits\QuditsOnQubits\basis_direct_encoding_benchmarks\quantum_circuits\ame43\monomial_full__sup013_P201_ph122\E.npy
direct_basis_encoding,ame43,ame43,ame43,ame43,4,4,8,sup013_P201_ph200,monomial,monomial_full,sup013_P201_ph200,False,True,101,225,326,158,,,1.954408,True,False,ok,,Converted from legacy E_new 4x3 isometry candidate.; Fidelity skipped because transpiled circuit has 128 qubits.,158,183.0,15.88,326,346.5,101,107.9,128,"{'sx': 118, 'cz': 98, 'rz': 68, 'rx': 39, 'rzz': 3}",10,10,0,C:\Users\szymon\QuditsOnQubits\QuditsOnQubits\basis_direct_encoding_benchmarks\quantum_circuits\ame43\monomial_full__sup013_P201_ph200,C:\Users\szymon\QuditsOnQubits\QuditsOnQubits\basis_direct_encoding_benchmarks\quantum_circuits\ame43\monomial_full__sup013_P201_ph200\F3_W.qpy,C:\Users\szymon\QuditsOnQubits\QuditsOnQubits\basis_direct_encoding_benchmarks\quantum_circuits\ame43\monomial_full__sup013_P201_ph200\CZ3_W.qpy,C:\Users\szymon\QuditsOnQubits\QuditsOnQubits\basis_direct_encoding_benchmarks\quantum_circuits\ame43\monomial_full__sup013_P201_ph200\graph_state_direct_basis.qpy,C:\Users\szymon\QuditsOnQubits\QuditsOnQubits\basis_direct_encoding_benchmarks\quantum_circuits\ame43\monomial_full__sup013_P201_ph200\graph_state_direct_basis_transpiled.qpy,,C:\Users\szymon\QuditsOnQubits\QuditsOnQubits\basis_direct_encoding_benchmarks\quantum_circuits\ame43\monomial_full__sup013_P201_ph200\E.npy
direct_basis_encoding,ame43,ame43,ame43,ame43,4,4,8,sup013_P201_ph201,monomial,monomial_full,sup013_P201_ph201,False,True,101,221,322,157,,,1.680772,True,False,ok,,Converted from legacy E_new 4x3 isometry candidate.; Fidelity skipped because transpiled circuit has 128 qubits.,157,182.7,16.12,322,342.3,101,107.9,128,"{'sx': 118, 'cz': 98, 'rz': 63, 'rx': 40, 'rzz': 3}",10,10,0,C:\Users\szymon\QuditsOnQubits\QuditsOnQubits\basis_direct_encoding_benchmarks\quantum_circuits\ame43\monomial_full__sup013_P201_ph201,C:\Users\szymon\QuditsOnQubits\QuditsOnQubits\basis_direct_encoding_benchmarks\quantum_circuits\ame43\monomial_full__sup013_P201_ph201\F3_W.qpy,C:\Users\szymon\QuditsOnQubits\QuditsOnQubits\basis_direct_encoding_benchmarks\quantum_circuits\ame43\monomial_full__sup013_P201_ph201\CZ3_W.qpy,C:\Users\szymon\QuditsOnQubits\QuditsOnQubits\basis_direct_encoding_benchmarks\quantum_circuits\ame43\monomial_full__sup013_P201_ph201\graph_state_direct_basis.qpy,C:\Users\szymon\QuditsOnQubits\QuditsOnQubits\basis_direct_encoding_benchmarks\quantum_circuits\ame43\monomial_full__sup013_P201_ph201\graph_state_direct_basis_transpiled.qpy,,C:\Users\szymon\QuditsOnQubits\QuditsOnQubits\basis_direct_encoding_benchmarks\quantum_circuits\ame43\monomial_full__sup013_P201_ph201\E.npy
direct_basis_encoding,ame43,ame43,ame43,ame43,4,4,8,sup013_P201_ph202,monomial,monomial_full,sup013_P201_ph202,False,True,101,228,329,158,,,1.574174,True,False,ok,,Converted from legacy E_new 4x3 isometry candidate.; Fidelity skipped because transpiled circuit has 128 qubits.,158,183.6,16.02,329,348.9,101,107.9,128,"{'sx': 118, 'cz': 98, 'rz': 70, 'rx': 40, 'rzz': 3}",10,10,0,C:\Users\szymon\QuditsOnQubits\QuditsOnQubits\basis_direct_encoding_benchmarks\quantum_circuits\ame43\monomial_full__sup013_P201_ph202,C:\Users\szymon\QuditsOnQubits\QuditsOnQubits\basis_direct_encoding_benchmarks\quantum_circuits\ame43\monomial_full__sup013_P201_ph202\F3_W.qpy,C:\Users\szymon\QuditsOnQubits\QuditsOnQubits\basis_direct_encoding_benchmarks\quantum_circuits\ame43\monomial_full__sup013_P201_ph202\CZ3_W.qpy,C:\Users\szymon\QuditsOnQubits\QuditsOnQubits\basis_direct_encoding_benchmarks\quantum_circuits\ame43\monomial_full__sup013_P201_ph202\graph_state_direct_basis.qpy,C:\Users\szymon\QuditsOnQubits\QuditsOnQubits\basis_direct_encoding_benchmarks\quantum_circuits\ame43\monomial_full__sup013_P201_ph202\graph_state_direct_basis_transpiled.qpy,,C:\Users\szymon\QuditsOnQubits\QuditsOnQubits\basis_direct_encoding_benchmarks\quantum_circuits\ame43\monomial_full__sup013_P201_ph202\E.npy
direct_basis_encoding,ame43,ame43,ame43,ame43,4,4,8,sup013_P201_ph210,monomial,monomial_full,sup013_P201_ph210,False,True,101,228,329,158,,,1.428182,True,False,ok,,Converted from legacy E_new 4x3 isometry candidate.; Fidelity skipped because transpiled circuit has 128 qubits.,158,183.6,16.02,329,349.8,101,107.9,128,"{'sx': 118, 'cz': 98, 'rz': 70, 'rx': 40, 'rzz': 3}",10,10,0,C:\Users\szymon\QuditsOnQubits\QuditsOnQubits\basis_direct_encoding_benchmarks\quantum_circuits\ame43\monomial_full__sup013_P201_ph210,C:\Users\szymon\QuditsOnQubits\QuditsOnQubits\basis_direct_encoding_benchmarks\quantum_circuits\ame43\monomial_full__sup013_P201_ph210\F3_W.qpy,C:\Users\szymon\QuditsOnQubits\QuditsOnQubits\basis_direct_encoding_benchmarks\quantum_circuits\ame43\monomial_full__sup013_P201_ph210\CZ3_W.qpy,C:\Users\szymon\QuditsOnQubits\QuditsOnQubits\basis_direct_encoding_benchmarks\quantum_circuits\ame43\monomial_full__sup013_P201_ph210\graph_state_direct_basis.qpy,C:\Users\szymon\QuditsOnQubits\QuditsOnQubits\basis_direct_encoding_benchmarks\quantum_circuits\ame43\monomial_full__sup013_P201_ph210\graph_state_direct_basis_transpiled.qpy,,C:\Users\szymon\QuditsOnQubits\QuditsOnQubits\basis_direct_encoding_benchmarks\quantum_circuits\ame43\monomial_full__sup013_P201_ph210\E.npy
direct_basis_encoding,ame43,ame43,ame43,ame43,4,4,8,sup013_P201_ph211,monomial,monomial_full,sup013_P201_ph211,False,True,101,220,321,157,,,1.748855,True,False,ok,,Converted from legacy E_new 4x3 isometry candidate.; Fidelity skipped because transpiled circuit has 128 qubits.,157,182.7,16.12,321,341.1,101,107.9,128,"{'sx': 118, 'cz': 98, 'rz': 62, 'rx': 40, 'rzz': 3}",10,10,0,C:\Users\szymon\QuditsOnQubits\QuditsOnQubits\basis_direct_encoding_benchmarks\quantum_circuits\ame43\monomial_full__sup013_P201_ph211,C:\Users\szymon\QuditsOnQubits\QuditsOnQubits\basis_direct_encoding_benchmarks\quantum_circuits\ame43\monomial_full__sup013_P201_ph211\F3_W.qpy,C:\Users\szymon\QuditsOnQubits\QuditsOnQubits\basis_direct_encoding_benchmarks\quantum_circuits\ame43\monomial_full__sup013_P201_ph211\CZ3_W.qpy,C:\Users\szymon\QuditsOnQubits\QuditsOnQubits\basis_direct_encoding_benchmarks\quantum_circuits\ame43\monomial_full__sup013_P201_ph211\graph_state_direct_basis.qpy,C:\Users\szymon\QuditsOnQubits\QuditsOnQubits\basis_direct_encoding_benchmarks\quantum_circuits\ame43\monomial_full__sup013_P201_ph211\graph_state_direct_basis_transpiled.qpy,,C:\Users\szymon\QuditsOnQubits\QuditsOnQubits\basis_direct_encoding_benchmarks\quantum_circuits\ame43\monomial_full__sup013_P201_ph211\E.npy
direct_basis_encoding,ame43,ame43,ame43,ame43,4,4,8,sup013_P201_ph212,monomial,monomial_full,sup013_P201_ph212,False,True,101,227,328,158,,,1.518605,True,False,ok,,Converted from legacy E_new 4x3 isometry candidate.; Fidelity skipped because transpiled circuit has 128 qubits.,158,183.0,15.88,328,347.9,101,107.9,128,"{'sx': 118, 'cz': 98, 'rz': 69, 'rx': 40, 'rzz': 3}",10,10,0,C:\Users\szymon\QuditsOnQubits\QuditsOnQubits\basis_direct_encoding_benchmarks\quantum_circuits\ame43\monomial_full__sup013_P201_ph212,C:\Users\szymon\QuditsOnQubits\QuditsOnQubits\basis_direct_encoding_benchmarks\quantum_circuits\ame43\monomial_full__sup013_P201_ph212\F3_W.qpy,C:\Users\szymon\QuditsOnQubits\QuditsOnQubits\basis_direct_encoding_benchmarks\quantum_circuits\ame43\monomial_full__sup013_P201_ph212\CZ3_W.qpy,C:\Users\szymon\QuditsOnQubits\QuditsOnQubits\basis_direct_encoding_benchmarks\quantum_circuits\ame43\monomial_full__sup013_P201_ph212\graph_state_direct_basis.qpy,C:\Users\szymon\QuditsOnQubits\QuditsOnQubits\basis_direct_encoding_benchmarks\quantum_circuits\ame43\monomial_full__sup013_P201_ph212\graph_state_direct_basis_transpiled.qpy,,C:\Users\szymon\QuditsOnQubits\QuditsOnQubits\basis_direct_encoding_benchmarks\quantum_circuits\ame43\monomial_full__sup013_P201_ph212\E.npy
direct_basis_encoding,ame43,ame43,ame43,ame43,4,4,8,sup013_P201_ph220,monomial,monomial_full,sup013_P201_ph220,False,True,101,226,327,157,,,1.472766,True,False,ok,,Converted from legacy E_new 4x3 isometry candidate.; Fidelity skipped because transpiled circuit has 128 qubits.,157,182.7,16.12,327,348.2,101,107.9,128,"{'sx': 118, 'cz': 98, 'rz': 68, 'rx': 40, 'rzz': 3}",10,10,0,C:\Users\szymon\QuditsOnQubits\QuditsOnQubits\basis_direct_encoding_benchmarks\quantum_circuits\ame43\monomial_full__sup013_P201_ph220,C:\Users\szymon\QuditsOnQubits\QuditsOnQubits\basis_direct_encoding_benchmarks\quantum_circuits\ame43\monomial_full__sup013_P201_ph220\F3_W.qpy,C:\Users\szymon\QuditsOnQubits\QuditsOnQubits\basis_direct_encoding_benchmarks\quantum_circuits\ame43\monomial_full__sup013_P201_ph220\CZ3_W.qpy,C:\Users\szymon\QuditsOnQubits\QuditsOnQubits\basis_direct_encoding_benchmarks\quantum_circuits\ame43\monomial_full__sup013_P201_ph220\graph_state_direct_basis.qpy,C:\Users\szymon\QuditsOnQubits\QuditsOnQubits\basis_direct_encoding_benchmarks\quantum_circuits\ame43\monomial_full__sup013_P201_ph220\graph_state_direct_basis_transpiled.qpy,,C:\Users\szymon\QuditsOnQubits\QuditsOnQubits\basis_direct_encoding_benchmarks\quantum_circuits\ame43\monomial_full__sup013_P201_ph220\E.npy
direct_basis_encoding,ame43,ame43,ame43,ame43,4,4,8,sup013_P201_ph221,monomial,monomial_full,sup013_P201_ph221,False,True,101,218,319,156,,,1.578142,True,False,ok,,Converted from legacy E_new 4x3 isometry candidate.; Fidelity skipped because transpiled circuit has 128 qubits.,156,181.2,16.08,319,340.2,101,107.9,128,"{'sx': 118, 'cz': 98, 'rz': 60, 'rx': 40, 'rzz': 3}",10,10,0,C:\Users\szymon\QuditsOnQubits\QuditsOnQubits\basis_direct_encoding_benchmarks\quantum_circuits\ame43\monomial_full__sup013_P201_ph221,C:\Users\szymon\QuditsOnQubits\QuditsOnQubits\basis_direct_encoding_benchmarks\quantum_circuits\ame43\monomial_full__sup013_P201_ph221\F3_W.qpy,C:\Users\szymon\QuditsOnQubits\QuditsOnQubits\basis_direct_encoding_benchmarks\quantum_circuits\ame43\monomial_full__sup013_P201_ph221\CZ3_W.qpy,C:\Users\szymon\QuditsOnQubits\QuditsOnQubits\basis_direct_encoding_benchmarks\quantum_circuits\ame43\monomial_full__sup013_P201_ph221\graph_state_direct_basis.qpy,C:\Users\szymon\QuditsOnQubits\QuditsOnQubits\basis_direct_encoding_benchmarks\quantum_circuits\ame43\monomial_full__sup013_P201_ph221\graph_state_direct_basis_transpiled.qpy,,C:\Users\szymon\QuditsOnQubits\QuditsOnQubits\basis_direct_encoding_benchmarks\quantum_circuits\ame43\monomial_full__sup013_P201_ph221\E.npy
direct_basis_encoding,ame43,ame43,ame43,ame43,4,4,8,sup013_P201_ph222,monomial,monomial_full,sup013_P201_ph222,False,True,101,225,326,157,,,1.618149,True,False,ok,,Converted from legacy E_new 4x3 isometry candidate.; Fidelity skipped because transpiled circuit has 128 qubits.,157,182.7,16.12,326,347.6,101,107.9,128,"{'sx': 118, 'cz': 98, 'rz': 67, 'rx': 40, 'rzz': 3}",10,10,0,C:\Users\szymon\QuditsOnQubits\QuditsOnQubits\basis_direct_encoding_benchmarks\quantum_circuits\ame43\monomial_full__sup013_P201_ph222,C:\Users\szymon\QuditsOnQubits\QuditsOnQubits\basis_direct_encoding_benchmarks\quantum_circuits\ame43\monomial_full__sup013_P201_ph222\F3_W.qpy,C:\Users\szymon\QuditsOnQubits\QuditsOnQubits\basis_direct_encoding_benchmarks\quantum_circuits\ame43\monomial_full__sup013_P201_ph222\CZ3_W.qpy,C:\Users\szymon\QuditsOnQubits\QuditsOnQubits\basis_direct_encoding_benchmarks\quantum_circuits\ame43\monomial_full__sup013_P201_ph222\graph_state_direct_basis.qpy,C:\Users\szymon\QuditsOnQubits\QuditsOnQubits\basis_direct_encoding_benchmarks\quantum_circuits\ame43\monomial_full__sup013_P201_ph222\graph_state_direct_basis_transpiled.qpy,,C:\Users\szymon\QuditsOnQubits\QuditsOnQubits\basis_direct_encoding_benchmarks\quantum_circuits\ame43\monomial_full__sup013_P201_ph222\E.npy
direct_basis_encoding,ame43,ame43,ame43,ame43,4,4,8,sup013_P210_ph000,monomial,monomial_full,sup013_P210_ph000,False,True,100,193,293,196,,,1.667813,True,False,ok,,Converted from legacy E_new 4x3 isometry candidate.; Fidelity skipped because transpiled circuit has 128 qubits.,196,235.3,25.46,293,357.1,100,117.1,128,"{'sx': 101, 'cz': 99, 'rz': 50, 'rx': 42, 'rzz': 1}",10,10,0,C:\Users\szymon\QuditsOnQubits\QuditsOnQubits\basis_direct_encoding_benchmarks\quantum_circuits\ame43\monomial_full__sup013_P210_ph000,C:\Users\szymon\QuditsOnQubits\QuditsOnQubits\basis_direct_encoding_benchmarks\quantum_circuits\ame43\monomial_full__sup013_P210_ph000\F3_W.qpy,C:\Users\szymon\QuditsOnQubits\QuditsOnQubits\basis_direct_encoding_benchmarks\quantum_circuits\ame43\monomial_full__sup013_P210_ph000\CZ3_W.qpy,C:\Users\szymon\QuditsOnQubits\QuditsOnQubits\basis_direct_encoding_benchmarks\quantum_circuits\ame43\monomial_full__sup013_P210_ph000\graph_state_direct_basis.qpy,C:\Users\szymon\QuditsOnQubits\QuditsOnQubits\basis_direct_encoding_benchmarks\quantum_circuits\ame43\monomial_full__sup013_P210_ph000\graph_state_direct_basis_transpiled.qpy,,C:\Users\szymon\QuditsOnQubits\QuditsOnQubits\basis_direct_encoding_benchmarks\quantum_circuits\ame43\monomial_full__sup013_P210_ph000\E.npy
direct_basis_encoding,ame43,ame43,ame43,ame43,4,4,8,sup013_P210_ph001,monomial,monomial_full,sup013_P210_ph001,False,True,100,200,300,200,,,1.745814,True,False,ok,,Converted from legacy E_new 4x3 isometry candidate.; Fidelity skipped because transpiled circuit has 128 qubits.,200,237.2,24.87,300,365.3,100,117.1,128,"{'sx': 101, 'cz': 99, 'rz': 57, 'rx': 42, 'rzz': 1}",10,10,0,C:\Users\szymon\QuditsOnQubits\QuditsOnQubits\basis_direct_encoding_benchmarks\quantum_circuits\ame43\monomial_full__sup013_P210_ph001,C:\Users\szymon\QuditsOnQubits\QuditsOnQubits\basis_direct_encoding_benchmarks\quantum_circuits\ame43\monomial_full__sup013_P210_ph001\F3_W.qpy,C:\Users\szymon\QuditsOnQubits\QuditsOnQubits\basis_direct_encoding_benchmarks\quantum_circuits\ame43\monomial_full__sup013_P210_ph001\CZ3_W.qpy,C:\Users\szymon\QuditsOnQubits\QuditsOnQubits\basis_direct_encoding_benchmarks\quantum_circuits\ame43\monomial_full__sup013_P210_ph001\graph_state_direct_basis.qpy,C:\Users\szymon\QuditsOnQubits\QuditsOnQubits\basis_direct_encoding_benchmarks\quantum_circuits\ame43\monomial_full__sup013_P210_ph001\graph_state_direct_basis_transpiled.qpy,,C:\Users\szymon\QuditsOnQubits\QuditsOnQubits\basis_direct_encoding_benchmarks\quantum_circuits\ame43\monomial_full__sup013_P210_ph001\E.npy
direct_basis_encoding,ame43,ame43,ame43,ame43,4,4,8,sup013_P210_ph002,monomial,monomial_full,sup013_P210_ph002,False,True,100,199,299,200,,,1.640454,True,False,ok,,Converted from legacy E_new 4x3 isometry candidate.; Fidelity skipped because transpiled circuit has 128 qubits.,200,237.2,24.87,299,365.4,100,117.1,128,"{'sx': 101, 'cz': 99, 'rz': 57, 'rx': 41, 'rzz': 1}",10,10,0,C:\Users\szymon\QuditsOnQubits\QuditsOnQubits\basis_direct_encoding_benchmarks\quantum_circuits\ame43\monomial_full__sup013_P210_ph002,C:\Users\szymon\QuditsOnQubits\QuditsOnQubits\basis_direct_encoding_benchmarks\quantum_circuits\ame43\monomial_full__sup013_P210_ph002\F3_W.qpy,C:\Users\szymon\QuditsOnQubits\QuditsOnQubits\basis_direct_encoding_benchmarks\quantum_circuits\ame43\monomial_full__sup013_P210_ph002\CZ3_W.qpy,C:\Users\szymon\QuditsOnQubits\QuditsOnQubits\basis_direct_encoding_benchmarks\quantum_circuits\ame43\monomial_full__sup013_P210_ph002\graph_state_direct_basis.qpy,C:\Users\szymon\QuditsOnQubits\QuditsOnQubits\basis_direct_encoding_benchmarks\quantum_circuits\ame43\monomial_full__sup013_P210_ph002\graph_state_direct_basis_transpiled.qpy,,C:\Users\szymon\QuditsOnQubits\QuditsOnQubits\basis_direct_encoding_benchmarks\quantum_circuits\ame43\monomial_full__sup013_P210_ph002\E.npy
direct_basis_encoding,ame43,ame43,ame43,ame43,4,4,8,sup013_P210_ph010,monomial,monomial_full,sup013_P210_ph010,False,True,100,198,298,200,,,1.756313,True,False,ok,,Converted from legacy E_new 4x3 isometry candidate.; Fidelity skipped because transpiled circuit has 128 qubits.,200,237.1,24.97,298,360.4,100,117.1,128,"{'sx': 101, 'cz': 99, 'rz': 55, 'rx': 42, 'rzz': 1}",10,10,0,C:\Users\szymon\QuditsOnQubits\QuditsOnQubits\basis_direct_encoding_benchmarks\quantum_circuits\ame43\monomial_full__sup013_P210_ph010,C:\Users\szymon\QuditsOnQubits\QuditsOnQubits\basis_direct_encoding_benchmarks\quantum_circuits\ame43\monomial_full__sup013_P210_ph010\F3_W.qpy,C:\Users\szymon\QuditsOnQubits\QuditsOnQubits\basis_direct_encoding_benchmarks\quantum_circuits\ame43\monomial_full__sup013_P210_ph010\CZ3_W.qpy,C:\Users\szymon\QuditsOnQubits\QuditsOnQubits\basis_direct_encoding_benchmarks\quantum_circuits\ame43\monomial_full__sup013_P210_ph010\graph_state_direct_basis.qpy,C:\Users\szymon\QuditsOnQubits\QuditsOnQubits\basis_direct_encoding_benchmarks\quantum_circuits\ame43\monomial_full__sup013_P210_ph010\graph_state_direct_basis_transpiled.qpy,,C:\Users\szymon\QuditsOnQubits\QuditsOnQubits\basis_direct_encoding_benchmarks\quantum_circuits\ame43\monomial_full__sup013_P210_ph010\E.npy
direct_basis_encoding,ame43,ame43,ame43,ame43,4,4,8,sup013_P210_ph011,monomial,monomial_full,sup013_P210_ph011,False,True,100,202,302,203,,,1.661314,True,False,ok,,Converted from legacy E_new 4x3 isometry candidate.; Fidelity skipped because transpiled circuit has 128 qubits.,203,238.3,24.29,302,366.1,100,117.1,128,"{'sx': 101, 'cz': 99, 'rz': 59, 'rx': 42, 'rzz': 1}",10,10,0,C:\Users\szymon\QuditsOnQubits\QuditsOnQubits\basis_direct_encoding_benchmarks\quantum_circuits\ame43\monomial_full__sup013_P210_ph011,C:\Users\szymon\QuditsOnQubits\QuditsOnQubits\basis_direct_encoding_benchmarks\quantum_circuits\ame43\monomial_full__sup013_P210_ph011\F3_W.qpy,C:\Users\szymon\QuditsOnQubits\QuditsOnQubits\basis_direct_encoding_benchmarks\quantum_circuits\ame43\monomial_full__sup013_P210_ph011\CZ3_W.qpy,C:\Users\szymon\QuditsOnQubits\QuditsOnQubits\basis_direct_encoding_benchmarks\quantum_circuits\ame43\monomial_full__sup013_P210_ph011\graph_state_direct_basis.qpy,C:\Users\szymon\QuditsOnQubits\QuditsOnQubits\basis_direct_encoding_benchmarks\quantum_circuits\ame43\monomial_full__sup013_P210_ph011\graph_state_direct_basis_transpiled.qpy,,C:\Users\szymon\QuditsOnQubits\QuditsOnQubits\basis_direct_encoding_benchmarks\quantum_circuits\ame43\monomial_full__sup013_P210_ph011\E.npy
direct_basis_encoding,ame43,ame43,ame43,ame43,4,4,8,sup013_P210_ph012,monomial,monomial_full,sup013_P210_ph012,False,True,100,201,301,202,,,1.473354,True,False,ok,,Converted from legacy E_new 4x3 isometry candidate.; Fidelity skipped because transpiled circuit has 128 qubits.,202,237.6,24.19,301,365.3,100,117.1,128,"{'sx': 101, 'cz': 99, 'rz': 59, 'rx': 41, 'rzz': 1}",10,10,0,C:\Users\szymon\QuditsOnQubits\QuditsOnQubits\basis_direct_encoding_benchmarks\quantum_circuits\ame43\monomial_full__sup013_P210_ph012,C:\Users\szymon\QuditsOnQubits\QuditsOnQubits\basis_direct_encoding_benchmarks\quantum_circuits\ame43\monomial_full__sup013_P210_ph012\F3_W.qpy,C:\Users\szymon\QuditsOnQubits\QuditsOnQubits\basis_direct_encoding_benchmarks\quantum_circuits\ame43\monomial_full__sup013_P210_ph012\CZ3_W.qpy,C:\Users\szymon\QuditsOnQubits\QuditsOnQubits\basis_direct_encoding_benchmarks\quantum_circuits\ame43\monomial_full__sup013_P210_ph012\graph_state_direct_basis.qpy,C:\Users\szymon\QuditsOnQubits\QuditsOnQubits\basis_direct_encoding_benchmarks\quantum_circuits\ame43\monomial_full__sup013_P210_ph012\graph_state_direct_basis_transpiled.qpy,,C:\Users\szymon\QuditsOnQubits\QuditsOnQubits\basis_direct_encoding_benchmarks\quantum_circuits\ame43\monomial_full__sup013_P210_ph012\E.npy
direct_basis_encoding,ame43,ame43,ame43,ame43,4,4,8,sup013_P210_ph020,monomial,monomial_full,sup013_P210_ph020,False,True,100,198,298,200,,,1.560153,True,False,ok,,Converted from legacy E_new 4x3 isometry candidate.; Fidelity skipped because transpiled circuit has 128 qubits.,200,237.1,24.97,298,360.4,100,117.1,128,"{'sx': 101, 'cz': 99, 'rz': 55, 'rx': 42, 'rzz': 1}",10,10,0,C:\Users\szymon\QuditsOnQubits\QuditsOnQubits\basis_direct_encoding_benchmarks\quantum_circuits\ame43\monomial_full__sup013_P210_ph020,C:\Users\szymon\QuditsOnQubits\QuditsOnQubits\basis_direct_encoding_benchmarks\quantum_circuits\ame43\monomial_full__sup013_P210_ph020\F3_W.qpy,C:\Users\szymon\QuditsOnQubits\QuditsOnQubits\basis_direct_encoding_benchmarks\quantum_circuits\ame43\monomial_full__sup013_P210_ph020\CZ3_W.qpy,C:\Users\szymon\QuditsOnQubits\QuditsOnQubits\basis_direct_encoding_benchmarks\quantum_circuits\ame43\monomial_full__sup013_P210_ph020\graph_state_direct_basis.qpy,C:\Users\szymon\QuditsOnQubits\QuditsOnQubits\basis_direct_encoding_benchmarks\quantum_circuits\ame43\monomial_full__sup013_P210_ph020\graph_state_direct_basis_transpiled.qpy,,C:\Users\szymon\QuditsOnQubits\QuditsOnQubits\basis_direct_encoding_benchmarks\quantum_circuits\ame43\monomial_full__sup013_P210_ph020\E.npy
direct_basis_encoding,ame43,ame43,ame43,ame43,4,4,8,sup013_P210_ph021,monomial,monomial_full,sup013_P210_ph021,False,True,100,201,301,202,,,1.611978,True,False,ok,,Converted from legacy E_new 4x3 isometry candidate.; Fidelity skipped because transpiled circuit has 128 qubits.,202,237.6,24.19,301,365.4,100,117.1,128,"{'sx': 101, 'cz': 99, 'rz': 59, 'rx': 41, 'rzz': 1}",10,10,0,C:\Users\szymon\QuditsOnQubits\QuditsOnQubits\basis_direct_encoding_benchmarks\quantum_circuits\ame43\monomial_full__sup013_P210_ph021,C:\Users\szymon\QuditsOnQubits\QuditsOnQubits\basis_direct_encoding_benchmarks\quantum_circuits\ame43\monomial_full__sup013_P210_ph021\F3_W.qpy,C:\Users\szymon\QuditsOnQubits\QuditsOnQubits\basis_direct_encoding_benchmarks\quantum_circuits\ame43\monomial_full__sup013_P210_ph021\CZ3_W.qpy,C:\Users\szymon\QuditsOnQubits\QuditsOnQubits\basis_direct_encoding_benchmarks\quantum_circuits\ame43\monomial_full__sup013_P210_ph021\graph_state_direct_basis.qpy,C:\Users\szymon\QuditsOnQubits\QuditsOnQubits\basis_direct_encoding_benchmarks\quantum_circuits\ame43\monomial_full__sup013_P210_ph021\graph_state_direct_basis_transpiled.qpy,,C:\Users\szymon\QuditsOnQubits\QuditsOnQubits\basis_direct_encoding_benchmarks\quantum_circuits\ame43\monomial_full__sup013_P210_ph021\E.npy
direct_basis_encoding,ame43,ame43,ame43,ame43,4,4,8,sup013_P210_ph022,monomial,monomial_full,sup013_P210_ph022,False,True,100,201,301,203,,,1.603367,True,False,ok,,Converted from legacy E_new 4x3 isometry candidate.; Fidelity skipped because transpiled circuit has 128 qubits.,203,238.3,24.29,301,366.0,100,117.1,128,"{'sx': 101, 'cz': 99, 'rz': 59, 'rx': 41, 'rzz': 1}",10,10,0,C:\Users\szymon\QuditsOnQubits\QuditsOnQubits\basis_direct_encoding_benchmarks\quantum_circuits\ame43\monomial_full__sup013_P210_ph022,C:\Users\szymon\QuditsOnQubits\QuditsOnQubits\basis_direct_encoding_benchmarks\quantum_circuits\ame43\monomial_full__sup013_P210_ph022\F3_W.qpy,C:\Users\szymon\QuditsOnQubits\QuditsOnQubits\basis_direct_encoding_benchmarks\quantum_circuits\ame43\monomial_full__sup013_P210_ph022\CZ3_W.qpy,C:\Users\szymon\QuditsOnQubits\QuditsOnQubits\basis_direct_encoding_benchmarks\quantum_circuits\ame43\monomial_full__sup013_P210_ph022\graph_state_direct_basis.qpy,C:\Users\szymon\QuditsOnQubits\QuditsOnQubits\basis_direct_encoding_benchmarks\quantum_circuits\ame43\monomial_full__sup013_P210_ph022\graph_state_direct_basis_transpiled.qpy,,C:\Users\szymon\QuditsOnQubits\QuditsOnQubits\basis_direct_encoding_benchmarks\quantum_circuits\ame43\monomial_full__sup013_P210_ph022\E.npy
direct_basis_encoding,ame43,ame43,ame43,ame43,4,4,8,sup013_P210_ph100,monomial,monomial_full,sup013_P210_ph100,False,True,100,200,300,202,,,1.742373,True,False,ok,,Converted from legacy E_new 4x3 isometry candidate.; Fidelity skipped because transpiled circuit has 128 qubits.,202,237.6,24.19,300,364.7,100,117.1,128,"{'sx': 101, 'cz': 99, 'rz': 58, 'rx': 41, 'rzz': 1}",10,10,0,C:\Users\szymon\QuditsOnQubits\QuditsOnQubits\basis_direct_encoding_benchmarks\quantum_circuits\ame43\monomial_full__sup013_P210_ph100,C:\Users\szymon\QuditsOnQubits\QuditsOnQubits\basis_direct_encoding_benchmarks\quantum_circuits\ame43\monomial_full__sup013_P210_ph100\F3_W.qpy,C:\Users\szymon\QuditsOnQubits\QuditsOnQubits\basis_direct_encoding_benchmarks\quantum_circuits\ame43\monomial_full__sup013_P210_ph100\CZ3_W.qpy,C:\Users\szymon\QuditsOnQubits\QuditsOnQubits\basis_direct_encoding_benchmarks\quantum_circuits\ame43\monomial_full__sup013_P210_ph100\graph_state_direct_basis.qpy,C:\Users\szymon\QuditsOnQubits\QuditsOnQubits\basis_direct_encoding_benchmarks\quantum_circuits\ame43\monomial_full__sup013_P210_ph100\graph_state_direct_basis_transpiled.qpy,,C:\Users\szymon\QuditsOnQubits\QuditsOnQubits\basis_direct_encoding_benchmarks\quantum_circuits\ame43\monomial_full__sup013_P210_ph100\E.npy
direct_basis_encoding,ame43,ame43,ame43,ame43,4,4,8,sup013_P210_ph101,monomial,monomial_full,sup013_P210_ph101,False,True,100,202,302,203,,,1.82295,True,False,ok,,Converted from legacy E_new 4x3 isometry candidate.; Fidelity skipped because transpiled circuit has 128 qubits.,203,238.1,24.36,302,366.2,100,117.1,128,"{'sx': 101, 'cz': 99, 'rz': 60, 'rx': 41, 'rzz': 1}",10,10,0,C:\Users\szymon\QuditsOnQubits\QuditsOnQubits\basis_direct_encoding_benchmarks\quantum_circuits\ame43\monomial_full__sup013_P210_ph101,C:\Users\szymon\QuditsOnQubits\QuditsOnQubits\basis_direct_encoding_benchmarks\quantum_circuits\ame43\monomial_full__sup013_P210_ph101\F3_W.qpy,C:\Users\szymon\QuditsOnQubits\QuditsOnQubits\basis_direct_encoding_benchmarks\quantum_circuits\ame43\monomial_full__sup013_P210_ph101\CZ3_W.qpy,C:\Users\szymon\QuditsOnQubits\QuditsOnQubits\basis_direct_encoding_benchmarks\quantum_circuits\ame43\monomial_full__sup013_P210_ph101\graph_state_direct_basis.qpy,C:\Users\szymon\QuditsOnQubits\QuditsOnQubits\basis_direct_encoding_benchmarks\quantum_circuits\ame43\monomial_full__sup013_P210_ph101\graph_state_direct_basis_transpiled.qpy,,C:\Users\szymon\QuditsOnQubits\QuditsOnQubits\basis_direct_encoding_benchmarks\quantum_circuits\ame43\monomial_full__sup013_P210_ph101\E.npy
direct_basis_encoding,ame43,ame43,ame43,ame43,4,4,8,sup013_P210_ph102,monomial,monomial_full,sup013_P210_ph102,False,True,100,198,298,200,,,1.861934,True,False,ok,,Converted from legacy E_new 4x3 isometry candidate.; Fidelity skipped because transpiled circuit has 128 qubits.,200,237.1,24.97,298,360.5,100,117.1,128,"{'sx': 101, 'cz': 99, 'rz': 55, 'rx': 42, 'rzz': 1}",10,10,0,C:\Users\szymon\QuditsOnQubits\QuditsOnQubits\basis_direct_encoding_benchmarks\quantum_circuits\ame43\monomial_full__sup013_P210_ph102,C:\Users\szymon\QuditsOnQubits\QuditsOnQubits\basis_direct_encoding_benchmarks\quantum_circuits\ame43\monomial_full__sup013_P210_ph102\F3_W.qpy,C:\Users\szymon\QuditsOnQubits\QuditsOnQubits\basis_direct_encoding_benchmarks\quantum_circuits\ame43\monomial_full__sup013_P210_ph102\CZ3_W.qpy,C:\Users\szymon\QuditsOnQubits\QuditsOnQubits\basis_direct_encoding_benchmarks\quantum_circuits\ame43\monomial_full__sup013_P210_ph102\graph_state_direct_basis.qpy,C:\Users\szymon\QuditsOnQubits\QuditsOnQubits\basis_direct_encoding_benchmarks\quantum_circuits\ame43\monomial_full__sup013_P210_ph102\graph_state_direct_basis_transpiled.qpy,,C:\Users\szymon\QuditsOnQubits\QuditsOnQubits\basis_direct_encoding_benchmarks\quantum_circuits\ame43\monomial_full__sup013_P210_ph102\E.npy
direct_basis_encoding,ame43,ame43,ame43,ame43,4,4,8,sup013_P210_ph110,monomial,monomial_full,sup013_P210_ph110,False,True,100,199,299,200,,,1.805358,True,False,ok,,Converted from legacy E_new 4x3 isometry candidate.; Fidelity skipped because transpiled circuit has 128 qubits.,200,237.2,24.87,299,365.3,100,117.1,128,"{'sx': 101, 'cz': 99, 'rz': 57, 'rx': 41, 'rzz': 1}",10,10,0,C:\Users\szymon\QuditsOnQubits\QuditsOnQubits\basis_direct_encoding_benchmarks\quantum_circuits\ame43\monomial_full__sup013_P210_ph110,C:\Users\szymon\QuditsOnQubits\QuditsOnQubits\basis_direct_encoding_benchmarks\quantum_circuits\ame43\monomial_full__sup013_P210_ph110\F3_W.qpy,C:\Users\szymon\QuditsOnQubits\QuditsOnQubits\basis_direct_encoding_benchmarks\quantum_circuits\ame43\monomial_full__sup013_P210_ph110\CZ3_W.qpy,C:\Users\szymon\QuditsOnQubits\QuditsOnQubits\basis_direct_encoding_benchmarks\quantum_circuits\ame43\monomial_full__sup013_P210_ph110\graph_state_direct_basis.qpy,C:\Users\szymon\QuditsOnQubits\QuditsOnQubits\basis_direct_encoding_benchmarks\quantum_circuits\ame43\monomial_full__sup013_P210_ph110\graph_state_direct_basis_transpiled.qpy,,C:\Users\szymon\QuditsOnQubits\QuditsOnQubits\basis_direct_encoding_benchmarks\quantum_circuits\ame43\monomial_full__sup013_P210_ph110\E.npy
direct_basis_encoding,ame43,ame43,ame43,ame43,4,4,8,sup013_P210_ph111,monomial,monomial_full,sup013_P210_ph111,False,True,100,198,298,200,,,1.593947,True,False,ok,,Converted from legacy E_new 4x3 isometry candidate.; Fidelity skipped because transpiled circuit has 128 qubits.,200,237.2,24.87,298,364.6,100,117.1,128,"{'sx': 101, 'cz': 99, 'rz': 56, 'rx': 41, 'rzz': 1}",10,10,0,C:\Users\szymon\QuditsOnQubits\QuditsOnQubits\basis_direct_encoding_benchmarks\quantum_circuits\ame43\monomial_full__sup013_P210_ph111,C:\Users\szymon\QuditsOnQubits\QuditsOnQubits\basis_direct_encoding_benchmarks\quantum_circuits\ame43\monomial_full__sup013_P210_ph111\F3_W.qpy,C:\Users\szymon\QuditsOnQubits\QuditsOnQubits\basis_direct_encoding_benchmarks\quantum_circuits\ame43\monomial_full__sup013_P210_ph111\CZ3_W.qpy,C:\Users\szymon\QuditsOnQubits\QuditsOnQubits\basis_direct_encoding_benchmarks\quantum_circuits\ame43\monomial_full__sup013_P210_ph111\graph_state_direct_basis.qpy,C:\Users\szymon\QuditsOnQubits\QuditsOnQubits\basis_direct_encoding_benchmarks\quantum_circuits\ame43\monomial_full__sup013_P210_ph111\graph_state_direct_basis_transpiled.qpy,,C:\Users\szymon\QuditsOnQubits\QuditsOnQubits\basis_direct_encoding_benchmarks\quantum_circuits\ame43\monomial_full__sup013_P210_ph111\E.npy
direct_basis_encoding,ame43,ame43,ame43,ame43,4,4,8,sup013_P210_ph112,monomial,monomial_full,sup013_P210_ph112,False,True,100,194,294,196,,,1.691632,True,False,ok,,Converted from legacy E_new 4x3 isometry candidate.; Fidelity skipped because transpiled circuit has 128 qubits.,196,235.3,25.46,294,357.8,100,117.1,128,"{'sx': 101, 'cz': 99, 'rz': 51, 'rx': 42, 'rzz': 1}",10,10,0,C:\Users\szymon\QuditsOnQubits\QuditsOnQubits\basis_direct_encoding_benchmarks\quantum_circuits\ame43\monomial_full__sup013_P210_ph112,C:\Users\szymon\QuditsOnQubits\QuditsOnQubits\basis_direct_encoding_benchmarks\quantum_circuits\ame43\monomial_full__sup013_P210_ph112\F3_W.qpy,C:\Users\szymon\QuditsOnQubits\QuditsOnQubits\basis_direct_encoding_benchmarks\quantum_circuits\ame43\monomial_full__sup013_P210_ph112\CZ3_W.qpy,C:\Users\szymon\QuditsOnQubits\QuditsOnQubits\basis_direct_encoding_benchmarks\quantum_circuits\ame43\monomial_full__sup013_P210_ph112\graph_state_direct_basis.qpy,C:\Users\szymon\QuditsOnQubits\QuditsOnQubits\basis_direct_encoding_benchmarks\quantum_circuits\ame43\monomial_full__sup013_P210_ph112\graph_state_direct_basis_transpiled.qpy,,C:\Users\szymon\QuditsOnQubits\QuditsOnQubits\basis_direct_encoding_benchmarks\quantum_circuits\ame43\monomial_full__sup013_P210_ph112\E.npy
direct_basis_encoding,ame43,ame43,ame43,ame43,4,4,8,sup013_P210_ph120,monomial,monomial_full,sup013_P210_ph120,False,True,100,202,302,203,,,1.453484,True,False,ok,,Converted from legacy E_new 4x3 isometry candidate.; Fidelity skipped because transpiled circuit has 128 qubits.,203,238.3,24.29,302,366.6,100,117.1,128,"{'sx': 101, 'cz': 99, 'rz': 60, 'rx': 41, 'rzz': 1}",10,10,0,C:\Users\szymon\QuditsOnQubits\QuditsOnQubits\basis_direct_encoding_benchmarks\quantum_circuits\ame43\monomial_full__sup013_P210_ph120,C:\Users\szymon\QuditsOnQubits\QuditsOnQubits\basis_direct_encoding_benchmarks\quantum_circuits\ame43\monomial_full__sup013_P210_ph120\F3_W.qpy,C:\Users\szymon\QuditsOnQubits\QuditsOnQubits\basis_direct_encoding_benchmarks\quantum_circuits\ame43\monomial_full__sup013_P210_ph120\CZ3_W.qpy,C:\Users\szymon\QuditsOnQubits\QuditsOnQubits\basis_direct_encoding_benchmarks\quantum_circuits\ame43\monomial_full__sup013_P210_ph120\graph_state_direct_basis.qpy,C:\Users\szymon\QuditsOnQubits\QuditsOnQubits\basis_direct_encoding_benchmarks\quantum_circuits\ame43\monomial_full__sup013_P210_ph120\graph_state_direct_basis_transpiled.qpy,,C:\Users\szymon\QuditsOnQubits\QuditsOnQubits\basis_direct_encoding_benchmarks\quantum_circuits\ame43\monomial_full__sup013_P210_ph120\E.npy
direct_basis_encoding,ame43,ame43,ame43,ame43,4,4,8,sup013_P210_ph121,monomial,monomial_full,sup013_P210_ph121,False,True,100,201,301,202,,,1.480211,True,False,ok,,Converted from legacy E_new 4x3 isometry candidate.; Fidelity skipped because transpiled circuit has 128 qubits.,202,237.6,24.19,301,365.2,100,117.1,128,"{'sx': 101, 'cz': 99, 'rz': 59, 'rx': 41, 'rzz': 1}",10,10,0,C:\Users\szymon\QuditsOnQubits\QuditsOnQubits\basis_direct_encoding_benchmarks\quantum_circuits\ame43\monomial_full__sup013_P210_ph121,C:\Users\szymon\QuditsOnQubits\QuditsOnQubits\basis_direct_encoding_benchmarks\quantum_circuits\ame43\monomial_full__sup013_P210_ph121\F3_W.qpy,C:\Users\szymon\QuditsOnQubits\QuditsOnQubits\basis_direct_encoding_benchmarks\quantum_circuits\ame43\monomial_full__sup013_P210_ph121\CZ3_W.qpy,C:\Users\szymon\QuditsOnQubits\QuditsOnQubits\basis_direct_encoding_benchmarks\quantum_circuits\ame43\monomial_full__sup013_P210_ph121\graph_state_direct_basis.qpy,C:\Users\szymon\QuditsOnQubits\QuditsOnQubits\basis_direct_encoding_benchmarks\quantum_circuits\ame43\monomial_full__sup013_P210_ph121\graph_state_direct_basis_transpiled.qpy,,C:\Users\szymon\QuditsOnQubits\QuditsOnQubits\basis_direct_encoding_benchmarks\quantum_circuits\ame43\monomial_full__sup013_P210_ph121\E.npy
direct_basis_encoding,ame43,ame43,ame43,ame43,4,4,8,sup013_P210_ph122,monomial,monomial_full,sup013_P210_ph122,False,True,100,196,296,200,,,1.591372,True,False,ok,,Converted from legacy E_new 4x3 isometry candidate.; Fidelity skipped because transpiled circuit has 128 qubits.,200,237.1,24.97,296,359.6,100,117.1,128,"{'sx': 101, 'cz': 99, 'rz': 54, 'rx': 41, 'rzz': 1}",10,10,0,C:\Users\szymon\QuditsOnQubits\QuditsOnQubits\basis_direct_encoding_benchmarks\quantum_circuits\ame43\monomial_full__sup013_P210_ph122,C:\Users\szymon\QuditsOnQubits\QuditsOnQubits\basis_direct_encoding_benchmarks\quantum_circuits\ame43\monomial_full__sup013_P210_ph122\F3_W.qpy,C:\Users\szymon\QuditsOnQubits\QuditsOnQubits\basis_direct_encoding_benchmarks\quantum_circuits\ame43\monomial_full__sup013_P210_ph122\CZ3_W.qpy,C:\Users\szymon\QuditsOnQubits\QuditsOnQubits\basis_direct_encoding_benchmarks\quantum_circuits\ame43\monomial_full__sup013_P210_ph122\graph_state_direct_basis.qpy,C:\Users\szymon\QuditsOnQubits\QuditsOnQubits\basis_direct_encoding_benchmarks\quantum_circuits\ame43\monomial_full__sup013_P210_ph122\graph_state_direct_basis_transpiled.qpy,,C:\Users\szymon\QuditsOnQubits\QuditsOnQubits\basis_direct_encoding_benchmarks\quantum_circuits\ame43\monomial_full__sup013_P210_ph122\E.npy
direct_basis_encoding,ame43,ame43,ame43,ame43,4,4,8,sup013_P210_ph200,monomial,monomial_full,sup013_P210_ph200,False,True,100,200,300,202,,,1.758835,True,False,ok,,Converted from legacy E_new 4x3 isometry candidate.; Fidelity skipped because transpiled circuit has 128 qubits.,202,237.6,24.19,300,364.7,100,117.1,128,"{'sx': 101, 'cz': 99, 'rz': 58, 'rx': 41, 'rzz': 1}",10,10,0,C:\Users\szymon\QuditsOnQubits\QuditsOnQubits\basis_direct_encoding_benchmarks\quantum_circuits\ame43\monomial_full__sup013_P210_ph200,C:\Users\szymon\QuditsOnQubits\QuditsOnQubits\basis_direct_encoding_benchmarks\quantum_circuits\ame43\monomial_full__sup013_P210_ph200\F3_W.qpy,C:\Users\szymon\QuditsOnQubits\QuditsOnQubits\basis_direct_encoding_benchmarks\quantum_circuits\ame43\monomial_full__sup013_P210_ph200\CZ3_W.qpy,C:\Users\szymon\QuditsOnQubits\QuditsOnQubits\basis_direct_encoding_benchmarks\quantum_circuits\ame43\monomial_full__sup013_P210_ph200\graph_state_direct_basis.qpy,C:\Users\szymon\QuditsOnQubits\QuditsOnQubits\basis_direct_encoding_benchmarks\quantum_circuits\ame43\monomial_full__sup013_P210_ph200\graph_state_direct_basis_transpiled.qpy,,C:\Users\szymon\QuditsOnQubits\QuditsOnQubits\basis_direct_encoding_benchmarks\quantum_circuits\ame43\monomial_full__sup013_P210_ph200\E.npy
direct_basis_encoding,ame43,ame43,ame43,ame43,4,4,8,sup013_P210_ph201,monomial,monomial_full,sup013_P210_ph201,False,True,100,197,297,200,,,1.647804,True,False,ok,,Converted from legacy E_new 4x3 isometry candidate.; Fidelity skipped because transpiled circuit has 128 qubits.,200,237.1,24.97,297,360.3,100,117.1,128,"{'sx': 101, 'cz': 99, 'rz': 55, 'rx': 41, 'rzz': 1}",10,10,0,C:\Users\szymon\QuditsOnQubits\QuditsOnQubits\basis_direct_encoding_benchmarks\quantum_circuits\ame43\monomial_full__sup013_P210_ph201,C:\Users\szymon\QuditsOnQubits\QuditsOnQubits\basis_direct_encoding_benchmarks\quantum_circuits\ame43\monomial_full__sup013_P210_ph201\F3_W.qpy,C:\Users\szymon\QuditsOnQubits\QuditsOnQubits\basis_direct_encoding_benchmarks\quantum_circuits\ame43\monomial_full__sup013_P210_ph201\CZ3_W.qpy,C:\Users\szymon\QuditsOnQubits\QuditsOnQubits\basis_direct_encoding_benchmarks\quantum_circuits\ame43\monomial_full__sup013_P210_ph201\graph_state_direct_basis.qpy,C:\Users\szymon\QuditsOnQubits\QuditsOnQubits\basis_direct_encoding_benchmarks\quantum_circuits\ame43\monomial_full__sup013_P210_ph201\graph_state_direct_basis_transpiled.qpy,,C:\Users\szymon\QuditsOnQubits\QuditsOnQubits\basis_direct_encoding_benchmarks\quantum_circuits\ame43\monomial_full__sup013_P210_ph201\E.npy
direct_basis_encoding,ame43,ame43,ame43,ame43,4,4,8,sup013_P210_ph202,monomial,monomial_full,sup013_P210_ph202,False,True,100,202,302,203,,,1.650882,True,False,ok,,Converted from legacy E_new 4x3 isometry candidate.; Fidelity skipped because transpiled circuit has 128 qubits.,203,238.1,24.36,302,366.2,100,117.1,128,"{'sx': 101, 'cz': 99, 'rz': 60, 'rx': 41, 'rzz': 1}",10,10,0,C:\Users\szymon\QuditsOnQubits\QuditsOnQubits\basis_direct_encoding_benchmarks\quantum_circuits\ame43\monomial_full__sup013_P210_ph202,C:\Users\szymon\QuditsOnQubits\QuditsOnQubits\basis_direct_encoding_benchmarks\quantum_circuits\ame43\monomial_full__sup013_P210_ph202\F3_W.qpy,C:\Users\szymon\QuditsOnQubits\QuditsOnQubits\basis_direct_encoding_benchmarks\quantum_circuits\ame43\monomial_full__sup013_P210_ph202\CZ3_W.qpy,C:\Users\szymon\QuditsOnQubits\QuditsOnQubits\basis_direct_encoding_benchmarks\quantum_circuits\ame43\monomial_full__sup013_P210_ph202\graph_state_direct_basis.qpy,C:\Users\szymon\QuditsOnQubits\QuditsOnQubits\basis_direct_encoding_benchmarks\quantum_circuits\ame43\monomial_full__sup013_P210_ph202\graph_state_direct_basis_transpiled.qpy,,C:\Users\szymon\QuditsOnQubits\QuditsOnQubits\basis_direct_encoding_benchmarks\quantum_circuits\ame43\monomial_full__sup013_P210_ph202\E.npy
direct_basis_encoding,ame43,ame43,ame43,ame43,4,4,8,sup013_P210_ph210,monomial,monomial_full,sup013_P210_ph210,False,True,100,203,303,203,,,1.419642,True,False,ok,,Converted from legacy E_new 4x3 isometry candidate.; Fidelity skipped because transpiled circuit has 128 qubits.,203,238.3,24.29,303,366.9,100,117.1,128,"{'sx': 101, 'cz': 99, 'rz': 60, 'rx': 42, 'rzz': 1}",10,10,0,C:\Users\szymon\QuditsOnQubits\QuditsOnQubits\basis_direct_encoding_benchmarks\quantum_circuits\ame43\monomial_full__sup013_P210_ph210,C:\Users\szymon\QuditsOnQubits\QuditsOnQubits\basis_direct_encoding_benchmarks\quantum_circuits\ame43\monomial_full__sup013_P210_ph210\F3_W.qpy,C:\Users\szymon\QuditsOnQubits\QuditsOnQubits\basis_direct_encoding_benchmarks\quantum_circuits\ame43\monomial_full__sup013_P210_ph210\CZ3_W.qpy,C:\Users\szymon\QuditsOnQubits\QuditsOnQubits\basis_direct_encoding_benchmarks\quantum_circuits\ame43\monomial_full__sup013_P210_ph210\graph_state_direct_basis.qpy,C:\Users\szymon\QuditsOnQubits\QuditsOnQubits\basis_direct_encoding_benchmarks\quantum_circuits\ame43\monomial_full__sup013_P210_ph210\graph_state_direct_basis_transpiled.qpy,,C:\Users\szymon\QuditsOnQubits\QuditsOnQubits\basis_direct_encoding_benchmarks\quantum_circuits\ame43\monomial_full__sup013_P210_ph210\E.npy
direct_basis_encoding,ame43,ame43,ame43,ame43,4,4,8,sup013_P210_ph211,monomial,monomial_full,sup013_P210_ph211,False,True,100,197,297,200,,,1.553696,True,False,ok,,Converted from legacy E_new 4x3 isometry candidate.; Fidelity skipped because transpiled circuit has 128 qubits.,200,237.1,24.97,297,359.6,100,117.1,128,"{'sx': 101, 'cz': 99, 'rz': 54, 'rx': 42, 'rzz': 1}",10,10,0,C:\Users\szymon\QuditsOnQubits\QuditsOnQubits\basis_direct_encoding_benchmarks\quantum_circuits\ame43\monomial_full__sup013_P210_ph211,C:\Users\szymon\QuditsOnQubits\QuditsOnQubits\basis_direct_encoding_benchmarks\quantum_circuits\ame43\monomial_full__sup013_P210_ph211\F3_W.qpy,C:\Users\szymon\QuditsOnQubits\QuditsOnQubits\basis_direct_encoding_benchmarks\quantum_circuits\ame43\monomial_full__sup013_P210_ph211\CZ3_W.qpy,C:\Users\szymon\QuditsOnQubits\QuditsOnQubits\basis_direct_encoding_benchmarks\quantum_circuits\ame43\monomial_full__sup013_P210_ph211\graph_state_direct_basis.qpy,C:\Users\szymon\QuditsOnQubits\QuditsOnQubits\basis_direct_encoding_benchmarks\quantum_circuits\ame43\monomial_full__sup013_P210_ph211\graph_state_direct_basis_transpiled.qpy,,C:\Users\szymon\QuditsOnQubits\QuditsOnQubits\basis_direct_encoding_benchmarks\quantum_circuits\ame43\monomial_full__sup013_P210_ph211\E.npy
direct_basis_encoding,ame43,ame43,ame43,ame43,4,4,8,sup013_P210_ph212,monomial,monomial_full,sup013_P210_ph212,False,True,100,202,302,202,,,1.683184,True,False,ok,,Converted from legacy E_new 4x3 isometry candidate.; Fidelity skipped because transpiled circuit has 128 qubits.,202,237.6,24.19,302,365.6,100,117.1,128,"{'sx': 101, 'cz': 99, 'rz': 59, 'rx': 42, 'rzz': 1}",10,10,0,C:\Users\szymon\QuditsOnQubits\QuditsOnQubits\basis_direct_encoding_benchmarks\quantum_circuits\ame43\monomial_full__sup013_P210_ph212,C:\Users\szymon\QuditsOnQubits\QuditsOnQubits\basis_direct_encoding_benchmarks\quantum_circuits\ame43\monomial_full__sup013_P210_ph212\F3_W.qpy,C:\Users\szymon\QuditsOnQubits\QuditsOnQubits\basis_direct_encoding_benchmarks\quantum_circuits\ame43\monomial_full__sup013_P210_ph212\CZ3_W.qpy,C:\Users\szymon\QuditsOnQubits\QuditsOnQubits\basis_direct_encoding_benchmarks\quantum_circuits\ame43\monomial_full__sup013_P210_ph212\graph_state_direct_basis.qpy,C:\Users\szymon\QuditsOnQubits\QuditsOnQubits\basis_direct_encoding_benchmarks\quantum_circuits\ame43\monomial_full__sup013_P210_ph212\graph_state_direct_basis_transpiled.qpy,,C:\Users\szymon\QuditsOnQubits\QuditsOnQubits\basis_direct_encoding_benchmarks\quantum_circuits\ame43\monomial_full__sup013_P210_ph212\E.npy
direct_basis_encoding,ame43,ame43,ame43,ame43,4,4,8,sup013_P210_ph220,monomial,monomial_full,sup013_P210_ph220,False,True,100,199,299,200,,,1.524118,True,False,ok,,Converted from legacy E_new 4x3 isometry candidate.; Fidelity skipped because transpiled circuit has 128 qubits.,200,237.2,24.87,299,365.4,100,117.1,128,"{'sx': 101, 'cz': 99, 'rz': 57, 'rx': 41, 'rzz': 1}",10,10,0,C:\Users\szymon\QuditsOnQubits\QuditsOnQubits\basis_direct_encoding_benchmarks\quantum_circuits\ame43\monomial_full__sup013_P210_ph220,C:\Users\szymon\QuditsOnQubits\QuditsOnQubits\basis_direct_encoding_benchmarks\quantum_circuits\ame43\monomial_full__sup013_P210_ph220\F3_W.qpy,C:\Users\szymon\QuditsOnQubits\QuditsOnQubits\basis_direct_encoding_benchmarks\quantum_circuits\ame43\monomial_full__sup013_P210_ph220\CZ3_W.qpy,C:\Users\szymon\QuditsOnQubits\QuditsOnQubits\basis_direct_encoding_benchmarks\quantum_circuits\ame43\monomial_full__sup013_P210_ph220\graph_state_direct_basis.qpy,C:\Users\szymon\QuditsOnQubits\QuditsOnQubits\basis_direct_encoding_benchmarks\quantum_circuits\ame43\monomial_full__sup013_P210_ph220\graph_state_direct_basis_transpiled.qpy,,C:\Users\szymon\QuditsOnQubits\QuditsOnQubits\basis_direct_encoding_benchmarks\quantum_circuits\ame43\monomial_full__sup013_P210_ph220\E.npy
direct_basis_encoding,ame43,ame43,ame43,ame43,4,4,8,sup013_P210_ph221,monomial,monomial_full,sup013_P210_ph221,False,True,100,194,294,196,,,1.458574,True,False,ok,,Converted from legacy E_new 4x3 isometry candidate.; Fidelity skipped because transpiled circuit has 128 qubits.,196,235.3,25.46,294,358.0,100,117.1,128,"{'sx': 101, 'cz': 99, 'rz': 51, 'rx': 42, 'rzz': 1}",10,10,0,C:\Users\szymon\QuditsOnQubits\QuditsOnQubits\basis_direct_encoding_benchmarks\quantum_circuits\ame43\monomial_full__sup013_P210_ph221,C:\Users\szymon\QuditsOnQubits\QuditsOnQubits\basis_direct_encoding_benchmarks\quantum_circuits\ame43\monomial_full__sup013_P210_ph221\F3_W.qpy,C:\Users\szymon\QuditsOnQubits\QuditsOnQubits\basis_direct_encoding_benchmarks\quantum_circuits\ame43\monomial_full__sup013_P210_ph221\CZ3_W.qpy,C:\Users\szymon\QuditsOnQubits\QuditsOnQubits\basis_direct_encoding_benchmarks\quantum_circuits\ame43\monomial_full__sup013_P210_ph221\graph_state_direct_basis.qpy,C:\Users\szymon\QuditsOnQubits\QuditsOnQubits\basis_direct_encoding_benchmarks\quantum_circuits\ame43\monomial_full__sup013_P210_ph221\graph_state_direct_basis_transpiled.qpy,,C:\Users\szymon\QuditsOnQubits\QuditsOnQubits\basis_direct_encoding_benchmarks\quantum_circuits\ame43\monomial_full__sup013_P210_ph221\E.npy
direct_basis_encoding,ame43,ame43,ame43,ame43,4,4,8,sup013_P210_ph222,monomial,monomial_full,sup013_P210_ph222,False,True,100,199,299,200,,,1.49438,True,False,ok,,Converted from legacy E_new 4x3 isometry candidate.; Fidelity skipped because transpiled circuit has 128 qubits.,200,237.2,24.87,299,365.0,100,117.1,128,"{'sx': 101, 'cz': 99, 'rz': 56, 'rx': 42, 'rzz': 1}",10,10,0,C:\Users\szymon\QuditsOnQubits\QuditsOnQubits\basis_direct_encoding_benchmarks\quantum_circuits\ame43\monomial_full__sup013_P210_ph222,C:\Users\szymon\QuditsOnQubits\QuditsOnQubits\basis_direct_encoding_benchmarks\quantum_circuits\ame43\monomial_full__sup013_P210_ph222\F3_W.qpy,C:\Users\szymon\QuditsOnQubits\QuditsOnQubits\basis_direct_encoding_benchmarks\quantum_circuits\ame43\monomial_full__sup013_P210_ph222\CZ3_W.qpy,C:\Users\szymon\QuditsOnQubits\QuditsOnQubits\basis_direct_encoding_benchmarks\quantum_circuits\ame43\monomial_full__sup013_P210_ph222\graph_state_direct_basis.qpy,C:\Users\szymon\QuditsOnQubits\QuditsOnQubits\basis_direct_encoding_benchmarks\quantum_circuits\ame43\monomial_full__sup013_P210_ph222\graph_state_direct_basis_transpiled.qpy,,C:\Users\szymon\QuditsOnQubits\QuditsOnQubits\basis_direct_encoding_benchmarks\quantum_circuits\ame43\monomial_full__sup013_P210_ph222\E.npy
direct_basis_encoding,ame43,ame43,ame43,ame43,4,4,8,sup023_P012_ph000,monomial,monomial_full,sup023_P012_ph000,False,True,100,192,292,196,,,1.611935,True,False,ok,,Converted from legacy E_new 4x3 isometry candidate.; Fidelity skipped because transpiled circuit has 128 qubits.,196,235.3,25.46,292,356.7,100,117.1,128,"{'sx': 101, 'cz': 99, 'rz': 50, 'rx': 41, 'rzz': 1}",10,10,0,C:\Users\szymon\QuditsOnQubits\QuditsOnQubits\basis_direct_encoding_benchmarks\quantum_circuits\ame43\monomial_full__sup023_P012_ph000,C:\Users\szymon\QuditsOnQubits\QuditsOnQubits\basis_direct_encoding_benchmarks\quantum_circuits\ame43\monomial_full__sup023_P012_ph000\F3_W.qpy,C:\Users\szymon\QuditsOnQubits\QuditsOnQubits\basis_direct_encoding_benchmarks\quantum_circuits\ame43\monomial_full__sup023_P012_ph000\CZ3_W.qpy,C:\Users\szymon\QuditsOnQubits\QuditsOnQubits\basis_direct_encoding_benchmarks\quantum_circuits\ame43\monomial_full__sup023_P012_ph000\graph_state_direct_basis.qpy,C:\Users\szymon\QuditsOnQubits\QuditsOnQubits\basis_direct_encoding_benchmarks\quantum_circuits\ame43\monomial_full__sup023_P012_ph000\graph_state_direct_basis_transpiled.qpy,,C:\Users\szymon\QuditsOnQubits\QuditsOnQubits\basis_direct_encoding_benchmarks\quantum_circuits\ame43\monomial_full__sup023_P012_ph000\E.npy
direct_basis_encoding,ame43,ame43,ame43,ame43,4,4,8,sup023_P012_ph001,monomial,monomial_full,sup023_P012_ph001,False,True,100,200,300,202,,,1.86633,True,False,ok,,Converted from legacy E_new 4x3 isometry candidate.; Fidelity skipped because transpiled circuit has 128 qubits.,202,237.6,24.19,300,364.5,100,117.1,128,"{'sx': 101, 'cz': 99, 'rz': 58, 'rx': 41, 'rzz': 1}",10,10,0,C:\Users\szymon\QuditsOnQubits\QuditsOnQubits\basis_direct_encoding_benchmarks\quantum_circuits\ame43\monomial_full__sup023_P012_ph001,C:\Users\szymon\QuditsOnQubits\QuditsOnQubits\basis_direct_encoding_benchmarks\quantum_circuits\ame43\monomial_full__sup023_P012_ph001\F3_W.qpy,C:\Users\szymon\QuditsOnQubits\QuditsOnQubits\basis_direct_encoding_benchmarks\quantum_circuits\ame43\monomial_full__sup023_P012_ph001\CZ3_W.qpy,C:\Users\szymon\QuditsOnQubits\QuditsOnQubits\basis_direct_encoding_benchmarks\quantum_circuits\ame43\monomial_full__sup023_P012_ph001\graph_state_direct_basis.qpy,C:\Users\szymon\QuditsOnQubits\QuditsOnQubits\basis_direct_encoding_benchmarks\quantum_circuits\ame43\monomial_full__sup023_P012_ph001\graph_state_direct_basis_transpiled.qpy,,C:\Users\szymon\QuditsOnQubits\QuditsOnQubits\basis_direct_encoding_benchmarks\quantum_circuits\ame43\monomial_full__sup023_P012_ph001\E.npy
direct_basis_encoding,ame43,ame43,ame43,ame43,4,4,8,sup023_P012_ph002,monomial,monomial_full,sup023_P012_ph002,False,True,100,201,301,202,,,1.584236,True,False,ok,,Converted from legacy E_new 4x3 isometry candidate.; Fidelity skipped because transpiled circuit has 128 qubits.,202,237.6,24.19,301,365.1,100,117.1,128,"{'sx': 101, 'cz': 99, 'rz': 58, 'rx': 42, 'rzz': 1}",10,10,0,C:\Users\szymon\QuditsOnQubits\QuditsOnQubits\basis_direct_encoding_benchmarks\quantum_circuits\ame43\monomial_full__sup023_P012_ph002,C:\Users\szymon\QuditsOnQubits\QuditsOnQubits\basis_direct_encoding_benchmarks\quantum_circuits\ame43\monomial_full__sup023_P012_ph002\F3_W.qpy,C:\Users\szymon\QuditsOnQubits\QuditsOnQubits\basis_direct_encoding_benchmarks\quantum_circuits\ame43\monomial_full__sup023_P012_ph002\CZ3_W.qpy,C:\Users\szymon\QuditsOnQubits\QuditsOnQubits\basis_direct_encoding_benchmarks\quantum_circuits\ame43\monomial_full__sup023_P012_ph002\graph_state_direct_basis.qpy,C:\Users\szymon\QuditsOnQubits\QuditsOnQubits\basis_direct_encoding_benchmarks\quantum_circuits\ame43\monomial_full__sup023_P012_ph002\graph_state_direct_basis_transpiled.qpy,,C:\Users\szymon\QuditsOnQubits\QuditsOnQubits\basis_direct_encoding_benchmarks\quantum_circuits\ame43\monomial_full__sup023_P012_ph002\E.npy
direct_basis_encoding,ame43,ame43,ame43,ame43,4,4,8,sup023_P012_ph010,monomial,monomial_full,sup023_P012_ph010,False,True,100,197,297,200,,,1.748377,True,False,ok,,Converted from legacy E_new 4x3 isometry candidate.; Fidelity skipped because transpiled circuit has 128 qubits.,200,237.1,24.97,297,360.1,100,117.1,128,"{'sx': 101, 'cz': 99, 'rz': 55, 'rx': 41, 'rzz': 1}",10,10,0,C:\Users\szymon\QuditsOnQubits\QuditsOnQubits\basis_direct_encoding_benchmarks\quantum_circuits\ame43\monomial_full__sup023_P012_ph010,C:\Users\szymon\QuditsOnQubits\QuditsOnQubits\basis_direct_encoding_benchmarks\quantum_circuits\ame43\monomial_full__sup023_P012_ph010\F3_W.qpy,C:\Users\szymon\QuditsOnQubits\QuditsOnQubits\basis_direct_encoding_benchmarks\quantum_circuits\ame43\monomial_full__sup023_P012_ph010\CZ3_W.qpy,C:\Users\szymon\QuditsOnQubits\QuditsOnQubits\basis_direct_encoding_benchmarks\quantum_circuits\ame43\monomial_full__sup023_P012_ph010\graph_state_direct_basis.qpy,C:\Users\szymon\QuditsOnQubits\QuditsOnQubits\basis_direct_encoding_benchmarks\quantum_circuits\ame43\monomial_full__sup023_P012_ph010\graph_state_direct_basis_transpiled.qpy,,C:\Users\szymon\QuditsOnQubits\QuditsOnQubits\basis_direct_encoding_benchmarks\quantum_circuits\ame43\monomial_full__sup023_P012_ph010\E.npy
direct_basis_encoding,ame43,ame43,ame43,ame43,4,4,8,sup023_P012_ph011,monomial,monomial_full,sup023_P012_ph011,False,True,100,199,299,200,,,1.887404,True,False,ok,,Converted from legacy E_new 4x3 isometry candidate.; Fidelity skipped because transpiled circuit has 128 qubits.,200,237.2,24.87,299,365.2,100,117.1,128,"{'sx': 101, 'cz': 99, 'rz': 57, 'rx': 41, 'rzz': 1}",10,10,0,C:\Users\szymon\QuditsOnQubits\QuditsOnQubits\basis_direct_encoding_benchmarks\quantum_circuits\ame43\monomial_full__sup023_P012_ph011,C:\Users\szymon\QuditsOnQubits\QuditsOnQubits\basis_direct_encoding_benchmarks\quantum_circuits\ame43\monomial_full__sup023_P012_ph011\F3_W.qpy,C:\Users\szymon\QuditsOnQubits\QuditsOnQubits\basis_direct_encoding_benchmarks\quantum_circuits\ame43\monomial_full__sup023_P012_ph011\CZ3_W.qpy,C:\Users\szymon\QuditsOnQubits\QuditsOnQubits\basis_direct_encoding_benchmarks\quantum_circuits\ame43\monomial_full__sup023_P012_ph011\graph_state_direct_basis.qpy,C:\Users\szymon\QuditsOnQubits\QuditsOnQubits\basis_direct_encoding_benchmarks\quantum_circuits\ame43\monomial_full__sup023_P012_ph011\graph_state_direct_basis_transpiled.qpy,,C:\Users\szymon\QuditsOnQubits\QuditsOnQubits\basis_direct_encoding_benchmarks\quantum_circuits\ame43\monomial_full__sup023_P012_ph011\E.npy
direct_basis_encoding,ame43,ame43,ame43,ame43,4,4,8,sup023_P012_ph012,monomial,monomial_full,sup023_P012_ph012,False,True,100,202,302,203,,,1.631009,True,False,ok,,Converted from legacy E_new 4x3 isometry candidate.; Fidelity skipped because transpiled circuit has 128 qubits.,203,238.3,24.29,302,366.5,100,117.1,128,"{'sx': 101, 'cz': 99, 'rz': 60, 'rx': 41, 'rzz': 1}",10,10,0,C:\Users\szymon\QuditsOnQubits\QuditsOnQubits\basis_direct_encoding_benchmarks\quantum_circuits\ame43\monomial_full__sup023_P012_ph012,C:\Users\szymon\QuditsOnQubits\QuditsOnQubits\basis_direct_encoding_benchmarks\quantum_circuits\ame43\monomial_full__sup023_P012_ph012\F3_W.qpy,C:\Users\szymon\QuditsOnQubits\QuditsOnQubits\basis_direct_encoding_benchmarks\quantum_circuits\ame43\monomial_full__sup023_P012_ph012\CZ3_W.qpy,C:\Users\szymon\QuditsOnQubits\QuditsOnQubits\basis_direct_encoding_benchmarks\quantum_circuits\ame43\monomial_full__sup023_P012_ph012\graph_state_direct_basis.qpy,C:\Users\szymon\QuditsOnQubits\QuditsOnQubits\basis_direct_encoding_benchmarks\quantum_circuits\ame43\monomial_full__sup023_P012_ph012\graph_state_direct_basis_transpiled.qpy,,C:\Users\szymon\QuditsOnQubits\QuditsOnQubits\basis_direct_encoding_benchmarks\quantum_circuits\ame43\monomial_full__sup023_P012_ph012\E.npy
direct_basis_encoding,ame43,ame43,ame43,ame43,4,4,8,sup023_P012_ph020,monomial,monomial_full,sup023_P012_ph020,False,True,100,197,297,200,,,1.698395,True,False,ok,,Converted from legacy E_new 4x3 isometry candidate.; Fidelity skipped because transpiled circuit has 128 qubits.,200,237.1,24.97,297,360.1,100,117.1,128,"{'sx': 101, 'cz': 99, 'rz': 55, 'rx': 41, 'rzz': 1}",10,10,0,C:\Users\szymon\QuditsOnQubits\QuditsOnQubits\basis_direct_encoding_benchmarks\quantum_circuits\ame43\monomial_full__sup023_P012_ph020,C:\Users\szymon\QuditsOnQubits\QuditsOnQubits\basis_direct_encoding_benchmarks\quantum_circuits\ame43\monomial_full__sup023_P012_ph020\F3_W.qpy,C:\Users\szymon\QuditsOnQubits\QuditsOnQubits\basis_direct_encoding_benchmarks\quantum_circuits\ame43\monomial_full__sup023_P012_ph020\CZ3_W.qpy,C:\Users\szymon\QuditsOnQubits\QuditsOnQubits\basis_direct_encoding_benchmarks\quantum_circuits\ame43\monomial_full__sup023_P012_ph020\graph_state_direct_basis.qpy,C:\Users\szymon\QuditsOnQubits\QuditsOnQubits\basis_direct_encoding_benchmarks\quantum_circuits\ame43\monomial_full__sup023_P012_ph020\graph_state_direct_basis_transpiled.qpy,,C:\Users\szymon\QuditsOnQubits\QuditsOnQubits\basis_direct_encoding_benchmarks\quantum_circuits\ame43\monomial_full__sup023_P012_ph020\E.npy
direct_basis_encoding,ame43,ame43,ame43,ame43,4,4,8,sup023_P012_ph021,monomial,monomial_full,sup023_P012_ph021,False,True,100,202,302,203,,,1.784741,True,False,ok,,Converted from legacy E_new 4x3 isometry candidate.; Fidelity skipped because transpiled circuit has 128 qubits.,203,238.3,24.29,302,366.5,100,117.1,128,"{'sx': 101, 'cz': 99, 'rz': 60, 'rx': 41, 'rzz': 1}",10,10,0,C:\Users\szymon\QuditsOnQubits\QuditsOnQubits\basis_direct_encoding_benchmarks\quantum_circuits\ame43\monomial_full__sup023_P012_ph021,C:\Users\szymon\QuditsOnQubits\QuditsOnQubits\basis_direct_encoding_benchmarks\quantum_circuits\ame43\monomial_full__sup023_P012_ph021\F3_W.qpy,C:\Users\szymon\QuditsOnQubits\QuditsOnQubits\basis_direct_encoding_benchmarks\quantum_circuits\ame43\monomial_full__sup023_P012_ph021\CZ3_W.qpy,C:\Users\szymon\QuditsOnQubits\QuditsOnQubits\basis_direct_encoding_benchmarks\quantum_circuits\ame43\monomial_full__sup023_P012_ph021\graph_state_direct_basis.qpy,C:\Users\szymon\QuditsOnQubits\QuditsOnQubits\basis_direct_encoding_benchmarks\quantum_circuits\ame43\monomial_full__sup023_P012_ph021\graph_state_direct_basis_transpiled.qpy,,C:\Users\szymon\QuditsOnQubits\QuditsOnQubits\basis_direct_encoding_benchmarks\quantum_circuits\ame43\monomial_full__sup023_P012_ph021\E.npy
direct_basis_encoding,ame43,ame43,ame43,ame43,4,4,8,sup023_P012_ph022,monomial,monomial_full,sup023_P012_ph022,False,True,100,199,299,200,,,1.711344,True,False,ok,,Converted from legacy E_new 4x3 isometry candidate.; Fidelity skipped because transpiled circuit has 128 qubits.,200,237.2,24.87,299,364.9,100,117.1,128,"{'sx': 101, 'cz': 99, 'rz': 57, 'rx': 41, 'rzz': 1}",10,10,0,C:\Users\szymon\QuditsOnQubits\QuditsOnQubits\basis_direct_encoding_benchmarks\quantum_circuits\ame43\monomial_full__sup023_P012_ph022,C:\Users\szymon\QuditsOnQubits\QuditsOnQubits\basis_direct_encoding_benchmarks\quantum_circuits\ame43\monomial_full__sup023_P012_ph022\F3_W.qpy,C:\Users\szymon\QuditsOnQubits\QuditsOnQubits\basis_direct_encoding_benchmarks\quantum_circuits\ame43\monomial_full__sup023_P012_ph022\CZ3_W.qpy,C:\Users\szymon\QuditsOnQubits\QuditsOnQubits\basis_direct_encoding_benchmarks\quantum_circuits\ame43\monomial_full__sup023_P012_ph022\graph_state_direct_basis.qpy,C:\Users\szymon\QuditsOnQubits\QuditsOnQubits\basis_direct_encoding_benchmarks\quantum_circuits\ame43\monomial_full__sup023_P012_ph022\graph_state_direct_basis_transpiled.qpy,,C:\Users\szymon\QuditsOnQubits\QuditsOnQubits\basis_direct_encoding_benchmarks\quantum_circuits\ame43\monomial_full__sup023_P012_ph022\E.npy
direct_basis_encoding,ame43,ame43,ame43,ame43,4,4,8,sup023_P012_ph100,monomial,monomial_full,sup023_P012_ph100,False,True,100,200,300,200,,,1.641919,True,False,ok,,Converted from legacy E_new 4x3 isometry candidate.; Fidelity skipped because transpiled circuit has 128 qubits.,200,237.2,24.87,300,365.3,100,117.1,128,"{'sx': 101, 'cz': 99, 'rz': 57, 'rx': 42, 'rzz': 1}",10,10,0,C:\Users\szymon\QuditsOnQubits\QuditsOnQubits\basis_direct_encoding_benchmarks\quantum_circuits\ame43\monomial_full__sup023_P012_ph100,C:\Users\szymon\QuditsOnQubits\QuditsOnQubits\basis_direct_encoding_benchmarks\quantum_circuits\ame43\monomial_full__sup023_P012_ph100\F3_W.qpy,C:\Users\szymon\QuditsOnQubits\QuditsOnQubits\basis_direct_encoding_benchmarks\quantum_circuits\ame43\monomial_full__sup023_P012_ph100\CZ3_W.qpy,C:\Users\szymon\QuditsOnQubits\QuditsOnQubits\basis_direct_encoding_benchmarks\quantum_circuits\ame43\monomial_full__sup023_P012_ph100\graph_state_direct_basis.qpy,C:\Users\szymon\QuditsOnQubits\QuditsOnQubits\basis_direct_encoding_benchmarks\quantum_circuits\ame43\monomial_full__sup023_P012_ph100\graph_state_direct_basis_transpiled.qpy,,C:\Users\szymon\QuditsOnQubits\QuditsOnQubits\basis_direct_encoding_benchmarks\quantum_circuits\ame43\monomial_full__sup023_P012_ph100\E.npy
direct_basis_encoding,ame43,ame43,ame43,ame43,4,4,8,sup023_P012_ph101,monomial,monomial_full,sup023_P012_ph101,False,True,100,202,302,203,,,1.659249,True,False,ok,,Converted from legacy E_new 4x3 isometry candidate.; Fidelity skipped because transpiled circuit has 128 qubits.,203,238.3,24.29,302,366.4,100,117.1,128,"{'sx': 101, 'cz': 99, 'rz': 60, 'rx': 41, 'rzz': 1}",10,10,0,C:\Users\szymon\QuditsOnQubits\QuditsOnQubits\basis_direct_encoding_benchmarks\quantum_circuits\ame43\monomial_full__sup023_P012_ph101,C:\Users\szymon\QuditsOnQubits\QuditsOnQubits\basis_direct_encoding_benchmarks\quantum_circuits\ame43\monomial_full__sup023_P012_ph101\F3_W.qpy,C:\Users\szymon\QuditsOnQubits\QuditsOnQubits\basis_direct_encoding_benchmarks\quantum_circuits\ame43\monomial_full__sup023_P012_ph101\CZ3_W.qpy,C:\Users\szymon\QuditsOnQubits\QuditsOnQubits\basis_direct_encoding_benchmarks\quantum_circuits\ame43\monomial_full__sup023_P012_ph101\graph_state_direct_basis.qpy,C:\Users\szymon\QuditsOnQubits\QuditsOnQubits\basis_direct_encoding_benchmarks\quantum_circuits\ame43\monomial_full__sup023_P012_ph101\graph_state_direct_basis_transpiled.qpy,,C:\Users\szymon\QuditsOnQubits\QuditsOnQubits\basis_direct_encoding_benchmarks\quantum_circuits\ame43\monomial_full__sup023_P012_ph101\E.npy
direct_basis_encoding,ame43,ame43,ame43,ame43,4,4,8,sup023_P012_ph102,monomial,monomial_full,sup023_P012_ph102,False,True,100,197,297,200,,,1.538647,True,False,ok,,Converted from legacy E_new 4x3 isometry candidate.; Fidelity skipped because transpiled circuit has 128 qubits.,200,237.1,24.97,297,360.0,100,117.1,128,"{'sx': 101, 'cz': 99, 'rz': 55, 'rx': 41, 'rzz': 1}",10,10,0,C:\Users\szymon\QuditsOnQubits\QuditsOnQubits\basis_direct_encoding_benchmarks\quantum_circuits\ame43\monomial_full__sup023_P012_ph102,C:\Users\szymon\QuditsOnQubits\QuditsOnQubits\basis_direct_encoding_benchmarks\quantum_circuits\ame43\monomial_full__sup023_P012_ph102\F3_W.qpy,C:\Users\szymon\QuditsOnQubits\QuditsOnQubits\basis_direct_encoding_benchmarks\quantum_circuits\ame43\monomial_full__sup023_P012_ph102\CZ3_W.qpy,C:\Users\szymon\QuditsOnQubits\QuditsOnQubits\basis_direct_encoding_benchmarks\quantum_circuits\ame43\monomial_full__sup023_P012_ph102\graph_state_direct_basis.qpy,C:\Users\szymon\QuditsOnQubits\QuditsOnQubits\basis_direct_encoding_benchmarks\quantum_circuits\ame43\monomial_full__sup023_P012_ph102\graph_state_direct_basis_transpiled.qpy,,C:\Users\szymon\QuditsOnQubits\QuditsOnQubits\basis_direct_encoding_benchmarks\quantum_circuits\ame43\monomial_full__sup023_P012_ph102\E.npy
direct_basis_encoding,ame43,ame43,ame43,ame43,4,4,8,sup023_P012_ph110,monomial,monomial_full,sup023_P012_ph110,False,True,100,202,302,203,,,1.632946,True,False,ok,,Converted from legacy E_new 4x3 isometry candidate.; Fidelity skipped because transpiled circuit has 128 qubits.,203,238.3,24.29,302,366.2,100,117.1,128,"{'sx': 101, 'cz': 99, 'rz': 59, 'rx': 42, 'rzz': 1}",10,10,0,C:\Users\szymon\QuditsOnQubits\QuditsOnQubits\basis_direct_encoding_benchmarks\quantum_circuits\ame43\monomial_full__sup023_P012_ph110,C:\Users\szymon\QuditsOnQubits\QuditsOnQubits\basis_direct_encoding_benchmarks\quantum_circuits\ame43\monomial_full__sup023_P012_ph110\F3_W.qpy,C:\Users\szymon\QuditsOnQubits\QuditsOnQubits\basis_direct_encoding_benchmarks\quantum_circuits\ame43\monomial_full__sup023_P012_ph110\CZ3_W.qpy,C:\Users\szymon\QuditsOnQubits\QuditsOnQubits\basis_direct_encoding_benchmarks\quantum_circuits\ame43\monomial_full__sup023_P012_ph110\graph_state_direct_basis.qpy,C:\Users\szymon\QuditsOnQubits\QuditsOnQubits\basis_direct_encoding_benchmarks\quantum_circuits\ame43\monomial_full__sup023_P012_ph110\graph_state_direct_basis_transpiled.qpy,,C:\Users\szymon\QuditsOnQubits\QuditsOnQubits\basis_direct_encoding_benchmarks\quantum_circuits\ame43\monomial_full__sup023_P012_ph110\E.npy
direct_basis_encoding,ame43,ame43,ame43,ame43,4,4,8,sup023_P012_ph111,monomial,monomial_full,sup023_P012_ph111,False,True,100,198,298,200,,,1.594291,True,False,ok,,Converted from legacy E_new 4x3 isometry candidate.; Fidelity skipped because transpiled circuit has 128 qubits.,200,237.2,24.87,298,364.4,100,117.1,128,"{'sx': 101, 'cz': 99, 'rz': 56, 'rx': 41, 'rzz': 1}",10,10,0,C:\Users\szymon\QuditsOnQubits\QuditsOnQubits\basis_direct_encoding_benchmarks\quantum_circuits\ame43\monomial_full__sup023_P012_ph111,C:\Users\szymon\QuditsOnQubits\QuditsOnQubits\basis_direct_encoding_benchmarks\quantum_circuits\ame43\monomial_full__sup023_P012_ph111\F3_W.qpy,C:\Users\szymon\QuditsOnQubits\QuditsOnQubits\basis_direct_encoding_benchmarks\quantum_circuits\ame43\monomial_full__sup023_P012_ph111\CZ3_W.qpy,C:\Users\szymon\QuditsOnQubits\QuditsOnQubits\basis_direct_encoding_benchmarks\quantum_circuits\ame43\monomial_full__sup023_P012_ph111\graph_state_direct_basis.qpy,C:\Users\szymon\QuditsOnQubits\QuditsOnQubits\basis_direct_encoding_benchmarks\quantum_circuits\ame43\monomial_full__sup023_P012_ph111\graph_state_direct_basis_transpiled.qpy,,C:\Users\szymon\QuditsOnQubits\QuditsOnQubits\basis_direct_encoding_benchmarks\quantum_circuits\ame43\monomial_full__sup023_P012_ph111\E.npy
direct_basis_encoding,ame43,ame43,ame43,ame43,4,4,8,sup023_P012_ph112,monomial,monomial_full,sup023_P012_ph112,False,True,100,197,297,200,,,1.615989,True,False,ok,,Converted from legacy E_new 4x3 isometry candidate.; Fidelity skipped because transpiled circuit has 128 qubits.,200,236.9,25.03,297,359.6,100,117.1,128,"{'sx': 101, 'cz': 99, 'rz': 54, 'rx': 42, 'rzz': 1}",10,10,0,C:\Users\szymon\QuditsOnQubits\QuditsOnQubits\basis_direct_encoding_benchmarks\quantum_circuits\ame43\monomial_full__sup023_P012_ph112,C:\Users\szymon\QuditsOnQubits\QuditsOnQubits\basis_direct_encoding_benchmarks\quantum_circuits\ame43\monomial_full__sup023_P012_ph112\F3_W.qpy,C:\Users\szymon\QuditsOnQubits\QuditsOnQubits\basis_direct_encoding_benchmarks\quantum_circuits\ame43\monomial_full__sup023_P012_ph112\CZ3_W.qpy,C:\Users\szymon\QuditsOnQubits\QuditsOnQubits\basis_direct_encoding_benchmarks\quantum_circuits\ame43\monomial_full__sup023_P012_ph112\graph_state_direct_basis.qpy,C:\Users\szymon\QuditsOnQubits\QuditsOnQubits\basis_direct_encoding_benchmarks\quantum_circuits\ame43\monomial_full__sup023_P012_ph112\graph_state_direct_basis_transpiled.qpy,,C:\Users\szymon\QuditsOnQubits\QuditsOnQubits\basis_direct_encoding_benchmarks\quantum_circuits\ame43\monomial_full__sup023_P012_ph112\E.npy
direct_basis_encoding,ame43,ame43,ame43,ame43,4,4,8,sup023_P012_ph120,monomial,monomial_full,sup023_P012_ph120,False,True,100,202,302,202,,,1.651198,True,False,ok,,Converted from legacy E_new 4x3 isometry candidate.; Fidelity skipped because transpiled circuit has 128 qubits.,202,237.6,24.19,302,365.7,100,117.1,128,"{'sx': 101, 'cz': 99, 'rz': 59, 'rx': 42, 'rzz': 1}",10,10,0,C:\Users\szymon\QuditsOnQubits\QuditsOnQubits\basis_direct_encoding_benchmarks\quantum_circuits\ame43\monomial_full__sup023_P012_ph120,C:\Users\szymon\QuditsOnQubits\QuditsOnQubits\basis_direct_encoding_benchmarks\quantum_circuits\ame43\monomial_full__sup023_P012_ph120\F3_W.qpy,C:\Users\szymon\QuditsOnQubits\QuditsOnQubits\basis_direct_encoding_benchmarks\quantum_circuits\ame43\monomial_full__sup023_P012_ph120\CZ3_W.qpy,C:\Users\szymon\QuditsOnQubits\QuditsOnQubits\basis_direct_encoding_benchmarks\quantum_circuits\ame43\monomial_full__sup023_P012_ph120\graph_state_direct_basis.qpy,C:\Users\szymon\QuditsOnQubits\QuditsOnQubits\basis_direct_encoding_benchmarks\quantum_circuits\ame43\monomial_full__sup023_P012_ph120\graph_state_direct_basis_transpiled.qpy,,C:\Users\szymon\QuditsOnQubits\QuditsOnQubits\basis_direct_encoding_benchmarks\quantum_circuits\ame43\monomial_full__sup023_P012_ph120\E.npy
direct_basis_encoding,ame43,ame43,ame43,ame43,4,4,8,sup023_P012_ph121,monomial,monomial_full,sup023_P012_ph121,False,True,100,201,301,202,,,1.643916,True,False,ok,,Converted from legacy E_new 4x3 isometry candidate.; Fidelity skipped because transpiled circuit has 128 qubits.,202,237.6,24.19,301,365.5,100,117.1,128,"{'sx': 101, 'cz': 99, 'rz': 59, 'rx': 41, 'rzz': 1}",10,10,0,C:\Users\szymon\QuditsOnQubits\QuditsOnQubits\basis_direct_encoding_benchmarks\quantum_circuits\ame43\monomial_full__sup023_P012_ph121,C:\Users\szymon\QuditsOnQubits\QuditsOnQubits\basis_direct_encoding_benchmarks\quantum_circuits\ame43\monomial_full__sup023_P012_ph121\F3_W.qpy,C:\Users\szymon\QuditsOnQubits\QuditsOnQubits\basis_direct_encoding_benchmarks\quantum_circuits\ame43\monomial_full__sup023_P012_ph121\CZ3_W.qpy,C:\Users\szymon\QuditsOnQubits\QuditsOnQubits\basis_direct_encoding_benchmarks\quantum_circuits\ame43\monomial_full__sup023_P012_ph121\graph_state_direct_basis.qpy,C:\Users\szymon\QuditsOnQubits\QuditsOnQubits\basis_direct_encoding_benchmarks\quantum_circuits\ame43\monomial_full__sup023_P012_ph121\graph_state_direct_basis_transpiled.qpy,,C:\Users\szymon\QuditsOnQubits\QuditsOnQubits\basis_direct_encoding_benchmarks\quantum_circuits\ame43\monomial_full__sup023_P012_ph121\E.npy
direct_basis_encoding,ame43,ame43,ame43,ame43,4,4,8,sup023_P012_ph122,monomial,monomial_full,sup023_P012_ph122,False,True,100,194,294,196,,,1.792198,True,False,ok,,Converted from legacy E_new 4x3 isometry candidate.; Fidelity skipped because transpiled circuit has 128 qubits.,196,235.3,25.46,294,357.9,100,117.1,128,"{'sx': 101, 'cz': 99, 'rz': 51, 'rx': 42, 'rzz': 1}",10,10,0,C:\Users\szymon\QuditsOnQubits\QuditsOnQubits\basis_direct_encoding_benchmarks\quantum_circuits\ame43\monomial_full__sup023_P012_ph122,C:\Users\szymon\QuditsOnQubits\QuditsOnQubits\basis_direct_encoding_benchmarks\quantum_circuits\ame43\monomial_full__sup023_P012_ph122\F3_W.qpy,C:\Users\szymon\QuditsOnQubits\QuditsOnQubits\basis_direct_encoding_benchmarks\quantum_circuits\ame43\monomial_full__sup023_P012_ph122\CZ3_W.qpy,C:\Users\szymon\QuditsOnQubits\QuditsOnQubits\basis_direct_encoding_benchmarks\quantum_circuits\ame43\monomial_full__sup023_P012_ph122\graph_state_direct_basis.qpy,C:\Users\szymon\QuditsOnQubits\QuditsOnQubits\basis_direct_encoding_benchmarks\quantum_circuits\ame43\monomial_full__sup023_P012_ph122\graph_state_direct_basis_transpiled.qpy,,C:\Users\szymon\QuditsOnQubits\QuditsOnQubits\basis_direct_encoding_benchmarks\quantum_circuits\ame43\monomial_full__sup023_P012_ph122\E.npy
direct_basis_encoding,ame43,ame43,ame43,ame43,4,4,8,sup023_P012_ph200,monomial,monomial_full,sup023_P012_ph200,False,True,100,199,299,200,,,1.794145,True,False,ok,,Converted from legacy E_new 4x3 isometry candidate.; Fidelity skipped because transpiled circuit has 128 qubits.,200,237.2,24.87,299,365.1,100,117.1,128,"{'sx': 101, 'cz': 99, 'rz': 57, 'rx': 41, 'rzz': 1}",10,10,0,C:\Users\szymon\QuditsOnQubits\QuditsOnQubits\basis_direct_encoding_benchmarks\quantum_circuits\ame43\monomial_full__sup023_P012_ph200,C:\Users\szymon\QuditsOnQubits\QuditsOnQubits\basis_direct_encoding_benchmarks\quantum_circuits\ame43\monomial_full__sup023_P012_ph200\F3_W.qpy,C:\Users\szymon\QuditsOnQubits\QuditsOnQubits\basis_direct_encoding_benchmarks\quantum_circuits\ame43\monomial_full__sup023_P012_ph200\CZ3_W.qpy,C:\Users\szymon\QuditsOnQubits\QuditsOnQubits\basis_direct_encoding_benchmarks\quantum_circuits\ame43\monomial_full__sup023_P012_ph200\graph_state_direct_basis.qpy,C:\Users\szymon\QuditsOnQubits\QuditsOnQubits\basis_direct_encoding_benchmarks\quantum_circuits\ame43\monomial_full__sup023_P012_ph200\graph_state_direct_basis_transpiled.qpy,,C:\Users\szymon\QuditsOnQubits\QuditsOnQubits\basis_direct_encoding_benchmarks\quantum_circuits\ame43\monomial_full__sup023_P012_ph200\E.npy
direct_basis_encoding,ame43,ame43,ame43,ame43,4,4,8,sup023_P012_ph201,monomial,monomial_full,sup023_P012_ph201,False,True,100,197,297,200,,,1.999544,True,False,ok,,Converted from legacy E_new 4x3 isometry candidate.; Fidelity skipped because transpiled circuit has 128 qubits.,200,237.1,24.97,297,360.2,100,117.1,128,"{'sx': 101, 'cz': 99, 'rz': 55, 'rx': 41, 'rzz': 1}",10,10,0,C:\Users\szymon\QuditsOnQubits\QuditsOnQubits\basis_direct_encoding_benchmarks\quantum_circuits\ame43\monomial_full__sup023_P012_ph201,C:\Users\szymon\QuditsOnQubits\QuditsOnQubits\basis_direct_encoding_benchmarks\quantum_circuits\ame43\monomial_full__sup023_P012_ph201\F3_W.qpy,C:\Users\szymon\QuditsOnQubits\QuditsOnQubits\basis_direct_encoding_benchmarks\quantum_circuits\ame43\monomial_full__sup023_P012_ph201\CZ3_W.qpy,C:\Users\szymon\QuditsOnQubits\QuditsOnQubits\basis_direct_encoding_benchmarks\quantum_circuits\ame43\monomial_full__sup023_P012_ph201\graph_state_direct_basis.qpy,C:\Users\szymon\QuditsOnQubits\QuditsOnQubits\basis_direct_encoding_benchmarks\quantum_circuits\ame43\monomial_full__sup023_P012_ph201\graph_state_direct_basis_transpiled.qpy,,C:\Users\szymon\QuditsOnQubits\QuditsOnQubits\basis_direct_encoding_benchmarks\quantum_circuits\ame43\monomial_full__sup023_P012_ph201\E.npy
direct_basis_encoding,ame43,ame43,ame43,ame43,4,4,8,sup023_P012_ph202,monomial,monomial_full,sup023_P012_ph202,False,True,100,202,302,203,,,1.802549,True,False,ok,,Converted from legacy E_new 4x3 isometry candidate.; Fidelity skipped because transpiled circuit has 128 qubits.,203,238.3,24.29,302,366.5,100,117.1,128,"{'sx': 101, 'cz': 99, 'rz': 60, 'rx': 41, 'rzz': 1}",10,10,0,C:\Users\szymon\QuditsOnQubits\QuditsOnQubits\basis_direct_encoding_benchmarks\quantum_circuits\ame43\monomial_full__sup023_P012_ph202,C:\Users\szymon\QuditsOnQubits\QuditsOnQubits\basis_direct_encoding_benchmarks\quantum_circuits\ame43\monomial_full__sup023_P012_ph202\F3_W.qpy,C:\Users\szymon\QuditsOnQubits\QuditsOnQubits\basis_direct_encoding_benchmarks\quantum_circuits\ame43\monomial_full__sup023_P012_ph202\CZ3_W.qpy,C:\Users\szymon\QuditsOnQubits\QuditsOnQubits\basis_direct_encoding_benchmarks\quantum_circuits\ame43\monomial_full__sup023_P012_ph202\graph_state_direct_basis.qpy,C:\Users\szymon\QuditsOnQubits\QuditsOnQubits\basis_direct_encoding_benchmarks\quantum_circuits\ame43\monomial_full__sup023_P012_ph202\graph_state_direct_basis_transpiled.qpy,,C:\Users\szymon\QuditsOnQubits\QuditsOnQubits\basis_direct_encoding_benchmarks\quantum_circuits\ame43\monomial_full__sup023_P012_ph202\E.npy
direct_basis_encoding,ame43,ame43,ame43,ame43,4,4,8,sup023_P012_ph210,monomial,monomial_full,sup023_P012_ph210,False,True,100,202,302,202,,,1.577106,True,False,ok,,Converted from legacy E_new 4x3 isometry candidate.; Fidelity skipped because transpiled circuit has 128 qubits.,202,237.6,24.19,302,365.7,100,117.1,128,"{'sx': 101, 'cz': 99, 'rz': 59, 'rx': 42, 'rzz': 1}",10,10,0,C:\Users\szymon\QuditsOnQubits\QuditsOnQubits\basis_direct_encoding_benchmarks\quantum_circuits\ame43\monomial_full__sup023_P012_ph210,C:\Users\szymon\QuditsOnQubits\QuditsOnQubits\basis_direct_encoding_benchmarks\quantum_circuits\ame43\monomial_full__sup023_P012_ph210\F3_W.qpy,C:\Users\szymon\QuditsOnQubits\QuditsOnQubits\basis_direct_encoding_benchmarks\quantum_circuits\ame43\monomial_full__sup023_P012_ph210\CZ3_W.qpy,C:\Users\szymon\QuditsOnQubits\QuditsOnQubits\basis_direct_encoding_benchmarks\quantum_circuits\ame43\monomial_full__sup023_P012_ph210\graph_state_direct_basis.qpy,C:\Users\szymon\QuditsOnQubits\QuditsOnQubits\basis_direct_encoding_benchmarks\quantum_circuits\ame43\monomial_full__sup023_P012_ph210\graph_state_direct_basis_transpiled.qpy,,C:\Users\szymon\QuditsOnQubits\QuditsOnQubits\basis_direct_encoding_benchmarks\quantum_circuits\ame43\monomial_full__sup023_P012_ph210\E.npy
direct_basis_encoding,ame43,ame43,ame43,ame43,4,4,8,sup023_P012_ph211,monomial,monomial_full,sup023_P012_ph211,False,True,100,194,294,196,,,1.900063,True,False,ok,,Converted from legacy E_new 4x3 isometry candidate.; Fidelity skipped because transpiled circuit has 128 qubits.,196,235.3,25.46,294,357.7,100,117.1,128,"{'sx': 101, 'cz': 99, 'rz': 51, 'rx': 42, 'rzz': 1}",10,10,0,C:\Users\szymon\QuditsOnQubits\QuditsOnQubits\basis_direct_encoding_benchmarks\quantum_circuits\ame43\monomial_full__sup023_P012_ph211,C:\Users\szymon\QuditsOnQubits\QuditsOnQubits\basis_direct_encoding_benchmarks\quantum_circuits\ame43\monomial_full__sup023_P012_ph211\F3_W.qpy,C:\Users\szymon\QuditsOnQubits\QuditsOnQubits\basis_direct_encoding_benchmarks\quantum_circuits\ame43\monomial_full__sup023_P012_ph211\CZ3_W.qpy,C:\Users\szymon\QuditsOnQubits\QuditsOnQubits\basis_direct_encoding_benchmarks\quantum_circuits\ame43\monomial_full__sup023_P012_ph211\graph_state_direct_basis.qpy,C:\Users\szymon\QuditsOnQubits\QuditsOnQubits\basis_direct_encoding_benchmarks\quantum_circuits\ame43\monomial_full__sup023_P012_ph211\graph_state_direct_basis_transpiled.qpy,,C:\Users\szymon\QuditsOnQubits\QuditsOnQubits\basis_direct_encoding_benchmarks\quantum_circuits\ame43\monomial_full__sup023_P012_ph211\E.npy
direct_basis_encoding,ame43,ame43,ame43,ame43,4,4,8,sup023_P012_ph212,monomial,monomial_full,sup023_P012_ph212,False,True,100,201,301,202,,,1.439044,True,False,ok,,Converted from legacy E_new 4x3 isometry candidate.; Fidelity skipped because transpiled circuit has 128 qubits.,202,237.6,24.19,301,365.4,100,117.1,128,"{'sx': 101, 'cz': 99, 'rz': 59, 'rx': 41, 'rzz': 1}",10,10,0,C:\Users\szymon\QuditsOnQubits\QuditsOnQubits\basis_direct_encoding_benchmarks\quantum_circuits\ame43\monomial_full__sup023_P012_ph212,C:\Users\szymon\QuditsOnQubits\QuditsOnQubits\basis_direct_encoding_benchmarks\quantum_circuits\ame43\monomial_full__sup023_P012_ph212\F3_W.qpy,C:\Users\szymon\QuditsOnQubits\QuditsOnQubits\basis_direct_encoding_benchmarks\quantum_circuits\ame43\monomial_full__sup023_P012_ph212\CZ3_W.qpy,C:\Users\szymon\QuditsOnQubits\QuditsOnQubits\basis_direct_encoding_benchmarks\quantum_circuits\ame43\monomial_full__sup023_P012_ph212\graph_state_direct_basis.qpy,C:\Users\szymon\QuditsOnQubits\QuditsOnQubits\basis_direct_encoding_benchmarks\quantum_circuits\ame43\monomial_full__sup023_P012_ph212\graph_state_direct_basis_transpiled.qpy,,C:\Users\szymon\QuditsOnQubits\QuditsOnQubits\basis_direct_encoding_benchmarks\quantum_circuits\ame43\monomial_full__sup023_P012_ph212\E.npy
direct_basis_encoding,ame43,ame43,ame43,ame43,4,4,8,sup023_P012_ph220,monomial,monomial_full,sup023_P012_ph220,False,True,100,201,301,203,,,1.535985,True,False,ok,,Converted from legacy E_new 4x3 isometry candidate.; Fidelity skipped because transpiled circuit has 128 qubits.,203,238.3,24.29,301,366.0,100,117.1,128,"{'sx': 101, 'cz': 99, 'rz': 59, 'rx': 41, 'rzz': 1}",10,10,0,C:\Users\szymon\QuditsOnQubits\QuditsOnQubits\basis_direct_encoding_benchmarks\quantum_circuits\ame43\monomial_full__sup023_P012_ph220,C:\Users\szymon\QuditsOnQubits\QuditsOnQubits\basis_direct_encoding_benchmarks\quantum_circuits\ame43\monomial_full__sup023_P012_ph220\F3_W.qpy,C:\Users\szymon\QuditsOnQubits\QuditsOnQubits\basis_direct_encoding_benchmarks\quantum_circuits\ame43\monomial_full__sup023_P012_ph220\CZ3_W.qpy,C:\Users\szymon\QuditsOnQubits\QuditsOnQubits\basis_direct_encoding_benchmarks\quantum_circuits\ame43\monomial_full__sup023_P012_ph220\graph_state_direct_basis.qpy,C:\Users\szymon\QuditsOnQubits\QuditsOnQubits\basis_direct_encoding_benchmarks\quantum_circuits\ame43\monomial_full__sup023_P012_ph220\graph_state_direct_basis_transpiled.qpy,,C:\Users\szymon\QuditsOnQubits\QuditsOnQubits\basis_direct_encoding_benchmarks\quantum_circuits\ame43\monomial_full__sup023_P012_ph220\E.npy
direct_basis_encoding,ame43,ame43,ame43,ame43,4,4,8,sup023_P012_ph221,monomial,monomial_full,sup023_P012_ph221,False,True,100,196,296,200,,,1.546819,True,False,ok,,Converted from legacy E_new 4x3 isometry candidate.; Fidelity skipped because transpiled circuit has 128 qubits.,200,237.1,24.97,296,359.4,100,117.1,128,"{'sx': 101, 'cz': 99, 'rz': 54, 'rx': 41, 'rzz': 1}",10,10,0,C:\Users\szymon\QuditsOnQubits\QuditsOnQubits\basis_direct_encoding_benchmarks\quantum_circuits\ame43\monomial_full__sup023_P012_ph221,C:\Users\szymon\QuditsOnQubits\QuditsOnQubits\basis_direct_encoding_benchmarks\quantum_circuits\ame43\monomial_full__sup023_P012_ph221\F3_W.qpy,C:\Users\szymon\QuditsOnQubits\QuditsOnQubits\basis_direct_encoding_benchmarks\quantum_circuits\ame43\monomial_full__sup023_P012_ph221\CZ3_W.qpy,C:\Users\szymon\QuditsOnQubits\QuditsOnQubits\basis_direct_encoding_benchmarks\quantum_circuits\ame43\monomial_full__sup023_P012_ph221\graph_state_direct_basis.qpy,C:\Users\szymon\QuditsOnQubits\QuditsOnQubits\basis_direct_encoding_benchmarks\quantum_circuits\ame43\monomial_full__sup023_P012_ph221\graph_state_direct_basis_transpiled.qpy,,C:\Users\szymon\QuditsOnQubits\QuditsOnQubits\basis_direct_encoding_benchmarks\quantum_circuits\ame43\monomial_full__sup023_P012_ph221\E.npy
direct_basis_encoding,ame43,ame43,ame43,ame43,4,4,8,sup023_P012_ph222,monomial,monomial_full,sup023_P012_ph222,False,True,100,198,298,200,,,1.597832,True,False,ok,,Converted from legacy E_new 4x3 isometry candidate.; Fidelity skipped because transpiled circuit has 128 qubits.,200,237.2,24.87,298,364.4,100,117.1,128,"{'sx': 101, 'cz': 99, 'rz': 56, 'rx': 41, 'rzz': 1}",10,10,0,C:\Users\szymon\QuditsOnQubits\QuditsOnQubits\basis_direct_encoding_benchmarks\quantum_circuits\ame43\monomial_full__sup023_P012_ph222,C:\Users\szymon\QuditsOnQubits\QuditsOnQubits\basis_direct_encoding_benchmarks\quantum_circuits\ame43\monomial_full__sup023_P012_ph222\F3_W.qpy,C:\Users\szymon\QuditsOnQubits\QuditsOnQubits\basis_direct_encoding_benchmarks\quantum_circuits\ame43\monomial_full__sup023_P012_ph222\CZ3_W.qpy,C:\Users\szymon\QuditsOnQubits\QuditsOnQubits\basis_direct_encoding_benchmarks\quantum_circuits\ame43\monomial_full__sup023_P012_ph222\graph_state_direct_basis.qpy,C:\Users\szymon\QuditsOnQubits\QuditsOnQubits\basis_direct_encoding_benchmarks\quantum_circuits\ame43\monomial_full__sup023_P012_ph222\graph_state_direct_basis_transpiled.qpy,,C:\Users\szymon\QuditsOnQubits\QuditsOnQubits\basis_direct_encoding_benchmarks\quantum_circuits\ame43\monomial_full__sup023_P012_ph222\E.npy
direct_basis_encoding,ame43,ame43,ame43,ame43,4,4,8,sup023_P021_ph000,monomial,monomial_full,sup023_P021_ph000,False,True,100,192,292,196,,,1.634009,True,False,ok,,Converted from legacy E_new 4x3 isometry candidate.; Fidelity skipped because transpiled circuit has 128 qubits.,196,235.3,25.46,292,356.7,100,117.1,128,"{'sx': 101, 'cz': 99, 'rz': 50, 'rx': 41, 'rzz': 1}",10,10,0,C:\Users\szymon\QuditsOnQubits\QuditsOnQubits\basis_direct_encoding_benchmarks\quantum_circuits\ame43\monomial_full__sup023_P021_ph000,C:\Users\szymon\QuditsOnQubits\QuditsOnQubits\basis_direct_encoding_benchmarks\quantum_circuits\ame43\monomial_full__sup023_P021_ph000\F3_W.qpy,C:\Users\szymon\QuditsOnQubits\QuditsOnQubits\basis_direct_encoding_benchmarks\quantum_circuits\ame43\monomial_full__sup023_P021_ph000\CZ3_W.qpy,C:\Users\szymon\QuditsOnQubits\QuditsOnQubits\basis_direct_encoding_benchmarks\quantum_circuits\ame43\monomial_full__sup023_P021_ph000\graph_state_direct_basis.qpy,C:\Users\szymon\QuditsOnQubits\QuditsOnQubits\basis_direct_encoding_benchmarks\quantum_circuits\ame43\monomial_full__sup023_P021_ph000\graph_state_direct_basis_transpiled.qpy,,C:\Users\szymon\QuditsOnQubits\QuditsOnQubits\basis_direct_encoding_benchmarks\quantum_circuits\ame43\monomial_full__sup023_P021_ph000\E.npy
direct_basis_encoding,ame43,ame43,ame43,ame43,4,4,8,sup023_P021_ph001,monomial,monomial_full,sup023_P021_ph001,False,True,100,200,300,202,,,1.684407,True,False,ok,,Converted from legacy E_new 4x3 isometry candidate.; Fidelity skipped because transpiled circuit has 128 qubits.,202,237.6,24.19,300,364.5,100,117.1,128,"{'sx': 101, 'cz': 99, 'rz': 58, 'rx': 41, 'rzz': 1}",10,10,0,C:\Users\szymon\QuditsOnQubits\QuditsOnQubits\basis_direct_encoding_benchmarks\quantum_circuits\ame43\monomial_full__sup023_P021_ph001,C:\Users\szymon\QuditsOnQubits\QuditsOnQubits\basis_direct_encoding_benchmarks\quantum_circuits\ame43\monomial_full__sup023_P021_ph001\F3_W.qpy,C:\Users\szymon\QuditsOnQubits\QuditsOnQubits\basis_direct_encoding_benchmarks\quantum_circuits\ame43\monomial_full__sup023_P021_ph001\CZ3_W.qpy,C:\Users\szymon\QuditsOnQubits\QuditsOnQubits\basis_direct_encoding_benchmarks\quantum_circuits\ame43\monomial_full__sup023_P021_ph001\graph_state_direct_basis.qpy,C:\Users\szymon\QuditsOnQubits\QuditsOnQubits\basis_direct_encoding_benchmarks\quantum_circuits\ame43\monomial_full__sup023_P021_ph001\graph_state_direct_basis_transpiled.qpy,,C:\Users\szymon\QuditsOnQubits\QuditsOnQubits\basis_direct_encoding_benchmarks\quantum_circuits\ame43\monomial_full__sup023_P021_ph001\E.npy
direct_basis_encoding,ame43,ame43,ame43,ame43,4,4,8,sup023_P021_ph002,monomial,monomial_full,sup023_P021_ph002,False,True,100,201,301,202,,,1.498065,True,False,ok,,Converted from legacy E_new 4x3 isometry candidate.; Fidelity skipped because transpiled circuit has 128 qubits.,202,237.6,24.19,301,365.1,100,117.1,128,"{'sx': 101, 'cz': 99, 'rz': 58, 'rx': 42, 'rzz': 1}",10,10,0,C:\Users\szymon\QuditsOnQubits\QuditsOnQubits\basis_direct_encoding_benchmarks\quantum_circuits\ame43\monomial_full__sup023_P021_ph002,C:\Users\szymon\QuditsOnQubits\QuditsOnQubits\basis_direct_encoding_benchmarks\quantum_circuits\ame43\monomial_full__sup023_P021_ph002\F3_W.qpy,C:\Users\szymon\QuditsOnQubits\QuditsOnQubits\basis_direct_encoding_benchmarks\quantum_circuits\ame43\monomial_full__sup023_P021_ph002\CZ3_W.qpy,C:\Users\szymon\QuditsOnQubits\QuditsOnQubits\basis_direct_encoding_benchmarks\quantum_circuits\ame43\monomial_full__sup023_P021_ph002\graph_state_direct_basis.qpy,C:\Users\szymon\QuditsOnQubits\QuditsOnQubits\basis_direct_encoding_benchmarks\quantum_circuits\ame43\monomial_full__sup023_P021_ph002\graph_state_direct_basis_transpiled.qpy,,C:\Users\szymon\QuditsOnQubits\QuditsOnQubits\basis_direct_encoding_benchmarks\quantum_circuits\ame43\monomial_full__sup023_P021_ph002\E.npy
direct_basis_encoding,ame43,ame43,ame43,ame43,4,4,8,sup023_P021_ph010,monomial,monomial_full,sup023_P021_ph010,False,True,100,197,297,200,,,1.57328,True,False,ok,,Converted from legacy E_new 4x3 isometry candidate.; Fidelity skipped because transpiled circuit has 128 qubits.,200,237.1,24.97,297,360.1,100,117.1,128,"{'sx': 101, 'cz': 99, 'rz': 55, 'rx': 41, 'rzz': 1}",10,10,0,C:\Users\szymon\QuditsOnQubits\QuditsOnQubits\basis_direct_encoding_benchmarks\quantum_circuits\ame43\monomial_full__sup023_P021_ph010,C:\Users\szymon\QuditsOnQubits\QuditsOnQubits\basis_direct_encoding_benchmarks\quantum_circuits\ame43\monomial_full__sup023_P021_ph010\F3_W.qpy,C:\Users\szymon\QuditsOnQubits\QuditsOnQubits\basis_direct_encoding_benchmarks\quantum_circuits\ame43\monomial_full__sup023_P021_ph010\CZ3_W.qpy,C:\Users\szymon\QuditsOnQubits\QuditsOnQubits\basis_direct_encoding_benchmarks\quantum_circuits\ame43\monomial_full__sup023_P021_ph010\graph_state_direct_basis.qpy,C:\Users\szymon\QuditsOnQubits\QuditsOnQubits\basis_direct_encoding_benchmarks\quantum_circuits\ame43\monomial_full__sup023_P021_ph010\graph_state_direct_basis_transpiled.qpy,,C:\Users\szymon\QuditsOnQubits\QuditsOnQubits\basis_direct_encoding_benchmarks\quantum_circuits\ame43\monomial_full__sup023_P021_ph010\E.npy
direct_basis_encoding,ame43,ame43,ame43,ame43,4,4,8,sup023_P021_ph011,monomial,monomial_full,sup023_P021_ph011,False,True,100,199,299,200,,,1.683676,True,False,ok,,Converted from legacy E_new 4x3 isometry candidate.; Fidelity skipped because transpiled circuit has 128 qubits.,200,237.2,24.87,299,365.2,100,117.1,128,"{'sx': 101, 'cz': 99, 'rz': 57, 'rx': 41, 'rzz': 1}",10,10,0,C:\Users\szymon\QuditsOnQubits\QuditsOnQubits\basis_direct_encoding_benchmarks\quantum_circuits\ame43\monomial_full__sup023_P021_ph011,C:\Users\szymon\QuditsOnQubits\QuditsOnQubits\basis_direct_encoding_benchmarks\quantum_circuits\ame43\monomial_full__sup023_P021_ph011\F3_W.qpy,C:\Users\szymon\QuditsOnQubits\QuditsOnQubits\basis_direct_encoding_benchmarks\quantum_circuits\ame43\monomial_full__sup023_P021_ph011\CZ3_W.qpy,C:\Users\szymon\QuditsOnQubits\QuditsOnQubits\basis_direct_encoding_benchmarks\quantum_circuits\ame43\monomial_full__sup023_P021_ph011\graph_state_direct_basis.qpy,C:\Users\szymon\QuditsOnQubits\QuditsOnQubits\basis_direct_encoding_benchmarks\quantum_circuits\ame43\monomial_full__sup023_P021_ph011\graph_state_direct_basis_transpiled.qpy,,C:\Users\szymon\QuditsOnQubits\QuditsOnQubits\basis_direct_encoding_benchmarks\quantum_circuits\ame43\monomial_full__sup023_P021_ph011\E.npy
direct_basis_encoding,ame43,ame43,ame43,ame43,4,4,8,sup023_P021_ph012,monomial,monomial_full,sup023_P021_ph012,False,True,100,202,302,203,,,1.445352,True,False,ok,,Converted from legacy E_new 4x3 isometry candidate.; Fidelity skipped because transpiled circuit has 128 qubits.,203,238.3,24.29,302,366.5,100,117.1,128,"{'sx': 101, 'cz': 99, 'rz': 60, 'rx': 41, 'rzz': 1}",10,10,0,C:\Users\szymon\QuditsOnQubits\QuditsOnQubits\basis_direct_encoding_benchmarks\quantum_circuits\ame43\monomial_full__sup023_P021_ph012,C:\Users\szymon\QuditsOnQubits\QuditsOnQubits\basis_direct_encoding_benchmarks\quantum_circuits\ame43\monomial_full__sup023_P021_ph012\F3_W.qpy,C:\Users\szymon\QuditsOnQubits\QuditsOnQubits\basis_direct_encoding_benchmarks\quantum_circuits\ame43\monomial_full__sup023_P021_ph012\CZ3_W.qpy,C:\Users\szymon\QuditsOnQubits\QuditsOnQubits\basis_direct_encoding_benchmarks\quantum_circuits\ame43\monomial_full__sup023_P021_ph012\graph_state_direct_basis.qpy,C:\Users\szymon\QuditsOnQubits\QuditsOnQubits\basis_direct_encoding_benchmarks\quantum_circuits\ame43\monomial_full__sup023_P021_ph012\graph_state_direct_basis_transpiled.qpy,,C:\Users\szymon\QuditsOnQubits\QuditsOnQubits\basis_direct_encoding_benchmarks\quantum_circuits\ame43\monomial_full__sup023_P021_ph012\E.npy
direct_basis_encoding,ame43,ame43,ame43,ame43,4,4,8,sup023_P021_ph020,monomial,monomial_full,sup023_P021_ph020,False,True,100,197,297,200,,,1.42644,True,False,ok,,Converted from legacy E_new 4x3 isometry candidate.; Fidelity skipped because transpiled circuit has 128 qubits.,200,237.1,24.97,297,360.1,100,117.1,128,"{'sx': 101, 'cz': 99, 'rz': 55, 'rx': 41, 'rzz': 1}",10,10,0,C:\Users\szymon\QuditsOnQubits\QuditsOnQubits\basis_direct_encoding_benchmarks\quantum_circuits\ame43\monomial_full__sup023_P021_ph020,C:\Users\szymon\QuditsOnQubits\QuditsOnQubits\basis_direct_encoding_benchmarks\quantum_circuits\ame43\monomial_full__sup023_P021_ph020\F3_W.qpy,C:\Users\szymon\QuditsOnQubits\QuditsOnQubits\basis_direct_encoding_benchmarks\quantum_circuits\ame43\monomial_full__sup023_P021_ph020\CZ3_W.qpy,C:\Users\szymon\QuditsOnQubits\QuditsOnQubits\basis_direct_encoding_benchmarks\quantum_circuits\ame43\monomial_full__sup023_P021_ph020\graph_state_direct_basis.qpy,C:\Users\szymon\QuditsOnQubits\QuditsOnQubits\basis_direct_encoding_benchmarks\quantum_circuits\ame43\monomial_full__sup023_P021_ph020\graph_state_direct_basis_transpiled.qpy,,C:\Users\szymon\QuditsOnQubits\QuditsOnQubits\basis_direct_encoding_benchmarks\quantum_circuits\ame43\monomial_full__sup023_P021_ph020\E.npy
direct_basis_encoding,ame43,ame43,ame43,ame43,4,4,8,sup023_P021_ph021,monomial,monomial_full,sup023_P021_ph021,False,True,100,202,302,203,,,1.547094,True,False,ok,,Converted from legacy E_new 4x3 isometry candidate.; Fidelity skipped because transpiled circuit has 128 qubits.,203,238.3,24.29,302,366.5,100,117.1,128,"{'sx': 101, 'cz': 99, 'rz': 60, 'rx': 41, 'rzz': 1}",10,10,0,C:\Users\szymon\QuditsOnQubits\QuditsOnQubits\basis_direct_encoding_benchmarks\quantum_circuits\ame43\monomial_full__sup023_P021_ph021,C:\Users\szymon\QuditsOnQubits\QuditsOnQubits\basis_direct_encoding_benchmarks\quantum_circuits\ame43\monomial_full__sup023_P021_ph021\F3_W.qpy,C:\Users\szymon\QuditsOnQubits\QuditsOnQubits\basis_direct_encoding_benchmarks\quantum_circuits\ame43\monomial_full__sup023_P021_ph021\CZ3_W.qpy,C:\Users\szymon\QuditsOnQubits\QuditsOnQubits\basis_direct_encoding_benchmarks\quantum_circuits\ame43\monomial_full__sup023_P021_ph021\graph_state_direct_basis.qpy,C:\Users\szymon\QuditsOnQubits\QuditsOnQubits\basis_direct_encoding_benchmarks\quantum_circuits\ame43\monomial_full__sup023_P021_ph021\graph_state_direct_basis_transpiled.qpy,,C:\Users\szymon\QuditsOnQubits\QuditsOnQubits\basis_direct_encoding_benchmarks\quantum_circuits\ame43\monomial_full__sup023_P021_ph021\E.npy
direct_basis_encoding,ame43,ame43,ame43,ame43,4,4,8,sup023_P021_ph022,monomial,monomial_full,sup023_P021_ph022,False,True,100,199,299,200,,,1.543242,True,False,ok,,Converted from legacy E_new 4x3 isometry candidate.; Fidelity skipped because transpiled circuit has 128 qubits.,200,237.2,24.87,299,364.9,100,117.1,128,"{'sx': 101, 'cz': 99, 'rz': 57, 'rx': 41, 'rzz': 1}",10,10,0,C:\Users\szymon\QuditsOnQubits\QuditsOnQubits\basis_direct_encoding_benchmarks\quantum_circuits\ame43\monomial_full__sup023_P021_ph022,C:\Users\szymon\QuditsOnQubits\QuditsOnQubits\basis_direct_encoding_benchmarks\quantum_circuits\ame43\monomial_full__sup023_P021_ph022\F3_W.qpy,C:\Users\szymon\QuditsOnQubits\QuditsOnQubits\basis_direct_encoding_benchmarks\quantum_circuits\ame43\monomial_full__sup023_P021_ph022\CZ3_W.qpy,C:\Users\szymon\QuditsOnQubits\QuditsOnQubits\basis_direct_encoding_benchmarks\quantum_circuits\ame43\monomial_full__sup023_P021_ph022\graph_state_direct_basis.qpy,C:\Users\szymon\QuditsOnQubits\QuditsOnQubits\basis_direct_encoding_benchmarks\quantum_circuits\ame43\monomial_full__sup023_P021_ph022\graph_state_direct_basis_transpiled.qpy,,C:\Users\szymon\QuditsOnQubits\QuditsOnQubits\basis_direct_encoding_benchmarks\quantum_circuits\ame43\monomial_full__sup023_P021_ph022\E.npy
direct_basis_encoding,ame43,ame43,ame43,ame43,4,4,8,sup023_P021_ph100,monomial,monomial_full,sup023_P021_ph100,False,True,100,200,300,200,,,1.69168,True,False,ok,,Converted from legacy E_new 4x3 isometry candidate.; Fidelity skipped because transpiled circuit has 128 qubits.,200,237.2,24.87,300,365.3,100,117.1,128,"{'sx': 101, 'cz': 99, 'rz': 57, 'rx': 42, 'rzz': 1}",10,10,0,C:\Users\szymon\QuditsOnQubits\QuditsOnQubits\basis_direct_encoding_benchmarks\quantum_circuits\ame43\monomial_full__sup023_P021_ph100,C:\Users\szymon\QuditsOnQubits\QuditsOnQubits\basis_direct_encoding_benchmarks\quantum_circuits\ame43\monomial_full__sup023_P021_ph100\F3_W.qpy,C:\Users\szymon\QuditsOnQubits\QuditsOnQubits\basis_direct_encoding_benchmarks\quantum_circuits\ame43\monomial_full__sup023_P021_ph100\CZ3_W.qpy,C:\Users\szymon\QuditsOnQubits\QuditsOnQubits\basis_direct_encoding_benchmarks\quantum_circuits\ame43\monomial_full__sup023_P021_ph100\graph_state_direct_basis.qpy,C:\Users\szymon\QuditsOnQubits\QuditsOnQubits\basis_direct_encoding_benchmarks\quantum_circuits\ame43\monomial_full__sup023_P021_ph100\graph_state_direct_basis_transpiled.qpy,,C:\Users\szymon\QuditsOnQubits\QuditsOnQubits\basis_direct_encoding_benchmarks\quantum_circuits\ame43\monomial_full__sup023_P021_ph100\E.npy
direct_basis_encoding,ame43,ame43,ame43,ame43,4,4,8,sup023_P021_ph101,monomial,monomial_full,sup023_P021_ph101,False,True,100,202,302,203,,,1.737421,True,False,ok,,Converted from legacy E_new 4x3 isometry candidate.; Fidelity skipped because transpiled circuit has 128 qubits.,203,238.3,24.29,302,366.4,100,117.1,128,"{'sx': 101, 'cz': 99, 'rz': 60, 'rx': 41, 'rzz': 1}",10,10,0,C:\Users\szymon\QuditsOnQubits\QuditsOnQubits\basis_direct_encoding_benchmarks\quantum_circuits\ame43\monomial_full__sup023_P021_ph101,C:\Users\szymon\QuditsOnQubits\QuditsOnQubits\basis_direct_encoding_benchmarks\quantum_circuits\ame43\monomial_full__sup023_P021_ph101\F3_W.qpy,C:\Users\szymon\QuditsOnQubits\QuditsOnQubits\basis_direct_encoding_benchmarks\quantum_circuits\ame43\monomial_full__sup023_P021_ph101\CZ3_W.qpy,C:\Users\szymon\QuditsOnQubits\QuditsOnQubits\basis_direct_encoding_benchmarks\quantum_circuits\ame43\monomial_full__sup023_P021_ph101\graph_state_direct_basis.qpy,C:\Users\szymon\QuditsOnQubits\QuditsOnQubits\basis_direct_encoding_benchmarks\quantum_circuits\ame43\monomial_full__sup023_P021_ph101\graph_state_direct_basis_transpiled.qpy,,C:\Users\szymon\QuditsOnQubits\QuditsOnQubits\basis_direct_encoding_benchmarks\quantum_circuits\ame43\monomial_full__sup023_P021_ph101\E.npy
direct_basis_encoding,ame43,ame43,ame43,ame43,4,4,8,sup023_P021_ph102,monomial,monomial_full,sup023_P021_ph102,False,True,100,197,297,200,,,1.981087,True,False,ok,,Converted from legacy E_new 4x3 isometry candidate.; Fidelity skipped because transpiled circuit has 128 qubits.,200,237.1,24.97,297,360.0,100,117.1,128,"{'sx': 101, 'cz': 99, 'rz': 55, 'rx': 41, 'rzz': 1}",10,10,0,C:\Users\szymon\QuditsOnQubits\QuditsOnQubits\basis_direct_encoding_benchmarks\quantum_circuits\ame43\monomial_full__sup023_P021_ph102,C:\Users\szymon\QuditsOnQubits\QuditsOnQubits\basis_direct_encoding_benchmarks\quantum_circuits\ame43\monomial_full__sup023_P021_ph102\F3_W.qpy,C:\Users\szymon\QuditsOnQubits\QuditsOnQubits\basis_direct_encoding_benchmarks\quantum_circuits\ame43\monomial_full__sup023_P021_ph102\CZ3_W.qpy,C:\Users\szymon\QuditsOnQubits\QuditsOnQubits\basis_direct_encoding_benchmarks\quantum_circuits\ame43\monomial_full__sup023_P021_ph102\graph_state_direct_basis.qpy,C:\Users\szymon\QuditsOnQubits\QuditsOnQubits\basis_direct_encoding_benchmarks\quantum_circuits\ame43\monomial_full__sup023_P021_ph102\graph_state_direct_basis_transpiled.qpy,,C:\Users\szymon\QuditsOnQubits\QuditsOnQubits\basis_direct_encoding_benchmarks\quantum_circuits\ame43\monomial_full__sup023_P021_ph102\E.npy
direct_basis_encoding,ame43,ame43,ame43,ame43,4,4,8,sup023_P021_ph110,monomial,monomial_full,sup023_P021_ph110,False,True,100,202,302,203,,,2.097416,True,False,ok,,Converted from legacy E_new 4x3 isometry candidate.; Fidelity skipped because transpiled circuit has 128 qubits.,203,238.3,24.29,302,366.2,100,117.1,128,"{'sx': 101, 'cz': 99, 'rz': 59, 'rx': 42, 'rzz': 1}",10,10,0,C:\Users\szymon\QuditsOnQubits\QuditsOnQubits\basis_direct_encoding_benchmarks\quantum_circuits\ame43\monomial_full__sup023_P021_ph110,C:\Users\szymon\QuditsOnQubits\QuditsOnQubits\basis_direct_encoding_benchmarks\quantum_circuits\ame43\monomial_full__sup023_P021_ph110\F3_W.qpy,C:\Users\szymon\QuditsOnQubits\QuditsOnQubits\basis_direct_encoding_benchmarks\quantum_circuits\ame43\monomial_full__sup023_P021_ph110\CZ3_W.qpy,C:\Users\szymon\QuditsOnQubits\QuditsOnQubits\basis_direct_encoding_benchmarks\quantum_circuits\ame43\monomial_full__sup023_P021_ph110\graph_state_direct_basis.qpy,C:\Users\szymon\QuditsOnQubits\QuditsOnQubits\basis_direct_encoding_benchmarks\quantum_circuits\ame43\monomial_full__sup023_P021_ph110\graph_state_direct_basis_transpiled.qpy,,C:\Users\szymon\QuditsOnQubits\QuditsOnQubits\basis_direct_encoding_benchmarks\quantum_circuits\ame43\monomial_full__sup023_P021_ph110\E.npy
direct_basis_encoding,ame43,ame43,ame43,ame43,4,4,8,sup023_P021_ph111,monomial,monomial_full,sup023_P021_ph111,False,True,100,198,298,200,,,1.7621,True,False,ok,,Converted from legacy E_new 4x3 isometry candidate.; Fidelity skipped because transpiled circuit has 128 qubits.,200,237.2,24.87,298,364.4,100,117.1,128,"{'sx': 101, 'cz': 99, 'rz': 56, 'rx': 41, 'rzz': 1}",10,10,0,C:\Users\szymon\QuditsOnQubits\QuditsOnQubits\basis_direct_encoding_benchmarks\quantum_circuits\ame43\monomial_full__sup023_P021_ph111,C:\Users\szymon\QuditsOnQubits\QuditsOnQubits\basis_direct_encoding_benchmarks\quantum_circuits\ame43\monomial_full__sup023_P021_ph111\F3_W.qpy,C:\Users\szymon\QuditsOnQubits\QuditsOnQubits\basis_direct_encoding_benchmarks\quantum_circuits\ame43\monomial_full__sup023_P021_ph111\CZ3_W.qpy,C:\Users\szymon\QuditsOnQubits\QuditsOnQubits\basis_direct_encoding_benchmarks\quantum_circuits\ame43\monomial_full__sup023_P021_ph111\graph_state_direct_basis.qpy,C:\Users\szymon\QuditsOnQubits\QuditsOnQubits\basis_direct_encoding_benchmarks\quantum_circuits\ame43\monomial_full__sup023_P021_ph111\graph_state_direct_basis_transpiled.qpy,,C:\Users\szymon\QuditsOnQubits\QuditsOnQubits\basis_direct_encoding_benchmarks\quantum_circuits\ame43\monomial_full__sup023_P021_ph111\E.npy
direct_basis_encoding,ame43,ame43,ame43,ame43,4,4,8,sup023_P021_ph112,monomial,monomial_full,sup023_P021_ph112,False,True,100,197,297,200,,,1.975075,True,False,ok,,Converted from legacy E_new 4x3 isometry candidate.; Fidelity skipped because transpiled circuit has 128 qubits.,200,236.9,25.03,297,359.6,100,117.1,128,"{'sx': 101, 'cz': 99, 'rz': 54, 'rx': 42, 'rzz': 1}",10,10,0,C:\Users\szymon\QuditsOnQubits\QuditsOnQubits\basis_direct_encoding_benchmarks\quantum_circuits\ame43\monomial_full__sup023_P021_ph112,C:\Users\szymon\QuditsOnQubits\QuditsOnQubits\basis_direct_encoding_benchmarks\quantum_circuits\ame43\monomial_full__sup023_P021_ph112\F3_W.qpy,C:\Users\szymon\QuditsOnQubits\QuditsOnQubits\basis_direct_encoding_benchmarks\quantum_circuits\ame43\monomial_full__sup023_P021_ph112\CZ3_W.qpy,C:\Users\szymon\QuditsOnQubits\QuditsOnQubits\basis_direct_encoding_benchmarks\quantum_circuits\ame43\monomial_full__sup023_P021_ph112\graph_state_direct_basis.qpy,C:\Users\szymon\QuditsOnQubits\QuditsOnQubits\basis_direct_encoding_benchmarks\quantum_circuits\ame43\monomial_full__sup023_P021_ph112\graph_state_direct_basis_transpiled.qpy,,C:\Users\szymon\QuditsOnQubits\QuditsOnQubits\basis_direct_encoding_benchmarks\quantum_circuits\ame43\monomial_full__sup023_P021_ph112\E.npy
direct_basis_encoding,ame43,ame43,ame43,ame43,4,4,8,sup023_P021_ph120,monomial,monomial_full,sup023_P021_ph120,False,True,100,202,302,202,,,2.341979,True,False,ok,,Converted from legacy E_new 4x3 isometry candidate.; Fidelity skipped because transpiled circuit has 128 qubits.,202,237.6,24.19,302,365.7,100,117.1,128,"{'sx': 101, 'cz': 99, 'rz': 59, 'rx': 42, 'rzz': 1}",10,10,0,C:\Users\szymon\QuditsOnQubits\QuditsOnQubits\basis_direct_encoding_benchmarks\quantum_circuits\ame43\monomial_full__sup023_P021_ph120,C:\Users\szymon\QuditsOnQubits\QuditsOnQubits\basis_direct_encoding_benchmarks\quantum_circuits\ame43\monomial_full__sup023_P021_ph120\F3_W.qpy,C:\Users\szymon\QuditsOnQubits\QuditsOnQubits\basis_direct_encoding_benchmarks\quantum_circuits\ame43\monomial_full__sup023_P021_ph120\CZ3_W.qpy,C:\Users\szymon\QuditsOnQubits\QuditsOnQubits\basis_direct_encoding_benchmarks\quantum_circuits\ame43\monomial_full__sup023_P021_ph120\graph_state_direct_basis.qpy,C:\Users\szymon\QuditsOnQubits\QuditsOnQubits\basis_direct_encoding_benchmarks\quantum_circuits\ame43\monomial_full__sup023_P021_ph120\graph_state_direct_basis_transpiled.qpy,,C:\Users\szymon\QuditsOnQubits\QuditsOnQubits\basis_direct_encoding_benchmarks\quantum_circuits\ame43\monomial_full__sup023_P021_ph120\E.npy
direct_basis_encoding,ame43,ame43,ame43,ame43,4,4,8,sup023_P021_ph121,monomial,monomial_full,sup023_P021_ph121,False,True,100,201,301,202,,,2.100007,True,False,ok,,Converted from legacy E_new 4x3 isometry candidate.; Fidelity skipped because transpiled circuit has 128 qubits.,202,237.6,24.19,301,365.5,100,117.1,128,"{'sx': 101, 'cz': 99, 'rz': 59, 'rx': 41, 'rzz': 1}",10,10,0,C:\Users\szymon\QuditsOnQubits\QuditsOnQubits\basis_direct_encoding_benchmarks\quantum_circuits\ame43\monomial_full__sup023_P021_ph121,C:\Users\szymon\QuditsOnQubits\QuditsOnQubits\basis_direct_encoding_benchmarks\quantum_circuits\ame43\monomial_full__sup023_P021_ph121\F3_W.qpy,C:\Users\szymon\QuditsOnQubits\QuditsOnQubits\basis_direct_encoding_benchmarks\quantum_circuits\ame43\monomial_full__sup023_P021_ph121\CZ3_W.qpy,C:\Users\szymon\QuditsOnQubits\QuditsOnQubits\basis_direct_encoding_benchmarks\quantum_circuits\ame43\monomial_full__sup023_P021_ph121\graph_state_direct_basis.qpy,C:\Users\szymon\QuditsOnQubits\QuditsOnQubits\basis_direct_encoding_benchmarks\quantum_circuits\ame43\monomial_full__sup023_P021_ph121\graph_state_direct_basis_transpiled.qpy,,C:\Users\szymon\QuditsOnQubits\QuditsOnQubits\basis_direct_encoding_benchmarks\quantum_circuits\ame43\monomial_full__sup023_P021_ph121\E.npy
direct_basis_encoding,ame43,ame43,ame43,ame43,4,4,8,sup023_P021_ph122,monomial,monomial_full,sup023_P021_ph122,False,True,100,194,294,196,,,2.026642,True,False,ok,,Converted from legacy E_new 4x3 isometry candidate.; Fidelity skipped because transpiled circuit has 128 qubits.,196,235.3,25.46,294,357.9,100,117.1,128,"{'sx': 101, 'cz': 99, 'rz': 51, 'rx': 42, 'rzz': 1}",10,10,0,C:\Users\szymon\QuditsOnQubits\QuditsOnQubits\basis_direct_encoding_benchmarks\quantum_circuits\ame43\monomial_full__sup023_P021_ph122,C:\Users\szymon\QuditsOnQubits\QuditsOnQubits\basis_direct_encoding_benchmarks\quantum_circuits\ame43\monomial_full__sup023_P021_ph122\F3_W.qpy,C:\Users\szymon\QuditsOnQubits\QuditsOnQubits\basis_direct_encoding_benchmarks\quantum_circuits\ame43\monomial_full__sup023_P021_ph122\CZ3_W.qpy,C:\Users\szymon\QuditsOnQubits\QuditsOnQubits\basis_direct_encoding_benchmarks\quantum_circuits\ame43\monomial_full__sup023_P021_ph122\graph_state_direct_basis.qpy,C:\Users\szymon\QuditsOnQubits\QuditsOnQubits\basis_direct_encoding_benchmarks\quantum_circuits\ame43\monomial_full__sup023_P021_ph122\graph_state_direct_basis_transpiled.qpy,,C:\Users\szymon\QuditsOnQubits\QuditsOnQubits\basis_direct_encoding_benchmarks\quantum_circuits\ame43\monomial_full__sup023_P021_ph122\E.npy
direct_basis_encoding,ame43,ame43,ame43,ame43,4,4,8,sup023_P021_ph200,monomial,monomial_full,sup023_P021_ph200,False,True,100,199,299,200,,,2.059325,True,False,ok,,Converted from legacy E_new 4x3 isometry candidate.; Fidelity skipped because transpiled circuit has 128 qubits.,200,237.2,24.87,299,365.1,100,117.1,128,"{'sx': 101, 'cz': 99, 'rz': 57, 'rx': 41, 'rzz': 1}",10,10,0,C:\Users\szymon\QuditsOnQubits\QuditsOnQubits\basis_direct_encoding_benchmarks\quantum_circuits\ame43\monomial_full__sup023_P021_ph200,C:\Users\szymon\QuditsOnQubits\QuditsOnQubits\basis_direct_encoding_benchmarks\quantum_circuits\ame43\monomial_full__sup023_P021_ph200\F3_W.qpy,C:\Users\szymon\QuditsOnQubits\QuditsOnQubits\basis_direct_encoding_benchmarks\quantum_circuits\ame43\monomial_full__sup023_P021_ph200\CZ3_W.qpy,C:\Users\szymon\QuditsOnQubits\QuditsOnQubits\basis_direct_encoding_benchmarks\quantum_circuits\ame43\monomial_full__sup023_P021_ph200\graph_state_direct_basis.qpy,C:\Users\szymon\QuditsOnQubits\QuditsOnQubits\basis_direct_encoding_benchmarks\quantum_circuits\ame43\monomial_full__sup023_P021_ph200\graph_state_direct_basis_transpiled.qpy,,C:\Users\szymon\QuditsOnQubits\QuditsOnQubits\basis_direct_encoding_benchmarks\quantum_circuits\ame43\monomial_full__sup023_P021_ph200\E.npy
direct_basis_encoding,ame43,ame43,ame43,ame43,4,4,8,sup023_P021_ph201,monomial,monomial_full,sup023_P021_ph201,False,True,100,197,297,200,,,2.058635,True,False,ok,,Converted from legacy E_new 4x3 isometry candidate.; Fidelity skipped because transpiled circuit has 128 qubits.,200,237.1,24.97,297,360.2,100,117.1,128,"{'sx': 101, 'cz': 99, 'rz': 55, 'rx': 41, 'rzz': 1}",10,10,0,C:\Users\szymon\QuditsOnQubits\QuditsOnQubits\basis_direct_encoding_benchmarks\quantum_circuits\ame43\monomial_full__sup023_P021_ph201,C:\Users\szymon\QuditsOnQubits\QuditsOnQubits\basis_direct_encoding_benchmarks\quantum_circuits\ame43\monomial_full__sup023_P021_ph201\F3_W.qpy,C:\Users\szymon\QuditsOnQubits\QuditsOnQubits\basis_direct_encoding_benchmarks\quantum_circuits\ame43\monomial_full__sup023_P021_ph201\CZ3_W.qpy,C:\Users\szymon\QuditsOnQubits\QuditsOnQubits\basis_direct_encoding_benchmarks\quantum_circuits\ame43\monomial_full__sup023_P021_ph201\graph_state_direct_basis.qpy,C:\Users\szymon\QuditsOnQubits\QuditsOnQubits\basis_direct_encoding_benchmarks\quantum_circuits\ame43\monomial_full__sup023_P021_ph201\graph_state_direct_basis_transpiled.qpy,,C:\Users\szymon\QuditsOnQubits\QuditsOnQubits\basis_direct_encoding_benchmarks\quantum_circuits\ame43\monomial_full__sup023_P021_ph201\E.npy
direct_basis_encoding,ame43,ame43,ame43,ame43,4,4,8,sup023_P021_ph202,monomial,monomial_full,sup023_P021_ph202,False,True,100,202,302,203,,,1.98591,True,False,ok,,Converted from legacy E_new 4x3 isometry candidate.; Fidelity skipped because transpiled circuit has 128 qubits.,203,238.3,24.29,302,366.5,100,117.1,128,"{'sx': 101, 'cz': 99, 'rz': 60, 'rx': 41, 'rzz': 1}",10,10,0,C:\Users\szymon\QuditsOnQubits\QuditsOnQubits\basis_direct_encoding_benchmarks\quantum_circuits\ame43\monomial_full__sup023_P021_ph202,C:\Users\szymon\QuditsOnQubits\QuditsOnQubits\basis_direct_encoding_benchmarks\quantum_circuits\ame43\monomial_full__sup023_P021_ph202\F3_W.qpy,C:\Users\szymon\QuditsOnQubits\QuditsOnQubits\basis_direct_encoding_benchmarks\quantum_circuits\ame43\monomial_full__sup023_P021_ph202\CZ3_W.qpy,C:\Users\szymon\QuditsOnQubits\QuditsOnQubits\basis_direct_encoding_benchmarks\quantum_circuits\ame43\monomial_full__sup023_P021_ph202\graph_state_direct_basis.qpy,C:\Users\szymon\QuditsOnQubits\QuditsOnQubits\basis_direct_encoding_benchmarks\quantum_circuits\ame43\monomial_full__sup023_P021_ph202\graph_state_direct_basis_transpiled.qpy,,C:\Users\szymon\QuditsOnQubits\QuditsOnQubits\basis_direct_encoding_benchmarks\quantum_circuits\ame43\monomial_full__sup023_P021_ph202\E.npy
direct_basis_encoding,ame43,ame43,ame43,ame43,4,4,8,sup023_P021_ph210,monomial,monomial_full,sup023_P021_ph210,False,True,100,202,302,202,,,2.003755,True,False,ok,,Converted from legacy E_new 4x3 isometry candidate.; Fidelity skipped because transpiled circuit has 128 qubits.,202,237.6,24.19,302,365.7,100,117.1,128,"{'sx': 101, 'cz': 99, 'rz': 59, 'rx': 42, 'rzz': 1}",10,10,0,C:\Users\szymon\QuditsOnQubits\QuditsOnQubits\basis_direct_encoding_benchmarks\quantum_circuits\ame43\monomial_full__sup023_P021_ph210,C:\Users\szymon\QuditsOnQubits\QuditsOnQubits\basis_direct_encoding_benchmarks\quantum_circuits\ame43\monomial_full__sup023_P021_ph210\F3_W.qpy,C:\Users\szymon\QuditsOnQubits\QuditsOnQubits\basis_direct_encoding_benchmarks\quantum_circuits\ame43\monomial_full__sup023_P021_ph210\CZ3_W.qpy,C:\Users\szymon\QuditsOnQubits\QuditsOnQubits\basis_direct_encoding_benchmarks\quantum_circuits\ame43\monomial_full__sup023_P021_ph210\graph_state_direct_basis.qpy,C:\Users\szymon\QuditsOnQubits\QuditsOnQubits\basis_direct_encoding_benchmarks\quantum_circuits\ame43\monomial_full__sup023_P021_ph210\graph_state_direct_basis_transpiled.qpy,,C:\Users\szymon\QuditsOnQubits\QuditsOnQubits\basis_direct_encoding_benchmarks\quantum_circuits\ame43\monomial_full__sup023_P021_ph210\E.npy
direct_basis_encoding,ame43,ame43,ame43,ame43,4,4,8,sup023_P021_ph211,monomial,monomial_full,sup023_P021_ph211,False,True,100,194,294,196,,,1.7354,True,False,ok,,Converted from legacy E_new 4x3 isometry candidate.; Fidelity skipped because transpiled circuit has 128 qubits.,196,235.3,25.46,294,357.7,100,117.1,128,"{'sx': 101, 'cz': 99, 'rz': 51, 'rx': 42, 'rzz': 1}",10,10,0,C:\Users\szymon\QuditsOnQubits\QuditsOnQubits\basis_direct_encoding_benchmarks\quantum_circuits\ame43\monomial_full__sup023_P021_ph211,C:\Users\szymon\QuditsOnQubits\QuditsOnQubits\basis_direct_encoding_benchmarks\quantum_circuits\ame43\monomial_full__sup023_P021_ph211\F3_W.qpy,C:\Users\szymon\QuditsOnQubits\QuditsOnQubits\basis_direct_encoding_benchmarks\quantum_circuits\ame43\monomial_full__sup023_P021_ph211\CZ3_W.qpy,C:\Users\szymon\QuditsOnQubits\QuditsOnQubits\basis_direct_encoding_benchmarks\quantum_circuits\ame43\monomial_full__sup023_P021_ph211\graph_state_direct_basis.qpy,C:\Users\szymon\QuditsOnQubits\QuditsOnQubits\basis_direct_encoding_benchmarks\quantum_circuits\ame43\monomial_full__sup023_P021_ph211\graph_state_direct_basis_transpiled.qpy,,C:\Users\szymon\QuditsOnQubits\QuditsOnQubits\basis_direct_encoding_benchmarks\quantum_circuits\ame43\monomial_full__sup023_P021_ph211\E.npy
direct_basis_encoding,ame43,ame43,ame43,ame43,4,4,8,sup023_P021_ph212,monomial,monomial_full,sup023_P021_ph212,False,True,100,201,301,202,,,1.811905,True,False,ok,,Converted from legacy E_new 4x3 isometry candidate.; Fidelity skipped because transpiled circuit has 128 qubits.,202,237.6,24.19,301,365.4,100,117.1,128,"{'sx': 101, 'cz': 99, 'rz': 59, 'rx': 41, 'rzz': 1}",10,10,0,C:\Users\szymon\QuditsOnQubits\QuditsOnQubits\basis_direct_encoding_benchmarks\quantum_circuits\ame43\monomial_full__sup023_P021_ph212,C:\Users\szymon\QuditsOnQubits\QuditsOnQubits\basis_direct_encoding_benchmarks\quantum_circuits\ame43\monomial_full__sup023_P021_ph212\F3_W.qpy,C:\Users\szymon\QuditsOnQubits\QuditsOnQubits\basis_direct_encoding_benchmarks\quantum_circuits\ame43\monomial_full__sup023_P021_ph212\CZ3_W.qpy,C:\Users\szymon\QuditsOnQubits\QuditsOnQubits\basis_direct_encoding_benchmarks\quantum_circuits\ame43\monomial_full__sup023_P021_ph212\graph_state_direct_basis.qpy,C:\Users\szymon\QuditsOnQubits\QuditsOnQubits\basis_direct_encoding_benchmarks\quantum_circuits\ame43\monomial_full__sup023_P021_ph212\graph_state_direct_basis_transpiled.qpy,,C:\Users\szymon\QuditsOnQubits\QuditsOnQubits\basis_direct_encoding_benchmarks\quantum_circuits\ame43\monomial_full__sup023_P021_ph212\E.npy
direct_basis_encoding,ame43,ame43,ame43,ame43,4,4,8,sup023_P021_ph220,monomial,monomial_full,sup023_P021_ph220,False,True,100,201,301,203,,,1.774585,True,False,ok,,Converted from legacy E_new 4x3 isometry candidate.; Fidelity skipped because transpiled circuit has 128 qubits.,203,238.3,24.29,301,366.0,100,117.1,128,"{'sx': 101, 'cz': 99, 'rz': 59, 'rx': 41, 'rzz': 1}",10,10,0,C:\Users\szymon\QuditsOnQubits\QuditsOnQubits\basis_direct_encoding_benchmarks\quantum_circuits\ame43\monomial_full__sup023_P021_ph220,C:\Users\szymon\QuditsOnQubits\QuditsOnQubits\basis_direct_encoding_benchmarks\quantum_circuits\ame43\monomial_full__sup023_P021_ph220\F3_W.qpy,C:\Users\szymon\QuditsOnQubits\QuditsOnQubits\basis_direct_encoding_benchmarks\quantum_circuits\ame43\monomial_full__sup023_P021_ph220\CZ3_W.qpy,C:\Users\szymon\QuditsOnQubits\QuditsOnQubits\basis_direct_encoding_benchmarks\quantum_circuits\ame43\monomial_full__sup023_P021_ph220\graph_state_direct_basis.qpy,C:\Users\szymon\QuditsOnQubits\QuditsOnQubits\basis_direct_encoding_benchmarks\quantum_circuits\ame43\monomial_full__sup023_P021_ph220\graph_state_direct_basis_transpiled.qpy,,C:\Users\szymon\QuditsOnQubits\QuditsOnQubits\basis_direct_encoding_benchmarks\quantum_circuits\ame43\monomial_full__sup023_P021_ph220\E.npy
direct_basis_encoding,ame43,ame43,ame43,ame43,4,4,8,sup023_P021_ph221,monomial,monomial_full,sup023_P021_ph221,False,True,100,196,296,200,,,2.080378,True,False,ok,,Converted from legacy E_new 4x3 isometry candidate.; Fidelity skipped because transpiled circuit has 128 qubits.,200,237.1,24.97,296,359.4,100,117.1,128,"{'sx': 101, 'cz': 99, 'rz': 54, 'rx': 41, 'rzz': 1}",10,10,0,C:\Users\szymon\QuditsOnQubits\QuditsOnQubits\basis_direct_encoding_benchmarks\quantum_circuits\ame43\monomial_full__sup023_P021_ph221,C:\Users\szymon\QuditsOnQubits\QuditsOnQubits\basis_direct_encoding_benchmarks\quantum_circuits\ame43\monomial_full__sup023_P021_ph221\F3_W.qpy,C:\Users\szymon\QuditsOnQubits\QuditsOnQubits\basis_direct_encoding_benchmarks\quantum_circuits\ame43\monomial_full__sup023_P021_ph221\CZ3_W.qpy,C:\Users\szymon\QuditsOnQubits\QuditsOnQubits\basis_direct_encoding_benchmarks\quantum_circuits\ame43\monomial_full__sup023_P021_ph221\graph_state_direct_basis.qpy,C:\Users\szymon\QuditsOnQubits\QuditsOnQubits\basis_direct_encoding_benchmarks\quantum_circuits\ame43\monomial_full__sup023_P021_ph221\graph_state_direct_basis_transpiled.qpy,,C:\Users\szymon\QuditsOnQubits\QuditsOnQubits\basis_direct_encoding_benchmarks\quantum_circuits\ame43\monomial_full__sup023_P021_ph221\E.npy
direct_basis_encoding,ame43,ame43,ame43,ame43,4,4,8,sup023_P021_ph222,monomial,monomial_full,sup023_P021_ph222,False,True,100,198,298,200,,,1.872871,True,False,ok,,Converted from legacy E_new 4x3 isometry candidate.; Fidelity skipped because transpiled circuit has 128 qubits.,200,237.2,24.87,298,364.4,100,117.1,128,"{'sx': 101, 'cz': 99, 'rz': 56, 'rx': 41, 'rzz': 1}",10,10,0,C:\Users\szymon\QuditsOnQubits\QuditsOnQubits\basis_direct_encoding_benchmarks\quantum_circuits\ame43\monomial_full__sup023_P021_ph222,C:\Users\szymon\QuditsOnQubits\QuditsOnQubits\basis_direct_encoding_benchmarks\quantum_circuits\ame43\monomial_full__sup023_P021_ph222\F3_W.qpy,C:\Users\szymon\QuditsOnQubits\QuditsOnQubits\basis_direct_encoding_benchmarks\quantum_circuits\ame43\monomial_full__sup023_P021_ph222\CZ3_W.qpy,C:\Users\szymon\QuditsOnQubits\QuditsOnQubits\basis_direct_encoding_benchmarks\quantum_circuits\ame43\monomial_full__sup023_P021_ph222\graph_state_direct_basis.qpy,C:\Users\szymon\QuditsOnQubits\QuditsOnQubits\basis_direct_encoding_benchmarks\quantum_circuits\ame43\monomial_full__sup023_P021_ph222\graph_state_direct_basis_transpiled.qpy,,C:\Users\szymon\QuditsOnQubits\QuditsOnQubits\basis_direct_encoding_benchmarks\quantum_circuits\ame43\monomial_full__sup023_P021_ph222\E.npy
direct_basis_encoding,ame43,ame43,ame43,ame43,4,4,8,sup023_P102_ph000,monomial,monomial_full,sup023_P102_ph000,False,True,101,217,318,156,,,1.69843,True,False,ok,,Converted from legacy E_new 4x3 isometry candidate.; Fidelity skipped because transpiled circuit has 128 qubits.,156,181.2,16.08,318,338.2,101,107.9,128,"{'sx': 118, 'cz': 98, 'rz': 59, 'rx': 40, 'rzz': 3}",10,10,0,C:\Users\szymon\QuditsOnQubits\QuditsOnQubits\basis_direct_encoding_benchmarks\quantum_circuits\ame43\monomial_full__sup023_P102_ph000,C:\Users\szymon\QuditsOnQubits\QuditsOnQubits\basis_direct_encoding_benchmarks\quantum_circuits\ame43\monomial_full__sup023_P102_ph000\F3_W.qpy,C:\Users\szymon\QuditsOnQubits\QuditsOnQubits\basis_direct_encoding_benchmarks\quantum_circuits\ame43\monomial_full__sup023_P102_ph000\CZ3_W.qpy,C:\Users\szymon\QuditsOnQubits\QuditsOnQubits\basis_direct_encoding_benchmarks\quantum_circuits\ame43\monomial_full__sup023_P102_ph000\graph_state_direct_basis.qpy,C:\Users\szymon\QuditsOnQubits\QuditsOnQubits\basis_direct_encoding_benchmarks\quantum_circuits\ame43\monomial_full__sup023_P102_ph000\graph_state_direct_basis_transpiled.qpy,,C:\Users\szymon\QuditsOnQubits\QuditsOnQubits\basis_direct_encoding_benchmarks\quantum_circuits\ame43\monomial_full__sup023_P102_ph000\E.npy
direct_basis_encoding,ame43,ame43,ame43,ame43,4,4,8,sup023_P102_ph001,monomial,monomial_full,sup023_P102_ph001,False,True,101,225,326,158,,,1.58077,True,False,ok,,Converted from legacy E_new 4x3 isometry candidate.; Fidelity skipped because transpiled circuit has 128 qubits.,158,183.0,15.88,326,346.3,101,107.9,128,"{'sx': 118, 'cz': 98, 'rz': 68, 'rx': 39, 'rzz': 3}",10,10,0,C:\Users\szymon\QuditsOnQubits\QuditsOnQubits\basis_direct_encoding_benchmarks\quantum_circuits\ame43\monomial_full__sup023_P102_ph001,C:\Users\szymon\QuditsOnQubits\QuditsOnQubits\basis_direct_encoding_benchmarks\quantum_circuits\ame43\monomial_full__sup023_P102_ph001\F3_W.qpy,C:\Users\szymon\QuditsOnQubits\QuditsOnQubits\basis_direct_encoding_benchmarks\quantum_circuits\ame43\monomial_full__sup023_P102_ph001\CZ3_W.qpy,C:\Users\szymon\QuditsOnQubits\QuditsOnQubits\basis_direct_encoding_benchmarks\quantum_circuits\ame43\monomial_full__sup023_P102_ph001\graph_state_direct_basis.qpy,C:\Users\szymon\QuditsOnQubits\QuditsOnQubits\basis_direct_encoding_benchmarks\quantum_circuits\ame43\monomial_full__sup023_P102_ph001\graph_state_direct_basis_transpiled.qpy,,C:\Users\szymon\QuditsOnQubits\QuditsOnQubits\basis_direct_encoding_benchmarks\quantum_circuits\ame43\monomial_full__sup023_P102_ph001\E.npy
direct_basis_encoding,ame43,ame43,ame43,ame43,4,4,8,sup023_P102_ph002,monomial,monomial_full,sup023_P102_ph002,False,True,101,226,327,158,,,1.731822,True,False,ok,,Converted from legacy E_new 4x3 isometry candidate.; Fidelity skipped because transpiled circuit has 128 qubits.,158,183.0,15.88,327,347.2,101,107.9,128,"{'sx': 118, 'cz': 98, 'rz': 68, 'rx': 40, 'rzz': 3}",10,10,0,C:\Users\szymon\QuditsOnQubits\QuditsOnQubits\basis_direct_encoding_benchmarks\quantum_circuits\ame43\monomial_full__sup023_P102_ph002,C:\Users\szymon\QuditsOnQubits\QuditsOnQubits\basis_direct_encoding_benchmarks\quantum_circuits\ame43\monomial_full__sup023_P102_ph002\F3_W.qpy,C:\Users\szymon\QuditsOnQubits\QuditsOnQubits\basis_direct_encoding_benchmarks\quantum_circuits\ame43\monomial_full__sup023_P102_ph002\CZ3_W.qpy,C:\Users\szymon\QuditsOnQubits\QuditsOnQubits\basis_direct_encoding_benchmarks\quantum_circuits\ame43\monomial_full__sup023_P102_ph002\graph_state_direct_basis.qpy,C:\Users\szymon\QuditsOnQubits\QuditsOnQubits\basis_direct_encoding_benchmarks\quantum_circuits\ame43\monomial_full__sup023_P102_ph002\graph_state_direct_basis_transpiled.qpy,,C:\Users\szymon\QuditsOnQubits\QuditsOnQubits\basis_direct_encoding_benchmarks\quantum_circuits\ame43\monomial_full__sup023_P102_ph002\E.npy
direct_basis_encoding,ame43,ame43,ame43,ame43,4,4,8,sup023_P102_ph010,monomial,monomial_full,sup023_P102_ph010,False,True,101,221,322,157,,,1.883597,True,False,ok,,Converted from legacy E_new 4x3 isometry candidate.; Fidelity skipped because transpiled circuit has 128 qubits.,157,182.7,16.12,322,341.9,101,107.9,128,"{'sx': 118, 'cz': 98, 'rz': 63, 'rx': 40, 'rzz': 3}",10,10,0,C:\Users\szymon\QuditsOnQubits\QuditsOnQubits\basis_direct_encoding_benchmarks\quantum_circuits\ame43\monomial_full__sup023_P102_ph010,C:\Users\szymon\QuditsOnQubits\QuditsOnQubits\basis_direct_encoding_benchmarks\quantum_circuits\ame43\monomial_full__sup023_P102_ph010\F3_W.qpy,C:\Users\szymon\QuditsOnQubits\QuditsOnQubits\basis_direct_encoding_benchmarks\quantum_circuits\ame43\monomial_full__sup023_P102_ph010\CZ3_W.qpy,C:\Users\szymon\QuditsOnQubits\QuditsOnQubits\basis_direct_encoding_benchmarks\quantum_circuits\ame43\monomial_full__sup023_P102_ph010\graph_state_direct_basis.qpy,C:\Users\szymon\QuditsOnQubits\QuditsOnQubits\basis_direct_encoding_benchmarks\quantum_circuits\ame43\monomial_full__sup023_P102_ph010\graph_state_direct_basis_transpiled.qpy,,C:\Users\szymon\QuditsOnQubits\QuditsOnQubits\basis_direct_encoding_benchmarks\quantum_circuits\ame43\monomial_full__sup023_P102_ph010\E.npy
direct_basis_encoding,ame43,ame43,ame43,ame43,4,4,8,sup023_P102_ph011,monomial,monomial_full,sup023_P102_ph011,False,True,101,226,327,157,,,1.825901,True,False,ok,,Converted from legacy E_new 4x3 isometry candidate.; Fidelity skipped because transpiled circuit has 128 qubits.,157,182.7,16.12,327,347.8,101,107.9,128,"{'sx': 118, 'cz': 98, 'rz': 68, 'rx': 40, 'rzz': 3}",10,10,0,C:\Users\szymon\QuditsOnQubits\QuditsOnQubits\basis_direct_encoding_benchmarks\quantum_circuits\ame43\monomial_full__sup023_P102_ph011,C:\Users\szymon\QuditsOnQubits\QuditsOnQubits\basis_direct_encoding_benchmarks\quantum_circuits\ame43\monomial_full__sup023_P102_ph011\F3_W.qpy,C:\Users\szymon\QuditsOnQubits\QuditsOnQubits\basis_direct_encoding_benchmarks\quantum_circuits\ame43\monomial_full__sup023_P102_ph011\CZ3_W.qpy,C:\Users\szymon\QuditsOnQubits\QuditsOnQubits\basis_direct_encoding_benchmarks\quantum_circuits\ame43\monomial_full__sup023_P102_ph011\graph_state_direct_basis.qpy,C:\Users\szymon\QuditsOnQubits\QuditsOnQubits\basis_direct_encoding_benchmarks\quantum_circuits\ame43\monomial_full__sup023_P102_ph011\graph_state_direct_basis_transpiled.qpy,,C:\Users\szymon\QuditsOnQubits\QuditsOnQubits\basis_direct_encoding_benchmarks\quantum_circuits\ame43\monomial_full__sup023_P102_ph011\E.npy
direct_basis_encoding,ame43,ame43,ame43,ame43,4,4,8,sup023_P102_ph012,monomial,monomial_full,sup023_P102_ph012,False,True,101,228,329,158,,,1.689461,True,False,ok,,Converted from legacy E_new 4x3 isometry candidate.; Fidelity skipped because transpiled circuit has 128 qubits.,158,183.6,16.02,329,348.9,101,107.9,128,"{'sx': 118, 'cz': 98, 'rz': 70, 'rx': 40, 'rzz': 3}",10,10,0,C:\Users\szymon\QuditsOnQubits\QuditsOnQubits\basis_direct_encoding_benchmarks\quantum_circuits\ame43\monomial_full__sup023_P102_ph012,C:\Users\szymon\QuditsOnQubits\QuditsOnQubits\basis_direct_encoding_benchmarks\quantum_circuits\ame43\monomial_full__sup023_P102_ph012\F3_W.qpy,C:\Users\szymon\QuditsOnQubits\QuditsOnQubits\basis_direct_encoding_benchmarks\quantum_circuits\ame43\monomial_full__sup023_P102_ph012\CZ3_W.qpy,C:\Users\szymon\QuditsOnQubits\QuditsOnQubits\basis_direct_encoding_benchmarks\quantum_circuits\ame43\monomial_full__sup023_P102_ph012\graph_state_direct_basis.qpy,C:\Users\szymon\QuditsOnQubits\QuditsOnQubits\basis_direct_encoding_benchmarks\quantum_circuits\ame43\monomial_full__sup023_P102_ph012\graph_state_direct_basis_transpiled.qpy,,C:\Users\szymon\QuditsOnQubits\QuditsOnQubits\basis_direct_encoding_benchmarks\quantum_circuits\ame43\monomial_full__sup023_P102_ph012\E.npy
direct_basis_encoding,ame43,ame43,ame43,ame43,4,4,8,sup023_P102_ph020,monomial,monomial_full,sup023_P102_ph020,False,True,101,221,322,157,,,1.554272,True,False,ok,,Converted from legacy E_new 4x3 isometry candidate.; Fidelity skipped because transpiled circuit has 128 qubits.,157,182.7,16.12,322,341.9,101,107.9,128,"{'sx': 118, 'cz': 98, 'rz': 63, 'rx': 40, 'rzz': 3}",10,10,0,C:\Users\szymon\QuditsOnQubits\QuditsOnQubits\basis_direct_encoding_benchmarks\quantum_circuits\ame43\monomial_full__sup023_P102_ph020,C:\Users\szymon\QuditsOnQubits\QuditsOnQubits\basis_direct_encoding_benchmarks\quantum_circuits\ame43\monomial_full__sup023_P102_ph020\F3_W.qpy,C:\Users\szymon\QuditsOnQubits\QuditsOnQubits\basis_direct_encoding_benchmarks\quantum_circuits\ame43\monomial_full__sup023_P102_ph020\CZ3_W.qpy,C:\Users\szymon\QuditsOnQubits\QuditsOnQubits\basis_direct_encoding_benchmarks\quantum_circuits\ame43\monomial_full__sup023_P102_ph020\graph_state_direct_basis.qpy,C:\Users\szymon\QuditsOnQubits\QuditsOnQubits\basis_direct_encoding_benchmarks\quantum_circuits\ame43\monomial_full__sup023_P102_ph020\graph_state_direct_basis_transpiled.qpy,,C:\Users\szymon\QuditsOnQubits\QuditsOnQubits\basis_direct_encoding_benchmarks\quantum_circuits\ame43\monomial_full__sup023_P102_ph020\E.npy
direct_basis_encoding,ame43,ame43,ame43,ame43,4,4,8,sup023_P102_ph021,monomial,monomial_full,sup023_P102_ph021,False,True,101,228,329,158,,,1.775717,True,False,ok,,Converted from legacy E_new 4x3 isometry candidate.; Fidelity skipped because transpiled circuit has 128 qubits.,158,183.6,16.02,329,349.3,101,107.9,128,"{'sx': 118, 'cz': 98, 'rz': 70, 'rx': 40, 'rzz': 3}",10,10,0,C:\Users\szymon\QuditsOnQubits\QuditsOnQubits\basis_direct_encoding_benchmarks\quantum_circuits\ame43\monomial_full__sup023_P102_ph021,C:\Users\szymon\QuditsOnQubits\QuditsOnQubits\basis_direct_encoding_benchmarks\quantum_circuits\ame43\monomial_full__sup023_P102_ph021\F3_W.qpy,C:\Users\szymon\QuditsOnQubits\QuditsOnQubits\basis_direct_encoding_benchmarks\quantum_circuits\ame43\monomial_full__sup023_P102_ph021\CZ3_W.qpy,C:\Users\szymon\QuditsOnQubits\QuditsOnQubits\basis_direct_encoding_benchmarks\quantum_circuits\ame43\monomial_full__sup023_P102_ph021\graph_state_direct_basis.qpy,C:\Users\szymon\QuditsOnQubits\QuditsOnQubits\basis_direct_encoding_benchmarks\quantum_circuits\ame43\monomial_full__sup023_P102_ph021\graph_state_direct_basis_transpiled.qpy,,C:\Users\szymon\QuditsOnQubits\QuditsOnQubits\basis_direct_encoding_benchmarks\quantum_circuits\ame43\monomial_full__sup023_P102_ph021\E.npy
direct_basis_encoding,ame43,ame43,ame43,ame43,4,4,8,sup023_P102_ph022,monomial,monomial_full,sup023_P102_ph022,False,True,101,226,327,157,,,1.607189,True,False,ok,,Converted from legacy E_new 4x3 isometry candidate.; Fidelity skipped because transpiled circuit has 128 qubits.,157,182.7,16.12,327,347.8,101,107.9,128,"{'sx': 118, 'cz': 98, 'rz': 68, 'rx': 40, 'rzz': 3}",10,10,0,C:\Users\szymon\QuditsOnQubits\QuditsOnQubits\basis_direct_encoding_benchmarks\quantum_circuits\ame43\monomial_full__sup023_P102_ph022,C:\Users\szymon\QuditsOnQubits\QuditsOnQubits\basis_direct_encoding_benchmarks\quantum_circuits\ame43\monomial_full__sup023_P102_ph022\F3_W.qpy,C:\Users\szymon\QuditsOnQubits\QuditsOnQubits\basis_direct_encoding_benchmarks\quantum_circuits\ame43\monomial_full__sup023_P102_ph022\CZ3_W.qpy,C:\Users\szymon\QuditsOnQubits\QuditsOnQubits\basis_direct_encoding_benchmarks\quantum_circuits\ame43\monomial_full__sup023_P102_ph022\graph_state_direct_basis.qpy,C:\Users\szymon\QuditsOnQubits\QuditsOnQubits\basis_direct_encoding_benchmarks\quantum_circuits\ame43\monomial_full__sup023_P102_ph022\graph_state_direct_basis_transpiled.qpy,,C:\Users\szymon\QuditsOnQubits\QuditsOnQubits\basis_direct_encoding_benchmarks\quantum_circuits\ame43\monomial_full__sup023_P102_ph022\E.npy
direct_basis_encoding,ame43,ame43,ame43,ame43,4,4,8,sup023_P102_ph100,monomial,monomial_full,sup023_P102_ph100,False,True,101,226,327,157,,,1.642482,True,False,ok,,Converted from legacy E_new 4x3 isometry candidate.; Fidelity skipped because transpiled circuit has 128 qubits.,157,182.7,16.12,327,348.3,101,107.9,128,"{'sx': 118, 'cz': 98, 'rz': 68, 'rx': 40, 'rzz': 3}",10,10,0,C:\Users\szymon\QuditsOnQubits\QuditsOnQubits\basis_direct_encoding_benchmarks\quantum_circuits\ame43\monomial_full__sup023_P102_ph100,C:\Users\szymon\QuditsOnQubits\QuditsOnQubits\basis_direct_encoding_benchmarks\quantum_circuits\ame43\monomial_full__sup023_P102_ph100\F3_W.qpy,C:\Users\szymon\QuditsOnQubits\QuditsOnQubits\basis_direct_encoding_benchmarks\quantum_circuits\ame43\monomial_full__sup023_P102_ph100\CZ3_W.qpy,C:\Users\szymon\QuditsOnQubits\QuditsOnQubits\basis_direct_encoding_benchmarks\quantum_circuits\ame43\monomial_full__sup023_P102_ph100\graph_state_direct_basis.qpy,C:\Users\szymon\QuditsOnQubits\QuditsOnQubits\basis_direct_encoding_benchmarks\quantum_circuits\ame43\monomial_full__sup023_P102_ph100\graph_state_direct_basis_transpiled.qpy,,C:\Users\szymon\QuditsOnQubits\QuditsOnQubits\basis_direct_encoding_benchmarks\quantum_circuits\ame43\monomial_full__sup023_P102_ph100\E.npy
direct_basis_encoding,ame43,ame43,ame43,ame43,4,4,8,sup023_P102_ph101,monomial,monomial_full,sup023_P102_ph101,False,True,101,228,329,158,,,1.675338,True,False,ok,,Converted from legacy E_new 4x3 isometry candidate.; Fidelity skipped because transpiled circuit has 128 qubits.,158,183.6,16.02,329,348.9,101,107.9,128,"{'sx': 118, 'cz': 98, 'rz': 70, 'rx': 40, 'rzz': 3}",10,10,0,C:\Users\szymon\QuditsOnQubits\QuditsOnQubits\basis_direct_encoding_benchmarks\quantum_circuits\ame43\monomial_full__sup023_P102_ph101,C:\Users\szymon\QuditsOnQubits\QuditsOnQubits\basis_direct_encoding_benchmarks\quantum_circuits\ame43\monomial_full__sup023_P102_ph101\F3_W.qpy,C:\Users\szymon\QuditsOnQubits\QuditsOnQubits\basis_direct_encoding_benchmarks\quantum_circuits\ame43\monomial_full__sup023_P102_ph101\CZ3_W.qpy,C:\Users\szymon\QuditsOnQubits\QuditsOnQubits\basis_direct_encoding_benchmarks\quantum_circuits\ame43\monomial_full__sup023_P102_ph101\graph_state_direct_basis.qpy,C:\Users\szymon\QuditsOnQubits\QuditsOnQubits\basis_direct_encoding_benchmarks\quantum_circuits\ame43\monomial_full__sup023_P102_ph101\graph_state_direct_basis_transpiled.qpy,,C:\Users\szymon\QuditsOnQubits\QuditsOnQubits\basis_direct_encoding_benchmarks\quantum_circuits\ame43\monomial_full__sup023_P102_ph101\E.npy
direct_basis_encoding,ame43,ame43,ame43,ame43,4,4,8,sup023_P102_ph102,monomial,monomial_full,sup023_P102_ph102,False,True,101,221,322,157,,,1.65616,True,False,ok,,Converted from legacy E_new 4x3 isometry candidate.; Fidelity skipped because transpiled circuit has 128 qubits.,157,182.7,16.12,322,341.9,101,107.9,128,"{'sx': 118, 'cz': 98, 'rz': 63, 'rx': 40, 'rzz': 3}",10,10,0,C:\Users\szymon\QuditsOnQubits\QuditsOnQubits\basis_direct_encoding_benchmarks\quantum_circuits\ame43\monomial_full__sup023_P102_ph102,C:\Users\szymon\QuditsOnQubits\QuditsOnQubits\basis_direct_encoding_benchmarks\quantum_circuits\ame43\monomial_full__sup023_P102_ph102\F3_W.qpy,C:\Users\szymon\QuditsOnQubits\QuditsOnQubits\basis_direct_encoding_benchmarks\quantum_circuits\ame43\monomial_full__sup023_P102_ph102\CZ3_W.qpy,C:\Users\szymon\QuditsOnQubits\QuditsOnQubits\basis_direct_encoding_benchmarks\quantum_circuits\ame43\monomial_full__sup023_P102_ph102\graph_state_direct_basis.qpy,C:\Users\szymon\QuditsOnQubits\QuditsOnQubits\basis_direct_encoding_benchmarks\quantum_circuits\ame43\monomial_full__sup023_P102_ph102\graph_state_direct_basis_transpiled.qpy,,C:\Users\szymon\QuditsOnQubits\QuditsOnQubits\basis_direct_encoding_benchmarks\quantum_circuits\ame43\monomial_full__sup023_P102_ph102\E.npy
direct_basis_encoding,ame43,ame43,ame43,ame43,4,4,8,sup023_P102_ph110,monomial,monomial_full,sup023_P102_ph110,False,True,101,227,328,158,,,1.627482,True,False,ok,,Converted from legacy E_new 4x3 isometry candidate.; Fidelity skipped because transpiled circuit has 128 qubits.,158,183.6,16.02,328,348.7,101,107.9,128,"{'sx': 118, 'cz': 98, 'rz': 69, 'rx': 40, 'rzz': 3}",10,10,0,C:\Users\szymon\QuditsOnQubits\QuditsOnQubits\basis_direct_encoding_benchmarks\quantum_circuits\ame43\monomial_full__sup023_P102_ph110,C:\Users\szymon\QuditsOnQubits\QuditsOnQubits\basis_direct_encoding_benchmarks\quantum_circuits\ame43\monomial_full__sup023_P102_ph110\F3_W.qpy,C:\Users\szymon\QuditsOnQubits\QuditsOnQubits\basis_direct_encoding_benchmarks\quantum_circuits\ame43\monomial_full__sup023_P102_ph110\CZ3_W.qpy,C:\Users\szymon\QuditsOnQubits\QuditsOnQubits\basis_direct_encoding_benchmarks\quantum_circuits\ame43\monomial_full__sup023_P102_ph110\graph_state_direct_basis.qpy,C:\Users\szymon\QuditsOnQubits\QuditsOnQubits\basis_direct_encoding_benchmarks\quantum_circuits\ame43\monomial_full__sup023_P102_ph110\graph_state_direct_basis_transpiled.qpy,,C:\Users\szymon\QuditsOnQubits\QuditsOnQubits\basis_direct_encoding_benchmarks\quantum_circuits\ame43\monomial_full__sup023_P102_ph110\E.npy
direct_basis_encoding,ame43,ame43,ame43,ame43,4,4,8,sup023_P102_ph111,monomial,monomial_full,sup023_P102_ph111,False,True,101,225,326,157,,,1.62366,True,False,ok,,Converted from legacy E_new 4x3 isometry candidate.; Fidelity skipped because transpiled circuit has 128 qubits.,157,182.7,16.12,326,346.7,101,107.9,128,"{'sx': 118, 'cz': 98, 'rz': 67, 'rx': 40, 'rzz': 3}",10,10,0,C:\Users\szymon\QuditsOnQubits\QuditsOnQubits\basis_direct_encoding_benchmarks\quantum_circuits\ame43\monomial_full__sup023_P102_ph111,C:\Users\szymon\QuditsOnQubits\QuditsOnQubits\basis_direct_encoding_benchmarks\quantum_circuits\ame43\monomial_full__sup023_P102_ph111\F3_W.qpy,C:\Users\szymon\QuditsOnQubits\QuditsOnQubits\basis_direct_encoding_benchmarks\quantum_circuits\ame43\monomial_full__sup023_P102_ph111\CZ3_W.qpy,C:\Users\szymon\QuditsOnQubits\QuditsOnQubits\basis_direct_encoding_benchmarks\quantum_circuits\ame43\monomial_full__sup023_P102_ph111\graph_state_direct_basis.qpy,C:\Users\szymon\QuditsOnQubits\QuditsOnQubits\basis_direct_encoding_benchmarks\quantum_circuits\ame43\monomial_full__sup023_P102_ph111\graph_state_direct_basis_transpiled.qpy,,C:\Users\szymon\QuditsOnQubits\QuditsOnQubits\basis_direct_encoding_benchmarks\quantum_circuits\ame43\monomial_full__sup023_P102_ph111\E.npy
direct_basis_encoding,ame43,ame43,ame43,ame43,4,4,8,sup023_P102_ph112,monomial,monomial_full,sup023_P102_ph112,False,True,101,220,321,157,,,1.453262,True,False,ok,,Converted from legacy E_new 4x3 isometry candidate.; Fidelity skipped because transpiled circuit has 128 qubits.,157,182.7,16.12,321,341.7,101,107.9,128,"{'sx': 118, 'cz': 98, 'rz': 62, 'rx': 40, 'rzz': 3}",10,10,0,C:\Users\szymon\QuditsOnQubits\QuditsOnQubits\basis_direct_encoding_benchmarks\quantum_circuits\ame43\monomial_full__sup023_P102_ph112,C:\Users\szymon\QuditsOnQubits\QuditsOnQubits\basis_direct_encoding_benchmarks\quantum_circuits\ame43\monomial_full__sup023_P102_ph112\F3_W.qpy,C:\Users\szymon\QuditsOnQubits\QuditsOnQubits\basis_direct_encoding_benchmarks\quantum_circuits\ame43\monomial_full__sup023_P102_ph112\CZ3_W.qpy,C:\Users\szymon\QuditsOnQubits\QuditsOnQubits\basis_direct_encoding_benchmarks\quantum_circuits\ame43\monomial_full__sup023_P102_ph112\graph_state_direct_basis.qpy,C:\Users\szymon\QuditsOnQubits\QuditsOnQubits\basis_direct_encoding_benchmarks\quantum_circuits\ame43\monomial_full__sup023_P102_ph112\graph_state_direct_basis_transpiled.qpy,,C:\Users\szymon\QuditsOnQubits\QuditsOnQubits\basis_direct_encoding_benchmarks\quantum_circuits\ame43\monomial_full__sup023_P102_ph112\E.npy
direct_basis_encoding,ame43,ame43,ame43,ame43,4,4,8,sup023_P102_ph120,monomial,monomial_full,sup023_P102_ph120,False,True,101,227,328,158,,,1.496589,True,False,ok,,Converted from legacy E_new 4x3 isometry candidate.; Fidelity skipped because transpiled circuit has 128 qubits.,158,183.0,15.88,328,348.3,101,107.9,128,"{'sx': 118, 'cz': 98, 'rz': 69, 'rx': 40, 'rzz': 3}",10,10,0,C:\Users\szymon\QuditsOnQubits\QuditsOnQubits\basis_direct_encoding_benchmarks\quantum_circuits\ame43\monomial_full__sup023_P102_ph120,C:\Users\szymon\QuditsOnQubits\QuditsOnQubits\basis_direct_encoding_benchmarks\quantum_circuits\ame43\monomial_full__sup023_P102_ph120\F3_W.qpy,C:\Users\szymon\QuditsOnQubits\QuditsOnQubits\basis_direct_encoding_benchmarks\quantum_circuits\ame43\monomial_full__sup023_P102_ph120\CZ3_W.qpy,C:\Users\szymon\QuditsOnQubits\QuditsOnQubits\basis_direct_encoding_benchmarks\quantum_circuits\ame43\monomial_full__sup023_P102_ph120\graph_state_direct_basis.qpy,C:\Users\szymon\QuditsOnQubits\QuditsOnQubits\basis_direct_encoding_benchmarks\quantum_circuits\ame43\monomial_full__sup023_P102_ph120\graph_state_direct_basis_transpiled.qpy,,C:\Users\szymon\QuditsOnQubits\QuditsOnQubits\basis_direct_encoding_benchmarks\quantum_circuits\ame43\monomial_full__sup023_P102_ph120\E.npy
direct_basis_encoding,ame43,ame43,ame43,ame43,4,4,8,sup023_P102_ph121,monomial,monomial_full,sup023_P102_ph121,False,True,101,226,327,158,,,1.667185,True,False,ok,,Converted from legacy E_new 4x3 isometry candidate.; Fidelity skipped because transpiled circuit has 128 qubits.,158,183.0,15.88,327,347.8,101,107.9,128,"{'sx': 118, 'cz': 98, 'rz': 69, 'rx': 39, 'rzz': 3}",10,10,0,C:\Users\szymon\QuditsOnQubits\QuditsOnQubits\basis_direct_encoding_benchmarks\quantum_circuits\ame43\monomial_full__sup023_P102_ph121,C:\Users\szymon\QuditsOnQubits\QuditsOnQubits\basis_direct_encoding_benchmarks\quantum_circuits\ame43\monomial_full__sup023_P102_ph121\F3_W.qpy,C:\Users\szymon\QuditsOnQubits\QuditsOnQubits\basis_direct_encoding_benchmarks\quantum_circuits\ame43\monomial_full__sup023_P102_ph121\CZ3_W.qpy,C:\Users\szymon\QuditsOnQubits\QuditsOnQubits\basis_direct_encoding_benchmarks\quantum_circuits\ame43\monomial_full__sup023_P102_ph121\graph_state_direct_basis.qpy,C:\Users\szymon\QuditsOnQubits\QuditsOnQubits\basis_direct_encoding_benchmarks\quantum_circuits\ame43\monomial_full__sup023_P102_ph121\graph_state_direct_basis_transpiled.qpy,,C:\Users\szymon\QuditsOnQubits\QuditsOnQubits\basis_direct_encoding_benchmarks\quantum_circuits\ame43\monomial_full__sup023_P102_ph121\E.npy
direct_basis_encoding,ame43,ame43,ame43,ame43,4,4,8,sup023_P102_ph122,monomial,monomial_full,sup023_P102_ph122,False,True,101,218,319,156,,,1.738805,True,False,ok,,Converted from legacy E_new 4x3 isometry candidate.; Fidelity skipped because transpiled circuit has 128 qubits.,156,181.2,16.08,319,340.2,101,107.9,128,"{'sx': 118, 'cz': 98, 'rz': 60, 'rx': 40, 'rzz': 3}",10,10,0,C:\Users\szymon\QuditsOnQubits\QuditsOnQubits\basis_direct_encoding_benchmarks\quantum_circuits\ame43\monomial_full__sup023_P102_ph122,C:\Users\szymon\QuditsOnQubits\QuditsOnQubits\basis_direct_encoding_benchmarks\quantum_circuits\ame43\monomial_full__sup023_P102_ph122\F3_W.qpy,C:\Users\szymon\QuditsOnQubits\QuditsOnQubits\basis_direct_encoding_benchmarks\quantum_circuits\ame43\monomial_full__sup023_P102_ph122\CZ3_W.qpy,C:\Users\szymon\QuditsOnQubits\QuditsOnQubits\basis_direct_encoding_benchmarks\quantum_circuits\ame43\monomial_full__sup023_P102_ph122\graph_state_direct_basis.qpy,C:\Users\szymon\QuditsOnQubits\QuditsOnQubits\basis_direct_encoding_benchmarks\quantum_circuits\ame43\monomial_full__sup023_P102_ph122\graph_state_direct_basis_transpiled.qpy,,C:\Users\szymon\QuditsOnQubits\QuditsOnQubits\basis_direct_encoding_benchmarks\quantum_circuits\ame43\monomial_full__sup023_P102_ph122\E.npy
direct_basis_encoding,ame43,ame43,ame43,ame43,4,4,8,sup023_P102_ph200,monomial,monomial_full,sup023_P102_ph200,False,True,101,226,327,157,,,1.744758,True,False,ok,,Converted from legacy E_new 4x3 isometry candidate.; Fidelity skipped because transpiled circuit has 128 qubits.,157,182.7,16.12,327,347.8,101,107.9,128,"{'sx': 118, 'cz': 98, 'rz': 68, 'rx': 40, 'rzz': 3}",10,10,0,C:\Users\szymon\QuditsOnQubits\QuditsOnQubits\basis_direct_encoding_benchmarks\quantum_circuits\ame43\monomial_full__sup023_P102_ph200,C:\Users\szymon\QuditsOnQubits\QuditsOnQubits\basis_direct_encoding_benchmarks\quantum_circuits\ame43\monomial_full__sup023_P102_ph200\F3_W.qpy,C:\Users\szymon\QuditsOnQubits\QuditsOnQubits\basis_direct_encoding_benchmarks\quantum_circuits\ame43\monomial_full__sup023_P102_ph200\CZ3_W.qpy,C:\Users\szymon\QuditsOnQubits\QuditsOnQubits\basis_direct_encoding_benchmarks\quantum_circuits\ame43\monomial_full__sup023_P102_ph200\graph_state_direct_basis.qpy,C:\Users\szymon\QuditsOnQubits\QuditsOnQubits\basis_direct_encoding_benchmarks\quantum_circuits\ame43\monomial_full__sup023_P102_ph200\graph_state_direct_basis_transpiled.qpy,,C:\Users\szymon\QuditsOnQubits\QuditsOnQubits\basis_direct_encoding_benchmarks\quantum_circuits\ame43\monomial_full__sup023_P102_ph200\E.npy
direct_basis_encoding,ame43,ame43,ame43,ame43,4,4,8,sup023_P102_ph201,monomial,monomial_full,sup023_P102_ph201,False,True,101,221,322,157,,,1.677397,True,False,ok,,Converted from legacy E_new 4x3 isometry candidate.; Fidelity skipped because transpiled circuit has 128 qubits.,157,182.7,16.12,322,342.3,101,107.9,128,"{'sx': 118, 'cz': 98, 'rz': 63, 'rx': 40, 'rzz': 3}",10,10,0,C:\Users\szymon\QuditsOnQubits\QuditsOnQubits\basis_direct_encoding_benchmarks\quantum_circuits\ame43\monomial_full__sup023_P102_ph201,C:\Users\szymon\QuditsOnQubits\QuditsOnQubits\basis_direct_encoding_benchmarks\quantum_circuits\ame43\monomial_full__sup023_P102_ph201\F3_W.qpy,C:\Users\szymon\QuditsOnQubits\QuditsOnQubits\basis_direct_encoding_benchmarks\quantum_circuits\ame43\monomial_full__sup023_P102_ph201\CZ3_W.qpy,C:\Users\szymon\QuditsOnQubits\QuditsOnQubits\basis_direct_encoding_benchmarks\quantum_circuits\ame43\monomial_full__sup023_P102_ph201\graph_state_direct_basis.qpy,C:\Users\szymon\QuditsOnQubits\QuditsOnQubits\basis_direct_encoding_benchmarks\quantum_circuits\ame43\monomial_full__sup023_P102_ph201\graph_state_direct_basis_transpiled.qpy,,C:\Users\szymon\QuditsOnQubits\QuditsOnQubits\basis_direct_encoding_benchmarks\quantum_circuits\ame43\monomial_full__sup023_P102_ph201\E.npy
direct_basis_encoding,ame43,ame43,ame43,ame43,4,4,8,sup023_P102_ph202,monomial,monomial_full,sup023_P102_ph202,False,True,101,228,329,158,,,1.645886,True,False,ok,,Converted from legacy E_new 4x3 isometry candidate.; Fidelity skipped because transpiled circuit has 128 qubits.,158,183.6,16.02,329,348.9,101,107.9,128,"{'sx': 118, 'cz': 98, 'rz': 70, 'rx': 40, 'rzz': 3}",10,10,0,C:\Users\szymon\QuditsOnQubits\QuditsOnQubits\basis_direct_encoding_benchmarks\quantum_circuits\ame43\monomial_full__sup023_P102_ph202,C:\Users\szymon\QuditsOnQubits\QuditsOnQubits\basis_direct_encoding_benchmarks\quantum_circuits\ame43\monomial_full__sup023_P102_ph202\F3_W.qpy,C:\Users\szymon\QuditsOnQubits\QuditsOnQubits\basis_direct_encoding_benchmarks\quantum_circuits\ame43\monomial_full__sup023_P102_ph202\CZ3_W.qpy,C:\Users\szymon\QuditsOnQubits\QuditsOnQubits\basis_direct_encoding_benchmarks\quantum_circuits\ame43\monomial_full__sup023_P102_ph202\graph_state_direct_basis.qpy,C:\Users\szymon\QuditsOnQubits\QuditsOnQubits\basis_direct_encoding_benchmarks\quantum_circuits\ame43\monomial_full__sup023_P102_ph202\graph_state_direct_basis_transpiled.qpy,,C:\Users\szymon\QuditsOnQubits\QuditsOnQubits\basis_direct_encoding_benchmarks\quantum_circuits\ame43\monomial_full__sup023_P102_ph202\E.npy
direct_basis_encoding,ame43,ame43,ame43,ame43,4,4,8,sup023_P102_ph210,monomial,monomial_full,sup023_P102_ph210,False,True,101,227,328,158,,,1.57953,True,False,ok,,Converted from legacy E_new 4x3 isometry candidate.; Fidelity skipped because transpiled circuit has 128 qubits.,158,183.0,15.88,328,348.3,101,107.9,128,"{'sx': 118, 'cz': 98, 'rz': 69, 'rx': 40, 'rzz': 3}",10,10,0,C:\Users\szymon\QuditsOnQubits\QuditsOnQubits\basis_direct_encoding_benchmarks\quantum_circuits\ame43\monomial_full__sup023_P102_ph210,C:\Users\szymon\QuditsOnQubits\QuditsOnQubits\basis_direct_encoding_benchmarks\quantum_circuits\ame43\monomial_full__sup023_P102_ph210\F3_W.qpy,C:\Users\szymon\QuditsOnQubits\QuditsOnQubits\basis_direct_encoding_benchmarks\quantum_circuits\ame43\monomial_full__sup023_P102_ph210\CZ3_W.qpy,C:\Users\szymon\QuditsOnQubits\QuditsOnQubits\basis_direct_encoding_benchmarks\quantum_circuits\ame43\monomial_full__sup023_P102_ph210\graph_state_direct_basis.qpy,C:\Users\szymon\QuditsOnQubits\QuditsOnQubits\basis_direct_encoding_benchmarks\quantum_circuits\ame43\monomial_full__sup023_P102_ph210\graph_state_direct_basis_transpiled.qpy,,C:\Users\szymon\QuditsOnQubits\QuditsOnQubits\basis_direct_encoding_benchmarks\quantum_circuits\ame43\monomial_full__sup023_P102_ph210\E.npy
direct_basis_encoding,ame43,ame43,ame43,ame43,4,4,8,sup023_P102_ph211,monomial,monomial_full,sup023_P102_ph211,False,True,101,218,319,156,,,1.621699,True,False,ok,,Converted from legacy E_new 4x3 isometry candidate.; Fidelity skipped because transpiled circuit has 128 qubits.,156,181.2,16.08,319,339.8,101,107.9,128,"{'sx': 118, 'cz': 98, 'rz': 60, 'rx': 40, 'rzz': 3}",10,10,0,C:\Users\szymon\QuditsOnQubits\QuditsOnQubits\basis_direct_encoding_benchmarks\quantum_circuits\ame43\monomial_full__sup023_P102_ph211,C:\Users\szymon\QuditsOnQubits\QuditsOnQubits\basis_direct_encoding_benchmarks\quantum_circuits\ame43\monomial_full__sup023_P102_ph211\F3_W.qpy,C:\Users\szymon\QuditsOnQubits\QuditsOnQubits\basis_direct_encoding_benchmarks\quantum_circuits\ame43\monomial_full__sup023_P102_ph211\CZ3_W.qpy,C:\Users\szymon\QuditsOnQubits\QuditsOnQubits\basis_direct_encoding_benchmarks\quantum_circuits\ame43\monomial_full__sup023_P102_ph211\graph_state_direct_basis.qpy,C:\Users\szymon\QuditsOnQubits\QuditsOnQubits\basis_direct_encoding_benchmarks\quantum_circuits\ame43\monomial_full__sup023_P102_ph211\graph_state_direct_basis_transpiled.qpy,,C:\Users\szymon\QuditsOnQubits\QuditsOnQubits\basis_direct_encoding_benchmarks\quantum_circuits\ame43\monomial_full__sup023_P102_ph211\E.npy
direct_basis_encoding,ame43,ame43,ame43,ame43,4,4,8,sup023_P102_ph212,monomial,monomial_full,sup023_P102_ph212,False,True,101,226,327,158,,,1.827191,True,False,ok,,Converted from legacy E_new 4x3 isometry candidate.; Fidelity skipped because transpiled circuit has 128 qubits.,158,183.0,15.88,327,347.8,101,107.9,128,"{'sx': 118, 'cz': 98, 'rz': 69, 'rx': 39, 'rzz': 3}",10,10,0,C:\Users\szymon\QuditsOnQubits\QuditsOnQubits\basis_direct_encoding_benchmarks\quantum_circuits\ame43\monomial_full__sup023_P102_ph212,C:\Users\szymon\QuditsOnQubits\QuditsOnQubits\basis_direct_encoding_benchmarks\quantum_circuits\ame43\monomial_full__sup023_P102_ph212\F3_W.qpy,C:\Users\szymon\QuditsOnQubits\QuditsOnQubits\basis_direct_encoding_benchmarks\quantum_circuits\ame43\monomial_full__sup023_P102_ph212\CZ3_W.qpy,C:\Users\szymon\QuditsOnQubits\QuditsOnQubits\basis_direct_encoding_benchmarks\quantum_circuits\ame43\monomial_full__sup023_P102_ph212\graph_state_direct_basis.qpy,C:\Users\szymon\QuditsOnQubits\QuditsOnQubits\basis_direct_encoding_benchmarks\quantum_circuits\ame43\monomial_full__sup023_P102_ph212\graph_state_direct_basis_transpiled.qpy,,C:\Users\szymon\QuditsOnQubits\QuditsOnQubits\basis_direct_encoding_benchmarks\quantum_circuits\ame43\monomial_full__sup023_P102_ph212\E.npy
direct_basis_encoding,ame43,ame43,ame43,ame43,4,4,8,sup023_P102_ph220,monomial,monomial_full,sup023_P102_ph220,False,True,101,227,328,158,,,1.852154,True,False,ok,,Converted from legacy E_new 4x3 isometry candidate.; Fidelity skipped because transpiled circuit has 128 qubits.,158,183.6,16.02,328,348.2,101,107.9,128,"{'sx': 118, 'cz': 98, 'rz': 69, 'rx': 40, 'rzz': 3}",10,10,0,C:\Users\szymon\QuditsOnQubits\QuditsOnQubits\basis_direct_encoding_benchmarks\quantum_circuits\ame43\monomial_full__sup023_P102_ph220,C:\Users\szymon\QuditsOnQubits\QuditsOnQubits\basis_direct_encoding_benchmarks\quantum_circuits\ame43\monomial_full__sup023_P102_ph220\F3_W.qpy,C:\Users\szymon\QuditsOnQubits\QuditsOnQubits\basis_direct_encoding_benchmarks\quantum_circuits\ame43\monomial_full__sup023_P102_ph220\CZ3_W.qpy,C:\Users\szymon\QuditsOnQubits\QuditsOnQubits\basis_direct_encoding_benchmarks\quantum_circuits\ame43\monomial_full__sup023_P102_ph220\graph_state_direct_basis.qpy,C:\Users\szymon\QuditsOnQubits\QuditsOnQubits\basis_direct_encoding_benchmarks\quantum_circuits\ame43\monomial_full__sup023_P102_ph220\graph_state_direct_basis_transpiled.qpy,,C:\Users\szymon\QuditsOnQubits\QuditsOnQubits\basis_direct_encoding_benchmarks\quantum_circuits\ame43\monomial_full__sup023_P102_ph220\E.npy
direct_basis_encoding,ame43,ame43,ame43,ame43,4,4,8,sup023_P102_ph221,monomial,monomial_full,sup023_P102_ph221,False,True,101,220,321,157,,,1.826778,True,False,ok,,Converted from legacy E_new 4x3 isometry candidate.; Fidelity skipped because transpiled circuit has 128 qubits.,157,182.7,16.12,321,341.2,101,107.9,128,"{'sx': 118, 'cz': 98, 'rz': 62, 'rx': 40, 'rzz': 3}",10,10,0,C:\Users\szymon\QuditsOnQubits\QuditsOnQubits\basis_direct_encoding_benchmarks\quantum_circuits\ame43\monomial_full__sup023_P102_ph221,C:\Users\szymon\QuditsOnQubits\QuditsOnQubits\basis_direct_encoding_benchmarks\quantum_circuits\ame43\monomial_full__sup023_P102_ph221\F3_W.qpy,C:\Users\szymon\QuditsOnQubits\QuditsOnQubits\basis_direct_encoding_benchmarks\quantum_circuits\ame43\monomial_full__sup023_P102_ph221\CZ3_W.qpy,C:\Users\szymon\QuditsOnQubits\QuditsOnQubits\basis_direct_encoding_benchmarks\quantum_circuits\ame43\monomial_full__sup023_P102_ph221\graph_state_direct_basis.qpy,C:\Users\szymon\QuditsOnQubits\QuditsOnQubits\basis_direct_encoding_benchmarks\quantum_circuits\ame43\monomial_full__sup023_P102_ph221\graph_state_direct_basis_transpiled.qpy,,C:\Users\szymon\QuditsOnQubits\QuditsOnQubits\basis_direct_encoding_benchmarks\quantum_circuits\ame43\monomial_full__sup023_P102_ph221\E.npy
direct_basis_encoding,ame43,ame43,ame43,ame43,4,4,8,sup023_P102_ph222,monomial,monomial_full,sup023_P102_ph222,False,True,101,225,326,157,,,1.821797,True,False,ok,,Converted from legacy E_new 4x3 isometry candidate.; Fidelity skipped because transpiled circuit has 128 qubits.,157,182.7,16.12,326,346.7,101,107.9,128,"{'sx': 118, 'cz': 98, 'rz': 67, 'rx': 40, 'rzz': 3}",10,10,0,C:\Users\szymon\QuditsOnQubits\QuditsOnQubits\basis_direct_encoding_benchmarks\quantum_circuits\ame43\monomial_full__sup023_P102_ph222,C:\Users\szymon\QuditsOnQubits\QuditsOnQubits\basis_direct_encoding_benchmarks\quantum_circuits\ame43\monomial_full__sup023_P102_ph222\F3_W.qpy,C:\Users\szymon\QuditsOnQubits\QuditsOnQubits\basis_direct_encoding_benchmarks\quantum_circuits\ame43\monomial_full__sup023_P102_ph222\CZ3_W.qpy,C:\Users\szymon\QuditsOnQubits\QuditsOnQubits\basis_direct_encoding_benchmarks\quantum_circuits\ame43\monomial_full__sup023_P102_ph222\graph_state_direct_basis.qpy,C:\Users\szymon\QuditsOnQubits\QuditsOnQubits\basis_direct_encoding_benchmarks\quantum_circuits\ame43\monomial_full__sup023_P102_ph222\graph_state_direct_basis_transpiled.qpy,,C:\Users\szymon\QuditsOnQubits\QuditsOnQubits\basis_direct_encoding_benchmarks\quantum_circuits\ame43\monomial_full__sup023_P102_ph222\E.npy
direct_basis_encoding,ame43,ame43,ame43,ame43,4,4,8,sup023_P120_ph000,monomial,monomial_full,sup023_P120_ph000,False,True,86,192,278,181,,,1.741368,True,False,ok,,Converted from legacy E_new 4x3 isometry candidate.; Fidelity skipped because transpiled circuit has 128 qubits.,181,209.7,12.22,278,324.0,86,100.5,128,"{'cz': 70, 'sx': 69, 'rz': 66, 'rx': 57, 'rzz': 16}",10,10,0,C:\Users\szymon\QuditsOnQubits\QuditsOnQubits\basis_direct_encoding_benchmarks\quantum_circuits\ame43\monomial_full__sup023_P120_ph000,C:\Users\szymon\QuditsOnQubits\QuditsOnQubits\basis_direct_encoding_benchmarks\quantum_circuits\ame43\monomial_full__sup023_P120_ph000\F3_W.qpy,C:\Users\szymon\QuditsOnQubits\QuditsOnQubits\basis_direct_encoding_benchmarks\quantum_circuits\ame43\monomial_full__sup023_P120_ph000\CZ3_W.qpy,C:\Users\szymon\QuditsOnQubits\QuditsOnQubits\basis_direct_encoding_benchmarks\quantum_circuits\ame43\monomial_full__sup023_P120_ph000\graph_state_direct_basis.qpy,C:\Users\szymon\QuditsOnQubits\QuditsOnQubits\basis_direct_encoding_benchmarks\quantum_circuits\ame43\monomial_full__sup023_P120_ph000\graph_state_direct_basis_transpiled.qpy,,C:\Users\szymon\QuditsOnQubits\QuditsOnQubits\basis_direct_encoding_benchmarks\quantum_circuits\ame43\monomial_full__sup023_P120_ph000\E.npy
direct_basis_encoding,ame43,ame43,ame43,ame43,4,4,8,sup023_P120_ph001,monomial,monomial_full,sup023_P120_ph001,False,True,86,206,292,185,,,1.768252,True,False,ok,,Converted from legacy E_new 4x3 isometry candidate.; Fidelity skipped because transpiled circuit has 128 qubits.,185,211.0,11.53,292,334.2,86,100.5,128,"{'rz': 79, 'cz': 70, 'sx': 69, 'rx': 58, 'rzz': 16}",10,10,0,C:\Users\szymon\QuditsOnQubits\QuditsOnQubits\basis_direct_encoding_benchmarks\quantum_circuits\ame43\monomial_full__sup023_P120_ph001,C:\Users\szymon\QuditsOnQubits\QuditsOnQubits\basis_direct_encoding_benchmarks\quantum_circuits\ame43\monomial_full__sup023_P120_ph001\F3_W.qpy,C:\Users\szymon\QuditsOnQubits\QuditsOnQubits\basis_direct_encoding_benchmarks\quantum_circuits\ame43\monomial_full__sup023_P120_ph001\CZ3_W.qpy,C:\Users\szymon\QuditsOnQubits\QuditsOnQubits\basis_direct_encoding_benchmarks\quantum_circuits\ame43\monomial_full__sup023_P120_ph001\graph_state_direct_basis.qpy,C:\Users\szymon\QuditsOnQubits\QuditsOnQubits\basis_direct_encoding_benchmarks\quantum_circuits\ame43\monomial_full__sup023_P120_ph001\graph_state_direct_basis_transpiled.qpy,,C:\Users\szymon\QuditsOnQubits\QuditsOnQubits\basis_direct_encoding_benchmarks\quantum_circuits\ame43\monomial_full__sup023_P120_ph001\E.npy
direct_basis_encoding,ame43,ame43,ame43,ame43,4,4,8,sup023_P120_ph002,monomial,monomial_full,sup023_P120_ph002,False,True,86,203,289,185,,,1.579317,True,False,ok,,Converted from legacy E_new 4x3 isometry candidate.; Fidelity skipped because transpiled circuit has 128 qubits.,185,211.0,11.53,289,334.7,86,100.5,128,"{'rz': 77, 'cz': 70, 'sx': 69, 'rx': 57, 'rzz': 16}",10,10,0,C:\Users\szymon\QuditsOnQubits\QuditsOnQubits\basis_direct_encoding_benchmarks\quantum_circuits\ame43\monomial_full__sup023_P120_ph002,C:\Users\szymon\QuditsOnQubits\QuditsOnQubits\basis_direct_encoding_benchmarks\quantum_circuits\ame43\monomial_full__sup023_P120_ph002\F3_W.qpy,C:\Users\szymon\QuditsOnQubits\QuditsOnQubits\basis_direct_encoding_benchmarks\quantum_circuits\ame43\monomial_full__sup023_P120_ph002\CZ3_W.qpy,C:\Users\szymon\QuditsOnQubits\QuditsOnQubits\basis_direct_encoding_benchmarks\quantum_circuits\ame43\monomial_full__sup023_P120_ph002\graph_state_direct_basis.qpy,C:\Users\szymon\QuditsOnQubits\QuditsOnQubits\basis_direct_encoding_benchmarks\quantum_circuits\ame43\monomial_full__sup023_P120_ph002\graph_state_direct_basis_transpiled.qpy,,C:\Users\szymon\QuditsOnQubits\QuditsOnQubits\basis_direct_encoding_benchmarks\quantum_circuits\ame43\monomial_full__sup023_P120_ph002\E.npy
direct_basis_encoding,ame43,ame43,ame43,ame43,4,4,8,sup023_P120_ph010,monomial,monomial_full,sup023_P120_ph010,False,True,86,199,285,183,,,1.704438,True,False,ok,,Converted from legacy E_new 4x3 isometry candidate.; Fidelity skipped because transpiled circuit has 128 qubits.,183,210.7,11.93,285,328.9,86,100.5,128,"{'rz': 73, 'cz': 70, 'sx': 69, 'rx': 57, 'rzz': 16}",10,10,0,C:\Users\szymon\QuditsOnQubits\QuditsOnQubits\basis_direct_encoding_benchmarks\quantum_circuits\ame43\monomial_full__sup023_P120_ph010,C:\Users\szymon\QuditsOnQubits\QuditsOnQubits\basis_direct_encoding_benchmarks\quantum_circuits\ame43\monomial_full__sup023_P120_ph010\F3_W.qpy,C:\Users\szymon\QuditsOnQubits\QuditsOnQubits\basis_direct_encoding_benchmarks\quantum_circuits\ame43\monomial_full__sup023_P120_ph010\CZ3_W.qpy,C:\Users\szymon\QuditsOnQubits\QuditsOnQubits\basis_direct_encoding_benchmarks\quantum_circuits\ame43\monomial_full__sup023_P120_ph010\graph_state_direct_basis.qpy,C:\Users\szymon\QuditsOnQubits\QuditsOnQubits\basis_direct_encoding_benchmarks\quantum_circuits\ame43\monomial_full__sup023_P120_ph010\graph_state_direct_basis_transpiled.qpy,,C:\Users\szymon\QuditsOnQubits\QuditsOnQubits\basis_direct_encoding_benchmarks\quantum_circuits\ame43\monomial_full__sup023_P120_ph010\E.npy
direct_basis_encoding,ame43,ame43,ame43,ame43,4,4,8,sup023_P120_ph011,monomial,monomial_full,sup023_P120_ph011,False,True,86,204,290,183,,,1.332856,True,False,ok,,Converted from legacy E_new 4x3 isometry candidate.; Fidelity skipped because transpiled circuit has 128 qubits.,183,210.2,11.98,290,332.3,86,100.5,128,"{'rz': 78, 'cz': 70, 'sx': 69, 'rx': 57, 'rzz': 16}",10,10,0,C:\Users\szymon\QuditsOnQubits\QuditsOnQubits\basis_direct_encoding_benchmarks\quantum_circuits\ame43\monomial_full__sup023_P120_ph011,C:\Users\szymon\QuditsOnQubits\QuditsOnQubits\basis_direct_encoding_benchmarks\quantum_circuits\ame43\monomial_full__sup023_P120_ph011\F3_W.qpy,C:\Users\szymon\QuditsOnQubits\QuditsOnQubits\basis_direct_encoding_benchmarks\quantum_circuits\ame43\monomial_full__sup023_P120_ph011\CZ3_W.qpy,C:\Users\szymon\QuditsOnQubits\QuditsOnQubits\basis_direct_encoding_benchmarks\quantum_circuits\ame43\monomial_full__sup023_P120_ph011\graph_state_direct_basis.qpy,C:\Users\szymon\QuditsOnQubits\QuditsOnQubits\basis_direct_encoding_benchmarks\quantum_circuits\ame43\monomial_full__sup023_P120_ph011\graph_state_direct_basis_transpiled.qpy,,C:\Users\szymon\QuditsOnQubits\QuditsOnQubits\basis_direct_encoding_benchmarks\quantum_circuits\ame43\monomial_full__sup023_P120_ph011\E.npy
direct_basis_encoding,ame43,ame43,ame43,ame43,4,4,8,sup023_P120_ph012,monomial,monomial_full,sup023_P120_ph012,False,True,86,207,293,185,,,1.863185,True,False,ok,,Converted from legacy E_new 4x3 isometry candidate.; Fidelity skipped because transpiled circuit has 128 qubits.,185,211.1,11.61,293,335.2,86,100.5,128,"{'rz': 81, 'cz': 70, 'sx': 69, 'rx': 57, 'rzz': 16}",10,10,0,C:\Users\szymon\QuditsOnQubits\QuditsOnQubits\basis_direct_encoding_benchmarks\quantum_circuits\ame43\monomial_full__sup023_P120_ph012,C:\Users\szymon\QuditsOnQubits\QuditsOnQubits\basis_direct_encoding_benchmarks\quantum_circuits\ame43\monomial_full__sup023_P120_ph012\F3_W.qpy,C:\Users\szymon\QuditsOnQubits\QuditsOnQubits\basis_direct_encoding_benchmarks\quantum_circuits\ame43\monomial_full__sup023_P120_ph012\CZ3_W.qpy,C:\Users\szymon\QuditsOnQubits\QuditsOnQubits\basis_direct_encoding_benchmarks\quantum_circuits\ame43\monomial_full__sup023_P120_ph012\graph_state_direct_basis.qpy,C:\Users\szymon\QuditsOnQubits\QuditsOnQubits\basis_direct_encoding_benchmarks\quantum_circuits\ame43\monomial_full__sup023_P120_ph012\graph_state_direct_basis_transpiled.qpy,,C:\Users\szymon\QuditsOnQubits\QuditsOnQubits\basis_direct_encoding_benchmarks\quantum_circuits\ame43\monomial_full__sup023_P120_ph012\E.npy
direct_basis_encoding,ame43,ame43,ame43,ame43,4,4,8,sup023_P120_ph020,monomial,monomial_full,sup023_P120_ph020,False,True,86,201,287,183,,,1.697715,True,False,ok,,Converted from legacy E_new 4x3 isometry candidate.; Fidelity skipped because transpiled circuit has 128 qubits.,183,210.7,11.93,287,329.1,86,100.5,128,"{'rz': 74, 'cz': 70, 'sx': 69, 'rx': 58, 'rzz': 16}",10,10,0,C:\Users\szymon\QuditsOnQubits\QuditsOnQubits\basis_direct_encoding_benchmarks\quantum_circuits\ame43\monomial_full__sup023_P120_ph020,C:\Users\szymon\QuditsOnQubits\QuditsOnQubits\basis_direct_encoding_benchmarks\quantum_circuits\ame43\monomial_full__sup023_P120_ph020\F3_W.qpy,C:\Users\szymon\QuditsOnQubits\QuditsOnQubits\basis_direct_encoding_benchmarks\quantum_circuits\ame43\monomial_full__sup023_P120_ph020\CZ3_W.qpy,C:\Users\szymon\QuditsOnQubits\QuditsOnQubits\basis_direct_encoding_benchmarks\quantum_circuits\ame43\monomial_full__sup023_P120_ph020\graph_state_direct_basis.qpy,C:\Users\szymon\QuditsOnQubits\QuditsOnQubits\basis_direct_encoding_benchmarks\quantum_circuits\ame43\monomial_full__sup023_P120_ph020\graph_state_direct_basis_transpiled.qpy,,C:\Users\szymon\QuditsOnQubits\QuditsOnQubits\basis_direct_encoding_benchmarks\quantum_circuits\ame43\monomial_full__sup023_P120_ph020\E.npy
direct_basis_encoding,ame43,ame43,ame43,ame43,4,4,8,sup023_P120_ph021,monomial,monomial_full,sup023_P120_ph021,False,True,86,207,293,185,,,1.825894,True,False,ok,,Converted from legacy E_new 4x3 isometry candidate.; Fidelity skipped because transpiled circuit has 128 qubits.,185,211.1,11.61,293,336.0,86,100.5,128,"{'rz': 81, 'cz': 70, 'sx': 69, 'rx': 57, 'rzz': 16}",10,10,0,C:\Users\szymon\QuditsOnQubits\QuditsOnQubits\basis_direct_encoding_benchmarks\quantum_circuits\ame43\monomial_full__sup023_P120_ph021,C:\Users\szymon\QuditsOnQubits\QuditsOnQubits\basis_direct_encoding_benchmarks\quantum_circuits\ame43\monomial_full__sup023_P120_ph021\F3_W.qpy,C:\Users\szymon\QuditsOnQubits\QuditsOnQubits\basis_direct_encoding_benchmarks\quantum_circuits\ame43\monomial_full__sup023_P120_ph021\CZ3_W.qpy,C:\Users\szymon\QuditsOnQubits\QuditsOnQubits\basis_direct_encoding_benchmarks\quantum_circuits\ame43\monomial_full__sup023_P120_ph021\graph_state_direct_basis.qpy,C:\Users\szymon\QuditsOnQubits\QuditsOnQubits\basis_direct_encoding_benchmarks\quantum_circuits\ame43\monomial_full__sup023_P120_ph021\graph_state_direct_basis_transpiled.qpy,,C:\Users\szymon\QuditsOnQubits\QuditsOnQubits\basis_direct_encoding_benchmarks\quantum_circuits\ame43\monomial_full__sup023_P120_ph021\E.npy
direct_basis_encoding,ame43,ame43,ame43,ame43,4,4,8,sup023_P120_ph022,monomial,monomial_full,sup023_P120_ph022,False,True,86,204,290,183,,,1.661246,True,False,ok,,Converted from legacy E_new 4x3 isometry candidate.; Fidelity skipped because transpiled circuit has 128 qubits.,183,210.2,11.98,290,332.3,86,100.5,128,"{'rz': 78, 'cz': 70, 'sx': 69, 'rx': 57, 'rzz': 16}",10,10,0,C:\Users\szymon\QuditsOnQubits\QuditsOnQubits\basis_direct_encoding_benchmarks\quantum_circuits\ame43\monomial_full__sup023_P120_ph022,C:\Users\szymon\QuditsOnQubits\QuditsOnQubits\basis_direct_encoding_benchmarks\quantum_circuits\ame43\monomial_full__sup023_P120_ph022\F3_W.qpy,C:\Users\szymon\QuditsOnQubits\QuditsOnQubits\basis_direct_encoding_benchmarks\quantum_circuits\ame43\monomial_full__sup023_P120_ph022\CZ3_W.qpy,C:\Users\szymon\QuditsOnQubits\QuditsOnQubits\basis_direct_encoding_benchmarks\quantum_circuits\ame43\monomial_full__sup023_P120_ph022\graph_state_direct_basis.qpy,C:\Users\szymon\QuditsOnQubits\QuditsOnQubits\basis_direct_encoding_benchmarks\quantum_circuits\ame43\monomial_full__sup023_P120_ph022\graph_state_direct_basis_transpiled.qpy,,C:\Users\szymon\QuditsOnQubits\QuditsOnQubits\basis_direct_encoding_benchmarks\quantum_circuits\ame43\monomial_full__sup023_P120_ph022\E.npy
direct_basis_encoding,ame43,ame43,ame43,ame43,4,4,8,sup023_P120_ph100,monomial,monomial_full,sup023_P120_ph100,False,True,86,204,290,183,,,1.815242,True,False,ok,,Converted from legacy E_new 4x3 isometry candidate.; Fidelity skipped because transpiled circuit has 128 qubits.,183,210.2,11.98,290,331.5,86,100.5,128,"{'rz': 78, 'cz': 70, 'sx': 69, 'rx': 57, 'rzz': 16}",10,10,0,C:\Users\szymon\QuditsOnQubits\QuditsOnQubits\basis_direct_encoding_benchmarks\quantum_circuits\ame43\monomial_full__sup023_P120_ph100,C:\Users\szymon\QuditsOnQubits\QuditsOnQubits\basis_direct_encoding_benchmarks\quantum_circuits\ame43\monomial_full__sup023_P120_ph100\F3_W.qpy,C:\Users\szymon\QuditsOnQubits\QuditsOnQubits\basis_direct_encoding_benchmarks\quantum_circuits\ame43\monomial_full__sup023_P120_ph100\CZ3_W.qpy,C:\Users\szymon\QuditsOnQubits\QuditsOnQubits\basis_direct_encoding_benchmarks\quantum_circuits\ame43\monomial_full__sup023_P120_ph100\graph_state_direct_basis.qpy,C:\Users\szymon\QuditsOnQubits\QuditsOnQubits\basis_direct_encoding_benchmarks\quantum_circuits\ame43\monomial_full__sup023_P120_ph100\graph_state_direct_basis_transpiled.qpy,,C:\Users\szymon\QuditsOnQubits\QuditsOnQubits\basis_direct_encoding_benchmarks\quantum_circuits\ame43\monomial_full__sup023_P120_ph100\E.npy
direct_basis_encoding,ame43,ame43,ame43,ame43,4,4,8,sup023_P120_ph101,monomial,monomial_full,sup023_P120_ph101,False,True,86,207,293,185,,,1.94525,True,False,ok,,Converted from legacy E_new 4x3 isometry candidate.; Fidelity skipped because transpiled circuit has 128 qubits.,185,211.1,11.61,293,336.1,86,100.5,128,"{'rz': 81, 'cz': 70, 'sx': 69, 'rx': 57, 'rzz': 16}",10,10,0,C:\Users\szymon\QuditsOnQubits\QuditsOnQubits\basis_direct_encoding_benchmarks\quantum_circuits\ame43\monomial_full__sup023_P120_ph101,C:\Users\szymon\QuditsOnQubits\QuditsOnQubits\basis_direct_encoding_benchmarks\quantum_circuits\ame43\monomial_full__sup023_P120_ph101\F3_W.qpy,C:\Users\szymon\QuditsOnQubits\QuditsOnQubits\basis_direct_encoding_benchmarks\quantum_circuits\ame43\monomial_full__sup023_P120_ph101\CZ3_W.qpy,C:\Users\szymon\QuditsOnQubits\QuditsOnQubits\basis_direct_encoding_benchmarks\quantum_circuits\ame43\monomial_full__sup023_P120_ph101\graph_state_direct_basis.qpy,C:\Users\szymon\QuditsOnQubits\QuditsOnQubits\basis_direct_encoding_benchmarks\quantum_circuits\ame43\monomial_full__sup023_P120_ph101\graph_state_direct_basis_transpiled.qpy,,C:\Users\szymon\QuditsOnQubits\QuditsOnQubits\basis_direct_encoding_benchmarks\quantum_circuits\ame43\monomial_full__sup023_P120_ph101\E.npy
direct_basis_encoding,ame43,ame43,ame43,ame43,4,4,8,sup023_P120_ph102,monomial,monomial_full,sup023_P120_ph102,False,True,86,201,287,183,,,1.739758,True,False,ok,,Converted from legacy E_new 4x3 isometry candidate.; Fidelity skipped because transpiled circuit has 128 qubits.,183,210.7,11.93,287,328.4,86,100.5,128,"{'rz': 74, 'cz': 70, 'sx': 69, 'rx': 58, 'rzz': 16}",10,10,0,C:\Users\szymon\QuditsOnQubits\QuditsOnQubits\basis_direct_encoding_benchmarks\quantum_circuits\ame43\monomial_full__sup023_P120_ph102,C:\Users\szymon\QuditsOnQubits\QuditsOnQubits\basis_direct_encoding_benchmarks\quantum_circuits\ame43\monomial_full__sup023_P120_ph102\F3_W.qpy,C:\Users\szymon\QuditsOnQubits\QuditsOnQubits\basis_direct_encoding_benchmarks\quantum_circuits\ame43\monomial_full__sup023_P120_ph102\CZ3_W.qpy,C:\Users\szymon\QuditsOnQubits\QuditsOnQubits\basis_direct_encoding_benchmarks\quantum_circuits\ame43\monomial_full__sup023_P120_ph102\graph_state_direct_basis.qpy,C:\Users\szymon\QuditsOnQubits\QuditsOnQubits\basis_direct_encoding_benchmarks\quantum_circuits\ame43\monomial_full__sup023_P120_ph102\graph_state_direct_basis_transpiled.qpy,,C:\Users\szymon\QuditsOnQubits\QuditsOnQubits\basis_direct_encoding_benchmarks\quantum_circuits\ame43\monomial_full__sup023_P120_ph102\E.npy
direct_basis_encoding,ame43,ame43,ame43,ame43,4,4,8,sup023_P120_ph110,monomial,monomial_full,sup023_P120_ph110,False,True,86,204,290,185,,,1.857813,True,False,ok,,Converted from legacy E_new 4x3 isometry candidate.; Fidelity skipped because transpiled circuit has 128 qubits.,185,211.1,11.61,290,335.0,86,100.5,128,"{'rz': 78, 'cz': 70, 'sx': 69, 'rx': 57, 'rzz': 16}",10,10,0,C:\Users\szymon\QuditsOnQubits\QuditsOnQubits\basis_direct_encoding_benchmarks\quantum_circuits\ame43\monomial_full__sup023_P120_ph110,C:\Users\szymon\QuditsOnQubits\QuditsOnQubits\basis_direct_encoding_benchmarks\quantum_circuits\ame43\monomial_full__sup023_P120_ph110\F3_W.qpy,C:\Users\szymon\QuditsOnQubits\QuditsOnQubits\basis_direct_encoding_benchmarks\quantum_circuits\ame43\monomial_full__sup023_P120_ph110\CZ3_W.qpy,C:\Users\szymon\QuditsOnQubits\QuditsOnQubits\basis_direct_encoding_benchmarks\quantum_circuits\ame43\monomial_full__sup023_P120_ph110\graph_state_direct_basis.qpy,C:\Users\szymon\QuditsOnQubits\QuditsOnQubits\basis_direct_encoding_benchmarks\quantum_circuits\ame43\monomial_full__sup023_P120_ph110\graph_state_direct_basis_transpiled.qpy,,C:\Users\szymon\QuditsOnQubits\QuditsOnQubits\basis_direct_encoding_benchmarks\quantum_circuits\ame43\monomial_full__sup023_P120_ph110\E.npy
direct_basis_encoding,ame43,ame43,ame43,ame43,4,4,8,sup023_P120_ph111,monomial,monomial_full,sup023_P120_ph111,False,True,86,201,287,183,,,1.678526,True,False,ok,,Converted from legacy E_new 4x3 isometry candidate.; Fidelity skipped because transpiled circuit has 128 qubits.,183,210.2,11.98,287,331.2,86,100.5,128,"{'rz': 75, 'cz': 70, 'sx': 69, 'rx': 57, 'rzz': 16}",10,10,0,C:\Users\szymon\QuditsOnQubits\QuditsOnQubits\basis_direct_encoding_benchmarks\quantum_circuits\ame43\monomial_full__sup023_P120_ph111,C:\Users\szymon\QuditsOnQubits\QuditsOnQubits\basis_direct_encoding_benchmarks\quantum_circuits\ame43\monomial_full__sup023_P120_ph111\F3_W.qpy,C:\Users\szymon\QuditsOnQubits\QuditsOnQubits\basis_direct_encoding_benchmarks\quantum_circuits\ame43\monomial_full__sup023_P120_ph111\CZ3_W.qpy,C:\Users\szymon\QuditsOnQubits\QuditsOnQubits\basis_direct_encoding_benchmarks\quantum_circuits\ame43\monomial_full__sup023_P120_ph111\graph_state_direct_basis.qpy,C:\Users\szymon\QuditsOnQubits\QuditsOnQubits\basis_direct_encoding_benchmarks\quantum_circuits\ame43\monomial_full__sup023_P120_ph111\graph_state_direct_basis_transpiled.qpy,,C:\Users\szymon\QuditsOnQubits\QuditsOnQubits\basis_direct_encoding_benchmarks\quantum_circuits\ame43\monomial_full__sup023_P120_ph111\E.npy
direct_basis_encoding,ame43,ame43,ame43,ame43,4,4,8,sup023_P120_ph112,monomial,monomial_full,sup023_P120_ph112,False,True,86,199,285,183,,,1.518128,True,False,ok,,Converted from legacy E_new 4x3 isometry candidate.; Fidelity skipped because transpiled circuit has 128 qubits.,183,210.7,11.93,285,328.2,86,100.5,128,"{'rz': 72, 'cz': 70, 'sx': 69, 'rx': 58, 'rzz': 16}",10,10,0,C:\Users\szymon\QuditsOnQubits\QuditsOnQubits\basis_direct_encoding_benchmarks\quantum_circuits\ame43\monomial_full__sup023_P120_ph112,C:\Users\szymon\QuditsOnQubits\QuditsOnQubits\basis_direct_encoding_benchmarks\quantum_circuits\ame43\monomial_full__sup023_P120_ph112\F3_W.qpy,C:\Users\szymon\QuditsOnQubits\QuditsOnQubits\basis_direct_encoding_benchmarks\quantum_circuits\ame43\monomial_full__sup023_P120_ph112\CZ3_W.qpy,C:\Users\szymon\QuditsOnQubits\QuditsOnQubits\basis_direct_encoding_benchmarks\quantum_circuits\ame43\monomial_full__sup023_P120_ph112\graph_state_direct_basis.qpy,C:\Users\szymon\QuditsOnQubits\QuditsOnQubits\basis_direct_encoding_benchmarks\quantum_circuits\ame43\monomial_full__sup023_P120_ph112\graph_state_direct_basis_transpiled.qpy,,C:\Users\szymon\QuditsOnQubits\QuditsOnQubits\basis_direct_encoding_benchmarks\quantum_circuits\ame43\monomial_full__sup023_P120_ph112\E.npy
direct_basis_encoding,ame43,ame43,ame43,ame43,4,4,8,sup023_P120_ph120,monomial,monomial_full,sup023_P120_ph120,False,True,86,208,294,185,,,1.567163,True,False,ok,,Converted from legacy E_new 4x3 isometry candidate.; Fidelity skipped because transpiled circuit has 128 qubits.,185,211.0,11.53,294,335.3,86,100.5,128,"{'rz': 81, 'cz': 70, 'sx': 69, 'rx': 58, 'rzz': 16}",10,10,0,C:\Users\szymon\QuditsOnQubits\QuditsOnQubits\basis_direct_encoding_benchmarks\quantum_circuits\ame43\monomial_full__sup023_P120_ph120,C:\Users\szymon\QuditsOnQubits\QuditsOnQubits\basis_direct_encoding_benchmarks\quantum_circuits\ame43\monomial_full__sup023_P120_ph120\F3_W.qpy,C:\Users\szymon\QuditsOnQubits\QuditsOnQubits\basis_direct_encoding_benchmarks\quantum_circuits\ame43\monomial_full__sup023_P120_ph120\CZ3_W.qpy,C:\Users\szymon\QuditsOnQubits\QuditsOnQubits\basis_direct_encoding_benchmarks\quantum_circuits\ame43\monomial_full__sup023_P120_ph120\graph_state_direct_basis.qpy,C:\Users\szymon\QuditsOnQubits\QuditsOnQubits\basis_direct_encoding_benchmarks\quantum_circuits\ame43\monomial_full__sup023_P120_ph120\graph_state_direct_basis_transpiled.qpy,,C:\Users\szymon\QuditsOnQubits\QuditsOnQubits\basis_direct_encoding_benchmarks\quantum_circuits\ame43\monomial_full__sup023_P120_ph120\E.npy
direct_basis_encoding,ame43,ame43,ame43,ame43,4,4,8,sup023_P120_ph121,monomial,monomial_full,sup023_P120_ph121,False,True,86,206,292,185,,,1.561288,True,False,ok,,Converted from legacy E_new 4x3 isometry candidate.; Fidelity skipped because transpiled circuit has 128 qubits.,185,211.0,11.53,292,335.8,86,100.5,128,"{'rz': 80, 'cz': 70, 'sx': 69, 'rx': 57, 'rzz': 16}",10,10,0,C:\Users\szymon\QuditsOnQubits\QuditsOnQubits\basis_direct_encoding_benchmarks\quantum_circuits\ame43\monomial_full__sup023_P120_ph121,C:\Users\szymon\QuditsOnQubits\QuditsOnQubits\basis_direct_encoding_benchmarks\quantum_circuits\ame43\monomial_full__sup023_P120_ph121\F3_W.qpy,C:\Users\szymon\QuditsOnQubits\QuditsOnQubits\basis_direct_encoding_benchmarks\quantum_circuits\ame43\monomial_full__sup023_P120_ph121\CZ3_W.qpy,C:\Users\szymon\QuditsOnQubits\QuditsOnQubits\basis_direct_encoding_benchmarks\quantum_circuits\ame43\monomial_full__sup023_P120_ph121\graph_state_direct_basis.qpy,C:\Users\szymon\QuditsOnQubits\QuditsOnQubits\basis_direct_encoding_benchmarks\quantum_circuits\ame43\monomial_full__sup023_P120_ph121\graph_state_direct_basis_transpiled.qpy,,C:\Users\szymon\QuditsOnQubits\QuditsOnQubits\basis_direct_encoding_benchmarks\quantum_circuits\ame43\monomial_full__sup023_P120_ph121\E.npy
direct_basis_encoding,ame43,ame43,ame43,ame43,4,4,8,sup023_P120_ph122,monomial,monomial_full,sup023_P120_ph122,False,True,86,195,281,181,,,1.580915,True,False,ok,,Converted from legacy E_new 4x3 isometry candidate.; Fidelity skipped because transpiled circuit has 128 qubits.,181,209.7,12.22,281,325.1,86,100.5,128,"{'cz': 70, 'rz': 69, 'sx': 69, 'rx': 57, 'rzz': 16}",10,10,0,C:\Users\szymon\QuditsOnQubits\QuditsOnQubits\basis_direct_encoding_benchmarks\quantum_circuits\ame43\monomial_full__sup023_P120_ph122,C:\Users\szymon\QuditsOnQubits\QuditsOnQubits\basis_direct_encoding_benchmarks\quantum_circuits\ame43\monomial_full__sup023_P120_ph122\F3_W.qpy,C:\Users\szymon\QuditsOnQubits\QuditsOnQubits\basis_direct_encoding_benchmarks\quantum_circuits\ame43\monomial_full__sup023_P120_ph122\CZ3_W.qpy,C:\Users\szymon\QuditsOnQubits\QuditsOnQubits\basis_direct_encoding_benchmarks\quantum_circuits\ame43\monomial_full__sup023_P120_ph122\graph_state_direct_basis.qpy,C:\Users\szymon\QuditsOnQubits\QuditsOnQubits\basis_direct_encoding_benchmarks\quantum_circuits\ame43\monomial_full__sup023_P120_ph122\graph_state_direct_basis_transpiled.qpy,,C:\Users\szymon\QuditsOnQubits\QuditsOnQubits\basis_direct_encoding_benchmarks\quantum_circuits\ame43\monomial_full__sup023_P120_ph122\E.npy
direct_basis_encoding,ame43,ame43,ame43,ame43,4,4,8,sup023_P120_ph200,monomial,monomial_full,sup023_P120_ph200,False,True,86,206,292,183,,,1.82411,True,False,ok,,Converted from legacy E_new 4x3 isometry candidate.; Fidelity skipped because transpiled circuit has 128 qubits.,183,210.2,11.98,292,332.5,86,100.5,128,"{'rz': 79, 'cz': 70, 'sx': 69, 'rx': 58, 'rzz': 16}",10,10,0,C:\Users\szymon\QuditsOnQubits\QuditsOnQubits\basis_direct_encoding_benchmarks\quantum_circuits\ame43\monomial_full__sup023_P120_ph200,C:\Users\szymon\QuditsOnQubits\QuditsOnQubits\basis_direct_encoding_benchmarks\quantum_circuits\ame43\monomial_full__sup023_P120_ph200\F3_W.qpy,C:\Users\szymon\QuditsOnQubits\QuditsOnQubits\basis_direct_encoding_benchmarks\quantum_circuits\ame43\monomial_full__sup023_P120_ph200\CZ3_W.qpy,C:\Users\szymon\QuditsOnQubits\QuditsOnQubits\basis_direct_encoding_benchmarks\quantum_circuits\ame43\monomial_full__sup023_P120_ph200\graph_state_direct_basis.qpy,C:\Users\szymon\QuditsOnQubits\QuditsOnQubits\basis_direct_encoding_benchmarks\quantum_circuits\ame43\monomial_full__sup023_P120_ph200\graph_state_direct_basis_transpiled.qpy,,C:\Users\szymon\QuditsOnQubits\QuditsOnQubits\basis_direct_encoding_benchmarks\quantum_circuits\ame43\monomial_full__sup023_P120_ph200\E.npy
direct_basis_encoding,ame43,ame43,ame43,ame43,4,4,8,sup023_P120_ph201,monomial,monomial_full,sup023_P120_ph201,False,True,86,199,285,183,,,1.732311,True,False,ok,,Converted from legacy E_new 4x3 isometry candidate.; Fidelity skipped because transpiled circuit has 128 qubits.,183,210.7,11.93,285,328.9,86,100.5,128,"{'rz': 73, 'cz': 70, 'sx': 69, 'rx': 57, 'rzz': 16}",10,10,0,C:\Users\szymon\QuditsOnQubits\QuditsOnQubits\basis_direct_encoding_benchmarks\quantum_circuits\ame43\monomial_full__sup023_P120_ph201,C:\Users\szymon\QuditsOnQubits\QuditsOnQubits\basis_direct_encoding_benchmarks\quantum_circuits\ame43\monomial_full__sup023_P120_ph201\F3_W.qpy,C:\Users\szymon\QuditsOnQubits\QuditsOnQubits\basis_direct_encoding_benchmarks\quantum_circuits\ame43\monomial_full__sup023_P120_ph201\CZ3_W.qpy,C:\Users\szymon\QuditsOnQubits\QuditsOnQubits\basis_direct_encoding_benchmarks\quantum_circuits\ame43\monomial_full__sup023_P120_ph201\graph_state_direct_basis.qpy,C:\Users\szymon\QuditsOnQubits\QuditsOnQubits\basis_direct_encoding_benchmarks\quantum_circuits\ame43\monomial_full__sup023_P120_ph201\graph_state_direct_basis_transpiled.qpy,,C:\Users\szymon\QuditsOnQubits\QuditsOnQubits\basis_direct_encoding_benchmarks\quantum_circuits\ame43\monomial_full__sup023_P120_ph201\E.npy
direct_basis_encoding,ame43,ame43,ame43,ame43,4,4,8,sup023_P120_ph202,monomial,monomial_full,sup023_P120_ph202,False,True,86,207,293,185,,,1.882638,True,False,ok,,Converted from legacy E_new 4x3 isometry candidate.; Fidelity skipped because transpiled circuit has 128 qubits.,185,211.1,11.61,293,336.1,86,100.5,128,"{'rz': 81, 'cz': 70, 'sx': 69, 'rx': 57, 'rzz': 16}",10,10,0,C:\Users\szymon\QuditsOnQubits\QuditsOnQubits\basis_direct_encoding_benchmarks\quantum_circuits\ame43\monomial_full__sup023_P120_ph202,C:\Users\szymon\QuditsOnQubits\QuditsOnQubits\basis_direct_encoding_benchmarks\quantum_circuits\ame43\monomial_full__sup023_P120_ph202\F3_W.qpy,C:\Users\szymon\QuditsOnQubits\QuditsOnQubits\basis_direct_encoding_benchmarks\quantum_circuits\ame43\monomial_full__sup023_P120_ph202\CZ3_W.qpy,C:\Users\szymon\QuditsOnQubits\QuditsOnQubits\basis_direct_encoding_benchmarks\quantum_circuits\ame43\monomial_full__sup023_P120_ph202\graph_state_direct_basis.qpy,C:\Users\szymon\QuditsOnQubits\QuditsOnQubits\basis_direct_encoding_benchmarks\quantum_circuits\ame43\monomial_full__sup023_P120_ph202\graph_state_direct_basis_transpiled.qpy,,C:\Users\szymon\QuditsOnQubits\QuditsOnQubits\basis_direct_encoding_benchmarks\quantum_circuits\ame43\monomial_full__sup023_P120_ph202\E.npy
direct_basis_encoding,ame43,ame43,ame43,ame43,4,4,8,sup023_P120_ph210,monomial,monomial_full,sup023_P120_ph210,False,True,86,208,294,185,,,1.931461,True,False,ok,,Converted from legacy E_new 4x3 isometry candidate.; Fidelity skipped because transpiled circuit has 128 qubits.,185,211.0,11.53,294,336.0,86,100.5,128,"{'rz': 81, 'cz': 70, 'sx': 69, 'rx': 58, 'rzz': 16}",10,10,0,C:\Users\szymon\QuditsOnQubits\QuditsOnQubits\basis_direct_encoding_benchmarks\quantum_circuits\ame43\monomial_full__sup023_P120_ph210,C:\Users\szymon\QuditsOnQubits\QuditsOnQubits\basis_direct_encoding_benchmarks\quantum_circuits\ame43\monomial_full__sup023_P120_ph210\F3_W.qpy,C:\Users\szymon\QuditsOnQubits\QuditsOnQubits\basis_direct_encoding_benchmarks\quantum_circuits\ame43\monomial_full__sup023_P120_ph210\CZ3_W.qpy,C:\Users\szymon\QuditsOnQubits\QuditsOnQubits\basis_direct_encoding_benchmarks\quantum_circuits\ame43\monomial_full__sup023_P120_ph210\graph_state_direct_basis.qpy,C:\Users\szymon\QuditsOnQubits\QuditsOnQubits\basis_direct_encoding_benchmarks\quantum_circuits\ame43\monomial_full__sup023_P120_ph210\graph_state_direct_basis_transpiled.qpy,,C:\Users\szymon\QuditsOnQubits\QuditsOnQubits\basis_direct_encoding_benchmarks\quantum_circuits\ame43\monomial_full__sup023_P120_ph210\E.npy
direct_basis_encoding,ame43,ame43,ame43,ame43,4,4,8,sup023_P120_ph211,monomial,monomial_full,sup023_P120_ph211,False,True,86,195,281,181,,,1.815688,True,False,ok,,Converted from legacy E_new 4x3 isometry candidate.; Fidelity skipped because transpiled circuit has 128 qubits.,181,209.7,12.22,281,324.2,86,100.5,128,"{'cz': 70, 'rz': 69, 'sx': 69, 'rx': 57, 'rzz': 16}",10,10,0,C:\Users\szymon\QuditsOnQubits\QuditsOnQubits\basis_direct_encoding_benchmarks\quantum_circuits\ame43\monomial_full__sup023_P120_ph211,C:\Users\szymon\QuditsOnQubits\QuditsOnQubits\basis_direct_encoding_benchmarks\quantum_circuits\ame43\monomial_full__sup023_P120_ph211\F3_W.qpy,C:\Users\szymon\QuditsOnQubits\QuditsOnQubits\basis_direct_encoding_benchmarks\quantum_circuits\ame43\monomial_full__sup023_P120_ph211\CZ3_W.qpy,C:\Users\szymon\QuditsOnQubits\QuditsOnQubits\basis_direct_encoding_benchmarks\quantum_circuits\ame43\monomial_full__sup023_P120_ph211\graph_state_direct_basis.qpy,C:\Users\szymon\QuditsOnQubits\QuditsOnQubits\basis_direct_encoding_benchmarks\quantum_circuits\ame43\monomial_full__sup023_P120_ph211\graph_state_direct_basis_transpiled.qpy,,C:\Users\szymon\QuditsOnQubits\QuditsOnQubits\basis_direct_encoding_benchmarks\quantum_circuits\ame43\monomial_full__sup023_P120_ph211\E.npy
direct_basis_encoding,ame43,ame43,ame43,ame43,4,4,8,sup023_P120_ph212,monomial,monomial_full,sup023_P120_ph212,False,True,86,206,292,185,,,1.497881,True,False,ok,,Converted from legacy E_new 4x3 isometry candidate.; Fidelity skipped because transpiled circuit has 128 qubits.,185,211.0,11.53,292,335.9,86,100.5,128,"{'rz': 80, 'cz': 70, 'sx': 69, 'rx': 57, 'rzz': 16}",10,10,0,C:\Users\szymon\QuditsOnQubits\QuditsOnQubits\basis_direct_encoding_benchmarks\quantum_circuits\ame43\monomial_full__sup023_P120_ph212,C:\Users\szymon\QuditsOnQubits\QuditsOnQubits\basis_direct_encoding_benchmarks\quantum_circuits\ame43\monomial_full__sup023_P120_ph212\F3_W.qpy,C:\Users\szymon\QuditsOnQubits\QuditsOnQubits\basis_direct_encoding_benchmarks\quantum_circuits\ame43\monomial_full__sup023_P120_ph212\CZ3_W.qpy,C:\Users\szymon\QuditsOnQubits\QuditsOnQubits\basis_direct_encoding_benchmarks\quantum_circuits\ame43\monomial_full__sup023_P120_ph212\graph_state_direct_basis.qpy,C:\Users\szymon\QuditsOnQubits\QuditsOnQubits\basis_direct_encoding_benchmarks\quantum_circuits\ame43\monomial_full__sup023_P120_ph212\graph_state_direct_basis_transpiled.qpy,,C:\Users\szymon\QuditsOnQubits\QuditsOnQubits\basis_direct_encoding_benchmarks\quantum_circuits\ame43\monomial_full__sup023_P120_ph212\E.npy
direct_basis_encoding,ame43,ame43,ame43,ame43,4,4,8,sup023_P120_ph220,monomial,monomial_full,sup023_P120_ph220,False,True,86,204,290,185,,,1.274344,True,False,ok,,Converted from legacy E_new 4x3 isometry candidate.; Fidelity skipped because transpiled circuit has 128 qubits.,185,211.1,11.61,290,334.1,86,100.5,128,"{'rz': 78, 'cz': 70, 'sx': 69, 'rx': 57, 'rzz': 16}",10,10,0,C:\Users\szymon\QuditsOnQubits\QuditsOnQubits\basis_direct_encoding_benchmarks\quantum_circuits\ame43\monomial_full__sup023_P120_ph220,C:\Users\szymon\QuditsOnQubits\QuditsOnQubits\basis_direct_encoding_benchmarks\quantum_circuits\ame43\monomial_full__sup023_P120_ph220\F3_W.qpy,C:\Users\szymon\QuditsOnQubits\QuditsOnQubits\basis_direct_encoding_benchmarks\quantum_circuits\ame43\monomial_full__sup023_P120_ph220\CZ3_W.qpy,C:\Users\szymon\QuditsOnQubits\QuditsOnQubits\basis_direct_encoding_benchmarks\quantum_circuits\ame43\monomial_full__sup023_P120_ph220\graph_state_direct_basis.qpy,C:\Users\szymon\QuditsOnQubits\QuditsOnQubits\basis_direct_encoding_benchmarks\quantum_circuits\ame43\monomial_full__sup023_P120_ph220\graph_state_direct_basis_transpiled.qpy,,C:\Users\szymon\QuditsOnQubits\QuditsOnQubits\basis_direct_encoding_benchmarks\quantum_circuits\ame43\monomial_full__sup023_P120_ph220\E.npy
direct_basis_encoding,ame43,ame43,ame43,ame43,4,4,8,sup023_P120_ph221,monomial,monomial_full,sup023_P120_ph221,False,True,86,199,285,183,,,1.522332,True,False,ok,,Converted from legacy E_new 4x3 isometry candidate.; Fidelity skipped because transpiled circuit has 128 qubits.,183,210.7,11.93,285,327.4,86,100.5,128,"{'rz': 72, 'cz': 70, 'sx': 69, 'rx': 58, 'rzz': 16}",10,10,0,C:\Users\szymon\QuditsOnQubits\QuditsOnQubits\basis_direct_encoding_benchmarks\quantum_circuits\ame43\monomial_full__sup023_P120_ph221,C:\Users\szymon\QuditsOnQubits\QuditsOnQubits\basis_direct_encoding_benchmarks\quantum_circuits\ame43\monomial_full__sup023_P120_ph221\F3_W.qpy,C:\Users\szymon\QuditsOnQubits\QuditsOnQubits\basis_direct_encoding_benchmarks\quantum_circuits\ame43\monomial_full__sup023_P120_ph221\CZ3_W.qpy,C:\Users\szymon\QuditsOnQubits\QuditsOnQubits\basis_direct_encoding_benchmarks\quantum_circuits\ame43\monomial_full__sup023_P120_ph221\graph_state_direct_basis.qpy,C:\Users\szymon\QuditsOnQubits\QuditsOnQubits\basis_direct_encoding_benchmarks\quantum_circuits\ame43\monomial_full__sup023_P120_ph221\graph_state_direct_basis_transpiled.qpy,,C:\Users\szymon\QuditsOnQubits\QuditsOnQubits\basis_direct_encoding_benchmarks\quantum_circuits\ame43\monomial_full__sup023_P120_ph221\E.npy
direct_basis_encoding,ame43,ame43,ame43,ame43,4,4,8,sup023_P120_ph222,monomial,monomial_full,sup023_P120_ph222,False,True,86,204,290,183,,,1.432502,True,False,ok,,Converted from legacy E_new 4x3 isometry candidate.; Fidelity skipped because transpiled circuit has 128 qubits.,183,210.2,11.98,290,331.5,86,100.5,128,"{'rz': 77, 'cz': 70, 'sx': 69, 'rx': 58, 'rzz': 16}",10,10,0,C:\Users\szymon\QuditsOnQubits\QuditsOnQubits\basis_direct_encoding_benchmarks\quantum_circuits\ame43\monomial_full__sup023_P120_ph222,C:\Users\szymon\QuditsOnQubits\QuditsOnQubits\basis_direct_encoding_benchmarks\quantum_circuits\ame43\monomial_full__sup023_P120_ph222\F3_W.qpy,C:\Users\szymon\QuditsOnQubits\QuditsOnQubits\basis_direct_encoding_benchmarks\quantum_circuits\ame43\monomial_full__sup023_P120_ph222\CZ3_W.qpy,C:\Users\szymon\QuditsOnQubits\QuditsOnQubits\basis_direct_encoding_benchmarks\quantum_circuits\ame43\monomial_full__sup023_P120_ph222\graph_state_direct_basis.qpy,C:\Users\szymon\QuditsOnQubits\QuditsOnQubits\basis_direct_encoding_benchmarks\quantum_circuits\ame43\monomial_full__sup023_P120_ph222\graph_state_direct_basis_transpiled.qpy,,C:\Users\szymon\QuditsOnQubits\QuditsOnQubits\basis_direct_encoding_benchmarks\quantum_circuits\ame43\monomial_full__sup023_P120_ph222\E.npy
direct_basis_encoding,ame43,ame43,ame43,ame43,4,4,8,sup023_P201_ph000,monomial,monomial_full,sup023_P201_ph000,False,True,101,217,318,156,,,1.460484,True,False,ok,,Converted from legacy E_new 4x3 isometry candidate.; Fidelity skipped because transpiled circuit has 128 qubits.,156,181.2,16.08,318,338.2,101,107.9,128,"{'sx': 118, 'cz': 98, 'rz': 59, 'rx': 40, 'rzz': 3}",10,10,0,C:\Users\szymon\QuditsOnQubits\QuditsOnQubits\basis_direct_encoding_benchmarks\quantum_circuits\ame43\monomial_full__sup023_P201_ph000,C:\Users\szymon\QuditsOnQubits\QuditsOnQubits\basis_direct_encoding_benchmarks\quantum_circuits\ame43\monomial_full__sup023_P201_ph000\F3_W.qpy,C:\Users\szymon\QuditsOnQubits\QuditsOnQubits\basis_direct_encoding_benchmarks\quantum_circuits\ame43\monomial_full__sup023_P201_ph000\CZ3_W.qpy,C:\Users\szymon\QuditsOnQubits\QuditsOnQubits\basis_direct_encoding_benchmarks\quantum_circuits\ame43\monomial_full__sup023_P201_ph000\graph_state_direct_basis.qpy,C:\Users\szymon\QuditsOnQubits\QuditsOnQubits\basis_direct_encoding_benchmarks\quantum_circuits\ame43\monomial_full__sup023_P201_ph000\graph_state_direct_basis_transpiled.qpy,,C:\Users\szymon\QuditsOnQubits\QuditsOnQubits\basis_direct_encoding_benchmarks\quantum_circuits\ame43\monomial_full__sup023_P201_ph000\E.npy
direct_basis_encoding,ame43,ame43,ame43,ame43,4,4,8,sup023_P201_ph001,monomial,monomial_full,sup023_P201_ph001,False,True,101,225,326,158,,,1.402831,True,False,ok,,Converted from legacy E_new 4x3 isometry candidate.; Fidelity skipped because transpiled circuit has 128 qubits.,158,183.0,15.88,326,346.3,101,107.9,128,"{'sx': 118, 'cz': 98, 'rz': 68, 'rx': 39, 'rzz': 3}",10,10,0,C:\Users\szymon\QuditsOnQubits\QuditsOnQubits\basis_direct_encoding_benchmarks\quantum_circuits\ame43\monomial_full__sup023_P201_ph001,C:\Users\szymon\QuditsOnQubits\QuditsOnQubits\basis_direct_encoding_benchmarks\quantum_circuits\ame43\monomial_full__sup023_P201_ph001\F3_W.qpy,C:\Users\szymon\QuditsOnQubits\QuditsOnQubits\basis_direct_encoding_benchmarks\quantum_circuits\ame43\monomial_full__sup023_P201_ph001\CZ3_W.qpy,C:\Users\szymon\QuditsOnQubits\QuditsOnQubits\basis_direct_encoding_benchmarks\quantum_circuits\ame43\monomial_full__sup023_P201_ph001\graph_state_direct_basis.qpy,C:\Users\szymon\QuditsOnQubits\QuditsOnQubits\basis_direct_encoding_benchmarks\quantum_circuits\ame43\monomial_full__sup023_P201_ph001\graph_state_direct_basis_transpiled.qpy,,C:\Users\szymon\QuditsOnQubits\QuditsOnQubits\basis_direct_encoding_benchmarks\quantum_circuits\ame43\monomial_full__sup023_P201_ph001\E.npy
direct_basis_encoding,ame43,ame43,ame43,ame43,4,4,8,sup023_P201_ph002,monomial,monomial_full,sup023_P201_ph002,False,True,101,226,327,158,,,1.388681,True,False,ok,,Converted from legacy E_new 4x3 isometry candidate.; Fidelity skipped because transpiled circuit has 128 qubits.,158,183.0,15.88,327,347.2,101,107.9,128,"{'sx': 118, 'cz': 98, 'rz': 68, 'rx': 40, 'rzz': 3}",10,10,0,C:\Users\szymon\QuditsOnQubits\QuditsOnQubits\basis_direct_encoding_benchmarks\quantum_circuits\ame43\monomial_full__sup023_P201_ph002,C:\Users\szymon\QuditsOnQubits\QuditsOnQubits\basis_direct_encoding_benchmarks\quantum_circuits\ame43\monomial_full__sup023_P201_ph002\F3_W.qpy,C:\Users\szymon\QuditsOnQubits\QuditsOnQubits\basis_direct_encoding_benchmarks\quantum_circuits\ame43\monomial_full__sup023_P201_ph002\CZ3_W.qpy,C:\Users\szymon\QuditsOnQubits\QuditsOnQubits\basis_direct_encoding_benchmarks\quantum_circuits\ame43\monomial_full__sup023_P201_ph002\graph_state_direct_basis.qpy,C:\Users\szymon\QuditsOnQubits\QuditsOnQubits\basis_direct_encoding_benchmarks\quantum_circuits\ame43\monomial_full__sup023_P201_ph002\graph_state_direct_basis_transpiled.qpy,,C:\Users\szymon\QuditsOnQubits\QuditsOnQubits\basis_direct_encoding_benchmarks\quantum_circuits\ame43\monomial_full__sup023_P201_ph002\E.npy
direct_basis_encoding,ame43,ame43,ame43,ame43,4,4,8,sup023_P201_ph010,monomial,monomial_full,sup023_P201_ph010,False,True,101,221,322,157,,,1.386648,True,False,ok,,Converted from legacy E_new 4x3 isometry candidate.; Fidelity skipped because transpiled circuit has 128 qubits.,157,182.7,16.12,322,341.9,101,107.9,128,"{'sx': 118, 'cz': 98, 'rz': 63, 'rx': 40, 'rzz': 3}",10,10,0,C:\Users\szymon\QuditsOnQubits\QuditsOnQubits\basis_direct_encoding_benchmarks\quantum_circuits\ame43\monomial_full__sup023_P201_ph010,C:\Users\szymon\QuditsOnQubits\QuditsOnQubits\basis_direct_encoding_benchmarks\quantum_circuits\ame43\monomial_full__sup023_P201_ph010\F3_W.qpy,C:\Users\szymon\QuditsOnQubits\QuditsOnQubits\basis_direct_encoding_benchmarks\quantum_circuits\ame43\monomial_full__sup023_P201_ph010\CZ3_W.qpy,C:\Users\szymon\QuditsOnQubits\QuditsOnQubits\basis_direct_encoding_benchmarks\quantum_circuits\ame43\monomial_full__sup023_P201_ph010\graph_state_direct_basis.qpy,C:\Users\szymon\QuditsOnQubits\QuditsOnQubits\basis_direct_encoding_benchmarks\quantum_circuits\ame43\monomial_full__sup023_P201_ph010\graph_state_direct_basis_transpiled.qpy,,C:\Users\szymon\QuditsOnQubits\QuditsOnQubits\basis_direct_encoding_benchmarks\quantum_circuits\ame43\monomial_full__sup023_P201_ph010\E.npy
direct_basis_encoding,ame43,ame43,ame43,ame43,4,4,8,sup023_P201_ph011,monomial,monomial_full,sup023_P201_ph011,False,True,101,226,327,157,,,1.658618,True,False,ok,,Converted from legacy E_new 4x3 isometry candidate.; Fidelity skipped because transpiled circuit has 128 qubits.,157,182.7,16.12,327,347.8,101,107.9,128,"{'sx': 118, 'cz': 98, 'rz': 68, 'rx': 40, 'rzz': 3}",10,10,0,C:\Users\szymon\QuditsOnQubits\QuditsOnQubits\basis_direct_encoding_benchmarks\quantum_circuits\ame43\monomial_full__sup023_P201_ph011,C:\Users\szymon\QuditsOnQubits\QuditsOnQubits\basis_direct_encoding_benchmarks\quantum_circuits\ame43\monomial_full__sup023_P201_ph011\F3_W.qpy,C:\Users\szymon\QuditsOnQubits\QuditsOnQubits\basis_direct_encoding_benchmarks\quantum_circuits\ame43\monomial_full__sup023_P201_ph011\CZ3_W.qpy,C:\Users\szymon\QuditsOnQubits\QuditsOnQubits\basis_direct_encoding_benchmarks\quantum_circuits\ame43\monomial_full__sup023_P201_ph011\graph_state_direct_basis.qpy,C:\Users\szymon\QuditsOnQubits\QuditsOnQubits\basis_direct_encoding_benchmarks\quantum_circuits\ame43\monomial_full__sup023_P201_ph011\graph_state_direct_basis_transpiled.qpy,,C:\Users\szymon\QuditsOnQubits\QuditsOnQubits\basis_direct_encoding_benchmarks\quantum_circuits\ame43\monomial_full__sup023_P201_ph011\E.npy
direct_basis_encoding,ame43,ame43,ame43,ame43,4,4,8,sup023_P201_ph012,monomial,monomial_full,sup023_P201_ph012,False,True,101,228,329,158,,,1.458338,True,False,ok,,Converted from legacy E_new 4x3 isometry candidate.; Fidelity skipped because transpiled circuit has 128 qubits.,158,183.6,16.02,329,348.9,101,107.9,128,"{'sx': 118, 'cz': 98, 'rz': 70, 'rx': 40, 'rzz': 3}",10,10,0,C:\Users\szymon\QuditsOnQubits\QuditsOnQubits\basis_direct_encoding_benchmarks\quantum_circuits\ame43\monomial_full__sup023_P201_ph012,C:\Users\szymon\QuditsOnQubits\QuditsOnQubits\basis_direct_encoding_benchmarks\quantum_circuits\ame43\monomial_full__sup023_P201_ph012\F3_W.qpy,C:\Users\szymon\QuditsOnQubits\QuditsOnQubits\basis_direct_encoding_benchmarks\quantum_circuits\ame43\monomial_full__sup023_P201_ph012\CZ3_W.qpy,C:\Users\szymon\QuditsOnQubits\QuditsOnQubits\basis_direct_encoding_benchmarks\quantum_circuits\ame43\monomial_full__sup023_P201_ph012\graph_state_direct_basis.qpy,C:\Users\szymon\QuditsOnQubits\QuditsOnQubits\basis_direct_encoding_benchmarks\quantum_circuits\ame43\monomial_full__sup023_P201_ph012\graph_state_direct_basis_transpiled.qpy,,C:\Users\szymon\QuditsOnQubits\QuditsOnQubits\basis_direct_encoding_benchmarks\quantum_circuits\ame43\monomial_full__sup023_P201_ph012\E.npy
direct_basis_encoding,ame43,ame43,ame43,ame43,4,4,8,sup023_P201_ph020,monomial,monomial_full,sup023_P201_ph020,False,True,101,221,322,157,,,1.42953,True,False,ok,,Converted from legacy E_new 4x3 isometry candidate.; Fidelity skipped because transpiled circuit has 128 qubits.,157,182.7,16.12,322,341.9,101,107.9,128,"{'sx': 118, 'cz': 98, 'rz': 63, 'rx': 40, 'rzz': 3}",10,10,0,C:\Users\szymon\QuditsOnQubits\QuditsOnQubits\basis_direct_encoding_benchmarks\quantum_circuits\ame43\monomial_full__sup023_P201_ph020,C:\Users\szymon\QuditsOnQubits\QuditsOnQubits\basis_direct_encoding_benchmarks\quantum_circuits\ame43\monomial_full__sup023_P201_ph020\F3_W.qpy,C:\Users\szymon\QuditsOnQubits\QuditsOnQubits\basis_direct_encoding_benchmarks\quantum_circuits\ame43\monomial_full__sup023_P201_ph020\CZ3_W.qpy,C:\Users\szymon\QuditsOnQubits\QuditsOnQubits\basis_direct_encoding_benchmarks\quantum_circuits\ame43\monomial_full__sup023_P201_ph020\graph_state_direct_basis.qpy,C:\Users\szymon\QuditsOnQubits\QuditsOnQubits\basis_direct_encoding_benchmarks\quantum_circuits\ame43\monomial_full__sup023_P201_ph020\graph_state_direct_basis_transpiled.qpy,,C:\Users\szymon\QuditsOnQubits\QuditsOnQubits\basis_direct_encoding_benchmarks\quantum_circuits\ame43\monomial_full__sup023_P201_ph020\E.npy
direct_basis_encoding,ame43,ame43,ame43,ame43,4,4,8,sup023_P201_ph021,monomial,monomial_full,sup023_P201_ph021,False,True,101,228,329,158,,,1.3222,True,False,ok,,Converted from legacy E_new 4x3 isometry candidate.; Fidelity skipped because transpiled circuit has 128 qubits.,158,183.6,16.02,329,349.3,101,107.9,128,"{'sx': 118, 'cz': 98, 'rz': 70, 'rx': 40, 'rzz': 3}",10,10,0,C:\Users\szymon\QuditsOnQubits\QuditsOnQubits\basis_direct_encoding_benchmarks\quantum_circuits\ame43\monomial_full__sup023_P201_ph021,C:\Users\szymon\QuditsOnQubits\QuditsOnQubits\basis_direct_encoding_benchmarks\quantum_circuits\ame43\monomial_full__sup023_P201_ph021\F3_W.qpy,C:\Users\szymon\QuditsOnQubits\QuditsOnQubits\basis_direct_encoding_benchmarks\quantum_circuits\ame43\monomial_full__sup023_P201_ph021\CZ3_W.qpy,C:\Users\szymon\QuditsOnQubits\QuditsOnQubits\basis_direct_encoding_benchmarks\quantum_circuits\ame43\monomial_full__sup023_P201_ph021\graph_state_direct_basis.qpy,C:\Users\szymon\QuditsOnQubits\QuditsOnQubits\basis_direct_encoding_benchmarks\quantum_circuits\ame43\monomial_full__sup023_P201_ph021\graph_state_direct_basis_transpiled.qpy,,C:\Users\szymon\QuditsOnQubits\QuditsOnQubits\basis_direct_encoding_benchmarks\quantum_circuits\ame43\monomial_full__sup023_P201_ph021\E.npy
direct_basis_encoding,ame43,ame43,ame43,ame43,4,4,8,sup023_P201_ph022,monomial,monomial_full,sup023_P201_ph022,False,True,101,226,327,157,,,1.514042,True,False,ok,,Converted from legacy E_new 4x3 isometry candidate.; Fidelity skipped because transpiled circuit has 128 qubits.,157,182.7,16.12,327,347.8,101,107.9,128,"{'sx': 118, 'cz': 98, 'rz': 68, 'rx': 40, 'rzz': 3}",10,10,0,C:\Users\szymon\QuditsOnQubits\QuditsOnQubits\basis_direct_encoding_benchmarks\quantum_circuits\ame43\monomial_full__sup023_P201_ph022,C:\Users\szymon\QuditsOnQubits\QuditsOnQubits\basis_direct_encoding_benchmarks\quantum_circuits\ame43\monomial_full__sup023_P201_ph022\F3_W.qpy,C:\Users\szymon\QuditsOnQubits\QuditsOnQubits\basis_direct_encoding_benchmarks\quantum_circuits\ame43\monomial_full__sup023_P201_ph022\CZ3_W.qpy,C:\Users\szymon\QuditsOnQubits\QuditsOnQubits\basis_direct_encoding_benchmarks\quantum_circuits\ame43\monomial_full__sup023_P201_ph022\graph_state_direct_basis.qpy,C:\Users\szymon\QuditsOnQubits\QuditsOnQubits\basis_direct_encoding_benchmarks\quantum_circuits\ame43\monomial_full__sup023_P201_ph022\graph_state_direct_basis_transpiled.qpy,,C:\Users\szymon\QuditsOnQubits\QuditsOnQubits\basis_direct_encoding_benchmarks\quantum_circuits\ame43\monomial_full__sup023_P201_ph022\E.npy
direct_basis_encoding,ame43,ame43,ame43,ame43,4,4,8,sup023_P201_ph100,monomial,monomial_full,sup023_P201_ph100,False,True,101,226,327,157,,,1.448432,True,False,ok,,Converted from legacy E_new 4x3 isometry candidate.; Fidelity skipped because transpiled circuit has 128 qubits.,157,182.7,16.12,327,348.3,101,107.9,128,"{'sx': 118, 'cz': 98, 'rz': 68, 'rx': 40, 'rzz': 3}",10,10,0,C:\Users\szymon\QuditsOnQubits\QuditsOnQubits\basis_direct_encoding_benchmarks\quantum_circuits\ame43\monomial_full__sup023_P201_ph100,C:\Users\szymon\QuditsOnQubits\QuditsOnQubits\basis_direct_encoding_benchmarks\quantum_circuits\ame43\monomial_full__sup023_P201_ph100\F3_W.qpy,C:\Users\szymon\QuditsOnQubits\QuditsOnQubits\basis_direct_encoding_benchmarks\quantum_circuits\ame43\monomial_full__sup023_P201_ph100\CZ3_W.qpy,C:\Users\szymon\QuditsOnQubits\QuditsOnQubits\basis_direct_encoding_benchmarks\quantum_circuits\ame43\monomial_full__sup023_P201_ph100\graph_state_direct_basis.qpy,C:\Users\szymon\QuditsOnQubits\QuditsOnQubits\basis_direct_encoding_benchmarks\quantum_circuits\ame43\monomial_full__sup023_P201_ph100\graph_state_direct_basis_transpiled.qpy,,C:\Users\szymon\QuditsOnQubits\QuditsOnQubits\basis_direct_encoding_benchmarks\quantum_circuits\ame43\monomial_full__sup023_P201_ph100\E.npy
direct_basis_encoding,ame43,ame43,ame43,ame43,4,4,8,sup023_P201_ph101,monomial,monomial_full,sup023_P201_ph101,False,True,101,228,329,158,,,1.249862,True,False,ok,,Converted from legacy E_new 4x3 isometry candidate.; Fidelity skipped because transpiled circuit has 128 qubits.,158,183.6,16.02,329,348.9,101,107.9,128,"{'sx': 118, 'cz': 98, 'rz': 70, 'rx': 40, 'rzz': 3}",10,10,0,C:\Users\szymon\QuditsOnQubits\QuditsOnQubits\basis_direct_encoding_benchmarks\quantum_circuits\ame43\monomial_full__sup023_P201_ph101,C:\Users\szymon\QuditsOnQubits\QuditsOnQubits\basis_direct_encoding_benchmarks\quantum_circuits\ame43\monomial_full__sup023_P201_ph101\F3_W.qpy,C:\Users\szymon\QuditsOnQubits\QuditsOnQubits\basis_direct_encoding_benchmarks\quantum_circuits\ame43\monomial_full__sup023_P201_ph101\CZ3_W.qpy,C:\Users\szymon\QuditsOnQubits\QuditsOnQubits\basis_direct_encoding_benchmarks\quantum_circuits\ame43\monomial_full__sup023_P201_ph101\graph_state_direct_basis.qpy,C:\Users\szymon\QuditsOnQubits\QuditsOnQubits\basis_direct_encoding_benchmarks\quantum_circuits\ame43\monomial_full__sup023_P201_ph101\graph_state_direct_basis_transpiled.qpy,,C:\Users\szymon\QuditsOnQubits\QuditsOnQubits\basis_direct_encoding_benchmarks\quantum_circuits\ame43\monomial_full__sup023_P201_ph101\E.npy
direct_basis_encoding,ame43,ame43,ame43,ame43,4,4,8,sup023_P201_ph102,monomial,monomial_full,sup023_P201_ph102,False,True,101,221,322,157,,,1.346277,True,False,ok,,Converted from legacy E_new 4x3 isometry candidate.; Fidelity skipped because transpiled circuit has 128 qubits.,157,182.7,16.12,322,341.9,101,107.9,128,"{'sx': 118, 'cz': 98, 'rz': 63, 'rx': 40, 'rzz': 3}",10,10,0,C:\Users\szymon\QuditsOnQubits\QuditsOnQubits\basis_direct_encoding_benchmarks\quantum_circuits\ame43\monomial_full__sup023_P201_ph102,C:\Users\szymon\QuditsOnQubits\QuditsOnQubits\basis_direct_encoding_benchmarks\quantum_circuits\ame43\monomial_full__sup023_P201_ph102\F3_W.qpy,C:\Users\szymon\QuditsOnQubits\QuditsOnQubits\basis_direct_encoding_benchmarks\quantum_circuits\ame43\monomial_full__sup023_P201_ph102\CZ3_W.qpy,C:\Users\szymon\QuditsOnQubits\QuditsOnQubits\basis_direct_encoding_benchmarks\quantum_circuits\ame43\monomial_full__sup023_P201_ph102\graph_state_direct_basis.qpy,C:\Users\szymon\QuditsOnQubits\QuditsOnQubits\basis_direct_encoding_benchmarks\quantum_circuits\ame43\monomial_full__sup023_P201_ph102\graph_state_direct_basis_transpiled.qpy,,C:\Users\szymon\QuditsOnQubits\QuditsOnQubits\basis_direct_encoding_benchmarks\quantum_circuits\ame43\monomial_full__sup023_P201_ph102\E.npy
direct_basis_encoding,ame43,ame43,ame43,ame43,4,4,8,sup023_P201_ph110,monomial,monomial_full,sup023_P201_ph110,False,True,101,227,328,158,,,1.395602,True,False,ok,,Converted from legacy E_new 4x3 isometry candidate.; Fidelity skipped because transpiled circuit has 128 qubits.,158,183.6,16.02,328,348.7,101,107.9,128,"{'sx': 118, 'cz': 98, 'rz': 69, 'rx': 40, 'rzz': 3}",10,10,0,C:\Users\szymon\QuditsOnQubits\QuditsOnQubits\basis_direct_encoding_benchmarks\quantum_circuits\ame43\monomial_full__sup023_P201_ph110,C:\Users\szymon\QuditsOnQubits\QuditsOnQubits\basis_direct_encoding_benchmarks\quantum_circuits\ame43\monomial_full__sup023_P201_ph110\F3_W.qpy,C:\Users\szymon\QuditsOnQubits\QuditsOnQubits\basis_direct_encoding_benchmarks\quantum_circuits\ame43\monomial_full__sup023_P201_ph110\CZ3_W.qpy,C:\Users\szymon\QuditsOnQubits\QuditsOnQubits\basis_direct_encoding_benchmarks\quantum_circuits\ame43\monomial_full__sup023_P201_ph110\graph_state_direct_basis.qpy,C:\Users\szymon\QuditsOnQubits\QuditsOnQubits\basis_direct_encoding_benchmarks\quantum_circuits\ame43\monomial_full__sup023_P201_ph110\graph_state_direct_basis_transpiled.qpy,,C:\Users\szymon\QuditsOnQubits\QuditsOnQubits\basis_direct_encoding_benchmarks\quantum_circuits\ame43\monomial_full__sup023_P201_ph110\E.npy
direct_basis_encoding,ame43,ame43,ame43,ame43,4,4,8,sup023_P201_ph111,monomial,monomial_full,sup023_P201_ph111,False,True,101,225,326,157,,,1.62116,True,False,ok,,Converted from legacy E_new 4x3 isometry candidate.; Fidelity skipped because transpiled circuit has 128 qubits.,157,182.7,16.12,326,346.7,101,107.9,128,"{'sx': 118, 'cz': 98, 'rz': 67, 'rx': 40, 'rzz': 3}",10,10,0,C:\Users\szymon\QuditsOnQubits\QuditsOnQubits\basis_direct_encoding_benchmarks\quantum_circuits\ame43\monomial_full__sup023_P201_ph111,C:\Users\szymon\QuditsOnQubits\QuditsOnQubits\basis_direct_encoding_benchmarks\quantum_circuits\ame43\monomial_full__sup023_P201_ph111\F3_W.qpy,C:\Users\szymon\QuditsOnQubits\QuditsOnQubits\basis_direct_encoding_benchmarks\quantum_circuits\ame43\monomial_full__sup023_P201_ph111\CZ3_W.qpy,C:\Users\szymon\QuditsOnQubits\QuditsOnQubits\basis_direct_encoding_benchmarks\quantum_circuits\ame43\monomial_full__sup023_P201_ph111\graph_state_direct_basis.qpy,C:\Users\szymon\QuditsOnQubits\QuditsOnQubits\basis_direct_encoding_benchmarks\quantum_circuits\ame43\monomial_full__sup023_P201_ph111\graph_state_direct_basis_transpiled.qpy,,C:\Users\szymon\QuditsOnQubits\QuditsOnQubits\basis_direct_encoding_benchmarks\quantum_circuits\ame43\monomial_full__sup023_P201_ph111\E.npy
direct_basis_encoding,ame43,ame43,ame43,ame43,4,4,8,sup023_P201_ph112,monomial,monomial_full,sup023_P201_ph112,False,True,101,220,321,157,,,1.539625,True,False,ok,,Converted from legacy E_new 4x3 isometry candidate.; Fidelity skipped because transpiled circuit has 128 qubits.,157,182.7,16.12,321,341.7,101,107.9,128,"{'sx': 118, 'cz': 98, 'rz': 62, 'rx': 40, 'rzz': 3}",10,10,0,C:\Users\szymon\QuditsOnQubits\QuditsOnQubits\basis_direct_encoding_benchmarks\quantum_circuits\ame43\monomial_full__sup023_P201_ph112,C:\Users\szymon\QuditsOnQubits\QuditsOnQubits\basis_direct_encoding_benchmarks\quantum_circuits\ame43\monomial_full__sup023_P201_ph112\F3_W.qpy,C:\Users\szymon\QuditsOnQubits\QuditsOnQubits\basis_direct_encoding_benchmarks\quantum_circuits\ame43\monomial_full__sup023_P201_ph112\CZ3_W.qpy,C:\Users\szymon\QuditsOnQubits\QuditsOnQubits\basis_direct_encoding_benchmarks\quantum_circuits\ame43\monomial_full__sup023_P201_ph112\graph_state_direct_basis.qpy,C:\Users\szymon\QuditsOnQubits\QuditsOnQubits\basis_direct_encoding_benchmarks\quantum_circuits\ame43\monomial_full__sup023_P201_ph112\graph_state_direct_basis_transpiled.qpy,,C:\Users\szymon\QuditsOnQubits\QuditsOnQubits\basis_direct_encoding_benchmarks\quantum_circuits\ame43\monomial_full__sup023_P201_ph112\E.npy
direct_basis_encoding,ame43,ame43,ame43,ame43,4,4,8,sup023_P201_ph120,monomial,monomial_full,sup023_P201_ph120,False,True,101,227,328,158,,,1.435157,True,False,ok,,Converted from legacy E_new 4x3 isometry candidate.; Fidelity skipped because transpiled circuit has 128 qubits.,158,183.0,15.88,328,348.3,101,107.9,128,"{'sx': 118, 'cz': 98, 'rz': 69, 'rx': 40, 'rzz': 3}",10,10,0,C:\Users\szymon\QuditsOnQubits\QuditsOnQubits\basis_direct_encoding_benchmarks\quantum_circuits\ame43\monomial_full__sup023_P201_ph120,C:\Users\szymon\QuditsOnQubits\QuditsOnQubits\basis_direct_encoding_benchmarks\quantum_circuits\ame43\monomial_full__sup023_P201_ph120\F3_W.qpy,C:\Users\szymon\QuditsOnQubits\QuditsOnQubits\basis_direct_encoding_benchmarks\quantum_circuits\ame43\monomial_full__sup023_P201_ph120\CZ3_W.qpy,C:\Users\szymon\QuditsOnQubits\QuditsOnQubits\basis_direct_encoding_benchmarks\quantum_circuits\ame43\monomial_full__sup023_P201_ph120\graph_state_direct_basis.qpy,C:\Users\szymon\QuditsOnQubits\QuditsOnQubits\basis_direct_encoding_benchmarks\quantum_circuits\ame43\monomial_full__sup023_P201_ph120\graph_state_direct_basis_transpiled.qpy,,C:\Users\szymon\QuditsOnQubits\QuditsOnQubits\basis_direct_encoding_benchmarks\quantum_circuits\ame43\monomial_full__sup023_P201_ph120\E.npy
direct_basis_encoding,ame43,ame43,ame43,ame43,4,4,8,sup023_P201_ph121,monomial,monomial_full,sup023_P201_ph121,False,True,101,226,327,158,,,1.574636,True,False,ok,,Converted from legacy E_new 4x3 isometry candidate.; Fidelity skipped because transpiled circuit has 128 qubits.,158,183.0,15.88,327,347.8,101,107.9,128,"{'sx': 118, 'cz': 98, 'rz': 69, 'rx': 39, 'rzz': 3}",10,10,0,C:\Users\szymon\QuditsOnQubits\QuditsOnQubits\basis_direct_encoding_benchmarks\quantum_circuits\ame43\monomial_full__sup023_P201_ph121,C:\Users\szymon\QuditsOnQubits\QuditsOnQubits\basis_direct_encoding_benchmarks\quantum_circuits\ame43\monomial_full__sup023_P201_ph121\F3_W.qpy,C:\Users\szymon\QuditsOnQubits\QuditsOnQubits\basis_direct_encoding_benchmarks\quantum_circuits\ame43\monomial_full__sup023_P201_ph121\CZ3_W.qpy,C:\Users\szymon\QuditsOnQubits\QuditsOnQubits\basis_direct_encoding_benchmarks\quantum_circuits\ame43\monomial_full__sup023_P201_ph121\graph_state_direct_basis.qpy,C:\Users\szymon\QuditsOnQubits\QuditsOnQubits\basis_direct_encoding_benchmarks\quantum_circuits\ame43\monomial_full__sup023_P201_ph121\graph_state_direct_basis_transpiled.qpy,,C:\Users\szymon\QuditsOnQubits\QuditsOnQubits\basis_direct_encoding_benchmarks\quantum_circuits\ame43\monomial_full__sup023_P201_ph121\E.npy
direct_basis_encoding,ame43,ame43,ame43,ame43,4,4,8,sup023_P201_ph122,monomial,monomial_full,sup023_P201_ph122,False,True,101,218,319,156,,,1.164681,True,False,ok,,Converted from legacy E_new 4x3 isometry candidate.; Fidelity skipped because transpiled circuit has 128 qubits.,156,181.2,16.08,319,340.2,101,107.9,128,"{'sx': 118, 'cz': 98, 'rz': 60, 'rx': 40, 'rzz': 3}",10,10,0,C:\Users\szymon\QuditsOnQubits\QuditsOnQubits\basis_direct_encoding_benchmarks\quantum_circuits\ame43\monomial_full__sup023_P201_ph122,C:\Users\szymon\QuditsOnQubits\QuditsOnQubits\basis_direct_encoding_benchmarks\quantum_circuits\ame43\monomial_full__sup023_P201_ph122\F3_W.qpy,C:\Users\szymon\QuditsOnQubits\QuditsOnQubits\basis_direct_encoding_benchmarks\quantum_circuits\ame43\monomial_full__sup023_P201_ph122\CZ3_W.qpy,C:\Users\szymon\QuditsOnQubits\QuditsOnQubits\basis_direct_encoding_benchmarks\quantum_circuits\ame43\monomial_full__sup023_P201_ph122\graph_state_direct_basis.qpy,C:\Users\szymon\QuditsOnQubits\QuditsOnQubits\basis_direct_encoding_benchmarks\quantum_circuits\ame43\monomial_full__sup023_P201_ph122\graph_state_direct_basis_transpiled.qpy,,C:\Users\szymon\QuditsOnQubits\QuditsOnQubits\basis_direct_encoding_benchmarks\quantum_circuits\ame43\monomial_full__sup023_P201_ph122\E.npy
direct_basis_encoding,ame43,ame43,ame43,ame43,4,4,8,sup023_P201_ph200,monomial,monomial_full,sup023_P201_ph200,False,True,101,226,327,157,,,1.304469,True,False,ok,,Converted from legacy E_new 4x3 isometry candidate.; Fidelity skipped because transpiled circuit has 128 qubits.,157,182.7,16.12,327,347.8,101,107.9,128,"{'sx': 118, 'cz': 98, 'rz': 68, 'rx': 40, 'rzz': 3}",10,10,0,C:\Users\szymon\QuditsOnQubits\QuditsOnQubits\basis_direct_encoding_benchmarks\quantum_circuits\ame43\monomial_full__sup023_P201_ph200,C:\Users\szymon\QuditsOnQubits\QuditsOnQubits\basis_direct_encoding_benchmarks\quantum_circuits\ame43\monomial_full__sup023_P201_ph200\F3_W.qpy,C:\Users\szymon\QuditsOnQubits\QuditsOnQubits\basis_direct_encoding_benchmarks\quantum_circuits\ame43\monomial_full__sup023_P201_ph200\CZ3_W.qpy,C:\Users\szymon\QuditsOnQubits\QuditsOnQubits\basis_direct_encoding_benchmarks\quantum_circuits\ame43\monomial_full__sup023_P201_ph200\graph_state_direct_basis.qpy,C:\Users\szymon\QuditsOnQubits\QuditsOnQubits\basis_direct_encoding_benchmarks\quantum_circuits\ame43\monomial_full__sup023_P201_ph200\graph_state_direct_basis_transpiled.qpy,,C:\Users\szymon\QuditsOnQubits\QuditsOnQubits\basis_direct_encoding_benchmarks\quantum_circuits\ame43\monomial_full__sup023_P201_ph200\E.npy
direct_basis_encoding,ame43,ame43,ame43,ame43,4,4,8,sup023_P201_ph201,monomial,monomial_full,sup023_P201_ph201,False,True,101,221,322,157,,,1.278748,True,False,ok,,Converted from legacy E_new 4x3 isometry candidate.; Fidelity skipped because transpiled circuit has 128 qubits.,157,182.7,16.12,322,342.3,101,107.9,128,"{'sx': 118, 'cz': 98, 'rz': 63, 'rx': 40, 'rzz': 3}",10,10,0,C:\Users\szymon\QuditsOnQubits\QuditsOnQubits\basis_direct_encoding_benchmarks\quantum_circuits\ame43\monomial_full__sup023_P201_ph201,C:\Users\szymon\QuditsOnQubits\QuditsOnQubits\basis_direct_encoding_benchmarks\quantum_circuits\ame43\monomial_full__sup023_P201_ph201\F3_W.qpy,C:\Users\szymon\QuditsOnQubits\QuditsOnQubits\basis_direct_encoding_benchmarks\quantum_circuits\ame43\monomial_full__sup023_P201_ph201\CZ3_W.qpy,C:\Users\szymon\QuditsOnQubits\QuditsOnQubits\basis_direct_encoding_benchmarks\quantum_circuits\ame43\monomial_full__sup023_P201_ph201\graph_state_direct_basis.qpy,C:\Users\szymon\QuditsOnQubits\QuditsOnQubits\basis_direct_encoding_benchmarks\quantum_circuits\ame43\monomial_full__sup023_P201_ph201\graph_state_direct_basis_transpiled.qpy,,C:\Users\szymon\QuditsOnQubits\QuditsOnQubits\basis_direct_encoding_benchmarks\quantum_circuits\ame43\monomial_full__sup023_P201_ph201\E.npy
direct_basis_encoding,ame43,ame43,ame43,ame43,4,4,8,sup023_P201_ph202,monomial,monomial_full,sup023_P201_ph202,False,True,101,228,329,158,,,1.485619,True,False,ok,,Converted from legacy E_new 4x3 isometry candidate.; Fidelity skipped because transpiled circuit has 128 qubits.,158,183.6,16.02,329,348.9,101,107.9,128,"{'sx': 118, 'cz': 98, 'rz': 70, 'rx': 40, 'rzz': 3}",10,10,0,C:\Users\szymon\QuditsOnQubits\QuditsOnQubits\basis_direct_encoding_benchmarks\quantum_circuits\ame43\monomial_full__sup023_P201_ph202,C:\Users\szymon\QuditsOnQubits\QuditsOnQubits\basis_direct_encoding_benchmarks\quantum_circuits\ame43\monomial_full__sup023_P201_ph202\F3_W.qpy,C:\Users\szymon\QuditsOnQubits\QuditsOnQubits\basis_direct_encoding_benchmarks\quantum_circuits\ame43\monomial_full__sup023_P201_ph202\CZ3_W.qpy,C:\Users\szymon\QuditsOnQubits\QuditsOnQubits\basis_direct_encoding_benchmarks\quantum_circuits\ame43\monomial_full__sup023_P201_ph202\graph_state_direct_basis.qpy,C:\Users\szymon\QuditsOnQubits\QuditsOnQubits\basis_direct_encoding_benchmarks\quantum_circuits\ame43\monomial_full__sup023_P201_ph202\graph_state_direct_basis_transpiled.qpy,,C:\Users\szymon\QuditsOnQubits\QuditsOnQubits\basis_direct_encoding_benchmarks\quantum_circuits\ame43\monomial_full__sup023_P201_ph202\E.npy
direct_basis_encoding,ame43,ame43,ame43,ame43,4,4,8,sup023_P201_ph210,monomial,monomial_full,sup023_P201_ph210,False,True,101,227,328,158,,,1.564793,True,False,ok,,Converted from legacy E_new 4x3 isometry candidate.; Fidelity skipped because transpiled circuit has 128 qubits.,158,183.0,15.88,328,348.3,101,107.9,128,"{'sx': 118, 'cz': 98, 'rz': 69, 'rx': 40, 'rzz': 3}",10,10,0,C:\Users\szymon\QuditsOnQubits\QuditsOnQubits\basis_direct_encoding_benchmarks\quantum_circuits\ame43\monomial_full__sup023_P201_ph210,C:\Users\szymon\QuditsOnQubits\QuditsOnQubits\basis_direct_encoding_benchmarks\quantum_circuits\ame43\monomial_full__sup023_P201_ph210\F3_W.qpy,C:\Users\szymon\QuditsOnQubits\QuditsOnQubits\basis_direct_encoding_benchmarks\quantum_circuits\ame43\monomial_full__sup023_P201_ph210\CZ3_W.qpy,C:\Users\szymon\QuditsOnQubits\QuditsOnQubits\basis_direct_encoding_benchmarks\quantum_circuits\ame43\monomial_full__sup023_P201_ph210\graph_state_direct_basis.qpy,C:\Users\szymon\QuditsOnQubits\QuditsOnQubits\basis_direct_encoding_benchmarks\quantum_circuits\ame43\monomial_full__sup023_P201_ph210\graph_state_direct_basis_transpiled.qpy,,C:\Users\szymon\QuditsOnQubits\QuditsOnQubits\basis_direct_encoding_benchmarks\quantum_circuits\ame43\monomial_full__sup023_P201_ph210\E.npy
direct_basis_encoding,ame43,ame43,ame43,ame43,4,4,8,sup023_P201_ph211,monomial,monomial_full,sup023_P201_ph211,False,True,101,218,319,156,,,1.281242,True,False,ok,,Converted from legacy E_new 4x3 isometry candidate.; Fidelity skipped because transpiled circuit has 128 qubits.,156,181.2,16.08,319,339.8,101,107.9,128,"{'sx': 118, 'cz': 98, 'rz': 60, 'rx': 40, 'rzz': 3}",10,10,0,C:\Users\szymon\QuditsOnQubits\QuditsOnQubits\basis_direct_encoding_benchmarks\quantum_circuits\ame43\monomial_full__sup023_P201_ph211,C:\Users\szymon\QuditsOnQubits\QuditsOnQubits\basis_direct_encoding_benchmarks\quantum_circuits\ame43\monomial_full__sup023_P201_ph211\F3_W.qpy,C:\Users\szymon\QuditsOnQubits\QuditsOnQubits\basis_direct_encoding_benchmarks\quantum_circuits\ame43\monomial_full__sup023_P201_ph211\CZ3_W.qpy,C:\Users\szymon\QuditsOnQubits\QuditsOnQubits\basis_direct_encoding_benchmarks\quantum_circuits\ame43\monomial_full__sup023_P201_ph211\graph_state_direct_basis.qpy,C:\Users\szymon\QuditsOnQubits\QuditsOnQubits\basis_direct_encoding_benchmarks\quantum_circuits\ame43\monomial_full__sup023_P201_ph211\graph_state_direct_basis_transpiled.qpy,,C:\Users\szymon\QuditsOnQubits\QuditsOnQubits\basis_direct_encoding_benchmarks\quantum_circuits\ame43\monomial_full__sup023_P201_ph211\E.npy
direct_basis_encoding,ame43,ame43,ame43,ame43,4,4,8,sup023_P201_ph212,monomial,monomial_full,sup023_P201_ph212,False,True,101,226,327,158,,,1.548606,True,False,ok,,Converted from legacy E_new 4x3 isometry candidate.; Fidelity skipped because transpiled circuit has 128 qubits.,158,183.0,15.88,327,347.8,101,107.9,128,"{'sx': 118, 'cz': 98, 'rz': 69, 'rx': 39, 'rzz': 3}",10,10,0,C:\Users\szymon\QuditsOnQubits\QuditsOnQubits\basis_direct_encoding_benchmarks\quantum_circuits\ame43\monomial_full__sup023_P201_ph212,C:\Users\szymon\QuditsOnQubits\QuditsOnQubits\basis_direct_encoding_benchmarks\quantum_circuits\ame43\monomial_full__sup023_P201_ph212\F3_W.qpy,C:\Users\szymon\QuditsOnQubits\QuditsOnQubits\basis_direct_encoding_benchmarks\quantum_circuits\ame43\monomial_full__sup023_P201_ph212\CZ3_W.qpy,C:\Users\szymon\QuditsOnQubits\QuditsOnQubits\basis_direct_encoding_benchmarks\quantum_circuits\ame43\monomial_full__sup023_P201_ph212\graph_state_direct_basis.qpy,C:\Users\szymon\QuditsOnQubits\QuditsOnQubits\basis_direct_encoding_benchmarks\quantum_circuits\ame43\monomial_full__sup023_P201_ph212\graph_state_direct_basis_transpiled.qpy,,C:\Users\szymon\QuditsOnQubits\QuditsOnQubits\basis_direct_encoding_benchmarks\quantum_circuits\ame43\monomial_full__sup023_P201_ph212\E.npy
direct_basis_encoding,ame43,ame43,ame43,ame43,4,4,8,sup023_P201_ph220,monomial,monomial_full,sup023_P201_ph220,False,True,101,227,328,158,,,1.312107,True,False,ok,,Converted from legacy E_new 4x3 isometry candidate.; Fidelity skipped because transpiled circuit has 128 qubits.,158,183.6,16.02,328,348.2,101,107.9,128,"{'sx': 118, 'cz': 98, 'rz': 69, 'rx': 40, 'rzz': 3}",10,10,0,C:\Users\szymon\QuditsOnQubits\QuditsOnQubits\basis_direct_encoding_benchmarks\quantum_circuits\ame43\monomial_full__sup023_P201_ph220,C:\Users\szymon\QuditsOnQubits\QuditsOnQubits\basis_direct_encoding_benchmarks\quantum_circuits\ame43\monomial_full__sup023_P201_ph220\F3_W.qpy,C:\Users\szymon\QuditsOnQubits\QuditsOnQubits\basis_direct_encoding_benchmarks\quantum_circuits\ame43\monomial_full__sup023_P201_ph220\CZ3_W.qpy,C:\Users\szymon\QuditsOnQubits\QuditsOnQubits\basis_direct_encoding_benchmarks\quantum_circuits\ame43\monomial_full__sup023_P201_ph220\graph_state_direct_basis.qpy,C:\Users\szymon\QuditsOnQubits\QuditsOnQubits\basis_direct_encoding_benchmarks\quantum_circuits\ame43\monomial_full__sup023_P201_ph220\graph_state_direct_basis_transpiled.qpy,,C:\Users\szymon\QuditsOnQubits\QuditsOnQubits\basis_direct_encoding_benchmarks\quantum_circuits\ame43\monomial_full__sup023_P201_ph220\E.npy
direct_basis_encoding,ame43,ame43,ame43,ame43,4,4,8,sup023_P201_ph221,monomial,monomial_full,sup023_P201_ph221,False,True,101,220,321,157,,,1.57839,True,False,ok,,Converted from legacy E_new 4x3 isometry candidate.; Fidelity skipped because transpiled circuit has 128 qubits.,157,182.7,16.12,321,341.2,101,107.9,128,"{'sx': 118, 'cz': 98, 'rz': 62, 'rx': 40, 'rzz': 3}",10,10,0,C:\Users\szymon\QuditsOnQubits\QuditsOnQubits\basis_direct_encoding_benchmarks\quantum_circuits\ame43\monomial_full__sup023_P201_ph221,C:\Users\szymon\QuditsOnQubits\QuditsOnQubits\basis_direct_encoding_benchmarks\quantum_circuits\ame43\monomial_full__sup023_P201_ph221\F3_W.qpy,C:\Users\szymon\QuditsOnQubits\QuditsOnQubits\basis_direct_encoding_benchmarks\quantum_circuits\ame43\monomial_full__sup023_P201_ph221\CZ3_W.qpy,C:\Users\szymon\QuditsOnQubits\QuditsOnQubits\basis_direct_encoding_benchmarks\quantum_circuits\ame43\monomial_full__sup023_P201_ph221\graph_state_direct_basis.qpy,C:\Users\szymon\QuditsOnQubits\QuditsOnQubits\basis_direct_encoding_benchmarks\quantum_circuits\ame43\monomial_full__sup023_P201_ph221\graph_state_direct_basis_transpiled.qpy,,C:\Users\szymon\QuditsOnQubits\QuditsOnQubits\basis_direct_encoding_benchmarks\quantum_circuits\ame43\monomial_full__sup023_P201_ph221\E.npy
direct_basis_encoding,ame43,ame43,ame43,ame43,4,4,8,sup023_P201_ph222,monomial,monomial_full,sup023_P201_ph222,False,True,101,225,326,157,,,1.048622,True,False,ok,,Converted from legacy E_new 4x3 isometry candidate.; Fidelity skipped because transpiled circuit has 128 qubits.,157,182.7,16.12,326,346.7,101,107.9,128,"{'sx': 118, 'cz': 98, 'rz': 67, 'rx': 40, 'rzz': 3}",10,10,0,C:\Users\szymon\QuditsOnQubits\QuditsOnQubits\basis_direct_encoding_benchmarks\quantum_circuits\ame43\monomial_full__sup023_P201_ph222,C:\Users\szymon\QuditsOnQubits\QuditsOnQubits\basis_direct_encoding_benchmarks\quantum_circuits\ame43\monomial_full__sup023_P201_ph222\F3_W.qpy,C:\Users\szymon\QuditsOnQubits\QuditsOnQubits\basis_direct_encoding_benchmarks\quantum_circuits\ame43\monomial_full__sup023_P201_ph222\CZ3_W.qpy,C:\Users\szymon\QuditsOnQubits\QuditsOnQubits\basis_direct_encoding_benchmarks\quantum_circuits\ame43\monomial_full__sup023_P201_ph222\graph_state_direct_basis.qpy,C:\Users\szymon\QuditsOnQubits\QuditsOnQubits\basis_direct_encoding_benchmarks\quantum_circuits\ame43\monomial_full__sup023_P201_ph222\graph_state_direct_basis_transpiled.qpy,,C:\Users\szymon\QuditsOnQubits\QuditsOnQubits\basis_direct_encoding_benchmarks\quantum_circuits\ame43\monomial_full__sup023_P201_ph222\E.npy
direct_basis_encoding,ame43,ame43,ame43,ame43,4,4,8,sup023_P210_ph000,monomial,monomial_full,sup023_P210_ph000,False,True,86,192,278,181,,,1.43479,True,False,ok,,Converted from legacy E_new 4x3 isometry candidate.; Fidelity skipped because transpiled circuit has 128 qubits.,181,209.7,12.22,278,324.0,86,100.5,128,"{'cz': 70, 'sx': 69, 'rz': 66, 'rx': 57, 'rzz': 16}",10,10,0,C:\Users\szymon\QuditsOnQubits\QuditsOnQubits\basis_direct_encoding_benchmarks\quantum_circuits\ame43\monomial_full__sup023_P210_ph000,C:\Users\szymon\QuditsOnQubits\QuditsOnQubits\basis_direct_encoding_benchmarks\quantum_circuits\ame43\monomial_full__sup023_P210_ph000\F3_W.qpy,C:\Users\szymon\QuditsOnQubits\QuditsOnQubits\basis_direct_encoding_benchmarks\quantum_circuits\ame43\monomial_full__sup023_P210_ph000\CZ3_W.qpy,C:\Users\szymon\QuditsOnQubits\QuditsOnQubits\basis_direct_encoding_benchmarks\quantum_circuits\ame43\monomial_full__sup023_P210_ph000\graph_state_direct_basis.qpy,C:\Users\szymon\QuditsOnQubits\QuditsOnQubits\basis_direct_encoding_benchmarks\quantum_circuits\ame43\monomial_full__sup023_P210_ph000\graph_state_direct_basis_transpiled.qpy,,C:\Users\szymon\QuditsOnQubits\QuditsOnQubits\basis_direct_encoding_benchmarks\quantum_circuits\ame43\monomial_full__sup023_P210_ph000\E.npy
direct_basis_encoding,ame43,ame43,ame43,ame43,4,4,8,sup023_P210_ph001,monomial,monomial_full,sup023_P210_ph001,False,True,86,206,292,185,,,1.380928,True,False,ok,,Converted from legacy E_new 4x3 isometry candidate.; Fidelity skipped because transpiled circuit has 128 qubits.,185,211.0,11.53,292,334.2,86,100.5,128,"{'rz': 79, 'cz': 70, 'sx': 69, 'rx': 58, 'rzz': 16}",10,10,0,C:\Users\szymon\QuditsOnQubits\QuditsOnQubits\basis_direct_encoding_benchmarks\quantum_circuits\ame43\monomial_full__sup023_P210_ph001,C:\Users\szymon\QuditsOnQubits\QuditsOnQubits\basis_direct_encoding_benchmarks\quantum_circuits\ame43\monomial_full__sup023_P210_ph001\F3_W.qpy,C:\Users\szymon\QuditsOnQubits\QuditsOnQubits\basis_direct_encoding_benchmarks\quantum_circuits\ame43\monomial_full__sup023_P210_ph001\CZ3_W.qpy,C:\Users\szymon\QuditsOnQubits\QuditsOnQubits\basis_direct_encoding_benchmarks\quantum_circuits\ame43\monomial_full__sup023_P210_ph001\graph_state_direct_basis.qpy,C:\Users\szymon\QuditsOnQubits\QuditsOnQubits\basis_direct_encoding_benchmarks\quantum_circuits\ame43\monomial_full__sup023_P210_ph001\graph_state_direct_basis_transpiled.qpy,,C:\Users\szymon\QuditsOnQubits\QuditsOnQubits\basis_direct_encoding_benchmarks\quantum_circuits\ame43\monomial_full__sup023_P210_ph001\E.npy
direct_basis_encoding,ame43,ame43,ame43,ame43,4,4,8,sup023_P210_ph002,monomial,monomial_full,sup023_P210_ph002,False,True,86,203,289,185,,,1.46267,True,False,ok,,Converted from legacy E_new 4x3 isometry candidate.; Fidelity skipped because transpiled circuit has 128 qubits.,185,211.0,11.53,289,334.7,86,100.5,128,"{'rz': 77, 'cz': 70, 'sx': 69, 'rx': 57, 'rzz': 16}",10,10,0,C:\Users\szymon\QuditsOnQubits\QuditsOnQubits\basis_direct_encoding_benchmarks\quantum_circuits\ame43\monomial_full__sup023_P210_ph002,C:\Users\szymon\QuditsOnQubits\QuditsOnQubits\basis_direct_encoding_benchmarks\quantum_circuits\ame43\monomial_full__sup023_P210_ph002\F3_W.qpy,C:\Users\szymon\QuditsOnQubits\QuditsOnQubits\basis_direct_encoding_benchmarks\quantum_circuits\ame43\monomial_full__sup023_P210_ph002\CZ3_W.qpy,C:\Users\szymon\QuditsOnQubits\QuditsOnQubits\basis_direct_encoding_benchmarks\quantum_circuits\ame43\monomial_full__sup023_P210_ph002\graph_state_direct_basis.qpy,C:\Users\szymon\QuditsOnQubits\QuditsOnQubits\basis_direct_encoding_benchmarks\quantum_circuits\ame43\monomial_full__sup023_P210_ph002\graph_state_direct_basis_transpiled.qpy,,C:\Users\szymon\QuditsOnQubits\QuditsOnQubits\basis_direct_encoding_benchmarks\quantum_circuits\ame43\monomial_full__sup023_P210_ph002\E.npy
direct_basis_encoding,ame43,ame43,ame43,ame43,4,4,8,sup023_P210_ph010,monomial,monomial_full,sup023_P210_ph010,False,True,86,199,285,183,,,1.503976,True,False,ok,,Converted from legacy E_new 4x3 isometry candidate.; Fidelity skipped because transpiled circuit has 128 qubits.,183,210.7,11.93,285,328.9,86,100.5,128,"{'rz': 73, 'cz': 70, 'sx': 69, 'rx': 57, 'rzz': 16}",10,10,0,C:\Users\szymon\QuditsOnQubits\QuditsOnQubits\basis_direct_encoding_benchmarks\quantum_circuits\ame43\monomial_full__sup023_P210_ph010,C:\Users\szymon\QuditsOnQubits\QuditsOnQubits\basis_direct_encoding_benchmarks\quantum_circuits\ame43\monomial_full__sup023_P210_ph010\F3_W.qpy,C:\Users\szymon\QuditsOnQubits\QuditsOnQubits\basis_direct_encoding_benchmarks\quantum_circuits\ame43\monomial_full__sup023_P210_ph010\CZ3_W.qpy,C:\Users\szymon\QuditsOnQubits\QuditsOnQubits\basis_direct_encoding_benchmarks\quantum_circuits\ame43\monomial_full__sup023_P210_ph010\graph_state_direct_basis.qpy,C:\Users\szymon\QuditsOnQubits\QuditsOnQubits\basis_direct_encoding_benchmarks\quantum_circuits\ame43\monomial_full__sup023_P210_ph010\graph_state_direct_basis_transpiled.qpy,,C:\Users\szymon\QuditsOnQubits\QuditsOnQubits\basis_direct_encoding_benchmarks\quantum_circuits\ame43\monomial_full__sup023_P210_ph010\E.npy
direct_basis_encoding,ame43,ame43,ame43,ame43,4,4,8,sup023_P210_ph011,monomial,monomial_full,sup023_P210_ph011,False,True,86,204,290,183,,,1.550958,True,False,ok,,Converted from legacy E_new 4x3 isometry candidate.; Fidelity skipped because transpiled circuit has 128 qubits.,183,210.2,11.98,290,332.3,86,100.5,128,"{'rz': 78, 'cz': 70, 'sx': 69, 'rx': 57, 'rzz': 16}",10,10,0,C:\Users\szymon\QuditsOnQubits\QuditsOnQubits\basis_direct_encoding_benchmarks\quantum_circuits\ame43\monomial_full__sup023_P210_ph011,C:\Users\szymon\QuditsOnQubits\QuditsOnQubits\basis_direct_encoding_benchmarks\quantum_circuits\ame43\monomial_full__sup023_P210_ph011\F3_W.qpy,C:\Users\szymon\QuditsOnQubits\QuditsOnQubits\basis_direct_encoding_benchmarks\quantum_circuits\ame43\monomial_full__sup023_P210_ph011\CZ3_W.qpy,C:\Users\szymon\QuditsOnQubits\QuditsOnQubits\basis_direct_encoding_benchmarks\quantum_circuits\ame43\monomial_full__sup023_P210_ph011\graph_state_direct_basis.qpy,C:\Users\szymon\QuditsOnQubits\QuditsOnQubits\basis_direct_encoding_benchmarks\quantum_circuits\ame43\monomial_full__sup023_P210_ph011\graph_state_direct_basis_transpiled.qpy,,C:\Users\szymon\QuditsOnQubits\QuditsOnQubits\basis_direct_encoding_benchmarks\quantum_circuits\ame43\monomial_full__sup023_P210_ph011\E.npy
direct_basis_encoding,ame43,ame43,ame43,ame43,4,4,8,sup023_P210_ph012,monomial,monomial_full,sup023_P210_ph012,False,True,86,207,293,185,,,1.565284,True,False,ok,,Converted from legacy E_new 4x3 isometry candidate.; Fidelity skipped because transpiled circuit has 128 qubits.,185,211.1,11.61,293,335.2,86,100.5,128,"{'rz': 81, 'cz': 70, 'sx': 69, 'rx': 57, 'rzz': 16}",10,10,0,C:\Users\szymon\QuditsOnQubits\QuditsOnQubits\basis_direct_encoding_benchmarks\quantum_circuits\ame43\monomial_full__sup023_P210_ph012,C:\Users\szymon\QuditsOnQubits\QuditsOnQubits\basis_direct_encoding_benchmarks\quantum_circuits\ame43\monomial_full__sup023_P210_ph012\F3_W.qpy,C:\Users\szymon\QuditsOnQubits\QuditsOnQubits\basis_direct_encoding_benchmarks\quantum_circuits\ame43\monomial_full__sup023_P210_ph012\CZ3_W.qpy,C:\Users\szymon\QuditsOnQubits\QuditsOnQubits\basis_direct_encoding_benchmarks\quantum_circuits\ame43\monomial_full__sup023_P210_ph012\graph_state_direct_basis.qpy,C:\Users\szymon\QuditsOnQubits\QuditsOnQubits\basis_direct_encoding_benchmarks\quantum_circuits\ame43\monomial_full__sup023_P210_ph012\graph_state_direct_basis_transpiled.qpy,,C:\Users\szymon\QuditsOnQubits\QuditsOnQubits\basis_direct_encoding_benchmarks\quantum_circuits\ame43\monomial_full__sup023_P210_ph012\E.npy
direct_basis_encoding,ame43,ame43,ame43,ame43,4,4,8,sup023_P210_ph020,monomial,monomial_full,sup023_P210_ph020,False,True,86,201,287,183,,,1.459717,True,False,ok,,Converted from legacy E_new 4x3 isometry candidate.; Fidelity skipped because transpiled circuit has 128 qubits.,183,210.7,11.93,287,329.1,86,100.5,128,"{'rz': 74, 'cz': 70, 'sx': 69, 'rx': 58, 'rzz': 16}",10,10,0,C:\Users\szymon\QuditsOnQubits\QuditsOnQubits\basis_direct_encoding_benchmarks\quantum_circuits\ame43\monomial_full__sup023_P210_ph020,C:\Users\szymon\QuditsOnQubits\QuditsOnQubits\basis_direct_encoding_benchmarks\quantum_circuits\ame43\monomial_full__sup023_P210_ph020\F3_W.qpy,C:\Users\szymon\QuditsOnQubits\QuditsOnQubits\basis_direct_encoding_benchmarks\quantum_circuits\ame43\monomial_full__sup023_P210_ph020\CZ3_W.qpy,C:\Users\szymon\QuditsOnQubits\QuditsOnQubits\basis_direct_encoding_benchmarks\quantum_circuits\ame43\monomial_full__sup023_P210_ph020\graph_state_direct_basis.qpy,C:\Users\szymon\QuditsOnQubits\QuditsOnQubits\basis_direct_encoding_benchmarks\quantum_circuits\ame43\monomial_full__sup023_P210_ph020\graph_state_direct_basis_transpiled.qpy,,C:\Users\szymon\QuditsOnQubits\QuditsOnQubits\basis_direct_encoding_benchmarks\quantum_circuits\ame43\monomial_full__sup023_P210_ph020\E.npy
direct_basis_encoding,ame43,ame43,ame43,ame43,4,4,8,sup023_P210_ph021,monomial,monomial_full,sup023_P210_ph021,False,True,86,207,293,185,,,1.519038,True,False,ok,,Converted from legacy E_new 4x3 isometry candidate.; Fidelity skipped because transpiled circuit has 128 qubits.,185,211.1,11.61,293,336.0,86,100.5,128,"{'rz': 81, 'cz': 70, 'sx': 69, 'rx': 57, 'rzz': 16}",10,10,0,C:\Users\szymon\QuditsOnQubits\QuditsOnQubits\basis_direct_encoding_benchmarks\quantum_circuits\ame43\monomial_full__sup023_P210_ph021,C:\Users\szymon\QuditsOnQubits\QuditsOnQubits\basis_direct_encoding_benchmarks\quantum_circuits\ame43\monomial_full__sup023_P210_ph021\F3_W.qpy,C:\Users\szymon\QuditsOnQubits\QuditsOnQubits\basis_direct_encoding_benchmarks\quantum_circuits\ame43\monomial_full__sup023_P210_ph021\CZ3_W.qpy,C:\Users\szymon\QuditsOnQubits\QuditsOnQubits\basis_direct_encoding_benchmarks\quantum_circuits\ame43\monomial_full__sup023_P210_ph021\graph_state_direct_basis.qpy,C:\Users\szymon\QuditsOnQubits\QuditsOnQubits\basis_direct_encoding_benchmarks\quantum_circuits\ame43\monomial_full__sup023_P210_ph021\graph_state_direct_basis_transpiled.qpy,,C:\Users\szymon\QuditsOnQubits\QuditsOnQubits\basis_direct_encoding_benchmarks\quantum_circuits\ame43\monomial_full__sup023_P210_ph021\E.npy
direct_basis_encoding,ame43,ame43,ame43,ame43,4,4,8,sup023_P210_ph022,monomial,monomial_full,sup023_P210_ph022,False,True,86,204,290,183,,,1.530936,True,False,ok,,Converted from legacy E_new 4x3 isometry candidate.; Fidelity skipped because transpiled circuit has 128 qubits.,183,210.2,11.98,290,332.3,86,100.5,128,"{'rz': 78, 'cz': 70, 'sx': 69, 'rx': 57, 'rzz': 16}",10,10,0,C:\Users\szymon\QuditsOnQubits\QuditsOnQubits\basis_direct_encoding_benchmarks\quantum_circuits\ame43\monomial_full__sup023_P210_ph022,C:\Users\szymon\QuditsOnQubits\QuditsOnQubits\basis_direct_encoding_benchmarks\quantum_circuits\ame43\monomial_full__sup023_P210_ph022\F3_W.qpy,C:\Users\szymon\QuditsOnQubits\QuditsOnQubits\basis_direct_encoding_benchmarks\quantum_circuits\ame43\monomial_full__sup023_P210_ph022\CZ3_W.qpy,C:\Users\szymon\QuditsOnQubits\QuditsOnQubits\basis_direct_encoding_benchmarks\quantum_circuits\ame43\monomial_full__sup023_P210_ph022\graph_state_direct_basis.qpy,C:\Users\szymon\QuditsOnQubits\QuditsOnQubits\basis_direct_encoding_benchmarks\quantum_circuits\ame43\monomial_full__sup023_P210_ph022\graph_state_direct_basis_transpiled.qpy,,C:\Users\szymon\QuditsOnQubits\QuditsOnQubits\basis_direct_encoding_benchmarks\quantum_circuits\ame43\monomial_full__sup023_P210_ph022\E.npy
direct_basis_encoding,ame43,ame43,ame43,ame43,4,4,8,sup023_P210_ph100,monomial,monomial_full,sup023_P210_ph100,False,True,86,204,290,183,,,1.455374,True,False,ok,,Converted from legacy E_new 4x3 isometry candidate.; Fidelity skipped because transpiled circuit has 128 qubits.,183,210.2,11.98,290,331.5,86,100.5,128,"{'rz': 78, 'cz': 70, 'sx': 69, 'rx': 57, 'rzz': 16}",10,10,0,C:\Users\szymon\QuditsOnQubits\QuditsOnQubits\basis_direct_encoding_benchmarks\quantum_circuits\ame43\monomial_full__sup023_P210_ph100,C:\Users\szymon\QuditsOnQubits\QuditsOnQubits\basis_direct_encoding_benchmarks\quantum_circuits\ame43\monomial_full__sup023_P210_ph100\F3_W.qpy,C:\Users\szymon\QuditsOnQubits\QuditsOnQubits\basis_direct_encoding_benchmarks\quantum_circuits\ame43\monomial_full__sup023_P210_ph100\CZ3_W.qpy,C:\Users\szymon\QuditsOnQubits\QuditsOnQubits\basis_direct_encoding_benchmarks\quantum_circuits\ame43\monomial_full__sup023_P210_ph100\graph_state_direct_basis.qpy,C:\Users\szymon\QuditsOnQubits\QuditsOnQubits\basis_direct_encoding_benchmarks\quantum_circuits\ame43\monomial_full__sup023_P210_ph100\graph_state_direct_basis_transpiled.qpy,,C:\Users\szymon\QuditsOnQubits\QuditsOnQubits\basis_direct_encoding_benchmarks\quantum_circuits\ame43\monomial_full__sup023_P210_ph100\E.npy
direct_basis_encoding,ame43,ame43,ame43,ame43,4,4,8,sup023_P210_ph101,monomial,monomial_full,sup023_P210_ph101,False,True,86,207,293,185,,,1.475329,True,False,ok,,Converted from legacy E_new 4x3 isometry candidate.; Fidelity skipped because transpiled circuit has 128 qubits.,185,211.1,11.61,293,336.1,86,100.5,128,"{'rz': 81, 'cz': 70, 'sx': 69, 'rx': 57, 'rzz': 16}",10,10,0,C:\Users\szymon\QuditsOnQubits\QuditsOnQubits\basis_direct_encoding_benchmarks\quantum_circuits\ame43\monomial_full__sup023_P210_ph101,C:\Users\szymon\QuditsOnQubits\QuditsOnQubits\basis_direct_encoding_benchmarks\quantum_circuits\ame43\monomial_full__sup023_P210_ph101\F3_W.qpy,C:\Users\szymon\QuditsOnQubits\QuditsOnQubits\basis_direct_encoding_benchmarks\quantum_circuits\ame43\monomial_full__sup023_P210_ph101\CZ3_W.qpy,C:\Users\szymon\QuditsOnQubits\QuditsOnQubits\basis_direct_encoding_benchmarks\quantum_circuits\ame43\monomial_full__sup023_P210_ph101\graph_state_direct_basis.qpy,C:\Users\szymon\QuditsOnQubits\QuditsOnQubits\basis_direct_encoding_benchmarks\quantum_circuits\ame43\monomial_full__sup023_P210_ph101\graph_state_direct_basis_transpiled.qpy,,C:\Users\szymon\QuditsOnQubits\QuditsOnQubits\basis_direct_encoding_benchmarks\quantum_circuits\ame43\monomial_full__sup023_P210_ph101\E.npy
direct_basis_encoding,ame43,ame43,ame43,ame43,4,4,8,sup023_P210_ph102,monomial,monomial_full,sup023_P210_ph102,False,True,86,201,287,183,,,1.392574,True,False,ok,,Converted from legacy E_new 4x3 isometry candidate.; Fidelity skipped because transpiled circuit has 128 qubits.,183,210.7,11.93,287,328.4,86,100.5,128,"{'rz': 74, 'cz': 70, 'sx': 69, 'rx': 58, 'rzz': 16}",10,10,0,C:\Users\szymon\QuditsOnQubits\QuditsOnQubits\basis_direct_encoding_benchmarks\quantum_circuits\ame43\monomial_full__sup023_P210_ph102,C:\Users\szymon\QuditsOnQubits\QuditsOnQubits\basis_direct_encoding_benchmarks\quantum_circuits\ame43\monomial_full__sup023_P210_ph102\F3_W.qpy,C:\Users\szymon\QuditsOnQubits\QuditsOnQubits\basis_direct_encoding_benchmarks\quantum_circuits\ame43\monomial_full__sup023_P210_ph102\CZ3_W.qpy,C:\Users\szymon\QuditsOnQubits\QuditsOnQubits\basis_direct_encoding_benchmarks\quantum_circuits\ame43\monomial_full__sup023_P210_ph102\graph_state_direct_basis.qpy,C:\Users\szymon\QuditsOnQubits\QuditsOnQubits\basis_direct_encoding_benchmarks\quantum_circuits\ame43\monomial_full__sup023_P210_ph102\graph_state_direct_basis_transpiled.qpy,,C:\Users\szymon\QuditsOnQubits\QuditsOnQubits\basis_direct_encoding_benchmarks\quantum_circuits\ame43\monomial_full__sup023_P210_ph102\E.npy
direct_basis_encoding,ame43,ame43,ame43,ame43,4,4,8,sup023_P210_ph110,monomial,monomial_full,sup023_P210_ph110,False,True,86,204,290,185,,,1.440204,True,False,ok,,Converted from legacy E_new 4x3 isometry candidate.; Fidelity skipped because transpiled circuit has 128 qubits.,185,211.1,11.61,290,335.0,86,100.5,128,"{'rz': 78, 'cz': 70, 'sx': 69, 'rx': 57, 'rzz': 16}",10,10,0,C:\Users\szymon\QuditsOnQubits\QuditsOnQubits\basis_direct_encoding_benchmarks\quantum_circuits\ame43\monomial_full__sup023_P210_ph110,C:\Users\szymon\QuditsOnQubits\QuditsOnQubits\basis_direct_encoding_benchmarks\quantum_circuits\ame43\monomial_full__sup023_P210_ph110\F3_W.qpy,C:\Users\szymon\QuditsOnQubits\QuditsOnQubits\basis_direct_encoding_benchmarks\quantum_circuits\ame43\monomial_full__sup023_P210_ph110\CZ3_W.qpy,C:\Users\szymon\QuditsOnQubits\QuditsOnQubits\basis_direct_encoding_benchmarks\quantum_circuits\ame43\monomial_full__sup023_P210_ph110\graph_state_direct_basis.qpy,C:\Users\szymon\QuditsOnQubits\QuditsOnQubits\basis_direct_encoding_benchmarks\quantum_circuits\ame43\monomial_full__sup023_P210_ph110\graph_state_direct_basis_transpiled.qpy,,C:\Users\szymon\QuditsOnQubits\QuditsOnQubits\basis_direct_encoding_benchmarks\quantum_circuits\ame43\monomial_full__sup023_P210_ph110\E.npy
direct_basis_encoding,ame43,ame43,ame43,ame43,4,4,8,sup023_P210_ph111,monomial,monomial_full,sup023_P210_ph111,False,True,86,201,287,183,,,1.58662,True,False,ok,,Converted from legacy E_new 4x3 isometry candidate.; Fidelity skipped because transpiled circuit has 128 qubits.,183,210.2,11.98,287,331.2,86,100.5,128,"{'rz': 75, 'cz': 70, 'sx': 69, 'rx': 57, 'rzz': 16}",10,10,0,C:\Users\szymon\QuditsOnQubits\QuditsOnQubits\basis_direct_encoding_benchmarks\quantum_circuits\ame43\monomial_full__sup023_P210_ph111,C:\Users\szymon\QuditsOnQubits\QuditsOnQubits\basis_direct_encoding_benchmarks\quantum_circuits\ame43\monomial_full__sup023_P210_ph111\F3_W.qpy,C:\Users\szymon\QuditsOnQubits\QuditsOnQubits\basis_direct_encoding_benchmarks\quantum_circuits\ame43\monomial_full__sup023_P210_ph111\CZ3_W.qpy,C:\Users\szymon\QuditsOnQubits\QuditsOnQubits\basis_direct_encoding_benchmarks\quantum_circuits\ame43\monomial_full__sup023_P210_ph111\graph_state_direct_basis.qpy,C:\Users\szymon\QuditsOnQubits\QuditsOnQubits\basis_direct_encoding_benchmarks\quantum_circuits\ame43\monomial_full__sup023_P210_ph111\graph_state_direct_basis_transpiled.qpy,,C:\Users\szymon\QuditsOnQubits\QuditsOnQubits\basis_direct_encoding_benchmarks\quantum_circuits\ame43\monomial_full__sup023_P210_ph111\E.npy
direct_basis_encoding,ame43,ame43,ame43,ame43,4,4,8,sup023_P210_ph112,monomial,monomial_full,sup023_P210_ph112,False,True,86,199,285,183,,,1.655756,True,False,ok,,Converted from legacy E_new 4x3 isometry candidate.; Fidelity skipped because transpiled circuit has 128 qubits.,183,210.7,11.93,285,328.2,86,100.5,128,"{'rz': 72, 'cz': 70, 'sx': 69, 'rx': 58, 'rzz': 16}",10,10,0,C:\Users\szymon\QuditsOnQubits\QuditsOnQubits\basis_direct_encoding_benchmarks\quantum_circuits\ame43\monomial_full__sup023_P210_ph112,C:\Users\szymon\QuditsOnQubits\QuditsOnQubits\basis_direct_encoding_benchmarks\quantum_circuits\ame43\monomial_full__sup023_P210_ph112\F3_W.qpy,C:\Users\szymon\QuditsOnQubits\QuditsOnQubits\basis_direct_encoding_benchmarks\quantum_circuits\ame43\monomial_full__sup023_P210_ph112\CZ3_W.qpy,C:\Users\szymon\QuditsOnQubits\QuditsOnQubits\basis_direct_encoding_benchmarks\quantum_circuits\ame43\monomial_full__sup023_P210_ph112\graph_state_direct_basis.qpy,C:\Users\szymon\QuditsOnQubits\QuditsOnQubits\basis_direct_encoding_benchmarks\quantum_circuits\ame43\monomial_full__sup023_P210_ph112\graph_state_direct_basis_transpiled.qpy,,C:\Users\szymon\QuditsOnQubits\QuditsOnQubits\basis_direct_encoding_benchmarks\quantum_circuits\ame43\monomial_full__sup023_P210_ph112\E.npy
direct_basis_encoding,ame43,ame43,ame43,ame43,4,4,8,sup023_P210_ph120,monomial,monomial_full,sup023_P210_ph120,False,True,86,208,294,185,,,1.620252,True,False,ok,,Converted from legacy E_new 4x3 isometry candidate.; Fidelity skipped because transpiled circuit has 128 qubits.,185,211.0,11.53,294,335.3,86,100.5,128,"{'rz': 81, 'cz': 70, 'sx': 69, 'rx': 58, 'rzz': 16}",10,10,0,C:\Users\szymon\QuditsOnQubits\QuditsOnQubits\basis_direct_encoding_benchmarks\quantum_circuits\ame43\monomial_full__sup023_P210_ph120,C:\Users\szymon\QuditsOnQubits\QuditsOnQubits\basis_direct_encoding_benchmarks\quantum_circuits\ame43\monomial_full__sup023_P210_ph120\F3_W.qpy,C:\Users\szymon\QuditsOnQubits\QuditsOnQubits\basis_direct_encoding_benchmarks\quantum_circuits\ame43\monomial_full__sup023_P210_ph120\CZ3_W.qpy,C:\Users\szymon\QuditsOnQubits\QuditsOnQubits\basis_direct_encoding_benchmarks\quantum_circuits\ame43\monomial_full__sup023_P210_ph120\graph_state_direct_basis.qpy,C:\Users\szymon\QuditsOnQubits\QuditsOnQubits\basis_direct_encoding_benchmarks\quantum_circuits\ame43\monomial_full__sup023_P210_ph120\graph_state_direct_basis_transpiled.qpy,,C:\Users\szymon\QuditsOnQubits\QuditsOnQubits\basis_direct_encoding_benchmarks\quantum_circuits\ame43\monomial_full__sup023_P210_ph120\E.npy
direct_basis_encoding,ame43,ame43,ame43,ame43,4,4,8,sup023_P210_ph121,monomial,monomial_full,sup023_P210_ph121,False,True,86,206,292,185,,,1.829058,True,False,ok,,Converted from legacy E_new 4x3 isometry candidate.; Fidelity skipped because transpiled circuit has 128 qubits.,185,211.0,11.53,292,335.8,86,100.5,128,"{'rz': 80, 'cz': 70, 'sx': 69, 'rx': 57, 'rzz': 16}",10,10,0,C:\Users\szymon\QuditsOnQubits\QuditsOnQubits\basis_direct_encoding_benchmarks\quantum_circuits\ame43\monomial_full__sup023_P210_ph121,C:\Users\szymon\QuditsOnQubits\QuditsOnQubits\basis_direct_encoding_benchmarks\quantum_circuits\ame43\monomial_full__sup023_P210_ph121\F3_W.qpy,C:\Users\szymon\QuditsOnQubits\QuditsOnQubits\basis_direct_encoding_benchmarks\quantum_circuits\ame43\monomial_full__sup023_P210_ph121\CZ3_W.qpy,C:\Users\szymon\QuditsOnQubits\QuditsOnQubits\basis_direct_encoding_benchmarks\quantum_circuits\ame43\monomial_full__sup023_P210_ph121\graph_state_direct_basis.qpy,C:\Users\szymon\QuditsOnQubits\QuditsOnQubits\basis_direct_encoding_benchmarks\quantum_circuits\ame43\monomial_full__sup023_P210_ph121\graph_state_direct_basis_transpiled.qpy,,C:\Users\szymon\QuditsOnQubits\QuditsOnQubits\basis_direct_encoding_benchmarks\quantum_circuits\ame43\monomial_full__sup023_P210_ph121\E.npy
direct_basis_encoding,ame43,ame43,ame43,ame43,4,4,8,sup023_P210_ph122,monomial,monomial_full,sup023_P210_ph122,False,True,86,195,281,181,,,1.771595,True,False,ok,,Converted from legacy E_new 4x3 isometry candidate.; Fidelity skipped because transpiled circuit has 128 qubits.,181,209.7,12.22,281,325.1,86,100.5,128,"{'cz': 70, 'rz': 69, 'sx': 69, 'rx': 57, 'rzz': 16}",10,10,0,C:\Users\szymon\QuditsOnQubits\QuditsOnQubits\basis_direct_encoding_benchmarks\quantum_circuits\ame43\monomial_full__sup023_P210_ph122,C:\Users\szymon\QuditsOnQubits\QuditsOnQubits\basis_direct_encoding_benchmarks\quantum_circuits\ame43\monomial_full__sup023_P210_ph122\F3_W.qpy,C:\Users\szymon\QuditsOnQubits\QuditsOnQubits\basis_direct_encoding_benchmarks\quantum_circuits\ame43\monomial_full__sup023_P210_ph122\CZ3_W.qpy,C:\Users\szymon\QuditsOnQubits\QuditsOnQubits\basis_direct_encoding_benchmarks\quantum_circuits\ame43\monomial_full__sup023_P210_ph122\graph_state_direct_basis.qpy,C:\Users\szymon\QuditsOnQubits\QuditsOnQubits\basis_direct_encoding_benchmarks\quantum_circuits\ame43\monomial_full__sup023_P210_ph122\graph_state_direct_basis_transpiled.qpy,,C:\Users\szymon\QuditsOnQubits\QuditsOnQubits\basis_direct_encoding_benchmarks\quantum_circuits\ame43\monomial_full__sup023_P210_ph122\E.npy
direct_basis_encoding,ame43,ame43,ame43,ame43,4,4,8,sup023_P210_ph200,monomial,monomial_full,sup023_P210_ph200,False,True,86,206,292,183,,,1.396086,True,False,ok,,Converted from legacy E_new 4x3 isometry candidate.; Fidelity skipped because transpiled circuit has 128 qubits.,183,210.2,11.98,292,332.5,86,100.5,128,"{'rz': 79, 'cz': 70, 'sx': 69, 'rx': 58, 'rzz': 16}",10,10,0,C:\Users\szymon\QuditsOnQubits\QuditsOnQubits\basis_direct_encoding_benchmarks\quantum_circuits\ame43\monomial_full__sup023_P210_ph200,C:\Users\szymon\QuditsOnQubits\QuditsOnQubits\basis_direct_encoding_benchmarks\quantum_circuits\ame43\monomial_full__sup023_P210_ph200\F3_W.qpy,C:\Users\szymon\QuditsOnQubits\QuditsOnQubits\basis_direct_encoding_benchmarks\quantum_circuits\ame43\monomial_full__sup023_P210_ph200\CZ3_W.qpy,C:\Users\szymon\QuditsOnQubits\QuditsOnQubits\basis_direct_encoding_benchmarks\quantum_circuits\ame43\monomial_full__sup023_P210_ph200\graph_state_direct_basis.qpy,C:\Users\szymon\QuditsOnQubits\QuditsOnQubits\basis_direct_encoding_benchmarks\quantum_circuits\ame43\monomial_full__sup023_P210_ph200\graph_state_direct_basis_transpiled.qpy,,C:\Users\szymon\QuditsOnQubits\QuditsOnQubits\basis_direct_encoding_benchmarks\quantum_circuits\ame43\monomial_full__sup023_P210_ph200\E.npy
direct_basis_encoding,ame43,ame43,ame43,ame43,4,4,8,sup023_P210_ph201,monomial,monomial_full,sup023_P210_ph201,False,True,86,199,285,183,,,1.38803,True,False,ok,,Converted from legacy E_new 4x3 isometry candidate.; Fidelity skipped because transpiled circuit has 128 qubits.,183,210.7,11.93,285,328.9,86,100.5,128,"{'rz': 73, 'cz': 70, 'sx': 69, 'rx': 57, 'rzz': 16}",10,10,0,C:\Users\szymon\QuditsOnQubits\QuditsOnQubits\basis_direct_encoding_benchmarks\quantum_circuits\ame43\monomial_full__sup023_P210_ph201,C:\Users\szymon\QuditsOnQubits\QuditsOnQubits\basis_direct_encoding_benchmarks\quantum_circuits\ame43\monomial_full__sup023_P210_ph201\F3_W.qpy,C:\Users\szymon\QuditsOnQubits\QuditsOnQubits\basis_direct_encoding_benchmarks\quantum_circuits\ame43\monomial_full__sup023_P210_ph201\CZ3_W.qpy,C:\Users\szymon\QuditsOnQubits\QuditsOnQubits\basis_direct_encoding_benchmarks\quantum_circuits\ame43\monomial_full__sup023_P210_ph201\graph_state_direct_basis.qpy,C:\Users\szymon\QuditsOnQubits\QuditsOnQubits\basis_direct_encoding_benchmarks\quantum_circuits\ame43\monomial_full__sup023_P210_ph201\graph_state_direct_basis_transpiled.qpy,,C:\Users\szymon\QuditsOnQubits\QuditsOnQubits\basis_direct_encoding_benchmarks\quantum_circuits\ame43\monomial_full__sup023_P210_ph201\E.npy
direct_basis_encoding,ame43,ame43,ame43,ame43,4,4,8,sup023_P210_ph202,monomial,monomial_full,sup023_P210_ph202,False,True,86,207,293,185,,,1.470965,True,False,ok,,Converted from legacy E_new 4x3 isometry candidate.; Fidelity skipped because transpiled circuit has 128 qubits.,185,211.1,11.61,293,336.1,86,100.5,128,"{'rz': 81, 'cz': 70, 'sx': 69, 'rx': 57, 'rzz': 16}",10,10,0,C:\Users\szymon\QuditsOnQubits\QuditsOnQubits\basis_direct_encoding_benchmarks\quantum_circuits\ame43\monomial_full__sup023_P210_ph202,C:\Users\szymon\QuditsOnQubits\QuditsOnQubits\basis_direct_encoding_benchmarks\quantum_circuits\ame43\monomial_full__sup023_P210_ph202\F3_W.qpy,C:\Users\szymon\QuditsOnQubits\QuditsOnQubits\basis_direct_encoding_benchmarks\quantum_circuits\ame43\monomial_full__sup023_P210_ph202\CZ3_W.qpy,C:\Users\szymon\QuditsOnQubits\QuditsOnQubits\basis_direct_encoding_benchmarks\quantum_circuits\ame43\monomial_full__sup023_P210_ph202\graph_state_direct_basis.qpy,C:\Users\szymon\QuditsOnQubits\QuditsOnQubits\basis_direct_encoding_benchmarks\quantum_circuits\ame43\monomial_full__sup023_P210_ph202\graph_state_direct_basis_transpiled.qpy,,C:\Users\szymon\QuditsOnQubits\QuditsOnQubits\basis_direct_encoding_benchmarks\quantum_circuits\ame43\monomial_full__sup023_P210_ph202\E.npy
direct_basis_encoding,ame43,ame43,ame43,ame43,4,4,8,sup023_P210_ph210,monomial,monomial_full,sup023_P210_ph210,False,True,86,208,294,185,,,1.307787,True,False,ok,,Converted from legacy E_new 4x3 isometry candidate.; Fidelity skipped because transpiled circuit has 128 qubits.,185,211.0,11.53,294,336.0,86,100.5,128,"{'rz': 81, 'cz': 70, 'sx': 69, 'rx': 58, 'rzz': 16}",10,10,0,C:\Users\szymon\QuditsOnQubits\QuditsOnQubits\basis_direct_encoding_benchmarks\quantum_circuits\ame43\monomial_full__sup023_P210_ph210,C:\Users\szymon\QuditsOnQubits\QuditsOnQubits\basis_direct_encoding_benchmarks\quantum_circuits\ame43\monomial_full__sup023_P210_ph210\F3_W.qpy,C:\Users\szymon\QuditsOnQubits\QuditsOnQubits\basis_direct_encoding_benchmarks\quantum_circuits\ame43\monomial_full__sup023_P210_ph210\CZ3_W.qpy,C:\Users\szymon\QuditsOnQubits\QuditsOnQubits\basis_direct_encoding_benchmarks\quantum_circuits\ame43\monomial_full__sup023_P210_ph210\graph_state_direct_basis.qpy,C:\Users\szymon\QuditsOnQubits\QuditsOnQubits\basis_direct_encoding_benchmarks\quantum_circuits\ame43\monomial_full__sup023_P210_ph210\graph_state_direct_basis_transpiled.qpy,,C:\Users\szymon\QuditsOnQubits\QuditsOnQubits\basis_direct_encoding_benchmarks\quantum_circuits\ame43\monomial_full__sup023_P210_ph210\E.npy
direct_basis_encoding,ame43,ame43,ame43,ame43,4,4,8,sup023_P210_ph211,monomial,monomial_full,sup023_P210_ph211,False,True,86,195,281,181,,,1.28971,True,False,ok,,Converted from legacy E_new 4x3 isometry candidate.; Fidelity skipped because transpiled circuit has 128 qubits.,181,209.7,12.22,281,324.2,86,100.5,128,"{'cz': 70, 'rz': 69, 'sx': 69, 'rx': 57, 'rzz': 16}",10,10,0,C:\Users\szymon\QuditsOnQubits\QuditsOnQubits\basis_direct_encoding_benchmarks\quantum_circuits\ame43\monomial_full__sup023_P210_ph211,C:\Users\szymon\QuditsOnQubits\QuditsOnQubits\basis_direct_encoding_benchmarks\quantum_circuits\ame43\monomial_full__sup023_P210_ph211\F3_W.qpy,C:\Users\szymon\QuditsOnQubits\QuditsOnQubits\basis_direct_encoding_benchmarks\quantum_circuits\ame43\monomial_full__sup023_P210_ph211\CZ3_W.qpy,C:\Users\szymon\QuditsOnQubits\QuditsOnQubits\basis_direct_encoding_benchmarks\quantum_circuits\ame43\monomial_full__sup023_P210_ph211\graph_state_direct_basis.qpy,C:\Users\szymon\QuditsOnQubits\QuditsOnQubits\basis_direct_encoding_benchmarks\quantum_circuits\ame43\monomial_full__sup023_P210_ph211\graph_state_direct_basis_transpiled.qpy,,C:\Users\szymon\QuditsOnQubits\QuditsOnQubits\basis_direct_encoding_benchmarks\quantum_circuits\ame43\monomial_full__sup023_P210_ph211\E.npy
direct_basis_encoding,ame43,ame43,ame43,ame43,4,4,8,sup023_P210_ph212,monomial,monomial_full,sup023_P210_ph212,False,True,86,206,292,185,,,1.518873,True,False,ok,,Converted from legacy E_new 4x3 isometry candidate.; Fidelity skipped because transpiled circuit has 128 qubits.,185,211.0,11.53,292,335.9,86,100.5,128,"{'rz': 80, 'cz': 70, 'sx': 69, 'rx': 57, 'rzz': 16}",10,10,0,C:\Users\szymon\QuditsOnQubits\QuditsOnQubits\basis_direct_encoding_benchmarks\quantum_circuits\ame43\monomial_full__sup023_P210_ph212,C:\Users\szymon\QuditsOnQubits\QuditsOnQubits\basis_direct_encoding_benchmarks\quantum_circuits\ame43\monomial_full__sup023_P210_ph212\F3_W.qpy,C:\Users\szymon\QuditsOnQubits\QuditsOnQubits\basis_direct_encoding_benchmarks\quantum_circuits\ame43\monomial_full__sup023_P210_ph212\CZ3_W.qpy,C:\Users\szymon\QuditsOnQubits\QuditsOnQubits\basis_direct_encoding_benchmarks\quantum_circuits\ame43\monomial_full__sup023_P210_ph212\graph_state_direct_basis.qpy,C:\Users\szymon\QuditsOnQubits\QuditsOnQubits\basis_direct_encoding_benchmarks\quantum_circuits\ame43\monomial_full__sup023_P210_ph212\graph_state_direct_basis_transpiled.qpy,,C:\Users\szymon\QuditsOnQubits\QuditsOnQubits\basis_direct_encoding_benchmarks\quantum_circuits\ame43\monomial_full__sup023_P210_ph212\E.npy
direct_basis_encoding,ame43,ame43,ame43,ame43,4,4,8,sup023_P210_ph220,monomial,monomial_full,sup023_P210_ph220,False,True,86,204,290,185,,,1.55547,True,False,ok,,Converted from legacy E_new 4x3 isometry candidate.; Fidelity skipped because transpiled circuit has 128 qubits.,185,211.1,11.61,290,334.1,86,100.5,128,"{'rz': 78, 'cz': 70, 'sx': 69, 'rx': 57, 'rzz': 16}",10,10,0,C:\Users\szymon\QuditsOnQubits\QuditsOnQubits\basis_direct_encoding_benchmarks\quantum_circuits\ame43\monomial_full__sup023_P210_ph220,C:\Users\szymon\QuditsOnQubits\QuditsOnQubits\basis_direct_encoding_benchmarks\quantum_circuits\ame43\monomial_full__sup023_P210_ph220\F3_W.qpy,C:\Users\szymon\QuditsOnQubits\QuditsOnQubits\basis_direct_encoding_benchmarks\quantum_circuits\ame43\monomial_full__sup023_P210_ph220\CZ3_W.qpy,C:\Users\szymon\QuditsOnQubits\QuditsOnQubits\basis_direct_encoding_benchmarks\quantum_circuits\ame43\monomial_full__sup023_P210_ph220\graph_state_direct_basis.qpy,C:\Users\szymon\QuditsOnQubits\QuditsOnQubits\basis_direct_encoding_benchmarks\quantum_circuits\ame43\monomial_full__sup023_P210_ph220\graph_state_direct_basis_transpiled.qpy,,C:\Users\szymon\QuditsOnQubits\QuditsOnQubits\basis_direct_encoding_benchmarks\quantum_circuits\ame43\monomial_full__sup023_P210_ph220\E.npy
direct_basis_encoding,ame43,ame43,ame43,ame43,4,4,8,sup023_P210_ph221,monomial,monomial_full,sup023_P210_ph221,False,True,86,199,285,183,,,1.37418,True,False,ok,,Converted from legacy E_new 4x3 isometry candidate.; Fidelity skipped because transpiled circuit has 128 qubits.,183,210.7,11.93,285,327.4,86,100.5,128,"{'rz': 72, 'cz': 70, 'sx': 69, 'rx': 58, 'rzz': 16}",10,10,0,C:\Users\szymon\QuditsOnQubits\QuditsOnQubits\basis_direct_encoding_benchmarks\quantum_circuits\ame43\monomial_full__sup023_P210_ph221,C:\Users\szymon\QuditsOnQubits\QuditsOnQubits\basis_direct_encoding_benchmarks\quantum_circuits\ame43\monomial_full__sup023_P210_ph221\F3_W.qpy,C:\Users\szymon\QuditsOnQubits\QuditsOnQubits\basis_direct_encoding_benchmarks\quantum_circuits\ame43\monomial_full__sup023_P210_ph221\CZ3_W.qpy,C:\Users\szymon\QuditsOnQubits\QuditsOnQubits\basis_direct_encoding_benchmarks\quantum_circuits\ame43\monomial_full__sup023_P210_ph221\graph_state_direct_basis.qpy,C:\Users\szymon\QuditsOnQubits\QuditsOnQubits\basis_direct_encoding_benchmarks\quantum_circuits\ame43\monomial_full__sup023_P210_ph221\graph_state_direct_basis_transpiled.qpy,,C:\Users\szymon\QuditsOnQubits\QuditsOnQubits\basis_direct_encoding_benchmarks\quantum_circuits\ame43\monomial_full__sup023_P210_ph221\E.npy
direct_basis_encoding,ame43,ame43,ame43,ame43,4,4,8,sup023_P210_ph222,monomial,monomial_full,sup023_P210_ph222,False,True,86,204,290,183,,,1.480053,True,False,ok,,Converted from legacy E_new 4x3 isometry candidate.; Fidelity skipped because transpiled circuit has 128 qubits.,183,210.2,11.98,290,331.5,86,100.5,128,"{'rz': 77, 'cz': 70, 'sx': 69, 'rx': 58, 'rzz': 16}",10,10,0,C:\Users\szymon\QuditsOnQubits\QuditsOnQubits\basis_direct_encoding_benchmarks\quantum_circuits\ame43\monomial_full__sup023_P210_ph222,C:\Users\szymon\QuditsOnQubits\QuditsOnQubits\basis_direct_encoding_benchmarks\quantum_circuits\ame43\monomial_full__sup023_P210_ph222\F3_W.qpy,C:\Users\szymon\QuditsOnQubits\QuditsOnQubits\basis_direct_encoding_benchmarks\quantum_circuits\ame43\monomial_full__sup023_P210_ph222\CZ3_W.qpy,C:\Users\szymon\QuditsOnQubits\QuditsOnQubits\basis_direct_encoding_benchmarks\quantum_circuits\ame43\monomial_full__sup023_P210_ph222\graph_state_direct_basis.qpy,C:\Users\szymon\QuditsOnQubits\QuditsOnQubits\basis_direct_encoding_benchmarks\quantum_circuits\ame43\monomial_full__sup023_P210_ph222\graph_state_direct_basis_transpiled.qpy,,C:\Users\szymon\QuditsOnQubits\QuditsOnQubits\basis_direct_encoding_benchmarks\quantum_circuits\ame43\monomial_full__sup023_P210_ph222\E.npy
direct_basis_encoding,ame43,ame43,ame43,ame43,4,4,8,sup123_P012_ph000,monomial,monomial_full,sup123_P012_ph000,False,True,100,195,295,199,,,1.40975,True,False,ok,,Converted from legacy E_new 4x3 isometry candidate.; Fidelity skipped because transpiled circuit has 128 qubits.,199,236.4,24.87,295,358.0,100,117.1,128,"{'sx': 101, 'cz': 99, 'rz': 53, 'rx': 41, 'rzz': 1}",10,10,0,C:\Users\szymon\QuditsOnQubits\QuditsOnQubits\basis_direct_encoding_benchmarks\quantum_circuits\ame43\monomial_full__sup123_P012_ph000,C:\Users\szymon\QuditsOnQubits\QuditsOnQubits\basis_direct_encoding_benchmarks\quantum_circuits\ame43\monomial_full__sup123_P012_ph000\F3_W.qpy,C:\Users\szymon\QuditsOnQubits\QuditsOnQubits\basis_direct_encoding_benchmarks\quantum_circuits\ame43\monomial_full__sup123_P012_ph000\CZ3_W.qpy,C:\Users\szymon\QuditsOnQubits\QuditsOnQubits\basis_direct_encoding_benchmarks\quantum_circuits\ame43\monomial_full__sup123_P012_ph000\graph_state_direct_basis.qpy,C:\Users\szymon\QuditsOnQubits\QuditsOnQubits\basis_direct_encoding_benchmarks\quantum_circuits\ame43\monomial_full__sup123_P012_ph000\graph_state_direct_basis_transpiled.qpy,,C:\Users\szymon\QuditsOnQubits\QuditsOnQubits\basis_direct_encoding_benchmarks\quantum_circuits\ame43\monomial_full__sup123_P012_ph000\E.npy
direct_basis_encoding,ame43,ame43,ame43,ame43,4,4,8,sup123_P012_ph001,monomial,monomial_full,sup123_P012_ph001,False,True,100,197,297,200,,,1.501456,True,False,ok,,Converted from legacy E_new 4x3 isometry candidate.; Fidelity skipped because transpiled circuit has 128 qubits.,200,237.1,24.97,297,360.2,100,117.1,128,"{'sx': 101, 'cz': 99, 'rz': 55, 'rx': 41, 'rzz': 1}",10,10,0,C:\Users\szymon\QuditsOnQubits\QuditsOnQubits\basis_direct_encoding_benchmarks\quantum_circuits\ame43\monomial_full__sup123_P012_ph001,C:\Users\szymon\QuditsOnQubits\QuditsOnQubits\basis_direct_encoding_benchmarks\quantum_circuits\ame43\monomial_full__sup123_P012_ph001\F3_W.qpy,C:\Users\szymon\QuditsOnQubits\QuditsOnQubits\basis_direct_encoding_benchmarks\quantum_circuits\ame43\monomial_full__sup123_P012_ph001\CZ3_W.qpy,C:\Users\szymon\QuditsOnQubits\QuditsOnQubits\basis_direct_encoding_benchmarks\quantum_circuits\ame43\monomial_full__sup123_P012_ph001\graph_state_direct_basis.qpy,C:\Users\szymon\QuditsOnQubits\QuditsOnQubits\basis_direct_encoding_benchmarks\quantum_circuits\ame43\monomial_full__sup123_P012_ph001\graph_state_direct_basis_transpiled.qpy,,C:\Users\szymon\QuditsOnQubits\QuditsOnQubits\basis_direct_encoding_benchmarks\quantum_circuits\ame43\monomial_full__sup123_P012_ph001\E.npy
direct_basis_encoding,ame43,ame43,ame43,ame43,4,4,8,sup123_P012_ph002,monomial,monomial_full,sup123_P012_ph002,False,True,100,197,297,200,,,1.422494,True,False,ok,,Converted from legacy E_new 4x3 isometry candidate.; Fidelity skipped because transpiled circuit has 128 qubits.,200,237.1,24.97,297,360.0,100,117.1,128,"{'sx': 101, 'cz': 99, 'rz': 55, 'rx': 41, 'rzz': 1}",10,10,0,C:\Users\szymon\QuditsOnQubits\QuditsOnQubits\basis_direct_encoding_benchmarks\quantum_circuits\ame43\monomial_full__sup123_P012_ph002,C:\Users\szymon\QuditsOnQubits\QuditsOnQubits\basis_direct_encoding_benchmarks\quantum_circuits\ame43\monomial_full__sup123_P012_ph002\F3_W.qpy,C:\Users\szymon\QuditsOnQubits\QuditsOnQubits\basis_direct_encoding_benchmarks\quantum_circuits\ame43\monomial_full__sup123_P012_ph002\CZ3_W.qpy,C:\Users\szymon\QuditsOnQubits\QuditsOnQubits\basis_direct_encoding_benchmarks\quantum_circuits\ame43\monomial_full__sup123_P012_ph002\graph_state_direct_basis.qpy,C:\Users\szymon\QuditsOnQubits\QuditsOnQubits\basis_direct_encoding_benchmarks\quantum_circuits\ame43\monomial_full__sup123_P012_ph002\graph_state_direct_basis_transpiled.qpy,,C:\Users\szymon\QuditsOnQubits\QuditsOnQubits\basis_direct_encoding_benchmarks\quantum_circuits\ame43\monomial_full__sup123_P012_ph002\E.npy
direct_basis_encoding,ame43,ame43,ame43,ame43,4,4,8,sup123_P012_ph010,monomial,monomial_full,sup123_P012_ph010,False,True,100,200,300,202,,,1.337378,True,False,ok,,Converted from legacy E_new 4x3 isometry candidate.; Fidelity skipped because transpiled circuit has 128 qubits.,202,237.6,24.19,300,364.6,100,117.1,128,"{'sx': 101, 'cz': 99, 'rz': 58, 'rx': 41, 'rzz': 1}",10,10,0,C:\Users\szymon\QuditsOnQubits\QuditsOnQubits\basis_direct_encoding_benchmarks\quantum_circuits\ame43\monomial_full__sup123_P012_ph010,C:\Users\szymon\QuditsOnQubits\QuditsOnQubits\basis_direct_encoding_benchmarks\quantum_circuits\ame43\monomial_full__sup123_P012_ph010\F3_W.qpy,C:\Users\szymon\QuditsOnQubits\QuditsOnQubits\basis_direct_encoding_benchmarks\quantum_circuits\ame43\monomial_full__sup123_P012_ph010\CZ3_W.qpy,C:\Users\szymon\QuditsOnQubits\QuditsOnQubits\basis_direct_encoding_benchmarks\quantum_circuits\ame43\monomial_full__sup123_P012_ph010\graph_state_direct_basis.qpy,C:\Users\szymon\QuditsOnQubits\QuditsOnQubits\basis_direct_encoding_benchmarks\quantum_circuits\ame43\monomial_full__sup123_P012_ph010\graph_state_direct_basis_transpiled.qpy,,C:\Users\szymon\QuditsOnQubits\QuditsOnQubits\basis_direct_encoding_benchmarks\quantum_circuits\ame43\monomial_full__sup123_P012_ph010\E.npy
direct_basis_encoding,ame43,ame43,ame43,ame43,4,4,8,sup123_P012_ph011,monomial,monomial_full,sup123_P012_ph011,False,True,100,199,299,200,,,1.730205,True,False,ok,,Converted from legacy E_new 4x3 isometry candidate.; Fidelity skipped because transpiled circuit has 128 qubits.,200,237.2,24.87,299,365.4,100,117.1,128,"{'sx': 101, 'cz': 99, 'rz': 57, 'rx': 41, 'rzz': 1}",10,10,0,C:\Users\szymon\QuditsOnQubits\QuditsOnQubits\basis_direct_encoding_benchmarks\quantum_circuits\ame43\monomial_full__sup123_P012_ph011,C:\Users\szymon\QuditsOnQubits\QuditsOnQubits\basis_direct_encoding_benchmarks\quantum_circuits\ame43\monomial_full__sup123_P012_ph011\F3_W.qpy,C:\Users\szymon\QuditsOnQubits\QuditsOnQubits\basis_direct_encoding_benchmarks\quantum_circuits\ame43\monomial_full__sup123_P012_ph011\CZ3_W.qpy,C:\Users\szymon\QuditsOnQubits\QuditsOnQubits\basis_direct_encoding_benchmarks\quantum_circuits\ame43\monomial_full__sup123_P012_ph011\graph_state_direct_basis.qpy,C:\Users\szymon\QuditsOnQubits\QuditsOnQubits\basis_direct_encoding_benchmarks\quantum_circuits\ame43\monomial_full__sup123_P012_ph011\graph_state_direct_basis_transpiled.qpy,,C:\Users\szymon\QuditsOnQubits\QuditsOnQubits\basis_direct_encoding_benchmarks\quantum_circuits\ame43\monomial_full__sup123_P012_ph011\E.npy
direct_basis_encoding,ame43,ame43,ame43,ame43,4,4,8,sup123_P012_ph012,monomial,monomial_full,sup123_P012_ph012,False,True,100,203,303,203,,,1.494766,True,False,ok,,Converted from legacy E_new 4x3 isometry candidate.; Fidelity skipped because transpiled circuit has 128 qubits.,203,238.3,24.29,303,366.8,100,117.1,128,"{'sx': 101, 'cz': 99, 'rz': 60, 'rx': 42, 'rzz': 1}",10,10,0,C:\Users\szymon\QuditsOnQubits\QuditsOnQubits\basis_direct_encoding_benchmarks\quantum_circuits\ame43\monomial_full__sup123_P012_ph012,C:\Users\szymon\QuditsOnQubits\QuditsOnQubits\basis_direct_encoding_benchmarks\quantum_circuits\ame43\monomial_full__sup123_P012_ph012\F3_W.qpy,C:\Users\szymon\QuditsOnQubits\QuditsOnQubits\basis_direct_encoding_benchmarks\quantum_circuits\ame43\monomial_full__sup123_P012_ph012\CZ3_W.qpy,C:\Users\szymon\QuditsOnQubits\QuditsOnQubits\basis_direct_encoding_benchmarks\quantum_circuits\ame43\monomial_full__sup123_P012_ph012\graph_state_direct_basis.qpy,C:\Users\szymon\QuditsOnQubits\QuditsOnQubits\basis_direct_encoding_benchmarks\quantum_circuits\ame43\monomial_full__sup123_P012_ph012\graph_state_direct_basis_transpiled.qpy,,C:\Users\szymon\QuditsOnQubits\QuditsOnQubits\basis_direct_encoding_benchmarks\quantum_circuits\ame43\monomial_full__sup123_P012_ph012\E.npy
direct_basis_encoding,ame43,ame43,ame43,ame43,4,4,8,sup123_P012_ph020,monomial,monomial_full,sup123_P012_ph020,False,True,100,200,300,202,,,1.46452,True,False,ok,,Converted from legacy E_new 4x3 isometry candidate.; Fidelity skipped because transpiled circuit has 128 qubits.,202,237.6,24.19,300,364.8,100,117.1,128,"{'sx': 101, 'cz': 99, 'rz': 58, 'rx': 41, 'rzz': 1}",10,10,0,C:\Users\szymon\QuditsOnQubits\QuditsOnQubits\basis_direct_encoding_benchmarks\quantum_circuits\ame43\monomial_full__sup123_P012_ph020,C:\Users\szymon\QuditsOnQubits\QuditsOnQubits\basis_direct_encoding_benchmarks\quantum_circuits\ame43\monomial_full__sup123_P012_ph020\F3_W.qpy,C:\Users\szymon\QuditsOnQubits\QuditsOnQubits\basis_direct_encoding_benchmarks\quantum_circuits\ame43\monomial_full__sup123_P012_ph020\CZ3_W.qpy,C:\Users\szymon\QuditsOnQubits\QuditsOnQubits\basis_direct_encoding_benchmarks\quantum_circuits\ame43\monomial_full__sup123_P012_ph020\graph_state_direct_basis.qpy,C:\Users\szymon\QuditsOnQubits\QuditsOnQubits\basis_direct_encoding_benchmarks\quantum_circuits\ame43\monomial_full__sup123_P012_ph020\graph_state_direct_basis_transpiled.qpy,,C:\Users\szymon\QuditsOnQubits\QuditsOnQubits\basis_direct_encoding_benchmarks\quantum_circuits\ame43\monomial_full__sup123_P012_ph020\E.npy
direct_basis_encoding,ame43,ame43,ame43,ame43,4,4,8,sup123_P012_ph021,monomial,monomial_full,sup123_P012_ph021,False,True,100,202,302,203,,,1.575987,True,False,ok,,Converted from legacy E_new 4x3 isometry candidate.; Fidelity skipped because transpiled circuit has 128 qubits.,203,238.1,24.36,302,366.4,100,117.1,128,"{'sx': 101, 'cz': 99, 'rz': 60, 'rx': 41, 'rzz': 1}",10,10,0,C:\Users\szymon\QuditsOnQubits\QuditsOnQubits\basis_direct_encoding_benchmarks\quantum_circuits\ame43\monomial_full__sup123_P012_ph021,C:\Users\szymon\QuditsOnQubits\QuditsOnQubits\basis_direct_encoding_benchmarks\quantum_circuits\ame43\monomial_full__sup123_P012_ph021\F3_W.qpy,C:\Users\szymon\QuditsOnQubits\QuditsOnQubits\basis_direct_encoding_benchmarks\quantum_circuits\ame43\monomial_full__sup123_P012_ph021\CZ3_W.qpy,C:\Users\szymon\QuditsOnQubits\QuditsOnQubits\basis_direct_encoding_benchmarks\quantum_circuits\ame43\monomial_full__sup123_P012_ph021\graph_state_direct_basis.qpy,C:\Users\szymon\QuditsOnQubits\QuditsOnQubits\basis_direct_encoding_benchmarks\quantum_circuits\ame43\monomial_full__sup123_P012_ph021\graph_state_direct_basis_transpiled.qpy,,C:\Users\szymon\QuditsOnQubits\QuditsOnQubits\basis_direct_encoding_benchmarks\quantum_circuits\ame43\monomial_full__sup123_P012_ph021\E.npy
direct_basis_encoding,ame43,ame43,ame43,ame43,4,4,8,sup123_P012_ph022,monomial,monomial_full,sup123_P012_ph022,False,True,100,200,300,200,,,1.508976,True,False,ok,,Converted from legacy E_new 4x3 isometry candidate.; Fidelity skipped because transpiled circuit has 128 qubits.,200,237.2,24.87,300,365.7,100,117.1,128,"{'sx': 101, 'cz': 99, 'rz': 57, 'rx': 42, 'rzz': 1}",10,10,0,C:\Users\szymon\QuditsOnQubits\QuditsOnQubits\basis_direct_encoding_benchmarks\quantum_circuits\ame43\monomial_full__sup123_P012_ph022,C:\Users\szymon\QuditsOnQubits\QuditsOnQubits\basis_direct_encoding_benchmarks\quantum_circuits\ame43\monomial_full__sup123_P012_ph022\F3_W.qpy,C:\Users\szymon\QuditsOnQubits\QuditsOnQubits\basis_direct_encoding_benchmarks\quantum_circuits\ame43\monomial_full__sup123_P012_ph022\CZ3_W.qpy,C:\Users\szymon\QuditsOnQubits\QuditsOnQubits\basis_direct_encoding_benchmarks\quantum_circuits\ame43\monomial_full__sup123_P012_ph022\graph_state_direct_basis.qpy,C:\Users\szymon\QuditsOnQubits\QuditsOnQubits\basis_direct_encoding_benchmarks\quantum_circuits\ame43\monomial_full__sup123_P012_ph022\graph_state_direct_basis_transpiled.qpy,,C:\Users\szymon\QuditsOnQubits\QuditsOnQubits\basis_direct_encoding_benchmarks\quantum_circuits\ame43\monomial_full__sup123_P012_ph022\E.npy
direct_basis_encoding,ame43,ame43,ame43,ame43,4,4,8,sup123_P012_ph100,monomial,monomial_full,sup123_P012_ph100,False,True,100,200,300,200,,,1.765531,True,False,ok,,Converted from legacy E_new 4x3 isometry candidate.; Fidelity skipped because transpiled circuit has 128 qubits.,200,237.2,24.87,300,365.7,100,117.1,128,"{'sx': 101, 'cz': 99, 'rz': 57, 'rx': 42, 'rzz': 1}",10,10,0,C:\Users\szymon\QuditsOnQubits\QuditsOnQubits\basis_direct_encoding_benchmarks\quantum_circuits\ame43\monomial_full__sup123_P012_ph100,C:\Users\szymon\QuditsOnQubits\QuditsOnQubits\basis_direct_encoding_benchmarks\quantum_circuits\ame43\monomial_full__sup123_P012_ph100\F3_W.qpy,C:\Users\szymon\QuditsOnQubits\QuditsOnQubits\basis_direct_encoding_benchmarks\quantum_circuits\ame43\monomial_full__sup123_P012_ph100\CZ3_W.qpy,C:\Users\szymon\QuditsOnQubits\QuditsOnQubits\basis_direct_encoding_benchmarks\quantum_circuits\ame43\monomial_full__sup123_P012_ph100\graph_state_direct_basis.qpy,C:\Users\szymon\QuditsOnQubits\QuditsOnQubits\basis_direct_encoding_benchmarks\quantum_circuits\ame43\monomial_full__sup123_P012_ph100\graph_state_direct_basis_transpiled.qpy,,C:\Users\szymon\QuditsOnQubits\QuditsOnQubits\basis_direct_encoding_benchmarks\quantum_circuits\ame43\monomial_full__sup123_P012_ph100\E.npy
direct_basis_encoding,ame43,ame43,ame43,ame43,4,4,8,sup123_P012_ph101,monomial,monomial_full,sup123_P012_ph101,False,True,100,201,301,203,,,1.526608,True,False,ok,,Converted from legacy E_new 4x3 isometry candidate.; Fidelity skipped because transpiled circuit has 128 qubits.,203,238.3,24.29,301,365.8,100,117.1,128,"{'sx': 101, 'cz': 99, 'rz': 59, 'rx': 41, 'rzz': 1}",10,10,0,C:\Users\szymon\QuditsOnQubits\QuditsOnQubits\basis_direct_encoding_benchmarks\quantum_circuits\ame43\monomial_full__sup123_P012_ph101,C:\Users\szymon\QuditsOnQubits\QuditsOnQubits\basis_direct_encoding_benchmarks\quantum_circuits\ame43\monomial_full__sup123_P012_ph101\F3_W.qpy,C:\Users\szymon\QuditsOnQubits\QuditsOnQubits\basis_direct_encoding_benchmarks\quantum_circuits\ame43\monomial_full__sup123_P012_ph101\CZ3_W.qpy,C:\Users\szymon\QuditsOnQubits\QuditsOnQubits\basis_direct_encoding_benchmarks\quantum_circuits\ame43\monomial_full__sup123_P012_ph101\graph_state_direct_basis.qpy,C:\Users\szymon\QuditsOnQubits\QuditsOnQubits\basis_direct_encoding_benchmarks\quantum_circuits\ame43\monomial_full__sup123_P012_ph101\graph_state_direct_basis_transpiled.qpy,,C:\Users\szymon\QuditsOnQubits\QuditsOnQubits\basis_direct_encoding_benchmarks\quantum_circuits\ame43\monomial_full__sup123_P012_ph101\E.npy
direct_basis_encoding,ame43,ame43,ame43,ame43,4,4,8,sup123_P012_ph102,monomial,monomial_full,sup123_P012_ph102,False,True,100,201,301,202,,,1.494077,True,False,ok,,Converted from legacy E_new 4x3 isometry candidate.; Fidelity skipped because transpiled circuit has 128 qubits.,202,237.6,24.19,301,365.3,100,117.1,128,"{'sx': 101, 'cz': 99, 'rz': 59, 'rx': 41, 'rzz': 1}",10,10,0,C:\Users\szymon\QuditsOnQubits\QuditsOnQubits\basis_direct_encoding_benchmarks\quantum_circuits\ame43\monomial_full__sup123_P012_ph102,C:\Users\szymon\QuditsOnQubits\QuditsOnQubits\basis_direct_encoding_benchmarks\quantum_circuits\ame43\monomial_full__sup123_P012_ph102\F3_W.qpy,C:\Users\szymon\QuditsOnQubits\QuditsOnQubits\basis_direct_encoding_benchmarks\quantum_circuits\ame43\monomial_full__sup123_P012_ph102\CZ3_W.qpy,C:\Users\szymon\QuditsOnQubits\QuditsOnQubits\basis_direct_encoding_benchmarks\quantum_circuits\ame43\monomial_full__sup123_P012_ph102\graph_state_direct_basis.qpy,C:\Users\szymon\QuditsOnQubits\QuditsOnQubits\basis_direct_encoding_benchmarks\quantum_circuits\ame43\monomial_full__sup123_P012_ph102\graph_state_direct_basis_transpiled.qpy,,C:\Users\szymon\QuditsOnQubits\QuditsOnQubits\basis_direct_encoding_benchmarks\quantum_circuits\ame43\monomial_full__sup123_P012_ph102\E.npy
direct_basis_encoding,ame43,ame43,ame43,ame43,4,4,8,sup123_P012_ph110,monomial,monomial_full,sup123_P012_ph110,False,True,100,203,303,203,,,1.523167,True,False,ok,,Converted from legacy E_new 4x3 isometry candidate.; Fidelity skipped because transpiled circuit has 128 qubits.,203,238.3,24.29,303,366.5,100,117.1,128,"{'sx': 101, 'cz': 99, 'rz': 60, 'rx': 42, 'rzz': 1}",10,10,0,C:\Users\szymon\QuditsOnQubits\QuditsOnQubits\basis_direct_encoding_benchmarks\quantum_circuits\ame43\monomial_full__sup123_P012_ph110,C:\Users\szymon\QuditsOnQubits\QuditsOnQubits\basis_direct_encoding_benchmarks\quantum_circuits\ame43\monomial_full__sup123_P012_ph110\F3_W.qpy,C:\Users\szymon\QuditsOnQubits\QuditsOnQubits\basis_direct_encoding_benchmarks\quantum_circuits\ame43\monomial_full__sup123_P012_ph110\CZ3_W.qpy,C:\Users\szymon\QuditsOnQubits\QuditsOnQubits\basis_direct_encoding_benchmarks\quantum_circuits\ame43\monomial_full__sup123_P012_ph110\graph_state_direct_basis.qpy,C:\Users\szymon\QuditsOnQubits\QuditsOnQubits\basis_direct_encoding_benchmarks\quantum_circuits\ame43\monomial_full__sup123_P012_ph110\graph_state_direct_basis_transpiled.qpy,,C:\Users\szymon\QuditsOnQubits\QuditsOnQubits\basis_direct_encoding_benchmarks\quantum_circuits\ame43\monomial_full__sup123_P012_ph110\E.npy
direct_basis_encoding,ame43,ame43,ame43,ame43,4,4,8,sup123_P012_ph111,monomial,monomial_full,sup123_P012_ph111,False,True,100,199,299,200,,,1.552033,True,False,ok,,Converted from legacy E_new 4x3 isometry candidate.; Fidelity skipped because transpiled circuit has 128 qubits.,200,237.2,24.87,299,365.0,100,117.1,128,"{'sx': 101, 'cz': 99, 'rz': 56, 'rx': 42, 'rzz': 1}",10,10,0,C:\Users\szymon\QuditsOnQubits\QuditsOnQubits\basis_direct_encoding_benchmarks\quantum_circuits\ame43\monomial_full__sup123_P012_ph111,C:\Users\szymon\QuditsOnQubits\QuditsOnQubits\basis_direct_encoding_benchmarks\quantum_circuits\ame43\monomial_full__sup123_P012_ph111\F3_W.qpy,C:\Users\szymon\QuditsOnQubits\QuditsOnQubits\basis_direct_encoding_benchmarks\quantum_circuits\ame43\monomial_full__sup123_P012_ph111\CZ3_W.qpy,C:\Users\szymon\QuditsOnQubits\QuditsOnQubits\basis_direct_encoding_benchmarks\quantum_circuits\ame43\monomial_full__sup123_P012_ph111\graph_state_direct_basis.qpy,C:\Users\szymon\QuditsOnQubits\QuditsOnQubits\basis_direct_encoding_benchmarks\quantum_circuits\ame43\monomial_full__sup123_P012_ph111\graph_state_direct_basis_transpiled.qpy,,C:\Users\szymon\QuditsOnQubits\QuditsOnQubits\basis_direct_encoding_benchmarks\quantum_circuits\ame43\monomial_full__sup123_P012_ph111\E.npy
direct_basis_encoding,ame43,ame43,ame43,ame43,4,4,8,sup123_P012_ph112,monomial,monomial_full,sup123_P012_ph112,False,True,100,202,302,202,,,1.148519,True,False,ok,,Converted from legacy E_new 4x3 isometry candidate.; Fidelity skipped because transpiled circuit has 128 qubits.,202,237.6,24.19,302,365.8,100,117.1,128,"{'sx': 101, 'cz': 99, 'rz': 59, 'rx': 42, 'rzz': 1}",10,10,0,C:\Users\szymon\QuditsOnQubits\QuditsOnQubits\basis_direct_encoding_benchmarks\quantum_circuits\ame43\monomial_full__sup123_P012_ph112,C:\Users\szymon\QuditsOnQubits\QuditsOnQubits\basis_direct_encoding_benchmarks\quantum_circuits\ame43\monomial_full__sup123_P012_ph112\F3_W.qpy,C:\Users\szymon\QuditsOnQubits\QuditsOnQubits\basis_direct_encoding_benchmarks\quantum_circuits\ame43\monomial_full__sup123_P012_ph112\CZ3_W.qpy,C:\Users\szymon\QuditsOnQubits\QuditsOnQubits\basis_direct_encoding_benchmarks\quantum_circuits\ame43\monomial_full__sup123_P012_ph112\graph_state_direct_basis.qpy,C:\Users\szymon\QuditsOnQubits\QuditsOnQubits\basis_direct_encoding_benchmarks\quantum_circuits\ame43\monomial_full__sup123_P012_ph112\graph_state_direct_basis_transpiled.qpy,,C:\Users\szymon\QuditsOnQubits\QuditsOnQubits\basis_direct_encoding_benchmarks\quantum_circuits\ame43\monomial_full__sup123_P012_ph112\E.npy
direct_basis_encoding,ame43,ame43,ame43,ame43,4,4,8,sup123_P012_ph120,monomial,monomial_full,sup123_P012_ph120,False,True,100,198,298,200,,,1.342362,True,False,ok,,Converted from legacy E_new 4x3 isometry candidate.; Fidelity skipped because transpiled circuit has 128 qubits.,200,237.1,24.97,298,360.1,100,117.1,128,"{'sx': 101, 'cz': 99, 'rz': 55, 'rx': 42, 'rzz': 1}",10,10,0,C:\Users\szymon\QuditsOnQubits\QuditsOnQubits\basis_direct_encoding_benchmarks\quantum_circuits\ame43\monomial_full__sup123_P012_ph120,C:\Users\szymon\QuditsOnQubits\QuditsOnQubits\basis_direct_encoding_benchmarks\quantum_circuits\ame43\monomial_full__sup123_P012_ph120\F3_W.qpy,C:\Users\szymon\QuditsOnQubits\QuditsOnQubits\basis_direct_encoding_benchmarks\quantum_circuits\ame43\monomial_full__sup123_P012_ph120\CZ3_W.qpy,C:\Users\szymon\QuditsOnQubits\QuditsOnQubits\basis_direct_encoding_benchmarks\quantum_circuits\ame43\monomial_full__sup123_P012_ph120\graph_state_direct_basis.qpy,C:\Users\szymon\QuditsOnQubits\QuditsOnQubits\basis_direct_encoding_benchmarks\quantum_circuits\ame43\monomial_full__sup123_P012_ph120\graph_state_direct_basis_transpiled.qpy,,C:\Users\szymon\QuditsOnQubits\QuditsOnQubits\basis_direct_encoding_benchmarks\quantum_circuits\ame43\monomial_full__sup123_P012_ph120\E.npy
direct_basis_encoding,ame43,ame43,ame43,ame43,4,4,8,sup123_P012_ph121,monomial,monomial_full,sup123_P012_ph121,False,True,100,197,297,200,,,1.331845,True,False,ok,,Converted from legacy E_new 4x3 isometry candidate.; Fidelity skipped because transpiled circuit has 128 qubits.,200,236.9,25.03,297,359.6,100,117.1,128,"{'sx': 101, 'cz': 99, 'rz': 54, 'rx': 42, 'rzz': 1}",10,10,0,C:\Users\szymon\QuditsOnQubits\QuditsOnQubits\basis_direct_encoding_benchmarks\quantum_circuits\ame43\monomial_full__sup123_P012_ph121,C:\Users\szymon\QuditsOnQubits\QuditsOnQubits\basis_direct_encoding_benchmarks\quantum_circuits\ame43\monomial_full__sup123_P012_ph121\F3_W.qpy,C:\Users\szymon\QuditsOnQubits\QuditsOnQubits\basis_direct_encoding_benchmarks\quantum_circuits\ame43\monomial_full__sup123_P012_ph121\CZ3_W.qpy,C:\Users\szymon\QuditsOnQubits\QuditsOnQubits\basis_direct_encoding_benchmarks\quantum_circuits\ame43\monomial_full__sup123_P012_ph121\graph_state_direct_basis.qpy,C:\Users\szymon\QuditsOnQubits\QuditsOnQubits\basis_direct_encoding_benchmarks\quantum_circuits\ame43\monomial_full__sup123_P012_ph121\graph_state_direct_basis_transpiled.qpy,,C:\Users\szymon\QuditsOnQubits\QuditsOnQubits\basis_direct_encoding_benchmarks\quantum_circuits\ame43\monomial_full__sup123_P012_ph121\E.npy
direct_basis_encoding,ame43,ame43,ame43,ame43,4,4,8,sup123_P012_ph122,monomial,monomial_full,sup123_P012_ph122,False,True,100,197,297,199,,,1.290718,True,False,ok,,Converted from legacy E_new 4x3 isometry candidate.; Fidelity skipped because transpiled circuit has 128 qubits.,199,236.4,24.87,297,359.2,100,117.1,128,"{'sx': 101, 'cz': 99, 'rz': 54, 'rx': 42, 'rzz': 1}",10,10,0,C:\Users\szymon\QuditsOnQubits\QuditsOnQubits\basis_direct_encoding_benchmarks\quantum_circuits\ame43\monomial_full__sup123_P012_ph122,C:\Users\szymon\QuditsOnQubits\QuditsOnQubits\basis_direct_encoding_benchmarks\quantum_circuits\ame43\monomial_full__sup123_P012_ph122\F3_W.qpy,C:\Users\szymon\QuditsOnQubits\QuditsOnQubits\basis_direct_encoding_benchmarks\quantum_circuits\ame43\monomial_full__sup123_P012_ph122\CZ3_W.qpy,C:\Users\szymon\QuditsOnQubits\QuditsOnQubits\basis_direct_encoding_benchmarks\quantum_circuits\ame43\monomial_full__sup123_P012_ph122\graph_state_direct_basis.qpy,C:\Users\szymon\QuditsOnQubits\QuditsOnQubits\basis_direct_encoding_benchmarks\quantum_circuits\ame43\monomial_full__sup123_P012_ph122\graph_state_direct_basis_transpiled.qpy,,C:\Users\szymon\QuditsOnQubits\QuditsOnQubits\basis_direct_encoding_benchmarks\quantum_circuits\ame43\monomial_full__sup123_P012_ph122\E.npy
direct_basis_encoding,ame43,ame43,ame43,ame43,4,4,8,sup123_P012_ph200,monomial,monomial_full,sup123_P012_ph200,False,True,100,200,300,200,,,1.383718,True,False,ok,,Converted from legacy E_new 4x3 isometry candidate.; Fidelity skipped because transpiled circuit has 128 qubits.,200,237.2,24.87,300,365.7,100,117.1,128,"{'sx': 101, 'cz': 99, 'rz': 57, 'rx': 42, 'rzz': 1}",10,10,0,C:\Users\szymon\QuditsOnQubits\QuditsOnQubits\basis_direct_encoding_benchmarks\quantum_circuits\ame43\monomial_full__sup123_P012_ph200,C:\Users\szymon\QuditsOnQubits\QuditsOnQubits\basis_direct_encoding_benchmarks\quantum_circuits\ame43\monomial_full__sup123_P012_ph200\F3_W.qpy,C:\Users\szymon\QuditsOnQubits\QuditsOnQubits\basis_direct_encoding_benchmarks\quantum_circuits\ame43\monomial_full__sup123_P012_ph200\CZ3_W.qpy,C:\Users\szymon\QuditsOnQubits\QuditsOnQubits\basis_direct_encoding_benchmarks\quantum_circuits\ame43\monomial_full__sup123_P012_ph200\graph_state_direct_basis.qpy,C:\Users\szymon\QuditsOnQubits\QuditsOnQubits\basis_direct_encoding_benchmarks\quantum_circuits\ame43\monomial_full__sup123_P012_ph200\graph_state_direct_basis_transpiled.qpy,,C:\Users\szymon\QuditsOnQubits\QuditsOnQubits\basis_direct_encoding_benchmarks\quantum_circuits\ame43\monomial_full__sup123_P012_ph200\E.npy
direct_basis_encoding,ame43,ame43,ame43,ame43,4,4,8,sup123_P012_ph201,monomial,monomial_full,sup123_P012_ph201,False,True,100,202,302,202,,,1.467469,True,False,ok,,Converted from legacy E_new 4x3 isometry candidate.; Fidelity skipped because transpiled circuit has 128 qubits.,202,237.6,24.19,302,365.7,100,117.1,128,"{'sx': 101, 'cz': 99, 'rz': 59, 'rx': 42, 'rzz': 1}",10,10,0,C:\Users\szymon\QuditsOnQubits\QuditsOnQubits\basis_direct_encoding_benchmarks\quantum_circuits\ame43\monomial_full__sup123_P012_ph201,C:\Users\szymon\QuditsOnQubits\QuditsOnQubits\basis_direct_encoding_benchmarks\quantum_circuits\ame43\monomial_full__sup123_P012_ph201\F3_W.qpy,C:\Users\szymon\QuditsOnQubits\QuditsOnQubits\basis_direct_encoding_benchmarks\quantum_circuits\ame43\monomial_full__sup123_P012_ph201\CZ3_W.qpy,C:\Users\szymon\QuditsOnQubits\QuditsOnQubits\basis_direct_encoding_benchmarks\quantum_circuits\ame43\monomial_full__sup123_P012_ph201\graph_state_direct_basis.qpy,C:\Users\szymon\QuditsOnQubits\QuditsOnQubits\basis_direct_encoding_benchmarks\quantum_circuits\ame43\monomial_full__sup123_P012_ph201\graph_state_direct_basis_transpiled.qpy,,C:\Users\szymon\QuditsOnQubits\QuditsOnQubits\basis_direct_encoding_benchmarks\quantum_circuits\ame43\monomial_full__sup123_P012_ph201\E.npy
direct_basis_encoding,ame43,ame43,ame43,ame43,4,4,8,sup123_P012_ph202,monomial,monomial_full,sup123_P012_ph202,False,True,100,201,301,203,,,1.34635,True,False,ok,,Converted from legacy E_new 4x3 isometry candidate.; Fidelity skipped because transpiled circuit has 128 qubits.,203,238.3,24.29,301,366.0,100,117.1,128,"{'sx': 101, 'cz': 99, 'rz': 59, 'rx': 41, 'rzz': 1}",10,10,0,C:\Users\szymon\QuditsOnQubits\QuditsOnQubits\basis_direct_encoding_benchmarks\quantum_circuits\ame43\monomial_full__sup123_P012_ph202,C:\Users\szymon\QuditsOnQubits\QuditsOnQubits\basis_direct_encoding_benchmarks\quantum_circuits\ame43\monomial_full__sup123_P012_ph202\F3_W.qpy,C:\Users\szymon\QuditsOnQubits\QuditsOnQubits\basis_direct_encoding_benchmarks\quantum_circuits\ame43\monomial_full__sup123_P012_ph202\CZ3_W.qpy,C:\Users\szymon\QuditsOnQubits\QuditsOnQubits\basis_direct_encoding_benchmarks\quantum_circuits\ame43\monomial_full__sup123_P012_ph202\graph_state_direct_basis.qpy,C:\Users\szymon\QuditsOnQubits\QuditsOnQubits\basis_direct_encoding_benchmarks\quantum_circuits\ame43\monomial_full__sup123_P012_ph202\graph_state_direct_basis_transpiled.qpy,,C:\Users\szymon\QuditsOnQubits\QuditsOnQubits\basis_direct_encoding_benchmarks\quantum_circuits\ame43\monomial_full__sup123_P012_ph202\E.npy
direct_basis_encoding,ame43,ame43,ame43,ame43,4,4,8,sup123_P012_ph210,monomial,monomial_full,sup123_P012_ph210,False,True,100,198,298,200,,,1.289886,True,False,ok,,Converted from legacy E_new 4x3 isometry candidate.; Fidelity skipped because transpiled circuit has 128 qubits.,200,237.1,24.97,298,360.4,100,117.1,128,"{'sx': 101, 'cz': 99, 'rz': 55, 'rx': 42, 'rzz': 1}",10,10,0,C:\Users\szymon\QuditsOnQubits\QuditsOnQubits\basis_direct_encoding_benchmarks\quantum_circuits\ame43\monomial_full__sup123_P012_ph210,C:\Users\szymon\QuditsOnQubits\QuditsOnQubits\basis_direct_encoding_benchmarks\quantum_circuits\ame43\monomial_full__sup123_P012_ph210\F3_W.qpy,C:\Users\szymon\QuditsOnQubits\QuditsOnQubits\basis_direct_encoding_benchmarks\quantum_circuits\ame43\monomial_full__sup123_P012_ph210\CZ3_W.qpy,C:\Users\szymon\QuditsOnQubits\QuditsOnQubits\basis_direct_encoding_benchmarks\quantum_circuits\ame43\monomial_full__sup123_P012_ph210\graph_state_direct_basis.qpy,C:\Users\szymon\QuditsOnQubits\QuditsOnQubits\basis_direct_encoding_benchmarks\quantum_circuits\ame43\monomial_full__sup123_P012_ph210\graph_state_direct_basis_transpiled.qpy,,C:\Users\szymon\QuditsOnQubits\QuditsOnQubits\basis_direct_encoding_benchmarks\quantum_circuits\ame43\monomial_full__sup123_P012_ph210\E.npy
direct_basis_encoding,ame43,ame43,ame43,ame43,4,4,8,sup123_P012_ph211,monomial,monomial_full,sup123_P012_ph211,False,True,100,197,297,199,,,1.49257,True,False,ok,,Converted from legacy E_new 4x3 isometry candidate.; Fidelity skipped because transpiled circuit has 128 qubits.,199,236.4,24.87,297,359.0,100,117.1,128,"{'sx': 101, 'cz': 99, 'rz': 54, 'rx': 42, 'rzz': 1}",10,10,0,C:\Users\szymon\QuditsOnQubits\QuditsOnQubits\basis_direct_encoding_benchmarks\quantum_circuits\ame43\monomial_full__sup123_P012_ph211,C:\Users\szymon\QuditsOnQubits\QuditsOnQubits\basis_direct_encoding_benchmarks\quantum_circuits\ame43\monomial_full__sup123_P012_ph211\F3_W.qpy,C:\Users\szymon\QuditsOnQubits\QuditsOnQubits\basis_direct_encoding_benchmarks\quantum_circuits\ame43\monomial_full__sup123_P012_ph211\CZ3_W.qpy,C:\Users\szymon\QuditsOnQubits\QuditsOnQubits\basis_direct_encoding_benchmarks\quantum_circuits\ame43\monomial_full__sup123_P012_ph211\graph_state_direct_basis.qpy,C:\Users\szymon\QuditsOnQubits\QuditsOnQubits\basis_direct_encoding_benchmarks\quantum_circuits\ame43\monomial_full__sup123_P012_ph211\graph_state_direct_basis_transpiled.qpy,,C:\Users\szymon\QuditsOnQubits\QuditsOnQubits\basis_direct_encoding_benchmarks\quantum_circuits\ame43\monomial_full__sup123_P012_ph211\E.npy
direct_basis_encoding,ame43,ame43,ame43,ame43,4,4,8,sup123_P012_ph212,monomial,monomial_full,sup123_P012_ph212,False,True,100,196,296,200,,,1.377698,True,False,ok,,Converted from legacy E_new 4x3 isometry candidate.; Fidelity skipped because transpiled circuit has 128 qubits.,200,237.1,24.97,296,359.6,100,117.1,128,"{'sx': 101, 'cz': 99, 'rz': 54, 'rx': 41, 'rzz': 1}",10,10,0,C:\Users\szymon\QuditsOnQubits\QuditsOnQubits\basis_direct_encoding_benchmarks\quantum_circuits\ame43\monomial_full__sup123_P012_ph212,C:\Users\szymon\QuditsOnQubits\QuditsOnQubits\basis_direct_encoding_benchmarks\quantum_circuits\ame43\monomial_full__sup123_P012_ph212\F3_W.qpy,C:\Users\szymon\QuditsOnQubits\QuditsOnQubits\basis_direct_encoding_benchmarks\quantum_circuits\ame43\monomial_full__sup123_P012_ph212\CZ3_W.qpy,C:\Users\szymon\QuditsOnQubits\QuditsOnQubits\basis_direct_encoding_benchmarks\quantum_circuits\ame43\monomial_full__sup123_P012_ph212\graph_state_direct_basis.qpy,C:\Users\szymon\QuditsOnQubits\QuditsOnQubits\basis_direct_encoding_benchmarks\quantum_circuits\ame43\monomial_full__sup123_P012_ph212\graph_state_direct_basis_transpiled.qpy,,C:\Users\szymon\QuditsOnQubits\QuditsOnQubits\basis_direct_encoding_benchmarks\quantum_circuits\ame43\monomial_full__sup123_P012_ph212\E.npy
direct_basis_encoding,ame43,ame43,ame43,ame43,4,4,8,sup123_P012_ph220,monomial,monomial_full,sup123_P012_ph220,False,True,100,203,303,203,,,1.231186,True,False,ok,,Converted from legacy E_new 4x3 isometry candidate.; Fidelity skipped because transpiled circuit has 128 qubits.,203,238.3,24.29,303,367.0,100,117.1,128,"{'sx': 101, 'cz': 99, 'rz': 60, 'rx': 42, 'rzz': 1}",10,10,0,C:\Users\szymon\QuditsOnQubits\QuditsOnQubits\basis_direct_encoding_benchmarks\quantum_circuits\ame43\monomial_full__sup123_P012_ph220,C:\Users\szymon\QuditsOnQubits\QuditsOnQubits\basis_direct_encoding_benchmarks\quantum_circuits\ame43\monomial_full__sup123_P012_ph220\F3_W.qpy,C:\Users\szymon\QuditsOnQubits\QuditsOnQubits\basis_direct_encoding_benchmarks\quantum_circuits\ame43\monomial_full__sup123_P012_ph220\CZ3_W.qpy,C:\Users\szymon\QuditsOnQubits\QuditsOnQubits\basis_direct_encoding_benchmarks\quantum_circuits\ame43\monomial_full__sup123_P012_ph220\graph_state_direct_basis.qpy,C:\Users\szymon\QuditsOnQubits\QuditsOnQubits\basis_direct_encoding_benchmarks\quantum_circuits\ame43\monomial_full__sup123_P012_ph220\graph_state_direct_basis_transpiled.qpy,,C:\Users\szymon\QuditsOnQubits\QuditsOnQubits\basis_direct_encoding_benchmarks\quantum_circuits\ame43\monomial_full__sup123_P012_ph220\E.npy
direct_basis_encoding,ame43,ame43,ame43,ame43,4,4,8,sup123_P012_ph221,monomial,monomial_full,sup123_P012_ph221,False,True,100,202,302,202,,,1.558065,True,False,ok,,Converted from legacy E_new 4x3 isometry candidate.; Fidelity skipped because transpiled circuit has 128 qubits.,202,237.6,24.19,302,365.7,100,117.1,128,"{'sx': 101, 'cz': 99, 'rz': 59, 'rx': 42, 'rzz': 1}",10,10,0,C:\Users\szymon\QuditsOnQubits\QuditsOnQubits\basis_direct_encoding_benchmarks\quantum_circuits\ame43\monomial_full__sup123_P012_ph221,C:\Users\szymon\QuditsOnQubits\QuditsOnQubits\basis_direct_encoding_benchmarks\quantum_circuits\ame43\monomial_full__sup123_P012_ph221\F3_W.qpy,C:\Users\szymon\QuditsOnQubits\QuditsOnQubits\basis_direct_encoding_benchmarks\quantum_circuits\ame43\monomial_full__sup123_P012_ph221\CZ3_W.qpy,C:\Users\szymon\QuditsOnQubits\QuditsOnQubits\basis_direct_encoding_benchmarks\quantum_circuits\ame43\monomial_full__sup123_P012_ph221\graph_state_direct_basis.qpy,C:\Users\szymon\QuditsOnQubits\QuditsOnQubits\basis_direct_encoding_benchmarks\quantum_circuits\ame43\monomial_full__sup123_P012_ph221\graph_state_direct_basis_transpiled.qpy,,C:\Users\szymon\QuditsOnQubits\QuditsOnQubits\basis_direct_encoding_benchmarks\quantum_circuits\ame43\monomial_full__sup123_P012_ph221\E.npy
direct_basis_encoding,ame43,ame43,ame43,ame43,4,4,8,sup123_P012_ph222,monomial,monomial_full,sup123_P012_ph222,False,True,100,198,298,200,,,1.570825,True,False,ok,,Converted from legacy E_new 4x3 isometry candidate.; Fidelity skipped because transpiled circuit has 128 qubits.,200,237.2,24.87,298,364.4,100,117.1,128,"{'sx': 101, 'cz': 99, 'rz': 56, 'rx': 41, 'rzz': 1}",10,10,0,C:\Users\szymon\QuditsOnQubits\QuditsOnQubits\basis_direct_encoding_benchmarks\quantum_circuits\ame43\monomial_full__sup123_P012_ph222,C:\Users\szymon\QuditsOnQubits\QuditsOnQubits\basis_direct_encoding_benchmarks\quantum_circuits\ame43\monomial_full__sup123_P012_ph222\F3_W.qpy,C:\Users\szymon\QuditsOnQubits\QuditsOnQubits\basis_direct_encoding_benchmarks\quantum_circuits\ame43\monomial_full__sup123_P012_ph222\CZ3_W.qpy,C:\Users\szymon\QuditsOnQubits\QuditsOnQubits\basis_direct_encoding_benchmarks\quantum_circuits\ame43\monomial_full__sup123_P012_ph222\graph_state_direct_basis.qpy,C:\Users\szymon\QuditsOnQubits\QuditsOnQubits\basis_direct_encoding_benchmarks\quantum_circuits\ame43\monomial_full__sup123_P012_ph222\graph_state_direct_basis_transpiled.qpy,,C:\Users\szymon\QuditsOnQubits\QuditsOnQubits\basis_direct_encoding_benchmarks\quantum_circuits\ame43\monomial_full__sup123_P012_ph222\E.npy
direct_basis_encoding,ame43,ame43,ame43,ame43,4,4,8,sup123_P021_ph000,monomial,monomial_full,sup123_P021_ph000,False,True,100,195,295,199,,,1.971244,True,False,ok,,Converted from legacy E_new 4x3 isometry candidate.; Fidelity skipped because transpiled circuit has 128 qubits.,199,236.4,24.87,295,358.0,100,117.1,128,"{'sx': 101, 'cz': 99, 'rz': 53, 'rx': 41, 'rzz': 1}",10,10,0,C:\Users\szymon\QuditsOnQubits\QuditsOnQubits\basis_direct_encoding_benchmarks\quantum_circuits\ame43\monomial_full__sup123_P021_ph000,C:\Users\szymon\QuditsOnQubits\QuditsOnQubits\basis_direct_encoding_benchmarks\quantum_circuits\ame43\monomial_full__sup123_P021_ph000\F3_W.qpy,C:\Users\szymon\QuditsOnQubits\QuditsOnQubits\basis_direct_encoding_benchmarks\quantum_circuits\ame43\monomial_full__sup123_P021_ph000\CZ3_W.qpy,C:\Users\szymon\QuditsOnQubits\QuditsOnQubits\basis_direct_encoding_benchmarks\quantum_circuits\ame43\monomial_full__sup123_P021_ph000\graph_state_direct_basis.qpy,C:\Users\szymon\QuditsOnQubits\QuditsOnQubits\basis_direct_encoding_benchmarks\quantum_circuits\ame43\monomial_full__sup123_P021_ph000\graph_state_direct_basis_transpiled.qpy,,C:\Users\szymon\QuditsOnQubits\QuditsOnQubits\basis_direct_encoding_benchmarks\quantum_circuits\ame43\monomial_full__sup123_P021_ph000\E.npy
direct_basis_encoding,ame43,ame43,ame43,ame43,4,4,8,sup123_P021_ph001,monomial,monomial_full,sup123_P021_ph001,False,True,100,197,297,200,,,1.621826,True,False,ok,,Converted from legacy E_new 4x3 isometry candidate.; Fidelity skipped because transpiled circuit has 128 qubits.,200,237.1,24.97,297,360.2,100,117.1,128,"{'sx': 101, 'cz': 99, 'rz': 55, 'rx': 41, 'rzz': 1}",10,10,0,C:\Users\szymon\QuditsOnQubits\QuditsOnQubits\basis_direct_encoding_benchmarks\quantum_circuits\ame43\monomial_full__sup123_P021_ph001,C:\Users\szymon\QuditsOnQubits\QuditsOnQubits\basis_direct_encoding_benchmarks\quantum_circuits\ame43\monomial_full__sup123_P021_ph001\F3_W.qpy,C:\Users\szymon\QuditsOnQubits\QuditsOnQubits\basis_direct_encoding_benchmarks\quantum_circuits\ame43\monomial_full__sup123_P021_ph001\CZ3_W.qpy,C:\Users\szymon\QuditsOnQubits\QuditsOnQubits\basis_direct_encoding_benchmarks\quantum_circuits\ame43\monomial_full__sup123_P021_ph001\graph_state_direct_basis.qpy,C:\Users\szymon\QuditsOnQubits\QuditsOnQubits\basis_direct_encoding_benchmarks\quantum_circuits\ame43\monomial_full__sup123_P021_ph001\graph_state_direct_basis_transpiled.qpy,,C:\Users\szymon\QuditsOnQubits\QuditsOnQubits\basis_direct_encoding_benchmarks\quantum_circuits\ame43\monomial_full__sup123_P021_ph001\E.npy
direct_basis_encoding,ame43,ame43,ame43,ame43,4,4,8,sup123_P021_ph002,monomial,monomial_full,sup123_P021_ph002,False,True,100,197,297,200,,,1.619916,True,False,ok,,Converted from legacy E_new 4x3 isometry candidate.; Fidelity skipped because transpiled circuit has 128 qubits.,200,237.1,24.97,297,360.0,100,117.1,128,"{'sx': 101, 'cz': 99, 'rz': 55, 'rx': 41, 'rzz': 1}",10,10,0,C:\Users\szymon\QuditsOnQubits\QuditsOnQubits\basis_direct_encoding_benchmarks\quantum_circuits\ame43\monomial_full__sup123_P021_ph002,C:\Users\szymon\QuditsOnQubits\QuditsOnQubits\basis_direct_encoding_benchmarks\quantum_circuits\ame43\monomial_full__sup123_P021_ph002\F3_W.qpy,C:\Users\szymon\QuditsOnQubits\QuditsOnQubits\basis_direct_encoding_benchmarks\quantum_circuits\ame43\monomial_full__sup123_P021_ph002\CZ3_W.qpy,C:\Users\szymon\QuditsOnQubits\QuditsOnQubits\basis_direct_encoding_benchmarks\quantum_circuits\ame43\monomial_full__sup123_P021_ph002\graph_state_direct_basis.qpy,C:\Users\szymon\QuditsOnQubits\QuditsOnQubits\basis_direct_encoding_benchmarks\quantum_circuits\ame43\monomial_full__sup123_P021_ph002\graph_state_direct_basis_transpiled.qpy,,C:\Users\szymon\QuditsOnQubits\QuditsOnQubits\basis_direct_encoding_benchmarks\quantum_circuits\ame43\monomial_full__sup123_P021_ph002\E.npy
direct_basis_encoding,ame43,ame43,ame43,ame43,4,4,8,sup123_P021_ph010,monomial,monomial_full,sup123_P021_ph010,False,True,100,200,300,202,,,1.744737,True,False,ok,,Converted from legacy E_new 4x3 isometry candidate.; Fidelity skipped because transpiled circuit has 128 qubits.,202,237.6,24.19,300,364.6,100,117.1,128,"{'sx': 101, 'cz': 99, 'rz': 58, 'rx': 41, 'rzz': 1}",10,10,0,C:\Users\szymon\QuditsOnQubits\QuditsOnQubits\basis_direct_encoding_benchmarks\quantum_circuits\ame43\monomial_full__sup123_P021_ph010,C:\Users\szymon\QuditsOnQubits\QuditsOnQubits\basis_direct_encoding_benchmarks\quantum_circuits\ame43\monomial_full__sup123_P021_ph010\F3_W.qpy,C:\Users\szymon\QuditsOnQubits\QuditsOnQubits\basis_direct_encoding_benchmarks\quantum_circuits\ame43\monomial_full__sup123_P021_ph010\CZ3_W.qpy,C:\Users\szymon\QuditsOnQubits\QuditsOnQubits\basis_direct_encoding_benchmarks\quantum_circuits\ame43\monomial_full__sup123_P021_ph010\graph_state_direct_basis.qpy,C:\Users\szymon\QuditsOnQubits\QuditsOnQubits\basis_direct_encoding_benchmarks\quantum_circuits\ame43\monomial_full__sup123_P021_ph010\graph_state_direct_basis_transpiled.qpy,,C:\Users\szymon\QuditsOnQubits\QuditsOnQubits\basis_direct_encoding_benchmarks\quantum_circuits\ame43\monomial_full__sup123_P021_ph010\E.npy
direct_basis_encoding,ame43,ame43,ame43,ame43,4,4,8,sup123_P021_ph011,monomial,monomial_full,sup123_P021_ph011,False,True,100,199,299,200,,,1.683832,True,False,ok,,Converted from legacy E_new 4x3 isometry candidate.; Fidelity skipped because transpiled circuit has 128 qubits.,200,237.2,24.87,299,365.4,100,117.1,128,"{'sx': 101, 'cz': 99, 'rz': 57, 'rx': 41, 'rzz': 1}",10,10,0,C:\Users\szymon\QuditsOnQubits\QuditsOnQubits\basis_direct_encoding_benchmarks\quantum_circuits\ame43\monomial_full__sup123_P021_ph011,C:\Users\szymon\QuditsOnQubits\QuditsOnQubits\basis_direct_encoding_benchmarks\quantum_circuits\ame43\monomial_full__sup123_P021_ph011\F3_W.qpy,C:\Users\szymon\QuditsOnQubits\QuditsOnQubits\basis_direct_encoding_benchmarks\quantum_circuits\ame43\monomial_full__sup123_P021_ph011\CZ3_W.qpy,C:\Users\szymon\QuditsOnQubits\QuditsOnQubits\basis_direct_encoding_benchmarks\quantum_circuits\ame43\monomial_full__sup123_P021_ph011\graph_state_direct_basis.qpy,C:\Users\szymon\QuditsOnQubits\QuditsOnQubits\basis_direct_encoding_benchmarks\quantum_circuits\ame43\monomial_full__sup123_P021_ph011\graph_state_direct_basis_transpiled.qpy,,C:\Users\szymon\QuditsOnQubits\QuditsOnQubits\basis_direct_encoding_benchmarks\quantum_circuits\ame43\monomial_full__sup123_P021_ph011\E.npy
direct_basis_encoding,ame43,ame43,ame43,ame43,4,4,8,sup123_P021_ph012,monomial,monomial_full,sup123_P021_ph012,False,True,100,203,303,203,,,1.677532,True,False,ok,,Converted from legacy E_new 4x3 isometry candidate.; Fidelity skipped because transpiled circuit has 128 qubits.,203,238.3,24.29,303,366.8,100,117.1,128,"{'sx': 101, 'cz': 99, 'rz': 60, 'rx': 42, 'rzz': 1}",10,10,0,C:\Users\szymon\QuditsOnQubits\QuditsOnQubits\basis_direct_encoding_benchmarks\quantum_circuits\ame43\monomial_full__sup123_P021_ph012,C:\Users\szymon\QuditsOnQubits\QuditsOnQubits\basis_direct_encoding_benchmarks\quantum_circuits\ame43\monomial_full__sup123_P021_ph012\F3_W.qpy,C:\Users\szymon\QuditsOnQubits\QuditsOnQubits\basis_direct_encoding_benchmarks\quantum_circuits\ame43\monomial_full__sup123_P021_ph012\CZ3_W.qpy,C:\Users\szymon\QuditsOnQubits\QuditsOnQubits\basis_direct_encoding_benchmarks\quantum_circuits\ame43\monomial_full__sup123_P021_ph012\graph_state_direct_basis.qpy,C:\Users\szymon\QuditsOnQubits\QuditsOnQubits\basis_direct_encoding_benchmarks\quantum_circuits\ame43\monomial_full__sup123_P021_ph012\graph_state_direct_basis_transpiled.qpy,,C:\Users\szymon\QuditsOnQubits\QuditsOnQubits\basis_direct_encoding_benchmarks\quantum_circuits\ame43\monomial_full__sup123_P021_ph012\E.npy
direct_basis_encoding,ame43,ame43,ame43,ame43,4,4,8,sup123_P021_ph020,monomial,monomial_full,sup123_P021_ph020,False,True,100,200,300,202,,,1.634876,True,False,ok,,Converted from legacy E_new 4x3 isometry candidate.; Fidelity skipped because transpiled circuit has 128 qubits.,202,237.6,24.19,300,364.8,100,117.1,128,"{'sx': 101, 'cz': 99, 'rz': 58, 'rx': 41, 'rzz': 1}",10,10,0,C:\Users\szymon\QuditsOnQubits\QuditsOnQubits\basis_direct_encoding_benchmarks\quantum_circuits\ame43\monomial_full__sup123_P021_ph020,C:\Users\szymon\QuditsOnQubits\QuditsOnQubits\basis_direct_encoding_benchmarks\quantum_circuits\ame43\monomial_full__sup123_P021_ph020\F3_W.qpy,C:\Users\szymon\QuditsOnQubits\QuditsOnQubits\basis_direct_encoding_benchmarks\quantum_circuits\ame43\monomial_full__sup123_P021_ph020\CZ3_W.qpy,C:\Users\szymon\QuditsOnQubits\QuditsOnQubits\basis_direct_encoding_benchmarks\quantum_circuits\ame43\monomial_full__sup123_P021_ph020\graph_state_direct_basis.qpy,C:\Users\szymon\QuditsOnQubits\QuditsOnQubits\basis_direct_encoding_benchmarks\quantum_circuits\ame43\monomial_full__sup123_P021_ph020\graph_state_direct_basis_transpiled.qpy,,C:\Users\szymon\QuditsOnQubits\QuditsOnQubits\basis_direct_encoding_benchmarks\quantum_circuits\ame43\monomial_full__sup123_P021_ph020\E.npy
direct_basis_encoding,ame43,ame43,ame43,ame43,4,4,8,sup123_P021_ph021,monomial,monomial_full,sup123_P021_ph021,False,True,100,202,302,203,,,1.709495,True,False,ok,,Converted from legacy E_new 4x3 isometry candidate.; Fidelity skipped because transpiled circuit has 128 qubits.,203,238.1,24.36,302,366.4,100,117.1,128,"{'sx': 101, 'cz': 99, 'rz': 60, 'rx': 41, 'rzz': 1}",10,10,0,C:\Users\szymon\QuditsOnQubits\QuditsOnQubits\basis_direct_encoding_benchmarks\quantum_circuits\ame43\monomial_full__sup123_P021_ph021,C:\Users\szymon\QuditsOnQubits\QuditsOnQubits\basis_direct_encoding_benchmarks\quantum_circuits\ame43\monomial_full__sup123_P021_ph021\F3_W.qpy,C:\Users\szymon\QuditsOnQubits\QuditsOnQubits\basis_direct_encoding_benchmarks\quantum_circuits\ame43\monomial_full__sup123_P021_ph021\CZ3_W.qpy,C:\Users\szymon\QuditsOnQubits\QuditsOnQubits\basis_direct_encoding_benchmarks\quantum_circuits\ame43\monomial_full__sup123_P021_ph021\graph_state_direct_basis.qpy,C:\Users\szymon\QuditsOnQubits\QuditsOnQubits\basis_direct_encoding_benchmarks\quantum_circuits\ame43\monomial_full__sup123_P021_ph021\graph_state_direct_basis_transpiled.qpy,,C:\Users\szymon\QuditsOnQubits\QuditsOnQubits\basis_direct_encoding_benchmarks\quantum_circuits\ame43\monomial_full__sup123_P021_ph021\E.npy
direct_basis_encoding,ame43,ame43,ame43,ame43,4,4,8,sup123_P021_ph022,monomial,monomial_full,sup123_P021_ph022,False,True,100,200,300,200,,,1.587325,True,False,ok,,Converted from legacy E_new 4x3 isometry candidate.; Fidelity skipped because transpiled circuit has 128 qubits.,200,237.2,24.87,300,365.7,100,117.1,128,"{'sx': 101, 'cz': 99, 'rz': 57, 'rx': 42, 'rzz': 1}",10,10,0,C:\Users\szymon\QuditsOnQubits\QuditsOnQubits\basis_direct_encoding_benchmarks\quantum_circuits\ame43\monomial_full__sup123_P021_ph022,C:\Users\szymon\QuditsOnQubits\QuditsOnQubits\basis_direct_encoding_benchmarks\quantum_circuits\ame43\monomial_full__sup123_P021_ph022\F3_W.qpy,C:\Users\szymon\QuditsOnQubits\QuditsOnQubits\basis_direct_encoding_benchmarks\quantum_circuits\ame43\monomial_full__sup123_P021_ph022\CZ3_W.qpy,C:\Users\szymon\QuditsOnQubits\QuditsOnQubits\basis_direct_encoding_benchmarks\quantum_circuits\ame43\monomial_full__sup123_P021_ph022\graph_state_direct_basis.qpy,C:\Users\szymon\QuditsOnQubits\QuditsOnQubits\basis_direct_encoding_benchmarks\quantum_circuits\ame43\monomial_full__sup123_P021_ph022\graph_state_direct_basis_transpiled.qpy,,C:\Users\szymon\QuditsOnQubits\QuditsOnQubits\basis_direct_encoding_benchmarks\quantum_circuits\ame43\monomial_full__sup123_P021_ph022\E.npy
direct_basis_encoding,ame43,ame43,ame43,ame43,4,4,8,sup123_P021_ph100,monomial,monomial_full,sup123_P021_ph100,False,True,100,200,300,200,,,1.544533,True,False,ok,,Converted from legacy E_new 4x3 isometry candidate.; Fidelity skipped because transpiled circuit has 128 qubits.,200,237.2,24.87,300,365.7,100,117.1,128,"{'sx': 101, 'cz': 99, 'rz': 57, 'rx': 42, 'rzz': 1}",10,10,0,C:\Users\szymon\QuditsOnQubits\QuditsOnQubits\basis_direct_encoding_benchmarks\quantum_circuits\ame43\monomial_full__sup123_P021_ph100,C:\Users\szymon\QuditsOnQubits\QuditsOnQubits\basis_direct_encoding_benchmarks\quantum_circuits\ame43\monomial_full__sup123_P021_ph100\F3_W.qpy,C:\Users\szymon\QuditsOnQubits\QuditsOnQubits\basis_direct_encoding_benchmarks\quantum_circuits\ame43\monomial_full__sup123_P021_ph100\CZ3_W.qpy,C:\Users\szymon\QuditsOnQubits\QuditsOnQubits\basis_direct_encoding_benchmarks\quantum_circuits\ame43\monomial_full__sup123_P021_ph100\graph_state_direct_basis.qpy,C:\Users\szymon\QuditsOnQubits\QuditsOnQubits\basis_direct_encoding_benchmarks\quantum_circuits\ame43\monomial_full__sup123_P021_ph100\graph_state_direct_basis_transpiled.qpy,,C:\Users\szymon\QuditsOnQubits\QuditsOnQubits\basis_direct_encoding_benchmarks\quantum_circuits\ame43\monomial_full__sup123_P021_ph100\E.npy
direct_basis_encoding,ame43,ame43,ame43,ame43,4,4,8,sup123_P021_ph101,monomial,monomial_full,sup123_P021_ph101,False,True,100,201,301,203,,,1.541335,True,False,ok,,Converted from legacy E_new 4x3 isometry candidate.; Fidelity skipped because transpiled circuit has 128 qubits.,203,238.3,24.29,301,365.8,100,117.1,128,"{'sx': 101, 'cz': 99, 'rz': 59, 'rx': 41, 'rzz': 1}",10,10,0,C:\Users\szymon\QuditsOnQubits\QuditsOnQubits\basis_direct_encoding_benchmarks\quantum_circuits\ame43\monomial_full__sup123_P021_ph101,C:\Users\szymon\QuditsOnQubits\QuditsOnQubits\basis_direct_encoding_benchmarks\quantum_circuits\ame43\monomial_full__sup123_P021_ph101\F3_W.qpy,C:\Users\szymon\QuditsOnQubits\QuditsOnQubits\basis_direct_encoding_benchmarks\quantum_circuits\ame43\monomial_full__sup123_P021_ph101\CZ3_W.qpy,C:\Users\szymon\QuditsOnQubits\QuditsOnQubits\basis_direct_encoding_benchmarks\quantum_circuits\ame43\monomial_full__sup123_P021_ph101\graph_state_direct_basis.qpy,C:\Users\szymon\QuditsOnQubits\QuditsOnQubits\basis_direct_encoding_benchmarks\quantum_circuits\ame43\monomial_full__sup123_P021_ph101\graph_state_direct_basis_transpiled.qpy,,C:\Users\szymon\QuditsOnQubits\QuditsOnQubits\basis_direct_encoding_benchmarks\quantum_circuits\ame43\monomial_full__sup123_P021_ph101\E.npy
direct_basis_encoding,ame43,ame43,ame43,ame43,4,4,8,sup123_P021_ph102,monomial,monomial_full,sup123_P021_ph102,False,True,100,201,301,202,,,1.80553,True,False,ok,,Converted from legacy E_new 4x3 isometry candidate.; Fidelity skipped because transpiled circuit has 128 qubits.,202,237.6,24.19,301,365.3,100,117.1,128,"{'sx': 101, 'cz': 99, 'rz': 59, 'rx': 41, 'rzz': 1}",10,10,0,C:\Users\szymon\QuditsOnQubits\QuditsOnQubits\basis_direct_encoding_benchmarks\quantum_circuits\ame43\monomial_full__sup123_P021_ph102,C:\Users\szymon\QuditsOnQubits\QuditsOnQubits\basis_direct_encoding_benchmarks\quantum_circuits\ame43\monomial_full__sup123_P021_ph102\F3_W.qpy,C:\Users\szymon\QuditsOnQubits\QuditsOnQubits\basis_direct_encoding_benchmarks\quantum_circuits\ame43\monomial_full__sup123_P021_ph102\CZ3_W.qpy,C:\Users\szymon\QuditsOnQubits\QuditsOnQubits\basis_direct_encoding_benchmarks\quantum_circuits\ame43\monomial_full__sup123_P021_ph102\graph_state_direct_basis.qpy,C:\Users\szymon\QuditsOnQubits\QuditsOnQubits\basis_direct_encoding_benchmarks\quantum_circuits\ame43\monomial_full__sup123_P021_ph102\graph_state_direct_basis_transpiled.qpy,,C:\Users\szymon\QuditsOnQubits\QuditsOnQubits\basis_direct_encoding_benchmarks\quantum_circuits\ame43\monomial_full__sup123_P021_ph102\E.npy
direct_basis_encoding,ame43,ame43,ame43,ame43,4,4,8,sup123_P021_ph110,monomial,monomial_full,sup123_P021_ph110,False,True,100,203,303,203,,,1.825396,True,False,ok,,Converted from legacy E_new 4x3 isometry candidate.; Fidelity skipped because transpiled circuit has 128 qubits.,203,238.3,24.29,303,366.5,100,117.1,128,"{'sx': 101, 'cz': 99, 'rz': 60, 'rx': 42, 'rzz': 1}",10,10,0,C:\Users\szymon\QuditsOnQubits\QuditsOnQubits\basis_direct_encoding_benchmarks\quantum_circuits\ame43\monomial_full__sup123_P021_ph110,C:\Users\szymon\QuditsOnQubits\QuditsOnQubits\basis_direct_encoding_benchmarks\quantum_circuits\ame43\monomial_full__sup123_P021_ph110\F3_W.qpy,C:\Users\szymon\QuditsOnQubits\QuditsOnQubits\basis_direct_encoding_benchmarks\quantum_circuits\ame43\monomial_full__sup123_P021_ph110\CZ3_W.qpy,C:\Users\szymon\QuditsOnQubits\QuditsOnQubits\basis_direct_encoding_benchmarks\quantum_circuits\ame43\monomial_full__sup123_P021_ph110\graph_state_direct_basis.qpy,C:\Users\szymon\QuditsOnQubits\QuditsOnQubits\basis_direct_encoding_benchmarks\quantum_circuits\ame43\monomial_full__sup123_P021_ph110\graph_state_direct_basis_transpiled.qpy,,C:\Users\szymon\QuditsOnQubits\QuditsOnQubits\basis_direct_encoding_benchmarks\quantum_circuits\ame43\monomial_full__sup123_P021_ph110\E.npy
direct_basis_encoding,ame43,ame43,ame43,ame43,4,4,8,sup123_P021_ph111,monomial,monomial_full,sup123_P021_ph111,False,True,100,199,299,200,,,1.843794,True,False,ok,,Converted from legacy E_new 4x3 isometry candidate.; Fidelity skipped because transpiled circuit has 128 qubits.,200,237.2,24.87,299,365.0,100,117.1,128,"{'sx': 101, 'cz': 99, 'rz': 56, 'rx': 42, 'rzz': 1}",10,10,0,C:\Users\szymon\QuditsOnQubits\QuditsOnQubits\basis_direct_encoding_benchmarks\quantum_circuits\ame43\monomial_full__sup123_P021_ph111,C:\Users\szymon\QuditsOnQubits\QuditsOnQubits\basis_direct_encoding_benchmarks\quantum_circuits\ame43\monomial_full__sup123_P021_ph111\F3_W.qpy,C:\Users\szymon\QuditsOnQubits\QuditsOnQubits\basis_direct_encoding_benchmarks\quantum_circuits\ame43\monomial_full__sup123_P021_ph111\CZ3_W.qpy,C:\Users\szymon\QuditsOnQubits\QuditsOnQubits\basis_direct_encoding_benchmarks\quantum_circuits\ame43\monomial_full__sup123_P021_ph111\graph_state_direct_basis.qpy,C:\Users\szymon\QuditsOnQubits\QuditsOnQubits\basis_direct_encoding_benchmarks\quantum_circuits\ame43\monomial_full__sup123_P021_ph111\graph_state_direct_basis_transpiled.qpy,,C:\Users\szymon\QuditsOnQubits\QuditsOnQubits\basis_direct_encoding_benchmarks\quantum_circuits\ame43\monomial_full__sup123_P021_ph111\E.npy
direct_basis_encoding,ame43,ame43,ame43,ame43,4,4,8,sup123_P021_ph112,monomial,monomial_full,sup123_P021_ph112,False,True,100,202,302,202,,,1.782426,True,False,ok,,Converted from legacy E_new 4x3 isometry candidate.; Fidelity skipped because transpiled circuit has 128 qubits.,202,237.6,24.19,302,365.8,100,117.1,128,"{'sx': 101, 'cz': 99, 'rz': 59, 'rx': 42, 'rzz': 1}",10,10,0,C:\Users\szymon\QuditsOnQubits\QuditsOnQubits\basis_direct_encoding_benchmarks\quantum_circuits\ame43\monomial_full__sup123_P021_ph112,C:\Users\szymon\QuditsOnQubits\QuditsOnQubits\basis_direct_encoding_benchmarks\quantum_circuits\ame43\monomial_full__sup123_P021_ph112\F3_W.qpy,C:\Users\szymon\QuditsOnQubits\QuditsOnQubits\basis_direct_encoding_benchmarks\quantum_circuits\ame43\monomial_full__sup123_P021_ph112\CZ3_W.qpy,C:\Users\szymon\QuditsOnQubits\QuditsOnQubits\basis_direct_encoding_benchmarks\quantum_circuits\ame43\monomial_full__sup123_P021_ph112\graph_state_direct_basis.qpy,C:\Users\szymon\QuditsOnQubits\QuditsOnQubits\basis_direct_encoding_benchmarks\quantum_circuits\ame43\monomial_full__sup123_P021_ph112\graph_state_direct_basis_transpiled.qpy,,C:\Users\szymon\QuditsOnQubits\QuditsOnQubits\basis_direct_encoding_benchmarks\quantum_circuits\ame43\monomial_full__sup123_P021_ph112\E.npy
direct_basis_encoding,ame43,ame43,ame43,ame43,4,4,8,sup123_P021_ph120,monomial,monomial_full,sup123_P021_ph120,False,True,100,198,298,200,,,1.510767,True,False,ok,,Converted from legacy E_new 4x3 isometry candidate.; Fidelity skipped because transpiled circuit has 128 qubits.,200,237.1,24.97,298,360.1,100,117.1,128,"{'sx': 101, 'cz': 99, 'rz': 55, 'rx': 42, 'rzz': 1}",10,10,0,C:\Users\szymon\QuditsOnQubits\QuditsOnQubits\basis_direct_encoding_benchmarks\quantum_circuits\ame43\monomial_full__sup123_P021_ph120,C:\Users\szymon\QuditsOnQubits\QuditsOnQubits\basis_direct_encoding_benchmarks\quantum_circuits\ame43\monomial_full__sup123_P021_ph120\F3_W.qpy,C:\Users\szymon\QuditsOnQubits\QuditsOnQubits\basis_direct_encoding_benchmarks\quantum_circuits\ame43\monomial_full__sup123_P021_ph120\CZ3_W.qpy,C:\Users\szymon\QuditsOnQubits\QuditsOnQubits\basis_direct_encoding_benchmarks\quantum_circuits\ame43\monomial_full__sup123_P021_ph120\graph_state_direct_basis.qpy,C:\Users\szymon\QuditsOnQubits\QuditsOnQubits\basis_direct_encoding_benchmarks\quantum_circuits\ame43\monomial_full__sup123_P021_ph120\graph_state_direct_basis_transpiled.qpy,,C:\Users\szymon\QuditsOnQubits\QuditsOnQubits\basis_direct_encoding_benchmarks\quantum_circuits\ame43\monomial_full__sup123_P021_ph120\E.npy
direct_basis_encoding,ame43,ame43,ame43,ame43,4,4,8,sup123_P021_ph121,monomial,monomial_full,sup123_P021_ph121,False,True,100,197,297,200,,,1.306826,True,False,ok,,Converted from legacy E_new 4x3 isometry candidate.; Fidelity skipped because transpiled circuit has 128 qubits.,200,236.9,25.03,297,359.6,100,117.1,128,"{'sx': 101, 'cz': 99, 'rz': 54, 'rx': 42, 'rzz': 1}",10,10,0,C:\Users\szymon\QuditsOnQubits\QuditsOnQubits\basis_direct_encoding_benchmarks\quantum_circuits\ame43\monomial_full__sup123_P021_ph121,C:\Users\szymon\QuditsOnQubits\QuditsOnQubits\basis_direct_encoding_benchmarks\quantum_circuits\ame43\monomial_full__sup123_P021_ph121\F3_W.qpy,C:\Users\szymon\QuditsOnQubits\QuditsOnQubits\basis_direct_encoding_benchmarks\quantum_circuits\ame43\monomial_full__sup123_P021_ph121\CZ3_W.qpy,C:\Users\szymon\QuditsOnQubits\QuditsOnQubits\basis_direct_encoding_benchmarks\quantum_circuits\ame43\monomial_full__sup123_P021_ph121\graph_state_direct_basis.qpy,C:\Users\szymon\QuditsOnQubits\QuditsOnQubits\basis_direct_encoding_benchmarks\quantum_circuits\ame43\monomial_full__sup123_P021_ph121\graph_state_direct_basis_transpiled.qpy,,C:\Users\szymon\QuditsOnQubits\QuditsOnQubits\basis_direct_encoding_benchmarks\quantum_circuits\ame43\monomial_full__sup123_P021_ph121\E.npy
direct_basis_encoding,ame43,ame43,ame43,ame43,4,4,8,sup123_P021_ph122,monomial,monomial_full,sup123_P021_ph122,False,True,100,197,297,199,,,1.575325,True,False,ok,,Converted from legacy E_new 4x3 isometry candidate.; Fidelity skipped because transpiled circuit has 128 qubits.,199,236.4,24.87,297,359.2,100,117.1,128,"{'sx': 101, 'cz': 99, 'rz': 54, 'rx': 42, 'rzz': 1}",10,10,0,C:\Users\szymon\QuditsOnQubits\QuditsOnQubits\basis_direct_encoding_benchmarks\quantum_circuits\ame43\monomial_full__sup123_P021_ph122,C:\Users\szymon\QuditsOnQubits\QuditsOnQubits\basis_direct_encoding_benchmarks\quantum_circuits\ame43\monomial_full__sup123_P021_ph122\F3_W.qpy,C:\Users\szymon\QuditsOnQubits\QuditsOnQubits\basis_direct_encoding_benchmarks\quantum_circuits\ame43\monomial_full__sup123_P021_ph122\CZ3_W.qpy,C:\Users\szymon\QuditsOnQubits\QuditsOnQubits\basis_direct_encoding_benchmarks\quantum_circuits\ame43\monomial_full__sup123_P021_ph122\graph_state_direct_basis.qpy,C:\Users\szymon\QuditsOnQubits\QuditsOnQubits\basis_direct_encoding_benchmarks\quantum_circuits\ame43\monomial_full__sup123_P021_ph122\graph_state_direct_basis_transpiled.qpy,,C:\Users\szymon\QuditsOnQubits\QuditsOnQubits\basis_direct_encoding_benchmarks\quantum_circuits\ame43\monomial_full__sup123_P021_ph122\E.npy
direct_basis_encoding,ame43,ame43,ame43,ame43,4,4,8,sup123_P021_ph200,monomial,monomial_full,sup123_P021_ph200,False,True,100,200,300,200,,,1.429392,True,False,ok,,Converted from legacy E_new 4x3 isometry candidate.; Fidelity skipped because transpiled circuit has 128 qubits.,200,237.2,24.87,300,365.7,100,117.1,128,"{'sx': 101, 'cz': 99, 'rz': 57, 'rx': 42, 'rzz': 1}",10,10,0,C:\Users\szymon\QuditsOnQubits\QuditsOnQubits\basis_direct_encoding_benchmarks\quantum_circuits\ame43\monomial_full__sup123_P021_ph200,C:\Users\szymon\QuditsOnQubits\QuditsOnQubits\basis_direct_encoding_benchmarks\quantum_circuits\ame43\monomial_full__sup123_P021_ph200\F3_W.qpy,C:\Users\szymon\QuditsOnQubits\QuditsOnQubits\basis_direct_encoding_benchmarks\quantum_circuits\ame43\monomial_full__sup123_P021_ph200\CZ3_W.qpy,C:\Users\szymon\QuditsOnQubits\QuditsOnQubits\basis_direct_encoding_benchmarks\quantum_circuits\ame43\monomial_full__sup123_P021_ph200\graph_state_direct_basis.qpy,C:\Users\szymon\QuditsOnQubits\QuditsOnQubits\basis_direct_encoding_benchmarks\quantum_circuits\ame43\monomial_full__sup123_P021_ph200\graph_state_direct_basis_transpiled.qpy,,C:\Users\szymon\QuditsOnQubits\QuditsOnQubits\basis_direct_encoding_benchmarks\quantum_circuits\ame43\monomial_full__sup123_P021_ph200\E.npy
direct_basis_encoding,ame43,ame43,ame43,ame43,4,4,8,sup123_P021_ph201,monomial,monomial_full,sup123_P021_ph201,False,True,100,202,302,202,,,1.48823,True,False,ok,,Converted from legacy E_new 4x3 isometry candidate.; Fidelity skipped because transpiled circuit has 128 qubits.,202,237.6,24.19,302,365.7,100,117.1,128,"{'sx': 101, 'cz': 99, 'rz': 59, 'rx': 42, 'rzz': 1}",10,10,0,C:\Users\szymon\QuditsOnQubits\QuditsOnQubits\basis_direct_encoding_benchmarks\quantum_circuits\ame43\monomial_full__sup123_P021_ph201,C:\Users\szymon\QuditsOnQubits\QuditsOnQubits\basis_direct_encoding_benchmarks\quantum_circuits\ame43\monomial_full__sup123_P021_ph201\F3_W.qpy,C:\Users\szymon\QuditsOnQubits\QuditsOnQubits\basis_direct_encoding_benchmarks\quantum_circuits\ame43\monomial_full__sup123_P021_ph201\CZ3_W.qpy,C:\Users\szymon\QuditsOnQubits\QuditsOnQubits\basis_direct_encoding_benchmarks\quantum_circuits\ame43\monomial_full__sup123_P021_ph201\graph_state_direct_basis.qpy,C:\Users\szymon\QuditsOnQubits\QuditsOnQubits\basis_direct_encoding_benchmarks\quantum_circuits\ame43\monomial_full__sup123_P021_ph201\graph_state_direct_basis_transpiled.qpy,,C:\Users\szymon\QuditsOnQubits\QuditsOnQubits\basis_direct_encoding_benchmarks\quantum_circuits\ame43\monomial_full__sup123_P021_ph201\E.npy
direct_basis_encoding,ame43,ame43,ame43,ame43,4,4,8,sup123_P021_ph202,monomial,monomial_full,sup123_P021_ph202,False,True,100,201,301,203,,,1.411476,True,False,ok,,Converted from legacy E_new 4x3 isometry candidate.; Fidelity skipped because transpiled circuit has 128 qubits.,203,238.3,24.29,301,366.0,100,117.1,128,"{'sx': 101, 'cz': 99, 'rz': 59, 'rx': 41, 'rzz': 1}",10,10,0,C:\Users\szymon\QuditsOnQubits\QuditsOnQubits\basis_direct_encoding_benchmarks\quantum_circuits\ame43\monomial_full__sup123_P021_ph202,C:\Users\szymon\QuditsOnQubits\QuditsOnQubits\basis_direct_encoding_benchmarks\quantum_circuits\ame43\monomial_full__sup123_P021_ph202\F3_W.qpy,C:\Users\szymon\QuditsOnQubits\QuditsOnQubits\basis_direct_encoding_benchmarks\quantum_circuits\ame43\monomial_full__sup123_P021_ph202\CZ3_W.qpy,C:\Users\szymon\QuditsOnQubits\QuditsOnQubits\basis_direct_encoding_benchmarks\quantum_circuits\ame43\monomial_full__sup123_P021_ph202\graph_state_direct_basis.qpy,C:\Users\szymon\QuditsOnQubits\QuditsOnQubits\basis_direct_encoding_benchmarks\quantum_circuits\ame43\monomial_full__sup123_P021_ph202\graph_state_direct_basis_transpiled.qpy,,C:\Users\szymon\QuditsOnQubits\QuditsOnQubits\basis_direct_encoding_benchmarks\quantum_circuits\ame43\monomial_full__sup123_P021_ph202\E.npy
direct_basis_encoding,ame43,ame43,ame43,ame43,4,4,8,sup123_P021_ph210,monomial,monomial_full,sup123_P021_ph210,False,True,100,198,298,200,,,1.503477,True,False,ok,,Converted from legacy E_new 4x3 isometry candidate.; Fidelity skipped because transpiled circuit has 128 qubits.,200,237.1,24.97,298,360.4,100,117.1,128,"{'sx': 101, 'cz': 99, 'rz': 55, 'rx': 42, 'rzz': 1}",10,10,0,C:\Users\szymon\QuditsOnQubits\QuditsOnQubits\basis_direct_encoding_benchmarks\quantum_circuits\ame43\monomial_full__sup123_P021_ph210,C:\Users\szymon\QuditsOnQubits\QuditsOnQubits\basis_direct_encoding_benchmarks\quantum_circuits\ame43\monomial_full__sup123_P021_ph210\F3_W.qpy,C:\Users\szymon\QuditsOnQubits\QuditsOnQubits\basis_direct_encoding_benchmarks\quantum_circuits\ame43\monomial_full__sup123_P021_ph210\CZ3_W.qpy,C:\Users\szymon\QuditsOnQubits\QuditsOnQubits\basis_direct_encoding_benchmarks\quantum_circuits\ame43\monomial_full__sup123_P021_ph210\graph_state_direct_basis.qpy,C:\Users\szymon\QuditsOnQubits\QuditsOnQubits\basis_direct_encoding_benchmarks\quantum_circuits\ame43\monomial_full__sup123_P021_ph210\graph_state_direct_basis_transpiled.qpy,,C:\Users\szymon\QuditsOnQubits\QuditsOnQubits\basis_direct_encoding_benchmarks\quantum_circuits\ame43\monomial_full__sup123_P021_ph210\E.npy
direct_basis_encoding,ame43,ame43,ame43,ame43,4,4,8,sup123_P021_ph211,monomial,monomial_full,sup123_P021_ph211,False,True,100,197,297,199,,,1.449276,True,False,ok,,Converted from legacy E_new 4x3 isometry candidate.; Fidelity skipped because transpiled circuit has 128 qubits.,199,236.4,24.87,297,359.0,100,117.1,128,"{'sx': 101, 'cz': 99, 'rz': 54, 'rx': 42, 'rzz': 1}",10,10,0,C:\Users\szymon\QuditsOnQubits\QuditsOnQubits\basis_direct_encoding_benchmarks\quantum_circuits\ame43\monomial_full__sup123_P021_ph211,C:\Users\szymon\QuditsOnQubits\QuditsOnQubits\basis_direct_encoding_benchmarks\quantum_circuits\ame43\monomial_full__sup123_P021_ph211\F3_W.qpy,C:\Users\szymon\QuditsOnQubits\QuditsOnQubits\basis_direct_encoding_benchmarks\quantum_circuits\ame43\monomial_full__sup123_P021_ph211\CZ3_W.qpy,C:\Users\szymon\QuditsOnQubits\QuditsOnQubits\basis_direct_encoding_benchmarks\quantum_circuits\ame43\monomial_full__sup123_P021_ph211\graph_state_direct_basis.qpy,C:\Users\szymon\QuditsOnQubits\QuditsOnQubits\basis_direct_encoding_benchmarks\quantum_circuits\ame43\monomial_full__sup123_P021_ph211\graph_state_direct_basis_transpiled.qpy,,C:\Users\szymon\QuditsOnQubits\QuditsOnQubits\basis_direct_encoding_benchmarks\quantum_circuits\ame43\monomial_full__sup123_P021_ph211\E.npy
direct_basis_encoding,ame43,ame43,ame43,ame43,4,4,8,sup123_P021_ph212,monomial,monomial_full,sup123_P021_ph212,False,True,100,196,296,200,,,1.448507,True,False,ok,,Converted from legacy E_new 4x3 isometry candidate.; Fidelity skipped because transpiled circuit has 128 qubits.,200,237.1,24.97,296,359.6,100,117.1,128,"{'sx': 101, 'cz': 99, 'rz': 54, 'rx': 41, 'rzz': 1}",10,10,0,C:\Users\szymon\QuditsOnQubits\QuditsOnQubits\basis_direct_encoding_benchmarks\quantum_circuits\ame43\monomial_full__sup123_P021_ph212,C:\Users\szymon\QuditsOnQubits\QuditsOnQubits\basis_direct_encoding_benchmarks\quantum_circuits\ame43\monomial_full__sup123_P021_ph212\F3_W.qpy,C:\Users\szymon\QuditsOnQubits\QuditsOnQubits\basis_direct_encoding_benchmarks\quantum_circuits\ame43\monomial_full__sup123_P021_ph212\CZ3_W.qpy,C:\Users\szymon\QuditsOnQubits\QuditsOnQubits\basis_direct_encoding_benchmarks\quantum_circuits\ame43\monomial_full__sup123_P021_ph212\graph_state_direct_basis.qpy,C:\Users\szymon\QuditsOnQubits\QuditsOnQubits\basis_direct_encoding_benchmarks\quantum_circuits\ame43\monomial_full__sup123_P021_ph212\graph_state_direct_basis_transpiled.qpy,,C:\Users\szymon\QuditsOnQubits\QuditsOnQubits\basis_direct_encoding_benchmarks\quantum_circuits\ame43\monomial_full__sup123_P021_ph212\E.npy
direct_basis_encoding,ame43,ame43,ame43,ame43,4,4,8,sup123_P021_ph220,monomial,monomial_full,sup123_P021_ph220,False,True,100,203,303,203,,,1.391548,True,False,ok,,Converted from legacy E_new 4x3 isometry candidate.; Fidelity skipped because transpiled circuit has 128 qubits.,203,238.3,24.29,303,367.0,100,117.1,128,"{'sx': 101, 'cz': 99, 'rz': 60, 'rx': 42, 'rzz': 1}",10,10,0,C:\Users\szymon\QuditsOnQubits\QuditsOnQubits\basis_direct_encoding_benchmarks\quantum_circuits\ame43\monomial_full__sup123_P021_ph220,C:\Users\szymon\QuditsOnQubits\QuditsOnQubits\basis_direct_encoding_benchmarks\quantum_circuits\ame43\monomial_full__sup123_P021_ph220\F3_W.qpy,C:\Users\szymon\QuditsOnQubits\QuditsOnQubits\basis_direct_encoding_benchmarks\quantum_circuits\ame43\monomial_full__sup123_P021_ph220\CZ3_W.qpy,C:\Users\szymon\QuditsOnQubits\QuditsOnQubits\basis_direct_encoding_benchmarks\quantum_circuits\ame43\monomial_full__sup123_P021_ph220\graph_state_direct_basis.qpy,C:\Users\szymon\QuditsOnQubits\QuditsOnQubits\basis_direct_encoding_benchmarks\quantum_circuits\ame43\monomial_full__sup123_P021_ph220\graph_state_direct_basis_transpiled.qpy,,C:\Users\szymon\QuditsOnQubits\QuditsOnQubits\basis_direct_encoding_benchmarks\quantum_circuits\ame43\monomial_full__sup123_P021_ph220\E.npy
direct_basis_encoding,ame43,ame43,ame43,ame43,4,4,8,sup123_P021_ph221,monomial,monomial_full,sup123_P021_ph221,False,True,100,202,302,202,,,1.372775,True,False,ok,,Converted from legacy E_new 4x3 isometry candidate.; Fidelity skipped because transpiled circuit has 128 qubits.,202,237.6,24.19,302,365.7,100,117.1,128,"{'sx': 101, 'cz': 99, 'rz': 59, 'rx': 42, 'rzz': 1}",10,10,0,C:\Users\szymon\QuditsOnQubits\QuditsOnQubits\basis_direct_encoding_benchmarks\quantum_circuits\ame43\monomial_full__sup123_P021_ph221,C:\Users\szymon\QuditsOnQubits\QuditsOnQubits\basis_direct_encoding_benchmarks\quantum_circuits\ame43\monomial_full__sup123_P021_ph221\F3_W.qpy,C:\Users\szymon\QuditsOnQubits\QuditsOnQubits\basis_direct_encoding_benchmarks\quantum_circuits\ame43\monomial_full__sup123_P021_ph221\CZ3_W.qpy,C:\Users\szymon\QuditsOnQubits\QuditsOnQubits\basis_direct_encoding_benchmarks\quantum_circuits\ame43\monomial_full__sup123_P021_ph221\graph_state_direct_basis.qpy,C:\Users\szymon\QuditsOnQubits\QuditsOnQubits\basis_direct_encoding_benchmarks\quantum_circuits\ame43\monomial_full__sup123_P021_ph221\graph_state_direct_basis_transpiled.qpy,,C:\Users\szymon\QuditsOnQubits\QuditsOnQubits\basis_direct_encoding_benchmarks\quantum_circuits\ame43\monomial_full__sup123_P021_ph221\E.npy
direct_basis_encoding,ame43,ame43,ame43,ame43,4,4,8,sup123_P021_ph222,monomial,monomial_full,sup123_P021_ph222,False,True,100,198,298,200,,,1.313472,True,False,ok,,Converted from legacy E_new 4x3 isometry candidate.; Fidelity skipped because transpiled circuit has 128 qubits.,200,237.2,24.87,298,364.4,100,117.1,128,"{'sx': 101, 'cz': 99, 'rz': 56, 'rx': 41, 'rzz': 1}",10,10,0,C:\Users\szymon\QuditsOnQubits\QuditsOnQubits\basis_direct_encoding_benchmarks\quantum_circuits\ame43\monomial_full__sup123_P021_ph222,C:\Users\szymon\QuditsOnQubits\QuditsOnQubits\basis_direct_encoding_benchmarks\quantum_circuits\ame43\monomial_full__sup123_P021_ph222\F3_W.qpy,C:\Users\szymon\QuditsOnQubits\QuditsOnQubits\basis_direct_encoding_benchmarks\quantum_circuits\ame43\monomial_full__sup123_P021_ph222\CZ3_W.qpy,C:\Users\szymon\QuditsOnQubits\QuditsOnQubits\basis_direct_encoding_benchmarks\quantum_circuits\ame43\monomial_full__sup123_P021_ph222\graph_state_direct_basis.qpy,C:\Users\szymon\QuditsOnQubits\QuditsOnQubits\basis_direct_encoding_benchmarks\quantum_circuits\ame43\monomial_full__sup123_P021_ph222\graph_state_direct_basis_transpiled.qpy,,C:\Users\szymon\QuditsOnQubits\QuditsOnQubits\basis_direct_encoding_benchmarks\quantum_circuits\ame43\monomial_full__sup123_P021_ph222\E.npy
direct_basis_encoding,ame43,ame43,ame43,ame43,4,4,8,sup123_P102_ph000,monomial,monomial_full,sup123_P102_ph000,False,True,86,200,286,184,,,1.325521,True,False,ok,,Converted from legacy E_new 4x3 isometry candidate.; Fidelity skipped because transpiled circuit has 128 qubits.,184,212.8,12.0,286,331.5,86,100.5,128,"{'cz': 70, 'sx': 69, 'rz': 67, 'rx': 64, 'rzz': 16}",10,10,0,C:\Users\szymon\QuditsOnQubits\QuditsOnQubits\basis_direct_encoding_benchmarks\quantum_circuits\ame43\monomial_full__sup123_P102_ph000,C:\Users\szymon\QuditsOnQubits\QuditsOnQubits\basis_direct_encoding_benchmarks\quantum_circuits\ame43\monomial_full__sup123_P102_ph000\F3_W.qpy,C:\Users\szymon\QuditsOnQubits\QuditsOnQubits\basis_direct_encoding_benchmarks\quantum_circuits\ame43\monomial_full__sup123_P102_ph000\CZ3_W.qpy,C:\Users\szymon\QuditsOnQubits\QuditsOnQubits\basis_direct_encoding_benchmarks\quantum_circuits\ame43\monomial_full__sup123_P102_ph000\graph_state_direct_basis.qpy,C:\Users\szymon\QuditsOnQubits\QuditsOnQubits\basis_direct_encoding_benchmarks\quantum_circuits\ame43\monomial_full__sup123_P102_ph000\graph_state_direct_basis_transpiled.qpy,,C:\Users\szymon\QuditsOnQubits\QuditsOnQubits\basis_direct_encoding_benchmarks\quantum_circuits\ame43\monomial_full__sup123_P102_ph000\E.npy
direct_basis_encoding,ame43,ame43,ame43,ame43,4,4,8,sup123_P102_ph001,monomial,monomial_full,sup123_P102_ph001,False,True,86,207,293,186,,,1.356502,True,False,ok,,Converted from legacy E_new 4x3 isometry candidate.; Fidelity skipped because transpiled circuit has 128 qubits.,186,213.8,11.67,293,336.0,86,100.5,128,"{'rz': 74, 'cz': 70, 'sx': 69, 'rx': 64, 'rzz': 16}",10,10,0,C:\Users\szymon\QuditsOnQubits\QuditsOnQubits\basis_direct_encoding_benchmarks\quantum_circuits\ame43\monomial_full__sup123_P102_ph001,C:\Users\szymon\QuditsOnQubits\QuditsOnQubits\basis_direct_encoding_benchmarks\quantum_circuits\ame43\monomial_full__sup123_P102_ph001\F3_W.qpy,C:\Users\szymon\QuditsOnQubits\QuditsOnQubits\basis_direct_encoding_benchmarks\quantum_circuits\ame43\monomial_full__sup123_P102_ph001\CZ3_W.qpy,C:\Users\szymon\QuditsOnQubits\QuditsOnQubits\basis_direct_encoding_benchmarks\quantum_circuits\ame43\monomial_full__sup123_P102_ph001\graph_state_direct_basis.qpy,C:\Users\szymon\QuditsOnQubits\QuditsOnQubits\basis_direct_encoding_benchmarks\quantum_circuits\ame43\monomial_full__sup123_P102_ph001\graph_state_direct_basis_transpiled.qpy,,C:\Users\szymon\QuditsOnQubits\QuditsOnQubits\basis_direct_encoding_benchmarks\quantum_circuits\ame43\monomial_full__sup123_P102_ph001\E.npy
direct_basis_encoding,ame43,ame43,ame43,ame43,4,4,8,sup123_P102_ph002,monomial,monomial_full,sup123_P102_ph002,False,True,86,209,295,186,,,1.407491,True,False,ok,,Converted from legacy E_new 4x3 isometry candidate.; Fidelity skipped because transpiled circuit has 128 qubits.,186,213.8,11.67,295,337.0,86,100.5,128,"{'rz': 75, 'cz': 70, 'sx': 69, 'rx': 65, 'rzz': 16}",10,10,0,C:\Users\szymon\QuditsOnQubits\QuditsOnQubits\basis_direct_encoding_benchmarks\quantum_circuits\ame43\monomial_full__sup123_P102_ph002,C:\Users\szymon\QuditsOnQubits\QuditsOnQubits\basis_direct_encoding_benchmarks\quantum_circuits\ame43\monomial_full__sup123_P102_ph002\F3_W.qpy,C:\Users\szymon\QuditsOnQubits\QuditsOnQubits\basis_direct_encoding_benchmarks\quantum_circuits\ame43\monomial_full__sup123_P102_ph002\CZ3_W.qpy,C:\Users\szymon\QuditsOnQubits\QuditsOnQubits\basis_direct_encoding_benchmarks\quantum_circuits\ame43\monomial_full__sup123_P102_ph002\graph_state_direct_basis.qpy,C:\Users\szymon\QuditsOnQubits\QuditsOnQubits\basis_direct_encoding_benchmarks\quantum_circuits\ame43\monomial_full__sup123_P102_ph002\graph_state_direct_basis_transpiled.qpy,,C:\Users\szymon\QuditsOnQubits\QuditsOnQubits\basis_direct_encoding_benchmarks\quantum_circuits\ame43\monomial_full__sup123_P102_ph002\E.npy
direct_basis_encoding,ame43,ame43,ame43,ame43,4,4,8,sup123_P102_ph010,monomial,monomial_full,sup123_P102_ph010,False,True,86,210,296,187,,,1.537388,True,False,ok,,Converted from legacy E_new 4x3 isometry candidate.; Fidelity skipped because transpiled circuit has 128 qubits.,187,213.8,11.37,296,341.2,86,100.5,128,"{'rz': 77, 'cz': 70, 'sx': 69, 'rx': 64, 'rzz': 16}",10,10,0,C:\Users\szymon\QuditsOnQubits\QuditsOnQubits\basis_direct_encoding_benchmarks\quantum_circuits\ame43\monomial_full__sup123_P102_ph010,C:\Users\szymon\QuditsOnQubits\QuditsOnQubits\basis_direct_encoding_benchmarks\quantum_circuits\ame43\monomial_full__sup123_P102_ph010\F3_W.qpy,C:\Users\szymon\QuditsOnQubits\QuditsOnQubits\basis_direct_encoding_benchmarks\quantum_circuits\ame43\monomial_full__sup123_P102_ph010\CZ3_W.qpy,C:\Users\szymon\QuditsOnQubits\QuditsOnQubits\basis_direct_encoding_benchmarks\quantum_circuits\ame43\monomial_full__sup123_P102_ph010\graph_state_direct_basis.qpy,C:\Users\szymon\QuditsOnQubits\QuditsOnQubits\basis_direct_encoding_benchmarks\quantum_circuits\ame43\monomial_full__sup123_P102_ph010\graph_state_direct_basis_transpiled.qpy,,C:\Users\szymon\QuditsOnQubits\QuditsOnQubits\basis_direct_encoding_benchmarks\quantum_circuits\ame43\monomial_full__sup123_P102_ph010\E.npy
direct_basis_encoding,ame43,ame43,ame43,ame43,4,4,8,sup123_P102_ph011,monomial,monomial_full,sup123_P102_ph011,False,True,86,211,297,185,,,1.349096,True,False,ok,,Converted from legacy E_new 4x3 isometry candidate.; Fidelity skipped because transpiled circuit has 128 qubits.,185,213.0,11.82,297,338.3,86,100.5,128,"{'rz': 78, 'cz': 70, 'sx': 69, 'rx': 64, 'rzz': 16}",10,10,0,C:\Users\szymon\QuditsOnQubits\QuditsOnQubits\basis_direct_encoding_benchmarks\quantum_circuits\ame43\monomial_full__sup123_P102_ph011,C:\Users\szymon\QuditsOnQubits\QuditsOnQubits\basis_direct_encoding_benchmarks\quantum_circuits\ame43\monomial_full__sup123_P102_ph011\F3_W.qpy,C:\Users\szymon\QuditsOnQubits\QuditsOnQubits\basis_direct_encoding_benchmarks\quantum_circuits\ame43\monomial_full__sup123_P102_ph011\CZ3_W.qpy,C:\Users\szymon\QuditsOnQubits\QuditsOnQubits\basis_direct_encoding_benchmarks\quantum_circuits\ame43\monomial_full__sup123_P102_ph011\graph_state_direct_basis.qpy,C:\Users\szymon\QuditsOnQubits\QuditsOnQubits\basis_direct_encoding_benchmarks\quantum_circuits\ame43\monomial_full__sup123_P102_ph011\graph_state_direct_basis_transpiled.qpy,,C:\Users\szymon\QuditsOnQubits\QuditsOnQubits\basis_direct_encoding_benchmarks\quantum_circuits\ame43\monomial_full__sup123_P102_ph011\E.npy
direct_basis_encoding,ame43,ame43,ame43,ame43,4,4,8,sup123_P102_ph012,monomial,monomial_full,sup123_P102_ph012,False,True,86,216,302,187,,,1.319609,True,False,ok,,Converted from legacy E_new 4x3 isometry candidate.; Fidelity skipped because transpiled circuit has 128 qubits.,187,213.9,11.43,302,343.0,86,100.5,128,"{'rz': 82, 'cz': 70, 'sx': 69, 'rx': 65, 'rzz': 16}",10,10,0,C:\Users\szymon\QuditsOnQubits\QuditsOnQubits\basis_direct_encoding_benchmarks\quantum_circuits\ame43\monomial_full__sup123_P102_ph012,C:\Users\szymon\QuditsOnQubits\QuditsOnQubits\basis_direct_encoding_benchmarks\quantum_circuits\ame43\monomial_full__sup123_P102_ph012\F3_W.qpy,C:\Users\szymon\QuditsOnQubits\QuditsOnQubits\basis_direct_encoding_benchmarks\quantum_circuits\ame43\monomial_full__sup123_P102_ph012\CZ3_W.qpy,C:\Users\szymon\QuditsOnQubits\QuditsOnQubits\basis_direct_encoding_benchmarks\quantum_circuits\ame43\monomial_full__sup123_P102_ph012\graph_state_direct_basis.qpy,C:\Users\szymon\QuditsOnQubits\QuditsOnQubits\basis_direct_encoding_benchmarks\quantum_circuits\ame43\monomial_full__sup123_P102_ph012\graph_state_direct_basis_transpiled.qpy,,C:\Users\szymon\QuditsOnQubits\QuditsOnQubits\basis_direct_encoding_benchmarks\quantum_circuits\ame43\monomial_full__sup123_P102_ph012\E.npy
direct_basis_encoding,ame43,ame43,ame43,ame43,4,4,8,sup123_P102_ph020,monomial,monomial_full,sup123_P102_ph020,False,True,86,210,296,187,,,1.554564,True,False,ok,,Converted from legacy E_new 4x3 isometry candidate.; Fidelity skipped because transpiled circuit has 128 qubits.,187,213.8,11.37,296,341.2,86,100.5,128,"{'rz': 77, 'cz': 70, 'sx': 69, 'rx': 64, 'rzz': 16}",10,10,0,C:\Users\szymon\QuditsOnQubits\QuditsOnQubits\basis_direct_encoding_benchmarks\quantum_circuits\ame43\monomial_full__sup123_P102_ph020,C:\Users\szymon\QuditsOnQubits\QuditsOnQubits\basis_direct_encoding_benchmarks\quantum_circuits\ame43\monomial_full__sup123_P102_ph020\F3_W.qpy,C:\Users\szymon\QuditsOnQubits\QuditsOnQubits\basis_direct_encoding_benchmarks\quantum_circuits\ame43\monomial_full__sup123_P102_ph020\CZ3_W.qpy,C:\Users\szymon\QuditsOnQubits\QuditsOnQubits\basis_direct_encoding_benchmarks\quantum_circuits\ame43\monomial_full__sup123_P102_ph020\graph_state_direct_basis.qpy,C:\Users\szymon\QuditsOnQubits\QuditsOnQubits\basis_direct_encoding_benchmarks\quantum_circuits\ame43\monomial_full__sup123_P102_ph020\graph_state_direct_basis_transpiled.qpy,,C:\Users\szymon\QuditsOnQubits\QuditsOnQubits\basis_direct_encoding_benchmarks\quantum_circuits\ame43\monomial_full__sup123_P102_ph020\E.npy
direct_basis_encoding,ame43,ame43,ame43,ame43,4,4,8,sup123_P102_ph021,monomial,monomial_full,sup123_P102_ph021,False,True,86,214,300,187,,,1.319808,True,False,ok,,Converted from legacy E_new 4x3 isometry candidate.; Fidelity skipped because transpiled circuit has 128 qubits.,187,213.9,11.43,300,343.6,86,100.5,128,"{'rz': 81, 'cz': 70, 'sx': 69, 'rx': 64, 'rzz': 16}",10,10,0,C:\Users\szymon\QuditsOnQubits\QuditsOnQubits\basis_direct_encoding_benchmarks\quantum_circuits\ame43\monomial_full__sup123_P102_ph021,C:\Users\szymon\QuditsOnQubits\QuditsOnQubits\basis_direct_encoding_benchmarks\quantum_circuits\ame43\monomial_full__sup123_P102_ph021\F3_W.qpy,C:\Users\szymon\QuditsOnQubits\QuditsOnQubits\basis_direct_encoding_benchmarks\quantum_circuits\ame43\monomial_full__sup123_P102_ph021\CZ3_W.qpy,C:\Users\szymon\QuditsOnQubits\QuditsOnQubits\basis_direct_encoding_benchmarks\quantum_circuits\ame43\monomial_full__sup123_P102_ph021\graph_state_direct_basis.qpy,C:\Users\szymon\QuditsOnQubits\QuditsOnQubits\basis_direct_encoding_benchmarks\quantum_circuits\ame43\monomial_full__sup123_P102_ph021\graph_state_direct_basis_transpiled.qpy,,C:\Users\szymon\QuditsOnQubits\QuditsOnQubits\basis_direct_encoding_benchmarks\quantum_circuits\ame43\monomial_full__sup123_P102_ph021\E.npy
direct_basis_encoding,ame43,ame43,ame43,ame43,4,4,8,sup123_P102_ph022,monomial,monomial_full,sup123_P102_ph022,False,True,86,211,297,185,,,1.364298,True,False,ok,,Converted from legacy E_new 4x3 isometry candidate.; Fidelity skipped because transpiled circuit has 128 qubits.,185,213.0,11.82,297,338.4,86,100.5,128,"{'rz': 78, 'cz': 70, 'sx': 69, 'rx': 64, 'rzz': 16}",10,10,0,C:\Users\szymon\QuditsOnQubits\QuditsOnQubits\basis_direct_encoding_benchmarks\quantum_circuits\ame43\monomial_full__sup123_P102_ph022,C:\Users\szymon\QuditsOnQubits\QuditsOnQubits\basis_direct_encoding_benchmarks\quantum_circuits\ame43\monomial_full__sup123_P102_ph022\F3_W.qpy,C:\Users\szymon\QuditsOnQubits\QuditsOnQubits\basis_direct_encoding_benchmarks\quantum_circuits\ame43\monomial_full__sup123_P102_ph022\CZ3_W.qpy,C:\Users\szymon\QuditsOnQubits\QuditsOnQubits\basis_direct_encoding_benchmarks\quantum_circuits\ame43\monomial_full__sup123_P102_ph022\graph_state_direct_basis.qpy,C:\Users\szymon\QuditsOnQubits\QuditsOnQubits\basis_direct_encoding_benchmarks\quantum_circuits\ame43\monomial_full__sup123_P102_ph022\graph_state_direct_basis_transpiled.qpy,,C:\Users\szymon\QuditsOnQubits\QuditsOnQubits\basis_direct_encoding_benchmarks\quantum_circuits\ame43\monomial_full__sup123_P102_ph022\E.npy
direct_basis_encoding,ame43,ame43,ame43,ame43,4,4,8,sup123_P102_ph100,monomial,monomial_full,sup123_P102_ph100,False,True,86,211,297,185,,,1.346041,True,False,ok,,Converted from legacy E_new 4x3 isometry candidate.; Fidelity skipped because transpiled circuit has 128 qubits.,185,213.0,11.82,297,339.1,86,100.5,128,"{'rz': 78, 'cz': 70, 'sx': 69, 'rx': 64, 'rzz': 16}",10,10,0,C:\Users\szymon\QuditsOnQubits\QuditsOnQubits\basis_direct_encoding_benchmarks\quantum_circuits\ame43\monomial_full__sup123_P102_ph100,C:\Users\szymon\QuditsOnQubits\QuditsOnQubits\basis_direct_encoding_benchmarks\quantum_circuits\ame43\monomial_full__sup123_P102_ph100\F3_W.qpy,C:\Users\szymon\QuditsOnQubits\QuditsOnQubits\basis_direct_encoding_benchmarks\quantum_circuits\ame43\monomial_full__sup123_P102_ph100\CZ3_W.qpy,C:\Users\szymon\QuditsOnQubits\QuditsOnQubits\basis_direct_encoding_benchmarks\quantum_circuits\ame43\monomial_full__sup123_P102_ph100\graph_state_direct_basis.qpy,C:\Users\szymon\QuditsOnQubits\QuditsOnQubits\basis_direct_encoding_benchmarks\quantum_circuits\ame43\monomial_full__sup123_P102_ph100\graph_state_direct_basis_transpiled.qpy,,C:\Users\szymon\QuditsOnQubits\QuditsOnQubits\basis_direct_encoding_benchmarks\quantum_circuits\ame43\monomial_full__sup123_P102_ph100\E.npy
direct_basis_encoding,ame43,ame43,ame43,ame43,4,4,8,sup123_P102_ph101,monomial,monomial_full,sup123_P102_ph101,False,True,86,214,300,187,,,1.44795,True,False,ok,,Converted from legacy E_new 4x3 isometry candidate.; Fidelity skipped because transpiled circuit has 128 qubits.,187,213.9,11.43,300,341.9,86,100.5,128,"{'rz': 80, 'cz': 70, 'sx': 69, 'rx': 65, 'rzz': 16}",10,10,0,C:\Users\szymon\QuditsOnQubits\QuditsOnQubits\basis_direct_encoding_benchmarks\quantum_circuits\ame43\monomial_full__sup123_P102_ph101,C:\Users\szymon\QuditsOnQubits\QuditsOnQubits\basis_direct_encoding_benchmarks\quantum_circuits\ame43\monomial_full__sup123_P102_ph101\F3_W.qpy,C:\Users\szymon\QuditsOnQubits\QuditsOnQubits\basis_direct_encoding_benchmarks\quantum_circuits\ame43\monomial_full__sup123_P102_ph101\CZ3_W.qpy,C:\Users\szymon\QuditsOnQubits\QuditsOnQubits\basis_direct_encoding_benchmarks\quantum_circuits\ame43\monomial_full__sup123_P102_ph101\graph_state_direct_basis.qpy,C:\Users\szymon\QuditsOnQubits\QuditsOnQubits\basis_direct_encoding_benchmarks\quantum_circuits\ame43\monomial_full__sup123_P102_ph101\graph_state_direct_basis_transpiled.qpy,,C:\Users\szymon\QuditsOnQubits\QuditsOnQubits\basis_direct_encoding_benchmarks\quantum_circuits\ame43\monomial_full__sup123_P102_ph101\E.npy
direct_basis_encoding,ame43,ame43,ame43,ame43,4,4,8,sup123_P102_ph102,monomial,monomial_full,sup123_P102_ph102,False,True,86,213,299,187,,,1.633411,True,False,ok,,Converted from legacy E_new 4x3 isometry candidate.; Fidelity skipped because transpiled circuit has 128 qubits.,187,213.8,11.37,299,342.5,86,100.5,128,"{'rz': 80, 'cz': 70, 'sx': 69, 'rx': 64, 'rzz': 16}",10,10,0,C:\Users\szymon\QuditsOnQubits\QuditsOnQubits\basis_direct_encoding_benchmarks\quantum_circuits\ame43\monomial_full__sup123_P102_ph102,C:\Users\szymon\QuditsOnQubits\QuditsOnQubits\basis_direct_encoding_benchmarks\quantum_circuits\ame43\monomial_full__sup123_P102_ph102\F3_W.qpy,C:\Users\szymon\QuditsOnQubits\QuditsOnQubits\basis_direct_encoding_benchmarks\quantum_circuits\ame43\monomial_full__sup123_P102_ph102\CZ3_W.qpy,C:\Users\szymon\QuditsOnQubits\QuditsOnQubits\basis_direct_encoding_benchmarks\quantum_circuits\ame43\monomial_full__sup123_P102_ph102\graph_state_direct_basis.qpy,C:\Users\szymon\QuditsOnQubits\QuditsOnQubits\basis_direct_encoding_benchmarks\quantum_circuits\ame43\monomial_full__sup123_P102_ph102\graph_state_direct_basis_transpiled.qpy,,C:\Users\szymon\QuditsOnQubits\QuditsOnQubits\basis_direct_encoding_benchmarks\quantum_circuits\ame43\monomial_full__sup123_P102_ph102\E.npy
direct_basis_encoding,ame43,ame43,ame43,ame43,4,4,8,sup123_P102_ph110,monomial,monomial_full,sup123_P102_ph110,False,True,86,216,302,187,,,1.574596,True,False,ok,,Converted from legacy E_new 4x3 isometry candidate.; Fidelity skipped because transpiled circuit has 128 qubits.,187,213.9,11.43,302,343.0,86,100.5,128,"{'rz': 82, 'cz': 70, 'sx': 69, 'rx': 65, 'rzz': 16}",10,10,0,C:\Users\szymon\QuditsOnQubits\QuditsOnQubits\basis_direct_encoding_benchmarks\quantum_circuits\ame43\monomial_full__sup123_P102_ph110,C:\Users\szymon\QuditsOnQubits\QuditsOnQubits\basis_direct_encoding_benchmarks\quantum_circuits\ame43\monomial_full__sup123_P102_ph110\F3_W.qpy,C:\Users\szymon\QuditsOnQubits\QuditsOnQubits\basis_direct_encoding_benchmarks\quantum_circuits\ame43\monomial_full__sup123_P102_ph110\CZ3_W.qpy,C:\Users\szymon\QuditsOnQubits\QuditsOnQubits\basis_direct_encoding_benchmarks\quantum_circuits\ame43\monomial_full__sup123_P102_ph110\graph_state_direct_basis.qpy,C:\Users\szymon\QuditsOnQubits\QuditsOnQubits\basis_direct_encoding_benchmarks\quantum_circuits\ame43\monomial_full__sup123_P102_ph110\graph_state_direct_basis_transpiled.qpy,,C:\Users\szymon\QuditsOnQubits\QuditsOnQubits\basis_direct_encoding_benchmarks\quantum_circuits\ame43\monomial_full__sup123_P102_ph110\E.npy
direct_basis_encoding,ame43,ame43,ame43,ame43,4,4,8,sup123_P102_ph111,monomial,monomial_full,sup123_P102_ph111,False,True,86,208,294,185,,,1.770691,True,False,ok,,Converted from legacy E_new 4x3 isometry candidate.; Fidelity skipped because transpiled circuit has 128 qubits.,185,213.0,11.82,294,338.1,86,100.5,128,"{'rz': 75, 'cz': 70, 'sx': 69, 'rx': 64, 'rzz': 16}",10,10,0,C:\Users\szymon\QuditsOnQubits\QuditsOnQubits\basis_direct_encoding_benchmarks\quantum_circuits\ame43\monomial_full__sup123_P102_ph111,C:\Users\szymon\QuditsOnQubits\QuditsOnQubits\basis_direct_encoding_benchmarks\quantum_circuits\ame43\monomial_full__sup123_P102_ph111\F3_W.qpy,C:\Users\szymon\QuditsOnQubits\QuditsOnQubits\basis_direct_encoding_benchmarks\quantum_circuits\ame43\monomial_full__sup123_P102_ph111\CZ3_W.qpy,C:\Users\szymon\QuditsOnQubits\QuditsOnQubits\basis_direct_encoding_benchmarks\quantum_circuits\ame43\monomial_full__sup123_P102_ph111\graph_state_direct_basis.qpy,C:\Users\szymon\QuditsOnQubits\QuditsOnQubits\basis_direct_encoding_benchmarks\quantum_circuits\ame43\monomial_full__sup123_P102_ph111\graph_state_direct_basis_transpiled.qpy,,C:\Users\szymon\QuditsOnQubits\QuditsOnQubits\basis_direct_encoding_benchmarks\quantum_circuits\ame43\monomial_full__sup123_P102_ph111\E.npy
direct_basis_encoding,ame43,ame43,ame43,ame43,4,4,8,sup123_P102_ph112,monomial,monomial_full,sup123_P102_ph112,False,True,86,213,299,187,,,1.487956,True,False,ok,,Converted from legacy E_new 4x3 isometry candidate.; Fidelity skipped because transpiled circuit has 128 qubits.,187,213.8,11.37,299,343.3,86,100.5,128,"{'rz': 80, 'cz': 70, 'sx': 69, 'rx': 64, 'rzz': 16}",10,10,0,C:\Users\szymon\QuditsOnQubits\QuditsOnQubits\basis_direct_encoding_benchmarks\quantum_circuits\ame43\monomial_full__sup123_P102_ph112,C:\Users\szymon\QuditsOnQubits\QuditsOnQubits\basis_direct_encoding_benchmarks\quantum_circuits\ame43\monomial_full__sup123_P102_ph112\F3_W.qpy,C:\Users\szymon\QuditsOnQubits\QuditsOnQubits\basis_direct_encoding_benchmarks\quantum_circuits\ame43\monomial_full__sup123_P102_ph112\CZ3_W.qpy,C:\Users\szymon\QuditsOnQubits\QuditsOnQubits\basis_direct_encoding_benchmarks\quantum_circuits\ame43\monomial_full__sup123_P102_ph112\graph_state_direct_basis.qpy,C:\Users\szymon\QuditsOnQubits\QuditsOnQubits\basis_direct_encoding_benchmarks\quantum_circuits\ame43\monomial_full__sup123_P102_ph112\graph_state_direct_basis_transpiled.qpy,,C:\Users\szymon\QuditsOnQubits\QuditsOnQubits\basis_direct_encoding_benchmarks\quantum_circuits\ame43\monomial_full__sup123_P102_ph112\E.npy
direct_basis_encoding,ame43,ame43,ame43,ame43,4,4,8,sup123_P102_ph120,monomial,monomial_full,sup123_P102_ph120,False,True,86,209,295,186,,,1.554088,True,False,ok,,Converted from legacy E_new 4x3 isometry candidate.; Fidelity skipped because transpiled circuit has 128 qubits.,186,213.8,11.67,295,336.2,86,100.5,128,"{'rz': 75, 'cz': 70, 'sx': 69, 'rx': 65, 'rzz': 16}",10,10,0,C:\Users\szymon\QuditsOnQubits\QuditsOnQubits\basis_direct_encoding_benchmarks\quantum_circuits\ame43\monomial_full__sup123_P102_ph120,C:\Users\szymon\QuditsOnQubits\QuditsOnQubits\basis_direct_encoding_benchmarks\quantum_circuits\ame43\monomial_full__sup123_P102_ph120\F3_W.qpy,C:\Users\szymon\QuditsOnQubits\QuditsOnQubits\basis_direct_encoding_benchmarks\quantum_circuits\ame43\monomial_full__sup123_P102_ph120\CZ3_W.qpy,C:\Users\szymon\QuditsOnQubits\QuditsOnQubits\basis_direct_encoding_benchmarks\quantum_circuits\ame43\monomial_full__sup123_P102_ph120\graph_state_direct_basis.qpy,C:\Users\szymon\QuditsOnQubits\QuditsOnQubits\basis_direct_encoding_benchmarks\quantum_circuits\ame43\monomial_full__sup123_P102_ph120\graph_state_direct_basis_transpiled.qpy,,C:\Users\szymon\QuditsOnQubits\QuditsOnQubits\basis_direct_encoding_benchmarks\quantum_circuits\ame43\monomial_full__sup123_P102_ph120\E.npy
direct_basis_encoding,ame43,ame43,ame43,ame43,4,4,8,sup123_P102_ph121,monomial,monomial_full,sup123_P102_ph121,False,True,86,204,290,186,,,1.802279,True,False,ok,,Converted from legacy E_new 4x3 isometry candidate.; Fidelity skipped because transpiled circuit has 128 qubits.,186,213.8,11.67,290,334.9,86,100.5,128,"{'rz': 71, 'cz': 70, 'sx': 69, 'rx': 64, 'rzz': 16}",10,10,0,C:\Users\szymon\QuditsOnQubits\QuditsOnQubits\basis_direct_encoding_benchmarks\quantum_circuits\ame43\monomial_full__sup123_P102_ph121,C:\Users\szymon\QuditsOnQubits\QuditsOnQubits\basis_direct_encoding_benchmarks\quantum_circuits\ame43\monomial_full__sup123_P102_ph121\F3_W.qpy,C:\Users\szymon\QuditsOnQubits\QuditsOnQubits\basis_direct_encoding_benchmarks\quantum_circuits\ame43\monomial_full__sup123_P102_ph121\CZ3_W.qpy,C:\Users\szymon\QuditsOnQubits\QuditsOnQubits\basis_direct_encoding_benchmarks\quantum_circuits\ame43\monomial_full__sup123_P102_ph121\graph_state_direct_basis.qpy,C:\Users\szymon\QuditsOnQubits\QuditsOnQubits\basis_direct_encoding_benchmarks\quantum_circuits\ame43\monomial_full__sup123_P102_ph121\graph_state_direct_basis_transpiled.qpy,,C:\Users\szymon\QuditsOnQubits\QuditsOnQubits\basis_direct_encoding_benchmarks\quantum_circuits\ame43\monomial_full__sup123_P102_ph121\E.npy
direct_basis_encoding,ame43,ame43,ame43,ame43,4,4,8,sup123_P102_ph122,monomial,monomial_full,sup123_P102_ph122,False,True,86,205,291,184,,,1.584275,True,False,ok,,Converted from legacy E_new 4x3 isometry candidate.; Fidelity skipped because transpiled circuit has 128 qubits.,184,212.8,12.0,291,333.1,86,100.5,128,"{'rz': 71, 'cz': 70, 'sx': 69, 'rx': 65, 'rzz': 16}",10,10,0,C:\Users\szymon\QuditsOnQubits\QuditsOnQubits\basis_direct_encoding_benchmarks\quantum_circuits\ame43\monomial_full__sup123_P102_ph122,C:\Users\szymon\QuditsOnQubits\QuditsOnQubits\basis_direct_encoding_benchmarks\quantum_circuits\ame43\monomial_full__sup123_P102_ph122\F3_W.qpy,C:\Users\szymon\QuditsOnQubits\QuditsOnQubits\basis_direct_encoding_benchmarks\quantum_circuits\ame43\monomial_full__sup123_P102_ph122\CZ3_W.qpy,C:\Users\szymon\QuditsOnQubits\QuditsOnQubits\basis_direct_encoding_benchmarks\quantum_circuits\ame43\monomial_full__sup123_P102_ph122\graph_state_direct_basis.qpy,C:\Users\szymon\QuditsOnQubits\QuditsOnQubits\basis_direct_encoding_benchmarks\quantum_circuits\ame43\monomial_full__sup123_P102_ph122\graph_state_direct_basis_transpiled.qpy,,C:\Users\szymon\QuditsOnQubits\QuditsOnQubits\basis_direct_encoding_benchmarks\quantum_circuits\ame43\monomial_full__sup123_P102_ph122\E.npy
direct_basis_encoding,ame43,ame43,ame43,ame43,4,4,8,sup123_P102_ph200,monomial,monomial_full,sup123_P102_ph200,False,True,86,213,299,185,,,1.309562,True,False,ok,,Converted from legacy E_new 4x3 isometry candidate.; Fidelity skipped because transpiled circuit has 128 qubits.,185,213.0,11.82,299,338.5,86,100.5,128,"{'rz': 79, 'cz': 70, 'sx': 69, 'rx': 65, 'rzz': 16}",10,10,0,C:\Users\szymon\QuditsOnQubits\QuditsOnQubits\basis_direct_encoding_benchmarks\quantum_circuits\ame43\monomial_full__sup123_P102_ph200,C:\Users\szymon\QuditsOnQubits\QuditsOnQubits\basis_direct_encoding_benchmarks\quantum_circuits\ame43\monomial_full__sup123_P102_ph200\F3_W.qpy,C:\Users\szymon\QuditsOnQubits\QuditsOnQubits\basis_direct_encoding_benchmarks\quantum_circuits\ame43\monomial_full__sup123_P102_ph200\CZ3_W.qpy,C:\Users\szymon\QuditsOnQubits\QuditsOnQubits\basis_direct_encoding_benchmarks\quantum_circuits\ame43\monomial_full__sup123_P102_ph200\graph_state_direct_basis.qpy,C:\Users\szymon\QuditsOnQubits\QuditsOnQubits\basis_direct_encoding_benchmarks\quantum_circuits\ame43\monomial_full__sup123_P102_ph200\graph_state_direct_basis_transpiled.qpy,,C:\Users\szymon\QuditsOnQubits\QuditsOnQubits\basis_direct_encoding_benchmarks\quantum_circuits\ame43\monomial_full__sup123_P102_ph200\E.npy
direct_basis_encoding,ame43,ame43,ame43,ame43,4,4,8,sup123_P102_ph201,monomial,monomial_full,sup123_P102_ph201,False,True,86,213,299,187,,,1.276613,True,False,ok,,Converted from legacy E_new 4x3 isometry candidate.; Fidelity skipped because transpiled circuit has 128 qubits.,187,213.8,11.37,299,342.5,86,100.5,128,"{'rz': 80, 'cz': 70, 'sx': 69, 'rx': 64, 'rzz': 16}",10,10,0,C:\Users\szymon\QuditsOnQubits\QuditsOnQubits\basis_direct_encoding_benchmarks\quantum_circuits\ame43\monomial_full__sup123_P102_ph201,C:\Users\szymon\QuditsOnQubits\QuditsOnQubits\basis_direct_encoding_benchmarks\quantum_circuits\ame43\monomial_full__sup123_P102_ph201\F3_W.qpy,C:\Users\szymon\QuditsOnQubits\QuditsOnQubits\basis_direct_encoding_benchmarks\quantum_circuits\ame43\monomial_full__sup123_P102_ph201\CZ3_W.qpy,C:\Users\szymon\QuditsOnQubits\QuditsOnQubits\basis_direct_encoding_benchmarks\quantum_circuits\ame43\monomial_full__sup123_P102_ph201\graph_state_direct_basis.qpy,C:\Users\szymon\QuditsOnQubits\QuditsOnQubits\basis_direct_encoding_benchmarks\quantum_circuits\ame43\monomial_full__sup123_P102_ph201\graph_state_direct_basis_transpiled.qpy,,C:\Users\szymon\QuditsOnQubits\QuditsOnQubits\basis_direct_encoding_benchmarks\quantum_circuits\ame43\monomial_full__sup123_P102_ph201\E.npy
direct_basis_encoding,ame43,ame43,ame43,ame43,4,4,8,sup123_P102_ph202,monomial,monomial_full,sup123_P102_ph202,False,True,86,211,297,187,,,1.270969,True,False,ok,,Converted from legacy E_new 4x3 isometry candidate.; Fidelity skipped because transpiled circuit has 128 qubits.,187,213.9,11.43,297,341.7,86,100.5,128,"{'rz': 78, 'cz': 70, 'sx': 69, 'rx': 64, 'rzz': 16}",10,10,0,C:\Users\szymon\QuditsOnQubits\QuditsOnQubits\basis_direct_encoding_benchmarks\quantum_circuits\ame43\monomial_full__sup123_P102_ph202,C:\Users\szymon\QuditsOnQubits\QuditsOnQubits\basis_direct_encoding_benchmarks\quantum_circuits\ame43\monomial_full__sup123_P102_ph202\F3_W.qpy,C:\Users\szymon\QuditsOnQubits\QuditsOnQubits\basis_direct_encoding_benchmarks\quantum_circuits\ame43\monomial_full__sup123_P102_ph202\CZ3_W.qpy,C:\Users\szymon\QuditsOnQubits\QuditsOnQubits\basis_direct_encoding_benchmarks\quantum_circuits\ame43\monomial_full__sup123_P102_ph202\graph_state_direct_basis.qpy,C:\Users\szymon\QuditsOnQubits\QuditsOnQubits\basis_direct_encoding_benchmarks\quantum_circuits\ame43\monomial_full__sup123_P102_ph202\graph_state_direct_basis_transpiled.qpy,,C:\Users\szymon\QuditsOnQubits\QuditsOnQubits\basis_direct_encoding_benchmarks\quantum_circuits\ame43\monomial_full__sup123_P102_ph202\E.npy
direct_basis_encoding,ame43,ame43,ame43,ame43,4,4,8,sup123_P102_ph210,monomial,monomial_full,sup123_P102_ph210,False,True,86,207,293,186,,,1.47603,True,False,ok,,Converted from legacy E_new 4x3 isometry candidate.; Fidelity skipped because transpiled circuit has 128 qubits.,186,213.8,11.67,293,336.0,86,100.5,128,"{'rz': 74, 'cz': 70, 'sx': 69, 'rx': 64, 'rzz': 16}",10,10,0,C:\Users\szymon\QuditsOnQubits\QuditsOnQubits\basis_direct_encoding_benchmarks\quantum_circuits\ame43\monomial_full__sup123_P102_ph210,C:\Users\szymon\QuditsOnQubits\QuditsOnQubits\basis_direct_encoding_benchmarks\quantum_circuits\ame43\monomial_full__sup123_P102_ph210\F3_W.qpy,C:\Users\szymon\QuditsOnQubits\QuditsOnQubits\basis_direct_encoding_benchmarks\quantum_circuits\ame43\monomial_full__sup123_P102_ph210\CZ3_W.qpy,C:\Users\szymon\QuditsOnQubits\QuditsOnQubits\basis_direct_encoding_benchmarks\quantum_circuits\ame43\monomial_full__sup123_P102_ph210\graph_state_direct_basis.qpy,C:\Users\szymon\QuditsOnQubits\QuditsOnQubits\basis_direct_encoding_benchmarks\quantum_circuits\ame43\monomial_full__sup123_P102_ph210\graph_state_direct_basis_transpiled.qpy,,C:\Users\szymon\QuditsOnQubits\QuditsOnQubits\basis_direct_encoding_benchmarks\quantum_circuits\ame43\monomial_full__sup123_P102_ph210\E.npy
direct_basis_encoding,ame43,ame43,ame43,ame43,4,4,8,sup123_P102_ph211,monomial,monomial_full,sup123_P102_ph211,False,True,86,203,289,184,,,1.371108,True,False,ok,,Converted from legacy E_new 4x3 isometry candidate.; Fidelity skipped because transpiled circuit has 128 qubits.,184,212.8,12.0,289,332.1,86,100.5,128,"{'rz': 70, 'cz': 70, 'sx': 69, 'rx': 64, 'rzz': 16}",10,10,0,C:\Users\szymon\QuditsOnQubits\QuditsOnQubits\basis_direct_encoding_benchmarks\quantum_circuits\ame43\monomial_full__sup123_P102_ph211,C:\Users\szymon\QuditsOnQubits\QuditsOnQubits\basis_direct_encoding_benchmarks\quantum_circuits\ame43\monomial_full__sup123_P102_ph211\F3_W.qpy,C:\Users\szymon\QuditsOnQubits\QuditsOnQubits\basis_direct_encoding_benchmarks\quantum_circuits\ame43\monomial_full__sup123_P102_ph211\CZ3_W.qpy,C:\Users\szymon\QuditsOnQubits\QuditsOnQubits\basis_direct_encoding_benchmarks\quantum_circuits\ame43\monomial_full__sup123_P102_ph211\graph_state_direct_basis.qpy,C:\Users\szymon\QuditsOnQubits\QuditsOnQubits\basis_direct_encoding_benchmarks\quantum_circuits\ame43\monomial_full__sup123_P102_ph211\graph_state_direct_basis_transpiled.qpy,,C:\Users\szymon\QuditsOnQubits\QuditsOnQubits\basis_direct_encoding_benchmarks\quantum_circuits\ame43\monomial_full__sup123_P102_ph211\E.npy
direct_basis_encoding,ame43,ame43,ame43,ame43,4,4,8,sup123_P102_ph212,monomial,monomial_full,sup123_P102_ph212,False,True,86,204,290,186,,,1.259486,True,False,ok,,Converted from legacy E_new 4x3 isometry candidate.; Fidelity skipped because transpiled circuit has 128 qubits.,186,213.8,11.67,290,334.9,86,100.5,128,"{'rz': 71, 'cz': 70, 'sx': 69, 'rx': 64, 'rzz': 16}",10,10,0,C:\Users\szymon\QuditsOnQubits\QuditsOnQubits\basis_direct_encoding_benchmarks\quantum_circuits\ame43\monomial_full__sup123_P102_ph212,C:\Users\szymon\QuditsOnQubits\QuditsOnQubits\basis_direct_encoding_benchmarks\quantum_circuits\ame43\monomial_full__sup123_P102_ph212\F3_W.qpy,C:\Users\szymon\QuditsOnQubits\QuditsOnQubits\basis_direct_encoding_benchmarks\quantum_circuits\ame43\monomial_full__sup123_P102_ph212\CZ3_W.qpy,C:\Users\szymon\QuditsOnQubits\QuditsOnQubits\basis_direct_encoding_benchmarks\quantum_circuits\ame43\monomial_full__sup123_P102_ph212\graph_state_direct_basis.qpy,C:\Users\szymon\QuditsOnQubits\QuditsOnQubits\basis_direct_encoding_benchmarks\quantum_circuits\ame43\monomial_full__sup123_P102_ph212\graph_state_direct_basis_transpiled.qpy,,C:\Users\szymon\QuditsOnQubits\QuditsOnQubits\basis_direct_encoding_benchmarks\quantum_circuits\ame43\monomial_full__sup123_P102_ph212\E.npy
direct_basis_encoding,ame43,ame43,ame43,ame43,4,4,8,sup123_P102_ph220,monomial,monomial_full,sup123_P102_ph220,False,True,86,216,302,187,,,1.289023,True,False,ok,,Converted from legacy E_new 4x3 isometry candidate.; Fidelity skipped because transpiled circuit has 128 qubits.,187,213.9,11.43,302,343.7,86,100.5,128,"{'rz': 82, 'cz': 70, 'sx': 69, 'rx': 65, 'rzz': 16}",10,10,0,C:\Users\szymon\QuditsOnQubits\QuditsOnQubits\basis_direct_encoding_benchmarks\quantum_circuits\ame43\monomial_full__sup123_P102_ph220,C:\Users\szymon\QuditsOnQubits\QuditsOnQubits\basis_direct_encoding_benchmarks\quantum_circuits\ame43\monomial_full__sup123_P102_ph220\F3_W.qpy,C:\Users\szymon\QuditsOnQubits\QuditsOnQubits\basis_direct_encoding_benchmarks\quantum_circuits\ame43\monomial_full__sup123_P102_ph220\CZ3_W.qpy,C:\Users\szymon\QuditsOnQubits\QuditsOnQubits\basis_direct_encoding_benchmarks\quantum_circuits\ame43\monomial_full__sup123_P102_ph220\graph_state_direct_basis.qpy,C:\Users\szymon\QuditsOnQubits\QuditsOnQubits\basis_direct_encoding_benchmarks\quantum_circuits\ame43\monomial_full__sup123_P102_ph220\graph_state_direct_basis_transpiled.qpy,,C:\Users\szymon\QuditsOnQubits\QuditsOnQubits\basis_direct_encoding_benchmarks\quantum_circuits\ame43\monomial_full__sup123_P102_ph220\E.npy
direct_basis_encoding,ame43,ame43,ame43,ame43,4,4,8,sup123_P102_ph221,monomial,monomial_full,sup123_P102_ph221,False,True,86,213,299,187,,,1.160629,True,False,ok,,Converted from legacy E_new 4x3 isometry candidate.; Fidelity skipped because transpiled circuit has 128 qubits.,187,213.8,11.37,299,342.6,86,100.5,128,"{'rz': 80, 'cz': 70, 'sx': 69, 'rx': 64, 'rzz': 16}",10,10,0,C:\Users\szymon\QuditsOnQubits\QuditsOnQubits\basis_direct_encoding_benchmarks\quantum_circuits\ame43\monomial_full__sup123_P102_ph221,C:\Users\szymon\QuditsOnQubits\QuditsOnQubits\basis_direct_encoding_benchmarks\quantum_circuits\ame43\monomial_full__sup123_P102_ph221\F3_W.qpy,C:\Users\szymon\QuditsOnQubits\QuditsOnQubits\basis_direct_encoding_benchmarks\quantum_circuits\ame43\monomial_full__sup123_P102_ph221\CZ3_W.qpy,C:\Users\szymon\QuditsOnQubits\QuditsOnQubits\basis_direct_encoding_benchmarks\quantum_circuits\ame43\monomial_full__sup123_P102_ph221\graph_state_direct_basis.qpy,C:\Users\szymon\QuditsOnQubits\QuditsOnQubits\basis_direct_encoding_benchmarks\quantum_circuits\ame43\monomial_full__sup123_P102_ph221\graph_state_direct_basis_transpiled.qpy,,C:\Users\szymon\QuditsOnQubits\QuditsOnQubits\basis_direct_encoding_benchmarks\quantum_circuits\ame43\monomial_full__sup123_P102_ph221\E.npy
direct_basis_encoding,ame43,ame43,ame43,ame43,4,4,8,sup123_P102_ph222,monomial,monomial_full,sup123_P102_ph222,False,True,86,208,294,185,,,1.046794,True,False,ok,,Converted from legacy E_new 4x3 isometry candidate.; Fidelity skipped because transpiled circuit has 128 qubits.,185,213.0,11.82,294,338.0,86,100.5,128,"{'rz': 75, 'cz': 70, 'sx': 69, 'rx': 64, 'rzz': 16}",10,10,0,C:\Users\szymon\QuditsOnQubits\QuditsOnQubits\basis_direct_encoding_benchmarks\quantum_circuits\ame43\monomial_full__sup123_P102_ph222,C:\Users\szymon\QuditsOnQubits\QuditsOnQubits\basis_direct_encoding_benchmarks\quantum_circuits\ame43\monomial_full__sup123_P102_ph222\F3_W.qpy,C:\Users\szymon\QuditsOnQubits\QuditsOnQubits\basis_direct_encoding_benchmarks\quantum_circuits\ame43\monomial_full__sup123_P102_ph222\CZ3_W.qpy,C:\Users\szymon\QuditsOnQubits\QuditsOnQubits\basis_direct_encoding_benchmarks\quantum_circuits\ame43\monomial_full__sup123_P102_ph222\graph_state_direct_basis.qpy,C:\Users\szymon\QuditsOnQubits\QuditsOnQubits\basis_direct_encoding_benchmarks\quantum_circuits\ame43\monomial_full__sup123_P102_ph222\graph_state_direct_basis_transpiled.qpy,,C:\Users\szymon\QuditsOnQubits\QuditsOnQubits\basis_direct_encoding_benchmarks\quantum_circuits\ame43\monomial_full__sup123_P102_ph222\E.npy
direct_basis_encoding,ame43,ame43,ame43,ame43,4,4,8,sup123_P120_ph000,monomial,monomial_full,sup123_P120_ph000,False,True,101,218,319,157,,,1.033741,True,False,ok,,Converted from legacy E_new 4x3 isometry candidate.; Fidelity skipped because transpiled circuit has 128 qubits.,157,182.1,15.98,319,339.1,101,107.9,128,"{'sx': 118, 'cz': 98, 'rz': 60, 'rx': 40, 'rzz': 3}",10,10,0,C:\Users\szymon\QuditsOnQubits\QuditsOnQubits\basis_direct_encoding_benchmarks\quantum_circuits\ame43\monomial_full__sup123_P120_ph000,C:\Users\szymon\QuditsOnQubits\QuditsOnQubits\basis_direct_encoding_benchmarks\quantum_circuits\ame43\monomial_full__sup123_P120_ph000\F3_W.qpy,C:\Users\szymon\QuditsOnQubits\QuditsOnQubits\basis_direct_encoding_benchmarks\quantum_circuits\ame43\monomial_full__sup123_P120_ph000\CZ3_W.qpy,C:\Users\szymon\QuditsOnQubits\QuditsOnQubits\basis_direct_encoding_benchmarks\quantum_circuits\ame43\monomial_full__sup123_P120_ph000\graph_state_direct_basis.qpy,C:\Users\szymon\QuditsOnQubits\QuditsOnQubits\basis_direct_encoding_benchmarks\quantum_circuits\ame43\monomial_full__sup123_P120_ph000\graph_state_direct_basis_transpiled.qpy,,C:\Users\szymon\QuditsOnQubits\QuditsOnQubits\basis_direct_encoding_benchmarks\quantum_circuits\ame43\monomial_full__sup123_P120_ph000\E.npy
direct_basis_encoding,ame43,ame43,ame43,ame43,4,4,8,sup123_P120_ph001,monomial,monomial_full,sup123_P120_ph001,False,True,101,221,322,157,,,0.930639,True,False,ok,,Converted from legacy E_new 4x3 isometry candidate.; Fidelity skipped because transpiled circuit has 128 qubits.,157,182.7,16.12,322,342.3,101,107.9,128,"{'sx': 118, 'cz': 98, 'rz': 63, 'rx': 40, 'rzz': 3}",10,10,0,C:\Users\szymon\QuditsOnQubits\QuditsOnQubits\basis_direct_encoding_benchmarks\quantum_circuits\ame43\monomial_full__sup123_P120_ph001,C:\Users\szymon\QuditsOnQubits\QuditsOnQubits\basis_direct_encoding_benchmarks\quantum_circuits\ame43\monomial_full__sup123_P120_ph001\F3_W.qpy,C:\Users\szymon\QuditsOnQubits\QuditsOnQubits\basis_direct_encoding_benchmarks\quantum_circuits\ame43\monomial_full__sup123_P120_ph001\CZ3_W.qpy,C:\Users\szymon\QuditsOnQubits\QuditsOnQubits\basis_direct_encoding_benchmarks\quantum_circuits\ame43\monomial_full__sup123_P120_ph001\graph_state_direct_basis.qpy,C:\Users\szymon\QuditsOnQubits\QuditsOnQubits\basis_direct_encoding_benchmarks\quantum_circuits\ame43\monomial_full__sup123_P120_ph001\graph_state_direct_basis_transpiled.qpy,,C:\Users\szymon\QuditsOnQubits\QuditsOnQubits\basis_direct_encoding_benchmarks\quantum_circuits\ame43\monomial_full__sup123_P120_ph001\E.npy
direct_basis_encoding,ame43,ame43,ame43,ame43,4,4,8,sup123_P120_ph002,monomial,monomial_full,sup123_P120_ph002,False,True,101,221,322,157,,,1.073366,True,False,ok,,Converted from legacy E_new 4x3 isometry candidate.; Fidelity skipped because transpiled circuit has 128 qubits.,157,182.7,16.12,322,341.9,101,107.9,128,"{'sx': 118, 'cz': 98, 'rz': 63, 'rx': 40, 'rzz': 3}",10,10,0,C:\Users\szymon\QuditsOnQubits\QuditsOnQubits\basis_direct_encoding_benchmarks\quantum_circuits\ame43\monomial_full__sup123_P120_ph002,C:\Users\szymon\QuditsOnQubits\QuditsOnQubits\basis_direct_encoding_benchmarks\quantum_circuits\ame43\monomial_full__sup123_P120_ph002\F3_W.qpy,C:\Users\szymon\QuditsOnQubits\QuditsOnQubits\basis_direct_encoding_benchmarks\quantum_circuits\ame43\monomial_full__sup123_P120_ph002\CZ3_W.qpy,C:\Users\szymon\QuditsOnQubits\QuditsOnQubits\basis_direct_encoding_benchmarks\quantum_circuits\ame43\monomial_full__sup123_P120_ph002\graph_state_direct_basis.qpy,C:\Users\szymon\QuditsOnQubits\QuditsOnQubits\basis_direct_encoding_benchmarks\quantum_circuits\ame43\monomial_full__sup123_P120_ph002\graph_state_direct_basis_transpiled.qpy,,C:\Users\szymon\QuditsOnQubits\QuditsOnQubits\basis_direct_encoding_benchmarks\quantum_circuits\ame43\monomial_full__sup123_P120_ph002\E.npy
direct_basis_encoding,ame43,ame43,ame43,ame43,4,4,8,sup123_P120_ph010,monomial,monomial_full,sup123_P120_ph010,False,True,101,225,326,158,,,1.05856,True,False,ok,,Converted from legacy E_new 4x3 isometry candidate.; Fidelity skipped because transpiled circuit has 128 qubits.,158,183.0,15.88,326,346.3,101,107.9,128,"{'sx': 118, 'cz': 98, 'rz': 68, 'rx': 39, 'rzz': 3}",10,10,0,C:\Users\szymon\QuditsOnQubits\QuditsOnQubits\basis_direct_encoding_benchmarks\quantum_circuits\ame43\monomial_full__sup123_P120_ph010,C:\Users\szymon\QuditsOnQubits\QuditsOnQubits\basis_direct_encoding_benchmarks\quantum_circuits\ame43\monomial_full__sup123_P120_ph010\F3_W.qpy,C:\Users\szymon\QuditsOnQubits\QuditsOnQubits\basis_direct_encoding_benchmarks\quantum_circuits\ame43\monomial_full__sup123_P120_ph010\CZ3_W.qpy,C:\Users\szymon\QuditsOnQubits\QuditsOnQubits\basis_direct_encoding_benchmarks\quantum_circuits\ame43\monomial_full__sup123_P120_ph010\graph_state_direct_basis.qpy,C:\Users\szymon\QuditsOnQubits\QuditsOnQubits\basis_direct_encoding_benchmarks\quantum_circuits\ame43\monomial_full__sup123_P120_ph010\graph_state_direct_basis_transpiled.qpy,,C:\Users\szymon\QuditsOnQubits\QuditsOnQubits\basis_direct_encoding_benchmarks\quantum_circuits\ame43\monomial_full__sup123_P120_ph010\E.npy
direct_basis_encoding,ame43,ame43,ame43,ame43,4,4,8,sup123_P120_ph011,monomial,monomial_full,sup123_P120_ph011,False,True,101,226,327,157,,,1.131872,True,False,ok,,Converted from legacy E_new 4x3 isometry candidate.; Fidelity skipped because transpiled circuit has 128 qubits.,157,182.7,16.12,327,348.2,101,107.9,128,"{'sx': 118, 'cz': 98, 'rz': 68, 'rx': 40, 'rzz': 3}",10,10,0,C:\Users\szymon\QuditsOnQubits\QuditsOnQubits\basis_direct_encoding_benchmarks\quantum_circuits\ame43\monomial_full__sup123_P120_ph011,C:\Users\szymon\QuditsOnQubits\QuditsOnQubits\basis_direct_encoding_benchmarks\quantum_circuits\ame43\monomial_full__sup123_P120_ph011\F3_W.qpy,C:\Users\szymon\QuditsOnQubits\QuditsOnQubits\basis_direct_encoding_benchmarks\quantum_circuits\ame43\monomial_full__sup123_P120_ph011\CZ3_W.qpy,C:\Users\szymon\QuditsOnQubits\QuditsOnQubits\basis_direct_encoding_benchmarks\quantum_circuits\ame43\monomial_full__sup123_P120_ph011\graph_state_direct_basis.qpy,C:\Users\szymon\QuditsOnQubits\QuditsOnQubits\basis_direct_encoding_benchmarks\quantum_circuits\ame43\monomial_full__sup123_P120_ph011\graph_state_direct_basis_transpiled.qpy,,C:\Users\szymon\QuditsOnQubits\QuditsOnQubits\basis_direct_encoding_benchmarks\quantum_circuits\ame43\monomial_full__sup123_P120_ph011\E.npy
direct_basis_encoding,ame43,ame43,ame43,ame43,4,4,8,sup123_P120_ph012,monomial,monomial_full,sup123_P120_ph012,False,True,101,228,329,158,,,1.147932,True,False,ok,,Converted from legacy E_new 4x3 isometry candidate.; Fidelity skipped because transpiled circuit has 128 qubits.,158,183.6,16.02,329,349.4,101,107.9,128,"{'sx': 118, 'cz': 98, 'rz': 70, 'rx': 40, 'rzz': 3}",10,10,0,C:\Users\szymon\QuditsOnQubits\QuditsOnQubits\basis_direct_encoding_benchmarks\quantum_circuits\ame43\monomial_full__sup123_P120_ph012,C:\Users\szymon\QuditsOnQubits\QuditsOnQubits\basis_direct_encoding_benchmarks\quantum_circuits\ame43\monomial_full__sup123_P120_ph012\F3_W.qpy,C:\Users\szymon\QuditsOnQubits\QuditsOnQubits\basis_direct_encoding_benchmarks\quantum_circuits\ame43\monomial_full__sup123_P120_ph012\CZ3_W.qpy,C:\Users\szymon\QuditsOnQubits\QuditsOnQubits\basis_direct_encoding_benchmarks\quantum_circuits\ame43\monomial_full__sup123_P120_ph012\graph_state_direct_basis.qpy,C:\Users\szymon\QuditsOnQubits\QuditsOnQubits\basis_direct_encoding_benchmarks\quantum_circuits\ame43\monomial_full__sup123_P120_ph012\graph_state_direct_basis_transpiled.qpy,,C:\Users\szymon\QuditsOnQubits\QuditsOnQubits\basis_direct_encoding_benchmarks\quantum_circuits\ame43\monomial_full__sup123_P120_ph012\E.npy
direct_basis_encoding,ame43,ame43,ame43,ame43,4,4,8,sup123_P120_ph020,monomial,monomial_full,sup123_P120_ph020,False,True,101,225,326,158,,,0.987962,True,False,ok,,Converted from legacy E_new 4x3 isometry candidate.; Fidelity skipped because transpiled circuit has 128 qubits.,158,183.0,15.88,326,346.7,101,107.9,128,"{'sx': 118, 'cz': 98, 'rz': 68, 'rx': 39, 'rzz': 3}",10,10,0,C:\Users\szymon\QuditsOnQubits\QuditsOnQubits\basis_direct_encoding_benchmarks\quantum_circuits\ame43\monomial_full__sup123_P120_ph020,C:\Users\szymon\QuditsOnQubits\QuditsOnQubits\basis_direct_encoding_benchmarks\quantum_circuits\ame43\monomial_full__sup123_P120_ph020\F3_W.qpy,C:\Users\szymon\QuditsOnQubits\QuditsOnQubits\basis_direct_encoding_benchmarks\quantum_circuits\ame43\monomial_full__sup123_P120_ph020\CZ3_W.qpy,C:\Users\szymon\QuditsOnQubits\QuditsOnQubits\basis_direct_encoding_benchmarks\quantum_circuits\ame43\monomial_full__sup123_P120_ph020\graph_state_direct_basis.qpy,C:\Users\szymon\QuditsOnQubits\QuditsOnQubits\basis_direct_encoding_benchmarks\quantum_circuits\ame43\monomial_full__sup123_P120_ph020\graph_state_direct_basis_transpiled.qpy,,C:\Users\szymon\QuditsOnQubits\QuditsOnQubits\basis_direct_encoding_benchmarks\quantum_circuits\ame43\monomial_full__sup123_P120_ph020\E.npy
direct_basis_encoding,ame43,ame43,ame43,ame43,4,4,8,sup123_P120_ph021,monomial,monomial_full,sup123_P120_ph021,False,True,101,228,329,158,,,1.045586,True,False,ok,,Converted from legacy E_new 4x3 isometry candidate.; Fidelity skipped because transpiled circuit has 128 qubits.,158,183.6,16.02,329,349.3,101,107.9,128,"{'sx': 118, 'cz': 98, 'rz': 70, 'rx': 40, 'rzz': 3}",10,10,0,C:\Users\szymon\QuditsOnQubits\QuditsOnQubits\basis_direct_encoding_benchmarks\quantum_circuits\ame43\monomial_full__sup123_P120_ph021,C:\Users\szymon\QuditsOnQubits\QuditsOnQubits\basis_direct_encoding_benchmarks\quantum_circuits\ame43\monomial_full__sup123_P120_ph021\F3_W.qpy,C:\Users\szymon\QuditsOnQubits\QuditsOnQubits\basis_direct_encoding_benchmarks\quantum_circuits\ame43\monomial_full__sup123_P120_ph021\CZ3_W.qpy,C:\Users\szymon\QuditsOnQubits\QuditsOnQubits\basis_direct_encoding_benchmarks\quantum_circuits\ame43\monomial_full__sup123_P120_ph021\graph_state_direct_basis.qpy,C:\Users\szymon\QuditsOnQubits\QuditsOnQubits\basis_direct_encoding_benchmarks\quantum_circuits\ame43\monomial_full__sup123_P120_ph021\graph_state_direct_basis_transpiled.qpy,,C:\Users\szymon\QuditsOnQubits\QuditsOnQubits\basis_direct_encoding_benchmarks\quantum_circuits\ame43\monomial_full__sup123_P120_ph021\E.npy
direct_basis_encoding,ame43,ame43,ame43,ame43,4,4,8,sup123_P120_ph022,monomial,monomial_full,sup123_P120_ph022,False,True,101,226,327,157,,,1.240087,True,False,ok,,Converted from legacy E_new 4x3 isometry candidate.; Fidelity skipped because transpiled circuit has 128 qubits.,157,182.7,16.12,327,348.7,101,107.9,128,"{'sx': 118, 'cz': 98, 'rz': 68, 'rx': 40, 'rzz': 3}",10,10,0,C:\Users\szymon\QuditsOnQubits\QuditsOnQubits\basis_direct_encoding_benchmarks\quantum_circuits\ame43\monomial_full__sup123_P120_ph022,C:\Users\szymon\QuditsOnQubits\QuditsOnQubits\basis_direct_encoding_benchmarks\quantum_circuits\ame43\monomial_full__sup123_P120_ph022\F3_W.qpy,C:\Users\szymon\QuditsOnQubits\QuditsOnQubits\basis_direct_encoding_benchmarks\quantum_circuits\ame43\monomial_full__sup123_P120_ph022\CZ3_W.qpy,C:\Users\szymon\QuditsOnQubits\QuditsOnQubits\basis_direct_encoding_benchmarks\quantum_circuits\ame43\monomial_full__sup123_P120_ph022\graph_state_direct_basis.qpy,C:\Users\szymon\QuditsOnQubits\QuditsOnQubits\basis_direct_encoding_benchmarks\quantum_circuits\ame43\monomial_full__sup123_P120_ph022\graph_state_direct_basis_transpiled.qpy,,C:\Users\szymon\QuditsOnQubits\QuditsOnQubits\basis_direct_encoding_benchmarks\quantum_circuits\ame43\monomial_full__sup123_P120_ph022\E.npy
direct_basis_encoding,ame43,ame43,ame43,ame43,4,4,8,sup123_P120_ph100,monomial,monomial_full,sup123_P120_ph100,False,True,101,226,327,157,,,1.100894,True,False,ok,,Converted from legacy E_new 4x3 isometry candidate.; Fidelity skipped because transpiled circuit has 128 qubits.,157,182.7,16.12,327,348.7,101,107.9,128,"{'sx': 118, 'cz': 98, 'rz': 68, 'rx': 40, 'rzz': 3}",10,10,0,C:\Users\szymon\QuditsOnQubits\QuditsOnQubits\basis_direct_encoding_benchmarks\quantum_circuits\ame43\monomial_full__sup123_P120_ph100,C:\Users\szymon\QuditsOnQubits\QuditsOnQubits\basis_direct_encoding_benchmarks\quantum_circuits\ame43\monomial_full__sup123_P120_ph100\F3_W.qpy,C:\Users\szymon\QuditsOnQubits\QuditsOnQubits\basis_direct_encoding_benchmarks\quantum_circuits\ame43\monomial_full__sup123_P120_ph100\CZ3_W.qpy,C:\Users\szymon\QuditsOnQubits\QuditsOnQubits\basis_direct_encoding_benchmarks\quantum_circuits\ame43\monomial_full__sup123_P120_ph100\graph_state_direct_basis.qpy,C:\Users\szymon\QuditsOnQubits\QuditsOnQubits\basis_direct_encoding_benchmarks\quantum_circuits\ame43\monomial_full__sup123_P120_ph100\graph_state_direct_basis_transpiled.qpy,,C:\Users\szymon\QuditsOnQubits\QuditsOnQubits\basis_direct_encoding_benchmarks\quantum_circuits\ame43\monomial_full__sup123_P120_ph100\E.npy
direct_basis_encoding,ame43,ame43,ame43,ame43,4,4,8,sup123_P120_ph101,monomial,monomial_full,sup123_P120_ph101,False,True,101,227,328,158,,,1.084821,True,False,ok,,Converted from legacy E_new 4x3 isometry candidate.; Fidelity skipped because transpiled circuit has 128 qubits.,158,183.6,16.02,328,347.8,101,107.9,128,"{'sx': 118, 'cz': 98, 'rz': 69, 'rx': 40, 'rzz': 3}",10,10,0,C:\Users\szymon\QuditsOnQubits\QuditsOnQubits\basis_direct_encoding_benchmarks\quantum_circuits\ame43\monomial_full__sup123_P120_ph101,C:\Users\szymon\QuditsOnQubits\QuditsOnQubits\basis_direct_encoding_benchmarks\quantum_circuits\ame43\monomial_full__sup123_P120_ph101\F3_W.qpy,C:\Users\szymon\QuditsOnQubits\QuditsOnQubits\basis_direct_encoding_benchmarks\quantum_circuits\ame43\monomial_full__sup123_P120_ph101\CZ3_W.qpy,C:\Users\szymon\QuditsOnQubits\QuditsOnQubits\basis_direct_encoding_benchmarks\quantum_circuits\ame43\monomial_full__sup123_P120_ph101\graph_state_direct_basis.qpy,C:\Users\szymon\QuditsOnQubits\QuditsOnQubits\basis_direct_encoding_benchmarks\quantum_circuits\ame43\monomial_full__sup123_P120_ph101\graph_state_direct_basis_transpiled.qpy,,C:\Users\szymon\QuditsOnQubits\QuditsOnQubits\basis_direct_encoding_benchmarks\quantum_circuits\ame43\monomial_full__sup123_P120_ph101\E.npy
direct_basis_encoding,ame43,ame43,ame43,ame43,4,4,8,sup123_P120_ph102,monomial,monomial_full,sup123_P120_ph102,False,True,101,226,327,158,,,1.086845,True,False,ok,,Converted from legacy E_new 4x3 isometry candidate.; Fidelity skipped because transpiled circuit has 128 qubits.,158,183.0,15.88,327,347.4,101,107.9,128,"{'sx': 118, 'cz': 98, 'rz': 69, 'rx': 39, 'rzz': 3}",10,10,0,C:\Users\szymon\QuditsOnQubits\QuditsOnQubits\basis_direct_encoding_benchmarks\quantum_circuits\ame43\monomial_full__sup123_P120_ph102,C:\Users\szymon\QuditsOnQubits\QuditsOnQubits\basis_direct_encoding_benchmarks\quantum_circuits\ame43\monomial_full__sup123_P120_ph102\F3_W.qpy,C:\Users\szymon\QuditsOnQubits\QuditsOnQubits\basis_direct_encoding_benchmarks\quantum_circuits\ame43\monomial_full__sup123_P120_ph102\CZ3_W.qpy,C:\Users\szymon\QuditsOnQubits\QuditsOnQubits\basis_direct_encoding_benchmarks\quantum_circuits\ame43\monomial_full__sup123_P120_ph102\graph_state_direct_basis.qpy,C:\Users\szymon\QuditsOnQubits\QuditsOnQubits\basis_direct_encoding_benchmarks\quantum_circuits\ame43\monomial_full__sup123_P120_ph102\graph_state_direct_basis_transpiled.qpy,,C:\Users\szymon\QuditsOnQubits\QuditsOnQubits\basis_direct_encoding_benchmarks\quantum_circuits\ame43\monomial_full__sup123_P120_ph102\E.npy
direct_basis_encoding,ame43,ame43,ame43,ame43,4,4,8,sup123_P120_ph110,monomial,monomial_full,sup123_P120_ph110,False,True,101,228,329,158,,,1.012438,True,False,ok,,Converted from legacy E_new 4x3 isometry candidate.; Fidelity skipped because transpiled circuit has 128 qubits.,158,183.6,16.02,329,349.4,101,107.9,128,"{'sx': 118, 'cz': 98, 'rz': 70, 'rx': 40, 'rzz': 3}",10,10,0,C:\Users\szymon\QuditsOnQubits\QuditsOnQubits\basis_direct_encoding_benchmarks\quantum_circuits\ame43\monomial_full__sup123_P120_ph110,C:\Users\szymon\QuditsOnQubits\QuditsOnQubits\basis_direct_encoding_benchmarks\quantum_circuits\ame43\monomial_full__sup123_P120_ph110\F3_W.qpy,C:\Users\szymon\QuditsOnQubits\QuditsOnQubits\basis_direct_encoding_benchmarks\quantum_circuits\ame43\monomial_full__sup123_P120_ph110\CZ3_W.qpy,C:\Users\szymon\QuditsOnQubits\QuditsOnQubits\basis_direct_encoding_benchmarks\quantum_circuits\ame43\monomial_full__sup123_P120_ph110\graph_state_direct_basis.qpy,C:\Users\szymon\QuditsOnQubits\QuditsOnQubits\basis_direct_encoding_benchmarks\quantum_circuits\ame43\monomial_full__sup123_P120_ph110\graph_state_direct_basis_transpiled.qpy,,C:\Users\szymon\QuditsOnQubits\QuditsOnQubits\basis_direct_encoding_benchmarks\quantum_circuits\ame43\monomial_full__sup123_P120_ph110\E.npy
direct_basis_encoding,ame43,ame43,ame43,ame43,4,4,8,sup123_P120_ph111,monomial,monomial_full,sup123_P120_ph111,False,True,101,225,326,157,,,1.226376,True,False,ok,,Converted from legacy E_new 4x3 isometry candidate.; Fidelity skipped because transpiled circuit has 128 qubits.,157,182.7,16.12,326,347.6,101,107.9,128,"{'sx': 118, 'cz': 98, 'rz': 67, 'rx': 40, 'rzz': 3}",10,10,0,C:\Users\szymon\QuditsOnQubits\QuditsOnQubits\basis_direct_encoding_benchmarks\quantum_circuits\ame43\monomial_full__sup123_P120_ph111,C:\Users\szymon\QuditsOnQubits\QuditsOnQubits\basis_direct_encoding_benchmarks\quantum_circuits\ame43\monomial_full__sup123_P120_ph111\F3_W.qpy,C:\Users\szymon\QuditsOnQubits\QuditsOnQubits\basis_direct_encoding_benchmarks\quantum_circuits\ame43\monomial_full__sup123_P120_ph111\CZ3_W.qpy,C:\Users\szymon\QuditsOnQubits\QuditsOnQubits\basis_direct_encoding_benchmarks\quantum_circuits\ame43\monomial_full__sup123_P120_ph111\graph_state_direct_basis.qpy,C:\Users\szymon\QuditsOnQubits\QuditsOnQubits\basis_direct_encoding_benchmarks\quantum_circuits\ame43\monomial_full__sup123_P120_ph111\graph_state_direct_basis_transpiled.qpy,,C:\Users\szymon\QuditsOnQubits\QuditsOnQubits\basis_direct_encoding_benchmarks\quantum_circuits\ame43\monomial_full__sup123_P120_ph111\E.npy
direct_basis_encoding,ame43,ame43,ame43,ame43,4,4,8,sup123_P120_ph112,monomial,monomial_full,sup123_P120_ph112,False,True,101,227,328,158,,,1.106449,True,False,ok,,Converted from legacy E_new 4x3 isometry candidate.; Fidelity skipped because transpiled circuit has 128 qubits.,158,183.0,15.88,328,348.3,101,107.9,128,"{'sx': 118, 'cz': 98, 'rz': 69, 'rx': 40, 'rzz': 3}",10,10,0,C:\Users\szymon\QuditsOnQubits\QuditsOnQubits\basis_direct_encoding_benchmarks\quantum_circuits\ame43\monomial_full__sup123_P120_ph112,C:\Users\szymon\QuditsOnQubits\QuditsOnQubits\basis_direct_encoding_benchmarks\quantum_circuits\ame43\monomial_full__sup123_P120_ph112\F3_W.qpy,C:\Users\szymon\QuditsOnQubits\QuditsOnQubits\basis_direct_encoding_benchmarks\quantum_circuits\ame43\monomial_full__sup123_P120_ph112\CZ3_W.qpy,C:\Users\szymon\QuditsOnQubits\QuditsOnQubits\basis_direct_encoding_benchmarks\quantum_circuits\ame43\monomial_full__sup123_P120_ph112\graph_state_direct_basis.qpy,C:\Users\szymon\QuditsOnQubits\QuditsOnQubits\basis_direct_encoding_benchmarks\quantum_circuits\ame43\monomial_full__sup123_P120_ph112\graph_state_direct_basis_transpiled.qpy,,C:\Users\szymon\QuditsOnQubits\QuditsOnQubits\basis_direct_encoding_benchmarks\quantum_circuits\ame43\monomial_full__sup123_P120_ph112\E.npy
direct_basis_encoding,ame43,ame43,ame43,ame43,4,4,8,sup123_P120_ph120,monomial,monomial_full,sup123_P120_ph120,False,True,101,221,322,157,,,1.072471,True,False,ok,,Converted from legacy E_new 4x3 isometry candidate.; Fidelity skipped because transpiled circuit has 128 qubits.,157,182.7,16.12,322,342.4,101,107.9,128,"{'sx': 118, 'cz': 98, 'rz': 63, 'rx': 40, 'rzz': 3}",10,10,0,C:\Users\szymon\QuditsOnQubits\QuditsOnQubits\basis_direct_encoding_benchmarks\quantum_circuits\ame43\monomial_full__sup123_P120_ph120,C:\Users\szymon\QuditsOnQubits\QuditsOnQubits\basis_direct_encoding_benchmarks\quantum_circuits\ame43\monomial_full__sup123_P120_ph120\F3_W.qpy,C:\Users\szymon\QuditsOnQubits\QuditsOnQubits\basis_direct_encoding_benchmarks\quantum_circuits\ame43\monomial_full__sup123_P120_ph120\CZ3_W.qpy,C:\Users\szymon\QuditsOnQubits\QuditsOnQubits\basis_direct_encoding_benchmarks\quantum_circuits\ame43\monomial_full__sup123_P120_ph120\graph_state_direct_basis.qpy,C:\Users\szymon\QuditsOnQubits\QuditsOnQubits\basis_direct_encoding_benchmarks\quantum_circuits\ame43\monomial_full__sup123_P120_ph120\graph_state_direct_basis_transpiled.qpy,,C:\Users\szymon\QuditsOnQubits\QuditsOnQubits\basis_direct_encoding_benchmarks\quantum_circuits\ame43\monomial_full__sup123_P120_ph120\E.npy
direct_basis_encoding,ame43,ame43,ame43,ame43,4,4,8,sup123_P120_ph121,monomial,monomial_full,sup123_P120_ph121,False,True,101,220,321,157,,,0.97196,True,False,ok,,Converted from legacy E_new 4x3 isometry candidate.; Fidelity skipped because transpiled circuit has 128 qubits.,157,182.7,16.12,321,341.7,101,107.9,128,"{'sx': 118, 'cz': 98, 'rz': 62, 'rx': 40, 'rzz': 3}",10,10,0,C:\Users\szymon\QuditsOnQubits\QuditsOnQubits\basis_direct_encoding_benchmarks\quantum_circuits\ame43\monomial_full__sup123_P120_ph121,C:\Users\szymon\QuditsOnQubits\QuditsOnQubits\basis_direct_encoding_benchmarks\quantum_circuits\ame43\monomial_full__sup123_P120_ph121\F3_W.qpy,C:\Users\szymon\QuditsOnQubits\QuditsOnQubits\basis_direct_encoding_benchmarks\quantum_circuits\ame43\monomial_full__sup123_P120_ph121\CZ3_W.qpy,C:\Users\szymon\QuditsOnQubits\QuditsOnQubits\basis_direct_encoding_benchmarks\quantum_circuits\ame43\monomial_full__sup123_P120_ph121\graph_state_direct_basis.qpy,C:\Users\szymon\QuditsOnQubits\QuditsOnQubits\basis_direct_encoding_benchmarks\quantum_circuits\ame43\monomial_full__sup123_P120_ph121\graph_state_direct_basis_transpiled.qpy,,C:\Users\szymon\QuditsOnQubits\QuditsOnQubits\basis_direct_encoding_benchmarks\quantum_circuits\ame43\monomial_full__sup123_P120_ph121\E.npy
direct_basis_encoding,ame43,ame43,ame43,ame43,4,4,8,sup123_P120_ph122,monomial,monomial_full,sup123_P120_ph122,False,True,101,219,320,157,,,0.948559,True,False,ok,,Converted from legacy E_new 4x3 isometry candidate.; Fidelity skipped because transpiled circuit has 128 qubits.,157,182.1,15.98,320,341.1,101,107.9,128,"{'sx': 118, 'cz': 98, 'rz': 61, 'rx': 40, 'rzz': 3}",10,10,0,C:\Users\szymon\QuditsOnQubits\QuditsOnQubits\basis_direct_encoding_benchmarks\quantum_circuits\ame43\monomial_full__sup123_P120_ph122,C:\Users\szymon\QuditsOnQubits\QuditsOnQubits\basis_direct_encoding_benchmarks\quantum_circuits\ame43\monomial_full__sup123_P120_ph122\F3_W.qpy,C:\Users\szymon\QuditsOnQubits\QuditsOnQubits\basis_direct_encoding_benchmarks\quantum_circuits\ame43\monomial_full__sup123_P120_ph122\CZ3_W.qpy,C:\Users\szymon\QuditsOnQubits\QuditsOnQubits\basis_direct_encoding_benchmarks\quantum_circuits\ame43\monomial_full__sup123_P120_ph122\graph_state_direct_basis.qpy,C:\Users\szymon\QuditsOnQubits\QuditsOnQubits\basis_direct_encoding_benchmarks\quantum_circuits\ame43\monomial_full__sup123_P120_ph122\graph_state_direct_basis_transpiled.qpy,,C:\Users\szymon\QuditsOnQubits\QuditsOnQubits\basis_direct_encoding_benchmarks\quantum_circuits\ame43\monomial_full__sup123_P120_ph122\E.npy
direct_basis_encoding,ame43,ame43,ame43,ame43,4,4,8,sup123_P120_ph200,monomial,monomial_full,sup123_P120_ph200,False,True,101,226,327,157,,,1.077396,True,False,ok,,Converted from legacy E_new 4x3 isometry candidate.; Fidelity skipped because transpiled circuit has 128 qubits.,157,182.7,16.12,327,348.7,101,107.9,128,"{'sx': 118, 'cz': 98, 'rz': 68, 'rx': 40, 'rzz': 3}",10,10,0,C:\Users\szymon\QuditsOnQubits\QuditsOnQubits\basis_direct_encoding_benchmarks\quantum_circuits\ame43\monomial_full__sup123_P120_ph200,C:\Users\szymon\QuditsOnQubits\QuditsOnQubits\basis_direct_encoding_benchmarks\quantum_circuits\ame43\monomial_full__sup123_P120_ph200\F3_W.qpy,C:\Users\szymon\QuditsOnQubits\QuditsOnQubits\basis_direct_encoding_benchmarks\quantum_circuits\ame43\monomial_full__sup123_P120_ph200\CZ3_W.qpy,C:\Users\szymon\QuditsOnQubits\QuditsOnQubits\basis_direct_encoding_benchmarks\quantum_circuits\ame43\monomial_full__sup123_P120_ph200\graph_state_direct_basis.qpy,C:\Users\szymon\QuditsOnQubits\QuditsOnQubits\basis_direct_encoding_benchmarks\quantum_circuits\ame43\monomial_full__sup123_P120_ph200\graph_state_direct_basis_transpiled.qpy,,C:\Users\szymon\QuditsOnQubits\QuditsOnQubits\basis_direct_encoding_benchmarks\quantum_circuits\ame43\monomial_full__sup123_P120_ph200\E.npy
direct_basis_encoding,ame43,ame43,ame43,ame43,4,4,8,sup123_P120_ph201,monomial,monomial_full,sup123_P120_ph201,False,True,101,227,328,158,,,1.213737,True,False,ok,,Converted from legacy E_new 4x3 isometry candidate.; Fidelity skipped because transpiled circuit has 128 qubits.,158,183.0,15.88,328,348.3,101,107.9,128,"{'sx': 118, 'cz': 98, 'rz': 69, 'rx': 40, 'rzz': 3}",10,10,0,C:\Users\szymon\QuditsOnQubits\QuditsOnQubits\basis_direct_encoding_benchmarks\quantum_circuits\ame43\monomial_full__sup123_P120_ph201,C:\Users\szymon\QuditsOnQubits\QuditsOnQubits\basis_direct_encoding_benchmarks\quantum_circuits\ame43\monomial_full__sup123_P120_ph201\F3_W.qpy,C:\Users\szymon\QuditsOnQubits\QuditsOnQubits\basis_direct_encoding_benchmarks\quantum_circuits\ame43\monomial_full__sup123_P120_ph201\CZ3_W.qpy,C:\Users\szymon\QuditsOnQubits\QuditsOnQubits\basis_direct_encoding_benchmarks\quantum_circuits\ame43\monomial_full__sup123_P120_ph201\graph_state_direct_basis.qpy,C:\Users\szymon\QuditsOnQubits\QuditsOnQubits\basis_direct_encoding_benchmarks\quantum_circuits\ame43\monomial_full__sup123_P120_ph201\graph_state_direct_basis_transpiled.qpy,,C:\Users\szymon\QuditsOnQubits\QuditsOnQubits\basis_direct_encoding_benchmarks\quantum_circuits\ame43\monomial_full__sup123_P120_ph201\E.npy
direct_basis_encoding,ame43,ame43,ame43,ame43,4,4,8,sup123_P120_ph202,monomial,monomial_full,sup123_P120_ph202,False,True,101,227,328,158,,,1.014919,True,False,ok,,Converted from legacy E_new 4x3 isometry candidate.; Fidelity skipped because transpiled circuit has 128 qubits.,158,183.6,16.02,328,348.2,101,107.9,128,"{'sx': 118, 'cz': 98, 'rz': 69, 'rx': 40, 'rzz': 3}",10,10,0,C:\Users\szymon\QuditsOnQubits\QuditsOnQubits\basis_direct_encoding_benchmarks\quantum_circuits\ame43\monomial_full__sup123_P120_ph202,C:\Users\szymon\QuditsOnQubits\QuditsOnQubits\basis_direct_encoding_benchmarks\quantum_circuits\ame43\monomial_full__sup123_P120_ph202\F3_W.qpy,C:\Users\szymon\QuditsOnQubits\QuditsOnQubits\basis_direct_encoding_benchmarks\quantum_circuits\ame43\monomial_full__sup123_P120_ph202\CZ3_W.qpy,C:\Users\szymon\QuditsOnQubits\QuditsOnQubits\basis_direct_encoding_benchmarks\quantum_circuits\ame43\monomial_full__sup123_P120_ph202\graph_state_direct_basis.qpy,C:\Users\szymon\QuditsOnQubits\QuditsOnQubits\basis_direct_encoding_benchmarks\quantum_circuits\ame43\monomial_full__sup123_P120_ph202\graph_state_direct_basis_transpiled.qpy,,C:\Users\szymon\QuditsOnQubits\QuditsOnQubits\basis_direct_encoding_benchmarks\quantum_circuits\ame43\monomial_full__sup123_P120_ph202\E.npy
direct_basis_encoding,ame43,ame43,ame43,ame43,4,4,8,sup123_P120_ph210,monomial,monomial_full,sup123_P120_ph210,False,True,101,221,322,157,,,0.961317,True,False,ok,,Converted from legacy E_new 4x3 isometry candidate.; Fidelity skipped because transpiled circuit has 128 qubits.,157,182.7,16.12,322,342.4,101,107.9,128,"{'sx': 118, 'cz': 98, 'rz': 63, 'rx': 40, 'rzz': 3}",10,10,0,C:\Users\szymon\QuditsOnQubits\QuditsOnQubits\basis_direct_encoding_benchmarks\quantum_circuits\ame43\monomial_full__sup123_P120_ph210,C:\Users\szymon\QuditsOnQubits\QuditsOnQubits\basis_direct_encoding_benchmarks\quantum_circuits\ame43\monomial_full__sup123_P120_ph210\F3_W.qpy,C:\Users\szymon\QuditsOnQubits\QuditsOnQubits\basis_direct_encoding_benchmarks\quantum_circuits\ame43\monomial_full__sup123_P120_ph210\CZ3_W.qpy,C:\Users\szymon\QuditsOnQubits\QuditsOnQubits\basis_direct_encoding_benchmarks\quantum_circuits\ame43\monomial_full__sup123_P120_ph210\graph_state_direct_basis.qpy,C:\Users\szymon\QuditsOnQubits\QuditsOnQubits\basis_direct_encoding_benchmarks\quantum_circuits\ame43\monomial_full__sup123_P120_ph210\graph_state_direct_basis_transpiled.qpy,,C:\Users\szymon\QuditsOnQubits\QuditsOnQubits\basis_direct_encoding_benchmarks\quantum_circuits\ame43\monomial_full__sup123_P120_ph210\E.npy
direct_basis_encoding,ame43,ame43,ame43,ame43,4,4,8,sup123_P120_ph211,monomial,monomial_full,sup123_P120_ph211,False,True,101,219,320,157,,,0.905636,True,False,ok,,Converted from legacy E_new 4x3 isometry candidate.; Fidelity skipped because transpiled circuit has 128 qubits.,157,182.1,15.98,320,340.7,101,107.9,128,"{'sx': 118, 'cz': 98, 'rz': 61, 'rx': 40, 'rzz': 3}",10,10,0,C:\Users\szymon\QuditsOnQubits\QuditsOnQubits\basis_direct_encoding_benchmarks\quantum_circuits\ame43\monomial_full__sup123_P120_ph211,C:\Users\szymon\QuditsOnQubits\QuditsOnQubits\basis_direct_encoding_benchmarks\quantum_circuits\ame43\monomial_full__sup123_P120_ph211\F3_W.qpy,C:\Users\szymon\QuditsOnQubits\QuditsOnQubits\basis_direct_encoding_benchmarks\quantum_circuits\ame43\monomial_full__sup123_P120_ph211\CZ3_W.qpy,C:\Users\szymon\QuditsOnQubits\QuditsOnQubits\basis_direct_encoding_benchmarks\quantum_circuits\ame43\monomial_full__sup123_P120_ph211\graph_state_direct_basis.qpy,C:\Users\szymon\QuditsOnQubits\QuditsOnQubits\basis_direct_encoding_benchmarks\quantum_circuits\ame43\monomial_full__sup123_P120_ph211\graph_state_direct_basis_transpiled.qpy,,C:\Users\szymon\QuditsOnQubits\QuditsOnQubits\basis_direct_encoding_benchmarks\quantum_circuits\ame43\monomial_full__sup123_P120_ph211\E.npy
direct_basis_encoding,ame43,ame43,ame43,ame43,4,4,8,sup123_P120_ph212,monomial,monomial_full,sup123_P120_ph212,False,True,101,220,321,157,,,1.056536,True,False,ok,,Converted from legacy E_new 4x3 isometry candidate.; Fidelity skipped because transpiled circuit has 128 qubits.,157,182.7,16.12,321,341.2,101,107.9,128,"{'sx': 118, 'cz': 98, 'rz': 62, 'rx': 40, 'rzz': 3}",10,10,0,C:\Users\szymon\QuditsOnQubits\QuditsOnQubits\basis_direct_encoding_benchmarks\quantum_circuits\ame43\monomial_full__sup123_P120_ph212,C:\Users\szymon\QuditsOnQubits\QuditsOnQubits\basis_direct_encoding_benchmarks\quantum_circuits\ame43\monomial_full__sup123_P120_ph212\F3_W.qpy,C:\Users\szymon\QuditsOnQubits\QuditsOnQubits\basis_direct_encoding_benchmarks\quantum_circuits\ame43\monomial_full__sup123_P120_ph212\CZ3_W.qpy,C:\Users\szymon\QuditsOnQubits\QuditsOnQubits\basis_direct_encoding_benchmarks\quantum_circuits\ame43\monomial_full__sup123_P120_ph212\graph_state_direct_basis.qpy,C:\Users\szymon\QuditsOnQubits\QuditsOnQubits\basis_direct_encoding_benchmarks\quantum_circuits\ame43\monomial_full__sup123_P120_ph212\graph_state_direct_basis_transpiled.qpy,,C:\Users\szymon\QuditsOnQubits\QuditsOnQubits\basis_direct_encoding_benchmarks\quantum_circuits\ame43\monomial_full__sup123_P120_ph212\E.npy
direct_basis_encoding,ame43,ame43,ame43,ame43,4,4,8,sup123_P120_ph220,monomial,monomial_full,sup123_P120_ph220,False,True,101,228,329,158,,,1.009754,True,False,ok,,Converted from legacy E_new 4x3 isometry candidate.; Fidelity skipped because transpiled circuit has 128 qubits.,158,183.6,16.02,329,349.8,101,107.9,128,"{'sx': 118, 'cz': 98, 'rz': 70, 'rx': 40, 'rzz': 3}",10,10,0,C:\Users\szymon\QuditsOnQubits\QuditsOnQubits\basis_direct_encoding_benchmarks\quantum_circuits\ame43\monomial_full__sup123_P120_ph220,C:\Users\szymon\QuditsOnQubits\QuditsOnQubits\basis_direct_encoding_benchmarks\quantum_circuits\ame43\monomial_full__sup123_P120_ph220\F3_W.qpy,C:\Users\szymon\QuditsOnQubits\QuditsOnQubits\basis_direct_encoding_benchmarks\quantum_circuits\ame43\monomial_full__sup123_P120_ph220\CZ3_W.qpy,C:\Users\szymon\QuditsOnQubits\QuditsOnQubits\basis_direct_encoding_benchmarks\quantum_circuits\ame43\monomial_full__sup123_P120_ph220\graph_state_direct_basis.qpy,C:\Users\szymon\QuditsOnQubits\QuditsOnQubits\basis_direct_encoding_benchmarks\quantum_circuits\ame43\monomial_full__sup123_P120_ph220\graph_state_direct_basis_transpiled.qpy,,C:\Users\szymon\QuditsOnQubits\QuditsOnQubits\basis_direct_encoding_benchmarks\quantum_circuits\ame43\monomial_full__sup123_P120_ph220\E.npy
direct_basis_encoding,ame43,ame43,ame43,ame43,4,4,8,sup123_P120_ph221,monomial,monomial_full,sup123_P120_ph221,False,True,101,227,328,158,,,1.083966,True,False,ok,,Converted from legacy E_new 4x3 isometry candidate.; Fidelity skipped because transpiled circuit has 128 qubits.,158,183.0,15.88,328,348.3,101,107.9,128,"{'sx': 118, 'cz': 98, 'rz': 69, 'rx': 40, 'rzz': 3}",10,10,0,C:\Users\szymon\QuditsOnQubits\QuditsOnQubits\basis_direct_encoding_benchmarks\quantum_circuits\ame43\monomial_full__sup123_P120_ph221,C:\Users\szymon\QuditsOnQubits\QuditsOnQubits\basis_direct_encoding_benchmarks\quantum_circuits\ame43\monomial_full__sup123_P120_ph221\F3_W.qpy,C:\Users\szymon\QuditsOnQubits\QuditsOnQubits\basis_direct_encoding_benchmarks\quantum_circuits\ame43\monomial_full__sup123_P120_ph221\CZ3_W.qpy,C:\Users\szymon\QuditsOnQubits\QuditsOnQubits\basis_direct_encoding_benchmarks\quantum_circuits\ame43\monomial_full__sup123_P120_ph221\graph_state_direct_basis.qpy,C:\Users\szymon\QuditsOnQubits\QuditsOnQubits\basis_direct_encoding_benchmarks\quantum_circuits\ame43\monomial_full__sup123_P120_ph221\graph_state_direct_basis_transpiled.qpy,,C:\Users\szymon\QuditsOnQubits\QuditsOnQubits\basis_direct_encoding_benchmarks\quantum_circuits\ame43\monomial_full__sup123_P120_ph221\E.npy
direct_basis_encoding,ame43,ame43,ame43,ame43,4,4,8,sup123_P120_ph222,monomial,monomial_full,sup123_P120_ph222,False,True,101,225,326,157,,,1.00054,True,False,ok,,Converted from legacy E_new 4x3 isometry candidate.; Fidelity skipped because transpiled circuit has 128 qubits.,157,182.7,16.12,326,346.7,101,107.9,128,"{'sx': 118, 'cz': 98, 'rz': 67, 'rx': 40, 'rzz': 3}",10,10,0,C:\Users\szymon\QuditsOnQubits\QuditsOnQubits\basis_direct_encoding_benchmarks\quantum_circuits\ame43\monomial_full__sup123_P120_ph222,C:\Users\szymon\QuditsOnQubits\QuditsOnQubits\basis_direct_encoding_benchmarks\quantum_circuits\ame43\monomial_full__sup123_P120_ph222\F3_W.qpy,C:\Users\szymon\QuditsOnQubits\QuditsOnQubits\basis_direct_encoding_benchmarks\quantum_circuits\ame43\monomial_full__sup123_P120_ph222\CZ3_W.qpy,C:\Users\szymon\QuditsOnQubits\QuditsOnQubits\basis_direct_encoding_benchmarks\quantum_circuits\ame43\monomial_full__sup123_P120_ph222\graph_state_direct_basis.qpy,C:\Users\szymon\QuditsOnQubits\QuditsOnQubits\basis_direct_encoding_benchmarks\quantum_circuits\ame43\monomial_full__sup123_P120_ph222\graph_state_direct_basis_transpiled.qpy,,C:\Users\szymon\QuditsOnQubits\QuditsOnQubits\basis_direct_encoding_benchmarks\quantum_circuits\ame43\monomial_full__sup123_P120_ph222\E.npy
direct_basis_encoding,ame43,ame43,ame43,ame43,4,4,8,sup123_P201_ph000,monomial,monomial_full,sup123_P201_ph000,False,True,86,200,286,184,,,1.045588,True,False,ok,,Converted from legacy E_new 4x3 isometry candidate.; Fidelity skipped because transpiled circuit has 128 qubits.,184,212.8,12.0,286,331.5,86,100.5,128,"{'cz': 70, 'sx': 69, 'rz': 67, 'rx': 64, 'rzz': 16}",10,10,0,C:\Users\szymon\QuditsOnQubits\QuditsOnQubits\basis_direct_encoding_benchmarks\quantum_circuits\ame43\monomial_full__sup123_P201_ph000,C:\Users\szymon\QuditsOnQubits\QuditsOnQubits\basis_direct_encoding_benchmarks\quantum_circuits\ame43\monomial_full__sup123_P201_ph000\F3_W.qpy,C:\Users\szymon\QuditsOnQubits\QuditsOnQubits\basis_direct_encoding_benchmarks\quantum_circuits\ame43\monomial_full__sup123_P201_ph000\CZ3_W.qpy,C:\Users\szymon\QuditsOnQubits\QuditsOnQubits\basis_direct_encoding_benchmarks\quantum_circuits\ame43\monomial_full__sup123_P201_ph000\graph_state_direct_basis.qpy,C:\Users\szymon\QuditsOnQubits\QuditsOnQubits\basis_direct_encoding_benchmarks\quantum_circuits\ame43\monomial_full__sup123_P201_ph000\graph_state_direct_basis_transpiled.qpy,,C:\Users\szymon\QuditsOnQubits\QuditsOnQubits\basis_direct_encoding_benchmarks\quantum_circuits\ame43\monomial_full__sup123_P201_ph000\E.npy
direct_basis_encoding,ame43,ame43,ame43,ame43,4,4,8,sup123_P201_ph001,monomial,monomial_full,sup123_P201_ph001,False,True,86,209,295,186,,,1.167748,True,False,ok,,Converted from legacy E_new 4x3 isometry candidate.; Fidelity skipped because transpiled circuit has 128 qubits.,186,213.8,11.67,295,336.7,86,100.5,128,"{'rz': 75, 'cz': 70, 'sx': 69, 'rx': 65, 'rzz': 16}",10,10,0,C:\Users\szymon\QuditsOnQubits\QuditsOnQubits\basis_direct_encoding_benchmarks\quantum_circuits\ame43\monomial_full__sup123_P201_ph001,C:\Users\szymon\QuditsOnQubits\QuditsOnQubits\basis_direct_encoding_benchmarks\quantum_circuits\ame43\monomial_full__sup123_P201_ph001\F3_W.qpy,C:\Users\szymon\QuditsOnQubits\QuditsOnQubits\basis_direct_encoding_benchmarks\quantum_circuits\ame43\monomial_full__sup123_P201_ph001\CZ3_W.qpy,C:\Users\szymon\QuditsOnQubits\QuditsOnQubits\basis_direct_encoding_benchmarks\quantum_circuits\ame43\monomial_full__sup123_P201_ph001\graph_state_direct_basis.qpy,C:\Users\szymon\QuditsOnQubits\QuditsOnQubits\basis_direct_encoding_benchmarks\quantum_circuits\ame43\monomial_full__sup123_P201_ph001\graph_state_direct_basis_transpiled.qpy,,C:\Users\szymon\QuditsOnQubits\QuditsOnQubits\basis_direct_encoding_benchmarks\quantum_circuits\ame43\monomial_full__sup123_P201_ph001\E.npy
direct_basis_encoding,ame43,ame43,ame43,ame43,4,4,8,sup123_P201_ph002,monomial,monomial_full,sup123_P201_ph002,False,True,86,206,292,186,,,1.148813,True,False,ok,,Converted from legacy E_new 4x3 isometry candidate.; Fidelity skipped because transpiled circuit has 128 qubits.,186,213.8,11.67,292,335.0,86,100.5,128,"{'rz': 74, 'cz': 70, 'sx': 69, 'rx': 63, 'rzz': 16}",10,10,0,C:\Users\szymon\QuditsOnQubits\QuditsOnQubits\basis_direct_encoding_benchmarks\quantum_circuits\ame43\monomial_full__sup123_P201_ph002,C:\Users\szymon\QuditsOnQubits\QuditsOnQubits\basis_direct_encoding_benchmarks\quantum_circuits\ame43\monomial_full__sup123_P201_ph002\F3_W.qpy,C:\Users\szymon\QuditsOnQubits\QuditsOnQubits\basis_direct_encoding_benchmarks\quantum_circuits\ame43\monomial_full__sup123_P201_ph002\CZ3_W.qpy,C:\Users\szymon\QuditsOnQubits\QuditsOnQubits\basis_direct_encoding_benchmarks\quantum_circuits\ame43\monomial_full__sup123_P201_ph002\graph_state_direct_basis.qpy,C:\Users\szymon\QuditsOnQubits\QuditsOnQubits\basis_direct_encoding_benchmarks\quantum_circuits\ame43\monomial_full__sup123_P201_ph002\graph_state_direct_basis_transpiled.qpy,,C:\Users\szymon\QuditsOnQubits\QuditsOnQubits\basis_direct_encoding_benchmarks\quantum_circuits\ame43\monomial_full__sup123_P201_ph002\E.npy
direct_basis_encoding,ame43,ame43,ame43,ame43,4,4,8,sup123_P201_ph010,monomial,monomial_full,sup123_P201_ph010,False,True,86,210,296,187,,,1.104977,True,False,ok,,Converted from legacy E_new 4x3 isometry candidate.; Fidelity skipped because transpiled circuit has 128 qubits.,187,213.8,11.37,296,341.2,86,100.5,128,"{'rz': 77, 'cz': 70, 'sx': 69, 'rx': 64, 'rzz': 16}",10,10,0,C:\Users\szymon\QuditsOnQubits\QuditsOnQubits\basis_direct_encoding_benchmarks\quantum_circuits\ame43\monomial_full__sup123_P201_ph010,C:\Users\szymon\QuditsOnQubits\QuditsOnQubits\basis_direct_encoding_benchmarks\quantum_circuits\ame43\monomial_full__sup123_P201_ph010\F3_W.qpy,C:\Users\szymon\QuditsOnQubits\QuditsOnQubits\basis_direct_encoding_benchmarks\quantum_circuits\ame43\monomial_full__sup123_P201_ph010\CZ3_W.qpy,C:\Users\szymon\QuditsOnQubits\QuditsOnQubits\basis_direct_encoding_benchmarks\quantum_circuits\ame43\monomial_full__sup123_P201_ph010\graph_state_direct_basis.qpy,C:\Users\szymon\QuditsOnQubits\QuditsOnQubits\basis_direct_encoding_benchmarks\quantum_circuits\ame43\monomial_full__sup123_P201_ph010\graph_state_direct_basis_transpiled.qpy,,C:\Users\szymon\QuditsOnQubits\QuditsOnQubits\basis_direct_encoding_benchmarks\quantum_circuits\ame43\monomial_full__sup123_P201_ph010\E.npy
direct_basis_encoding,ame43,ame43,ame43,ame43,4,4,8,sup123_P201_ph011,monomial,monomial_full,sup123_P201_ph011,False,True,86,211,297,185,,,1.066756,True,False,ok,,Converted from legacy E_new 4x3 isometry candidate.; Fidelity skipped because transpiled circuit has 128 qubits.,185,213.0,11.82,297,339.0,86,100.5,128,"{'rz': 78, 'cz': 70, 'sx': 69, 'rx': 64, 'rzz': 16}",10,10,0,C:\Users\szymon\QuditsOnQubits\QuditsOnQubits\basis_direct_encoding_benchmarks\quantum_circuits\ame43\monomial_full__sup123_P201_ph011,C:\Users\szymon\QuditsOnQubits\QuditsOnQubits\basis_direct_encoding_benchmarks\quantum_circuits\ame43\monomial_full__sup123_P201_ph011\F3_W.qpy,C:\Users\szymon\QuditsOnQubits\QuditsOnQubits\basis_direct_encoding_benchmarks\quantum_circuits\ame43\monomial_full__sup123_P201_ph011\CZ3_W.qpy,C:\Users\szymon\QuditsOnQubits\QuditsOnQubits\basis_direct_encoding_benchmarks\quantum_circuits\ame43\monomial_full__sup123_P201_ph011\graph_state_direct_basis.qpy,C:\Users\szymon\QuditsOnQubits\QuditsOnQubits\basis_direct_encoding_benchmarks\quantum_circuits\ame43\monomial_full__sup123_P201_ph011\graph_state_direct_basis_transpiled.qpy,,C:\Users\szymon\QuditsOnQubits\QuditsOnQubits\basis_direct_encoding_benchmarks\quantum_circuits\ame43\monomial_full__sup123_P201_ph011\E.npy
direct_basis_encoding,ame43,ame43,ame43,ame43,4,4,8,sup123_P201_ph012,monomial,monomial_full,sup123_P201_ph012,False,True,86,215,301,187,,,1.026129,True,False,ok,,Converted from legacy E_new 4x3 isometry candidate.; Fidelity skipped because transpiled circuit has 128 qubits.,187,213.9,11.43,301,342.7,86,100.5,128,"{'rz': 82, 'cz': 70, 'sx': 69, 'rx': 64, 'rzz': 16}",10,10,0,C:\Users\szymon\QuditsOnQubits\QuditsOnQubits\basis_direct_encoding_benchmarks\quantum_circuits\ame43\monomial_full__sup123_P201_ph012,C:\Users\szymon\QuditsOnQubits\QuditsOnQubits\basis_direct_encoding_benchmarks\quantum_circuits\ame43\monomial_full__sup123_P201_ph012\F3_W.qpy,C:\Users\szymon\QuditsOnQubits\QuditsOnQubits\basis_direct_encoding_benchmarks\quantum_circuits\ame43\monomial_full__sup123_P201_ph012\CZ3_W.qpy,C:\Users\szymon\QuditsOnQubits\QuditsOnQubits\basis_direct_encoding_benchmarks\quantum_circuits\ame43\monomial_full__sup123_P201_ph012\graph_state_direct_basis.qpy,C:\Users\szymon\QuditsOnQubits\QuditsOnQubits\basis_direct_encoding_benchmarks\quantum_circuits\ame43\monomial_full__sup123_P201_ph012\graph_state_direct_basis_transpiled.qpy,,C:\Users\szymon\QuditsOnQubits\QuditsOnQubits\basis_direct_encoding_benchmarks\quantum_circuits\ame43\monomial_full__sup123_P201_ph012\E.npy
direct_basis_encoding,ame43,ame43,ame43,ame43,4,4,8,sup123_P201_ph020,monomial,monomial_full,sup123_P201_ph020,False,True,86,210,296,187,,,1.164093,True,False,ok,,Converted from legacy E_new 4x3 isometry candidate.; Fidelity skipped because transpiled circuit has 128 qubits.,187,213.8,11.37,296,341.2,86,100.5,128,"{'rz': 77, 'cz': 70, 'sx': 69, 'rx': 64, 'rzz': 16}",10,10,0,C:\Users\szymon\QuditsOnQubits\QuditsOnQubits\basis_direct_encoding_benchmarks\quantum_circuits\ame43\monomial_full__sup123_P201_ph020,C:\Users\szymon\QuditsOnQubits\QuditsOnQubits\basis_direct_encoding_benchmarks\quantum_circuits\ame43\monomial_full__sup123_P201_ph020\F3_W.qpy,C:\Users\szymon\QuditsOnQubits\QuditsOnQubits\basis_direct_encoding_benchmarks\quantum_circuits\ame43\monomial_full__sup123_P201_ph020\CZ3_W.qpy,C:\Users\szymon\QuditsOnQubits\QuditsOnQubits\basis_direct_encoding_benchmarks\quantum_circuits\ame43\monomial_full__sup123_P201_ph020\graph_state_direct_basis.qpy,C:\Users\szymon\QuditsOnQubits\QuditsOnQubits\basis_direct_encoding_benchmarks\quantum_circuits\ame43\monomial_full__sup123_P201_ph020\graph_state_direct_basis_transpiled.qpy,,C:\Users\szymon\QuditsOnQubits\QuditsOnQubits\basis_direct_encoding_benchmarks\quantum_circuits\ame43\monomial_full__sup123_P201_ph020\E.npy
direct_basis_encoding,ame43,ame43,ame43,ame43,4,4,8,sup123_P201_ph021,monomial,monomial_full,sup123_P201_ph021,False,True,86,216,302,187,,,1.125037,True,False,ok,,Converted from legacy E_new 4x3 isometry candidate.; Fidelity skipped because transpiled circuit has 128 qubits.,187,213.9,11.43,302,343.6,86,100.5,128,"{'rz': 82, 'cz': 70, 'sx': 69, 'rx': 65, 'rzz': 16}",10,10,0,C:\Users\szymon\QuditsOnQubits\QuditsOnQubits\basis_direct_encoding_benchmarks\quantum_circuits\ame43\monomial_full__sup123_P201_ph021,C:\Users\szymon\QuditsOnQubits\QuditsOnQubits\basis_direct_encoding_benchmarks\quantum_circuits\ame43\monomial_full__sup123_P201_ph021\F3_W.qpy,C:\Users\szymon\QuditsOnQubits\QuditsOnQubits\basis_direct_encoding_benchmarks\quantum_circuits\ame43\monomial_full__sup123_P201_ph021\CZ3_W.qpy,C:\Users\szymon\QuditsOnQubits\QuditsOnQubits\basis_direct_encoding_benchmarks\quantum_circuits\ame43\monomial_full__sup123_P201_ph021\graph_state_direct_basis.qpy,C:\Users\szymon\QuditsOnQubits\QuditsOnQubits\basis_direct_encoding_benchmarks\quantum_circuits\ame43\monomial_full__sup123_P201_ph021\graph_state_direct_basis_transpiled.qpy,,C:\Users\szymon\QuditsOnQubits\QuditsOnQubits\basis_direct_encoding_benchmarks\quantum_circuits\ame43\monomial_full__sup123_P201_ph021\E.npy
direct_basis_encoding,ame43,ame43,ame43,ame43,4,4,8,sup123_P201_ph022,monomial,monomial_full,sup123_P201_ph022,False,True,86,212,298,185,,,1.410628,True,False,ok,,Converted from legacy E_new 4x3 isometry candidate.; Fidelity skipped because transpiled circuit has 128 qubits.,185,213.0,11.82,298,338.3,86,100.5,128,"{'rz': 79, 'cz': 70, 'sx': 69, 'rx': 64, 'rzz': 16}",10,10,0,C:\Users\szymon\QuditsOnQubits\QuditsOnQubits\basis_direct_encoding_benchmarks\quantum_circuits\ame43\monomial_full__sup123_P201_ph022,C:\Users\szymon\QuditsOnQubits\QuditsOnQubits\basis_direct_encoding_benchmarks\quantum_circuits\ame43\monomial_full__sup123_P201_ph022\F3_W.qpy,C:\Users\szymon\QuditsOnQubits\QuditsOnQubits\basis_direct_encoding_benchmarks\quantum_circuits\ame43\monomial_full__sup123_P201_ph022\CZ3_W.qpy,C:\Users\szymon\QuditsOnQubits\QuditsOnQubits\basis_direct_encoding_benchmarks\quantum_circuits\ame43\monomial_full__sup123_P201_ph022\graph_state_direct_basis.qpy,C:\Users\szymon\QuditsOnQubits\QuditsOnQubits\basis_direct_encoding_benchmarks\quantum_circuits\ame43\monomial_full__sup123_P201_ph022\graph_state_direct_basis_transpiled.qpy,,C:\Users\szymon\QuditsOnQubits\QuditsOnQubits\basis_direct_encoding_benchmarks\quantum_circuits\ame43\monomial_full__sup123_P201_ph022\E.npy
direct_basis_encoding,ame43,ame43,ame43,ame43,4,4,8,sup123_P201_ph100,monomial,monomial_full,sup123_P201_ph100,False,True,86,213,299,185,,,1.232239,True,False,ok,,Converted from legacy E_new 4x3 isometry candidate.; Fidelity skipped because transpiled circuit has 128 qubits.,185,213.0,11.82,299,338.4,86,100.5,128,"{'rz': 79, 'cz': 70, 'sx': 69, 'rx': 65, 'rzz': 16}",10,10,0,C:\Users\szymon\QuditsOnQubits\QuditsOnQubits\basis_direct_encoding_benchmarks\quantum_circuits\ame43\monomial_full__sup123_P201_ph100,C:\Users\szymon\QuditsOnQubits\QuditsOnQubits\basis_direct_encoding_benchmarks\quantum_circuits\ame43\monomial_full__sup123_P201_ph100\F3_W.qpy,C:\Users\szymon\QuditsOnQubits\QuditsOnQubits\basis_direct_encoding_benchmarks\quantum_circuits\ame43\monomial_full__sup123_P201_ph100\CZ3_W.qpy,C:\Users\szymon\QuditsOnQubits\QuditsOnQubits\basis_direct_encoding_benchmarks\quantum_circuits\ame43\monomial_full__sup123_P201_ph100\graph_state_direct_basis.qpy,C:\Users\szymon\QuditsOnQubits\QuditsOnQubits\basis_direct_encoding_benchmarks\quantum_circuits\ame43\monomial_full__sup123_P201_ph100\graph_state_direct_basis_transpiled.qpy,,C:\Users\szymon\QuditsOnQubits\QuditsOnQubits\basis_direct_encoding_benchmarks\quantum_circuits\ame43\monomial_full__sup123_P201_ph100\E.npy
direct_basis_encoding,ame43,ame43,ame43,ame43,4,4,8,sup123_P201_ph101,monomial,monomial_full,sup123_P201_ph101,False,True,86,211,297,187,,,1.193686,True,False,ok,,Converted from legacy E_new 4x3 isometry candidate.; Fidelity skipped because transpiled circuit has 128 qubits.,187,213.9,11.43,297,342.2,86,100.5,128,"{'rz': 78, 'cz': 70, 'sx': 69, 'rx': 64, 'rzz': 16}",10,10,0,C:\Users\szymon\QuditsOnQubits\QuditsOnQubits\basis_direct_encoding_benchmarks\quantum_circuits\ame43\monomial_full__sup123_P201_ph101,C:\Users\szymon\QuditsOnQubits\QuditsOnQubits\basis_direct_encoding_benchmarks\quantum_circuits\ame43\monomial_full__sup123_P201_ph101\F3_W.qpy,C:\Users\szymon\QuditsOnQubits\QuditsOnQubits\basis_direct_encoding_benchmarks\quantum_circuits\ame43\monomial_full__sup123_P201_ph101\CZ3_W.qpy,C:\Users\szymon\QuditsOnQubits\QuditsOnQubits\basis_direct_encoding_benchmarks\quantum_circuits\ame43\monomial_full__sup123_P201_ph101\graph_state_direct_basis.qpy,C:\Users\szymon\QuditsOnQubits\QuditsOnQubits\basis_direct_encoding_benchmarks\quantum_circuits\ame43\monomial_full__sup123_P201_ph101\graph_state_direct_basis_transpiled.qpy,,C:\Users\szymon\QuditsOnQubits\QuditsOnQubits\basis_direct_encoding_benchmarks\quantum_circuits\ame43\monomial_full__sup123_P201_ph101\E.npy
direct_basis_encoding,ame43,ame43,ame43,ame43,4,4,8,sup123_P201_ph102,monomial,monomial_full,sup123_P201_ph102,False,True,86,216,302,187,,,1.148759,True,False,ok,,Converted from legacy E_new 4x3 isometry candidate.; Fidelity skipped because transpiled circuit has 128 qubits.,187,213.8,11.37,302,342.9,86,100.5,128,"{'rz': 82, 'cz': 70, 'sx': 69, 'rx': 65, 'rzz': 16}",10,10,0,C:\Users\szymon\QuditsOnQubits\QuditsOnQubits\basis_direct_encoding_benchmarks\quantum_circuits\ame43\monomial_full__sup123_P201_ph102,C:\Users\szymon\QuditsOnQubits\QuditsOnQubits\basis_direct_encoding_benchmarks\quantum_circuits\ame43\monomial_full__sup123_P201_ph102\F3_W.qpy,C:\Users\szymon\QuditsOnQubits\QuditsOnQubits\basis_direct_encoding_benchmarks\quantum_circuits\ame43\monomial_full__sup123_P201_ph102\CZ3_W.qpy,C:\Users\szymon\QuditsOnQubits\QuditsOnQubits\basis_direct_encoding_benchmarks\quantum_circuits\ame43\monomial_full__sup123_P201_ph102\graph_state_direct_basis.qpy,C:\Users\szymon\QuditsOnQubits\QuditsOnQubits\basis_direct_encoding_benchmarks\quantum_circuits\ame43\monomial_full__sup123_P201_ph102\graph_state_direct_basis_transpiled.qpy,,C:\Users\szymon\QuditsOnQubits\QuditsOnQubits\basis_direct_encoding_benchmarks\quantum_circuits\ame43\monomial_full__sup123_P201_ph102\E.npy
direct_basis_encoding,ame43,ame43,ame43,ame43,4,4,8,sup123_P201_ph110,monomial,monomial_full,sup123_P201_ph110,False,True,86,214,300,187,,,1.172504,True,False,ok,,Converted from legacy E_new 4x3 isometry candidate.; Fidelity skipped because transpiled circuit has 128 qubits.,187,213.9,11.43,300,342.5,86,100.5,128,"{'rz': 81, 'cz': 70, 'sx': 69, 'rx': 64, 'rzz': 16}",10,10,0,C:\Users\szymon\QuditsOnQubits\QuditsOnQubits\basis_direct_encoding_benchmarks\quantum_circuits\ame43\monomial_full__sup123_P201_ph110,C:\Users\szymon\QuditsOnQubits\QuditsOnQubits\basis_direct_encoding_benchmarks\quantum_circuits\ame43\monomial_full__sup123_P201_ph110\F3_W.qpy,C:\Users\szymon\QuditsOnQubits\QuditsOnQubits\basis_direct_encoding_benchmarks\quantum_circuits\ame43\monomial_full__sup123_P201_ph110\CZ3_W.qpy,C:\Users\szymon\QuditsOnQubits\QuditsOnQubits\basis_direct_encoding_benchmarks\quantum_circuits\ame43\monomial_full__sup123_P201_ph110\graph_state_direct_basis.qpy,C:\Users\szymon\QuditsOnQubits\QuditsOnQubits\basis_direct_encoding_benchmarks\quantum_circuits\ame43\monomial_full__sup123_P201_ph110\graph_state_direct_basis_transpiled.qpy,,C:\Users\szymon\QuditsOnQubits\QuditsOnQubits\basis_direct_encoding_benchmarks\quantum_circuits\ame43\monomial_full__sup123_P201_ph110\E.npy
direct_basis_encoding,ame43,ame43,ame43,ame43,4,4,8,sup123_P201_ph111,monomial,monomial_full,sup123_P201_ph111,False,True,86,208,294,185,,,1.11599,True,False,ok,,Converted from legacy E_new 4x3 isometry candidate.; Fidelity skipped because transpiled circuit has 128 qubits.,185,213.0,11.82,294,337.9,86,100.5,128,"{'rz': 75, 'cz': 70, 'sx': 69, 'rx': 64, 'rzz': 16}",10,10,0,C:\Users\szymon\QuditsOnQubits\QuditsOnQubits\basis_direct_encoding_benchmarks\quantum_circuits\ame43\monomial_full__sup123_P201_ph111,C:\Users\szymon\QuditsOnQubits\QuditsOnQubits\basis_direct_encoding_benchmarks\quantum_circuits\ame43\monomial_full__sup123_P201_ph111\F3_W.qpy,C:\Users\szymon\QuditsOnQubits\QuditsOnQubits\basis_direct_encoding_benchmarks\quantum_circuits\ame43\monomial_full__sup123_P201_ph111\CZ3_W.qpy,C:\Users\szymon\QuditsOnQubits\QuditsOnQubits\basis_direct_encoding_benchmarks\quantum_circuits\ame43\monomial_full__sup123_P201_ph111\graph_state_direct_basis.qpy,C:\Users\szymon\QuditsOnQubits\QuditsOnQubits\basis_direct_encoding_benchmarks\quantum_circuits\ame43\monomial_full__sup123_P201_ph111\graph_state_direct_basis_transpiled.qpy,,C:\Users\szymon\QuditsOnQubits\QuditsOnQubits\basis_direct_encoding_benchmarks\quantum_circuits\ame43\monomial_full__sup123_P201_ph111\E.npy
direct_basis_encoding,ame43,ame43,ame43,ame43,4,4,8,sup123_P201_ph112,monomial,monomial_full,sup123_P201_ph112,False,True,86,214,300,187,,,1.015974,True,False,ok,,Converted from legacy E_new 4x3 isometry candidate.; Fidelity skipped because transpiled circuit has 128 qubits.,187,213.8,11.37,300,343.4,86,100.5,128,"{'rz': 81, 'cz': 70, 'sx': 69, 'rx': 64, 'rzz': 16}",10,10,0,C:\Users\szymon\QuditsOnQubits\QuditsOnQubits\basis_direct_encoding_benchmarks\quantum_circuits\ame43\monomial_full__sup123_P201_ph112,C:\Users\szymon\QuditsOnQubits\QuditsOnQubits\basis_direct_encoding_benchmarks\quantum_circuits\ame43\monomial_full__sup123_P201_ph112\F3_W.qpy,C:\Users\szymon\QuditsOnQubits\QuditsOnQubits\basis_direct_encoding_benchmarks\quantum_circuits\ame43\monomial_full__sup123_P201_ph112\CZ3_W.qpy,C:\Users\szymon\QuditsOnQubits\QuditsOnQubits\basis_direct_encoding_benchmarks\quantum_circuits\ame43\monomial_full__sup123_P201_ph112\graph_state_direct_basis.qpy,C:\Users\szymon\QuditsOnQubits\QuditsOnQubits\basis_direct_encoding_benchmarks\quantum_circuits\ame43\monomial_full__sup123_P201_ph112\graph_state_direct_basis_transpiled.qpy,,C:\Users\szymon\QuditsOnQubits\QuditsOnQubits\basis_direct_encoding_benchmarks\quantum_circuits\ame43\monomial_full__sup123_P201_ph112\E.npy
direct_basis_encoding,ame43,ame43,ame43,ame43,4,4,8,sup123_P201_ph120,monomial,monomial_full,sup123_P201_ph120,False,True,86,207,293,186,,,1.325899,True,False,ok,,Converted from legacy E_new 4x3 isometry candidate.; Fidelity skipped because transpiled circuit has 128 qubits.,186,213.8,11.67,293,336.6,86,100.5,128,"{'rz': 74, 'cz': 70, 'sx': 69, 'rx': 64, 'rzz': 16}",10,10,0,C:\Users\szymon\QuditsOnQubits\QuditsOnQubits\basis_direct_encoding_benchmarks\quantum_circuits\ame43\monomial_full__sup123_P201_ph120,C:\Users\szymon\QuditsOnQubits\QuditsOnQubits\basis_direct_encoding_benchmarks\quantum_circuits\ame43\monomial_full__sup123_P201_ph120\F3_W.qpy,C:\Users\szymon\QuditsOnQubits\QuditsOnQubits\basis_direct_encoding_benchmarks\quantum_circuits\ame43\monomial_full__sup123_P201_ph120\CZ3_W.qpy,C:\Users\szymon\QuditsOnQubits\QuditsOnQubits\basis_direct_encoding_benchmarks\quantum_circuits\ame43\monomial_full__sup123_P201_ph120\graph_state_direct_basis.qpy,C:\Users\szymon\QuditsOnQubits\QuditsOnQubits\basis_direct_encoding_benchmarks\quantum_circuits\ame43\monomial_full__sup123_P201_ph120\graph_state_direct_basis_transpiled.qpy,,C:\Users\szymon\QuditsOnQubits\QuditsOnQubits\basis_direct_encoding_benchmarks\quantum_circuits\ame43\monomial_full__sup123_P201_ph120\E.npy
direct_basis_encoding,ame43,ame43,ame43,ame43,4,4,8,sup123_P201_ph121,monomial,monomial_full,sup123_P201_ph121,False,True,86,207,293,186,,,1.232139,True,False,ok,,Converted from legacy E_new 4x3 isometry candidate.; Fidelity skipped because transpiled circuit has 128 qubits.,186,213.8,11.67,293,335.0,86,100.5,128,"{'rz': 73, 'cz': 70, 'sx': 69, 'rx': 65, 'rzz': 16}",10,10,0,C:\Users\szymon\QuditsOnQubits\QuditsOnQubits\basis_direct_encoding_benchmarks\quantum_circuits\ame43\monomial_full__sup123_P201_ph121,C:\Users\szymon\QuditsOnQubits\QuditsOnQubits\basis_direct_encoding_benchmarks\quantum_circuits\ame43\monomial_full__sup123_P201_ph121\F3_W.qpy,C:\Users\szymon\QuditsOnQubits\QuditsOnQubits\basis_direct_encoding_benchmarks\quantum_circuits\ame43\monomial_full__sup123_P201_ph121\CZ3_W.qpy,C:\Users\szymon\QuditsOnQubits\QuditsOnQubits\basis_direct_encoding_benchmarks\quantum_circuits\ame43\monomial_full__sup123_P201_ph121\graph_state_direct_basis.qpy,C:\Users\szymon\QuditsOnQubits\QuditsOnQubits\basis_direct_encoding_benchmarks\quantum_circuits\ame43\monomial_full__sup123_P201_ph121\graph_state_direct_basis_transpiled.qpy,,C:\Users\szymon\QuditsOnQubits\QuditsOnQubits\basis_direct_encoding_benchmarks\quantum_circuits\ame43\monomial_full__sup123_P201_ph121\E.npy
direct_basis_encoding,ame43,ame43,ame43,ame43,4,4,8,sup123_P201_ph122,monomial,monomial_full,sup123_P201_ph122,False,True,86,204,290,184,,,1.12814,True,False,ok,,Converted from legacy E_new 4x3 isometry candidate.; Fidelity skipped because transpiled circuit has 128 qubits.,184,212.8,12.0,290,332.2,86,100.5,128,"{'rz': 71, 'cz': 70, 'sx': 69, 'rx': 64, 'rzz': 16}",10,10,0,C:\Users\szymon\QuditsOnQubits\QuditsOnQubits\basis_direct_encoding_benchmarks\quantum_circuits\ame43\monomial_full__sup123_P201_ph122,C:\Users\szymon\QuditsOnQubits\QuditsOnQubits\basis_direct_encoding_benchmarks\quantum_circuits\ame43\monomial_full__sup123_P201_ph122\F3_W.qpy,C:\Users\szymon\QuditsOnQubits\QuditsOnQubits\basis_direct_encoding_benchmarks\quantum_circuits\ame43\monomial_full__sup123_P201_ph122\CZ3_W.qpy,C:\Users\szymon\QuditsOnQubits\QuditsOnQubits\basis_direct_encoding_benchmarks\quantum_circuits\ame43\monomial_full__sup123_P201_ph122\graph_state_direct_basis.qpy,C:\Users\szymon\QuditsOnQubits\QuditsOnQubits\basis_direct_encoding_benchmarks\quantum_circuits\ame43\monomial_full__sup123_P201_ph122\graph_state_direct_basis_transpiled.qpy,,C:\Users\szymon\QuditsOnQubits\QuditsOnQubits\basis_direct_encoding_benchmarks\quantum_circuits\ame43\monomial_full__sup123_P201_ph122\E.npy
direct_basis_encoding,ame43,ame43,ame43,ame43,4,4,8,sup123_P201_ph200,monomial,monomial_full,sup123_P201_ph200,False,True,86,211,297,185,,,1.039643,True,False,ok,,Converted from legacy E_new 4x3 isometry candidate.; Fidelity skipped because transpiled circuit has 128 qubits.,185,213.0,11.82,297,338.2,86,100.5,128,"{'rz': 78, 'cz': 70, 'sx': 69, 'rx': 64, 'rzz': 16}",10,10,0,C:\Users\szymon\QuditsOnQubits\QuditsOnQubits\basis_direct_encoding_benchmarks\quantum_circuits\ame43\monomial_full__sup123_P201_ph200,C:\Users\szymon\QuditsOnQubits\QuditsOnQubits\basis_direct_encoding_benchmarks\quantum_circuits\ame43\monomial_full__sup123_P201_ph200\F3_W.qpy,C:\Users\szymon\QuditsOnQubits\QuditsOnQubits\basis_direct_encoding_benchmarks\quantum_circuits\ame43\monomial_full__sup123_P201_ph200\CZ3_W.qpy,C:\Users\szymon\QuditsOnQubits\QuditsOnQubits\basis_direct_encoding_benchmarks\quantum_circuits\ame43\monomial_full__sup123_P201_ph200\graph_state_direct_basis.qpy,C:\Users\szymon\QuditsOnQubits\QuditsOnQubits\basis_direct_encoding_benchmarks\quantum_circuits\ame43\monomial_full__sup123_P201_ph200\graph_state_direct_basis_transpiled.qpy,,C:\Users\szymon\QuditsOnQubits\QuditsOnQubits\basis_direct_encoding_benchmarks\quantum_circuits\ame43\monomial_full__sup123_P201_ph200\E.npy
direct_basis_encoding,ame43,ame43,ame43,ame43,4,4,8,sup123_P201_ph201,monomial,monomial_full,sup123_P201_ph201,False,True,86,213,299,187,,,1.039497,True,False,ok,,Converted from legacy E_new 4x3 isometry candidate.; Fidelity skipped because transpiled circuit has 128 qubits.,187,213.8,11.37,299,342.3,86,100.5,128,"{'rz': 80, 'cz': 70, 'sx': 69, 'rx': 64, 'rzz': 16}",10,10,0,C:\Users\szymon\QuditsOnQubits\QuditsOnQubits\basis_direct_encoding_benchmarks\quantum_circuits\ame43\monomial_full__sup123_P201_ph201,C:\Users\szymon\QuditsOnQubits\QuditsOnQubits\basis_direct_encoding_benchmarks\quantum_circuits\ame43\monomial_full__sup123_P201_ph201\F3_W.qpy,C:\Users\szymon\QuditsOnQubits\QuditsOnQubits\basis_direct_encoding_benchmarks\quantum_circuits\ame43\monomial_full__sup123_P201_ph201\CZ3_W.qpy,C:\Users\szymon\QuditsOnQubits\QuditsOnQubits\basis_direct_encoding_benchmarks\quantum_circuits\ame43\monomial_full__sup123_P201_ph201\graph_state_direct_basis.qpy,C:\Users\szymon\QuditsOnQubits\QuditsOnQubits\basis_direct_encoding_benchmarks\quantum_circuits\ame43\monomial_full__sup123_P201_ph201\graph_state_direct_basis_transpiled.qpy,,C:\Users\szymon\QuditsOnQubits\QuditsOnQubits\basis_direct_encoding_benchmarks\quantum_circuits\ame43\monomial_full__sup123_P201_ph201\E.npy
direct_basis_encoding,ame43,ame43,ame43,ame43,4,4,8,sup123_P201_ph202,monomial,monomial_full,sup123_P201_ph202,False,True,86,212,298,187,,,1.202514,True,False,ok,,Converted from legacy E_new 4x3 isometry candidate.; Fidelity skipped because transpiled circuit has 128 qubits.,187,213.9,11.43,298,341.7,86,100.5,128,"{'rz': 79, 'cz': 70, 'sx': 69, 'rx': 64, 'rzz': 16}",10,10,0,C:\Users\szymon\QuditsOnQubits\QuditsOnQubits\basis_direct_encoding_benchmarks\quantum_circuits\ame43\monomial_full__sup123_P201_ph202,C:\Users\szymon\QuditsOnQubits\QuditsOnQubits\basis_direct_encoding_benchmarks\quantum_circuits\ame43\monomial_full__sup123_P201_ph202\F3_W.qpy,C:\Users\szymon\QuditsOnQubits\QuditsOnQubits\basis_direct_encoding_benchmarks\quantum_circuits\ame43\monomial_full__sup123_P201_ph202\CZ3_W.qpy,C:\Users\szymon\QuditsOnQubits\QuditsOnQubits\basis_direct_encoding_benchmarks\quantum_circuits\ame43\monomial_full__sup123_P201_ph202\graph_state_direct_basis.qpy,C:\Users\szymon\QuditsOnQubits\QuditsOnQubits\basis_direct_encoding_benchmarks\quantum_circuits\ame43\monomial_full__sup123_P201_ph202\graph_state_direct_basis_transpiled.qpy,,C:\Users\szymon\QuditsOnQubits\QuditsOnQubits\basis_direct_encoding_benchmarks\quantum_circuits\ame43\monomial_full__sup123_P201_ph202\E.npy
direct_basis_encoding,ame43,ame43,ame43,ame43,4,4,8,sup123_P201_ph210,monomial,monomial_full,sup123_P201_ph210,False,True,86,207,293,186,,,1.12399,True,False,ok,,Converted from legacy E_new 4x3 isometry candidate.; Fidelity skipped because transpiled circuit has 128 qubits.,186,213.8,11.67,293,335.8,86,100.5,128,"{'rz': 74, 'cz': 70, 'sx': 69, 'rx': 64, 'rzz': 16}",10,10,0,C:\Users\szymon\QuditsOnQubits\QuditsOnQubits\basis_direct_encoding_benchmarks\quantum_circuits\ame43\monomial_full__sup123_P201_ph210,C:\Users\szymon\QuditsOnQubits\QuditsOnQubits\basis_direct_encoding_benchmarks\quantum_circuits\ame43\monomial_full__sup123_P201_ph210\F3_W.qpy,C:\Users\szymon\QuditsOnQubits\QuditsOnQubits\basis_direct_encoding_benchmarks\quantum_circuits\ame43\monomial_full__sup123_P201_ph210\CZ3_W.qpy,C:\Users\szymon\QuditsOnQubits\QuditsOnQubits\basis_direct_encoding_benchmarks\quantum_circuits\ame43\monomial_full__sup123_P201_ph210\graph_state_direct_basis.qpy,C:\Users\szymon\QuditsOnQubits\QuditsOnQubits\basis_direct_encoding_benchmarks\quantum_circuits\ame43\monomial_full__sup123_P201_ph210\graph_state_direct_basis_transpiled.qpy,,C:\Users\szymon\QuditsOnQubits\QuditsOnQubits\basis_direct_encoding_benchmarks\quantum_circuits\ame43\monomial_full__sup123_P201_ph210\E.npy
direct_basis_encoding,ame43,ame43,ame43,ame43,4,4,8,sup123_P201_ph211,monomial,monomial_full,sup123_P201_ph211,False,True,86,205,291,184,,,1.618149,True,False,ok,,Converted from legacy E_new 4x3 isometry candidate.; Fidelity skipped because transpiled circuit has 128 qubits.,184,212.8,12.0,291,332.9,86,100.5,128,"{'rz': 71, 'cz': 70, 'sx': 69, 'rx': 65, 'rzz': 16}",10,10,0,C:\Users\szymon\QuditsOnQubits\QuditsOnQubits\basis_direct_encoding_benchmarks\quantum_circuits\ame43\monomial_full__sup123_P201_ph211,C:\Users\szymon\QuditsOnQubits\QuditsOnQubits\basis_direct_encoding_benchmarks\quantum_circuits\ame43\monomial_full__sup123_P201_ph211\F3_W.qpy,C:\Users\szymon\QuditsOnQubits\QuditsOnQubits\basis_direct_encoding_benchmarks\quantum_circuits\ame43\monomial_full__sup123_P201_ph211\CZ3_W.qpy,C:\Users\szymon\QuditsOnQubits\QuditsOnQubits\basis_direct_encoding_benchmarks\quantum_circuits\ame43\monomial_full__sup123_P201_ph211\graph_state_direct_basis.qpy,C:\Users\szymon\QuditsOnQubits\QuditsOnQubits\basis_direct_encoding_benchmarks\quantum_circuits\ame43\monomial_full__sup123_P201_ph211\graph_state_direct_basis_transpiled.qpy,,C:\Users\szymon\QuditsOnQubits\QuditsOnQubits\basis_direct_encoding_benchmarks\quantum_circuits\ame43\monomial_full__sup123_P201_ph211\E.npy
direct_basis_encoding,ame43,ame43,ame43,ame43,4,4,8,sup123_P201_ph212,monomial,monomial_full,sup123_P201_ph212,False,True,86,205,291,186,,,1.461142,True,False,ok,,Converted from legacy E_new 4x3 isometry candidate.; Fidelity skipped because transpiled circuit has 128 qubits.,186,213.8,11.67,291,335.8,86,100.5,128,"{'rz': 72, 'cz': 70, 'sx': 69, 'rx': 64, 'rzz': 16}",10,10,0,C:\Users\szymon\QuditsOnQubits\QuditsOnQubits\basis_direct_encoding_benchmarks\quantum_circuits\ame43\monomial_full__sup123_P201_ph212,C:\Users\szymon\QuditsOnQubits\QuditsOnQubits\basis_direct_encoding_benchmarks\quantum_circuits\ame43\monomial_full__sup123_P201_ph212\F3_W.qpy,C:\Users\szymon\QuditsOnQubits\QuditsOnQubits\basis_direct_encoding_benchmarks\quantum_circuits\ame43\monomial_full__sup123_P201_ph212\CZ3_W.qpy,C:\Users\szymon\QuditsOnQubits\QuditsOnQubits\basis_direct_encoding_benchmarks\quantum_circuits\ame43\monomial_full__sup123_P201_ph212\graph_state_direct_basis.qpy,C:\Users\szymon\QuditsOnQubits\QuditsOnQubits\basis_direct_encoding_benchmarks\quantum_circuits\ame43\monomial_full__sup123_P201_ph212\graph_state_direct_basis_transpiled.qpy,,C:\Users\szymon\QuditsOnQubits\QuditsOnQubits\basis_direct_encoding_benchmarks\quantum_circuits\ame43\monomial_full__sup123_P201_ph212\E.npy
direct_basis_encoding,ame43,ame43,ame43,ame43,4,4,8,sup123_P201_ph220,monomial,monomial_full,sup123_P201_ph220,False,True,86,216,302,187,,,1.453592,True,False,ok,,Converted from legacy E_new 4x3 isometry candidate.; Fidelity skipped because transpiled circuit has 128 qubits.,187,213.9,11.43,302,343.6,86,100.5,128,"{'rz': 82, 'cz': 70, 'sx': 69, 'rx': 65, 'rzz': 16}",10,10,0,C:\Users\szymon\QuditsOnQubits\QuditsOnQubits\basis_direct_encoding_benchmarks\quantum_circuits\ame43\monomial_full__sup123_P201_ph220,C:\Users\szymon\QuditsOnQubits\QuditsOnQubits\basis_direct_encoding_benchmarks\quantum_circuits\ame43\monomial_full__sup123_P201_ph220\F3_W.qpy,C:\Users\szymon\QuditsOnQubits\QuditsOnQubits\basis_direct_encoding_benchmarks\quantum_circuits\ame43\monomial_full__sup123_P201_ph220\CZ3_W.qpy,C:\Users\szymon\QuditsOnQubits\QuditsOnQubits\basis_direct_encoding_benchmarks\quantum_circuits\ame43\monomial_full__sup123_P201_ph220\graph_state_direct_basis.qpy,C:\Users\szymon\QuditsOnQubits\QuditsOnQubits\basis_direct_encoding_benchmarks\quantum_circuits\ame43\monomial_full__sup123_P201_ph220\graph_state_direct_basis_transpiled.qpy,,C:\Users\szymon\QuditsOnQubits\QuditsOnQubits\basis_direct_encoding_benchmarks\quantum_circuits\ame43\monomial_full__sup123_P201_ph220\E.npy
direct_basis_encoding,ame43,ame43,ame43,ame43,4,4,8,sup123_P201_ph221,monomial,monomial_full,sup123_P201_ph221,False,True,86,215,301,187,,,1.458042,True,False,ok,,Converted from legacy E_new 4x3 isometry candidate.; Fidelity skipped because transpiled circuit has 128 qubits.,187,213.8,11.37,301,343.4,86,100.5,128,"{'rz': 81, 'cz': 70, 'sx': 69, 'rx': 65, 'rzz': 16}",10,10,0,C:\Users\szymon\QuditsOnQubits\QuditsOnQubits\basis_direct_encoding_benchmarks\quantum_circuits\ame43\monomial_full__sup123_P201_ph221,C:\Users\szymon\QuditsOnQubits\QuditsOnQubits\basis_direct_encoding_benchmarks\quantum_circuits\ame43\monomial_full__sup123_P201_ph221\F3_W.qpy,C:\Users\szymon\QuditsOnQubits\QuditsOnQubits\basis_direct_encoding_benchmarks\quantum_circuits\ame43\monomial_full__sup123_P201_ph221\CZ3_W.qpy,C:\Users\szymon\QuditsOnQubits\QuditsOnQubits\basis_direct_encoding_benchmarks\quantum_circuits\ame43\monomial_full__sup123_P201_ph221\graph_state_direct_basis.qpy,C:\Users\szymon\QuditsOnQubits\QuditsOnQubits\basis_direct_encoding_benchmarks\quantum_circuits\ame43\monomial_full__sup123_P201_ph221\graph_state_direct_basis_transpiled.qpy,,C:\Users\szymon\QuditsOnQubits\QuditsOnQubits\basis_direct_encoding_benchmarks\quantum_circuits\ame43\monomial_full__sup123_P201_ph221\E.npy
direct_basis_encoding,ame43,ame43,ame43,ame43,4,4,8,sup123_P201_ph222,monomial,monomial_full,sup123_P201_ph222,False,True,86,212,298,185,,,1.525563,True,False,ok,,Converted from legacy E_new 4x3 isometry candidate.; Fidelity skipped because transpiled circuit has 128 qubits.,185,213.0,11.82,298,338.4,86,100.5,128,"{'rz': 78, 'cz': 70, 'sx': 69, 'rx': 65, 'rzz': 16}",10,10,0,C:\Users\szymon\QuditsOnQubits\QuditsOnQubits\basis_direct_encoding_benchmarks\quantum_circuits\ame43\monomial_full__sup123_P201_ph222,C:\Users\szymon\QuditsOnQubits\QuditsOnQubits\basis_direct_encoding_benchmarks\quantum_circuits\ame43\monomial_full__sup123_P201_ph222\F3_W.qpy,C:\Users\szymon\QuditsOnQubits\QuditsOnQubits\basis_direct_encoding_benchmarks\quantum_circuits\ame43\monomial_full__sup123_P201_ph222\CZ3_W.qpy,C:\Users\szymon\QuditsOnQubits\QuditsOnQubits\basis_direct_encoding_benchmarks\quantum_circuits\ame43\monomial_full__sup123_P201_ph222\graph_state_direct_basis.qpy,C:\Users\szymon\QuditsOnQubits\QuditsOnQubits\basis_direct_encoding_benchmarks\quantum_circuits\ame43\monomial_full__sup123_P201_ph222\graph_state_direct_basis_transpiled.qpy,,C:\Users\szymon\QuditsOnQubits\QuditsOnQubits\basis_direct_encoding_benchmarks\quantum_circuits\ame43\monomial_full__sup123_P201_ph222\E.npy
direct_basis_encoding,ame43,ame43,ame43,ame43,4,4,8,sup123_P210_ph000,monomial,monomial_full,sup123_P210_ph000,False,True,101,218,319,157,,,1.28115,True,False,ok,,Converted from legacy E_new 4x3 isometry candidate.; Fidelity skipped because transpiled circuit has 128 qubits.,157,182.1,15.98,319,339.1,101,107.9,128,"{'sx': 118, 'cz': 98, 'rz': 60, 'rx': 40, 'rzz': 3}",10,10,0,C:\Users\szymon\QuditsOnQubits\QuditsOnQubits\basis_direct_encoding_benchmarks\quantum_circuits\ame43\monomial_full__sup123_P210_ph000,C:\Users\szymon\QuditsOnQubits\QuditsOnQubits\basis_direct_encoding_benchmarks\quantum_circuits\ame43\monomial_full__sup123_P210_ph000\F3_W.qpy,C:\Users\szymon\QuditsOnQubits\QuditsOnQubits\basis_direct_encoding_benchmarks\quantum_circuits\ame43\monomial_full__sup123_P210_ph000\CZ3_W.qpy,C:\Users\szymon\QuditsOnQubits\QuditsOnQubits\basis_direct_encoding_benchmarks\quantum_circuits\ame43\monomial_full__sup123_P210_ph000\graph_state_direct_basis.qpy,C:\Users\szymon\QuditsOnQubits\QuditsOnQubits\basis_direct_encoding_benchmarks\quantum_circuits\ame43\monomial_full__sup123_P210_ph000\graph_state_direct_basis_transpiled.qpy,,C:\Users\szymon\QuditsOnQubits\QuditsOnQubits\basis_direct_encoding_benchmarks\quantum_circuits\ame43\monomial_full__sup123_P210_ph000\E.npy
direct_basis_encoding,ame43,ame43,ame43,ame43,4,4,8,sup123_P210_ph001,monomial,monomial_full,sup123_P210_ph001,False,True,101,221,322,157,,,1.147106,True,False,ok,,Converted from legacy E_new 4x3 isometry candidate.; Fidelity skipped because transpiled circuit has 128 qubits.,157,182.7,16.12,322,342.3,101,107.9,128,"{'sx': 118, 'cz': 98, 'rz': 63, 'rx': 40, 'rzz': 3}",10,10,0,C:\Users\szymon\QuditsOnQubits\QuditsOnQubits\basis_direct_encoding_benchmarks\quantum_circuits\ame43\monomial_full__sup123_P210_ph001,C:\Users\szymon\QuditsOnQubits\QuditsOnQubits\basis_direct_encoding_benchmarks\quantum_circuits\ame43\monomial_full__sup123_P210_ph001\F3_W.qpy,C:\Users\szymon\QuditsOnQubits\QuditsOnQubits\basis_direct_encoding_benchmarks\quantum_circuits\ame43\monomial_full__sup123_P210_ph001\CZ3_W.qpy,C:\Users\szymon\QuditsOnQubits\QuditsOnQubits\basis_direct_encoding_benchmarks\quantum_circuits\ame43\monomial_full__sup123_P210_ph001\graph_state_direct_basis.qpy,C:\Users\szymon\QuditsOnQubits\QuditsOnQubits\basis_direct_encoding_benchmarks\quantum_circuits\ame43\monomial_full__sup123_P210_ph001\graph_state_direct_basis_transpiled.qpy,,C:\Users\szymon\QuditsOnQubits\QuditsOnQubits\basis_direct_encoding_benchmarks\quantum_circuits\ame43\monomial_full__sup123_P210_ph001\E.npy
direct_basis_encoding,ame43,ame43,ame43,ame43,4,4,8,sup123_P210_ph002,monomial,monomial_full,sup123_P210_ph002,False,True,101,221,322,157,,,1.091362,True,False,ok,,Converted from legacy E_new 4x3 isometry candidate.; Fidelity skipped because transpiled circuit has 128 qubits.,157,182.7,16.12,322,341.9,101,107.9,128,"{'sx': 118, 'cz': 98, 'rz': 63, 'rx': 40, 'rzz': 3}",10,10,0,C:\Users\szymon\QuditsOnQubits\QuditsOnQubits\basis_direct_encoding_benchmarks\quantum_circuits\ame43\monomial_full__sup123_P210_ph002,C:\Users\szymon\QuditsOnQubits\QuditsOnQubits\basis_direct_encoding_benchmarks\quantum_circuits\ame43\monomial_full__sup123_P210_ph002\F3_W.qpy,C:\Users\szymon\QuditsOnQubits\QuditsOnQubits\basis_direct_encoding_benchmarks\quantum_circuits\ame43\monomial_full__sup123_P210_ph002\CZ3_W.qpy,C:\Users\szymon\QuditsOnQubits\QuditsOnQubits\basis_direct_encoding_benchmarks\quantum_circuits\ame43\monomial_full__sup123_P210_ph002\graph_state_direct_basis.qpy,C:\Users\szymon\QuditsOnQubits\QuditsOnQubits\basis_direct_encoding_benchmarks\quantum_circuits\ame43\monomial_full__sup123_P210_ph002\graph_state_direct_basis_transpiled.qpy,,C:\Users\szymon\QuditsOnQubits\QuditsOnQubits\basis_direct_encoding_benchmarks\quantum_circuits\ame43\monomial_full__sup123_P210_ph002\E.npy
direct_basis_encoding,ame43,ame43,ame43,ame43,4,4,8,sup123_P210_ph010,monomial,monomial_full,sup123_P210_ph010,False,True,101,225,326,158,,,1.13269,True,False,ok,,Converted from legacy E_new 4x3 isometry candidate.; Fidelity skipped because transpiled circuit has 128 qubits.,158,183.0,15.88,326,346.3,101,107.9,128,"{'sx': 118, 'cz': 98, 'rz': 68, 'rx': 39, 'rzz': 3}",10,10,0,C:\Users\szymon\QuditsOnQubits\QuditsOnQubits\basis_direct_encoding_benchmarks\quantum_circuits\ame43\monomial_full__sup123_P210_ph010,C:\Users\szymon\QuditsOnQubits\QuditsOnQubits\basis_direct_encoding_benchmarks\quantum_circuits\ame43\monomial_full__sup123_P210_ph010\F3_W.qpy,C:\Users\szymon\QuditsOnQubits\QuditsOnQubits\basis_direct_encoding_benchmarks\quantum_circuits\ame43\monomial_full__sup123_P210_ph010\CZ3_W.qpy,C:\Users\szymon\QuditsOnQubits\QuditsOnQubits\basis_direct_encoding_benchmarks\quantum_circuits\ame43\monomial_full__sup123_P210_ph010\graph_state_direct_basis.qpy,C:\Users\szymon\QuditsOnQubits\QuditsOnQubits\basis_direct_encoding_benchmarks\quantum_circuits\ame43\monomial_full__sup123_P210_ph010\graph_state_direct_basis_transpiled.qpy,,C:\Users\szymon\QuditsOnQubits\QuditsOnQubits\basis_direct_encoding_benchmarks\quantum_circuits\ame43\monomial_full__sup123_P210_ph010\E.npy
direct_basis_encoding,ame43,ame43,ame43,ame43,4,4,8,sup123_P210_ph011,monomial,monomial_full,sup123_P210_ph011,False,True,101,226,327,157,,,1.077966,True,False,ok,,Converted from legacy E_new 4x3 isometry candidate.; Fidelity skipped because transpiled circuit has 128 qubits.,157,182.7,16.12,327,348.2,101,107.9,128,"{'sx': 118, 'cz': 98, 'rz': 68, 'rx': 40, 'rzz': 3}",10,10,0,C:\Users\szymon\QuditsOnQubits\QuditsOnQubits\basis_direct_encoding_benchmarks\quantum_circuits\ame43\monomial_full__sup123_P210_ph011,C:\Users\szymon\QuditsOnQubits\QuditsOnQubits\basis_direct_encoding_benchmarks\quantum_circuits\ame43\monomial_full__sup123_P210_ph011\F3_W.qpy,C:\Users\szymon\QuditsOnQubits\QuditsOnQubits\basis_direct_encoding_benchmarks\quantum_circuits\ame43\monomial_full__sup123_P210_ph011\CZ3_W.qpy,C:\Users\szymon\QuditsOnQubits\QuditsOnQubits\basis_direct_encoding_benchmarks\quantum_circuits\ame43\monomial_full__sup123_P210_ph011\graph_state_direct_basis.qpy,C:\Users\szymon\QuditsOnQubits\QuditsOnQubits\basis_direct_encoding_benchmarks\quantum_circuits\ame43\monomial_full__sup123_P210_ph011\graph_state_direct_basis_transpiled.qpy,,C:\Users\szymon\QuditsOnQubits\QuditsOnQubits\basis_direct_encoding_benchmarks\quantum_circuits\ame43\monomial_full__sup123_P210_ph011\E.npy
direct_basis_encoding,ame43,ame43,ame43,ame43,4,4,8,sup123_P210_ph012,monomial,monomial_full,sup123_P210_ph012,False,True,101,228,329,158,,,1.093638,True,False,ok,,Converted from legacy E_new 4x3 isometry candidate.; Fidelity skipped because transpiled circuit has 128 qubits.,158,183.6,16.02,329,349.4,101,107.9,128,"{'sx': 118, 'cz': 98, 'rz': 70, 'rx': 40, 'rzz': 3}",10,10,0,C:\Users\szymon\QuditsOnQubits\QuditsOnQubits\basis_direct_encoding_benchmarks\quantum_circuits\ame43\monomial_full__sup123_P210_ph012,C:\Users\szymon\QuditsOnQubits\QuditsOnQubits\basis_direct_encoding_benchmarks\quantum_circuits\ame43\monomial_full__sup123_P210_ph012\F3_W.qpy,C:\Users\szymon\QuditsOnQubits\QuditsOnQubits\basis_direct_encoding_benchmarks\quantum_circuits\ame43\monomial_full__sup123_P210_ph012\CZ3_W.qpy,C:\Users\szymon\QuditsOnQubits\QuditsOnQubits\basis_direct_encoding_benchmarks\quantum_circuits\ame43\monomial_full__sup123_P210_ph012\graph_state_direct_basis.qpy,C:\Users\szymon\QuditsOnQubits\QuditsOnQubits\basis_direct_encoding_benchmarks\quantum_circuits\ame43\monomial_full__sup123_P210_ph012\graph_state_direct_basis_transpiled.qpy,,C:\Users\szymon\QuditsOnQubits\QuditsOnQubits\basis_direct_encoding_benchmarks\quantum_circuits\ame43\monomial_full__sup123_P210_ph012\E.npy
direct_basis_encoding,ame43,ame43,ame43,ame43,4,4,8,sup123_P210_ph020,monomial,monomial_full,sup123_P210_ph020,False,True,101,225,326,158,,,1.191674,True,False,ok,,Converted from legacy E_new 4x3 isometry candidate.; Fidelity skipped because transpiled circuit has 128 qubits.,158,183.0,15.88,326,346.7,101,107.9,128,"{'sx': 118, 'cz': 98, 'rz': 68, 'rx': 39, 'rzz': 3}",10,10,0,C:\Users\szymon\QuditsOnQubits\QuditsOnQubits\basis_direct_encoding_benchmarks\quantum_circuits\ame43\monomial_full__sup123_P210_ph020,C:\Users\szymon\QuditsOnQubits\QuditsOnQubits\basis_direct_encoding_benchmarks\quantum_circuits\ame43\monomial_full__sup123_P210_ph020\F3_W.qpy,C:\Users\szymon\QuditsOnQubits\QuditsOnQubits\basis_direct_encoding_benchmarks\quantum_circuits\ame43\monomial_full__sup123_P210_ph020\CZ3_W.qpy,C:\Users\szymon\QuditsOnQubits\QuditsOnQubits\basis_direct_encoding_benchmarks\quantum_circuits\ame43\monomial_full__sup123_P210_ph020\graph_state_direct_basis.qpy,C:\Users\szymon\QuditsOnQubits\QuditsOnQubits\basis_direct_encoding_benchmarks\quantum_circuits\ame43\monomial_full__sup123_P210_ph020\graph_state_direct_basis_transpiled.qpy,,C:\Users\szymon\QuditsOnQubits\QuditsOnQubits\basis_direct_encoding_benchmarks\quantum_circuits\ame43\monomial_full__sup123_P210_ph020\E.npy
direct_basis_encoding,ame43,ame43,ame43,ame43,4,4,8,sup123_P210_ph021,monomial,monomial_full,sup123_P210_ph021,False,True,101,228,329,158,,,1.11705,True,False,ok,,Converted from legacy E_new 4x3 isometry candidate.; Fidelity skipped because transpiled circuit has 128 qubits.,158,183.6,16.02,329,349.3,101,107.9,128,"{'sx': 118, 'cz': 98, 'rz': 70, 'rx': 40, 'rzz': 3}",10,10,0,C:\Users\szymon\QuditsOnQubits\QuditsOnQubits\basis_direct_encoding_benchmarks\quantum_circuits\ame43\monomial_full__sup123_P210_ph021,C:\Users\szymon\QuditsOnQubits\QuditsOnQubits\basis_direct_encoding_benchmarks\quantum_circuits\ame43\monomial_full__sup123_P210_ph021\F3_W.qpy,C:\Users\szymon\QuditsOnQubits\QuditsOnQubits\basis_direct_encoding_benchmarks\quantum_circuits\ame43\monomial_full__sup123_P210_ph021\CZ3_W.qpy,C:\Users\szymon\QuditsOnQubits\QuditsOnQubits\basis_direct_encoding_benchmarks\quantum_circuits\ame43\monomial_full__sup123_P210_ph021\graph_state_direct_basis.qpy,C:\Users\szymon\QuditsOnQubits\QuditsOnQubits\basis_direct_encoding_benchmarks\quantum_circuits\ame43\monomial_full__sup123_P210_ph021\graph_state_direct_basis_transpiled.qpy,,C:\Users\szymon\QuditsOnQubits\QuditsOnQubits\basis_direct_encoding_benchmarks\quantum_circuits\ame43\monomial_full__sup123_P210_ph021\E.npy
direct_basis_encoding,ame43,ame43,ame43,ame43,4,4,8,sup123_P210_ph022,monomial,monomial_full,sup123_P210_ph022,False,True,101,226,327,157,,,1.073304,True,False,ok,,Converted from legacy E_new 4x3 isometry candidate.; Fidelity skipped because transpiled circuit has 128 qubits.,157,182.7,16.12,327,348.7,101,107.9,128,"{'sx': 118, 'cz': 98, 'rz': 68, 'rx': 40, 'rzz': 3}",10,10,0,C:\Users\szymon\QuditsOnQubits\QuditsOnQubits\basis_direct_encoding_benchmarks\quantum_circuits\ame43\monomial_full__sup123_P210_ph022,C:\Users\szymon\QuditsOnQubits\QuditsOnQubits\basis_direct_encoding_benchmarks\quantum_circuits\ame43\monomial_full__sup123_P210_ph022\F3_W.qpy,C:\Users\szymon\QuditsOnQubits\QuditsOnQubits\basis_direct_encoding_benchmarks\quantum_circuits\ame43\monomial_full__sup123_P210_ph022\CZ3_W.qpy,C:\Users\szymon\QuditsOnQubits\QuditsOnQubits\basis_direct_encoding_benchmarks\quantum_circuits\ame43\monomial_full__sup123_P210_ph022\graph_state_direct_basis.qpy,C:\Users\szymon\QuditsOnQubits\QuditsOnQubits\basis_direct_encoding_benchmarks\quantum_circuits\ame43\monomial_full__sup123_P210_ph022\graph_state_direct_basis_transpiled.qpy,,C:\Users\szymon\QuditsOnQubits\QuditsOnQubits\basis_direct_encoding_benchmarks\quantum_circuits\ame43\monomial_full__sup123_P210_ph022\E.npy
direct_basis_encoding,ame43,ame43,ame43,ame43,4,4,8,sup123_P210_ph100,monomial,monomial_full,sup123_P210_ph100,False,True,101,226,327,157,,,1.050037,True,False,ok,,Converted from legacy E_new 4x3 isometry candidate.; Fidelity skipped because transpiled circuit has 128 qubits.,157,182.7,16.12,327,348.7,101,107.9,128,"{'sx': 118, 'cz': 98, 'rz': 68, 'rx': 40, 'rzz': 3}",10,10,0,C:\Users\szymon\QuditsOnQubits\QuditsOnQubits\basis_direct_encoding_benchmarks\quantum_circuits\ame43\monomial_full__sup123_P210_ph100,C:\Users\szymon\QuditsOnQubits\QuditsOnQubits\basis_direct_encoding_benchmarks\quantum_circuits\ame43\monomial_full__sup123_P210_ph100\F3_W.qpy,C:\Users\szymon\QuditsOnQubits\QuditsOnQubits\basis_direct_encoding_benchmarks\quantum_circuits\ame43\monomial_full__sup123_P210_ph100\CZ3_W.qpy,C:\Users\szymon\QuditsOnQubits\QuditsOnQubits\basis_direct_encoding_benchmarks\quantum_circuits\ame43\monomial_full__sup123_P210_ph100\graph_state_direct_basis.qpy,C:\Users\szymon\QuditsOnQubits\QuditsOnQubits\basis_direct_encoding_benchmarks\quantum_circuits\ame43\monomial_full__sup123_P210_ph100\graph_state_direct_basis_transpiled.qpy,,C:\Users\szymon\QuditsOnQubits\QuditsOnQubits\basis_direct_encoding_benchmarks\quantum_circuits\ame43\monomial_full__sup123_P210_ph100\E.npy
direct_basis_encoding,ame43,ame43,ame43,ame43,4,4,8,sup123_P210_ph101,monomial,monomial_full,sup123_P210_ph101,False,True,101,227,328,158,,,1.068542,True,False,ok,,Converted from legacy E_new 4x3 isometry candidate.; Fidelity skipped because transpiled circuit has 128 qubits.,158,183.6,16.02,328,347.8,101,107.9,128,"{'sx': 118, 'cz': 98, 'rz': 69, 'rx': 40, 'rzz': 3}",10,10,0,C:\Users\szymon\QuditsOnQubits\QuditsOnQubits\basis_direct_encoding_benchmarks\quantum_circuits\ame43\monomial_full__sup123_P210_ph101,C:\Users\szymon\QuditsOnQubits\QuditsOnQubits\basis_direct_encoding_benchmarks\quantum_circuits\ame43\monomial_full__sup123_P210_ph101\F3_W.qpy,C:\Users\szymon\QuditsOnQubits\QuditsOnQubits\basis_direct_encoding_benchmarks\quantum_circuits\ame43\monomial_full__sup123_P210_ph101\CZ3_W.qpy,C:\Users\szymon\QuditsOnQubits\QuditsOnQubits\basis_direct_encoding_benchmarks\quantum_circuits\ame43\monomial_full__sup123_P210_ph101\graph_state_direct_basis.qpy,C:\Users\szymon\QuditsOnQubits\QuditsOnQubits\basis_direct_encoding_benchmarks\quantum_circuits\ame43\monomial_full__sup123_P210_ph101\graph_state_direct_basis_transpiled.qpy,,C:\Users\szymon\QuditsOnQubits\QuditsOnQubits\basis_direct_encoding_benchmarks\quantum_circuits\ame43\monomial_full__sup123_P210_ph101\E.npy
direct_basis_encoding,ame43,ame43,ame43,ame43,4,4,8,sup123_P210_ph102,monomial,monomial_full,sup123_P210_ph102,False,True,101,226,327,158,,,1.205145,True,False,ok,,Converted from legacy E_new 4x3 isometry candidate.; Fidelity skipped because transpiled circuit has 128 qubits.,158,183.0,15.88,327,347.4,101,107.9,128,"{'sx': 118, 'cz': 98, 'rz': 69, 'rx': 39, 'rzz': 3}",10,10,0,C:\Users\szymon\QuditsOnQubits\QuditsOnQubits\basis_direct_encoding_benchmarks\quantum_circuits\ame43\monomial_full__sup123_P210_ph102,C:\Users\szymon\QuditsOnQubits\QuditsOnQubits\basis_direct_encoding_benchmarks\quantum_circuits\ame43\monomial_full__sup123_P210_ph102\F3_W.qpy,C:\Users\szymon\QuditsOnQubits\QuditsOnQubits\basis_direct_encoding_benchmarks\quantum_circuits\ame43\monomial_full__sup123_P210_ph102\CZ3_W.qpy,C:\Users\szymon\QuditsOnQubits\QuditsOnQubits\basis_direct_encoding_benchmarks\quantum_circuits\ame43\monomial_full__sup123_P210_ph102\graph_state_direct_basis.qpy,C:\Users\szymon\QuditsOnQubits\QuditsOnQubits\basis_direct_encoding_benchmarks\quantum_circuits\ame43\monomial_full__sup123_P210_ph102\graph_state_direct_basis_transpiled.qpy,,C:\Users\szymon\QuditsOnQubits\QuditsOnQubits\basis_direct_encoding_benchmarks\quantum_circuits\ame43\monomial_full__sup123_P210_ph102\E.npy
direct_basis_encoding,ame43,ame43,ame43,ame43,4,4,8,sup123_P210_ph110,monomial,monomial_full,sup123_P210_ph110,False,True,101,228,329,158,,,1.048624,True,False,ok,,Converted from legacy E_new 4x3 isometry candidate.; Fidelity skipped because transpiled circuit has 128 qubits.,158,183.6,16.02,329,349.4,101,107.9,128,"{'sx': 118, 'cz': 98, 'rz': 70, 'rx': 40, 'rzz': 3}",10,10,0,C:\Users\szymon\QuditsOnQubits\QuditsOnQubits\basis_direct_encoding_benchmarks\quantum_circuits\ame43\monomial_full__sup123_P210_ph110,C:\Users\szymon\QuditsOnQubits\QuditsOnQubits\basis_direct_encoding_benchmarks\quantum_circuits\ame43\monomial_full__sup123_P210_ph110\F3_W.qpy,C:\Users\szymon\QuditsOnQubits\QuditsOnQubits\basis_direct_encoding_benchmarks\quantum_circuits\ame43\monomial_full__sup123_P210_ph110\CZ3_W.qpy,C:\Users\szymon\QuditsOnQubits\QuditsOnQubits\basis_direct_encoding_benchmarks\quantum_circuits\ame43\monomial_full__sup123_P210_ph110\graph_state_direct_basis.qpy,C:\Users\szymon\QuditsOnQubits\QuditsOnQubits\basis_direct_encoding_benchmarks\quantum_circuits\ame43\monomial_full__sup123_P210_ph110\graph_state_direct_basis_transpiled.qpy,,C:\Users\szymon\QuditsOnQubits\QuditsOnQubits\basis_direct_encoding_benchmarks\quantum_circuits\ame43\monomial_full__sup123_P210_ph110\E.npy
direct_basis_encoding,ame43,ame43,ame43,ame43,4,4,8,sup123_P210_ph111,monomial,monomial_full,sup123_P210_ph111,False,True,101,225,326,157,,,1.068255,True,False,ok,,Converted from legacy E_new 4x3 isometry candidate.; Fidelity skipped because transpiled circuit has 128 qubits.,157,182.7,16.12,326,347.6,101,107.9,128,"{'sx': 118, 'cz': 98, 'rz': 67, 'rx': 40, 'rzz': 3}",10,10,0,C:\Users\szymon\QuditsOnQubits\QuditsOnQubits\basis_direct_encoding_benchmarks\quantum_circuits\ame43\monomial_full__sup123_P210_ph111,C:\Users\szymon\QuditsOnQubits\QuditsOnQubits\basis_direct_encoding_benchmarks\quantum_circuits\ame43\monomial_full__sup123_P210_ph111\F3_W.qpy,C:\Users\szymon\QuditsOnQubits\QuditsOnQubits\basis_direct_encoding_benchmarks\quantum_circuits\ame43\monomial_full__sup123_P210_ph111\CZ3_W.qpy,C:\Users\szymon\QuditsOnQubits\QuditsOnQubits\basis_direct_encoding_benchmarks\quantum_circuits\ame43\monomial_full__sup123_P210_ph111\graph_state_direct_basis.qpy,C:\Users\szymon\QuditsOnQubits\QuditsOnQubits\basis_direct_encoding_benchmarks\quantum_circuits\ame43\monomial_full__sup123_P210_ph111\graph_state_direct_basis_transpiled.qpy,,C:\Users\szymon\QuditsOnQubits\QuditsOnQubits\basis_direct_encoding_benchmarks\quantum_circuits\ame43\monomial_full__sup123_P210_ph111\E.npy
direct_basis_encoding,ame43,ame43,ame43,ame43,4,4,8,sup123_P210_ph112,monomial,monomial_full,sup123_P210_ph112,False,True,101,227,328,158,,,1.065134,True,False,ok,,Converted from legacy E_new 4x3 isometry candidate.; Fidelity skipped because transpiled circuit has 128 qubits.,158,183.0,15.88,328,348.3,101,107.9,128,"{'sx': 118, 'cz': 98, 'rz': 69, 'rx': 40, 'rzz': 3}",10,10,0,C:\Users\szymon\QuditsOnQubits\QuditsOnQubits\basis_direct_encoding_benchmarks\quantum_circuits\ame43\monomial_full__sup123_P210_ph112,C:\Users\szymon\QuditsOnQubits\QuditsOnQubits\basis_direct_encoding_benchmarks\quantum_circuits\ame43\monomial_full__sup123_P210_ph112\F3_W.qpy,C:\Users\szymon\QuditsOnQubits\QuditsOnQubits\basis_direct_encoding_benchmarks\quantum_circuits\ame43\monomial_full__sup123_P210_ph112\CZ3_W.qpy,C:\Users\szymon\QuditsOnQubits\QuditsOnQubits\basis_direct_encoding_benchmarks\quantum_circuits\ame43\monomial_full__sup123_P210_ph112\graph_state_direct_basis.qpy,C:\Users\szymon\QuditsOnQubits\QuditsOnQubits\basis_direct_encoding_benchmarks\quantum_circuits\ame43\monomial_full__sup123_P210_ph112\graph_state_direct_basis_transpiled.qpy,,C:\Users\szymon\QuditsOnQubits\QuditsOnQubits\basis_direct_encoding_benchmarks\quantum_circuits\ame43\monomial_full__sup123_P210_ph112\E.npy
direct_basis_encoding,ame43,ame43,ame43,ame43,4,4,8,sup123_P210_ph120,monomial,monomial_full,sup123_P210_ph120,False,True,101,221,322,157,,,1.018606,True,False,ok,,Converted from legacy E_new 4x3 isometry candidate.; Fidelity skipped because transpiled circuit has 128 qubits.,157,182.7,16.12,322,342.4,101,107.9,128,"{'sx': 118, 'cz': 98, 'rz': 63, 'rx': 40, 'rzz': 3}",10,10,0,C:\Users\szymon\QuditsOnQubits\QuditsOnQubits\basis_direct_encoding_benchmarks\quantum_circuits\ame43\monomial_full__sup123_P210_ph120,C:\Users\szymon\QuditsOnQubits\QuditsOnQubits\basis_direct_encoding_benchmarks\quantum_circuits\ame43\monomial_full__sup123_P210_ph120\F3_W.qpy,C:\Users\szymon\QuditsOnQubits\QuditsOnQubits\basis_direct_encoding_benchmarks\quantum_circuits\ame43\monomial_full__sup123_P210_ph120\CZ3_W.qpy,C:\Users\szymon\QuditsOnQubits\QuditsOnQubits\basis_direct_encoding_benchmarks\quantum_circuits\ame43\monomial_full__sup123_P210_ph120\graph_state_direct_basis.qpy,C:\Users\szymon\QuditsOnQubits\QuditsOnQubits\basis_direct_encoding_benchmarks\quantum_circuits\ame43\monomial_full__sup123_P210_ph120\graph_state_direct_basis_transpiled.qpy,,C:\Users\szymon\QuditsOnQubits\QuditsOnQubits\basis_direct_encoding_benchmarks\quantum_circuits\ame43\monomial_full__sup123_P210_ph120\E.npy
direct_basis_encoding,ame43,ame43,ame43,ame43,4,4,8,sup123_P210_ph121,monomial,monomial_full,sup123_P210_ph121,False,True,101,220,321,157,,,1.027001,True,False,ok,,Converted from legacy E_new 4x3 isometry candidate.; Fidelity skipped because transpiled circuit has 128 qubits.,157,182.7,16.12,321,341.7,101,107.9,128,"{'sx': 118, 'cz': 98, 'rz': 62, 'rx': 40, 'rzz': 3}",10,10,0,C:\Users\szymon\QuditsOnQubits\QuditsOnQubits\basis_direct_encoding_benchmarks\quantum_circuits\ame43\monomial_full__sup123_P210_ph121,C:\Users\szymon\QuditsOnQubits\QuditsOnQubits\basis_direct_encoding_benchmarks\quantum_circuits\ame43\monomial_full__sup123_P210_ph121\F3_W.qpy,C:\Users\szymon\QuditsOnQubits\QuditsOnQubits\basis_direct_encoding_benchmarks\quantum_circuits\ame43\monomial_full__sup123_P210_ph121\CZ3_W.qpy,C:\Users\szymon\QuditsOnQubits\QuditsOnQubits\basis_direct_encoding_benchmarks\quantum_circuits\ame43\monomial_full__sup123_P210_ph121\graph_state_direct_basis.qpy,C:\Users\szymon\QuditsOnQubits\QuditsOnQubits\basis_direct_encoding_benchmarks\quantum_circuits\ame43\monomial_full__sup123_P210_ph121\graph_state_direct_basis_transpiled.qpy,,C:\Users\szymon\QuditsOnQubits\QuditsOnQubits\basis_direct_encoding_benchmarks\quantum_circuits\ame43\monomial_full__sup123_P210_ph121\E.npy
direct_basis_encoding,ame43,ame43,ame43,ame43,4,4,8,sup123_P210_ph122,monomial,monomial_full,sup123_P210_ph122,False,True,101,219,320,157,,,1.037222,True,False,ok,,Converted from legacy E_new 4x3 isometry candidate.; Fidelity skipped because transpiled circuit has 128 qubits.,157,182.1,15.98,320,341.1,101,107.9,128,"{'sx': 118, 'cz': 98, 'rz': 61, 'rx': 40, 'rzz': 3}",10,10,0,C:\Users\szymon\QuditsOnQubits\QuditsOnQubits\basis_direct_encoding_benchmarks\quantum_circuits\ame43\monomial_full__sup123_P210_ph122,C:\Users\szymon\QuditsOnQubits\QuditsOnQubits\basis_direct_encoding_benchmarks\quantum_circuits\ame43\monomial_full__sup123_P210_ph122\F3_W.qpy,C:\Users\szymon\QuditsOnQubits\QuditsOnQubits\basis_direct_encoding_benchmarks\quantum_circuits\ame43\monomial_full__sup123_P210_ph122\CZ3_W.qpy,C:\Users\szymon\QuditsOnQubits\QuditsOnQubits\basis_direct_encoding_benchmarks\quantum_circuits\ame43\monomial_full__sup123_P210_ph122\graph_state_direct_basis.qpy,C:\Users\szymon\QuditsOnQubits\QuditsOnQubits\basis_direct_encoding_benchmarks\quantum_circuits\ame43\monomial_full__sup123_P210_ph122\graph_state_direct_basis_transpiled.qpy,,C:\Users\szymon\QuditsOnQubits\QuditsOnQubits\basis_direct_encoding_benchmarks\quantum_circuits\ame43\monomial_full__sup123_P210_ph122\E.npy
direct_basis_encoding,ame43,ame43,ame43,ame43,4,4,8,sup123_P210_ph200,monomial,monomial_full,sup123_P210_ph200,False,True,101,226,327,157,,,0.984,True,False,ok,,Converted from legacy E_new 4x3 isometry candidate.; Fidelity skipped because transpiled circuit has 128 qubits.,157,182.7,16.12,327,348.7,101,107.9,128,"{'sx': 118, 'cz': 98, 'rz': 68, 'rx': 40, 'rzz': 3}",10,10,0,C:\Users\szymon\QuditsOnQubits\QuditsOnQubits\basis_direct_encoding_benchmarks\quantum_circuits\ame43\monomial_full__sup123_P210_ph200,C:\Users\szymon\QuditsOnQubits\QuditsOnQubits\basis_direct_encoding_benchmarks\quantum_circuits\ame43\monomial_full__sup123_P210_ph200\F3_W.qpy,C:\Users\szymon\QuditsOnQubits\QuditsOnQubits\basis_direct_encoding_benchmarks\quantum_circuits\ame43\monomial_full__sup123_P210_ph200\CZ3_W.qpy,C:\Users\szymon\QuditsOnQubits\QuditsOnQubits\basis_direct_encoding_benchmarks\quantum_circuits\ame43\monomial_full__sup123_P210_ph200\graph_state_direct_basis.qpy,C:\Users\szymon\QuditsOnQubits\QuditsOnQubits\basis_direct_encoding_benchmarks\quantum_circuits\ame43\monomial_full__sup123_P210_ph200\graph_state_direct_basis_transpiled.qpy,,C:\Users\szymon\QuditsOnQubits\QuditsOnQubits\basis_direct_encoding_benchmarks\quantum_circuits\ame43\monomial_full__sup123_P210_ph200\E.npy
direct_basis_encoding,ame43,ame43,ame43,ame43,4,4,8,sup123_P210_ph201,monomial,monomial_full,sup123_P210_ph201,False,True,101,227,328,158,,,1.011533,True,False,ok,,Converted from legacy E_new 4x3 isometry candidate.; Fidelity skipped because transpiled circuit has 128 qubits.,158,183.0,15.88,328,348.3,101,107.9,128,"{'sx': 118, 'cz': 98, 'rz': 69, 'rx': 40, 'rzz': 3}",10,10,0,C:\Users\szymon\QuditsOnQubits\QuditsOnQubits\basis_direct_encoding_benchmarks\quantum_circuits\ame43\monomial_full__sup123_P210_ph201,C:\Users\szymon\QuditsOnQubits\QuditsOnQubits\basis_direct_encoding_benchmarks\quantum_circuits\ame43\monomial_full__sup123_P210_ph201\F3_W.qpy,C:\Users\szymon\QuditsOnQubits\QuditsOnQubits\basis_direct_encoding_benchmarks\quantum_circuits\ame43\monomial_full__sup123_P210_ph201\CZ3_W.qpy,C:\Users\szymon\QuditsOnQubits\QuditsOnQubits\basis_direct_encoding_benchmarks\quantum_circuits\ame43\monomial_full__sup123_P210_ph201\graph_state_direct_basis.qpy,C:\Users\szymon\QuditsOnQubits\QuditsOnQubits\basis_direct_encoding_benchmarks\quantum_circuits\ame43\monomial_full__sup123_P210_ph201\graph_state_direct_basis_transpiled.qpy,,C:\Users\szymon\QuditsOnQubits\QuditsOnQubits\basis_direct_encoding_benchmarks\quantum_circuits\ame43\monomial_full__sup123_P210_ph201\E.npy
direct_basis_encoding,ame43,ame43,ame43,ame43,4,4,8,sup123_P210_ph202,monomial,monomial_full,sup123_P210_ph202,False,True,101,227,328,158,,,0.946501,True,False,ok,,Converted from legacy E_new 4x3 isometry candidate.; Fidelity skipped because transpiled circuit has 128 qubits.,158,183.6,16.02,328,348.2,101,107.9,128,"{'sx': 118, 'cz': 98, 'rz': 69, 'rx': 40, 'rzz': 3}",10,10,0,C:\Users\szymon\QuditsOnQubits\QuditsOnQubits\basis_direct_encoding_benchmarks\quantum_circuits\ame43\monomial_full__sup123_P210_ph202,C:\Users\szymon\QuditsOnQubits\QuditsOnQubits\basis_direct_encoding_benchmarks\quantum_circuits\ame43\monomial_full__sup123_P210_ph202\F3_W.qpy,C:\Users\szymon\QuditsOnQubits\QuditsOnQubits\basis_direct_encoding_benchmarks\quantum_circuits\ame43\monomial_full__sup123_P210_ph202\CZ3_W.qpy,C:\Users\szymon\QuditsOnQubits\QuditsOnQubits\basis_direct_encoding_benchmarks\quantum_circuits\ame43\monomial_full__sup123_P210_ph202\graph_state_direct_basis.qpy,C:\Users\szymon\QuditsOnQubits\QuditsOnQubits\basis_direct_encoding_benchmarks\quantum_circuits\ame43\monomial_full__sup123_P210_ph202\graph_state_direct_basis_transpiled.qpy,,C:\Users\szymon\QuditsOnQubits\QuditsOnQubits\basis_direct_encoding_benchmarks\quantum_circuits\ame43\monomial_full__sup123_P210_ph202\E.npy
direct_basis_encoding,ame43,ame43,ame43,ame43,4,4,8,sup123_P210_ph210,monomial,monomial_full,sup123_P210_ph210,False,True,101,221,322,157,,,1.03731,True,False,ok,,Converted from legacy E_new 4x3 isometry candidate.; Fidelity skipped because transpiled circuit has 128 qubits.,157,182.7,16.12,322,342.4,101,107.9,128,"{'sx': 118, 'cz': 98, 'rz': 63, 'rx': 40, 'rzz': 3}",10,10,0,C:\Users\szymon\QuditsOnQubits\QuditsOnQubits\basis_direct_encoding_benchmarks\quantum_circuits\ame43\monomial_full__sup123_P210_ph210,C:\Users\szymon\QuditsOnQubits\QuditsOnQubits\basis_direct_encoding_benchmarks\quantum_circuits\ame43\monomial_full__sup123_P210_ph210\F3_W.qpy,C:\Users\szymon\QuditsOnQubits\QuditsOnQubits\basis_direct_encoding_benchmarks\quantum_circuits\ame43\monomial_full__sup123_P210_ph210\CZ3_W.qpy,C:\Users\szymon\QuditsOnQubits\QuditsOnQubits\basis_direct_encoding_benchmarks\quantum_circuits\ame43\monomial_full__sup123_P210_ph210\graph_state_direct_basis.qpy,C:\Users\szymon\QuditsOnQubits\QuditsOnQubits\basis_direct_encoding_benchmarks\quantum_circuits\ame43\monomial_full__sup123_P210_ph210\graph_state_direct_basis_transpiled.qpy,,C:\Users\szymon\QuditsOnQubits\QuditsOnQubits\basis_direct_encoding_benchmarks\quantum_circuits\ame43\monomial_full__sup123_P210_ph210\E.npy
direct_basis_encoding,ame43,ame43,ame43,ame43,4,4,8,sup123_P210_ph211,monomial,monomial_full,sup123_P210_ph211,False,True,101,219,320,157,,,1.060993,True,False,ok,,Converted from legacy E_new 4x3 isometry candidate.; Fidelity skipped because transpiled circuit has 128 qubits.,157,182.1,15.98,320,340.7,101,107.9,128,"{'sx': 118, 'cz': 98, 'rz': 61, 'rx': 40, 'rzz': 3}",10,10,0,C:\Users\szymon\QuditsOnQubits\QuditsOnQubits\basis_direct_encoding_benchmarks\quantum_circuits\ame43\monomial_full__sup123_P210_ph211,C:\Users\szymon\QuditsOnQubits\QuditsOnQubits\basis_direct_encoding_benchmarks\quantum_circuits\ame43\monomial_full__sup123_P210_ph211\F3_W.qpy,C:\Users\szymon\QuditsOnQubits\QuditsOnQubits\basis_direct_encoding_benchmarks\quantum_circuits\ame43\monomial_full__sup123_P210_ph211\CZ3_W.qpy,C:\Users\szymon\QuditsOnQubits\QuditsOnQubits\basis_direct_encoding_benchmarks\quantum_circuits\ame43\monomial_full__sup123_P210_ph211\graph_state_direct_basis.qpy,C:\Users\szymon\QuditsOnQubits\QuditsOnQubits\basis_direct_encoding_benchmarks\quantum_circuits\ame43\monomial_full__sup123_P210_ph211\graph_state_direct_basis_transpiled.qpy,,C:\Users\szymon\QuditsOnQubits\QuditsOnQubits\basis_direct_encoding_benchmarks\quantum_circuits\ame43\monomial_full__sup123_P210_ph211\E.npy
direct_basis_encoding,ame43,ame43,ame43,ame43,4,4,8,sup123_P210_ph212,monomial,monomial_full,sup123_P210_ph212,False,True,101,220,321,157,,,1.069194,True,False,ok,,Converted from legacy E_new 4x3 isometry candidate.; Fidelity skipped because transpiled circuit has 128 qubits.,157,182.7,16.12,321,341.2,101,107.9,128,"{'sx': 118, 'cz': 98, 'rz': 62, 'rx': 40, 'rzz': 3}",10,10,0,C:\Users\szymon\QuditsOnQubits\QuditsOnQubits\basis_direct_encoding_benchmarks\quantum_circuits\ame43\monomial_full__sup123_P210_ph212,C:\Users\szymon\QuditsOnQubits\QuditsOnQubits\basis_direct_encoding_benchmarks\quantum_circuits\ame43\monomial_full__sup123_P210_ph212\F3_W.qpy,C:\Users\szymon\QuditsOnQubits\QuditsOnQubits\basis_direct_encoding_benchmarks\quantum_circuits\ame43\monomial_full__sup123_P210_ph212\CZ3_W.qpy,C:\Users\szymon\QuditsOnQubits\QuditsOnQubits\basis_direct_encoding_benchmarks\quantum_circuits\ame43\monomial_full__sup123_P210_ph212\graph_state_direct_basis.qpy,C:\Users\szymon\QuditsOnQubits\QuditsOnQubits\basis_direct_encoding_benchmarks\quantum_circuits\ame43\monomial_full__sup123_P210_ph212\graph_state_direct_basis_transpiled.qpy,,C:\Users\szymon\QuditsOnQubits\QuditsOnQubits\basis_direct_encoding_benchmarks\quantum_circuits\ame43\monomial_full__sup123_P210_ph212\E.npy
direct_basis_encoding,ame43,ame43,ame43,ame43,4,4,8,sup123_P210_ph220,monomial,monomial_full,sup123_P210_ph220,False,True,101,228,329,158,,,1.036938,True,False,ok,,Converted from legacy E_new 4x3 isometry candidate.; Fidelity skipped because transpiled circuit has 128 qubits.,158,183.6,16.02,329,349.8,101,107.9,128,"{'sx': 118, 'cz': 98, 'rz': 70, 'rx': 40, 'rzz': 3}",10,10,0,C:\Users\szymon\QuditsOnQubits\QuditsOnQubits\basis_direct_encoding_benchmarks\quantum_circuits\ame43\monomial_full__sup123_P210_ph220,C:\Users\szymon\QuditsOnQubits\QuditsOnQubits\basis_direct_encoding_benchmarks\quantum_circuits\ame43\monomial_full__sup123_P210_ph220\F3_W.qpy,C:\Users\szymon\QuditsOnQubits\QuditsOnQubits\basis_direct_encoding_benchmarks\quantum_circuits\ame43\monomial_full__sup123_P210_ph220\CZ3_W.qpy,C:\Users\szymon\QuditsOnQubits\QuditsOnQubits\basis_direct_encoding_benchmarks\quantum_circuits\ame43\monomial_full__sup123_P210_ph220\graph_state_direct_basis.qpy,C:\Users\szymon\QuditsOnQubits\QuditsOnQubits\basis_direct_encoding_benchmarks\quantum_circuits\ame43\monomial_full__sup123_P210_ph220\graph_state_direct_basis_transpiled.qpy,,C:\Users\szymon\QuditsOnQubits\QuditsOnQubits\basis_direct_encoding_benchmarks\quantum_circuits\ame43\monomial_full__sup123_P210_ph220\E.npy
direct_basis_encoding,ame43,ame43,ame43,ame43,4,4,8,sup123_P210_ph221,monomial,monomial_full,sup123_P210_ph221,False,True,101,227,328,158,,,1.138581,True,False,ok,,Converted from legacy E_new 4x3 isometry candidate.; Fidelity skipped because transpiled circuit has 128 qubits.,158,183.0,15.88,328,348.3,101,107.9,128,"{'sx': 118, 'cz': 98, 'rz': 69, 'rx': 40, 'rzz': 3}",10,10,0,C:\Users\szymon\QuditsOnQubits\QuditsOnQubits\basis_direct_encoding_benchmarks\quantum_circuits\ame43\monomial_full__sup123_P210_ph221,C:\Users\szymon\QuditsOnQubits\QuditsOnQubits\basis_direct_encoding_benchmarks\quantum_circuits\ame43\monomial_full__sup123_P210_ph221\F3_W.qpy,C:\Users\szymon\QuditsOnQubits\QuditsOnQubits\basis_direct_encoding_benchmarks\quantum_circuits\ame43\monomial_full__sup123_P210_ph221\CZ3_W.qpy,C:\Users\szymon\QuditsOnQubits\QuditsOnQubits\basis_direct_encoding_benchmarks\quantum_circuits\ame43\monomial_full__sup123_P210_ph221\graph_state_direct_basis.qpy,C:\Users\szymon\QuditsOnQubits\QuditsOnQubits\basis_direct_encoding_benchmarks\quantum_circuits\ame43\monomial_full__sup123_P210_ph221\graph_state_direct_basis_transpiled.qpy,,C:\Users\szymon\QuditsOnQubits\QuditsOnQubits\basis_direct_encoding_benchmarks\quantum_circuits\ame43\monomial_full__sup123_P210_ph221\E.npy
direct_basis_encoding,ame43,ame43,ame43,ame43,4,4,8,sup123_P210_ph222,monomial,monomial_full,sup123_P210_ph222,False,True,101,225,326,157,,,1.056703,True,False,ok,,Converted from legacy E_new 4x3 isometry candidate.; Fidelity skipped because transpiled circuit has 128 qubits.,157,182.7,16.12,326,346.7,101,107.9,128,"{'sx': 118, 'cz': 98, 'rz': 67, 'rx': 40, 'rzz': 3}",10,10,0,C:\Users\szymon\QuditsOnQubits\QuditsOnQubits\basis_direct_encoding_benchmarks\quantum_circuits\ame43\monomial_full__sup123_P210_ph222,C:\Users\szymon\QuditsOnQubits\QuditsOnQubits\basis_direct_encoding_benchmarks\quantum_circuits\ame43\monomial_full__sup123_P210_ph222\F3_W.qpy,C:\Users\szymon\QuditsOnQubits\QuditsOnQubits\basis_direct_encoding_benchmarks\quantum_circuits\ame43\monomial_full__sup123_P210_ph222\CZ3_W.qpy,C:\Users\szymon\QuditsOnQubits\QuditsOnQubits\basis_direct_encoding_benchmarks\quantum_circuits\ame43\monomial_full__sup123_P210_ph222\graph_state_direct_basis.qpy,C:\Users\szymon\QuditsOnQubits\QuditsOnQubits\basis_direct_encoding_benchmarks\quantum_circuits\ame43\monomial_full__sup123_P210_ph222\graph_state_direct_basis_transpiled.qpy,,C:\Users\szymon\QuditsOnQubits\QuditsOnQubits\basis_direct_encoding_benchmarks\quantum_circuits\ame43\monomial_full__sup123_P210_ph222\E.npy
direct_basis_encoding,ame43,ame43,ame43,ame43,4,4,8,U_I__V_I,product,product,U_I__V_I,True,True,101,218,319,157,,,1.050453,True,False,ok,,Converted from legacy E_new = E_Z @ W candidate.; Fidelity skipped because transpiled circuit has 128 qubits.,157,182.1,15.98,319,340.0,101,107.9,128,"{'sx': 118, 'cz': 98, 'rz': 60, 'rx': 40, 'rzz': 3}",10,10,0,C:\Users\szymon\QuditsOnQubits\QuditsOnQubits\basis_direct_encoding_benchmarks\quantum_circuits\ame43\product__U_I__V_I,C:\Users\szymon\QuditsOnQubits\QuditsOnQubits\basis_direct_encoding_benchmarks\quantum_circuits\ame43\product__U_I__V_I\F3_W.qpy,C:\Users\szymon\QuditsOnQubits\QuditsOnQubits\basis_direct_encoding_benchmarks\quantum_circuits\ame43\product__U_I__V_I\CZ3_W.qpy,C:\Users\szymon\QuditsOnQubits\QuditsOnQubits\basis_direct_encoding_benchmarks\quantum_circuits\ame43\product__U_I__V_I\graph_state_direct_basis.qpy,C:\Users\szymon\QuditsOnQubits\QuditsOnQubits\basis_direct_encoding_benchmarks\quantum_circuits\ame43\product__U_I__V_I\graph_state_direct_basis_transpiled.qpy,C:\Users\szymon\QuditsOnQubits\QuditsOnQubits\basis_direct_encoding_benchmarks\quantum_circuits\ame43\product__U_I__V_I\basis_change_gate.qpy,C:\Users\szymon\QuditsOnQubits\QuditsOnQubits\basis_direct_encoding_benchmarks\quantum_circuits\ame43\product__U_I__V_I\W.npy
direct_basis_encoding,ame43,ame43,ame43,ame43,4,4,8,U_I__V_X,product,product,U_I__V_X,False,True,101,217,318,156,,,1.048514,True,False,ok,,Converted from legacy E_new 4x3 isometry candidate.; Fidelity skipped because transpiled circuit has 128 qubits.,156,181.2,16.08,318,338.5,101,107.9,128,"{'sx': 118, 'cz': 98, 'rz': 59, 'rx': 40, 'rzz': 3}",10,10,0,C:\Users\szymon\QuditsOnQubits\QuditsOnQubits\basis_direct_encoding_benchmarks\quantum_circuits\ame43\product__U_I__V_X,C:\Users\szymon\QuditsOnQubits\QuditsOnQubits\basis_direct_encoding_benchmarks\quantum_circuits\ame43\product__U_I__V_X\F3_W.qpy,C:\Users\szymon\QuditsOnQubits\QuditsOnQubits\basis_direct_encoding_benchmarks\quantum_circuits\ame43\product__U_I__V_X\CZ3_W.qpy,C:\Users\szymon\QuditsOnQubits\QuditsOnQubits\basis_direct_encoding_benchmarks\quantum_circuits\ame43\product__U_I__V_X\graph_state_direct_basis.qpy,C:\Users\szymon\QuditsOnQubits\QuditsOnQubits\basis_direct_encoding_benchmarks\quantum_circuits\ame43\product__U_I__V_X\graph_state_direct_basis_transpiled.qpy,,C:\Users\szymon\QuditsOnQubits\QuditsOnQubits\basis_direct_encoding_benchmarks\quantum_circuits\ame43\product__U_I__V_X\E.npy
direct_basis_encoding,ame43,ame43,ame43,ame43,4,4,8,U_I__V_SX,product,product,U_I__V_SX,False,True,533,1590,2123,1279,,,3.541705,True,False,ok,,Converted from legacy E_new 4x3 isometry candidate.; Fidelity skipped because transpiled circuit has 128 qubits.,1279,1295.8,12.91,2123,2146.0,533,541.7,128,"{'rz': 601, 'rx': 495, 'sx': 494, 'cz': 394, 'rzz': 139}",10,10,0,C:\Users\szymon\QuditsOnQubits\QuditsOnQubits\basis_direct_encoding_benchmarks\quantum_circuits\ame43\product__U_I__V_SX,C:\Users\szymon\QuditsOnQubits\QuditsOnQubits\basis_direct_encoding_benchmarks\quantum_circuits\ame43\product__U_I__V_SX\F3_W.qpy,C:\Users\szymon\QuditsOnQubits\QuditsOnQubits\basis_direct_encoding_benchmarks\quantum_circuits\ame43\product__U_I__V_SX\CZ3_W.qpy,C:\Users\szymon\QuditsOnQubits\QuditsOnQubits\basis_direct_encoding_benchmarks\quantum_circuits\ame43\product__U_I__V_SX\graph_state_direct_basis.qpy,C:\Users\szymon\QuditsOnQubits\QuditsOnQubits\basis_direct_encoding_benchmarks\quantum_circuits\ame43\product__U_I__V_SX\graph_state_direct_basis_transpiled.qpy,,C:\Users\szymon\QuditsOnQubits\QuditsOnQubits\basis_direct_encoding_benchmarks\quantum_circuits\ame43\product__U_I__V_SX\E.npy
direct_basis_encoding,ame43,ame43,ame43,ame43,4,4,8,U_I__V_SXdg,product,product,U_I__V_SXdg,False,True,533,1588,2121,1277,,,3.618473,True,False,ok,,Converted from legacy E_new 4x3 isometry candidate.; Fidelity skipped because transpiled circuit has 128 qubits.,1277,1296.2,13.92,2121,2146.6,533,541.7,128,"{'rz': 601, 'sx': 494, 'rx': 493, 'cz': 394, 'rzz': 139}",10,10,0,C:\Users\szymon\QuditsOnQubits\QuditsOnQubits\basis_direct_encoding_benchmarks\quantum_circuits\ame43\product__U_I__V_SXdg,C:\Users\szymon\QuditsOnQubits\QuditsOnQubits\basis_direct_encoding_benchmarks\quantum_circuits\ame43\product__U_I__V_SXdg\F3_W.qpy,C:\Users\szymon\QuditsOnQubits\QuditsOnQubits\basis_direct_encoding_benchmarks\quantum_circuits\ame43\product__U_I__V_SXdg\CZ3_W.qpy,C:\Users\szymon\QuditsOnQubits\QuditsOnQubits\basis_direct_encoding_benchmarks\quantum_circuits\ame43\product__U_I__V_SXdg\graph_state_direct_basis.qpy,C:\Users\szymon\QuditsOnQubits\QuditsOnQubits\basis_direct_encoding_benchmarks\quantum_circuits\ame43\product__U_I__V_SXdg\graph_state_direct_basis_transpiled.qpy,,C:\Users\szymon\QuditsOnQubits\QuditsOnQubits\basis_direct_encoding_benchmarks\quantum_circuits\ame43\product__U_I__V_SXdg\E.npy
direct_basis_encoding,ame43,ame43,ame43,ame43,4,4,8,U_I__V_H,product,product,U_I__V_H,False,True,533,1584,2117,1277,,,3.895656,True,False,ok,,Converted from legacy E_new 4x3 isometry candidate.; Fidelity skipped because transpiled circuit has 128 qubits.,1277,1294.7,13.45,2117,2142.1,533,541.7,128,"{'rz': 598, 'sx': 494, 'rx': 492, 'cz': 394, 'rzz': 139}",10,10,0,C:\Users\szymon\QuditsOnQubits\QuditsOnQubits\basis_direct_encoding_benchmarks\quantum_circuits\ame43\product__U_I__V_H,C:\Users\szymon\QuditsOnQubits\QuditsOnQubits\basis_direct_encoding_benchmarks\quantum_circuits\ame43\product__U_I__V_H\F3_W.qpy,C:\Users\szymon\QuditsOnQubits\QuditsOnQubits\basis_direct_encoding_benchmarks\quantum_circuits\ame43\product__U_I__V_H\CZ3_W.qpy,C:\Users\szymon\QuditsOnQubits\QuditsOnQubits\basis_direct_encoding_benchmarks\quantum_circuits\ame43\product__U_I__V_H\graph_state_direct_basis.qpy,C:\Users\szymon\QuditsOnQubits\QuditsOnQubits\basis_direct_encoding_benchmarks\quantum_circuits\ame43\product__U_I__V_H\graph_state_direct_basis_transpiled.qpy,,C:\Users\szymon\QuditsOnQubits\QuditsOnQubits\basis_direct_encoding_benchmarks\quantum_circuits\ame43\product__U_I__V_H\E.npy
direct_basis_encoding,ame43,ame43,ame43,ame43,4,4,8,U_I__V_HS,product,product,U_I__V_HS,False,True,533,1586,2119,1277,,,3.8664,True,False,ok,,Converted from legacy E_new 4x3 isometry candidate.; Fidelity skipped because transpiled circuit has 128 qubits.,1277,1294.7,13.45,2119,2143.5,533,541.7,128,"{'rz': 600, 'sx': 494, 'rx': 492, 'cz': 394, 'rzz': 139}",10,10,0,C:\Users\szymon\QuditsOnQubits\QuditsOnQubits\basis_direct_encoding_benchmarks\quantum_circuits\ame43\product__U_I__V_HS,C:\Users\szymon\QuditsOnQubits\QuditsOnQubits\basis_direct_encoding_benchmarks\quantum_circuits\ame43\product__U_I__V_HS\F3_W.qpy,C:\Users\szymon\QuditsOnQubits\QuditsOnQubits\basis_direct_encoding_benchmarks\quantum_circuits\ame43\product__U_I__V_HS\CZ3_W.qpy,C:\Users\szymon\QuditsOnQubits\QuditsOnQubits\basis_direct_encoding_benchmarks\quantum_circuits\ame43\product__U_I__V_HS\graph_state_direct_basis.qpy,C:\Users\szymon\QuditsOnQubits\QuditsOnQubits\basis_direct_encoding_benchmarks\quantum_circuits\ame43\product__U_I__V_HS\graph_state_direct_basis_transpiled.qpy,,C:\Users\szymon\QuditsOnQubits\QuditsOnQubits\basis_direct_encoding_benchmarks\quantum_circuits\ame43\product__U_I__V_HS\E.npy
direct_basis_encoding,ame43,ame43,ame43,ame43,4,4,8,U_I__V_SH,product,product,U_I__V_SH,False,True,573,1660,2233,1336,,,3.894644,True,False,ok,,Converted from legacy E_new 4x3 isometry candidate.; Fidelity skipped because transpiled circuit has 128 qubits.,1336,1364.9,26.01,2233,2224.6,573,579.2,128,"{'rz': 610, 'sx': 556, 'rx': 494, 'cz': 433, 'rzz': 140}",10,10,0,C:\Users\szymon\QuditsOnQubits\QuditsOnQubits\basis_direct_encoding_benchmarks\quantum_circuits\ame43\product__U_I__V_SH,C:\Users\szymon\QuditsOnQubits\QuditsOnQubits\basis_direct_encoding_benchmarks\quantum_circuits\ame43\product__U_I__V_SH\F3_W.qpy,C:\Users\szymon\QuditsOnQubits\QuditsOnQubits\basis_direct_encoding_benchmarks\quantum_circuits\ame43\product__U_I__V_SH\CZ3_W.qpy,C:\Users\szymon\QuditsOnQubits\QuditsOnQubits\basis_direct_encoding_benchmarks\quantum_circuits\ame43\product__U_I__V_SH\graph_state_direct_basis.qpy,C:\Users\szymon\QuditsOnQubits\QuditsOnQubits\basis_direct_encoding_benchmarks\quantum_circuits\ame43\product__U_I__V_SH\graph_state_direct_basis_transpiled.qpy,,C:\Users\szymon\QuditsOnQubits\QuditsOnQubits\basis_direct_encoding_benchmarks\quantum_circuits\ame43\product__U_I__V_SH\E.npy
direct_basis_encoding,ame43,ame43,ame43,ame43,4,4,8,U_I__V_Z,product,product,U_I__V_Z,True,True,101,217,318,156,,,1.198421,True,False,ok,,Converted from legacy E_new = E_Z @ W candidate.; Fidelity skipped because transpiled circuit has 128 qubits.,156,181.2,16.08,318,338.5,101,107.9,128,"{'sx': 118, 'cz': 98, 'rz': 59, 'rx': 40, 'rzz': 3}",10,10,0,C:\Users\szymon\QuditsOnQubits\QuditsOnQubits\basis_direct_encoding_benchmarks\quantum_circuits\ame43\product__U_I__V_Z,C:\Users\szymon\QuditsOnQubits\QuditsOnQubits\basis_direct_encoding_benchmarks\quantum_circuits\ame43\product__U_I__V_Z\F3_W.qpy,C:\Users\szymon\QuditsOnQubits\QuditsOnQubits\basis_direct_encoding_benchmarks\quantum_circuits\ame43\product__U_I__V_Z\CZ3_W.qpy,C:\Users\szymon\QuditsOnQubits\QuditsOnQubits\basis_direct_encoding_benchmarks\quantum_circuits\ame43\product__U_I__V_Z\graph_state_direct_basis.qpy,C:\Users\szymon\QuditsOnQubits\QuditsOnQubits\basis_direct_encoding_benchmarks\quantum_circuits\ame43\product__U_I__V_Z\graph_state_direct_basis_transpiled.qpy,C:\Users\szymon\QuditsOnQubits\QuditsOnQubits\basis_direct_encoding_benchmarks\quantum_circuits\ame43\product__U_I__V_Z\basis_change_gate.qpy,C:\Users\szymon\QuditsOnQubits\QuditsOnQubits\basis_direct_encoding_benchmarks\quantum_circuits\ame43\product__U_I__V_Z\W.npy
direct_basis_encoding,ame43,ame43,ame43,ame43,4,4,8,U_X__V_I,product,product,U_X__V_I,False,True,101,217,318,156,,,1.074476,True,False,ok,,Converted from legacy E_new 4x3 isometry candidate.; Fidelity skipped because transpiled circuit has 128 qubits.,156,181.2,16.08,318,338.2,101,107.9,128,"{'sx': 118, 'cz': 98, 'rz': 59, 'rx': 40, 'rzz': 3}",10,10,0,C:\Users\szymon\QuditsOnQubits\QuditsOnQubits\basis_direct_encoding_benchmarks\quantum_circuits\ame43\product__U_X__V_I,C:\Users\szymon\QuditsOnQubits\QuditsOnQubits\basis_direct_encoding_benchmarks\quantum_circuits\ame43\product__U_X__V_I\F3_W.qpy,C:\Users\szymon\QuditsOnQubits\QuditsOnQubits\basis_direct_encoding_benchmarks\quantum_circuits\ame43\product__U_X__V_I\CZ3_W.qpy,C:\Users\szymon\QuditsOnQubits\QuditsOnQubits\basis_direct_encoding_benchmarks\quantum_circuits\ame43\product__U_X__V_I\graph_state_direct_basis.qpy,C:\Users\szymon\QuditsOnQubits\QuditsOnQubits\basis_direct_encoding_benchmarks\quantum_circuits\ame43\product__U_X__V_I\graph_state_direct_basis_transpiled.qpy,,C:\Users\szymon\QuditsOnQubits\QuditsOnQubits\basis_direct_encoding_benchmarks\quantum_circuits\ame43\product__U_X__V_I\E.npy
direct_basis_encoding,ame43,ame43,ame43,ame43,4,4,8,U_X__V_X,product,product,U_X__V_X,False,True,101,218,319,157,,,1.125103,True,False,ok,,Converted from legacy E_new 4x3 isometry candidate.; Fidelity skipped because transpiled circuit has 128 qubits.,157,182.1,15.98,319,339.1,101,107.9,128,"{'sx': 118, 'cz': 98, 'rz': 60, 'rx': 40, 'rzz': 3}",10,10,0,C:\Users\szymon\QuditsOnQubits\QuditsOnQubits\basis_direct_encoding_benchmarks\quantum_circuits\ame43\product__U_X__V_X,C:\Users\szymon\QuditsOnQubits\QuditsOnQubits\basis_direct_encoding_benchmarks\quantum_circuits\ame43\product__U_X__V_X\F3_W.qpy,C:\Users\szymon\QuditsOnQubits\QuditsOnQubits\basis_direct_encoding_benchmarks\quantum_circuits\ame43\product__U_X__V_X\CZ3_W.qpy,C:\Users\szymon\QuditsOnQubits\QuditsOnQubits\basis_direct_encoding_benchmarks\quantum_circuits\ame43\product__U_X__V_X\graph_state_direct_basis.qpy,C:\Users\szymon\QuditsOnQubits\QuditsOnQubits\basis_direct_encoding_benchmarks\quantum_circuits\ame43\product__U_X__V_X\graph_state_direct_basis_transpiled.qpy,,C:\Users\szymon\QuditsOnQubits\QuditsOnQubits\basis_direct_encoding_benchmarks\quantum_circuits\ame43\product__U_X__V_X\E.npy
direct_basis_encoding,ame43,ame43,ame43,ame43,4,4,8,U_X__V_SX,product,product,U_X__V_SX,False,True,573,1664,2237,1342,,,4.059692,True,False,ok,,Converted from legacy E_new 4x3 isometry candidate.; Fidelity skipped because transpiled circuit has 128 qubits.,1342,1369.5,26.23,2237,2226.7,573,579.2,128,"{'rz': 607, 'sx': 556, 'rx': 501, 'cz': 433, 'rzz': 140}",10,10,0,C:\Users\szymon\QuditsOnQubits\QuditsOnQubits\basis_direct_encoding_benchmarks\quantum_circuits\ame43\product__U_X__V_SX,C:\Users\szymon\QuditsOnQubits\QuditsOnQubits\basis_direct_encoding_benchmarks\quantum_circuits\ame43\product__U_X__V_SX\F3_W.qpy,C:\Users\szymon\QuditsOnQubits\QuditsOnQubits\basis_direct_encoding_benchmarks\quantum_circuits\ame43\product__U_X__V_SX\CZ3_W.qpy,C:\Users\szymon\QuditsOnQubits\QuditsOnQubits\basis_direct_encoding_benchmarks\quantum_circuits\ame43\product__U_X__V_SX\graph_state_direct_basis.qpy,C:\Users\szymon\QuditsOnQubits\QuditsOnQubits\basis_direct_encoding_benchmarks\quantum_circuits\ame43\product__U_X__V_SX\graph_state_direct_basis_transpiled.qpy,,C:\Users\szymon\QuditsOnQubits\QuditsOnQubits\basis_direct_encoding_benchmarks\quantum_circuits\ame43\product__U_X__V_SX\E.npy
direct_basis_encoding,ame43,ame43,ame43,ame43,4,4,8,U_X__V_SXdg,product,product,U_X__V_SXdg,False,True,573,1660,2233,1339,,,4.31902,True,False,ok,,Converted from legacy E_new 4x3 isometry candidate.; Fidelity skipped because transpiled circuit has 128 qubits.,1339,1365.9,25.88,2233,2221.7,573,579.2,128,"{'rz': 607, 'sx': 556, 'rx': 497, 'cz': 433, 'rzz': 140}",10,10,0,C:\Users\szymon\QuditsOnQubits\QuditsOnQubits\basis_direct_encoding_benchmarks\quantum_circuits\ame43\product__U_X__V_SXdg,C:\Users\szymon\QuditsOnQubits\QuditsOnQubits\basis_direct_encoding_benchmarks\quantum_circuits\ame43\product__U_X__V_SXdg\F3_W.qpy,C:\Users\szymon\QuditsOnQubits\QuditsOnQubits\basis_direct_encoding_benchmarks\quantum_circuits\ame43\product__U_X__V_SXdg\CZ3_W.qpy,C:\Users\szymon\QuditsOnQubits\QuditsOnQubits\basis_direct_encoding_benchmarks\quantum_circuits\ame43\product__U_X__V_SXdg\graph_state_direct_basis.qpy,C:\Users\szymon\QuditsOnQubits\QuditsOnQubits\basis_direct_encoding_benchmarks\quantum_circuits\ame43\product__U_X__V_SXdg\graph_state_direct_basis_transpiled.qpy,,C:\Users\szymon\QuditsOnQubits\QuditsOnQubits\basis_direct_encoding_benchmarks\quantum_circuits\ame43\product__U_X__V_SXdg\E.npy
direct_basis_encoding,ame43,ame43,ame43,ame43,4,4,8,U_X__V_H,product,product,U_X__V_H,False,True,533,1595,2128,1286,,,3.658599,True,False,ok,,Converted from legacy E_new 4x3 isometry candidate.; Fidelity skipped because transpiled circuit has 128 qubits.,1286,1303.1,12.64,2128,2152.1,533,541.7,128,"{'rz': 600, 'rx': 501, 'sx': 494, 'cz': 394, 'rzz': 139}",10,10,0,C:\Users\szymon\QuditsOnQubits\QuditsOnQubits\basis_direct_encoding_benchmarks\quantum_circuits\ame43\product__U_X__V_H,C:\Users\szymon\QuditsOnQubits\QuditsOnQubits\basis_direct_encoding_benchmarks\quantum_circuits\ame43\product__U_X__V_H\F3_W.qpy,C:\Users\szymon\QuditsOnQubits\QuditsOnQubits\basis_direct_encoding_benchmarks\quantum_circuits\ame43\product__U_X__V_H\CZ3_W.qpy,C:\Users\szymon\QuditsOnQubits\QuditsOnQubits\basis_direct_encoding_benchmarks\quantum_circuits\ame43\product__U_X__V_H\graph_state_direct_basis.qpy,C:\Users\szymon\QuditsOnQubits\QuditsOnQubits\basis_direct_encoding_benchmarks\quantum_circuits\ame43\product__U_X__V_H\graph_state_direct_basis_transpiled.qpy,,C:\Users\szymon\QuditsOnQubits\QuditsOnQubits\basis_direct_encoding_benchmarks\quantum_circuits\ame43\product__U_X__V_H\E.npy
direct_basis_encoding,ame43,ame43,ame43,ame43,4,4,8,U_X__V_HS,product,product,U_X__V_HS,False,True,533,1594,2127,1285,,,4.08413,True,False,ok,,Converted from legacy E_new 4x3 isometry candidate.; Fidelity skipped because transpiled circuit has 128 qubits.,1285,1302.3,12.77,2127,2151.1,533,541.7,128,"{'rz': 600, 'rx': 500, 'sx': 494, 'cz': 394, 'rzz': 139}",10,10,0,C:\Users\szymon\QuditsOnQubits\QuditsOnQubits\basis_direct_encoding_benchmarks\quantum_circuits\ame43\product__U_X__V_HS,C:\Users\szymon\QuditsOnQubits\QuditsOnQubits\basis_direct_encoding_benchmarks\quantum_circuits\ame43\product__U_X__V_HS\F3_W.qpy,C:\Users\szymon\QuditsOnQubits\QuditsOnQubits\basis_direct_encoding_benchmarks\quantum_circuits\ame43\product__U_X__V_HS\CZ3_W.qpy,C:\Users\szymon\QuditsOnQubits\QuditsOnQubits\basis_direct_encoding_benchmarks\quantum_circuits\ame43\product__U_X__V_HS\graph_state_direct_basis.qpy,C:\Users\szymon\QuditsOnQubits\QuditsOnQubits\basis_direct_encoding_benchmarks\quantum_circuits\ame43\product__U_X__V_HS\graph_state_direct_basis_transpiled.qpy,,C:\Users\szymon\QuditsOnQubits\QuditsOnQubits\basis_direct_encoding_benchmarks\quantum_circuits\ame43\product__U_X__V_HS\E.npy
direct_basis_encoding,ame43,ame43,ame43,ame43,4,4,8,U_X__V_SH,product,product,U_X__V_SH,False,True,533,1589,2122,1279,,,3.758895,True,False,ok,,Converted from legacy E_new 4x3 isometry candidate.; Fidelity skipped because transpiled circuit has 128 qubits.,1279,1295.3,12.43,2122,2145.8,533,541.7,128,"{'rz': 602, 'sx': 494, 'rx': 493, 'cz': 394, 'rzz': 139}",10,10,0,C:\Users\szymon\QuditsOnQubits\QuditsOnQubits\basis_direct_encoding_benchmarks\quantum_circuits\ame43\product__U_X__V_SH,C:\Users\szymon\QuditsOnQubits\QuditsOnQubits\basis_direct_encoding_benchmarks\quantum_circuits\ame43\product__U_X__V_SH\F3_W.qpy,C:\Users\szymon\QuditsOnQubits\QuditsOnQubits\basis_direct_encoding_benchmarks\quantum_circuits\ame43\product__U_X__V_SH\CZ3_W.qpy,C:\Users\szymon\QuditsOnQubits\QuditsOnQubits\basis_direct_encoding_benchmarks\quantum_circuits\ame43\product__U_X__V_SH\graph_state_direct_basis.qpy,C:\Users\szymon\QuditsOnQubits\QuditsOnQubits\basis_direct_encoding_benchmarks\quantum_circuits\ame43\product__U_X__V_SH\graph_state_direct_basis_transpiled.qpy,,C:\Users\szymon\QuditsOnQubits\QuditsOnQubits\basis_direct_encoding_benchmarks\quantum_circuits\ame43\product__U_X__V_SH\E.npy
direct_basis_encoding,ame43,ame43,ame43,ame43,4,4,8,U_X__V_Z,product,product,U_X__V_Z,False,True,101,218,319,157,,,1.204303,True,False,ok,,Converted from legacy E_new 4x3 isometry candidate.; Fidelity skipped because transpiled circuit has 128 qubits.,157,182.1,15.98,319,339.5,101,107.9,128,"{'sx': 118, 'cz': 98, 'rz': 60, 'rx': 40, 'rzz': 3}",10,10,0,C:\Users\szymon\QuditsOnQubits\QuditsOnQubits\basis_direct_encoding_benchmarks\quantum_circuits\ame43\product__U_X__V_Z,C:\Users\szymon\QuditsOnQubits\QuditsOnQubits\basis_direct_encoding_benchmarks\quantum_circuits\ame43\product__U_X__V_Z\F3_W.qpy,C:\Users\szymon\QuditsOnQubits\QuditsOnQubits\basis_direct_encoding_benchmarks\quantum_circuits\ame43\product__U_X__V_Z\CZ3_W.qpy,C:\Users\szymon\QuditsOnQubits\QuditsOnQubits\basis_direct_encoding_benchmarks\quantum_circuits\ame43\product__U_X__V_Z\graph_state_direct_basis.qpy,C:\Users\szymon\QuditsOnQubits\QuditsOnQubits\basis_direct_encoding_benchmarks\quantum_circuits\ame43\product__U_X__V_Z\graph_state_direct_basis_transpiled.qpy,,C:\Users\szymon\QuditsOnQubits\QuditsOnQubits\basis_direct_encoding_benchmarks\quantum_circuits\ame43\product__U_X__V_Z\E.npy
direct_basis_encoding,ame43,ame43,ame43,ame43,4,4,8,U_SX__V_I,product,product,U_SX__V_I,False,True,559,1623,2182,1321,,,3.169359,True,False,ok,,Converted from legacy E_new 4x3 isometry candidate.; Fidelity skipped because transpiled circuit has 128 qubits.,1321,1354.4,26.54,2182,2221.3,559,574.8,128,"{'rz': 598, 'sx': 532, 'rx': 493, 'cz': 424, 'rzz': 135}",10,10,0,C:\Users\szymon\QuditsOnQubits\QuditsOnQubits\basis_direct_encoding_benchmarks\quantum_circuits\ame43\product__U_SX__V_I,C:\Users\szymon\QuditsOnQubits\QuditsOnQubits\basis_direct_encoding_benchmarks\quantum_circuits\ame43\product__U_SX__V_I\F3_W.qpy,C:\Users\szymon\QuditsOnQubits\QuditsOnQubits\basis_direct_encoding_benchmarks\quantum_circuits\ame43\product__U_SX__V_I\CZ3_W.qpy,C:\Users\szymon\QuditsOnQubits\QuditsOnQubits\basis_direct_encoding_benchmarks\quantum_circuits\ame43\product__U_SX__V_I\graph_state_direct_basis.qpy,C:\Users\szymon\QuditsOnQubits\QuditsOnQubits\basis_direct_encoding_benchmarks\quantum_circuits\ame43\product__U_SX__V_I\graph_state_direct_basis_transpiled.qpy,,C:\Users\szymon\QuditsOnQubits\QuditsOnQubits\basis_direct_encoding_benchmarks\quantum_circuits\ame43\product__U_SX__V_I\E.npy
direct_basis_encoding,ame43,ame43,ame43,ame43,4,4,8,U_SX__V_X,product,product,U_SX__V_X,False,True,559,1623,2182,1321,,,3.256622,True,False,ok,,Converted from legacy E_new 4x3 isometry candidate.; Fidelity skipped because transpiled circuit has 128 qubits.,1321,1353.9,26.26,2182,2219.4,559,574.8,128,"{'rz': 598, 'sx': 532, 'rx': 493, 'cz': 424, 'rzz': 135}",10,10,0,C:\Users\szymon\QuditsOnQubits\QuditsOnQubits\basis_direct_encoding_benchmarks\quantum_circuits\ame43\product__U_SX__V_X,C:\Users\szymon\QuditsOnQubits\QuditsOnQubits\basis_direct_encoding_benchmarks\quantum_circuits\ame43\product__U_SX__V_X\F3_W.qpy,C:\Users\szymon\QuditsOnQubits\QuditsOnQubits\basis_direct_encoding_benchmarks\quantum_circuits\ame43\product__U_SX__V_X\CZ3_W.qpy,C:\Users\szymon\QuditsOnQubits\QuditsOnQubits\basis_direct_encoding_benchmarks\quantum_circuits\ame43\product__U_SX__V_X\graph_state_direct_basis.qpy,C:\Users\szymon\QuditsOnQubits\QuditsOnQubits\basis_direct_encoding_benchmarks\quantum_circuits\ame43\product__U_SX__V_X\graph_state_direct_basis_transpiled.qpy,,C:\Users\szymon\QuditsOnQubits\QuditsOnQubits\basis_direct_encoding_benchmarks\quantum_circuits\ame43\product__U_SX__V_X\E.npy
direct_basis_encoding,ame43,ame43,ame43,ame43,4,4,8,U_SX__V_SX,product,product,U_SX__V_SX,False,True,1132,3154,4286,2655,,,6.856839,True,False,ok,,Converted from legacy E_new 4x3 isometry candidate.; Fidelity skipped because transpiled circuit has 128 qubits.,2655,2679.9,17.95,4286,4297.5,1132,1136.8,128,"{'sx': 1170, 'rz': 1092, 'cz': 913, 'rx': 892, 'rzz': 219}",10,10,0,C:\Users\szymon\QuditsOnQubits\QuditsOnQubits\basis_direct_encoding_benchmarks\quantum_circuits\ame43\product__U_SX__V_SX,C:\Users\szymon\QuditsOnQubits\QuditsOnQubits\basis_direct_encoding_benchmarks\quantum_circuits\ame43\product__U_SX__V_SX\F3_W.qpy,C:\Users\szymon\QuditsOnQubits\QuditsOnQubits\basis_direct_encoding_benchmarks\quantum_circuits\ame43\product__U_SX__V_SX\CZ3_W.qpy,C:\Users\szymon\QuditsOnQubits\QuditsOnQubits\basis_direct_encoding_benchmarks\quantum_circuits\ame43\product__U_SX__V_SX\graph_state_direct_basis.qpy,C:\Users\szymon\QuditsOnQubits\QuditsOnQubits\basis_direct_encoding_benchmarks\quantum_circuits\ame43\product__U_SX__V_SX\graph_state_direct_basis_transpiled.qpy,,C:\Users\szymon\QuditsOnQubits\QuditsOnQubits\basis_direct_encoding_benchmarks\quantum_circuits\ame43\product__U_SX__V_SX\E.npy
direct_basis_encoding,ame43,ame43,ame43,ame43,4,4,8,U_SX__V_SXdg,product,product,U_SX__V_SXdg,False,True,1132,3153,4285,2657,,,5.938231,True,False,ok,,Converted from legacy E_new 4x3 isometry candidate.; Fidelity skipped because transpiled circuit has 128 qubits.,2657,2681.3,17.82,4285,4297.1,1132,1136.8,128,"{'sx': 1170, 'rz': 1090, 'cz': 913, 'rx': 893, 'rzz': 219}",10,10,0,C:\Users\szymon\QuditsOnQubits\QuditsOnQubits\basis_direct_encoding_benchmarks\quantum_circuits\ame43\product__U_SX__V_SXdg,C:\Users\szymon\QuditsOnQubits\QuditsOnQubits\basis_direct_encoding_benchmarks\quantum_circuits\ame43\product__U_SX__V_SXdg\F3_W.qpy,C:\Users\szymon\QuditsOnQubits\QuditsOnQubits\basis_direct_encoding_benchmarks\quantum_circuits\ame43\product__U_SX__V_SXdg\CZ3_W.qpy,C:\Users\szymon\QuditsOnQubits\QuditsOnQubits\basis_direct_encoding_benchmarks\quantum_circuits\ame43\product__U_SX__V_SXdg\graph_state_direct_basis.qpy,C:\Users\szymon\QuditsOnQubits\QuditsOnQubits\basis_direct_encoding_benchmarks\quantum_circuits\ame43\product__U_SX__V_SXdg\graph_state_direct_basis_transpiled.qpy,,C:\Users\szymon\QuditsOnQubits\QuditsOnQubits\basis_direct_encoding_benchmarks\quantum_circuits\ame43\product__U_SX__V_SXdg\E.npy
direct_basis_encoding,ame43,ame43,ame43,ame43,4,4,8,U_SX__V_H,product,product,U_SX__V_H,False,True,1134,3174,4308,2666,,,6.522031,True,False,ok,,Converted from legacy E_new 4x3 isometry candidate.; Fidelity skipped because transpiled circuit has 128 qubits.,2666,2689.0,17.34,4308,4313.8,1134,1137.8,128,"{'sx': 1170, 'rz': 1107, 'cz': 913, 'rx': 897, 'rzz': 221}",10,10,0,C:\Users\szymon\QuditsOnQubits\QuditsOnQubits\basis_direct_encoding_benchmarks\quantum_circuits\ame43\product__U_SX__V_H,C:\Users\szymon\QuditsOnQubits\QuditsOnQubits\basis_direct_encoding_benchmarks\quantum_circuits\ame43\product__U_SX__V_H\F3_W.qpy,C:\Users\szymon\QuditsOnQubits\QuditsOnQubits\basis_direct_encoding_benchmarks\quantum_circuits\ame43\product__U_SX__V_H\CZ3_W.qpy,C:\Users\szymon\QuditsOnQubits\QuditsOnQubits\basis_direct_encoding_benchmarks\quantum_circuits\ame43\product__U_SX__V_H\graph_state_direct_basis.qpy,C:\Users\szymon\QuditsOnQubits\QuditsOnQubits\basis_direct_encoding_benchmarks\quantum_circuits\ame43\product__U_SX__V_H\graph_state_direct_basis_transpiled.qpy,,C:\Users\szymon\QuditsOnQubits\QuditsOnQubits\basis_direct_encoding_benchmarks\quantum_circuits\ame43\product__U_SX__V_H\E.npy
direct_basis_encoding,ame43,ame43,ame43,ame43,4,4,8,U_SX__V_HS,product,product,U_SX__V_HS,False,True,1167,3206,4373,2723,,,6.517649,True,False,ok,,Converted from legacy E_new 4x3 isometry candidate.; Fidelity skipped because transpiled circuit has 128 qubits.,2723,2737.3,21.1,4373,4386.2,1167,1172.6,128,"{'sx': 1221, 'rz': 1074, 'cz': 956, 'rx': 911, 'rzz': 211}",10,10,0,C:\Users\szymon\QuditsOnQubits\QuditsOnQubits\basis_direct_encoding_benchmarks\quantum_circuits\ame43\product__U_SX__V_HS,C:\Users\szymon\QuditsOnQubits\QuditsOnQubits\basis_direct_encoding_benchmarks\quantum_circuits\ame43\product__U_SX__V_HS\F3_W.qpy,C:\Users\szymon\QuditsOnQubits\QuditsOnQubits\basis_direct_encoding_benchmarks\quantum_circuits\ame43\product__U_SX__V_HS\CZ3_W.qpy,C:\Users\szymon\QuditsOnQubits\QuditsOnQubits\basis_direct_encoding_benchmarks\quantum_circuits\ame43\product__U_SX__V_HS\graph_state_direct_basis.qpy,C:\Users\szymon\QuditsOnQubits\QuditsOnQubits\basis_direct_encoding_benchmarks\quantum_circuits\ame43\product__U_SX__V_HS\graph_state_direct_basis_transpiled.qpy,,C:\Users\szymon\QuditsOnQubits\QuditsOnQubits\basis_direct_encoding_benchmarks\quantum_circuits\ame43\product__U_SX__V_HS\E.npy
direct_basis_encoding,ame43,ame43,ame43,ame43,4,4,8,U_SX__V_SH,product,product,U_SX__V_SH,False,True,1039,2942,3981,2502,,,7.202303,True,False,ok,,Converted from legacy E_new 4x3 isometry candidate.; Fidelity skipped because transpiled circuit has 128 qubits.,2502,2530.5,26.67,3981,4054.8,1039,1059.9,128,"{'rz': 1048, 'sx': 1042, 'rx': 852, 'cz': 841, 'rzz': 198}",10,10,0,C:\Users\szymon\QuditsOnQubits\QuditsOnQubits\basis_direct_encoding_benchmarks\quantum_circuits\ame43\product__U_SX__V_SH,C:\Users\szymon\QuditsOnQubits\QuditsOnQubits\basis_direct_encoding_benchmarks\quantum_circuits\ame43\product__U_SX__V_SH\F3_W.qpy,C:\Users\szymon\QuditsOnQubits\QuditsOnQubits\basis_direct_encoding_benchmarks\quantum_circuits\ame43\product__U_SX__V_SH\CZ3_W.qpy,C:\Users\szymon\QuditsOnQubits\QuditsOnQubits\basis_direct_encoding_benchmarks\quantum_circuits\ame43\product__U_SX__V_SH\graph_state_direct_basis.qpy,C:\Users\szymon\QuditsOnQubits\QuditsOnQubits\basis_direct_encoding_benchmarks\quantum_circuits\ame43\product__U_SX__V_SH\graph_state_direct_basis_transpiled.qpy,,C:\Users\szymon\QuditsOnQubits\QuditsOnQubits\basis_direct_encoding_benchmarks\quantum_circuits\ame43\product__U_SX__V_SH\E.npy
direct_basis_encoding,ame43,ame43,ame43,ame43,4,4,8,U_SX__V_Z,product,product,U_SX__V_Z,False,True,559,1623,2182,1321,,,3.799829,True,False,ok,,Converted from legacy E_new 4x3 isometry candidate.; Fidelity skipped because transpiled circuit has 128 qubits.,1321,1354.4,26.54,2182,2220.5,559,574.8,128,"{'rz': 598, 'sx': 532, 'rx': 493, 'cz': 424, 'rzz': 135}",10,10,0,C:\Users\szymon\QuditsOnQubits\QuditsOnQubits\basis_direct_encoding_benchmarks\quantum_circuits\ame43\product__U_SX__V_Z,C:\Users\szymon\QuditsOnQubits\QuditsOnQubits\basis_direct_encoding_benchmarks\quantum_circuits\ame43\product__U_SX__V_Z\F3_W.qpy,C:\Users\szymon\QuditsOnQubits\QuditsOnQubits\basis_direct_encoding_benchmarks\quantum_circuits\ame43\product__U_SX__V_Z\CZ3_W.qpy,C:\Users\szymon\QuditsOnQubits\QuditsOnQubits\basis_direct_encoding_benchmarks\quantum_circuits\ame43\product__U_SX__V_Z\graph_state_direct_basis.qpy,C:\Users\szymon\QuditsOnQubits\QuditsOnQubits\basis_direct_encoding_benchmarks\quantum_circuits\ame43\product__U_SX__V_Z\graph_state_direct_basis_transpiled.qpy,,C:\Users\szymon\QuditsOnQubits\QuditsOnQubits\basis_direct_encoding_benchmarks\quantum_circuits\ame43\product__U_SX__V_Z\E.npy
direct_basis_encoding,ame43,ame43,ame43,ame43,4,4,8,U_SXdg__V_I,product,product,U_SXdg__V_I,False,True,559,1625,2184,1323,,,3.781876,True,False,ok,,Converted from legacy E_new 4x3 isometry candidate.; Fidelity skipped because transpiled circuit has 128 qubits.,1323,1355.9,26.25,2184,2222.2,559,574.8,128,"{'rz': 598, 'sx': 532, 'rx': 495, 'cz': 424, 'rzz': 135}",10,10,0,C:\Users\szymon\QuditsOnQubits\QuditsOnQubits\basis_direct_encoding_benchmarks\quantum_circuits\ame43\product__U_SXdg__V_I,C:\Users\szymon\QuditsOnQubits\QuditsOnQubits\basis_direct_encoding_benchmarks\quantum_circuits\ame43\product__U_SXdg__V_I\F3_W.qpy,C:\Users\szymon\QuditsOnQubits\QuditsOnQubits\basis_direct_encoding_benchmarks\quantum_circuits\ame43\product__U_SXdg__V_I\CZ3_W.qpy,C:\Users\szymon\QuditsOnQubits\QuditsOnQubits\basis_direct_encoding_benchmarks\quantum_circuits\ame43\product__U_SXdg__V_I\graph_state_direct_basis.qpy,C:\Users\szymon\QuditsOnQubits\QuditsOnQubits\basis_direct_encoding_benchmarks\quantum_circuits\ame43\product__U_SXdg__V_I\graph_state_direct_basis_transpiled.qpy,,C:\Users\szymon\QuditsOnQubits\QuditsOnQubits\basis_direct_encoding_benchmarks\quantum_circuits\ame43\product__U_SXdg__V_I\E.npy
direct_basis_encoding,ame43,ame43,ame43,ame43,4,4,8,U_SXdg__V_X,product,product,U_SXdg__V_X,False,True,559,1628,2187,1326,,,3.725,True,False,ok,,Converted from legacy E_new 4x3 isometry candidate.; Fidelity skipped because transpiled circuit has 128 qubits.,1326,1358.0,25.82,2187,2223.4,559,574.8,128,"{'rz': 598, 'sx': 532, 'rx': 498, 'cz': 424, 'rzz': 135}",10,10,0,C:\Users\szymon\QuditsOnQubits\QuditsOnQubits\basis_direct_encoding_benchmarks\quantum_circuits\ame43\product__U_SXdg__V_X,C:\Users\szymon\QuditsOnQubits\QuditsOnQubits\basis_direct_encoding_benchmarks\quantum_circuits\ame43\product__U_SXdg__V_X\F3_W.qpy,C:\Users\szymon\QuditsOnQubits\QuditsOnQubits\basis_direct_encoding_benchmarks\quantum_circuits\ame43\product__U_SXdg__V_X\CZ3_W.qpy,C:\Users\szymon\QuditsOnQubits\QuditsOnQubits\basis_direct_encoding_benchmarks\quantum_circuits\ame43\product__U_SXdg__V_X\graph_state_direct_basis.qpy,C:\Users\szymon\QuditsOnQubits\QuditsOnQubits\basis_direct_encoding_benchmarks\quantum_circuits\ame43\product__U_SXdg__V_X\graph_state_direct_basis_transpiled.qpy,,C:\Users\szymon\QuditsOnQubits\QuditsOnQubits\basis_direct_encoding_benchmarks\quantum_circuits\ame43\product__U_SXdg__V_X\E.npy
direct_basis_encoding,ame43,ame43,ame43,ame43,4,4,8,U_SXdg__V_SX,product,product,U_SXdg__V_SX,False,True,1060,2987,4047,2506,,,6.391505,True,False,ok,,Converted from legacy E_new 4x3 isometry candidate.; Fidelity skipped because transpiled circuit has 128 qubits.,2506,2532.2,25.6,4047,4067.1,1060,1067.1,128,"{'sx': 1063, 'rz': 1053, 'rx': 871, 'cz': 846, 'rzz': 214}",10,10,0,C:\Users\szymon\QuditsOnQubits\QuditsOnQubits\basis_direct_encoding_benchmarks\quantum_circuits\ame43\product__U_SXdg__V_SX,C:\Users\szymon\QuditsOnQubits\QuditsOnQubits\basis_direct_encoding_benchmarks\quantum_circuits\ame43\product__U_SXdg__V_SX\F3_W.qpy,C:\Users\szymon\QuditsOnQubits\QuditsOnQubits\basis_direct_encoding_benchmarks\quantum_circuits\ame43\product__U_SXdg__V_SX\CZ3_W.qpy,C:\Users\szymon\QuditsOnQubits\QuditsOnQubits\basis_direct_encoding_benchmarks\quantum_circuits\ame43\product__U_SXdg__V_SX\graph_state_direct_basis.qpy,C:\Users\szymon\QuditsOnQubits\QuditsOnQubits\basis_direct_encoding_benchmarks\quantum_circuits\ame43\product__U_SXdg__V_SX\graph_state_direct_basis_transpiled.qpy,,C:\Users\szymon\QuditsOnQubits\QuditsOnQubits\basis_direct_encoding_benchmarks\quantum_circuits\ame43\product__U_SXdg__V_SX\E.npy
direct_basis_encoding,ame43,ame43,ame43,ame43,4,4,8,U_SXdg__V_SXdg,product,product,U_SXdg__V_SXdg,False,True,1060,2980,4040,2503,,,6.771585,True,False,ok,,Converted from legacy E_new 4x3 isometry candidate.; Fidelity skipped because transpiled circuit has 128 qubits.,2503,2531.0,26.94,4040,4062.3,1060,1067.1,128,"{'sx': 1063, 'rz': 1049, 'rx': 868, 'cz': 846, 'rzz': 214}",10,10,0,C:\Users\szymon\QuditsOnQubits\QuditsOnQubits\basis_direct_encoding_benchmarks\quantum_circuits\ame43\product__U_SXdg__V_SXdg,C:\Users\szymon\QuditsOnQubits\QuditsOnQubits\basis_direct_encoding_benchmarks\quantum_circuits\ame43\product__U_SXdg__V_SXdg\F3_W.qpy,C:\Users\szymon\QuditsOnQubits\QuditsOnQubits\basis_direct_encoding_benchmarks\quantum_circuits\ame43\product__U_SXdg__V_SXdg\CZ3_W.qpy,C:\Users\szymon\QuditsOnQubits\QuditsOnQubits\basis_direct_encoding_benchmarks\quantum_circuits\ame43\product__U_SXdg__V_SXdg\graph_state_direct_basis.qpy,C:\Users\szymon\QuditsOnQubits\QuditsOnQubits\basis_direct_encoding_benchmarks\quantum_circuits\ame43\product__U_SXdg__V_SXdg\graph_state_direct_basis_transpiled.qpy,,C:\Users\szymon\QuditsOnQubits\QuditsOnQubits\basis_direct_encoding_benchmarks\quantum_circuits\ame43\product__U_SXdg__V_SXdg\E.npy
direct_basis_encoding,ame43,ame43,ame43,ame43,4,4,8,U_SXdg__V_H,product,product,U_SXdg__V_H,False,True,1167,3213,4380,2722,,,7.929502,True,False,ok,,Converted from legacy E_new 4x3 isometry candidate.; Fidelity skipped because transpiled circuit has 128 qubits.,2722,2736.8,20.9,4380,4391.2,1167,1172.6,128,"{'sx': 1221, 'rz': 1083, 'cz': 956, 'rx': 909, 'rzz': 211}",10,10,0,C:\Users\szymon\QuditsOnQubits\QuditsOnQubits\basis_direct_encoding_benchmarks\quantum_circuits\ame43\product__U_SXdg__V_H,C:\Users\szymon\QuditsOnQubits\QuditsOnQubits\basis_direct_encoding_benchmarks\quantum_circuits\ame43\product__U_SXdg__V_H\F3_W.qpy,C:\Users\szymon\QuditsOnQubits\QuditsOnQubits\basis_direct_encoding_benchmarks\quantum_circuits\ame43\product__U_SXdg__V_H\CZ3_W.qpy,C:\Users\szymon\QuditsOnQubits\QuditsOnQubits\basis_direct_encoding_benchmarks\quantum_circuits\ame43\product__U_SXdg__V_H\graph_state_direct_basis.qpy,C:\Users\szymon\QuditsOnQubits\QuditsOnQubits\basis_direct_encoding_benchmarks\quantum_circuits\ame43\product__U_SXdg__V_H\graph_state_direct_basis_transpiled.qpy,,C:\Users\szymon\QuditsOnQubits\QuditsOnQubits\basis_direct_encoding_benchmarks\quantum_circuits\ame43\product__U_SXdg__V_H\E.npy
direct_basis_encoding,ame43,ame43,ame43,ame43,4,4,8,U_SXdg__V_HS,product,product,U_SXdg__V_HS,False,True,1059,2993,4052,2511,,,7.036789,True,False,ok,,Converted from legacy E_new 4x3 isometry candidate.; Fidelity skipped because transpiled circuit has 128 qubits.,2511,2537.0,24.85,4052,4068.1,1059,1066.1,128,"{'sx': 1063, 'rz': 1055, 'rx': 875, 'cz': 846, 'rzz': 213}",10,10,0,C:\Users\szymon\QuditsOnQubits\QuditsOnQubits\basis_direct_encoding_benchmarks\quantum_circuits\ame43\product__U_SXdg__V_HS,C:\Users\szymon\QuditsOnQubits\QuditsOnQubits\basis_direct_encoding_benchmarks\quantum_circuits\ame43\product__U_SXdg__V_HS\F3_W.qpy,C:\Users\szymon\QuditsOnQubits\QuditsOnQubits\basis_direct_encoding_benchmarks\quantum_circuits\ame43\product__U_SXdg__V_HS\CZ3_W.qpy,C:\Users\szymon\QuditsOnQubits\QuditsOnQubits\basis_direct_encoding_benchmarks\quantum_circuits\ame43\product__U_SXdg__V_HS\graph_state_direct_basis.qpy,C:\Users\szymon\QuditsOnQubits\QuditsOnQubits\basis_direct_encoding_benchmarks\quantum_circuits\ame43\product__U_SXdg__V_HS\graph_state_direct_basis_transpiled.qpy,,C:\Users\szymon\QuditsOnQubits\QuditsOnQubits\basis_direct_encoding_benchmarks\quantum_circuits\ame43\product__U_SXdg__V_HS\E.npy
direct_basis_encoding,ame43,ame43,ame43,ame43,4,4,8,U_SXdg__V_SH,product,product,U_SXdg__V_SH,False,True,1132,3169,4301,2667,,,7.823191,True,False,ok,,Converted from legacy E_new 4x3 isometry candidate.; Fidelity skipped because transpiled circuit has 128 qubits.,2667,2689.5,17.21,4301,4307.0,1132,1136.8,128,"{'sx': 1170, 'rz': 1098, 'cz': 913, 'rx': 901, 'rzz': 219}",10,10,0,C:\Users\szymon\QuditsOnQubits\QuditsOnQubits\basis_direct_encoding_benchmarks\quantum_circuits\ame43\product__U_SXdg__V_SH,C:\Users\szymon\QuditsOnQubits\QuditsOnQubits\basis_direct_encoding_benchmarks\quantum_circuits\ame43\product__U_SXdg__V_SH\F3_W.qpy,C:\Users\szymon\QuditsOnQubits\QuditsOnQubits\basis_direct_encoding_benchmarks\quantum_circuits\ame43\product__U_SXdg__V_SH\CZ3_W.qpy,C:\Users\szymon\QuditsOnQubits\QuditsOnQubits\basis_direct_encoding_benchmarks\quantum_circuits\ame43\product__U_SXdg__V_SH\graph_state_direct_basis.qpy,C:\Users\szymon\QuditsOnQubits\QuditsOnQubits\basis_direct_encoding_benchmarks\quantum_circuits\ame43\product__U_SXdg__V_SH\graph_state_direct_basis_transpiled.qpy,,C:\Users\szymon\QuditsOnQubits\QuditsOnQubits\basis_direct_encoding_benchmarks\quantum_circuits\ame43\product__U_SXdg__V_SH\E.npy
direct_basis_encoding,ame43,ame43,ame43,ame43,4,4,8,U_SXdg__V_Z,product,product,U_SXdg__V_Z,False,True,559,1625,2184,1323,,,4.497221,True,False,ok,,Converted from legacy E_new 4x3 isometry candidate.; Fidelity skipped because transpiled circuit has 128 qubits.,1323,1355.9,26.25,2184,2221.4,559,574.8,128,"{'rz': 598, 'sx': 532, 'rx': 495, 'cz': 424, 'rzz': 135}",10,10,0,C:\Users\szymon\QuditsOnQubits\QuditsOnQubits\basis_direct_encoding_benchmarks\quantum_circuits\ame43\product__U_SXdg__V_Z,C:\Users\szymon\QuditsOnQubits\QuditsOnQubits\basis_direct_encoding_benchmarks\quantum_circuits\ame43\product__U_SXdg__V_Z\F3_W.qpy,C:\Users\szymon\QuditsOnQubits\QuditsOnQubits\basis_direct_encoding_benchmarks\quantum_circuits\ame43\product__U_SXdg__V_Z\CZ3_W.qpy,C:\Users\szymon\QuditsOnQubits\QuditsOnQubits\basis_direct_encoding_benchmarks\quantum_circuits\ame43\product__U_SXdg__V_Z\graph_state_direct_basis.qpy,C:\Users\szymon\QuditsOnQubits\QuditsOnQubits\basis_direct_encoding_benchmarks\quantum_circuits\ame43\product__U_SXdg__V_Z\graph_state_direct_basis_transpiled.qpy,,C:\Users\szymon\QuditsOnQubits\QuditsOnQubits\basis_direct_encoding_benchmarks\quantum_circuits\ame43\product__U_SXdg__V_Z\E.npy
direct_basis_encoding,ame43,ame43,ame43,ame43,4,4,8,U_H__V_I,product,product,U_H__V_I,False,True,559,1611,2170,1313,,,3.885849,True,False,ok,,Converted from legacy E_new 4x3 isometry candidate.; Fidelity skipped because transpiled circuit has 128 qubits.,1313,1348.2,27.9,2170,2211.1,559,574.8,128,"{'rz': 594, 'sx': 532, 'rx': 485, 'cz': 424, 'rzz': 135}",10,10,0,C:\Users\szymon\QuditsOnQubits\QuditsOnQubits\basis_direct_encoding_benchmarks\quantum_circuits\ame43\product__U_H__V_I,C:\Users\szymon\QuditsOnQubits\QuditsOnQubits\basis_direct_encoding_benchmarks\quantum_circuits\ame43\product__U_H__V_I\F3_W.qpy,C:\Users\szymon\QuditsOnQubits\QuditsOnQubits\basis_direct_encoding_benchmarks\quantum_circuits\ame43\product__U_H__V_I\CZ3_W.qpy,C:\Users\szymon\QuditsOnQubits\QuditsOnQubits\basis_direct_encoding_benchmarks\quantum_circuits\ame43\product__U_H__V_I\graph_state_direct_basis.qpy,C:\Users\szymon\QuditsOnQubits\QuditsOnQubits\basis_direct_encoding_benchmarks\quantum_circuits\ame43\product__U_H__V_I\graph_state_direct_basis_transpiled.qpy,,C:\Users\szymon\QuditsOnQubits\QuditsOnQubits\basis_direct_encoding_benchmarks\quantum_circuits\ame43\product__U_H__V_I\E.npy
direct_basis_encoding,ame43,ame43,ame43,ame43,4,4,8,U_H__V_X,product,product,U_H__V_X,False,True,559,1617,2176,1319,,,3.844834,True,False,ok,,Converted from legacy E_new 4x3 isometry candidate.; Fidelity skipped because transpiled circuit has 128 qubits.,1319,1351.9,26.42,2176,2214.7,559,574.8,128,"{'rz': 594, 'sx': 532, 'rx': 491, 'cz': 424, 'rzz': 135}",10,10,0,C:\Users\szymon\QuditsOnQubits\QuditsOnQubits\basis_direct_encoding_benchmarks\quantum_circuits\ame43\product__U_H__V_X,C:\Users\szymon\QuditsOnQubits\QuditsOnQubits\basis_direct_encoding_benchmarks\quantum_circuits\ame43\product__U_H__V_X\F3_W.qpy,C:\Users\szymon\QuditsOnQubits\QuditsOnQubits\basis_direct_encoding_benchmarks\quantum_circuits\ame43\product__U_H__V_X\CZ3_W.qpy,C:\Users\szymon\QuditsOnQubits\QuditsOnQubits\basis_direct_encoding_benchmarks\quantum_circuits\ame43\product__U_H__V_X\graph_state_direct_basis.qpy,C:\Users\szymon\QuditsOnQubits\QuditsOnQubits\basis_direct_encoding_benchmarks\quantum_circuits\ame43\product__U_H__V_X\graph_state_direct_basis_transpiled.qpy,,C:\Users\szymon\QuditsOnQubits\QuditsOnQubits\basis_direct_encoding_benchmarks\quantum_circuits\ame43\product__U_H__V_X\E.npy
direct_basis_encoding,ame43,ame43,ame43,ame43,4,4,8,U_H__V_SX,product,product,U_H__V_SX,False,True,1161,3147,4308,2706,,,6.507888,True,False,ok,,Converted from legacy E_new 4x3 isometry candidate.; Fidelity skipped because transpiled circuit has 128 qubits.,2706,2717.0,19.57,4308,4322.7,1161,1166.6,128,"{'sx': 1221, 'rz': 1049, 'cz': 956, 'rx': 877, 'rzz': 205}",10,10,0,C:\Users\szymon\QuditsOnQubits\QuditsOnQubits\basis_direct_encoding_benchmarks\quantum_circuits\ame43\product__U_H__V_SX,C:\Users\szymon\QuditsOnQubits\QuditsOnQubits\basis_direct_encoding_benchmarks\quantum_circuits\ame43\product__U_H__V_SX\F3_W.qpy,C:\Users\szymon\QuditsOnQubits\QuditsOnQubits\basis_direct_encoding_benchmarks\quantum_circuits\ame43\product__U_H__V_SX\CZ3_W.qpy,C:\Users\szymon\QuditsOnQubits\QuditsOnQubits\basis_direct_encoding_benchmarks\quantum_circuits\ame43\product__U_H__V_SX\graph_state_direct_basis.qpy,C:\Users\szymon\QuditsOnQubits\QuditsOnQubits\basis_direct_encoding_benchmarks\quantum_circuits\ame43\product__U_H__V_SX\graph_state_direct_basis_transpiled.qpy,,C:\Users\szymon\QuditsOnQubits\QuditsOnQubits\basis_direct_encoding_benchmarks\quantum_circuits\ame43\product__U_H__V_SX\E.npy
direct_basis_encoding,ame43,ame43,ame43,ame43,4,4,8,U_H__V_SXdg,product,product,U_H__V_SXdg,False,True,1167,3215,4382,2727,,,6.860797,True,False,ok,,Converted from legacy E_new 4x3 isometry candidate.; Fidelity skipped because transpiled circuit has 128 qubits.,2727,2740.3,20.47,4382,4393.5,1167,1172.6,128,"{'sx': 1221, 'rz': 1079, 'cz': 956, 'rx': 915, 'rzz': 211}",10,10,0,C:\Users\szymon\QuditsOnQubits\QuditsOnQubits\basis_direct_encoding_benchmarks\quantum_circuits\ame43\product__U_H__V_SXdg,C:\Users\szymon\QuditsOnQubits\QuditsOnQubits\basis_direct_encoding_benchmarks\quantum_circuits\ame43\product__U_H__V_SXdg\F3_W.qpy,C:\Users\szymon\QuditsOnQubits\QuditsOnQubits\basis_direct_encoding_benchmarks\quantum_circuits\ame43\product__U_H__V_SXdg\CZ3_W.qpy,C:\Users\szymon\QuditsOnQubits\QuditsOnQubits\basis_direct_encoding_benchmarks\quantum_circuits\ame43\product__U_H__V_SXdg\graph_state_direct_basis.qpy,C:\Users\szymon\QuditsOnQubits\QuditsOnQubits\basis_direct_encoding_benchmarks\quantum_circuits\ame43\product__U_H__V_SXdg\graph_state_direct_basis_transpiled.qpy,,C:\Users\szymon\QuditsOnQubits\QuditsOnQubits\basis_direct_encoding_benchmarks\quantum_circuits\ame43\product__U_H__V_SXdg\E.npy
direct_basis_encoding,ame43,ame43,ame43,ame43,4,4,8,U_H__V_H,product,product,U_H__V_H,False,True,1127,3142,4269,2655,,,6.360784,True,False,ok,,Converted from legacy E_new 4x3 isometry candidate.; Fidelity skipped because transpiled circuit has 128 qubits.,2655,2673.4,15.89,4269,4279.0,1127,1131.8,128,"{'sx': 1170, 'rz': 1088, 'cz': 913, 'rx': 884, 'rzz': 214}",10,10,0,C:\Users\szymon\QuditsOnQubits\QuditsOnQubits\basis_direct_encoding_benchmarks\quantum_circuits\ame43\product__U_H__V_H,C:\Users\szymon\QuditsOnQubits\QuditsOnQubits\basis_direct_encoding_benchmarks\quantum_circuits\ame43\product__U_H__V_H\F3_W.qpy,C:\Users\szymon\QuditsOnQubits\QuditsOnQubits\basis_direct_encoding_benchmarks\quantum_circuits\ame43\product__U_H__V_H\CZ3_W.qpy,C:\Users\szymon\QuditsOnQubits\QuditsOnQubits\basis_direct_encoding_benchmarks\quantum_circuits\ame43\product__U_H__V_H\graph_state_direct_basis.qpy,C:\Users\szymon\QuditsOnQubits\QuditsOnQubits\basis_direct_encoding_benchmarks\quantum_circuits\ame43\product__U_H__V_H\graph_state_direct_basis_transpiled.qpy,,C:\Users\szymon\QuditsOnQubits\QuditsOnQubits\basis_direct_encoding_benchmarks\quantum_circuits\ame43\product__U_H__V_H\E.npy
direct_basis_encoding,ame43,ame43,ame43,ame43,4,4,8,U_H__V_HS,product,product,U_H__V_HS,False,True,1041,2963,4004,2504,,,6.096797,True,False,ok,,Converted from legacy E_new 4x3 isometry candidate.; Fidelity skipped because transpiled circuit has 128 qubits.,2504,2525.7,24.15,4004,4050.4,1041,1062.1,128,"{'rz': 1064, 'sx': 1038, 'rx': 861, 'cz': 833, 'rzz': 208}",10,10,0,C:\Users\szymon\QuditsOnQubits\QuditsOnQubits\basis_direct_encoding_benchmarks\quantum_circuits\ame43\product__U_H__V_HS,C:\Users\szymon\QuditsOnQubits\QuditsOnQubits\basis_direct_encoding_benchmarks\quantum_circuits\ame43\product__U_H__V_HS\F3_W.qpy,C:\Users\szymon\QuditsOnQubits\QuditsOnQubits\basis_direct_encoding_benchmarks\quantum_circuits\ame43\product__U_H__V_HS\CZ3_W.qpy,C:\Users\szymon\QuditsOnQubits\QuditsOnQubits\basis_direct_encoding_benchmarks\quantum_circuits\ame43\product__U_H__V_HS\graph_state_direct_basis.qpy,C:\Users\szymon\QuditsOnQubits\QuditsOnQubits\basis_direct_encoding_benchmarks\quantum_circuits\ame43\product__U_H__V_HS\graph_state_direct_basis_transpiled.qpy,,C:\Users\szymon\QuditsOnQubits\QuditsOnQubits\basis_direct_encoding_benchmarks\quantum_circuits\ame43\product__U_H__V_HS\E.npy
direct_basis_encoding,ame43,ame43,ame43,ame43,4,4,8,U_H__V_SH,product,product,U_H__V_SH,False,True,1167,3212,4379,2722,,,6.049344,True,False,ok,,Converted from legacy E_new 4x3 isometry candidate.; Fidelity skipped because transpiled circuit has 128 qubits.,2722,2735.5,20.44,4379,4391.1,1167,1172.6,128,"{'sx': 1221, 'rz': 1083, 'cz': 956, 'rx': 908, 'rzz': 211}",10,10,0,C:\Users\szymon\QuditsOnQubits\QuditsOnQubits\basis_direct_encoding_benchmarks\quantum_circuits\ame43\product__U_H__V_SH,C:\Users\szymon\QuditsOnQubits\QuditsOnQubits\basis_direct_encoding_benchmarks\quantum_circuits\ame43\product__U_H__V_SH\F3_W.qpy,C:\Users\szymon\QuditsOnQubits\QuditsOnQubits\basis_direct_encoding_benchmarks\quantum_circuits\ame43\product__U_H__V_SH\CZ3_W.qpy,C:\Users\szymon\QuditsOnQubits\QuditsOnQubits\basis_direct_encoding_benchmarks\quantum_circuits\ame43\product__U_H__V_SH\graph_state_direct_basis.qpy,C:\Users\szymon\QuditsOnQubits\QuditsOnQubits\basis_direct_encoding_benchmarks\quantum_circuits\ame43\product__U_H__V_SH\graph_state_direct_basis_transpiled.qpy,,C:\Users\szymon\QuditsOnQubits\QuditsOnQubits\basis_direct_encoding_benchmarks\quantum_circuits\ame43\product__U_H__V_SH\E.npy
direct_basis_encoding,ame43,ame43,ame43,ame43,4,4,8,U_H__V_Z,product,product,U_H__V_Z,False,True,559,1611,2170,1313,,,3.786068,True,False,ok,,Converted from legacy E_new 4x3 isometry candidate.; Fidelity skipped because transpiled circuit has 128 qubits.,1313,1348.2,27.9,2170,2211.1,559,574.8,128,"{'rz': 594, 'sx': 532, 'rx': 485, 'cz': 424, 'rzz': 135}",10,10,0,C:\Users\szymon\QuditsOnQubits\QuditsOnQubits\basis_direct_encoding_benchmarks\quantum_circuits\ame43\product__U_H__V_Z,C:\Users\szymon\QuditsOnQubits\QuditsOnQubits\basis_direct_encoding_benchmarks\quantum_circuits\ame43\product__U_H__V_Z\F3_W.qpy,C:\Users\szymon\QuditsOnQubits\QuditsOnQubits\basis_direct_encoding_benchmarks\quantum_circuits\ame43\product__U_H__V_Z\CZ3_W.qpy,C:\Users\szymon\QuditsOnQubits\QuditsOnQubits\basis_direct_encoding_benchmarks\quantum_circuits\ame43\product__U_H__V_Z\graph_state_direct_basis.qpy,C:\Users\szymon\QuditsOnQubits\QuditsOnQubits\basis_direct_encoding_benchmarks\quantum_circuits\ame43\product__U_H__V_Z\graph_state_direct_basis_transpiled.qpy,,C:\Users\szymon\QuditsOnQubits\QuditsOnQubits\basis_direct_encoding_benchmarks\quantum_circuits\ame43\product__U_H__V_Z\E.npy
direct_basis_encoding,ame43,ame43,ame43,ame43,4,4,8,U_HS__V_I,product,product,U_HS__V_I,False,True,559,1615,2174,1313,,,3.507347,True,False,ok,,Converted from legacy E_new 4x3 isometry candidate.; Fidelity skipped because transpiled circuit has 128 qubits.,1313,1348.2,27.9,2174,2214.5,559,574.8,128,"{'rz': 598, 'sx': 532, 'rx': 485, 'cz': 424, 'rzz': 135}",10,10,0,C:\Users\szymon\QuditsOnQubits\QuditsOnQubits\basis_direct_encoding_benchmarks\quantum_circuits\ame43\product__U_HS__V_I,C:\Users\szymon\QuditsOnQubits\QuditsOnQubits\basis_direct_encoding_benchmarks\quantum_circuits\ame43\product__U_HS__V_I\F3_W.qpy,C:\Users\szymon\QuditsOnQubits\QuditsOnQubits\basis_direct_encoding_benchmarks\quantum_circuits\ame43\product__U_HS__V_I\CZ3_W.qpy,C:\Users\szymon\QuditsOnQubits\QuditsOnQubits\basis_direct_encoding_benchmarks\quantum_circuits\ame43\product__U_HS__V_I\graph_state_direct_basis.qpy,C:\Users\szymon\QuditsOnQubits\QuditsOnQubits\basis_direct_encoding_benchmarks\quantum_circuits\ame43\product__U_HS__V_I\graph_state_direct_basis_transpiled.qpy,,C:\Users\szymon\QuditsOnQubits\QuditsOnQubits\basis_direct_encoding_benchmarks\quantum_circuits\ame43\product__U_HS__V_I\E.npy
direct_basis_encoding,ame43,ame43,ame43,ame43,4,4,8,U_HS__V_X,product,product,U_HS__V_X,False,True,559,1621,2180,1319,,,3.74089,True,False,ok,,Converted from legacy E_new 4x3 isometry candidate.; Fidelity skipped because transpiled circuit has 128 qubits.,1319,1351.9,26.42,2180,2218.1,559,574.8,128,"{'rz': 598, 'sx': 532, 'rx': 491, 'cz': 424, 'rzz': 135}",10,10,0,C:\Users\szymon\QuditsOnQubits\QuditsOnQubits\basis_direct_encoding_benchmarks\quantum_circuits\ame43\product__U_HS__V_X,C:\Users\szymon\QuditsOnQubits\QuditsOnQubits\basis_direct_encoding_benchmarks\quantum_circuits\ame43\product__U_HS__V_X\F3_W.qpy,C:\Users\szymon\QuditsOnQubits\QuditsOnQubits\basis_direct_encoding_benchmarks\quantum_circuits\ame43\product__U_HS__V_X\CZ3_W.qpy,C:\Users\szymon\QuditsOnQubits\QuditsOnQubits\basis_direct_encoding_benchmarks\quantum_circuits\ame43\product__U_HS__V_X\graph_state_direct_basis.qpy,C:\Users\szymon\QuditsOnQubits\QuditsOnQubits\basis_direct_encoding_benchmarks\quantum_circuits\ame43\product__U_HS__V_X\graph_state_direct_basis_transpiled.qpy,,C:\Users\szymon\QuditsOnQubits\QuditsOnQubits\basis_direct_encoding_benchmarks\quantum_circuits\ame43\product__U_HS__V_X\E.npy
direct_basis_encoding,ame43,ame43,ame43,ame43,4,4,8,U_HS__V_SX,product,product,U_HS__V_SX,False,True,1132,3160,4292,2663,,,7.255889,True,False,ok,,Converted from legacy E_new 4x3 isometry candidate.; Fidelity skipped because transpiled circuit has 128 qubits.,2663,2685.9,17.04,4292,4301.6,1132,1136.8,128,"{'sx': 1170, 'rz': 1092, 'cz': 913, 'rx': 898, 'rzz': 219}",10,10,0,C:\Users\szymon\QuditsOnQubits\QuditsOnQubits\basis_direct_encoding_benchmarks\quantum_circuits\ame43\product__U_HS__V_SX,C:\Users\szymon\QuditsOnQubits\QuditsOnQubits\basis_direct_encoding_benchmarks\quantum_circuits\ame43\product__U_HS__V_SX\F3_W.qpy,C:\Users\szymon\QuditsOnQubits\QuditsOnQubits\basis_direct_encoding_benchmarks\quantum_circuits\ame43\product__U_HS__V_SX\CZ3_W.qpy,C:\Users\szymon\QuditsOnQubits\QuditsOnQubits\basis_direct_encoding_benchmarks\quantum_circuits\ame43\product__U_HS__V_SX\graph_state_direct_basis.qpy,C:\Users\szymon\QuditsOnQubits\QuditsOnQubits\basis_direct_encoding_benchmarks\quantum_circuits\ame43\product__U_HS__V_SX\graph_state_direct_basis_transpiled.qpy,,C:\Users\szymon\QuditsOnQubits\QuditsOnQubits\basis_direct_encoding_benchmarks\quantum_circuits\ame43\product__U_HS__V_SX\E.npy
direct_basis_encoding,ame43,ame43,ame43,ame43,4,4,8,U_HS__V_SXdg,product,product,U_HS__V_SXdg,False,True,1055,2996,4051,2533,,,6.819157,True,False,ok,,Converted from legacy E_new 4x3 isometry candidate.; Fidelity skipped because transpiled circuit has 128 qubits.,2533,2568.6,30.43,4051,4128.0,1055,1076.9,128,"{'rz': 1064, 'sx': 1042, 'rx': 890, 'cz': 841, 'rzz': 214}",10,10,0,C:\Users\szymon\QuditsOnQubits\QuditsOnQubits\basis_direct_encoding_benchmarks\quantum_circuits\ame43\product__U_HS__V_SXdg,C:\Users\szymon\QuditsOnQubits\QuditsOnQubits\basis_direct_encoding_benchmarks\quantum_circuits\ame43\product__U_HS__V_SXdg\F3_W.qpy,C:\Users\szymon\QuditsOnQubits\QuditsOnQubits\basis_direct_encoding_benchmarks\quantum_circuits\ame43\product__U_HS__V_SXdg\CZ3_W.qpy,C:\Users\szymon\QuditsOnQubits\QuditsOnQubits\basis_direct_encoding_benchmarks\quantum_circuits\ame43\product__U_HS__V_SXdg\graph_state_direct_basis.qpy,C:\Users\szymon\QuditsOnQubits\QuditsOnQubits\basis_direct_encoding_benchmarks\quantum_circuits\ame43\product__U_HS__V_SXdg\graph_state_direct_basis_transpiled.qpy,,C:\Users\szymon\QuditsOnQubits\QuditsOnQubits\basis_direct_encoding_benchmarks\quantum_circuits\ame43\product__U_HS__V_SXdg\E.npy
direct_basis_encoding,ame43,ame43,ame43,ame43,4,4,8,U_HS__V_H,product,product,U_HS__V_H,False,True,1041,2968,4009,2511,,,6.708488,True,False,ok,,Converted from legacy E_new 4x3 isometry candidate.; Fidelity skipped because transpiled circuit has 128 qubits.,2511,2533.8,23.09,4009,4059.8,1041,1062.1,128,"{'rz': 1063, 'sx': 1038, 'rx': 867, 'cz': 833, 'rzz': 208}",10,10,0,C:\Users\szymon\QuditsOnQubits\QuditsOnQubits\basis_direct_encoding_benchmarks\quantum_circuits\ame43\product__U_HS__V_H,C:\Users\szymon\QuditsOnQubits\QuditsOnQubits\basis_direct_encoding_benchmarks\quantum_circuits\ame43\product__U_HS__V_H\F3_W.qpy,C:\Users\szymon\QuditsOnQubits\QuditsOnQubits\basis_direct_encoding_benchmarks\quantum_circuits\ame43\product__U_HS__V_H\CZ3_W.qpy,C:\Users\szymon\QuditsOnQubits\QuditsOnQubits\basis_direct_encoding_benchmarks\quantum_circuits\ame43\product__U_HS__V_H\graph_state_direct_basis.qpy,C:\Users\szymon\QuditsOnQubits\QuditsOnQubits\basis_direct_encoding_benchmarks\quantum_circuits\ame43\product__U_HS__V_H\graph_state_direct_basis_transpiled.qpy,,C:\Users\szymon\QuditsOnQubits\QuditsOnQubits\basis_direct_encoding_benchmarks\quantum_circuits\ame43\product__U_HS__V_H\E.npy
direct_basis_encoding,ame43,ame43,ame43,ame43,4,4,8,U_HS__V_HS,product,product,U_HS__V_HS,False,True,1055,2974,4029,2506,,,6.947581,True,False,ok,,Converted from legacy E_new 4x3 isometry candidate.; Fidelity skipped because transpiled circuit has 128 qubits.,2506,2528.0,23.98,4029,4048.1,1055,1062.1,128,"{'sx': 1063, 'rz': 1047, 'rx': 864, 'cz': 846, 'rzz': 209}",10,10,0,C:\Users\szymon\QuditsOnQubits\QuditsOnQubits\basis_direct_encoding_benchmarks\quantum_circuits\ame43\product__U_HS__V_HS,C:\Users\szymon\QuditsOnQubits\QuditsOnQubits\basis_direct_encoding_benchmarks\quantum_circuits\ame43\product__U_HS__V_HS\F3_W.qpy,C:\Users\szymon\QuditsOnQubits\QuditsOnQubits\basis_direct_encoding_benchmarks\quantum_circuits\ame43\product__U_HS__V_HS\CZ3_W.qpy,C:\Users\szymon\QuditsOnQubits\QuditsOnQubits\basis_direct_encoding_benchmarks\quantum_circuits\ame43\product__U_HS__V_HS\graph_state_direct_basis.qpy,C:\Users\szymon\QuditsOnQubits\QuditsOnQubits\basis_direct_encoding_benchmarks\quantum_circuits\ame43\product__U_HS__V_HS\graph_state_direct_basis_transpiled.qpy,,C:\Users\szymon\QuditsOnQubits\QuditsOnQubits\basis_direct_encoding_benchmarks\quantum_circuits\ame43\product__U_HS__V_HS\E.npy
direct_basis_encoding,ame43,ame43,ame43,ame43,4,4,8,U_HS__V_SH,product,product,U_HS__V_SH,False,True,1167,3208,4375,2721,,,7.083272,True,False,ok,,Converted from legacy E_new 4x3 isometry candidate.; Fidelity skipped because transpiled circuit has 128 qubits.,2721,2735.0,20.8,4375,4386.5,1167,1172.6,128,"{'sx': 1221, 'rz': 1078, 'cz': 956, 'rx': 909, 'rzz': 211}",10,10,0,C:\Users\szymon\QuditsOnQubits\QuditsOnQubits\basis_direct_encoding_benchmarks\quantum_circuits\ame43\product__U_HS__V_SH,C:\Users\szymon\QuditsOnQubits\QuditsOnQubits\basis_direct_encoding_benchmarks\quantum_circuits\ame43\product__U_HS__V_SH\F3_W.qpy,C:\Users\szymon\QuditsOnQubits\QuditsOnQubits\basis_direct_encoding_benchmarks\quantum_circuits\ame43\product__U_HS__V_SH\CZ3_W.qpy,C:\Users\szymon\QuditsOnQubits\QuditsOnQubits\basis_direct_encoding_benchmarks\quantum_circuits\ame43\product__U_HS__V_SH\graph_state_direct_basis.qpy,C:\Users\szymon\QuditsOnQubits\QuditsOnQubits\basis_direct_encoding_benchmarks\quantum_circuits\ame43\product__U_HS__V_SH\graph_state_direct_basis_transpiled.qpy,,C:\Users\szymon\QuditsOnQubits\QuditsOnQubits\basis_direct_encoding_benchmarks\quantum_circuits\ame43\product__U_HS__V_SH\E.npy
direct_basis_encoding,ame43,ame43,ame43,ame43,4,4,8,U_HS__V_Z,product,product,U_HS__V_Z,False,True,559,1615,2174,1313,,,3.707437,True,False,ok,,Converted from legacy E_new 4x3 isometry candidate.; Fidelity skipped because transpiled circuit has 128 qubits.,1313,1348.2,27.9,2174,2213.7,559,574.8,128,"{'rz': 598, 'sx': 532, 'rx': 485, 'cz': 424, 'rzz': 135}",10,10,0,C:\Users\szymon\QuditsOnQubits\QuditsOnQubits\basis_direct_encoding_benchmarks\quantum_circuits\ame43\product__U_HS__V_Z,C:\Users\szymon\QuditsOnQubits\QuditsOnQubits\basis_direct_encoding_benchmarks\quantum_circuits\ame43\product__U_HS__V_Z\F3_W.qpy,C:\Users\szymon\QuditsOnQubits\QuditsOnQubits\basis_direct_encoding_benchmarks\quantum_circuits\ame43\product__U_HS__V_Z\CZ3_W.qpy,C:\Users\szymon\QuditsOnQubits\QuditsOnQubits\basis_direct_encoding_benchmarks\quantum_circuits\ame43\product__U_HS__V_Z\graph_state_direct_basis.qpy,C:\Users\szymon\QuditsOnQubits\QuditsOnQubits\basis_direct_encoding_benchmarks\quantum_circuits\ame43\product__U_HS__V_Z\graph_state_direct_basis_transpiled.qpy,,C:\Users\szymon\QuditsOnQubits\QuditsOnQubits\basis_direct_encoding_benchmarks\quantum_circuits\ame43\product__U_HS__V_Z\E.npy
direct_basis_encoding,ame43,ame43,ame43,ame43,4,4,8,U_SH__V_I,product,product,U_SH__V_I,False,True,559,1626,2185,1324,,,3.84713,True,False,ok,,Converted from legacy E_new 4x3 isometry candidate.; Fidelity skipped because transpiled circuit has 128 qubits.,1324,1356.1,26.12,2185,2223.3,559,574.8,128,"{'rz': 597, 'sx': 532, 'rx': 497, 'cz': 423, 'rzz': 136}",10,10,0,C:\Users\szymon\QuditsOnQubits\QuditsOnQubits\basis_direct_encoding_benchmarks\quantum_circuits\ame43\product__U_SH__V_I,C:\Users\szymon\QuditsOnQubits\QuditsOnQubits\basis_direct_encoding_benchmarks\quantum_circuits\ame43\product__U_SH__V_I\F3_W.qpy,C:\Users\szymon\QuditsOnQubits\QuditsOnQubits\basis_direct_encoding_benchmarks\quantum_circuits\ame43\product__U_SH__V_I\CZ3_W.qpy,C:\Users\szymon\QuditsOnQubits\QuditsOnQubits\basis_direct_encoding_benchmarks\quantum_circuits\ame43\product__U_SH__V_I\graph_state_direct_basis.qpy,C:\Users\szymon\QuditsOnQubits\QuditsOnQubits\basis_direct_encoding_benchmarks\quantum_circuits\ame43\product__U_SH__V_I\graph_state_direct_basis_transpiled.qpy,,C:\Users\szymon\QuditsOnQubits\QuditsOnQubits\basis_direct_encoding_benchmarks\quantum_circuits\ame43\product__U_SH__V_I\E.npy
direct_basis_encoding,ame43,ame43,ame43,ame43,4,4,8,U_SH__V_X,product,product,U_SH__V_X,False,True,559,1618,2177,1316,,,3.920655,True,False,ok,,Converted from legacy E_new 4x3 isometry candidate.; Fidelity skipped because transpiled circuit has 128 qubits.,1316,1349.8,26.85,2177,2217.4,559,574.8,128,"{'rz': 597, 'sx': 532, 'rx': 489, 'cz': 423, 'rzz': 136}",10,10,0,C:\Users\szymon\QuditsOnQubits\QuditsOnQubits\basis_direct_encoding_benchmarks\quantum_circuits\ame43\product__U_SH__V_X,C:\Users\szymon\QuditsOnQubits\QuditsOnQubits\basis_direct_encoding_benchmarks\quantum_circuits\ame43\product__U_SH__V_X\F3_W.qpy,C:\Users\szymon\QuditsOnQubits\QuditsOnQubits\basis_direct_encoding_benchmarks\quantum_circuits\ame43\product__U_SH__V_X\CZ3_W.qpy,C:\Users\szymon\QuditsOnQubits\QuditsOnQubits\basis_direct_encoding_benchmarks\quantum_circuits\ame43\product__U_SH__V_X\graph_state_direct_basis.qpy,C:\Users\szymon\QuditsOnQubits\QuditsOnQubits\basis_direct_encoding_benchmarks\quantum_circuits\ame43\product__U_SH__V_X\graph_state_direct_basis_transpiled.qpy,,C:\Users\szymon\QuditsOnQubits\QuditsOnQubits\basis_direct_encoding_benchmarks\quantum_circuits\ame43\product__U_SH__V_X\E.npy
direct_basis_encoding,ame43,ame43,ame43,ame43,4,4,8,U_SH__V_SX,product,product,U_SH__V_SX,False,True,1167,3209,4376,2724,,,6.066267,True,False,ok,,Converted from legacy E_new 4x3 isometry candidate.; Fidelity skipped because transpiled circuit has 128 qubits.,2724,2738.7,20.91,4376,4389.0,1167,1172.6,128,"{'sx': 1221, 'rz': 1077, 'cz': 956, 'rx': 911, 'rzz': 211}",10,10,0,C:\Users\szymon\QuditsOnQubits\QuditsOnQubits\basis_direct_encoding_benchmarks\quantum_circuits\ame43\product__U_SH__V_SX,C:\Users\szymon\QuditsOnQubits\QuditsOnQubits\basis_direct_encoding_benchmarks\quantum_circuits\ame43\product__U_SH__V_SX\F3_W.qpy,C:\Users\szymon\QuditsOnQubits\QuditsOnQubits\basis_direct_encoding_benchmarks\quantum_circuits\ame43\product__U_SH__V_SX\CZ3_W.qpy,C:\Users\szymon\QuditsOnQubits\QuditsOnQubits\basis_direct_encoding_benchmarks\quantum_circuits\ame43\product__U_SH__V_SX\graph_state_direct_basis.qpy,C:\Users\szymon\QuditsOnQubits\QuditsOnQubits\basis_direct_encoding_benchmarks\quantum_circuits\ame43\product__U_SH__V_SX\graph_state_direct_basis_transpiled.qpy,,C:\Users\szymon\QuditsOnQubits\QuditsOnQubits\basis_direct_encoding_benchmarks\quantum_circuits\ame43\product__U_SH__V_SX\E.npy
direct_basis_encoding,ame43,ame43,ame43,ame43,4,4,8,U_SH__V_SXdg,product,product,U_SH__V_SXdg,False,True,1167,3209,4376,2724,,,6.479104,True,False,ok,,Converted from legacy E_new 4x3 isometry candidate.; Fidelity skipped because transpiled circuit has 128 qubits.,2724,2737.8,21.12,4376,4387.9,1167,1172.6,128,"{'sx': 1221, 'rz': 1076, 'cz': 956, 'rx': 912, 'rzz': 211}",10,10,0,C:\Users\szymon\QuditsOnQubits\QuditsOnQubits\basis_direct_encoding_benchmarks\quantum_circuits\ame43\product__U_SH__V_SXdg,C:\Users\szymon\QuditsOnQubits\QuditsOnQubits\basis_direct_encoding_benchmarks\quantum_circuits\ame43\product__U_SH__V_SXdg\F3_W.qpy,C:\Users\szymon\QuditsOnQubits\QuditsOnQubits\basis_direct_encoding_benchmarks\quantum_circuits\ame43\product__U_SH__V_SXdg\CZ3_W.qpy,C:\Users\szymon\QuditsOnQubits\QuditsOnQubits\basis_direct_encoding_benchmarks\quantum_circuits\ame43\product__U_SH__V_SXdg\graph_state_direct_basis.qpy,C:\Users\szymon\QuditsOnQubits\QuditsOnQubits\basis_direct_encoding_benchmarks\quantum_circuits\ame43\product__U_SH__V_SXdg\graph_state_direct_basis_transpiled.qpy,,C:\Users\szymon\QuditsOnQubits\QuditsOnQubits\basis_direct_encoding_benchmarks\quantum_circuits\ame43\product__U_SH__V_SXdg\E.npy
direct_basis_encoding,ame43,ame43,ame43,ame43,4,4,8,U_SH__V_H,product,product,U_SH__V_H,False,True,1062,3009,4071,2516,,,6.685468,True,False,ok,,Converted from legacy E_new 4x3 isometry candidate.; Fidelity skipped because transpiled circuit has 128 qubits.,2516,2542.8,24.73,4071,4089.2,1062,1068.4,128,"{'rz': 1066, 'sx': 1063, 'rx': 880, 'cz': 846, 'rzz': 216}",10,10,0,C:\Users\szymon\QuditsOnQubits\QuditsOnQubits\basis_direct_encoding_benchmarks\quantum_circuits\ame43\product__U_SH__V_H,C:\Users\szymon\QuditsOnQubits\QuditsOnQubits\basis_direct_encoding_benchmarks\quantum_circuits\ame43\product__U_SH__V_H\F3_W.qpy,C:\Users\szymon\QuditsOnQubits\QuditsOnQubits\basis_direct_encoding_benchmarks\quantum_circuits\ame43\product__U_SH__V_H\CZ3_W.qpy,C:\Users\szymon\QuditsOnQubits\QuditsOnQubits\basis_direct_encoding_benchmarks\quantum_circuits\ame43\product__U_SH__V_H\graph_state_direct_basis.qpy,C:\Users\szymon\QuditsOnQubits\QuditsOnQubits\basis_direct_encoding_benchmarks\quantum_circuits\ame43\product__U_SH__V_H\graph_state_direct_basis_transpiled.qpy,,C:\Users\szymon\QuditsOnQubits\QuditsOnQubits\basis_direct_encoding_benchmarks\quantum_circuits\ame43\product__U_SH__V_H\E.npy
direct_basis_encoding,ame43,ame43,ame43,ame43,4,4,8,U_SH__V_HS,product,product,U_SH__V_HS,False,True,1057,2994,4051,2517,,,6.924388,True,False,ok,,Converted from legacy E_new 4x3 isometry candidate.; Fidelity skipped because transpiled circuit has 128 qubits.,2517,2539.5,24.22,4051,4068.9,1057,1063.4,128,"{'sx': 1063, 'rz': 1058, 'rx': 873, 'cz': 846, 'rzz': 211}",10,10,0,C:\Users\szymon\QuditsOnQubits\QuditsOnQubits\basis_direct_encoding_benchmarks\quantum_circuits\ame43\product__U_SH__V_HS,C:\Users\szymon\QuditsOnQubits\QuditsOnQubits\basis_direct_encoding_benchmarks\quantum_circuits\ame43\product__U_SH__V_HS\F3_W.qpy,C:\Users\szymon\QuditsOnQubits\QuditsOnQubits\basis_direct_encoding_benchmarks\quantum_circuits\ame43\product__U_SH__V_HS\CZ3_W.qpy,C:\Users\szymon\QuditsOnQubits\QuditsOnQubits\basis_direct_encoding_benchmarks\quantum_circuits\ame43\product__U_SH__V_HS\graph_state_direct_basis.qpy,C:\Users\szymon\QuditsOnQubits\QuditsOnQubits\basis_direct_encoding_benchmarks\quantum_circuits\ame43\product__U_SH__V_HS\graph_state_direct_basis_transpiled.qpy,,C:\Users\szymon\QuditsOnQubits\QuditsOnQubits\basis_direct_encoding_benchmarks\quantum_circuits\ame43\product__U_SH__V_HS\E.npy
direct_basis_encoding,ame43,ame43,ame43,ame43,4,4,8,U_SH__V_SH,product,product,U_SH__V_SH,False,True,1167,3205,4372,2719,,,7.502188,True,False,ok,,Converted from legacy E_new 4x3 isometry candidate.; Fidelity skipped because transpiled circuit has 128 qubits.,2719,2734.0,21.28,4372,4385.3,1167,1172.6,128,"{'sx': 1221, 'rz': 1078, 'cz': 956, 'rx': 906, 'rzz': 211}",10,10,0,C:\Users\szymon\QuditsOnQubits\QuditsOnQubits\basis_direct_encoding_benchmarks\quantum_circuits\ame43\product__U_SH__V_SH,C:\Users\szymon\QuditsOnQubits\QuditsOnQubits\basis_direct_encoding_benchmarks\quantum_circuits\ame43\product__U_SH__V_SH\F3_W.qpy,C:\Users\szymon\QuditsOnQubits\QuditsOnQubits\basis_direct_encoding_benchmarks\quantum_circuits\ame43\product__U_SH__V_SH\CZ3_W.qpy,C:\Users\szymon\QuditsOnQubits\QuditsOnQubits\basis_direct_encoding_benchmarks\quantum_circuits\ame43\product__U_SH__V_SH\graph_state_direct_basis.qpy,C:\Users\szymon\QuditsOnQubits\QuditsOnQubits\basis_direct_encoding_benchmarks\quantum_circuits\ame43\product__U_SH__V_SH\graph_state_direct_basis_transpiled.qpy,,C:\Users\szymon\QuditsOnQubits\QuditsOnQubits\basis_direct_encoding_benchmarks\quantum_circuits\ame43\product__U_SH__V_SH\E.npy
direct_basis_encoding,ame43,ame43,ame43,ame43,4,4,8,U_SH__V_Z,product,product,U_SH__V_Z,False,True,559,1626,2185,1324,,,4.322035,True,False,ok,,Converted from legacy E_new 4x3 isometry candidate.; Fidelity skipped because transpiled circuit has 128 qubits.,1324,1356.1,26.12,2185,2223.3,559,574.8,128,"{'rz': 597, 'sx': 532, 'rx': 497, 'cz': 423, 'rzz': 136}",10,10,0,C:\Users\szymon\QuditsOnQubits\QuditsOnQubits\basis_direct_encoding_benchmarks\quantum_circuits\ame43\product__U_SH__V_Z,C:\Users\szymon\QuditsOnQubits\QuditsOnQubits\basis_direct_encoding_benchmarks\quantum_circuits\ame43\product__U_SH__V_Z\F3_W.qpy,C:\Users\szymon\QuditsOnQubits\QuditsOnQubits\basis_direct_encoding_benchmarks\quantum_circuits\ame43\product__U_SH__V_Z\CZ3_W.qpy,C:\Users\szymon\QuditsOnQubits\QuditsOnQubits\basis_direct_encoding_benchmarks\quantum_circuits\ame43\product__U_SH__V_Z\graph_state_direct_basis.qpy,C:\Users\szymon\QuditsOnQubits\QuditsOnQubits\basis_direct_encoding_benchmarks\quantum_circuits\ame43\product__U_SH__V_Z\graph_state_direct_basis_transpiled.qpy,,C:\Users\szymon\QuditsOnQubits\QuditsOnQubits\basis_direct_encoding_benchmarks\quantum_circuits\ame43\product__U_SH__V_Z\E.npy
direct_basis_encoding,ame43,ame43,ame43,ame43,4,4,8,U_Z__V_I,product,product,U_Z__V_I,True,True,101,217,318,156,,,1.430553,True,False,ok,,Converted from legacy E_new = E_Z @ W candidate.; Fidelity skipped because transpiled circuit has 128 qubits.,156,181.2,16.08,318,339.3,101,107.9,128,"{'sx': 120, 'cz': 98, 'rz': 58, 'rx': 39, 'rzz': 3}",10,10,0,C:\Users\szymon\QuditsOnQubits\QuditsOnQubits\basis_direct_encoding_benchmarks\quantum_circuits\ame43\product__U_Z__V_I,C:\Users\szymon\QuditsOnQubits\QuditsOnQubits\basis_direct_encoding_benchmarks\quantum_circuits\ame43\product__U_Z__V_I\F3_W.qpy,C:\Users\szymon\QuditsOnQubits\QuditsOnQubits\basis_direct_encoding_benchmarks\quantum_circuits\ame43\product__U_Z__V_I\CZ3_W.qpy,C:\Users\szymon\QuditsOnQubits\QuditsOnQubits\basis_direct_encoding_benchmarks\quantum_circuits\ame43\product__U_Z__V_I\graph_state_direct_basis.qpy,C:\Users\szymon\QuditsOnQubits\QuditsOnQubits\basis_direct_encoding_benchmarks\quantum_circuits\ame43\product__U_Z__V_I\graph_state_direct_basis_transpiled.qpy,C:\Users\szymon\QuditsOnQubits\QuditsOnQubits\basis_direct_encoding_benchmarks\quantum_circuits\ame43\product__U_Z__V_I\basis_change_gate.qpy,C:\Users\szymon\QuditsOnQubits\QuditsOnQubits\basis_direct_encoding_benchmarks\quantum_circuits\ame43\product__U_Z__V_I\W.npy
direct_basis_encoding,ame43,ame43,ame43,ame43,4,4,8,U_Z__V_X,product,product,U_Z__V_X,False,True,101,218,319,157,,,1.320397,True,False,ok,,Converted from legacy E_new 4x3 isometry candidate.; Fidelity skipped because transpiled circuit has 128 qubits.,157,182.1,15.98,319,340.2,101,107.9,128,"{'sx': 120, 'cz': 98, 'rz': 59, 'rx': 39, 'rzz': 3}",10,10,0,C:\Users\szymon\QuditsOnQubits\QuditsOnQubits\basis_direct_encoding_benchmarks\quantum_circuits\ame43\product__U_Z__V_X,C:\Users\szymon\QuditsOnQubits\QuditsOnQubits\basis_direct_encoding_benchmarks\quantum_circuits\ame43\product__U_Z__V_X\F3_W.qpy,C:\Users\szymon\QuditsOnQubits\QuditsOnQubits\basis_direct_encoding_benchmarks\quantum_circuits\ame43\product__U_Z__V_X\CZ3_W.qpy,C:\Users\szymon\QuditsOnQubits\QuditsOnQubits\basis_direct_encoding_benchmarks\quantum_circuits\ame43\product__U_Z__V_X\graph_state_direct_basis.qpy,C:\Users\szymon\QuditsOnQubits\QuditsOnQubits\basis_direct_encoding_benchmarks\quantum_circuits\ame43\product__U_Z__V_X\graph_state_direct_basis_transpiled.qpy,,C:\Users\szymon\QuditsOnQubits\QuditsOnQubits\basis_direct_encoding_benchmarks\quantum_circuits\ame43\product__U_Z__V_X\E.npy
direct_basis_encoding,ame43,ame43,ame43,ame43,4,4,8,U_Z__V_SX,product,product,U_Z__V_SX,False,True,533,1589,2122,1279,,,4.740871,True,False,ok,,Converted from legacy E_new 4x3 isometry candidate.; Fidelity skipped because transpiled circuit has 128 qubits.,1279,1295.8,12.91,2122,2146.1,533,541.7,128,"{'rz': 600, 'rx': 495, 'sx': 494, 'cz': 394, 'rzz': 139}",10,10,0,C:\Users\szymon\QuditsOnQubits\QuditsOnQubits\basis_direct_encoding_benchmarks\quantum_circuits\ame43\product__U_Z__V_SX,C:\Users\szymon\QuditsOnQubits\QuditsOnQubits\basis_direct_encoding_benchmarks\quantum_circuits\ame43\product__U_Z__V_SX\F3_W.qpy,C:\Users\szymon\QuditsOnQubits\QuditsOnQubits\basis_direct_encoding_benchmarks\quantum_circuits\ame43\product__U_Z__V_SX\CZ3_W.qpy,C:\Users\szymon\QuditsOnQubits\QuditsOnQubits\basis_direct_encoding_benchmarks\quantum_circuits\ame43\product__U_Z__V_SX\graph_state_direct_basis.qpy,C:\Users\szymon\QuditsOnQubits\QuditsOnQubits\basis_direct_encoding_benchmarks\quantum_circuits\ame43\product__U_Z__V_SX\graph_state_direct_basis_transpiled.qpy,,C:\Users\szymon\QuditsOnQubits\QuditsOnQubits\basis_direct_encoding_benchmarks\quantum_circuits\ame43\product__U_Z__V_SX\E.npy
direct_basis_encoding,ame43,ame43,ame43,ame43,4,4,8,U_Z__V_SXdg,product,product,U_Z__V_SXdg,False,True,533,1587,2120,1277,,,3.920706,True,False,ok,,Converted from legacy E_new 4x3 isometry candidate.; Fidelity skipped because transpiled circuit has 128 qubits.,1277,1296.2,13.92,2120,2146.7,533,541.7,128,"{'rz': 601, 'sx': 494, 'rx': 492, 'cz': 394, 'rzz': 139}",10,10,0,C:\Users\szymon\QuditsOnQubits\QuditsOnQubits\basis_direct_encoding_benchmarks\quantum_circuits\ame43\product__U_Z__V_SXdg,C:\Users\szymon\QuditsOnQubits\QuditsOnQubits\basis_direct_encoding_benchmarks\quantum_circuits\ame43\product__U_Z__V_SXdg\F3_W.qpy,C:\Users\szymon\QuditsOnQubits\QuditsOnQubits\basis_direct_encoding_benchmarks\quantum_circuits\ame43\product__U_Z__V_SXdg\CZ3_W.qpy,C:\Users\szymon\QuditsOnQubits\QuditsOnQubits\basis_direct_encoding_benchmarks\quantum_circuits\ame43\product__U_Z__V_SXdg\graph_state_direct_basis.qpy,C:\Users\szymon\QuditsOnQubits\QuditsOnQubits\basis_direct_encoding_benchmarks\quantum_circuits\ame43\product__U_Z__V_SXdg\graph_state_direct_basis_transpiled.qpy,,C:\Users\szymon\QuditsOnQubits\QuditsOnQubits\basis_direct_encoding_benchmarks\quantum_circuits\ame43\product__U_Z__V_SXdg\E.npy
direct_basis_encoding,ame43,ame43,ame43,ame43,4,4,8,U_Z__V_H,product,product,U_Z__V_H,False,True,533,1586,2119,1278,,,3.713321,True,False,ok,,Converted from legacy E_new 4x3 isometry candidate.; Fidelity skipped because transpiled circuit has 128 qubits.,1278,1295.4,13.34,2119,2144.0,533,541.7,128,"{'rz': 600, 'sx': 494, 'rx': 492, 'cz': 394, 'rzz': 139}",10,10,0,C:\Users\szymon\QuditsOnQubits\QuditsOnQubits\basis_direct_encoding_benchmarks\quantum_circuits\ame43\product__U_Z__V_H,C:\Users\szymon\QuditsOnQubits\QuditsOnQubits\basis_direct_encoding_benchmarks\quantum_circuits\ame43\product__U_Z__V_H\F3_W.qpy,C:\Users\szymon\QuditsOnQubits\QuditsOnQubits\basis_direct_encoding_benchmarks\quantum_circuits\ame43\product__U_Z__V_H\CZ3_W.qpy,C:\Users\szymon\QuditsOnQubits\QuditsOnQubits\basis_direct_encoding_benchmarks\quantum_circuits\ame43\product__U_Z__V_H\graph_state_direct_basis.qpy,C:\Users\szymon\QuditsOnQubits\QuditsOnQubits\basis_direct_encoding_benchmarks\quantum_circuits\ame43\product__U_Z__V_H\graph_state_direct_basis_transpiled.qpy,,C:\Users\szymon\QuditsOnQubits\QuditsOnQubits\basis_direct_encoding_benchmarks\quantum_circuits\ame43\product__U_Z__V_H\E.npy
direct_basis_encoding,ame43,ame43,ame43,ame43,4,4,8,U_Z__V_HS,product,product,U_Z__V_HS,False,True,533,1587,2120,1277,,,3.606035,True,False,ok,,Converted from legacy E_new 4x3 isometry candidate.; Fidelity skipped because transpiled circuit has 128 qubits.,1277,1294.7,13.45,2120,2145.2,533,541.7,128,"{'rz': 601, 'sx': 494, 'rx': 492, 'cz': 394, 'rzz': 139}",10,10,0,C:\Users\szymon\QuditsOnQubits\QuditsOnQubits\basis_direct_encoding_benchmarks\quantum_circuits\ame43\product__U_Z__V_HS,C:\Users\szymon\QuditsOnQubits\QuditsOnQubits\basis_direct_encoding_benchmarks\quantum_circuits\ame43\product__U_Z__V_HS\F3_W.qpy,C:\Users\szymon\QuditsOnQubits\QuditsOnQubits\basis_direct_encoding_benchmarks\quantum_circuits\ame43\product__U_Z__V_HS\CZ3_W.qpy,C:\Users\szymon\QuditsOnQubits\QuditsOnQubits\basis_direct_encoding_benchmarks\quantum_circuits\ame43\product__U_Z__V_HS\graph_state_direct_basis.qpy,C:\Users\szymon\QuditsOnQubits\QuditsOnQubits\basis_direct_encoding_benchmarks\quantum_circuits\ame43\product__U_Z__V_HS\graph_state_direct_basis_transpiled.qpy,,C:\Users\szymon\QuditsOnQubits\QuditsOnQubits\basis_direct_encoding_benchmarks\quantum_circuits\ame43\product__U_Z__V_HS\E.npy
direct_basis_encoding,ame43,ame43,ame43,ame43,4,4,8,U_Z__V_SH,product,product,U_Z__V_SH,False,True,573,1660,2233,1336,,,3.581362,True,False,ok,,Converted from legacy E_new 4x3 isometry candidate.; Fidelity skipped because transpiled circuit has 128 qubits.,1336,1364.9,26.01,2233,2225.7,573,579.2,128,"{'rz': 610, 'sx': 556, 'rx': 494, 'cz': 433, 'rzz': 140}",10,10,0,C:\Users\szymon\QuditsOnQubits\QuditsOnQubits\basis_direct_encoding_benchmarks\quantum_circuits\ame43\product__U_Z__V_SH,C:\Users\szymon\QuditsOnQubits\QuditsOnQubits\basis_direct_encoding_benchmarks\quantum_circuits\ame43\product__U_Z__V_SH\F3_W.qpy,C:\Users\szymon\QuditsOnQubits\QuditsOnQubits\basis_direct_encoding_benchmarks\quantum_circuits\ame43\product__U_Z__V_SH\CZ3_W.qpy,C:\Users\szymon\QuditsOnQubits\QuditsOnQubits\basis_direct_encoding_benchmarks\quantum_circuits\ame43\product__U_Z__V_SH\graph_state_direct_basis.qpy,C:\Users\szymon\QuditsOnQubits\QuditsOnQubits\basis_direct_encoding_benchmarks\quantum_circuits\ame43\product__U_Z__V_SH\graph_state_direct_basis_transpiled.qpy,,C:\Users\szymon\QuditsOnQubits\QuditsOnQubits\basis_direct_encoding_benchmarks\quantum_circuits\ame43\product__U_Z__V_SH\E.npy
direct_basis_encoding,ame43,ame43,ame43,ame43,4,4,8,U_Z__V_Z,product,product,U_Z__V_Z,True,True,101,218,319,157,,,1.454327,True,False,ok,,Converted from legacy E_new = E_Z @ W candidate.; Fidelity skipped because transpiled circuit has 128 qubits.,157,182.1,15.98,319,339.8,101,107.9,128,"{'sx': 120, 'cz': 98, 'rz': 59, 'rx': 39, 'rzz': 3}",10,10,0,C:\Users\szymon\QuditsOnQubits\QuditsOnQubits\basis_direct_encoding_benchmarks\quantum_circuits\ame43\product__U_Z__V_Z,C:\Users\szymon\QuditsOnQubits\QuditsOnQubits\basis_direct_encoding_benchmarks\quantum_circuits\ame43\product__U_Z__V_Z\F3_W.qpy,C:\Users\szymon\QuditsOnQubits\QuditsOnQubits\basis_direct_encoding_benchmarks\quantum_circuits\ame43\product__U_Z__V_Z\CZ3_W.qpy,C:\Users\szymon\QuditsOnQubits\QuditsOnQubits\basis_direct_encoding_benchmarks\quantum_circuits\ame43\product__U_Z__V_Z\graph_state_direct_basis.qpy,C:\Users\szymon\QuditsOnQubits\QuditsOnQubits\basis_direct_encoding_benchmarks\quantum_circuits\ame43\product__U_Z__V_Z\graph_state_direct_basis_transpiled.qpy,C:\Users\szymon\QuditsOnQubits\QuditsOnQubits\basis_direct_encoding_benchmarks\quantum_circuits\ame43\product__U_Z__V_Z\basis_change_gate.qpy,C:\Users\szymon\QuditsOnQubits\QuditsOnQubits\basis_direct_encoding_benchmarks\quantum_circuits\ame43\product__U_Z__V_Z\W.npy
