state_name,state_family,n_qutrits,class_name,candidate_name,is_valid,uses_old_codespace_only,avg_codeword_entanglement,overlap_with_old_codespace,best_depth,mean_depth,std_depth,best_size,mean_size,best_two_qubit_gate_count,mean_two_qubit_gate_count,num_qubits,best_count_ops,n_transpile_runs,successful_trials,failed_trials,status,error_message,approx_ref_depth,approx_ref_two_qubit_gate_count,approx_status,approx_error_message,fid085_best_approx_degree,fid085_best_fidelity,fid085_best_depth,fid085_best_two_qubit_gate_count,fid090_best_approx_degree,fid090_best_fidelity,fid090_best_depth,fid090_best_two_qubit_gate_count,fid095_best_approx_degree,fid095_best_fidelity,fid095_best_depth,fid095_best_two_qubit_gate_count,suite_name,is_baseline_reference,is_trivial_identity,is_baseline_equivalent,skip_reason,pipeline_stage
cycle4,cycle,4,baseline,E_old,True,True,0.0,1.0,91.0,113.8,16.13,278.0,274.6,73.0,68.8,128.0,"{'sx': 85, 'rz': 80, 'cz': 45, 'rx': 40, 'rzz': 28, 'barrier': 8}",5,5,0,ok,,30.0,28.0,ok,,0.95,0.987833544029,27.0,24.0,0.95,0.987833544029,27.0,24.0,0.95,0.987833544029,27.0,24.0,custom_states,True,True,True,,
cycle4,cycle,4,monomial_full,sup012_P012_ph001,True,True,0.0,1.0,119.0,125.8,8.54,316.0,325.8,80.0,81.2,128.0,"{'rz': 96, 'sx': 84, 'rx': 56, 'cz': 45, 'rzz': 35, 'barrier': 8}",5,5,0,ok,,34.0,32.0,ok,,0.96,0.987833544029,31.0,28.0,0.96,0.987833544029,31.0,28.0,0.96,0.987833544029,31.0,28.0,custom_states,False,False,False,,
cycle4,cycle,4,monomial_full,sup012_P012_ph002,True,True,0.0,1.0,118.0,124.4,7.94,312.0,321.2,80.0,81.2,128.0,"{'rz': 96, 'sx': 84, 'rx': 52, 'cz': 45, 'rzz': 35, 'barrier': 8}",5,5,0,ok,,32.0,32.0,ok,,0.96,0.987833544029,29.0,28.0,0.96,0.987833544029,29.0,28.0,0.96,0.987833544029,29.0,28.0,custom_states,False,False,False,,
cycle4,cycle,4,monomial_full,sup012_P012_ph010,True,True,0.0,1.0,119.0,125.2,7.65,316.0,326.0,80.0,81.2,128.0,"{'rz': 96, 'sx': 84, 'rx': 56, 'cz': 45, 'rzz': 35, 'barrier': 8}",5,5,0,ok,,34.0,32.0,ok,,0.96,0.987833544029,31.0,28.0,0.96,0.987833544029,31.0,28.0,0.96,0.987833544029,31.0,28.0,custom_states,False,False,False,,
cycle4,cycle,4,monomial_full,sup012_P012_ph011,True,True,0.0,1.0,117.0,123.2,7.6,306.0,315.6,80.0,81.2,128.0,"{'rz': 92, 'sx': 84, 'rx': 50, 'cz': 45, 'rzz': 35, 'barrier': 8}",5,5,0,ok,,32.0,32.0,ok,,0.96,0.987833544029,29.0,28.0,0.96,0.987833544029,29.0,28.0,0.96,0.987833544029,29.0,28.0,custom_states,False,False,False,,
cycle4,cycle,4,monomial_full,sup012_P012_ph012,True,True,0.0,1.0,110.0,117.6,9.39,292.0,304.0,76.0,77.0,128.0,"{'sx': 90, 'rz': 84, 'cz': 48, 'rx': 42, 'rzz': 28, 'barrier': 8}",5,5,0,ok,,30.0,28.0,ok,,0.99,0.987833544029,27.0,24.0,0.99,0.987833544029,27.0,24.0,0.99,0.987833544029,27.0,24.0,custom_states,False,False,False,,
cycle4,cycle,4,monomial_full,sup012_P012_ph020,True,True,0.0,1.0,118.0,124.6,8.24,312.0,321.8,80.0,81.2,128.0,"{'rz': 96, 'sx': 84, 'rx': 52, 'cz': 45, 'rzz': 35, 'barrier': 8}",5,5,0,ok,,32.0,32.0,ok,,0.96,0.987833544029,29.0,28.0,0.96,0.987833544029,29.0,28.0,0.96,0.987833544029,29.0,28.0,custom_states,False,False,False,,
cycle4,cycle,4,monomial_full,sup012_P012_ph021,True,True,0.0,1.0,110.0,117.6,9.39,292.0,304.0,76.0,77.0,128.0,"{'sx': 90, 'rz': 84, 'cz': 48, 'rx': 42, 'rzz': 28, 'barrier': 8}",5,5,0,ok,,30.0,28.0,ok,,0.95,0.987833544029,27.0,24.0,0.95,0.987833544029,27.0,24.0,0.95,0.987833544029,27.0,24.0,custom_states,False,False,False,,
cycle4,cycle,4,monomial_full,sup012_P012_ph022,True,True,0.0,1.0,119.0,124.8,7.11,312.0,321.8,80.0,81.2,128.0,"{'rz': 92, 'sx': 84, 'rx': 56, 'cz': 45, 'rzz': 35, 'barrier': 8}",5,5,0,ok,,33.0,32.0,ok,,0.96,0.987833544029,30.0,28.0,0.96,0.987833544029,30.0,28.0,0.96,0.987833544029,30.0,28.0,custom_states,False,False,False,,
cycle4,cycle,4,monomial_full,sup012_P012_ph100,True,True,0.0,1.0,117.0,123.6,8.14,310.0,319.6,80.0,81.2,128.0,"{'rz': 96, 'sx': 84, 'rx': 50, 'cz': 45, 'rzz': 35, 'barrier': 8}",5,5,0,ok,,32.0,32.0,ok,,0.96,0.987833544029,29.0,28.0,0.96,0.987833544029,29.0,28.0,0.96,0.987833544029,29.0,28.0,custom_states,False,False,False,,
cycle4,cycle,4,monomial_full,sup012_P012_ph101,True,True,0.0,1.0,109.0,116.8,9.68,289.0,301.0,76.0,77.0,128.0,"{'sx': 90, 'rz': 81, 'cz': 48, 'rx': 42, 'rzz': 28, 'barrier': 8}",5,5,0,ok,,30.0,28.0,ok,,0.95,0.921577429336,27.0,24.0,0.95,0.921577429336,27.0,24.0,0.99,0.987833544029,27.0,24.0,custom_states,False,False,False,,
cycle4,cycle,4,monomial_full,sup012_P012_ph102,True,True,0.0,1.0,119.0,125.4,7.94,316.0,326.0,80.0,81.2,128.0,"{'rz': 96, 'sx': 84, 'rx': 56, 'cz': 45, 'rzz': 35, 'barrier': 8}",5,5,0,ok,,34.0,32.0,ok,,0.95,0.987833544029,31.0,28.0,0.95,0.987833544029,31.0,28.0,0.95,0.987833544029,31.0,28.0,custom_states,False,False,False,,
cycle4,cycle,4,monomial_full,sup012_P012_ph110,True,True,0.0,1.0,110.0,116.8,8.33,291.0,301.4,76.0,77.2,128.0,"{'sx': 91, 'rz': 83, 'cz': 48, 'rx': 41, 'rzz': 28, 'barrier': 8}",5,5,0,ok,,30.0,28.0,ok,,0.95,0.987833544029,27.0,24.0,0.95,0.987833544029,27.0,24.0,0.95,0.987833544029,27.0,24.0,custom_states,False,False,False,,
cycle4,cycle,4,monomial_full,sup012_P012_ph112,True,True,0.0,1.0,118.0,124.2,7.6,309.0,320.2,80.0,81.2,128.0,"{'rz': 92, 'sx': 84, 'rx': 53, 'cz': 45, 'rzz': 35, 'barrier': 8}",5,5,0,ok,,32.0,32.0,ok,,0.95,0.987833544029,28.0,28.0,0.95,0.987833544029,28.0,28.0,0.95,0.987833544029,28.0,28.0,custom_states,False,False,False,,
cycle4,cycle,4,monomial_full,sup012_P012_ph120,True,True,0.0,1.0,119.0,125.2,7.65,312.0,322.0,80.0,81.2,128.0,"{'rz': 92, 'sx': 84, 'rx': 56, 'cz': 45, 'rzz': 35, 'barrier': 8}",5,5,0,ok,,34.0,32.0,ok,,0.95,0.987833544029,31.0,28.0,0.95,0.987833544029,31.0,28.0,0.95,0.987833544029,31.0,28.0,custom_states,False,False,False,,
cycle4,cycle,4,monomial_full,sup012_P012_ph121,True,True,0.0,1.0,118.0,124.6,8.14,313.0,324.2,80.0,81.2,128.0,"{'rz': 96, 'sx': 84, 'rx': 53, 'cz': 45, 'rzz': 35, 'barrier': 8}",5,5,0,ok,,32.0,32.0,ok,,0.96,0.987833544029,29.0,28.0,0.96,0.987833544029,29.0,28.0,0.96,0.987833544029,29.0,28.0,custom_states,False,False,False,,
cycle4,cycle,4,monomial_full,sup012_P012_ph122,True,True,0.0,1.0,110.0,117.6,9.39,292.0,304.0,76.0,77.0,128.0,"{'sx': 90, 'rz': 84, 'cz': 48, 'rx': 42, 'rzz': 28, 'barrier': 8}",5,5,0,ok,,30.0,28.0,ok,,0.95,0.935556492516,27.0,24.0,0.95,0.935556492516,27.0,24.0,0.99,0.987833544029,27.0,24.0,custom_states,False,False,False,,
cycle4,cycle,4,monomial_full,sup012_P012_ph200,True,True,0.0,1.0,119.0,125.6,8.24,316.0,326.0,80.0,81.2,128.0,"{'rz': 96, 'sx': 84, 'rx': 56, 'cz': 45, 'rzz': 35, 'barrier': 8}",5,5,0,ok,,34.0,32.0,ok,,0.95,0.987833544029,29.0,28.0,0.95,0.987833544029,29.0,28.0,0.95,0.987833544029,29.0,28.0,custom_states,False,False,False,,
cycle4,cycle,4,monomial_full,sup012_P012_ph201,True,True,0.0,1.0,119.0,125.4,7.94,315.0,325.8,80.0,81.2,128.0,"{'rz': 96, 'sx': 84, 'rx': 55, 'cz': 45, 'rzz': 35, 'barrier': 8}",5,5,0,ok,,32.0,32.0,ok,,0.96,0.987833544029,29.0,28.0,0.96,0.987833544029,29.0,28.0,0.96,0.987833544029,29.0,28.0,custom_states,False,False,False,,
cycle4,cycle,4,monomial_full,sup012_P012_ph202,True,True,0.0,1.0,109.0,116.8,9.68,289.0,301.0,76.0,77.0,128.0,"{'sx': 90, 'rz': 81, 'cz': 48, 'rx': 42, 'rzz': 28, 'barrier': 8}",5,5,0,ok,,30.0,28.0,ok,,0.95,0.946673107426,27.0,24.0,0.95,0.946673107426,27.0,24.0,,,,,custom_states,False,False,False,,
cycle4,cycle,4,monomial_full,sup012_P012_ph210,True,True,0.0,1.0,118.0,124.4,7.86,316.0,326.0,80.0,81.2,128.0,"{'rz': 92, 'sx': 84, 'rx': 60, 'cz': 45, 'rzz': 35, 'barrier': 8}",5,5,0,ok,,34.0,32.0,ok,,0.96,0.987833544029,31.0,28.0,0.96,0.987833544029,31.0,28.0,0.96,0.987833544029,31.0,28.0,custom_states,False,False,False,,
cycle4,cycle,4,monomial_full,sup012_P012_ph211,True,True,0.0,1.0,110.0,117.6,9.39,292.0,304.0,76.0,77.0,128.0,"{'sx': 90, 'rz': 84, 'cz': 48, 'rx': 42, 'rzz': 28, 'barrier': 8}",5,5,0,ok,,30.0,28.0,ok,,0.95,0.987833544029,27.0,24.0,0.95,0.987833544029,27.0,24.0,0.95,0.987833544029,27.0,24.0,custom_states,False,False,False,,
cycle4,cycle,4,monomial_full,sup012_P012_ph212,True,True,0.0,1.0,119.0,125.6,8.24,316.0,325.8,80.0,81.2,128.0,"{'rz': 96, 'sx': 84, 'rx': 56, 'cz': 45, 'rzz': 35, 'barrier': 8}",5,5,0,ok,,34.0,32.0,ok,,0.96,0.987833544029,31.0,28.0,0.96,0.987833544029,31.0,28.0,0.96,0.987833544029,31.0,28.0,custom_states,False,False,False,,
cycle4,cycle,4,monomial_full,sup012_P012_ph220,True,True,0.0,1.0,110.0,117.6,9.39,291.0,302.8,76.0,77.0,128.0,"{'sx': 90, 'rz': 83, 'cz': 48, 'rx': 42, 'rzz': 28, 'barrier': 8}",5,5,0,ok,,30.0,28.0,ok,,0.95,0.987833544029,27.0,24.0,0.95,0.987833544029,27.0,24.0,0.95,0.987833544029,27.0,24.0,custom_states,False,False,False,,
cycle4,cycle,4,monomial_full,sup012_P012_ph221,True,True,0.0,1.0,118.0,123.8,7.11,311.0,321.2,80.0,81.2,128.0,"{'rz': 92, 'sx': 84, 'rx': 55, 'cz': 45, 'rzz': 35, 'barrier': 8}",5,5,0,ok,,33.0,32.0,ok,,0.96,0.987833544029,30.0,28.0,0.96,0.987833544029,30.0,28.0,0.96,0.987833544029,30.0,28.0,custom_states,False,False,False,,
cycle4,cycle,4,monomial_full,sup012_P021_ph000,True,True,0.0,1.0,131.0,138.0,10.12,363.0,372.6,88.0,89.2,128.0,"{'rz': 114, 'sx': 84, 'rx': 77, 'cz': 45, 'rzz': 43, 'barrier': 8}",5,5,0,ok,,40.0,40.0,ok,,0.96,0.987833544029,37.0,36.0,0.96,0.987833544029,37.0,36.0,0.96,0.987833544029,37.0,36.0,custom_states,False,False,False,,
cycle4,cycle,4,monomial_full,sup012_P021_ph001,True,True,0.0,1.0,132.0,139.0,10.84,367.0,377.2,88.0,89.2,128.0,"{'rz': 117, 'sx': 84, 'rx': 78, 'cz': 45, 'rzz': 43, 'barrier': 8}",5,5,0,ok,,41.0,40.0,ok,,0.96,0.96058258366,38.0,36.0,0.96,0.96058258366,38.0,36.0,0.96,0.96058258366,38.0,36.0,custom_states,False,False,False,,
cycle4,cycle,4,monomial_full,sup012_P021_ph002,True,True,0.0,1.0,132.0,138.6,10.07,364.0,374.4,88.0,89.2,128.0,"{'rz': 116, 'sx': 84, 'rx': 76, 'cz': 45, 'rzz': 43, 'barrier': 8}",5,5,0,ok,,41.0,40.0,ok,,0.96,0.96058258366,38.0,36.0,0.96,0.96058258366,38.0,36.0,0.96,0.96058258366,38.0,36.0,custom_states,False,False,False,,
cycle4,cycle,4,monomial_full,sup012_P021_ph010,True,True,0.0,1.0,132.0,139.0,10.84,367.0,377.2,88.0,89.2,128.0,"{'rz': 117, 'sx': 84, 'rx': 78, 'cz': 45, 'rzz': 43, 'barrier': 8}",5,5,0,ok,,41.0,40.0,ok,,0.96,0.96058258366,38.0,36.0,0.96,0.96058258366,38.0,36.0,0.96,0.96058258366,38.0,36.0,custom_states,False,False,False,,
cycle4,cycle,4,monomial_full,sup012_P021_ph011,True,True,0.0,1.0,132.0,138.6,10.07,364.0,374.0,88.0,89.2,128.0,"{'rz': 116, 'sx': 84, 'rx': 76, 'cz': 45, 'rzz': 43, 'barrier': 8}",5,5,0,ok,,41.0,40.0,ok,,0.95,0.96058258366,38.0,36.0,0.95,0.96058258366,38.0,36.0,0.95,0.96058258366,38.0,36.0,custom_states,False,False,False,,
cycle4,cycle,4,monomial_full,sup012_P021_ph012,True,True,0.0,1.0,134.0,140.2,9.3,368.0,377.4,88.0,89.2,128.0,"{'rz': 118, 'sx': 84, 'rx': 78, 'cz': 45, 'rzz': 43, 'barrier': 8}",5,5,0,ok,,41.0,40.0,ok,,0.96,0.96058258366,37.0,36.0,0.96,0.96058258366,37.0,36.0,0.96,0.96058258366,37.0,36.0,custom_states,False,False,False,,
cycle4,cycle,4,monomial_full,sup012_P021_ph020,True,True,0.0,1.0,132.0,138.6,10.07,364.0,374.0,88.0,89.2,128.0,"{'rz': 116, 'sx': 84, 'rx': 76, 'cz': 45, 'rzz': 43, 'barrier': 8}",5,5,0,ok,,41.0,40.0,ok,,0.96,0.96058258366,38.0,36.0,0.96,0.96058258366,38.0,36.0,0.96,0.96058258366,38.0,36.0,custom_states,False,False,False,,
cycle4,cycle,4,monomial_full,sup012_P021_ph021,True,True,0.0,1.0,134.0,140.2,9.3,368.0,377.4,88.0,89.2,128.0,"{'rz': 118, 'sx': 84, 'rx': 78, 'cz': 45, 'rzz': 43, 'barrier': 8}",5,5,0,ok,,41.0,40.0,ok,,0.96,0.96058258366,37.0,36.0,0.96,0.96058258366,37.0,36.0,0.96,0.96058258366,37.0,36.0,custom_states,False,False,False,,
cycle4,cycle,4,monomial_full,sup012_P021_ph022,True,True,0.0,1.0,132.0,138.6,10.07,362.0,373.2,88.0,89.2,128.0,"{'rz': 116, 'sx': 84, 'rx': 74, 'cz': 45, 'rzz': 43, 'barrier': 8}",5,5,0,ok,,41.0,40.0,ok,,0.95,0.96058258366,38.0,36.0,0.95,0.96058258366,38.0,36.0,0.95,0.96058258366,38.0,36.0,custom_states,False,False,False,,
cycle4,cycle,4,monomial_full,sup012_P021_ph100,True,True,0.0,1.0,132.0,138.6,10.07,363.0,372.6,88.0,89.2,128.0,"{'rz': 116, 'sx': 84, 'rx': 75, 'cz': 45, 'rzz': 43, 'barrier': 8}",5,5,0,ok,,41.0,40.0,ok,,0.96,0.96058258366,38.0,36.0,0.96,0.96058258366,38.0,36.0,0.96,0.96058258366,38.0,36.0,custom_states,False,False,False,,
cycle4,cycle,4,monomial_full,sup012_P021_ph101,True,True,0.0,1.0,134.0,140.2,9.3,368.0,377.4,88.0,89.2,128.0,"{'rz': 118, 'sx': 84, 'rx': 78, 'cz': 45, 'rzz': 43, 'barrier': 8}",5,5,0,ok,,41.0,40.0,ok,,0.96,0.96058258366,37.0,36.0,0.96,0.96058258366,37.0,36.0,0.96,0.96058258366,37.0,36.0,custom_states,False,False,False,,
cycle4,cycle,4,monomial_full,sup012_P021_ph102,True,True,0.0,1.0,132.0,138.6,10.07,366.0,375.8,88.0,89.2,128.0,"{'rz': 116, 'sx': 84, 'rx': 78, 'cz': 45, 'rzz': 43, 'barrier': 8}",5,5,0,ok,,41.0,40.0,ok,,0.96,0.96058258366,38.0,36.0,0.96,0.96058258366,38.0,36.0,0.96,0.96058258366,38.0,36.0,custom_states,False,False,False,,
cycle4,cycle,4,monomial_full,sup012_P021_ph110,True,True,0.0,1.0,131.0,138.0,10.12,363.0,372.6,88.0,89.2,128.0,"{'rz': 114, 'sx': 84, 'rx': 77, 'cz': 45, 'rzz': 43, 'barrier': 8}",5,5,0,ok,,40.0,40.0,ok,,0.96,0.987833544029,37.0,36.0,0.96,0.987833544029,37.0,36.0,0.96,0.987833544029,37.0,36.0,custom_states,False,False,False,,
cycle4,cycle,4,monomial_full,sup012_P021_ph111,True,True,0.0,1.0,132.0,138.4,9.69,362.0,372.2,88.0,89.2,128.0,"{'rz': 116, 'sx': 84, 'rx': 74, 'cz': 45, 'rzz': 43, 'barrier': 8}",5,5,0,ok,,40.0,40.0,ok,,0.96,0.987833544029,37.0,36.0,0.96,0.987833544029,37.0,36.0,0.96,0.987833544029,37.0,36.0,custom_states,False,False,False,,
cycle4,cycle,4,monomial_full,sup012_P021_ph112,True,True,0.0,1.0,132.0,138.6,10.07,363.0,372.6,88.0,89.2,128.0,"{'rz': 116, 'sx': 84, 'rx': 75, 'cz': 45, 'rzz': 43, 'barrier': 8}",5,5,0,ok,,41.0,40.0,ok,,0.96,0.96058258366,38.0,36.0,0.96,0.96058258366,38.0,36.0,0.96,0.96058258366,38.0,36.0,custom_states,False,False,False,,
cycle4,cycle,4,monomial_full,sup012_P021_ph120,True,True,0.0,1.0,132.0,138.6,10.07,366.0,375.8,88.0,89.2,128.0,"{'rz': 116, 'sx': 84, 'rx': 78, 'cz': 45, 'rzz': 43, 'barrier': 8}",5,5,0,ok,,41.0,40.0,ok,,0.96,0.96058258366,38.0,36.0,0.96,0.96058258366,38.0,36.0,0.96,0.96058258366,38.0,36.0,custom_states,False,False,False,,
cycle4,cycle,4,monomial_full,sup012_P021_ph121,True,True,0.0,1.0,132.0,138.6,10.07,363.0,372.6,88.0,89.2,128.0,"{'rz': 116, 'sx': 84, 'rx': 75, 'cz': 45, 'rzz': 43, 'barrier': 8}",5,5,0,ok,,41.0,40.0,ok,,0.96,0.96058258366,38.0,36.0,0.96,0.96058258366,38.0,36.0,0.96,0.96058258366,38.0,36.0,custom_states,False,False,False,,
cycle4,cycle,4,monomial_full,sup012_P021_ph122,True,True,0.0,1.0,134.0,140.2,9.3,368.0,377.4,88.0,89.2,128.0,"{'rz': 118, 'sx': 84, 'rx': 78, 'cz': 45, 'rzz': 43, 'barrier': 8}",5,5,0,ok,,41.0,40.0,ok,,0.96,0.96058258366,37.0,36.0,0.96,0.96058258366,37.0,36.0,0.96,0.96058258366,37.0,36.0,custom_states,False,False,False,,
cycle4,cycle,4,monomial_full,sup012_P021_ph200,True,True,0.0,1.0,132.0,138.8,10.46,362.0,372.4,88.0,89.2,128.0,"{'rz': 117, 'sx': 84, 'rx': 73, 'cz': 45, 'rzz': 43, 'barrier': 8}",5,5,0,ok,,40.0,40.0,ok,,0.96,0.96058258366,37.0,36.0,0.96,0.96058258366,37.0,36.0,0.96,0.96058258366,37.0,36.0,custom_states,False,False,False,,
cycle4,cycle,4,monomial_full,sup012_P021_ph201,True,True,0.0,1.0,132.0,139.0,10.84,364.0,374.0,88.0,89.2,128.0,"{'rz': 117, 'sx': 84, 'rx': 75, 'cz': 45, 'rzz': 43, 'barrier': 8}",5,5,0,ok,,41.0,40.0,ok,,0.96,0.96058258366,38.0,36.0,0.96,0.96058258366,38.0,36.0,0.96,0.96058258366,38.0,36.0,custom_states,False,False,False,,
cycle4,cycle,4,monomial_full,sup012_P021_ph202,True,True,0.0,1.0,134.0,140.2,9.3,368.0,377.4,88.0,89.2,128.0,"{'rz': 118, 'sx': 84, 'rx': 78, 'cz': 45, 'rzz': 43, 'barrier': 8}",5,5,0,ok,,41.0,40.0,ok,,0.96,0.96058258366,37.0,36.0,0.96,0.96058258366,37.0,36.0,0.96,0.96058258366,37.0,36.0,custom_states,False,False,False,,
cycle4,cycle,4,monomial_full,sup012_P021_ph210,True,True,0.0,1.0,132.0,139.0,10.84,364.0,374.0,88.0,89.2,128.0,"{'rz': 117, 'sx': 84, 'rx': 75, 'cz': 45, 'rzz': 43, 'barrier': 8}",5,5,0,ok,,41.0,40.0,ok,,0.96,0.96058258366,38.0,36.0,0.96,0.96058258366,38.0,36.0,0.96,0.96058258366,38.0,36.0,custom_states,False,False,False,,
cycle4,cycle,4,monomial_full,sup012_P021_ph211,True,True,0.0,1.0,134.0,140.2,9.3,368.0,377.4,88.0,89.2,128.0,"{'rz': 118, 'sx': 84, 'rx': 78, 'cz': 45, 'rzz': 43, 'barrier': 8}",5,5,0,ok,,41.0,40.0,ok,,0.96,0.96058258366,37.0,36.0,0.96,0.96058258366,37.0,36.0,0.96,0.96058258366,37.0,36.0,custom_states,False,False,False,,
cycle4,cycle,4,monomial_full,sup012_P021_ph212,True,True,0.0,1.0,132.0,139.0,10.84,365.0,375.4,88.0,89.2,128.0,"{'rz': 118, 'sx': 84, 'rx': 75, 'cz': 45, 'rzz': 43, 'barrier': 8}",5,5,0,ok,,41.0,40.0,ok,,0.95,0.96074467397,38.0,36.0,0.95,0.96074467397,38.0,36.0,0.95,0.96074467397,38.0,36.0,custom_states,False,False,False,,
cycle4,cycle,4,monomial_full,sup012_P021_ph220,True,True,0.0,1.0,131.0,138.0,10.12,363.0,372.6,88.0,89.2,128.0,"{'rz': 114, 'sx': 84, 'rx': 77, 'cz': 45, 'rzz': 43, 'barrier': 8}",5,5,0,ok,,40.0,40.0,ok,,0.96,0.987833544029,37.0,36.0,0.96,0.987833544029,37.0,36.0,0.96,0.987833544029,37.0,36.0,custom_states,False,False,False,,
cycle4,cycle,4,monomial_full,sup012_P021_ph221,True,True,0.0,1.0,131.0,138.0,10.84,361.0,371.0,88.0,89.2,128.0,"{'rz': 115, 'sx': 84, 'rx': 74, 'cz': 45, 'rzz': 43, 'barrier': 8}",5,5,0,ok,,40.0,40.0,ok,,0.96,0.96058258366,37.0,36.0,0.96,0.96058258366,37.0,36.0,0.96,0.96058258366,37.0,36.0,custom_states,False,False,False,,
cycle4,cycle,4,monomial_full,sup012_P021_ph222,True,True,0.0,1.0,132.0,139.0,10.84,364.0,374.0,88.0,89.2,128.0,"{'rz': 117, 'sx': 84, 'rx': 75, 'cz': 45, 'rzz': 43, 'barrier': 8}",5,5,0,ok,,41.0,40.0,ok,,0.96,0.987833544029,38.0,36.0,0.96,0.987833544029,38.0,36.0,0.96,0.987833544029,38.0,36.0,custom_states,False,False,False,,
cycle4,cycle,4,monomial_full,sup012_P102_ph000,True,True,0.0,1.0,119.0,125.8,8.7,319.0,329.8,80.0,81.2,128.0,"{'rz': 93, 'sx': 84, 'rx': 62, 'cz': 49, 'rzz': 31, 'barrier': 8}",5,5,0,ok,,34.0,32.0,ok,,0.96,0.963233236875,31.0,28.0,0.96,0.963233236875,31.0,28.0,0.96,0.963233236875,31.0,28.0,custom_states,False,False,False,,
cycle4,cycle,4,monomial_full,sup012_P102_ph001,True,True,0.0,1.0,120.0,125.8,7.17,314.0,323.6,80.0,81.2,128.0,"{'rz': 93, 'sx': 84, 'rx': 57, 'cz': 49, 'rzz': 31, 'barrier': 8}",5,5,0,ok,,34.0,32.0,ok,,0.96,0.987833544029,31.0,28.0,0.96,0.987833544029,31.0,28.0,0.96,0.987833544029,31.0,28.0,custom_states,False,False,False,,
cycle4,cycle,4,monomial_full,sup012_P102_ph002,True,True,0.0,1.0,120.0,125.8,7.17,314.0,323.6,80.0,81.2,128.0,"{'rz': 93, 'sx': 84, 'rx': 57, 'cz': 49, 'rzz': 31, 'barrier': 8}",5,5,0,ok,,34.0,32.0,ok,,0.96,0.987833544029,31.0,28.0,0.96,0.987833544029,31.0,28.0,0.96,0.987833544029,31.0,28.0,custom_states,False,False,False,,
cycle4,cycle,4,monomial_full,sup012_P102_ph010,True,True,0.0,1.0,120.0,125.8,7.17,314.0,323.6,80.0,81.2,128.0,"{'rz': 93, 'sx': 84, 'rx': 57, 'cz': 49, 'rzz': 31, 'barrier': 8}",5,5,0,ok,,34.0,32.0,ok,,0.96,0.987833544029,31.0,28.0,0.96,0.987833544029,31.0,28.0,0.96,0.987833544029,31.0,28.0,custom_states,False,False,False,,
cycle4,cycle,4,monomial_full,sup012_P102_ph011,True,True,0.0,1.0,120.0,125.8,7.17,314.0,323.6,80.0,81.2,128.0,"{'rz': 93, 'sx': 84, 'rx': 57, 'cz': 49, 'rzz': 31, 'barrier': 8}",5,5,0,ok,,34.0,32.0,ok,,0.95,0.971670858124,31.0,28.0,0.95,0.971670858124,31.0,28.0,0.95,0.971670858124,31.0,28.0,custom_states,False,False,False,,
cycle4,cycle,4,monomial_full,sup012_P102_ph012,True,True,0.0,1.0,120.0,126.6,8.38,321.0,331.4,80.0,81.2,128.0,"{'rz': 95, 'sx': 84, 'rx': 62, 'cz': 49, 'rzz': 31, 'barrier': 8}",5,5,0,ok,,34.0,32.0,ok,,0.96,0.987833544029,31.0,28.0,0.96,0.987833544029,31.0,28.0,0.96,0.987833544029,31.0,28.0,custom_states,False,False,False,,
cycle4,cycle,4,monomial_full,sup012_P102_ph020,True,True,0.0,1.0,120.0,126.4,8.06,321.0,331.4,80.0,81.2,128.0,"{'rz': 95, 'sx': 84, 'rx': 62, 'cz': 49, 'rzz': 31, 'barrier': 8}",5,5,0,ok,,34.0,32.0,ok,,0.96,0.987833544029,31.0,28.0,0.96,0.987833544029,31.0,28.0,0.96,0.987833544029,31.0,28.0,custom_states,False,False,False,,
cycle4,cycle,4,monomial_full,sup012_P102_ph021,True,True,0.0,1.0,120.0,126.0,7.46,314.0,323.6,80.0,81.2,128.0,"{'rz': 93, 'sx': 84, 'rx': 57, 'cz': 49, 'rzz': 31, 'barrier': 8}",5,5,0,ok,,34.0,32.0,ok,,0.96,0.987833544029,31.0,28.0,0.96,0.987833544029,31.0,28.0,0.96,0.987833544029,31.0,28.0,custom_states,False,False,False,,
cycle4,cycle,4,monomial_full,sup012_P102_ph022,True,True,0.0,1.0,120.0,126.4,8.06,321.0,331.4,80.0,81.2,128.0,"{'rz': 95, 'sx': 84, 'rx': 62, 'cz': 49, 'rzz': 31, 'barrier': 8}",5,5,0,ok,,34.0,32.0,ok,,0.96,0.963233236875,31.0,28.0,0.96,0.963233236875,31.0,28.0,0.96,0.963233236875,31.0,28.0,custom_states,False,False,False,,
cycle4,cycle,4,monomial_full,sup012_P102_ph100,True,True,0.0,1.0,120.0,125.8,7.17,314.0,323.6,80.0,81.2,128.0,"{'rz': 93, 'sx': 84, 'rx': 57, 'cz': 49, 'rzz': 31, 'barrier': 8}",5,5,0,ok,,34.0,32.0,ok,,0.95,0.987833544029,31.0,28.0,0.95,0.987833544029,31.0,28.0,0.95,0.987833544029,31.0,28.0,custom_states,False,False,False,,
cycle4,cycle,4,monomial_full,sup012_P102_ph101,True,True,0.0,1.0,119.0,125.8,8.7,319.0,329.8,80.0,81.2,128.0,"{'rz': 93, 'sx': 84, 'rx': 62, 'cz': 49, 'rzz': 31, 'barrier': 8}",5,5,0,ok,,34.0,32.0,ok,,0.96,0.963233236875,31.0,28.0,0.96,0.963233236875,31.0,28.0,0.96,0.963233236875,31.0,28.0,custom_states,False,False,False,,
cycle4,cycle,4,monomial_full,sup012_P102_ph102,True,True,0.0,1.0,120.0,126.4,8.06,321.0,331.4,80.0,81.2,128.0,"{'rz': 95, 'sx': 84, 'rx': 62, 'cz': 49, 'rzz': 31, 'barrier': 8}",5,5,0,ok,,34.0,32.0,ok,,0.96,0.987833544029,31.0,28.0,0.96,0.987833544029,31.0,28.0,0.96,0.987833544029,31.0,28.0,custom_states,False,False,False,,
cycle4,cycle,4,monomial_full,sup012_P102_ph110,True,True,0.0,1.0,120.0,126.6,8.38,321.0,331.4,80.0,81.2,128.0,"{'rz': 95, 'sx': 84, 'rx': 62, 'cz': 49, 'rzz': 31, 'barrier': 8}",5,5,0,ok,,34.0,32.0,ok,,0.96,0.987833544029,31.0,28.0,0.96,0.987833544029,31.0,28.0,0.96,0.987833544029,31.0,28.0,custom_states,False,False,False,,
cycle4,cycle,4,monomial_full,sup012_P102_ph111,True,True,0.0,1.0,120.0,126.4,8.06,321.0,331.4,80.0,81.2,128.0,"{'rz': 95, 'sx': 84, 'rx': 62, 'cz': 49, 'rzz': 31, 'barrier': 8}",5,5,0,ok,,34.0,32.0,ok,,0.96,0.987833544029,31.0,28.0,0.96,0.987833544029,31.0,28.0,0.96,0.987833544029,31.0,28.0,custom_states,False,False,False,,
cycle4,cycle,4,monomial_full,sup012_P102_ph112,True,True,0.0,1.0,120.0,126.4,8.06,321.0,331.4,80.0,81.2,128.0,"{'rz': 95, 'sx': 84, 'rx': 62, 'cz': 49, 'rzz': 31, 'barrier': 8}",5,5,0,ok,,34.0,32.0,ok,,0.95,0.963233236875,31.0,28.0,0.95,0.963233236875,31.0,28.0,0.95,0.963233236875,31.0,28.0,custom_states,False,False,False,,
cycle4,cycle,4,monomial_full,sup012_P102_ph120,True,True,0.0,1.0,119.0,125.0,7.46,311.0,320.6,80.0,81.2,128.0,"{'rz': 90, 'sx': 84, 'rx': 57, 'cz': 49, 'rzz': 31, 'barrier': 8}",5,5,0,ok,,34.0,32.0,ok,,0.96,0.987833544029,31.0,28.0,0.96,0.987833544029,31.0,28.0,0.96,0.987833544029,31.0,28.0,custom_states,False,False,False,,
cycle4,cycle,4,monomial_full,sup012_P102_ph121,True,True,0.0,1.0,120.0,126.4,8.06,321.0,331.4,80.0,81.2,128.0,"{'rz': 95, 'sx': 84, 'rx': 62, 'cz': 49, 'rzz': 31, 'barrier': 8}",5,5,0,ok,,34.0,32.0,ok,,0.95,0.987833544029,31.0,28.0,0.95,0.987833544029,31.0,28.0,0.95,0.987833544029,31.0,28.0,custom_states,False,False,False,,
cycle4,cycle,4,monomial_full,sup012_P102_ph122,True,True,0.0,1.0,120.0,126.6,8.38,321.0,331.4,80.0,81.2,128.0,"{'rz': 95, 'sx': 84, 'rx': 62, 'cz': 49, 'rzz': 31, 'barrier': 8}",5,5,0,ok,,34.0,32.0,ok,,0.96,0.987833544029,31.0,28.0,0.96,0.987833544029,31.0,28.0,0.96,0.987833544029,31.0,28.0,custom_states,False,False,False,,
cycle4,cycle,4,monomial_full,sup012_P102_ph200,True,True,0.0,1.0,120.0,125.6,6.89,313.0,322.6,80.0,81.2,128.0,"{'rz': 92, 'sx': 84, 'rx': 57, 'cz': 49, 'rzz': 31, 'barrier': 8}",5,5,0,ok,,34.0,32.0,ok,,0.96,0.987833544029,31.0,28.0,0.96,0.987833544029,31.0,28.0,0.96,0.987833544029,31.0,28.0,custom_states,False,False,False,,
cycle4,cycle,4,monomial_full,sup012_P102_ph201,True,True,0.0,1.0,120.0,126.4,8.06,321.0,331.4,80.0,81.2,128.0,"{'rz': 95, 'sx': 84, 'rx': 62, 'cz': 49, 'rzz': 31, 'barrier': 8}",5,5,0,ok,,34.0,32.0,ok,,0.95,0.987833544029,31.0,28.0,0.95,0.987833544029,31.0,28.0,0.95,0.987833544029,31.0,28.0,custom_states,False,False,False,,
cycle4,cycle,4,monomial_full,sup012_P102_ph202,True,True,0.0,1.0,120.0,126.6,8.38,321.0,331.4,80.0,81.2,128.0,"{'rz': 95, 'sx': 84, 'rx': 62, 'cz': 49, 'rzz': 31, 'barrier': 8}",5,5,0,ok,,34.0,32.0,ok,,0.96,0.963233236875,31.0,28.0,0.96,0.963233236875,31.0,28.0,0.96,0.963233236875,31.0,28.0,custom_states,False,False,False,,
cycle4,cycle,4,monomial_full,sup012_P102_ph210,True,True,0.0,1.0,119.0,125.0,7.46,311.0,320.6,80.0,81.2,128.0,"{'rz': 90, 'sx': 84, 'rx': 57, 'cz': 49, 'rzz': 31, 'barrier': 8}",5,5,0,ok,,34.0,32.0,ok,,0.95,0.987833544029,31.0,28.0,0.95,0.987833544029,31.0,28.0,0.95,0.987833544029,31.0,28.0,custom_states,False,False,False,,
cycle4,cycle,4,monomial_full,sup012_P102_ph211,True,True,0.0,1.0,120.0,126.6,8.38,321.0,331.4,80.0,81.2,128.0,"{'rz': 95, 'sx': 84, 'rx': 62, 'cz': 49, 'rzz': 31, 'barrier': 8}",5,5,0,ok,,34.0,32.0,ok,,0.96,0.987833544029,31.0,28.0,0.96,0.987833544029,31.0,28.0,0.96,0.987833544029,31.0,28.0,custom_states,False,False,False,,
cycle4,cycle,4,monomial_full,sup012_P102_ph212,True,True,0.0,1.0,120.0,126.4,8.06,321.0,331.4,80.0,81.2,128.0,"{'rz': 95, 'sx': 84, 'rx': 62, 'cz': 49, 'rzz': 31, 'barrier': 8}",5,5,0,ok,,34.0,32.0,ok,,0.96,0.987833544029,31.0,28.0,0.96,0.987833544029,31.0,28.0,0.96,0.987833544029,31.0,28.0,custom_states,False,False,False,,
cycle4,cycle,4,monomial_full,sup012_P102_ph220,True,True,0.0,1.0,120.0,126.0,7.46,314.0,323.6,80.0,81.2,128.0,"{'rz': 93, 'sx': 84, 'rx': 57, 'cz': 49, 'rzz': 31, 'barrier': 8}",5,5,0,ok,,34.0,32.0,ok,,0.96,0.987833544029,31.0,28.0,0.96,0.987833544029,31.0,28.0,0.96,0.987833544029,31.0,28.0,custom_states,False,False,False,,
cycle4,cycle,4,monomial_full,sup012_P102_ph221,True,True,0.0,1.0,120.0,125.8,7.17,314.0,323.6,80.0,81.2,128.0,"{'rz': 93, 'sx': 84, 'rx': 57, 'cz': 49, 'rzz': 31, 'barrier': 8}",5,5,0,ok,,34.0,32.0,ok,,0.96,0.971670858124,31.0,28.0,0.96,0.971670858124,31.0,28.0,0.96,0.971670858124,31.0,28.0,custom_states,False,False,False,,
cycle4,cycle,4,monomial_full,sup012_P102_ph222,True,True,0.0,1.0,120.0,125.8,7.17,314.0,323.6,80.0,81.2,128.0,"{'rz': 93, 'sx': 84, 'rx': 57, 'cz': 49, 'rzz': 31, 'barrier': 8}",5,5,0,ok,,34.0,32.0,ok,,0.96,0.987833544029,31.0,28.0,0.96,0.987833544029,31.0,28.0,0.96,0.987833544029,31.0,28.0,custom_states,False,False,False,,
cycle4,cycle,4,monomial_full,sup012_P120_ph000,True,True,0.0,1.0,127.0,132.8,7.65,342.0,352.8,84.0,85.2,128.0,"{'rz': 106, 'sx': 84, 'rx': 68, 'cz': 45, 'rzz': 39, 'barrier': 8}",5,5,0,ok,,39.0,36.0,ok,,0.95,0.960782180207,36.0,32.0,0.95,0.960782180207,36.0,32.0,0.95,0.960782180207,36.0,32.0,custom_states,False,False,False,,
cycle4,cycle,4,monomial_full,sup012_P120_ph001,True,True,0.0,1.0,127.0,133.4,8.71,343.0,354.0,84.0,85.2,128.0,"{'rz': 109, 'sx': 84, 'rx': 66, 'cz': 45, 'rzz': 39, 'barrier': 8}",5,5,0,ok,,39.0,36.0,ok,,0.96,0.987833544029,36.0,32.0,0.96,0.987833544029,36.0,32.0,0.96,0.987833544029,36.0,32.0,custom_states,False,False,False,,
cycle4,cycle,4,monomial_full,sup012_P120_ph002,True,True,0.0,1.0,127.0,133.4,8.71,340.0,351.2,84.0,85.2,128.0,"{'rz': 107, 'sx': 84, 'rx': 65, 'cz': 45, 'rzz': 39, 'barrier': 8}",5,5,0,ok,,39.0,36.0,ok,,0.96,0.987833544029,36.0,32.0,0.96,0.987833544029,36.0,32.0,0.96,0.987833544029,36.0,32.0,custom_states,False,False,False,,
cycle4,cycle,4,monomial_full,sup012_P120_ph010,True,True,0.0,1.0,127.0,133.4,8.71,343.0,354.0,84.0,85.2,128.0,"{'rz': 109, 'sx': 84, 'rx': 66, 'cz': 45, 'rzz': 39, 'barrier': 8}",5,5,0,ok,,39.0,36.0,ok,,0.96,0.987833544029,36.0,32.0,0.96,0.987833544029,36.0,32.0,0.96,0.987833544029,36.0,32.0,custom_states,False,False,False,,
cycle4,cycle,4,monomial_full,sup012_P120_ph011,True,True,0.0,1.0,127.0,133.0,8.0,338.0,349.0,84.0,85.2,128.0,"{'rz': 104, 'sx': 84, 'rx': 66, 'cz': 45, 'rzz': 39, 'barrier': 8}",5,5,0,ok,,39.0,36.0,ok,,0.95,0.987833544029,36.0,32.0,0.95,0.987833544029,36.0,32.0,0.95,0.987833544029,36.0,32.0,custom_states,False,False,False,,
cycle4,cycle,4,monomial_full,sup012_P120_ph012,True,True,0.0,1.0,127.0,133.4,8.71,342.0,352.4,84.0,85.2,128.0,"{'rz': 108, 'sx': 84, 'rx': 66, 'cz': 45, 'rzz': 39, 'barrier': 8}",5,5,0,ok,,39.0,36.0,ok,,0.96,0.960540293215,36.0,32.0,0.96,0.960540293215,36.0,32.0,0.96,0.960540293215,36.0,32.0,custom_states,False,False,False,,
cycle4,cycle,4,monomial_full,sup012_P120_ph020,True,True,0.0,1.0,126.0,132.6,9.07,339.0,350.4,84.0,85.2,128.0,"{'rz': 107, 'sx': 84, 'rx': 64, 'cz': 45, 'rzz': 39, 'barrier': 8}",5,5,0,ok,,39.0,36.0,ok,,0.95,0.960571637118,36.0,32.0,0.95,0.960571637118,36.0,32.0,0.95,0.960571637118,36.0,32.0,custom_states,False,False,False,,
cycle4,cycle,4,monomial_full,sup012_P120_ph021,True,True,0.0,1.0,127.0,133.2,8.35,344.0,355.0,84.0,85.2,128.0,"{'rz': 108, 'sx': 84, 'rx': 68, 'cz': 45, 'rzz': 39, 'barrier': 8}",5,5,0,ok,,39.0,36.0,ok,,0.95,0.958838083933,36.0,32.0,0.95,0.958838083933,36.0,32.0,0.95,0.958838083933,36.0,32.0,custom_states,False,False,False,,
cycle4,cycle,4,monomial_full,sup012_P120_ph022,True,True,0.0,1.0,127.0,133.0,8.0,342.0,353.0,84.0,85.2,128.0,"{'rz': 108, 'sx': 84, 'rx': 66, 'cz': 45, 'rzz': 39, 'barrier': 8}",5,5,0,ok,,39.0,36.0,ok,,0.96,0.960367306227,36.0,32.0,0.96,0.960367306227,36.0,32.0,0.96,0.960367306227,36.0,32.0,custom_states,False,False,False,,
cycle4,cycle,4,monomial_full,sup012_P120_ph100,True,True,0.0,1.0,127.0,133.4,8.71,340.0,351.2,84.0,85.2,128.0,"{'rz': 107, 'sx': 84, 'rx': 65, 'cz': 45, 'rzz': 39, 'barrier': 8}",5,5,0,ok,,39.0,36.0,ok,,0.96,0.908524512944,36.0,32.0,0.96,0.908524512944,36.0,32.0,0.99,0.96052020776,36.0,32.0,custom_states,False,False,False,,
cycle4,cycle,4,monomial_full,sup012_P120_ph101,True,True,0.0,1.0,127.0,133.0,8.0,342.0,352.6,84.0,85.2,128.0,"{'rz': 108, 'sx': 84, 'rx': 66, 'cz': 45, 'rzz': 39, 'barrier': 8}",5,5,0,ok,,39.0,36.0,ok,,0.95,0.987833544029,34.0,32.0,0.95,0.987833544029,34.0,32.0,0.95,0.987833544029,34.0,32.0,custom_states,False,False,False,,
cycle4,cycle,4,monomial_full,sup012_P120_ph102,True,True,0.0,1.0,127.0,133.4,8.71,344.0,354.6,84.0,85.2,128.0,"{'rz': 109, 'sx': 84, 'rx': 67, 'cz': 45, 'rzz': 39, 'barrier': 8}",5,5,0,ok,,39.0,36.0,ok,,0.98,0.960571637118,35.0,32.0,0.98,0.960571637118,35.0,32.0,0.98,0.960571637118,35.0,32.0,custom_states,False,False,False,,
cycle4,cycle,4,monomial_full,sup012_P120_ph110,True,True,0.0,1.0,127.0,133.2,8.35,345.0,355.2,84.0,85.2,128.0,"{'rz': 108, 'sx': 84, 'rx': 69, 'cz': 45, 'rzz': 39, 'barrier': 8}",5,5,0,ok,,39.0,36.0,ok,,0.96,0.987833544029,36.0,32.0,0.96,0.987833544029,36.0,32.0,0.96,0.987833544029,36.0,32.0,custom_states,False,False,False,,
cycle4,cycle,4,monomial_full,sup012_P120_ph111,True,True,0.0,1.0,127.0,133.4,8.71,343.0,354.0,84.0,85.2,128.0,"{'rz': 109, 'sx': 84, 'rx': 66, 'cz': 45, 'rzz': 39, 'barrier': 8}",5,5,0,ok,,39.0,36.0,ok,,0.96,0.933327492289,36.0,32.0,0.96,0.933327492289,36.0,32.0,,,,,custom_states,False,False,False,,
cycle4,cycle,4,monomial_full,sup012_P120_ph112,True,True,0.0,1.0,126.0,132.6,9.07,339.0,350.0,84.0,85.2,128.0,"{'rz': 105, 'sx': 84, 'rx': 66, 'cz': 45, 'rzz': 39, 'barrier': 8}",5,5,0,ok,,39.0,36.0,ok,,0.95,0.987833544029,36.0,32.0,0.95,0.987833544029,36.0,32.0,0.95,0.987833544029,36.0,32.0,custom_states,False,False,False,,
cycle4,cycle,4,monomial_full,sup012_P120_ph120,True,True,0.0,1.0,127.0,133.4,8.71,344.0,354.6,84.0,85.2,128.0,"{'rz': 109, 'sx': 84, 'rx': 67, 'cz': 45, 'rzz': 39, 'barrier': 8}",5,5,0,ok,,39.0,36.0,ok,,0.95,0.907873507228,36.0,32.0,0.95,0.907873507228,36.0,32.0,,,,,custom_states,False,False,False,,
cycle4,cycle,4,monomial_full,sup012_P120_ph121,True,True,0.0,1.0,125.0,131.8,9.15,336.0,346.6,84.0,85.2,128.0,"{'rz': 102, 'sx': 84, 'rx': 66, 'cz': 45, 'rzz': 39, 'barrier': 8}",5,5,0,ok,,38.0,36.0,ok,,0.95,0.96058258366,35.0,32.0,0.95,0.96058258366,35.0,32.0,0.95,0.96058258366,35.0,32.0,custom_states,False,False,False,,
cycle4,cycle,4,monomial_full,sup012_P120_ph122,True,True,0.0,1.0,127.0,133.4,8.71,344.0,354.6,84.0,85.2,128.0,"{'rz': 109, 'sx': 84, 'rx': 67, 'cz': 45, 'rzz': 39, 'barrier': 8}",5,5,0,ok,,39.0,36.0,ok,,0.98,0.987833544029,36.0,32.0,0.98,0.987833544029,36.0,32.0,0.98,0.987833544029,36.0,32.0,custom_states,False,False,False,,
cycle4,cycle,4,monomial_full,sup012_P120_ph200,True,True,0.0,1.0,127.0,133.4,8.71,344.0,354.6,84.0,85.2,128.0,"{'rz': 109, 'sx': 84, 'rx': 67, 'cz': 45, 'rzz': 39, 'barrier': 8}",5,5,0,ok,,39.0,36.0,ok,,0.95,0.960432594409,36.0,32.0,0.95,0.960432594409,36.0,32.0,0.95,0.960432594409,36.0,32.0,custom_states,False,False,False,,
cycle4,cycle,4,monomial_full,sup012_P120_ph201,True,True,0.0,1.0,127.0,133.4,8.71,344.0,354.8,84.0,85.2,128.0,"{'rz': 108, 'sx': 84, 'rx': 68, 'cz': 45, 'rzz': 39, 'barrier': 8}",5,5,0,ok,,39.0,36.0,ok,,0.95,0.95551776111,35.0,32.0,0.95,0.95551776111,35.0,32.0,0.95,0.95551776111,35.0,32.0,custom_states,False,False,False,,
cycle4,cycle,4,monomial_full,sup012_P120_ph202,True,True,0.0,1.0,127.0,133.0,8.0,341.0,352.0,84.0,85.2,128.0,"{'rz': 107, 'sx': 84, 'rx': 66, 'cz': 45, 'rzz': 39, 'barrier': 8}",5,5,0,ok,,39.0,36.0,ok,,0.96,0.960367306227,36.0,32.0,0.96,0.960367306227,36.0,32.0,0.96,0.960367306227,36.0,32.0,custom_states,False,False,False,,
cycle4,cycle,4,monomial_full,sup012_P120_ph210,True,True,0.0,1.0,127.0,133.4,8.71,343.0,353.8,84.0,85.2,128.0,"{'rz': 106, 'sx': 84, 'rx': 69, 'cz': 45, 'rzz': 39, 'barrier': 8}",5,5,0,ok,,39.0,36.0,ok,,0.95,0.987833544029,36.0,32.0,0.95,0.987833544029,36.0,32.0,0.95,0.987833544029,36.0,32.0,custom_states,False,False,False,,
cycle4,cycle,4,monomial_full,sup012_P120_ph211,True,True,0.0,1.0,127.0,133.4,8.71,344.0,354.6,84.0,85.2,128.0,"{'rz': 109, 'sx': 84, 'rx': 67, 'cz': 45, 'rzz': 39, 'barrier': 8}",5,5,0,ok,,39.0,36.0,ok,,0.95,0.96073405125,36.0,32.0,0.95,0.96073405125,36.0,32.0,0.95,0.96073405125,36.0,32.0,custom_states,False,False,False,,
cycle4,cycle,4,monomial_full,sup012_P120_ph212,True,True,0.0,1.0,127.0,133.4,8.71,344.0,354.6,84.0,85.2,128.0,"{'rz': 109, 'sx': 84, 'rx': 67, 'cz': 45, 'rzz': 39, 'barrier': 8}",5,5,0,ok,,39.0,36.0,ok,,0.98,0.987833544029,35.0,32.0,0.98,0.987833544029,35.0,32.0,0.98,0.987833544029,35.0,32.0,custom_states,False,False,False,,
cycle4,cycle,4,monomial_full,sup012_P120_ph220,True,True,0.0,1.0,127.0,133.4,8.71,345.0,355.4,84.0,85.2,128.0,"{'rz': 108, 'sx': 84, 'rx': 69, 'cz': 45, 'rzz': 39, 'barrier': 8}",5,5,0,ok,,39.0,36.0,ok,,0.96,0.960367306227,36.0,32.0,0.96,0.960367306227,36.0,32.0,0.96,0.960367306227,36.0,32.0,custom_states,False,False,False,,
cycle4,cycle,4,monomial_full,sup012_P120_ph221,True,True,0.0,1.0,127.0,133.2,8.35,342.0,353.2,84.0,85.2,128.0,"{'rz': 108, 'sx': 84, 'rx': 66, 'cz': 45, 'rzz': 39, 'barrier': 8}",5,5,0,ok,,39.0,36.0,ok,,0.95,0.851973490172,36.0,32.0,0.98,0.930166746771,36.0,32.0,,,,,custom_states,False,False,False,,
cycle4,cycle,4,monomial_full,sup012_P120_ph222,True,True,0.0,1.0,127.0,133.4,8.71,340.0,351.2,84.0,85.2,128.0,"{'rz': 107, 'sx': 84, 'rx': 65, 'cz': 45, 'rzz': 39, 'barrier': 8}",5,5,0,ok,,39.0,36.0,ok,,0.96,0.987833544029,36.0,32.0,0.96,0.987833544029,36.0,32.0,0.96,0.987833544029,36.0,32.0,custom_states,False,False,False,,
cycle4,cycle,4,monomial_full,sup012_P201_ph000,True,True,0.0,1.0,127.0,133.8,9.43,346.0,356.0,84.0,85.2,128.0,"{'rz': 108, 'sx': 84, 'rx': 70, 'cz': 45, 'rzz': 39, 'barrier': 8}",5,5,0,ok,,39.0,36.0,ok,,0.96,0.960571637118,36.0,32.0,0.96,0.960571637118,36.0,32.0,0.96,0.960571637118,36.0,32.0,custom_states,False,False,False,,
cycle4,cycle,4,monomial_full,sup012_P201_ph001,True,True,0.0,1.0,129.0,135.2,8.63,352.0,361.6,84.0,85.2,128.0,"{'rz': 114, 'sx': 84, 'rx': 70, 'cz': 45, 'rzz': 39, 'barrier': 8}",5,5,0,ok,,39.0,36.0,ok,,0.95,0.960771801599,36.0,32.0,0.95,0.960771801599,36.0,32.0,0.95,0.960771801599,36.0,32.0,custom_states,False,False,False,,
cycle4,cycle,4,monomial_full,sup012_P201_ph002,True,True,0.0,1.0,129.0,135.2,8.63,352.0,361.6,84.0,85.2,128.0,"{'rz': 114, 'sx': 84, 'rx': 70, 'cz': 45, 'rzz': 39, 'barrier': 8}",5,5,0,ok,,39.0,36.0,ok,,0.96,0.987833544029,36.0,32.0,0.96,0.987833544029,36.0,32.0,0.96,0.987833544029,36.0,32.0,custom_states,False,False,False,,
cycle4,cycle,4,monomial_full,sup012_P201_ph010,True,True,0.0,1.0,129.0,135.2,8.63,352.0,361.6,84.0,85.2,128.0,"{'rz': 114, 'sx': 84, 'rx': 70, 'cz': 45, 'rzz': 39, 'barrier': 8}",5,5,0,ok,,39.0,36.0,ok,,0.95,0.921577429336,35.0,32.0,0.95,0.921577429336,35.0,32.0,0.99,0.987833544029,36.0,32.0,custom_states,False,False,False,,
cycle4,cycle,4,monomial_full,sup012_P201_ph011,True,True,0.0,1.0,127.0,134.0,9.51,350.0,360.0,84.0,85.2,128.0,"{'rz': 113, 'sx': 84, 'rx': 69, 'cz': 45, 'rzz': 39, 'barrier': 8}",5,5,0,ok,,39.0,36.0,ok,,0.95,0.987833544029,36.0,32.0,0.95,0.987833544029,36.0,32.0,0.95,0.987833544029,36.0,32.0,custom_states,False,False,False,,
cycle4,cycle,4,monomial_full,sup012_P201_ph012,True,True,0.0,1.0,127.0,133.2,8.63,347.0,357.0,84.0,85.2,128.0,"{'rz': 111, 'sx': 84, 'rx': 68, 'cz': 45, 'rzz': 39, 'barrier': 8}",5,5,0,ok,,39.0,36.0,ok,,0.95,0.987833544029,36.0,32.0,0.95,0.987833544029,36.0,32.0,0.95,0.987833544029,36.0,32.0,custom_states,False,False,False,,
cycle4,cycle,4,monomial_full,sup012_P201_ph020,True,True,0.0,1.0,127.0,133.4,8.71,346.0,355.8,84.0,85.2,128.0,"{'rz': 108, 'sx': 84, 'rx': 70, 'cz': 45, 'rzz': 39, 'barrier': 8}",5,5,0,ok,,37.0,36.0,ok,,0.95,0.987833544029,34.0,32.0,0.95,0.987833544029,34.0,32.0,0.95,0.987833544029,34.0,32.0,custom_states,False,False,False,,
cycle4,cycle,4,monomial_full,sup012_P201_ph021,True,True,0.0,1.0,127.0,133.6,9.37,346.0,356.6,84.0,85.2,128.0,"{'rz': 110, 'sx': 84, 'rx': 68, 'cz': 45, 'rzz': 39, 'barrier': 8}",5,5,0,ok,,39.0,36.0,ok,,0.96,0.960515976483,36.0,32.0,0.96,0.960515976483,36.0,32.0,0.96,0.960515976483,36.0,32.0,custom_states,False,False,False,,
cycle4,cycle,4,monomial_full,sup012_P201_ph022,True,True,0.0,1.0,126.0,133.4,9.95,346.0,356.2,84.0,85.2,128.0,"{'rz': 109, 'sx': 84, 'rx': 69, 'cz': 45, 'rzz': 39, 'barrier': 8}",5,5,0,ok,,39.0,36.0,ok,,0.95,0.987833544029,36.0,32.0,0.95,0.987833544029,36.0,32.0,0.95,0.987833544029,36.0,32.0,custom_states,False,False,False,,
cycle4,cycle,4,monomial_full,sup012_P201_ph100,True,True,0.0,1.0,129.0,134.6,7.55,351.0,360.0,84.0,85.2,128.0,"{'rz': 113, 'sx': 84, 'rx': 70, 'cz': 45, 'rzz': 39, 'barrier': 8}",5,5,0,ok,,39.0,36.0,ok,,0.95,0.987833544029,36.0,32.0,0.95,0.987833544029,36.0,32.0,0.95,0.987833544029,36.0,32.0,custom_states,False,False,False,,
cycle4,cycle,4,monomial_full,sup012_P201_ph101,True,True,0.0,1.0,126.0,132.0,8.27,342.0,352.0,84.0,85.2,128.0,"{'rz': 106, 'sx': 84, 'rx': 68, 'cz': 45, 'rzz': 39, 'barrier': 8}",5,5,0,ok,,38.0,36.0,ok,,0.95,0.96058258366,35.0,32.0,0.95,0.96058258366,35.0,32.0,0.95,0.96058258366,35.0,32.0,custom_states,False,False,False,,
cycle4,cycle,4,monomial_full,sup012_P201_ph102,True,True,0.0,1.0,127.0,133.6,8.8,347.0,356.8,84.0,85.2,128.0,"{'rz': 110, 'sx': 84, 'rx': 69, 'cz': 45, 'rzz': 39, 'barrier': 8}",5,5,0,ok,,39.0,36.0,ok,,0.95,0.987833544029,36.0,32.0,0.95,0.987833544029,36.0,32.0,0.95,0.987833544029,36.0,32.0,custom_states,False,False,False,,
cycle4,cycle,4,monomial_full,sup012_P201_ph110,True,True,0.0,1.0,126.0,132.6,9.07,343.0,353.2,84.0,85.2,128.0,"{'rz': 107, 'sx': 84, 'rx': 68, 'cz': 45, 'rzz': 39, 'barrier': 8}",5,5,0,ok,,39.0,36.0,ok,,0.95,0.96058258366,36.0,32.0,0.95,0.96058258366,36.0,32.0,0.95,0.96058258366,36.0,32.0,custom_states,False,False,False,,
cycle4,cycle,4,monomial_full,sup012_P201_ph111,True,True,0.0,1.0,129.0,135.2,8.63,352.0,361.6,84.0,85.2,128.0,"{'rz': 114, 'sx': 84, 'rx': 70, 'cz': 45, 'rzz': 39, 'barrier': 8}",5,5,0,ok,,39.0,36.0,ok,,0.96,0.960398331779,36.0,32.0,0.96,0.960398331779,36.0,32.0,0.96,0.960398331779,36.0,32.0,custom_states,False,False,False,,
cycle4,cycle,4,monomial_full,sup012_P201_ph112,True,True,0.0,1.0,128.0,134.6,9.07,349.0,359.0,84.0,85.2,128.0,"{'rz': 111, 'sx': 84, 'rx': 70, 'cz': 45, 'rzz': 39, 'barrier': 8}",5,5,0,ok,,38.0,36.0,ok,,0.95,0.960744114244,35.0,32.0,0.95,0.960744114244,35.0,32.0,0.95,0.960744114244,35.0,32.0,custom_states,False,False,False,,
cycle4,cycle,4,monomial_full,sup012_P201_ph120,True,True,0.0,1.0,129.0,135.2,8.63,352.0,361.6,84.0,85.2,128.0,"{'rz': 114, 'sx': 84, 'rx': 70, 'cz': 45, 'rzz': 39, 'barrier': 8}",5,5,0,ok,,39.0,36.0,ok,,0.96,0.960771801599,36.0,32.0,0.96,0.960771801599,36.0,32.0,0.96,0.960771801599,36.0,32.0,custom_states,False,False,False,,
cycle4,cycle,4,monomial_full,sup012_P201_ph121,True,True,0.0,1.0,127.0,133.8,9.15,350.0,359.6,84.0,85.2,128.0,"{'rz': 113, 'sx': 84, 'rx': 69, 'cz': 45, 'rzz': 39, 'barrier': 8}",5,5,0,ok,,39.0,36.0,ok,,0.96,0.987833544029,36.0,32.0,0.96,0.987833544029,36.0,32.0,0.96,0.987833544029,36.0,32.0,custom_states,False,False,False,,
cycle4,cycle,4,monomial_full,sup012_P201_ph122,True,True,0.0,1.0,128.0,134.4,9.0,348.0,358.8,84.0,85.2,128.0,"{'rz': 110, 'sx': 84, 'rx': 70, 'cz': 45, 'rzz': 39, 'barrier': 8}",5,5,0,ok,,39.0,36.0,ok,,0.99,0.915188058029,36.0,32.0,0.99,0.915188058029,36.0,32.0,,,,,custom_states,False,False,False,,
cycle4,cycle,4,monomial_full,sup012_P201_ph200,True,True,0.0,1.0,129.0,135.2,8.63,352.0,361.6,84.0,85.2,128.0,"{'rz': 114, 'sx': 84, 'rx': 70, 'cz': 45, 'rzz': 39, 'barrier': 8}",5,5,0,ok,,39.0,36.0,ok,,0.95,0.987833544029,34.0,32.0,0.95,0.987833544029,34.0,32.0,0.95,0.987833544029,34.0,32.0,custom_states,False,False,False,,
cycle4,cycle,4,monomial_full,sup012_P201_ph201,True,True,0.0,1.0,127.0,134.0,9.51,347.0,357.0,84.0,85.2,128.0,"{'rz': 110, 'sx': 84, 'rx': 69, 'cz': 45, 'rzz': 39, 'barrier': 8}",5,5,0,ok,,39.0,36.0,ok,,0.95,0.987833544029,36.0,32.0,0.95,0.987833544029,36.0,32.0,0.95,0.987833544029,36.0,32.0,custom_states,False,False,False,,
cycle4,cycle,4,monomial_full,sup012_P201_ph202,True,True,0.0,1.0,126.0,131.8,7.91,341.0,351.8,84.0,85.2,128.0,"{'rz': 106, 'sx': 84, 'rx': 67, 'cz': 45, 'rzz': 39, 'barrier': 8}",5,5,0,ok,,38.0,36.0,ok,,0.95,0.987833544029,35.0,32.0,0.95,0.987833544029,35.0,32.0,0.95,0.987833544029,35.0,32.0,custom_states,False,False,False,,
cycle4,cycle,4,monomial_full,sup012_P201_ph210,True,True,0.0,1.0,129.0,135.2,8.63,352.0,361.6,84.0,85.2,128.0,"{'rz': 114, 'sx': 84, 'rx': 70, 'cz': 45, 'rzz': 39, 'barrier': 8}",5,5,0,ok,,39.0,36.0,ok,,0.96,0.960744114244,36.0,32.0,0.96,0.960744114244,36.0,32.0,0.96,0.960744114244,36.0,32.0,custom_states,False,False,False,,
cycle4,cycle,4,monomial_full,sup012_P201_ph211,True,True,0.0,1.0,128.0,134.4,9.0,348.0,358.8,84.0,85.2,128.0,"{'rz': 110, 'sx': 84, 'rx': 70, 'cz': 45, 'rzz': 39, 'barrier': 8}",5,5,0,ok,,39.0,36.0,ok,,0.96,0.93267436837,35.0,32.0,0.96,0.93267436837,35.0,32.0,,,,,custom_states,False,False,False,,
cycle4,cycle,4,monomial_full,sup012_P201_ph212,True,True,0.0,1.0,127.0,134.0,9.51,348.0,358.2,84.0,85.2,128.0,"{'rz': 111, 'sx': 84, 'rx': 69, 'cz': 45, 'rzz': 39, 'barrier': 8}",5,5,0,ok,,39.0,36.0,ok,,0.95,0.960771801599,36.0,32.0,0.95,0.960771801599,36.0,32.0,0.95,0.960771801599,36.0,32.0,custom_states,False,False,False,,
cycle4,cycle,4,monomial_full,sup012_P201_ph220,True,True,0.0,1.0,124.0,131.4,9.95,341.0,351.6,84.0,85.2,128.0,"{'rz': 106, 'sx': 84, 'rx': 67, 'cz': 45, 'rzz': 39, 'barrier': 8}",5,5,0,ok,,39.0,36.0,ok,,0.95,0.987833544029,36.0,32.0,0.95,0.987833544029,36.0,32.0,0.95,0.987833544029,36.0,32.0,custom_states,False,False,False,,
cycle4,cycle,4,monomial_full,sup012_P201_ph221,True,True,0.0,1.0,129.0,135.2,8.63,352.0,361.6,84.0,85.2,128.0,"{'rz': 114, 'sx': 84, 'rx': 70, 'cz': 45, 'rzz': 39, 'barrier': 8}",5,5,0,ok,,39.0,36.0,ok,,0.96,0.929164895872,35.0,32.0,0.96,0.929164895872,35.0,32.0,,,,,custom_states,False,False,False,,
cycle4,cycle,4,monomial_full,sup012_P201_ph222,True,True,0.0,1.0,129.0,135.2,8.63,352.0,361.6,84.0,85.2,128.0,"{'rz': 114, 'sx': 84, 'rx': 70, 'cz': 45, 'rzz': 39, 'barrier': 8}",5,5,0,ok,,39.0,36.0,ok,,0.95,0.987833544029,36.0,32.0,0.95,0.987833544029,36.0,32.0,0.95,0.987833544029,36.0,32.0,custom_states,False,False,False,,
cycle4,cycle,4,monomial_full,sup012_P210_ph000,True,True,0.0,1.0,120.0,126.4,7.94,320.0,329.4,80.0,81.2,128.0,"{'rz': 94, 'sx': 84, 'rx': 62, 'cz': 49, 'rzz': 31, 'barrier': 8}",5,5,0,ok,,34.0,32.0,ok,,0.96,0.987833544029,31.0,28.0,0.96,0.987833544029,31.0,28.0,0.96,0.987833544029,31.0,28.0,custom_states,False,False,False,,
cycle4,cycle,4,monomial_full,sup012_P210_ph001,True,True,0.0,1.0,120.0,126.0,7.38,314.0,323.6,80.0,81.2,128.0,"{'rz': 95, 'sx': 84, 'rx': 55, 'cz': 49, 'rzz': 31, 'barrier': 8}",5,5,0,ok,,34.0,32.0,ok,,0.96,0.987833544029,31.0,28.0,0.96,0.987833544029,31.0,28.0,0.96,0.987833544029,31.0,28.0,custom_states,False,False,False,,
cycle4,cycle,4,monomial_full,sup012_P210_ph002,True,True,0.0,1.0,120.0,126.0,7.38,311.0,321.0,80.0,81.2,128.0,"{'rz': 92, 'sx': 84, 'rx': 55, 'cz': 49, 'rzz': 31, 'barrier': 8}",5,5,0,ok,,34.0,32.0,ok,,0.96,0.987833544029,31.0,28.0,0.96,0.987833544029,31.0,28.0,0.96,0.987833544029,31.0,28.0,custom_states,False,False,False,,
cycle4,cycle,4,monomial_full,sup012_P210_ph010,True,True,0.0,1.0,120.0,126.0,7.38,314.0,323.6,80.0,81.2,128.0,"{'rz': 95, 'sx': 84, 'rx': 55, 'cz': 49, 'rzz': 31, 'barrier': 8}",5,5,0,ok,,34.0,32.0,ok,,0.95,0.987833544029,31.0,28.0,0.95,0.987833544029,31.0,28.0,0.95,0.987833544029,31.0,28.0,custom_states,False,False,False,,
cycle4,cycle,4,monomial_full,sup012_P210_ph011,True,True,0.0,1.0,121.0,126.6,6.89,315.0,324.2,80.0,81.2,128.0,"{'rz': 96, 'sx': 84, 'rx': 55, 'cz': 49, 'rzz': 31, 'barrier': 8}",5,5,0,ok,,34.0,32.0,ok,,0.95,0.987833544029,31.0,28.0,0.95,0.987833544029,31.0,28.0,0.95,0.987833544029,31.0,28.0,custom_states,False,False,False,,
cycle4,cycle,4,monomial_full,sup012_P210_ph012,True,True,0.0,1.0,120.0,126.0,7.38,314.0,323.6,80.0,81.2,128.0,"{'rz': 95, 'sx': 84, 'rx': 55, 'cz': 49, 'rzz': 31, 'barrier': 8}",5,5,0,ok,,34.0,32.0,ok,,0.96,0.987833544029,31.0,28.0,0.96,0.987833544029,31.0,28.0,0.96,0.987833544029,31.0,28.0,custom_states,False,False,False,,
cycle4,cycle,4,monomial_full,sup012_P210_ph020,True,True,0.0,1.0,121.0,127.0,7.46,324.0,333.4,80.0,81.2,128.0,"{'rz': 98, 'sx': 84, 'rx': 62, 'cz': 49, 'rzz': 31, 'barrier': 8}",5,5,0,ok,,34.0,32.0,ok,,0.96,0.987833544029,31.0,28.0,0.96,0.987833544029,31.0,28.0,0.96,0.987833544029,31.0,28.0,custom_states,False,False,False,,
cycle4,cycle,4,monomial_full,sup012_P210_ph021,True,True,0.0,1.0,121.0,127.0,7.46,324.0,333.4,80.0,81.2,128.0,"{'rz': 98, 'sx': 84, 'rx': 62, 'cz': 49, 'rzz': 31, 'barrier': 8}",5,5,0,ok,,34.0,32.0,ok,,0.96,0.987833544029,31.0,28.0,0.96,0.987833544029,31.0,28.0,0.96,0.987833544029,31.0,28.0,custom_states,False,False,False,,
cycle4,cycle,4,monomial_full,sup012_P210_ph022,True,True,0.0,1.0,120.0,126.0,7.38,313.0,322.2,80.0,81.2,128.0,"{'rz': 94, 'sx': 84, 'rx': 55, 'cz': 49, 'rzz': 31, 'barrier': 8}",5,5,0,ok,,34.0,32.0,ok,,0.97,0.987833544029,31.0,28.0,0.97,0.987833544029,31.0,28.0,0.97,0.987833544029,31.0,28.0,custom_states,False,False,False,,
cycle4,cycle,4,monomial_full,sup012_P210_ph100,True,True,0.0,1.0,120.0,126.0,7.38,314.0,323.6,80.0,81.2,128.0,"{'rz': 95, 'sx': 84, 'rx': 55, 'cz': 49, 'rzz': 31, 'barrier': 8}",5,5,0,ok,,34.0,32.0,ok,,0.96,0.987833544029,31.0,28.0,0.96,0.987833544029,31.0,28.0,0.96,0.987833544029,31.0,28.0,custom_states,False,False,False,,
cycle4,cycle,4,monomial_full,sup012_P210_ph101,True,True,0.0,1.0,120.0,126.0,7.38,311.0,321.0,80.0,81.2,128.0,"{'rz': 92, 'sx': 84, 'rx': 55, 'cz': 49, 'rzz': 31, 'barrier': 8}",5,5,0,ok,,34.0,32.0,ok,,0.95,0.987833544029,31.0,28.0,0.95,0.987833544029,31.0,28.0,0.95,0.987833544029,31.0,28.0,custom_states,False,False,False,,
cycle4,cycle,4,monomial_full,sup012_P210_ph102,True,True,0.0,1.0,121.0,127.0,7.46,324.0,333.4,80.0,81.2,128.0,"{'rz': 98, 'sx': 84, 'rx': 62, 'cz': 49, 'rzz': 31, 'barrier': 8}",5,5,0,ok,,34.0,32.0,ok,,0.96,0.987833544029,31.0,28.0,0.96,0.987833544029,31.0,28.0,0.96,0.987833544029,31.0,28.0,custom_states,False,False,False,,
cycle4,cycle,4,monomial_full,sup012_P210_ph110,True,True,0.0,1.0,120.0,126.4,7.94,320.0,329.4,80.0,81.2,128.0,"{'rz': 94, 'sx': 84, 'rx': 62, 'cz': 49, 'rzz': 31, 'barrier': 8}",5,5,0,ok,,34.0,32.0,ok,,0.96,0.987833544029,31.0,28.0,0.96,0.987833544029,31.0,28.0,0.96,0.987833544029,31.0,28.0,custom_states,False,False,False,,
cycle4,cycle,4,monomial_full,sup012_P210_ph111,True,True,0.0,1.0,120.0,126.0,7.38,314.0,323.6,80.0,81.2,128.0,"{'rz': 95, 'sx': 84, 'rx': 55, 'cz': 49, 'rzz': 31, 'barrier': 8}",5,5,0,ok,,34.0,32.0,ok,,0.95,0.8653185532,31.0,28.0,0.98,0.987833544029,31.0,28.0,0.98,0.987833544029,31.0,28.0,custom_states,False,False,False,,
cycle4,cycle,4,monomial_full,sup012_P210_ph112,True,True,0.0,1.0,121.0,127.0,7.46,324.0,333.4,80.0,81.2,128.0,"{'rz': 98, 'sx': 84, 'rx': 62, 'cz': 49, 'rzz': 31, 'barrier': 8}",5,5,0,ok,,34.0,32.0,ok,,0.95,0.987833544029,31.0,28.0,0.95,0.987833544029,31.0,28.0,0.95,0.987833544029,31.0,28.0,custom_states,False,False,False,,
cycle4,cycle,4,monomial_full,sup012_P210_ph120,True,True,0.0,1.0,120.0,126.0,7.38,314.0,323.6,80.0,81.2,128.0,"{'rz': 95, 'sx': 84, 'rx': 55, 'cz': 49, 'rzz': 31, 'barrier': 8}",5,5,0,ok,,34.0,32.0,ok,,0.95,0.987833544029,31.0,28.0,0.95,0.987833544029,31.0,28.0,0.95,0.987833544029,31.0,28.0,custom_states,False,False,False,,
cycle4,cycle,4,monomial_full,sup012_P210_ph121,True,True,0.0,1.0,120.0,126.0,7.38,313.0,322.2,80.0,81.2,128.0,"{'rz': 94, 'sx': 84, 'rx': 55, 'cz': 49, 'rzz': 31, 'barrier': 8}",5,5,0,ok,,34.0,32.0,ok,,0.96,0.987833544029,31.0,28.0,0.96,0.987833544029,31.0,28.0,0.96,0.987833544029,31.0,28.0,custom_states,False,False,False,,
cycle4,cycle,4,monomial_full,sup012_P210_ph122,True,True,0.0,1.0,121.0,127.0,7.46,324.0,333.4,80.0,81.2,128.0,"{'rz': 98, 'sx': 84, 'rx': 62, 'cz': 49, 'rzz': 31, 'barrier': 8}",5,5,0,ok,,34.0,32.0,ok,,0.96,0.987833544029,31.0,28.0,0.96,0.987833544029,31.0,28.0,0.96,0.987833544029,31.0,28.0,custom_states,False,False,False,,
cycle4,cycle,4,monomial_full,sup012_P210_ph200,True,True,0.0,1.0,120.0,126.0,7.38,311.0,321.0,80.0,81.2,128.0,"{'rz': 92, 'sx': 84, 'rx': 55, 'cz': 49, 'rzz': 31, 'barrier': 8}",5,5,0,ok,,34.0,32.0,ok,,0.96,0.987833544029,31.0,28.0,0.96,0.987833544029,31.0,28.0,0.96,0.987833544029,31.0,28.0,custom_states,False,False,False,,
cycle4,cycle,4,monomial_full,sup012_P210_ph201,True,True,0.0,1.0,121.0,127.0,7.46,324.0,333.4,80.0,81.2,128.0,"{'rz': 98, 'sx': 84, 'rx': 62, 'cz': 49, 'rzz': 31, 'barrier': 8}",5,5,0,ok,,34.0,32.0,ok,,0.96,0.987833544029,31.0,28.0,0.96,0.987833544029,31.0,28.0,0.96,0.987833544029,31.0,28.0,custom_states,False,False,False,,
cycle4,cycle,4,monomial_full,sup012_P210_ph202,True,True,0.0,1.0,121.0,127.0,7.46,324.0,333.4,80.0,81.2,128.0,"{'rz': 98, 'sx': 84, 'rx': 62, 'cz': 49, 'rzz': 31, 'barrier': 8}",5,5,0,ok,,34.0,32.0,ok,,0.96,0.987833544029,31.0,28.0,0.96,0.987833544029,31.0,28.0,0.96,0.987833544029,31.0,28.0,custom_states,False,False,False,,
cycle4,cycle,4,monomial_full,sup012_P210_ph210,True,True,0.0,1.0,121.0,127.0,7.46,324.0,333.4,80.0,81.2,128.0,"{'rz': 98, 'sx': 84, 'rx': 62, 'cz': 49, 'rzz': 31, 'barrier': 8}",5,5,0,ok,,34.0,32.0,ok,,0.95,0.987833544029,31.0,28.0,0.95,0.987833544029,31.0,28.0,0.95,0.987833544029,31.0,28.0,custom_states,False,False,False,,
cycle4,cycle,4,monomial_full,sup012_P210_ph211,True,True,0.0,1.0,121.0,127.0,7.46,324.0,333.4,80.0,81.2,128.0,"{'rz': 98, 'sx': 84, 'rx': 62, 'cz': 49, 'rzz': 31, 'barrier': 8}",5,5,0,ok,,34.0,32.0,ok,,0.96,0.987833544029,31.0,28.0,0.96,0.987833544029,31.0,28.0,0.96,0.987833544029,31.0,28.0,custom_states,False,False,False,,
cycle4,cycle,4,monomial_full,sup012_P210_ph212,True,True,0.0,1.0,120.0,126.4,7.94,320.0,329.4,80.0,81.2,128.0,"{'rz': 94, 'sx': 84, 'rx': 62, 'cz': 49, 'rzz': 31, 'barrier': 8}",5,5,0,ok,,34.0,32.0,ok,,0.96,0.987833544029,31.0,28.0,0.96,0.987833544029,31.0,28.0,0.96,0.987833544029,31.0,28.0,custom_states,False,False,False,,
cycle4,cycle,4,monomial_full,sup012_P210_ph220,True,True,0.0,1.0,120.0,126.0,7.38,313.0,322.2,80.0,81.2,128.0,"{'rz': 94, 'sx': 85, 'rx': 54, 'cz': 49, 'rzz': 31, 'barrier': 8}",5,5,0,ok,,34.0,32.0,ok,,0.96,0.987833544029,31.0,28.0,0.96,0.987833544029,31.0,28.0,0.96,0.987833544029,31.0,28.0,custom_states,False,False,False,,
cycle4,cycle,4,monomial_full,sup012_P210_ph221,True,True,0.0,1.0,120.0,126.0,7.38,314.0,323.6,80.0,81.2,128.0,"{'rz': 95, 'sx': 84, 'rx': 55, 'cz': 49, 'rzz': 31, 'barrier': 8}",5,5,0,ok,,34.0,32.0,ok,,0.96,0.987833544029,31.0,28.0,0.96,0.987833544029,31.0,28.0,0.96,0.987833544029,31.0,28.0,custom_states,False,False,False,,
cycle4,cycle,4,monomial_full,sup012_P210_ph222,True,True,0.0,1.0,121.0,127.0,7.46,324.0,333.4,80.0,81.2,128.0,"{'rz': 98, 'sx': 84, 'rx': 62, 'cz': 49, 'rzz': 31, 'barrier': 8}",5,5,0,ok,,34.0,32.0,ok,,0.96,0.987833544029,31.0,28.0,0.96,0.987833544029,31.0,28.0,0.96,0.987833544029,31.0,28.0,custom_states,False,False,False,,
cycle4,cycle,4,monomial_full,sup013_P012_ph000,True,False,0.0,0.666667,118.0,124.8,8.42,318.0,328.4,80.0,81.2,128.0,"{'rz': 93, 'sx': 84, 'rx': 61, 'cz': 49, 'rzz': 31, 'barrier': 8}",5,5,0,ok,,34.0,32.0,ok,,0.95,0.987833544029,31.0,28.0,0.95,0.987833544029,31.0,28.0,0.95,0.987833544029,31.0,28.0,custom_states,False,False,False,,
cycle4,cycle,4,monomial_full,sup013_P012_ph001,True,False,0.0,0.666667,119.0,125.2,7.65,311.0,321.0,80.0,81.2,128.0,"{'rz': 90, 'sx': 84, 'rx': 57, 'cz': 49, 'rzz': 31, 'barrier': 8}",5,5,0,ok,,33.0,32.0,ok,,0.96,0.987833544029,30.0,28.0,0.96,0.987833544029,30.0,28.0,0.96,0.987833544029,30.0,28.0,custom_states,False,False,False,,
cycle4,cycle,4,monomial_full,sup013_P012_ph002,True,False,0.0,0.666667,120.0,126.4,8.06,321.0,331.4,80.0,81.2,128.0,"{'rz': 95, 'sx': 84, 'rx': 62, 'cz': 49, 'rzz': 31, 'barrier': 8}",5,5,0,ok,,34.0,32.0,ok,,0.95,0.987833544029,31.0,28.0,0.95,0.987833544029,31.0,28.0,0.95,0.987833544029,31.0,28.0,custom_states,False,False,False,,
cycle4,cycle,4,monomial_full,sup013_P012_ph010,True,False,0.0,0.666667,119.0,125.2,7.65,311.0,321.0,80.0,81.2,128.0,"{'rz': 90, 'sx': 84, 'rx': 57, 'cz': 49, 'rzz': 31, 'barrier': 8}",5,5,0,ok,,33.0,32.0,ok,,0.96,0.987833544029,30.0,28.0,0.96,0.987833544029,30.0,28.0,0.96,0.987833544029,30.0,28.0,custom_states,False,False,False,,
cycle4,cycle,4,monomial_full,sup013_P012_ph011,True,False,0.0,0.666667,117.0,124.4,9.33,316.0,326.6,80.0,81.2,128.0,"{'rz': 90, 'sx': 84, 'rx': 62, 'cz': 49, 'rzz': 31, 'barrier': 8}",5,5,0,ok,,34.0,32.0,ok,,0.96,0.881233609259,31.0,28.0,0.98,0.987833544029,31.0,28.0,0.98,0.987833544029,31.0,28.0,custom_states,False,False,False,,
cycle4,cycle,4,monomial_full,sup013_P012_ph012,True,False,0.0,0.666667,120.0,126.0,7.46,320.0,330.0,80.0,81.2,128.0,"{'rz': 94, 'sx': 84, 'rx': 62, 'cz': 49, 'rzz': 31, 'barrier': 8}",5,5,0,ok,,34.0,32.0,ok,,0.95,0.881233609259,31.0,28.0,0.98,0.987833544029,31.0,28.0,0.98,0.987833544029,31.0,28.0,custom_states,False,False,False,,
cycle4,cycle,4,monomial_full,sup013_P012_ph020,True,False,0.0,0.666667,120.0,125.8,7.17,314.0,323.6,80.0,81.2,128.0,"{'rz': 93, 'sx': 84, 'rx': 57, 'cz': 49, 'rzz': 31, 'barrier': 8}",5,5,0,ok,,34.0,32.0,ok,,0.96,0.862530536807,31.0,28.0,0.98,0.987833544029,31.0,28.0,0.98,0.987833544029,31.0,28.0,custom_states,False,False,False,,
cycle4,cycle,4,monomial_full,sup013_P012_ph021,True,False,0.0,0.666667,120.0,126.0,7.46,320.0,330.0,80.0,81.2,128.0,"{'rz': 94, 'sx': 84, 'rx': 62, 'cz': 49, 'rzz': 31, 'barrier': 8}",5,5,0,ok,,34.0,32.0,ok,,0.96,0.987833544029,31.0,28.0,0.96,0.987833544029,31.0,28.0,0.96,0.987833544029,31.0,28.0,custom_states,False,False,False,,
cycle4,cycle,4,monomial_full,sup013_P012_ph022,True,False,0.0,0.666667,117.0,124.0,8.63,309.0,319.4,80.0,81.2,128.0,"{'rz': 89, 'sx': 84, 'rx': 56, 'cz': 49, 'rzz': 31, 'barrier': 8}",5,5,0,ok,,33.0,32.0,ok,,0.95,0.862530536807,30.0,28.0,0.98,0.987833544029,30.0,28.0,0.98,0.987833544029,30.0,28.0,custom_states,False,False,False,,
cycle4,cycle,4,monomial_full,sup013_P012_ph100,True,False,0.0,0.666667,120.0,126.4,8.06,321.0,331.4,80.0,81.2,128.0,"{'rz': 95, 'sx': 84, 'rx': 62, 'cz': 49, 'rzz': 31, 'barrier': 8}",5,5,0,ok,,34.0,32.0,ok,,0.96,0.881233609259,31.0,28.0,0.98,0.987833544029,31.0,28.0,0.98,0.987833544029,31.0,28.0,custom_states,False,False,False,,
cycle4,cycle,4,monomial_full,sup013_P012_ph101,True,False,0.0,0.666667,120.0,126.0,7.46,320.0,330.0,80.0,81.2,128.0,"{'rz': 94, 'sx': 84, 'rx': 62, 'cz': 49, 'rzz': 31, 'barrier': 8}",5,5,0,ok,,34.0,32.0,ok,,0.96,0.881233609259,31.0,28.0,0.98,0.987833544029,31.0,28.0,0.98,0.987833544029,31.0,28.0,custom_states,False,False,False,,
cycle4,cycle,4,monomial_full,sup013_P012_ph102,True,False,0.0,0.666667,117.0,124.4,9.33,313.0,324.0,80.0,81.2,128.0,"{'rz': 87, 'sx': 84, 'rx': 62, 'cz': 49, 'rzz': 31, 'barrier': 8}",5,5,0,ok,,34.0,32.0,ok,,0.95,0.881233609259,31.0,28.0,0.98,0.987833544029,31.0,28.0,0.98,0.987833544029,31.0,28.0,custom_states,False,False,False,,
cycle4,cycle,4,monomial_full,sup013_P012_ph110,True,False,0.0,0.666667,116.0,122.6,8.09,307.0,316.6,80.0,81.2,128.0,"{'rz': 87, 'sx': 84, 'rx': 56, 'cz': 49, 'rzz': 31, 'barrier': 8}",5,5,0,ok,,33.0,32.0,ok,,0.95,0.862530536807,30.0,28.0,0.98,0.987833544029,30.0,28.0,0.98,0.987833544029,30.0,28.0,custom_states,False,False,False,,
cycle4,cycle,4,monomial_full,sup013_P012_ph111,True,False,0.0,0.666667,120.0,126.4,8.06,318.0,328.8,80.0,81.2,128.0,"{'rz': 92, 'sx': 84, 'rx': 62, 'cz': 49, 'rzz': 31, 'barrier': 8}",5,5,0,ok,,34.0,32.0,ok,,0.95,0.987833544029,31.0,28.0,0.95,0.987833544029,31.0,28.0,0.95,0.987833544029,31.0,28.0,custom_states,False,False,False,,
cycle4,cycle,4,monomial_full,sup013_P012_ph112,True,False,0.0,0.666667,120.0,126.4,8.06,321.0,331.4,80.0,81.2,128.0,"{'rz': 95, 'sx': 84, 'rx': 62, 'cz': 49, 'rzz': 31, 'barrier': 8}",5,5,0,ok,,34.0,32.0,ok,,0.96,0.987833544029,31.0,28.0,0.96,0.987833544029,31.0,28.0,0.96,0.987833544029,31.0,28.0,custom_states,False,False,False,,
cycle4,cycle,4,monomial_full,sup013_P012_ph120,True,False,0.0,0.666667,119.0,125.2,7.65,311.0,321.0,80.0,81.2,128.0,"{'rz': 90, 'sx': 84, 'rx': 57, 'cz': 49, 'rzz': 31, 'barrier': 8}",5,5,0,ok,,33.0,32.0,ok,,0.96,0.987833544029,30.0,28.0,0.96,0.987833544029,30.0,28.0,0.96,0.987833544029,30.0,28.0,custom_states,False,False,False,,
cycle4,cycle,4,monomial_full,sup013_P012_ph121,True,False,0.0,0.666667,119.0,125.2,7.65,313.0,322.8,80.0,81.2,128.0,"{'rz': 92, 'sx': 84, 'rx': 57, 'cz': 49, 'rzz': 31, 'barrier': 8}",5,5,0,ok,,34.0,32.0,ok,,0.96,0.987833544029,31.0,28.0,0.96,0.987833544029,31.0,28.0,0.96,0.987833544029,31.0,28.0,custom_states,False,False,False,,
cycle4,cycle,4,monomial_full,sup013_P012_ph122,True,False,0.0,0.666667,120.0,125.4,6.62,313.0,322.2,80.0,81.2,128.0,"{'rz': 92, 'sx': 84, 'rx': 57, 'cz': 49, 'rzz': 31, 'barrier': 8}",5,5,0,ok,,34.0,32.0,ok,,0.96,0.987833544029,31.0,28.0,0.96,0.987833544029,31.0,28.0,0.96,0.987833544029,31.0,28.0,custom_states,False,False,False,,
cycle4,cycle,4,monomial_full,sup013_P012_ph200,True,False,0.0,0.666667,120.0,126.4,8.06,318.0,328.8,80.0,81.2,128.0,"{'rz': 92, 'sx': 84, 'rx': 62, 'cz': 49, 'rzz': 31, 'barrier': 8}",5,5,0,ok,,34.0,32.0,ok,,0.96,0.987833544029,31.0,28.0,0.96,0.987833544029,31.0,28.0,0.96,0.987833544029,31.0,28.0,custom_states,False,False,False,,
cycle4,cycle,4,monomial_full,sup013_P012_ph201,True,False,0.0,0.666667,117.0,124.4,9.33,316.0,326.6,80.0,81.2,128.0,"{'rz': 90, 'sx': 84, 'rx': 62, 'cz': 49, 'rzz': 31, 'barrier': 8}",5,5,0,ok,,34.0,32.0,ok,,0.96,0.987833544029,31.0,28.0,0.96,0.987833544029,31.0,28.0,0.96,0.987833544029,31.0,28.0,custom_states,False,False,False,,
cycle4,cycle,4,monomial_full,sup013_P012_ph202,True,False,0.0,0.666667,120.0,125.4,6.62,313.0,322.2,80.0,81.2,128.0,"{'rz': 92, 'sx': 84, 'rx': 57, 'cz': 49, 'rzz': 31, 'barrier': 8}",5,5,0,ok,,34.0,32.0,ok,,0.96,0.862530536807,31.0,28.0,0.98,0.987833544029,31.0,28.0,0.98,0.987833544029,31.0,28.0,custom_states,False,False,False,,
cycle4,cycle,4,monomial_full,sup013_P012_ph210,True,False,0.0,0.666667,120.0,126.4,8.06,321.0,331.4,80.0,81.2,128.0,"{'rz': 95, 'sx': 84, 'rx': 62, 'cz': 49, 'rzz': 31, 'barrier': 8}",5,5,0,ok,,34.0,32.0,ok,,0.96,0.987833544029,31.0,28.0,0.96,0.987833544029,31.0,28.0,0.96,0.987833544029,31.0,28.0,custom_states,False,False,False,,
cycle4,cycle,4,monomial_full,sup013_P012_ph211,True,False,0.0,0.666667,120.0,126.0,7.46,320.0,330.0,80.0,81.2,128.0,"{'rz': 94, 'sx': 84, 'rx': 62, 'cz': 49, 'rzz': 31, 'barrier': 8}",5,5,0,ok,,34.0,32.0,ok,,0.95,0.987833544029,31.0,28.0,0.95,0.987833544029,31.0,28.0,0.95,0.987833544029,31.0,28.0,custom_states,False,False,False,,
cycle4,cycle,4,monomial_full,sup013_P012_ph212,True,False,0.0,0.666667,116.0,123.8,9.81,312.0,323.2,80.0,81.2,128.0,"{'rz': 87, 'sx': 84, 'rx': 61, 'cz': 49, 'rzz': 31, 'barrier': 8}",5,5,0,ok,,34.0,32.0,ok,,0.95,0.987833544029,31.0,28.0,0.95,0.987833544029,31.0,28.0,0.95,0.987833544029,31.0,28.0,custom_states,False,False,False,,
cycle4,cycle,4,monomial_full,sup013_P012_ph220,True,False,0.0,0.666667,116.0,122.6,8.09,307.0,316.6,80.0,81.2,128.0,"{'rz': 87, 'sx': 84, 'rx': 56, 'cz': 49, 'rzz': 31, 'barrier': 8}",5,5,0,ok,,33.0,32.0,ok,,0.96,0.987833544029,30.0,28.0,0.96,0.987833544029,30.0,28.0,0.96,0.987833544029,30.0,28.0,custom_states,False,False,False,,
cycle4,cycle,4,monomial_full,sup013_P012_ph221,True,False,0.0,0.666667,120.0,126.4,8.06,318.0,328.8,80.0,81.2,128.0,"{'rz': 92, 'sx': 84, 'rx': 62, 'cz': 49, 'rzz': 31, 'barrier': 8}",5,5,0,ok,,34.0,32.0,ok,,0.95,0.881233609259,31.0,28.0,0.98,0.987833544029,31.0,28.0,0.98,0.987833544029,31.0,28.0,custom_states,False,False,False,,
cycle4,cycle,4,monomial_full,sup013_P012_ph222,True,False,0.0,0.666667,120.0,125.8,7.17,314.0,323.6,80.0,81.2,128.0,"{'rz': 93, 'sx': 84, 'rx': 57, 'cz': 49, 'rzz': 31, 'barrier': 8}",5,5,0,ok,,34.0,32.0,ok,,0.96,0.987833544029,31.0,28.0,0.96,0.987833544029,31.0,28.0,0.96,0.987833544029,31.0,28.0,custom_states,False,False,False,,
cycle4,cycle,4,monomial_full,sup013_P021_ph000,True,False,0.0,0.666667,126.0,132.0,8.0,341.0,350.6,84.0,85.2,128.0,"{'rz': 104, 'sx': 84, 'rx': 69, 'cz': 45, 'rzz': 39, 'barrier': 8}",5,5,0,ok,,38.0,36.0,ok,,0.95,0.987833544029,35.0,32.0,0.95,0.987833544029,35.0,32.0,0.95,0.987833544029,35.0,32.0,custom_states,False,False,False,,
cycle4,cycle,4,monomial_full,sup013_P021_ph001,True,False,0.0,0.666667,129.0,135.2,8.63,351.0,360.8,84.0,85.2,128.0,"{'rz': 113, 'sx': 84, 'rx': 70, 'cz': 45, 'rzz': 39, 'barrier': 8}",5,5,0,ok,,39.0,36.0,ok,,0.96,0.960744114244,36.0,32.0,0.96,0.960744114244,36.0,32.0,0.96,0.960744114244,36.0,32.0,custom_states,False,False,False,,
cycle4,cycle,4,monomial_full,sup013_P021_ph002,True,False,0.0,0.666667,128.0,133.4,7.2,347.0,356.2,84.0,85.2,128.0,"{'rz': 110, 'sx': 84, 'rx': 69, 'cz': 45, 'rzz': 39, 'barrier': 8}",5,5,0,ok,,38.0,36.0,ok,,0.95,0.987833544029,35.0,32.0,0.95,0.987833544029,35.0,32.0,0.95,0.987833544029,35.0,32.0,custom_states,False,False,False,,
cycle4,cycle,4,monomial_full,sup013_P021_ph010,True,False,0.0,0.666667,128.0,134.4,9.0,350.0,360.0,84.0,85.2,128.0,"{'rz': 112, 'sx': 84, 'rx': 70, 'cz': 45, 'rzz': 39, 'barrier': 8}",5,5,0,ok,,39.0,36.0,ok,,0.95,0.92362480591,36.0,32.0,0.95,0.92362480591,36.0,32.0,,,,,custom_states,False,False,False,,
cycle4,cycle,4,monomial_full,sup013_P021_ph011,True,False,0.0,0.666667,129.0,134.6,7.55,351.0,360.0,84.0,85.2,128.0,"{'rz': 113, 'sx': 84, 'rx': 70, 'cz': 45, 'rzz': 39, 'barrier': 8}",5,5,0,ok,,39.0,36.0,ok,,0.95,0.987833544029,36.0,32.0,0.95,0.987833544029,36.0,32.0,0.95,0.987833544029,36.0,32.0,custom_states,False,False,False,,
cycle4,cycle,4,monomial_full,sup013_P021_ph012,True,False,0.0,0.666667,127.0,134.0,9.51,350.0,360.0,84.0,85.2,128.0,"{'rz': 112, 'sx': 84, 'rx': 70, 'cz': 45, 'rzz': 39, 'barrier': 8}",5,5,0,ok,,39.0,36.0,ok,,0.95,0.960398331779,36.0,32.0,0.95,0.960398331779,36.0,32.0,0.95,0.960398331779,36.0,32.0,custom_states,False,False,False,,
cycle4,cycle,4,monomial_full,sup013_P021_ph020,True,False,0.0,0.666667,128.0,134.4,9.0,348.0,358.8,84.0,85.2,128.0,"{'rz': 110, 'sx': 84, 'rx': 70, 'cz': 45, 'rzz': 39, 'barrier': 8}",5,5,0,ok,,39.0,36.0,ok,,0.96,0.960571637118,36.0,32.0,0.96,0.960571637118,36.0,32.0,0.96,0.960571637118,36.0,32.0,custom_states,False,False,False,,
cycle4,cycle,4,monomial_full,sup013_P021_ph021,True,False,0.0,0.666667,126.0,133.4,9.95,346.0,356.6,84.0,85.2,128.0,"{'rz': 108, 'sx': 84, 'rx': 70, 'cz': 45, 'rzz': 39, 'barrier': 8}",5,5,0,ok,,38.0,36.0,ok,,0.95,0.960744114244,35.0,32.0,0.95,0.960744114244,35.0,32.0,0.95,0.960744114244,35.0,32.0,custom_states,False,False,False,,
cycle4,cycle,4,monomial_full,sup013_P021_ph022,True,False,0.0,0.666667,129.0,135.2,8.63,352.0,361.6,84.0,85.2,128.0,"{'rz': 114, 'sx': 84, 'rx': 70, 'cz': 45, 'rzz': 39, 'barrier': 8}",5,5,0,ok,,39.0,36.0,ok,,0.95,0.960771801599,36.0,32.0,0.95,0.960771801599,36.0,32.0,0.95,0.960771801599,36.0,32.0,custom_states,False,False,False,,
cycle4,cycle,4,monomial_full,sup013_P021_ph100,True,False,0.0,0.666667,129.0,135.2,8.63,352.0,361.6,84.0,85.2,128.0,"{'rz': 114, 'sx': 84, 'rx': 70, 'cz': 45, 'rzz': 39, 'barrier': 8}",5,5,0,ok,,39.0,36.0,ok,,0.96,0.960771801599,36.0,32.0,0.96,0.960771801599,36.0,32.0,0.96,0.960771801599,36.0,32.0,custom_states,False,False,False,,
cycle4,cycle,4,monomial_full,sup013_P021_ph101,True,False,0.0,0.666667,127.0,133.6,9.37,347.0,357.0,84.0,85.2,128.0,"{'rz': 109, 'sx': 84, 'rx': 70, 'cz': 45, 'rzz': 39, 'barrier': 8}",5,5,0,ok,,39.0,36.0,ok,,0.95,0.987833544029,36.0,32.0,0.95,0.987833544029,36.0,32.0,0.95,0.987833544029,36.0,32.0,custom_states,False,False,False,,
cycle4,cycle,4,monomial_full,sup013_P021_ph102,True,False,0.0,0.666667,127.0,133.8,9.15,347.0,357.0,84.0,85.2,128.0,"{'rz': 109, 'sx': 84, 'rx': 70, 'cz': 45, 'rzz': 39, 'barrier': 8}",5,5,0,ok,,39.0,36.0,ok,,0.96,0.987833544029,36.0,32.0,0.96,0.987833544029,36.0,32.0,0.96,0.987833544029,36.0,32.0,custom_states,False,False,False,,
cycle4,cycle,4,monomial_full,sup013_P021_ph110,True,False,0.0,0.666667,129.0,135.2,8.63,352.0,361.6,84.0,85.2,128.0,"{'rz': 114, 'sx': 84, 'rx': 70, 'cz': 45, 'rzz': 39, 'barrier': 8}",5,5,0,ok,,39.0,36.0,ok,,0.96,0.859214516517,35.0,32.0,0.98,0.960771801599,36.0,32.0,0.98,0.960771801599,36.0,32.0,custom_states,False,False,False,,
cycle4,cycle,4,monomial_full,sup013_P021_ph111,True,False,0.0,0.666667,124.0,131.8,10.67,342.0,353.0,84.0,85.2,128.0,"{'rz': 107, 'sx': 84, 'rx': 67, 'cz': 45, 'rzz': 39, 'barrier': 8}",5,5,0,ok,,39.0,36.0,ok,,0.95,0.987833544029,36.0,32.0,0.95,0.987833544029,36.0,32.0,0.95,0.987833544029,36.0,32.0,custom_states,False,False,False,,
cycle4,cycle,4,monomial_full,sup013_P021_ph112,True,False,0.0,0.666667,129.0,135.0,8.27,352.0,361.4,84.0,85.2,128.0,"{'rz': 114, 'sx': 84, 'rx': 70, 'cz': 45, 'rzz': 39, 'barrier': 8}",5,5,0,ok,,39.0,36.0,ok,,0.96,0.987833544029,36.0,32.0,0.96,0.987833544029,36.0,32.0,0.96,0.987833544029,36.0,32.0,custom_states,False,False,False,,
cycle4,cycle,4,monomial_full,sup013_P021_ph120,True,False,0.0,0.666667,126.0,133.4,9.95,347.0,357.4,84.0,85.2,128.0,"{'rz': 110, 'sx': 84, 'rx': 69, 'cz': 45, 'rzz': 39, 'barrier': 8}",5,5,0,ok,,39.0,36.0,ok,,0.95,0.987833544029,36.0,32.0,0.95,0.987833544029,36.0,32.0,0.95,0.987833544029,36.0,32.0,custom_states,False,False,False,,
cycle4,cycle,4,monomial_full,sup013_P021_ph121,True,False,0.0,0.666667,127.0,133.2,8.63,347.0,357.0,84.0,85.2,128.0,"{'rz': 111, 'sx': 84, 'rx': 68, 'cz': 45, 'rzz': 39, 'barrier': 8}",5,5,0,ok,,39.0,36.0,ok,,0.95,0.987833544029,36.0,32.0,0.95,0.987833544029,36.0,32.0,0.95,0.987833544029,36.0,32.0,custom_states,False,False,False,,
cycle4,cycle,4,monomial_full,sup013_P021_ph122,True,False,0.0,0.666667,129.0,135.0,8.27,351.0,360.6,84.0,85.2,128.0,"{'rz': 113, 'sx': 84, 'rx': 70, 'cz': 45, 'rzz': 39, 'barrier': 8}",5,5,0,ok,,39.0,36.0,ok,,0.97,0.987833544029,36.0,32.0,0.97,0.987833544029,36.0,32.0,0.97,0.987833544029,36.0,32.0,custom_states,False,False,False,,
cycle4,cycle,4,monomial_full,sup013_P021_ph200,True,False,0.0,0.666667,129.0,135.2,8.63,352.0,361.6,84.0,85.2,128.0,"{'rz': 114, 'sx': 84, 'rx': 70, 'cz': 45, 'rzz': 39, 'barrier': 8}",5,5,0,ok,,39.0,36.0,ok,,0.95,0.987833544029,36.0,32.0,0.95,0.987833544029,36.0,32.0,0.95,0.987833544029,36.0,32.0,custom_states,False,False,False,,
cycle4,cycle,4,monomial_full,sup013_P021_ph201,True,False,0.0,0.666667,126.0,133.4,9.95,346.0,356.0,84.0,85.2,128.0,"{'rz': 109, 'sx': 84, 'rx': 69, 'cz': 45, 'rzz': 39, 'barrier': 8}",5,5,0,ok,,39.0,36.0,ok,,0.95,0.987833544029,34.0,32.0,0.95,0.987833544029,34.0,32.0,0.95,0.987833544029,34.0,32.0,custom_states,False,False,False,,
cycle4,cycle,4,monomial_full,sup013_P021_ph202,True,False,0.0,0.666667,128.0,134.4,9.0,350.0,360.0,84.0,85.2,128.0,"{'rz': 112, 'sx': 84, 'rx': 70, 'cz': 45, 'rzz': 39, 'barrier': 8}",5,5,0,ok,,39.0,36.0,ok,,0.95,0.960571637118,36.0,32.0,0.95,0.960571637118,36.0,32.0,0.95,0.960571637118,36.0,32.0,custom_states,False,False,False,,
cycle4,cycle,4,monomial_full,sup013_P021_ph210,True,False,0.0,0.666667,127.0,133.8,9.15,350.0,359.6,84.0,85.2,128.0,"{'rz': 113, 'sx': 84, 'rx': 69, 'cz': 45, 'rzz': 39, 'barrier': 8}",5,5,0,ok,,39.0,36.0,ok,,0.95,0.987833544029,36.0,32.0,0.95,0.987833544029,36.0,32.0,0.95,0.987833544029,36.0,32.0,custom_states,False,False,False,,
cycle4,cycle,4,monomial_full,sup013_P021_ph211,True,False,0.0,0.666667,128.0,134.6,9.07,349.0,359.0,84.0,85.2,128.0,"{'rz': 111, 'sx': 84, 'rx': 70, 'cz': 45, 'rzz': 39, 'barrier': 8}",5,5,0,ok,,38.0,36.0,ok,,0.96,0.987833544029,35.0,32.0,0.96,0.987833544029,35.0,32.0,0.96,0.987833544029,35.0,32.0,custom_states,False,False,False,,
cycle4,cycle,4,monomial_full,sup013_P021_ph212,True,False,0.0,0.666667,128.0,134.0,8.27,349.0,358.6,84.0,85.2,128.0,"{'rz': 111, 'sx': 84, 'rx': 70, 'cz': 45, 'rzz': 39, 'barrier': 8}",5,5,0,ok,,39.0,36.0,ok,,0.96,0.960571637118,36.0,32.0,0.96,0.960571637118,36.0,32.0,0.96,0.960571637118,36.0,32.0,custom_states,False,False,False,,
cycle4,cycle,4,monomial_full,sup013_P021_ph220,True,False,0.0,0.666667,129.0,135.2,8.63,352.0,361.6,84.0,85.2,128.0,"{'rz': 114, 'sx': 84, 'rx': 70, 'cz': 45, 'rzz': 39, 'barrier': 8}",5,5,0,ok,,39.0,36.0,ok,,0.96,0.960744114244,36.0,32.0,0.96,0.960744114244,36.0,32.0,0.96,0.960744114244,36.0,32.0,custom_states,False,False,False,,
cycle4,cycle,4,monomial_full,sup013_P021_ph221,True,False,0.0,0.666667,129.0,135.2,8.63,352.0,361.6,84.0,85.2,128.0,"{'rz': 114, 'sx': 84, 'rx': 70, 'cz': 45, 'rzz': 39, 'barrier': 8}",5,5,0,ok,,39.0,36.0,ok,,0.95,0.987833544029,36.0,32.0,0.95,0.987833544029,36.0,32.0,0.95,0.987833544029,36.0,32.0,custom_states,False,False,False,,
cycle4,cycle,4,monomial_full,sup013_P021_ph222,True,False,0.0,0.666667,126.0,133.0,9.8,344.0,354.6,84.0,85.2,128.0,"{'rz': 108, 'sx': 84, 'rx': 68, 'cz': 45, 'rzz': 39, 'barrier': 8}",5,5,0,ok,,39.0,36.0,ok,,0.95,0.987833544029,36.0,32.0,0.95,0.987833544029,36.0,32.0,0.95,0.987833544029,36.0,32.0,custom_states,False,False,False,,
cycle4,cycle,4,monomial_full,sup013_P102_ph000,True,False,0.0,0.666667,118.0,124.6,8.24,316.0,326.0,80.0,81.2,128.0,"{'rz': 93, 'sx': 84, 'rx': 59, 'cz': 49, 'rzz': 31, 'barrier': 8}",5,5,0,ok,,34.0,32.0,ok,,0.95,0.963233236875,31.0,28.0,0.95,0.963233236875,31.0,28.0,0.95,0.963233236875,31.0,28.0,custom_states,False,False,False,,
cycle4,cycle,4,monomial_full,sup013_P102_ph001,True,False,0.0,0.666667,119.0,125.2,7.65,315.0,325.2,80.0,81.2,128.0,"{'rz': 96, 'sx': 84, 'rx': 55, 'cz': 45, 'rzz': 35, 'barrier': 8}",5,5,0,ok,,33.0,32.0,ok,,0.95,0.987833544029,30.0,28.0,0.95,0.987833544029,30.0,28.0,0.95,0.987833544029,30.0,28.0,custom_states,False,False,False,,
cycle4,cycle,4,monomial_full,sup013_P102_ph002,True,False,0.0,0.666667,119.0,125.6,8.24,316.0,326.2,80.0,81.2,128.0,"{'rz': 96, 'sx': 84, 'rx': 56, 'cz': 45, 'rzz': 35, 'barrier': 8}",5,5,0,ok,,33.0,32.0,ok,,0.99,0.964459217046,30.0,28.0,0.99,0.964459217046,30.0,28.0,0.99,0.964459217046,30.0,28.0,custom_states,False,False,False,,
cycle4,cycle,4,monomial_full,sup013_P102_ph010,True,False,0.0,0.666667,119.0,125.4,7.94,315.0,325.4,80.0,81.2,128.0,"{'rz': 96, 'sx': 84, 'rx': 55, 'cz': 45, 'rzz': 35, 'barrier': 8}",5,5,0,ok,,33.0,32.0,ok,,0.96,0.987833544029,30.0,28.0,0.96,0.987833544029,30.0,28.0,0.96,0.987833544029,30.0,28.0,custom_states,False,False,False,,
cycle4,cycle,4,monomial_full,sup013_P102_ph011,True,False,0.0,0.666667,118.0,124.6,8.14,314.0,324.4,80.0,81.2,128.0,"{'rz': 96, 'sx': 84, 'rx': 54, 'cz': 45, 'rzz': 35, 'barrier': 8}",5,5,0,ok,,33.0,32.0,ok,,0.96,0.987833544029,30.0,28.0,0.96,0.987833544029,30.0,28.0,0.96,0.987833544029,30.0,28.0,custom_states,False,False,False,,
cycle4,cycle,4,monomial_full,sup013_P102_ph012,True,False,0.0,0.666667,118.0,124.6,8.24,316.0,326.0,80.0,81.2,128.0,"{'rz': 93, 'sx': 84, 'rx': 59, 'cz': 49, 'rzz': 31, 'barrier': 8}",5,5,0,ok,,34.0,32.0,ok,,0.95,0.850801869521,31.0,28.0,0.98,0.987833544029,31.0,28.0,0.98,0.987833544029,31.0,28.0,custom_states,False,False,False,,
cycle4,cycle,4,monomial_full,sup013_P102_ph020,True,False,0.0,0.666667,119.0,125.8,8.54,319.0,329.0,80.0,81.2,128.0,"{'rz': 96, 'sx': 84, 'rx': 59, 'cz': 45, 'rzz': 35, 'barrier': 8}",5,5,0,ok,,34.0,32.0,ok,,0.96,0.987833544029,31.0,28.0,0.96,0.987833544029,31.0,28.0,0.96,0.987833544029,31.0,28.0,custom_states,False,False,False,,
cycle4,cycle,4,monomial_full,sup013_P102_ph021,True,False,0.0,0.666667,117.0,123.6,8.14,312.0,322.6,80.0,81.2,128.0,"{'rz': 90, 'sx': 84, 'rx': 58, 'cz': 49, 'rzz': 31, 'barrier': 8}",5,5,0,ok,,34.0,32.0,ok,,0.95,0.987833544029,31.0,28.0,0.95,0.987833544029,31.0,28.0,0.95,0.987833544029,31.0,28.0,custom_states,False,False,False,,
cycle4,cycle,4,monomial_full,sup013_P102_ph022,True,False,0.0,0.666667,117.0,124.0,8.72,310.0,319.8,80.0,81.2,128.0,"{'rz': 92, 'sx': 84, 'rx': 54, 'cz': 45, 'rzz': 35, 'barrier': 8}",5,5,0,ok,,33.0,32.0,ok,,0.99,0.987833544029,30.0,28.0,0.99,0.987833544029,30.0,28.0,0.99,0.987833544029,30.0,28.0,custom_states,False,False,False,,
cycle4,cycle,4,monomial_full,sup013_P102_ph100,True,False,0.0,0.666667,119.0,125.6,8.24,316.0,327.2,80.0,81.2,128.0,"{'rz': 96, 'sx': 84, 'rx': 56, 'cz': 45, 'rzz': 35, 'barrier': 8}",5,5,0,ok,,34.0,32.0,ok,,0.96,0.987833544029,31.0,28.0,0.96,0.987833544029,31.0,28.0,0.96,0.987833544029,31.0,28.0,custom_states,False,False,False,,
cycle4,cycle,4,monomial_full,sup013_P102_ph101,True,False,0.0,0.666667,116.0,122.4,7.84,305.0,314.8,80.0,81.2,128.0,"{'rz': 88, 'sx': 84, 'rx': 53, 'cz': 49, 'rzz': 31, 'barrier': 8}",5,5,0,ok,,32.0,32.0,ok,,0.95,0.987833544029,29.0,28.0,0.95,0.987833544029,29.0,28.0,0.95,0.987833544029,29.0,28.0,custom_states,False,False,False,,
cycle4,cycle,4,monomial_full,sup013_P102_ph102,True,False,0.0,0.666667,118.0,125.0,8.72,314.0,324.2,80.0,81.2,128.0,"{'rz': 92, 'sx': 84, 'rx': 58, 'cz': 45, 'rzz': 35, 'barrier': 8}",5,5,0,ok,,34.0,32.0,ok,,0.96,0.987833544029,31.0,28.0,0.96,0.987833544029,31.0,28.0,0.96,0.987833544029,31.0,28.0,custom_states,False,False,False,,
cycle4,cycle,4,monomial_full,sup013_P102_ph110,True,False,0.0,0.666667,116.0,122.0,7.35,304.0,313.2,80.0,81.2,128.0,"{'rz': 86, 'sx': 84, 'rx': 54, 'cz': 49, 'rzz': 31, 'barrier': 8}",5,5,0,ok,,32.0,32.0,ok,,0.95,0.987833544029,29.0,28.0,0.95,0.987833544029,29.0,28.0,0.95,0.987833544029,29.0,28.0,custom_states,False,False,False,,
cycle4,cycle,4,monomial_full,sup013_P102_ph111,True,False,0.0,0.666667,119.0,125.6,8.24,315.0,325.4,80.0,81.2,128.0,"{'rz': 96, 'sx': 84, 'rx': 55, 'cz': 45, 'rzz': 35, 'barrier': 8}",5,5,0,ok,,33.0,32.0,ok,,0.95,0.987833544029,29.0,28.0,0.95,0.987833544029,29.0,28.0,0.95,0.987833544029,29.0,28.0,custom_states,False,False,False,,
cycle4,cycle,4,monomial_full,sup013_P102_ph112,True,False,0.0,0.666667,119.0,125.4,7.94,316.0,326.0,80.0,81.2,128.0,"{'rz': 96, 'sx': 84, 'rx': 56, 'cz': 45, 'rzz': 35, 'barrier': 8}",5,5,0,ok,,33.0,32.0,ok,,0.96,0.987833544029,30.0,28.0,0.96,0.987833544029,30.0,28.0,0.96,0.987833544029,30.0,28.0,custom_states,False,False,False,,
cycle4,cycle,4,monomial_full,sup013_P102_ph120,True,False,0.0,0.666667,119.0,125.6,8.24,315.0,326.6,80.0,81.2,128.0,"{'rz': 96, 'sx': 84, 'rx': 55, 'cz': 45, 'rzz': 35, 'barrier': 8}",5,5,0,ok,,34.0,32.0,ok,,0.96,0.987833544029,31.0,28.0,0.96,0.987833544029,31.0,28.0,0.96,0.987833544029,31.0,28.0,custom_states,False,False,False,,
cycle4,cycle,4,monomial_full,sup013_P102_ph121,True,False,0.0,0.666667,117.0,124.2,8.91,313.0,323.2,80.0,81.2,128.0,"{'rz': 92, 'sx': 84, 'rx': 57, 'cz': 45, 'rzz': 35, 'barrier': 8}",5,5,0,ok,,34.0,32.0,ok,,0.97,0.987833544029,31.0,28.0,0.97,0.987833544029,31.0,28.0,0.97,0.987833544029,31.0,28.0,custom_states,False,False,False,,
cycle4,cycle,4,monomial_full,sup013_P102_ph122,True,False,0.0,0.666667,115.0,121.6,8.09,302.0,311.8,80.0,81.2,128.0,"{'rz': 85, 'sx': 84, 'rx': 53, 'cz': 49, 'rzz': 31, 'barrier': 8}",5,5,0,ok,,32.0,32.0,ok,,0.95,0.987833544029,29.0,28.0,0.95,0.987833544029,29.0,28.0,0.95,0.987833544029,29.0,28.0,custom_states,False,False,False,,
cycle4,cycle,4,monomial_full,sup013_P102_ph200,True,False,0.0,0.666667,119.0,125.2,7.65,318.0,328.0,80.0,81.2,128.0,"{'rz': 96, 'sx': 84, 'rx': 58, 'cz': 45, 'rzz': 35, 'barrier': 8}",5,5,0,ok,,34.0,32.0,ok,,0.96,0.987833544029,31.0,28.0,0.96,0.987833544029,31.0,28.0,0.96,0.987833544029,31.0,28.0,custom_states,False,False,False,,
cycle4,cycle,4,monomial_full,sup013_P102_ph201,True,False,0.0,0.666667,119.0,125.6,8.24,315.0,324.6,80.0,81.2,128.0,"{'rz': 96, 'sx': 84, 'rx': 55, 'cz': 45, 'rzz': 35, 'barrier': 8}",5,5,0,ok,,33.0,32.0,ok,,0.96,0.987833544029,30.0,28.0,0.96,0.987833544029,30.0,28.0,0.96,0.987833544029,30.0,28.0,custom_states,False,False,False,,
cycle4,cycle,4,monomial_full,sup013_P102_ph202,True,False,0.0,0.666667,118.0,123.6,6.86,308.0,317.2,80.0,81.2,128.0,"{'rz': 90, 'sx': 84, 'rx': 54, 'cz': 49, 'rzz': 31, 'barrier': 8}",5,5,0,ok,,33.0,32.0,ok,,0.95,0.987833544029,30.0,28.0,0.95,0.987833544029,30.0,28.0,0.95,0.987833544029,30.0,28.0,custom_states,False,False,False,,
cycle4,cycle,4,monomial_full,sup013_P102_ph210,True,False,0.0,0.666667,118.0,124.8,8.42,314.0,324.6,80.0,81.2,128.0,"{'rz': 96, 'sx': 84, 'rx': 54, 'cz': 45, 'rzz': 35, 'barrier': 8}",5,5,0,ok,,33.0,32.0,ok,,0.96,0.987833544029,30.0,28.0,0.96,0.987833544029,30.0,28.0,0.96,0.987833544029,30.0,28.0,custom_states,False,False,False,,
cycle4,cycle,4,monomial_full,sup013_P102_ph211,True,False,0.0,0.666667,115.0,121.6,8.09,302.0,311.8,80.0,81.2,128.0,"{'rz': 85, 'sx': 84, 'rx': 53, 'cz': 49, 'rzz': 31, 'barrier': 8}",5,5,0,ok,,32.0,32.0,ok,,0.95,0.987833544029,29.0,28.0,0.95,0.987833544029,29.0,28.0,0.95,0.987833544029,29.0,28.0,custom_states,False,False,False,,
cycle4,cycle,4,monomial_full,sup013_P102_ph212,True,False,0.0,0.666667,118.0,124.8,8.42,311.0,321.2,80.0,81.2,128.0,"{'rz': 92, 'sx': 84, 'rx': 55, 'cz': 45, 'rzz': 35, 'barrier': 8}",5,5,0,ok,,33.0,32.0,ok,,0.96,0.987833544029,30.0,28.0,0.96,0.987833544029,30.0,28.0,0.96,0.987833544029,30.0,28.0,custom_states,False,False,False,,
cycle4,cycle,4,monomial_full,sup013_P102_ph220,True,False,0.0,0.666667,116.0,122.2,7.6,304.0,313.4,80.0,81.2,128.0,"{'rz': 87, 'sx': 84, 'rx': 53, 'cz': 49, 'rzz': 31, 'barrier': 8}",5,5,0,ok,,32.0,32.0,ok,,0.95,0.987833544029,29.0,28.0,0.95,0.987833544029,29.0,28.0,0.95,0.987833544029,29.0,28.0,custom_states,False,False,False,,
cycle4,cycle,4,monomial_full,sup013_P102_ph221,True,False,0.0,0.666667,119.0,125.4,7.94,315.0,325.4,80.0,81.2,128.0,"{'rz': 96, 'sx': 84, 'rx': 55, 'cz': 45, 'rzz': 35, 'barrier': 8}",5,5,0,ok,,33.0,32.0,ok,,0.98,0.980951406883,30.0,28.0,0.98,0.980951406883,30.0,28.0,0.98,0.980951406883,30.0,28.0,custom_states,False,False,False,,
cycle4,cycle,4,monomial_full,sup013_P102_ph222,True,False,0.0,0.666667,118.0,124.8,8.42,314.0,325.6,80.0,81.2,128.0,"{'rz': 96, 'sx': 84, 'rx': 54, 'cz': 45, 'rzz': 35, 'barrier': 8}",5,5,0,ok,,34.0,32.0,ok,,0.95,0.987833544029,31.0,28.0,0.95,0.987833544029,31.0,28.0,0.95,0.987833544029,31.0,28.0,custom_states,False,False,False,,
cycle4,cycle,4,monomial_full,sup013_P120_ph000,True,False,0.0,0.666667,118.0,123.6,6.89,307.0,317.0,80.0,81.2,128.0,"{'rz': 87, 'sx': 84, 'rx': 56, 'cz': 49, 'rzz': 31, 'barrier': 8}",5,5,0,ok,,33.0,32.0,ok,,0.96,0.987833544029,30.0,28.0,0.96,0.987833544029,30.0,28.0,0.96,0.987833544029,30.0,28.0,custom_states,False,False,False,,
cycle4,cycle,4,monomial_full,sup013_P120_ph001,True,False,0.0,0.666667,118.0,123.6,6.89,311.0,320.8,80.0,81.2,128.0,"{'rz': 90, 'sx': 84, 'rx': 57, 'cz': 49, 'rzz': 31, 'barrier': 8}",5,5,0,ok,,33.0,32.0,ok,,0.95,0.987833544029,30.0,28.0,0.95,0.987833544029,30.0,28.0,0.95,0.987833544029,30.0,28.0,custom_states,False,False,False,,
cycle4,cycle,4,monomial_full,sup013_P120_ph002,True,False,0.0,0.666667,119.0,124.8,7.11,316.0,325.2,80.0,81.2,128.0,"{'rz': 93, 'sx': 84, 'rx': 59, 'cz': 49, 'rzz': 31, 'barrier': 8}",5,5,0,ok,,33.0,32.0,ok,,0.95,0.961580327914,30.0,28.0,0.95,0.961580327914,30.0,28.0,0.95,0.961580327914,30.0,28.0,custom_states,False,False,False,,
cycle4,cycle,4,monomial_full,sup013_P120_ph010,True,False,0.0,0.666667,121.0,127.0,7.46,319.0,328.6,80.0,81.2,128.0,"{'rz': 97, 'sx': 84, 'rx': 58, 'cz': 49, 'rzz': 31, 'barrier': 8}",5,5,0,ok,,34.0,32.0,ok,,0.95,0.968145188673,31.0,28.0,0.95,0.968145188673,31.0,28.0,0.95,0.968145188673,31.0,28.0,custom_states,False,False,False,,
cycle4,cycle,4,monomial_full,sup013_P120_ph011,True,False,0.0,0.666667,119.0,125.2,7.6,316.0,325.8,80.0,81.2,128.0,"{'rz': 94, 'sx': 84, 'rx': 58, 'cz': 49, 'rzz': 31, 'barrier': 8}",5,5,0,ok,,33.0,32.0,ok,,0.95,0.987833544029,30.0,28.0,0.95,0.987833544029,30.0,28.0,0.95,0.987833544029,30.0,28.0,custom_states,False,False,False,,
cycle4,cycle,4,monomial_full,sup013_P120_ph012,True,False,0.0,0.666667,121.0,127.0,7.46,321.0,330.2,80.0,81.2,128.0,"{'rz': 98, 'sx': 84, 'rx': 59, 'cz': 49, 'rzz': 31, 'barrier': 8}",5,5,0,ok,,34.0,32.0,ok,,0.95,0.987833544029,31.0,28.0,0.95,0.987833544029,31.0,28.0,0.95,0.987833544029,31.0,28.0,custom_states,False,False,False,,
cycle4,cycle,4,monomial_full,sup013_P120_ph020,True,False,0.0,0.666667,120.0,126.0,7.38,315.0,325.2,80.0,81.2,128.0,"{'rz': 94, 'sx': 84, 'rx': 57, 'cz': 49, 'rzz': 31, 'barrier': 8}",5,5,0,ok,,34.0,32.0,ok,,0.95,0.987833544029,31.0,28.0,0.95,0.987833544029,31.0,28.0,0.95,0.987833544029,31.0,28.0,custom_states,False,False,False,,
cycle4,cycle,4,monomial_full,sup013_P120_ph021,True,False,0.0,0.666667,120.0,126.2,7.65,320.0,329.2,80.0,81.2,128.0,"{'rz': 97, 'sx': 84, 'rx': 59, 'cz': 49, 'rzz': 31, 'barrier': 8}",5,5,0,ok,,34.0,32.0,ok,,0.95,0.987833544029,31.0,28.0,0.95,0.987833544029,31.0,28.0,0.95,0.987833544029,31.0,28.0,custom_states,False,False,False,,
cycle4,cycle,4,monomial_full,sup013_P120_ph022,True,False,0.0,0.666667,120.0,126.0,7.38,317.0,326.8,80.0,81.2,128.0,"{'rz': 95, 'sx': 84, 'rx': 58, 'cz': 49, 'rzz': 31, 'barrier': 8}",5,5,0,ok,,34.0,32.0,ok,,0.95,0.987833544029,31.0,28.0,0.95,0.987833544029,31.0,28.0,0.95,0.987833544029,31.0,28.0,custom_states,False,False,False,,
cycle4,cycle,4,monomial_full,sup013_P120_ph100,True,False,0.0,0.666667,119.0,125.2,7.6,316.0,325.8,80.0,81.2,128.0,"{'rz': 94, 'sx': 84, 'rx': 58, 'cz': 49, 'rzz': 31, 'barrier': 8}",5,5,0,ok,,33.0,32.0,ok,,0.96,0.987833544029,30.0,28.0,0.96,0.987833544029,30.0,28.0,0.96,0.987833544029,30.0,28.0,custom_states,False,False,False,,
cycle4,cycle,4,monomial_full,sup013_P120_ph101,True,False,0.0,0.666667,121.0,127.0,7.46,321.0,330.2,80.0,81.2,128.0,"{'rz': 98, 'sx': 84, 'rx': 59, 'cz': 49, 'rzz': 31, 'barrier': 8}",5,5,0,ok,,34.0,32.0,ok,,0.96,0.987833544029,31.0,28.0,0.96,0.987833544029,31.0,28.0,0.96,0.987833544029,31.0,28.0,custom_states,False,False,False,,
cycle4,cycle,4,monomial_full,sup013_P120_ph102,True,False,0.0,0.666667,121.0,127.0,7.46,319.0,328.6,80.0,81.2,128.0,"{'rz': 97, 'sx': 84, 'rx': 58, 'cz': 49, 'rzz': 31, 'barrier': 8}",5,5,0,ok,,34.0,32.0,ok,,0.98,0.987833544029,31.0,28.0,0.98,0.987833544029,31.0,28.0,0.98,0.987833544029,31.0,28.0,custom_states,False,False,False,,
cycle4,cycle,4,monomial_full,sup013_P120_ph110,True,False,0.0,0.666667,120.0,126.2,7.65,320.0,329.2,80.0,81.2,128.0,"{'rz': 97, 'sx': 84, 'rx': 59, 'cz': 49, 'rzz': 31, 'barrier': 8}",5,5,0,ok,,34.0,32.0,ok,,0.95,0.987833544029,31.0,28.0,0.95,0.987833544029,31.0,28.0,0.95,0.987833544029,31.0,28.0,custom_states,False,False,False,,
cycle4,cycle,4,monomial_full,sup013_P120_ph111,True,False,0.0,0.666667,121.0,127.0,7.46,321.0,330.2,80.0,81.2,128.0,"{'rz': 98, 'sx': 84, 'rx': 59, 'cz': 49, 'rzz': 31, 'barrier': 8}",5,5,0,ok,,34.0,32.0,ok,,0.96,0.987833544029,31.0,28.0,0.96,0.987833544029,31.0,28.0,0.96,0.987833544029,31.0,28.0,custom_states,False,False,False,,
cycle4,cycle,4,monomial_full,sup013_P120_ph112,True,False,0.0,0.666667,120.0,126.0,7.38,315.0,325.2,80.0,81.2,128.0,"{'rz': 94, 'sx': 84, 'rx': 57, 'cz': 49, 'rzz': 31, 'barrier': 8}",5,5,0,ok,,34.0,32.0,ok,,0.97,0.987026663975,31.0,28.0,0.97,0.987026663975,31.0,28.0,0.97,0.987026663975,31.0,28.0,custom_states,False,False,False,,
cycle4,cycle,4,monomial_full,sup013_P120_ph120,True,False,0.0,0.666667,119.0,124.6,6.86,315.0,324.2,80.0,81.2,128.0,"{'rz': 92, 'sx': 84, 'rx': 59, 'cz': 49, 'rzz': 31, 'barrier': 8}",5,5,0,ok,,33.0,32.0,ok,,0.96,0.987833544029,30.0,28.0,0.96,0.987833544029,30.0,28.0,0.96,0.987833544029,30.0,28.0,custom_states,False,False,False,,
cycle4,cycle,4,monomial_full,sup013_P120_ph121,True,False,0.0,0.666667,118.0,123.6,6.89,311.0,320.8,80.0,81.2,128.0,"{'rz': 90, 'sx': 84, 'rx': 57, 'cz': 49, 'rzz': 31, 'barrier': 8}",5,5,0,ok,,33.0,32.0,ok,,0.96,0.987833544029,30.0,28.0,0.96,0.987833544029,30.0,28.0,0.96,0.987833544029,30.0,28.0,custom_states,False,False,False,,
cycle4,cycle,4,monomial_full,sup013_P120_ph122,True,False,0.0,0.666667,118.0,123.6,6.89,307.0,317.0,80.0,81.2,128.0,"{'rz': 87, 'sx': 84, 'rx': 56, 'cz': 49, 'rzz': 31, 'barrier': 8}",5,5,0,ok,,33.0,32.0,ok,,0.95,0.987833544029,30.0,28.0,0.95,0.987833544029,30.0,28.0,0.95,0.987833544029,30.0,28.0,custom_states,False,False,False,,
cycle4,cycle,4,monomial_full,sup013_P120_ph200,True,False,0.0,0.666667,120.0,126.0,7.38,317.0,326.8,80.0,81.2,128.0,"{'rz': 95, 'sx': 84, 'rx': 58, 'cz': 49, 'rzz': 31, 'barrier': 8}",5,5,0,ok,,34.0,32.0,ok,,0.96,0.987833544029,31.0,28.0,0.96,0.987833544029,31.0,28.0,0.96,0.987833544029,31.0,28.0,custom_states,False,False,False,,
cycle4,cycle,4,monomial_full,sup013_P120_ph201,True,False,0.0,0.666667,120.0,126.0,7.38,315.0,325.2,80.0,81.2,128.0,"{'rz': 94, 'sx': 84, 'rx': 57, 'cz': 49, 'rzz': 31, 'barrier': 8}",5,5,0,ok,,34.0,32.0,ok,,0.95,0.987833544029,31.0,28.0,0.95,0.987833544029,31.0,28.0,0.95,0.987833544029,31.0,28.0,custom_states,False,False,False,,
cycle4,cycle,4,monomial_full,sup013_P120_ph202,True,False,0.0,0.666667,119.0,125.2,7.6,316.0,325.8,80.0,81.2,128.0,"{'rz': 94, 'sx': 84, 'rx': 58, 'cz': 49, 'rzz': 31, 'barrier': 8}",5,5,0,ok,,33.0,32.0,ok,,0.95,0.928653835264,30.0,28.0,0.95,0.928653835264,30.0,28.0,0.99,0.983270134482,30.0,28.0,custom_states,False,False,False,,
cycle4,cycle,4,monomial_full,sup013_P120_ph210,True,False,0.0,0.666667,119.0,124.8,7.11,316.0,325.2,80.0,81.2,128.0,"{'rz': 93, 'sx': 84, 'rx': 59, 'cz': 49, 'rzz': 31, 'barrier': 8}",5,5,0,ok,,33.0,32.0,ok,,0.95,0.987833544029,30.0,28.0,0.95,0.987833544029,30.0,28.0,0.95,0.987833544029,30.0,28.0,custom_states,False,False,False,,
cycle4,cycle,4,monomial_full,sup013_P120_ph211,True,False,0.0,0.666667,118.0,123.6,6.89,307.0,317.0,80.0,81.2,128.0,"{'rz': 87, 'sx': 84, 'rx': 56, 'cz': 49, 'rzz': 31, 'barrier': 8}",5,5,0,ok,,33.0,32.0,ok,,0.95,0.987833544029,30.0,28.0,0.95,0.987833544029,30.0,28.0,0.95,0.987833544029,30.0,28.0,custom_states,False,False,False,,
cycle4,cycle,4,monomial_full,sup013_P120_ph212,True,False,0.0,0.666667,118.0,123.6,6.89,311.0,320.8,80.0,81.2,128.0,"{'rz': 90, 'sx': 84, 'rx': 57, 'cz': 49, 'rzz': 31, 'barrier': 8}",5,5,0,ok,,33.0,32.0,ok,,0.96,0.987833544029,30.0,28.0,0.96,0.987833544029,30.0,28.0,0.96,0.987833544029,30.0,28.0,custom_states,False,False,False,,
cycle4,cycle,4,monomial_full,sup013_P120_ph220,True,False,0.0,0.666667,120.0,126.0,7.38,317.0,326.8,80.0,81.2,128.0,"{'rz': 95, 'sx': 84, 'rx': 58, 'cz': 49, 'rzz': 31, 'barrier': 8}",5,5,0,ok,,34.0,32.0,ok,,0.95,0.987833544029,31.0,28.0,0.95,0.987833544029,31.0,28.0,0.95,0.987833544029,31.0,28.0,custom_states,False,False,False,,
cycle4,cycle,4,monomial_full,sup013_P120_ph221,True,False,0.0,0.666667,120.0,126.0,7.38,315.0,325.2,80.0,81.2,128.0,"{'rz': 94, 'sx': 84, 'rx': 57, 'cz': 49, 'rzz': 31, 'barrier': 8}",5,5,0,ok,,34.0,32.0,ok,,0.96,0.987833544029,31.0,28.0,0.96,0.987833544029,31.0,28.0,0.96,0.987833544029,31.0,28.0,custom_states,False,False,False,,
cycle4,cycle,4,monomial_full,sup013_P120_ph222,True,False,0.0,0.666667,120.0,126.2,7.65,320.0,329.2,80.0,81.2,128.0,"{'rz': 97, 'sx': 84, 'rx': 59, 'cz': 49, 'rzz': 31, 'barrier': 8}",5,5,0,ok,,34.0,32.0,ok,,0.96,0.987833544029,31.0,28.0,0.96,0.987833544029,31.0,28.0,0.96,0.987833544029,31.0,28.0,custom_states,False,False,False,,
cycle4,cycle,4,monomial_full,sup013_P201_ph000,True,False,0.0,0.666667,126.0,132.4,8.71,346.0,355.6,84.0,85.2,128.0,"{'rz': 108, 'sx': 84, 'rx': 70, 'cz': 45, 'rzz': 39, 'barrier': 8}",5,5,0,ok,,38.0,36.0,ok,,0.95,0.96058258366,35.0,32.0,0.95,0.96058258366,35.0,32.0,0.95,0.96058258366,35.0,32.0,custom_states,False,False,False,,
cycle4,cycle,4,monomial_full,sup013_P201_ph001,True,False,0.0,0.666667,132.0,139.0,10.84,365.0,375.4,88.0,89.2,128.0,"{'rz': 118, 'sx': 84, 'rx': 75, 'cz': 45, 'rzz': 43, 'barrier': 8}",5,5,0,ok,,41.0,40.0,ok,,0.95,0.876695962212,37.0,36.0,0.96,0.924756939691,38.0,36.0,,,,,custom_states,False,False,False,,
cycle4,cycle,4,monomial_full,sup013_P201_ph002,True,False,0.0,0.666667,132.0,139.0,10.84,364.0,376.0,88.0,89.2,128.0,"{'rz': 118, 'sx': 84, 'rx': 74, 'cz': 45, 'rzz': 43, 'barrier': 8}",5,5,0,ok,,41.0,40.0,ok,,0.97,0.859789995179,38.0,36.0,0.98,0.987833544029,38.0,36.0,0.98,0.987833544029,38.0,36.0,custom_states,False,False,False,,
cycle4,cycle,4,monomial_full,sup013_P201_ph010,True,False,0.0,0.666667,127.0,134.0,9.8,354.0,364.8,84.0,85.2,128.0,"{'rz': 116, 'sx': 84, 'rx': 70, 'cz': 45, 'rzz': 39, 'barrier': 8}",5,5,0,ok,,39.0,36.0,ok,,0.96,0.960701994429,36.0,32.0,0.96,0.960701994429,36.0,32.0,0.96,0.960701994429,36.0,32.0,custom_states,False,False,False,,
cycle4,cycle,4,monomial_full,sup013_P201_ph011,True,False,0.0,0.666667,132.0,139.0,10.84,365.0,376.0,88.0,89.2,128.0,"{'rz': 117, 'sx': 84, 'rx': 76, 'cz': 45, 'rzz': 43, 'barrier': 8}",5,5,0,ok,,41.0,40.0,ok,,0.95,0.96058258366,38.0,36.0,0.95,0.96058258366,38.0,36.0,0.95,0.96058258366,38.0,36.0,custom_states,False,False,False,,
cycle4,cycle,4,monomial_full,sup013_P201_ph012,True,False,0.0,0.666667,131.0,138.0,10.84,362.0,372.4,88.0,89.2,128.0,"{'rz': 118, 'sx': 84, 'rx': 72, 'cz': 45, 'rzz': 43, 'barrier': 8}",5,5,0,ok,,40.0,40.0,ok,,0.95,0.960782180207,37.0,36.0,0.95,0.960782180207,37.0,36.0,0.95,0.960782180207,37.0,36.0,custom_states,False,False,False,,
cycle4,cycle,4,monomial_full,sup013_P201_ph020,True,False,0.0,0.666667,127.0,134.0,9.8,354.0,364.8,84.0,85.2,128.0,"{'rz': 116, 'sx': 84, 'rx': 70, 'cz': 45, 'rzz': 39, 'barrier': 8}",5,5,0,ok,,39.0,36.0,ok,,0.95,0.870089328559,35.0,32.0,0.98,0.970853753217,36.0,32.0,0.98,0.970853753217,36.0,32.0,custom_states,False,False,False,,
cycle4,cycle,4,monomial_full,sup013_P201_ph021,True,False,0.0,0.666667,131.0,138.2,10.85,360.0,370.2,88.0,89.2,128.0,"{'rz': 113, 'sx': 84, 'rx': 75, 'cz': 45, 'rzz': 43, 'barrier': 8}",5,5,0,ok,,40.0,40.0,ok,,0.96,0.96058258366,37.0,36.0,0.96,0.96058258366,37.0,36.0,0.96,0.96058258366,37.0,36.0,custom_states,False,False,False,,
cycle4,cycle,4,monomial_full,sup013_P201_ph022,True,False,0.0,0.666667,132.0,138.8,10.46,364.0,375.0,88.0,89.2,128.0,"{'rz': 118, 'sx': 84, 'rx': 74, 'cz': 45, 'rzz': 43, 'barrier': 8}",5,5,0,ok,,40.0,40.0,ok,,0.95,0.987833544029,37.0,36.0,0.95,0.987833544029,37.0,36.0,0.95,0.987833544029,37.0,36.0,custom_states,False,False,False,,
cycle4,cycle,4,monomial_full,sup013_P201_ph100,True,False,0.0,0.666667,132.0,139.0,10.84,365.0,375.6,88.0,89.2,128.0,"{'rz': 118, 'sx': 84, 'rx': 75, 'cz': 45, 'rzz': 43, 'barrier': 8}",5,5,0,ok,,41.0,40.0,ok,,0.95,0.960105603847,37.0,36.0,0.95,0.960105603847,37.0,36.0,0.95,0.960105603847,37.0,36.0,custom_states,False,False,False,,
cycle4,cycle,4,monomial_full,sup013_P201_ph101,True,False,0.0,0.666667,132.0,138.8,10.46,364.0,374.8,88.0,89.2,128.0,"{'rz': 118, 'sx': 84, 'rx': 74, 'cz': 45, 'rzz': 43, 'barrier': 8}",5,5,0,ok,,40.0,40.0,ok,,0.95,0.960427680612,37.0,36.0,0.95,0.960427680612,37.0,36.0,0.95,0.960427680612,37.0,36.0,custom_states,False,False,False,,
cycle4,cycle,4,monomial_full,sup013_P201_ph102,True,False,0.0,0.666667,127.0,134.0,9.8,353.0,363.4,84.0,85.2,128.0,"{'rz': 115, 'sx': 84, 'rx': 70, 'cz': 45, 'rzz': 39, 'barrier': 8}",5,5,0,ok,,39.0,36.0,ok,,0.95,0.96058258366,36.0,32.0,0.95,0.96058258366,36.0,32.0,0.95,0.96058258366,36.0,32.0,custom_states,False,False,False,,
cycle4,cycle,4,monomial_full,sup013_P201_ph110,True,False,0.0,0.666667,132.0,139.0,10.84,365.0,375.6,88.0,89.2,128.0,"{'rz': 118, 'sx': 84, 'rx': 75, 'cz': 45, 'rzz': 43, 'barrier': 8}",5,5,0,ok,,41.0,40.0,ok,,0.95,0.852943677638,38.0,36.0,0.98,0.960420157633,38.0,36.0,0.98,0.960420157633,38.0,36.0,custom_states,False,False,False,,
cycle4,cycle,4,monomial_full,sup013_P201_ph111,True,False,0.0,0.666667,132.0,139.0,10.84,364.0,376.0,88.0,89.2,128.0,"{'rz': 118, 'sx': 84, 'rx': 74, 'cz': 45, 'rzz': 43, 'barrier': 8}",5,5,0,ok,,41.0,40.0,ok,,0.95,0.917158886269,38.0,36.0,0.95,0.917158886269,38.0,36.0,0.99,0.987833544029,38.0,36.0,custom_states,False,False,False,,
cycle4,cycle,4,monomial_full,sup013_P201_ph112,True,False,0.0,0.666667,127.0,134.0,9.8,354.0,364.8,84.0,85.2,128.0,"{'rz': 116, 'sx': 84, 'rx': 70, 'cz': 45, 'rzz': 39, 'barrier': 8}",5,5,0,ok,,39.0,36.0,ok,,0.95,0.937757131663,36.0,32.0,0.95,0.937757131663,36.0,32.0,,,,,custom_states,False,False,False,,
cycle4,cycle,4,monomial_full,sup013_P201_ph120,True,False,0.0,0.666667,132.0,139.0,10.84,364.0,374.2,88.0,89.2,128.0,"{'rz': 117, 'sx': 84, 'rx': 75, 'cz': 45, 'rzz': 43, 'barrier': 8}",5,5,0,ok,,41.0,40.0,ok,,0.96,0.96058258366,38.0,36.0,0.96,0.96058258366,38.0,36.0,0.96,0.96058258366,38.0,36.0,custom_states,False,False,False,,
cycle4,cycle,4,monomial_full,sup013_P201_ph121,True,False,0.0,0.666667,132.0,139.0,10.84,364.0,376.0,88.0,89.2,128.0,"{'rz': 118, 'sx': 84, 'rx': 74, 'cz': 45, 'rzz': 43, 'barrier': 8}",5,5,0,ok,,41.0,40.0,ok,,0.95,0.865097849191,38.0,36.0,0.99,0.985558913938,38.0,36.0,0.99,0.985558913938,38.0,36.0,custom_states,False,False,False,,
cycle4,cycle,4,monomial_full,sup013_P201_ph122,True,False,0.0,0.666667,127.0,134.0,9.8,354.0,364.8,84.0,85.2,128.0,"{'rz': 116, 'sx': 84, 'rx': 70, 'cz': 45, 'rzz': 39, 'barrier': 8}",5,5,0,ok,,39.0,36.0,ok,,0.96,0.960390969983,36.0,32.0,0.96,0.960390969983,36.0,32.0,0.96,0.960390969983,36.0,32.0,custom_states,False,False,False,,
cycle4,cycle,4,monomial_full,sup013_P201_ph200,True,False,0.0,0.666667,132.0,139.0,10.84,368.0,378.6,88.0,89.2,128.0,"{'rz': 118, 'sx': 84, 'rx': 78, 'cz': 45, 'rzz': 43, 'barrier': 8}",5,5,0,ok,,41.0,40.0,ok,,0.95,0.928752321867,38.0,36.0,0.95,0.928752321867,38.0,36.0,,,,,custom_states,False,False,False,,
cycle4,cycle,4,monomial_full,sup013_P201_ph201,True,False,0.0,0.666667,127.0,134.0,9.8,353.0,363.4,84.0,85.2,128.0,"{'rz': 115, 'sx': 84, 'rx': 70, 'cz': 45, 'rzz': 39, 'barrier': 8}",5,5,0,ok,,39.0,36.0,ok,,0.96,0.96058258366,36.0,32.0,0.96,0.96058258366,36.0,32.0,0.96,0.96058258366,36.0,32.0,custom_states,False,False,False,,
cycle4,cycle,4,monomial_full,sup013_P201_ph202,True,False,0.0,0.666667,132.0,139.0,10.84,365.0,375.4,88.0,89.2,128.0,"{'rz': 118, 'sx': 84, 'rx': 75, 'cz': 45, 'rzz': 43, 'barrier': 8}",5,5,0,ok,,41.0,40.0,ok,,0.98,0.960728564191,38.0,36.0,0.98,0.960728564191,38.0,36.0,0.98,0.960728564191,38.0,36.0,custom_states,False,False,False,,
cycle4,cycle,4,monomial_full,sup013_P201_ph210,True,False,0.0,0.666667,131.0,138.0,10.84,362.0,372.4,88.0,89.2,128.0,"{'rz': 118, 'sx': 84, 'rx': 72, 'cz': 45, 'rzz': 43, 'barrier': 8}",5,5,0,ok,,40.0,40.0,ok,,0.96,0.960782180207,37.0,36.0,0.96,0.960782180207,37.0,36.0,0.96,0.960782180207,37.0,36.0,custom_states,False,False,False,,
cycle4,cycle,4,monomial_full,sup013_P201_ph211,True,False,0.0,0.666667,127.0,134.0,9.8,354.0,364.8,84.0,85.2,128.0,"{'rz': 116, 'sx': 84, 'rx': 70, 'cz': 45, 'rzz': 39, 'barrier': 8}",5,5,0,ok,,39.0,36.0,ok,,0.96,0.924059016909,36.0,32.0,0.96,0.924059016909,36.0,32.0,0.99,0.978345036373,36.0,32.0,custom_states,False,False,False,,
cycle4,cycle,4,monomial_full,sup013_P201_ph212,True,False,0.0,0.666667,132.0,139.0,10.84,365.0,375.4,88.0,89.2,128.0,"{'rz': 118, 'sx': 84, 'rx': 75, 'cz': 45, 'rzz': 43, 'barrier': 8}",5,5,0,ok,,41.0,40.0,ok,,0.95,0.960391416782,38.0,36.0,0.95,0.960391416782,38.0,36.0,0.95,0.960391416782,38.0,36.0,custom_states,False,False,False,,
cycle4,cycle,4,monomial_full,sup013_P201_ph220,True,False,0.0,0.666667,132.0,139.0,10.84,368.0,378.6,88.0,89.2,128.0,"{'rz': 118, 'sx': 84, 'rx': 78, 'cz': 45, 'rzz': 43, 'barrier': 8}",5,5,0,ok,,41.0,40.0,ok,,0.97,0.960463265171,38.0,36.0,0.97,0.960463265171,38.0,36.0,0.97,0.960463265171,38.0,36.0,custom_states,False,False,False,,
cycle4,cycle,4,monomial_full,sup013_P201_ph221,True,False,0.0,0.666667,126.0,133.4,10.23,349.0,359.4,84.0,85.2,128.0,"{'rz': 112, 'sx': 84, 'rx': 69, 'cz': 45, 'rzz': 39, 'barrier': 8}",5,5,0,ok,,39.0,36.0,ok,,0.95,0.96058258366,35.0,32.0,0.95,0.96058258366,35.0,32.0,0.95,0.96058258366,35.0,32.0,custom_states,False,False,False,,
cycle4,cycle,4,monomial_full,sup013_P201_ph222,True,False,0.0,0.666667,132.0,139.0,10.84,364.0,374.2,88.0,89.2,128.0,"{'rz': 117, 'sx': 84, 'rx': 75, 'cz': 45, 'rzz': 43, 'barrier': 8}",5,5,0,ok,,41.0,40.0,ok,,0.95,0.96058258366,38.0,36.0,0.95,0.96058258366,38.0,36.0,0.95,0.96058258366,38.0,36.0,custom_states,False,False,False,,
cycle4,cycle,4,monomial_full,sup013_P210_ph000,True,False,0.0,0.666667,126.0,131.8,7.65,335.0,345.2,84.0,85.2,128.0,"{'rz': 102, 'sx': 84, 'rx': 65, 'cz': 45, 'rzz': 39, 'barrier': 8}",5,5,0,ok,,38.0,36.0,ok,,0.95,0.96058258366,35.0,32.0,0.95,0.96058258366,35.0,32.0,0.95,0.96058258366,35.0,32.0,custom_states,False,False,False,,
cycle4,cycle,4,monomial_full,sup013_P210_ph001,True,False,0.0,0.666667,126.0,132.6,9.07,339.0,350.0,84.0,85.2,128.0,"{'rz': 105, 'sx': 84, 'rx': 66, 'cz': 45, 'rzz': 39, 'barrier': 8}",5,5,0,ok,,39.0,36.0,ok,,0.95,0.960571637118,36.0,32.0,0.95,0.960571637118,36.0,32.0,0.95,0.960571637118,36.0,32.0,custom_states,False,False,False,,
cycle4,cycle,4,monomial_full,sup013_P210_ph002,True,False,0.0,0.666667,126.0,132.4,8.71,338.0,348.4,84.0,85.2,128.0,"{'rz': 106, 'sx': 84, 'rx': 64, 'cz': 45, 'rzz': 39, 'barrier': 8}",5,5,0,ok,,39.0,36.0,ok,,0.95,0.987833544029,36.0,32.0,0.95,0.987833544029,36.0,32.0,0.95,0.987833544029,36.0,32.0,custom_states,False,False,False,,
cycle4,cycle,4,monomial_full,sup013_P210_ph010,True,False,0.0,0.666667,127.0,133.4,8.71,340.0,351.4,84.0,85.2,128.0,"{'rz': 106, 'sx': 84, 'rx': 66, 'cz': 45, 'rzz': 39, 'barrier': 8}",5,5,0,ok,,39.0,36.0,ok,,0.96,0.987833544029,36.0,32.0,0.96,0.987833544029,36.0,32.0,0.96,0.987833544029,36.0,32.0,custom_states,False,False,False,,
cycle4,cycle,4,monomial_full,sup013_P210_ph011,True,False,0.0,0.666667,127.0,133.4,8.71,343.0,354.0,84.0,85.2,128.0,"{'rz': 109, 'sx': 84, 'rx': 66, 'cz': 45, 'rzz': 39, 'barrier': 8}",5,5,0,ok,,39.0,36.0,ok,,0.95,0.983298263331,35.0,32.0,0.95,0.983298263331,35.0,32.0,0.95,0.983298263331,35.0,32.0,custom_states,False,False,False,,
cycle4,cycle,4,monomial_full,sup013_P210_ph012,True,False,0.0,0.666667,127.0,133.4,8.71,342.0,352.4,84.0,85.2,128.0,"{'rz': 108, 'sx': 84, 'rx': 66, 'cz': 45, 'rzz': 39, 'barrier': 8}",5,5,0,ok,,39.0,36.0,ok,,0.95,0.987833544029,36.0,32.0,0.95,0.987833544029,36.0,32.0,0.95,0.987833544029,36.0,32.0,custom_states,False,False,False,,
cycle4,cycle,4,monomial_full,sup013_P210_ph020,True,False,0.0,0.666667,127.0,133.4,8.71,342.0,352.6,84.0,85.2,128.0,"{'rz': 108, 'sx': 84, 'rx': 66, 'cz': 45, 'rzz': 39, 'barrier': 8}",5,5,0,ok,,39.0,36.0,ok,,0.96,0.96058258366,36.0,32.0,0.96,0.96058258366,36.0,32.0,0.96,0.96058258366,36.0,32.0,custom_states,False,False,False,,
cycle4,cycle,4,monomial_full,sup013_P210_ph021,True,False,0.0,0.666667,127.0,133.4,8.71,342.0,352.4,84.0,85.2,128.0,"{'rz': 108, 'sx': 84, 'rx': 66, 'cz': 45, 'rzz': 39, 'barrier': 8}",5,5,0,ok,,39.0,36.0,ok,,0.96,0.960204537139,35.0,32.0,0.96,0.960204537139,35.0,32.0,0.96,0.960204537139,35.0,32.0,custom_states,False,False,False,,
cycle4,cycle,4,monomial_full,sup013_P210_ph022,True,False,0.0,0.666667,127.0,133.4,8.71,344.0,354.6,84.0,85.2,128.0,"{'rz': 109, 'sx': 84, 'rx': 67, 'cz': 45, 'rzz': 39, 'barrier': 8}",5,5,0,ok,,39.0,36.0,ok,,0.96,0.987833544029,36.0,32.0,0.96,0.987833544029,36.0,32.0,0.96,0.987833544029,36.0,32.0,custom_states,False,False,False,,
cycle4,cycle,4,monomial_full,sup013_P210_ph100,True,False,0.0,0.666667,127.0,133.4,8.71,343.0,354.2,84.0,85.2,128.0,"{'rz': 107, 'sx': 84, 'rx': 68, 'cz': 45, 'rzz': 39, 'barrier': 8}",5,5,0,ok,,39.0,36.0,ok,,0.95,0.987833544029,36.0,32.0,0.95,0.987833544029,36.0,32.0,0.95,0.987833544029,36.0,32.0,custom_states,False,False,False,,
cycle4,cycle,4,monomial_full,sup013_P210_ph101,True,False,0.0,0.666667,126.0,132.6,9.07,340.0,351.0,84.0,85.2,128.0,"{'rz': 108, 'sx': 84, 'rx': 64, 'cz': 45, 'rzz': 39, 'barrier': 8}",5,5,0,ok,,39.0,36.0,ok,,0.95,0.987833544029,36.0,32.0,0.95,0.987833544029,36.0,32.0,0.95,0.987833544029,36.0,32.0,custom_states,False,False,False,,
cycle4,cycle,4,monomial_full,sup013_P210_ph102,True,False,0.0,0.666667,127.0,133.2,8.35,344.0,354.4,84.0,85.2,128.0,"{'rz': 109, 'sx': 84, 'rx': 67, 'cz': 45, 'rzz': 39, 'barrier': 8}",5,5,0,ok,,39.0,36.0,ok,,0.96,0.960782158442,36.0,32.0,0.96,0.960782158442,36.0,32.0,0.96,0.960782158442,36.0,32.0,custom_states,False,False,False,,
cycle4,cycle,4,monomial_full,sup013_P210_ph110,True,False,0.0,0.666667,127.0,133.0,8.0,343.0,353.6,84.0,85.2,128.0,"{'rz': 106, 'sx': 84, 'rx': 69, 'cz': 45, 'rzz': 39, 'barrier': 8}",5,5,0,ok,,39.0,36.0,ok,,0.95,0.987833544029,36.0,32.0,0.95,0.987833544029,36.0,32.0,0.95,0.987833544029,36.0,32.0,custom_states,False,False,False,,
cycle4,cycle,4,monomial_full,sup013_P210_ph111,True,False,0.0,0.666667,127.0,132.8,7.65,344.0,354.2,84.0,85.2,128.0,"{'rz': 108, 'sx': 84, 'rx': 68, 'cz': 45, 'rzz': 39, 'barrier': 8}",5,5,0,ok,,39.0,36.0,ok,,0.95,0.987833544029,35.0,32.0,0.95,0.987833544029,35.0,32.0,0.95,0.987833544029,35.0,32.0,custom_states,False,False,False,,
cycle4,cycle,4,monomial_full,sup013_P210_ph112,True,False,0.0,0.666667,124.0,131.0,9.25,336.0,347.0,84.0,85.2,128.0,"{'rz': 103, 'sx': 84, 'rx': 65, 'cz': 45, 'rzz': 39, 'barrier': 8}",5,5,0,ok,,37.0,36.0,ok,,0.95,0.987833544029,34.0,32.0,0.95,0.987833544029,34.0,32.0,0.95,0.987833544029,34.0,32.0,custom_states,False,False,False,,
cycle4,cycle,4,monomial_full,sup013_P210_ph120,True,False,0.0,0.666667,127.0,133.0,8.0,343.0,353.2,84.0,85.2,128.0,"{'rz': 108, 'sx': 84, 'rx': 67, 'cz': 45, 'rzz': 39, 'barrier': 8}",5,5,0,ok,,39.0,36.0,ok,,0.96,0.960367325317,36.0,32.0,0.96,0.960367325317,36.0,32.0,0.96,0.960367325317,36.0,32.0,custom_states,False,False,False,,
cycle4,cycle,4,monomial_full,sup013_P210_ph121,True,False,0.0,0.666667,127.0,133.4,8.71,340.0,351.0,84.0,85.2,128.0,"{'rz': 107, 'sx': 84, 'rx': 65, 'cz': 45, 'rzz': 39, 'barrier': 8}",5,5,0,ok,,39.0,36.0,ok,,0.96,0.960782180207,36.0,32.0,0.96,0.960782180207,36.0,32.0,0.96,0.960782180207,36.0,32.0,custom_states,False,False,False,,
cycle4,cycle,4,monomial_full,sup013_P210_ph122,True,False,0.0,0.666667,127.0,133.4,8.71,343.0,354.0,84.0,85.2,128.0,"{'rz': 109, 'sx': 84, 'rx': 66, 'cz': 45, 'rzz': 39, 'barrier': 8}",5,5,0,ok,,39.0,36.0,ok,,0.95,0.960782180207,36.0,32.0,0.95,0.960782180207,36.0,32.0,0.95,0.960782180207,36.0,32.0,custom_states,False,False,False,,
cycle4,cycle,4,monomial_full,sup013_P210_ph200,True,False,0.0,0.666667,127.0,133.4,8.71,342.0,352.8,84.0,85.2,128.0,"{'rz': 109, 'sx': 84, 'rx': 65, 'cz': 45, 'rzz': 39, 'barrier': 8}",5,5,0,ok,,39.0,36.0,ok,,0.96,0.96058258366,35.0,32.0,0.96,0.96058258366,35.0,32.0,0.96,0.96058258366,35.0,32.0,custom_states,False,False,False,,
cycle4,cycle,4,monomial_full,sup013_P210_ph201,True,False,0.0,0.666667,127.0,133.2,8.35,342.0,352.8,84.0,85.2,128.0,"{'rz': 108, 'sx': 84, 'rx': 66, 'cz': 45, 'rzz': 39, 'barrier': 8}",5,5,0,ok,,39.0,36.0,ok,,0.96,0.960738401751,36.0,32.0,0.96,0.960738401751,36.0,32.0,0.96,0.960738401751,36.0,32.0,custom_states,False,False,False,,
cycle4,cycle,4,monomial_full,sup013_P210_ph202,True,False,0.0,0.666667,127.0,133.4,8.71,344.0,354.8,84.0,85.2,128.0,"{'rz': 108, 'sx': 84, 'rx': 68, 'cz': 45, 'rzz': 39, 'barrier': 8}",5,5,0,ok,,39.0,36.0,ok,,0.96,0.987833544029,36.0,32.0,0.96,0.987833544029,36.0,32.0,0.96,0.987833544029,36.0,32.0,custom_states,False,False,False,,
cycle4,cycle,4,monomial_full,sup013_P210_ph210,True,False,0.0,0.666667,127.0,133.4,8.71,342.0,352.4,84.0,85.2,128.0,"{'rz': 108, 'sx': 84, 'rx': 66, 'cz': 45, 'rzz': 39, 'barrier': 8}",5,5,0,ok,,39.0,36.0,ok,,0.95,0.982316639819,35.0,32.0,0.95,0.982316639819,35.0,32.0,0.95,0.982316639819,35.0,32.0,custom_states,False,False,False,,
cycle4,cycle,4,monomial_full,sup013_P210_ph211,True,False,0.0,0.666667,126.0,132.6,8.8,343.0,354.0,84.0,85.2,128.0,"{'rz': 107, 'sx': 84, 'rx': 68, 'cz': 45, 'rzz': 39, 'barrier': 8}",5,5,0,ok,,38.0,36.0,ok,,0.96,0.960744114244,35.0,32.0,0.96,0.960744114244,35.0,32.0,0.96,0.960744114244,35.0,32.0,custom_states,False,False,False,,
cycle4,cycle,4,monomial_full,sup013_P210_ph212,True,False,0.0,0.666667,127.0,133.4,8.71,344.0,354.6,84.0,85.2,128.0,"{'rz': 109, 'sx': 84, 'rx': 67, 'cz': 45, 'rzz': 39, 'barrier': 8}",5,5,0,ok,,39.0,36.0,ok,,0.96,0.90595537806,36.0,32.0,0.96,0.90595537806,36.0,32.0,,,,,custom_states,False,False,False,,
cycle4,cycle,4,monomial_full,sup013_P210_ph220,True,False,0.0,0.666667,126.0,132.2,8.35,338.0,349.0,84.0,85.2,128.0,"{'rz': 103, 'sx': 84, 'rx': 67, 'cz': 45, 'rzz': 39, 'barrier': 8}",5,5,0,ok,,39.0,36.0,ok,,0.95,0.960571637118,36.0,32.0,0.95,0.960571637118,36.0,32.0,0.95,0.960571637118,36.0,32.0,custom_states,False,False,False,,
cycle4,cycle,4,monomial_full,sup013_P210_ph221,True,False,0.0,0.666667,127.0,133.2,8.35,340.0,350.8,84.0,85.2,128.0,"{'rz': 107, 'sx': 84, 'rx': 65, 'cz': 45, 'rzz': 39, 'barrier': 8}",5,5,0,ok,,39.0,36.0,ok,,0.96,0.960782180207,36.0,32.0,0.96,0.960782180207,36.0,32.0,0.96,0.960782180207,36.0,32.0,custom_states,False,False,False,,
cycle4,cycle,4,monomial_full,sup013_P210_ph222,True,False,0.0,0.666667,127.0,133.0,8.0,343.0,353.6,84.0,85.2,128.0,"{'rz': 107, 'sx': 84, 'rx': 68, 'cz': 45, 'rzz': 39, 'barrier': 8}",5,5,0,ok,,39.0,36.0,ok,,0.96,0.987833544029,36.0,32.0,0.96,0.987833544029,36.0,32.0,0.96,0.987833544029,36.0,32.0,custom_states,False,False,False,,
cycle4,cycle,4,monomial_full,sup023_P012_ph000,True,False,0.0,0.666667,126.0,131.8,7.65,340.0,349.6,84.0,85.2,128.0,"{'rz': 104, 'sx': 84, 'rx': 68, 'cz': 45, 'rzz': 39, 'barrier': 8}",5,5,0,ok,,38.0,36.0,ok,,0.95,0.96058258366,35.0,32.0,0.95,0.96058258366,35.0,32.0,0.95,0.96058258366,35.0,32.0,custom_states,False,False,False,,
cycle4,cycle,4,monomial_full,sup023_P012_ph001,True,False,0.0,0.666667,127.0,133.4,8.71,341.0,351.6,84.0,85.2,128.0,"{'rz': 108, 'sx': 84, 'rx': 65, 'cz': 45, 'rzz': 39, 'barrier': 8}",5,5,0,ok,,39.0,36.0,ok,,0.95,0.935556492516,35.0,32.0,0.95,0.935556492516,35.0,32.0,0.99,0.987833544029,36.0,32.0,custom_states,False,False,False,,
cycle4,cycle,4,monomial_full,sup023_P012_ph002,True,False,0.0,0.666667,127.0,133.4,8.71,344.0,354.6,84.0,85.2,128.0,"{'rz': 109, 'sx': 84, 'rx': 67, 'cz': 45, 'rzz': 39, 'barrier': 8}",5,5,0,ok,,39.0,36.0,ok,,0.98,0.930783293106,36.0,32.0,0.98,0.930783293106,36.0,32.0,,,,,custom_states,False,False,False,,
cycle4,cycle,4,monomial_full,sup023_P012_ph010,True,False,0.0,0.666667,127.0,133.4,8.71,342.0,352.4,84.0,85.2,128.0,"{'rz': 108, 'sx': 84, 'rx': 66, 'cz': 45, 'rzz': 39, 'barrier': 8}",5,5,0,ok,,39.0,36.0,ok,,0.95,0.959273313834,36.0,32.0,0.95,0.959273313834,36.0,32.0,0.95,0.959273313834,36.0,32.0,custom_states,False,False,False,,
cycle4,cycle,4,monomial_full,sup023_P012_ph011,True,False,0.0,0.666667,127.0,133.4,8.71,343.0,354.4,84.0,85.2,128.0,"{'rz': 107, 'sx': 84, 'rx': 68, 'cz': 45, 'rzz': 39, 'barrier': 8}",5,5,0,ok,,39.0,36.0,ok,,0.96,0.987833544029,36.0,32.0,0.96,0.987833544029,36.0,32.0,0.96,0.987833544029,36.0,32.0,custom_states,False,False,False,,
cycle4,cycle,4,monomial_full,sup023_P012_ph012,True,False,0.0,0.666667,127.0,133.2,8.35,339.0,350.2,84.0,85.2,128.0,"{'rz': 105, 'sx': 84, 'rx': 66, 'cz': 45, 'rzz': 39, 'barrier': 8}",5,5,0,ok,,39.0,36.0,ok,,0.95,0.933327492289,36.0,32.0,0.95,0.933327492289,36.0,32.0,,,,,custom_states,False,False,False,,
cycle4,cycle,4,monomial_full,sup023_P012_ph020,True,False,0.0,0.666667,127.0,133.2,8.35,343.0,353.8,84.0,85.2,128.0,"{'rz': 109, 'sx': 84, 'rx': 66, 'cz': 45, 'rzz': 39, 'barrier': 8}",5,5,0,ok,,39.0,36.0,ok,,0.96,0.960471867345,36.0,32.0,0.96,0.960471867345,36.0,32.0,0.96,0.960471867345,36.0,32.0,custom_states,False,False,False,,
cycle4,cycle,4,monomial_full,sup023_P012_ph021,True,False,0.0,0.666667,127.0,133.0,8.0,336.0,347.4,84.0,85.2,128.0,"{'rz': 102, 'sx': 84, 'rx': 66, 'cz': 45, 'rzz': 39, 'barrier': 8}",5,5,0,ok,,39.0,36.0,ok,,0.95,0.864457324805,35.0,32.0,0.99,0.960734953656,36.0,32.0,0.99,0.960734953656,36.0,32.0,custom_states,False,False,False,,
cycle4,cycle,4,monomial_full,sup023_P012_ph022,True,False,0.0,0.666667,127.0,133.4,8.71,343.0,354.0,84.0,85.2,128.0,"{'rz': 109, 'sx': 84, 'rx': 66, 'cz': 45, 'rzz': 39, 'barrier': 8}",5,5,0,ok,,39.0,36.0,ok,,0.95,0.960704492879,36.0,32.0,0.95,0.960704492879,36.0,32.0,0.95,0.960704492879,36.0,32.0,custom_states,False,False,False,,
cycle4,cycle,4,monomial_full,sup023_P012_ph100,True,False,0.0,0.666667,127.0,133.4,8.71,342.0,352.8,84.0,85.2,128.0,"{'rz': 109, 'sx': 84, 'rx': 65, 'cz': 45, 'rzz': 39, 'barrier': 8}",5,5,0,ok,,39.0,36.0,ok,,0.98,0.960645724999,36.0,32.0,0.98,0.960645724999,36.0,32.0,0.98,0.960645724999,36.0,32.0,custom_states,False,False,False,,
cycle4,cycle,4,monomial_full,sup023_P012_ph101,True,False,0.0,0.666667,127.0,133.4,8.71,344.0,354.6,84.0,85.2,128.0,"{'rz': 109, 'sx': 84, 'rx': 67, 'cz': 45, 'rzz': 39, 'barrier': 8}",5,5,0,ok,,39.0,36.0,ok,,0.95,0.987833544029,36.0,32.0,0.95,0.987833544029,36.0,32.0,0.95,0.987833544029,36.0,32.0,custom_states,False,False,False,,
cycle4,cycle,4,monomial_full,sup023_P012_ph102,True,False,0.0,0.666667,127.0,133.0,8.0,337.0,348.0,84.0,85.2,128.0,"{'rz': 102, 'sx': 84, 'rx': 67, 'cz': 45, 'rzz': 39, 'barrier': 8}",5,5,0,ok,,39.0,36.0,ok,,0.95,0.858055578905,35.0,32.0,0.99,0.960443594863,36.0,32.0,0.99,0.960443594863,36.0,32.0,custom_states,False,False,False,,
cycle4,cycle,4,monomial_full,sup023_P012_ph110,True,False,0.0,0.666667,127.0,133.4,8.71,345.0,355.8,84.0,85.2,128.0,"{'rz': 109, 'sx': 84, 'rx': 68, 'cz': 45, 'rzz': 39, 'barrier': 8}",5,5,0,ok,,39.0,36.0,ok,,0.95,0.96058258366,35.0,32.0,0.95,0.96058258366,35.0,32.0,0.95,0.96058258366,35.0,32.0,custom_states,False,False,False,,
cycle4,cycle,4,monomial_full,sup023_P012_ph111,True,False,0.0,0.666667,127.0,133.0,8.0,341.0,352.0,84.0,85.2,128.0,"{'rz': 107, 'sx': 84, 'rx': 66, 'cz': 45, 'rzz': 39, 'barrier': 8}",5,5,0,ok,,39.0,36.0,ok,,0.95,0.960571637118,35.0,32.0,0.95,0.960571637118,35.0,32.0,0.95,0.960571637118,35.0,32.0,custom_states,False,False,False,,
cycle4,cycle,4,monomial_full,sup023_P012_ph112,True,False,0.0,0.666667,127.0,133.4,8.71,342.0,352.6,84.0,85.2,128.0,"{'rz': 107, 'sx': 84, 'rx': 67, 'cz': 45, 'rzz': 39, 'barrier': 8}",5,5,0,ok,,39.0,36.0,ok,,0.96,0.960436654389,36.0,32.0,0.96,0.960436654389,36.0,32.0,0.96,0.960436654389,36.0,32.0,custom_states,False,False,False,,
cycle4,cycle,4,monomial_full,sup023_P012_ph120,True,False,0.0,0.666667,127.0,133.0,8.0,340.0,350.6,84.0,85.2,128.0,"{'rz': 106, 'sx': 84, 'rx': 66, 'cz': 45, 'rzz': 39, 'barrier': 8}",5,5,0,ok,,39.0,36.0,ok,,0.95,0.859208851358,36.0,32.0,0.98,0.987833544029,36.0,32.0,0.98,0.987833544029,36.0,32.0,custom_states,False,False,False,,
cycle4,cycle,4,monomial_full,sup023_P012_ph121,True,False,0.0,0.666667,127.0,133.2,8.35,345.0,355.2,84.0,85.2,128.0,"{'rz': 108, 'sx': 84, 'rx': 69, 'cz': 45, 'rzz': 39, 'barrier': 8}",5,5,0,ok,,39.0,36.0,ok,,0.96,0.987833544029,36.0,32.0,0.96,0.987833544029,36.0,32.0,0.96,0.987833544029,36.0,32.0,custom_states,False,False,False,,
cycle4,cycle,4,monomial_full,sup023_P012_ph122,True,False,0.0,0.666667,127.0,133.4,8.71,342.0,352.6,84.0,85.2,128.0,"{'rz': 107, 'sx': 84, 'rx': 67, 'cz': 45, 'rzz': 39, 'barrier': 8}",5,5,0,ok,,39.0,36.0,ok,,0.98,0.960440665051,36.0,32.0,0.98,0.960440665051,36.0,32.0,0.98,0.960440665051,36.0,32.0,custom_states,False,False,False,,
cycle4,cycle,4,monomial_full,sup023_P012_ph200,True,False,0.0,0.666667,127.0,133.4,8.71,342.0,352.8,84.0,85.2,128.0,"{'rz': 107, 'sx': 84, 'rx': 67, 'cz': 45, 'rzz': 39, 'barrier': 8}",5,5,0,ok,,39.0,36.0,ok,,0.95,0.909905153073,35.0,32.0,0.95,0.909905153073,35.0,32.0,0.99,0.960709682236,36.0,32.0,custom_states,False,False,False,,
cycle4,cycle,4,monomial_full,sup023_P012_ph201,True,False,0.0,0.666667,127.0,133.0,8.0,342.0,353.0,84.0,85.2,128.0,"{'rz': 106, 'sx': 84, 'rx': 68, 'cz': 45, 'rzz': 39, 'barrier': 8}",5,5,0,ok,,39.0,36.0,ok,,0.98,0.987833544029,36.0,32.0,0.98,0.987833544029,36.0,32.0,0.98,0.987833544029,36.0,32.0,custom_states,False,False,False,,
cycle4,cycle,4,monomial_full,sup023_P012_ph202,True,False,0.0,0.666667,127.0,133.4,8.71,345.0,355.4,84.0,85.2,128.0,"{'rz': 108, 'sx': 84, 'rx': 69, 'cz': 45, 'rzz': 39, 'barrier': 8}",5,5,0,ok,,39.0,36.0,ok,,0.96,0.960576104232,36.0,32.0,0.96,0.960576104232,36.0,32.0,0.96,0.960576104232,36.0,32.0,custom_states,False,False,False,,
cycle4,cycle,4,monomial_full,sup023_P012_ph210,True,False,0.0,0.666667,127.0,133.2,8.35,339.0,349.4,84.0,85.2,128.0,"{'rz': 104, 'sx': 84, 'rx': 67, 'cz': 45, 'rzz': 39, 'barrier': 8}",5,5,0,ok,,39.0,36.0,ok,,0.95,0.960535428816,36.0,32.0,0.95,0.960535428816,36.0,32.0,0.95,0.960535428816,36.0,32.0,custom_states,False,False,False,,
cycle4,cycle,4,monomial_full,sup023_P012_ph211,True,False,0.0,0.666667,127.0,133.4,8.71,342.0,352.8,84.0,85.2,128.0,"{'rz': 109, 'sx': 84, 'rx': 65, 'cz': 45, 'rzz': 39, 'barrier': 8}",5,5,0,ok,,39.0,36.0,ok,,0.97,0.960452155855,36.0,32.0,0.97,0.960452155855,36.0,32.0,0.97,0.960452155855,36.0,32.0,custom_states,False,False,False,,
cycle4,cycle,4,monomial_full,sup023_P012_ph212,True,False,0.0,0.666667,127.0,133.4,8.71,342.0,352.4,84.0,85.2,128.0,"{'rz': 108, 'sx': 84, 'rx': 66, 'cz': 45, 'rzz': 39, 'barrier': 8}",5,5,0,ok,,39.0,36.0,ok,,0.96,0.904438742905,35.0,32.0,0.96,0.904438742905,35.0,32.0,0.99,0.987833544029,36.0,32.0,custom_states,False,False,False,,
cycle4,cycle,4,monomial_full,sup023_P012_ph220,True,False,0.0,0.666667,127.0,133.4,8.71,341.0,352.2,84.0,85.2,128.0,"{'rz': 106, 'sx': 84, 'rx': 67, 'cz': 45, 'rzz': 39, 'barrier': 8}",5,5,0,ok,,39.0,36.0,ok,,0.96,0.987833544029,36.0,32.0,0.96,0.987833544029,36.0,32.0,0.96,0.987833544029,36.0,32.0,custom_states,False,False,False,,
cycle4,cycle,4,monomial_full,sup023_P012_ph221,True,False,0.0,0.666667,127.0,133.4,8.71,344.0,354.6,84.0,85.2,128.0,"{'rz': 109, 'sx': 84, 'rx': 67, 'cz': 45, 'rzz': 39, 'barrier': 8}",5,5,0,ok,,39.0,36.0,ok,,0.95,0.871487930225,35.0,32.0,,,,,,,,,custom_states,False,False,False,,
cycle4,cycle,4,monomial_full,sup023_P012_ph222,True,False,0.0,0.666667,127.0,133.0,8.0,343.0,353.6,84.0,85.2,128.0,"{'rz': 107, 'sx': 84, 'rx': 68, 'cz': 45, 'rzz': 39, 'barrier': 8}",5,5,0,ok,,39.0,36.0,ok,,0.95,0.987833544029,36.0,32.0,0.95,0.987833544029,36.0,32.0,0.95,0.987833544029,36.0,32.0,custom_states,False,False,False,,
cycle4,cycle,4,monomial_full,sup023_P021_ph000,True,False,0.0,0.666667,118.0,123.8,7.11,305.0,314.8,80.0,81.2,128.0,"{'rz': 87, 'sx': 84, 'rx': 54, 'cz': 49, 'rzz': 31, 'barrier': 8}",5,5,0,ok,,33.0,32.0,ok,,0.98,0.967139880379,30.0,28.0,0.98,0.967139880379,30.0,28.0,0.98,0.967139880379,30.0,28.0,custom_states,False,False,False,,
cycle4,cycle,4,monomial_full,sup023_P021_ph001,True,False,0.0,0.666667,119.0,125.2,7.6,313.0,322.6,80.0,81.2,128.0,"{'rz': 94, 'sx': 84, 'rx': 55, 'cz': 49, 'rzz': 31, 'barrier': 8}",5,5,0,ok,,34.0,32.0,ok,,0.96,0.987833544029,31.0,28.0,0.96,0.987833544029,31.0,28.0,0.96,0.987833544029,31.0,28.0,custom_states,False,False,False,,
cycle4,cycle,4,monomial_full,sup023_P021_ph002,True,False,0.0,0.666667,121.0,127.0,7.46,324.0,333.4,80.0,81.2,128.0,"{'rz': 98, 'sx': 84, 'rx': 62, 'cz': 49, 'rzz': 31, 'barrier': 8}",5,5,0,ok,,34.0,32.0,ok,,0.95,0.987833544029,31.0,28.0,0.95,0.987833544029,31.0,28.0,0.95,0.987833544029,31.0,28.0,custom_states,False,False,False,,
cycle4,cycle,4,monomial_full,sup023_P021_ph010,True,False,0.0,0.666667,120.0,126.2,7.65,323.0,332.4,80.0,81.2,128.0,"{'rz': 97, 'sx': 84, 'rx': 62, 'cz': 49, 'rzz': 31, 'barrier': 8}",5,5,0,ok,,34.0,32.0,ok,,0.95,0.987833544029,31.0,28.0,0.95,0.987833544029,31.0,28.0,0.95,0.987833544029,31.0,28.0,custom_states,False,False,False,,
cycle4,cycle,4,monomial_full,sup023_P021_ph011,True,False,0.0,0.666667,120.0,125.8,7.11,319.0,328.4,80.0,81.2,128.0,"{'rz': 93, 'sx': 84, 'rx': 62, 'cz': 49, 'rzz': 31, 'barrier': 8}",5,5,0,ok,,34.0,32.0,ok,,0.95,0.987833544029,31.0,28.0,0.95,0.987833544029,31.0,28.0,0.95,0.987833544029,31.0,28.0,custom_states,False,False,False,,
cycle4,cycle,4,monomial_full,sup023_P021_ph012,True,False,0.0,0.666667,121.0,127.0,7.46,322.0,331.8,80.0,81.2,128.0,"{'rz': 97, 'sx': 84, 'rx': 61, 'cz': 49, 'rzz': 31, 'barrier': 8}",5,5,0,ok,,34.0,32.0,ok,,0.96,0.987833544029,31.0,28.0,0.96,0.987833544029,31.0,28.0,0.96,0.987833544029,31.0,28.0,custom_states,False,False,False,,
cycle4,cycle,4,monomial_full,sup023_P021_ph020,True,False,0.0,0.666667,121.0,127.0,7.46,324.0,333.4,80.0,81.2,128.0,"{'rz': 98, 'sx': 84, 'rx': 62, 'cz': 49, 'rzz': 31, 'barrier': 8}",5,5,0,ok,,34.0,32.0,ok,,0.96,0.987833544029,31.0,28.0,0.96,0.987833544029,31.0,28.0,0.96,0.987833544029,31.0,28.0,custom_states,False,False,False,,
cycle4,cycle,4,monomial_full,sup023_P021_ph021,True,False,0.0,0.666667,121.0,127.0,7.46,322.0,331.8,80.0,81.2,128.0,"{'rz': 97, 'sx': 84, 'rx': 61, 'cz': 49, 'rzz': 31, 'barrier': 8}",5,5,0,ok,,34.0,32.0,ok,,0.96,0.987833544029,31.0,28.0,0.96,0.987833544029,31.0,28.0,0.96,0.987833544029,31.0,28.0,custom_states,False,False,False,,
cycle4,cycle,4,monomial_full,sup023_P021_ph022,True,False,0.0,0.666667,120.0,125.6,6.86,318.0,327.4,80.0,81.2,128.0,"{'rz': 92, 'sx': 84, 'rx': 62, 'cz': 49, 'rzz': 31, 'barrier': 8}",5,5,0,ok,,34.0,32.0,ok,,0.96,0.987833544029,31.0,28.0,0.96,0.987833544029,31.0,28.0,0.96,0.987833544029,31.0,28.0,custom_states,False,False,False,,
cycle4,cycle,4,monomial_full,sup023_P021_ph100,True,False,0.0,0.666667,120.0,126.0,7.38,314.0,323.6,80.0,81.2,128.0,"{'rz': 95, 'sx': 84, 'rx': 55, 'cz': 49, 'rzz': 31, 'barrier': 8}",5,5,0,ok,,34.0,32.0,ok,,0.96,0.987833544029,31.0,28.0,0.96,0.987833544029,31.0,28.0,0.96,0.987833544029,31.0,28.0,custom_states,False,False,False,,
cycle4,cycle,4,monomial_full,sup023_P021_ph101,True,False,0.0,0.666667,121.0,127.0,7.46,322.0,331.8,80.0,81.2,128.0,"{'rz': 97, 'sx': 84, 'rx': 61, 'cz': 49, 'rzz': 31, 'barrier': 8}",5,5,0,ok,,34.0,32.0,ok,,0.95,0.904752161355,31.0,28.0,0.95,0.904752161355,31.0,28.0,0.99,0.987833544029,31.0,28.0,custom_states,False,False,False,,
cycle4,cycle,4,monomial_full,sup023_P021_ph102,True,False,0.0,0.666667,118.0,123.4,6.68,308.0,317.6,80.0,81.2,128.0,"{'rz': 90, 'sx': 84, 'rx': 54, 'cz': 49, 'rzz': 31, 'barrier': 8}",5,5,0,ok,,33.0,32.0,ok,,0.96,0.987833544029,30.0,28.0,0.96,0.987833544029,30.0,28.0,0.96,0.987833544029,30.0,28.0,custom_states,False,False,False,,
cycle4,cycle,4,monomial_full,sup023_P021_ph110,True,False,0.0,0.666667,119.0,125.0,7.38,317.0,326.8,80.0,81.2,128.0,"{'rz': 92, 'sx': 84, 'rx': 61, 'cz': 49, 'rzz': 31, 'barrier': 8}",5,5,0,ok,,34.0,32.0,ok,,0.96,0.987833544029,31.0,28.0,0.96,0.987833544029,31.0,28.0,0.96,0.987833544029,31.0,28.0,custom_states,False,False,False,,
cycle4,cycle,4,monomial_full,sup023_P021_ph111,True,False,0.0,0.666667,120.0,126.2,7.65,323.0,332.4,80.0,81.2,128.0,"{'rz': 97, 'sx': 84, 'rx': 62, 'cz': 49, 'rzz': 31, 'barrier': 8}",5,5,0,ok,,34.0,32.0,ok,,0.96,0.987833544029,31.0,28.0,0.96,0.987833544029,31.0,28.0,0.96,0.987833544029,31.0,28.0,custom_states,False,False,False,,
cycle4,cycle,4,monomial_full,sup023_P021_ph112,True,False,0.0,0.666667,120.0,126.0,7.38,314.0,323.6,80.0,81.2,128.0,"{'rz': 95, 'sx': 84, 'rx': 55, 'cz': 49, 'rzz': 31, 'barrier': 8}",5,5,0,ok,,34.0,32.0,ok,,0.96,0.987833544029,31.0,28.0,0.96,0.987833544029,31.0,28.0,0.96,0.987833544029,31.0,28.0,custom_states,False,False,False,,
cycle4,cycle,4,monomial_full,sup023_P021_ph120,True,False,0.0,0.666667,120.0,126.2,7.65,323.0,332.4,80.0,81.2,128.0,"{'rz': 97, 'sx': 84, 'rx': 62, 'cz': 49, 'rzz': 31, 'barrier': 8}",5,5,0,ok,,34.0,32.0,ok,,0.95,0.987833544029,31.0,28.0,0.95,0.987833544029,31.0,28.0,0.95,0.987833544029,31.0,28.0,custom_states,False,False,False,,
cycle4,cycle,4,monomial_full,sup023_P021_ph121,True,False,0.0,0.666667,120.0,125.4,6.62,318.0,327.4,80.0,81.2,128.0,"{'rz': 93, 'sx': 84, 'rx': 61, 'cz': 49, 'rzz': 31, 'barrier': 8}",5,5,0,ok,,34.0,32.0,ok,,0.95,0.987833544029,31.0,28.0,0.95,0.987833544029,31.0,28.0,0.95,0.987833544029,31.0,28.0,custom_states,False,False,False,,
cycle4,cycle,4,monomial_full,sup023_P021_ph122,True,False,0.0,0.666667,121.0,127.0,7.46,320.0,329.6,80.0,81.2,128.0,"{'rz': 95, 'sx': 84, 'rx': 61, 'cz': 49, 'rzz': 31, 'barrier': 8}",5,5,0,ok,,34.0,32.0,ok,,0.98,0.987833544029,31.0,28.0,0.98,0.987833544029,31.0,28.0,0.98,0.987833544029,31.0,28.0,custom_states,False,False,False,,
cycle4,cycle,4,monomial_full,sup023_P021_ph200,True,False,0.0,0.666667,119.0,125.2,7.6,313.0,322.6,80.0,81.2,128.0,"{'rz': 94, 'sx': 84, 'rx': 55, 'cz': 49, 'rzz': 31, 'barrier': 8}",5,5,0,ok,,33.0,32.0,ok,,0.95,0.987833544029,30.0,28.0,0.95,0.987833544029,30.0,28.0,0.95,0.987833544029,30.0,28.0,custom_states,False,False,False,,
cycle4,cycle,4,monomial_full,sup023_P021_ph201,True,False,0.0,0.666667,118.0,123.4,6.68,308.0,317.6,80.0,81.2,128.0,"{'rz': 90, 'sx': 84, 'rx': 54, 'cz': 49, 'rzz': 31, 'barrier': 8}",5,5,0,ok,,33.0,32.0,ok,,0.95,0.934791382269,30.0,28.0,0.95,0.934791382269,30.0,28.0,0.99,0.987833544029,30.0,28.0,custom_states,False,False,False,,
cycle4,cycle,4,monomial_full,sup023_P021_ph202,True,False,0.0,0.666667,121.0,127.0,7.46,322.0,331.8,80.0,81.2,128.0,"{'rz': 97, 'sx': 84, 'rx': 61, 'cz': 49, 'rzz': 31, 'barrier': 8}",5,5,0,ok,,34.0,32.0,ok,,0.96,0.987833544029,31.0,28.0,0.96,0.987833544029,31.0,28.0,0.96,0.987833544029,31.0,28.0,custom_states,False,False,False,,
cycle4,cycle,4,monomial_full,sup023_P021_ph210,True,False,0.0,0.666667,120.0,126.0,7.38,314.0,323.6,80.0,81.2,128.0,"{'rz': 95, 'sx': 84, 'rx': 55, 'cz': 49, 'rzz': 31, 'barrier': 8}",5,5,0,ok,,34.0,32.0,ok,,0.96,0.987833544029,31.0,28.0,0.96,0.987833544029,31.0,28.0,0.96,0.987833544029,31.0,28.0,custom_states,False,False,False,,
cycle4,cycle,4,monomial_full,sup023_P021_ph211,True,False,0.0,0.666667,121.0,127.0,7.46,320.0,329.6,80.0,81.2,128.0,"{'rz': 95, 'sx': 84, 'rx': 61, 'cz': 49, 'rzz': 31, 'barrier': 8}",5,5,0,ok,,34.0,32.0,ok,,0.95,0.987427521744,31.0,28.0,0.95,0.987427521744,31.0,28.0,0.95,0.987427521744,31.0,28.0,custom_states,False,False,False,,
cycle4,cycle,4,monomial_full,sup023_P021_ph212,True,False,0.0,0.666667,118.0,123.8,7.11,309.0,318.6,80.0,81.2,128.0,"{'rz': 90, 'sx': 84, 'rx': 55, 'cz': 49, 'rzz': 31, 'barrier': 8}",5,5,0,ok,,33.0,32.0,ok,,0.96,0.987833544029,30.0,28.0,0.96,0.987833544029,30.0,28.0,0.96,0.987833544029,30.0,28.0,custom_states,False,False,False,,
cycle4,cycle,4,monomial_full,sup023_P021_ph220,True,False,0.0,0.666667,118.0,123.4,6.68,304.0,313.8,80.0,81.2,128.0,"{'rz': 87, 'sx': 84, 'rx': 53, 'cz': 49, 'rzz': 31, 'barrier': 8}",5,5,0,ok,,33.0,32.0,ok,,0.96,0.987833544029,30.0,28.0,0.96,0.987833544029,30.0,28.0,0.96,0.987833544029,30.0,28.0,custom_states,False,False,False,,
cycle4,cycle,4,monomial_full,sup023_P021_ph221,True,False,0.0,0.666667,120.0,126.2,7.65,323.0,332.4,80.0,81.2,128.0,"{'rz': 97, 'sx': 84, 'rx': 62, 'cz': 49, 'rzz': 31, 'barrier': 8}",5,5,0,ok,,34.0,32.0,ok,,0.95,0.987833544029,31.0,28.0,0.95,0.987833544029,31.0,28.0,0.95,0.987833544029,31.0,28.0,custom_states,False,False,False,,
cycle4,cycle,4,monomial_full,sup023_P021_ph222,True,False,0.0,0.666667,120.0,126.0,7.38,314.0,323.6,80.0,81.2,128.0,"{'rz': 95, 'sx': 84, 'rx': 55, 'cz': 49, 'rzz': 31, 'barrier': 8}",5,5,0,ok,,34.0,32.0,ok,,0.96,0.987833544029,31.0,28.0,0.96,0.987833544029,31.0,28.0,0.96,0.987833544029,31.0,28.0,custom_states,False,False,False,,
cycle4,cycle,4,monomial_full,sup023_P102_ph000,True,False,0.0,0.666667,125.0,131.6,8.8,344.0,354.0,84.0,85.2,128.0,"{'rz': 108, 'sx': 84, 'rx': 68, 'cz': 45, 'rzz': 39, 'barrier': 8}",5,5,0,ok,,38.0,36.0,ok,,0.95,0.987833544029,35.0,32.0,0.95,0.987833544029,35.0,32.0,0.95,0.987833544029,35.0,32.0,custom_states,False,False,False,,
cycle4,cycle,4,monomial_full,sup023_P102_ph001,True,False,0.0,0.666667,132.0,139.0,10.84,365.0,375.4,88.0,89.2,128.0,"{'rz': 118, 'sx': 84, 'rx': 75, 'cz': 45, 'rzz': 43, 'barrier': 8}",5,5,0,ok,,41.0,40.0,ok,,0.95,0.960105603847,38.0,36.0,0.95,0.960105603847,38.0,36.0,0.95,0.960105603847,38.0,36.0,custom_states,False,False,False,,
cycle4,cycle,4,monomial_full,sup023_P102_ph002,True,False,0.0,0.666667,131.0,138.0,10.84,362.0,372.4,88.0,89.2,128.0,"{'rz': 118, 'sx': 84, 'rx': 72, 'cz': 45, 'rzz': 43, 'barrier': 8}",5,5,0,ok,,40.0,40.0,ok,,0.95,0.928752321867,37.0,36.0,0.95,0.928752321867,37.0,36.0,,,,,custom_states,False,False,False,,
cycle4,cycle,4,monomial_full,sup023_P102_ph010,True,False,0.0,0.666667,127.0,134.0,9.8,354.0,364.8,84.0,85.2,128.0,"{'rz': 116, 'sx': 84, 'rx': 70, 'cz': 45, 'rzz': 39, 'barrier': 8}",5,5,0,ok,,39.0,36.0,ok,,0.96,0.960465172335,36.0,32.0,0.96,0.960465172335,36.0,32.0,0.96,0.960465172335,36.0,32.0,custom_states,False,False,False,,
cycle4,cycle,4,monomial_full,sup023_P102_ph011,True,False,0.0,0.666667,132.0,139.0,10.84,365.0,375.6,88.0,89.2,128.0,"{'rz': 118, 'sx': 84, 'rx': 75, 'cz': 45, 'rzz': 43, 'barrier': 8}",5,5,0,ok,,41.0,40.0,ok,,0.95,0.960390969983,38.0,36.0,0.95,0.960390969983,38.0,36.0,0.95,0.960390969983,38.0,36.0,custom_states,False,False,False,,
cycle4,cycle,4,monomial_full,sup023_P102_ph012,True,False,0.0,0.666667,132.0,139.0,10.84,368.0,378.6,88.0,89.2,128.0,"{'rz': 118, 'sx': 84, 'rx': 78, 'cz': 45, 'rzz': 43, 'barrier': 8}",5,5,0,ok,,41.0,40.0,ok,,0.95,0.960390969983,38.0,36.0,0.95,0.960390969983,38.0,36.0,0.95,0.960390969983,38.0,36.0,custom_states,False,False,False,,
cycle4,cycle,4,monomial_full,sup023_P102_ph020,True,False,0.0,0.666667,127.0,134.0,9.8,354.0,364.8,84.0,85.2,128.0,"{'rz': 116, 'sx': 84, 'rx': 70, 'cz': 45, 'rzz': 39, 'barrier': 8}",5,5,0,ok,,39.0,36.0,ok,,0.95,0.960688249781,36.0,32.0,0.95,0.960688249781,36.0,32.0,0.95,0.960688249781,36.0,32.0,custom_states,False,False,False,,
cycle4,cycle,4,monomial_full,sup023_P102_ph021,True,False,0.0,0.666667,132.0,139.0,10.84,365.0,375.4,88.0,89.2,128.0,"{'rz': 118, 'sx': 84, 'rx': 75, 'cz': 45, 'rzz': 43, 'barrier': 8}",5,5,0,ok,,41.0,40.0,ok,,0.95,0.960701864155,38.0,36.0,0.95,0.960701864155,38.0,36.0,0.95,0.960701864155,38.0,36.0,custom_states,False,False,False,,
cycle4,cycle,4,monomial_full,sup023_P102_ph022,True,False,0.0,0.666667,132.0,139.0,10.84,368.0,378.6,88.0,89.2,128.0,"{'rz': 118, 'sx': 84, 'rx': 78, 'cz': 45, 'rzz': 43, 'barrier': 8}",5,5,0,ok,,41.0,40.0,ok,,0.97,0.960783969778,38.0,36.0,0.97,0.960783969778,38.0,36.0,0.97,0.960783969778,38.0,36.0,custom_states,False,False,False,,
cycle4,cycle,4,monomial_full,sup023_P102_ph100,True,False,0.0,0.666667,132.0,139.0,10.84,365.0,375.4,88.0,89.2,128.0,"{'rz': 118, 'sx': 84, 'rx': 75, 'cz': 45, 'rzz': 43, 'barrier': 8}",5,5,0,ok,,41.0,40.0,ok,,0.95,0.988028814231,38.0,36.0,0.95,0.988028814231,38.0,36.0,0.95,0.988028814231,38.0,36.0,custom_states,False,False,False,,
cycle4,cycle,4,monomial_full,sup023_P102_ph101,True,False,0.0,0.666667,132.0,138.8,10.46,364.0,375.0,88.0,89.2,128.0,"{'rz': 118, 'sx': 84, 'rx': 74, 'cz': 45, 'rzz': 43, 'barrier': 8}",5,5,0,ok,,40.0,40.0,ok,,0.95,0.987833544029,37.0,36.0,0.95,0.987833544029,37.0,36.0,0.95,0.987833544029,37.0,36.0,custom_states,False,False,False,,
cycle4,cycle,4,monomial_full,sup023_P102_ph102,True,False,0.0,0.666667,127.0,134.0,9.8,354.0,364.8,84.0,85.2,128.0,"{'rz': 116, 'sx': 84, 'rx': 70, 'cz': 45, 'rzz': 39, 'barrier': 8}",5,5,0,ok,,39.0,36.0,ok,,0.95,0.868376828591,36.0,32.0,0.99,0.960510864165,36.0,32.0,0.99,0.960510864165,36.0,32.0,custom_states,False,False,False,,
cycle4,cycle,4,monomial_full,sup023_P102_ph110,True,False,0.0,0.666667,132.0,138.8,10.46,363.0,373.8,88.0,89.2,128.0,"{'rz': 118, 'sx': 84, 'rx': 73, 'cz': 45, 'rzz': 43, 'barrier': 8}",5,5,0,ok,,40.0,40.0,ok,,0.95,0.867299813842,37.0,36.0,0.98,0.960722038685,37.0,36.0,0.98,0.960722038685,37.0,36.0,custom_states,False,False,False,,
cycle4,cycle,4,monomial_full,sup023_P102_ph111,True,False,0.0,0.666667,132.0,139.0,10.84,368.0,378.6,88.0,89.2,128.0,"{'rz': 118, 'sx': 84, 'rx': 78, 'cz': 45, 'rzz': 43, 'barrier': 8}",5,5,0,ok,,41.0,40.0,ok,,0.95,0.960309389462,38.0,36.0,0.95,0.960309389462,38.0,36.0,0.95,0.960309389462,38.0,36.0,custom_states,False,False,False,,
cycle4,cycle,4,monomial_full,sup023_P102_ph112,True,False,0.0,0.666667,127.0,134.0,9.8,354.0,364.8,84.0,85.2,128.0,"{'rz': 116, 'sx': 84, 'rx': 70, 'cz': 45, 'rzz': 39, 'barrier': 8}",5,5,0,ok,,39.0,36.0,ok,,0.95,0.856584867266,36.0,32.0,0.98,0.987833544029,36.0,32.0,0.98,0.987833544029,36.0,32.0,custom_states,False,False,False,,
cycle4,cycle,4,monomial_full,sup023_P102_ph120,True,False,0.0,0.666667,131.0,138.4,11.24,360.0,370.0,88.0,89.2,128.0,"{'rz': 113, 'sx': 84, 'rx': 75, 'cz': 45, 'rzz': 43, 'barrier': 8}",5,5,0,ok,,41.0,40.0,ok,,0.96,0.96058258366,38.0,36.0,0.96,0.96058258366,38.0,36.0,0.96,0.96058258366,38.0,36.0,custom_states,False,False,False,,
cycle4,cycle,4,monomial_full,sup023_P102_ph121,True,False,0.0,0.666667,131.0,138.0,10.84,362.0,372.4,88.0,89.2,128.0,"{'rz': 118, 'sx': 84, 'rx': 72, 'cz': 45, 'rzz': 43, 'barrier': 8}",5,5,0,ok,,40.0,40.0,ok,,0.95,0.904928186465,37.0,36.0,0.95,0.904928186465,37.0,36.0,,,,,custom_states,False,False,False,,
cycle4,cycle,4,monomial_full,sup023_P102_ph122,True,False,0.0,0.666667,127.0,134.0,9.8,354.0,364.8,84.0,85.2,128.0,"{'rz': 116, 'sx': 84, 'rx': 70, 'cz': 45, 'rzz': 39, 'barrier': 8}",5,5,0,ok,,39.0,36.0,ok,,0.95,0.960453673439,36.0,32.0,0.95,0.960453673439,36.0,32.0,0.95,0.960453673439,36.0,32.0,custom_states,False,False,False,,
cycle4,cycle,4,monomial_full,sup023_P102_ph200,True,False,0.0,0.666667,131.0,138.0,10.84,362.0,372.4,88.0,89.2,128.0,"{'rz': 118, 'sx': 84, 'rx': 72, 'cz': 45, 'rzz': 43, 'barrier': 8}",5,5,0,ok,,40.0,40.0,ok,,0.95,0.960538629536,37.0,36.0,0.95,0.960538629536,37.0,36.0,0.95,0.960538629536,37.0,36.0,custom_states,False,False,False,,
cycle4,cycle,4,monomial_full,sup023_P102_ph201,True,False,0.0,0.666667,127.0,134.0,9.8,354.0,364.8,84.0,85.2,128.0,"{'rz': 116, 'sx': 84, 'rx': 70, 'cz': 45, 'rzz': 39, 'barrier': 8}",5,5,0,ok,,39.0,36.0,ok,,0.95,0.892044713869,36.0,32.0,0.99,0.987833544029,36.0,32.0,0.99,0.987833544029,36.0,32.0,custom_states,False,False,False,,
cycle4,cycle,4,monomial_full,sup023_P102_ph202,True,False,0.0,0.666667,132.0,139.0,10.84,365.0,375.6,88.0,89.2,128.0,"{'rz': 118, 'sx': 84, 'rx': 75, 'cz': 45, 'rzz': 43, 'barrier': 8}",5,5,0,ok,,41.0,40.0,ok,,0.96,0.960527639213,38.0,36.0,0.96,0.960527639213,38.0,36.0,0.96,0.960527639213,38.0,36.0,custom_states,False,False,False,,
cycle4,cycle,4,monomial_full,sup023_P102_ph210,True,False,0.0,0.666667,132.0,139.0,10.84,368.0,378.4,88.0,89.2,128.0,"{'rz': 118, 'sx': 84, 'rx': 78, 'cz': 45, 'rzz': 43, 'barrier': 8}",5,5,0,ok,,41.0,40.0,ok,,0.95,0.960782180207,38.0,36.0,0.95,0.960782180207,38.0,36.0,0.95,0.960782180207,38.0,36.0,custom_states,False,False,False,,
cycle4,cycle,4,monomial_full,sup023_P102_ph211,True,False,0.0,0.666667,127.0,134.0,9.8,354.0,364.8,84.0,85.2,128.0,"{'rz': 116, 'sx': 84, 'rx': 70, 'cz': 45, 'rzz': 39, 'barrier': 8}",5,5,0,ok,,39.0,36.0,ok,,0.95,0.960784606528,36.0,32.0,0.95,0.960784606528,36.0,32.0,0.95,0.960784606528,36.0,32.0,custom_states,False,False,False,,
cycle4,cycle,4,monomial_full,sup023_P102_ph212,True,False,0.0,0.666667,132.0,139.0,10.84,365.0,375.6,88.0,89.2,128.0,"{'rz': 118, 'sx': 84, 'rx': 75, 'cz': 45, 'rzz': 43, 'barrier': 8}",5,5,0,ok,,41.0,40.0,ok,,0.97,0.960415035065,38.0,36.0,0.97,0.960415035065,38.0,36.0,0.97,0.960415035065,38.0,36.0,custom_states,False,False,False,,
cycle4,cycle,4,monomial_full,sup023_P102_ph220,True,False,0.0,0.666667,131.0,138.0,10.84,362.0,372.4,88.0,89.2,128.0,"{'rz': 118, 'sx': 84, 'rx': 72, 'cz': 45, 'rzz': 43, 'barrier': 8}",5,5,0,ok,,40.0,40.0,ok,,0.97,0.960679380358,37.0,36.0,0.97,0.960679380358,37.0,36.0,0.97,0.960679380358,37.0,36.0,custom_states,False,False,False,,
cycle4,cycle,4,monomial_full,sup023_P102_ph221,True,False,0.0,0.666667,127.0,134.0,9.8,354.0,364.8,84.0,85.2,128.0,"{'rz': 116, 'sx': 84, 'rx': 70, 'cz': 45, 'rzz': 39, 'barrier': 8}",5,5,0,ok,,39.0,36.0,ok,,0.97,0.987833544029,36.0,32.0,0.97,0.987833544029,36.0,32.0,0.97,0.987833544029,36.0,32.0,custom_states,False,False,False,,
cycle4,cycle,4,monomial_full,sup023_P102_ph222,True,False,0.0,0.666667,132.0,139.0,10.84,366.0,377.4,88.0,89.2,128.0,"{'rz': 118, 'sx': 84, 'rx': 76, 'cz': 45, 'rzz': 43, 'barrier': 8}",5,5,0,ok,,41.0,40.0,ok,,0.95,0.960784589579,38.0,36.0,0.95,0.960784589579,38.0,36.0,0.95,0.960784589579,38.0,36.0,custom_states,False,False,False,,
cycle4,cycle,4,monomial_full,sup023_P120_ph000,True,False,0.0,0.666667,125.0,131.8,9.15,341.0,350.8,84.0,85.2,128.0,"{'rz': 104, 'sx': 84, 'rx': 69, 'cz': 45, 'rzz': 39, 'barrier': 8}",5,5,0,ok,,38.0,36.0,ok,,0.95,0.960571637118,35.0,32.0,0.95,0.960571637118,35.0,32.0,0.95,0.960571637118,35.0,32.0,custom_states,False,False,False,,
cycle4,cycle,4,monomial_full,sup023_P120_ph001,True,False,0.0,0.666667,126.0,132.8,9.15,342.0,352.6,84.0,85.2,128.0,"{'rz': 105, 'sx': 84, 'rx': 69, 'cz': 45, 'rzz': 39, 'barrier': 8}",5,5,0,ok,,37.0,36.0,ok,,0.95,0.987833544029,34.0,32.0,0.95,0.987833544029,34.0,32.0,0.95,0.987833544029,34.0,32.0,custom_states,False,False,False,,
cycle4,cycle,4,monomial_full,sup023_P120_ph002,True,False,0.0,0.666667,127.0,134.0,9.51,347.0,357.0,84.0,85.2,128.0,"{'rz': 110, 'sx': 84, 'rx': 69, 'cz': 45, 'rzz': 39, 'barrier': 8}",5,5,0,ok,,39.0,36.0,ok,,0.96,0.960771801599,36.0,32.0,0.96,0.960771801599,36.0,32.0,0.96,0.960771801599,36.0,32.0,custom_states,False,False,False,,
cycle4,cycle,4,monomial_full,sup023_P120_ph010,True,False,0.0,0.666667,129.0,135.0,8.27,351.0,360.6,84.0,85.2,128.0,"{'rz': 113, 'sx': 84, 'rx': 70, 'cz': 45, 'rzz': 39, 'barrier': 8}",5,5,0,ok,,39.0,36.0,ok,,0.95,0.921577429336,35.0,32.0,0.95,0.921577429336,35.0,32.0,0.99,0.987833544029,36.0,32.0,custom_states,False,False,False,,
cycle4,cycle,4,monomial_full,sup023_P120_ph011,True,False,0.0,0.666667,129.0,135.2,8.63,352.0,361.6,84.0,85.2,128.0,"{'rz': 114, 'sx': 84, 'rx': 70, 'cz': 45, 'rzz': 39, 'barrier': 8}",5,5,0,ok,,39.0,36.0,ok,,0.96,0.987833544029,36.0,32.0,0.96,0.987833544029,36.0,32.0,0.96,0.987833544029,36.0,32.0,custom_states,False,False,False,,
cycle4,cycle,4,monomial_full,sup023_P120_ph012,True,False,0.0,0.666667,128.0,134.4,9.0,348.0,358.8,84.0,85.2,128.0,"{'rz': 110, 'sx': 84, 'rx': 70, 'cz': 45, 'rzz': 39, 'barrier': 8}",5,5,0,ok,,39.0,36.0,ok,,0.95,0.960571637118,36.0,32.0,0.95,0.960571637118,36.0,32.0,0.95,0.960571637118,36.0,32.0,custom_states,False,False,False,,
cycle4,cycle,4,monomial_full,sup023_P120_ph020,True,False,0.0,0.666667,129.0,135.2,8.63,352.0,361.6,84.0,85.2,128.0,"{'rz': 114, 'sx': 84, 'rx': 70, 'cz': 45, 'rzz': 39, 'barrier': 8}",5,5,0,ok,,39.0,36.0,ok,,0.95,0.960398331779,35.0,32.0,0.95,0.960398331779,35.0,32.0,0.95,0.960398331779,35.0,32.0,custom_states,False,False,False,,
cycle4,cycle,4,monomial_full,sup023_P120_ph021,True,False,0.0,0.666667,127.0,133.6,9.37,347.0,357.0,84.0,85.2,128.0,"{'rz': 109, 'sx': 84, 'rx': 70, 'cz': 45, 'rzz': 39, 'barrier': 8}",5,5,0,ok,,39.0,36.0,ok,,0.95,0.987833544029,36.0,32.0,0.95,0.987833544029,36.0,32.0,0.95,0.987833544029,36.0,32.0,custom_states,False,False,False,,
cycle4,cycle,4,monomial_full,sup023_P120_ph022,True,False,0.0,0.666667,129.0,135.2,8.63,352.0,361.6,84.0,85.2,128.0,"{'rz': 114, 'sx': 84, 'rx': 70, 'cz': 45, 'rzz': 39, 'barrier': 8}",5,5,0,ok,,39.0,36.0,ok,,0.96,0.987833544029,36.0,32.0,0.96,0.987833544029,36.0,32.0,0.96,0.987833544029,36.0,32.0,custom_states,False,False,False,,
cycle4,cycle,4,monomial_full,sup023_P120_ph100,True,False,0.0,0.666667,129.0,135.0,8.27,351.0,360.6,84.0,85.2,128.0,"{'rz': 113, 'sx': 84, 'rx': 70, 'cz': 45, 'rzz': 39, 'barrier': 8}",5,5,0,ok,,39.0,36.0,ok,,0.96,0.960744114244,36.0,32.0,0.96,0.960744114244,36.0,32.0,0.96,0.960744114244,36.0,32.0,custom_states,False,False,False,,
cycle4,cycle,4,monomial_full,sup023_P120_ph101,True,False,0.0,0.666667,129.0,135.2,8.63,352.0,361.6,84.0,85.2,128.0,"{'rz': 114, 'sx': 84, 'rx': 70, 'cz': 45, 'rzz': 39, 'barrier': 8}",5,5,0,ok,,39.0,36.0,ok,,0.96,0.960771801599,36.0,32.0,0.96,0.960771801599,36.0,32.0,0.96,0.960771801599,36.0,32.0,custom_states,False,False,False,,
cycle4,cycle,4,monomial_full,sup023_P120_ph102,True,False,0.0,0.666667,128.0,134.4,9.0,348.0,358.2,84.0,85.2,128.0,"{'rz': 110, 'sx': 84, 'rx': 70, 'cz': 45, 'rzz': 39, 'barrier': 8}",5,5,0,ok,,39.0,36.0,ok,,0.98,0.967259650608,36.0,32.0,0.98,0.967259650608,36.0,32.0,0.98,0.967259650608,36.0,32.0,custom_states,False,False,False,,
cycle4,cycle,4,monomial_full,sup023_P120_ph110,True,False,0.0,0.666667,126.0,133.4,9.95,349.0,359.2,84.0,85.2,128.0,"{'rz': 112, 'sx': 84, 'rx': 69, 'cz': 45, 'rzz': 39, 'barrier': 8}",5,5,0,ok,,39.0,36.0,ok,,0.96,0.987833544029,36.0,32.0,0.96,0.987833544029,36.0,32.0,0.96,0.987833544029,36.0,32.0,custom_states,False,False,False,,
cycle4,cycle,4,monomial_full,sup023_P120_ph111,True,False,0.0,0.666667,124.0,131.8,10.67,344.0,354.4,84.0,85.2,128.0,"{'rz': 107, 'sx': 84, 'rx': 69, 'cz': 45, 'rzz': 39, 'barrier': 8}",5,5,0,ok,,39.0,36.0,ok,,0.95,0.987833544029,36.0,32.0,0.95,0.987833544029,36.0,32.0,0.95,0.987833544029,36.0,32.0,custom_states,False,False,False,,
cycle4,cycle,4,monomial_full,sup023_P120_ph112,True,False,0.0,0.666667,127.0,133.8,9.15,346.0,355.8,84.0,85.2,128.0,"{'rz': 108, 'sx': 84, 'rx': 70, 'cz': 45, 'rzz': 39, 'barrier': 8}",5,5,0,ok,,39.0,36.0,ok,,0.95,0.987833544029,34.0,32.0,0.95,0.987833544029,34.0,32.0,0.95,0.987833544029,34.0,32.0,custom_states,False,False,False,,
cycle4,cycle,4,monomial_full,sup023_P120_ph120,True,False,0.0,0.666667,128.0,134.4,9.0,348.0,358.8,84.0,85.2,128.0,"{'rz': 110, 'sx': 84, 'rx': 70, 'cz': 45, 'rzz': 39, 'barrier': 8}",5,5,0,ok,,39.0,36.0,ok,,0.95,0.960571637118,35.0,32.0,0.95,0.960571637118,35.0,32.0,0.95,0.960571637118,35.0,32.0,custom_states,False,False,False,,
cycle4,cycle,4,monomial_full,sup023_P120_ph121,True,False,0.0,0.666667,129.0,135.2,8.63,352.0,361.6,84.0,85.2,128.0,"{'rz': 114, 'sx': 84, 'rx': 70, 'cz': 45, 'rzz': 39, 'barrier': 8}",5,5,0,ok,,39.0,36.0,ok,,0.95,0.987833544029,36.0,32.0,0.95,0.987833544029,36.0,32.0,0.95,0.987833544029,36.0,32.0,custom_states,False,False,False,,
cycle4,cycle,4,monomial_full,sup023_P120_ph122,True,False,0.0,0.666667,129.0,135.2,8.63,352.0,361.6,84.0,85.2,128.0,"{'rz': 114, 'sx': 84, 'rx': 70, 'cz': 45, 'rzz': 39, 'barrier': 8}",5,5,0,ok,,39.0,36.0,ok,,0.95,0.960771801599,36.0,32.0,0.95,0.960771801599,36.0,32.0,0.95,0.960771801599,36.0,32.0,custom_states,False,False,False,,
cycle4,cycle,4,monomial_full,sup023_P120_ph200,True,False,0.0,0.666667,129.0,135.2,8.63,352.0,361.6,84.0,85.2,128.0,"{'rz': 114, 'sx': 84, 'rx': 70, 'cz': 45, 'rzz': 39, 'barrier': 8}",5,5,0,ok,,39.0,36.0,ok,,0.96,0.977711871471,36.0,32.0,0.96,0.977711871471,36.0,32.0,0.96,0.977711871471,36.0,32.0,custom_states,False,False,False,,
cycle4,cycle,4,monomial_full,sup023_P120_ph201,True,False,0.0,0.666667,127.0,133.6,9.37,346.0,357.2,84.0,85.2,128.0,"{'rz': 110, 'sx': 84, 'rx': 68, 'cz': 45, 'rzz': 39, 'barrier': 8}",5,5,0,ok,,39.0,36.0,ok,,0.95,0.987833544029,36.0,32.0,0.95,0.987833544029,36.0,32.0,0.95,0.987833544029,36.0,32.0,custom_states,False,False,False,,
cycle4,cycle,4,monomial_full,sup023_P120_ph202,True,False,0.0,0.666667,129.0,135.0,8.27,352.0,361.4,84.0,85.2,128.0,"{'rz': 114, 'sx': 84, 'rx': 70, 'cz': 45, 'rzz': 39, 'barrier': 8}",5,5,0,ok,,39.0,36.0,ok,,0.95,0.987833544029,36.0,32.0,0.95,0.987833544029,36.0,32.0,0.95,0.987833544029,36.0,32.0,custom_states,False,False,False,,
cycle4,cycle,4,monomial_full,sup023_P120_ph210,True,False,0.0,0.666667,126.0,132.8,9.74,345.0,355.4,84.0,85.2,128.0,"{'rz': 109, 'sx': 84, 'rx': 68, 'cz': 45, 'rzz': 39, 'barrier': 8}",5,5,0,ok,,39.0,36.0,ok,,0.95,0.96058258366,36.0,32.0,0.95,0.96058258366,36.0,32.0,0.95,0.96058258366,36.0,32.0,custom_states,False,False,False,,
cycle4,cycle,4,monomial_full,sup023_P120_ph211,True,False,0.0,0.666667,129.0,135.2,8.63,352.0,361.6,84.0,85.2,128.0,"{'rz': 114, 'sx': 84, 'rx': 70, 'cz': 45, 'rzz': 39, 'barrier': 8}",5,5,0,ok,,39.0,36.0,ok,,0.96,0.987833544029,36.0,32.0,0.96,0.987833544029,36.0,32.0,0.96,0.987833544029,36.0,32.0,custom_states,False,False,False,,
cycle4,cycle,4,monomial_full,sup023_P120_ph212,True,False,0.0,0.666667,129.0,135.2,8.63,352.0,361.6,84.0,85.2,128.0,"{'rz': 114, 'sx': 84, 'rx': 70, 'cz': 45, 'rzz': 39, 'barrier': 8}",5,5,0,ok,,39.0,36.0,ok,,0.95,0.987833544029,36.0,32.0,0.95,0.987833544029,36.0,32.0,0.95,0.987833544029,36.0,32.0,custom_states,False,False,False,,
cycle4,cycle,4,monomial_full,sup023_P120_ph220,True,False,0.0,0.666667,126.0,132.8,9.15,343.0,353.6,84.0,85.2,128.0,"{'rz': 105, 'sx': 84, 'rx': 70, 'cz': 45, 'rzz': 39, 'barrier': 8}",5,5,0,ok,,37.0,36.0,ok,,0.95,0.987833544029,34.0,32.0,0.95,0.987833544029,34.0,32.0,0.95,0.987833544029,34.0,32.0,custom_states,False,False,False,,
cycle4,cycle,4,monomial_full,sup023_P120_ph221,True,False,0.0,0.666667,126.0,133.4,9.95,349.0,359.2,84.0,85.2,128.0,"{'rz': 112, 'sx': 84, 'rx': 69, 'cz': 45, 'rzz': 39, 'barrier': 8}",5,5,0,ok,,39.0,36.0,ok,,0.96,0.987833544029,36.0,32.0,0.96,0.987833544029,36.0,32.0,0.96,0.987833544029,36.0,32.0,custom_states,False,False,False,,
cycle4,cycle,4,monomial_full,sup023_P120_ph222,True,False,0.0,0.666667,125.0,132.4,10.23,343.0,353.6,84.0,85.2,128.0,"{'rz': 108, 'sx': 84, 'rx': 67, 'cz': 45, 'rzz': 39, 'barrier': 8}",5,5,0,ok,,39.0,36.0,ok,,0.95,0.96058258366,36.0,32.0,0.95,0.96058258366,36.0,32.0,0.95,0.96058258366,36.0,32.0,custom_states,False,False,False,,
cycle4,cycle,4,monomial_full,sup023_P201_ph000,True,False,0.0,0.666667,119.0,125.4,7.94,316.0,326.2,80.0,81.2,128.0,"{'rz': 93, 'sx': 84, 'rx': 59, 'cz': 49, 'rzz': 31, 'barrier': 8}",5,5,0,ok,,34.0,32.0,ok,,0.95,0.963233236875,31.0,28.0,0.95,0.963233236875,31.0,28.0,0.95,0.963233236875,31.0,28.0,custom_states,False,False,False,,
cycle4,cycle,4,monomial_full,sup023_P201_ph001,True,False,0.0,0.666667,119.0,125.4,7.94,320.0,329.8,80.0,81.2,128.0,"{'rz': 96, 'sx': 84, 'rx': 60, 'cz': 45, 'rzz': 35, 'barrier': 8}",5,5,0,ok,,34.0,32.0,ok,,0.95,0.987833544029,31.0,28.0,0.95,0.987833544029,31.0,28.0,0.95,0.987833544029,31.0,28.0,custom_states,False,False,False,,
cycle4,cycle,4,monomial_full,sup023_P201_ph002,True,False,0.0,0.666667,118.0,125.0,8.72,314.0,326.0,80.0,81.2,128.0,"{'rz': 96, 'sx': 84, 'rx': 54, 'cz': 45, 'rzz': 35, 'barrier': 8}",5,5,0,ok,,34.0,32.0,ok,,0.96,0.987833544029,31.0,28.0,0.96,0.987833544029,31.0,28.0,0.96,0.987833544029,31.0,28.0,custom_states,False,False,False,,
cycle4,cycle,4,monomial_full,sup023_P201_ph010,True,False,0.0,0.666667,118.0,124.6,8.24,312.0,322.0,80.0,81.2,128.0,"{'rz': 96, 'sx': 84, 'rx': 52, 'cz': 45, 'rzz': 35, 'barrier': 8}",5,5,0,ok,,33.0,32.0,ok,,0.96,0.987833544029,30.0,28.0,0.96,0.987833544029,30.0,28.0,0.96,0.987833544029,30.0,28.0,custom_states,False,False,False,,
cycle4,cycle,4,monomial_full,sup023_P201_ph011,True,False,0.0,0.666667,118.0,125.0,8.72,317.0,327.6,80.0,81.2,128.0,"{'rz': 96, 'sx': 84, 'rx': 57, 'cz': 45, 'rzz': 35, 'barrier': 8}",5,5,0,ok,,34.0,32.0,ok,,0.98,0.980951406883,31.0,28.0,0.98,0.980951406883,31.0,28.0,0.98,0.980951406883,31.0,28.0,custom_states,False,False,False,,
cycle4,cycle,4,monomial_full,sup023_P201_ph012,True,False,0.0,0.666667,116.0,122.2,7.6,305.0,314.6,80.0,81.2,128.0,"{'rz': 88, 'sx': 84, 'rx': 53, 'cz': 49, 'rzz': 31, 'barrier': 8}",5,5,0,ok,,32.0,32.0,ok,,0.95,0.988017451101,29.0,28.0,0.95,0.988017451101,29.0,28.0,0.95,0.988017451101,29.0,28.0,custom_states,False,False,False,,
cycle4,cycle,4,monomial_full,sup023_P201_ph020,True,False,0.0,0.666667,119.0,125.8,8.54,316.0,327.6,80.0,81.2,128.0,"{'rz': 96, 'sx': 84, 'rx': 56, 'cz': 45, 'rzz': 35, 'barrier': 8}",5,5,0,ok,,34.0,32.0,ok,,0.96,0.987833544029,31.0,28.0,0.96,0.987833544029,31.0,28.0,0.96,0.987833544029,31.0,28.0,custom_states,False,False,False,,
cycle4,cycle,4,monomial_full,sup023_P201_ph021,True,False,0.0,0.666667,116.0,122.6,8.14,303.0,313.8,80.0,81.2,128.0,"{'rz': 87, 'sx': 84, 'rx': 52, 'cz': 49, 'rzz': 31, 'barrier': 8}",5,5,0,ok,,33.0,32.0,ok,,0.95,0.987833544029,30.0,28.0,0.95,0.987833544029,30.0,28.0,0.95,0.987833544029,30.0,28.0,custom_states,False,False,False,,
cycle4,cycle,4,monomial_full,sup023_P201_ph022,True,False,0.0,0.666667,118.0,124.4,7.94,312.0,322.0,80.0,81.2,128.0,"{'rz': 96, 'sx': 84, 'rx': 52, 'cz': 45, 'rzz': 35, 'barrier': 8}",5,5,0,ok,,33.0,32.0,ok,,0.97,0.983026534524,30.0,28.0,0.97,0.983026534524,30.0,28.0,0.97,0.983026534524,30.0,28.0,custom_states,False,False,False,,
cycle4,cycle,4,monomial_full,sup023_P201_ph100,True,False,0.0,0.666667,118.0,124.8,8.42,314.0,324.8,80.0,81.2,128.0,"{'rz': 96, 'sx': 84, 'rx': 54, 'cz': 45, 'rzz': 35, 'barrier': 8}",5,5,0,ok,,33.0,32.0,ok,,0.96,0.987833544029,30.0,28.0,0.96,0.987833544029,30.0,28.0,0.96,0.987833544029,30.0,28.0,custom_states,False,False,False,,
cycle4,cycle,4,monomial_full,sup023_P201_ph101,True,False,0.0,0.666667,116.0,122.2,7.6,305.0,314.6,80.0,81.2,128.0,"{'rz': 88, 'sx': 84, 'rx': 53, 'cz': 49, 'rzz': 31, 'barrier': 8}",5,5,0,ok,,32.0,32.0,ok,,0.95,0.987833544029,29.0,28.0,0.95,0.987833544029,29.0,28.0,0.95,0.987833544029,29.0,28.0,custom_states,False,False,False,,
cycle4,cycle,4,monomial_full,sup023_P201_ph102,True,False,0.0,0.666667,118.0,124.4,7.94,312.0,322.0,80.0,81.2,128.0,"{'rz': 96, 'sx': 84, 'rx': 52, 'cz': 45, 'rzz': 35, 'barrier': 8}",5,5,0,ok,,33.0,32.0,ok,,0.96,0.987833544029,30.0,28.0,0.96,0.987833544029,30.0,28.0,0.96,0.987833544029,30.0,28.0,custom_states,False,False,False,,
cycle4,cycle,4,monomial_full,sup023_P201_ph110,True,False,0.0,0.666667,119.0,124.8,7.11,315.0,324.4,80.0,81.2,128.0,"{'rz': 91, 'sx': 84, 'rx': 60, 'cz': 49, 'rzz': 31, 'barrier': 8}",5,5,0,ok,,34.0,32.0,ok,,0.95,0.971670858124,31.0,28.0,0.95,0.971670858124,31.0,28.0,0.95,0.971670858124,31.0,28.0,custom_states,False,False,False,,
cycle4,cycle,4,monomial_full,sup023_P201_ph111,True,False,0.0,0.666667,119.0,125.6,8.24,320.0,329.6,80.0,81.2,128.0,"{'rz': 96, 'sx': 84, 'rx': 60, 'cz': 45, 'rzz': 35, 'barrier': 8}",5,5,0,ok,,34.0,32.0,ok,,0.99,0.960773309713,31.0,28.0,0.99,0.960773309713,31.0,28.0,0.99,0.960773309713,31.0,28.0,custom_states,False,False,False,,
cycle4,cycle,4,monomial_full,sup023_P201_ph112,True,False,0.0,0.666667,118.0,124.8,8.42,317.0,327.0,80.0,81.2,128.0,"{'rz': 96, 'sx': 84, 'rx': 57, 'cz': 45, 'rzz': 35, 'barrier': 8}",5,5,0,ok,,34.0,32.0,ok,,0.95,0.979645111392,31.0,28.0,0.95,0.979645111392,31.0,28.0,0.95,0.979645111392,31.0,28.0,custom_states,False,False,False,,
cycle4,cycle,4,monomial_full,sup023_P201_ph120,True,False,0.0,0.666667,118.0,124.6,8.24,312.0,322.0,80.0,81.2,128.0,"{'rz': 96, 'sx': 84, 'rx': 52, 'cz': 45, 'rzz': 35, 'barrier': 8}",5,5,0,ok,,33.0,32.0,ok,,0.96,0.987833544029,30.0,28.0,0.96,0.987833544029,30.0,28.0,0.96,0.987833544029,30.0,28.0,custom_states,False,False,False,,
cycle4,cycle,4,monomial_full,sup023_P201_ph121,True,False,0.0,0.666667,118.0,125.0,8.72,312.0,323.6,80.0,81.2,128.0,"{'rz': 92, 'sx': 84, 'rx': 56, 'cz': 45, 'rzz': 35, 'barrier': 8}",5,5,0,ok,,33.0,32.0,ok,,0.97,0.987833544029,30.0,28.0,0.97,0.987833544029,30.0,28.0,0.97,0.987833544029,30.0,28.0,custom_states,False,False,False,,
cycle4,cycle,4,monomial_full,sup023_P201_ph122,True,False,0.0,0.666667,119.0,125.4,7.94,316.0,326.2,80.0,81.2,128.0,"{'rz': 93, 'sx': 84, 'rx': 59, 'cz': 49, 'rzz': 31, 'barrier': 8}",5,5,0,ok,,34.0,32.0,ok,,0.95,0.987833544029,31.0,28.0,0.95,0.987833544029,31.0,28.0,0.95,0.987833544029,31.0,28.0,custom_states,False,False,False,,
cycle4,cycle,4,monomial_full,sup023_P201_ph200,True,False,0.0,0.666667,118.0,124.6,8.24,312.0,322.0,80.0,81.2,128.0,"{'rz': 96, 'sx': 84, 'rx': 52, 'cz': 45, 'rzz': 35, 'barrier': 8}",5,5,0,ok,,33.0,32.0,ok,,0.96,0.987833544029,30.0,28.0,0.96,0.987833544029,30.0,28.0,0.96,0.987833544029,30.0,28.0,custom_states,False,False,False,,
cycle4,cycle,4,monomial_full,sup023_P201_ph201,True,False,0.0,0.666667,118.0,124.8,8.42,313.0,323.2,80.0,81.2,128.0,"{'rz': 96, 'sx': 84, 'rx': 53, 'cz': 45, 'rzz': 35, 'barrier': 8}",5,5,0,ok,,33.0,32.0,ok,,0.95,0.987833544029,30.0,28.0,0.95,0.987833544029,30.0,28.0,0.95,0.987833544029,30.0,28.0,custom_states,False,False,False,,
cycle4,cycle,4,monomial_full,sup023_P201_ph202,True,False,0.0,0.666667,119.0,124.6,6.86,314.0,323.4,80.0,81.2,128.0,"{'rz': 90, 'sx': 84, 'rx': 60, 'cz': 49, 'rzz': 31, 'barrier': 8}",5,5,0,ok,,34.0,32.0,ok,,0.95,0.926297998811,31.0,28.0,0.95,0.926297998811,31.0,28.0,0.99,0.987833544029,31.0,28.0,custom_states,False,False,False,,
cycle4,cycle,4,monomial_full,sup023_P201_ph210,True,False,0.0,0.666667,117.0,124.2,8.91,310.0,320.8,80.0,81.2,128.0,"{'rz': 92, 'sx': 84, 'rx': 54, 'cz': 45, 'rzz': 35, 'barrier': 8}",5,5,0,ok,,33.0,32.0,ok,,0.96,0.987833544029,30.0,28.0,0.96,0.987833544029,30.0,28.0,0.96,0.987833544029,30.0,28.0,custom_states,False,False,False,,
cycle4,cycle,4,monomial_full,sup023_P201_ph211,True,False,0.0,0.666667,116.0,122.2,7.6,304.0,313.2,80.0,81.2,128.0,"{'rz': 87, 'sx': 85, 'rx': 52, 'cz': 49, 'rzz': 31, 'barrier': 8}",5,5,0,ok,,32.0,32.0,ok,,0.95,0.987833544029,29.0,28.0,0.95,0.987833544029,29.0,28.0,0.95,0.987833544029,29.0,28.0,custom_states,False,False,False,,
cycle4,cycle,4,monomial_full,sup023_P201_ph212,True,False,0.0,0.666667,118.0,125.0,8.72,316.0,325.6,80.0,81.2,128.0,"{'rz': 92, 'sx': 84, 'rx': 60, 'cz': 45, 'rzz': 35, 'barrier': 8}",5,5,0,ok,,34.0,32.0,ok,,0.96,0.987833544029,31.0,28.0,0.96,0.987833544029,31.0,28.0,0.96,0.987833544029,31.0,28.0,custom_states,False,False,False,,
cycle4,cycle,4,monomial_full,sup023_P201_ph220,True,False,0.0,0.666667,115.0,121.4,7.84,302.0,311.6,80.0,81.2,128.0,"{'rz': 85, 'sx': 84, 'rx': 53, 'cz': 49, 'rzz': 31, 'barrier': 8}",5,5,0,ok,,32.0,32.0,ok,,0.95,0.987833544029,29.0,28.0,0.95,0.987833544029,29.0,28.0,0.95,0.987833544029,29.0,28.0,custom_states,False,False,False,,
cycle4,cycle,4,monomial_full,sup023_P201_ph221,True,False,0.0,0.666667,119.0,125.2,7.65,315.0,325.4,80.0,81.2,128.0,"{'rz': 96, 'sx': 84, 'rx': 55, 'cz': 45, 'rzz': 35, 'barrier': 8}",5,5,0,ok,,33.0,32.0,ok,,0.96,0.987833544029,30.0,28.0,0.96,0.987833544029,30.0,28.0,0.96,0.987833544029,30.0,28.0,custom_states,False,False,False,,
cycle4,cycle,4,monomial_full,sup023_P201_ph222,True,False,0.0,0.666667,118.0,124.8,8.42,314.0,325.4,80.0,81.2,128.0,"{'rz': 96, 'sx': 84, 'rx': 54, 'cz': 45, 'rzz': 35, 'barrier': 8}",5,5,0,ok,,34.0,32.0,ok,,0.96,0.987833544029,31.0,28.0,0.96,0.987833544029,31.0,28.0,0.96,0.987833544029,31.0,28.0,custom_states,False,False,False,,
cycle4,cycle,4,monomial_full,sup023_P210_ph000,True,False,0.0,0.666667,119.0,125.4,7.94,316.0,326.2,80.0,81.2,128.0,"{'rz': 93, 'sx': 84, 'rx': 59, 'cz': 49, 'rzz': 31, 'barrier': 8}",5,5,0,ok,,34.0,32.0,ok,,0.95,0.987833544029,31.0,28.0,0.95,0.987833544029,31.0,28.0,0.95,0.987833544029,31.0,28.0,custom_states,False,False,False,,
cycle4,cycle,4,monomial_full,sup023_P210_ph001,True,False,0.0,0.666667,117.0,124.2,9.02,310.0,321.0,80.0,81.2,128.0,"{'rz': 87, 'sx': 84, 'rx': 59, 'cz': 49, 'rzz': 31, 'barrier': 8}",5,5,0,ok,,33.0,32.0,ok,,0.95,0.987833544029,30.0,28.0,0.95,0.987833544029,30.0,28.0,0.95,0.987833544029,30.0,28.0,custom_states,False,False,False,,
cycle4,cycle,4,monomial_full,sup023_P210_ph002,True,False,0.0,0.666667,117.0,124.2,9.02,313.0,323.6,80.0,81.2,128.0,"{'rz': 90, 'sx': 84, 'rx': 59, 'cz': 49, 'rzz': 31, 'barrier': 8}",5,5,0,ok,,33.0,32.0,ok,,0.95,0.881233609259,30.0,28.0,0.98,0.987833544029,30.0,28.0,0.98,0.987833544029,30.0,28.0,custom_states,False,False,False,,
cycle4,cycle,4,monomial_full,sup023_P210_ph010,True,False,0.0,0.666667,120.0,125.4,6.62,316.0,325.2,80.0,81.2,128.0,"{'rz': 92, 'sx': 84, 'rx': 60, 'cz': 49, 'rzz': 31, 'barrier': 8}",5,5,0,ok,,34.0,32.0,ok,,0.95,0.987833544029,31.0,28.0,0.95,0.987833544029,31.0,28.0,0.95,0.987833544029,31.0,28.0,custom_states,False,False,False,,
cycle4,cycle,4,monomial_full,sup023_P210_ph011,True,False,0.0,0.666667,119.0,125.2,7.65,314.0,324.0,80.0,81.2,128.0,"{'rz': 90, 'sx': 84, 'rx': 60, 'cz': 49, 'rzz': 31, 'barrier': 8}",5,5,0,ok,,33.0,32.0,ok,,0.95,0.987833544029,30.0,28.0,0.95,0.987833544029,30.0,28.0,0.95,0.987833544029,30.0,28.0,custom_states,False,False,False,,
cycle4,cycle,4,monomial_full,sup023_P210_ph012,True,False,0.0,0.666667,120.0,125.8,7.17,317.0,326.6,80.0,81.2,128.0,"{'rz': 93, 'sx': 84, 'rx': 60, 'cz': 49, 'rzz': 31, 'barrier': 8}",5,5,0,ok,,34.0,32.0,ok,,0.96,0.987833544029,31.0,28.0,0.96,0.987833544029,31.0,28.0,0.96,0.987833544029,31.0,28.0,custom_states,False,False,False,,
cycle4,cycle,4,monomial_full,sup023_P210_ph020,True,False,0.0,0.666667,120.0,125.4,6.62,316.0,325.2,80.0,81.2,128.0,"{'rz': 92, 'sx': 84, 'rx': 60, 'cz': 49, 'rzz': 31, 'barrier': 8}",5,5,0,ok,,34.0,32.0,ok,,0.96,0.987833544029,31.0,28.0,0.96,0.987833544029,31.0,28.0,0.96,0.987833544029,31.0,28.0,custom_states,False,False,False,,
cycle4,cycle,4,monomial_full,sup023_P210_ph021,True,False,0.0,0.666667,120.0,126.4,8.06,315.0,325.8,80.0,81.2,128.0,"{'rz': 92, 'sx': 84, 'rx': 59, 'cz': 49, 'rzz': 31, 'barrier': 8}",5,5,0,ok,,34.0,32.0,ok,,0.95,0.987833544029,31.0,28.0,0.95,0.987833544029,31.0,28.0,0.95,0.987833544029,31.0,28.0,custom_states,False,False,False,,
cycle4,cycle,4,monomial_full,sup023_P210_ph022,True,False,0.0,0.666667,120.0,125.8,7.17,317.0,326.6,80.0,81.2,128.0,"{'rz': 93, 'sx': 84, 'rx': 60, 'cz': 49, 'rzz': 31, 'barrier': 8}",5,5,0,ok,,34.0,32.0,ok,,0.96,0.987833544029,31.0,28.0,0.96,0.987833544029,31.0,28.0,0.96,0.987833544029,31.0,28.0,custom_states,False,False,False,,
cycle4,cycle,4,monomial_full,sup023_P210_ph100,True,False,0.0,0.666667,120.0,126.4,8.06,315.0,325.8,80.0,81.2,128.0,"{'rz': 92, 'sx': 84, 'rx': 59, 'cz': 49, 'rzz': 31, 'barrier': 8}",5,5,0,ok,,34.0,32.0,ok,,0.96,0.987833544029,31.0,28.0,0.96,0.987833544029,31.0,28.0,0.96,0.987833544029,31.0,28.0,custom_states,False,False,False,,
cycle4,cycle,4,monomial_full,sup023_P210_ph101,True,False,0.0,0.666667,120.0,126.4,8.06,318.0,328.4,80.0,81.2,128.0,"{'rz': 95, 'sx': 84, 'rx': 59, 'cz': 49, 'rzz': 31, 'barrier': 8}",5,5,0,ok,,34.0,32.0,ok,,0.96,0.987833544029,31.0,28.0,0.96,0.987833544029,31.0,28.0,0.96,0.987833544029,31.0,28.0,custom_states,False,False,False,,
cycle4,cycle,4,monomial_full,sup023_P210_ph102,True,False,0.0,0.666667,120.0,126.0,7.46,317.0,327.0,80.0,81.2,128.0,"{'rz': 94, 'sx': 84, 'rx': 59, 'cz': 49, 'rzz': 31, 'barrier': 8}",5,5,0,ok,,34.0,32.0,ok,,0.96,0.881233609259,31.0,28.0,0.98,0.987833544029,31.0,28.0,0.98,0.987833544029,31.0,28.0,custom_states,False,False,False,,
cycle4,cycle,4,monomial_full,sup023_P210_ph110,True,False,0.0,0.666667,119.0,125.2,7.65,314.0,324.0,80.0,81.2,128.0,"{'rz': 90, 'sx': 84, 'rx': 60, 'cz': 49, 'rzz': 31, 'barrier': 8}",5,5,0,ok,,33.0,32.0,ok,,0.96,0.987833544029,30.0,28.0,0.96,0.987833544029,30.0,28.0,0.96,0.987833544029,30.0,28.0,custom_states,False,False,False,,
cycle4,cycle,4,monomial_full,sup023_P210_ph111,True,False,0.0,0.666667,120.0,125.8,7.17,317.0,326.6,80.0,81.2,128.0,"{'rz': 93, 'sx': 84, 'rx': 60, 'cz': 49, 'rzz': 31, 'barrier': 8}",5,5,0,ok,,34.0,32.0,ok,,0.96,0.987833544029,31.0,28.0,0.96,0.987833544029,31.0,28.0,0.96,0.987833544029,31.0,28.0,custom_states,False,False,False,,
cycle4,cycle,4,monomial_full,sup023_P210_ph112,True,False,0.0,0.666667,120.0,126.0,7.46,317.0,327.0,80.0,81.2,128.0,"{'rz': 94, 'sx': 84, 'rx': 59, 'cz': 49, 'rzz': 31, 'barrier': 8}",5,5,0,ok,,34.0,32.0,ok,,0.95,0.987833544029,31.0,28.0,0.95,0.987833544029,31.0,28.0,0.95,0.987833544029,31.0,28.0,custom_states,False,False,False,,
cycle4,cycle,4,monomial_full,sup023_P210_ph120,True,False,0.0,0.666667,117.0,124.2,9.02,310.0,321.0,80.0,81.2,128.0,"{'rz': 87, 'sx': 84, 'rx': 59, 'cz': 49, 'rzz': 31, 'barrier': 8}",5,5,0,ok,,33.0,32.0,ok,,0.95,0.881233609259,30.0,28.0,0.98,0.987833544029,30.0,28.0,0.98,0.987833544029,30.0,28.0,custom_states,False,False,False,,
cycle4,cycle,4,monomial_full,sup023_P210_ph121,True,False,0.0,0.666667,118.0,124.6,8.14,315.0,325.0,80.0,81.2,128.0,"{'rz': 92, 'sx': 84, 'rx': 59, 'cz': 49, 'rzz': 31, 'barrier': 8}",5,5,0,ok,,34.0,32.0,ok,,0.96,0.987833544029,31.0,28.0,0.96,0.987833544029,31.0,28.0,0.96,0.987833544029,31.0,28.0,custom_states,False,False,False,,
cycle4,cycle,4,monomial_full,sup023_P210_ph122,True,False,0.0,0.666667,116.0,122.6,8.09,310.0,319.6,80.0,81.2,128.0,"{'rz': 87, 'sx': 84, 'rx': 59, 'cz': 49, 'rzz': 31, 'barrier': 8}",5,5,0,ok,,33.0,32.0,ok,,0.95,0.987833544029,30.0,28.0,0.95,0.987833544029,30.0,28.0,0.95,0.987833544029,30.0,28.0,custom_states,False,False,False,,
cycle4,cycle,4,monomial_full,sup023_P210_ph200,True,False,0.0,0.666667,120.0,126.4,8.06,318.0,328.4,80.0,81.2,128.0,"{'rz': 95, 'sx': 84, 'rx': 59, 'cz': 49, 'rzz': 31, 'barrier': 8}",5,5,0,ok,,34.0,32.0,ok,,0.95,0.987833544029,31.0,28.0,0.95,0.987833544029,31.0,28.0,0.95,0.987833544029,31.0,28.0,custom_states,False,False,False,,
cycle4,cycle,4,monomial_full,sup023_P210_ph201,True,False,0.0,0.666667,120.0,125.4,6.62,316.0,325.2,80.0,81.2,128.0,"{'rz': 92, 'sx': 84, 'rx': 60, 'cz': 49, 'rzz': 31, 'barrier': 8}",5,5,0,ok,,34.0,32.0,ok,,0.96,0.987833544029,31.0,28.0,0.96,0.987833544029,31.0,28.0,0.96,0.987833544029,31.0,28.0,custom_states,False,False,False,,
cycle4,cycle,4,monomial_full,sup023_P210_ph202,True,False,0.0,0.666667,120.0,126.4,8.06,315.0,325.8,80.0,81.2,128.0,"{'rz': 92, 'sx': 84, 'rx': 59, 'cz': 49, 'rzz': 31, 'barrier': 8}",5,5,0,ok,,34.0,32.0,ok,,0.95,0.881233609259,31.0,28.0,0.98,0.987833544029,31.0,28.0,0.98,0.987833544029,31.0,28.0,custom_states,False,False,False,,
cycle4,cycle,4,monomial_full,sup023_P210_ph210,True,False,0.0,0.666667,118.0,124.6,8.14,315.0,325.0,80.0,81.2,128.0,"{'rz': 92, 'sx': 84, 'rx': 59, 'cz': 49, 'rzz': 31, 'barrier': 8}",5,5,0,ok,,34.0,32.0,ok,,0.96,0.987833544029,31.0,28.0,0.96,0.987833544029,31.0,28.0,0.96,0.987833544029,31.0,28.0,custom_states,False,False,False,,
cycle4,cycle,4,monomial_full,sup023_P210_ph211,True,False,0.0,0.666667,119.0,125.4,7.94,316.0,326.2,80.0,81.2,128.0,"{'rz': 93, 'sx': 84, 'rx': 59, 'cz': 49, 'rzz': 31, 'barrier': 8}",5,5,0,ok,,34.0,32.0,ok,,0.95,0.881233609259,31.0,28.0,0.98,0.987833544029,31.0,28.0,0.98,0.987833544029,31.0,28.0,custom_states,False,False,False,,
cycle4,cycle,4,monomial_full,sup023_P210_ph212,True,False,0.0,0.666667,117.0,124.2,9.02,310.0,321.0,80.0,81.2,128.0,"{'rz': 87, 'sx': 84, 'rx': 59, 'cz': 49, 'rzz': 31, 'barrier': 8}",5,5,0,ok,,33.0,32.0,ok,,0.95,0.987833544029,30.0,28.0,0.95,0.987833544029,30.0,28.0,0.95,0.987833544029,30.0,28.0,custom_states,False,False,False,,
cycle4,cycle,4,monomial_full,sup023_P210_ph220,True,False,0.0,0.666667,120.0,126.4,8.06,318.0,328.4,80.0,81.2,128.0,"{'rz': 95, 'sx': 84, 'rx': 59, 'cz': 49, 'rzz': 31, 'barrier': 8}",5,5,0,ok,,34.0,32.0,ok,,0.96,0.881233609259,31.0,28.0,0.98,0.987833544029,31.0,28.0,0.98,0.987833544029,31.0,28.0,custom_states,False,False,False,,
cycle4,cycle,4,monomial_full,sup023_P210_ph221,True,False,0.0,0.666667,120.0,126.0,7.46,317.0,327.0,80.0,81.2,128.0,"{'rz': 94, 'sx': 84, 'rx': 59, 'cz': 49, 'rzz': 31, 'barrier': 8}",5,5,0,ok,,34.0,32.0,ok,,0.96,0.987833544029,31.0,28.0,0.96,0.987833544029,31.0,28.0,0.96,0.987833544029,31.0,28.0,custom_states,False,False,False,,
cycle4,cycle,4,monomial_full,sup023_P210_ph222,True,False,0.0,0.666667,119.0,125.2,7.65,314.0,324.0,80.0,81.2,128.0,"{'rz': 90, 'sx': 84, 'rx': 60, 'cz': 49, 'rzz': 31, 'barrier': 8}",5,5,0,ok,,33.0,32.0,ok,,0.95,0.987833544029,30.0,28.0,0.95,0.987833544029,30.0,28.0,0.95,0.987833544029,30.0,28.0,custom_states,False,False,False,,
cycle4,cycle,4,monomial_full,sup123_P012_ph000,True,False,0.0,0.666667,119.0,124.8,7.11,314.0,323.6,80.0,81.2,128.0,"{'rz': 92, 'sx': 84, 'rx': 58, 'cz': 49, 'rzz': 31, 'barrier': 8}",5,5,0,ok,,33.0,32.0,ok,,0.95,0.987833544029,30.0,28.0,0.95,0.987833544029,30.0,28.0,0.95,0.987833544029,30.0,28.0,custom_states,False,False,False,,
cycle4,cycle,4,monomial_full,sup123_P012_ph001,True,False,0.0,0.666667,121.0,127.0,7.46,319.0,328.6,80.0,81.2,128.0,"{'rz': 97, 'sx': 84, 'rx': 58, 'cz': 49, 'rzz': 31, 'barrier': 8}",5,5,0,ok,,34.0,32.0,ok,,0.96,0.987833544029,31.0,28.0,0.96,0.987833544029,31.0,28.0,0.96,0.987833544029,31.0,28.0,custom_states,False,False,False,,
cycle4,cycle,4,monomial_full,sup123_P012_ph002,True,False,0.0,0.666667,120.0,126.0,7.38,315.0,325.2,80.0,81.2,128.0,"{'rz': 94, 'sx': 84, 'rx': 57, 'cz': 49, 'rzz': 31, 'barrier': 8}",5,5,0,ok,,34.0,32.0,ok,,0.96,0.987833544029,31.0,28.0,0.96,0.987833544029,31.0,28.0,0.96,0.987833544029,31.0,28.0,custom_states,False,False,False,,
cycle4,cycle,4,monomial_full,sup123_P012_ph010,True,False,0.0,0.666667,119.0,125.2,7.6,316.0,325.8,80.0,81.2,128.0,"{'rz': 94, 'sx': 84, 'rx': 58, 'cz': 49, 'rzz': 31, 'barrier': 8}",5,5,0,ok,,33.0,32.0,ok,,0.95,0.987833544029,30.0,28.0,0.95,0.987833544029,30.0,28.0,0.95,0.987833544029,30.0,28.0,custom_states,False,False,False,,
cycle4,cycle,4,monomial_full,sup123_P012_ph011,True,False,0.0,0.666667,119.0,125.2,7.6,316.0,325.8,80.0,81.2,128.0,"{'rz': 94, 'sx': 84, 'rx': 58, 'cz': 49, 'rzz': 31, 'barrier': 8}",5,5,0,ok,,33.0,32.0,ok,,0.95,0.987833544029,30.0,28.0,0.95,0.987833544029,30.0,28.0,0.95,0.987833544029,30.0,28.0,custom_states,False,False,False,,
cycle4,cycle,4,monomial_full,sup123_P012_ph012,True,False,0.0,0.666667,118.0,123.6,6.89,311.0,320.8,80.0,81.2,128.0,"{'rz': 90, 'sx': 84, 'rx': 57, 'cz': 49, 'rzz': 31, 'barrier': 8}",5,5,0,ok,,33.0,32.0,ok,,0.96,0.987833544029,30.0,28.0,0.96,0.987833544029,30.0,28.0,0.96,0.987833544029,30.0,28.0,custom_states,False,False,False,,
cycle4,cycle,4,monomial_full,sup123_P012_ph020,True,False,0.0,0.666667,120.0,126.0,7.38,317.0,326.8,80.0,81.2,128.0,"{'rz': 95, 'sx': 84, 'rx': 58, 'cz': 49, 'rzz': 31, 'barrier': 8}",5,5,0,ok,,34.0,32.0,ok,,0.95,0.987833544029,31.0,28.0,0.95,0.987833544029,31.0,28.0,0.95,0.987833544029,31.0,28.0,custom_states,False,False,False,,
cycle4,cycle,4,monomial_full,sup123_P012_ph021,True,False,0.0,0.666667,118.0,123.6,6.89,311.0,320.8,80.0,81.2,128.0,"{'rz': 90, 'sx': 84, 'rx': 57, 'cz': 49, 'rzz': 31, 'barrier': 8}",5,5,0,ok,,33.0,32.0,ok,,0.95,0.957707253778,30.0,28.0,0.95,0.957707253778,30.0,28.0,0.95,0.957707253778,30.0,28.0,custom_states,False,False,False,,
cycle4,cycle,4,monomial_full,sup123_P012_ph022,True,False,0.0,0.666667,121.0,127.0,7.46,321.0,330.2,80.0,81.2,128.0,"{'rz': 98, 'sx': 84, 'rx': 59, 'cz': 49, 'rzz': 31, 'barrier': 8}",5,5,0,ok,,34.0,32.0,ok,,0.95,0.987833544029,31.0,28.0,0.95,0.987833544029,31.0,28.0,0.95,0.987833544029,31.0,28.0,custom_states,False,False,False,,
cycle4,cycle,4,monomial_full,sup123_P012_ph100,True,False,0.0,0.666667,119.0,124.6,6.86,315.0,324.2,80.0,81.2,128.0,"{'rz': 92, 'sx': 84, 'rx': 59, 'cz': 49, 'rzz': 31, 'barrier': 8}",5,5,0,ok,,33.0,32.0,ok,,0.96,0.987833544029,30.0,28.0,0.96,0.987833544029,30.0,28.0,0.96,0.987833544029,30.0,28.0,custom_states,False,False,False,,
cycle4,cycle,4,monomial_full,sup123_P012_ph101,True,False,0.0,0.666667,119.0,125.2,7.6,316.0,325.8,80.0,81.2,128.0,"{'rz': 94, 'sx': 84, 'rx': 58, 'cz': 49, 'rzz': 31, 'barrier': 8}",5,5,0,ok,,33.0,32.0,ok,,0.96,0.987833544029,30.0,28.0,0.96,0.987833544029,30.0,28.0,0.96,0.987833544029,30.0,28.0,custom_states,False,False,False,,
cycle4,cycle,4,monomial_full,sup123_P012_ph102,True,False,0.0,0.666667,119.0,125.2,7.6,316.0,325.8,80.0,81.2,128.0,"{'rz': 94, 'sx': 84, 'rx': 58, 'cz': 49, 'rzz': 31, 'barrier': 8}",5,5,0,ok,,33.0,32.0,ok,,0.95,0.987833544029,30.0,28.0,0.95,0.987833544029,30.0,28.0,0.95,0.987833544029,30.0,28.0,custom_states,False,False,False,,
cycle4,cycle,4,monomial_full,sup123_P012_ph110,True,False,0.0,0.666667,121.0,127.0,7.46,321.0,330.2,80.0,81.2,128.0,"{'rz': 98, 'sx': 84, 'rx': 59, 'cz': 49, 'rzz': 31, 'barrier': 8}",5,5,0,ok,,34.0,32.0,ok,,0.96,0.987833544029,31.0,28.0,0.96,0.987833544029,31.0,28.0,0.96,0.987833544029,31.0,28.0,custom_states,False,False,False,,
cycle4,cycle,4,monomial_full,sup123_P012_ph111,True,False,0.0,0.666667,120.0,126.0,7.38,317.0,326.8,80.0,81.2,128.0,"{'rz': 95, 'sx': 84, 'rx': 58, 'cz': 49, 'rzz': 31, 'barrier': 8}",5,5,0,ok,,34.0,32.0,ok,,0.96,0.987833544029,31.0,28.0,0.96,0.987833544029,31.0,28.0,0.96,0.987833544029,31.0,28.0,custom_states,False,False,False,,
cycle4,cycle,4,monomial_full,sup123_P012_ph112,True,False,0.0,0.666667,118.0,123.6,6.89,311.0,320.8,80.0,81.2,128.0,"{'rz': 90, 'sx': 84, 'rx': 57, 'cz': 49, 'rzz': 31, 'barrier': 8}",5,5,0,ok,,33.0,32.0,ok,,0.95,0.987833544029,30.0,28.0,0.95,0.987833544029,30.0,28.0,0.95,0.987833544029,30.0,28.0,custom_states,False,False,False,,
cycle4,cycle,4,monomial_full,sup123_P012_ph120,True,False,0.0,0.666667,120.0,126.0,7.38,315.0,325.2,80.0,81.2,128.0,"{'rz': 94, 'sx': 84, 'rx': 57, 'cz': 49, 'rzz': 31, 'barrier': 8}",5,5,0,ok,,34.0,32.0,ok,,0.95,0.987833544029,31.0,28.0,0.95,0.987833544029,31.0,28.0,0.95,0.987833544029,31.0,28.0,custom_states,False,False,False,,
cycle4,cycle,4,monomial_full,sup123_P012_ph121,True,False,0.0,0.666667,118.0,123.6,6.89,307.0,317.0,80.0,81.2,128.0,"{'rz': 87, 'sx': 84, 'rx': 56, 'cz': 49, 'rzz': 31, 'barrier': 8}",5,5,0,ok,,33.0,32.0,ok,,0.96,0.987833544029,30.0,28.0,0.96,0.987833544029,30.0,28.0,0.96,0.987833544029,30.0,28.0,custom_states,False,False,False,,
cycle4,cycle,4,monomial_full,sup123_P012_ph122,True,False,0.0,0.666667,120.0,126.0,7.38,315.0,325.2,80.0,81.2,128.0,"{'rz': 94, 'sx': 84, 'rx': 57, 'cz': 49, 'rzz': 31, 'barrier': 8}",5,5,0,ok,,34.0,32.0,ok,,0.95,0.907952692037,31.0,28.0,0.95,0.907952692037,31.0,28.0,0.99,0.987833544029,31.0,28.0,custom_states,False,False,False,,
cycle4,cycle,4,monomial_full,sup123_P012_ph200,True,False,0.0,0.666667,119.0,124.8,7.11,316.0,325.2,80.0,81.2,128.0,"{'rz': 93, 'sx': 84, 'rx': 59, 'cz': 49, 'rzz': 31, 'barrier': 8}",5,5,0,ok,,33.0,32.0,ok,,0.95,0.987833544029,30.0,28.0,0.95,0.987833544029,30.0,28.0,0.95,0.987833544029,30.0,28.0,custom_states,False,False,False,,
cycle4,cycle,4,monomial_full,sup123_P012_ph201,True,False,0.0,0.666667,121.0,127.0,7.46,321.0,330.2,80.0,81.2,128.0,"{'rz': 98, 'sx': 84, 'rx': 59, 'cz': 49, 'rzz': 31, 'barrier': 8}",5,5,0,ok,,34.0,32.0,ok,,0.95,0.987833544029,31.0,28.0,0.95,0.987833544029,31.0,28.0,0.95,0.987833544029,31.0,28.0,custom_states,False,False,False,,
cycle4,cycle,4,monomial_full,sup123_P012_ph202,True,False,0.0,0.666667,121.0,127.0,7.46,321.0,330.2,80.0,81.2,128.0,"{'rz': 98, 'sx': 84, 'rx': 59, 'cz': 49, 'rzz': 31, 'barrier': 8}",5,5,0,ok,,34.0,32.0,ok,,0.97,0.985030543788,31.0,28.0,0.97,0.985030543788,31.0,28.0,0.97,0.985030543788,31.0,28.0,custom_states,False,False,False,,
cycle4,cycle,4,monomial_full,sup123_P012_ph210,True,False,0.0,0.666667,121.0,127.0,7.46,319.0,328.6,80.0,81.2,128.0,"{'rz': 97, 'sx': 84, 'rx': 58, 'cz': 49, 'rzz': 31, 'barrier': 8}",5,5,0,ok,,34.0,32.0,ok,,0.95,0.987833544029,31.0,28.0,0.95,0.987833544029,31.0,28.0,0.95,0.987833544029,31.0,28.0,custom_states,False,False,False,,
cycle4,cycle,4,monomial_full,sup123_P012_ph211,True,False,0.0,0.666667,120.0,126.0,7.38,315.0,325.2,80.0,81.2,128.0,"{'rz': 94, 'sx': 84, 'rx': 57, 'cz': 49, 'rzz': 31, 'barrier': 8}",5,5,0,ok,,34.0,32.0,ok,,0.95,0.987833544029,31.0,28.0,0.95,0.987833544029,31.0,28.0,0.95,0.987833544029,31.0,28.0,custom_states,False,False,False,,
cycle4,cycle,4,monomial_full,sup123_P012_ph212,True,False,0.0,0.666667,119.0,124.8,7.11,314.0,323.6,80.0,81.2,128.0,"{'rz': 92, 'sx': 84, 'rx': 58, 'cz': 49, 'rzz': 31, 'barrier': 8}",5,5,0,ok,,33.0,32.0,ok,,0.97,0.987833544029,30.0,28.0,0.97,0.987833544029,30.0,28.0,0.97,0.987833544029,30.0,28.0,custom_states,False,False,False,,
cycle4,cycle,4,monomial_full,sup123_P012_ph220,True,False,0.0,0.666667,119.0,125.2,7.6,316.0,325.8,80.0,81.2,128.0,"{'rz': 94, 'sx': 84, 'rx': 58, 'cz': 49, 'rzz': 31, 'barrier': 8}",5,5,0,ok,,33.0,32.0,ok,,0.96,0.987833544029,30.0,28.0,0.96,0.987833544029,30.0,28.0,0.96,0.987833544029,30.0,28.0,custom_states,False,False,False,,
cycle4,cycle,4,monomial_full,sup123_P012_ph221,True,False,0.0,0.666667,118.0,123.6,6.89,311.0,320.8,80.0,81.2,128.0,"{'rz': 90, 'sx': 84, 'rx': 57, 'cz': 49, 'rzz': 31, 'barrier': 8}",5,5,0,ok,,33.0,32.0,ok,,0.95,0.987833544029,30.0,28.0,0.95,0.987833544029,30.0,28.0,0.95,0.987833544029,30.0,28.0,custom_states,False,False,False,,
cycle4,cycle,4,monomial_full,sup123_P012_ph222,True,False,0.0,0.666667,119.0,125.2,7.6,316.0,325.8,80.0,81.2,128.0,"{'rz': 94, 'sx': 84, 'rx': 58, 'cz': 49, 'rzz': 31, 'barrier': 8}",5,5,0,ok,,33.0,32.0,ok,,0.95,0.981943189327,30.0,28.0,0.95,0.981943189327,30.0,28.0,0.95,0.981943189327,30.0,28.0,custom_states,False,False,False,,
cycle4,cycle,4,monomial_full,sup123_P021_ph000,True,False,0.0,0.666667,127.0,133.0,8.0,342.0,352.6,84.0,85.2,128.0,"{'rz': 106, 'sx': 84, 'rx': 68, 'cz': 45, 'rzz': 39, 'barrier': 8}",5,5,0,ok,,39.0,36.0,ok,,0.95,0.987833544029,36.0,32.0,0.95,0.987833544029,36.0,32.0,0.95,0.987833544029,36.0,32.0,custom_states,False,False,False,,
cycle4,cycle,4,monomial_full,sup123_P021_ph001,True,False,0.0,0.666667,127.0,133.0,8.0,341.0,351.8,84.0,85.2,128.0,"{'rz': 108, 'sx': 84, 'rx': 65, 'cz': 45, 'rzz': 39, 'barrier': 8}",5,5,0,ok,,39.0,36.0,ok,,0.96,0.987833544029,36.0,32.0,0.96,0.987833544029,36.0,32.0,0.96,0.987833544029,36.0,32.0,custom_states,False,False,False,,
cycle4,cycle,4,monomial_full,sup123_P021_ph002,True,False,0.0,0.666667,127.0,133.2,8.35,345.0,355.2,84.0,85.2,128.0,"{'rz': 108, 'sx': 84, 'rx': 69, 'cz': 45, 'rzz': 39, 'barrier': 8}",5,5,0,ok,,39.0,36.0,ok,,0.97,0.987833544029,36.0,32.0,0.97,0.987833544029,36.0,32.0,0.97,0.987833544029,36.0,32.0,custom_states,False,False,False,,
cycle4,cycle,4,monomial_full,sup123_P021_ph010,True,False,0.0,0.666667,127.0,133.4,8.71,342.0,352.8,84.0,85.2,128.0,"{'rz': 109, 'sx': 84, 'rx': 65, 'cz': 45, 'rzz': 39, 'barrier': 8}",5,5,0,ok,,39.0,36.0,ok,,0.96,0.960782180207,36.0,32.0,0.96,0.960782180207,36.0,32.0,0.96,0.960782180207,36.0,32.0,custom_states,False,False,False,,
cycle4,cycle,4,monomial_full,sup123_P021_ph011,True,False,0.0,0.666667,127.0,133.4,8.71,344.0,354.6,84.0,85.2,128.0,"{'rz': 107, 'sx': 84, 'rx': 69, 'cz': 45, 'rzz': 39, 'barrier': 8}",5,5,0,ok,,39.0,36.0,ok,,0.95,0.898239399154,35.0,32.0,0.99,0.987833544029,36.0,32.0,0.99,0.987833544029,36.0,32.0,custom_states,False,False,False,,
cycle4,cycle,4,monomial_full,sup123_P021_ph012,True,False,0.0,0.666667,127.0,133.4,8.71,344.0,354.6,84.0,85.2,128.0,"{'rz': 109, 'sx': 84, 'rx': 67, 'cz': 45, 'rzz': 39, 'barrier': 8}",5,5,0,ok,,39.0,36.0,ok,,0.95,0.987833544029,36.0,32.0,0.95,0.987833544029,36.0,32.0,0.95,0.987833544029,36.0,32.0,custom_states,False,False,False,,
cycle4,cycle,4,monomial_full,sup123_P021_ph020,True,False,0.0,0.666667,126.0,132.6,9.07,341.0,351.4,84.0,85.2,128.0,"{'rz': 108, 'sx': 84, 'rx': 65, 'cz': 45, 'rzz': 39, 'barrier': 8}",5,5,0,ok,,39.0,36.0,ok,,0.95,0.960571637118,36.0,32.0,0.95,0.960571637118,36.0,32.0,0.95,0.960571637118,36.0,32.0,custom_states,False,False,False,,
cycle4,cycle,4,monomial_full,sup123_P021_ph021,True,False,0.0,0.666667,127.0,133.4,8.71,340.0,351.2,84.0,85.2,128.0,"{'rz': 107, 'sx': 84, 'rx': 65, 'cz': 45, 'rzz': 39, 'barrier': 8}",5,5,0,ok,,39.0,36.0,ok,,0.96,0.987833544029,36.0,32.0,0.96,0.987833544029,36.0,32.0,0.96,0.987833544029,36.0,32.0,custom_states,False,False,False,,
cycle4,cycle,4,monomial_full,sup123_P021_ph022,True,False,0.0,0.666667,127.0,133.2,8.35,342.0,353.2,84.0,85.2,128.0,"{'rz': 107, 'sx': 84, 'rx': 67, 'cz': 45, 'rzz': 39, 'barrier': 8}",5,5,0,ok,,39.0,36.0,ok,,0.95,0.960611940155,36.0,32.0,0.95,0.960611940155,36.0,32.0,0.95,0.960611940155,36.0,32.0,custom_states,False,False,False,,
cycle4,cycle,4,monomial_full,sup123_P021_ph100,True,False,0.0,0.666667,127.0,133.4,8.71,340.0,350.8,84.0,85.2,128.0,"{'rz': 106, 'sx': 84, 'rx': 66, 'cz': 45, 'rzz': 39, 'barrier': 8}",5,5,0,ok,,39.0,36.0,ok,,0.98,0.960767155013,36.0,32.0,0.98,0.960767155013,36.0,32.0,0.98,0.960767155013,36.0,32.0,custom_states,False,False,False,,
cycle4,cycle,4,monomial_full,sup123_P021_ph101,True,False,0.0,0.666667,127.0,133.4,8.71,342.0,353.4,84.0,85.2,128.0,"{'rz': 108, 'sx': 84, 'rx': 66, 'cz': 45, 'rzz': 39, 'barrier': 8}",5,5,0,ok,,39.0,36.0,ok,,0.96,0.960462253081,36.0,32.0,0.96,0.960462253081,36.0,32.0,0.96,0.960462253081,36.0,32.0,custom_states,False,False,False,,
cycle4,cycle,4,monomial_full,sup123_P021_ph102,True,False,0.0,0.666667,127.0,133.4,8.71,344.0,354.6,84.0,85.2,128.0,"{'rz': 108, 'sx': 84, 'rx': 68, 'cz': 45, 'rzz': 39, 'barrier': 8}",5,5,0,ok,,39.0,36.0,ok,,0.95,0.987833544029,36.0,32.0,0.95,0.987833544029,36.0,32.0,0.95,0.987833544029,36.0,32.0,custom_states,False,False,False,,
cycle4,cycle,4,monomial_full,sup123_P021_ph110,True,False,0.0,0.666667,127.0,133.2,8.35,343.0,353.4,84.0,85.2,128.0,"{'rz': 108, 'sx': 84, 'rx': 67, 'cz': 45, 'rzz': 39, 'barrier': 8}",5,5,0,ok,,39.0,36.0,ok,,0.96,0.960560120879,36.0,32.0,0.96,0.960560120879,36.0,32.0,0.96,0.960560120879,36.0,32.0,custom_states,False,False,False,,
cycle4,cycle,4,monomial_full,sup123_P021_ph111,True,False,0.0,0.666667,127.0,133.0,8.0,342.0,352.6,84.0,85.2,128.0,"{'rz': 107, 'sx': 84, 'rx': 67, 'cz': 45, 'rzz': 39, 'barrier': 8}",5,5,0,ok,,39.0,36.0,ok,,0.96,0.960784023755,36.0,32.0,0.96,0.960784023755,36.0,32.0,0.96,0.960784023755,36.0,32.0,custom_states,False,False,False,,
cycle4,cycle,4,monomial_full,sup123_P021_ph112,True,False,0.0,0.666667,127.0,133.2,8.35,345.0,355.2,84.0,85.2,128.0,"{'rz': 108, 'sx': 84, 'rx': 69, 'cz': 45, 'rzz': 39, 'barrier': 8}",5,5,0,ok,,39.0,36.0,ok,,0.96,0.960448939468,36.0,32.0,0.96,0.960448939468,36.0,32.0,0.96,0.960448939468,36.0,32.0,custom_states,False,False,False,,
cycle4,cycle,4,monomial_full,sup123_P021_ph120,True,False,0.0,0.666667,127.0,133.4,8.71,345.0,355.8,84.0,85.2,128.0,"{'rz': 109, 'sx': 84, 'rx': 68, 'cz': 45, 'rzz': 39, 'barrier': 8}",5,5,0,ok,,39.0,36.0,ok,,0.95,0.987833544029,36.0,32.0,0.95,0.987833544029,36.0,32.0,0.95,0.987833544029,36.0,32.0,custom_states,False,False,False,,
cycle4,cycle,4,monomial_full,sup123_P021_ph121,True,False,0.0,0.666667,127.0,133.4,8.71,345.0,355.8,84.0,85.2,128.0,"{'rz': 109, 'sx': 84, 'rx': 68, 'cz': 45, 'rzz': 39, 'barrier': 8}",5,5,0,ok,,39.0,36.0,ok,,0.96,0.987833544029,34.0,32.0,0.96,0.987833544029,34.0,32.0,0.96,0.987833544029,34.0,32.0,custom_states,False,False,False,,
cycle4,cycle,4,monomial_full,sup123_P021_ph122,True,False,0.0,0.666667,127.0,133.2,8.35,343.0,353.8,84.0,85.2,128.0,"{'rz': 108, 'sx': 84, 'rx': 67, 'cz': 45, 'rzz': 39, 'barrier': 8}",5,5,0,ok,,39.0,36.0,ok,,0.98,0.960001621616,35.0,32.0,0.98,0.960001621616,35.0,32.0,0.98,0.960001621616,35.0,32.0,custom_states,False,False,False,,
cycle4,cycle,4,monomial_full,sup123_P021_ph200,True,False,0.0,0.666667,127.0,133.2,8.35,341.0,351.4,84.0,85.2,128.0,"{'rz': 106, 'sx': 84, 'rx': 67, 'cz': 45, 'rzz': 39, 'barrier': 8}",5,5,0,ok,,39.0,36.0,ok,,0.95,0.917232320295,36.0,32.0,0.95,0.917232320295,36.0,32.0,,,,,custom_states,False,False,False,,
cycle4,cycle,4,monomial_full,sup123_P021_ph201,True,False,0.0,0.666667,127.0,133.4,8.71,342.0,352.8,84.0,85.2,128.0,"{'rz': 109, 'sx': 84, 'rx': 65, 'cz': 45, 'rzz': 39, 'barrier': 8}",5,5,0,ok,,39.0,36.0,ok,,0.96,0.987833544029,36.0,32.0,0.96,0.987833544029,36.0,32.0,0.96,0.987833544029,36.0,32.0,custom_states,False,False,False,,
cycle4,cycle,4,monomial_full,sup123_P021_ph202,True,False,0.0,0.666667,127.0,133.4,8.71,345.0,355.8,84.0,85.2,128.0,"{'rz': 109, 'sx': 84, 'rx': 68, 'cz': 45, 'rzz': 39, 'barrier': 8}",5,5,0,ok,,39.0,36.0,ok,,0.95,0.933327492289,36.0,32.0,0.95,0.933327492289,36.0,32.0,,,,,custom_states,False,False,False,,
cycle4,cycle,4,monomial_full,sup123_P021_ph210,True,False,0.0,0.666667,127.0,133.4,8.71,341.0,352.0,84.0,85.2,128.0,"{'rz': 107, 'sx': 84, 'rx': 66, 'cz': 45, 'rzz': 39, 'barrier': 8}",5,5,0,ok,,39.0,36.0,ok,,0.96,0.960571637118,35.0,32.0,0.96,0.960571637118,35.0,32.0,0.96,0.960571637118,35.0,32.0,custom_states,False,False,False,,
cycle4,cycle,4,monomial_full,sup123_P021_ph211,True,False,0.0,0.666667,127.0,133.2,8.35,342.0,353.2,84.0,85.2,128.0,"{'rz': 107, 'sx': 84, 'rx': 67, 'cz': 45, 'rzz': 39, 'barrier': 8}",5,5,0,ok,,39.0,36.0,ok,,0.96,0.960518197594,36.0,32.0,0.96,0.960518197594,36.0,32.0,0.96,0.960518197594,36.0,32.0,custom_states,False,False,False,,
cycle4,cycle,4,monomial_full,sup123_P021_ph212,True,False,0.0,0.666667,127.0,133.4,8.71,343.0,354.0,84.0,85.2,128.0,"{'rz': 107, 'sx': 84, 'rx': 68, 'cz': 45, 'rzz': 39, 'barrier': 8}",5,5,0,ok,,39.0,36.0,ok,,0.96,0.933476310561,35.0,32.0,0.96,0.933476310561,35.0,32.0,,,,,custom_states,False,False,False,,
cycle4,cycle,4,monomial_full,sup123_P021_ph220,True,False,0.0,0.666667,127.0,133.4,8.71,343.0,354.0,84.0,85.2,128.0,"{'rz': 109, 'sx': 84, 'rx': 66, 'cz': 45, 'rzz': 39, 'barrier': 8}",5,5,0,ok,,39.0,36.0,ok,,0.95,0.987833544029,34.0,32.0,0.95,0.987833544029,34.0,32.0,0.95,0.987833544029,34.0,32.0,custom_states,False,False,False,,
cycle4,cycle,4,monomial_full,sup123_P021_ph221,True,False,0.0,0.666667,127.0,133.4,8.71,343.0,354.0,84.0,85.2,128.0,"{'rz': 109, 'sx': 84, 'rx': 66, 'cz': 45, 'rzz': 39, 'barrier': 8}",5,5,0,ok,,39.0,36.0,ok,,0.96,0.960691313693,36.0,32.0,0.96,0.960691313693,36.0,32.0,0.96,0.960691313693,36.0,32.0,custom_states,False,False,False,,
cycle4,cycle,4,monomial_full,sup123_P021_ph222,True,False,0.0,0.666667,127.0,133.2,8.35,339.0,349.8,84.0,85.2,128.0,"{'rz': 106, 'sx': 84, 'rx': 65, 'cz': 45, 'rzz': 39, 'barrier': 8}",5,5,0,ok,,39.0,36.0,ok,,0.95,0.987833544029,36.0,32.0,0.95,0.987833544029,36.0,32.0,0.95,0.987833544029,36.0,32.0,custom_states,False,False,False,,
cycle4,cycle,4,monomial_full,sup123_P102_ph000,True,False,0.0,0.666667,126.0,133.2,9.87,345.0,355.4,84.0,85.2,128.0,"{'rz': 107, 'sx': 84, 'rx': 70, 'cz': 45, 'rzz': 39, 'barrier': 8}",5,5,0,ok,,39.0,36.0,ok,,0.96,0.960571637118,36.0,32.0,0.96,0.960571637118,36.0,32.0,0.96,0.960571637118,36.0,32.0,custom_states,False,False,False,,
cycle4,cycle,4,monomial_full,sup123_P102_ph001,True,False,0.0,0.666667,127.0,133.6,9.37,346.0,357.2,84.0,85.2,128.0,"{'rz': 110, 'sx': 84, 'rx': 68, 'cz': 45, 'rzz': 39, 'barrier': 8}",5,5,0,ok,,39.0,36.0,ok,,0.95,0.987833544029,36.0,32.0,0.95,0.987833544029,36.0,32.0,0.95,0.987833544029,36.0,32.0,custom_states,False,False,False,,
cycle4,cycle,4,monomial_full,sup123_P102_ph002,True,False,0.0,0.666667,127.0,133.6,9.37,346.0,357.2,84.0,85.2,128.0,"{'rz': 110, 'sx': 84, 'rx': 68, 'cz': 45, 'rzz': 39, 'barrier': 8}",5,5,0,ok,,39.0,36.0,ok,,0.96,0.987833544029,36.0,32.0,0.96,0.987833544029,36.0,32.0,0.96,0.987833544029,36.0,32.0,custom_states,False,False,False,,
cycle4,cycle,4,monomial_full,sup123_P102_ph010,True,False,0.0,0.666667,127.0,133.8,9.15,348.0,357.8,84.0,85.2,128.0,"{'rz': 111, 'sx': 84, 'rx': 69, 'cz': 45, 'rzz': 39, 'barrier': 8}",5,5,0,ok,,39.0,36.0,ok,,0.95,0.987833544029,36.0,32.0,0.95,0.987833544029,36.0,32.0,0.95,0.987833544029,36.0,32.0,custom_states,False,False,False,,
cycle4,cycle,4,monomial_full,sup123_P102_ph011,True,False,0.0,0.666667,129.0,135.2,8.63,352.0,361.6,84.0,85.2,128.0,"{'rz': 114, 'sx': 84, 'rx': 70, 'cz': 45, 'rzz': 39, 'barrier': 8}",5,5,0,ok,,39.0,36.0,ok,,0.95,0.987833544029,36.0,32.0,0.95,0.987833544029,36.0,32.0,0.95,0.987833544029,36.0,32.0,custom_states,False,False,False,,
cycle4,cycle,4,monomial_full,sup123_P102_ph012,True,False,0.0,0.666667,129.0,135.0,8.27,351.0,360.6,84.0,85.2,128.0,"{'rz': 113, 'sx': 84, 'rx': 70, 'cz': 45, 'rzz': 39, 'barrier': 8}",5,5,0,ok,,39.0,36.0,ok,,0.96,0.987833544029,36.0,32.0,0.96,0.987833544029,36.0,32.0,0.96,0.987833544029,36.0,32.0,custom_states,False,False,False,,
cycle4,cycle,4,monomial_full,sup123_P102_ph020,True,False,0.0,0.666667,127.0,134.0,9.51,347.0,357.0,84.0,85.2,128.0,"{'rz': 109, 'sx': 84, 'rx': 70, 'cz': 45, 'rzz': 39, 'barrier': 8}",5,5,0,ok,,39.0,36.0,ok,,0.95,0.960771801599,36.0,32.0,0.95,0.960771801599,36.0,32.0,0.95,0.960771801599,36.0,32.0,custom_states,False,False,False,,
cycle4,cycle,4,monomial_full,sup123_P102_ph021,True,False,0.0,0.666667,129.0,135.2,8.63,352.0,361.6,84.0,85.2,128.0,"{'rz': 114, 'sx': 84, 'rx': 70, 'cz': 45, 'rzz': 39, 'barrier': 8}",5,5,0,ok,,39.0,36.0,ok,,0.96,0.987833544029,36.0,32.0,0.96,0.987833544029,36.0,32.0,0.96,0.987833544029,36.0,32.0,custom_states,False,False,False,,
cycle4,cycle,4,monomial_full,sup123_P102_ph022,True,False,0.0,0.666667,129.0,135.2,8.63,352.0,361.6,84.0,85.2,128.0,"{'rz': 114, 'sx': 84, 'rx': 70, 'cz': 45, 'rzz': 39, 'barrier': 8}",5,5,0,ok,,39.0,36.0,ok,,0.96,0.987833544029,36.0,32.0,0.96,0.987833544029,36.0,32.0,0.96,0.987833544029,36.0,32.0,custom_states,False,False,False,,
cycle4,cycle,4,monomial_full,sup123_P102_ph100,True,False,0.0,0.666667,129.0,135.2,8.63,352.0,361.6,84.0,85.2,128.0,"{'rz': 114, 'sx': 84, 'rx': 70, 'cz': 45, 'rzz': 39, 'barrier': 8}",5,5,0,ok,,39.0,36.0,ok,,0.95,0.987833544029,36.0,32.0,0.95,0.987833544029,36.0,32.0,0.95,0.987833544029,36.0,32.0,custom_states,False,False,False,,
cycle4,cycle,4,monomial_full,sup123_P102_ph101,True,False,0.0,0.666667,126.0,133.4,9.95,347.0,357.4,84.0,85.2,128.0,"{'rz': 110, 'sx': 84, 'rx': 69, 'cz': 45, 'rzz': 39, 'barrier': 8}",5,5,0,ok,,39.0,36.0,ok,,0.95,0.960771801599,36.0,32.0,0.95,0.960771801599,36.0,32.0,0.95,0.960771801599,36.0,32.0,custom_states,False,False,False,,
cycle4,cycle,4,monomial_full,sup123_P102_ph102,True,False,0.0,0.666667,129.0,135.2,8.63,352.0,361.6,84.0,85.2,128.0,"{'rz': 114, 'sx': 84, 'rx': 70, 'cz': 45, 'rzz': 39, 'barrier': 8}",5,5,0,ok,,39.0,36.0,ok,,0.95,0.960771801599,36.0,32.0,0.95,0.960771801599,36.0,32.0,0.95,0.960771801599,36.0,32.0,custom_states,False,False,False,,
cycle4,cycle,4,monomial_full,sup123_P102_ph110,True,False,0.0,0.666667,128.0,134.0,8.27,347.0,356.8,84.0,85.2,128.0,"{'rz': 109, 'sx': 84, 'rx': 70, 'cz': 45, 'rzz': 39, 'barrier': 8}",5,5,0,ok,,39.0,36.0,ok,,0.95,0.987833544029,36.0,32.0,0.95,0.987833544029,36.0,32.0,0.95,0.987833544029,36.0,32.0,custom_states,False,False,False,,
cycle4,cycle,4,monomial_full,sup123_P102_ph111,True,False,0.0,0.666667,125.0,132.4,10.23,343.0,353.6,84.0,85.2,128.0,"{'rz': 107, 'sx': 84, 'rx': 68, 'cz': 45, 'rzz': 39, 'barrier': 8}",5,5,0,ok,,39.0,36.0,ok,,0.95,0.96058258366,36.0,32.0,0.95,0.96058258366,36.0,32.0,0.95,0.96058258366,36.0,32.0,custom_states,False,False,False,,
cycle4,cycle,4,monomial_full,sup123_P102_ph112,True,False,0.0,0.666667,127.0,133.2,8.63,345.0,355.8,84.0,85.2,128.0,"{'rz': 109, 'sx': 84, 'rx': 68, 'cz': 45, 'rzz': 39, 'barrier': 8}",5,5,0,ok,,39.0,36.0,ok,,0.95,0.987833544029,36.0,32.0,0.95,0.987833544029,36.0,32.0,0.95,0.987833544029,36.0,32.0,custom_states,False,False,False,,
cycle4,cycle,4,monomial_full,sup123_P102_ph120,True,False,0.0,0.666667,129.0,135.0,8.27,352.0,361.4,84.0,85.2,128.0,"{'rz': 114, 'sx': 84, 'rx': 70, 'cz': 45, 'rzz': 39, 'barrier': 8}",5,5,0,ok,,39.0,36.0,ok,,0.95,0.987833544029,36.0,32.0,0.95,0.987833544029,36.0,32.0,0.95,0.987833544029,36.0,32.0,custom_states,False,False,False,,
cycle4,cycle,4,monomial_full,sup123_P102_ph121,True,False,0.0,0.666667,127.0,134.0,9.51,349.0,359.2,84.0,85.2,128.0,"{'rz': 111, 'sx': 84, 'rx': 70, 'cz': 45, 'rzz': 39, 'barrier': 8}",5,5,0,ok,,39.0,36.0,ok,,0.95,0.879523823236,35.0,32.0,0.99,0.960744114244,36.0,32.0,0.99,0.960744114244,36.0,32.0,custom_states,False,False,False,,
cycle4,cycle,4,monomial_full,sup123_P102_ph122,True,False,0.0,0.666667,129.0,135.2,8.63,351.0,360.8,84.0,85.2,128.0,"{'rz': 113, 'sx': 84, 'rx': 70, 'cz': 45, 'rzz': 39, 'barrier': 8}",5,5,0,ok,,39.0,36.0,ok,,0.98,0.981866520367,36.0,32.0,0.98,0.981866520367,36.0,32.0,0.98,0.981866520367,36.0,32.0,custom_states,False,False,False,,
cycle4,cycle,4,monomial_full,sup123_P102_ph200,True,False,0.0,0.666667,129.0,135.2,8.63,352.0,361.6,84.0,85.2,128.0,"{'rz': 114, 'sx': 84, 'rx': 70, 'cz': 45, 'rzz': 39, 'barrier': 8}",5,5,0,ok,,39.0,36.0,ok,,0.96,0.987833544029,36.0,32.0,0.96,0.987833544029,36.0,32.0,0.96,0.987833544029,36.0,32.0,custom_states,False,False,False,,
cycle4,cycle,4,monomial_full,sup123_P102_ph201,True,False,0.0,0.666667,129.0,135.2,8.63,352.0,361.6,84.0,85.2,128.0,"{'rz': 114, 'sx': 84, 'rx': 70, 'cz': 45, 'rzz': 39, 'barrier': 8}",5,5,0,ok,,39.0,36.0,ok,,0.96,0.987552341814,35.0,32.0,0.96,0.987552341814,35.0,32.0,0.96,0.987552341814,35.0,32.0,custom_states,False,False,False,,
cycle4,cycle,4,monomial_full,sup123_P102_ph202,True,False,0.0,0.666667,127.0,133.8,9.15,347.0,357.6,84.0,85.2,128.0,"{'rz': 109, 'sx': 84, 'rx': 70, 'cz': 45, 'rzz': 39, 'barrier': 8}",5,5,0,ok,,39.0,36.0,ok,,0.95,0.960744114244,36.0,32.0,0.95,0.960744114244,36.0,32.0,0.95,0.960744114244,36.0,32.0,custom_states,False,False,False,,
cycle4,cycle,4,monomial_full,sup123_P102_ph210,True,False,0.0,0.666667,129.0,135.2,8.63,352.0,361.6,84.0,85.2,128.0,"{'rz': 114, 'sx': 84, 'rx': 70, 'cz': 45, 'rzz': 39, 'barrier': 8}",5,5,0,ok,,39.0,36.0,ok,,0.96,0.960398331779,36.0,32.0,0.96,0.960398331779,36.0,32.0,0.96,0.960398331779,36.0,32.0,custom_states,False,False,False,,
cycle4,cycle,4,monomial_full,sup123_P102_ph211,True,False,0.0,0.666667,129.0,135.2,8.63,352.0,361.6,84.0,85.2,128.0,"{'rz': 114, 'sx': 84, 'rx': 70, 'cz': 45, 'rzz': 39, 'barrier': 8}",5,5,0,ok,,39.0,36.0,ok,,0.96,0.987833544029,36.0,32.0,0.96,0.987833544029,36.0,32.0,0.96,0.987833544029,36.0,32.0,custom_states,False,False,False,,
cycle4,cycle,4,monomial_full,sup123_P102_ph212,True,False,0.0,0.666667,127.0,134.0,9.51,348.0,358.2,84.0,85.2,128.0,"{'rz': 110, 'sx': 84, 'rx': 70, 'cz': 45, 'rzz': 39, 'barrier': 8}",5,5,0,ok,,39.0,36.0,ok,,0.95,0.987833544029,36.0,32.0,0.95,0.987833544029,36.0,32.0,0.95,0.987833544029,36.0,32.0,custom_states,False,False,False,,
cycle4,cycle,4,monomial_full,sup123_P102_ph220,True,False,0.0,0.666667,127.0,133.6,9.37,348.0,358.4,84.0,85.2,128.0,"{'rz': 112, 'sx': 84, 'rx': 68, 'cz': 45, 'rzz': 39, 'barrier': 8}",5,5,0,ok,,39.0,36.0,ok,,0.95,0.987833544029,36.0,32.0,0.95,0.987833544029,36.0,32.0,0.95,0.987833544029,36.0,32.0,custom_states,False,False,False,,
cycle4,cycle,4,monomial_full,sup123_P102_ph221,True,False,0.0,0.666667,127.0,133.6,9.37,348.0,358.4,84.0,85.2,128.0,"{'rz': 112, 'sx': 84, 'rx': 68, 'cz': 45, 'rzz': 39, 'barrier': 8}",5,5,0,ok,,39.0,36.0,ok,,0.96,0.88912539109,35.0,32.0,0.98,0.987833544029,36.0,32.0,0.98,0.987833544029,36.0,32.0,custom_states,False,False,False,,
cycle4,cycle,4,monomial_full,sup123_P102_ph222,True,False,0.0,0.666667,125.0,132.4,10.23,343.0,353.8,84.0,85.2,128.0,"{'rz': 108, 'sx': 84, 'rx': 67, 'cz': 45, 'rzz': 39, 'barrier': 8}",5,5,0,ok,,39.0,36.0,ok,,0.95,0.96058258366,36.0,32.0,0.95,0.96058258366,36.0,32.0,0.95,0.96058258366,36.0,32.0,custom_states,False,False,False,,
cycle4,cycle,4,monomial_full,sup123_P120_ph000,True,False,0.0,0.666667,126.0,133.4,10.23,349.0,359.4,84.0,85.2,128.0,"{'rz': 112, 'sx': 84, 'rx': 69, 'cz': 45, 'rzz': 39, 'barrier': 8}",5,5,0,ok,,39.0,36.0,ok,,0.96,0.96058258366,36.0,32.0,0.96,0.96058258366,36.0,32.0,0.96,0.96058258366,36.0,32.0,custom_states,False,False,False,,
cycle4,cycle,4,monomial_full,sup123_P120_ph001,True,False,0.0,0.666667,127.0,134.0,9.8,354.0,364.8,84.0,85.2,128.0,"{'rz': 116, 'sx': 84, 'rx': 70, 'cz': 45, 'rzz': 39, 'barrier': 8}",5,5,0,ok,,39.0,36.0,ok,,0.95,0.960783314566,36.0,32.0,0.95,0.960783314566,36.0,32.0,0.95,0.960783314566,36.0,32.0,custom_states,False,False,False,,
cycle4,cycle,4,monomial_full,sup123_P120_ph002,True,False,0.0,0.666667,127.0,134.0,9.8,354.0,364.8,84.0,85.2,128.0,"{'rz': 116, 'sx': 84, 'rx': 70, 'cz': 45, 'rzz': 39, 'barrier': 8}",5,5,0,ok,,39.0,36.0,ok,,0.95,0.915347158212,36.0,32.0,0.95,0.915347158212,36.0,32.0,0.99,0.960373235193,36.0,32.0,custom_states,False,False,False,,
cycle4,cycle,4,monomial_full,sup123_P120_ph010,True,False,0.0,0.666667,132.0,139.0,10.84,364.0,374.2,88.0,89.2,128.0,"{'rz': 117, 'sx': 84, 'rx': 75, 'cz': 45, 'rzz': 43, 'barrier': 8}",5,5,0,ok,,41.0,40.0,ok,,0.96,0.96058258366,38.0,36.0,0.96,0.96058258366,38.0,36.0,0.96,0.96058258366,38.0,36.0,custom_states,False,False,False,,
cycle4,cycle,4,monomial_full,sup123_P120_ph011,True,False,0.0,0.666667,132.0,139.0,10.84,365.0,375.4,88.0,89.2,128.0,"{'rz': 118, 'sx': 84, 'rx': 75, 'cz': 45, 'rzz': 43, 'barrier': 8}",5,5,0,ok,,41.0,40.0,ok,,0.97,0.958111358846,38.0,36.0,0.97,0.958111358846,38.0,36.0,0.97,0.958111358846,38.0,36.0,custom_states,False,False,False,,
cycle4,cycle,4,monomial_full,sup123_P120_ph012,True,False,0.0,0.666667,132.0,138.8,10.46,363.0,373.6,88.0,89.2,128.0,"{'rz': 118, 'sx': 84, 'rx': 73, 'cz': 45, 'rzz': 43, 'barrier': 8}",5,5,0,ok,,40.0,40.0,ok,,0.96,0.960703549085,37.0,36.0,0.96,0.960703549085,37.0,36.0,0.96,0.960703549085,37.0,36.0,custom_states,False,False,False,,
cycle4,cycle,4,monomial_full,sup123_P120_ph020,True,False,0.0,0.666667,132.0,139.0,10.84,363.0,374.8,88.0,89.2,128.0,"{'rz': 117, 'sx': 84, 'rx': 74, 'cz': 45, 'rzz': 43, 'barrier': 8}",5,5,0,ok,,41.0,40.0,ok,,0.95,0.96058258366,38.0,36.0,0.95,0.96058258366,38.0,36.0,0.95,0.96058258366,38.0,36.0,custom_states,False,False,False,,
cycle4,cycle,4,monomial_full,sup123_P120_ph021,True,False,0.0,0.666667,132.0,138.8,10.46,364.0,374.8,88.0,89.2,128.0,"{'rz': 118, 'sx': 84, 'rx': 74, 'cz': 45, 'rzz': 43, 'barrier': 8}",5,5,0,ok,,40.0,40.0,ok,,0.95,0.922374020955,37.0,36.0,0.95,0.922374020955,37.0,36.0,,,,,custom_states,False,False,False,,
cycle4,cycle,4,monomial_full,sup123_P120_ph022,True,False,0.0,0.666667,132.0,139.0,10.84,362.0,373.0,88.0,89.2,128.0,"{'rz': 117, 'sx': 84, 'rx': 73, 'cz': 45, 'rzz': 43, 'barrier': 8}",5,5,0,ok,,41.0,40.0,ok,,0.96,0.96058258366,38.0,36.0,0.96,0.96058258366,38.0,36.0,0.96,0.96058258366,38.0,36.0,custom_states,False,False,False,,
cycle4,cycle,4,monomial_full,sup123_P120_ph100,True,False,0.0,0.666667,132.0,139.0,10.84,364.0,374.2,88.0,89.2,128.0,"{'rz': 117, 'sx': 84, 'rx': 75, 'cz': 45, 'rzz': 43, 'barrier': 8}",5,5,0,ok,,41.0,40.0,ok,,0.95,0.96058258366,38.0,36.0,0.95,0.96058258366,38.0,36.0,0.95,0.96058258366,38.0,36.0,custom_states,False,False,False,,
cycle4,cycle,4,monomial_full,sup123_P120_ph101,True,False,0.0,0.666667,132.0,139.0,10.84,365.0,375.6,88.0,89.2,128.0,"{'rz': 118, 'sx': 84, 'rx': 75, 'cz': 45, 'rzz': 43, 'barrier': 8}",5,5,0,ok,,41.0,40.0,ok,,0.97,0.960367404406,38.0,36.0,0.97,0.960367404406,38.0,36.0,0.97,0.960367404406,38.0,36.0,custom_states,False,False,False,,
cycle4,cycle,4,monomial_full,sup123_P120_ph102,True,False,0.0,0.666667,132.0,139.0,10.84,365.0,375.4,88.0,89.2,128.0,"{'rz': 118, 'sx': 84, 'rx': 75, 'cz': 45, 'rzz': 43, 'barrier': 8}",5,5,0,ok,,41.0,40.0,ok,,0.95,0.960336835566,38.0,36.0,0.95,0.960336835566,38.0,36.0,0.95,0.960336835566,38.0,36.0,custom_states,False,False,False,,
cycle4,cycle,4,monomial_full,sup123_P120_ph110,True,False,0.0,0.666667,131.0,138.4,11.24,359.0,370.6,88.0,89.2,128.0,"{'rz': 113, 'sx': 84, 'rx': 74, 'cz': 45, 'rzz': 43, 'barrier': 8}",5,5,0,ok,,41.0,40.0,ok,,0.96,0.96058258366,38.0,36.0,0.96,0.96058258366,38.0,36.0,0.96,0.96058258366,38.0,36.0,custom_states,False,False,False,,
cycle4,cycle,4,monomial_full,sup123_P120_ph111,True,False,0.0,0.666667,132.0,139.0,10.84,368.0,378.4,88.0,89.2,128.0,"{'rz': 118, 'sx': 84, 'rx': 78, 'cz': 45, 'rzz': 43, 'barrier': 8}",5,5,0,ok,,41.0,40.0,ok,,0.95,0.987833544029,38.0,36.0,0.95,0.987833544029,38.0,36.0,0.95,0.987833544029,38.0,36.0,custom_states,False,False,False,,
cycle4,cycle,4,monomial_full,sup123_P120_ph112,True,False,0.0,0.666667,132.0,139.0,10.84,363.0,374.8,88.0,89.2,128.0,"{'rz': 117, 'sx': 84, 'rx': 74, 'cz': 45, 'rzz': 43, 'barrier': 8}",5,5,0,ok,,41.0,40.0,ok,,0.96,0.96058258366,38.0,36.0,0.96,0.96058258366,38.0,36.0,0.96,0.96058258366,38.0,36.0,custom_states,False,False,False,,
cycle4,cycle,4,monomial_full,sup123_P120_ph120,True,False,0.0,0.666667,127.0,134.0,9.8,353.0,363.4,84.0,85.2,128.0,"{'rz': 115, 'sx': 84, 'rx': 70, 'cz': 45, 'rzz': 39, 'barrier': 8}",5,5,0,ok,,39.0,36.0,ok,,0.96,0.987833544029,36.0,32.0,0.96,0.987833544029,36.0,32.0,0.96,0.987833544029,36.0,32.0,custom_states,False,False,False,,
cycle4,cycle,4,monomial_full,sup123_P120_ph121,True,False,0.0,0.666667,127.0,134.0,9.8,354.0,364.8,84.0,85.2,128.0,"{'rz': 116, 'sx': 84, 'rx': 70, 'cz': 45, 'rzz': 39, 'barrier': 8}",5,5,0,ok,,39.0,36.0,ok,,0.99,0.930703753371,36.0,32.0,0.99,0.930703753371,36.0,32.0,,,,,custom_states,False,False,False,,
cycle4,cycle,4,monomial_full,sup123_P120_ph122,True,False,0.0,0.666667,127.0,134.0,9.8,354.0,364.8,84.0,85.2,128.0,"{'rz': 116, 'sx': 84, 'rx': 70, 'cz': 45, 'rzz': 39, 'barrier': 8}",5,5,0,ok,,39.0,36.0,ok,,0.95,0.949212594578,36.0,32.0,0.95,0.949212594578,36.0,32.0,,,,,custom_states,False,False,False,,
cycle4,cycle,4,monomial_full,sup123_P120_ph200,True,False,0.0,0.666667,132.0,139.0,10.84,363.0,374.8,88.0,89.2,128.0,"{'rz': 117, 'sx': 84, 'rx': 74, 'cz': 45, 'rzz': 43, 'barrier': 8}",5,5,0,ok,,41.0,40.0,ok,,0.96,0.96058258366,38.0,36.0,0.96,0.96058258366,38.0,36.0,0.96,0.96058258366,38.0,36.0,custom_states,False,False,False,,
cycle4,cycle,4,monomial_full,sup123_P120_ph201,True,False,0.0,0.666667,132.0,139.0,10.84,366.0,376.6,88.0,89.2,128.0,"{'rz': 118, 'sx': 84, 'rx': 76, 'cz': 45, 'rzz': 43, 'barrier': 8}",5,5,0,ok,,41.0,40.0,ok,,0.95,0.922374020955,38.0,36.0,0.95,0.922374020955,38.0,36.0,,,,,custom_states,False,False,False,,
cycle4,cycle,4,monomial_full,sup123_P120_ph202,True,False,0.0,0.666667,131.0,138.4,11.24,359.0,370.8,88.0,89.2,128.0,"{'rz': 113, 'sx': 84, 'rx': 74, 'cz': 45, 'rzz': 43, 'barrier': 8}",5,5,0,ok,,41.0,40.0,ok,,0.95,0.96058258366,37.0,36.0,0.95,0.96058258366,37.0,36.0,0.95,0.96058258366,37.0,36.0,custom_states,False,False,False,,
cycle4,cycle,4,monomial_full,sup123_P120_ph210,True,False,0.0,0.666667,127.0,134.0,9.8,353.0,363.4,84.0,85.2,128.0,"{'rz': 115, 'sx': 84, 'rx': 70, 'cz': 45, 'rzz': 39, 'barrier': 8}",5,5,0,ok,,39.0,36.0,ok,,0.96,0.987833544029,36.0,32.0,0.96,0.987833544029,36.0,32.0,0.96,0.987833544029,36.0,32.0,custom_states,False,False,False,,
cycle4,cycle,4,monomial_full,sup123_P120_ph211,True,False,0.0,0.666667,127.0,134.0,9.8,354.0,364.8,84.0,85.2,128.0,"{'rz': 116, 'sx': 84, 'rx': 70, 'cz': 45, 'rzz': 39, 'barrier': 8}",5,5,0,ok,,39.0,36.0,ok,,0.95,0.960784022268,36.0,32.0,0.95,0.960784022268,36.0,32.0,0.95,0.960784022268,36.0,32.0,custom_states,False,False,False,,
cycle4,cycle,4,monomial_full,sup123_P120_ph212,True,False,0.0,0.666667,127.0,134.0,9.8,354.0,364.8,84.0,85.2,128.0,"{'rz': 116, 'sx': 84, 'rx': 70, 'cz': 45, 'rzz': 39, 'barrier': 8}",5,5,0,ok,,39.0,36.0,ok,,0.95,0.987833544029,36.0,32.0,0.95,0.987833544029,36.0,32.0,0.95,0.987833544029,36.0,32.0,custom_states,False,False,False,,
cycle4,cycle,4,monomial_full,sup123_P120_ph220,True,False,0.0,0.666667,131.0,138.4,11.24,363.0,373.4,88.0,89.2,128.0,"{'rz': 116, 'sx': 84, 'rx': 75, 'cz': 45, 'rzz': 43, 'barrier': 8}",5,5,0,ok,,41.0,40.0,ok,,0.96,0.96058258366,38.0,36.0,0.96,0.96058258366,38.0,36.0,0.96,0.96058258366,38.0,36.0,custom_states,False,False,False,,
cycle4,cycle,4,monomial_full,sup123_P120_ph221,True,False,0.0,0.666667,132.0,139.0,10.84,363.0,374.2,88.0,89.2,128.0,"{'rz': 118, 'sx': 84, 'rx': 73, 'cz': 45, 'rzz': 43, 'barrier': 8}",5,5,0,ok,,41.0,40.0,ok,,0.95,0.96074467397,38.0,36.0,0.95,0.96074467397,38.0,36.0,0.95,0.96074467397,38.0,36.0,custom_states,False,False,False,,
cycle4,cycle,4,monomial_full,sup123_P120_ph222,True,False,0.0,0.666667,132.0,139.0,10.84,365.0,375.4,88.0,89.2,128.0,"{'rz': 118, 'sx': 84, 'rx': 75, 'cz': 45, 'rzz': 43, 'barrier': 8}",5,5,0,ok,,41.0,40.0,ok,,0.97,0.957878468913,38.0,36.0,0.97,0.957878468913,38.0,36.0,0.97,0.957878468913,38.0,36.0,custom_states,False,False,False,,
cycle4,cycle,4,monomial_full,sup123_P201_ph000,True,False,0.0,0.666667,116.0,122.6,8.09,310.0,319.6,80.0,81.2,128.0,"{'rz': 87, 'sx': 84, 'rx': 59, 'cz': 49, 'rzz': 31, 'barrier': 8}",5,5,0,ok,,33.0,32.0,ok,,0.95,0.987833544029,30.0,28.0,0.95,0.987833544029,30.0,28.0,0.95,0.987833544029,30.0,28.0,custom_states,False,False,False,,
cycle4,cycle,4,monomial_full,sup123_P201_ph001,True,False,0.0,0.666667,120.0,125.4,6.62,316.0,325.2,80.0,81.2,128.0,"{'rz': 92, 'sx': 84, 'rx': 60, 'cz': 49, 'rzz': 31, 'barrier': 8}",5,5,0,ok,,34.0,32.0,ok,,0.96,0.862530536807,31.0,28.0,0.98,0.987833544029,31.0,28.0,0.98,0.987833544029,31.0,28.0,custom_states,False,False,False,,
cycle4,cycle,4,monomial_full,sup123_P201_ph002,True,False,0.0,0.666667,120.0,125.4,6.62,316.0,325.2,80.0,81.2,128.0,"{'rz': 92, 'sx': 84, 'rx': 60, 'cz': 49, 'rzz': 31, 'barrier': 8}",5,5,0,ok,,34.0,32.0,ok,,0.96,0.987833544029,31.0,28.0,0.96,0.987833544029,31.0,28.0,0.96,0.987833544029,31.0,28.0,custom_states,False,False,False,,
cycle4,cycle,4,monomial_full,sup123_P201_ph010,True,False,0.0,0.666667,117.0,124.0,8.63,312.0,322.4,80.0,81.2,128.0,"{'rz': 89, 'sx': 84, 'rx': 59, 'cz': 49, 'rzz': 31, 'barrier': 8}",5,5,0,ok,,33.0,32.0,ok,,0.95,0.862530536807,30.0,28.0,0.98,0.987833544029,30.0,28.0,0.98,0.987833544029,30.0,28.0,custom_states,False,False,False,,
cycle4,cycle,4,monomial_full,sup123_P201_ph011,True,False,0.0,0.666667,120.0,126.4,8.06,315.0,325.8,80.0,81.2,128.0,"{'rz': 92, 'sx': 84, 'rx': 59, 'cz': 49, 'rzz': 31, 'barrier': 8}",5,5,0,ok,,34.0,32.0,ok,,0.95,0.881233609259,31.0,28.0,0.98,0.987833544029,31.0,28.0,0.98,0.987833544029,31.0,28.0,custom_states,False,False,False,,
cycle4,cycle,4,monomial_full,sup123_P201_ph012,True,False,0.0,0.666667,120.0,126.4,8.06,315.0,325.8,80.0,81.2,128.0,"{'rz': 92, 'sx': 84, 'rx': 59, 'cz': 49, 'rzz': 31, 'barrier': 8}",5,5,0,ok,,34.0,32.0,ok,,0.96,0.987833544029,31.0,28.0,0.96,0.987833544029,31.0,28.0,0.96,0.987833544029,31.0,28.0,custom_states,False,False,False,,
cycle4,cycle,4,monomial_full,sup123_P201_ph020,True,False,0.0,0.666667,117.0,124.2,9.02,313.0,323.6,80.0,81.2,128.0,"{'rz': 90, 'sx': 84, 'rx': 59, 'cz': 49, 'rzz': 31, 'barrier': 8}",5,5,0,ok,,33.0,32.0,ok,,0.96,0.881233609259,30.0,28.0,0.98,0.987833544029,30.0,28.0,0.98,0.987833544029,30.0,28.0,custom_states,False,False,False,,
cycle4,cycle,4,monomial_full,sup123_P201_ph021,True,False,0.0,0.666667,120.0,126.4,8.06,318.0,328.4,80.0,81.2,128.0,"{'rz': 95, 'sx': 84, 'rx': 59, 'cz': 49, 'rzz': 31, 'barrier': 8}",5,5,0,ok,,34.0,32.0,ok,,0.96,0.987833544029,31.0,28.0,0.96,0.987833544029,31.0,28.0,0.96,0.987833544029,31.0,28.0,custom_states,False,False,False,,
cycle4,cycle,4,monomial_full,sup123_P201_ph022,True,False,0.0,0.666667,120.0,125.8,7.17,317.0,326.6,80.0,81.2,128.0,"{'rz': 93, 'sx': 84, 'rx': 60, 'cz': 49, 'rzz': 31, 'barrier': 8}",5,5,0,ok,,34.0,32.0,ok,,0.95,0.862530536807,31.0,28.0,0.98,0.987833544029,31.0,28.0,0.98,0.987833544029,31.0,28.0,custom_states,False,False,False,,
cycle4,cycle,4,monomial_full,sup123_P201_ph100,True,False,0.0,0.666667,119.0,125.2,7.65,314.0,324.0,80.0,81.2,128.0,"{'rz': 90, 'sx': 84, 'rx': 60, 'cz': 49, 'rzz': 31, 'barrier': 8}",5,5,0,ok,,33.0,32.0,ok,,0.96,0.987833544029,30.0,28.0,0.96,0.987833544029,30.0,28.0,0.96,0.987833544029,30.0,28.0,custom_states,False,False,False,,
cycle4,cycle,4,monomial_full,sup123_P201_ph101,True,False,0.0,0.666667,120.0,126.4,8.06,315.0,325.8,80.0,81.2,128.0,"{'rz': 92, 'sx': 84, 'rx': 59, 'cz': 49, 'rzz': 31, 'barrier': 8}",5,5,0,ok,,34.0,32.0,ok,,0.96,0.987833544029,31.0,28.0,0.96,0.987833544029,31.0,28.0,0.96,0.987833544029,31.0,28.0,custom_states,False,False,False,,
cycle4,cycle,4,monomial_full,sup123_P201_ph102,True,False,0.0,0.666667,117.0,124.2,9.02,310.0,321.0,80.0,81.2,128.0,"{'rz': 87, 'sx': 84, 'rx': 59, 'cz': 49, 'rzz': 31, 'barrier': 8}",5,5,0,ok,,33.0,32.0,ok,,0.95,0.881233609259,30.0,28.0,0.98,0.987833544029,30.0,28.0,0.98,0.987833544029,30.0,28.0,custom_states,False,False,False,,
cycle4,cycle,4,monomial_full,sup123_P201_ph110,True,False,0.0,0.666667,120.0,126.4,8.06,318.0,328.4,80.0,81.2,128.0,"{'rz': 95, 'sx': 84, 'rx': 59, 'cz': 49, 'rzz': 31, 'barrier': 8}",5,5,0,ok,,34.0,32.0,ok,,0.96,0.987833544029,31.0,28.0,0.96,0.987833544029,31.0,28.0,0.96,0.987833544029,31.0,28.0,custom_states,False,False,False,,
cycle4,cycle,4,monomial_full,sup123_P201_ph111,True,False,0.0,0.666667,120.0,126.4,8.06,318.0,328.4,80.0,81.2,128.0,"{'rz': 95, 'sx': 84, 'rx': 59, 'cz': 49, 'rzz': 31, 'barrier': 8}",5,5,0,ok,,34.0,32.0,ok,,0.95,0.963233236875,31.0,28.0,0.95,0.963233236875,31.0,28.0,0.95,0.963233236875,31.0,28.0,custom_states,False,False,False,,
cycle4,cycle,4,monomial_full,sup123_P201_ph112,True,False,0.0,0.666667,118.0,124.6,8.14,315.0,325.0,80.0,81.2,128.0,"{'rz': 92, 'sx': 84, 'rx': 59, 'cz': 49, 'rzz': 31, 'barrier': 8}",5,5,0,ok,,34.0,32.0,ok,,0.95,0.987833544029,31.0,28.0,0.95,0.987833544029,31.0,28.0,0.95,0.987833544029,31.0,28.0,custom_states,False,False,False,,
cycle4,cycle,4,monomial_full,sup123_P201_ph120,True,False,0.0,0.666667,120.0,125.4,6.62,316.0,325.2,80.0,81.2,128.0,"{'rz': 92, 'sx': 84, 'rx': 60, 'cz': 49, 'rzz': 31, 'barrier': 8}",5,5,0,ok,,34.0,32.0,ok,,0.96,0.987833544029,31.0,28.0,0.96,0.987833544029,31.0,28.0,0.96,0.987833544029,31.0,28.0,custom_states,False,False,False,,
cycle4,cycle,4,monomial_full,sup123_P201_ph121,True,False,0.0,0.666667,120.0,125.4,6.62,316.0,325.2,80.0,81.2,128.0,"{'rz': 92, 'sx': 84, 'rx': 60, 'cz': 49, 'rzz': 31, 'barrier': 8}",5,5,0,ok,,34.0,32.0,ok,,0.95,0.987833544029,31.0,28.0,0.95,0.987833544029,31.0,28.0,0.95,0.987833544029,31.0,28.0,custom_states,False,False,False,,
cycle4,cycle,4,monomial_full,sup123_P201_ph122,True,False,0.0,0.666667,119.0,125.4,7.94,316.0,326.2,80.0,81.2,128.0,"{'rz': 93, 'sx': 84, 'rx': 59, 'cz': 49, 'rzz': 31, 'barrier': 8}",5,5,0,ok,,34.0,32.0,ok,,0.95,0.987833544029,31.0,28.0,0.95,0.987833544029,31.0,28.0,0.95,0.987833544029,31.0,28.0,custom_states,False,False,False,,
cycle4,cycle,4,monomial_full,sup123_P201_ph200,True,False,0.0,0.666667,120.0,125.8,7.17,317.0,326.6,80.0,81.2,128.0,"{'rz': 93, 'sx': 84, 'rx': 60, 'cz': 49, 'rzz': 31, 'barrier': 8}",5,5,0,ok,,34.0,32.0,ok,,0.95,0.987833544029,31.0,28.0,0.95,0.987833544029,31.0,28.0,0.95,0.987833544029,31.0,28.0,custom_states,False,False,False,,
cycle4,cycle,4,monomial_full,sup123_P201_ph201,True,False,0.0,0.666667,118.0,124.6,8.14,315.0,325.0,80.0,81.2,128.0,"{'rz': 92, 'sx': 84, 'rx': 59, 'cz': 49, 'rzz': 31, 'barrier': 8}",5,5,0,ok,,34.0,32.0,ok,,0.95,0.862530536807,31.0,28.0,0.98,0.987833544029,31.0,28.0,0.98,0.987833544029,31.0,28.0,custom_states,False,False,False,,
cycle4,cycle,4,monomial_full,sup123_P201_ph202,True,False,0.0,0.666667,120.0,125.8,7.17,317.0,326.6,80.0,81.2,128.0,"{'rz': 93, 'sx': 84, 'rx': 60, 'cz': 49, 'rzz': 31, 'barrier': 8}",5,5,0,ok,,34.0,32.0,ok,,0.96,0.987833544029,31.0,28.0,0.96,0.987833544029,31.0,28.0,0.96,0.987833544029,31.0,28.0,custom_states,False,False,False,,
cycle4,cycle,4,monomial_full,sup123_P201_ph210,True,False,0.0,0.666667,120.0,126.0,7.46,317.0,327.0,80.0,81.2,128.0,"{'rz': 94, 'sx': 84, 'rx': 59, 'cz': 49, 'rzz': 31, 'barrier': 8}",5,5,0,ok,,34.0,32.0,ok,,0.96,0.987833544029,31.0,28.0,0.96,0.987833544029,31.0,28.0,0.96,0.987833544029,31.0,28.0,custom_states,False,False,False,,
cycle4,cycle,4,monomial_full,sup123_P201_ph211,True,False,0.0,0.666667,119.0,125.4,7.94,316.0,326.2,80.0,81.2,128.0,"{'rz': 93, 'sx': 84, 'rx': 59, 'cz': 49, 'rzz': 31, 'barrier': 8}",5,5,0,ok,,34.0,32.0,ok,,0.95,0.881233609259,31.0,28.0,0.98,0.987833544029,31.0,28.0,0.98,0.987833544029,31.0,28.0,custom_states,False,False,False,,
cycle4,cycle,4,monomial_full,sup123_P201_ph212,True,False,0.0,0.666667,120.0,126.0,7.46,317.0,327.0,80.0,81.2,128.0,"{'rz': 94, 'sx': 84, 'rx': 59, 'cz': 49, 'rzz': 31, 'barrier': 8}",5,5,0,ok,,34.0,32.0,ok,,0.95,0.987833544029,31.0,28.0,0.95,0.987833544029,31.0,28.0,0.95,0.987833544029,31.0,28.0,custom_states,False,False,False,,
cycle4,cycle,4,monomial_full,sup123_P201_ph220,True,False,0.0,0.666667,119.0,125.2,7.65,314.0,324.0,80.0,81.2,128.0,"{'rz': 90, 'sx': 84, 'rx': 60, 'cz': 49, 'rzz': 31, 'barrier': 8}",5,5,0,ok,,33.0,32.0,ok,,0.96,0.987833544029,30.0,28.0,0.96,0.987833544029,30.0,28.0,0.96,0.987833544029,30.0,28.0,custom_states,False,False,False,,
cycle4,cycle,4,monomial_full,sup123_P201_ph221,True,False,0.0,0.666667,117.0,124.2,9.02,310.0,321.0,80.0,81.2,128.0,"{'rz': 87, 'sx': 84, 'rx': 59, 'cz': 49, 'rzz': 31, 'barrier': 8}",5,5,0,ok,,33.0,32.0,ok,,0.95,0.987833544029,30.0,28.0,0.95,0.987833544029,30.0,28.0,0.95,0.987833544029,30.0,28.0,custom_states,False,False,False,,
cycle4,cycle,4,monomial_full,sup123_P201_ph222,True,False,0.0,0.666667,120.0,126.4,8.06,315.0,325.8,80.0,81.2,128.0,"{'rz': 92, 'sx': 84, 'rx': 59, 'cz': 49, 'rzz': 31, 'barrier': 8}",5,5,0,ok,,34.0,32.0,ok,,0.95,0.987833544029,31.0,28.0,0.95,0.987833544029,31.0,28.0,0.95,0.987833544029,31.0,28.0,custom_states,False,False,False,,
cycle4,cycle,4,monomial_full,sup123_P210_ph000,True,False,0.0,0.666667,117.0,123.2,7.6,308.0,317.2,80.0,81.2,128.0,"{'rz': 87, 'sx': 84, 'rx': 57, 'cz': 49, 'rzz': 31, 'barrier': 8}",5,5,0,ok,,33.0,32.0,ok,,0.95,0.971670858124,31.0,28.0,0.95,0.971670858124,31.0,28.0,0.95,0.971670858124,31.0,28.0,custom_states,False,False,False,,
cycle4,cycle,4,monomial_full,sup123_P210_ph001,True,False,0.0,0.666667,118.0,123.6,6.86,311.0,320.2,80.0,81.2,128.0,"{'rz': 90, 'sx': 84, 'rx': 57, 'cz': 49, 'rzz': 31, 'barrier': 8}",5,5,0,ok,,33.0,32.0,ok,,0.95,0.884783544638,30.0,28.0,0.99,0.987833544029,30.0,28.0,0.99,0.987833544029,30.0,28.0,custom_states,False,False,False,,
cycle4,cycle,4,monomial_full,sup123_P210_ph002,True,False,0.0,0.666667,118.0,123.8,7.11,312.0,321.2,80.0,81.2,128.0,"{'rz': 91, 'sx': 84, 'rx': 57, 'cz': 49, 'rzz': 31, 'barrier': 8}",5,5,0,ok,,33.0,32.0,ok,,0.95,0.987833544029,30.0,28.0,0.95,0.987833544029,30.0,28.0,0.95,0.987833544029,30.0,28.0,custom_states,False,False,False,,
cycle4,cycle,4,monomial_full,sup123_P210_ph010,True,False,0.0,0.666667,118.0,124.8,8.42,316.0,326.0,80.0,81.2,128.0,"{'rz': 96, 'sx': 84, 'rx': 56, 'cz': 45, 'rzz': 35, 'barrier': 8}",5,5,0,ok,,33.0,32.0,ok,,0.96,0.987833544029,30.0,28.0,0.96,0.987833544029,30.0,28.0,0.96,0.987833544029,30.0,28.0,custom_states,False,False,False,,
cycle4,cycle,4,monomial_full,sup123_P210_ph011,True,False,0.0,0.666667,118.0,124.6,8.14,315.0,325.0,80.0,81.2,128.0,"{'rz': 96, 'sx': 84, 'rx': 55, 'cz': 45, 'rzz': 35, 'barrier': 8}",5,5,0,ok,,33.0,32.0,ok,,0.95,0.987833544029,30.0,28.0,0.95,0.987833544029,30.0,28.0,0.95,0.987833544029,30.0,28.0,custom_states,False,False,False,,
cycle4,cycle,4,monomial_full,sup123_P210_ph012,True,False,0.0,0.666667,117.0,124.2,9.02,312.0,322.0,80.0,81.2,128.0,"{'rz': 92, 'sx': 84, 'rx': 56, 'cz': 45, 'rzz': 35, 'barrier': 8}",5,5,0,ok,,33.0,32.0,ok,,0.96,0.987833544029,30.0,28.0,0.96,0.987833544029,30.0,28.0,0.96,0.987833544029,30.0,28.0,custom_states,False,False,False,,
cycle4,cycle,4,monomial_full,sup123_P210_ph020,True,False,0.0,0.666667,119.0,125.4,7.94,316.0,325.8,80.0,81.2,128.0,"{'rz': 96, 'sx': 84, 'rx': 56, 'cz': 45, 'rzz': 35, 'barrier': 8}",5,5,0,ok,,34.0,32.0,ok,,0.96,0.987833544029,31.0,28.0,0.96,0.987833544029,31.0,28.0,0.96,0.987833544029,31.0,28.0,custom_states,False,False,False,,
cycle4,cycle,4,monomial_full,sup123_P210_ph021,True,False,0.0,0.666667,119.0,125.2,7.65,316.0,325.8,80.0,81.2,128.0,"{'rz': 96, 'sx': 84, 'rx': 56, 'cz': 45, 'rzz': 35, 'barrier': 8}",5,5,0,ok,,34.0,32.0,ok,,0.96,0.987833544029,31.0,28.0,0.96,0.987833544029,31.0,28.0,0.96,0.987833544029,31.0,28.0,custom_states,False,False,False,,
cycle4,cycle,4,monomial_full,sup123_P210_ph022,True,False,0.0,0.666667,119.0,125.4,7.94,316.0,325.8,80.0,81.2,128.0,"{'rz': 96, 'sx': 84, 'rx': 56, 'cz': 45, 'rzz': 35, 'barrier': 8}",5,5,0,ok,,34.0,32.0,ok,,0.95,0.987833544029,31.0,28.0,0.95,0.987833544029,31.0,28.0,0.95,0.987833544029,31.0,28.0,custom_states,False,False,False,,
cycle4,cycle,4,monomial_full,sup123_P210_ph100,True,False,0.0,0.666667,117.0,123.8,8.42,314.0,324.2,80.0,81.2,128.0,"{'rz': 96, 'sx': 84, 'rx': 54, 'cz': 45, 'rzz': 35, 'barrier': 8}",5,5,0,ok,,33.0,32.0,ok,,0.96,0.987833544029,30.0,28.0,0.96,0.987833544029,30.0,28.0,0.96,0.987833544029,30.0,28.0,custom_states,False,False,False,,
cycle4,cycle,4,monomial_full,sup123_P210_ph101,True,False,0.0,0.666667,118.0,124.8,8.42,313.0,322.6,80.0,81.2,128.0,"{'rz': 92, 'sx': 84, 'rx': 57, 'cz': 45, 'rzz': 35, 'barrier': 8}",5,5,0,ok,,33.0,32.0,ok,,0.95,0.987833544029,30.0,28.0,0.95,0.987833544029,30.0,28.0,0.95,0.987833544029,30.0,28.0,custom_states,False,False,False,,
cycle4,cycle,4,monomial_full,sup123_P210_ph102,True,False,0.0,0.666667,117.0,124.0,8.72,314.0,324.4,80.0,81.2,128.0,"{'rz': 96, 'sx': 84, 'rx': 54, 'cz': 45, 'rzz': 35, 'barrier': 8}",5,5,0,ok,,33.0,32.0,ok,,0.96,0.987833544029,30.0,28.0,0.96,0.987833544029,30.0,28.0,0.96,0.987833544029,30.0,28.0,custom_states,False,False,False,,
cycle4,cycle,4,monomial_full,sup123_P210_ph110,True,False,0.0,0.666667,119.0,125.6,8.24,317.0,326.8,80.0,81.2,128.0,"{'rz': 96, 'sx': 84, 'rx': 57, 'cz': 45, 'rzz': 35, 'barrier': 8}",5,5,0,ok,,34.0,32.0,ok,,0.95,0.987833544029,31.0,28.0,0.95,0.987833544029,31.0,28.0,0.95,0.987833544029,31.0,28.0,custom_states,False,False,False,,
cycle4,cycle,4,monomial_full,sup123_P210_ph111,True,False,0.0,0.666667,119.0,125.4,7.94,316.0,326.0,80.0,81.2,128.0,"{'rz': 96, 'sx': 84, 'rx': 56, 'cz': 45, 'rzz': 35, 'barrier': 8}",5,5,0,ok,,34.0,32.0,ok,,0.95,0.987833544029,31.0,28.0,0.95,0.987833544029,31.0,28.0,0.95,0.987833544029,31.0,28.0,custom_states,False,False,False,,
cycle4,cycle,4,monomial_full,sup123_P210_ph112,True,False,0.0,0.666667,119.0,125.6,8.24,316.0,326.0,80.0,81.2,128.0,"{'rz': 96, 'sx': 84, 'rx': 56, 'cz': 45, 'rzz': 35, 'barrier': 8}",5,5,0,ok,,34.0,32.0,ok,,0.96,0.987833544029,31.0,28.0,0.96,0.987833544029,31.0,28.0,0.96,0.987833544029,31.0,28.0,custom_states,False,False,False,,
cycle4,cycle,4,monomial_full,sup123_P210_ph120,True,False,0.0,0.666667,118.0,123.8,7.11,312.0,321.2,80.0,81.2,128.0,"{'rz': 91, 'sx': 84, 'rx': 57, 'cz': 49, 'rzz': 31, 'barrier': 8}",5,5,0,ok,,33.0,32.0,ok,,0.95,0.987833544029,30.0,28.0,0.95,0.987833544029,30.0,28.0,0.95,0.987833544029,30.0,28.0,custom_states,False,False,False,,
cycle4,cycle,4,monomial_full,sup123_P210_ph121,True,False,0.0,0.666667,118.0,123.8,7.11,312.0,321.2,80.0,81.2,128.0,"{'rz': 91, 'sx': 84, 'rx': 57, 'cz': 49, 'rzz': 31, 'barrier': 8}",5,5,0,ok,,33.0,32.0,ok,,0.95,0.971670858124,31.0,28.0,0.95,0.971670858124,31.0,28.0,0.95,0.971670858124,31.0,28.0,custom_states,False,False,False,,
cycle4,cycle,4,monomial_full,sup123_P210_ph122,True,False,0.0,0.666667,117.0,123.0,7.35,307.0,316.2,80.0,81.2,128.0,"{'rz': 86, 'sx': 84, 'rx': 57, 'cz': 49, 'rzz': 31, 'barrier': 8}",5,5,0,ok,,33.0,32.0,ok,,0.95,0.987833544029,30.0,28.0,0.95,0.987833544029,30.0,28.0,0.95,0.987833544029,30.0,28.0,custom_states,False,False,False,,
cycle4,cycle,4,monomial_full,sup123_P210_ph200,True,False,0.0,0.666667,119.0,125.6,8.24,316.0,326.0,80.0,81.2,128.0,"{'rz': 96, 'sx': 84, 'rx': 56, 'cz': 45, 'rzz': 35, 'barrier': 8}",5,5,0,ok,,34.0,32.0,ok,,0.96,0.987833544029,31.0,28.0,0.96,0.987833544029,31.0,28.0,0.96,0.987833544029,31.0,28.0,custom_states,False,False,False,,
cycle4,cycle,4,monomial_full,sup123_P210_ph201,True,False,0.0,0.666667,119.0,125.4,7.94,315.0,325.2,80.0,81.2,128.0,"{'rz': 96, 'sx': 84, 'rx': 55, 'cz': 45, 'rzz': 35, 'barrier': 8}",5,5,0,ok,,34.0,32.0,ok,,0.96,0.987833544029,31.0,28.0,0.96,0.987833544029,31.0,28.0,0.96,0.987833544029,31.0,28.0,custom_states,False,False,False,,
cycle4,cycle,4,monomial_full,sup123_P210_ph202,True,False,0.0,0.666667,119.0,125.4,7.94,317.0,326.6,80.0,81.2,128.0,"{'rz': 96, 'sx': 84, 'rx': 57, 'cz': 45, 'rzz': 35, 'barrier': 8}",5,5,0,ok,,34.0,32.0,ok,,0.95,0.987833544029,31.0,28.0,0.95,0.987833544029,31.0,28.0,0.95,0.987833544029,31.0,28.0,custom_states,False,False,False,,
cycle4,cycle,4,monomial_full,sup123_P210_ph210,True,False,0.0,0.666667,118.0,123.6,6.86,311.0,320.2,80.0,81.2,128.0,"{'rz': 90, 'sx': 84, 'rx': 57, 'cz': 49, 'rzz': 31, 'barrier': 8}",5,5,0,ok,,33.0,32.0,ok,,0.96,0.987833544029,30.0,28.0,0.96,0.987833544029,30.0,28.0,0.96,0.987833544029,30.0,28.0,custom_states,False,False,False,,
cycle4,cycle,4,monomial_full,sup123_P210_ph211,True,False,0.0,0.666667,117.0,123.2,7.6,308.0,317.2,80.0,81.2,128.0,"{'rz': 87, 'sx': 85, 'rx': 56, 'cz': 49, 'rzz': 31, 'barrier': 8}",5,5,0,ok,,33.0,32.0,ok,,0.95,0.987833544029,30.0,28.0,0.95,0.987833544029,30.0,28.0,0.95,0.987833544029,30.0,28.0,custom_states,False,False,False,,
cycle4,cycle,4,monomial_full,sup123_P210_ph212,True,False,0.0,0.666667,118.0,123.8,7.11,312.0,321.2,80.0,81.2,128.0,"{'rz': 91, 'sx': 84, 'rx': 57, 'cz': 49, 'rzz': 31, 'barrier': 8}",5,5,0,ok,,33.0,32.0,ok,,0.95,0.958027118878,31.0,28.0,0.95,0.958027118878,31.0,28.0,0.95,0.958027118878,31.0,28.0,custom_states,False,False,False,,
cycle4,cycle,4,monomial_full,sup123_P210_ph220,True,False,0.0,0.666667,117.0,124.0,8.63,312.0,321.8,80.0,81.2,128.0,"{'rz': 92, 'sx': 84, 'rx': 56, 'cz': 45, 'rzz': 35, 'barrier': 8}",5,5,0,ok,,33.0,32.0,ok,,0.95,0.987833544029,30.0,28.0,0.95,0.987833544029,30.0,28.0,0.95,0.987833544029,30.0,28.0,custom_states,False,False,False,,
cycle4,cycle,4,monomial_full,sup123_P210_ph221,True,False,0.0,0.666667,119.0,125.4,7.94,318.0,327.4,80.0,81.2,128.0,"{'rz': 96, 'sx': 84, 'rx': 58, 'cz': 45, 'rzz': 35, 'barrier': 8}",5,5,0,ok,,33.0,32.0,ok,,0.96,0.987833544029,30.0,28.0,0.96,0.987833544029,30.0,28.0,0.96,0.987833544029,30.0,28.0,custom_states,False,False,False,,
cycle4,cycle,4,monomial_full,sup123_P210_ph222,True,False,0.0,0.666667,118.0,124.6,8.14,315.0,325.0,80.0,81.2,128.0,"{'rz': 96, 'sx': 84, 'rx': 55, 'cz': 45, 'rzz': 35, 'barrier': 8}",5,5,0,ok,,33.0,32.0,ok,,0.95,0.987833544029,30.0,28.0,0.95,0.987833544029,30.0,28.0,0.95,0.987833544029,30.0,28.0,custom_states,False,False,False,,
cycle4,cycle,4,product,U_I__V_X,True,False,0.0,0.666667,118.0,124.6,8.24,316.0,326.0,80.0,81.2,128.0,"{'rz': 93, 'sx': 84, 'rx': 59, 'cz': 49, 'rzz': 31, 'barrier': 8}",5,5,0,ok,,34.0,32.0,ok,,0.95,0.963233236875,31.0,28.0,0.95,0.963233236875,31.0,28.0,0.95,0.963233236875,31.0,28.0,custom_states,False,False,False,,
cycle4,cycle,4,product,U_I__V_SX,True,False,0.0,0.833333,118.0,125.0,8.72,316.0,326.0,80.0,81.2,128.0,"{'rz': 96, 'sx': 84, 'rx': 56, 'cz': 45, 'rzz': 35, 'barrier': 8}",5,5,0,ok,,34.0,32.0,ok,,0.97,0.987833544029,31.0,28.0,0.97,0.987833544029,31.0,28.0,0.97,0.987833544029,31.0,28.0,custom_states,False,False,False,,
cycle4,cycle,4,product,U_I__V_SXdg,True,False,0.0,0.833333,119.0,125.6,8.24,315.0,324.8,80.0,81.2,128.0,"{'rz': 96, 'sx': 84, 'rx': 55, 'cz': 45, 'rzz': 35, 'barrier': 8}",5,5,0,ok,,33.0,32.0,ok,,0.96,0.987833544029,30.0,28.0,0.96,0.987833544029,30.0,28.0,0.96,0.987833544029,30.0,28.0,custom_states,False,False,False,,
cycle4,cycle,4,product,U_I__V_H,True,False,0.0,0.833333,117.0,123.2,7.6,306.0,315.6,80.0,81.2,128.0,"{'rz': 89, 'sx': 84, 'rx': 53, 'cz': 49, 'rzz': 31, 'barrier': 8}",5,5,0,ok,,33.0,32.0,ok,,0.96,0.987833544029,30.0,28.0,0.96,0.987833544029,30.0,28.0,0.96,0.987833544029,30.0,28.0,custom_states,False,False,False,,
cycle4,cycle,4,product,U_I__V_HS,True,False,0.0,0.833333,120.0,126.2,7.65,317.0,326.8,80.0,81.2,128.0,"{'rz': 100, 'sx': 84, 'rx': 53, 'cz': 45, 'rzz': 35, 'barrier': 8}",5,5,0,ok,,34.0,32.0,ok,,0.95,0.987833544029,31.0,28.0,0.95,0.987833544029,31.0,28.0,0.95,0.987833544029,31.0,28.0,custom_states,False,False,False,,
cycle4,cycle,4,product,U_I__V_SH,True,False,0.0,0.833333,119.0,125.6,8.24,317.0,329.0,80.0,81.2,128.0,"{'rz': 96, 'sx': 84, 'rx': 57, 'cz': 45, 'rzz': 35, 'barrier': 8}",5,5,0,ok,,34.0,32.0,ok,,0.95,0.987833544029,31.0,28.0,0.95,0.987833544029,31.0,28.0,0.95,0.987833544029,31.0,28.0,custom_states,False,False,False,,
cycle4,cycle,4,product,U_I__V_Z,True,True,0.0,1.0,117.0,124.0,8.72,315.0,325.2,80.0,81.2,128.0,"{'rz': 89, 'sx': 84, 'rx': 62, 'cz': 49, 'rzz': 31, 'barrier': 8}",5,5,0,ok,,34.0,32.0,ok,,0.95,0.963233236875,31.0,28.0,0.95,0.963233236875,31.0,28.0,0.95,0.963233236875,31.0,28.0,custom_states,False,False,False,,
cycle4,cycle,4,product,U_X__V_I,True,False,0.0,0.666667,119.0,125.4,7.94,316.0,326.2,80.0,81.2,128.0,"{'rz': 93, 'sx': 84, 'rx': 59, 'cz': 49, 'rzz': 31, 'barrier': 8}",5,5,0,ok,,34.0,32.0,ok,,0.95,0.963233236875,31.0,28.0,0.95,0.963233236875,31.0,28.0,0.95,0.963233236875,31.0,28.0,custom_states,False,False,False,,
cycle4,cycle,4,product,U_X__V_X,True,False,0.0,0.666667,117.0,123.2,7.6,308.0,317.2,80.0,81.2,128.0,"{'rz': 87, 'sx': 84, 'rx': 57, 'cz': 49, 'rzz': 31, 'barrier': 8}",5,5,0,ok,,33.0,32.0,ok,,0.95,0.971670858124,31.0,28.0,0.95,0.971670858124,31.0,28.0,0.95,0.971670858124,31.0,28.0,custom_states,False,False,False,,
cycle4,cycle,4,product,U_X__V_SX,True,False,0.0,0.666667,116.0,122.6,8.09,310.0,319.6,80.0,81.2,128.0,"{'rz': 87, 'sx': 84, 'rx': 59, 'cz': 49, 'rzz': 31, 'barrier': 8}",5,5,0,ok,,33.0,32.0,ok,,0.95,0.971670858124,31.0,28.0,0.95,0.971670858124,31.0,28.0,0.95,0.971670858124,31.0,28.0,custom_states,False,False,False,,
cycle4,cycle,4,product,U_X__V_SXdg,True,False,0.0,0.666667,119.0,125.4,7.94,316.0,326.2,80.0,81.2,128.0,"{'rz': 93, 'sx': 84, 'rx': 59, 'cz': 49, 'rzz': 31, 'barrier': 8}",5,5,0,ok,,34.0,32.0,ok,,0.95,0.963233236875,31.0,28.0,0.95,0.963233236875,31.0,28.0,0.95,0.963233236875,31.0,28.0,custom_states,False,False,False,,
cycle4,cycle,4,product,U_X__V_H,True,False,0.0,0.666667,120.0,125.8,7.11,318.0,327.6,80.0,81.2,128.0,"{'rz': 94, 'sx': 84, 'rx': 60, 'cz': 49, 'rzz': 31, 'barrier': 8}",5,5,0,ok,,35.0,32.0,ok,,0.95,0.971670858124,32.0,28.0,0.95,0.971670858124,32.0,28.0,0.95,0.971670858124,32.0,28.0,custom_states,False,False,False,,
cycle4,cycle,4,product,U_X__V_HS,True,False,0.0,0.666667,121.0,127.4,8.06,322.0,332.8,80.0,81.2,128.0,"{'rz': 100, 'sx': 84, 'rx': 58, 'cz': 45, 'rzz': 35, 'barrier': 8}",5,5,0,ok,,35.0,32.0,ok,,0.95,0.88670790976,29.0,24.0,0.98,0.987833544029,32.0,28.0,0.98,0.987833544029,32.0,28.0,custom_states,False,False,False,,
cycle4,cycle,4,product,U_X__V_SH,True,False,0.0,0.666667,117.0,124.2,8.91,315.0,326.0,80.0,81.2,128.0,"{'rz': 96, 'sx': 84, 'rx': 55, 'cz': 45, 'rzz': 35, 'barrier': 8}",5,5,0,ok,,34.0,32.0,ok,,0.97,0.88670790976,28.0,24.0,0.98,0.987833544029,31.0,28.0,0.98,0.987833544029,31.0,28.0,custom_states,False,False,False,,
cycle4,cycle,4,product,U_X__V_Z,True,False,0.0,0.666667,119.0,124.8,7.11,315.0,324.4,80.0,81.2,128.0,"{'rz': 91, 'sx': 84, 'rx': 60, 'cz': 49, 'rzz': 31, 'barrier': 8}",5,5,0,ok,,34.0,32.0,ok,,0.95,0.971670858124,31.0,28.0,0.95,0.971670858124,31.0,28.0,0.95,0.971670858124,31.0,28.0,custom_states,False,False,False,,
cycle4,cycle,4,product,U_SX__V_I,True,False,0.0,0.833333,119.0,125.4,7.94,317.0,327.2,80.0,81.2,128.0,"{'rz': 96, 'sx': 84, 'rx': 57, 'cz': 45, 'rzz': 35, 'barrier': 8}",5,5,0,ok,,34.0,32.0,ok,,0.95,0.942340451466,28.0,24.0,0.95,0.942340451466,28.0,24.0,,,,,custom_states,False,False,False,,
cycle4,cycle,4,product,U_SX__V_X,True,False,0.0,0.666667,119.0,125.2,7.65,316.0,325.8,80.0,81.2,128.0,"{'rz': 96, 'sx': 84, 'rx': 56, 'cz': 45, 'rzz': 35, 'barrier': 8}",5,5,0,ok,,34.0,32.0,ok,,0.95,0.967742034819,31.0,28.0,0.95,0.967742034819,31.0,28.0,0.95,0.967742034819,31.0,28.0,custom_states,False,False,False,,
cycle4,cycle,4,product,U_SX__V_SX,True,False,0.0,0.75,118.0,125.0,8.72,318.0,328.0,80.0,81.2,128.0,"{'rz': 96, 'sx': 84, 'rx': 58, 'cz': 45, 'rzz': 35, 'barrier': 8}",5,5,0,ok,,34.0,32.0,ok,,0.95,0.988012922694,30.0,28.0,0.95,0.988012922694,30.0,28.0,0.95,0.988012922694,30.0,28.0,custom_states,False,False,False,,
cycle4,cycle,4,product,U_SX__V_SXdg,True,False,0.0,0.75,110.0,117.6,9.39,293.0,305.2,76.0,77.0,128.0,"{'sx': 90, 'rz': 80, 'cz': 48, 'rx': 47, 'rzz': 28, 'barrier': 8}",5,5,0,ok,,31.0,28.0,ok,,0.95,0.987833544029,28.0,24.0,0.95,0.987833544029,28.0,24.0,0.95,0.987833544029,28.0,24.0,custom_states,False,False,False,,
cycle4,cycle,4,product,U_SX__V_H,True,False,0.0,0.75,120.0,126.2,7.65,321.0,331.4,80.0,81.2,128.0,"{'rz': 100, 'sx': 84, 'rx': 57, 'cz': 45, 'rzz': 35, 'barrier': 8}",5,5,0,ok,,34.0,32.0,ok,,0.95,0.94129220893,31.0,28.0,0.95,0.94129220893,31.0,28.0,0.99,0.961926443391,31.0,28.0,custom_states,False,False,False,,
cycle4,cycle,4,product,U_SX__V_HS,True,False,0.0,0.75,120.0,126.2,7.65,320.0,330.0,80.0,81.2,128.0,"{'rz': 100, 'sx': 84, 'rx': 56, 'cz': 45, 'rzz': 35, 'barrier': 8}",5,5,0,ok,,34.0,32.0,ok,,0.96,0.987833544029,31.0,28.0,0.96,0.987833544029,31.0,28.0,0.96,0.987833544029,31.0,28.0,custom_states,False,False,False,,
cycle4,cycle,4,product,U_SX__V_SH,True,False,0.0,0.75,117.0,124.0,8.63,316.0,326.8,80.0,81.2,128.0,"{'rz': 96, 'sx': 84, 'rx': 56, 'cz': 45, 'rzz': 35, 'barrier': 8}",5,5,0,ok,,33.0,32.0,ok,,0.95,0.915615971805,28.0,24.0,0.95,0.915615971805,28.0,24.0,0.99,0.987833544029,30.0,28.0,custom_states,False,False,False,,
cycle4,cycle,4,product,U_SX__V_Z,True,False,0.0,0.833333,118.0,124.8,8.42,315.0,327.2,80.0,81.2,128.0,"{'rz': 96, 'sx': 84, 'rx': 55, 'cz': 45, 'rzz': 35, 'barrier': 8}",5,5,0,ok,,34.0,32.0,ok,,0.91,0.851378472623,31.0,28.0,,,,,,,,,custom_states,False,False,False,,
cycle4,cycle,4,product,U_SXdg__V_I,True,False,0.0,0.833333,118.0,124.6,8.14,314.0,325.2,80.0,81.2,128.0,"{'rz': 96, 'sx': 84, 'rx': 54, 'cz': 45, 'rzz': 35, 'barrier': 8}",5,5,0,ok,,33.0,32.0,ok,,0.95,0.898056838244,29.0,24.0,0.99,0.942340451466,30.0,28.0,,,,,custom_states,False,False,False,,
cycle4,cycle,4,product,U_SXdg__V_X,True,False,0.0,0.666667,118.0,124.6,8.14,315.0,325.6,80.0,81.2,128.0,"{'rz': 96, 'sx': 84, 'rx': 55, 'cz': 45, 'rzz': 35, 'barrier': 8}",5,5,0,ok,,33.0,32.0,ok,,0.96,0.987833544029,30.0,28.0,0.96,0.987833544029,30.0,28.0,0.96,0.987833544029,30.0,28.0,custom_states,False,False,False,,
cycle4,cycle,4,product,U_SXdg__V_SX,True,False,0.0,0.75,110.0,117.6,9.39,293.0,305.2,76.0,77.0,128.0,"{'sx': 90, 'rz': 80, 'cz': 48, 'rx': 47, 'rzz': 28, 'barrier': 8}",5,5,0,ok,,31.0,28.0,ok,,0.95,0.987833544029,28.0,24.0,0.95,0.987833544029,28.0,24.0,0.95,0.987833544029,28.0,24.0,custom_states,False,False,False,,
cycle4,cycle,4,product,U_SXdg__V_SXdg,True,False,0.0,0.75,119.0,125.8,8.54,319.0,330.6,80.0,81.2,128.0,"{'rz': 96, 'sx': 84, 'rx': 59, 'cz': 45, 'rzz': 35, 'barrier': 8}",5,5,0,ok,,34.0,32.0,ok,,0.98,0.987833544029,31.0,28.0,0.98,0.987833544029,31.0,28.0,0.98,0.987833544029,31.0,28.0,custom_states,False,False,False,,
cycle4,cycle,4,product,U_SXdg__V_H,True,False,0.0,0.75,121.0,127.0,7.46,322.0,332.2,80.0,81.2,128.0,"{'rz': 100, 'sx': 84, 'rx': 58, 'cz': 45, 'rzz': 35, 'barrier': 8}",5,5,0,ok,,35.0,32.0,ok,,0.96,0.973223107342,32.0,28.0,0.96,0.973223107342,32.0,28.0,0.96,0.973223107342,32.0,28.0,custom_states,False,False,False,,
cycle4,cycle,4,product,U_SXdg__V_HS,True,False,0.0,0.75,121.0,127.2,7.76,322.0,331.8,80.0,81.2,128.0,"{'rz': 100, 'sx': 84, 'rx': 58, 'cz': 45, 'rzz': 35, 'barrier': 8}",5,5,0,ok,,34.0,32.0,ok,,0.96,0.987833544029,31.0,28.0,0.96,0.987833544029,31.0,28.0,0.96,0.987833544029,31.0,28.0,custom_states,False,False,False,,
cycle4,cycle,4,product,U_SXdg__V_SH,True,False,0.0,0.75,117.0,123.6,8.09,315.0,325.6,80.0,81.2,128.0,"{'rz': 96, 'sx': 84, 'rx': 55, 'cz': 45, 'rzz': 35, 'barrier': 8}",5,5,0,ok,,33.0,32.0,ok,,0.96,0.987833544029,30.0,28.0,0.96,0.987833544029,30.0,28.0,0.96,0.987833544029,30.0,28.0,custom_states,False,False,False,,
cycle4,cycle,4,product,U_SXdg__V_Z,True,False,0.0,0.833333,119.0,125.6,8.24,319.0,328.8,80.0,81.2,128.0,"{'rz': 96, 'sx': 84, 'rx': 59, 'cz': 45, 'rzz': 35, 'barrier': 8}",5,5,0,ok,,34.0,32.0,ok,,0.96,0.951242997631,31.0,28.0,0.96,0.951242997631,31.0,28.0,0.96,0.951242997631,31.0,28.0,custom_states,False,False,False,,
cycle4,cycle,4,product,U_H__V_I,True,False,0.0,0.833333,117.0,123.6,8.09,308.0,317.2,80.0,81.2,128.0,"{'rz': 91, 'sx': 84, 'rx': 53, 'cz': 49, 'rzz': 31, 'barrier': 8}",5,5,0,ok,,33.0,32.0,ok,,0.96,0.870186449775,30.0,28.0,0.98,0.987833544029,30.0,28.0,0.98,0.987833544029,30.0,28.0,custom_states,False,False,False,,
cycle4,cycle,4,product,U_H__V_X,True,False,0.0,0.666667,118.0,124.6,8.14,312.0,321.2,80.0,81.2,128.0,"{'rz': 91, 'sx': 84, 'rx': 57, 'cz': 49, 'rzz': 31, 'barrier': 8}",5,5,0,ok,,34.0,32.0,ok,,0.95,0.971670858124,31.0,28.0,0.95,0.971670858124,31.0,28.0,0.95,0.971670858124,31.0,28.0,custom_states,False,False,False,,
cycle4,cycle,4,product,U_H__V_SX,True,False,0.0,0.75,119.0,126.0,8.72,320.0,329.8,80.0,81.2,128.0,"{'rz': 100, 'sx': 84, 'rx': 56, 'cz': 45, 'rzz': 35, 'barrier': 8}",5,5,0,ok,,34.0,32.0,ok,,0.96,0.987833544029,31.0,28.0,0.96,0.987833544029,31.0,28.0,0.96,0.987833544029,31.0,28.0,custom_states,False,False,False,,
cycle4,cycle,4,product,U_H__V_SXdg,True,False,0.0,0.75,119.0,126.4,9.33,323.0,333.0,80.0,81.2,128.0,"{'rz': 100, 'sx': 84, 'rx': 59, 'cz': 45, 'rzz': 35, 'barrier': 8}",5,5,0,ok,,35.0,32.0,ok,,0.96,0.987833544029,32.0,28.0,0.96,0.987833544029,32.0,28.0,0.96,0.987833544029,32.0,28.0,custom_states,False,False,False,,
cycle4,cycle,4,product,U_H__V_H,True,False,0.0,0.75,113.0,120.0,8.63,306.0,318.0,76.0,77.0,128.0,"{'rz': 92, 'sx': 90, 'rx': 48, 'cz': 48, 'rzz': 28, 'barrier': 8}",5,5,0,ok,,32.0,28.0,ok,,0.96,0.987833544029,29.0,24.0,0.96,0.987833544029,29.0,24.0,0.96,0.987833544029,29.0,24.0,custom_states,False,False,False,,
cycle4,cycle,4,product,U_H__V_HS,True,False,0.0,0.75,121.0,127.6,8.38,328.0,337.8,80.0,81.2,128.0,"{'rz': 104, 'sx': 84, 'rx': 60, 'cz': 45, 'rzz': 35, 'barrier': 8}",5,5,0,ok,,35.0,32.0,ok,,0.96,0.987833544029,32.0,28.0,0.96,0.987833544029,32.0,28.0,0.96,0.987833544029,32.0,28.0,custom_states,False,False,False,,
cycle4,cycle,4,product,U_H__V_SH,True,False,0.0,0.75,120.0,127.2,9.17,324.0,333.8,80.0,81.2,128.0,"{'rz': 100, 'sx': 84, 'rx': 60, 'cz': 45, 'rzz': 35, 'barrier': 8}",5,5,0,ok,,35.0,32.0,ok,,0.95,0.987833544029,32.0,28.0,0.95,0.987833544029,32.0,28.0,0.95,0.987833544029,32.0,28.0,custom_states,False,False,False,,
cycle4,cycle,4,product,U_H__V_Z,True,False,0.0,0.833333,112.0,119.4,9.11,299.0,311.2,76.0,77.0,128.0,"{'sx': 90, 'rz': 88, 'cz': 48, 'rx': 45, 'rzz': 28, 'barrier': 8}",5,5,0,ok,,32.0,28.0,ok,,0.96,0.987833544029,29.0,24.0,0.96,0.987833544029,29.0,24.0,0.96,0.987833544029,29.0,24.0,custom_states,False,False,False,,
cycle4,cycle,4,product,U_HS__V_I,True,False,0.0,0.833333,120.0,127.2,9.17,326.0,336.2,80.0,81.2,128.0,"{'rz': 100, 'sx': 84, 'rx': 62, 'cz': 45, 'rzz': 35, 'barrier': 8}",5,5,0,ok,,35.0,32.0,ok,,0.96,0.987833544029,32.0,28.0,0.96,0.987833544029,32.0,28.0,0.96,0.987833544029,32.0,28.0,custom_states,False,False,False,,
cycle4,cycle,4,product,U_HS__V_X,True,False,0.0,0.666667,120.0,127.0,8.85,322.0,332.4,80.0,81.2,128.0,"{'rz': 100, 'sx': 84, 'rx': 58, 'cz': 45, 'rzz': 35, 'barrier': 8}",5,5,0,ok,,35.0,32.0,ok,,0.97,0.88670790976,29.0,24.0,0.98,0.987833544029,32.0,28.0,0.98,0.987833544029,32.0,28.0,custom_states,False,False,False,,
cycle4,cycle,4,product,U_HS__V_SX,True,False,0.0,0.75,119.0,126.6,9.65,322.0,333.8,80.0,81.2,128.0,"{'rz': 100, 'sx': 84, 'rx': 58, 'cz': 45, 'rzz': 35, 'barrier': 8}",5,5,0,ok,,35.0,32.0,ok,,0.95,0.954186504151,29.0,24.0,0.95,0.954186504151,29.0,24.0,0.95,0.954186504151,29.0,24.0,custom_states,False,False,False,,
cycle4,cycle,4,product,U_HS__V_SXdg,True,False,0.0,0.75,118.0,125.6,9.5,319.0,329.4,80.0,81.2,128.0,"{'rz': 100, 'sx': 84, 'rx': 55, 'cz': 45, 'rzz': 35, 'barrier': 8}",5,5,0,ok,,34.0,32.0,ok,,0.95,0.987833544029,31.0,28.0,0.95,0.987833544029,31.0,28.0,0.95,0.987833544029,31.0,28.0,custom_states,False,False,False,,
cycle4,cycle,4,product,U_HS__V_H,True,False,0.0,0.75,121.0,127.8,8.7,328.0,337.8,80.0,81.2,128.0,"{'rz': 104, 'sx': 84, 'rx': 60, 'cz': 45, 'rzz': 35, 'barrier': 8}",5,5,0,ok,,35.0,32.0,ok,,0.95,0.987833544029,32.0,28.0,0.95,0.987833544029,32.0,28.0,0.95,0.987833544029,32.0,28.0,custom_states,False,False,False,,
cycle4,cycle,4,product,U_HS__V_HS,True,False,0.0,0.75,120.0,126.8,8.54,325.0,335.8,80.0,81.2,128.0,"{'rz': 104, 'sx': 84, 'rx': 57, 'cz': 45, 'rzz': 35, 'barrier': 8}",5,5,0,ok,,34.0,32.0,ok,,0.95,0.936997698292,31.0,28.0,0.95,0.936997698292,31.0,28.0,,,,,custom_states,False,False,False,,
cycle4,cycle,4,product,U_HS__V_SH,True,False,0.0,0.75,120.0,126.8,8.54,323.0,333.0,80.0,81.2,128.0,"{'rz': 100, 'sx': 84, 'rx': 59, 'cz': 45, 'rzz': 35, 'barrier': 8}",5,5,0,ok,,34.0,32.0,ok,,0.96,0.987833544029,31.0,28.0,0.96,0.987833544029,31.0,28.0,0.96,0.987833544029,31.0,28.0,custom_states,False,False,False,,
cycle4,cycle,4,product,U_HS__V_Z,True,False,0.0,0.833333,120.0,126.8,8.54,321.0,331.0,80.0,81.2,128.0,"{'rz': 100, 'sx': 84, 'rx': 57, 'cz': 45, 'rzz': 35, 'barrier': 8}",5,5,0,ok,,35.0,32.0,ok,,0.96,0.987833544029,32.0,28.0,0.96,0.987833544029,32.0,28.0,0.96,0.987833544029,32.0,28.0,custom_states,False,False,False,,
cycle4,cycle,4,product,U_SH__V_I,True,False,0.0,0.833333,118.0,124.2,7.6,312.0,321.6,80.0,81.2,128.0,"{'rz': 96, 'sx': 84, 'rx': 52, 'cz': 45, 'rzz': 35, 'barrier': 8}",5,5,0,ok,,33.0,32.0,ok,,0.96,0.987833544029,30.0,28.0,0.96,0.987833544029,30.0,28.0,0.96,0.987833544029,30.0,28.0,custom_states,False,False,False,,
cycle4,cycle,4,product,U_SH__V_X,True,False,0.0,0.666667,118.0,124.4,7.86,315.0,325.8,80.0,81.2,128.0,"{'rz': 96, 'sx': 84, 'rx': 55, 'cz': 45, 'rzz': 35, 'barrier': 8}",5,5,0,ok,,34.0,32.0,ok,,0.98,0.907952692037,31.0,28.0,0.98,0.907952692037,31.0,28.0,0.99,0.987833544029,31.0,28.0,custom_states,False,False,False,,
cycle4,cycle,4,product,U_SH__V_SX,True,False,0.0,0.75,118.0,124.6,8.14,316.0,327.0,80.0,81.2,128.0,"{'rz': 96, 'sx': 84, 'rx': 56, 'cz': 45, 'rzz': 35, 'barrier': 8}",5,5,0,ok,,33.0,32.0,ok,,0.95,0.892284361574,28.0,24.0,0.99,0.987833544029,30.0,28.0,0.99,0.987833544029,30.0,28.0,custom_states,False,False,False,,
cycle4,cycle,4,product,U_SH__V_SXdg,True,False,0.0,0.75,117.0,123.8,8.35,315.0,326.8,80.0,81.2,128.0,"{'rz': 96, 'sx': 84, 'rx': 55, 'cz': 45, 'rzz': 35, 'barrier': 8}",5,5,0,ok,,34.0,32.0,ok,,0.95,0.940682300966,31.0,28.0,0.95,0.940682300966,31.0,28.0,0.99,0.987833544029,31.0,28.0,custom_states,False,False,False,,
cycle4,cycle,4,product,U_SH__V_H,True,False,0.0,0.75,121.0,126.6,6.89,322.0,332.0,80.0,81.2,128.0,"{'rz': 100, 'sx': 84, 'rx': 58, 'cz': 45, 'rzz': 35, 'barrier': 8}",5,5,0,ok,,35.0,32.0,ok,,0.95,0.987833544029,32.0,28.0,0.95,0.987833544029,32.0,28.0,0.95,0.987833544029,32.0,28.0,custom_states,False,False,False,,
cycle4,cycle,4,product,U_SH__V_HS,True,False,0.0,0.75,121.0,126.8,7.17,323.0,332.8,80.0,81.2,128.0,"{'rz': 100, 'sx': 84, 'rx': 59, 'cz': 45, 'rzz': 35, 'barrier': 8}",5,5,0,ok,,35.0,32.0,ok,,0.96,0.987881691505,32.0,28.0,0.96,0.987881691505,32.0,28.0,0.96,0.987881691505,32.0,28.0,custom_states,False,False,False,,
cycle4,cycle,4,product,U_SH__V_SH,True,False,0.0,0.75,119.0,125.8,8.54,322.0,332.2,80.0,81.2,128.0,"{'rz': 96, 'sx': 84, 'rx': 62, 'cz': 45, 'rzz': 35, 'barrier': 8}",5,5,0,ok,,34.0,32.0,ok,,0.95,0.881186557859,31.0,28.0,0.99,0.987833544029,31.0,28.0,0.99,0.987833544029,31.0,28.0,custom_states,False,False,False,,
cycle4,cycle,4,product,U_SH__V_Z,True,False,0.0,0.833333,119.0,125.6,8.24,316.0,326.8,80.0,81.2,128.0,"{'rz': 96, 'sx': 84, 'rx': 56, 'cz': 45, 'rzz': 35, 'barrier': 8}",5,5,0,ok,,34.0,32.0,ok,,0.96,0.987833544029,31.0,28.0,0.96,0.987833544029,31.0,28.0,0.96,0.987833544029,31.0,28.0,custom_states,False,False,False,,
cycle4,cycle,4,product,U_Z__V_I,True,True,0.0,1.0,118.0,124.6,8.24,317.0,327.6,80.0,81.2,128.0,"{'rz': 91, 'sx': 84, 'rx': 62, 'cz': 49, 'rzz': 31, 'barrier': 8}",5,5,0,ok,,34.0,32.0,ok,,0.95,0.963233236875,31.0,28.0,0.95,0.963233236875,31.0,28.0,0.95,0.963233236875,31.0,28.0,custom_states,False,False,False,,
cycle4,cycle,4,product,U_Z__V_X,True,False,0.0,0.666667,115.0,121.4,7.86,302.0,311.2,80.0,81.2,128.0,"{'rz': 84, 'sx': 84, 'rx': 54, 'cz': 49, 'rzz': 31, 'barrier': 8}",5,5,0,ok,,32.0,32.0,ok,,0.95,0.987833544029,29.0,28.0,0.95,0.987833544029,29.0,28.0,0.95,0.987833544029,29.0,28.0,custom_states,False,False,False,,
cycle4,cycle,4,product,U_Z__V_SX,True,False,0.0,0.833333,118.0,124.6,8.14,315.0,325.6,80.0,81.2,128.0,"{'rz': 96, 'sx': 84, 'rx': 55, 'cz': 45, 'rzz': 35, 'barrier': 8}",5,5,0,ok,,33.0,32.0,ok,,0.97,0.987833544029,30.0,28.0,0.97,0.987833544029,30.0,28.0,0.97,0.987833544029,30.0,28.0,custom_states,False,False,False,,
cycle4,cycle,4,product,U_Z__V_SXdg,True,False,0.0,0.833333,118.0,125.0,8.72,316.0,326.4,80.0,81.2,128.0,"{'rz': 96, 'sx': 84, 'rx': 56, 'cz': 45, 'rzz': 35, 'barrier': 8}",5,5,0,ok,,34.0,32.0,ok,,0.97,0.987833544029,31.0,28.0,0.97,0.987833544029,31.0,28.0,0.97,0.987833544029,31.0,28.0,custom_states,False,False,False,,
cycle4,cycle,4,product,U_Z__V_H,True,False,0.0,0.833333,111.0,118.4,9.2,299.0,311.0,76.0,77.0,128.0,"{'sx': 90, 'rz': 88, 'cz': 48, 'rx': 45, 'rzz': 28, 'barrier': 8}",5,5,0,ok,,32.0,28.0,ok,,0.96,0.987833544029,29.0,24.0,0.96,0.987833544029,29.0,24.0,0.96,0.987833544029,29.0,24.0,custom_states,False,False,False,,
cycle4,cycle,4,product,U_Z__V_HS,True,False,0.0,0.833333,121.0,127.2,7.76,321.0,331.2,80.0,81.2,128.0,"{'rz': 100, 'sx': 84, 'rx': 57, 'cz': 45, 'rzz': 35, 'barrier': 8}",5,5,0,ok,,35.0,32.0,ok,,0.96,0.987833544029,32.0,28.0,0.96,0.987833544029,32.0,28.0,0.96,0.987833544029,32.0,28.0,custom_states,False,False,False,,
cycle4,cycle,4,product,U_Z__V_SH,True,False,0.0,0.833333,118.0,124.8,8.42,316.0,327.0,80.0,81.2,128.0,"{'rz': 96, 'sx': 84, 'rx': 56, 'cz': 45, 'rzz': 35, 'barrier': 8}",5,5,0,ok,,34.0,32.0,ok,,0.96,0.987833544029,31.0,28.0,0.96,0.987833544029,31.0,28.0,0.96,0.987833544029,31.0,28.0,custom_states,False,False,False,,
cycle4,cycle,4,product,U_Z__V_Z,True,True,0.0,1.0,110.0,117.6,9.39,292.0,304.0,76.0,77.0,128.0,"{'sx': 90, 'rz': 84, 'cz': 48, 'rx': 42, 'rzz': 28, 'barrier': 8}",5,5,0,ok,,30.0,28.0,ok,,0.95,0.987833544029,27.0,24.0,0.95,0.987833544029,27.0,24.0,0.95,0.987833544029,27.0,24.0,custom_states,False,False,False,,
cycle4,cycle,4,monomial_full,sup012_P012_ph000,True,,,,,,,,,,,,,0,0,0,skipped_baseline_equivalent,,,,skipped,same embedding as baseline within tolerance,,,,,,,,,,,,,custom_states,False,True,True,same embedding as baseline within tolerance,1.0
cycle4,cycle,4,monomial_full,sup012_P012_ph111,True,,,,,,,,,,,,,0,0,0,skipped_baseline_equivalent,,,,skipped,embedding equals baseline up to one global phase,,,,,,,,,,,,,custom_states,False,False,True,embedding equals baseline up to one global phase,1.0
cycle4,cycle,4,monomial_full,sup012_P012_ph222,True,,,,,,,,,,,,,0,0,0,skipped_baseline_equivalent,,,,skipped,embedding equals baseline up to one global phase,,,,,,,,,,,,,custom_states,False,False,True,embedding equals baseline up to one global phase,1.0
cycle4,cycle,4,product,U_I__V_I,True,,,,,,,,,,,,,0,0,0,skipped_baseline_equivalent,,,,skipped,same embedding as baseline within tolerance,,,,,,,,,,,,,custom_states,False,True,True,same embedding as baseline within tolerance,1.0
