state_name,state_family,n_qutrits,class_name,candidate_name,is_valid,uses_old_codespace_only,avg_codeword_entanglement,overlap_with_old_codespace,best_depth,mean_depth,std_depth,best_size,mean_size,best_two_qubit_gate_count,mean_two_qubit_gate_count,num_qubits,best_count_ops,n_transpile_runs,successful_trials,failed_trials,status,error_message,approx_ref_depth,approx_ref_two_qubit_gate_count,approx_status,approx_error_message,fid085_best_approx_degree,fid085_best_fidelity,fid085_best_depth,fid085_best_two_qubit_gate_count,fid090_best_approx_degree,fid090_best_fidelity,fid090_best_depth,fid090_best_two_qubit_gate_count,fid095_best_approx_degree,fid095_best_fidelity,fid095_best_depth,fid095_best_two_qubit_gate_count,suite_name,is_baseline_reference,is_trivial_identity,is_baseline_equivalent,skip_reason,pipeline_stage
complete4,complete,4,baseline,E_old,True,True,0.0,1.0,125.0,141.0,16.41,353.0,357.6,93.0,93.6,128.0,"{'rz': 108, 'sx': 100, 'rx': 52, 'cz': 51, 'rzz': 42, 'barrier': 8}",5,5,0,ok,,34.0,36.0,ok,,0.95,0.987833544029,31.0,32.0,0.95,0.987833544029,31.0,32.0,0.95,0.987833544029,31.0,32.0,custom_states,True,True,True,,
complete4,complete,4,monomial_full,sup012_P012_ph001,True,True,0.0,1.0,151.0,164.4,13.43,392.0,409.0,106.0,108.2,128.0,"{'sx': 128, 'rz': 110, 'cz': 66, 'rx': 48, 'rzz': 40, 'barrier': 8}",5,5,0,ok,,38.0,40.0,ok,,0.96,0.987833544029,35.0,36.0,0.96,0.987833544029,35.0,36.0,0.96,0.987833544029,35.0,36.0,custom_states,False,False,False,,
complete4,complete,4,monomial_full,sup012_P012_ph002,True,True,0.0,1.0,150.0,162.8,13.42,384.0,404.0,106.0,108.2,128.0,"{'sx': 128, 'rz': 110, 'cz': 66, 'rx': 40, 'rzz': 40, 'barrier': 8}",5,5,0,ok,,36.0,40.0,ok,,0.96,0.987833544029,33.0,36.0,0.96,0.987833544029,33.0,36.0,0.96,0.987833544029,33.0,36.0,custom_states,False,False,False,,
complete4,complete,4,monomial_full,sup012_P012_ph010,True,True,0.0,1.0,152.0,164.6,14.01,392.0,409.4,106.0,108.2,128.0,"{'sx': 128, 'rz': 110, 'cz': 66, 'rx': 48, 'rzz': 40, 'barrier': 8}",5,5,0,ok,,38.0,40.0,ok,,0.96,0.987833544029,35.0,36.0,0.96,0.987833544029,35.0,36.0,0.96,0.987833544029,35.0,36.0,custom_states,False,False,False,,
complete4,complete,4,monomial_full,sup012_P012_ph011,True,True,0.0,1.0,150.0,163.0,14.49,380.0,401.4,106.0,108.2,128.0,"{'sx': 128, 'rz': 106, 'cz': 66, 'rx': 40, 'rzz': 40, 'barrier': 8}",5,5,0,ok,,36.0,40.0,ok,,0.96,0.987833544029,33.0,36.0,0.96,0.987833544029,33.0,36.0,0.96,0.987833544029,33.0,36.0,custom_states,False,False,False,,
complete4,complete,4,monomial_full,sup012_P012_ph012,True,True,0.0,1.0,147.0,157.8,12.22,389.0,394.0,100.0,103.6,128.0,"{'rz': 119, 'sx': 108, 'rx': 62, 'cz': 57, 'rzz': 43, 'barrier': 8}",5,5,0,ok,,34.0,36.0,ok,,0.99,0.987833544029,31.0,32.0,0.99,0.987833544029,31.0,32.0,0.99,0.987833544029,31.0,32.0,custom_states,False,False,False,,
complete4,complete,4,monomial_full,sup012_P012_ph020,True,True,0.0,1.0,150.0,163.2,14.36,384.0,405.2,106.0,108.2,128.0,"{'sx': 128, 'rz': 110, 'cz': 66, 'rx': 40, 'rzz': 40, 'barrier': 8}",5,5,0,ok,,36.0,40.0,ok,,0.96,0.987833544029,33.0,36.0,0.96,0.987833544029,33.0,36.0,0.96,0.987833544029,33.0,36.0,custom_states,False,False,False,,
complete4,complete,4,monomial_full,sup012_P012_ph021,True,True,0.0,1.0,147.0,157.8,12.22,389.0,394.0,100.0,103.6,128.0,"{'rz': 119, 'sx': 108, 'rx': 62, 'cz': 57, 'rzz': 43, 'barrier': 8}",5,5,0,ok,,34.0,36.0,ok,,0.95,0.987833544029,31.0,32.0,0.95,0.987833544029,31.0,32.0,0.95,0.987833544029,31.0,32.0,custom_states,False,False,False,,
complete4,complete,4,monomial_full,sup012_P012_ph022,True,True,0.0,1.0,152.0,163.8,13.95,388.0,405.4,106.0,108.2,128.0,"{'sx': 128, 'rz': 106, 'cz': 66, 'rx': 48, 'rzz': 40, 'barrier': 8}",5,5,0,ok,,37.0,40.0,ok,,0.96,0.987833544029,34.0,36.0,0.96,0.987833544029,34.0,36.0,0.96,0.987833544029,34.0,36.0,custom_states,False,False,False,,
complete4,complete,4,monomial_full,sup012_P012_ph100,True,True,0.0,1.0,150.0,162.6,14.01,384.0,404.0,106.0,108.2,128.0,"{'sx': 128, 'rz': 110, 'cz': 66, 'rx': 40, 'rzz': 40, 'barrier': 8}",5,5,0,ok,,36.0,40.0,ok,,0.96,0.987833544029,33.0,36.0,0.96,0.987833544029,33.0,36.0,0.96,0.987833544029,33.0,36.0,custom_states,False,False,False,,
complete4,complete,4,monomial_full,sup012_P012_ph101,True,True,0.0,1.0,146.0,157.4,12.55,387.0,392.2,100.0,103.6,128.0,"{'rz': 117, 'sx': 108, 'rx': 62, 'cz': 57, 'rzz': 43, 'barrier': 8}",5,5,0,ok,,34.0,36.0,ok,,0.95,0.921577429336,31.0,32.0,0.95,0.921577429336,31.0,32.0,0.99,0.987833544029,31.0,32.0,custom_states,False,False,False,,
complete4,complete,4,monomial_full,sup012_P012_ph102,True,True,0.0,1.0,152.0,165.0,13.71,392.0,409.0,106.0,108.2,128.0,"{'sx': 128, 'rz': 110, 'cz': 66, 'rx': 48, 'rzz': 40, 'barrier': 8}",5,5,0,ok,,38.0,40.0,ok,,0.95,0.987833544029,35.0,36.0,0.95,0.987833544029,35.0,36.0,0.95,0.987833544029,35.0,36.0,custom_states,False,False,False,,
complete4,complete,4,monomial_full,sup012_P012_ph110,True,True,0.0,1.0,144.0,155.8,12.09,375.0,386.0,102.0,104.4,128.0,"{'sx': 119, 'rz': 105, 'cz': 63, 'rx': 49, 'rzz': 39, 'barrier': 8}",5,5,0,ok,,34.0,36.0,ok,,0.95,0.987833544029,31.0,32.0,0.95,0.987833544029,31.0,32.0,0.95,0.987833544029,31.0,32.0,custom_states,False,False,False,,
complete4,complete,4,monomial_full,sup012_P012_ph112,True,True,0.0,1.0,152.0,163.8,14.27,392.0,405.8,106.0,108.2,128.0,"{'sx': 128, 'rz': 106, 'cz': 66, 'rx': 52, 'rzz': 40, 'barrier': 8}",5,5,0,ok,,36.0,40.0,ok,,0.95,0.987833544029,32.0,36.0,0.95,0.987833544029,32.0,36.0,0.95,0.987833544029,32.0,36.0,custom_states,False,False,False,,
complete4,complete,4,monomial_full,sup012_P012_ph120,True,True,0.0,1.0,150.0,163.4,14.24,388.0,405.0,106.0,108.2,128.0,"{'sx': 128, 'rz': 106, 'cz': 66, 'rx': 48, 'rzz': 40, 'barrier': 8}",5,5,0,ok,,38.0,40.0,ok,,0.95,0.987833544029,35.0,36.0,0.95,0.987833544029,35.0,36.0,0.95,0.987833544029,35.0,36.0,custom_states,False,False,False,,
complete4,complete,4,monomial_full,sup012_P012_ph121,True,True,0.0,1.0,152.0,164.6,14.79,396.0,411.2,106.0,108.2,128.0,"{'sx': 128, 'rz': 110, 'cz': 66, 'rx': 52, 'rzz': 40, 'barrier': 8}",5,5,0,ok,,36.0,40.0,ok,,0.96,0.987833544029,33.0,36.0,0.96,0.987833544029,33.0,36.0,0.96,0.987833544029,33.0,36.0,custom_states,False,False,False,,
complete4,complete,4,monomial_full,sup012_P012_ph122,True,True,0.0,1.0,147.0,157.8,12.22,389.0,394.0,100.0,103.6,128.0,"{'rz': 119, 'sx': 108, 'rx': 62, 'cz': 57, 'rzz': 43, 'barrier': 8}",5,5,0,ok,,34.0,36.0,ok,,0.95,0.935556492516,31.0,32.0,0.95,0.935556492516,31.0,32.0,0.99,0.987833544029,31.0,32.0,custom_states,False,False,False,,
complete4,complete,4,monomial_full,sup012_P012_ph200,True,True,0.0,1.0,151.0,164.6,14.07,392.0,408.8,106.0,108.2,128.0,"{'sx': 128, 'rz': 110, 'cz': 66, 'rx': 48, 'rzz': 40, 'barrier': 8}",5,5,0,ok,,38.0,40.0,ok,,0.95,0.987833544029,33.0,36.0,0.95,0.987833544029,33.0,36.0,0.95,0.987833544029,33.0,36.0,custom_states,False,False,False,,
complete4,complete,4,monomial_full,sup012_P012_ph201,True,True,0.0,1.0,152.0,164.2,13.96,396.0,410.0,106.0,108.2,128.0,"{'sx': 128, 'rz': 110, 'cz': 66, 'rx': 52, 'rzz': 40, 'barrier': 8}",5,5,0,ok,,36.0,40.0,ok,,0.96,0.987833544029,33.0,36.0,0.96,0.987833544029,33.0,36.0,0.96,0.987833544029,33.0,36.0,custom_states,False,False,False,,
complete4,complete,4,monomial_full,sup012_P012_ph202,True,True,0.0,1.0,146.0,157.4,12.55,387.0,392.2,100.0,103.6,128.0,"{'rz': 117, 'sx': 108, 'rx': 62, 'cz': 57, 'rzz': 43, 'barrier': 8}",5,5,0,ok,,34.0,36.0,ok,,0.95,0.946673107426,31.0,32.0,0.95,0.946673107426,31.0,32.0,,,,,custom_states,False,False,False,,
complete4,complete,4,monomial_full,sup012_P012_ph210,True,True,0.0,1.0,152.0,164.6,14.01,396.0,410.4,106.0,108.2,128.0,"{'sx': 128, 'rz': 106, 'cz': 66, 'rx': 56, 'rzz': 40, 'barrier': 8}",5,5,0,ok,,38.0,40.0,ok,,0.96,0.987833544029,35.0,36.0,0.96,0.987833544029,35.0,36.0,0.96,0.987833544029,35.0,36.0,custom_states,False,False,False,,
complete4,complete,4,monomial_full,sup012_P012_ph211,True,True,0.0,1.0,147.0,157.8,12.22,389.0,394.0,100.0,103.6,128.0,"{'rz': 119, 'sx': 108, 'rx': 62, 'cz': 57, 'rzz': 43, 'barrier': 8}",5,5,0,ok,,34.0,36.0,ok,,0.95,0.987833544029,31.0,32.0,0.95,0.987833544029,31.0,32.0,0.95,0.987833544029,31.0,32.0,custom_states,False,False,False,,
complete4,complete,4,monomial_full,sup012_P012_ph212,True,True,0.0,1.0,152.0,165.2,14.36,392.0,409.0,106.0,108.2,128.0,"{'sx': 128, 'rz': 110, 'cz': 66, 'rx': 48, 'rzz': 40, 'barrier': 8}",5,5,0,ok,,38.0,40.0,ok,,0.96,0.987833544029,35.0,36.0,0.96,0.987833544029,35.0,36.0,0.96,0.987833544029,35.0,36.0,custom_states,False,False,False,,
complete4,complete,4,monomial_full,sup012_P012_ph220,True,True,0.0,1.0,147.0,157.0,12.05,388.0,391.4,100.0,103.6,128.0,"{'rz': 118, 'sx': 108, 'rx': 62, 'cz': 57, 'rzz': 43, 'barrier': 8}",5,5,0,ok,,34.0,36.0,ok,,0.95,0.987833544029,31.0,32.0,0.95,0.987833544029,31.0,32.0,0.95,0.987833544029,31.0,32.0,custom_states,False,False,False,,
complete4,complete,4,monomial_full,sup012_P012_ph221,True,True,0.0,1.0,150.0,163.0,13.71,388.0,405.2,106.0,108.2,128.0,"{'sx': 128, 'rz': 106, 'cz': 66, 'rx': 48, 'rzz': 40, 'barrier': 8}",5,5,0,ok,,37.0,40.0,ok,,0.96,0.987833544029,34.0,36.0,0.96,0.987833544029,34.0,36.0,0.96,0.987833544029,34.0,36.0,custom_states,False,False,False,,
complete4,complete,4,monomial_full,sup012_P021_ph000,True,True,0.0,1.0,157.0,179.0,17.22,436.0,453.6,114.0,116.2,128.0,"{'sx': 128, 'rz': 122, 'rx': 72, 'cz': 66, 'rzz': 48, 'barrier': 8}",5,5,0,ok,,44.0,48.0,ok,,0.96,0.987833544029,41.0,44.0,0.96,0.987833544029,41.0,44.0,0.96,0.987833544029,41.0,44.0,custom_states,False,False,False,,
complete4,complete,4,monomial_full,sup012_P021_ph001,True,True,0.0,1.0,159.0,182.0,18.36,446.0,462.0,114.0,116.2,128.0,"{'rz': 132, 'sx': 128, 'rx': 72, 'cz': 66, 'rzz': 48, 'barrier': 8}",5,5,0,ok,,45.0,48.0,ok,,0.96,0.951113974616,42.0,44.0,0.96,0.951113974616,42.0,44.0,0.96,0.951113974616,42.0,44.0,custom_states,False,False,False,,
complete4,complete,4,monomial_full,sup012_P021_ph002,True,True,0.0,1.0,158.0,180.6,18.3,439.0,457.0,114.0,116.2,128.0,"{'rz': 128, 'sx': 128, 'rx': 69, 'cz': 66, 'rzz': 48, 'barrier': 8}",5,5,0,ok,,45.0,48.0,ok,,0.96,0.951113974616,42.0,44.0,0.96,0.951113974616,42.0,44.0,0.96,0.951113974616,42.0,44.0,custom_states,False,False,False,,
complete4,complete,4,monomial_full,sup012_P021_ph010,True,True,0.0,1.0,159.0,182.0,18.36,446.0,462.2,114.0,116.2,128.0,"{'rz': 132, 'sx': 128, 'rx': 72, 'cz': 66, 'rzz': 48, 'barrier': 8}",5,5,0,ok,,45.0,48.0,ok,,0.96,0.951113974616,42.0,44.0,0.96,0.951113974616,42.0,44.0,0.96,0.951113974616,42.0,44.0,custom_states,False,False,False,,
complete4,complete,4,monomial_full,sup012_P021_ph011,True,True,0.0,1.0,158.0,180.6,18.3,441.0,458.0,114.0,116.2,128.0,"{'rz': 128, 'sx': 128, 'rx': 71, 'cz': 66, 'rzz': 48, 'barrier': 8}",5,5,0,ok,,45.0,48.0,ok,,0.95,0.951113974616,42.0,44.0,0.95,0.951113974616,42.0,44.0,0.95,0.951113974616,42.0,44.0,custom_states,False,False,False,,
complete4,complete,4,monomial_full,sup012_P021_ph012,True,True,0.0,1.0,158.0,181.4,18.21,440.0,458.0,114.0,116.2,128.0,"{'sx': 128, 'rz': 126, 'rx': 72, 'cz': 66, 'rzz': 48, 'barrier': 8}",5,5,0,ok,,45.0,48.0,ok,,0.96,0.951113974616,41.0,44.0,0.96,0.951113974616,41.0,44.0,0.96,0.951113974616,41.0,44.0,custom_states,False,False,False,,
complete4,complete,4,monomial_full,sup012_P021_ph020,True,True,0.0,1.0,158.0,180.6,18.3,441.0,458.0,114.0,116.2,128.0,"{'rz': 128, 'sx': 128, 'rx': 71, 'cz': 66, 'rzz': 48, 'barrier': 8}",5,5,0,ok,,45.0,48.0,ok,,0.96,0.951113974616,42.0,44.0,0.96,0.951113974616,42.0,44.0,0.96,0.951113974616,42.0,44.0,custom_states,False,False,False,,
complete4,complete,4,monomial_full,sup012_P021_ph021,True,True,0.0,1.0,158.0,181.4,18.21,440.0,458.0,114.0,116.2,128.0,"{'sx': 128, 'rz': 126, 'rx': 72, 'cz': 66, 'rzz': 48, 'barrier': 8}",5,5,0,ok,,45.0,48.0,ok,,0.96,0.951113974616,41.0,44.0,0.96,0.951113974616,41.0,44.0,0.96,0.951113974616,41.0,44.0,custom_states,False,False,False,,
complete4,complete,4,monomial_full,sup012_P021_ph022,True,True,0.0,1.0,157.0,179.8,18.17,436.0,455.4,114.0,116.2,128.0,"{'rz': 128, 'sx': 128, 'rx': 66, 'cz': 66, 'rzz': 48, 'barrier': 8}",5,5,0,ok,,45.0,48.0,ok,,0.95,0.951113974616,42.0,44.0,0.95,0.951113974616,42.0,44.0,0.95,0.951113974616,42.0,44.0,custom_states,False,False,False,,
complete4,complete,4,monomial_full,sup012_P021_ph100,True,True,0.0,1.0,158.0,180.6,18.3,438.0,456.0,114.0,116.2,128.0,"{'rz': 128, 'sx': 128, 'rx': 68, 'cz': 66, 'rzz': 48, 'barrier': 8}",5,5,0,ok,,45.0,48.0,ok,,0.96,0.951113974616,42.0,44.0,0.96,0.951113974616,42.0,44.0,0.96,0.951113974616,42.0,44.0,custom_states,False,False,False,,
complete4,complete,4,monomial_full,sup012_P021_ph101,True,True,0.0,1.0,158.0,181.4,18.21,440.0,458.0,114.0,116.2,128.0,"{'sx': 128, 'rz': 126, 'rx': 72, 'cz': 66, 'rzz': 48, 'barrier': 8}",5,5,0,ok,,45.0,48.0,ok,,0.96,0.951113974616,41.0,44.0,0.96,0.951113974616,41.0,44.0,0.96,0.951113974616,41.0,44.0,custom_states,False,False,False,,
complete4,complete,4,monomial_full,sup012_P021_ph102,True,True,0.0,1.0,158.0,180.6,18.3,442.0,459.2,114.0,116.2,128.0,"{'rz': 128, 'sx': 128, 'rx': 72, 'cz': 66, 'rzz': 48, 'barrier': 8}",5,5,0,ok,,45.0,48.0,ok,,0.96,0.951113974616,42.0,44.0,0.96,0.951113974616,42.0,44.0,0.96,0.951113974616,42.0,44.0,custom_states,False,False,False,,
complete4,complete,4,monomial_full,sup012_P021_ph110,True,True,0.0,1.0,157.0,179.0,17.22,436.0,453.6,114.0,116.2,128.0,"{'sx': 128, 'rz': 122, 'rx': 72, 'cz': 66, 'rzz': 48, 'barrier': 8}",5,5,0,ok,,44.0,48.0,ok,,0.96,0.987833544029,41.0,44.0,0.96,0.987833544029,41.0,44.0,0.96,0.987833544029,41.0,44.0,custom_states,False,False,False,,
complete4,complete,4,monomial_full,sup012_P021_ph111,True,True,0.0,1.0,158.0,180.4,18.45,440.0,456.8,114.0,116.2,128.0,"{'rz': 128, 'sx': 128, 'rx': 70, 'cz': 66, 'rzz': 48, 'barrier': 8}",5,5,0,ok,,44.0,48.0,ok,,0.96,0.987833544029,41.0,44.0,0.96,0.987833544029,41.0,44.0,0.96,0.987833544029,41.0,44.0,custom_states,False,False,False,,
complete4,complete,4,monomial_full,sup012_P021_ph112,True,True,0.0,1.0,158.0,180.6,18.3,438.0,456.4,114.0,116.2,128.0,"{'rz': 128, 'sx': 128, 'rx': 68, 'cz': 66, 'rzz': 48, 'barrier': 8}",5,5,0,ok,,45.0,48.0,ok,,0.96,0.951113974616,42.0,44.0,0.96,0.951113974616,42.0,44.0,0.96,0.951113974616,42.0,44.0,custom_states,False,False,False,,
complete4,complete,4,monomial_full,sup012_P021_ph120,True,True,0.0,1.0,158.0,180.6,18.3,442.0,459.0,114.0,116.2,128.0,"{'rz': 128, 'sx': 128, 'rx': 72, 'cz': 66, 'rzz': 48, 'barrier': 8}",5,5,0,ok,,45.0,48.0,ok,,0.96,0.951113974616,42.0,44.0,0.96,0.951113974616,42.0,44.0,0.96,0.951113974616,42.0,44.0,custom_states,False,False,False,,
complete4,complete,4,monomial_full,sup012_P021_ph121,True,True,0.0,1.0,158.0,180.6,18.3,438.0,456.4,114.0,116.2,128.0,"{'rz': 128, 'sx': 128, 'rx': 68, 'cz': 66, 'rzz': 48, 'barrier': 8}",5,5,0,ok,,45.0,48.0,ok,,0.96,0.951113974616,42.0,44.0,0.96,0.951113974616,42.0,44.0,0.96,0.951113974616,42.0,44.0,custom_states,False,False,False,,
complete4,complete,4,monomial_full,sup012_P021_ph122,True,True,0.0,1.0,158.0,181.4,18.21,440.0,458.0,114.0,116.2,128.0,"{'sx': 128, 'rz': 126, 'rx': 72, 'cz': 66, 'rzz': 48, 'barrier': 8}",5,5,0,ok,,45.0,48.0,ok,,0.96,0.951113974616,41.0,44.0,0.96,0.951113974616,41.0,44.0,0.96,0.951113974616,41.0,44.0,custom_states,False,False,False,,
complete4,complete,4,monomial_full,sup012_P021_ph200,True,True,0.0,1.0,159.0,181.8,18.5,441.0,458.2,114.0,116.2,128.0,"{'rz': 132, 'sx': 128, 'rx': 67, 'cz': 66, 'rzz': 48, 'barrier': 8}",5,5,0,ok,,44.0,48.0,ok,,0.96,0.951113974616,41.0,44.0,0.96,0.951113974616,41.0,44.0,0.96,0.951113974616,41.0,44.0,custom_states,False,False,False,,
complete4,complete,4,monomial_full,sup012_P021_ph201,True,True,0.0,1.0,159.0,182.0,18.36,442.0,459.0,114.0,116.2,128.0,"{'rz': 132, 'sx': 128, 'rx': 68, 'cz': 66, 'rzz': 48, 'barrier': 8}",5,5,0,ok,,45.0,48.0,ok,,0.96,0.951113974616,42.0,44.0,0.96,0.951113974616,42.0,44.0,0.96,0.951113974616,42.0,44.0,custom_states,False,False,False,,
complete4,complete,4,monomial_full,sup012_P021_ph202,True,True,0.0,1.0,158.0,181.4,18.21,440.0,458.0,114.0,116.2,128.0,"{'sx': 128, 'rz': 126, 'rx': 72, 'cz': 66, 'rzz': 48, 'barrier': 8}",5,5,0,ok,,45.0,48.0,ok,,0.96,0.951113974616,41.0,44.0,0.96,0.951113974616,41.0,44.0,0.96,0.951113974616,41.0,44.0,custom_states,False,False,False,,
complete4,complete,4,monomial_full,sup012_P021_ph210,True,True,0.0,1.0,159.0,182.0,18.36,442.0,459.2,114.0,116.2,128.0,"{'rz': 132, 'sx': 128, 'rx': 68, 'cz': 66, 'rzz': 48, 'barrier': 8}",5,5,0,ok,,45.0,48.0,ok,,0.96,0.951113974616,42.0,44.0,0.96,0.951113974616,42.0,44.0,0.96,0.951113974616,42.0,44.0,custom_states,False,False,False,,
complete4,complete,4,monomial_full,sup012_P021_ph211,True,True,0.0,1.0,158.0,181.4,18.21,440.0,458.0,114.0,116.2,128.0,"{'sx': 128, 'rz': 126, 'rx': 72, 'cz': 66, 'rzz': 48, 'barrier': 8}",5,5,0,ok,,45.0,48.0,ok,,0.96,0.951113974616,41.0,44.0,0.96,0.951113974616,41.0,44.0,0.96,0.951113974616,41.0,44.0,custom_states,False,False,False,,
complete4,complete,4,monomial_full,sup012_P021_ph212,True,True,0.0,1.0,159.0,182.2,18.28,444.0,461.2,114.0,116.2,128.0,"{'rz': 134, 'sx': 128, 'rx': 68, 'cz': 66, 'rzz': 48, 'barrier': 8}",5,5,0,ok,,45.0,48.0,ok,,0.95,0.951068515827,42.0,44.0,0.95,0.951068515827,42.0,44.0,0.95,0.951068515827,42.0,44.0,custom_states,False,False,False,,
complete4,complete,4,monomial_full,sup012_P021_ph220,True,True,0.0,1.0,157.0,179.0,17.22,436.0,453.6,114.0,116.2,128.0,"{'sx': 128, 'rz': 122, 'rx': 72, 'cz': 66, 'rzz': 48, 'barrier': 8}",5,5,0,ok,,44.0,48.0,ok,,0.96,0.987833544029,41.0,44.0,0.96,0.987833544029,41.0,44.0,0.96,0.987833544029,41.0,44.0,custom_states,False,False,False,,
complete4,complete,4,monomial_full,sup012_P021_ph221,True,True,0.0,1.0,158.0,181.0,18.36,438.0,456.6,114.0,116.2,128.0,"{'rz': 129, 'sx': 128, 'rx': 67, 'cz': 66, 'rzz': 48, 'barrier': 8}",5,5,0,ok,,44.0,48.0,ok,,0.96,0.951113974616,41.0,44.0,0.96,0.951113974616,41.0,44.0,0.96,0.951113974616,41.0,44.0,custom_states,False,False,False,,
complete4,complete,4,monomial_full,sup012_P021_ph222,True,True,0.0,1.0,159.0,182.0,18.36,442.0,459.2,114.0,116.2,128.0,"{'rz': 132, 'sx': 128, 'rx': 68, 'cz': 66, 'rzz': 48, 'barrier': 8}",5,5,0,ok,,45.0,48.0,ok,,0.96,0.987833544029,42.0,44.0,0.96,0.987833544029,42.0,44.0,0.96,0.987833544029,42.0,44.0,custom_states,False,False,False,,
complete4,complete,4,monomial_full,sup012_P102_ph000,True,True,0.0,1.0,152.0,166.4,14.68,400.0,417.0,106.0,108.2,128.0,"{'sx': 128, 'rz': 110, 'cz': 70, 'rx': 56, 'rzz': 36, 'barrier': 8}",5,5,0,ok,,38.0,40.0,ok,,0.96,0.963233236875,35.0,36.0,0.96,0.963233236875,35.0,36.0,0.96,0.963233236875,35.0,36.0,custom_states,False,False,False,,
complete4,complete,4,monomial_full,sup012_P102_ph001,True,True,0.0,1.0,152.0,165.4,15.12,388.0,406.6,106.0,108.2,128.0,"{'sx': 128, 'rz': 106, 'cz': 70, 'rx': 48, 'rzz': 36, 'barrier': 8}",5,5,0,ok,,38.0,40.0,ok,,0.96,0.987833544029,35.0,36.0,0.96,0.987833544029,35.0,36.0,0.96,0.987833544029,35.0,36.0,custom_states,False,False,False,,
complete4,complete,4,monomial_full,sup012_P102_ph002,True,True,0.0,1.0,152.0,165.4,15.12,388.0,406.6,106.0,108.2,128.0,"{'sx': 128, 'rz': 106, 'cz': 70, 'rx': 48, 'rzz': 36, 'barrier': 8}",5,5,0,ok,,38.0,40.0,ok,,0.96,0.987833544029,35.0,36.0,0.96,0.987833544029,35.0,36.0,0.96,0.987833544029,35.0,36.0,custom_states,False,False,False,,
complete4,complete,4,monomial_full,sup012_P102_ph010,True,True,0.0,1.0,152.0,165.4,15.12,388.0,406.6,106.0,108.2,128.0,"{'sx': 128, 'rz': 106, 'cz': 70, 'rx': 48, 'rzz': 36, 'barrier': 8}",5,5,0,ok,,38.0,40.0,ok,,0.96,0.987833544029,35.0,36.0,0.96,0.987833544029,35.0,36.0,0.96,0.987833544029,35.0,36.0,custom_states,False,False,False,,
complete4,complete,4,monomial_full,sup012_P102_ph011,True,True,0.0,1.0,152.0,165.4,15.12,388.0,406.6,106.0,108.2,128.0,"{'sx': 128, 'rz': 106, 'cz': 70, 'rx': 48, 'rzz': 36, 'barrier': 8}",5,5,0,ok,,38.0,40.0,ok,,0.95,0.971670858124,35.0,36.0,0.95,0.971670858124,35.0,36.0,0.95,0.971670858124,35.0,36.0,custom_states,False,False,False,,
complete4,complete,4,monomial_full,sup012_P102_ph012,True,True,0.0,1.0,152.0,166.4,14.68,400.0,417.0,106.0,108.2,128.0,"{'sx': 128, 'rz': 110, 'cz': 70, 'rx': 56, 'rzz': 36, 'barrier': 8}",5,5,0,ok,,38.0,40.0,ok,,0.96,0.987833544029,35.0,36.0,0.96,0.987833544029,35.0,36.0,0.96,0.987833544029,35.0,36.0,custom_states,False,False,False,,
complete4,complete,4,monomial_full,sup012_P102_ph020,True,True,0.0,1.0,152.0,166.6,14.87,400.0,417.0,106.0,108.2,128.0,"{'sx': 128, 'rz': 110, 'cz': 70, 'rx': 56, 'rzz': 36, 'barrier': 8}",5,5,0,ok,,38.0,40.0,ok,,0.96,0.987833544029,35.0,36.0,0.96,0.987833544029,35.0,36.0,0.96,0.987833544029,35.0,36.0,custom_states,False,False,False,,
complete4,complete,4,monomial_full,sup012_P102_ph021,True,True,0.0,1.0,152.0,165.2,14.95,388.0,406.6,106.0,108.2,128.0,"{'sx': 128, 'rz': 106, 'cz': 70, 'rx': 48, 'rzz': 36, 'barrier': 8}",5,5,0,ok,,38.0,40.0,ok,,0.96,0.987833544029,35.0,36.0,0.96,0.987833544029,35.0,36.0,0.96,0.987833544029,35.0,36.0,custom_states,False,False,False,,
complete4,complete,4,monomial_full,sup012_P102_ph022,True,True,0.0,1.0,152.0,166.6,14.87,400.0,417.0,106.0,108.2,128.0,"{'sx': 128, 'rz': 110, 'cz': 70, 'rx': 56, 'rzz': 36, 'barrier': 8}",5,5,0,ok,,38.0,40.0,ok,,0.96,0.963233236875,35.0,36.0,0.96,0.963233236875,35.0,36.0,0.96,0.963233236875,35.0,36.0,custom_states,False,False,False,,
complete4,complete,4,monomial_full,sup012_P102_ph100,True,True,0.0,1.0,152.0,165.4,15.12,388.0,406.6,106.0,108.2,128.0,"{'sx': 128, 'rz': 106, 'cz': 70, 'rx': 48, 'rzz': 36, 'barrier': 8}",5,5,0,ok,,38.0,40.0,ok,,0.95,0.987833544029,35.0,36.0,0.95,0.987833544029,35.0,36.0,0.95,0.987833544029,35.0,36.0,custom_states,False,False,False,,
complete4,complete,4,monomial_full,sup012_P102_ph101,True,True,0.0,1.0,152.0,166.4,14.68,400.0,417.0,106.0,108.2,128.0,"{'sx': 128, 'rz': 110, 'cz': 70, 'rx': 56, 'rzz': 36, 'barrier': 8}",5,5,0,ok,,38.0,40.0,ok,,0.96,0.963233236875,35.0,36.0,0.96,0.963233236875,35.0,36.0,0.96,0.963233236875,35.0,36.0,custom_states,False,False,False,,
complete4,complete,4,monomial_full,sup012_P102_ph102,True,True,0.0,1.0,152.0,166.6,14.87,400.0,417.0,106.0,108.2,128.0,"{'sx': 128, 'rz': 110, 'cz': 70, 'rx': 56, 'rzz': 36, 'barrier': 8}",5,5,0,ok,,38.0,40.0,ok,,0.96,0.987833544029,35.0,36.0,0.96,0.987833544029,35.0,36.0,0.96,0.987833544029,35.0,36.0,custom_states,False,False,False,,
complete4,complete,4,monomial_full,sup012_P102_ph110,True,True,0.0,1.0,152.0,166.4,14.68,400.0,417.0,106.0,108.2,128.0,"{'sx': 128, 'rz': 110, 'cz': 70, 'rx': 56, 'rzz': 36, 'barrier': 8}",5,5,0,ok,,38.0,40.0,ok,,0.96,0.987833544029,35.0,36.0,0.96,0.987833544029,35.0,36.0,0.96,0.987833544029,35.0,36.0,custom_states,False,False,False,,
complete4,complete,4,monomial_full,sup012_P102_ph111,True,True,0.0,1.0,152.0,166.6,14.87,400.0,417.0,106.0,108.2,128.0,"{'sx': 128, 'rz': 110, 'cz': 70, 'rx': 56, 'rzz': 36, 'barrier': 8}",5,5,0,ok,,38.0,40.0,ok,,0.96,0.987833544029,35.0,36.0,0.96,0.987833544029,35.0,36.0,0.96,0.987833544029,35.0,36.0,custom_states,False,False,False,,
complete4,complete,4,monomial_full,sup012_P102_ph112,True,True,0.0,1.0,152.0,166.6,14.87,400.0,417.0,106.0,108.2,128.0,"{'sx': 128, 'rz': 110, 'cz': 70, 'rx': 56, 'rzz': 36, 'barrier': 8}",5,5,0,ok,,38.0,40.0,ok,,0.95,0.963233236875,35.0,36.0,0.95,0.963233236875,35.0,36.0,0.95,0.963233236875,35.0,36.0,custom_states,False,False,False,,
complete4,complete,4,monomial_full,sup012_P102_ph120,True,True,0.0,1.0,150.0,164.6,15.44,390.0,404.6,106.0,108.2,128.0,"{'sx': 118, 'rz': 109, 'cz': 67, 'rx': 57, 'rzz': 39, 'barrier': 8}",5,5,0,ok,,38.0,40.0,ok,,0.96,0.987833544029,35.0,36.0,0.96,0.987833544029,35.0,36.0,0.96,0.987833544029,35.0,36.0,custom_states,False,False,False,,
complete4,complete,4,monomial_full,sup012_P102_ph121,True,True,0.0,1.0,152.0,166.6,14.87,400.0,417.0,106.0,108.2,128.0,"{'sx': 128, 'rz': 110, 'cz': 70, 'rx': 56, 'rzz': 36, 'barrier': 8}",5,5,0,ok,,38.0,40.0,ok,,0.95,0.987833544029,35.0,36.0,0.95,0.987833544029,35.0,36.0,0.95,0.987833544029,35.0,36.0,custom_states,False,False,False,,
complete4,complete,4,monomial_full,sup012_P102_ph122,True,True,0.0,1.0,152.0,166.4,14.68,400.0,417.0,106.0,108.2,128.0,"{'sx': 128, 'rz': 110, 'cz': 70, 'rx': 56, 'rzz': 36, 'barrier': 8}",5,5,0,ok,,38.0,40.0,ok,,0.96,0.987833544029,35.0,36.0,0.96,0.987833544029,35.0,36.0,0.96,0.987833544029,35.0,36.0,custom_states,False,False,False,,
complete4,complete,4,monomial_full,sup012_P102_ph200,True,True,0.0,1.0,152.0,165.2,14.95,386.0,404.8,106.0,108.2,128.0,"{'sx': 128, 'rz': 104, 'cz': 70, 'rx': 48, 'rzz': 36, 'barrier': 8}",5,5,0,ok,,38.0,40.0,ok,,0.96,0.987833544029,35.0,36.0,0.96,0.987833544029,35.0,36.0,0.96,0.987833544029,35.0,36.0,custom_states,False,False,False,,
complete4,complete,4,monomial_full,sup012_P102_ph201,True,True,0.0,1.0,152.0,166.6,14.87,400.0,417.0,106.0,108.2,128.0,"{'sx': 128, 'rz': 110, 'cz': 70, 'rx': 56, 'rzz': 36, 'barrier': 8}",5,5,0,ok,,38.0,40.0,ok,,0.95,0.987833544029,35.0,36.0,0.95,0.987833544029,35.0,36.0,0.95,0.987833544029,35.0,36.0,custom_states,False,False,False,,
complete4,complete,4,monomial_full,sup012_P102_ph202,True,True,0.0,1.0,152.0,166.4,14.68,400.0,417.0,106.0,108.2,128.0,"{'sx': 128, 'rz': 110, 'cz': 70, 'rx': 56, 'rzz': 36, 'barrier': 8}",5,5,0,ok,,38.0,40.0,ok,,0.96,0.963233236875,35.0,36.0,0.96,0.963233236875,35.0,36.0,0.96,0.963233236875,35.0,36.0,custom_states,False,False,False,,
complete4,complete,4,monomial_full,sup012_P102_ph210,True,True,0.0,1.0,150.0,164.6,15.44,390.0,404.6,106.0,108.2,128.0,"{'sx': 118, 'rz': 109, 'cz': 67, 'rx': 57, 'rzz': 39, 'barrier': 8}",5,5,0,ok,,38.0,40.0,ok,,0.95,0.987833544029,35.0,36.0,0.95,0.987833544029,35.0,36.0,0.95,0.987833544029,35.0,36.0,custom_states,False,False,False,,
complete4,complete,4,monomial_full,sup012_P102_ph211,True,True,0.0,1.0,152.0,166.4,14.68,400.0,417.0,106.0,108.2,128.0,"{'sx': 128, 'rz': 110, 'cz': 70, 'rx': 56, 'rzz': 36, 'barrier': 8}",5,5,0,ok,,38.0,40.0,ok,,0.96,0.987833544029,35.0,36.0,0.96,0.987833544029,35.0,36.0,0.96,0.987833544029,35.0,36.0,custom_states,False,False,False,,
complete4,complete,4,monomial_full,sup012_P102_ph212,True,True,0.0,1.0,152.0,166.6,14.87,400.0,417.0,106.0,108.2,128.0,"{'sx': 128, 'rz': 110, 'cz': 70, 'rx': 56, 'rzz': 36, 'barrier': 8}",5,5,0,ok,,38.0,40.0,ok,,0.96,0.987833544029,35.0,36.0,0.96,0.987833544029,35.0,36.0,0.96,0.987833544029,35.0,36.0,custom_states,False,False,False,,
complete4,complete,4,monomial_full,sup012_P102_ph220,True,True,0.0,1.0,152.0,165.2,14.95,388.0,406.6,106.0,108.2,128.0,"{'sx': 128, 'rz': 106, 'cz': 70, 'rx': 48, 'rzz': 36, 'barrier': 8}",5,5,0,ok,,38.0,40.0,ok,,0.96,0.987833544029,35.0,36.0,0.96,0.987833544029,35.0,36.0,0.96,0.987833544029,35.0,36.0,custom_states,False,False,False,,
complete4,complete,4,monomial_full,sup012_P102_ph221,True,True,0.0,1.0,152.0,165.4,15.12,388.0,406.6,106.0,108.2,128.0,"{'sx': 128, 'rz': 106, 'cz': 70, 'rx': 48, 'rzz': 36, 'barrier': 8}",5,5,0,ok,,38.0,40.0,ok,,0.96,0.971670858124,35.0,36.0,0.96,0.971670858124,35.0,36.0,0.96,0.971670858124,35.0,36.0,custom_states,False,False,False,,
complete4,complete,4,monomial_full,sup012_P102_ph222,True,True,0.0,1.0,152.0,165.4,15.12,388.0,406.6,106.0,108.2,128.0,"{'sx': 128, 'rz': 106, 'cz': 70, 'rx': 48, 'rzz': 36, 'barrier': 8}",5,5,0,ok,,38.0,40.0,ok,,0.96,0.987833544029,35.0,36.0,0.96,0.987833544029,35.0,36.0,0.96,0.987833544029,35.0,36.0,custom_states,False,False,False,,
complete4,complete,4,monomial_full,sup012_P120_ph000,True,True,0.0,1.0,156.0,174.6,15.56,423.0,437.6,110.0,112.2,128.0,"{'sx': 128, 'rz': 122, 'cz': 66, 'rx': 63, 'rzz': 44, 'barrier': 8}",5,5,0,ok,,43.0,44.0,ok,,0.95,0.951134778533,40.0,40.0,0.95,0.951134778533,40.0,40.0,0.95,0.951134778533,40.0,40.0,custom_states,False,False,False,,
complete4,complete,4,monomial_full,sup012_P120_ph001,True,True,0.0,1.0,156.0,174.6,15.56,426.0,439.6,110.0,112.2,128.0,"{'sx': 128, 'rz': 126, 'cz': 66, 'rx': 62, 'rzz': 44, 'barrier': 8}",5,5,0,ok,,43.0,44.0,ok,,0.96,0.987833544029,40.0,40.0,0.96,0.987833544029,40.0,40.0,0.96,0.987833544029,40.0,40.0,custom_states,False,False,False,,
complete4,complete,4,monomial_full,sup012_P120_ph002,True,True,0.0,1.0,156.0,174.6,15.56,423.0,438.2,110.0,112.2,128.0,"{'sx': 128, 'rz': 126, 'cz': 66, 'rx': 59, 'rzz': 44, 'barrier': 8}",5,5,0,ok,,43.0,44.0,ok,,0.96,0.987833544029,40.0,40.0,0.96,0.987833544029,40.0,40.0,0.96,0.987833544029,40.0,40.0,custom_states,False,False,False,,
complete4,complete,4,monomial_full,sup012_P120_ph010,True,True,0.0,1.0,156.0,174.6,15.56,426.0,440.2,110.0,112.2,128.0,"{'sx': 128, 'rz': 126, 'cz': 66, 'rx': 62, 'rzz': 44, 'barrier': 8}",5,5,0,ok,,43.0,44.0,ok,,0.96,0.987833544029,40.0,40.0,0.96,0.987833544029,40.0,40.0,0.96,0.987833544029,40.0,40.0,custom_states,False,False,False,,
complete4,complete,4,monomial_full,sup012_P120_ph011,True,True,0.0,1.0,156.0,174.4,15.67,420.0,435.2,110.0,112.2,128.0,"{'sx': 128, 'rz': 123, 'cz': 66, 'rx': 59, 'rzz': 44, 'barrier': 8}",5,5,0,ok,,43.0,44.0,ok,,0.95,0.987833544029,40.0,40.0,0.95,0.987833544029,40.0,40.0,0.95,0.987833544029,40.0,40.0,custom_states,False,False,False,,
complete4,complete,4,monomial_full,sup012_P120_ph012,True,True,0.0,1.0,155.0,174.0,15.34,420.0,436.8,110.0,112.2,128.0,"{'sx': 128, 'rz': 123, 'cz': 66, 'rx': 59, 'rzz': 44, 'barrier': 8}",5,5,0,ok,,43.0,44.0,ok,,0.96,0.951059072403,40.0,40.0,0.96,0.951059072403,40.0,40.0,0.96,0.951059072403,40.0,40.0,custom_states,False,False,False,,
complete4,complete,4,monomial_full,sup012_P120_ph020,True,True,0.0,1.0,156.0,173.4,15.16,424.0,437.4,110.0,112.2,128.0,"{'sx': 128, 'rz': 124, 'cz': 66, 'rx': 62, 'rzz': 44, 'barrier': 8}",5,5,0,ok,,43.0,44.0,ok,,0.95,0.951081472132,40.0,40.0,0.95,0.951081472132,40.0,40.0,0.95,0.951081472132,40.0,40.0,custom_states,False,False,False,,
complete4,complete,4,monomial_full,sup012_P120_ph021,True,True,0.0,1.0,156.0,174.6,15.56,426.0,440.0,110.0,112.2,128.0,"{'sx': 128, 'rz': 125, 'cz': 66, 'rx': 63, 'rzz': 44, 'barrier': 8}",5,5,0,ok,,43.0,44.0,ok,,0.95,0.949553943438,40.0,40.0,0.95,0.949553943438,40.0,40.0,,,,,custom_states,False,False,False,,
complete4,complete,4,monomial_full,sup012_P120_ph022,True,True,0.0,1.0,156.0,174.4,15.67,426.0,439.6,110.0,112.2,128.0,"{'sx': 128, 'rz': 126, 'cz': 66, 'rx': 62, 'rzz': 44, 'barrier': 8}",5,5,0,ok,,43.0,44.0,ok,,0.96,0.951114660188,40.0,40.0,0.96,0.951114660188,40.0,40.0,0.96,0.951114660188,40.0,40.0,custom_states,False,False,False,,
complete4,complete,4,monomial_full,sup012_P120_ph100,True,True,0.0,1.0,156.0,174.6,15.56,423.0,437.4,110.0,112.2,128.0,"{'sx': 128, 'rz': 126, 'cz': 66, 'rx': 59, 'rzz': 44, 'barrier': 8}",5,5,0,ok,,43.0,44.0,ok,,0.96,0.900886132146,40.0,40.0,0.96,0.900886132146,40.0,40.0,0.99,0.951125435894,40.0,40.0,custom_states,False,False,False,,
complete4,complete,4,monomial_full,sup012_P120_ph101,True,True,0.0,1.0,155.0,173.8,15.77,422.0,436.2,110.0,112.2,128.0,"{'sx': 128, 'rz': 122, 'cz': 66, 'rx': 62, 'rzz': 44, 'barrier': 8}",5,5,0,ok,,43.0,44.0,ok,,0.95,0.987833544029,38.0,40.0,0.95,0.987833544029,38.0,40.0,0.95,0.987833544029,38.0,40.0,custom_states,False,False,False,,
complete4,complete,4,monomial_full,sup012_P120_ph102,True,True,0.0,1.0,156.0,174.6,15.56,424.0,439.2,110.0,112.2,128.0,"{'sx': 128, 'rz': 126, 'cz': 66, 'rx': 60, 'rzz': 44, 'barrier': 8}",5,5,0,ok,,43.0,44.0,ok,,0.98,0.951081472132,39.0,40.0,0.98,0.951081472132,39.0,40.0,0.98,0.951081472132,39.0,40.0,custom_states,False,False,False,,
complete4,complete,4,monomial_full,sup012_P120_ph110,True,True,0.0,1.0,155.0,173.8,15.47,424.0,439.2,110.0,112.2,128.0,"{'sx': 128, 'rz': 123, 'cz': 66, 'rx': 63, 'rzz': 44, 'barrier': 8}",5,5,0,ok,,43.0,44.0,ok,,0.96,0.987833544029,40.0,40.0,0.96,0.987833544029,40.0,40.0,0.96,0.987833544029,40.0,40.0,custom_states,False,False,False,,
complete4,complete,4,monomial_full,sup012_P120_ph111,True,True,0.0,1.0,156.0,174.6,15.56,426.0,439.8,110.0,112.2,128.0,"{'sx': 128, 'rz': 126, 'cz': 66, 'rx': 62, 'rzz': 44, 'barrier': 8}",5,5,0,ok,,43.0,44.0,ok,,0.96,0.933327492289,40.0,40.0,0.96,0.933327492289,40.0,40.0,,,,,custom_states,False,False,False,,
complete4,complete,4,monomial_full,sup012_P120_ph112,True,True,0.0,1.0,156.0,173.4,15.16,424.0,436.8,110.0,112.2,128.0,"{'sx': 128, 'rz': 123, 'cz': 66, 'rx': 63, 'rzz': 44, 'barrier': 8}",5,5,0,ok,,43.0,44.0,ok,,0.95,0.987833544029,40.0,40.0,0.95,0.987833544029,40.0,40.0,0.95,0.987833544029,40.0,40.0,custom_states,False,False,False,,
complete4,complete,4,monomial_full,sup012_P120_ph120,True,True,0.0,1.0,156.0,174.4,15.67,424.0,438.6,110.0,112.2,128.0,"{'sx': 128, 'rz': 126, 'cz': 66, 'rx': 60, 'rzz': 44, 'barrier': 8}",5,5,0,ok,,43.0,44.0,ok,,0.95,0.898395821455,40.0,40.0,,,,,,,,,custom_states,False,False,False,,
complete4,complete,4,monomial_full,sup012_P120_ph121,True,True,0.0,1.0,155.0,172.4,15.58,418.0,433.2,110.0,112.2,128.0,"{'sx': 128, 'rz': 120, 'cz': 66, 'rx': 60, 'rzz': 44, 'barrier': 8}",5,5,0,ok,,42.0,44.0,ok,,0.95,0.951113974616,39.0,40.0,0.95,0.951113974616,39.0,40.0,0.95,0.951113974616,39.0,40.0,custom_states,False,False,False,,
complete4,complete,4,monomial_full,sup012_P120_ph122,True,True,0.0,1.0,156.0,174.6,15.56,424.0,439.2,110.0,112.2,128.0,"{'sx': 128, 'rz': 126, 'cz': 66, 'rx': 60, 'rzz': 44, 'barrier': 8}",5,5,0,ok,,43.0,44.0,ok,,0.98,0.987833544029,40.0,40.0,0.98,0.987833544029,40.0,40.0,0.98,0.987833544029,40.0,40.0,custom_states,False,False,False,,
complete4,complete,4,monomial_full,sup012_P120_ph200,True,True,0.0,1.0,156.0,174.6,15.56,424.0,439.4,110.0,112.2,128.0,"{'sx': 128, 'rz': 126, 'cz': 66, 'rx': 60, 'rzz': 44, 'barrier': 8}",5,5,0,ok,,43.0,44.0,ok,,0.95,0.951165070715,40.0,40.0,0.95,0.951165070715,40.0,40.0,0.95,0.951165070715,40.0,40.0,custom_states,False,False,False,,
complete4,complete,4,monomial_full,sup012_P120_ph201,True,True,0.0,1.0,156.0,174.4,15.29,427.0,439.8,110.0,112.2,128.0,"{'sx': 128, 'rz': 126, 'cz': 66, 'rx': 63, 'rzz': 44, 'barrier': 8}",5,5,0,ok,,43.0,44.0,ok,,0.95,0.95551776111,39.0,40.0,0.95,0.95551776111,39.0,40.0,0.95,0.95551776111,39.0,40.0,custom_states,False,False,False,,
complete4,complete,4,monomial_full,sup012_P120_ph202,True,True,0.0,1.0,155.0,174.0,15.34,422.0,437.0,110.0,112.2,128.0,"{'sx': 128, 'rz': 122, 'cz': 66, 'rx': 62, 'rzz': 44, 'barrier': 8}",5,5,0,ok,,43.0,44.0,ok,,0.96,0.951114660188,40.0,40.0,0.96,0.951114660188,40.0,40.0,0.96,0.951114660188,40.0,40.0,custom_states,False,False,False,,
complete4,complete,4,monomial_full,sup012_P120_ph210,True,True,0.0,1.0,156.0,174.2,15.39,424.0,438.2,110.0,112.2,128.0,"{'sx': 128, 'rz': 123, 'cz': 66, 'rx': 63, 'rzz': 44, 'barrier': 8}",5,5,0,ok,,43.0,44.0,ok,,0.95,0.987833544029,40.0,40.0,0.95,0.987833544029,40.0,40.0,0.95,0.987833544029,40.0,40.0,custom_states,False,False,False,,
complete4,complete,4,monomial_full,sup012_P120_ph211,True,True,0.0,1.0,156.0,174.4,15.37,424.0,439.4,110.0,112.2,128.0,"{'sx': 128, 'rz': 126, 'cz': 66, 'rx': 60, 'rzz': 44, 'barrier': 8}",5,5,0,ok,,43.0,44.0,ok,,0.95,0.951067557479,40.0,40.0,0.95,0.951067557479,40.0,40.0,0.95,0.951067557479,40.0,40.0,custom_states,False,False,False,,
complete4,complete,4,monomial_full,sup012_P120_ph212,True,True,0.0,1.0,156.0,174.6,15.56,424.0,439.0,110.0,112.2,128.0,"{'sx': 128, 'rz': 126, 'cz': 66, 'rx': 60, 'rzz': 44, 'barrier': 8}",5,5,0,ok,,43.0,44.0,ok,,0.98,0.987833544029,39.0,40.0,0.98,0.987833544029,39.0,40.0,0.98,0.987833544029,39.0,40.0,custom_states,False,False,False,,
complete4,complete,4,monomial_full,sup012_P120_ph220,True,True,0.0,1.0,155.0,174.2,15.54,424.0,439.2,110.0,112.2,128.0,"{'sx': 128, 'rz': 123, 'cz': 66, 'rx': 63, 'rzz': 44, 'barrier': 8}",5,5,0,ok,,43.0,44.0,ok,,0.96,0.951114660188,40.0,40.0,0.96,0.951114660188,40.0,40.0,0.96,0.951114660188,40.0,40.0,custom_states,False,False,False,,
complete4,complete,4,monomial_full,sup012_P120_ph221,True,True,0.0,1.0,156.0,174.6,15.56,426.0,439.4,110.0,112.2,128.0,"{'sx': 128, 'rz': 126, 'cz': 66, 'rx': 62, 'rzz': 44, 'barrier': 8}",5,5,0,ok,,43.0,44.0,ok,,0.98,0.919865242407,40.0,40.0,0.98,0.919865242407,40.0,40.0,,,,,custom_states,False,False,False,,
complete4,complete,4,monomial_full,sup012_P120_ph222,True,True,0.0,1.0,156.0,174.4,15.29,423.0,437.8,110.0,112.2,128.0,"{'sx': 128, 'rz': 126, 'cz': 66, 'rx': 59, 'rzz': 44, 'barrier': 8}",5,5,0,ok,,43.0,44.0,ok,,0.96,0.987833544029,40.0,40.0,0.96,0.987833544029,40.0,40.0,0.96,0.987833544029,40.0,40.0,custom_states,False,False,False,,
complete4,complete,4,monomial_full,sup012_P201_ph000,True,True,0.0,1.0,157.0,175.0,15.99,426.0,440.4,110.0,112.2,128.0,"{'sx': 128, 'rz': 124, 'cz': 66, 'rx': 64, 'rzz': 44, 'barrier': 8}",5,5,0,ok,,43.0,44.0,ok,,0.96,0.951081472132,40.0,40.0,0.96,0.951081472132,40.0,40.0,0.96,0.951081472132,40.0,40.0,custom_states,False,False,False,,
complete4,complete,4,monomial_full,sup012_P201_ph001,True,True,0.0,1.0,157.0,176.2,17.1,428.0,444.6,110.0,112.2,128.0,"{'sx': 128, 'rz': 126, 'cz': 66, 'rx': 64, 'rzz': 44, 'barrier': 8}",5,5,0,ok,,43.0,44.0,ok,,0.95,0.951084386698,40.0,40.0,0.95,0.951084386698,40.0,40.0,0.95,0.951084386698,40.0,40.0,custom_states,False,False,False,,
complete4,complete,4,monomial_full,sup012_P201_ph002,True,True,0.0,1.0,157.0,176.0,16.92,428.0,443.8,110.0,112.2,128.0,"{'sx': 128, 'rz': 126, 'cz': 66, 'rx': 64, 'rzz': 44, 'barrier': 8}",5,5,0,ok,,43.0,44.0,ok,,0.96,0.987833544029,40.0,40.0,0.96,0.987833544029,40.0,40.0,0.96,0.987833544029,40.0,40.0,custom_states,False,False,False,,
complete4,complete,4,monomial_full,sup012_P201_ph010,True,True,0.0,1.0,157.0,176.2,17.1,428.0,444.6,110.0,112.2,128.0,"{'sx': 128, 'rz': 126, 'cz': 66, 'rx': 64, 'rzz': 44, 'barrier': 8}",5,5,0,ok,,43.0,44.0,ok,,0.95,0.921577429336,39.0,40.0,0.95,0.921577429336,39.0,40.0,0.99,0.987833544029,40.0,40.0,custom_states,False,False,False,,
complete4,complete,4,monomial_full,sup012_P201_ph011,True,True,0.0,1.0,157.0,174.4,14.92,428.0,440.6,110.0,112.2,128.0,"{'sx': 128, 'rz': 126, 'cz': 66, 'rx': 64, 'rzz': 44, 'barrier': 8}",5,5,0,ok,,43.0,44.0,ok,,0.95,0.987833544029,40.0,40.0,0.95,0.987833544029,40.0,40.0,0.95,0.987833544029,40.0,40.0,custom_states,False,False,False,,
complete4,complete,4,monomial_full,sup012_P201_ph012,True,True,0.0,1.0,156.0,175.4,16.99,424.0,441.4,110.0,112.2,128.0,"{'sx': 128, 'rz': 122, 'cz': 66, 'rx': 64, 'rzz': 44, 'barrier': 8}",5,5,0,ok,,43.0,44.0,ok,,0.95,0.987833544029,40.0,40.0,0.95,0.987833544029,40.0,40.0,0.95,0.987833544029,40.0,40.0,custom_states,False,False,False,,
complete4,complete,4,monomial_full,sup012_P201_ph020,True,True,0.0,1.0,156.0,174.6,16.66,422.0,438.8,110.0,112.2,128.0,"{'sx': 128, 'rz': 120, 'cz': 66, 'rx': 64, 'rzz': 44, 'barrier': 8}",5,5,0,ok,,41.0,44.0,ok,,0.95,0.987833544029,38.0,40.0,0.95,0.987833544029,38.0,40.0,0.95,0.987833544029,38.0,40.0,custom_states,False,False,False,,
complete4,complete,4,monomial_full,sup012_P201_ph021,True,True,0.0,1.0,157.0,176.2,17.1,427.0,443.8,110.0,112.2,128.0,"{'sx': 128, 'rz': 125, 'cz': 66, 'rx': 64, 'rzz': 44, 'barrier': 8}",5,5,0,ok,,43.0,44.0,ok,,0.96,0.951060335876,40.0,40.0,0.96,0.951060335876,40.0,40.0,0.96,0.951060335876,40.0,40.0,custom_states,False,False,False,,
complete4,complete,4,monomial_full,sup012_P201_ph022,True,True,0.0,1.0,157.0,174.8,15.3,424.0,439.2,110.0,112.2,128.0,"{'sx': 128, 'rz': 122, 'cz': 66, 'rx': 64, 'rzz': 44, 'barrier': 8}",5,5,0,ok,,43.0,44.0,ok,,0.95,0.987833544029,40.0,40.0,0.95,0.987833544029,40.0,40.0,0.95,0.987833544029,40.0,40.0,custom_states,False,False,False,,
complete4,complete,4,monomial_full,sup012_P201_ph100,True,True,0.0,1.0,156.0,175.2,16.81,424.0,440.6,110.0,112.2,128.0,"{'sx': 128, 'rz': 122, 'cz': 66, 'rx': 64, 'rzz': 44, 'barrier': 8}",5,5,0,ok,,43.0,44.0,ok,,0.95,0.987833544029,40.0,40.0,0.95,0.987833544029,40.0,40.0,0.95,0.987833544029,40.0,40.0,custom_states,False,False,False,,
complete4,complete,4,monomial_full,sup012_P201_ph101,True,True,0.0,1.0,155.0,173.8,17.36,419.0,437.2,110.0,112.2,128.0,"{'sx': 128, 'rz': 117, 'cz': 66, 'rx': 64, 'rzz': 44, 'barrier': 8}",5,5,0,ok,,42.0,44.0,ok,,0.95,0.951113974616,39.0,40.0,0.95,0.951113974616,39.0,40.0,0.95,0.951113974616,39.0,40.0,custom_states,False,False,False,,
complete4,complete,4,monomial_full,sup012_P201_ph102,True,True,0.0,1.0,156.0,174.0,16.0,423.0,438.2,110.0,112.2,128.0,"{'sx': 128, 'rz': 121, 'cz': 66, 'rx': 64, 'rzz': 44, 'barrier': 8}",5,5,0,ok,,43.0,44.0,ok,,0.95,0.987833544029,40.0,40.0,0.95,0.987833544029,40.0,40.0,0.95,0.987833544029,40.0,40.0,custom_states,False,False,False,,
complete4,complete,4,monomial_full,sup012_P201_ph110,True,True,0.0,1.0,156.0,173.8,15.82,420.0,436.8,110.0,112.2,128.0,"{'sx': 128, 'rz': 118, 'cz': 66, 'rx': 64, 'rzz': 44, 'barrier': 8}",5,5,0,ok,,43.0,44.0,ok,,0.95,0.951113974616,40.0,40.0,0.95,0.951113974616,40.0,40.0,0.95,0.951113974616,40.0,40.0,custom_states,False,False,False,,
complete4,complete,4,monomial_full,sup012_P201_ph111,True,True,0.0,1.0,157.0,176.2,17.1,428.0,444.6,110.0,112.2,128.0,"{'sx': 128, 'rz': 126, 'cz': 66, 'rx': 64, 'rzz': 44, 'barrier': 8}",5,5,0,ok,,43.0,44.0,ok,,0.96,0.951161423781,40.0,40.0,0.96,0.951161423781,40.0,40.0,0.96,0.951161423781,40.0,40.0,custom_states,False,False,False,,
complete4,complete,4,monomial_full,sup012_P201_ph112,True,True,0.0,1.0,157.0,175.6,16.66,426.0,442.6,110.0,112.2,128.0,"{'sx': 128, 'rz': 124, 'cz': 66, 'rx': 64, 'rzz': 44, 'barrier': 8}",5,5,0,ok,,42.0,44.0,ok,,0.95,0.951122241033,39.0,40.0,0.95,0.951122241033,39.0,40.0,0.95,0.951122241033,39.0,40.0,custom_states,False,False,False,,
complete4,complete,4,monomial_full,sup012_P201_ph120,True,True,0.0,1.0,157.0,176.2,17.1,428.0,444.6,110.0,112.2,128.0,"{'sx': 128, 'rz': 126, 'cz': 66, 'rx': 64, 'rzz': 44, 'barrier': 8}",5,5,0,ok,,43.0,44.0,ok,,0.96,0.951084386698,40.0,40.0,0.96,0.951084386698,40.0,40.0,0.96,0.951084386698,40.0,40.0,custom_states,False,False,False,,
complete4,complete,4,monomial_full,sup012_P201_ph121,True,True,0.0,1.0,157.0,175.2,15.87,428.0,441.6,110.0,112.2,128.0,"{'sx': 128, 'rz': 126, 'cz': 66, 'rx': 64, 'rzz': 44, 'barrier': 8}",5,5,0,ok,,43.0,44.0,ok,,0.96,0.987833544029,40.0,40.0,0.96,0.987833544029,40.0,40.0,0.96,0.987833544029,40.0,40.0,custom_states,False,False,False,,
complete4,complete,4,monomial_full,sup012_P201_ph122,True,True,0.0,1.0,157.0,176.2,17.1,427.0,443.8,110.0,112.2,128.0,"{'sx': 128, 'rz': 125, 'cz': 66, 'rx': 64, 'rzz': 44, 'barrier': 8}",5,5,0,ok,,43.0,44.0,ok,,0.99,0.907915122423,40.0,40.0,0.99,0.907915122423,40.0,40.0,,,,,custom_states,False,False,False,,
complete4,complete,4,monomial_full,sup012_P201_ph200,True,True,0.0,1.0,157.0,176.2,17.1,428.0,444.6,110.0,112.2,128.0,"{'sx': 128, 'rz': 126, 'cz': 66, 'rx': 64, 'rzz': 44, 'barrier': 8}",5,5,0,ok,,43.0,44.0,ok,,0.95,0.987833544029,38.0,40.0,0.95,0.987833544029,38.0,40.0,0.95,0.987833544029,38.0,40.0,custom_states,False,False,False,,
complete4,complete,4,monomial_full,sup012_P201_ph201,True,True,0.0,1.0,157.0,175.4,16.06,422.0,439.4,110.0,112.2,128.0,"{'sx': 128, 'rz': 120, 'cz': 66, 'rx': 64, 'rzz': 44, 'barrier': 8}",5,5,0,ok,,43.0,44.0,ok,,0.95,0.987833544029,40.0,40.0,0.95,0.987833544029,40.0,40.0,0.95,0.987833544029,40.0,40.0,custom_states,False,False,False,,
complete4,complete,4,monomial_full,sup012_P201_ph202,True,True,0.0,1.0,155.0,173.8,17.05,419.0,436.8,110.0,112.2,128.0,"{'sx': 128, 'rz': 117, 'cz': 66, 'rx': 64, 'rzz': 44, 'barrier': 8}",5,5,0,ok,,42.0,44.0,ok,,0.95,0.987833544029,39.0,40.0,0.95,0.987833544029,39.0,40.0,0.95,0.987833544029,39.0,40.0,custom_states,False,False,False,,
complete4,complete,4,monomial_full,sup012_P201_ph210,True,True,0.0,1.0,157.0,176.2,17.1,426.0,444.0,110.0,112.2,128.0,"{'sx': 128, 'rz': 124, 'cz': 66, 'rx': 64, 'rzz': 44, 'barrier': 8}",5,5,0,ok,,43.0,44.0,ok,,0.96,0.951122241033,40.0,40.0,0.96,0.951122241033,40.0,40.0,0.96,0.951122241033,40.0,40.0,custom_states,False,False,False,,
complete4,complete,4,monomial_full,sup012_P201_ph211,True,True,0.0,1.0,157.0,176.0,17.23,427.0,443.4,110.0,112.2,128.0,"{'sx': 128, 'rz': 125, 'cz': 66, 'rx': 64, 'rzz': 44, 'barrier': 8}",5,5,0,ok,,43.0,44.0,ok,,0.96,0.922153071187,39.0,40.0,0.96,0.922153071187,39.0,40.0,,,,,custom_states,False,False,False,,
complete4,complete,4,monomial_full,sup012_P201_ph212,True,True,0.0,1.0,157.0,174.6,15.11,427.0,440.2,110.0,112.2,128.0,"{'sx': 128, 'rz': 125, 'cz': 66, 'rx': 64, 'rzz': 44, 'barrier': 8}",5,5,0,ok,,43.0,44.0,ok,,0.95,0.951084386698,40.0,40.0,0.95,0.951084386698,40.0,40.0,0.95,0.951084386698,40.0,40.0,custom_states,False,False,False,,
complete4,complete,4,monomial_full,sup012_P201_ph220,True,True,0.0,1.0,156.0,173.8,15.82,422.0,437.2,110.0,112.2,128.0,"{'sx': 128, 'rz': 120, 'cz': 66, 'rx': 64, 'rzz': 44, 'barrier': 8}",5,5,0,ok,,43.0,44.0,ok,,0.95,0.987833544029,40.0,40.0,0.95,0.987833544029,40.0,40.0,0.95,0.987833544029,40.0,40.0,custom_states,False,False,False,,
complete4,complete,4,monomial_full,sup012_P201_ph221,True,True,0.0,1.0,157.0,176.2,17.1,428.0,444.6,110.0,112.2,128.0,"{'sx': 128, 'rz': 126, 'cz': 66, 'rx': 64, 'rzz': 44, 'barrier': 8}",5,5,0,ok,,43.0,44.0,ok,,0.96,0.929164895872,39.0,40.0,0.96,0.929164895872,39.0,40.0,,,,,custom_states,False,False,False,,
complete4,complete,4,monomial_full,sup012_P201_ph222,True,True,0.0,1.0,157.0,176.2,17.1,428.0,444.4,110.0,112.2,128.0,"{'sx': 128, 'rz': 126, 'cz': 66, 'rx': 64, 'rzz': 44, 'barrier': 8}",5,5,0,ok,,43.0,44.0,ok,,0.95,0.987833544029,40.0,40.0,0.95,0.987833544029,40.0,40.0,0.95,0.987833544029,40.0,40.0,custom_states,False,False,False,,
complete4,complete,4,monomial_full,sup012_P210_ph000,True,True,0.0,1.0,151.0,164.0,13.27,392.0,410.0,106.0,108.2,128.0,"{'sx': 128, 'rz': 102, 'cz': 70, 'rx': 56, 'rzz': 36, 'barrier': 8}",5,5,0,ok,,38.0,40.0,ok,,0.96,0.987833544029,35.0,36.0,0.96,0.987833544029,35.0,36.0,0.96,0.987833544029,35.0,36.0,custom_states,False,False,False,,
complete4,complete,4,monomial_full,sup012_P210_ph001,True,True,0.0,1.0,150.0,163.2,12.64,388.0,406.2,106.0,108.2,128.0,"{'sx': 128, 'rz': 106, 'cz': 70, 'rx': 48, 'rzz': 36, 'barrier': 8}",5,5,0,ok,,38.0,40.0,ok,,0.96,0.987833544029,35.0,36.0,0.96,0.987833544029,35.0,36.0,0.96,0.987833544029,35.0,36.0,custom_states,False,False,False,,
complete4,complete,4,monomial_full,sup012_P210_ph002,True,True,0.0,1.0,150.0,163.0,12.38,388.0,405.2,106.0,108.2,128.0,"{'sx': 128, 'rz': 106, 'cz': 70, 'rx': 48, 'rzz': 36, 'barrier': 8}",5,5,0,ok,,38.0,40.0,ok,,0.96,0.987833544029,35.0,36.0,0.96,0.987833544029,35.0,36.0,0.96,0.987833544029,35.0,36.0,custom_states,False,False,False,,
complete4,complete,4,monomial_full,sup012_P210_ph010,True,True,0.0,1.0,150.0,163.2,12.64,388.0,406.2,106.0,108.2,128.0,"{'sx': 128, 'rz': 106, 'cz': 70, 'rx': 48, 'rzz': 36, 'barrier': 8}",5,5,0,ok,,38.0,40.0,ok,,0.95,0.987833544029,35.0,36.0,0.95,0.987833544029,35.0,36.0,0.95,0.987833544029,35.0,36.0,custom_states,False,False,False,,
complete4,complete,4,monomial_full,sup012_P210_ph011,True,True,0.0,1.0,150.0,164.0,13.27,388.0,407.0,106.0,108.2,128.0,"{'sx': 128, 'rz': 106, 'cz': 70, 'rx': 48, 'rzz': 36, 'barrier': 8}",5,5,0,ok,,38.0,40.0,ok,,0.95,0.987833544029,35.0,36.0,0.95,0.987833544029,35.0,36.0,0.95,0.987833544029,35.0,36.0,custom_states,False,False,False,,
complete4,complete,4,monomial_full,sup012_P210_ph012,True,True,0.0,1.0,150.0,163.2,12.64,388.0,406.2,106.0,108.2,128.0,"{'sx': 128, 'rz': 106, 'cz': 70, 'rx': 48, 'rzz': 36, 'barrier': 8}",5,5,0,ok,,38.0,40.0,ok,,0.96,0.987833544029,35.0,36.0,0.96,0.987833544029,35.0,36.0,0.96,0.987833544029,35.0,36.0,custom_states,False,False,False,,
complete4,complete,4,monomial_full,sup012_P210_ph020,True,True,0.0,1.0,151.0,165.2,13.95,396.0,414.0,106.0,108.2,128.0,"{'sx': 128, 'rz': 106, 'cz': 70, 'rx': 56, 'rzz': 36, 'barrier': 8}",5,5,0,ok,,38.0,40.0,ok,,0.96,0.987833544029,35.0,36.0,0.96,0.987833544029,35.0,36.0,0.96,0.987833544029,35.0,36.0,custom_states,False,False,False,,
complete4,complete,4,monomial_full,sup012_P210_ph021,True,True,0.0,1.0,151.0,165.2,13.95,396.0,414.0,106.0,108.2,128.0,"{'sx': 128, 'rz': 106, 'cz': 70, 'rx': 56, 'rzz': 36, 'barrier': 8}",5,5,0,ok,,38.0,40.0,ok,,0.96,0.987833544029,35.0,36.0,0.96,0.987833544029,35.0,36.0,0.96,0.987833544029,35.0,36.0,custom_states,False,False,False,,
complete4,complete,4,monomial_full,sup012_P210_ph022,True,True,0.0,1.0,150.0,162.8,12.58,384.0,403.2,106.0,108.2,128.0,"{'sx': 128, 'rz': 102, 'cz': 70, 'rx': 48, 'rzz': 36, 'barrier': 8}",5,5,0,ok,,38.0,40.0,ok,,0.97,0.987833544029,35.0,36.0,0.97,0.987833544029,35.0,36.0,0.97,0.987833544029,35.0,36.0,custom_states,False,False,False,,
complete4,complete,4,monomial_full,sup012_P210_ph100,True,True,0.0,1.0,150.0,163.2,12.64,388.0,406.2,106.0,108.2,128.0,"{'sx': 128, 'rz': 106, 'cz': 70, 'rx': 48, 'rzz': 36, 'barrier': 8}",5,5,0,ok,,38.0,40.0,ok,,0.96,0.987833544029,35.0,36.0,0.96,0.987833544029,35.0,36.0,0.96,0.987833544029,35.0,36.0,custom_states,False,False,False,,
complete4,complete,4,monomial_full,sup012_P210_ph101,True,True,0.0,1.0,150.0,163.0,12.38,388.0,405.2,106.0,108.2,128.0,"{'sx': 128, 'rz': 106, 'cz': 70, 'rx': 48, 'rzz': 36, 'barrier': 8}",5,5,0,ok,,38.0,40.0,ok,,0.95,0.987833544029,35.0,36.0,0.95,0.987833544029,35.0,36.0,0.95,0.987833544029,35.0,36.0,custom_states,False,False,False,,
complete4,complete,4,monomial_full,sup012_P210_ph102,True,True,0.0,1.0,151.0,165.2,13.95,396.0,414.0,106.0,108.2,128.0,"{'sx': 128, 'rz': 106, 'cz': 70, 'rx': 56, 'rzz': 36, 'barrier': 8}",5,5,0,ok,,38.0,40.0,ok,,0.96,0.987833544029,35.0,36.0,0.96,0.987833544029,35.0,36.0,0.96,0.987833544029,35.0,36.0,custom_states,False,False,False,,
complete4,complete,4,monomial_full,sup012_P210_ph110,True,True,0.0,1.0,151.0,164.0,13.27,392.0,410.0,106.0,108.2,128.0,"{'sx': 128, 'rz': 102, 'cz': 70, 'rx': 56, 'rzz': 36, 'barrier': 8}",5,5,0,ok,,38.0,40.0,ok,,0.96,0.987833544029,35.0,36.0,0.96,0.987833544029,35.0,36.0,0.96,0.987833544029,35.0,36.0,custom_states,False,False,False,,
complete4,complete,4,monomial_full,sup012_P210_ph111,True,True,0.0,1.0,150.0,163.2,12.64,388.0,406.2,106.0,108.2,128.0,"{'sx': 128, 'rz': 106, 'cz': 70, 'rx': 48, 'rzz': 36, 'barrier': 8}",5,5,0,ok,,38.0,40.0,ok,,0.95,0.8653185532,35.0,36.0,0.98,0.987833544029,35.0,36.0,0.98,0.987833544029,35.0,36.0,custom_states,False,False,False,,
complete4,complete,4,monomial_full,sup012_P210_ph112,True,True,0.0,1.0,151.0,165.2,13.95,396.0,414.0,106.0,108.2,128.0,"{'sx': 128, 'rz': 106, 'cz': 70, 'rx': 56, 'rzz': 36, 'barrier': 8}",5,5,0,ok,,38.0,40.0,ok,,0.95,0.987833544029,35.0,36.0,0.95,0.987833544029,35.0,36.0,0.95,0.987833544029,35.0,36.0,custom_states,False,False,False,,
complete4,complete,4,monomial_full,sup012_P210_ph120,True,True,0.0,1.0,150.0,163.2,12.64,388.0,406.2,106.0,108.2,128.0,"{'sx': 128, 'rz': 106, 'cz': 70, 'rx': 48, 'rzz': 36, 'barrier': 8}",5,5,0,ok,,38.0,40.0,ok,,0.95,0.987833544029,35.0,36.0,0.95,0.987833544029,35.0,36.0,0.95,0.987833544029,35.0,36.0,custom_states,False,False,False,,
complete4,complete,4,monomial_full,sup012_P210_ph121,True,True,0.0,1.0,150.0,162.8,12.58,384.0,403.2,106.0,108.2,128.0,"{'sx': 128, 'rz': 102, 'cz': 70, 'rx': 48, 'rzz': 36, 'barrier': 8}",5,5,0,ok,,38.0,40.0,ok,,0.96,0.987833544029,35.0,36.0,0.96,0.987833544029,35.0,36.0,0.96,0.987833544029,35.0,36.0,custom_states,False,False,False,,
complete4,complete,4,monomial_full,sup012_P210_ph122,True,True,0.0,1.0,151.0,165.2,13.95,396.0,414.0,106.0,108.2,128.0,"{'sx': 128, 'rz': 106, 'cz': 70, 'rx': 56, 'rzz': 36, 'barrier': 8}",5,5,0,ok,,38.0,40.0,ok,,0.96,0.987833544029,35.0,36.0,0.96,0.987833544029,35.0,36.0,0.96,0.987833544029,35.0,36.0,custom_states,False,False,False,,
complete4,complete,4,monomial_full,sup012_P210_ph200,True,True,0.0,1.0,150.0,163.0,12.38,388.0,405.2,106.0,108.2,128.0,"{'sx': 128, 'rz': 106, 'cz': 70, 'rx': 48, 'rzz': 36, 'barrier': 8}",5,5,0,ok,,38.0,40.0,ok,,0.96,0.987833544029,35.0,36.0,0.96,0.987833544029,35.0,36.0,0.96,0.987833544029,35.0,36.0,custom_states,False,False,False,,
complete4,complete,4,monomial_full,sup012_P210_ph201,True,True,0.0,1.0,151.0,165.2,13.95,396.0,414.0,106.0,108.2,128.0,"{'sx': 128, 'rz': 106, 'cz': 70, 'rx': 56, 'rzz': 36, 'barrier': 8}",5,5,0,ok,,38.0,40.0,ok,,0.96,0.987833544029,35.0,36.0,0.96,0.987833544029,35.0,36.0,0.96,0.987833544029,35.0,36.0,custom_states,False,False,False,,
complete4,complete,4,monomial_full,sup012_P210_ph202,True,True,0.0,1.0,151.0,165.2,13.95,396.0,414.0,106.0,108.2,128.0,"{'sx': 128, 'rz': 106, 'cz': 70, 'rx': 56, 'rzz': 36, 'barrier': 8}",5,5,0,ok,,38.0,40.0,ok,,0.96,0.987833544029,35.0,36.0,0.96,0.987833544029,35.0,36.0,0.96,0.987833544029,35.0,36.0,custom_states,False,False,False,,
complete4,complete,4,monomial_full,sup012_P210_ph210,True,True,0.0,1.0,151.0,165.2,13.95,396.0,414.0,106.0,108.2,128.0,"{'sx': 128, 'rz': 106, 'cz': 70, 'rx': 56, 'rzz': 36, 'barrier': 8}",5,5,0,ok,,38.0,40.0,ok,,0.95,0.987833544029,35.0,36.0,0.95,0.987833544029,35.0,36.0,0.95,0.987833544029,35.0,36.0,custom_states,False,False,False,,
complete4,complete,4,monomial_full,sup012_P210_ph211,True,True,0.0,1.0,151.0,165.2,13.95,396.0,414.0,106.0,108.2,128.0,"{'sx': 128, 'rz': 106, 'cz': 70, 'rx': 56, 'rzz': 36, 'barrier': 8}",5,5,0,ok,,38.0,40.0,ok,,0.96,0.987833544029,35.0,36.0,0.96,0.987833544029,35.0,36.0,0.96,0.987833544029,35.0,36.0,custom_states,False,False,False,,
complete4,complete,4,monomial_full,sup012_P210_ph212,True,True,0.0,1.0,151.0,164.0,13.27,392.0,410.0,106.0,108.2,128.0,"{'sx': 128, 'rz': 102, 'cz': 70, 'rx': 56, 'rzz': 36, 'barrier': 8}",5,5,0,ok,,38.0,40.0,ok,,0.96,0.987833544029,35.0,36.0,0.96,0.987833544029,35.0,36.0,0.96,0.987833544029,35.0,36.0,custom_states,False,False,False,,
complete4,complete,4,monomial_full,sup012_P210_ph220,True,True,0.0,1.0,150.0,162.8,12.58,384.0,403.2,106.0,108.2,128.0,"{'sx': 128, 'rz': 102, 'cz': 70, 'rx': 48, 'rzz': 36, 'barrier': 8}",5,5,0,ok,,38.0,40.0,ok,,0.96,0.987833544029,35.0,36.0,0.96,0.987833544029,35.0,36.0,0.96,0.987833544029,35.0,36.0,custom_states,False,False,False,,
complete4,complete,4,monomial_full,sup012_P210_ph221,True,True,0.0,1.0,150.0,163.2,12.64,388.0,406.2,106.0,108.2,128.0,"{'sx': 128, 'rz': 106, 'cz': 70, 'rx': 48, 'rzz': 36, 'barrier': 8}",5,5,0,ok,,38.0,40.0,ok,,0.96,0.987833544029,35.0,36.0,0.96,0.987833544029,35.0,36.0,0.96,0.987833544029,35.0,36.0,custom_states,False,False,False,,
complete4,complete,4,monomial_full,sup012_P210_ph222,True,True,0.0,1.0,151.0,165.2,13.95,396.0,414.0,106.0,108.2,128.0,"{'sx': 128, 'rz': 106, 'cz': 70, 'rx': 56, 'rzz': 36, 'barrier': 8}",5,5,0,ok,,38.0,40.0,ok,,0.96,0.987833544029,35.0,36.0,0.96,0.987833544029,35.0,36.0,0.96,0.987833544029,35.0,36.0,custom_states,False,False,False,,
complete4,complete,4,monomial_full,sup013_P012_ph000,True,False,0.0,0.666667,151.0,163.4,13.37,396.0,411.6,106.0,108.2,128.0,"{'sx': 128, 'rz': 106, 'cz': 70, 'rx': 56, 'rzz': 36, 'barrier': 8}",5,5,0,ok,,38.0,40.0,ok,,0.95,0.987833544029,35.0,36.0,0.95,0.987833544029,35.0,36.0,0.95,0.987833544029,35.0,36.0,custom_states,False,False,False,,
complete4,complete,4,monomial_full,sup013_P012_ph001,True,False,0.0,0.666667,151.0,164.8,14.72,391.0,405.6,106.0,108.2,128.0,"{'sx': 118, 'rz': 110, 'cz': 67, 'rx': 57, 'rzz': 39, 'barrier': 8}",5,5,0,ok,,37.0,40.0,ok,,0.96,0.987833544029,34.0,36.0,0.96,0.987833544029,34.0,36.0,0.96,0.987833544029,34.0,36.0,custom_states,False,False,False,,
complete4,complete,4,monomial_full,sup013_P012_ph002,True,False,0.0,0.666667,152.0,166.6,14.87,400.0,417.0,106.0,108.2,128.0,"{'sx': 128, 'rz': 110, 'cz': 70, 'rx': 56, 'rzz': 36, 'barrier': 8}",5,5,0,ok,,38.0,40.0,ok,,0.95,0.987833544029,35.0,36.0,0.95,0.987833544029,35.0,36.0,0.95,0.987833544029,35.0,36.0,custom_states,False,False,False,,
complete4,complete,4,monomial_full,sup013_P012_ph010,True,False,0.0,0.666667,151.0,164.8,14.72,391.0,405.6,106.0,108.2,128.0,"{'sx': 118, 'rz': 110, 'cz': 67, 'rx': 57, 'rzz': 39, 'barrier': 8}",5,5,0,ok,,37.0,40.0,ok,,0.96,0.987833544029,34.0,36.0,0.96,0.987833544029,34.0,36.0,0.96,0.987833544029,34.0,36.0,custom_states,False,False,False,,
complete4,complete,4,monomial_full,sup013_P012_ph011,True,False,0.0,0.666667,152.0,164.8,13.42,396.0,411.8,106.0,108.2,128.0,"{'sx': 128, 'rz': 106, 'cz': 70, 'rx': 56, 'rzz': 36, 'barrier': 8}",5,5,0,ok,,38.0,40.0,ok,,0.96,0.881233609259,35.0,36.0,0.98,0.987833544029,35.0,36.0,0.98,0.987833544029,35.0,36.0,custom_states,False,False,False,,
complete4,complete,4,monomial_full,sup013_P012_ph012,True,False,0.0,0.666667,151.0,165.8,14.72,396.0,414.0,106.0,108.2,128.0,"{'sx': 128, 'rz': 106, 'cz': 70, 'rx': 56, 'rzz': 36, 'barrier': 8}",5,5,0,ok,,38.0,40.0,ok,,0.95,0.881233609259,35.0,36.0,0.98,0.987833544029,35.0,36.0,0.98,0.987833544029,35.0,36.0,custom_states,False,False,False,,
complete4,complete,4,monomial_full,sup013_P012_ph020,True,False,0.0,0.666667,152.0,165.4,15.12,388.0,406.6,106.0,108.2,128.0,"{'sx': 128, 'rz': 106, 'cz': 70, 'rx': 48, 'rzz': 36, 'barrier': 8}",5,5,0,ok,,38.0,40.0,ok,,0.96,0.862530536807,35.0,36.0,0.98,0.987833544029,35.0,36.0,0.98,0.987833544029,35.0,36.0,custom_states,False,False,False,,
complete4,complete,4,monomial_full,sup013_P012_ph021,True,False,0.0,0.666667,151.0,165.8,14.72,396.0,414.0,106.0,108.2,128.0,"{'sx': 128, 'rz': 106, 'cz': 70, 'rx': 56, 'rzz': 36, 'barrier': 8}",5,5,0,ok,,38.0,40.0,ok,,0.96,0.987833544029,35.0,36.0,0.96,0.987833544029,35.0,36.0,0.96,0.987833544029,35.0,36.0,custom_states,False,False,False,,
complete4,complete,4,monomial_full,sup013_P012_ph022,True,False,0.0,0.666667,150.0,163.0,13.3,389.0,403.2,106.0,108.2,128.0,"{'sx': 118, 'rz': 109, 'cz': 67, 'rx': 56, 'rzz': 39, 'barrier': 8}",5,5,0,ok,,37.0,40.0,ok,,0.95,0.862530536807,34.0,36.0,0.98,0.987833544029,34.0,36.0,0.98,0.987833544029,34.0,36.0,custom_states,False,False,False,,
complete4,complete,4,monomial_full,sup013_P012_ph100,True,False,0.0,0.666667,152.0,166.6,14.87,400.0,417.0,106.0,108.2,128.0,"{'sx': 128, 'rz': 110, 'cz': 70, 'rx': 56, 'rzz': 36, 'barrier': 8}",5,5,0,ok,,38.0,40.0,ok,,0.96,0.881233609259,35.0,36.0,0.98,0.987833544029,35.0,36.0,0.98,0.987833544029,35.0,36.0,custom_states,False,False,False,,
complete4,complete,4,monomial_full,sup013_P012_ph101,True,False,0.0,0.666667,151.0,165.8,14.72,396.0,414.0,106.0,108.2,128.0,"{'sx': 128, 'rz': 106, 'cz': 70, 'rx': 56, 'rzz': 36, 'barrier': 8}",5,5,0,ok,,38.0,40.0,ok,,0.96,0.881233609259,35.0,36.0,0.98,0.987833544029,35.0,36.0,0.98,0.987833544029,35.0,36.0,custom_states,False,False,False,,
complete4,complete,4,monomial_full,sup013_P012_ph102,True,False,0.0,0.666667,152.0,164.4,12.86,396.0,410.8,106.0,108.2,128.0,"{'sx': 128, 'rz': 106, 'cz': 70, 'rx': 56, 'rzz': 36, 'barrier': 8}",5,5,0,ok,,38.0,40.0,ok,,0.95,0.881233609259,35.0,36.0,0.98,0.987833544029,35.0,36.0,0.98,0.987833544029,35.0,36.0,custom_states,False,False,False,,
complete4,complete,4,monomial_full,sup013_P012_ph110,True,False,0.0,0.666667,149.0,160.6,12.86,385.0,397.2,106.0,108.2,128.0,"{'sx': 118, 'rz': 105, 'cz': 67, 'rx': 56, 'rzz': 39, 'barrier': 8}",5,5,0,ok,,37.0,40.0,ok,,0.95,0.862530536807,34.0,36.0,0.98,0.987833544029,34.0,36.0,0.98,0.987833544029,34.0,36.0,custom_states,False,False,False,,
complete4,complete,4,monomial_full,sup013_P012_ph111,True,False,0.0,0.666667,152.0,166.2,14.3,400.0,416.0,106.0,108.2,128.0,"{'sx': 128, 'rz': 110, 'cz': 70, 'rx': 56, 'rzz': 36, 'barrier': 8}",5,5,0,ok,,38.0,40.0,ok,,0.95,0.987833544029,35.0,36.0,0.95,0.987833544029,35.0,36.0,0.95,0.987833544029,35.0,36.0,custom_states,False,False,False,,
complete4,complete,4,monomial_full,sup013_P012_ph112,True,False,0.0,0.666667,152.0,166.6,14.87,400.0,417.0,106.0,108.2,128.0,"{'sx': 128, 'rz': 110, 'cz': 70, 'rx': 56, 'rzz': 36, 'barrier': 8}",5,5,0,ok,,38.0,40.0,ok,,0.96,0.987833544029,35.0,36.0,0.96,0.987833544029,35.0,36.0,0.96,0.987833544029,35.0,36.0,custom_states,False,False,False,,
complete4,complete,4,monomial_full,sup013_P012_ph120,True,False,0.0,0.666667,151.0,164.8,14.72,391.0,405.6,106.0,108.2,128.0,"{'sx': 118, 'rz': 110, 'cz': 67, 'rx': 57, 'rzz': 39, 'barrier': 8}",5,5,0,ok,,37.0,40.0,ok,,0.96,0.987833544029,34.0,36.0,0.96,0.987833544029,34.0,36.0,0.96,0.987833544029,34.0,36.0,custom_states,False,False,False,,
complete4,complete,4,monomial_full,sup013_P012_ph121,True,False,0.0,0.666667,151.0,164.2,14.47,392.0,405.4,106.0,108.2,128.0,"{'sx': 118, 'rz': 111, 'cz': 67, 'rx': 57, 'rzz': 39, 'barrier': 8}",5,5,0,ok,,38.0,40.0,ok,,0.96,0.987833544029,35.0,36.0,0.96,0.987833544029,35.0,36.0,0.96,0.987833544029,35.0,36.0,custom_states,False,False,False,,
complete4,complete,4,monomial_full,sup013_P012_ph122,True,False,0.0,0.666667,151.0,164.6,14.95,384.0,403.6,106.0,108.2,128.0,"{'sx': 128, 'rz': 102, 'cz': 70, 'rx': 48, 'rzz': 36, 'barrier': 8}",5,5,0,ok,,38.0,40.0,ok,,0.96,0.987833544029,35.0,36.0,0.96,0.987833544029,35.0,36.0,0.96,0.987833544029,35.0,36.0,custom_states,False,False,False,,
complete4,complete,4,monomial_full,sup013_P012_ph200,True,False,0.0,0.666667,152.0,166.2,14.3,400.0,416.0,106.0,108.2,128.0,"{'sx': 128, 'rz': 110, 'cz': 70, 'rx': 56, 'rzz': 36, 'barrier': 8}",5,5,0,ok,,38.0,40.0,ok,,0.96,0.987833544029,35.0,36.0,0.96,0.987833544029,35.0,36.0,0.96,0.987833544029,35.0,36.0,custom_states,False,False,False,,
complete4,complete,4,monomial_full,sup013_P012_ph201,True,False,0.0,0.666667,152.0,164.8,13.42,396.0,411.8,106.0,108.2,128.0,"{'sx': 128, 'rz': 106, 'cz': 70, 'rx': 56, 'rzz': 36, 'barrier': 8}",5,5,0,ok,,38.0,40.0,ok,,0.96,0.987833544029,35.0,36.0,0.96,0.987833544029,35.0,36.0,0.96,0.987833544029,35.0,36.0,custom_states,False,False,False,,
complete4,complete,4,monomial_full,sup013_P012_ph202,True,False,0.0,0.666667,151.0,164.6,14.95,384.0,403.6,106.0,108.2,128.0,"{'sx': 128, 'rz': 102, 'cz': 70, 'rx': 48, 'rzz': 36, 'barrier': 8}",5,5,0,ok,,38.0,40.0,ok,,0.96,0.862530536807,35.0,36.0,0.98,0.987833544029,35.0,36.0,0.98,0.987833544029,35.0,36.0,custom_states,False,False,False,,
complete4,complete,4,monomial_full,sup013_P012_ph210,True,False,0.0,0.666667,152.0,166.6,14.87,400.0,417.0,106.0,108.2,128.0,"{'sx': 128, 'rz': 110, 'cz': 70, 'rx': 56, 'rzz': 36, 'barrier': 8}",5,5,0,ok,,38.0,40.0,ok,,0.96,0.987833544029,35.0,36.0,0.96,0.987833544029,35.0,36.0,0.96,0.987833544029,35.0,36.0,custom_states,False,False,False,,
complete4,complete,4,monomial_full,sup013_P012_ph211,True,False,0.0,0.666667,151.0,165.8,14.72,396.0,414.0,106.0,108.2,128.0,"{'sx': 128, 'rz': 106, 'cz': 70, 'rx': 56, 'rzz': 36, 'barrier': 8}",5,5,0,ok,,38.0,40.0,ok,,0.95,0.987833544029,35.0,36.0,0.95,0.987833544029,35.0,36.0,0.95,0.987833544029,35.0,36.0,custom_states,False,False,False,,
complete4,complete,4,monomial_full,sup013_P012_ph212,True,False,0.0,0.666667,152.0,163.8,12.11,396.0,409.6,106.0,108.2,128.0,"{'sx': 128, 'rz': 106, 'cz': 70, 'rx': 56, 'rzz': 36, 'barrier': 8}",5,5,0,ok,,38.0,40.0,ok,,0.95,0.987833544029,35.0,36.0,0.95,0.987833544029,35.0,36.0,0.95,0.987833544029,35.0,36.0,custom_states,False,False,False,,
complete4,complete,4,monomial_full,sup013_P012_ph220,True,False,0.0,0.666667,149.0,160.6,12.86,385.0,397.2,106.0,108.2,128.0,"{'sx': 118, 'rz': 105, 'cz': 67, 'rx': 56, 'rzz': 39, 'barrier': 8}",5,5,0,ok,,37.0,40.0,ok,,0.96,0.987833544029,34.0,36.0,0.96,0.987833544029,34.0,36.0,0.96,0.987833544029,34.0,36.0,custom_states,False,False,False,,
complete4,complete,4,monomial_full,sup013_P012_ph221,True,False,0.0,0.666667,152.0,166.2,14.3,400.0,416.0,106.0,108.2,128.0,"{'sx': 128, 'rz': 110, 'cz': 70, 'rx': 56, 'rzz': 36, 'barrier': 8}",5,5,0,ok,,38.0,40.0,ok,,0.95,0.881233609259,35.0,36.0,0.98,0.987833544029,35.0,36.0,0.98,0.987833544029,35.0,36.0,custom_states,False,False,False,,
complete4,complete,4,monomial_full,sup013_P012_ph222,True,False,0.0,0.666667,152.0,165.4,15.12,388.0,406.6,106.0,108.2,128.0,"{'sx': 128, 'rz': 106, 'cz': 70, 'rx': 48, 'rzz': 36, 'barrier': 8}",5,5,0,ok,,38.0,40.0,ok,,0.96,0.987833544029,35.0,36.0,0.96,0.987833544029,35.0,36.0,0.96,0.987833544029,35.0,36.0,custom_states,False,False,False,,
complete4,complete,4,monomial_full,sup013_P021_ph000,True,False,0.0,0.666667,155.0,171.8,16.14,416.0,433.0,110.0,112.2,128.0,"{'sx': 128, 'rz': 114, 'cz': 66, 'rx': 64, 'rzz': 44, 'barrier': 8}",5,5,0,ok,,42.0,44.0,ok,,0.95,0.987833544029,39.0,40.0,0.95,0.987833544029,39.0,40.0,0.95,0.987833544029,39.0,40.0,custom_states,False,False,False,,
complete4,complete,4,monomial_full,sup013_P021_ph001,True,False,0.0,0.666667,157.0,176.0,16.92,426.0,443.2,110.0,112.2,128.0,"{'sx': 128, 'rz': 124, 'cz': 66, 'rx': 64, 'rzz': 44, 'barrier': 8}",5,5,0,ok,,43.0,44.0,ok,,0.96,0.951122241033,40.0,40.0,0.96,0.951122241033,40.0,40.0,0.96,0.951122241033,40.0,40.0,custom_states,False,False,False,,
complete4,complete,4,monomial_full,sup013_P021_ph002,True,False,0.0,0.666667,155.0,174.2,17.1,420.0,437.6,110.0,112.2,128.0,"{'sx': 128, 'rz': 118, 'cz': 66, 'rx': 64, 'rzz': 44, 'barrier': 8}",5,5,0,ok,,42.0,44.0,ok,,0.95,0.987833544029,39.0,40.0,0.95,0.987833544029,39.0,40.0,0.95,0.987833544029,39.0,40.0,custom_states,False,False,False,,
complete4,complete,4,monomial_full,sup013_P021_ph010,True,False,0.0,0.666667,157.0,176.2,17.1,428.0,444.4,110.0,112.2,128.0,"{'sx': 128, 'rz': 126, 'cz': 66, 'rx': 64, 'rzz': 44, 'barrier': 8}",5,5,0,ok,,43.0,44.0,ok,,0.95,0.916109643036,40.0,40.0,0.95,0.916109643036,40.0,40.0,,,,,custom_states,False,False,False,,
complete4,complete,4,monomial_full,sup013_P021_ph011,True,False,0.0,0.666667,156.0,175.2,16.81,424.0,441.0,110.0,112.2,128.0,"{'sx': 128, 'rz': 122, 'cz': 66, 'rx': 64, 'rzz': 44, 'barrier': 8}",5,5,0,ok,,43.0,44.0,ok,,0.95,0.987833544029,40.0,40.0,0.95,0.987833544029,40.0,40.0,0.95,0.987833544029,40.0,40.0,custom_states,False,False,False,,
complete4,complete,4,monomial_full,sup013_P021_ph012,True,False,0.0,0.666667,157.0,174.6,15.11,428.0,442.2,110.0,112.2,128.0,"{'sx': 128, 'rz': 126, 'cz': 66, 'rx': 64, 'rzz': 44, 'barrier': 8}",5,5,0,ok,,43.0,44.0,ok,,0.95,0.951161423781,40.0,40.0,0.95,0.951161423781,40.0,40.0,0.95,0.951161423781,40.0,40.0,custom_states,False,False,False,,
complete4,complete,4,monomial_full,sup013_P021_ph020,True,False,0.0,0.666667,157.0,176.2,17.1,427.0,443.8,110.0,112.2,128.0,"{'sx': 128, 'rz': 125, 'cz': 66, 'rx': 64, 'rzz': 44, 'barrier': 8}",5,5,0,ok,,43.0,44.0,ok,,0.96,0.951081472132,40.0,40.0,0.96,0.951081472132,40.0,40.0,0.96,0.951081472132,40.0,40.0,custom_states,False,False,False,,
complete4,complete,4,monomial_full,sup013_P021_ph021,True,False,0.0,0.666667,157.0,174.8,15.63,428.0,441.4,110.0,112.2,128.0,"{'sx': 128, 'rz': 126, 'cz': 66, 'rx': 64, 'rzz': 44, 'barrier': 8}",5,5,0,ok,,42.0,44.0,ok,,0.95,0.951122241033,39.0,40.0,0.95,0.951122241033,39.0,40.0,0.95,0.951122241033,39.0,40.0,custom_states,False,False,False,,
complete4,complete,4,monomial_full,sup013_P021_ph022,True,False,0.0,0.666667,157.0,176.2,17.1,428.0,444.6,110.0,112.2,128.0,"{'sx': 128, 'rz': 126, 'cz': 66, 'rx': 64, 'rzz': 44, 'barrier': 8}",5,5,0,ok,,43.0,44.0,ok,,0.95,0.951084386698,40.0,40.0,0.95,0.951084386698,40.0,40.0,0.95,0.951084386698,40.0,40.0,custom_states,False,False,False,,
complete4,complete,4,monomial_full,sup013_P021_ph100,True,False,0.0,0.666667,157.0,176.2,17.1,428.0,444.6,110.0,112.2,128.0,"{'sx': 128, 'rz': 126, 'cz': 66, 'rx': 64, 'rzz': 44, 'barrier': 8}",5,5,0,ok,,43.0,44.0,ok,,0.96,0.951084386698,40.0,40.0,0.96,0.951084386698,40.0,40.0,0.96,0.951084386698,40.0,40.0,custom_states,False,False,False,,
complete4,complete,4,monomial_full,sup013_P021_ph101,True,False,0.0,0.666667,157.0,176.2,17.1,426.0,442.8,110.0,112.2,128.0,"{'sx': 128, 'rz': 124, 'cz': 66, 'rx': 64, 'rzz': 44, 'barrier': 8}",5,5,0,ok,,43.0,44.0,ok,,0.95,0.987833544029,40.0,40.0,0.95,0.987833544029,40.0,40.0,0.95,0.987833544029,40.0,40.0,custom_states,False,False,False,,
complete4,complete,4,monomial_full,sup013_P021_ph102,True,False,0.0,0.666667,157.0,174.6,15.11,427.0,440.6,110.0,112.2,128.0,"{'sx': 128, 'rz': 125, 'cz': 66, 'rx': 64, 'rzz': 44, 'barrier': 8}",5,5,0,ok,,43.0,44.0,ok,,0.96,0.987833544029,40.0,40.0,0.96,0.987833544029,40.0,40.0,0.96,0.987833544029,40.0,40.0,custom_states,False,False,False,,
complete4,complete,4,monomial_full,sup013_P021_ph110,True,False,0.0,0.666667,157.0,176.2,17.1,428.0,444.6,110.0,112.2,128.0,"{'sx': 128, 'rz': 126, 'cz': 66, 'rx': 64, 'rzz': 44, 'barrier': 8}",5,5,0,ok,,43.0,44.0,ok,,0.96,0.850447402762,39.0,40.0,0.98,0.951084386698,40.0,40.0,0.98,0.951084386698,40.0,40.0,custom_states,False,False,False,,
complete4,complete,4,monomial_full,sup013_P021_ph111,True,False,0.0,0.666667,157.0,174.8,15.3,426.0,439.8,110.0,112.2,128.0,"{'sx': 128, 'rz': 124, 'cz': 66, 'rx': 64, 'rzz': 44, 'barrier': 8}",5,5,0,ok,,43.0,44.0,ok,,0.95,0.987833544029,40.0,40.0,0.95,0.987833544029,40.0,40.0,0.95,0.987833544029,40.0,40.0,custom_states,False,False,False,,
complete4,complete,4,monomial_full,sup013_P021_ph112,True,False,0.0,0.666667,157.0,176.2,17.1,426.0,443.8,110.0,112.2,128.0,"{'sx': 128, 'rz': 124, 'cz': 66, 'rx': 64, 'rzz': 44, 'barrier': 8}",5,5,0,ok,,43.0,44.0,ok,,0.96,0.987833544029,40.0,40.0,0.96,0.987833544029,40.0,40.0,0.96,0.987833544029,40.0,40.0,custom_states,False,False,False,,
complete4,complete,4,monomial_full,sup013_P021_ph120,True,False,0.0,0.666667,157.0,174.8,15.3,427.0,440.6,110.0,112.2,128.0,"{'sx': 128, 'rz': 125, 'cz': 66, 'rx': 64, 'rzz': 44, 'barrier': 8}",5,5,0,ok,,43.0,44.0,ok,,0.95,0.987833544029,40.0,40.0,0.95,0.987833544029,40.0,40.0,0.95,0.987833544029,40.0,40.0,custom_states,False,False,False,,
complete4,complete,4,monomial_full,sup013_P021_ph121,True,False,0.0,0.666667,156.0,175.2,17.1,424.0,441.2,110.0,112.2,128.0,"{'sx': 128, 'rz': 122, 'cz': 66, 'rx': 64, 'rzz': 44, 'barrier': 8}",5,5,0,ok,,43.0,44.0,ok,,0.95,0.987833544029,40.0,40.0,0.95,0.987833544029,40.0,40.0,0.95,0.987833544029,40.0,40.0,custom_states,False,False,False,,
complete4,complete,4,monomial_full,sup013_P021_ph122,True,False,0.0,0.666667,157.0,176.2,17.1,426.0,443.2,110.0,112.2,128.0,"{'sx': 128, 'rz': 124, 'cz': 66, 'rx': 64, 'rzz': 44, 'barrier': 8}",5,5,0,ok,,43.0,44.0,ok,,0.97,0.987833544029,40.0,40.0,0.97,0.987833544029,40.0,40.0,0.97,0.987833544029,40.0,40.0,custom_states,False,False,False,,
complete4,complete,4,monomial_full,sup013_P021_ph200,True,False,0.0,0.666667,157.0,176.0,16.92,426.0,443.2,110.0,112.2,128.0,"{'sx': 128, 'rz': 124, 'cz': 66, 'rx': 64, 'rzz': 44, 'barrier': 8}",5,5,0,ok,,43.0,44.0,ok,,0.95,0.987833544029,40.0,40.0,0.95,0.987833544029,40.0,40.0,0.95,0.987833544029,40.0,40.0,custom_states,False,False,False,,
complete4,complete,4,monomial_full,sup013_P021_ph201,True,False,0.0,0.666667,157.0,175.2,15.87,424.0,439.6,110.0,112.2,128.0,"{'sx': 128, 'rz': 122, 'cz': 66, 'rx': 64, 'rzz': 44, 'barrier': 8}",5,5,0,ok,,43.0,44.0,ok,,0.95,0.987833544029,38.0,40.0,0.95,0.987833544029,38.0,40.0,0.95,0.987833544029,38.0,40.0,custom_states,False,False,False,,
complete4,complete,4,monomial_full,sup013_P021_ph202,True,False,0.0,0.666667,157.0,176.0,17.23,428.0,444.4,110.0,112.2,128.0,"{'sx': 128, 'rz': 126, 'cz': 66, 'rx': 64, 'rzz': 44, 'barrier': 8}",5,5,0,ok,,43.0,44.0,ok,,0.95,0.951081472132,40.0,40.0,0.95,0.951081472132,40.0,40.0,0.95,0.951081472132,40.0,40.0,custom_states,False,False,False,,
complete4,complete,4,monomial_full,sup013_P021_ph210,True,False,0.0,0.666667,157.0,175.2,15.87,428.0,441.6,110.0,112.2,128.0,"{'sx': 128, 'rz': 126, 'cz': 66, 'rx': 64, 'rzz': 44, 'barrier': 8}",5,5,0,ok,,43.0,44.0,ok,,0.95,0.987833544029,40.0,40.0,0.95,0.987833544029,40.0,40.0,0.95,0.987833544029,40.0,40.0,custom_states,False,False,False,,
complete4,complete,4,monomial_full,sup013_P021_ph211,True,False,0.0,0.666667,157.0,175.6,16.66,428.0,443.6,110.0,112.2,128.0,"{'sx': 128, 'rz': 126, 'cz': 66, 'rx': 64, 'rzz': 44, 'barrier': 8}",5,5,0,ok,,42.0,44.0,ok,,0.96,0.987833544029,39.0,40.0,0.96,0.987833544029,39.0,40.0,0.96,0.987833544029,39.0,40.0,custom_states,False,False,False,,
complete4,complete,4,monomial_full,sup013_P021_ph212,True,False,0.0,0.666667,156.0,175.2,17.1,424.0,441.2,110.0,112.2,128.0,"{'sx': 128, 'rz': 122, 'cz': 66, 'rx': 64, 'rzz': 44, 'barrier': 8}",5,5,0,ok,,43.0,44.0,ok,,0.96,0.951081472132,40.0,40.0,0.96,0.951081472132,40.0,40.0,0.96,0.951081472132,40.0,40.0,custom_states,False,False,False,,
complete4,complete,4,monomial_full,sup013_P021_ph220,True,False,0.0,0.666667,157.0,176.2,17.1,426.0,443.6,110.0,112.2,128.0,"{'sx': 128, 'rz': 124, 'cz': 66, 'rx': 64, 'rzz': 44, 'barrier': 8}",5,5,0,ok,,43.0,44.0,ok,,0.96,0.951122241033,40.0,40.0,0.96,0.951122241033,40.0,40.0,0.96,0.951122241033,40.0,40.0,custom_states,False,False,False,,
complete4,complete,4,monomial_full,sup013_P021_ph221,True,False,0.0,0.666667,157.0,176.2,17.1,428.0,444.6,110.0,112.2,128.0,"{'sx': 128, 'rz': 126, 'cz': 66, 'rx': 64, 'rzz': 44, 'barrier': 8}",5,5,0,ok,,43.0,44.0,ok,,0.95,0.987833544029,40.0,40.0,0.95,0.987833544029,40.0,40.0,0.95,0.987833544029,40.0,40.0,custom_states,False,False,False,,
complete4,complete,4,monomial_full,sup013_P021_ph222,True,False,0.0,0.666667,157.0,174.6,15.42,426.0,440.0,110.0,112.2,128.0,"{'sx': 128, 'rz': 124, 'cz': 66, 'rx': 64, 'rzz': 44, 'barrier': 8}",5,5,0,ok,,43.0,44.0,ok,,0.95,0.987833544029,40.0,40.0,0.95,0.987833544029,40.0,40.0,0.95,0.987833544029,40.0,40.0,custom_states,False,False,False,,
complete4,complete,4,monomial_full,sup013_P102_ph000,True,False,0.0,0.666667,151.0,164.6,14.04,392.0,410.0,106.0,108.2,128.0,"{'sx': 128, 'rz': 106, 'cz': 70, 'rx': 52, 'rzz': 36, 'barrier': 8}",5,5,0,ok,,38.0,40.0,ok,,0.95,0.963233236875,35.0,36.0,0.95,0.963233236875,35.0,36.0,0.95,0.963233236875,35.0,36.0,custom_states,False,False,False,,
complete4,complete,4,monomial_full,sup013_P102_ph001,True,False,0.0,0.666667,151.0,164.2,14.25,394.0,409.4,106.0,108.2,128.0,"{'sx': 128, 'rz': 110, 'cz': 66, 'rx': 50, 'rzz': 40, 'barrier': 8}",5,5,0,ok,,37.0,40.0,ok,,0.95,0.987833544029,34.0,36.0,0.95,0.987833544029,34.0,36.0,0.95,0.987833544029,34.0,36.0,custom_states,False,False,False,,
complete4,complete,4,monomial_full,sup013_P102_ph002,True,False,0.0,0.666667,152.0,165.2,14.33,394.0,411.2,106.0,108.2,128.0,"{'sx': 128, 'rz': 110, 'cz': 66, 'rx': 50, 'rzz': 40, 'barrier': 8}",5,5,0,ok,,37.0,40.0,ok,,0.99,0.964459217046,34.0,36.0,0.99,0.964459217046,34.0,36.0,0.99,0.964459217046,34.0,36.0,custom_states,False,False,False,,
complete4,complete,4,monomial_full,sup013_P102_ph010,True,False,0.0,0.666667,151.0,163.8,13.76,394.0,410.0,106.0,108.2,128.0,"{'sx': 128, 'rz': 110, 'cz': 66, 'rx': 50, 'rzz': 40, 'barrier': 8}",5,5,0,ok,,37.0,40.0,ok,,0.96,0.987833544029,34.0,36.0,0.96,0.987833544029,34.0,36.0,0.96,0.987833544029,34.0,36.0,custom_states,False,False,False,,
complete4,complete,4,monomial_full,sup013_P102_ph011,True,False,0.0,0.666667,152.0,164.6,13.99,394.0,409.6,106.0,108.2,128.0,"{'sx': 128, 'rz': 110, 'cz': 66, 'rx': 50, 'rzz': 40, 'barrier': 8}",5,5,0,ok,,37.0,40.0,ok,,0.96,0.987833544029,34.0,36.0,0.96,0.987833544029,34.0,36.0,0.96,0.987833544029,34.0,36.0,custom_states,False,False,False,,
complete4,complete,4,monomial_full,sup013_P102_ph012,True,False,0.0,0.666667,151.0,164.6,14.04,392.0,410.0,106.0,108.2,128.0,"{'sx': 128, 'rz': 106, 'cz': 70, 'rx': 52, 'rzz': 36, 'barrier': 8}",5,5,0,ok,,38.0,40.0,ok,,0.95,0.850801869521,35.0,36.0,0.98,0.987833544029,35.0,36.0,0.98,0.987833544029,35.0,36.0,custom_states,False,False,False,,
complete4,complete,4,monomial_full,sup013_P102_ph020,True,False,0.0,0.666667,152.0,164.6,13.59,396.0,411.4,106.0,108.2,128.0,"{'sx': 128, 'rz': 110, 'cz': 66, 'rx': 52, 'rzz': 40, 'barrier': 8}",5,5,0,ok,,38.0,40.0,ok,,0.96,0.987833544029,35.0,36.0,0.96,0.987833544029,35.0,36.0,0.96,0.987833544029,35.0,36.0,custom_states,False,False,False,,
complete4,complete,4,monomial_full,sup013_P102_ph021,True,False,0.0,0.666667,150.0,162.6,12.71,392.0,407.8,106.0,108.2,128.0,"{'sx': 128, 'rz': 106, 'cz': 70, 'rx': 52, 'rzz': 36, 'barrier': 8}",5,5,0,ok,,38.0,40.0,ok,,0.95,0.987833544029,35.0,36.0,0.95,0.987833544029,35.0,36.0,0.95,0.987833544029,35.0,36.0,custom_states,False,False,False,,
complete4,complete,4,monomial_full,sup013_P102_ph022,True,False,0.0,0.666667,151.0,163.4,13.28,384.0,402.8,106.0,108.2,128.0,"{'sx': 128, 'rz': 106, 'cz': 66, 'rx': 44, 'rzz': 40, 'barrier': 8}",5,5,0,ok,,37.0,40.0,ok,,0.99,0.987833544029,34.0,36.0,0.99,0.987833544029,34.0,36.0,0.99,0.987833544029,34.0,36.0,custom_states,False,False,False,,
complete4,complete,4,monomial_full,sup013_P102_ph100,True,False,0.0,0.666667,151.0,164.4,14.24,390.0,410.0,106.0,108.2,128.0,"{'sx': 128, 'rz': 110, 'cz': 66, 'rx': 46, 'rzz': 40, 'barrier': 8}",5,5,0,ok,,38.0,40.0,ok,,0.96,0.987833544029,35.0,36.0,0.96,0.987833544029,35.0,36.0,0.96,0.987833544029,35.0,36.0,custom_states,False,False,False,,
complete4,complete,4,monomial_full,sup013_P102_ph101,True,False,0.0,0.666667,149.0,161.2,13.11,384.0,397.4,106.0,108.2,128.0,"{'sx': 118, 'rz': 107, 'cz': 67, 'rx': 53, 'rzz': 39, 'barrier': 8}",5,5,0,ok,,36.0,40.0,ok,,0.95,0.987833544029,33.0,36.0,0.95,0.987833544029,33.0,36.0,0.95,0.987833544029,33.0,36.0,custom_states,False,False,False,,
complete4,complete,4,monomial_full,sup013_P102_ph102,True,False,0.0,0.666667,151.0,163.6,13.59,392.0,407.2,106.0,108.2,128.0,"{'sx': 128, 'rz': 106, 'cz': 66, 'rx': 52, 'rzz': 40, 'barrier': 8}",5,5,0,ok,,38.0,40.0,ok,,0.96,0.987833544029,35.0,36.0,0.96,0.987833544029,35.0,36.0,0.96,0.987833544029,35.0,36.0,custom_states,False,False,False,,
complete4,complete,4,monomial_full,sup013_P102_ph110,True,False,0.0,0.666667,148.0,160.0,13.48,382.0,393.8,106.0,108.2,128.0,"{'sx': 118, 'rz': 104, 'cz': 67, 'rx': 54, 'rzz': 39, 'barrier': 8}",5,5,0,ok,,36.0,40.0,ok,,0.95,0.987833544029,33.0,36.0,0.95,0.987833544029,33.0,36.0,0.95,0.987833544029,33.0,36.0,custom_states,False,False,False,,
complete4,complete,4,monomial_full,sup013_P102_ph111,True,False,0.0,0.666667,151.0,164.6,14.04,394.0,409.4,106.0,108.2,128.0,"{'sx': 128, 'rz': 110, 'cz': 66, 'rx': 50, 'rzz': 40, 'barrier': 8}",5,5,0,ok,,37.0,40.0,ok,,0.95,0.987833544029,33.0,36.0,0.95,0.987833544029,33.0,36.0,0.95,0.987833544029,33.0,36.0,custom_states,False,False,False,,
complete4,complete,4,monomial_full,sup013_P102_ph112,True,False,0.0,0.666667,152.0,164.4,14.18,394.0,409.6,106.0,108.2,128.0,"{'sx': 128, 'rz': 110, 'cz': 66, 'rx': 50, 'rzz': 40, 'barrier': 8}",5,5,0,ok,,37.0,40.0,ok,,0.96,0.987833544029,34.0,36.0,0.96,0.987833544029,34.0,36.0,0.96,0.987833544029,34.0,36.0,custom_states,False,False,False,,
complete4,complete,4,monomial_full,sup013_P102_ph120,True,False,0.0,0.666667,151.0,164.2,13.59,390.0,408.6,106.0,108.2,128.0,"{'sx': 128, 'rz': 110, 'cz': 66, 'rx': 46, 'rzz': 40, 'barrier': 8}",5,5,0,ok,,38.0,40.0,ok,,0.96,0.987833544029,35.0,36.0,0.96,0.987833544029,35.0,36.0,0.96,0.987833544029,35.0,36.0,custom_states,False,False,False,,
complete4,complete,4,monomial_full,sup013_P102_ph121,True,False,0.0,0.666667,152.0,163.8,13.04,392.0,407.0,106.0,108.2,128.0,"{'sx': 128, 'rz': 106, 'cz': 66, 'rx': 52, 'rzz': 40, 'barrier': 8}",5,5,0,ok,,38.0,40.0,ok,,0.97,0.987833544029,35.0,36.0,0.97,0.987833544029,35.0,36.0,0.97,0.987833544029,35.0,36.0,custom_states,False,False,False,,
complete4,complete,4,monomial_full,sup013_P102_ph122,True,False,0.0,0.666667,147.0,160.4,13.43,381.0,395.4,106.0,108.2,128.0,"{'sx': 118, 'rz': 104, 'cz': 67, 'rx': 53, 'rzz': 39, 'barrier': 8}",5,5,0,ok,,36.0,40.0,ok,,0.95,0.987833544029,33.0,36.0,0.95,0.987833544029,33.0,36.0,0.95,0.987833544029,33.0,36.0,custom_states,False,False,False,,
complete4,complete,4,monomial_full,sup013_P102_ph200,True,False,0.0,0.666667,151.0,163.8,13.42,396.0,411.8,106.0,108.2,128.0,"{'sx': 128, 'rz': 110, 'cz': 66, 'rx': 52, 'rzz': 40, 'barrier': 8}",5,5,0,ok,,38.0,40.0,ok,,0.96,0.987833544029,35.0,36.0,0.96,0.987833544029,35.0,36.0,0.96,0.987833544029,35.0,36.0,custom_states,False,False,False,,
complete4,complete,4,monomial_full,sup013_P102_ph201,True,False,0.0,0.666667,151.0,163.6,14.05,388.0,406.8,106.0,108.2,128.0,"{'sx': 128, 'rz': 110, 'cz': 66, 'rx': 44, 'rzz': 40, 'barrier': 8}",5,5,0,ok,,37.0,40.0,ok,,0.96,0.987833544029,34.0,36.0,0.96,0.987833544029,34.0,36.0,0.96,0.987833544029,34.0,36.0,custom_states,False,False,False,,
complete4,complete,4,monomial_full,sup013_P102_ph202,True,False,0.0,0.666667,150.0,162.2,14.12,378.0,397.8,106.0,108.2,128.0,"{'sx': 128, 'rz': 100, 'cz': 70, 'rx': 44, 'rzz': 36, 'barrier': 8}",5,5,0,ok,,37.0,40.0,ok,,0.95,0.987833544029,34.0,36.0,0.95,0.987833544029,34.0,36.0,0.95,0.987833544029,34.0,36.0,custom_states,False,False,False,,
complete4,complete,4,monomial_full,sup013_P102_ph210,True,False,0.0,0.666667,152.0,164.4,14.15,394.0,409.4,106.0,108.2,128.0,"{'sx': 128, 'rz': 110, 'cz': 66, 'rx': 50, 'rzz': 40, 'barrier': 8}",5,5,0,ok,,37.0,40.0,ok,,0.96,0.987833544029,34.0,36.0,0.96,0.987833544029,34.0,36.0,0.96,0.987833544029,34.0,36.0,custom_states,False,False,False,,
complete4,complete,4,monomial_full,sup013_P102_ph211,True,False,0.0,0.666667,147.0,160.4,13.43,381.0,395.4,106.0,108.2,128.0,"{'sx': 118, 'rz': 104, 'cz': 67, 'rx': 53, 'rzz': 39, 'barrier': 8}",5,5,0,ok,,36.0,40.0,ok,,0.95,0.987833544029,33.0,36.0,0.95,0.987833544029,33.0,36.0,0.95,0.987833544029,33.0,36.0,custom_states,False,False,False,,
complete4,complete,4,monomial_full,sup013_P102_ph212,True,False,0.0,0.666667,151.0,163.4,13.31,390.0,405.4,106.0,108.2,128.0,"{'sx': 128, 'rz': 106, 'cz': 66, 'rx': 50, 'rzz': 40, 'barrier': 8}",5,5,0,ok,,37.0,40.0,ok,,0.96,0.987833544029,34.0,36.0,0.96,0.987833544029,34.0,36.0,0.96,0.987833544029,34.0,36.0,custom_states,False,False,False,,
complete4,complete,4,monomial_full,sup013_P102_ph220,True,False,0.0,0.666667,148.0,159.8,13.04,382.0,394.4,106.0,108.2,128.0,"{'sx': 118, 'rz': 105, 'cz': 67, 'rx': 53, 'rzz': 39, 'barrier': 8}",5,5,0,ok,,36.0,40.0,ok,,0.95,0.987833544029,33.0,36.0,0.95,0.987833544029,33.0,36.0,0.95,0.987833544029,33.0,36.0,custom_states,False,False,False,,
complete4,complete,4,monomial_full,sup013_P102_ph221,True,False,0.0,0.666667,151.0,163.8,13.41,394.0,410.2,106.0,108.2,128.0,"{'sx': 128, 'rz': 110, 'cz': 66, 'rx': 50, 'rzz': 40, 'barrier': 8}",5,5,0,ok,,37.0,40.0,ok,,0.98,0.980951406883,34.0,36.0,0.98,0.980951406883,34.0,36.0,0.98,0.980951406883,34.0,36.0,custom_states,False,False,False,,
complete4,complete,4,monomial_full,sup013_P102_ph222,True,False,0.0,0.666667,151.0,163.4,13.4,390.0,407.2,106.0,108.2,128.0,"{'sx': 128, 'rz': 110, 'cz': 66, 'rx': 46, 'rzz': 40, 'barrier': 8}",5,5,0,ok,,38.0,40.0,ok,,0.95,0.987833544029,35.0,36.0,0.95,0.987833544029,35.0,36.0,0.95,0.987833544029,35.0,36.0,custom_states,False,False,False,,
complete4,complete,4,monomial_full,sup013_P120_ph000,True,False,0.0,0.666667,149.0,161.4,13.31,385.0,401.4,106.0,108.2,128.0,"{'sx': 118, 'rz': 104, 'cz': 67, 'rx': 57, 'rzz': 39, 'barrier': 8}",5,5,0,ok,,37.0,40.0,ok,,0.96,0.987833544029,34.0,36.0,0.96,0.987833544029,34.0,36.0,0.96,0.987833544029,34.0,36.0,custom_states,False,False,False,,
complete4,complete,4,monomial_full,sup013_P120_ph001,True,False,0.0,0.666667,150.0,162.2,13.03,388.0,403.4,106.0,108.2,128.0,"{'sx': 128, 'rz': 102, 'cz': 70, 'rx': 52, 'rzz': 36, 'barrier': 8}",5,5,0,ok,,37.0,40.0,ok,,0.95,0.987833544029,34.0,36.0,0.95,0.987833544029,34.0,36.0,0.95,0.987833544029,34.0,36.0,custom_states,False,False,False,,
complete4,complete,4,monomial_full,sup013_P120_ph002,True,False,0.0,0.666667,150.0,163.4,14.19,388.0,406.4,106.0,108.2,128.0,"{'sx': 128, 'rz': 102, 'cz': 70, 'rx': 52, 'rzz': 36, 'barrier': 8}",5,5,0,ok,,37.0,40.0,ok,,0.95,0.961580327914,34.0,36.0,0.95,0.961580327914,34.0,36.0,0.95,0.961580327914,34.0,36.0,custom_states,False,False,False,,
complete4,complete,4,monomial_full,sup013_P120_ph010,True,False,0.0,0.666667,151.0,165.0,14.09,392.0,411.0,106.0,108.2,128.0,"{'sx': 128, 'rz': 106, 'cz': 70, 'rx': 52, 'rzz': 36, 'barrier': 8}",5,5,0,ok,,38.0,40.0,ok,,0.95,0.968145188673,35.0,36.0,0.95,0.968145188673,35.0,36.0,0.95,0.968145188673,35.0,36.0,custom_states,False,False,False,,
complete4,complete,4,monomial_full,sup013_P120_ph011,True,False,0.0,0.666667,150.0,162.8,12.56,390.0,407.2,106.0,108.2,128.0,"{'sx': 128, 'rz': 104, 'cz': 70, 'rx': 52, 'rzz': 36, 'barrier': 8}",5,5,0,ok,,37.0,40.0,ok,,0.95,0.987833544029,34.0,36.0,0.95,0.987833544029,34.0,36.0,0.95,0.987833544029,34.0,36.0,custom_states,False,False,False,,
complete4,complete,4,monomial_full,sup013_P120_ph012,True,False,0.0,0.666667,151.0,165.2,13.95,392.0,411.2,106.0,108.2,128.0,"{'sx': 128, 'rz': 106, 'cz': 70, 'rx': 52, 'rzz': 36, 'barrier': 8}",5,5,0,ok,,38.0,40.0,ok,,0.95,0.987833544029,35.0,36.0,0.95,0.987833544029,35.0,36.0,0.95,0.987833544029,35.0,36.0,custom_states,False,False,False,,
complete4,complete,4,monomial_full,sup013_P120_ph020,True,False,0.0,0.666667,150.0,163.0,12.77,392.0,408.8,106.0,108.2,128.0,"{'sx': 128, 'rz': 106, 'cz': 70, 'rx': 52, 'rzz': 36, 'barrier': 8}",5,5,0,ok,,38.0,40.0,ok,,0.95,0.987833544029,35.0,36.0,0.95,0.987833544029,35.0,36.0,0.95,0.987833544029,35.0,36.0,custom_states,False,False,False,,
complete4,complete,4,monomial_full,sup013_P120_ph021,True,False,0.0,0.666667,151.0,164.8,13.89,390.0,409.4,106.0,108.2,128.0,"{'sx': 128, 'rz': 104, 'cz': 70, 'rx': 52, 'rzz': 36, 'barrier': 8}",5,5,0,ok,,38.0,40.0,ok,,0.95,0.987833544029,35.0,36.0,0.95,0.987833544029,35.0,36.0,0.95,0.987833544029,35.0,36.0,custom_states,False,False,False,,
complete4,complete,4,monomial_full,sup013_P120_ph022,True,False,0.0,0.666667,150.0,163.2,12.64,392.0,409.0,106.0,108.2,128.0,"{'sx': 128, 'rz': 106, 'cz': 70, 'rx': 52, 'rzz': 36, 'barrier': 8}",5,5,0,ok,,38.0,40.0,ok,,0.95,0.987833544029,35.0,36.0,0.95,0.987833544029,35.0,36.0,0.95,0.987833544029,35.0,36.0,custom_states,False,False,False,,
complete4,complete,4,monomial_full,sup013_P120_ph100,True,False,0.0,0.666667,150.0,162.8,12.56,390.0,407.2,106.0,108.2,128.0,"{'sx': 128, 'rz': 104, 'cz': 70, 'rx': 52, 'rzz': 36, 'barrier': 8}",5,5,0,ok,,37.0,40.0,ok,,0.96,0.987833544029,34.0,36.0,0.96,0.987833544029,34.0,36.0,0.96,0.987833544029,34.0,36.0,custom_states,False,False,False,,
complete4,complete,4,monomial_full,sup013_P120_ph101,True,False,0.0,0.666667,151.0,165.2,13.95,392.0,411.2,106.0,108.2,128.0,"{'sx': 128, 'rz': 106, 'cz': 70, 'rx': 52, 'rzz': 36, 'barrier': 8}",5,5,0,ok,,38.0,40.0,ok,,0.96,0.987833544029,35.0,36.0,0.96,0.987833544029,35.0,36.0,0.96,0.987833544029,35.0,36.0,custom_states,False,False,False,,
complete4,complete,4,monomial_full,sup013_P120_ph102,True,False,0.0,0.666667,151.0,165.0,14.09,392.0,411.0,106.0,108.2,128.0,"{'sx': 128, 'rz': 106, 'cz': 70, 'rx': 52, 'rzz': 36, 'barrier': 8}",5,5,0,ok,,38.0,40.0,ok,,0.98,0.987833544029,35.0,36.0,0.98,0.987833544029,35.0,36.0,0.98,0.987833544029,35.0,36.0,custom_states,False,False,False,,
complete4,complete,4,monomial_full,sup013_P120_ph110,True,False,0.0,0.666667,151.0,164.8,13.89,390.0,409.4,106.0,108.2,128.0,"{'sx': 128, 'rz': 104, 'cz': 70, 'rx': 52, 'rzz': 36, 'barrier': 8}",5,5,0,ok,,38.0,40.0,ok,,0.95,0.987833544029,35.0,36.0,0.95,0.987833544029,35.0,36.0,0.95,0.987833544029,35.0,36.0,custom_states,False,False,False,,
complete4,complete,4,monomial_full,sup013_P120_ph111,True,False,0.0,0.666667,151.0,165.2,13.95,392.0,411.2,106.0,108.2,128.0,"{'sx': 128, 'rz': 106, 'cz': 70, 'rx': 52, 'rzz': 36, 'barrier': 8}",5,5,0,ok,,38.0,40.0,ok,,0.96,0.987833544029,35.0,36.0,0.96,0.987833544029,35.0,36.0,0.96,0.987833544029,35.0,36.0,custom_states,False,False,False,,
complete4,complete,4,monomial_full,sup013_P120_ph112,True,False,0.0,0.666667,150.0,163.0,12.77,392.0,408.8,106.0,108.2,128.0,"{'sx': 128, 'rz': 106, 'cz': 70, 'rx': 52, 'rzz': 36, 'barrier': 8}",5,5,0,ok,,38.0,40.0,ok,,0.97,0.987026663975,35.0,36.0,0.97,0.987026663975,35.0,36.0,0.97,0.987026663975,35.0,36.0,custom_states,False,False,False,,
complete4,complete,4,monomial_full,sup013_P120_ph120,True,False,0.0,0.666667,150.0,163.2,14.01,386.0,404.6,106.0,108.2,128.0,"{'sx': 128, 'rz': 100, 'cz': 70, 'rx': 52, 'rzz': 36, 'barrier': 8}",5,5,0,ok,,37.0,40.0,ok,,0.96,0.987833544029,34.0,36.0,0.96,0.987833544029,34.0,36.0,0.96,0.987833544029,34.0,36.0,custom_states,False,False,False,,
complete4,complete,4,monomial_full,sup013_P120_ph121,True,False,0.0,0.666667,150.0,162.2,13.03,388.0,403.4,106.0,108.2,128.0,"{'sx': 128, 'rz': 102, 'cz': 70, 'rx': 52, 'rzz': 36, 'barrier': 8}",5,5,0,ok,,37.0,40.0,ok,,0.96,0.987833544029,34.0,36.0,0.96,0.987833544029,34.0,36.0,0.96,0.987833544029,34.0,36.0,custom_states,False,False,False,,
complete4,complete,4,monomial_full,sup013_P120_ph122,True,False,0.0,0.666667,149.0,161.4,13.31,385.0,401.4,106.0,108.2,128.0,"{'sx': 118, 'rz': 104, 'cz': 67, 'rx': 57, 'rzz': 39, 'barrier': 8}",5,5,0,ok,,37.0,40.0,ok,,0.95,0.987833544029,34.0,36.0,0.95,0.987833544029,34.0,36.0,0.95,0.987833544029,34.0,36.0,custom_states,False,False,False,,
complete4,complete,4,monomial_full,sup013_P120_ph200,True,False,0.0,0.666667,150.0,163.2,12.64,392.0,409.0,106.0,108.2,128.0,"{'sx': 128, 'rz': 106, 'cz': 70, 'rx': 52, 'rzz': 36, 'barrier': 8}",5,5,0,ok,,38.0,40.0,ok,,0.96,0.987833544029,35.0,36.0,0.96,0.987833544029,35.0,36.0,0.96,0.987833544029,35.0,36.0,custom_states,False,False,False,,
complete4,complete,4,monomial_full,sup013_P120_ph201,True,False,0.0,0.666667,150.0,163.0,12.77,392.0,408.8,106.0,108.2,128.0,"{'sx': 128, 'rz': 106, 'cz': 70, 'rx': 52, 'rzz': 36, 'barrier': 8}",5,5,0,ok,,38.0,40.0,ok,,0.95,0.987833544029,35.0,36.0,0.95,0.987833544029,35.0,36.0,0.95,0.987833544029,35.0,36.0,custom_states,False,False,False,,
complete4,complete,4,monomial_full,sup013_P120_ph202,True,False,0.0,0.666667,150.0,162.8,12.56,390.0,407.2,106.0,108.2,128.0,"{'sx': 128, 'rz': 104, 'cz': 70, 'rx': 52, 'rzz': 36, 'barrier': 8}",5,5,0,ok,,37.0,40.0,ok,,0.95,0.928653835264,34.0,36.0,0.95,0.928653835264,34.0,36.0,0.99,0.983270134482,34.0,36.0,custom_states,False,False,False,,
complete4,complete,4,monomial_full,sup013_P120_ph210,True,False,0.0,0.666667,150.0,163.4,14.19,388.0,406.4,106.0,108.2,128.0,"{'sx': 128, 'rz': 102, 'cz': 70, 'rx': 52, 'rzz': 36, 'barrier': 8}",5,5,0,ok,,37.0,40.0,ok,,0.95,0.987833544029,34.0,36.0,0.95,0.987833544029,34.0,36.0,0.95,0.987833544029,34.0,36.0,custom_states,False,False,False,,
complete4,complete,4,monomial_full,sup013_P120_ph211,True,False,0.0,0.666667,149.0,161.4,13.31,385.0,401.4,106.0,108.2,128.0,"{'sx': 118, 'rz': 104, 'cz': 67, 'rx': 57, 'rzz': 39, 'barrier': 8}",5,5,0,ok,,37.0,40.0,ok,,0.95,0.987833544029,34.0,36.0,0.95,0.987833544029,34.0,36.0,0.95,0.987833544029,34.0,36.0,custom_states,False,False,False,,
complete4,complete,4,monomial_full,sup013_P120_ph212,True,False,0.0,0.666667,150.0,162.2,13.03,388.0,403.4,106.0,108.2,128.0,"{'sx': 128, 'rz': 102, 'cz': 70, 'rx': 52, 'rzz': 36, 'barrier': 8}",5,5,0,ok,,37.0,40.0,ok,,0.96,0.987833544029,34.0,36.0,0.96,0.987833544029,34.0,36.0,0.96,0.987833544029,34.0,36.0,custom_states,False,False,False,,
complete4,complete,4,monomial_full,sup013_P120_ph220,True,False,0.0,0.666667,150.0,163.2,12.64,392.0,409.0,106.0,108.2,128.0,"{'sx': 128, 'rz': 106, 'cz': 70, 'rx': 52, 'rzz': 36, 'barrier': 8}",5,5,0,ok,,38.0,40.0,ok,,0.95,0.987833544029,35.0,36.0,0.95,0.987833544029,35.0,36.0,0.95,0.987833544029,35.0,36.0,custom_states,False,False,False,,
complete4,complete,4,monomial_full,sup013_P120_ph221,True,False,0.0,0.666667,150.0,163.0,12.77,392.0,408.8,106.0,108.2,128.0,"{'sx': 128, 'rz': 106, 'cz': 70, 'rx': 52, 'rzz': 36, 'barrier': 8}",5,5,0,ok,,38.0,40.0,ok,,0.96,0.987833544029,35.0,36.0,0.96,0.987833544029,35.0,36.0,0.96,0.987833544029,35.0,36.0,custom_states,False,False,False,,
complete4,complete,4,monomial_full,sup013_P120_ph222,True,False,0.0,0.666667,151.0,164.8,13.89,390.0,409.4,106.0,108.2,128.0,"{'sx': 128, 'rz': 104, 'cz': 70, 'rx': 52, 'rzz': 36, 'barrier': 8}",5,5,0,ok,,38.0,40.0,ok,,0.96,0.987833544029,35.0,36.0,0.96,0.987833544029,35.0,36.0,0.96,0.987833544029,35.0,36.0,custom_states,False,False,False,,
complete4,complete,4,monomial_full,sup013_P201_ph000,True,False,0.0,0.666667,155.0,172.8,16.12,422.0,438.6,110.0,112.2,128.0,"{'sx': 128, 'rz': 120, 'cz': 66, 'rx': 64, 'rzz': 44, 'barrier': 8}",5,5,0,ok,,42.0,44.0,ok,,0.95,0.951113974616,39.0,40.0,0.95,0.951113974616,39.0,40.0,0.95,0.951113974616,39.0,40.0,custom_states,False,False,False,,
complete4,complete,4,monomial_full,sup013_P201_ph001,True,False,0.0,0.666667,159.0,182.2,18.28,444.0,461.4,114.0,116.2,128.0,"{'rz': 134, 'sx': 128, 'rx': 68, 'cz': 66, 'rzz': 48, 'barrier': 8}",5,5,0,ok,,45.0,48.0,ok,,0.95,0.865975505687,41.0,44.0,0.96,0.917066850222,42.0,44.0,,,,,custom_states,False,False,False,,
complete4,complete,4,monomial_full,sup013_P201_ph002,True,False,0.0,0.666667,158.0,181.4,18.15,442.0,460.2,114.0,116.2,128.0,"{'rz': 134, 'sx': 128, 'rx': 66, 'cz': 66, 'rzz': 48, 'barrier': 8}",5,5,0,ok,,45.0,48.0,ok,,0.97,0.859789995179,42.0,44.0,0.98,0.987833544029,42.0,44.0,0.98,0.987833544029,42.0,44.0,custom_states,False,False,False,,
complete4,complete,4,monomial_full,sup013_P201_ph010,True,False,0.0,0.666667,157.0,176.0,16.42,436.0,450.2,110.0,112.2,128.0,"{'rz': 134, 'sx': 128, 'cz': 66, 'rx': 64, 'rzz': 44, 'barrier': 8}",5,5,0,ok,,43.0,44.0,ok,,0.96,0.951072339221,40.0,40.0,0.96,0.951072339221,40.0,40.0,0.96,0.951072339221,40.0,40.0,custom_states,False,False,False,,
complete4,complete,4,monomial_full,sup013_P201_ph011,True,False,0.0,0.666667,159.0,182.0,18.36,443.0,460.0,114.0,116.2,128.0,"{'rz': 132, 'sx': 128, 'rx': 69, 'cz': 66, 'rzz': 48, 'barrier': 8}",5,5,0,ok,,45.0,48.0,ok,,0.95,0.951113974616,42.0,44.0,0.95,0.951113974616,42.0,44.0,0.95,0.951113974616,42.0,44.0,custom_states,False,False,False,,
complete4,complete,4,monomial_full,sup013_P201_ph012,True,False,0.0,0.666667,158.0,181.2,18.28,440.0,458.2,114.0,116.2,128.0,"{'rz': 134, 'sx': 128, 'cz': 66, 'rx': 64, 'rzz': 48, 'barrier': 8}",5,5,0,ok,,44.0,48.0,ok,,0.95,0.951134778533,41.0,44.0,0.95,0.951134778533,41.0,44.0,0.95,0.951134778533,41.0,44.0,custom_states,False,False,False,,
complete4,complete,4,monomial_full,sup013_P201_ph020,True,False,0.0,0.666667,157.0,176.0,16.42,436.0,450.2,110.0,112.2,128.0,"{'rz': 134, 'sx': 128, 'cz': 66, 'rx': 64, 'rzz': 44, 'barrier': 8}",5,5,0,ok,,43.0,44.0,ok,,0.95,0.870089328559,39.0,40.0,0.98,0.970853753217,40.0,40.0,0.98,0.970853753217,40.0,40.0,custom_states,False,False,False,,
complete4,complete,4,monomial_full,sup013_P201_ph021,True,False,0.0,0.666667,159.0,181.2,17.76,438.0,455.0,114.0,116.2,128.0,"{'rz': 128, 'sx': 128, 'rx': 68, 'cz': 66, 'rzz': 48, 'barrier': 8}",5,5,0,ok,,44.0,48.0,ok,,0.96,0.951113974616,41.0,44.0,0.96,0.951113974616,41.0,44.0,0.96,0.951113974616,41.0,44.0,custom_states,False,False,False,,
complete4,complete,4,monomial_full,sup013_P201_ph022,True,False,0.0,0.666667,159.0,182.0,18.42,446.0,462.2,114.0,116.2,128.0,"{'rz': 134, 'sx': 128, 'rx': 70, 'cz': 66, 'rzz': 48, 'barrier': 8}",5,5,0,ok,,44.0,48.0,ok,,0.95,0.987833544029,41.0,44.0,0.95,0.987833544029,41.0,44.0,0.95,0.987833544029,41.0,44.0,custom_states,False,False,False,,
complete4,complete,4,monomial_full,sup013_P201_ph100,True,False,0.0,0.666667,159.0,182.2,18.28,444.0,461.0,114.0,116.2,128.0,"{'rz': 134, 'sx': 128, 'rx': 68, 'cz': 66, 'rzz': 48, 'barrier': 8}",5,5,0,ok,,45.0,48.0,ok,,0.95,0.95029206276,41.0,44.0,0.95,0.95029206276,41.0,44.0,0.95,0.95029206276,41.0,44.0,custom_states,False,False,False,,
complete4,complete,4,monomial_full,sup013_P201_ph101,True,False,0.0,0.666667,159.0,182.0,18.42,446.0,461.4,114.0,116.2,128.0,"{'rz': 134, 'sx': 128, 'rx': 70, 'cz': 66, 'rzz': 48, 'barrier': 8}",5,5,0,ok,,44.0,48.0,ok,,0.95,0.951165814543,41.0,44.0,0.95,0.951165814543,41.0,44.0,0.95,0.951165814543,41.0,44.0,custom_states,False,False,False,,
complete4,complete,4,monomial_full,sup013_P201_ph102,True,False,0.0,0.666667,157.0,175.8,16.53,434.0,448.2,110.0,112.2,128.0,"{'rz': 132, 'sx': 128, 'cz': 66, 'rx': 64, 'rzz': 44, 'barrier': 8}",5,5,0,ok,,43.0,44.0,ok,,0.95,0.951113974616,40.0,40.0,0.95,0.951113974616,40.0,40.0,0.95,0.951113974616,40.0,40.0,custom_states,False,False,False,,
complete4,complete,4,monomial_full,sup013_P201_ph110,True,False,0.0,0.666667,159.0,182.2,18.28,444.0,460.8,114.0,116.2,128.0,"{'rz': 134, 'sx': 128, 'rx': 68, 'cz': 66, 'rzz': 48, 'barrier': 8}",5,5,0,ok,,45.0,48.0,ok,,0.98,0.951166246828,42.0,44.0,0.98,0.951166246828,42.0,44.0,0.98,0.951166246828,42.0,44.0,custom_states,False,False,False,,
complete4,complete,4,monomial_full,sup013_P201_ph111,True,False,0.0,0.666667,158.0,181.4,18.15,442.0,460.2,114.0,116.2,128.0,"{'rz': 134, 'sx': 128, 'rx': 66, 'cz': 66, 'rzz': 48, 'barrier': 8}",5,5,0,ok,,45.0,48.0,ok,,0.95,0.917158886269,42.0,44.0,0.95,0.917158886269,42.0,44.0,0.99,0.987833544029,42.0,44.0,custom_states,False,False,False,,
complete4,complete,4,monomial_full,sup013_P201_ph112,True,False,0.0,0.666667,157.0,176.0,16.42,436.0,450.2,110.0,112.2,128.0,"{'rz': 134, 'sx': 128, 'cz': 66, 'rx': 64, 'rzz': 44, 'barrier': 8}",5,5,0,ok,,43.0,44.0,ok,,0.95,0.927109499562,40.0,40.0,0.95,0.927109499562,40.0,40.0,,,,,custom_states,False,False,False,,
complete4,complete,4,monomial_full,sup013_P201_ph120,True,False,0.0,0.666667,159.0,182.0,18.36,442.0,459.2,114.0,116.2,128.0,"{'rz': 132, 'sx': 128, 'rx': 68, 'cz': 66, 'rzz': 48, 'barrier': 8}",5,5,0,ok,,45.0,48.0,ok,,0.96,0.951113974616,42.0,44.0,0.96,0.951113974616,42.0,44.0,0.96,0.951113974616,42.0,44.0,custom_states,False,False,False,,
complete4,complete,4,monomial_full,sup013_P201_ph121,True,False,0.0,0.666667,158.0,181.4,18.15,442.0,460.2,114.0,116.2,128.0,"{'rz': 134, 'sx': 128, 'rx': 66, 'cz': 66, 'rzz': 48, 'barrier': 8}",5,5,0,ok,,45.0,48.0,ok,,0.95,0.865097849191,42.0,44.0,0.99,0.985558913938,42.0,44.0,0.99,0.985558913938,42.0,44.0,custom_states,False,False,False,,
complete4,complete,4,monomial_full,sup013_P201_ph122,True,False,0.0,0.666667,157.0,176.0,16.42,436.0,450.2,110.0,112.2,128.0,"{'rz': 134, 'sx': 128, 'cz': 66, 'rx': 64, 'rzz': 44, 'barrier': 8}",5,5,0,ok,,43.0,44.0,ok,,0.96,0.951095503806,40.0,40.0,0.96,0.951095503806,40.0,40.0,0.96,0.951095503806,40.0,40.0,custom_states,False,False,False,,
complete4,complete,4,monomial_full,sup013_P201_ph200,True,False,0.0,0.666667,159.0,182.2,18.28,448.0,464.2,114.0,116.2,128.0,"{'rz': 134, 'sx': 128, 'rx': 72, 'cz': 66, 'rzz': 48, 'barrier': 8}",5,5,0,ok,,45.0,48.0,ok,,0.95,0.920355387708,42.0,44.0,0.95,0.920355387708,42.0,44.0,,,,,custom_states,False,False,False,,
complete4,complete,4,monomial_full,sup013_P201_ph201,True,False,0.0,0.666667,157.0,175.8,16.53,434.0,448.2,110.0,112.2,128.0,"{'rz': 132, 'sx': 128, 'cz': 66, 'rx': 64, 'rzz': 44, 'barrier': 8}",5,5,0,ok,,43.0,44.0,ok,,0.96,0.951113974616,40.0,40.0,0.96,0.951113974616,40.0,40.0,0.96,0.951113974616,40.0,40.0,custom_states,False,False,False,,
complete4,complete,4,monomial_full,sup013_P201_ph202,True,False,0.0,0.666667,159.0,182.2,18.28,444.0,461.4,114.0,116.2,128.0,"{'rz': 134, 'sx': 128, 'rx': 68, 'cz': 66, 'rzz': 48, 'barrier': 8}",5,5,0,ok,,45.0,48.0,ok,,0.98,0.951067694335,42.0,44.0,0.98,0.951067694335,42.0,44.0,0.98,0.951067694335,42.0,44.0,custom_states,False,False,False,,
complete4,complete,4,monomial_full,sup013_P201_ph210,True,False,0.0,0.666667,158.0,181.2,18.28,440.0,458.2,114.0,116.2,128.0,"{'rz': 134, 'sx': 128, 'cz': 66, 'rx': 64, 'rzz': 48, 'barrier': 8}",5,5,0,ok,,44.0,48.0,ok,,0.96,0.951134778533,41.0,44.0,0.96,0.951134778533,41.0,44.0,0.96,0.951134778533,41.0,44.0,custom_states,False,False,False,,
complete4,complete,4,monomial_full,sup013_P201_ph211,True,False,0.0,0.666667,157.0,176.0,16.42,436.0,450.2,110.0,112.2,128.0,"{'rz': 134, 'sx': 128, 'cz': 66, 'rx': 64, 'rzz': 44, 'barrier': 8}",5,5,0,ok,,43.0,44.0,ok,,0.96,0.924059016909,40.0,40.0,0.96,0.924059016909,40.0,40.0,0.99,0.978345036373,40.0,40.0,custom_states,False,False,False,,
complete4,complete,4,monomial_full,sup013_P201_ph212,True,False,0.0,0.666667,159.0,182.2,18.28,444.0,461.4,114.0,116.2,128.0,"{'rz': 134, 'sx': 128, 'rx': 68, 'cz': 66, 'rzz': 48, 'barrier': 8}",5,5,0,ok,,45.0,48.0,ok,,0.95,0.951157376765,42.0,44.0,0.95,0.951157376765,42.0,44.0,0.95,0.951157376765,42.0,44.0,custom_states,False,False,False,,
complete4,complete,4,monomial_full,sup013_P201_ph220,True,False,0.0,0.666667,159.0,182.2,18.28,448.0,464.2,114.0,116.2,128.0,"{'rz': 134, 'sx': 128, 'rx': 72, 'cz': 66, 'rzz': 48, 'barrier': 8}",5,5,0,ok,,45.0,48.0,ok,,0.97,0.951153919297,42.0,44.0,0.97,0.951153919297,42.0,44.0,0.97,0.951153919297,42.0,44.0,custom_states,False,False,False,,
complete4,complete,4,monomial_full,sup013_P201_ph221,True,False,0.0,0.666667,157.0,175.6,16.26,430.0,445.0,110.0,112.2,128.0,"{'rz': 128, 'sx': 128, 'cz': 66, 'rx': 64, 'rzz': 44, 'barrier': 8}",5,5,0,ok,,43.0,44.0,ok,,0.95,0.951113974616,39.0,40.0,0.95,0.951113974616,39.0,40.0,0.95,0.951113974616,39.0,40.0,custom_states,False,False,False,,
complete4,complete,4,monomial_full,sup013_P201_ph222,True,False,0.0,0.666667,159.0,182.0,18.36,442.0,458.8,114.0,116.2,128.0,"{'rz': 132, 'sx': 128, 'rx': 68, 'cz': 66, 'rzz': 48, 'barrier': 8}",5,5,0,ok,,45.0,48.0,ok,,0.95,0.951113974616,42.0,44.0,0.95,0.951113974616,42.0,44.0,0.95,0.951113974616,42.0,44.0,custom_states,False,False,False,,
complete4,complete,4,monomial_full,sup013_P210_ph000,True,False,0.0,0.666667,155.0,172.0,15.17,413.0,429.8,110.0,112.2,128.0,"{'sx': 128, 'rz': 116, 'cz': 66, 'rx': 59, 'rzz': 44, 'barrier': 8}",5,5,0,ok,,42.0,44.0,ok,,0.95,0.951113974616,39.0,40.0,0.95,0.951113974616,39.0,40.0,0.95,0.951113974616,39.0,40.0,custom_states,False,False,False,,
complete4,complete,4,monomial_full,sup013_P210_ph001,True,False,0.0,0.666667,156.0,173.4,15.16,424.0,437.8,110.0,112.2,128.0,"{'sx': 128, 'rz': 123, 'cz': 66, 'rx': 63, 'rzz': 44, 'barrier': 8}",5,5,0,ok,,43.0,44.0,ok,,0.95,0.951081472132,40.0,40.0,0.95,0.951081472132,40.0,40.0,0.95,0.951081472132,40.0,40.0,custom_states,False,False,False,,
complete4,complete,4,monomial_full,sup013_P210_ph002,True,False,0.0,0.666667,156.0,173.4,15.55,418.0,433.4,110.0,112.2,128.0,"{'sx': 128, 'rz': 121, 'cz': 66, 'rx': 59, 'rzz': 44, 'barrier': 8}",5,5,0,ok,,43.0,44.0,ok,,0.95,0.987833544029,40.0,40.0,0.95,0.987833544029,40.0,40.0,0.95,0.987833544029,40.0,40.0,custom_states,False,False,False,,
complete4,complete,4,monomial_full,sup013_P210_ph010,True,False,0.0,0.666667,156.0,174.4,15.29,426.0,439.2,110.0,112.2,128.0,"{'sx': 128, 'rz': 126, 'cz': 66, 'rx': 62, 'rzz': 44, 'barrier': 8}",5,5,0,ok,,43.0,44.0,ok,,0.96,0.987833544029,40.0,40.0,0.96,0.987833544029,40.0,40.0,0.96,0.987833544029,40.0,40.0,custom_states,False,False,False,,
complete4,complete,4,monomial_full,sup013_P210_ph011,True,False,0.0,0.666667,156.0,174.6,15.56,426.0,439.6,110.0,112.2,128.0,"{'sx': 128, 'rz': 126, 'cz': 66, 'rx': 62, 'rzz': 44, 'barrier': 8}",5,5,0,ok,,43.0,44.0,ok,,0.95,0.983298263331,39.0,40.0,0.95,0.983298263331,39.0,40.0,0.95,0.983298263331,39.0,40.0,custom_states,False,False,False,,
complete4,complete,4,monomial_full,sup013_P210_ph012,True,False,0.0,0.666667,155.0,174.0,15.34,420.0,436.2,110.0,112.2,128.0,"{'sx': 128, 'rz': 123, 'cz': 66, 'rx': 59, 'rzz': 44, 'barrier': 8}",5,5,0,ok,,43.0,44.0,ok,,0.95,0.987833544029,40.0,40.0,0.95,0.987833544029,40.0,40.0,0.95,0.987833544029,40.0,40.0,custom_states,False,False,False,,
complete4,complete,4,monomial_full,sup013_P210_ph020,True,False,0.0,0.666667,156.0,173.6,15.44,424.0,437.8,110.0,112.2,128.0,"{'sx': 128, 'rz': 124, 'cz': 66, 'rx': 62, 'rzz': 44, 'barrier': 8}",5,5,0,ok,,43.0,44.0,ok,,0.96,0.951113974616,40.0,40.0,0.96,0.951113974616,40.0,40.0,0.96,0.951113974616,40.0,40.0,custom_states,False,False,False,,
complete4,complete,4,monomial_full,sup013_P210_ph021,True,False,0.0,0.666667,155.0,174.0,15.34,420.0,436.4,110.0,112.2,128.0,"{'sx': 128, 'rz': 123, 'cz': 66, 'rx': 59, 'rzz': 44, 'barrier': 8}",5,5,0,ok,,43.0,44.0,ok,,0.96,0.950921519964,39.0,40.0,0.96,0.950921519964,39.0,40.0,0.96,0.950921519964,39.0,40.0,custom_states,False,False,False,,
complete4,complete,4,monomial_full,sup013_P210_ph022,True,False,0.0,0.666667,156.0,174.4,15.29,424.0,438.4,110.0,112.2,128.0,"{'sx': 128, 'rz': 126, 'cz': 66, 'rx': 60, 'rzz': 44, 'barrier': 8}",5,5,0,ok,,43.0,44.0,ok,,0.96,0.987833544029,40.0,40.0,0.96,0.987833544029,40.0,40.0,0.96,0.987833544029,40.0,40.0,custom_states,False,False,False,,
complete4,complete,4,monomial_full,sup013_P210_ph100,True,False,0.0,0.666667,156.0,174.4,15.29,427.0,440.2,110.0,112.2,128.0,"{'sx': 128, 'rz': 126, 'cz': 66, 'rx': 63, 'rzz': 44, 'barrier': 8}",5,5,0,ok,,43.0,44.0,ok,,0.95,0.987833544029,40.0,40.0,0.95,0.987833544029,40.0,40.0,0.95,0.987833544029,40.0,40.0,custom_states,False,False,False,,
complete4,complete,4,monomial_full,sup013_P210_ph101,True,False,0.0,0.666667,156.0,173.6,15.44,424.0,437.6,110.0,112.2,128.0,"{'sx': 128, 'rz': 124, 'cz': 66, 'rx': 62, 'rzz': 44, 'barrier': 8}",5,5,0,ok,,43.0,44.0,ok,,0.95,0.987833544029,40.0,40.0,0.95,0.987833544029,40.0,40.0,0.95,0.987833544029,40.0,40.0,custom_states,False,False,False,,
complete4,complete,4,monomial_full,sup013_P210_ph102,True,False,0.0,0.666667,156.0,174.4,15.7,424.0,439.0,110.0,112.2,128.0,"{'sx': 128, 'rz': 126, 'cz': 66, 'rx': 60, 'rzz': 44, 'barrier': 8}",5,5,0,ok,,43.0,44.0,ok,,0.96,0.951134821978,40.0,40.0,0.96,0.951134821978,40.0,40.0,0.96,0.951134821978,40.0,40.0,custom_states,False,False,False,,
complete4,complete,4,monomial_full,sup013_P210_ph110,True,False,0.0,0.666667,156.0,174.4,15.67,424.0,438.4,110.0,112.2,128.0,"{'sx': 128, 'rz': 123, 'cz': 66, 'rx': 63, 'rzz': 44, 'barrier': 8}",5,5,0,ok,,43.0,44.0,ok,,0.95,0.987833544029,40.0,40.0,0.95,0.987833544029,40.0,40.0,0.95,0.987833544029,40.0,40.0,custom_states,False,False,False,,
complete4,complete,4,monomial_full,sup013_P210_ph111,True,False,0.0,0.666667,155.0,174.0,15.67,423.0,437.6,110.0,112.2,128.0,"{'sx': 128, 'rz': 122, 'cz': 66, 'rx': 63, 'rzz': 44, 'barrier': 8}",5,5,0,ok,,43.0,44.0,ok,,0.95,0.987833544029,39.0,40.0,0.95,0.987833544029,39.0,40.0,0.95,0.987833544029,39.0,40.0,custom_states,False,False,False,,
complete4,complete,4,monomial_full,sup013_P210_ph112,True,False,0.0,0.666667,155.0,172.2,15.35,417.0,431.2,110.0,112.2,128.0,"{'sx': 128, 'rz': 117, 'cz': 66, 'rx': 62, 'rzz': 44, 'barrier': 8}",5,5,0,ok,,41.0,44.0,ok,,0.95,0.987833544029,38.0,40.0,0.95,0.987833544029,38.0,40.0,0.95,0.987833544029,38.0,40.0,custom_states,False,False,False,,
complete4,complete,4,monomial_full,sup013_P210_ph120,True,False,0.0,0.666667,155.0,173.8,15.47,420.0,436.0,110.0,112.2,128.0,"{'sx': 128, 'rz': 122, 'cz': 66, 'rx': 60, 'rzz': 44, 'barrier': 8}",5,5,0,ok,,43.0,44.0,ok,,0.96,0.95111493768,40.0,40.0,0.96,0.95111493768,40.0,40.0,0.96,0.95111493768,40.0,40.0,custom_states,False,False,False,,
complete4,complete,4,monomial_full,sup013_P210_ph121,True,False,0.0,0.666667,156.0,174.6,15.56,423.0,438.0,110.0,112.2,128.0,"{'sx': 128, 'rz': 126, 'cz': 66, 'rx': 59, 'rzz': 44, 'barrier': 8}",5,5,0,ok,,43.0,44.0,ok,,0.96,0.951134778533,40.0,40.0,0.96,0.951134778533,40.0,40.0,0.96,0.951134778533,40.0,40.0,custom_states,False,False,False,,
complete4,complete,4,monomial_full,sup013_P210_ph122,True,False,0.0,0.666667,156.0,174.6,15.56,426.0,440.0,110.0,112.2,128.0,"{'sx': 128, 'rz': 126, 'cz': 66, 'rx': 62, 'rzz': 44, 'barrier': 8}",5,5,0,ok,,43.0,44.0,ok,,0.95,0.951134778533,40.0,40.0,0.95,0.951134778533,40.0,40.0,0.95,0.951134778533,40.0,40.0,custom_states,False,False,False,,
complete4,complete,4,monomial_full,sup013_P210_ph200,True,False,0.0,0.666667,156.0,174.6,15.56,423.0,438.6,110.0,112.2,128.0,"{'sx': 128, 'rz': 126, 'cz': 66, 'rx': 59, 'rzz': 44, 'barrier': 8}",5,5,0,ok,,43.0,44.0,ok,,0.96,0.951113974616,39.0,40.0,0.96,0.951113974616,39.0,40.0,0.96,0.951113974616,39.0,40.0,custom_states,False,False,False,,
complete4,complete,4,monomial_full,sup013_P210_ph201,True,False,0.0,0.666667,155.0,174.2,15.54,422.0,437.0,110.0,112.2,128.0,"{'sx': 128, 'rz': 122, 'cz': 66, 'rx': 62, 'rzz': 44, 'barrier': 8}",5,5,0,ok,,43.0,44.0,ok,,0.96,0.951067733415,40.0,40.0,0.96,0.951067733415,40.0,40.0,0.96,0.951067733415,40.0,40.0,custom_states,False,False,False,,
complete4,complete,4,monomial_full,sup013_P210_ph202,True,False,0.0,0.666667,156.0,174.4,15.29,427.0,440.4,110.0,112.2,128.0,"{'sx': 128, 'rz': 126, 'cz': 66, 'rx': 63, 'rzz': 44, 'barrier': 8}",5,5,0,ok,,43.0,44.0,ok,,0.96,0.987833544029,40.0,40.0,0.96,0.987833544029,40.0,40.0,0.96,0.987833544029,40.0,40.0,custom_states,False,False,False,,
complete4,complete,4,monomial_full,sup013_P210_ph210,True,False,0.0,0.666667,155.0,174.0,15.34,420.0,436.2,110.0,112.2,128.0,"{'sx': 128, 'rz': 123, 'cz': 66, 'rx': 59, 'rzz': 44, 'barrier': 8}",5,5,0,ok,,43.0,44.0,ok,,0.95,0.982316639819,39.0,40.0,0.95,0.982316639819,39.0,40.0,0.95,0.982316639819,39.0,40.0,custom_states,False,False,False,,
complete4,complete,4,monomial_full,sup013_P210_ph211,True,False,0.0,0.666667,156.0,174.2,15.47,425.0,438.6,110.0,112.2,128.0,"{'sx': 128, 'rz': 124, 'cz': 66, 'rx': 63, 'rzz': 44, 'barrier': 8}",5,5,0,ok,,42.0,44.0,ok,,0.96,0.951122241033,39.0,40.0,0.96,0.951122241033,39.0,40.0,0.96,0.951122241033,39.0,40.0,custom_states,False,False,False,,
complete4,complete,4,monomial_full,sup013_P210_ph212,True,False,0.0,0.666667,156.0,174.6,15.56,424.0,439.2,110.0,112.2,128.0,"{'sx': 128, 'rz': 126, 'cz': 66, 'rx': 60, 'rzz': 44, 'barrier': 8}",5,5,0,ok,,43.0,44.0,ok,,0.96,0.898641870704,40.0,40.0,,,,,,,,,custom_states,False,False,False,,
complete4,complete,4,monomial_full,sup013_P210_ph220,True,False,0.0,0.666667,156.0,173.6,15.44,422.0,436.8,110.0,112.2,128.0,"{'sx': 128, 'rz': 121, 'cz': 66, 'rx': 63, 'rzz': 44, 'barrier': 8}",5,5,0,ok,,43.0,44.0,ok,,0.95,0.951081472132,40.0,40.0,0.95,0.951081472132,40.0,40.0,0.95,0.951081472132,40.0,40.0,custom_states,False,False,False,,
complete4,complete,4,monomial_full,sup013_P210_ph221,True,False,0.0,0.666667,156.0,174.6,15.56,422.0,437.2,110.0,112.2,128.0,"{'sx': 128, 'rz': 125, 'cz': 66, 'rx': 59, 'rzz': 44, 'barrier': 8}",5,5,0,ok,,43.0,44.0,ok,,0.96,0.951134778533,40.0,40.0,0.96,0.951134778533,40.0,40.0,0.96,0.951134778533,40.0,40.0,custom_states,False,False,False,,
complete4,complete,4,monomial_full,sup013_P210_ph222,True,False,0.0,0.666667,156.0,174.4,15.7,423.0,437.6,110.0,112.2,128.0,"{'sx': 128, 'rz': 122, 'cz': 66, 'rx': 63, 'rzz': 44, 'barrier': 8}",5,5,0,ok,,43.0,44.0,ok,,0.96,0.987833544029,40.0,40.0,0.96,0.987833544029,40.0,40.0,0.96,0.987833544029,40.0,40.0,custom_states,False,False,False,,
complete4,complete,4,monomial_full,sup023_P012_ph000,True,False,0.0,0.666667,154.0,171.2,15.28,417.0,432.0,110.0,112.2,128.0,"{'sx': 128, 'rz': 116, 'cz': 66, 'rx': 63, 'rzz': 44, 'barrier': 8}",5,5,0,ok,,42.0,44.0,ok,,0.95,0.951113974616,39.0,40.0,0.95,0.951113974616,39.0,40.0,0.95,0.951113974616,39.0,40.0,custom_states,False,False,False,,
complete4,complete,4,monomial_full,sup023_P012_ph001,True,False,0.0,0.666667,156.0,174.6,15.56,423.0,437.6,110.0,112.2,128.0,"{'sx': 128, 'rz': 126, 'cz': 66, 'rx': 59, 'rzz': 44, 'barrier': 8}",5,5,0,ok,,43.0,44.0,ok,,0.95,0.935556492516,39.0,40.0,0.95,0.935556492516,39.0,40.0,0.99,0.987833544029,40.0,40.0,custom_states,False,False,False,,
complete4,complete,4,monomial_full,sup023_P012_ph002,True,False,0.0,0.666667,156.0,174.6,15.56,424.0,439.6,110.0,112.2,128.0,"{'sx': 128, 'rz': 126, 'cz': 66, 'rx': 60, 'rzz': 44, 'barrier': 8}",5,5,0,ok,,43.0,44.0,ok,,0.98,0.922778368666,40.0,40.0,0.98,0.922778368666,40.0,40.0,,,,,custom_states,False,False,False,,
complete4,complete,4,monomial_full,sup023_P012_ph010,True,False,0.0,0.666667,155.0,174.0,15.34,420.0,436.4,110.0,112.2,128.0,"{'sx': 128, 'rz': 123, 'cz': 66, 'rx': 59, 'rzz': 44, 'barrier': 8}",5,5,0,ok,,43.0,44.0,ok,,0.95,0.949386745462,40.0,40.0,0.95,0.949386745462,40.0,40.0,,,,,custom_states,False,False,False,,
complete4,complete,4,monomial_full,sup023_P012_ph011,True,False,0.0,0.666667,156.0,174.6,15.56,427.0,440.2,110.0,112.2,128.0,"{'sx': 128, 'rz': 126, 'cz': 66, 'rx': 63, 'rzz': 44, 'barrier': 8}",5,5,0,ok,,43.0,44.0,ok,,0.96,0.987833544029,40.0,40.0,0.96,0.987833544029,40.0,40.0,0.96,0.987833544029,40.0,40.0,custom_states,False,False,False,,
complete4,complete,4,monomial_full,sup023_P012_ph012,True,False,0.0,0.666667,156.0,174.4,15.67,422.0,436.0,110.0,112.2,128.0,"{'sx': 128, 'rz': 122, 'cz': 66, 'rx': 62, 'rzz': 44, 'barrier': 8}",5,5,0,ok,,43.0,44.0,ok,,0.95,0.933327492289,40.0,40.0,0.95,0.933327492289,40.0,40.0,,,,,custom_states,False,False,False,,
complete4,complete,4,monomial_full,sup023_P012_ph020,True,False,0.0,0.666667,156.0,174.4,15.7,426.0,439.8,110.0,112.2,128.0,"{'sx': 128, 'rz': 126, 'cz': 66, 'rx': 62, 'rzz': 44, 'barrier': 8}",5,5,0,ok,,43.0,44.0,ok,,0.96,0.951122551977,40.0,40.0,0.96,0.951122551977,40.0,40.0,0.96,0.951122551977,40.0,40.0,custom_states,False,False,False,,
complete4,complete,4,monomial_full,sup023_P012_ph021,True,False,0.0,0.666667,156.0,174.4,15.67,422.0,436.6,110.0,112.2,128.0,"{'sx': 128, 'rz': 122, 'cz': 66, 'rx': 62, 'rzz': 44, 'barrier': 8}",5,5,0,ok,,43.0,44.0,ok,,0.95,0.852960046666,39.0,40.0,0.99,0.951067571865,40.0,40.0,0.99,0.951067571865,40.0,40.0,custom_states,False,False,False,,
complete4,complete,4,monomial_full,sup023_P012_ph022,True,False,0.0,0.666667,156.0,174.6,15.56,426.0,439.6,110.0,112.2,128.0,"{'sx': 128, 'rz': 126, 'cz': 66, 'rx': 62, 'rzz': 44, 'barrier': 8}",5,5,0,ok,,43.0,44.0,ok,,0.95,0.951089234545,40.0,40.0,0.95,0.951089234545,40.0,40.0,0.95,0.951089234545,40.0,40.0,custom_states,False,False,False,,
complete4,complete,4,monomial_full,sup023_P012_ph100,True,False,0.0,0.666667,156.0,174.6,15.56,423.0,438.0,110.0,112.2,128.0,"{'sx': 128, 'rz': 126, 'cz': 66, 'rx': 59, 'rzz': 44, 'barrier': 8}",5,5,0,ok,,43.0,44.0,ok,,0.98,0.951091896519,40.0,40.0,0.98,0.951091896519,40.0,40.0,0.98,0.951091896519,40.0,40.0,custom_states,False,False,False,,
complete4,complete,4,monomial_full,sup023_P012_ph101,True,False,0.0,0.666667,156.0,174.6,15.56,424.0,439.2,110.0,112.2,128.0,"{'sx': 128, 'rz': 126, 'cz': 66, 'rx': 60, 'rzz': 44, 'barrier': 8}",5,5,0,ok,,43.0,44.0,ok,,0.95,0.987833544029,40.0,40.0,0.95,0.987833544029,40.0,40.0,0.95,0.987833544029,40.0,40.0,custom_states,False,False,False,,
complete4,complete,4,monomial_full,sup023_P012_ph102,True,False,0.0,0.666667,156.0,174.4,15.67,420.0,436.2,110.0,112.2,128.0,"{'sx': 128, 'rz': 122, 'cz': 66, 'rx': 60, 'rzz': 44, 'barrier': 8}",5,5,0,ok,,43.0,44.0,ok,,0.95,0.852138257528,39.0,40.0,0.99,0.951162248206,40.0,40.0,0.99,0.951162248206,40.0,40.0,custom_states,False,False,False,,
complete4,complete,4,monomial_full,sup023_P012_ph110,True,False,0.0,0.666667,156.0,174.6,15.56,427.0,440.6,110.0,112.2,128.0,"{'sx': 128, 'rz': 126, 'cz': 66, 'rx': 63, 'rzz': 44, 'barrier': 8}",5,5,0,ok,,43.0,44.0,ok,,0.95,0.951113974616,39.0,40.0,0.95,0.951113974616,39.0,40.0,0.95,0.951113974616,39.0,40.0,custom_states,False,False,False,,
complete4,complete,4,monomial_full,sup023_P012_ph111,True,False,0.0,0.666667,155.0,174.2,15.54,422.0,436.4,110.0,112.2,128.0,"{'sx': 128, 'rz': 122, 'cz': 66, 'rx': 62, 'rzz': 44, 'barrier': 8}",5,5,0,ok,,43.0,44.0,ok,,0.95,0.951081472132,39.0,40.0,0.95,0.951081472132,39.0,40.0,0.95,0.951081472132,39.0,40.0,custom_states,False,False,False,,
complete4,complete,4,monomial_full,sup023_P012_ph112,True,False,0.0,0.666667,156.0,174.6,15.56,424.0,438.2,110.0,112.2,128.0,"{'sx': 128, 'rz': 126, 'cz': 66, 'rx': 60, 'rzz': 44, 'barrier': 8}",5,5,0,ok,,43.0,44.0,ok,,0.96,0.951164206033,40.0,40.0,0.96,0.951164206033,40.0,40.0,0.96,0.951164206033,40.0,40.0,custom_states,False,False,False,,
complete4,complete,4,monomial_full,sup023_P012_ph120,True,False,0.0,0.666667,156.0,174.6,15.56,420.0,435.4,110.0,112.2,128.0,"{'sx': 128, 'rz': 123, 'cz': 66, 'rx': 59, 'rzz': 44, 'barrier': 8}",5,5,0,ok,,43.0,44.0,ok,,0.95,0.859208851358,40.0,40.0,0.98,0.987833544029,40.0,40.0,0.98,0.987833544029,40.0,40.0,custom_states,False,False,False,,
complete4,complete,4,monomial_full,sup023_P012_ph121,True,False,0.0,0.666667,155.0,173.8,15.47,424.0,439.2,110.0,112.2,128.0,"{'sx': 128, 'rz': 123, 'cz': 66, 'rx': 63, 'rzz': 44, 'barrier': 8}",5,5,0,ok,,43.0,44.0,ok,,0.96,0.987833544029,40.0,40.0,0.96,0.987833544029,40.0,40.0,0.96,0.987833544029,40.0,40.0,custom_states,False,False,False,,
complete4,complete,4,monomial_full,sup023_P012_ph122,True,False,0.0,0.666667,156.0,174.6,15.56,424.0,439.0,110.0,112.2,128.0,"{'sx': 128, 'rz': 126, 'cz': 66, 'rx': 60, 'rzz': 44, 'barrier': 8}",5,5,0,ok,,43.0,44.0,ok,,0.98,0.951114229101,40.0,40.0,0.98,0.951114229101,40.0,40.0,0.98,0.951114229101,40.0,40.0,custom_states,False,False,False,,
complete4,complete,4,monomial_full,sup023_P012_ph200,True,False,0.0,0.666667,156.0,174.4,15.29,424.0,438.4,110.0,112.2,128.0,"{'sx': 128, 'rz': 126, 'cz': 66, 'rx': 60, 'rzz': 44, 'barrier': 8}",5,5,0,ok,,43.0,44.0,ok,,0.95,0.90064914458,39.0,40.0,0.95,0.90064914458,39.0,40.0,0.99,0.951093110182,40.0,40.0,custom_states,False,False,False,,
complete4,complete,4,monomial_full,sup023_P012_ph201,True,False,0.0,0.666667,156.0,174.4,15.67,426.0,439.6,110.0,112.2,128.0,"{'sx': 128, 'rz': 125, 'cz': 66, 'rx': 63, 'rzz': 44, 'barrier': 8}",5,5,0,ok,,43.0,44.0,ok,,0.98,0.987833544029,40.0,40.0,0.98,0.987833544029,40.0,40.0,0.98,0.987833544029,40.0,40.0,custom_states,False,False,False,,
complete4,complete,4,monomial_full,sup023_P012_ph202,True,False,0.0,0.666667,155.0,174.0,15.34,424.0,439.2,110.0,112.2,128.0,"{'sx': 128, 'rz': 123, 'cz': 66, 'rx': 63, 'rzz': 44, 'barrier': 8}",5,5,0,ok,,43.0,44.0,ok,,0.96,0.95107903201,40.0,40.0,0.96,0.95107903201,40.0,40.0,0.96,0.95107903201,40.0,40.0,custom_states,False,False,False,,
complete4,complete,4,monomial_full,sup023_P012_ph210,True,False,0.0,0.666667,156.0,174.6,15.56,420.0,436.0,110.0,112.2,128.0,"{'sx': 128, 'rz': 122, 'cz': 66, 'rx': 60, 'rzz': 44, 'barrier': 8}",5,5,0,ok,,43.0,44.0,ok,,0.95,0.951105108581,40.0,40.0,0.95,0.951105108581,40.0,40.0,0.95,0.951105108581,40.0,40.0,custom_states,False,False,False,,
complete4,complete,4,monomial_full,sup023_P012_ph211,True,False,0.0,0.666667,156.0,174.6,15.56,423.0,438.4,110.0,112.2,128.0,"{'sx': 128, 'rz': 126, 'cz': 66, 'rx': 59, 'rzz': 44, 'barrier': 8}",5,5,0,ok,,43.0,44.0,ok,,0.97,0.951117867778,40.0,40.0,0.97,0.951117867778,40.0,40.0,0.97,0.951117867778,40.0,40.0,custom_states,False,False,False,,
complete4,complete,4,monomial_full,sup023_P012_ph212,True,False,0.0,0.666667,155.0,174.2,15.54,420.0,437.0,110.0,112.2,128.0,"{'sx': 128, 'rz': 123, 'cz': 66, 'rx': 59, 'rzz': 44, 'barrier': 8}",5,5,0,ok,,43.0,44.0,ok,,0.96,0.904438742905,39.0,40.0,0.96,0.904438742905,39.0,40.0,0.99,0.987833544029,40.0,40.0,custom_states,False,False,False,,
complete4,complete,4,monomial_full,sup023_P012_ph220,True,False,0.0,0.666667,156.0,174.4,15.29,424.0,438.4,110.0,112.2,128.0,"{'sx': 128, 'rz': 126, 'cz': 66, 'rx': 60, 'rzz': 44, 'barrier': 8}",5,5,0,ok,,43.0,44.0,ok,,0.96,0.987833544029,40.0,40.0,0.96,0.987833544029,40.0,40.0,0.96,0.987833544029,40.0,40.0,custom_states,False,False,False,,
complete4,complete,4,monomial_full,sup023_P012_ph221,True,False,0.0,0.666667,156.0,174.6,15.56,424.0,439.6,110.0,112.2,128.0,"{'sx': 128, 'rz': 126, 'cz': 66, 'rx': 60, 'rzz': 44, 'barrier': 8}",5,5,0,ok,,43.0,44.0,ok,,0.95,0.871487930225,39.0,40.0,,,,,,,,,custom_states,False,False,False,,
complete4,complete,4,monomial_full,sup023_P012_ph222,True,False,0.0,0.666667,156.0,174.2,15.8,423.0,437.4,110.0,112.2,128.0,"{'sx': 128, 'rz': 122, 'cz': 66, 'rx': 63, 'rzz': 44, 'barrier': 8}",5,5,0,ok,,43.0,44.0,ok,,0.95,0.987833544029,40.0,40.0,0.95,0.987833544029,40.0,40.0,0.95,0.987833544029,40.0,40.0,custom_states,False,False,False,,
complete4,complete,4,monomial_full,sup023_P021_ph000,True,False,0.0,0.666667,149.0,160.6,13.12,382.0,399.4,106.0,108.2,128.0,"{'sx': 128, 'rz': 100, 'cz': 70, 'rx': 48, 'rzz': 36, 'barrier': 8}",5,5,0,ok,,37.0,40.0,ok,,0.98,0.967139880379,34.0,36.0,0.98,0.967139880379,34.0,36.0,0.98,0.967139880379,34.0,36.0,custom_states,False,False,False,,
complete4,complete,4,monomial_full,sup023_P021_ph001,True,False,0.0,0.666667,150.0,162.8,12.56,388.0,405.6,106.0,108.2,128.0,"{'sx': 128, 'rz': 106, 'cz': 70, 'rx': 48, 'rzz': 36, 'barrier': 8}",5,5,0,ok,,38.0,40.0,ok,,0.96,0.987833544029,35.0,36.0,0.96,0.987833544029,35.0,36.0,0.96,0.987833544029,35.0,36.0,custom_states,False,False,False,,
complete4,complete,4,monomial_full,sup023_P021_ph002,True,False,0.0,0.666667,151.0,165.2,13.95,396.0,414.0,106.0,108.2,128.0,"{'sx': 128, 'rz': 106, 'cz': 70, 'rx': 56, 'rzz': 36, 'barrier': 8}",5,5,0,ok,,38.0,40.0,ok,,0.95,0.987833544029,35.0,36.0,0.95,0.987833544029,35.0,36.0,0.95,0.987833544029,35.0,36.0,custom_states,False,False,False,,
complete4,complete,4,monomial_full,sup023_P021_ph010,True,False,0.0,0.666667,151.0,164.8,13.89,394.0,412.2,106.0,108.2,128.0,"{'sx': 128, 'rz': 104, 'cz': 70, 'rx': 56, 'rzz': 36, 'barrier': 8}",5,5,0,ok,,38.0,40.0,ok,,0.95,0.987833544029,35.0,36.0,0.95,0.987833544029,35.0,36.0,0.95,0.987833544029,35.0,36.0,custom_states,False,False,False,,
complete4,complete,4,monomial_full,sup023_P021_ph011,True,False,0.0,0.666667,151.0,164.4,14.19,392.0,409.2,106.0,108.2,128.0,"{'sx': 128, 'rz': 102, 'cz': 70, 'rx': 56, 'rzz': 36, 'barrier': 8}",5,5,0,ok,,38.0,40.0,ok,,0.95,0.987833544029,35.0,36.0,0.95,0.987833544029,35.0,36.0,0.95,0.987833544029,35.0,36.0,custom_states,False,False,False,,
complete4,complete,4,monomial_full,sup023_P021_ph012,True,False,0.0,0.666667,151.0,165.0,14.09,396.0,413.8,106.0,108.2,128.0,"{'sx': 128, 'rz': 106, 'cz': 70, 'rx': 56, 'rzz': 36, 'barrier': 8}",5,5,0,ok,,38.0,40.0,ok,,0.96,0.987833544029,35.0,36.0,0.96,0.987833544029,35.0,36.0,0.96,0.987833544029,35.0,36.0,custom_states,False,False,False,,
complete4,complete,4,monomial_full,sup023_P021_ph020,True,False,0.0,0.666667,151.0,165.2,13.95,396.0,414.0,106.0,108.2,128.0,"{'sx': 128, 'rz': 106, 'cz': 70, 'rx': 56, 'rzz': 36, 'barrier': 8}",5,5,0,ok,,38.0,40.0,ok,,0.96,0.987833544029,35.0,36.0,0.96,0.987833544029,35.0,36.0,0.96,0.987833544029,35.0,36.0,custom_states,False,False,False,,
complete4,complete,4,monomial_full,sup023_P021_ph021,True,False,0.0,0.666667,151.0,165.0,14.09,396.0,413.8,106.0,108.2,128.0,"{'sx': 128, 'rz': 106, 'cz': 70, 'rx': 56, 'rzz': 36, 'barrier': 8}",5,5,0,ok,,38.0,40.0,ok,,0.96,0.987833544029,35.0,36.0,0.96,0.987833544029,35.0,36.0,0.96,0.987833544029,35.0,36.0,custom_states,False,False,False,,
complete4,complete,4,monomial_full,sup023_P021_ph022,True,False,0.0,0.666667,151.0,164.2,14.01,390.0,407.4,106.0,108.2,128.0,"{'sx': 128, 'rz': 100, 'cz': 70, 'rx': 56, 'rzz': 36, 'barrier': 8}",5,5,0,ok,,38.0,40.0,ok,,0.96,0.987833544029,35.0,36.0,0.96,0.987833544029,35.0,36.0,0.96,0.987833544029,35.0,36.0,custom_states,False,False,False,,
complete4,complete,4,monomial_full,sup023_P021_ph100,True,False,0.0,0.666667,150.0,163.2,12.64,388.0,406.2,106.0,108.2,128.0,"{'sx': 128, 'rz': 106, 'cz': 70, 'rx': 48, 'rzz': 36, 'barrier': 8}",5,5,0,ok,,38.0,40.0,ok,,0.96,0.987833544029,35.0,36.0,0.96,0.987833544029,35.0,36.0,0.96,0.987833544029,35.0,36.0,custom_states,False,False,False,,
complete4,complete,4,monomial_full,sup023_P021_ph101,True,False,0.0,0.666667,151.0,165.0,14.09,396.0,413.8,106.0,108.2,128.0,"{'sx': 128, 'rz': 106, 'cz': 70, 'rx': 56, 'rzz': 36, 'barrier': 8}",5,5,0,ok,,38.0,40.0,ok,,0.95,0.904752161355,35.0,36.0,0.95,0.904752161355,35.0,36.0,0.99,0.987833544029,35.0,36.0,custom_states,False,False,False,,
complete4,complete,4,monomial_full,sup023_P021_ph102,True,False,0.0,0.666667,149.0,161.2,13.03,384.0,400.6,106.0,108.2,128.0,"{'sx': 128, 'rz': 102, 'cz': 70, 'rx': 48, 'rzz': 36, 'barrier': 8}",5,5,0,ok,,37.0,40.0,ok,,0.96,0.987833544029,34.0,36.0,0.96,0.987833544029,34.0,36.0,0.96,0.987833544029,34.0,36.0,custom_states,False,False,False,,
complete4,complete,4,monomial_full,sup023_P021_ph110,True,False,0.0,0.666667,151.0,164.4,14.19,392.0,409.2,106.0,108.2,128.0,"{'sx': 128, 'rz': 102, 'cz': 70, 'rx': 56, 'rzz': 36, 'barrier': 8}",5,5,0,ok,,38.0,40.0,ok,,0.96,0.987833544029,35.0,36.0,0.96,0.987833544029,35.0,36.0,0.96,0.987833544029,35.0,36.0,custom_states,False,False,False,,
complete4,complete,4,monomial_full,sup023_P021_ph111,True,False,0.0,0.666667,151.0,164.8,13.89,394.0,412.2,106.0,108.2,128.0,"{'sx': 128, 'rz': 104, 'cz': 70, 'rx': 56, 'rzz': 36, 'barrier': 8}",5,5,0,ok,,38.0,40.0,ok,,0.96,0.987833544029,35.0,36.0,0.96,0.987833544029,35.0,36.0,0.96,0.987833544029,35.0,36.0,custom_states,False,False,False,,
complete4,complete,4,monomial_full,sup023_P021_ph112,True,False,0.0,0.666667,150.0,163.2,12.64,388.0,406.2,106.0,108.2,128.0,"{'sx': 128, 'rz': 106, 'cz': 70, 'rx': 48, 'rzz': 36, 'barrier': 8}",5,5,0,ok,,38.0,40.0,ok,,0.96,0.987833544029,35.0,36.0,0.96,0.987833544029,35.0,36.0,0.96,0.987833544029,35.0,36.0,custom_states,False,False,False,,
complete4,complete,4,monomial_full,sup023_P021_ph120,True,False,0.0,0.666667,151.0,164.8,13.89,396.0,413.4,106.0,108.2,128.0,"{'sx': 128, 'rz': 106, 'cz': 70, 'rx': 56, 'rzz': 36, 'barrier': 8}",5,5,0,ok,,38.0,40.0,ok,,0.95,0.987833544029,35.0,36.0,0.95,0.987833544029,35.0,36.0,0.95,0.987833544029,35.0,36.0,custom_states,False,False,False,,
complete4,complete,4,monomial_full,sup023_P021_ph121,True,False,0.0,0.666667,151.0,164.2,14.36,392.0,408.4,106.0,108.2,128.0,"{'sx': 128, 'rz': 102, 'cz': 70, 'rx': 56, 'rzz': 36, 'barrier': 8}",5,5,0,ok,,38.0,40.0,ok,,0.95,0.987833544029,35.0,36.0,0.95,0.987833544029,35.0,36.0,0.95,0.987833544029,35.0,36.0,custom_states,False,False,False,,
complete4,complete,4,monomial_full,sup023_P021_ph122,True,False,0.0,0.666667,151.0,164.4,14.18,394.0,412.0,106.0,108.2,128.0,"{'sx': 128, 'rz': 104, 'cz': 70, 'rx': 56, 'rzz': 36, 'barrier': 8}",5,5,0,ok,,38.0,40.0,ok,,0.98,0.987833544029,35.0,36.0,0.98,0.987833544029,35.0,36.0,0.98,0.987833544029,35.0,36.0,custom_states,False,False,False,,
complete4,complete,4,monomial_full,sup023_P021_ph200,True,False,0.0,0.666667,150.0,162.8,12.56,386.0,404.4,106.0,108.2,128.0,"{'sx': 128, 'rz': 104, 'cz': 70, 'rx': 48, 'rzz': 36, 'barrier': 8}",5,5,0,ok,,37.0,40.0,ok,,0.95,0.987833544029,34.0,36.0,0.95,0.987833544029,34.0,36.0,0.95,0.987833544029,34.0,36.0,custom_states,False,False,False,,
complete4,complete,4,monomial_full,sup023_P021_ph201,True,False,0.0,0.666667,149.0,161.2,13.03,384.0,400.6,106.0,108.2,128.0,"{'sx': 128, 'rz': 102, 'cz': 70, 'rx': 48, 'rzz': 36, 'barrier': 8}",5,5,0,ok,,37.0,40.0,ok,,0.95,0.934791382269,34.0,36.0,0.95,0.934791382269,34.0,36.0,0.99,0.987833544029,34.0,36.0,custom_states,False,False,False,,
complete4,complete,4,monomial_full,sup023_P021_ph202,True,False,0.0,0.666667,151.0,165.0,14.09,396.0,413.8,106.0,108.2,128.0,"{'sx': 128, 'rz': 106, 'cz': 70, 'rx': 56, 'rzz': 36, 'barrier': 8}",5,5,0,ok,,38.0,40.0,ok,,0.96,0.987833544029,35.0,36.0,0.96,0.987833544029,35.0,36.0,0.96,0.987833544029,35.0,36.0,custom_states,False,False,False,,
complete4,complete,4,monomial_full,sup023_P021_ph210,True,False,0.0,0.666667,150.0,163.2,12.64,388.0,406.2,106.0,108.2,128.0,"{'sx': 128, 'rz': 106, 'cz': 70, 'rx': 48, 'rzz': 36, 'barrier': 8}",5,5,0,ok,,38.0,40.0,ok,,0.96,0.987833544029,35.0,36.0,0.96,0.987833544029,35.0,36.0,0.96,0.987833544029,35.0,36.0,custom_states,False,False,False,,
complete4,complete,4,monomial_full,sup023_P021_ph211,True,False,0.0,0.666667,151.0,164.4,14.18,394.0,412.0,106.0,108.2,128.0,"{'sx': 128, 'rz': 104, 'cz': 70, 'rx': 56, 'rzz': 36, 'barrier': 8}",5,5,0,ok,,38.0,40.0,ok,,0.95,0.987427521744,35.0,36.0,0.95,0.987427521744,35.0,36.0,0.95,0.987427521744,35.0,36.0,custom_states,False,False,False,,
complete4,complete,4,monomial_full,sup023_P021_ph212,True,False,0.0,0.666667,149.0,161.4,12.86,384.0,401.4,106.0,108.2,128.0,"{'sx': 128, 'rz': 102, 'cz': 70, 'rx': 48, 'rzz': 36, 'barrier': 8}",5,5,0,ok,,37.0,40.0,ok,,0.96,0.987833544029,34.0,36.0,0.96,0.987833544029,34.0,36.0,0.96,0.987833544029,34.0,36.0,custom_states,False,False,False,,
complete4,complete,4,monomial_full,sup023_P021_ph220,True,False,0.0,0.666667,148.0,160.4,13.31,382.0,398.6,106.0,108.2,128.0,"{'sx': 118, 'rz': 104, 'cz': 67, 'rx': 54, 'rzz': 39, 'barrier': 8}",5,5,0,ok,,37.0,40.0,ok,,0.96,0.987833544029,34.0,36.0,0.96,0.987833544029,34.0,36.0,0.96,0.987833544029,34.0,36.0,custom_states,False,False,False,,
complete4,complete,4,monomial_full,sup023_P021_ph221,True,False,0.0,0.666667,151.0,164.8,13.89,394.0,412.2,106.0,108.2,128.0,"{'sx': 128, 'rz': 104, 'cz': 70, 'rx': 56, 'rzz': 36, 'barrier': 8}",5,5,0,ok,,38.0,40.0,ok,,0.95,0.987833544029,35.0,36.0,0.95,0.987833544029,35.0,36.0,0.95,0.987833544029,35.0,36.0,custom_states,False,False,False,,
complete4,complete,4,monomial_full,sup023_P021_ph222,True,False,0.0,0.666667,150.0,163.2,12.64,388.0,406.2,106.0,108.2,128.0,"{'sx': 128, 'rz': 106, 'cz': 70, 'rx': 48, 'rzz': 36, 'barrier': 8}",5,5,0,ok,,38.0,40.0,ok,,0.96,0.987833544029,35.0,36.0,0.96,0.987833544029,35.0,36.0,0.96,0.987833544029,35.0,36.0,custom_states,False,False,False,,
complete4,complete,4,monomial_full,sup023_P102_ph000,True,False,0.0,0.666667,155.0,172.0,15.9,422.0,437.2,110.0,112.2,128.0,"{'sx': 128, 'rz': 120, 'cz': 66, 'rx': 64, 'rzz': 44, 'barrier': 8}",5,5,0,ok,,42.0,44.0,ok,,0.95,0.987833544029,39.0,40.0,0.95,0.987833544029,39.0,40.0,0.95,0.987833544029,39.0,40.0,custom_states,False,False,False,,
complete4,complete,4,monomial_full,sup023_P102_ph001,True,False,0.0,0.666667,159.0,182.2,18.28,444.0,461.4,114.0,116.2,128.0,"{'rz': 134, 'sx': 128, 'rx': 68, 'cz': 66, 'rzz': 48, 'barrier': 8}",5,5,0,ok,,45.0,48.0,ok,,0.95,0.95029206276,42.0,44.0,0.95,0.95029206276,42.0,44.0,0.95,0.95029206276,42.0,44.0,custom_states,False,False,False,,
complete4,complete,4,monomial_full,sup023_P102_ph002,True,False,0.0,0.666667,158.0,181.2,18.28,440.0,458.8,114.0,116.2,128.0,"{'rz': 134, 'sx': 128, 'cz': 66, 'rx': 64, 'rzz': 48, 'barrier': 8}",5,5,0,ok,,44.0,48.0,ok,,0.95,0.920355387708,41.0,44.0,0.95,0.920355387708,41.0,44.0,,,,,custom_states,False,False,False,,
complete4,complete,4,monomial_full,sup023_P102_ph010,True,False,0.0,0.666667,157.0,176.0,16.42,436.0,450.2,110.0,112.2,128.0,"{'rz': 134, 'sx': 128, 'cz': 66, 'rx': 64, 'rzz': 44, 'barrier': 8}",5,5,0,ok,,43.0,44.0,ok,,0.96,0.951121191024,40.0,40.0,0.96,0.951121191024,40.0,40.0,0.96,0.951121191024,40.0,40.0,custom_states,False,False,False,,
complete4,complete,4,monomial_full,sup023_P102_ph011,True,False,0.0,0.666667,159.0,182.2,18.28,444.0,461.0,114.0,116.2,128.0,"{'rz': 134, 'sx': 128, 'rx': 68, 'cz': 66, 'rzz': 48, 'barrier': 8}",5,5,0,ok,,45.0,48.0,ok,,0.95,0.951095503806,42.0,44.0,0.95,0.951095503806,42.0,44.0,0.95,0.951095503806,42.0,44.0,custom_states,False,False,False,,
complete4,complete,4,monomial_full,sup023_P102_ph012,True,False,0.0,0.666667,159.0,182.2,18.28,448.0,464.2,114.0,116.2,128.0,"{'rz': 134, 'sx': 128, 'rx': 72, 'cz': 66, 'rzz': 48, 'barrier': 8}",5,5,0,ok,,45.0,48.0,ok,,0.95,0.951095503806,42.0,44.0,0.95,0.951095503806,42.0,44.0,0.95,0.951095503806,42.0,44.0,custom_states,False,False,False,,
complete4,complete,4,monomial_full,sup023_P102_ph020,True,False,0.0,0.666667,157.0,176.0,16.42,436.0,450.2,110.0,112.2,128.0,"{'rz': 134, 'sx': 128, 'cz': 66, 'rx': 64, 'rzz': 44, 'barrier': 8}",5,5,0,ok,,43.0,44.0,ok,,0.95,0.951078581412,40.0,40.0,0.95,0.951078581412,40.0,40.0,0.95,0.951078581412,40.0,40.0,custom_states,False,False,False,,
complete4,complete,4,monomial_full,sup023_P102_ph021,True,False,0.0,0.666667,159.0,182.2,18.28,444.0,461.4,114.0,116.2,128.0,"{'rz': 134, 'sx': 128, 'rx': 68, 'cz': 66, 'rzz': 48, 'barrier': 8}",5,5,0,ok,,45.0,48.0,ok,,0.95,0.951087352889,42.0,44.0,0.95,0.951087352889,42.0,44.0,0.95,0.951087352889,42.0,44.0,custom_states,False,False,False,,
complete4,complete,4,monomial_full,sup023_P102_ph022,True,False,0.0,0.666667,159.0,182.2,18.28,448.0,464.0,114.0,116.2,128.0,"{'rz': 134, 'sx': 128, 'rx': 72, 'cz': 66, 'rzz': 48, 'barrier': 8}",5,5,0,ok,,45.0,48.0,ok,,0.97,0.951129208773,42.0,44.0,0.97,0.951129208773,42.0,44.0,0.97,0.951129208773,42.0,44.0,custom_states,False,False,False,,
complete4,complete,4,monomial_full,sup023_P102_ph100,True,False,0.0,0.666667,159.0,182.2,18.28,444.0,461.4,114.0,116.2,128.0,"{'rz': 134, 'sx': 128, 'rx': 68, 'cz': 66, 'rzz': 48, 'barrier': 8}",5,5,0,ok,,45.0,48.0,ok,,0.95,0.988028814231,42.0,44.0,0.95,0.988028814231,42.0,44.0,0.95,0.988028814231,42.0,44.0,custom_states,False,False,False,,
complete4,complete,4,monomial_full,sup023_P102_ph101,True,False,0.0,0.666667,159.0,182.0,18.42,446.0,462.2,114.0,116.2,128.0,"{'rz': 134, 'sx': 128, 'rx': 70, 'cz': 66, 'rzz': 48, 'barrier': 8}",5,5,0,ok,,44.0,48.0,ok,,0.95,0.987833544029,41.0,44.0,0.95,0.987833544029,41.0,44.0,0.95,0.987833544029,41.0,44.0,custom_states,False,False,False,,
complete4,complete,4,monomial_full,sup023_P102_ph102,True,False,0.0,0.666667,157.0,176.0,16.42,436.0,450.2,110.0,112.2,128.0,"{'rz': 134, 'sx': 128, 'cz': 66, 'rx': 64, 'rzz': 44, 'barrier': 8}",5,5,0,ok,,43.0,44.0,ok,,0.95,0.859805958046,40.0,40.0,0.99,0.951123061208,40.0,40.0,0.99,0.951123061208,40.0,40.0,custom_states,False,False,False,,
complete4,complete,4,monomial_full,sup023_P102_ph110,True,False,0.0,0.666667,159.0,182.0,18.42,443.0,460.6,114.0,116.2,128.0,"{'rz': 134, 'sx': 128, 'rx': 67, 'cz': 66, 'rzz': 48, 'barrier': 8}",5,5,0,ok,,44.0,48.0,ok,,0.95,0.861617707054,41.0,44.0,0.98,0.951103080063,41.0,44.0,0.98,0.951103080063,41.0,44.0,custom_states,False,False,False,,
complete4,complete,4,monomial_full,sup023_P102_ph111,True,False,0.0,0.666667,159.0,182.2,18.28,448.0,464.2,114.0,116.2,128.0,"{'rz': 134, 'sx': 128, 'rx': 72, 'cz': 66, 'rzz': 48, 'barrier': 8}",5,5,0,ok,,45.0,48.0,ok,,0.95,0.950807514777,42.0,44.0,0.95,0.950807514777,42.0,44.0,0.95,0.950807514777,42.0,44.0,custom_states,False,False,False,,
complete4,complete,4,monomial_full,sup023_P102_ph112,True,False,0.0,0.666667,157.0,176.0,16.42,436.0,450.2,110.0,112.2,128.0,"{'rz': 134, 'sx': 128, 'cz': 66, 'rx': 64, 'rzz': 44, 'barrier': 8}",5,5,0,ok,,43.0,44.0,ok,,0.95,0.856584867266,40.0,40.0,0.98,0.987833544029,40.0,40.0,0.98,0.987833544029,40.0,40.0,custom_states,False,False,False,,
complete4,complete,4,monomial_full,sup023_P102_ph120,True,False,0.0,0.666667,158.0,180.6,17.5,438.0,455.6,114.0,116.2,128.0,"{'rz': 128, 'sx': 128, 'rx': 68, 'cz': 66, 'rzz': 48, 'barrier': 8}",5,5,0,ok,,45.0,48.0,ok,,0.96,0.951113974616,42.0,44.0,0.96,0.951113974616,42.0,44.0,0.96,0.951113974616,42.0,44.0,custom_states,False,False,False,,
complete4,complete,4,monomial_full,sup023_P102_ph121,True,False,0.0,0.666667,158.0,181.2,18.28,440.0,458.2,114.0,116.2,128.0,"{'rz': 134, 'sx': 128, 'cz': 66, 'rx': 64, 'rzz': 48, 'barrier': 8}",5,5,0,ok,,44.0,48.0,ok,,0.95,0.89727551967,41.0,44.0,,,,,,,,,custom_states,False,False,False,,
complete4,complete,4,monomial_full,sup023_P102_ph122,True,False,0.0,0.666667,157.0,176.0,16.42,436.0,450.2,110.0,112.2,128.0,"{'rz': 134, 'sx': 128, 'cz': 66, 'rx': 64, 'rzz': 44, 'barrier': 8}",5,5,0,ok,,43.0,44.0,ok,,0.95,0.951158445645,40.0,40.0,0.95,0.951158445645,40.0,40.0,0.95,0.951158445645,40.0,40.0,custom_states,False,False,False,,
complete4,complete,4,monomial_full,sup023_P102_ph200,True,False,0.0,0.666667,158.0,181.2,18.28,440.0,458.2,114.0,116.2,128.0,"{'rz': 134, 'sx': 128, 'cz': 66, 'rx': 64, 'rzz': 48, 'barrier': 8}",5,5,0,ok,,44.0,48.0,ok,,0.95,0.951102820786,41.0,44.0,0.95,0.951102820786,41.0,44.0,0.95,0.951102820786,41.0,44.0,custom_states,False,False,False,,
complete4,complete,4,monomial_full,sup023_P102_ph201,True,False,0.0,0.666667,157.0,176.0,16.42,436.0,450.2,110.0,112.2,128.0,"{'rz': 134, 'sx': 128, 'cz': 66, 'rx': 64, 'rzz': 44, 'barrier': 8}",5,5,0,ok,,43.0,44.0,ok,,0.95,0.892044713869,40.0,40.0,0.99,0.987833544029,40.0,40.0,0.99,0.987833544029,40.0,40.0,custom_states,False,False,False,,
complete4,complete,4,monomial_full,sup023_P102_ph202,True,False,0.0,0.666667,159.0,182.2,18.28,444.0,461.0,114.0,116.2,128.0,"{'rz': 134, 'sx': 128, 'rx': 68, 'cz': 66, 'rzz': 48, 'barrier': 8}",5,5,0,ok,,45.0,48.0,ok,,0.96,0.95112487002,42.0,44.0,0.96,0.95112487002,42.0,44.0,0.96,0.95112487002,42.0,44.0,custom_states,False,False,False,,
complete4,complete,4,monomial_full,sup023_P102_ph210,True,False,0.0,0.666667,159.0,182.2,18.28,448.0,464.2,114.0,116.2,128.0,"{'rz': 134, 'sx': 128, 'rx': 72, 'cz': 66, 'rzz': 48, 'barrier': 8}",5,5,0,ok,,45.0,48.0,ok,,0.95,0.951134778533,42.0,44.0,0.95,0.951134778533,42.0,44.0,0.95,0.951134778533,42.0,44.0,custom_states,False,False,False,,
complete4,complete,4,monomial_full,sup023_P102_ph211,True,False,0.0,0.666667,157.0,176.0,16.42,436.0,450.2,110.0,112.2,128.0,"{'rz': 134, 'sx': 128, 'cz': 66, 'rx': 64, 'rzz': 44, 'barrier': 8}",5,5,0,ok,,43.0,44.0,ok,,0.95,0.951121140363,40.0,40.0,0.95,0.951121140363,40.0,40.0,0.95,0.951121140363,40.0,40.0,custom_states,False,False,False,,
complete4,complete,4,monomial_full,sup023_P102_ph212,True,False,0.0,0.666667,159.0,182.2,18.28,444.0,461.0,114.0,116.2,128.0,"{'rz': 134, 'sx': 128, 'rx': 68, 'cz': 66, 'rzz': 48, 'barrier': 8}",5,5,0,ok,,45.0,48.0,ok,,0.97,0.951165997333,42.0,44.0,0.97,0.951165997333,42.0,44.0,0.97,0.951165997333,42.0,44.0,custom_states,False,False,False,,
complete4,complete,4,monomial_full,sup023_P102_ph220,True,False,0.0,0.666667,158.0,181.2,18.28,440.0,458.2,114.0,116.2,128.0,"{'rz': 134, 'sx': 128, 'cz': 66, 'rx': 64, 'rzz': 48, 'barrier': 8}",5,5,0,ok,,44.0,48.0,ok,,0.97,0.951073822796,41.0,44.0,0.97,0.951073822796,41.0,44.0,0.97,0.951073822796,41.0,44.0,custom_states,False,False,False,,
complete4,complete,4,monomial_full,sup023_P102_ph221,True,False,0.0,0.666667,157.0,176.0,16.42,436.0,450.2,110.0,112.2,128.0,"{'rz': 134, 'sx': 128, 'cz': 66, 'rx': 64, 'rzz': 44, 'barrier': 8}",5,5,0,ok,,43.0,44.0,ok,,0.97,0.987833544029,40.0,40.0,0.97,0.987833544029,40.0,40.0,0.97,0.987833544029,40.0,40.0,custom_states,False,False,False,,
complete4,complete,4,monomial_full,sup023_P102_ph222,True,False,0.0,0.666667,159.0,182.2,18.28,445.0,462.4,114.0,116.2,128.0,"{'rz': 134, 'sx': 128, 'rx': 69, 'cz': 66, 'rzz': 48, 'barrier': 8}",5,5,0,ok,,45.0,48.0,ok,,0.95,0.95112328123,42.0,44.0,0.95,0.95112328123,42.0,44.0,0.95,0.95112328123,42.0,44.0,custom_states,False,False,False,,
complete4,complete,4,monomial_full,sup023_P120_ph000,True,False,0.0,0.666667,155.0,172.0,15.17,416.0,432.2,110.0,112.2,128.0,"{'sx': 128, 'rz': 114, 'cz': 66, 'rx': 64, 'rzz': 44, 'barrier': 8}",5,5,0,ok,,42.0,44.0,ok,,0.95,0.951081472132,39.0,40.0,0.95,0.951081472132,39.0,40.0,0.95,0.951081472132,39.0,40.0,custom_states,False,False,False,,
complete4,complete,4,monomial_full,sup023_P120_ph001,True,False,0.0,0.666667,156.0,172.2,14.85,423.0,435.4,110.0,112.2,128.0,"{'sx': 128, 'rz': 121, 'cz': 66, 'rx': 64, 'rzz': 44, 'barrier': 8}",5,5,0,ok,,41.0,44.0,ok,,0.95,0.987833544029,38.0,40.0,0.95,0.987833544029,38.0,40.0,0.95,0.987833544029,38.0,40.0,custom_states,False,False,False,,
complete4,complete,4,monomial_full,sup023_P120_ph002,True,False,0.0,0.666667,157.0,175.4,16.06,424.0,439.6,110.0,112.2,128.0,"{'sx': 128, 'rz': 122, 'cz': 66, 'rx': 64, 'rzz': 44, 'barrier': 8}",5,5,0,ok,,43.0,44.0,ok,,0.96,0.951084386698,40.0,40.0,0.96,0.951084386698,40.0,40.0,0.96,0.951084386698,40.0,40.0,custom_states,False,False,False,,
complete4,complete,4,monomial_full,sup023_P120_ph010,True,False,0.0,0.666667,157.0,176.0,16.92,428.0,443.6,110.0,112.2,128.0,"{'sx': 128, 'rz': 126, 'cz': 66, 'rx': 64, 'rzz': 44, 'barrier': 8}",5,5,0,ok,,43.0,44.0,ok,,0.95,0.921577429336,39.0,40.0,0.95,0.921577429336,39.0,40.0,0.99,0.987833544029,40.0,40.0,custom_states,False,False,False,,
complete4,complete,4,monomial_full,sup023_P120_ph011,True,False,0.0,0.666667,157.0,176.2,17.1,428.0,444.6,110.0,112.2,128.0,"{'sx': 128, 'rz': 126, 'cz': 66, 'rx': 64, 'rzz': 44, 'barrier': 8}",5,5,0,ok,,43.0,44.0,ok,,0.96,0.987833544029,40.0,40.0,0.96,0.987833544029,40.0,40.0,0.96,0.987833544029,40.0,40.0,custom_states,False,False,False,,
complete4,complete,4,monomial_full,sup023_P120_ph012,True,False,0.0,0.666667,157.0,176.2,17.1,427.0,443.8,110.0,112.2,128.0,"{'sx': 128, 'rz': 125, 'cz': 66, 'rx': 64, 'rzz': 44, 'barrier': 8}",5,5,0,ok,,43.0,44.0,ok,,0.95,0.951081472132,40.0,40.0,0.95,0.951081472132,40.0,40.0,0.95,0.951081472132,40.0,40.0,custom_states,False,False,False,,
complete4,complete,4,monomial_full,sup023_P120_ph020,True,False,0.0,0.666667,157.0,176.2,17.1,428.0,444.6,110.0,112.2,128.0,"{'sx': 128, 'rz': 126, 'cz': 66, 'rx': 64, 'rzz': 44, 'barrier': 8}",5,5,0,ok,,43.0,44.0,ok,,0.95,0.951161423781,39.0,40.0,0.95,0.951161423781,39.0,40.0,0.95,0.951161423781,39.0,40.0,custom_states,False,False,False,,
complete4,complete,4,monomial_full,sup023_P120_ph021,True,False,0.0,0.666667,157.0,176.0,17.23,426.0,442.8,110.0,112.2,128.0,"{'sx': 128, 'rz': 124, 'cz': 66, 'rx': 64, 'rzz': 44, 'barrier': 8}",5,5,0,ok,,43.0,44.0,ok,,0.95,0.987833544029,40.0,40.0,0.95,0.987833544029,40.0,40.0,0.95,0.987833544029,40.0,40.0,custom_states,False,False,False,,
complete4,complete,4,monomial_full,sup023_P120_ph022,True,False,0.0,0.666667,157.0,176.0,16.92,428.0,443.8,110.0,112.2,128.0,"{'sx': 128, 'rz': 126, 'cz': 66, 'rx': 64, 'rzz': 44, 'barrier': 8}",5,5,0,ok,,43.0,44.0,ok,,0.96,0.987833544029,40.0,40.0,0.96,0.987833544029,40.0,40.0,0.96,0.987833544029,40.0,40.0,custom_states,False,False,False,,
complete4,complete,4,monomial_full,sup023_P120_ph100,True,False,0.0,0.666667,157.0,176.2,17.1,426.0,443.6,110.0,112.2,128.0,"{'sx': 128, 'rz': 124, 'cz': 66, 'rx': 64, 'rzz': 44, 'barrier': 8}",5,5,0,ok,,43.0,44.0,ok,,0.96,0.951122241033,40.0,40.0,0.96,0.951122241033,40.0,40.0,0.96,0.951122241033,40.0,40.0,custom_states,False,False,False,,
complete4,complete,4,monomial_full,sup023_P120_ph101,True,False,0.0,0.666667,157.0,176.2,17.1,428.0,444.6,110.0,112.2,128.0,"{'sx': 128, 'rz': 126, 'cz': 66, 'rx': 64, 'rzz': 44, 'barrier': 8}",5,5,0,ok,,43.0,44.0,ok,,0.96,0.951084386698,40.0,40.0,0.96,0.951084386698,40.0,40.0,0.96,0.951084386698,40.0,40.0,custom_states,False,False,False,,
complete4,complete,4,monomial_full,sup023_P120_ph102,True,False,0.0,0.666667,157.0,176.0,17.23,427.0,443.6,110.0,112.2,128.0,"{'sx': 128, 'rz': 125, 'cz': 66, 'rx': 64, 'rzz': 44, 'barrier': 8}",5,5,0,ok,,43.0,44.0,ok,,0.98,0.967259650608,40.0,40.0,0.98,0.967259650608,40.0,40.0,0.98,0.967259650608,40.0,40.0,custom_states,False,False,False,,
complete4,complete,4,monomial_full,sup023_P120_ph110,True,False,0.0,0.666667,157.0,175.2,15.87,428.0,442.2,110.0,112.2,128.0,"{'sx': 128, 'rz': 126, 'cz': 66, 'rx': 64, 'rzz': 44, 'barrier': 8}",5,5,0,ok,,43.0,44.0,ok,,0.96,0.987833544029,40.0,40.0,0.96,0.987833544029,40.0,40.0,0.96,0.987833544029,40.0,40.0,custom_states,False,False,False,,
complete4,complete,4,monomial_full,sup023_P120_ph111,True,False,0.0,0.666667,157.0,175.2,15.87,426.0,440.4,110.0,112.2,128.0,"{'sx': 128, 'rz': 124, 'cz': 66, 'rx': 64, 'rzz': 44, 'barrier': 8}",5,5,0,ok,,43.0,44.0,ok,,0.95,0.987833544029,40.0,40.0,0.95,0.987833544029,40.0,40.0,0.95,0.987833544029,40.0,40.0,custom_states,False,False,False,,
complete4,complete,4,monomial_full,sup023_P120_ph112,True,False,0.0,0.666667,157.0,175.2,15.87,422.0,438.2,110.0,112.2,128.0,"{'sx': 128, 'rz': 120, 'cz': 66, 'rx': 64, 'rzz': 44, 'barrier': 8}",5,5,0,ok,,43.0,44.0,ok,,0.95,0.987833544029,38.0,40.0,0.95,0.987833544029,38.0,40.0,0.95,0.987833544029,38.0,40.0,custom_states,False,False,False,,
complete4,complete,4,monomial_full,sup023_P120_ph120,True,False,0.0,0.666667,157.0,176.2,17.1,427.0,443.8,110.0,112.2,128.0,"{'sx': 128, 'rz': 125, 'cz': 66, 'rx': 64, 'rzz': 44, 'barrier': 8}",5,5,0,ok,,43.0,44.0,ok,,0.95,0.951081472132,39.0,40.0,0.95,0.951081472132,39.0,40.0,0.95,0.951081472132,39.0,40.0,custom_states,False,False,False,,
complete4,complete,4,monomial_full,sup023_P120_ph121,True,False,0.0,0.666667,157.0,176.2,17.1,426.0,443.6,110.0,112.2,128.0,"{'sx': 128, 'rz': 124, 'cz': 66, 'rx': 64, 'rzz': 44, 'barrier': 8}",5,5,0,ok,,43.0,44.0,ok,,0.95,0.987833544029,40.0,40.0,0.95,0.987833544029,40.0,40.0,0.95,0.987833544029,40.0,40.0,custom_states,False,False,False,,
complete4,complete,4,monomial_full,sup023_P120_ph122,True,False,0.0,0.666667,157.0,176.2,17.1,428.0,444.6,110.0,112.2,128.0,"{'sx': 128, 'rz': 126, 'cz': 66, 'rx': 64, 'rzz': 44, 'barrier': 8}",5,5,0,ok,,43.0,44.0,ok,,0.95,0.951084386698,40.0,40.0,0.95,0.951084386698,40.0,40.0,0.95,0.951084386698,40.0,40.0,custom_states,False,False,False,,
complete4,complete,4,monomial_full,sup023_P120_ph200,True,False,0.0,0.666667,157.0,176.2,17.1,428.0,444.6,110.0,112.2,128.0,"{'sx': 128, 'rz': 126, 'cz': 66, 'rx': 64, 'rzz': 44, 'barrier': 8}",5,5,0,ok,,43.0,44.0,ok,,0.96,0.977711871471,40.0,40.0,0.96,0.977711871471,40.0,40.0,0.96,0.977711871471,40.0,40.0,custom_states,False,False,False,,
complete4,complete,4,monomial_full,sup023_P120_ph201,True,False,0.0,0.666667,157.0,176.0,17.23,427.0,443.6,110.0,112.2,128.0,"{'sx': 128, 'rz': 125, 'cz': 66, 'rx': 64, 'rzz': 44, 'barrier': 8}",5,5,0,ok,,43.0,44.0,ok,,0.95,0.987833544029,40.0,40.0,0.95,0.987833544029,40.0,40.0,0.95,0.987833544029,40.0,40.0,custom_states,False,False,False,,
complete4,complete,4,monomial_full,sup023_P120_ph202,True,False,0.0,0.666667,157.0,176.2,17.1,428.0,444.0,110.0,112.2,128.0,"{'sx': 128, 'rz': 126, 'cz': 66, 'rx': 64, 'rzz': 44, 'barrier': 8}",5,5,0,ok,,43.0,44.0,ok,,0.95,0.987833544029,40.0,40.0,0.95,0.987833544029,40.0,40.0,0.95,0.987833544029,40.0,40.0,custom_states,False,False,False,,
complete4,complete,4,monomial_full,sup023_P120_ph210,True,False,0.0,0.666667,157.0,176.2,17.1,426.0,442.8,110.0,112.2,128.0,"{'sx': 128, 'rz': 124, 'cz': 66, 'rx': 64, 'rzz': 44, 'barrier': 8}",5,5,0,ok,,43.0,44.0,ok,,0.95,0.951113974616,40.0,40.0,0.95,0.951113974616,40.0,40.0,0.95,0.951113974616,40.0,40.0,custom_states,False,False,False,,
complete4,complete,4,monomial_full,sup023_P120_ph211,True,False,0.0,0.666667,157.0,176.2,17.1,426.0,443.6,110.0,112.2,128.0,"{'sx': 128, 'rz': 124, 'cz': 66, 'rx': 64, 'rzz': 44, 'barrier': 8}",5,5,0,ok,,43.0,44.0,ok,,0.96,0.987833544029,40.0,40.0,0.96,0.987833544029,40.0,40.0,0.96,0.987833544029,40.0,40.0,custom_states,False,False,False,,
complete4,complete,4,monomial_full,sup023_P120_ph212,True,False,0.0,0.666667,157.0,176.2,17.1,428.0,444.6,110.0,112.2,128.0,"{'sx': 128, 'rz': 126, 'cz': 66, 'rx': 64, 'rzz': 44, 'barrier': 8}",5,5,0,ok,,43.0,44.0,ok,,0.95,0.987833544029,40.0,40.0,0.95,0.987833544029,40.0,40.0,0.95,0.987833544029,40.0,40.0,custom_states,False,False,False,,
complete4,complete,4,monomial_full,sup023_P120_ph220,True,False,0.0,0.666667,156.0,173.4,15.23,419.0,435.6,110.0,112.2,128.0,"{'sx': 128, 'rz': 117, 'cz': 66, 'rx': 64, 'rzz': 44, 'barrier': 8}",5,5,0,ok,,41.0,44.0,ok,,0.95,0.987833544029,38.0,40.0,0.95,0.987833544029,38.0,40.0,0.95,0.987833544029,38.0,40.0,custom_states,False,False,False,,
complete4,complete,4,monomial_full,sup023_P120_ph221,True,False,0.0,0.666667,157.0,175.2,15.87,428.0,442.2,110.0,112.2,128.0,"{'sx': 128, 'rz': 126, 'cz': 66, 'rx': 64, 'rzz': 44, 'barrier': 8}",5,5,0,ok,,43.0,44.0,ok,,0.96,0.987833544029,40.0,40.0,0.96,0.987833544029,40.0,40.0,0.96,0.987833544029,40.0,40.0,custom_states,False,False,False,,
complete4,complete,4,monomial_full,sup023_P120_ph222,True,False,0.0,0.666667,157.0,174.4,15.23,424.0,439.6,110.0,112.2,128.0,"{'sx': 128, 'rz': 122, 'cz': 66, 'rx': 64, 'rzz': 44, 'barrier': 8}",5,5,0,ok,,43.0,44.0,ok,,0.95,0.951113974616,40.0,40.0,0.95,0.951113974616,40.0,40.0,0.95,0.951113974616,40.0,40.0,custom_states,False,False,False,,
complete4,complete,4,monomial_full,sup023_P201_ph000,True,False,0.0,0.666667,151.0,164.6,14.04,392.0,409.6,106.0,108.2,128.0,"{'sx': 128, 'rz': 106, 'cz': 70, 'rx': 52, 'rzz': 36, 'barrier': 8}",5,5,0,ok,,38.0,40.0,ok,,0.95,0.963233236875,35.0,36.0,0.95,0.963233236875,35.0,36.0,0.95,0.963233236875,35.0,36.0,custom_states,False,False,False,,
complete4,complete,4,monomial_full,sup023_P201_ph001,True,False,0.0,0.666667,152.0,165.0,14.49,396.0,412.4,106.0,108.2,128.0,"{'sx': 128, 'rz': 110, 'cz': 66, 'rx': 52, 'rzz': 40, 'barrier': 8}",5,5,0,ok,,38.0,40.0,ok,,0.95,0.987833544029,35.0,36.0,0.95,0.987833544029,35.0,36.0,0.95,0.987833544029,35.0,36.0,custom_states,False,False,False,,
complete4,complete,4,monomial_full,sup023_P201_ph002,True,False,0.0,0.666667,151.0,163.8,14.34,390.0,408.2,106.0,108.2,128.0,"{'sx': 128, 'rz': 110, 'cz': 66, 'rx': 46, 'rzz': 40, 'barrier': 8}",5,5,0,ok,,38.0,40.0,ok,,0.96,0.987833544029,35.0,36.0,0.96,0.987833544029,35.0,36.0,0.96,0.987833544029,35.0,36.0,custom_states,False,False,False,,
complete4,complete,4,monomial_full,sup023_P201_ph010,True,False,0.0,0.666667,150.0,163.6,13.98,388.0,406.8,106.0,108.2,128.0,"{'sx': 128, 'rz': 110, 'cz': 66, 'rx': 44, 'rzz': 40, 'barrier': 8}",5,5,0,ok,,37.0,40.0,ok,,0.96,0.987833544029,34.0,36.0,0.96,0.987833544029,34.0,36.0,0.96,0.987833544029,34.0,36.0,custom_states,False,False,False,,
complete4,complete,4,monomial_full,sup023_P201_ph011,True,False,0.0,0.666667,152.0,165.0,14.04,396.0,412.4,106.0,108.2,128.0,"{'sx': 128, 'rz': 110, 'cz': 66, 'rx': 52, 'rzz': 40, 'barrier': 8}",5,5,0,ok,,38.0,40.0,ok,,0.98,0.980951406883,35.0,36.0,0.98,0.980951406883,35.0,36.0,0.98,0.980951406883,35.0,36.0,custom_states,False,False,False,,
complete4,complete,4,monomial_full,sup023_P201_ph012,True,False,0.0,0.666667,148.0,160.2,13.11,383.0,397.4,106.0,108.2,128.0,"{'sx': 118, 'rz': 107, 'cz': 67, 'rx': 52, 'rzz': 39, 'barrier': 8}",5,5,0,ok,,36.0,40.0,ok,,0.95,0.988017451101,33.0,36.0,0.95,0.988017451101,33.0,36.0,0.95,0.988017451101,33.0,36.0,custom_states,False,False,False,,
complete4,complete,4,monomial_full,sup023_P201_ph020,True,False,0.0,0.666667,151.0,164.2,13.95,390.0,409.0,106.0,108.2,128.0,"{'sx': 128, 'rz': 110, 'cz': 66, 'rx': 46, 'rzz': 40, 'barrier': 8}",5,5,0,ok,,38.0,40.0,ok,,0.96,0.987833544029,35.0,36.0,0.96,0.987833544029,35.0,36.0,0.96,0.987833544029,35.0,36.0,custom_states,False,False,False,,
complete4,complete,4,monomial_full,sup023_P201_ph021,True,False,0.0,0.666667,149.0,161.4,12.44,384.0,400.8,106.0,108.2,128.0,"{'sx': 128, 'rz': 106, 'cz': 70, 'rx': 44, 'rzz': 36, 'barrier': 8}",5,5,0,ok,,37.0,40.0,ok,,0.95,0.987833544029,34.0,36.0,0.95,0.987833544029,34.0,36.0,0.95,0.987833544029,34.0,36.0,custom_states,False,False,False,,
complete4,complete,4,monomial_full,sup023_P201_ph022,True,False,0.0,0.666667,150.0,163.0,13.62,388.0,406.2,106.0,108.2,128.0,"{'sx': 128, 'rz': 110, 'cz': 66, 'rx': 44, 'rzz': 40, 'barrier': 8}",5,5,0,ok,,37.0,40.0,ok,,0.97,0.983026534524,34.0,36.0,0.97,0.983026534524,34.0,36.0,0.97,0.983026534524,34.0,36.0,custom_states,False,False,False,,
complete4,complete,4,monomial_full,sup023_P201_ph100,True,False,0.0,0.666667,152.0,164.4,14.15,394.0,409.6,106.0,108.2,128.0,"{'sx': 128, 'rz': 110, 'cz': 66, 'rx': 50, 'rzz': 40, 'barrier': 8}",5,5,0,ok,,37.0,40.0,ok,,0.96,0.987833544029,34.0,36.0,0.96,0.987833544029,34.0,36.0,0.96,0.987833544029,34.0,36.0,custom_states,False,False,False,,
complete4,complete,4,monomial_full,sup023_P201_ph101,True,False,0.0,0.666667,148.0,160.2,13.11,383.0,397.8,106.0,108.2,128.0,"{'sx': 118, 'rz': 107, 'cz': 67, 'rx': 52, 'rzz': 39, 'barrier': 8}",5,5,0,ok,,36.0,40.0,ok,,0.95,0.987833544029,33.0,36.0,0.95,0.987833544029,33.0,36.0,0.95,0.987833544029,33.0,36.0,custom_states,False,False,False,,
complete4,complete,4,monomial_full,sup023_P201_ph102,True,False,0.0,0.666667,150.0,163.0,13.71,388.0,406.4,106.0,108.2,128.0,"{'sx': 128, 'rz': 110, 'cz': 66, 'rx': 44, 'rzz': 40, 'barrier': 8}",5,5,0,ok,,37.0,40.0,ok,,0.96,0.987833544029,34.0,36.0,0.96,0.987833544029,34.0,36.0,0.96,0.987833544029,34.0,36.0,custom_states,False,False,False,,
complete4,complete,4,monomial_full,sup023_P201_ph110,True,False,0.0,0.666667,151.0,163.4,14.29,388.0,405.6,106.0,108.2,128.0,"{'sx': 128, 'rz': 102, 'cz': 70, 'rx': 52, 'rzz': 36, 'barrier': 8}",5,5,0,ok,,38.0,40.0,ok,,0.95,0.971670858124,35.0,36.0,0.95,0.971670858124,35.0,36.0,0.95,0.971670858124,35.0,36.0,custom_states,False,False,False,,
complete4,complete,4,monomial_full,sup023_P201_ph111,True,False,0.0,0.666667,152.0,164.4,13.37,396.0,411.6,106.0,108.2,128.0,"{'sx': 128, 'rz': 110, 'cz': 66, 'rx': 52, 'rzz': 40, 'barrier': 8}",5,5,0,ok,,38.0,40.0,ok,,0.99,0.960773309713,35.0,36.0,0.99,0.960773309713,35.0,36.0,0.99,0.960773309713,35.0,36.0,custom_states,False,False,False,,
complete4,complete,4,monomial_full,sup023_P201_ph112,True,False,0.0,0.666667,152.0,164.4,13.72,396.0,411.2,106.0,108.2,128.0,"{'sx': 128, 'rz': 110, 'cz': 66, 'rx': 52, 'rzz': 40, 'barrier': 8}",5,5,0,ok,,38.0,40.0,ok,,0.95,0.979645111392,35.0,36.0,0.95,0.979645111392,35.0,36.0,0.95,0.979645111392,35.0,36.0,custom_states,False,False,False,,
complete4,complete,4,monomial_full,sup023_P201_ph120,True,False,0.0,0.666667,150.0,163.2,13.14,388.0,406.2,106.0,108.2,128.0,"{'sx': 128, 'rz': 110, 'cz': 66, 'rx': 44, 'rzz': 40, 'barrier': 8}",5,5,0,ok,,37.0,40.0,ok,,0.96,0.987833544029,34.0,36.0,0.96,0.987833544029,34.0,36.0,0.96,0.987833544029,34.0,36.0,custom_states,False,False,False,,
complete4,complete,4,monomial_full,sup023_P201_ph121,True,False,0.0,0.666667,151.0,163.4,13.4,386.0,405.2,106.0,108.2,128.0,"{'sx': 128, 'rz': 106, 'cz': 66, 'rx': 46, 'rzz': 40, 'barrier': 8}",5,5,0,ok,,37.0,40.0,ok,,0.97,0.987833544029,34.0,36.0,0.97,0.987833544029,34.0,36.0,0.97,0.987833544029,34.0,36.0,custom_states,False,False,False,,
complete4,complete,4,monomial_full,sup023_P201_ph122,True,False,0.0,0.666667,151.0,164.6,14.04,392.0,410.0,106.0,108.2,128.0,"{'sx': 128, 'rz': 106, 'cz': 70, 'rx': 52, 'rzz': 36, 'barrier': 8}",5,5,0,ok,,38.0,40.0,ok,,0.95,0.987833544029,35.0,36.0,0.95,0.987833544029,35.0,36.0,0.95,0.987833544029,35.0,36.0,custom_states,False,False,False,,
complete4,complete,4,monomial_full,sup023_P201_ph200,True,False,0.0,0.666667,150.0,163.4,13.43,388.0,406.2,106.0,108.2,128.0,"{'sx': 128, 'rz': 110, 'cz': 66, 'rx': 44, 'rzz': 40, 'barrier': 8}",5,5,0,ok,,37.0,40.0,ok,,0.96,0.987833544029,34.0,36.0,0.96,0.987833544029,34.0,36.0,0.96,0.987833544029,34.0,36.0,custom_states,False,False,False,,
complete4,complete,4,monomial_full,sup023_P201_ph201,True,False,0.0,0.666667,151.0,163.6,14.47,388.0,406.2,106.0,108.2,128.0,"{'sx': 128, 'rz': 110, 'cz': 66, 'rx': 44, 'rzz': 40, 'barrier': 8}",5,5,0,ok,,37.0,40.0,ok,,0.95,0.987833544029,34.0,36.0,0.95,0.987833544029,34.0,36.0,0.95,0.987833544029,34.0,36.0,custom_states,False,False,False,,
complete4,complete,4,monomial_full,sup023_P201_ph202,True,False,0.0,0.666667,151.0,163.2,14.12,386.0,403.4,106.0,108.2,128.0,"{'sx': 128, 'rz': 100, 'cz': 70, 'rx': 52, 'rzz': 36, 'barrier': 8}",5,5,0,ok,,38.0,40.0,ok,,0.95,0.926297998811,35.0,36.0,0.95,0.926297998811,35.0,36.0,0.99,0.987833544029,35.0,36.0,custom_states,False,False,False,,
complete4,complete,4,monomial_full,sup023_P201_ph210,True,False,0.0,0.666667,151.0,163.2,13.53,390.0,405.6,106.0,108.2,128.0,"{'sx': 128, 'rz': 106, 'cz': 66, 'rx': 50, 'rzz': 40, 'barrier': 8}",5,5,0,ok,,37.0,40.0,ok,,0.96,0.987833544029,34.0,36.0,0.96,0.987833544029,34.0,36.0,0.96,0.987833544029,34.0,36.0,custom_states,False,False,False,,
complete4,complete,4,monomial_full,sup023_P201_ph211,True,False,0.0,0.666667,148.0,159.8,13.04,381.0,394.4,106.0,108.2,128.0,"{'sx': 119, 'rz': 105, 'cz': 67, 'rx': 51, 'rzz': 39, 'barrier': 8}",5,5,0,ok,,36.0,40.0,ok,,0.95,0.987833544029,33.0,36.0,0.95,0.987833544029,33.0,36.0,0.95,0.987833544029,33.0,36.0,custom_states,False,False,False,,
complete4,complete,4,monomial_full,sup023_P201_ph212,True,False,0.0,0.666667,152.0,163.8,12.95,392.0,407.8,106.0,108.2,128.0,"{'sx': 128, 'rz': 106, 'cz': 66, 'rx': 52, 'rzz': 40, 'barrier': 8}",5,5,0,ok,,38.0,40.0,ok,,0.96,0.987833544029,35.0,36.0,0.96,0.987833544029,35.0,36.0,0.96,0.987833544029,35.0,36.0,custom_states,False,False,False,,
complete4,complete,4,monomial_full,sup023_P201_ph220,True,False,0.0,0.666667,146.0,159.4,13.43,380.0,395.8,106.0,108.2,128.0,"{'sx': 118, 'rz': 104, 'cz': 67, 'rx': 52, 'rzz': 39, 'barrier': 8}",5,5,0,ok,,36.0,40.0,ok,,0.95,0.987833544029,33.0,36.0,0.95,0.987833544029,33.0,36.0,0.95,0.987833544029,33.0,36.0,custom_states,False,False,False,,
complete4,complete,4,monomial_full,sup023_P201_ph221,True,False,0.0,0.666667,152.0,164.8,13.85,394.0,409.8,106.0,108.2,128.0,"{'sx': 128, 'rz': 110, 'cz': 66, 'rx': 50, 'rzz': 40, 'barrier': 8}",5,5,0,ok,,37.0,40.0,ok,,0.96,0.987833544029,34.0,36.0,0.96,0.987833544029,34.0,36.0,0.96,0.987833544029,34.0,36.0,custom_states,False,False,False,,
complete4,complete,4,monomial_full,sup023_P201_ph222,True,False,0.0,0.666667,151.0,163.8,13.42,390.0,409.0,106.0,108.2,128.0,"{'sx': 128, 'rz': 110, 'cz': 66, 'rx': 46, 'rzz': 40, 'barrier': 8}",5,5,0,ok,,38.0,40.0,ok,,0.96,0.987833544029,35.0,36.0,0.96,0.987833544029,35.0,36.0,0.96,0.987833544029,35.0,36.0,custom_states,False,False,False,,
complete4,complete,4,monomial_full,sup023_P210_ph000,True,False,0.0,0.666667,151.0,164.6,14.04,392.0,409.6,106.0,108.2,128.0,"{'sx': 128, 'rz': 106, 'cz': 70, 'rx': 52, 'rzz': 36, 'barrier': 8}",5,5,0,ok,,38.0,40.0,ok,,0.95,0.987833544029,35.0,36.0,0.95,0.987833544029,35.0,36.0,0.95,0.987833544029,35.0,36.0,custom_states,False,False,False,,
complete4,complete,4,monomial_full,sup023_P210_ph001,True,False,0.0,0.666667,151.0,163.4,12.86,392.0,407.6,106.0,108.2,128.0,"{'sx': 128, 'rz': 106, 'cz': 70, 'rx': 52, 'rzz': 36, 'barrier': 8}",5,5,0,ok,,37.0,40.0,ok,,0.95,0.987833544029,34.0,36.0,0.95,0.987833544029,34.0,36.0,0.95,0.987833544029,34.0,36.0,custom_states,False,False,False,,
complete4,complete,4,monomial_full,sup023_P210_ph002,True,False,0.0,0.666667,151.0,163.8,13.42,392.0,408.6,106.0,108.2,128.0,"{'sx': 128, 'rz': 106, 'cz': 70, 'rx': 52, 'rzz': 36, 'barrier': 8}",5,5,0,ok,,37.0,40.0,ok,,0.95,0.881233609259,34.0,36.0,0.98,0.987833544029,34.0,36.0,0.98,0.987833544029,34.0,36.0,custom_states,False,False,False,,
complete4,complete,4,monomial_full,sup023_P210_ph010,True,False,0.0,0.666667,151.0,164.6,14.95,388.0,406.4,106.0,108.2,128.0,"{'sx': 128, 'rz': 102, 'cz': 70, 'rx': 52, 'rzz': 36, 'barrier': 8}",5,5,0,ok,,38.0,40.0,ok,,0.95,0.987833544029,35.0,36.0,0.95,0.987833544029,35.0,36.0,0.95,0.987833544029,35.0,36.0,custom_states,False,False,False,,
complete4,complete,4,monomial_full,sup023_P210_ph011,True,False,0.0,0.666667,151.0,164.8,14.72,393.0,408.4,106.0,108.2,128.0,"{'sx': 118, 'rz': 110, 'cz': 67, 'rx': 59, 'rzz': 39, 'barrier': 8}",5,5,0,ok,,37.0,40.0,ok,,0.95,0.987833544029,34.0,36.0,0.95,0.987833544029,34.0,36.0,0.95,0.987833544029,34.0,36.0,custom_states,False,False,False,,
complete4,complete,4,monomial_full,sup023_P210_ph012,True,False,0.0,0.666667,152.0,165.4,15.12,392.0,409.4,106.0,108.2,128.0,"{'sx': 128, 'rz': 106, 'cz': 70, 'rx': 52, 'rzz': 36, 'barrier': 8}",5,5,0,ok,,38.0,40.0,ok,,0.96,0.987833544029,35.0,36.0,0.96,0.987833544029,35.0,36.0,0.96,0.987833544029,35.0,36.0,custom_states,False,False,False,,
complete4,complete,4,monomial_full,sup023_P210_ph020,True,False,0.0,0.666667,151.0,164.6,14.95,388.0,406.8,106.0,108.2,128.0,"{'sx': 128, 'rz': 102, 'cz': 70, 'rx': 52, 'rzz': 36, 'barrier': 8}",5,5,0,ok,,38.0,40.0,ok,,0.96,0.987833544029,35.0,36.0,0.96,0.987833544029,35.0,36.0,0.96,0.987833544029,35.0,36.0,custom_states,False,False,False,,
complete4,complete,4,monomial_full,sup023_P210_ph021,True,False,0.0,0.666667,152.0,166.2,14.3,396.0,412.8,106.0,108.2,128.0,"{'sx': 128, 'rz': 110, 'cz': 70, 'rx': 52, 'rzz': 36, 'barrier': 8}",5,5,0,ok,,38.0,40.0,ok,,0.95,0.987833544029,35.0,36.0,0.95,0.987833544029,35.0,36.0,0.95,0.987833544029,35.0,36.0,custom_states,False,False,False,,
complete4,complete,4,monomial_full,sup023_P210_ph022,True,False,0.0,0.666667,152.0,165.4,15.12,392.0,409.8,106.0,108.2,128.0,"{'sx': 128, 'rz': 106, 'cz': 70, 'rx': 52, 'rzz': 36, 'barrier': 8}",5,5,0,ok,,38.0,40.0,ok,,0.96,0.987833544029,35.0,36.0,0.96,0.987833544029,35.0,36.0,0.96,0.987833544029,35.0,36.0,custom_states,False,False,False,,
complete4,complete,4,monomial_full,sup023_P210_ph100,True,False,0.0,0.666667,152.0,166.2,14.3,396.0,412.8,106.0,108.2,128.0,"{'sx': 128, 'rz': 110, 'cz': 70, 'rx': 52, 'rzz': 36, 'barrier': 8}",5,5,0,ok,,38.0,40.0,ok,,0.96,0.987833544029,35.0,36.0,0.96,0.987833544029,35.0,36.0,0.96,0.987833544029,35.0,36.0,custom_states,False,False,False,,
complete4,complete,4,monomial_full,sup023_P210_ph101,True,False,0.0,0.666667,152.0,166.6,14.87,396.0,413.8,106.0,108.2,128.0,"{'sx': 128, 'rz': 110, 'cz': 70, 'rx': 52, 'rzz': 36, 'barrier': 8}",5,5,0,ok,,38.0,40.0,ok,,0.96,0.987833544029,35.0,36.0,0.96,0.987833544029,35.0,36.0,0.96,0.987833544029,35.0,36.0,custom_states,False,False,False,,
complete4,complete,4,monomial_full,sup023_P210_ph102,True,False,0.0,0.666667,151.0,165.8,14.72,392.0,410.8,106.0,108.2,128.0,"{'sx': 128, 'rz': 106, 'cz': 70, 'rx': 52, 'rzz': 36, 'barrier': 8}",5,5,0,ok,,38.0,40.0,ok,,0.96,0.881233609259,35.0,36.0,0.98,0.987833544029,35.0,36.0,0.98,0.987833544029,35.0,36.0,custom_states,False,False,False,,
complete4,complete,4,monomial_full,sup023_P210_ph110,True,False,0.0,0.666667,151.0,164.8,14.72,393.0,408.4,106.0,108.2,128.0,"{'sx': 118, 'rz': 110, 'cz': 67, 'rx': 59, 'rzz': 39, 'barrier': 8}",5,5,0,ok,,37.0,40.0,ok,,0.96,0.987833544029,34.0,36.0,0.96,0.987833544029,34.0,36.0,0.96,0.987833544029,34.0,36.0,custom_states,False,False,False,,
complete4,complete,4,monomial_full,sup023_P210_ph111,True,False,0.0,0.666667,152.0,165.4,15.12,392.0,409.8,106.0,108.2,128.0,"{'sx': 128, 'rz': 106, 'cz': 70, 'rx': 52, 'rzz': 36, 'barrier': 8}",5,5,0,ok,,38.0,40.0,ok,,0.96,0.987833544029,35.0,36.0,0.96,0.987833544029,35.0,36.0,0.96,0.987833544029,35.0,36.0,custom_states,False,False,False,,
complete4,complete,4,monomial_full,sup023_P210_ph112,True,False,0.0,0.666667,151.0,165.8,14.72,392.0,410.8,106.0,108.2,128.0,"{'sx': 128, 'rz': 106, 'cz': 70, 'rx': 52, 'rzz': 36, 'barrier': 8}",5,5,0,ok,,38.0,40.0,ok,,0.95,0.987833544029,35.0,36.0,0.95,0.987833544029,35.0,36.0,0.95,0.987833544029,35.0,36.0,custom_states,False,False,False,,
complete4,complete,4,monomial_full,sup023_P210_ph120,True,False,0.0,0.666667,151.0,163.4,12.86,392.0,408.0,106.0,108.2,128.0,"{'sx': 128, 'rz': 106, 'cz': 70, 'rx': 52, 'rzz': 36, 'barrier': 8}",5,5,0,ok,,37.0,40.0,ok,,0.95,0.881233609259,34.0,36.0,0.98,0.987833544029,34.0,36.0,0.98,0.987833544029,34.0,36.0,custom_states,False,False,False,,
complete4,complete,4,monomial_full,sup023_P210_ph121,True,False,0.0,0.666667,151.0,163.6,13.69,393.0,407.0,106.0,108.2,128.0,"{'sx': 118, 'rz': 111, 'cz': 67, 'rx': 58, 'rzz': 39, 'barrier': 8}",5,5,0,ok,,38.0,40.0,ok,,0.96,0.987833544029,35.0,36.0,0.96,0.987833544029,35.0,36.0,0.96,0.987833544029,35.0,36.0,custom_states,False,False,False,,
complete4,complete,4,monomial_full,sup023_P210_ph122,True,False,0.0,0.666667,149.0,160.6,12.86,387.0,400.0,106.0,108.2,128.0,"{'sx': 118, 'rz': 105, 'cz': 67, 'rx': 58, 'rzz': 39, 'barrier': 8}",5,5,0,ok,,37.0,40.0,ok,,0.95,0.987833544029,34.0,36.0,0.95,0.987833544029,34.0,36.0,0.95,0.987833544029,34.0,36.0,custom_states,False,False,False,,
complete4,complete,4,monomial_full,sup023_P210_ph200,True,False,0.0,0.666667,152.0,166.6,14.87,396.0,413.8,106.0,108.2,128.0,"{'sx': 128, 'rz': 110, 'cz': 70, 'rx': 52, 'rzz': 36, 'barrier': 8}",5,5,0,ok,,38.0,40.0,ok,,0.95,0.987833544029,35.0,36.0,0.95,0.987833544029,35.0,36.0,0.95,0.987833544029,35.0,36.0,custom_states,False,False,False,,
complete4,complete,4,monomial_full,sup023_P210_ph201,True,False,0.0,0.666667,151.0,164.6,14.95,388.0,406.8,106.0,108.2,128.0,"{'sx': 128, 'rz': 102, 'cz': 70, 'rx': 52, 'rzz': 36, 'barrier': 8}",5,5,0,ok,,38.0,40.0,ok,,0.96,0.987833544029,35.0,36.0,0.96,0.987833544029,35.0,36.0,0.96,0.987833544029,35.0,36.0,custom_states,False,False,False,,
complete4,complete,4,monomial_full,sup023_P210_ph202,True,False,0.0,0.666667,152.0,166.2,14.3,396.0,412.8,106.0,108.2,128.0,"{'sx': 128, 'rz': 110, 'cz': 70, 'rx': 52, 'rzz': 36, 'barrier': 8}",5,5,0,ok,,38.0,40.0,ok,,0.95,0.881233609259,35.0,36.0,0.98,0.987833544029,35.0,36.0,0.98,0.987833544029,35.0,36.0,custom_states,False,False,False,,
complete4,complete,4,monomial_full,sup023_P210_ph210,True,False,0.0,0.666667,151.0,163.6,13.69,393.0,407.4,106.0,108.2,128.0,"{'sx': 118, 'rz': 111, 'cz': 67, 'rx': 58, 'rzz': 39, 'barrier': 8}",5,5,0,ok,,38.0,40.0,ok,,0.96,0.987833544029,35.0,36.0,0.96,0.987833544029,35.0,36.0,0.96,0.987833544029,35.0,36.0,custom_states,False,False,False,,
complete4,complete,4,monomial_full,sup023_P210_ph211,True,False,0.0,0.666667,151.0,164.6,14.04,392.0,409.6,106.0,108.2,128.0,"{'sx': 128, 'rz': 106, 'cz': 70, 'rx': 52, 'rzz': 36, 'barrier': 8}",5,5,0,ok,,38.0,40.0,ok,,0.95,0.881233609259,35.0,36.0,0.98,0.987833544029,35.0,36.0,0.98,0.987833544029,35.0,36.0,custom_states,False,False,False,,
complete4,complete,4,monomial_full,sup023_P210_ph212,True,False,0.0,0.666667,151.0,163.4,12.86,392.0,408.0,106.0,108.2,128.0,"{'sx': 128, 'rz': 106, 'cz': 70, 'rx': 52, 'rzz': 36, 'barrier': 8}",5,5,0,ok,,37.0,40.0,ok,,0.95,0.987833544029,34.0,36.0,0.95,0.987833544029,34.0,36.0,0.95,0.987833544029,34.0,36.0,custom_states,False,False,False,,
complete4,complete,4,monomial_full,sup023_P210_ph220,True,False,0.0,0.666667,152.0,166.6,14.87,396.0,413.8,106.0,108.2,128.0,"{'sx': 128, 'rz': 110, 'cz': 70, 'rx': 52, 'rzz': 36, 'barrier': 8}",5,5,0,ok,,38.0,40.0,ok,,0.96,0.881233609259,35.0,36.0,0.98,0.987833544029,35.0,36.0,0.98,0.987833544029,35.0,36.0,custom_states,False,False,False,,
complete4,complete,4,monomial_full,sup023_P210_ph221,True,False,0.0,0.666667,151.0,165.8,14.72,392.0,411.2,106.0,108.2,128.0,"{'sx': 128, 'rz': 106, 'cz': 70, 'rx': 52, 'rzz': 36, 'barrier': 8}",5,5,0,ok,,38.0,40.0,ok,,0.96,0.987833544029,35.0,36.0,0.96,0.987833544029,35.0,36.0,0.96,0.987833544029,35.0,36.0,custom_states,False,False,False,,
complete4,complete,4,monomial_full,sup023_P210_ph222,True,False,0.0,0.666667,151.0,164.8,14.72,393.0,408.8,106.0,108.2,128.0,"{'sx': 118, 'rz': 110, 'cz': 67, 'rx': 59, 'rzz': 39, 'barrier': 8}",5,5,0,ok,,37.0,40.0,ok,,0.95,0.987833544029,34.0,36.0,0.95,0.987833544029,34.0,36.0,0.95,0.987833544029,34.0,36.0,custom_states,False,False,False,,
complete4,complete,4,monomial_full,sup123_P012_ph000,True,False,0.0,0.666667,150.0,163.4,14.19,388.0,406.4,106.0,108.2,128.0,"{'sx': 128, 'rz': 102, 'cz': 70, 'rx': 52, 'rzz': 36, 'barrier': 8}",5,5,0,ok,,37.0,40.0,ok,,0.95,0.987833544029,34.0,36.0,0.95,0.987833544029,34.0,36.0,0.95,0.987833544029,34.0,36.0,custom_states,False,False,False,,
complete4,complete,4,monomial_full,sup123_P012_ph001,True,False,0.0,0.666667,151.0,165.0,14.09,392.0,411.0,106.0,108.2,128.0,"{'sx': 128, 'rz': 106, 'cz': 70, 'rx': 52, 'rzz': 36, 'barrier': 8}",5,5,0,ok,,38.0,40.0,ok,,0.96,0.987833544029,35.0,36.0,0.96,0.987833544029,35.0,36.0,0.96,0.987833544029,35.0,36.0,custom_states,False,False,False,,
complete4,complete,4,monomial_full,sup123_P012_ph002,True,False,0.0,0.666667,150.0,163.0,12.77,392.0,408.8,106.0,108.2,128.0,"{'sx': 128, 'rz': 106, 'cz': 70, 'rx': 52, 'rzz': 36, 'barrier': 8}",5,5,0,ok,,38.0,40.0,ok,,0.96,0.987833544029,35.0,36.0,0.96,0.987833544029,35.0,36.0,0.96,0.987833544029,35.0,36.0,custom_states,False,False,False,,
complete4,complete,4,monomial_full,sup123_P012_ph010,True,False,0.0,0.666667,150.0,162.8,12.56,390.0,407.2,106.0,108.2,128.0,"{'sx': 128, 'rz': 104, 'cz': 70, 'rx': 52, 'rzz': 36, 'barrier': 8}",5,5,0,ok,,37.0,40.0,ok,,0.95,0.987833544029,34.0,36.0,0.95,0.987833544029,34.0,36.0,0.95,0.987833544029,34.0,36.0,custom_states,False,False,False,,
complete4,complete,4,monomial_full,sup123_P012_ph011,True,False,0.0,0.666667,150.0,162.8,12.56,390.0,407.2,106.0,108.2,128.0,"{'sx': 128, 'rz': 104, 'cz': 70, 'rx': 52, 'rzz': 36, 'barrier': 8}",5,5,0,ok,,37.0,40.0,ok,,0.95,0.987833544029,34.0,36.0,0.95,0.987833544029,34.0,36.0,0.95,0.987833544029,34.0,36.0,custom_states,False,False,False,,
complete4,complete,4,monomial_full,sup123_P012_ph012,True,False,0.0,0.666667,150.0,162.2,13.03,388.0,403.4,106.0,108.2,128.0,"{'sx': 128, 'rz': 102, 'cz': 70, 'rx': 52, 'rzz': 36, 'barrier': 8}",5,5,0,ok,,37.0,40.0,ok,,0.96,0.987833544029,34.0,36.0,0.96,0.987833544029,34.0,36.0,0.96,0.987833544029,34.0,36.0,custom_states,False,False,False,,
complete4,complete,4,monomial_full,sup123_P012_ph020,True,False,0.0,0.666667,150.0,163.2,12.64,392.0,409.0,106.0,108.2,128.0,"{'sx': 128, 'rz': 106, 'cz': 70, 'rx': 52, 'rzz': 36, 'barrier': 8}",5,5,0,ok,,38.0,40.0,ok,,0.95,0.987833544029,35.0,36.0,0.95,0.987833544029,35.0,36.0,0.95,0.987833544029,35.0,36.0,custom_states,False,False,False,,
complete4,complete,4,monomial_full,sup123_P012_ph021,True,False,0.0,0.666667,150.0,162.2,13.03,388.0,403.4,106.0,108.2,128.0,"{'sx': 128, 'rz': 102, 'cz': 70, 'rx': 52, 'rzz': 36, 'barrier': 8}",5,5,0,ok,,37.0,40.0,ok,,0.95,0.957707253778,34.0,36.0,0.95,0.957707253778,34.0,36.0,0.95,0.957707253778,34.0,36.0,custom_states,False,False,False,,
complete4,complete,4,monomial_full,sup123_P012_ph022,True,False,0.0,0.666667,151.0,165.2,13.95,392.0,411.2,106.0,108.2,128.0,"{'sx': 128, 'rz': 106, 'cz': 70, 'rx': 52, 'rzz': 36, 'barrier': 8}",5,5,0,ok,,38.0,40.0,ok,,0.95,0.987833544029,35.0,36.0,0.95,0.987833544029,35.0,36.0,0.95,0.987833544029,35.0,36.0,custom_states,False,False,False,,
complete4,complete,4,monomial_full,sup123_P012_ph100,True,False,0.0,0.666667,150.0,163.2,14.01,386.0,404.6,106.0,108.2,128.0,"{'sx': 128, 'rz': 100, 'cz': 70, 'rx': 52, 'rzz': 36, 'barrier': 8}",5,5,0,ok,,37.0,40.0,ok,,0.96,0.987833544029,34.0,36.0,0.96,0.987833544029,34.0,36.0,0.96,0.987833544029,34.0,36.0,custom_states,False,False,False,,
complete4,complete,4,monomial_full,sup123_P012_ph101,True,False,0.0,0.666667,150.0,162.8,12.56,390.0,407.2,106.0,108.2,128.0,"{'sx': 128, 'rz': 104, 'cz': 70, 'rx': 52, 'rzz': 36, 'barrier': 8}",5,5,0,ok,,37.0,40.0,ok,,0.96,0.987833544029,34.0,36.0,0.96,0.987833544029,34.0,36.0,0.96,0.987833544029,34.0,36.0,custom_states,False,False,False,,
complete4,complete,4,monomial_full,sup123_P012_ph102,True,False,0.0,0.666667,150.0,162.8,12.56,390.0,407.2,106.0,108.2,128.0,"{'sx': 128, 'rz': 104, 'cz': 70, 'rx': 52, 'rzz': 36, 'barrier': 8}",5,5,0,ok,,37.0,40.0,ok,,0.95,0.987833544029,34.0,36.0,0.95,0.987833544029,34.0,36.0,0.95,0.987833544029,34.0,36.0,custom_states,False,False,False,,
complete4,complete,4,monomial_full,sup123_P012_ph110,True,False,0.0,0.666667,151.0,165.2,13.95,392.0,411.2,106.0,108.2,128.0,"{'sx': 128, 'rz': 106, 'cz': 70, 'rx': 52, 'rzz': 36, 'barrier': 8}",5,5,0,ok,,38.0,40.0,ok,,0.96,0.987833544029,35.0,36.0,0.96,0.987833544029,35.0,36.0,0.96,0.987833544029,35.0,36.0,custom_states,False,False,False,,
complete4,complete,4,monomial_full,sup123_P012_ph111,True,False,0.0,0.666667,150.0,163.2,12.64,392.0,409.0,106.0,108.2,128.0,"{'sx': 128, 'rz': 106, 'cz': 70, 'rx': 52, 'rzz': 36, 'barrier': 8}",5,5,0,ok,,38.0,40.0,ok,,0.96,0.987833544029,35.0,36.0,0.96,0.987833544029,35.0,36.0,0.96,0.987833544029,35.0,36.0,custom_states,False,False,False,,
complete4,complete,4,monomial_full,sup123_P012_ph112,True,False,0.0,0.666667,150.0,162.2,13.03,388.0,403.4,106.0,108.2,128.0,"{'sx': 128, 'rz': 102, 'cz': 70, 'rx': 52, 'rzz': 36, 'barrier': 8}",5,5,0,ok,,37.0,40.0,ok,,0.95,0.987833544029,34.0,36.0,0.95,0.987833544029,34.0,36.0,0.95,0.987833544029,34.0,36.0,custom_states,False,False,False,,
complete4,complete,4,monomial_full,sup123_P012_ph120,True,False,0.0,0.666667,150.0,163.0,12.77,392.0,408.8,106.0,108.2,128.0,"{'sx': 128, 'rz': 106, 'cz': 70, 'rx': 52, 'rzz': 36, 'barrier': 8}",5,5,0,ok,,38.0,40.0,ok,,0.95,0.987833544029,35.0,36.0,0.95,0.987833544029,35.0,36.0,0.95,0.987833544029,35.0,36.0,custom_states,False,False,False,,
complete4,complete,4,monomial_full,sup123_P012_ph121,True,False,0.0,0.666667,149.0,161.4,13.31,385.0,401.4,106.0,108.2,128.0,"{'sx': 118, 'rz': 104, 'cz': 67, 'rx': 57, 'rzz': 39, 'barrier': 8}",5,5,0,ok,,37.0,40.0,ok,,0.96,0.987833544029,34.0,36.0,0.96,0.987833544029,34.0,36.0,0.96,0.987833544029,34.0,36.0,custom_states,False,False,False,,
complete4,complete,4,monomial_full,sup123_P012_ph122,True,False,0.0,0.666667,150.0,163.0,12.77,392.0,408.8,106.0,108.2,128.0,"{'sx': 128, 'rz': 106, 'cz': 70, 'rx': 52, 'rzz': 36, 'barrier': 8}",5,5,0,ok,,38.0,40.0,ok,,0.95,0.907952692037,35.0,36.0,0.95,0.907952692037,35.0,36.0,0.99,0.987833544029,35.0,36.0,custom_states,False,False,False,,
complete4,complete,4,monomial_full,sup123_P012_ph200,True,False,0.0,0.666667,150.0,163.4,14.19,388.0,406.4,106.0,108.2,128.0,"{'sx': 128, 'rz': 102, 'cz': 70, 'rx': 52, 'rzz': 36, 'barrier': 8}",5,5,0,ok,,37.0,40.0,ok,,0.95,0.987833544029,34.0,36.0,0.95,0.987833544029,34.0,36.0,0.95,0.987833544029,34.0,36.0,custom_states,False,False,False,,
complete4,complete,4,monomial_full,sup123_P012_ph201,True,False,0.0,0.666667,151.0,165.2,13.95,392.0,411.2,106.0,108.2,128.0,"{'sx': 128, 'rz': 106, 'cz': 70, 'rx': 52, 'rzz': 36, 'barrier': 8}",5,5,0,ok,,38.0,40.0,ok,,0.95,0.987833544029,35.0,36.0,0.95,0.987833544029,35.0,36.0,0.95,0.987833544029,35.0,36.0,custom_states,False,False,False,,
complete4,complete,4,monomial_full,sup123_P012_ph202,True,False,0.0,0.666667,151.0,165.2,13.95,392.0,411.2,106.0,108.2,128.0,"{'sx': 128, 'rz': 106, 'cz': 70, 'rx': 52, 'rzz': 36, 'barrier': 8}",5,5,0,ok,,38.0,40.0,ok,,0.97,0.985030543788,35.0,36.0,0.97,0.985030543788,35.0,36.0,0.97,0.985030543788,35.0,36.0,custom_states,False,False,False,,
complete4,complete,4,monomial_full,sup123_P012_ph210,True,False,0.0,0.666667,151.0,165.0,14.09,392.0,411.0,106.0,108.2,128.0,"{'sx': 128, 'rz': 106, 'cz': 70, 'rx': 52, 'rzz': 36, 'barrier': 8}",5,5,0,ok,,38.0,40.0,ok,,0.95,0.987833544029,35.0,36.0,0.95,0.987833544029,35.0,36.0,0.95,0.987833544029,35.0,36.0,custom_states,False,False,False,,
complete4,complete,4,monomial_full,sup123_P012_ph211,True,False,0.0,0.666667,150.0,163.0,12.77,392.0,408.8,106.0,108.2,128.0,"{'sx': 128, 'rz': 106, 'cz': 70, 'rx': 52, 'rzz': 36, 'barrier': 8}",5,5,0,ok,,38.0,40.0,ok,,0.95,0.987833544029,35.0,36.0,0.95,0.987833544029,35.0,36.0,0.95,0.987833544029,35.0,36.0,custom_states,False,False,False,,
complete4,complete,4,monomial_full,sup123_P012_ph212,True,False,0.0,0.666667,150.0,163.4,14.19,388.0,406.4,106.0,108.2,128.0,"{'sx': 128, 'rz': 102, 'cz': 70, 'rx': 52, 'rzz': 36, 'barrier': 8}",5,5,0,ok,,37.0,40.0,ok,,0.97,0.987833544029,34.0,36.0,0.97,0.987833544029,34.0,36.0,0.97,0.987833544029,34.0,36.0,custom_states,False,False,False,,
complete4,complete,4,monomial_full,sup123_P012_ph220,True,False,0.0,0.666667,150.0,162.8,12.56,390.0,407.2,106.0,108.2,128.0,"{'sx': 128, 'rz': 104, 'cz': 70, 'rx': 52, 'rzz': 36, 'barrier': 8}",5,5,0,ok,,37.0,40.0,ok,,0.96,0.987833544029,34.0,36.0,0.96,0.987833544029,34.0,36.0,0.96,0.987833544029,34.0,36.0,custom_states,False,False,False,,
complete4,complete,4,monomial_full,sup123_P012_ph221,True,False,0.0,0.666667,150.0,162.2,13.03,388.0,403.4,106.0,108.2,128.0,"{'sx': 128, 'rz': 102, 'cz': 70, 'rx': 52, 'rzz': 36, 'barrier': 8}",5,5,0,ok,,37.0,40.0,ok,,0.95,0.987833544029,34.0,36.0,0.95,0.987833544029,34.0,36.0,0.95,0.987833544029,34.0,36.0,custom_states,False,False,False,,
complete4,complete,4,monomial_full,sup123_P012_ph222,True,False,0.0,0.666667,150.0,162.8,12.56,390.0,407.2,106.0,108.2,128.0,"{'sx': 128, 'rz': 104, 'cz': 70, 'rx': 52, 'rzz': 36, 'barrier': 8}",5,5,0,ok,,37.0,40.0,ok,,0.95,0.981943189327,34.0,36.0,0.95,0.981943189327,34.0,36.0,0.95,0.981943189327,34.0,36.0,custom_states,False,False,False,,
complete4,complete,4,monomial_full,sup123_P021_ph000,True,False,0.0,0.666667,155.0,174.0,15.34,423.0,438.0,110.0,112.2,128.0,"{'sx': 128, 'rz': 122, 'cz': 66, 'rx': 63, 'rzz': 44, 'barrier': 8}",5,5,0,ok,,43.0,44.0,ok,,0.95,0.987833544029,40.0,40.0,0.95,0.987833544029,40.0,40.0,0.95,0.987833544029,40.0,40.0,custom_states,False,False,False,,
complete4,complete,4,monomial_full,sup123_P021_ph001,True,False,0.0,0.666667,156.0,174.4,15.7,422.0,437.0,110.0,112.2,128.0,"{'sx': 128, 'rz': 125, 'cz': 66, 'rx': 59, 'rzz': 44, 'barrier': 8}",5,5,0,ok,,43.0,44.0,ok,,0.96,0.987833544029,40.0,40.0,0.96,0.987833544029,40.0,40.0,0.96,0.987833544029,40.0,40.0,custom_states,False,False,False,,
complete4,complete,4,monomial_full,sup123_P021_ph002,True,False,0.0,0.666667,155.0,173.8,15.47,424.0,439.2,110.0,112.2,128.0,"{'sx': 128, 'rz': 123, 'cz': 66, 'rx': 63, 'rzz': 44, 'barrier': 8}",5,5,0,ok,,43.0,44.0,ok,,0.97,0.987833544029,40.0,40.0,0.97,0.987833544029,40.0,40.0,0.97,0.987833544029,40.0,40.0,custom_states,False,False,False,,
complete4,complete,4,monomial_full,sup123_P021_ph010,True,False,0.0,0.666667,156.0,174.6,15.56,423.0,438.4,110.0,112.2,128.0,"{'sx': 128, 'rz': 126, 'cz': 66, 'rx': 59, 'rzz': 44, 'barrier': 8}",5,5,0,ok,,43.0,44.0,ok,,0.96,0.951134778533,40.0,40.0,0.96,0.951134778533,40.0,40.0,0.96,0.951134778533,40.0,40.0,custom_states,False,False,False,,
complete4,complete,4,monomial_full,sup123_P021_ph011,True,False,0.0,0.666667,156.0,174.4,15.67,424.0,438.6,110.0,112.2,128.0,"{'sx': 128, 'rz': 123, 'cz': 66, 'rx': 63, 'rzz': 44, 'barrier': 8}",5,5,0,ok,,43.0,44.0,ok,,0.95,0.898239399154,39.0,40.0,0.99,0.987833544029,40.0,40.0,0.99,0.987833544029,40.0,40.0,custom_states,False,False,False,,
complete4,complete,4,monomial_full,sup123_P021_ph012,True,False,0.0,0.666667,156.0,174.6,15.56,424.0,439.2,110.0,112.2,128.0,"{'sx': 128, 'rz': 126, 'cz': 66, 'rx': 60, 'rzz': 44, 'barrier': 8}",5,5,0,ok,,43.0,44.0,ok,,0.95,0.987833544029,40.0,40.0,0.95,0.987833544029,40.0,40.0,0.95,0.987833544029,40.0,40.0,custom_states,False,False,False,,
complete4,complete,4,monomial_full,sup123_P021_ph020,True,False,0.0,0.666667,156.0,173.6,15.44,422.0,437.0,110.0,112.2,128.0,"{'sx': 128, 'rz': 124, 'cz': 66, 'rx': 60, 'rzz': 44, 'barrier': 8}",5,5,0,ok,,43.0,44.0,ok,,0.95,0.951081472132,40.0,40.0,0.95,0.951081472132,40.0,40.0,0.95,0.951081472132,40.0,40.0,custom_states,False,False,False,,
complete4,complete,4,monomial_full,sup123_P021_ph021,True,False,0.0,0.666667,156.0,174.4,15.29,423.0,438.0,110.0,112.2,128.0,"{'sx': 128, 'rz': 126, 'cz': 66, 'rx': 59, 'rzz': 44, 'barrier': 8}",5,5,0,ok,,43.0,44.0,ok,,0.96,0.987833544029,40.0,40.0,0.96,0.987833544029,40.0,40.0,0.96,0.987833544029,40.0,40.0,custom_states,False,False,False,,
complete4,complete,4,monomial_full,sup123_P021_ph022,True,False,0.0,0.666667,156.0,174.2,15.39,424.0,438.0,110.0,112.2,128.0,"{'sx': 128, 'rz': 126, 'cz': 66, 'rx': 60, 'rzz': 44, 'barrier': 8}",5,5,0,ok,,43.0,44.0,ok,,0.95,0.951065130549,40.0,40.0,0.95,0.951065130549,40.0,40.0,0.95,0.951065130549,40.0,40.0,custom_states,False,False,False,,
complete4,complete,4,monomial_full,sup123_P021_ph100,True,False,0.0,0.666667,156.0,174.6,15.56,420.0,435.8,110.0,112.2,128.0,"{'sx': 128, 'rz': 123, 'cz': 66, 'rx': 59, 'rzz': 44, 'barrier': 8}",5,5,0,ok,,43.0,44.0,ok,,0.98,0.960767155013,40.0,40.0,0.98,0.960767155013,40.0,40.0,0.98,0.960767155013,40.0,40.0,custom_states,False,False,False,,
complete4,complete,4,monomial_full,sup123_P021_ph101,True,False,0.0,0.666667,156.0,174.4,15.29,426.0,439.4,110.0,112.2,128.0,"{'sx': 128, 'rz': 126, 'cz': 66, 'rx': 62, 'rzz': 44, 'barrier': 8}",5,5,0,ok,,43.0,44.0,ok,,0.96,0.951120522826,40.0,40.0,0.96,0.951120522826,40.0,40.0,0.96,0.951120522826,40.0,40.0,custom_states,False,False,False,,
complete4,complete,4,monomial_full,sup123_P021_ph102,True,False,0.0,0.666667,156.0,174.6,15.56,427.0,440.8,110.0,112.2,128.0,"{'sx': 128, 'rz': 126, 'cz': 66, 'rx': 63, 'rzz': 44, 'barrier': 8}",5,5,0,ok,,43.0,44.0,ok,,0.95,0.987833544029,40.0,40.0,0.95,0.987833544029,40.0,40.0,0.95,0.987833544029,40.0,40.0,custom_states,False,False,False,,
complete4,complete,4,monomial_full,sup123_P021_ph110,True,False,0.0,0.666667,155.0,174.2,15.54,420.0,436.8,110.0,112.2,128.0,"{'sx': 128, 'rz': 122, 'cz': 66, 'rx': 60, 'rzz': 44, 'barrier': 8}",5,5,0,ok,,43.0,44.0,ok,,0.96,0.951088331911,40.0,40.0,0.96,0.951088331911,40.0,40.0,0.96,0.951088331911,40.0,40.0,custom_states,False,False,False,,
complete4,complete,4,monomial_full,sup123_P021_ph111,True,False,0.0,0.666667,155.0,174.2,15.54,420.0,435.6,110.0,112.2,128.0,"{'sx': 128, 'rz': 122, 'cz': 66, 'rx': 60, 'rzz': 44, 'barrier': 8}",5,5,0,ok,,43.0,44.0,ok,,0.96,0.951128919684,40.0,40.0,0.96,0.951128919684,40.0,40.0,0.96,0.951128919684,40.0,40.0,custom_states,False,False,False,,
complete4,complete,4,monomial_full,sup123_P021_ph112,True,False,0.0,0.666667,155.0,174.0,15.67,424.0,439.0,110.0,112.2,128.0,"{'sx': 128, 'rz': 123, 'cz': 66, 'rx': 63, 'rzz': 44, 'barrier': 8}",5,5,0,ok,,43.0,44.0,ok,,0.96,0.951160363716,40.0,40.0,0.96,0.951160363716,40.0,40.0,0.96,0.951160363716,40.0,40.0,custom_states,False,False,False,,
complete4,complete,4,monomial_full,sup123_P021_ph120,True,False,0.0,0.666667,156.0,174.6,15.56,427.0,441.2,110.0,112.2,128.0,"{'sx': 128, 'rz': 126, 'cz': 66, 'rx': 63, 'rzz': 44, 'barrier': 8}",5,5,0,ok,,43.0,44.0,ok,,0.95,0.987833544029,40.0,40.0,0.95,0.987833544029,40.0,40.0,0.95,0.987833544029,40.0,40.0,custom_states,False,False,False,,
complete4,complete,4,monomial_full,sup123_P021_ph121,True,False,0.0,0.666667,156.0,174.6,15.56,427.0,440.8,110.0,112.2,128.0,"{'sx': 128, 'rz': 126, 'cz': 66, 'rx': 63, 'rzz': 44, 'barrier': 8}",5,5,0,ok,,43.0,44.0,ok,,0.96,0.987833544029,38.0,40.0,0.96,0.987833544029,38.0,40.0,0.96,0.987833544029,38.0,40.0,custom_states,False,False,False,,
complete4,complete,4,monomial_full,sup123_P021_ph122,True,False,0.0,0.666667,156.0,174.6,15.56,424.0,438.6,110.0,112.2,128.0,"{'sx': 128, 'rz': 126, 'cz': 66, 'rx': 60, 'rzz': 44, 'barrier': 8}",5,5,0,ok,,43.0,44.0,ok,,0.98,0.95070337699,39.0,40.0,0.98,0.95070337699,39.0,40.0,0.98,0.95070337699,39.0,40.0,custom_states,False,False,False,,
complete4,complete,4,monomial_full,sup123_P021_ph200,True,False,0.0,0.666667,156.0,174.6,15.56,420.0,436.8,110.0,112.2,128.0,"{'sx': 128, 'rz': 122, 'cz': 66, 'rx': 60, 'rzz': 44, 'barrier': 8}",5,5,0,ok,,43.0,44.0,ok,,0.95,0.906878943755,40.0,40.0,0.95,0.906878943755,40.0,40.0,,,,,custom_states,False,False,False,,
complete4,complete,4,monomial_full,sup123_P021_ph201,True,False,0.0,0.666667,156.0,174.6,15.56,423.0,438.4,110.0,112.2,128.0,"{'sx': 128, 'rz': 126, 'cz': 66, 'rx': 59, 'rzz': 44, 'barrier': 8}",5,5,0,ok,,43.0,44.0,ok,,0.96,0.987833544029,40.0,40.0,0.96,0.987833544029,40.0,40.0,0.96,0.987833544029,40.0,40.0,custom_states,False,False,False,,
complete4,complete,4,monomial_full,sup123_P021_ph202,True,False,0.0,0.666667,156.0,174.6,15.56,427.0,440.6,110.0,112.2,128.0,"{'sx': 128, 'rz': 126, 'cz': 66, 'rx': 63, 'rzz': 44, 'barrier': 8}",5,5,0,ok,,43.0,44.0,ok,,0.95,0.933327492289,40.0,40.0,0.95,0.933327492289,40.0,40.0,,,,,custom_states,False,False,False,,
complete4,complete,4,monomial_full,sup123_P021_ph210,True,False,0.0,0.666667,156.0,174.6,15.56,426.0,439.6,110.0,112.2,128.0,"{'sx': 128, 'rz': 126, 'cz': 66, 'rx': 62, 'rzz': 44, 'barrier': 8}",5,5,0,ok,,43.0,44.0,ok,,0.96,0.951081472132,39.0,40.0,0.96,0.951081472132,39.0,40.0,0.96,0.951081472132,39.0,40.0,custom_states,False,False,False,,
complete4,complete,4,monomial_full,sup123_P021_ph211,True,False,0.0,0.666667,156.0,174.4,15.29,424.0,438.2,110.0,112.2,128.0,"{'sx': 128, 'rz': 126, 'cz': 66, 'rx': 60, 'rzz': 44, 'barrier': 8}",5,5,0,ok,,43.0,44.0,ok,,0.96,0.95111768627,40.0,40.0,0.96,0.95111768627,40.0,40.0,0.96,0.95111768627,40.0,40.0,custom_states,False,False,False,,
complete4,complete,4,monomial_full,sup123_P021_ph212,True,False,0.0,0.666667,156.0,174.4,15.29,427.0,440.4,110.0,112.2,128.0,"{'sx': 128, 'rz': 126, 'cz': 66, 'rx': 63, 'rzz': 44, 'barrier': 8}",5,5,0,ok,,43.0,44.0,ok,,0.96,0.933476310561,39.0,40.0,0.96,0.933476310561,39.0,40.0,,,,,custom_states,False,False,False,,
complete4,complete,4,monomial_full,sup123_P021_ph220,True,False,0.0,0.666667,156.0,174.4,15.37,426.0,439.4,110.0,112.2,128.0,"{'sx': 128, 'rz': 126, 'cz': 66, 'rx': 62, 'rzz': 44, 'barrier': 8}",5,5,0,ok,,43.0,44.0,ok,,0.95,0.987833544029,38.0,40.0,0.95,0.987833544029,38.0,40.0,0.95,0.987833544029,38.0,40.0,custom_states,False,False,False,,
complete4,complete,4,monomial_full,sup123_P021_ph221,True,False,0.0,0.666667,156.0,174.6,15.56,426.0,440.2,110.0,112.2,128.0,"{'sx': 128, 'rz': 126, 'cz': 66, 'rx': 62, 'rzz': 44, 'barrier': 8}",5,5,0,ok,,43.0,44.0,ok,,0.96,0.951075431955,40.0,40.0,0.96,0.951075431955,40.0,40.0,0.96,0.951075431955,40.0,40.0,custom_states,False,False,False,,
complete4,complete,4,monomial_full,sup123_P021_ph222,True,False,0.0,0.666667,155.0,174.2,15.54,419.0,435.4,110.0,112.2,128.0,"{'sx': 128, 'rz': 122, 'cz': 66, 'rx': 59, 'rzz': 44, 'barrier': 8}",5,5,0,ok,,43.0,44.0,ok,,0.95,0.987833544029,40.0,40.0,0.95,0.987833544029,40.0,40.0,0.95,0.987833544029,40.0,40.0,custom_states,False,False,False,,
complete4,complete,4,monomial_full,sup123_P102_ph000,True,False,0.0,0.666667,157.0,174.4,15.23,424.0,439.4,110.0,112.2,128.0,"{'sx': 128, 'rz': 122, 'cz': 66, 'rx': 64, 'rzz': 44, 'barrier': 8}",5,5,0,ok,,43.0,44.0,ok,,0.96,0.951081472132,40.0,40.0,0.96,0.951081472132,40.0,40.0,0.96,0.951081472132,40.0,40.0,custom_states,False,False,False,,
complete4,complete,4,monomial_full,sup123_P102_ph001,True,False,0.0,0.666667,157.0,176.0,17.23,427.0,443.6,110.0,112.2,128.0,"{'sx': 128, 'rz': 125, 'cz': 66, 'rx': 64, 'rzz': 44, 'barrier': 8}",5,5,0,ok,,43.0,44.0,ok,,0.95,0.987833544029,40.0,40.0,0.95,0.987833544029,40.0,40.0,0.95,0.987833544029,40.0,40.0,custom_states,False,False,False,,
complete4,complete,4,monomial_full,sup123_P102_ph002,True,False,0.0,0.666667,157.0,176.0,17.23,427.0,443.4,110.0,112.2,128.0,"{'sx': 128, 'rz': 125, 'cz': 66, 'rx': 64, 'rzz': 44, 'barrier': 8}",5,5,0,ok,,43.0,44.0,ok,,0.96,0.987833544029,40.0,40.0,0.96,0.987833544029,40.0,40.0,0.96,0.987833544029,40.0,40.0,custom_states,False,False,False,,
complete4,complete,4,monomial_full,sup123_P102_ph010,True,False,0.0,0.666667,157.0,174.6,15.11,427.0,440.6,110.0,112.2,128.0,"{'sx': 128, 'rz': 125, 'cz': 66, 'rx': 64, 'rzz': 44, 'barrier': 8}",5,5,0,ok,,43.0,44.0,ok,,0.95,0.987833544029,40.0,40.0,0.95,0.987833544029,40.0,40.0,0.95,0.987833544029,40.0,40.0,custom_states,False,False,False,,
complete4,complete,4,monomial_full,sup123_P102_ph011,True,False,0.0,0.666667,157.0,176.0,16.92,428.0,443.6,110.0,112.2,128.0,"{'sx': 128, 'rz': 126, 'cz': 66, 'rx': 64, 'rzz': 44, 'barrier': 8}",5,5,0,ok,,43.0,44.0,ok,,0.95,0.987833544029,40.0,40.0,0.95,0.987833544029,40.0,40.0,0.95,0.987833544029,40.0,40.0,custom_states,False,False,False,,
complete4,complete,4,monomial_full,sup123_P102_ph012,True,False,0.0,0.666667,157.0,176.0,16.92,428.0,443.6,110.0,112.2,128.0,"{'sx': 128, 'rz': 126, 'cz': 66, 'rx': 64, 'rzz': 44, 'barrier': 8}",5,5,0,ok,,43.0,44.0,ok,,0.96,0.987833544029,40.0,40.0,0.96,0.987833544029,40.0,40.0,0.96,0.987833544029,40.0,40.0,custom_states,False,False,False,,
complete4,complete,4,monomial_full,sup123_P102_ph020,True,False,0.0,0.666667,157.0,175.4,16.06,424.0,439.4,110.0,112.2,128.0,"{'sx': 128, 'rz': 122, 'cz': 66, 'rx': 64, 'rzz': 44, 'barrier': 8}",5,5,0,ok,,43.0,44.0,ok,,0.95,0.951084386698,40.0,40.0,0.95,0.951084386698,40.0,40.0,0.95,0.951084386698,40.0,40.0,custom_states,False,False,False,,
complete4,complete,4,monomial_full,sup123_P102_ph021,True,False,0.0,0.666667,157.0,176.2,17.1,428.0,444.6,110.0,112.2,128.0,"{'sx': 128, 'rz': 126, 'cz': 66, 'rx': 64, 'rzz': 44, 'barrier': 8}",5,5,0,ok,,43.0,44.0,ok,,0.96,0.987833544029,40.0,40.0,0.96,0.987833544029,40.0,40.0,0.96,0.987833544029,40.0,40.0,custom_states,False,False,False,,
complete4,complete,4,monomial_full,sup123_P102_ph022,True,False,0.0,0.666667,157.0,176.2,17.1,428.0,444.6,110.0,112.2,128.0,"{'sx': 128, 'rz': 126, 'cz': 66, 'rx': 64, 'rzz': 44, 'barrier': 8}",5,5,0,ok,,43.0,44.0,ok,,0.96,0.987833544029,40.0,40.0,0.96,0.987833544029,40.0,40.0,0.96,0.987833544029,40.0,40.0,custom_states,False,False,False,,
complete4,complete,4,monomial_full,sup123_P102_ph100,True,False,0.0,0.666667,157.0,176.2,17.1,428.0,444.6,110.0,112.2,128.0,"{'sx': 128, 'rz': 126, 'cz': 66, 'rx': 64, 'rzz': 44, 'barrier': 8}",5,5,0,ok,,43.0,44.0,ok,,0.95,0.987833544029,40.0,40.0,0.95,0.987833544029,40.0,40.0,0.95,0.987833544029,40.0,40.0,custom_states,False,False,False,,
complete4,complete,4,monomial_full,sup123_P102_ph101,True,False,0.0,0.666667,157.0,175.2,15.87,427.0,441.2,110.0,112.2,128.0,"{'sx': 128, 'rz': 125, 'cz': 66, 'rx': 64, 'rzz': 44, 'barrier': 8}",5,5,0,ok,,43.0,44.0,ok,,0.95,0.951084386698,40.0,40.0,0.95,0.951084386698,40.0,40.0,0.95,0.951084386698,40.0,40.0,custom_states,False,False,False,,
complete4,complete,4,monomial_full,sup123_P102_ph102,True,False,0.0,0.666667,157.0,176.2,17.1,428.0,444.6,110.0,112.2,128.0,"{'sx': 128, 'rz': 126, 'cz': 66, 'rx': 64, 'rzz': 44, 'barrier': 8}",5,5,0,ok,,43.0,44.0,ok,,0.95,0.951084386698,40.0,40.0,0.95,0.951084386698,40.0,40.0,0.95,0.951084386698,40.0,40.0,custom_states,False,False,False,,
complete4,complete,4,monomial_full,sup123_P102_ph110,True,False,0.0,0.666667,156.0,175.2,17.13,423.0,440.8,110.0,112.2,128.0,"{'sx': 128, 'rz': 121, 'cz': 66, 'rx': 64, 'rzz': 44, 'barrier': 8}",5,5,0,ok,,43.0,44.0,ok,,0.95,0.987833544029,40.0,40.0,0.95,0.987833544029,40.0,40.0,0.95,0.987833544029,40.0,40.0,custom_states,False,False,False,,
complete4,complete,4,monomial_full,sup123_P102_ph111,True,False,0.0,0.666667,157.0,174.4,15.23,424.0,438.8,110.0,112.2,128.0,"{'sx': 128, 'rz': 122, 'cz': 66, 'rx': 64, 'rzz': 44, 'barrier': 8}",5,5,0,ok,,43.0,44.0,ok,,0.95,0.951113974616,40.0,40.0,0.95,0.951113974616,40.0,40.0,0.95,0.951113974616,40.0,40.0,custom_states,False,False,False,,
complete4,complete,4,monomial_full,sup123_P102_ph112,True,False,0.0,0.666667,156.0,174.8,17.05,423.0,440.4,110.0,112.2,128.0,"{'sx': 128, 'rz': 121, 'cz': 66, 'rx': 64, 'rzz': 44, 'barrier': 8}",5,5,0,ok,,43.0,44.0,ok,,0.95,0.987833544029,40.0,40.0,0.95,0.987833544029,40.0,40.0,0.95,0.987833544029,40.0,40.0,custom_states,False,False,False,,
complete4,complete,4,monomial_full,sup123_P102_ph120,True,False,0.0,0.666667,157.0,176.0,16.92,428.0,443.8,110.0,112.2,128.0,"{'sx': 128, 'rz': 126, 'cz': 66, 'rx': 64, 'rzz': 44, 'barrier': 8}",5,5,0,ok,,43.0,44.0,ok,,0.95,0.987833544029,40.0,40.0,0.95,0.987833544029,40.0,40.0,0.95,0.987833544029,40.0,40.0,custom_states,False,False,False,,
complete4,complete,4,monomial_full,sup123_P102_ph121,True,False,0.0,0.666667,157.0,174.4,14.92,428.0,440.4,110.0,112.2,128.0,"{'sx': 128, 'rz': 126, 'cz': 66, 'rx': 64, 'rzz': 44, 'barrier': 8}",5,5,0,ok,,43.0,44.0,ok,,0.95,0.868635657777,39.0,40.0,0.99,0.951122241033,40.0,40.0,0.99,0.951122241033,40.0,40.0,custom_states,False,False,False,,
complete4,complete,4,monomial_full,sup123_P102_ph122,True,False,0.0,0.666667,157.0,176.2,17.1,426.0,443.4,110.0,112.2,128.0,"{'sx': 128, 'rz': 124, 'cz': 66, 'rx': 64, 'rzz': 44, 'barrier': 8}",5,5,0,ok,,43.0,44.0,ok,,0.98,0.981866520367,40.0,40.0,0.98,0.981866520367,40.0,40.0,0.98,0.981866520367,40.0,40.0,custom_states,False,False,False,,
complete4,complete,4,monomial_full,sup123_P102_ph200,True,False,0.0,0.666667,157.0,176.0,16.92,428.0,444.0,110.0,112.2,128.0,"{'sx': 128, 'rz': 126, 'cz': 66, 'rx': 64, 'rzz': 44, 'barrier': 8}",5,5,0,ok,,43.0,44.0,ok,,0.96,0.987833544029,40.0,40.0,0.96,0.987833544029,40.0,40.0,0.96,0.987833544029,40.0,40.0,custom_states,False,False,False,,
complete4,complete,4,monomial_full,sup123_P102_ph201,True,False,0.0,0.666667,157.0,176.2,17.1,426.0,443.6,110.0,112.2,128.0,"{'sx': 128, 'rz': 124, 'cz': 66, 'rx': 64, 'rzz': 44, 'barrier': 8}",5,5,0,ok,,43.0,44.0,ok,,0.96,0.987552341814,39.0,40.0,0.96,0.987552341814,39.0,40.0,0.96,0.987552341814,39.0,40.0,custom_states,False,False,False,,
complete4,complete,4,monomial_full,sup123_P102_ph202,True,False,0.0,0.666667,157.0,175.4,16.06,423.0,440.2,110.0,112.2,128.0,"{'sx': 128, 'rz': 121, 'cz': 66, 'rx': 64, 'rzz': 44, 'barrier': 8}",5,5,0,ok,,43.0,44.0,ok,,0.95,0.951122241033,40.0,40.0,0.95,0.951122241033,40.0,40.0,0.95,0.951122241033,40.0,40.0,custom_states,False,False,False,,
complete4,complete,4,monomial_full,sup123_P102_ph210,True,False,0.0,0.666667,157.0,176.2,17.1,428.0,444.6,110.0,112.2,128.0,"{'sx': 128, 'rz': 126, 'cz': 66, 'rx': 64, 'rzz': 44, 'barrier': 8}",5,5,0,ok,,43.0,44.0,ok,,0.96,0.951161423781,40.0,40.0,0.96,0.951161423781,40.0,40.0,0.96,0.951161423781,40.0,40.0,custom_states,False,False,False,,
complete4,complete,4,monomial_full,sup123_P102_ph211,True,False,0.0,0.666667,157.0,176.2,17.1,428.0,444.6,110.0,112.2,128.0,"{'sx': 128, 'rz': 126, 'cz': 66, 'rx': 64, 'rzz': 44, 'barrier': 8}",5,5,0,ok,,43.0,44.0,ok,,0.96,0.987833544029,40.0,40.0,0.96,0.987833544029,40.0,40.0,0.96,0.987833544029,40.0,40.0,custom_states,False,False,False,,
complete4,complete,4,monomial_full,sup123_P102_ph212,True,False,0.0,0.666667,157.0,175.4,16.06,427.0,442.0,110.0,112.2,128.0,"{'sx': 128, 'rz': 125, 'cz': 66, 'rx': 64, 'rzz': 44, 'barrier': 8}",5,5,0,ok,,43.0,44.0,ok,,0.95,0.987833544029,40.0,40.0,0.95,0.987833544029,40.0,40.0,0.95,0.987833544029,40.0,40.0,custom_states,False,False,False,,
complete4,complete,4,monomial_full,sup123_P102_ph220,True,False,0.0,0.666667,157.0,176.2,17.1,428.0,444.6,110.0,112.2,128.0,"{'sx': 128, 'rz': 126, 'cz': 66, 'rx': 64, 'rzz': 44, 'barrier': 8}",5,5,0,ok,,43.0,44.0,ok,,0.95,0.987833544029,40.0,40.0,0.95,0.987833544029,40.0,40.0,0.95,0.987833544029,40.0,40.0,custom_states,False,False,False,,
complete4,complete,4,monomial_full,sup123_P102_ph221,True,False,0.0,0.666667,157.0,176.2,17.1,428.0,444.4,110.0,112.2,128.0,"{'sx': 128, 'rz': 126, 'cz': 66, 'rx': 64, 'rzz': 44, 'barrier': 8}",5,5,0,ok,,43.0,44.0,ok,,0.96,0.88912539109,39.0,40.0,0.98,0.987833544029,40.0,40.0,0.98,0.987833544029,40.0,40.0,custom_states,False,False,False,,
complete4,complete,4,monomial_full,sup123_P102_ph222,True,False,0.0,0.666667,157.0,174.6,15.11,424.0,439.6,110.0,112.2,128.0,"{'sx': 128, 'rz': 122, 'cz': 66, 'rx': 64, 'rzz': 44, 'barrier': 8}",5,5,0,ok,,43.0,44.0,ok,,0.95,0.951113974616,40.0,40.0,0.95,0.951113974616,40.0,40.0,0.95,0.951113974616,40.0,40.0,custom_states,False,False,False,,
complete4,complete,4,monomial_full,sup123_P120_ph000,True,False,0.0,0.666667,157.0,175.4,16.06,430.0,444.8,110.0,112.2,128.0,"{'rz': 128, 'sx': 128, 'cz': 66, 'rx': 64, 'rzz': 44, 'barrier': 8}",5,5,0,ok,,43.0,44.0,ok,,0.96,0.951113974616,40.0,40.0,0.96,0.951113974616,40.0,40.0,0.96,0.951113974616,40.0,40.0,custom_states,False,False,False,,
complete4,complete,4,monomial_full,sup123_P120_ph001,True,False,0.0,0.666667,157.0,176.0,16.42,436.0,450.2,110.0,112.2,128.0,"{'rz': 134, 'sx': 128, 'cz': 66, 'rx': 64, 'rzz': 44, 'barrier': 8}",5,5,0,ok,,43.0,44.0,ok,,0.95,0.951109757273,40.0,40.0,0.95,0.951109757273,40.0,40.0,0.95,0.951109757273,40.0,40.0,custom_states,False,False,False,,
complete4,complete,4,monomial_full,sup123_P120_ph002,True,False,0.0,0.666667,157.0,176.0,16.42,436.0,450.2,110.0,112.2,128.0,"{'rz': 134, 'sx': 128, 'cz': 66, 'rx': 64, 'rzz': 44, 'barrier': 8}",5,5,0,ok,,43.0,44.0,ok,,0.95,0.905799568104,40.0,40.0,0.95,0.905799568104,40.0,40.0,0.99,0.951096664235,40.0,40.0,custom_states,False,False,False,,
complete4,complete,4,monomial_full,sup123_P120_ph010,True,False,0.0,0.666667,159.0,182.0,18.36,442.0,459.0,114.0,116.2,128.0,"{'rz': 132, 'sx': 128, 'rx': 68, 'cz': 66, 'rzz': 48, 'barrier': 8}",5,5,0,ok,,45.0,48.0,ok,,0.96,0.951113974616,42.0,44.0,0.96,0.951113974616,42.0,44.0,0.96,0.951113974616,42.0,44.0,custom_states,False,False,False,,
complete4,complete,4,monomial_full,sup123_P120_ph011,True,False,0.0,0.666667,159.0,182.2,18.28,444.0,461.2,114.0,116.2,128.0,"{'rz': 134, 'sx': 128, 'rx': 68, 'cz': 66, 'rzz': 48, 'barrier': 8}",5,5,0,ok,,45.0,48.0,ok,,0.97,0.948656830357,42.0,44.0,0.97,0.948656830357,42.0,44.0,,,,,custom_states,False,False,False,,
complete4,complete,4,monomial_full,sup123_P120_ph012,True,False,0.0,0.666667,159.0,182.0,18.42,443.0,460.6,114.0,116.2,128.0,"{'rz': 134, 'sx': 128, 'rx': 67, 'cz': 66, 'rzz': 48, 'barrier': 8}",5,5,0,ok,,44.0,48.0,ok,,0.96,0.951071933582,41.0,44.0,0.96,0.951071933582,41.0,44.0,0.96,0.951071933582,41.0,44.0,custom_states,False,False,False,,
complete4,complete,4,monomial_full,sup123_P120_ph020,True,False,0.0,0.666667,158.0,181.2,18.24,440.0,458.8,114.0,116.2,128.0,"{'rz': 132, 'sx': 128, 'rx': 66, 'cz': 66, 'rzz': 48, 'barrier': 8}",5,5,0,ok,,45.0,48.0,ok,,0.95,0.951113974616,42.0,44.0,0.95,0.951113974616,42.0,44.0,0.95,0.951113974616,42.0,44.0,custom_states,False,False,False,,
complete4,complete,4,monomial_full,sup123_P120_ph021,True,False,0.0,0.666667,159.0,182.0,18.42,446.0,462.2,114.0,116.2,128.0,"{'rz': 134, 'sx': 128, 'rx': 70, 'cz': 66, 'rzz': 48, 'barrier': 8}",5,5,0,ok,,44.0,48.0,ok,,0.95,0.912896380962,41.0,44.0,0.95,0.912896380962,41.0,44.0,,,,,custom_states,False,False,False,,
complete4,complete,4,monomial_full,sup123_P120_ph022,True,False,0.0,0.666667,158.0,181.2,18.24,439.0,457.2,114.0,116.2,128.0,"{'rz': 132, 'sx': 128, 'cz': 66, 'rx': 65, 'rzz': 48, 'barrier': 8}",5,5,0,ok,,45.0,48.0,ok,,0.96,0.951113974616,42.0,44.0,0.96,0.951113974616,42.0,44.0,0.96,0.951113974616,42.0,44.0,custom_states,False,False,False,,
complete4,complete,4,monomial_full,sup123_P120_ph100,True,False,0.0,0.666667,159.0,182.0,18.36,442.0,458.8,114.0,116.2,128.0,"{'rz': 132, 'sx': 128, 'rx': 68, 'cz': 66, 'rzz': 48, 'barrier': 8}",5,5,0,ok,,45.0,48.0,ok,,0.95,0.951113974616,42.0,44.0,0.95,0.951113974616,42.0,44.0,0.95,0.951113974616,42.0,44.0,custom_states,False,False,False,,
complete4,complete,4,monomial_full,sup123_P120_ph101,True,False,0.0,0.666667,159.0,182.2,18.28,444.0,461.0,114.0,116.2,128.0,"{'rz': 134, 'sx': 128, 'rx': 68, 'cz': 66, 'rzz': 48, 'barrier': 8}",5,5,0,ok,,45.0,48.0,ok,,0.97,0.951108550171,42.0,44.0,0.97,0.951108550171,42.0,44.0,0.97,0.951108550171,42.0,44.0,custom_states,False,False,False,,
complete4,complete,4,monomial_full,sup123_P120_ph102,True,False,0.0,0.666667,159.0,182.2,18.28,444.0,461.4,114.0,116.2,128.0,"{'rz': 134, 'sx': 128, 'rx': 68, 'cz': 66, 'rzz': 48, 'barrier': 8}",5,5,0,ok,,45.0,48.0,ok,,0.95,0.950742647549,42.0,44.0,0.95,0.950742647549,42.0,44.0,0.95,0.950742647549,42.0,44.0,custom_states,False,False,False,,
complete4,complete,4,monomial_full,sup123_P120_ph110,True,False,0.0,0.666667,158.0,180.6,17.5,436.0,454.8,114.0,116.2,128.0,"{'rz': 128, 'sx': 128, 'rx': 66, 'cz': 66, 'rzz': 48, 'barrier': 8}",5,5,0,ok,,45.0,48.0,ok,,0.96,0.951113974616,42.0,44.0,0.96,0.951113974616,42.0,44.0,0.96,0.951113974616,42.0,44.0,custom_states,False,False,False,,
complete4,complete,4,monomial_full,sup123_P120_ph111,True,False,0.0,0.666667,159.0,182.2,18.28,448.0,463.6,114.0,116.2,128.0,"{'rz': 134, 'sx': 128, 'rx': 72, 'cz': 66, 'rzz': 48, 'barrier': 8}",5,5,0,ok,,45.0,48.0,ok,,0.95,0.987833544029,42.0,44.0,0.95,0.987833544029,42.0,44.0,0.95,0.987833544029,42.0,44.0,custom_states,False,False,False,,
complete4,complete,4,monomial_full,sup123_P120_ph112,True,False,0.0,0.666667,158.0,181.2,18.24,440.0,458.2,114.0,116.2,128.0,"{'rz': 132, 'sx': 128, 'rx': 66, 'cz': 66, 'rzz': 48, 'barrier': 8}",5,5,0,ok,,45.0,48.0,ok,,0.96,0.951113974616,42.0,44.0,0.96,0.951113974616,42.0,44.0,0.96,0.951113974616,42.0,44.0,custom_states,False,False,False,,
complete4,complete,4,monomial_full,sup123_P120_ph120,True,False,0.0,0.666667,157.0,175.8,16.53,434.0,448.2,110.0,112.2,128.0,"{'rz': 132, 'sx': 128, 'cz': 66, 'rx': 64, 'rzz': 44, 'barrier': 8}",5,5,0,ok,,43.0,44.0,ok,,0.96,0.987833544029,40.0,40.0,0.96,0.987833544029,40.0,40.0,0.96,0.987833544029,40.0,40.0,custom_states,False,False,False,,
complete4,complete,4,monomial_full,sup123_P120_ph121,True,False,0.0,0.666667,157.0,176.0,16.42,436.0,450.2,110.0,112.2,128.0,"{'rz': 134, 'sx': 128, 'cz': 66, 'rx': 64, 'rzz': 44, 'barrier': 8}",5,5,0,ok,,43.0,44.0,ok,,0.99,0.930703753371,40.0,40.0,0.99,0.930703753371,40.0,40.0,,,,,custom_states,False,False,False,,
complete4,complete,4,monomial_full,sup123_P120_ph122,True,False,0.0,0.666667,157.0,176.0,16.42,436.0,450.2,110.0,112.2,128.0,"{'rz': 134, 'sx': 128, 'cz': 66, 'rx': 64, 'rzz': 44, 'barrier': 8}",5,5,0,ok,,43.0,44.0,ok,,0.95,0.949212594578,40.0,40.0,0.95,0.949212594578,40.0,40.0,,,,,custom_states,False,False,False,,
complete4,complete,4,monomial_full,sup123_P120_ph200,True,False,0.0,0.666667,158.0,181.2,18.24,440.0,458.8,114.0,116.2,128.0,"{'rz': 132, 'sx': 128, 'rx': 66, 'cz': 66, 'rzz': 48, 'barrier': 8}",5,5,0,ok,,45.0,48.0,ok,,0.96,0.951113974616,42.0,44.0,0.96,0.951113974616,42.0,44.0,0.96,0.951113974616,42.0,44.0,custom_states,False,False,False,,
complete4,complete,4,monomial_full,sup123_P120_ph201,True,False,0.0,0.666667,159.0,182.2,18.28,447.0,462.8,114.0,116.2,128.0,"{'rz': 134, 'sx': 128, 'rx': 71, 'cz': 66, 'rzz': 48, 'barrier': 8}",5,5,0,ok,,45.0,48.0,ok,,0.95,0.912896380962,42.0,44.0,0.95,0.912896380962,42.0,44.0,,,,,custom_states,False,False,False,,
complete4,complete,4,monomial_full,sup123_P120_ph202,True,False,0.0,0.666667,158.0,180.6,17.5,436.0,454.8,114.0,116.2,128.0,"{'rz': 128, 'sx': 128, 'rx': 66, 'cz': 66, 'rzz': 48, 'barrier': 8}",5,5,0,ok,,45.0,48.0,ok,,0.95,0.951113974616,41.0,44.0,0.95,0.951113974616,41.0,44.0,0.95,0.951113974616,41.0,44.0,custom_states,False,False,False,,
complete4,complete,4,monomial_full,sup123_P120_ph210,True,False,0.0,0.666667,157.0,175.8,16.53,434.0,448.2,110.0,112.2,128.0,"{'rz': 132, 'sx': 128, 'cz': 66, 'rx': 64, 'rzz': 44, 'barrier': 8}",5,5,0,ok,,43.0,44.0,ok,,0.96,0.987833544029,40.0,40.0,0.96,0.987833544029,40.0,40.0,0.96,0.987833544029,40.0,40.0,custom_states,False,False,False,,
complete4,complete,4,monomial_full,sup123_P120_ph211,True,False,0.0,0.666667,157.0,176.0,16.42,436.0,450.2,110.0,112.2,128.0,"{'rz': 134, 'sx': 128, 'cz': 66, 'rx': 64, 'rzz': 44, 'barrier': 8}",5,5,0,ok,,43.0,44.0,ok,,0.95,0.951113816031,40.0,40.0,0.95,0.951113816031,40.0,40.0,0.95,0.951113816031,40.0,40.0,custom_states,False,False,False,,
complete4,complete,4,monomial_full,sup123_P120_ph212,True,False,0.0,0.666667,157.0,176.0,16.42,436.0,450.2,110.0,112.2,128.0,"{'rz': 134, 'sx': 128, 'cz': 66, 'rx': 64, 'rzz': 44, 'barrier': 8}",5,5,0,ok,,43.0,44.0,ok,,0.95,0.987833544029,40.0,40.0,0.95,0.987833544029,40.0,40.0,0.95,0.987833544029,40.0,40.0,custom_states,False,False,False,,
complete4,complete,4,monomial_full,sup123_P120_ph220,True,False,0.0,0.666667,159.0,182.0,18.36,442.0,458.8,114.0,116.2,128.0,"{'rz': 132, 'sx': 128, 'rx': 68, 'cz': 66, 'rzz': 48, 'barrier': 8}",5,5,0,ok,,45.0,48.0,ok,,0.96,0.951113974616,42.0,44.0,0.96,0.951113974616,42.0,44.0,0.96,0.951113974616,42.0,44.0,custom_states,False,False,False,,
complete4,complete,4,monomial_full,sup123_P120_ph221,True,False,0.0,0.666667,158.0,181.4,18.15,441.0,459.8,114.0,116.2,128.0,"{'rz': 134, 'sx': 128, 'cz': 66, 'rx': 65, 'rzz': 48, 'barrier': 8}",5,5,0,ok,,45.0,48.0,ok,,0.95,0.951068515827,42.0,44.0,0.95,0.951068515827,42.0,44.0,0.95,0.951068515827,42.0,44.0,custom_states,False,False,False,,
complete4,complete,4,monomial_full,sup123_P120_ph222,True,False,0.0,0.666667,159.0,182.2,18.28,444.0,461.4,114.0,116.2,128.0,"{'rz': 134, 'sx': 128, 'rx': 68, 'cz': 66, 'rzz': 48, 'barrier': 8}",5,5,0,ok,,45.0,48.0,ok,,0.97,0.948404040345,42.0,44.0,0.97,0.948404040345,42.0,44.0,,,,,custom_states,False,False,False,,
complete4,complete,4,monomial_full,sup123_P201_ph000,True,False,0.0,0.666667,149.0,160.6,12.86,387.0,400.4,106.0,108.2,128.0,"{'sx': 118, 'rz': 105, 'cz': 67, 'rx': 58, 'rzz': 39, 'barrier': 8}",5,5,0,ok,,37.0,40.0,ok,,0.95,0.987833544029,34.0,36.0,0.95,0.987833544029,34.0,36.0,0.95,0.987833544029,34.0,36.0,custom_states,False,False,False,,
complete4,complete,4,monomial_full,sup123_P201_ph001,True,False,0.0,0.666667,151.0,164.6,14.95,388.0,406.8,106.0,108.2,128.0,"{'sx': 128, 'rz': 102, 'cz': 70, 'rx': 52, 'rzz': 36, 'barrier': 8}",5,5,0,ok,,38.0,40.0,ok,,0.96,0.862530536807,35.0,36.0,0.98,0.987833544029,35.0,36.0,0.98,0.987833544029,35.0,36.0,custom_states,False,False,False,,
complete4,complete,4,monomial_full,sup123_P201_ph002,True,False,0.0,0.666667,151.0,164.6,14.95,388.0,406.8,106.0,108.2,128.0,"{'sx': 128, 'rz': 102, 'cz': 70, 'rx': 52, 'rzz': 36, 'barrier': 8}",5,5,0,ok,,38.0,40.0,ok,,0.96,0.987833544029,35.0,36.0,0.96,0.987833544029,35.0,36.0,0.96,0.987833544029,35.0,36.0,custom_states,False,False,False,,
complete4,complete,4,monomial_full,sup123_P201_ph010,True,False,0.0,0.666667,150.0,163.0,13.3,391.0,406.4,106.0,108.2,128.0,"{'sx': 118, 'rz': 109, 'cz': 67, 'rx': 58, 'rzz': 39, 'barrier': 8}",5,5,0,ok,,37.0,40.0,ok,,0.95,0.862530536807,34.0,36.0,0.98,0.987833544029,34.0,36.0,0.98,0.987833544029,34.0,36.0,custom_states,False,False,False,,
complete4,complete,4,monomial_full,sup123_P201_ph011,True,False,0.0,0.666667,152.0,166.2,14.3,396.0,412.8,106.0,108.2,128.0,"{'sx': 128, 'rz': 110, 'cz': 70, 'rx': 52, 'rzz': 36, 'barrier': 8}",5,5,0,ok,,38.0,40.0,ok,,0.95,0.881233609259,35.0,36.0,0.98,0.987833544029,35.0,36.0,0.98,0.987833544029,35.0,36.0,custom_states,False,False,False,,
complete4,complete,4,monomial_full,sup123_P201_ph012,True,False,0.0,0.666667,152.0,166.2,14.3,396.0,412.8,106.0,108.2,128.0,"{'sx': 128, 'rz': 110, 'cz': 70, 'rx': 52, 'rzz': 36, 'barrier': 8}",5,5,0,ok,,38.0,40.0,ok,,0.96,0.987833544029,35.0,36.0,0.96,0.987833544029,35.0,36.0,0.96,0.987833544029,35.0,36.0,custom_states,False,False,False,,
complete4,complete,4,monomial_full,sup123_P201_ph020,True,False,0.0,0.666667,151.0,163.8,13.42,392.0,408.6,106.0,108.2,128.0,"{'sx': 128, 'rz': 106, 'cz': 70, 'rx': 52, 'rzz': 36, 'barrier': 8}",5,5,0,ok,,37.0,40.0,ok,,0.96,0.881233609259,34.0,36.0,0.98,0.987833544029,34.0,36.0,0.98,0.987833544029,34.0,36.0,custom_states,False,False,False,,
complete4,complete,4,monomial_full,sup123_P201_ph021,True,False,0.0,0.666667,152.0,166.6,14.87,396.0,413.8,106.0,108.2,128.0,"{'sx': 128, 'rz': 110, 'cz': 70, 'rx': 52, 'rzz': 36, 'barrier': 8}",5,5,0,ok,,38.0,40.0,ok,,0.96,0.987833544029,35.0,36.0,0.96,0.987833544029,35.0,36.0,0.96,0.987833544029,35.0,36.0,custom_states,False,False,False,,
complete4,complete,4,monomial_full,sup123_P201_ph022,True,False,0.0,0.666667,152.0,165.4,15.12,392.0,409.8,106.0,108.2,128.0,"{'sx': 128, 'rz': 106, 'cz': 70, 'rx': 52, 'rzz': 36, 'barrier': 8}",5,5,0,ok,,38.0,40.0,ok,,0.95,0.862530536807,35.0,36.0,0.98,0.987833544029,35.0,36.0,0.98,0.987833544029,35.0,36.0,custom_states,False,False,False,,
complete4,complete,4,monomial_full,sup123_P201_ph100,True,False,0.0,0.666667,151.0,164.8,14.72,393.0,408.8,106.0,108.2,128.0,"{'sx': 118, 'rz': 110, 'cz': 67, 'rx': 59, 'rzz': 39, 'barrier': 8}",5,5,0,ok,,37.0,40.0,ok,,0.96,0.987833544029,34.0,36.0,0.96,0.987833544029,34.0,36.0,0.96,0.987833544029,34.0,36.0,custom_states,False,False,False,,
complete4,complete,4,monomial_full,sup123_P201_ph101,True,False,0.0,0.666667,152.0,166.2,14.3,396.0,412.8,106.0,108.2,128.0,"{'sx': 128, 'rz': 110, 'cz': 70, 'rx': 52, 'rzz': 36, 'barrier': 8}",5,5,0,ok,,38.0,40.0,ok,,0.96,0.987833544029,35.0,36.0,0.96,0.987833544029,35.0,36.0,0.96,0.987833544029,35.0,36.0,custom_states,False,False,False,,
complete4,complete,4,monomial_full,sup123_P201_ph102,True,False,0.0,0.666667,151.0,163.4,12.86,392.0,407.6,106.0,108.2,128.0,"{'sx': 128, 'rz': 106, 'cz': 70, 'rx': 52, 'rzz': 36, 'barrier': 8}",5,5,0,ok,,37.0,40.0,ok,,0.95,0.881233609259,34.0,36.0,0.98,0.987833544029,34.0,36.0,0.98,0.987833544029,34.0,36.0,custom_states,False,False,False,,
complete4,complete,4,monomial_full,sup123_P201_ph110,True,False,0.0,0.666667,152.0,166.6,14.87,396.0,413.8,106.0,108.2,128.0,"{'sx': 128, 'rz': 110, 'cz': 70, 'rx': 52, 'rzz': 36, 'barrier': 8}",5,5,0,ok,,38.0,40.0,ok,,0.96,0.987833544029,35.0,36.0,0.96,0.987833544029,35.0,36.0,0.96,0.987833544029,35.0,36.0,custom_states,False,False,False,,
complete4,complete,4,monomial_full,sup123_P201_ph111,True,False,0.0,0.666667,152.0,166.6,14.87,396.0,413.8,106.0,108.2,128.0,"{'sx': 128, 'rz': 110, 'cz': 70, 'rx': 52, 'rzz': 36, 'barrier': 8}",5,5,0,ok,,38.0,40.0,ok,,0.95,0.963233236875,35.0,36.0,0.95,0.963233236875,35.0,36.0,0.95,0.963233236875,35.0,36.0,custom_states,False,False,False,,
complete4,complete,4,monomial_full,sup123_P201_ph112,True,False,0.0,0.666667,151.0,163.6,13.69,393.0,407.4,106.0,108.2,128.0,"{'sx': 118, 'rz': 111, 'cz': 67, 'rx': 58, 'rzz': 39, 'barrier': 8}",5,5,0,ok,,38.0,40.0,ok,,0.95,0.987833544029,35.0,36.0,0.95,0.987833544029,35.0,36.0,0.95,0.987833544029,35.0,36.0,custom_states,False,False,False,,
complete4,complete,4,monomial_full,sup123_P201_ph120,True,False,0.0,0.666667,151.0,164.6,14.95,388.0,406.8,106.0,108.2,128.0,"{'sx': 128, 'rz': 102, 'cz': 70, 'rx': 52, 'rzz': 36, 'barrier': 8}",5,5,0,ok,,38.0,40.0,ok,,0.96,0.987833544029,35.0,36.0,0.96,0.987833544029,35.0,36.0,0.96,0.987833544029,35.0,36.0,custom_states,False,False,False,,
complete4,complete,4,monomial_full,sup123_P201_ph121,True,False,0.0,0.666667,151.0,164.6,14.95,388.0,406.8,106.0,108.2,128.0,"{'sx': 128, 'rz': 102, 'cz': 70, 'rx': 52, 'rzz': 36, 'barrier': 8}",5,5,0,ok,,38.0,40.0,ok,,0.95,0.987833544029,35.0,36.0,0.95,0.987833544029,35.0,36.0,0.95,0.987833544029,35.0,36.0,custom_states,False,False,False,,
complete4,complete,4,monomial_full,sup123_P201_ph122,True,False,0.0,0.666667,151.0,164.6,14.04,392.0,409.6,106.0,108.2,128.0,"{'sx': 128, 'rz': 106, 'cz': 70, 'rx': 52, 'rzz': 36, 'barrier': 8}",5,5,0,ok,,38.0,40.0,ok,,0.95,0.987833544029,35.0,36.0,0.95,0.987833544029,35.0,36.0,0.95,0.987833544029,35.0,36.0,custom_states,False,False,False,,
complete4,complete,4,monomial_full,sup123_P201_ph200,True,False,0.0,0.666667,152.0,165.4,15.12,392.0,409.8,106.0,108.2,128.0,"{'sx': 128, 'rz': 106, 'cz': 70, 'rx': 52, 'rzz': 36, 'barrier': 8}",5,5,0,ok,,38.0,40.0,ok,,0.95,0.987833544029,35.0,36.0,0.95,0.987833544029,35.0,36.0,0.95,0.987833544029,35.0,36.0,custom_states,False,False,False,,
complete4,complete,4,monomial_full,sup123_P201_ph201,True,False,0.0,0.666667,151.0,163.6,13.69,393.0,407.4,106.0,108.2,128.0,"{'sx': 118, 'rz': 111, 'cz': 67, 'rx': 58, 'rzz': 39, 'barrier': 8}",5,5,0,ok,,38.0,40.0,ok,,0.95,0.862530536807,35.0,36.0,0.98,0.987833544029,35.0,36.0,0.98,0.987833544029,35.0,36.0,custom_states,False,False,False,,
complete4,complete,4,monomial_full,sup123_P201_ph202,True,False,0.0,0.666667,152.0,165.4,15.12,392.0,409.8,106.0,108.2,128.0,"{'sx': 128, 'rz': 106, 'cz': 70, 'rx': 52, 'rzz': 36, 'barrier': 8}",5,5,0,ok,,38.0,40.0,ok,,0.96,0.987833544029,35.0,36.0,0.96,0.987833544029,35.0,36.0,0.96,0.987833544029,35.0,36.0,custom_states,False,False,False,,
complete4,complete,4,monomial_full,sup123_P201_ph210,True,False,0.0,0.666667,151.0,165.8,14.72,392.0,410.8,106.0,108.2,128.0,"{'sx': 128, 'rz': 106, 'cz': 70, 'rx': 52, 'rzz': 36, 'barrier': 8}",5,5,0,ok,,38.0,40.0,ok,,0.96,0.987833544029,35.0,36.0,0.96,0.987833544029,35.0,36.0,0.96,0.987833544029,35.0,36.0,custom_states,False,False,False,,
complete4,complete,4,monomial_full,sup123_P201_ph211,True,False,0.0,0.666667,151.0,164.6,14.04,392.0,409.6,106.0,108.2,128.0,"{'sx': 128, 'rz': 106, 'cz': 70, 'rx': 52, 'rzz': 36, 'barrier': 8}",5,5,0,ok,,38.0,40.0,ok,,0.95,0.881233609259,35.0,36.0,0.98,0.987833544029,35.0,36.0,0.98,0.987833544029,35.0,36.0,custom_states,False,False,False,,
complete4,complete,4,monomial_full,sup123_P201_ph212,True,False,0.0,0.666667,151.0,165.8,14.72,392.0,410.8,106.0,108.2,128.0,"{'sx': 128, 'rz': 106, 'cz': 70, 'rx': 52, 'rzz': 36, 'barrier': 8}",5,5,0,ok,,38.0,40.0,ok,,0.95,0.987833544029,35.0,36.0,0.95,0.987833544029,35.0,36.0,0.95,0.987833544029,35.0,36.0,custom_states,False,False,False,,
complete4,complete,4,monomial_full,sup123_P201_ph220,True,False,0.0,0.666667,151.0,164.8,14.72,393.0,408.8,106.0,108.2,128.0,"{'sx': 118, 'rz': 110, 'cz': 67, 'rx': 59, 'rzz': 39, 'barrier': 8}",5,5,0,ok,,37.0,40.0,ok,,0.96,0.987833544029,34.0,36.0,0.96,0.987833544029,34.0,36.0,0.96,0.987833544029,34.0,36.0,custom_states,False,False,False,,
complete4,complete,4,monomial_full,sup123_P201_ph221,True,False,0.0,0.666667,151.0,163.4,12.86,392.0,407.6,106.0,108.2,128.0,"{'sx': 128, 'rz': 106, 'cz': 70, 'rx': 52, 'rzz': 36, 'barrier': 8}",5,5,0,ok,,37.0,40.0,ok,,0.95,0.987833544029,34.0,36.0,0.95,0.987833544029,34.0,36.0,0.95,0.987833544029,34.0,36.0,custom_states,False,False,False,,
complete4,complete,4,monomial_full,sup123_P201_ph222,True,False,0.0,0.666667,152.0,166.2,14.3,396.0,412.8,106.0,108.2,128.0,"{'sx': 128, 'rz': 110, 'cz': 70, 'rx': 52, 'rzz': 36, 'barrier': 8}",5,5,0,ok,,38.0,40.0,ok,,0.95,0.987833544029,35.0,36.0,0.95,0.987833544029,35.0,36.0,0.95,0.987833544029,35.0,36.0,custom_states,False,False,False,,
complete4,complete,4,monomial_full,sup123_P210_ph000,True,False,0.0,0.666667,149.0,161.2,13.64,385.0,398.8,106.0,108.2,128.0,"{'sx': 118, 'rz': 105, 'cz': 67, 'rx': 56, 'rzz': 39, 'barrier': 8}",5,5,0,ok,,37.0,40.0,ok,,0.95,0.971670858124,35.0,36.0,0.95,0.971670858124,35.0,36.0,0.95,0.971670858124,35.0,36.0,custom_states,False,False,False,,
complete4,complete,4,monomial_full,sup123_P210_ph001,True,False,0.0,0.666667,150.0,162.2,14.12,382.0,401.0,106.0,108.2,128.0,"{'sx': 128, 'rz': 100, 'cz': 70, 'rx': 48, 'rzz': 36, 'barrier': 8}",5,5,0,ok,,37.0,40.0,ok,,0.95,0.884783544638,34.0,36.0,0.99,0.987833544029,34.0,36.0,0.99,0.987833544029,34.0,36.0,custom_states,False,False,False,,
complete4,complete,4,monomial_full,sup123_P210_ph002,True,False,0.0,0.666667,150.0,162.4,14.29,384.0,402.8,106.0,108.2,128.0,"{'sx': 128, 'rz': 102, 'cz': 70, 'rx': 48, 'rzz': 36, 'barrier': 8}",5,5,0,ok,,37.0,40.0,ok,,0.95,0.987833544029,34.0,36.0,0.95,0.987833544029,34.0,36.0,0.95,0.987833544029,34.0,36.0,custom_states,False,False,False,,
complete4,complete,4,monomial_full,sup123_P210_ph010,True,False,0.0,0.666667,151.0,163.6,13.56,392.0,409.4,106.0,108.2,128.0,"{'sx': 128, 'rz': 110, 'cz': 66, 'rx': 48, 'rzz': 40, 'barrier': 8}",5,5,0,ok,,37.0,40.0,ok,,0.96,0.987833544029,34.0,36.0,0.96,0.987833544029,34.0,36.0,0.96,0.987833544029,34.0,36.0,custom_states,False,False,False,,
complete4,complete,4,monomial_full,sup123_P210_ph011,True,False,0.0,0.666667,151.0,163.0,13.7,392.0,408.4,106.0,108.2,128.0,"{'sx': 128, 'rz': 110, 'cz': 66, 'rx': 48, 'rzz': 40, 'barrier': 8}",5,5,0,ok,,37.0,40.0,ok,,0.95,0.987833544029,34.0,36.0,0.95,0.987833544029,34.0,36.0,0.95,0.987833544029,34.0,36.0,custom_states,False,False,False,,
complete4,complete,4,monomial_full,sup123_P210_ph012,True,False,0.0,0.666667,151.0,163.0,12.92,388.0,404.8,106.0,108.2,128.0,"{'sx': 128, 'rz': 106, 'cz': 66, 'rx': 48, 'rzz': 40, 'barrier': 8}",5,5,0,ok,,37.0,40.0,ok,,0.96,0.987833544029,34.0,36.0,0.96,0.987833544029,34.0,36.0,0.96,0.987833544029,34.0,36.0,custom_states,False,False,False,,
complete4,complete,4,monomial_full,sup123_P210_ph020,True,False,0.0,0.666667,152.0,164.6,13.23,392.0,409.0,106.0,108.2,128.0,"{'sx': 128, 'rz': 110, 'cz': 66, 'rx': 48, 'rzz': 40, 'barrier': 8}",5,5,0,ok,,38.0,40.0,ok,,0.96,0.987833544029,35.0,36.0,0.96,0.987833544029,35.0,36.0,0.96,0.987833544029,35.0,36.0,custom_states,False,False,False,,
complete4,complete,4,monomial_full,sup123_P210_ph021,True,False,0.0,0.666667,152.0,165.2,14.33,392.0,409.6,106.0,108.2,128.0,"{'sx': 128, 'rz': 110, 'cz': 66, 'rx': 48, 'rzz': 40, 'barrier': 8}",5,5,0,ok,,38.0,40.0,ok,,0.96,0.987833544029,35.0,36.0,0.96,0.987833544029,35.0,36.0,0.96,0.987833544029,35.0,36.0,custom_states,False,False,False,,
complete4,complete,4,monomial_full,sup123_P210_ph022,True,False,0.0,0.666667,152.0,164.8,13.88,392.0,409.0,106.0,108.2,128.0,"{'sx': 128, 'rz': 110, 'cz': 66, 'rx': 48, 'rzz': 40, 'barrier': 8}",5,5,0,ok,,38.0,40.0,ok,,0.95,0.987833544029,35.0,36.0,0.95,0.987833544029,35.0,36.0,0.95,0.987833544029,35.0,36.0,custom_states,False,False,False,,
complete4,complete,4,monomial_full,sup123_P210_ph100,True,False,0.0,0.666667,151.0,163.4,14.18,392.0,408.4,106.0,108.2,128.0,"{'sx': 128, 'rz': 110, 'cz': 66, 'rx': 48, 'rzz': 40, 'barrier': 8}",5,5,0,ok,,37.0,40.0,ok,,0.96,0.987833544029,34.0,36.0,0.96,0.987833544029,34.0,36.0,0.96,0.987833544029,34.0,36.0,custom_states,False,False,False,,
complete4,complete,4,monomial_full,sup123_P210_ph101,True,False,0.0,0.666667,151.0,163.4,13.31,388.0,406.0,106.0,108.2,128.0,"{'sx': 128, 'rz': 106, 'cz': 66, 'rx': 48, 'rzz': 40, 'barrier': 8}",5,5,0,ok,,37.0,40.0,ok,,0.95,0.987833544029,34.0,36.0,0.95,0.987833544029,34.0,36.0,0.95,0.987833544029,34.0,36.0,custom_states,False,False,False,,
complete4,complete,4,monomial_full,sup123_P210_ph102,True,False,0.0,0.666667,151.0,163.2,13.99,392.0,408.2,106.0,108.2,128.0,"{'sx': 128, 'rz': 110, 'cz': 66, 'rx': 48, 'rzz': 40, 'barrier': 8}",5,5,0,ok,,37.0,40.0,ok,,0.96,0.987833544029,34.0,36.0,0.96,0.987833544029,34.0,36.0,0.96,0.987833544029,34.0,36.0,custom_states,False,False,False,,
complete4,complete,4,monomial_full,sup123_P210_ph110,True,False,0.0,0.666667,152.0,165.0,14.49,392.0,409.4,106.0,108.2,128.0,"{'sx': 128, 'rz': 110, 'cz': 66, 'rx': 48, 'rzz': 40, 'barrier': 8}",5,5,0,ok,,38.0,40.0,ok,,0.95,0.987833544029,35.0,36.0,0.95,0.987833544029,35.0,36.0,0.95,0.987833544029,35.0,36.0,custom_states,False,False,False,,
complete4,complete,4,monomial_full,sup123_P210_ph111,True,False,0.0,0.666667,152.0,164.4,13.82,392.0,409.0,106.0,108.2,128.0,"{'sx': 128, 'rz': 110, 'cz': 66, 'rx': 48, 'rzz': 40, 'barrier': 8}",5,5,0,ok,,38.0,40.0,ok,,0.95,0.987833544029,35.0,36.0,0.95,0.987833544029,35.0,36.0,0.95,0.987833544029,35.0,36.0,custom_states,False,False,False,,
complete4,complete,4,monomial_full,sup123_P210_ph112,True,False,0.0,0.666667,152.0,164.8,13.88,392.0,409.2,106.0,108.2,128.0,"{'sx': 128, 'rz': 110, 'cz': 66, 'rx': 48, 'rzz': 40, 'barrier': 8}",5,5,0,ok,,38.0,40.0,ok,,0.96,0.987833544029,35.0,36.0,0.96,0.987833544029,35.0,36.0,0.96,0.987833544029,35.0,36.0,custom_states,False,False,False,,
complete4,complete,4,monomial_full,sup123_P210_ph120,True,False,0.0,0.666667,150.0,162.4,14.29,384.0,402.8,106.0,108.2,128.0,"{'sx': 128, 'rz': 102, 'cz': 70, 'rx': 48, 'rzz': 36, 'barrier': 8}",5,5,0,ok,,37.0,40.0,ok,,0.95,0.987833544029,34.0,36.0,0.95,0.987833544029,34.0,36.0,0.95,0.987833544029,34.0,36.0,custom_states,False,False,False,,
complete4,complete,4,monomial_full,sup123_P210_ph121,True,False,0.0,0.666667,150.0,162.4,14.29,384.0,402.8,106.0,108.2,128.0,"{'sx': 128, 'rz': 102, 'cz': 70, 'rx': 48, 'rzz': 36, 'barrier': 8}",5,5,0,ok,,37.0,40.0,ok,,0.95,0.971670858124,35.0,36.0,0.95,0.971670858124,35.0,36.0,0.95,0.971670858124,35.0,36.0,custom_states,False,False,False,,
complete4,complete,4,monomial_full,sup123_P210_ph122,True,False,0.0,0.666667,149.0,161.0,13.48,384.0,397.0,106.0,108.2,128.0,"{'sx': 118, 'rz': 104, 'cz': 67, 'rx': 56, 'rzz': 39, 'barrier': 8}",5,5,0,ok,,37.0,40.0,ok,,0.95,0.987833544029,34.0,36.0,0.95,0.987833544029,34.0,36.0,0.95,0.987833544029,34.0,36.0,custom_states,False,False,False,,
complete4,complete,4,monomial_full,sup123_P210_ph200,True,False,0.0,0.666667,151.0,164.6,14.04,392.0,409.6,106.0,108.2,128.0,"{'sx': 128, 'rz': 110, 'cz': 66, 'rx': 48, 'rzz': 40, 'barrier': 8}",5,5,0,ok,,38.0,40.0,ok,,0.96,0.987833544029,35.0,36.0,0.96,0.987833544029,35.0,36.0,0.96,0.987833544029,35.0,36.0,custom_states,False,False,False,,
complete4,complete,4,monomial_full,sup123_P210_ph201,True,False,0.0,0.666667,151.0,164.2,13.47,392.0,409.0,106.0,108.2,128.0,"{'sx': 128, 'rz': 110, 'cz': 66, 'rx': 48, 'rzz': 40, 'barrier': 8}",5,5,0,ok,,38.0,40.0,ok,,0.96,0.987833544029,35.0,36.0,0.96,0.987833544029,35.0,36.0,0.96,0.987833544029,35.0,36.0,custom_states,False,False,False,,
complete4,complete,4,monomial_full,sup123_P210_ph202,True,False,0.0,0.666667,152.0,164.6,13.56,392.0,409.0,106.0,108.2,128.0,"{'sx': 128, 'rz': 110, 'cz': 66, 'rx': 48, 'rzz': 40, 'barrier': 8}",5,5,0,ok,,38.0,40.0,ok,,0.95,0.987833544029,35.0,36.0,0.95,0.987833544029,35.0,36.0,0.95,0.987833544029,35.0,36.0,custom_states,False,False,False,,
complete4,complete,4,monomial_full,sup123_P210_ph210,True,False,0.0,0.666667,150.0,162.2,14.12,382.0,401.0,106.0,108.2,128.0,"{'sx': 128, 'rz': 100, 'cz': 70, 'rx': 48, 'rzz': 36, 'barrier': 8}",5,5,0,ok,,37.0,40.0,ok,,0.96,0.987833544029,34.0,36.0,0.96,0.987833544029,34.0,36.0,0.96,0.987833544029,34.0,36.0,custom_states,False,False,False,,
complete4,complete,4,monomial_full,sup123_P210_ph211,True,False,0.0,0.666667,149.0,161.2,13.64,385.0,398.8,106.0,108.2,128.0,"{'sx': 119, 'rz': 105, 'cz': 67, 'rx': 55, 'rzz': 39, 'barrier': 8}",5,5,0,ok,,37.0,40.0,ok,,0.95,0.987833544029,34.0,36.0,0.95,0.987833544029,34.0,36.0,0.95,0.987833544029,34.0,36.0,custom_states,False,False,False,,
complete4,complete,4,monomial_full,sup123_P210_ph212,True,False,0.0,0.666667,150.0,162.4,14.29,384.0,402.8,106.0,108.2,128.0,"{'sx': 128, 'rz': 102, 'cz': 70, 'rx': 48, 'rzz': 36, 'barrier': 8}",5,5,0,ok,,37.0,40.0,ok,,0.95,0.958027118878,35.0,36.0,0.95,0.958027118878,35.0,36.0,0.95,0.958027118878,35.0,36.0,custom_states,False,False,False,,
complete4,complete,4,monomial_full,sup123_P210_ph220,True,False,0.0,0.666667,151.0,162.8,13.41,388.0,404.8,106.0,108.2,128.0,"{'sx': 128, 'rz': 106, 'cz': 66, 'rx': 48, 'rzz': 40, 'barrier': 8}",5,5,0,ok,,37.0,40.0,ok,,0.95,0.987833544029,34.0,36.0,0.95,0.987833544029,34.0,36.0,0.95,0.987833544029,34.0,36.0,custom_states,False,False,False,,
complete4,complete,4,monomial_full,sup123_P210_ph221,True,False,0.0,0.666667,151.0,163.2,13.57,392.0,408.8,106.0,108.2,128.0,"{'sx': 128, 'rz': 110, 'cz': 66, 'rx': 48, 'rzz': 40, 'barrier': 8}",5,5,0,ok,,37.0,40.0,ok,,0.96,0.987833544029,34.0,36.0,0.96,0.987833544029,34.0,36.0,0.96,0.987833544029,34.0,36.0,custom_states,False,False,False,,
complete4,complete,4,monomial_full,sup123_P210_ph222,True,False,0.0,0.666667,151.0,163.8,14.3,392.0,409.0,106.0,108.2,128.0,"{'sx': 128, 'rz': 110, 'cz': 66, 'rx': 48, 'rzz': 40, 'barrier': 8}",5,5,0,ok,,37.0,40.0,ok,,0.95,0.987833544029,34.0,36.0,0.95,0.987833544029,34.0,36.0,0.95,0.987833544029,34.0,36.0,custom_states,False,False,False,,
complete4,complete,4,product,U_I__V_X,True,False,0.0,0.666667,151.0,164.6,14.04,392.0,410.0,106.0,108.2,128.0,"{'sx': 128, 'rz': 106, 'cz': 70, 'rx': 52, 'rzz': 36, 'barrier': 8}",5,5,0,ok,,38.0,40.0,ok,,0.95,0.963233236875,35.0,36.0,0.95,0.963233236875,35.0,36.0,0.95,0.963233236875,35.0,36.0,custom_states,False,False,False,,
complete4,complete,4,product,U_I__V_SX,True,False,0.0,0.833333,152.0,164.6,13.59,392.0,408.8,106.0,108.2,128.0,"{'sx': 128, 'rz': 110, 'cz': 66, 'rx': 48, 'rzz': 40, 'barrier': 8}",5,5,0,ok,,38.0,40.0,ok,,0.97,0.987833544029,35.0,36.0,0.97,0.987833544029,35.0,36.0,0.97,0.987833544029,35.0,36.0,custom_states,False,False,False,,
complete4,complete,4,product,U_I__V_SXdg,True,False,0.0,0.833333,151.0,164.4,14.19,388.0,408.4,106.0,108.2,128.0,"{'sx': 128, 'rz': 110, 'cz': 66, 'rx': 44, 'rzz': 40, 'barrier': 8}",5,5,0,ok,,37.0,40.0,ok,,0.96,0.987833544029,34.0,36.0,0.96,0.987833544029,34.0,36.0,0.96,0.987833544029,34.0,36.0,custom_states,False,False,False,,
complete4,complete,4,product,U_I__V_H,True,False,0.0,0.833333,149.0,162.2,14.01,385.0,399.0,106.0,108.2,128.0,"{'sx': 118, 'rz': 108, 'cz': 67, 'rx': 53, 'rzz': 39, 'barrier': 8}",5,5,0,ok,,37.0,40.0,ok,,0.96,0.987833544029,34.0,36.0,0.96,0.987833544029,34.0,36.0,0.96,0.987833544029,34.0,36.0,custom_states,False,False,False,,
complete4,complete,4,product,U_I__V_HS,True,False,0.0,0.833333,152.0,165.8,14.68,392.0,410.8,106.0,108.2,128.0,"{'sx': 128, 'rz': 114, 'cz': 66, 'rx': 44, 'rzz': 40, 'barrier': 8}",5,5,0,ok,,38.0,40.0,ok,,0.95,0.987833544029,35.0,36.0,0.95,0.987833544029,35.0,36.0,0.95,0.987833544029,35.0,36.0,custom_states,False,False,False,,
complete4,complete,4,product,U_I__V_SH,True,False,0.0,0.833333,151.0,164.2,13.5,391.0,410.6,106.0,108.2,128.0,"{'sx': 128, 'rz': 110, 'cz': 66, 'rx': 47, 'rzz': 40, 'barrier': 8}",5,5,0,ok,,38.0,40.0,ok,,0.95,0.987833544029,35.0,36.0,0.95,0.987833544029,35.0,36.0,0.95,0.987833544029,35.0,36.0,custom_states,False,False,False,,
complete4,complete,4,product,U_I__V_Z,True,True,0.0,1.0,151.0,163.4,13.37,392.0,408.8,106.0,108.2,128.0,"{'sx': 128, 'rz': 102, 'cz': 70, 'rx': 56, 'rzz': 36, 'barrier': 8}",5,5,0,ok,,38.0,40.0,ok,,0.95,0.963233236875,35.0,36.0,0.95,0.963233236875,35.0,36.0,0.95,0.963233236875,35.0,36.0,custom_states,False,False,False,,
complete4,complete,4,product,U_X__V_I,True,False,0.0,0.666667,151.0,164.6,14.04,392.0,409.6,106.0,108.2,128.0,"{'sx': 128, 'rz': 106, 'cz': 70, 'rx': 52, 'rzz': 36, 'barrier': 8}",5,5,0,ok,,38.0,40.0,ok,,0.95,0.963233236875,35.0,36.0,0.95,0.963233236875,35.0,36.0,0.95,0.963233236875,35.0,36.0,custom_states,False,False,False,,
complete4,complete,4,product,U_X__V_X,True,False,0.0,0.666667,149.0,161.2,13.64,385.0,398.8,106.0,108.2,128.0,"{'sx': 118, 'rz': 105, 'cz': 67, 'rx': 56, 'rzz': 39, 'barrier': 8}",5,5,0,ok,,37.0,40.0,ok,,0.95,0.971670858124,35.0,36.0,0.95,0.971670858124,35.0,36.0,0.95,0.971670858124,35.0,36.0,custom_states,False,False,False,,
complete4,complete,4,product,U_X__V_SX,True,False,0.0,0.666667,149.0,160.6,12.86,387.0,400.4,106.0,108.2,128.0,"{'sx': 118, 'rz': 105, 'cz': 67, 'rx': 58, 'rzz': 39, 'barrier': 8}",5,5,0,ok,,37.0,40.0,ok,,0.95,0.971670858124,35.0,36.0,0.95,0.971670858124,35.0,36.0,0.95,0.971670858124,35.0,36.0,custom_states,False,False,False,,
complete4,complete,4,product,U_X__V_SXdg,True,False,0.0,0.666667,151.0,164.6,14.04,392.0,409.6,106.0,108.2,128.0,"{'sx': 128, 'rz': 106, 'cz': 70, 'rx': 52, 'rzz': 36, 'barrier': 8}",5,5,0,ok,,38.0,40.0,ok,,0.95,0.963233236875,35.0,36.0,0.95,0.963233236875,35.0,36.0,0.95,0.963233236875,35.0,36.0,custom_states,False,False,False,,
complete4,complete,4,product,U_X__V_H,True,False,0.0,0.666667,152.0,164.4,14.29,392.0,408.4,106.0,108.2,128.0,"{'sx': 128, 'rz': 106, 'cz': 70, 'rx': 52, 'rzz': 36, 'barrier': 8}",5,5,0,ok,,39.0,40.0,ok,,0.95,0.971670858124,36.0,36.0,0.95,0.971670858124,36.0,36.0,0.95,0.971670858124,36.0,36.0,custom_states,False,False,False,,
complete4,complete,4,product,U_X__V_HS,True,False,0.0,0.666667,152.0,166.8,14.74,397.0,415.4,106.0,108.2,128.0,"{'sx': 128, 'rz': 114, 'cz': 66, 'rx': 49, 'rzz': 40, 'barrier': 8}",5,5,0,ok,,39.0,40.0,ok,,0.95,0.88670790976,33.0,32.0,0.98,0.987833544029,36.0,36.0,0.98,0.987833544029,36.0,36.0,custom_states,False,False,False,,
complete4,complete,4,product,U_X__V_SH,True,False,0.0,0.666667,151.0,163.0,12.82,393.0,409.4,106.0,108.2,128.0,"{'sx': 128, 'rz': 110, 'cz': 66, 'rx': 49, 'rzz': 40, 'barrier': 8}",5,5,0,ok,,38.0,40.0,ok,,0.97,0.88670790976,32.0,32.0,0.98,0.987833544029,35.0,36.0,0.98,0.987833544029,35.0,36.0,custom_states,False,False,False,,
complete4,complete,4,product,U_X__V_Z,True,False,0.0,0.666667,151.0,163.4,14.29,388.0,405.6,106.0,108.2,128.0,"{'sx': 128, 'rz': 102, 'cz': 70, 'rx': 52, 'rzz': 36, 'barrier': 8}",5,5,0,ok,,38.0,40.0,ok,,0.95,0.971670858124,35.0,36.0,0.95,0.971670858124,35.0,36.0,0.95,0.971670858124,35.0,36.0,custom_states,False,False,False,,
complete4,complete,4,product,U_SX__V_I,True,False,0.0,0.833333,152.0,164.2,13.57,395.0,410.8,106.0,108.2,128.0,"{'sx': 128, 'rz': 110, 'cz': 66, 'rx': 51, 'rzz': 40, 'barrier': 8}",5,5,0,ok,,38.0,40.0,ok,,0.95,0.942340451466,32.0,32.0,0.95,0.942340451466,32.0,32.0,,,,,custom_states,False,False,False,,
complete4,complete,4,product,U_SX__V_X,True,False,0.0,0.666667,152.0,164.2,13.96,392.0,409.2,106.0,108.2,128.0,"{'sx': 128, 'rz': 110, 'cz': 66, 'rx': 48, 'rzz': 40, 'barrier': 8}",5,5,0,ok,,38.0,40.0,ok,,0.95,0.967742034819,35.0,36.0,0.95,0.967742034819,35.0,36.0,0.95,0.967742034819,35.0,36.0,custom_states,False,False,False,,
complete4,complete,4,product,U_SX__V_SX,True,False,0.0,0.75,151.0,164.2,13.5,396.0,410.8,106.0,108.2,128.0,"{'sx': 128, 'rz': 110, 'cz': 66, 'rx': 52, 'rzz': 40, 'barrier': 8}",5,5,0,ok,,38.0,40.0,ok,,0.95,0.988012922694,34.0,36.0,0.95,0.988012922694,34.0,36.0,0.95,0.988012922694,34.0,36.0,custom_states,False,False,False,,
complete4,complete,4,product,U_SX__V_SXdg,True,False,0.0,0.75,146.0,156.8,12.22,391.0,394.8,100.0,103.6,128.0,"{'rz': 116, 'sx': 108, 'rx': 67, 'cz': 57, 'rzz': 43, 'barrier': 8}",5,5,0,ok,,35.0,36.0,ok,,0.95,0.987833544029,32.0,32.0,0.95,0.987833544029,32.0,32.0,0.95,0.987833544029,32.0,32.0,custom_states,False,False,False,,
complete4,complete,4,product,U_SX__V_H,True,False,0.0,0.75,153.0,166.4,14.53,402.0,415.8,106.0,108.2,128.0,"{'sx': 128, 'rz': 114, 'cz': 66, 'rx': 54, 'rzz': 40, 'barrier': 8}",5,5,0,ok,,38.0,40.0,ok,,0.95,0.94129220893,35.0,36.0,0.95,0.94129220893,35.0,36.0,0.99,0.961926443391,35.0,36.0,custom_states,False,False,False,,
complete4,complete,4,product,U_SX__V_HS,True,False,0.0,0.75,152.0,165.8,15.13,396.0,413.6,106.0,108.2,128.0,"{'sx': 128, 'rz': 114, 'cz': 66, 'rx': 48, 'rzz': 40, 'barrier': 8}",5,5,0,ok,,38.0,40.0,ok,,0.96,0.987833544029,35.0,36.0,0.96,0.987833544029,35.0,36.0,0.96,0.987833544029,35.0,36.0,custom_states,False,False,False,,
complete4,complete,4,product,U_SX__V_SH,True,False,0.0,0.75,152.0,164.0,14.03,396.0,411.6,106.0,108.2,128.0,"{'sx': 118, 'rz': 115, 'cz': 63, 'rx': 57, 'rzz': 43, 'barrier': 8}",5,5,0,ok,,37.0,40.0,ok,,0.95,0.91556021012,32.0,32.0,0.95,0.91556021012,32.0,32.0,0.99,0.987833544029,34.0,36.0,custom_states,False,False,False,,
complete4,complete,4,product,U_SX__V_Z,True,False,0.0,0.833333,151.0,163.6,13.59,391.0,409.0,106.0,108.2,128.0,"{'sx': 128, 'rz': 110, 'cz': 66, 'rx': 47, 'rzz': 40, 'barrier': 8}",5,5,0,ok,,38.0,40.0,ok,,0.91,0.851378472623,35.0,36.0,,,,,,,,,custom_states,False,False,False,,
complete4,complete,4,product,U_SXdg__V_I,True,False,0.0,0.833333,151.0,163.8,14.3,392.0,409.6,106.0,108.2,128.0,"{'sx': 118, 'rz': 115, 'cz': 63, 'rx': 53, 'rzz': 43, 'barrier': 8}",5,5,0,ok,,37.0,40.0,ok,,0.95,0.889012115484,33.0,32.0,0.99,0.942340451466,34.0,36.0,,,,,custom_states,False,False,False,,
complete4,complete,4,product,U_SXdg__V_X,True,False,0.0,0.666667,152.0,164.8,14.19,395.0,411.2,106.0,108.2,128.0,"{'sx': 128, 'rz': 110, 'cz': 66, 'rx': 51, 'rzz': 40, 'barrier': 8}",5,5,0,ok,,37.0,40.0,ok,,0.96,0.987833544029,34.0,36.0,0.96,0.987833544029,34.0,36.0,0.96,0.987833544029,34.0,36.0,custom_states,False,False,False,,
complete4,complete,4,product,U_SXdg__V_SX,True,False,0.0,0.75,145.0,157.0,12.55,390.0,395.2,100.0,103.6,128.0,"{'rz': 116, 'sx': 108, 'rx': 66, 'cz': 57, 'rzz': 43, 'barrier': 8}",5,5,0,ok,,35.0,36.0,ok,,0.95,0.987833544029,32.0,32.0,0.95,0.987833544029,32.0,32.0,0.95,0.987833544029,32.0,32.0,custom_states,False,False,False,,
complete4,complete,4,product,U_SXdg__V_SXdg,True,False,0.0,0.75,151.0,163.4,13.46,394.0,411.0,106.0,108.2,128.0,"{'sx': 128, 'rz': 110, 'cz': 66, 'rx': 50, 'rzz': 40, 'barrier': 8}",5,5,0,ok,,38.0,40.0,ok,,0.98,0.987833544029,35.0,36.0,0.98,0.987833544029,35.0,36.0,0.98,0.987833544029,35.0,36.0,custom_states,False,False,False,,
complete4,complete,4,product,U_SXdg__V_H,True,False,0.0,0.75,153.0,166.2,14.41,400.0,416.0,106.0,108.2,128.0,"{'sx': 128, 'rz': 114, 'cz': 66, 'rx': 52, 'rzz': 40, 'barrier': 8}",5,5,0,ok,,39.0,40.0,ok,,0.96,0.973223107342,36.0,36.0,0.96,0.973223107342,36.0,36.0,0.96,0.973223107342,36.0,36.0,custom_states,False,False,False,,
complete4,complete,4,product,U_SXdg__V_HS,True,False,0.0,0.75,152.0,166.2,15.2,396.0,414.4,106.0,108.2,128.0,"{'sx': 128, 'rz': 114, 'cz': 66, 'rx': 48, 'rzz': 40, 'barrier': 8}",5,5,0,ok,,38.0,40.0,ok,,0.96,0.987833544029,35.0,36.0,0.96,0.987833544029,35.0,36.0,0.96,0.987833544029,35.0,36.0,custom_states,False,False,False,,
complete4,complete,4,product,U_SXdg__V_SH,True,False,0.0,0.75,152.0,164.8,14.63,398.0,413.4,106.0,108.2,128.0,"{'sx': 128, 'rz': 110, 'cz': 66, 'rx': 54, 'rzz': 40, 'barrier': 8}",5,5,0,ok,,37.0,40.0,ok,,0.96,0.987833544029,34.0,36.0,0.96,0.987833544029,34.0,36.0,0.96,0.987833544029,34.0,36.0,custom_states,False,False,False,,
complete4,complete,4,product,U_SXdg__V_Z,True,False,0.0,0.833333,151.0,164.2,14.47,396.0,411.4,106.0,108.2,128.0,"{'sx': 118, 'rz': 115, 'cz': 63, 'rx': 57, 'rzz': 43, 'barrier': 8}",5,5,0,ok,,38.0,40.0,ok,,0.96,0.951242997631,35.0,36.0,0.96,0.951242997631,35.0,36.0,0.96,0.951242997631,35.0,36.0,custom_states,False,False,False,,
complete4,complete,4,product,U_H__V_I,True,False,0.0,0.833333,150.0,161.0,12.87,380.0,398.8,106.0,108.2,128.0,"{'sx': 128, 'rz': 102, 'cz': 70, 'rx': 44, 'rzz': 36, 'barrier': 8}",5,5,0,ok,,37.0,40.0,ok,,0.96,0.870186449775,34.0,36.0,0.98,0.987833544029,34.0,36.0,0.98,0.987833544029,34.0,36.0,custom_states,False,False,False,,
complete4,complete,4,product,U_H__V_X,True,False,0.0,0.666667,151.0,162.8,13.51,384.0,402.6,106.0,108.2,128.0,"{'sx': 128, 'rz': 102, 'cz': 70, 'rx': 48, 'rzz': 36, 'barrier': 8}",5,5,0,ok,,38.0,40.0,ok,,0.95,0.971670858124,35.0,36.0,0.95,0.971670858124,35.0,36.0,0.95,0.971670858124,35.0,36.0,custom_states,False,False,False,,
complete4,complete,4,product,U_H__V_SX,True,False,0.0,0.75,152.0,164.8,13.42,396.0,412.8,106.0,108.2,128.0,"{'sx': 128, 'rz': 114, 'cz': 66, 'rx': 48, 'rzz': 40, 'barrier': 8}",5,5,0,ok,,38.0,40.0,ok,,0.96,0.987833544029,35.0,36.0,0.96,0.987833544029,35.0,36.0,0.96,0.987833544029,35.0,36.0,custom_states,False,False,False,,
complete4,complete,4,product,U_H__V_SXdg,True,False,0.0,0.75,153.0,166.4,13.32,400.0,416.0,106.0,108.2,128.0,"{'sx': 128, 'rz': 114, 'cz': 66, 'rx': 52, 'rzz': 40, 'barrier': 8}",5,5,0,ok,,39.0,40.0,ok,,0.96,0.987833544029,36.0,36.0,0.96,0.987833544029,36.0,36.0,0.96,0.987833544029,36.0,36.0,custom_states,False,False,False,,
complete4,complete,4,product,U_H__V_H,True,False,0.0,0.75,148.0,159.8,12.84,401.0,407.4,100.0,103.6,128.0,"{'rz': 126, 'sx': 108, 'rx': 67, 'cz': 57, 'rzz': 43, 'barrier': 8}",5,5,0,ok,,36.0,36.0,ok,,0.96,0.987833544029,33.0,32.0,0.96,0.987833544029,33.0,32.0,0.96,0.987833544029,33.0,32.0,custom_states,False,False,False,,
complete4,complete,4,product,U_H__V_HS,True,False,0.0,0.75,153.0,166.8,14.33,404.0,420.4,106.0,108.2,128.0,"{'sx': 128, 'rz': 118, 'cz': 66, 'rx': 52, 'rzz': 40, 'barrier': 8}",5,5,0,ok,,39.0,40.0,ok,,0.96,0.987833544029,36.0,36.0,0.96,0.987833544029,36.0,36.0,0.96,0.987833544029,36.0,36.0,custom_states,False,False,False,,
complete4,complete,4,product,U_H__V_SH,True,False,0.0,0.75,153.0,165.8,12.22,400.0,415.6,106.0,108.2,128.0,"{'sx': 128, 'rz': 114, 'cz': 66, 'rx': 52, 'rzz': 40, 'barrier': 8}",5,5,0,ok,,39.0,40.0,ok,,0.95,0.987833544029,36.0,36.0,0.95,0.987833544029,36.0,36.0,0.95,0.987833544029,36.0,36.0,custom_states,False,False,False,,
complete4,complete,4,product,U_H__V_Z,True,False,0.0,0.833333,148.0,158.6,11.96,394.0,401.0,100.0,103.6,128.0,"{'rz': 122, 'sx': 108, 'rx': 64, 'cz': 57, 'rzz': 43, 'barrier': 8}",5,5,0,ok,,36.0,36.0,ok,,0.96,0.987833544029,33.0,32.0,0.96,0.987833544029,33.0,32.0,0.96,0.987833544029,33.0,32.0,custom_states,False,False,False,,
complete4,complete,4,product,U_HS__V_I,True,False,0.0,0.833333,153.0,167.2,13.95,404.0,420.2,106.0,108.2,128.0,"{'sx': 128, 'rz': 114, 'cz': 66, 'rx': 56, 'rzz': 40, 'barrier': 8}",5,5,0,ok,,39.0,40.0,ok,,0.96,0.987833544029,36.0,36.0,0.96,0.987833544029,36.0,36.0,0.96,0.987833544029,36.0,36.0,custom_states,False,False,False,,
complete4,complete,4,product,U_HS__V_X,True,False,0.0,0.666667,152.0,165.6,13.66,397.0,414.4,106.0,108.2,128.0,"{'sx': 128, 'rz': 114, 'cz': 66, 'rx': 49, 'rzz': 40, 'barrier': 8}",5,5,0,ok,,39.0,40.0,ok,,0.97,0.88670790976,33.0,32.0,0.98,0.987833544029,36.0,36.0,0.98,0.987833544029,36.0,36.0,custom_states,False,False,False,,
complete4,complete,4,product,U_HS__V_SX,True,False,0.0,0.75,152.0,165.6,13.22,398.0,415.0,106.0,108.2,128.0,"{'sx': 128, 'rz': 114, 'cz': 66, 'rx': 50, 'rzz': 40, 'barrier': 8}",5,5,0,ok,,39.0,40.0,ok,,0.95,0.954186504151,33.0,32.0,0.95,0.954186504151,33.0,32.0,0.95,0.954186504151,33.0,32.0,custom_states,False,False,False,,
complete4,complete,4,product,U_HS__V_SXdg,True,False,0.0,0.75,152.0,164.8,13.08,396.0,412.2,106.0,108.2,128.0,"{'sx': 128, 'rz': 114, 'cz': 66, 'rx': 48, 'rzz': 40, 'barrier': 8}",5,5,0,ok,,38.0,40.0,ok,,0.95,0.987833544029,35.0,36.0,0.95,0.987833544029,35.0,36.0,0.95,0.987833544029,35.0,36.0,custom_states,False,False,False,,
complete4,complete,4,product,U_HS__V_H,True,False,0.0,0.75,153.0,167.2,13.95,404.0,420.2,106.0,108.2,128.0,"{'sx': 128, 'rz': 118, 'cz': 66, 'rx': 52, 'rzz': 40, 'barrier': 8}",5,5,0,ok,,39.0,40.0,ok,,0.95,0.987833544029,36.0,36.0,0.95,0.987833544029,36.0,36.0,0.95,0.987833544029,36.0,36.0,custom_states,False,False,False,,
complete4,complete,4,product,U_HS__V_HS,True,False,0.0,0.75,153.0,167.0,14.86,406.0,421.0,106.0,108.2,128.0,"{'sx': 128, 'rz': 118, 'cz': 66, 'rx': 54, 'rzz': 40, 'barrier': 8}",5,5,0,ok,,38.0,40.0,ok,,0.95,0.936997698292,35.0,36.0,0.95,0.936997698292,35.0,36.0,,,,,custom_states,False,False,False,,
complete4,complete,4,product,U_HS__V_SH,True,False,0.0,0.75,153.0,166.2,13.47,402.0,416.4,106.0,108.2,128.0,"{'sx': 128, 'rz': 114, 'cz': 66, 'rx': 54, 'rzz': 40, 'barrier': 8}",5,5,0,ok,,38.0,40.0,ok,,0.96,0.987833544029,35.0,36.0,0.96,0.987833544029,35.0,36.0,0.96,0.987833544029,35.0,36.0,custom_states,False,False,False,,
complete4,complete,4,product,U_HS__V_Z,True,False,0.0,0.833333,153.0,166.4,13.75,399.0,415.2,106.0,108.2,128.0,"{'sx': 128, 'rz': 114, 'cz': 66, 'rx': 51, 'rzz': 40, 'barrier': 8}",5,5,0,ok,,39.0,40.0,ok,,0.96,0.987833544029,36.0,36.0,0.96,0.987833544029,36.0,36.0,0.96,0.987833544029,36.0,36.0,custom_states,False,False,False,,
complete4,complete,4,product,U_SH__V_I,True,False,0.0,0.833333,151.0,163.6,14.37,388.0,406.6,106.0,108.2,128.0,"{'sx': 128, 'rz': 110, 'cz': 66, 'rx': 44, 'rzz': 40, 'barrier': 8}",5,5,0,ok,,37.0,40.0,ok,,0.96,0.987833544029,34.0,36.0,0.96,0.987833544029,34.0,36.0,0.96,0.987833544029,34.0,36.0,custom_states,False,False,False,,
complete4,complete,4,product,U_SH__V_X,True,False,0.0,0.666667,150.0,163.6,14.53,393.0,409.8,106.0,108.2,128.0,"{'sx': 118, 'rz': 115, 'cz': 63, 'rx': 54, 'rzz': 43, 'barrier': 8}",5,5,0,ok,,38.0,40.0,ok,,0.98,0.907952692037,35.0,36.0,0.98,0.907952692037,35.0,36.0,0.99,0.987833544029,35.0,36.0,custom_states,False,False,False,,
complete4,complete,4,product,U_SH__V_SX,True,False,0.0,0.75,152.0,164.0,13.67,398.0,411.4,106.0,108.2,128.0,"{'sx': 128, 'rz': 110, 'cz': 66, 'rx': 54, 'rzz': 40, 'barrier': 8}",5,5,0,ok,,37.0,40.0,ok,,0.95,0.881344573232,32.0,32.0,0.99,0.987833544029,34.0,36.0,0.99,0.987833544029,34.0,36.0,custom_states,False,False,False,,
complete4,complete,4,product,U_SH__V_SXdg,True,False,0.0,0.75,151.0,163.8,14.66,394.0,411.8,106.0,108.2,128.0,"{'sx': 128, 'rz': 110, 'cz': 66, 'rx': 50, 'rzz': 40, 'barrier': 8}",5,5,0,ok,,38.0,40.0,ok,,0.95,0.940682300966,35.0,36.0,0.95,0.940682300966,35.0,36.0,0.99,0.987833544029,35.0,36.0,custom_states,False,False,False,,
complete4,complete,4,product,U_SH__V_H,True,False,0.0,0.75,152.0,166.6,14.43,400.0,416.0,106.0,108.2,128.0,"{'sx': 128, 'rz': 114, 'cz': 66, 'rx': 52, 'rzz': 40, 'barrier': 8}",5,5,0,ok,,39.0,40.0,ok,,0.95,0.987833544029,36.0,36.0,0.95,0.987833544029,36.0,36.0,0.95,0.987833544029,36.0,36.0,custom_states,False,False,False,,
complete4,complete,4,product,U_SH__V_HS,True,False,0.0,0.75,152.0,166.0,14.87,400.0,415.8,106.0,108.2,128.0,"{'sx': 128, 'rz': 114, 'cz': 66, 'rx': 52, 'rzz': 40, 'barrier': 8}",5,5,0,ok,,39.0,40.0,ok,,0.96,0.987881691505,36.0,36.0,0.96,0.987881691505,36.0,36.0,0.96,0.987881691505,36.0,36.0,custom_states,False,False,False,,
complete4,complete,4,product,U_SH__V_SH,True,False,0.0,0.75,152.0,164.6,13.97,399.0,414.8,106.0,108.2,128.0,"{'sx': 118, 'rz': 115, 'cz': 63, 'rx': 60, 'rzz': 43, 'barrier': 8}",5,5,0,ok,,38.0,40.0,ok,,0.95,0.881186557859,35.0,36.0,0.99,0.987833544029,35.0,36.0,0.99,0.987833544029,35.0,36.0,custom_states,False,False,False,,
complete4,complete,4,product,U_SH__V_Z,True,False,0.0,0.833333,151.0,163.8,13.79,393.0,410.0,106.0,108.2,128.0,"{'sx': 128, 'rz': 110, 'cz': 66, 'rx': 49, 'rzz': 40, 'barrier': 8}",5,5,0,ok,,38.0,40.0,ok,,0.96,0.987833544029,35.0,36.0,0.96,0.987833544029,35.0,36.0,0.96,0.987833544029,35.0,36.0,custom_states,False,False,False,,
complete4,complete,4,product,U_Z__V_I,True,True,0.0,1.0,151.0,164.6,14.04,396.0,412.8,106.0,108.2,128.0,"{'sx': 128, 'rz': 106, 'cz': 70, 'rx': 56, 'rzz': 36, 'barrier': 8}",5,5,0,ok,,38.0,40.0,ok,,0.95,0.963233236875,35.0,36.0,0.95,0.963233236875,35.0,36.0,0.95,0.963233236875,35.0,36.0,custom_states,False,False,False,,
complete4,complete,4,product,U_Z__V_X,True,False,0.0,0.666667,147.0,160.0,13.83,380.0,393.6,106.0,108.2,128.0,"{'sx': 118, 'rz': 102, 'cz': 67, 'rx': 54, 'rzz': 39, 'barrier': 8}",5,5,0,ok,,36.0,40.0,ok,,0.95,0.987833544029,33.0,36.0,0.95,0.987833544029,33.0,36.0,0.95,0.987833544029,33.0,36.0,custom_states,False,False,False,,
complete4,complete,4,product,U_Z__V_SX,True,False,0.0,0.833333,152.0,164.0,13.67,397.0,410.0,106.0,108.2,128.0,"{'sx': 128, 'rz': 110, 'cz': 66, 'rx': 53, 'rzz': 40, 'barrier': 8}",5,5,0,ok,,37.0,40.0,ok,,0.97,0.987833544029,34.0,36.0,0.97,0.987833544029,34.0,36.0,0.97,0.987833544029,34.0,36.0,custom_states,False,False,False,,
complete4,complete,4,product,U_Z__V_SXdg,True,False,0.0,0.833333,151.0,163.8,13.79,395.0,409.8,106.0,108.2,128.0,"{'sx': 128, 'rz': 110, 'cz': 66, 'rx': 51, 'rzz': 40, 'barrier': 8}",5,5,0,ok,,38.0,40.0,ok,,0.97,0.987833544029,35.0,36.0,0.97,0.987833544029,35.0,36.0,0.97,0.987833544029,35.0,36.0,custom_states,False,False,False,,
complete4,complete,4,product,U_Z__V_H,True,False,0.0,0.833333,148.0,159.4,13.14,396.0,400.4,100.0,103.6,128.0,"{'rz': 123, 'sx': 108, 'rx': 65, 'cz': 57, 'rzz': 43, 'barrier': 8}",5,5,0,ok,,36.0,36.0,ok,,0.96,0.987833544029,33.0,32.0,0.96,0.987833544029,33.0,32.0,0.96,0.987833544029,33.0,32.0,custom_states,False,False,False,,
complete4,complete,4,product,U_Z__V_HS,True,False,0.0,0.833333,152.0,166.2,14.29,399.0,415.0,106.0,108.2,128.0,"{'sx': 128, 'rz': 114, 'cz': 66, 'rx': 51, 'rzz': 40, 'barrier': 8}",5,5,0,ok,,39.0,40.0,ok,,0.96,0.987833544029,36.0,36.0,0.96,0.987833544029,36.0,36.0,0.96,0.987833544029,36.0,36.0,custom_states,False,False,False,,
complete4,complete,4,product,U_Z__V_SH,True,False,0.0,0.833333,152.0,164.6,13.91,393.0,409.6,106.0,108.2,128.0,"{'sx': 128, 'rz': 110, 'cz': 66, 'rx': 49, 'rzz': 40, 'barrier': 8}",5,5,0,ok,,38.0,40.0,ok,,0.96,0.987833544029,35.0,36.0,0.96,0.987833544029,35.0,36.0,0.96,0.987833544029,35.0,36.0,custom_states,False,False,False,,
complete4,complete,4,product,U_Z__V_Z,True,True,0.0,1.0,147.0,157.8,12.22,389.0,394.0,100.0,103.6,128.0,"{'rz': 119, 'sx': 108, 'rx': 62, 'cz': 57, 'rzz': 43, 'barrier': 8}",5,5,0,ok,,34.0,36.0,ok,,0.95,0.987833544029,31.0,32.0,0.95,0.987833544029,31.0,32.0,0.95,0.987833544029,31.0,32.0,custom_states,False,False,False,,
complete4,complete,4,monomial_full,sup012_P012_ph000,True,,,,,,,,,,,,,0,0,0,skipped_baseline_equivalent,,,,skipped,same embedding as baseline within tolerance,,,,,,,,,,,,,custom_states,False,True,True,same embedding as baseline within tolerance,1.0
complete4,complete,4,monomial_full,sup012_P012_ph111,True,,,,,,,,,,,,,0,0,0,skipped_baseline_equivalent,,,,skipped,embedding equals baseline up to one global phase,,,,,,,,,,,,,custom_states,False,False,True,embedding equals baseline up to one global phase,1.0
complete4,complete,4,monomial_full,sup012_P012_ph222,True,,,,,,,,,,,,,0,0,0,skipped_baseline_equivalent,,,,skipped,embedding equals baseline up to one global phase,,,,,,,,,,,,,custom_states,False,False,True,embedding equals baseline up to one global phase,1.0
complete4,complete,4,product,U_I__V_I,True,,,,,,,,,,,,,0,0,0,skipped_baseline_equivalent,,,,skipped,same embedding as baseline within tolerance,,,,,,,,,,,,,custom_states,False,True,True,same embedding as baseline within tolerance,1.0
