state_name,state_family,n_qutrits,class_name,candidate_name,is_valid,uses_old_codespace_only,avg_codeword_entanglement,overlap_with_old_codespace,best_depth,mean_depth,std_depth,best_size,mean_size,best_two_qubit_gate_count,mean_two_qubit_gate_count,num_qubits,best_count_ops,n_transpile_runs,successful_trials,failed_trials,status,error_message,approx_ref_depth,approx_ref_two_qubit_gate_count,approx_status,approx_error_message,fid085_best_approx_degree,fid085_best_fidelity,fid085_best_depth,fid085_best_two_qubit_gate_count,fid090_best_approx_degree,fid090_best_fidelity,fid090_best_depth,fid090_best_two_qubit_gate_count,fid095_best_approx_degree,fid095_best_fidelity,fid095_best_depth,fid095_best_two_qubit_gate_count,suite_name,is_baseline_reference,is_trivial_identity,is_baseline_equivalent,skip_reason,pipeline_stage
path4,path,4,baseline,E_old,True,True,0.0,1.0,65.0,80.2,11.7,213.0,220.4,51.0,51.6,128.0,"{'rz': 72, 'sx': 50, 'rx': 40, 'cz': 27, 'rzz': 24, 'barrier': 8}",5,5,0,ok,,26.0,24.0,ok,,0.95,0.881565516261,23.0,20.0,0.99,0.987833544029,23.0,20.0,0.99,0.987833544029,23.0,20.0,custom_states,True,True,True,,
path4,path,4,monomial_full,sup012_P012_ph001,True,True,0.0,1.0,82.0,82.6,0.49,255.0,255.8,61.0,61.0,128.0,"{'rz': 84, 'sx': 62, 'rx': 48, 'cz': 33, 'rzz': 28, 'barrier': 8}",5,5,0,ok,,30.0,28.0,ok,,0.96,0.881565516261,27.0,24.0,0.99,0.987833544029,27.0,24.0,0.99,0.987833544029,27.0,24.0,custom_states,False,False,False,,
path4,path,4,monomial_full,sup012_P012_ph002,True,True,0.0,1.0,82.0,82.6,0.49,263.0,263.2,61.0,61.0,128.0,"{'rz': 84, 'sx': 62, 'rx': 56, 'cz': 33, 'rzz': 28, 'barrier': 8}",5,5,0,ok,,30.0,28.0,ok,,0.95,0.881565516261,27.0,24.0,0.99,0.987833544029,27.0,24.0,0.99,0.987833544029,27.0,24.0,custom_states,False,False,False,,
path4,path,4,monomial_full,sup012_P012_ph010,True,True,0.0,1.0,81.0,82.2,0.98,255.0,255.2,61.0,61.0,128.0,"{'rz': 84, 'sx': 62, 'rx': 48, 'cz': 33, 'rzz': 28, 'barrier': 8}",5,5,0,ok,,30.0,28.0,ok,,0.95,0.881565516261,27.0,24.0,0.99,0.987833544029,27.0,24.0,0.99,0.987833544029,27.0,24.0,custom_states,False,False,False,,
path4,path,4,monomial_full,sup012_P012_ph011,True,True,0.0,1.0,82.0,82.6,0.49,251.0,255.8,61.0,61.0,128.0,"{'rz': 84, 'sx': 62, 'rx': 44, 'cz': 33, 'rzz': 28, 'barrier': 8}",5,5,0,ok,,28.0,28.0,ok,,0.95,0.967364800501,25.0,24.0,0.95,0.967364800501,25.0,24.0,0.95,0.967364800501,25.0,24.0,custom_states,False,False,False,,
path4,path,4,monomial_full,sup012_P012_ph012,True,True,0.0,1.0,78.0,78.0,0.0,235.0,235.0,57.0,57.0,128.0,"{'rz': 76, 'sx': 62, 'rx': 40, 'cz': 33, 'rzz': 24, 'barrier': 8}",5,5,0,ok,,26.0,24.0,ok,,0.99,0.987833544029,23.0,20.0,0.99,0.987833544029,23.0,20.0,0.99,0.987833544029,23.0,20.0,custom_states,False,False,False,,
path4,path,4,monomial_full,sup012_P012_ph020,True,True,0.0,1.0,82.0,82.6,0.49,251.0,255.8,61.0,61.0,128.0,"{'rz': 84, 'sx': 62, 'rx': 44, 'cz': 33, 'rzz': 28, 'barrier': 8}",5,5,0,ok,,28.0,28.0,ok,,0.96,0.881565516261,25.0,24.0,0.99,0.987833544029,25.0,24.0,0.99,0.987833544029,25.0,24.0,custom_states,False,False,False,,
path4,path,4,monomial_full,sup012_P012_ph021,True,True,0.0,1.0,78.0,78.0,0.0,235.0,235.0,57.0,57.0,128.0,"{'rz': 76, 'sx': 62, 'rx': 40, 'cz': 33, 'rzz': 24, 'barrier': 8}",5,5,0,ok,,26.0,24.0,ok,,0.95,0.881565516261,23.0,20.0,0.99,0.987833544029,23.0,20.0,0.99,0.987833544029,23.0,20.0,custom_states,False,False,False,,
path4,path,4,monomial_full,sup012_P012_ph022,True,True,0.0,1.0,81.0,82.2,0.98,255.0,255.2,61.0,61.0,128.0,"{'rz': 84, 'sx': 62, 'rx': 48, 'cz': 33, 'rzz': 28, 'barrier': 8}",5,5,0,ok,,30.0,28.0,ok,,0.96,0.881565516261,27.0,24.0,0.99,0.987833544029,27.0,24.0,0.99,0.987833544029,27.0,24.0,custom_states,False,False,False,,
path4,path,4,monomial_full,sup012_P012_ph100,True,True,0.0,1.0,82.0,82.6,0.49,259.0,255.8,61.0,61.0,128.0,"{'rz': 84, 'sx': 62, 'rx': 52, 'cz': 33, 'rzz': 28, 'barrier': 8}",5,5,0,ok,,30.0,28.0,ok,,0.96,0.881565516261,27.0,24.0,0.99,0.987833544029,27.0,24.0,0.99,0.987833544029,27.0,24.0,custom_states,False,False,False,,
path4,path,4,monomial_full,sup012_P012_ph101,True,True,0.0,1.0,77.0,77.4,0.49,231.0,232.8,57.0,57.0,128.0,"{'rz': 72, 'sx': 62, 'rx': 40, 'cz': 33, 'rzz': 24, 'barrier': 8}",5,5,0,ok,,26.0,24.0,ok,,0.95,0.887337561515,23.0,20.0,0.99,0.987833544029,23.0,20.0,0.99,0.987833544029,23.0,20.0,custom_states,False,False,False,,
path4,path,4,monomial_full,sup012_P012_ph102,True,True,0.0,1.0,81.0,82.2,0.98,255.0,255.2,61.0,61.0,128.0,"{'rz': 84, 'sx': 62, 'rx': 48, 'cz': 33, 'rzz': 28, 'barrier': 8}",5,5,0,ok,,30.0,28.0,ok,,0.96,0.86526466326,27.0,24.0,0.99,0.98403145781,27.0,24.0,0.99,0.98403145781,27.0,24.0,custom_states,False,False,False,,
path4,path,4,monomial_full,sup012_P012_ph110,True,True,0.0,1.0,77.0,77.6,0.49,231.0,233.2,57.0,57.0,128.0,"{'rz': 72, 'sx': 62, 'rx': 40, 'cz': 33, 'rzz': 24, 'barrier': 8}",5,5,0,ok,,26.0,24.0,ok,,0.95,0.881565516261,23.0,20.0,0.99,0.987833544029,23.0,20.0,0.99,0.987833544029,23.0,20.0,custom_states,False,False,False,,
path4,path,4,monomial_full,sup012_P012_ph112,True,True,0.0,1.0,82.0,82.6,0.49,259.0,255.8,61.0,61.0,128.0,"{'rz': 84, 'sx': 62, 'rx': 52, 'cz': 33, 'rzz': 28, 'barrier': 8}",5,5,0,ok,,30.0,28.0,ok,,0.95,0.881565516261,27.0,24.0,0.99,0.987833544029,27.0,24.0,0.99,0.987833544029,27.0,24.0,custom_states,False,False,False,,
path4,path,4,monomial_full,sup012_P012_ph120,True,True,0.0,1.0,82.0,82.6,0.49,255.0,255.8,61.0,61.0,128.0,"{'rz': 84, 'sx': 62, 'rx': 48, 'cz': 33, 'rzz': 28, 'barrier': 8}",5,5,0,ok,,30.0,28.0,ok,,0.91,0.850256907043,27.0,24.0,0.99,0.98403145781,27.0,24.0,0.99,0.98403145781,27.0,24.0,custom_states,False,False,False,,
path4,path,4,monomial_full,sup012_P012_ph121,True,True,0.0,1.0,80.0,81.2,0.98,247.0,248.4,61.0,61.0,128.0,"{'rz': 84, 'sx': 62, 'rx': 40, 'cz': 33, 'rzz': 28, 'barrier': 8}",5,5,0,ok,,28.0,28.0,ok,,0.96,0.881565516261,25.0,24.0,0.99,0.987833544029,25.0,24.0,0.99,0.987833544029,25.0,24.0,custom_states,False,False,False,,
path4,path,4,monomial_full,sup012_P012_ph122,True,True,0.0,1.0,78.0,78.0,0.0,235.0,235.0,57.0,57.0,128.0,"{'rz': 76, 'sx': 62, 'rx': 40, 'cz': 33, 'rzz': 24, 'barrier': 8}",5,5,0,ok,,26.0,24.0,ok,,0.95,0.899848527184,23.0,20.0,0.99,0.987833544029,23.0,20.0,0.99,0.987833544029,23.0,20.0,custom_states,False,False,False,,
path4,path,4,monomial_full,sup012_P012_ph200,True,True,0.0,1.0,81.0,82.2,0.98,255.0,255.2,61.0,61.0,128.0,"{'rz': 84, 'sx': 62, 'rx': 48, 'cz': 33, 'rzz': 28, 'barrier': 8}",5,5,0,ok,,30.0,28.0,ok,,0.96,0.881565516261,27.0,24.0,0.99,0.987833544029,27.0,24.0,0.99,0.987833544029,27.0,24.0,custom_states,False,False,False,,
path4,path,4,monomial_full,sup012_P012_ph201,True,True,0.0,1.0,82.0,82.6,0.49,251.0,255.8,61.0,61.0,128.0,"{'rz': 84, 'sx': 62, 'rx': 44, 'cz': 33, 'rzz': 28, 'barrier': 8}",5,5,0,ok,,28.0,28.0,ok,,0.96,0.86526466326,25.0,24.0,0.99,0.98403145781,25.0,24.0,0.99,0.98403145781,25.0,24.0,custom_states,False,False,False,,
path4,path,4,monomial_full,sup012_P012_ph202,True,True,0.0,1.0,77.0,77.4,0.49,231.0,232.8,57.0,57.0,128.0,"{'rz': 72, 'sx': 62, 'rx': 40, 'cz': 33, 'rzz': 24, 'barrier': 8}",5,5,0,ok,,26.0,24.0,ok,,0.91,0.855738673908,23.0,20.0,0.99,0.946673107426,23.0,20.0,,,,,custom_states,False,False,False,,
path4,path,4,monomial_full,sup012_P012_ph210,True,True,0.0,1.0,82.0,82.6,0.49,251.0,255.8,61.0,61.0,128.0,"{'rz': 84, 'sx': 62, 'rx': 44, 'cz': 33, 'rzz': 28, 'barrier': 8}",5,5,0,ok,,28.0,28.0,ok,,0.95,0.97190574996,25.0,24.0,0.95,0.97190574996,25.0,24.0,0.95,0.97190574996,25.0,24.0,custom_states,False,False,False,,
path4,path,4,monomial_full,sup012_P012_ph211,True,True,0.0,1.0,78.0,78.0,0.0,235.0,235.0,57.0,57.0,128.0,"{'rz': 76, 'sx': 62, 'rx': 40, 'cz': 33, 'rzz': 24, 'barrier': 8}",5,5,0,ok,,26.0,24.0,ok,,0.95,0.881565516261,23.0,20.0,0.99,0.987833544029,23.0,20.0,0.99,0.987833544029,23.0,20.0,custom_states,False,False,False,,
path4,path,4,monomial_full,sup012_P012_ph212,True,True,0.0,1.0,82.0,82.6,0.49,255.0,255.8,61.0,61.0,128.0,"{'rz': 84, 'sx': 62, 'rx': 48, 'cz': 33, 'rzz': 28, 'barrier': 8}",5,5,0,ok,,30.0,28.0,ok,,0.96,0.86526466326,27.0,24.0,0.99,0.98403145781,27.0,24.0,0.99,0.98403145781,27.0,24.0,custom_states,False,False,False,,
path4,path,4,monomial_full,sup012_P012_ph220,True,True,0.0,1.0,77.0,77.6,0.49,231.0,233.2,57.0,57.0,128.0,"{'rz': 72, 'sx': 62, 'rx': 40, 'cz': 33, 'rzz': 24, 'barrier': 8}",5,5,0,ok,,26.0,24.0,ok,,0.95,0.881565516261,23.0,20.0,0.99,0.987833544029,23.0,20.0,0.99,0.987833544029,23.0,20.0,custom_states,False,False,False,,
path4,path,4,monomial_full,sup012_P012_ph221,True,True,0.0,1.0,82.0,82.6,0.49,255.0,256.4,61.0,61.0,128.0,"{'rz': 84, 'sx': 62, 'rx': 48, 'cz': 33, 'rzz': 28, 'barrier': 8}",5,5,0,ok,,30.0,28.0,ok,,0.95,0.97190574996,26.0,24.0,0.95,0.97190574996,26.0,24.0,0.95,0.97190574996,26.0,24.0,custom_states,False,False,False,,
path4,path,4,monomial_full,sup012_P021_ph000,True,True,0.0,1.0,87.0,89.4,1.96,299.0,304.8,69.0,69.0,128.0,"{'rz': 96, 'rx': 72, 'sx': 62, 'rzz': 36, 'cz': 33, 'barrier': 8}",5,5,0,ok,,36.0,36.0,ok,,0.96,0.881565516261,33.0,32.0,0.99,0.987833544029,33.0,32.0,0.99,0.987833544029,33.0,32.0,custom_states,False,False,False,,
path4,path,4,monomial_full,sup012_P021_ph001,True,True,0.0,1.0,88.0,88.6,0.49,303.0,303.2,69.0,69.0,128.0,"{'rz': 108, 'rx': 64, 'sx': 62, 'rzz': 36, 'cz': 33, 'barrier': 8}",5,5,0,ok,,36.0,36.0,ok,,0.95,0.967364800501,33.0,32.0,0.95,0.967364800501,33.0,32.0,0.95,0.967364800501,33.0,32.0,custom_states,False,False,False,,
path4,path,4,monomial_full,sup012_P021_ph002,True,True,0.0,1.0,88.0,89.2,0.98,307.0,309.4,69.0,69.0,128.0,"{'rz': 104, 'rx': 72, 'sx': 62, 'rzz': 36, 'cz': 33, 'barrier': 8}",5,5,0,ok,,37.0,36.0,ok,,0.97,0.881565516261,34.0,32.0,0.99,0.987833544029,34.0,32.0,0.99,0.987833544029,34.0,32.0,custom_states,False,False,False,,
path4,path,4,monomial_full,sup012_P021_ph010,True,True,0.0,1.0,89.0,89.6,0.49,311.0,311.2,69.0,69.0,128.0,"{'rz': 108, 'rx': 72, 'sx': 62, 'rzz': 36, 'cz': 33, 'barrier': 8}",5,5,0,ok,,37.0,36.0,ok,,0.97,0.881565516261,34.0,32.0,0.99,0.987833544029,34.0,32.0,0.99,0.987833544029,34.0,32.0,custom_states,False,False,False,,
path4,path,4,monomial_full,sup012_P021_ph011,True,True,0.0,1.0,88.0,89.2,0.98,307.0,309.4,69.0,69.0,128.0,"{'rz': 104, 'rx': 72, 'sx': 62, 'rzz': 36, 'cz': 33, 'barrier': 8}",5,5,0,ok,,37.0,36.0,ok,,0.97,0.881565516261,34.0,32.0,0.99,0.987833544029,34.0,32.0,0.99,0.987833544029,34.0,32.0,custom_states,False,False,False,,
path4,path,4,monomial_full,sup012_P021_ph012,True,True,0.0,1.0,88.0,90.4,1.96,303.0,308.8,69.0,69.0,128.0,"{'rz': 100, 'rx': 72, 'sx': 62, 'rzz': 36, 'cz': 33, 'barrier': 8}",5,5,0,ok,,37.0,36.0,ok,,0.97,0.881565516261,34.0,32.0,0.99,0.987833544029,34.0,32.0,0.99,0.987833544029,34.0,32.0,custom_states,False,False,False,,
path4,path,4,monomial_full,sup012_P021_ph020,True,True,0.0,1.0,88.0,89.2,0.98,305.0,305.4,69.0,69.0,128.0,"{'rz': 104, 'rx': 70, 'sx': 62, 'rzz': 36, 'cz': 33, 'barrier': 8}",5,5,0,ok,,37.0,36.0,ok,,0.97,0.881565516261,34.0,32.0,0.99,0.987833544029,34.0,32.0,0.99,0.987833544029,34.0,32.0,custom_states,False,False,False,,
path4,path,4,monomial_full,sup012_P021_ph021,True,True,0.0,1.0,88.0,90.4,1.96,303.0,308.8,69.0,69.0,128.0,"{'rz': 100, 'rx': 72, 'sx': 62, 'rzz': 36, 'cz': 33, 'barrier': 8}",5,5,0,ok,,37.0,36.0,ok,,0.97,0.881565516261,34.0,32.0,0.99,0.987833544029,34.0,32.0,0.99,0.987833544029,34.0,32.0,custom_states,False,False,False,,
path4,path,4,monomial_full,sup012_P021_ph022,True,True,0.0,1.0,88.0,89.2,0.98,305.0,305.4,69.0,69.0,128.0,"{'rz': 104, 'rx': 70, 'sx': 62, 'rzz': 36, 'cz': 33, 'barrier': 8}",5,5,0,ok,,37.0,36.0,ok,,0.97,0.881565516261,34.0,32.0,0.99,0.987833544029,34.0,32.0,0.99,0.987833544029,34.0,32.0,custom_states,False,False,False,,
path4,path,4,monomial_full,sup012_P021_ph100,True,True,0.0,1.0,88.0,89.2,0.98,303.0,305.4,69.0,69.0,128.0,"{'rz': 104, 'rx': 68, 'sx': 62, 'rzz': 36, 'cz': 33, 'barrier': 8}",5,5,0,ok,,37.0,36.0,ok,,0.95,0.967364800501,34.0,32.0,0.95,0.967364800501,34.0,32.0,0.95,0.967364800501,34.0,32.0,custom_states,False,False,False,,
path4,path,4,monomial_full,sup012_P021_ph101,True,True,0.0,1.0,88.0,90.4,1.96,303.0,308.8,69.0,69.0,128.0,"{'rz': 100, 'rx': 72, 'sx': 62, 'rzz': 36, 'cz': 33, 'barrier': 8}",5,5,0,ok,,37.0,36.0,ok,,0.97,0.881565516261,34.0,32.0,0.99,0.987833544029,34.0,32.0,0.99,0.987833544029,34.0,32.0,custom_states,False,False,False,,
path4,path,4,monomial_full,sup012_P021_ph102,True,True,0.0,1.0,88.0,88.6,0.49,303.0,303.2,69.0,69.0,128.0,"{'rz': 108, 'rx': 64, 'sx': 62, 'rzz': 36, 'cz': 33, 'barrier': 8}",5,5,0,ok,,36.0,36.0,ok,,0.96,0.881565516261,33.0,32.0,0.99,0.987833544029,33.0,32.0,0.99,0.987833544029,33.0,32.0,custom_states,False,False,False,,
path4,path,4,monomial_full,sup012_P021_ph110,True,True,0.0,1.0,87.0,89.4,1.96,299.0,304.8,69.0,69.0,128.0,"{'rz': 96, 'rx': 72, 'sx': 62, 'rzz': 36, 'cz': 33, 'barrier': 8}",5,5,0,ok,,36.0,36.0,ok,,0.96,0.881565516261,33.0,32.0,0.99,0.987833544029,33.0,32.0,0.99,0.987833544029,33.0,32.0,custom_states,False,False,False,,
path4,path,4,monomial_full,sup012_P021_ph111,True,True,0.0,1.0,89.0,89.6,0.49,305.0,307.2,69.0,69.0,128.0,"{'rz': 108, 'rx': 66, 'sx': 62, 'rzz': 36, 'cz': 33, 'barrier': 8}",5,5,0,ok,,36.0,36.0,ok,,0.95,0.967364800501,33.0,32.0,0.95,0.967364800501,33.0,32.0,0.95,0.967364800501,33.0,32.0,custom_states,False,False,False,,
path4,path,4,monomial_full,sup012_P021_ph112,True,True,0.0,1.0,88.0,89.2,0.98,303.0,305.4,69.0,69.0,128.0,"{'rz': 104, 'rx': 68, 'sx': 62, 'rzz': 36, 'cz': 33, 'barrier': 8}",5,5,0,ok,,37.0,36.0,ok,,0.97,0.881565516261,34.0,32.0,0.99,0.987833544029,34.0,32.0,0.99,0.987833544029,34.0,32.0,custom_states,False,False,False,,
path4,path,4,monomial_full,sup012_P021_ph120,True,True,0.0,1.0,88.0,88.6,0.49,303.0,303.2,69.0,69.0,128.0,"{'rz': 108, 'rx': 64, 'sx': 62, 'rzz': 36, 'cz': 33, 'barrier': 8}",5,5,0,ok,,36.0,36.0,ok,,0.96,0.881565516261,33.0,32.0,0.99,0.987833544029,33.0,32.0,0.99,0.987833544029,33.0,32.0,custom_states,False,False,False,,
path4,path,4,monomial_full,sup012_P021_ph121,True,True,0.0,1.0,88.0,89.2,0.98,303.0,305.4,69.0,69.0,128.0,"{'rz': 104, 'rx': 68, 'sx': 62, 'rzz': 36, 'cz': 33, 'barrier': 8}",5,5,0,ok,,37.0,36.0,ok,,0.97,0.881565516261,34.0,32.0,0.99,0.987833544029,34.0,32.0,0.99,0.987833544029,34.0,32.0,custom_states,False,False,False,,
path4,path,4,monomial_full,sup012_P021_ph122,True,True,0.0,1.0,88.0,90.4,1.96,303.0,308.8,69.0,69.0,128.0,"{'rz': 100, 'rx': 72, 'sx': 62, 'rzz': 36, 'cz': 33, 'barrier': 8}",5,5,0,ok,,37.0,36.0,ok,,0.97,0.881565516261,34.0,32.0,0.99,0.987833544029,34.0,32.0,0.99,0.987833544029,34.0,32.0,custom_states,False,False,False,,
path4,path,4,monomial_full,sup012_P021_ph200,True,True,0.0,1.0,89.0,89.6,0.49,307.0,307.2,69.0,69.0,128.0,"{'rz': 108, 'rx': 68, 'sx': 62, 'rzz': 36, 'cz': 33, 'barrier': 8}",5,5,0,ok,,37.0,36.0,ok,,0.97,0.881565516261,34.0,32.0,0.99,0.987833544029,34.0,32.0,0.99,0.987833544029,34.0,32.0,custom_states,False,False,False,,
path4,path,4,monomial_full,sup012_P021_ph201,True,True,0.0,1.0,88.0,89.2,0.98,303.0,305.4,69.0,69.0,128.0,"{'rz': 104, 'rx': 68, 'sx': 62, 'rzz': 36, 'cz': 33, 'barrier': 8}",5,5,0,ok,,37.0,36.0,ok,,0.97,0.881565516261,34.0,32.0,0.99,0.987833544029,34.0,32.0,0.99,0.987833544029,34.0,32.0,custom_states,False,False,False,,
path4,path,4,monomial_full,sup012_P021_ph202,True,True,0.0,1.0,88.0,90.4,1.96,303.0,308.8,69.0,69.0,128.0,"{'rz': 100, 'rx': 72, 'sx': 62, 'rzz': 36, 'cz': 33, 'barrier': 8}",5,5,0,ok,,37.0,36.0,ok,,0.97,0.881565516261,34.0,32.0,0.99,0.987833544029,34.0,32.0,0.99,0.987833544029,34.0,32.0,custom_states,False,False,False,,
path4,path,4,monomial_full,sup012_P021_ph210,True,True,0.0,1.0,88.0,89.2,0.98,303.0,305.4,69.0,69.0,128.0,"{'rz': 104, 'rx': 68, 'sx': 62, 'rzz': 36, 'cz': 33, 'barrier': 8}",5,5,0,ok,,37.0,36.0,ok,,0.97,0.881565516261,34.0,32.0,0.99,0.987833544029,34.0,32.0,0.99,0.987833544029,34.0,32.0,custom_states,False,False,False,,
path4,path,4,monomial_full,sup012_P021_ph211,True,True,0.0,1.0,88.0,90.4,1.96,303.0,308.8,69.0,69.0,128.0,"{'rz': 100, 'rx': 72, 'sx': 62, 'rzz': 36, 'cz': 33, 'barrier': 8}",5,5,0,ok,,37.0,36.0,ok,,0.97,0.881565516261,34.0,32.0,0.99,0.987833544029,34.0,32.0,0.99,0.987833544029,34.0,32.0,custom_states,False,False,False,,
path4,path,4,monomial_full,sup012_P021_ph212,True,True,0.0,1.0,89.0,89.6,0.49,306.0,306.2,69.0,69.0,128.0,"{'rz': 108, 'rx': 67, 'sx': 62, 'rzz': 36, 'cz': 33, 'barrier': 8}",5,5,0,ok,,37.0,36.0,ok,,0.97,0.881565516261,34.0,32.0,0.99,0.987833544029,34.0,32.0,0.99,0.987833544029,34.0,32.0,custom_states,False,False,False,,
path4,path,4,monomial_full,sup012_P021_ph220,True,True,0.0,1.0,87.0,89.4,1.96,299.0,304.8,69.0,69.0,128.0,"{'rz': 96, 'rx': 72, 'sx': 62, 'rzz': 36, 'cz': 33, 'barrier': 8}",5,5,0,ok,,36.0,36.0,ok,,0.95,0.967364800501,33.0,32.0,0.95,0.967364800501,33.0,32.0,0.95,0.967364800501,33.0,32.0,custom_states,False,False,False,,
path4,path,4,monomial_full,sup012_P021_ph221,True,True,0.0,1.0,89.0,89.6,0.49,303.0,303.2,69.0,69.0,128.0,"{'rz': 104, 'rx': 68, 'sx': 62, 'rzz': 36, 'cz': 33, 'barrier': 8}",5,5,0,ok,,37.0,36.0,ok,,0.95,0.967364800501,33.0,32.0,0.95,0.967364800501,33.0,32.0,0.95,0.967364800501,33.0,32.0,custom_states,False,False,False,,
path4,path,4,monomial_full,sup012_P021_ph222,True,True,0.0,1.0,89.0,89.6,0.49,307.0,307.2,69.0,69.0,128.0,"{'rz': 108, 'rx': 68, 'sx': 62, 'rzz': 36, 'cz': 33, 'barrier': 8}",5,5,0,ok,,37.0,36.0,ok,,0.97,0.881565516261,34.0,32.0,0.99,0.987833544029,34.0,32.0,0.99,0.987833544029,34.0,32.0,custom_states,False,False,False,,
path4,path,4,monomial_full,sup012_P102_ph000,True,True,0.0,1.0,82.0,82.6,0.49,263.0,263.0,61.0,61.0,128.0,"{'rz': 84, 'sx': 62, 'rx': 56, 'cz': 37, 'rzz': 24, 'barrier': 8}",5,5,0,ok,,30.0,28.0,ok,,0.95,0.972417125822,27.0,24.0,0.95,0.972417125822,27.0,24.0,0.95,0.972417125822,27.0,24.0,custom_states,False,False,False,,
path4,path,4,monomial_full,sup012_P102_ph001,True,True,0.0,1.0,82.0,83.2,0.98,251.0,254.6,61.0,61.0,128.0,"{'rz': 80, 'sx': 62, 'rx': 48, 'cz': 37, 'rzz': 24, 'barrier': 8}",5,5,0,ok,,30.0,28.0,ok,,0.96,0.881565516261,27.0,24.0,0.99,0.987833544029,27.0,24.0,0.99,0.987833544029,27.0,24.0,custom_states,False,False,False,,
path4,path,4,monomial_full,sup012_P102_ph002,True,True,0.0,1.0,82.0,83.2,0.98,251.0,254.6,61.0,61.0,128.0,"{'rz': 80, 'sx': 62, 'rx': 48, 'cz': 37, 'rzz': 24, 'barrier': 8}",5,5,0,ok,,30.0,28.0,ok,,0.95,0.967364800501,26.0,24.0,0.95,0.967364800501,26.0,24.0,0.95,0.967364800501,26.0,24.0,custom_states,False,False,False,,
path4,path,4,monomial_full,sup012_P102_ph010,True,True,0.0,1.0,82.0,83.2,0.98,251.0,254.6,61.0,61.0,128.0,"{'rz': 80, 'sx': 62, 'rx': 48, 'cz': 37, 'rzz': 24, 'barrier': 8}",5,5,0,ok,,30.0,28.0,ok,,0.96,0.881565516261,27.0,24.0,0.99,0.987833544029,27.0,24.0,0.99,0.987833544029,27.0,24.0,custom_states,False,False,False,,
path4,path,4,monomial_full,sup012_P102_ph011,True,True,0.0,1.0,82.0,83.2,0.98,251.0,254.6,61.0,61.0,128.0,"{'rz': 80, 'sx': 62, 'rx': 48, 'cz': 37, 'rzz': 24, 'barrier': 8}",5,5,0,ok,,30.0,28.0,ok,,0.97,0.881565516261,27.0,24.0,0.99,0.987833544029,27.0,24.0,0.99,0.987833544029,27.0,24.0,custom_states,False,False,False,,
path4,path,4,monomial_full,sup012_P102_ph012,True,True,0.0,1.0,82.0,83.2,0.98,263.0,264.2,61.0,61.0,128.0,"{'rz': 84, 'sx': 62, 'rx': 56, 'cz': 37, 'rzz': 24, 'barrier': 8}",5,5,0,ok,,30.0,28.0,ok,,0.96,0.881565516261,27.0,24.0,0.99,0.987833544029,27.0,24.0,0.99,0.987833544029,27.0,24.0,custom_states,False,False,False,,
path4,path,4,monomial_full,sup012_P102_ph020,True,True,0.0,1.0,82.0,83.2,0.98,263.0,264.2,61.0,61.0,128.0,"{'rz': 84, 'sx': 62, 'rx': 56, 'cz': 37, 'rzz': 24, 'barrier': 8}",5,5,0,ok,,30.0,28.0,ok,,0.96,0.881565516261,27.0,24.0,0.99,0.987833544029,27.0,24.0,0.99,0.987833544029,27.0,24.0,custom_states,False,False,False,,
path4,path,4,monomial_full,sup012_P102_ph021,True,True,0.0,1.0,82.0,83.2,0.98,251.0,254.6,61.0,61.0,128.0,"{'rz': 80, 'sx': 62, 'rx': 48, 'cz': 37, 'rzz': 24, 'barrier': 8}",5,5,0,ok,,30.0,28.0,ok,,0.96,0.881565516261,27.0,24.0,0.99,0.987833544029,27.0,24.0,0.99,0.987833544029,27.0,24.0,custom_states,False,False,False,,
path4,path,4,monomial_full,sup012_P102_ph022,True,True,0.0,1.0,82.0,83.2,0.98,263.0,264.2,61.0,61.0,128.0,"{'rz': 84, 'sx': 62, 'rx': 56, 'cz': 37, 'rzz': 24, 'barrier': 8}",5,5,0,ok,,30.0,28.0,ok,,0.97,0.881565516261,27.0,24.0,0.99,0.987833544029,27.0,24.0,0.99,0.987833544029,27.0,24.0,custom_states,False,False,False,,
path4,path,4,monomial_full,sup012_P102_ph100,True,True,0.0,1.0,82.0,83.2,0.98,251.0,254.6,61.0,61.0,128.0,"{'rz': 80, 'sx': 62, 'rx': 48, 'cz': 37, 'rzz': 24, 'barrier': 8}",5,5,0,ok,,30.0,28.0,ok,,0.95,0.881565516261,27.0,24.0,0.99,0.987833544029,27.0,24.0,0.99,0.987833544029,27.0,24.0,custom_states,False,False,False,,
path4,path,4,monomial_full,sup012_P102_ph101,True,True,0.0,1.0,82.0,82.6,0.49,263.0,263.0,61.0,61.0,128.0,"{'rz': 84, 'sx': 62, 'rx': 56, 'cz': 37, 'rzz': 24, 'barrier': 8}",5,5,0,ok,,30.0,28.0,ok,,0.97,0.881565516261,27.0,24.0,0.99,0.987833544029,27.0,24.0,0.99,0.987833544029,27.0,24.0,custom_states,False,False,False,,
path4,path,4,monomial_full,sup012_P102_ph102,True,True,0.0,1.0,82.0,83.2,0.98,263.0,264.2,61.0,61.0,128.0,"{'rz': 84, 'sx': 62, 'rx': 56, 'cz': 37, 'rzz': 24, 'barrier': 8}",5,5,0,ok,,30.0,28.0,ok,,0.96,0.881565516261,27.0,24.0,0.99,0.987833544029,27.0,24.0,0.99,0.987833544029,27.0,24.0,custom_states,False,False,False,,
path4,path,4,monomial_full,sup012_P102_ph110,True,True,0.0,1.0,82.0,83.2,0.98,263.0,264.2,61.0,61.0,128.0,"{'rz': 84, 'sx': 62, 'rx': 56, 'cz': 37, 'rzz': 24, 'barrier': 8}",5,5,0,ok,,30.0,28.0,ok,,0.96,0.881565516261,27.0,24.0,0.99,0.987833544029,27.0,24.0,0.99,0.987833544029,27.0,24.0,custom_states,False,False,False,,
path4,path,4,monomial_full,sup012_P102_ph111,True,True,0.0,1.0,82.0,83.2,0.98,251.0,254.6,61.0,61.0,128.0,"{'rz': 80, 'sx': 62, 'rx': 48, 'cz': 37, 'rzz': 24, 'barrier': 8}",5,5,0,ok,,30.0,28.0,ok,,0.96,0.881565516261,27.0,24.0,0.99,0.987833544029,27.0,24.0,0.99,0.987833544029,27.0,24.0,custom_states,False,False,False,,
path4,path,4,monomial_full,sup012_P102_ph112,True,True,0.0,1.0,82.0,83.2,0.98,263.0,264.2,61.0,61.0,128.0,"{'rz': 84, 'sx': 62, 'rx': 56, 'cz': 37, 'rzz': 24, 'barrier': 8}",5,5,0,ok,,30.0,28.0,ok,,0.97,0.881565516261,27.0,24.0,0.99,0.987833544029,27.0,24.0,0.99,0.987833544029,27.0,24.0,custom_states,False,False,False,,
path4,path,4,monomial_full,sup012_P102_ph120,True,True,0.0,1.0,82.0,83.2,0.98,263.0,264.2,61.0,61.0,128.0,"{'rz': 84, 'sx': 62, 'rx': 56, 'cz': 37, 'rzz': 24, 'barrier': 8}",5,5,0,ok,,30.0,28.0,ok,,0.97,0.881565516261,27.0,24.0,0.99,0.987833544029,27.0,24.0,0.99,0.987833544029,27.0,24.0,custom_states,False,False,False,,
path4,path,4,monomial_full,sup012_P102_ph121,True,True,0.0,1.0,82.0,83.2,0.98,263.0,264.2,61.0,61.0,128.0,"{'rz': 84, 'sx': 62, 'rx': 56, 'cz': 37, 'rzz': 24, 'barrier': 8}",5,5,0,ok,,30.0,28.0,ok,,0.95,0.881565516261,27.0,24.0,0.99,0.987833544029,27.0,24.0,0.99,0.987833544029,27.0,24.0,custom_states,False,False,False,,
path4,path,4,monomial_full,sup012_P102_ph122,True,True,0.0,1.0,82.0,83.2,0.98,263.0,264.2,61.0,61.0,128.0,"{'rz': 84, 'sx': 62, 'rx': 56, 'cz': 37, 'rzz': 24, 'barrier': 8}",5,5,0,ok,,30.0,28.0,ok,,0.96,0.881565516261,27.0,24.0,0.99,0.987833544029,27.0,24.0,0.99,0.987833544029,27.0,24.0,custom_states,False,False,False,,
path4,path,4,monomial_full,sup012_P102_ph200,True,True,0.0,1.0,82.0,83.2,0.98,247.0,252.8,61.0,61.0,128.0,"{'rz': 76, 'sx': 62, 'rx': 48, 'cz': 37, 'rzz': 24, 'barrier': 8}",5,5,0,ok,,30.0,28.0,ok,,0.96,0.881565516261,27.0,24.0,0.99,0.987833544029,27.0,24.0,0.99,0.987833544029,27.0,24.0,custom_states,False,False,False,,
path4,path,4,monomial_full,sup012_P102_ph201,True,True,0.0,1.0,82.0,83.2,0.98,251.0,254.6,61.0,61.0,128.0,"{'rz': 80, 'sx': 62, 'rx': 48, 'cz': 37, 'rzz': 24, 'barrier': 8}",5,5,0,ok,,30.0,28.0,ok,,0.95,0.881565516261,27.0,24.0,0.99,0.987833544029,27.0,24.0,0.99,0.987833544029,27.0,24.0,custom_states,False,False,False,,
path4,path,4,monomial_full,sup012_P102_ph202,True,True,0.0,1.0,82.0,83.2,0.98,263.0,264.2,61.0,61.0,128.0,"{'rz': 84, 'sx': 62, 'rx': 56, 'cz': 37, 'rzz': 24, 'barrier': 8}",5,5,0,ok,,30.0,28.0,ok,,0.95,0.858153319531,27.0,24.0,0.99,0.987833544029,27.0,24.0,0.99,0.987833544029,27.0,24.0,custom_states,False,False,False,,
path4,path,4,monomial_full,sup012_P102_ph210,True,True,0.0,1.0,82.0,82.6,0.49,251.0,252.4,61.0,61.0,128.0,"{'rz': 80, 'sx': 62, 'rx': 48, 'cz': 37, 'rzz': 24, 'barrier': 8}",5,5,0,ok,,30.0,28.0,ok,,0.95,0.881565516261,27.0,24.0,0.99,0.987833544029,27.0,24.0,0.99,0.987833544029,27.0,24.0,custom_states,False,False,False,,
path4,path,4,monomial_full,sup012_P102_ph211,True,True,0.0,1.0,82.0,83.2,0.98,263.0,264.2,61.0,61.0,128.0,"{'rz': 84, 'sx': 62, 'rx': 56, 'cz': 37, 'rzz': 24, 'barrier': 8}",5,5,0,ok,,30.0,28.0,ok,,0.96,0.881565516261,27.0,24.0,0.99,0.987833544029,27.0,24.0,0.99,0.987833544029,27.0,24.0,custom_states,False,False,False,,
path4,path,4,monomial_full,sup012_P102_ph212,True,True,0.0,1.0,82.0,83.2,0.98,263.0,264.2,61.0,61.0,128.0,"{'rz': 84, 'sx': 62, 'rx': 56, 'cz': 37, 'rzz': 24, 'barrier': 8}",5,5,0,ok,,30.0,28.0,ok,,0.96,0.881565516261,27.0,24.0,0.99,0.987833544029,27.0,24.0,0.99,0.987833544029,27.0,24.0,custom_states,False,False,False,,
path4,path,4,monomial_full,sup012_P102_ph220,True,True,0.0,1.0,82.0,83.2,0.98,251.0,254.6,61.0,61.0,128.0,"{'rz': 80, 'sx': 62, 'rx': 48, 'cz': 37, 'rzz': 24, 'barrier': 8}",5,5,0,ok,,30.0,28.0,ok,,0.96,0.881565516261,27.0,24.0,0.99,0.987833544029,27.0,24.0,0.99,0.987833544029,27.0,24.0,custom_states,False,False,False,,
path4,path,4,monomial_full,sup012_P102_ph221,True,True,0.0,1.0,82.0,83.2,0.98,251.0,254.6,61.0,61.0,128.0,"{'rz': 80, 'sx': 62, 'rx': 48, 'cz': 37, 'rzz': 24, 'barrier': 8}",5,5,0,ok,,30.0,28.0,ok,,0.97,0.881565516261,27.0,24.0,0.99,0.987833544029,27.0,24.0,0.99,0.987833544029,27.0,24.0,custom_states,False,False,False,,
path4,path,4,monomial_full,sup012_P102_ph222,True,True,0.0,1.0,82.0,83.2,0.98,251.0,254.6,61.0,61.0,128.0,"{'rz': 80, 'sx': 62, 'rx': 48, 'cz': 37, 'rzz': 24, 'barrier': 8}",5,5,0,ok,,30.0,28.0,ok,,0.95,0.967364800501,26.0,24.0,0.95,0.967364800501,26.0,24.0,0.95,0.967364800501,26.0,24.0,custom_states,False,False,False,,
path4,path,4,monomial_full,sup012_P120_ph000,True,True,0.0,1.0,85.0,86.8,1.47,283.0,286.4,65.0,65.0,128.0,"{'rz': 96, 'sx': 62, 'rx': 60, 'cz': 33, 'rzz': 32, 'barrier': 8}",5,5,0,ok,,35.0,32.0,ok,,0.97,0.881565516261,32.0,28.0,0.99,0.987833544029,32.0,28.0,0.99,0.987833544029,32.0,28.0,custom_states,False,False,False,,
path4,path,4,monomial_full,sup012_P120_ph001,True,True,0.0,1.0,86.0,87.2,0.98,287.0,288.2,65.0,65.0,128.0,"{'rz': 100, 'sx': 62, 'rx': 60, 'cz': 33, 'rzz': 32, 'barrier': 8}",5,5,0,ok,,35.0,32.0,ok,,0.97,0.899848527184,32.0,28.0,0.99,0.987833544029,32.0,28.0,0.99,0.987833544029,32.0,28.0,custom_states,False,False,False,,
path4,path,4,monomial_full,sup012_P120_ph002,True,True,0.0,1.0,86.0,87.2,0.98,287.0,286.0,65.0,65.0,128.0,"{'rz': 100, 'sx': 62, 'rx': 60, 'cz': 33, 'rzz': 32, 'barrier': 8}",5,5,0,ok,,35.0,32.0,ok,,0.97,0.881565516261,32.0,28.0,0.99,0.987833544029,32.0,28.0,0.99,0.987833544029,32.0,28.0,custom_states,False,False,False,,
path4,path,4,monomial_full,sup012_P120_ph010,True,True,0.0,1.0,86.0,87.2,0.98,284.0,286.2,65.0,65.0,128.0,"{'rz': 100, 'sx': 62, 'rx': 57, 'cz': 33, 'rzz': 32, 'barrier': 8}",5,5,0,ok,,35.0,32.0,ok,,0.96,0.899848527184,32.0,28.0,0.99,0.987833544029,32.0,28.0,0.99,0.987833544029,32.0,28.0,custom_states,False,False,False,,
path4,path,4,monomial_full,sup012_P120_ph011,True,True,0.0,1.0,86.0,87.2,0.98,283.0,282.8,65.0,65.0,128.0,"{'rz': 99, 'sx': 62, 'rx': 57, 'cz': 33, 'rzz': 32, 'barrier': 8}",5,5,0,ok,,35.0,32.0,ok,,0.95,0.881565516261,32.0,28.0,0.99,0.987833544029,32.0,28.0,0.99,0.987833544029,32.0,28.0,custom_states,False,False,False,,
path4,path,4,monomial_full,sup012_P120_ph012,True,True,0.0,1.0,86.0,87.2,0.98,285.0,288.2,65.0,65.0,128.0,"{'rz': 100, 'sx': 62, 'rx': 58, 'cz': 33, 'rzz': 32, 'barrier': 8}",5,5,0,ok,,35.0,32.0,ok,,0.97,0.881045902745,32.0,28.0,0.99,0.987777989768,32.0,28.0,0.99,0.987777989768,32.0,28.0,custom_states,False,False,False,,
path4,path,4,monomial_full,sup012_P120_ph020,True,True,0.0,1.0,86.0,86.6,0.49,285.0,286.0,65.0,65.0,128.0,"{'rz': 100, 'sx': 62, 'rx': 58, 'cz': 33, 'rzz': 32, 'barrier': 8}",5,5,0,ok,,35.0,32.0,ok,,0.99,0.987833544029,32.0,28.0,0.99,0.987833544029,32.0,28.0,0.99,0.987833544029,32.0,28.0,custom_states,False,False,False,,
path4,path,4,monomial_full,sup012_P120_ph021,True,True,0.0,1.0,86.0,87.2,0.98,285.0,288.2,65.0,65.0,128.0,"{'rz': 100, 'sx': 62, 'rx': 58, 'cz': 33, 'rzz': 32, 'barrier': 8}",5,5,0,ok,,35.0,32.0,ok,,0.95,0.872763793095,32.0,28.0,0.99,0.986243426787,32.0,28.0,0.99,0.986243426787,32.0,28.0,custom_states,False,False,False,,
path4,path,4,monomial_full,sup012_P120_ph022,True,True,0.0,1.0,86.0,87.2,0.98,283.0,284.2,65.0,65.0,128.0,"{'rz': 96, 'sx': 62, 'rx': 60, 'cz': 33, 'rzz': 32, 'barrier': 8}",5,5,0,ok,,35.0,32.0,ok,,0.96,0.881565516261,32.0,28.0,0.99,0.987833544029,32.0,28.0,0.99,0.987833544029,32.0,28.0,custom_states,False,False,False,,
path4,path,4,monomial_full,sup012_P120_ph100,True,True,0.0,1.0,86.0,87.2,0.98,287.0,286.0,65.0,65.0,128.0,"{'rz': 100, 'sx': 62, 'rx': 60, 'cz': 33, 'rzz': 32, 'barrier': 8}",5,5,0,ok,,35.0,32.0,ok,,0.96,0.899848527184,32.0,28.0,0.99,0.987833544029,32.0,28.0,0.99,0.987833544029,32.0,28.0,custom_states,False,False,False,,
path4,path,4,monomial_full,sup012_P120_ph101,True,True,0.0,1.0,85.0,86.8,1.47,284.0,287.6,65.0,65.0,128.0,"{'rz': 96, 'sx': 62, 'rx': 61, 'cz': 33, 'rzz': 32, 'barrier': 8}",5,5,0,ok,,35.0,32.0,ok,,0.97,0.881565516261,32.0,28.0,0.99,0.987833544029,32.0,28.0,0.99,0.987833544029,32.0,28.0,custom_states,False,False,False,,
path4,path,4,monomial_full,sup012_P120_ph102,True,True,0.0,1.0,86.0,87.2,0.98,287.0,288.2,65.0,65.0,128.0,"{'rz': 100, 'sx': 62, 'rx': 60, 'cz': 33, 'rzz': 32, 'barrier': 8}",5,5,0,ok,,35.0,32.0,ok,,0.97,0.881565516261,31.0,28.0,0.99,0.987833544029,31.0,28.0,0.99,0.987833544029,31.0,28.0,custom_states,False,False,False,,
path4,path,4,monomial_full,sup012_P120_ph110,True,True,0.0,1.0,85.0,86.8,1.47,287.0,289.6,65.0,65.0,128.0,"{'rz': 99, 'sx': 62, 'rx': 61, 'cz': 33, 'rzz': 32, 'barrier': 8}",5,5,0,ok,,35.0,32.0,ok,,0.96,0.881565516261,32.0,28.0,0.99,0.987833544029,32.0,28.0,0.99,0.987833544029,32.0,28.0,custom_states,False,False,False,,
path4,path,4,monomial_full,sup012_P120_ph111,True,True,0.0,1.0,86.0,87.2,0.98,285.0,288.2,65.0,65.0,128.0,"{'rz': 100, 'sx': 62, 'rx': 58, 'cz': 33, 'rzz': 32, 'barrier': 8}",5,5,0,ok,,35.0,32.0,ok,,0.96,0.881565516261,32.0,28.0,0.99,0.987833544029,32.0,28.0,0.99,0.987833544029,32.0,28.0,custom_states,False,False,False,,
path4,path,4,monomial_full,sup012_P120_ph112,True,True,0.0,1.0,86.0,86.6,0.49,285.0,285.2,65.0,65.0,128.0,"{'rz': 97, 'sx': 62, 'rx': 61, 'cz': 33, 'rzz': 32, 'barrier': 8}",5,5,0,ok,,35.0,32.0,ok,,0.95,0.881565516261,32.0,28.0,0.99,0.987833544029,32.0,28.0,0.99,0.987833544029,32.0,28.0,custom_states,False,False,False,,
path4,path,4,monomial_full,sup012_P120_ph120,True,True,0.0,1.0,86.0,87.2,0.98,281.0,284.2,65.0,65.0,128.0,"{'rz': 97, 'sx': 62, 'rx': 57, 'cz': 33, 'rzz': 32, 'barrier': 8}",5,5,0,ok,,35.0,32.0,ok,,0.95,0.881565516261,32.0,28.0,0.99,0.987833544029,32.0,28.0,0.99,0.987833544029,32.0,28.0,custom_states,False,False,False,,
path4,path,4,monomial_full,sup012_P120_ph121,True,True,0.0,1.0,85.0,86.2,0.98,280.0,279.8,65.0,65.0,128.0,"{'rz': 96, 'sx': 62, 'rx': 57, 'cz': 33, 'rzz': 32, 'barrier': 8}",5,5,0,ok,,34.0,32.0,ok,,0.95,0.881565516261,31.0,28.0,0.99,0.987833544029,31.0,28.0,0.99,0.987833544029,31.0,28.0,custom_states,False,False,False,,
path4,path,4,monomial_full,sup012_P120_ph122,True,True,0.0,1.0,86.0,87.2,0.98,281.0,285.0,65.0,65.0,128.0,"{'rz': 97, 'sx': 62, 'rx': 57, 'cz': 33, 'rzz': 32, 'barrier': 8}",5,5,0,ok,,35.0,32.0,ok,,0.97,0.864171910184,32.0,28.0,0.99,0.987833544029,32.0,28.0,0.99,0.987833544029,32.0,28.0,custom_states,False,False,False,,
path4,path,4,monomial_full,sup012_P120_ph200,True,True,0.0,1.0,86.0,87.2,0.98,287.0,288.2,65.0,65.0,128.0,"{'rz': 100, 'sx': 62, 'rx': 60, 'cz': 33, 'rzz': 32, 'barrier': 8}",5,5,0,ok,,35.0,32.0,ok,,0.97,0.899848527184,32.0,28.0,0.99,0.987833544029,32.0,28.0,0.99,0.987833544029,32.0,28.0,custom_states,False,False,False,,
path4,path,4,monomial_full,sup012_P120_ph201,True,True,0.0,1.0,86.0,87.2,0.98,287.0,288.2,65.0,65.0,128.0,"{'rz': 100, 'sx': 62, 'rx': 60, 'cz': 33, 'rzz': 32, 'barrier': 8}",5,5,0,ok,,35.0,32.0,ok,,0.99,0.95551776111,31.0,28.0,0.99,0.95551776111,31.0,28.0,0.99,0.95551776111,31.0,28.0,custom_states,False,False,False,,
path4,path,4,monomial_full,sup012_P120_ph202,True,True,0.0,1.0,86.0,87.2,0.98,280.0,282.2,65.0,65.0,128.0,"{'rz': 96, 'sx': 62, 'rx': 57, 'cz': 33, 'rzz': 32, 'barrier': 8}",5,5,0,ok,,35.0,32.0,ok,,0.97,0.881565516261,32.0,28.0,0.99,0.987833544029,32.0,28.0,0.99,0.987833544029,32.0,28.0,custom_states,False,False,False,,
path4,path,4,monomial_full,sup012_P120_ph210,True,True,0.0,1.0,86.0,87.2,0.98,287.0,288.2,65.0,65.0,128.0,"{'rz': 100, 'sx': 62, 'rx': 60, 'cz': 33, 'rzz': 32, 'barrier': 8}",5,5,0,ok,,35.0,32.0,ok,,0.95,0.881565516261,32.0,28.0,0.99,0.987833544029,32.0,28.0,0.99,0.987833544029,32.0,28.0,custom_states,False,False,False,,
path4,path,4,monomial_full,sup012_P120_ph211,True,True,0.0,1.0,85.0,86.8,1.47,281.0,286.4,65.0,65.0,128.0,"{'rz': 96, 'sx': 62, 'rx': 58, 'cz': 33, 'rzz': 32, 'barrier': 8}",5,5,0,ok,,35.0,32.0,ok,,0.95,0.881565516261,32.0,28.0,0.99,0.987833544029,32.0,28.0,0.99,0.987833544029,32.0,28.0,custom_states,False,False,False,,
path4,path,4,monomial_full,sup012_P120_ph212,True,True,0.0,1.0,86.0,87.2,0.98,284.0,286.2,65.0,65.0,128.0,"{'rz': 100, 'sx': 62, 'rx': 57, 'cz': 33, 'rzz': 32, 'barrier': 8}",5,5,0,ok,,35.0,32.0,ok,,0.99,0.95551776111,32.0,28.0,0.99,0.95551776111,32.0,28.0,0.99,0.95551776111,32.0,28.0,custom_states,False,False,False,,
path4,path,4,monomial_full,sup012_P120_ph220,True,True,0.0,1.0,85.0,86.8,1.47,281.0,286.4,65.0,65.0,128.0,"{'rz': 96, 'sx': 62, 'rx': 58, 'cz': 33, 'rzz': 32, 'barrier': 8}",5,5,0,ok,,35.0,32.0,ok,,0.96,0.881565516261,32.0,28.0,0.99,0.987833544029,32.0,28.0,0.99,0.987833544029,32.0,28.0,custom_states,False,False,False,,
path4,path,4,monomial_full,sup012_P120_ph221,True,True,0.0,1.0,86.0,87.2,0.98,283.0,284.2,65.0,65.0,128.0,"{'rz': 99, 'sx': 62, 'rx': 57, 'cz': 33, 'rzz': 32, 'barrier': 8}",5,5,0,ok,,35.0,32.0,ok,,0.99,0.95551776111,32.0,28.0,0.99,0.95551776111,32.0,28.0,0.99,0.95551776111,32.0,28.0,custom_states,False,False,False,,
path4,path,4,monomial_full,sup012_P120_ph222,True,True,0.0,1.0,86.0,87.2,0.98,285.0,286.0,65.0,65.0,128.0,"{'rz': 100, 'sx': 62, 'rx': 58, 'cz': 33, 'rzz': 32, 'barrier': 8}",5,5,0,ok,,35.0,32.0,ok,,0.95,0.967364800501,32.0,28.0,0.95,0.967364800501,32.0,28.0,0.95,0.967364800501,32.0,28.0,custom_states,False,False,False,,
path4,path,4,monomial_full,sup012_P201_ph000,True,True,0.0,1.0,87.0,87.0,0.0,291.0,291.2,65.0,65.0,128.0,"{'rz': 100, 'rx': 70, 'sx': 56, 'rzz': 35, 'cz': 30, 'barrier': 8}",5,5,0,ok,,35.0,32.0,ok,,0.96,0.881565516261,32.0,28.0,0.99,0.987833544029,32.0,28.0,0.99,0.987833544029,32.0,28.0,custom_states,False,False,False,,
path4,path,4,monomial_full,sup012_P201_ph001,True,True,0.0,1.0,87.0,88.2,0.98,291.0,294.6,65.0,65.0,128.0,"{'rz': 100, 'rx': 64, 'sx': 62, 'cz': 33, 'rzz': 32, 'barrier': 8}",5,5,0,ok,,35.0,32.0,ok,,0.97,0.881565516261,32.0,28.0,0.99,0.987833544029,32.0,28.0,0.99,0.987833544029,32.0,28.0,custom_states,False,False,False,,
path4,path,4,monomial_full,sup012_P201_ph002,True,True,0.0,1.0,87.0,88.2,0.98,291.0,294.6,65.0,65.0,128.0,"{'rz': 100, 'rx': 64, 'sx': 62, 'cz': 33, 'rzz': 32, 'barrier': 8}",5,5,0,ok,,35.0,32.0,ok,,0.96,0.881565516261,32.0,28.0,0.99,0.987833544029,32.0,28.0,0.99,0.987833544029,32.0,28.0,custom_states,False,False,False,,
path4,path,4,monomial_full,sup012_P201_ph010,True,True,0.0,1.0,87.0,88.2,0.98,291.0,294.6,65.0,65.0,128.0,"{'rz': 100, 'rx': 64, 'sx': 62, 'cz': 33, 'rzz': 32, 'barrier': 8}",5,5,0,ok,,35.0,32.0,ok,,0.99,0.987833544029,32.0,28.0,0.99,0.987833544029,32.0,28.0,0.99,0.987833544029,32.0,28.0,custom_states,False,False,False,,
path4,path,4,monomial_full,sup012_P201_ph011,True,True,0.0,1.0,87.0,88.2,0.98,291.0,294.6,65.0,65.0,128.0,"{'rz': 100, 'rx': 64, 'sx': 62, 'cz': 33, 'rzz': 32, 'barrier': 8}",5,5,0,ok,,35.0,32.0,ok,,0.95,0.881565516261,32.0,28.0,0.99,0.987833544029,32.0,28.0,0.99,0.987833544029,32.0,28.0,custom_states,False,False,False,,
path4,path,4,monomial_full,sup012_P201_ph012,True,True,0.0,1.0,86.0,86.6,0.49,287.0,289.0,65.0,65.0,128.0,"{'rz': 96, 'rx': 64, 'sx': 62, 'cz': 33, 'rzz': 32, 'barrier': 8}",5,5,0,ok,,35.0,32.0,ok,,0.95,0.881565516261,32.0,28.0,0.99,0.987833544029,32.0,28.0,0.99,0.987833544029,32.0,28.0,custom_states,False,False,False,,
path4,path,4,monomial_full,sup012_P201_ph020,True,True,0.0,1.0,86.0,87.2,0.98,286.0,287.8,65.0,65.0,128.0,"{'rz': 95, 'rx': 64, 'sx': 62, 'cz': 33, 'rzz': 32, 'barrier': 8}",5,5,0,ok,,33.0,32.0,ok,,0.97,0.881565516261,30.0,28.0,0.99,0.987833544029,30.0,28.0,0.99,0.987833544029,30.0,28.0,custom_states,False,False,False,,
path4,path,4,monomial_full,sup012_P201_ph021,True,True,0.0,1.0,86.0,86.4,0.49,289.0,290.0,65.0,65.0,128.0,"{'rz': 100, 'rx': 68, 'sx': 56, 'rzz': 35, 'cz': 30, 'barrier': 8}",5,5,0,ok,,35.0,32.0,ok,,0.97,0.881045065255,32.0,28.0,0.99,0.987777895755,32.0,28.0,0.99,0.987777895755,32.0,28.0,custom_states,False,False,False,,
path4,path,4,monomial_full,sup012_P201_ph022,True,True,0.0,1.0,87.0,88.2,0.98,290.0,292.6,65.0,65.0,128.0,"{'rz': 99, 'rx': 64, 'sx': 62, 'cz': 33, 'rzz': 32, 'barrier': 8}",5,5,0,ok,,35.0,32.0,ok,,0.97,0.881565516261,32.0,28.0,0.99,0.987833544029,32.0,28.0,0.99,0.987833544029,32.0,28.0,custom_states,False,False,False,,
path4,path,4,monomial_full,sup012_P201_ph100,True,True,0.0,1.0,86.0,87.8,1.47,287.0,292.8,65.0,65.0,128.0,"{'rz': 96, 'rx': 64, 'sx': 62, 'cz': 33, 'rzz': 32, 'barrier': 8}",5,5,0,ok,,35.0,32.0,ok,,0.96,0.881565516261,32.0,28.0,0.99,0.987833544029,32.0,28.0,0.99,0.987833544029,32.0,28.0,custom_states,False,False,False,,
path4,path,4,monomial_full,sup012_P201_ph101,True,True,0.0,1.0,85.0,85.0,0.0,283.0,284.2,65.0,65.0,128.0,"{'rz': 92, 'rx': 64, 'sx': 62, 'cz': 33, 'rzz': 32, 'barrier': 8}",5,5,0,ok,,34.0,32.0,ok,,0.97,0.881565516261,31.0,28.0,0.99,0.987833544029,31.0,28.0,0.99,0.987833544029,31.0,28.0,custom_states,False,False,False,,
path4,path,4,monomial_full,sup012_P201_ph102,True,True,0.0,1.0,86.0,87.8,1.47,284.0,290.8,65.0,65.0,128.0,"{'rz': 93, 'rx': 64, 'sx': 62, 'cz': 33, 'rzz': 32, 'barrier': 8}",5,5,0,ok,,35.0,32.0,ok,,0.95,0.881565516261,32.0,28.0,0.99,0.987833544029,32.0,28.0,0.99,0.987833544029,32.0,28.0,custom_states,False,False,False,,
path4,path,4,monomial_full,sup012_P201_ph110,True,True,0.0,1.0,86.0,86.6,0.49,284.0,287.0,65.0,65.0,128.0,"{'rz': 93, 'rx': 64, 'sx': 62, 'cz': 33, 'rzz': 32, 'barrier': 8}",5,5,0,ok,,35.0,32.0,ok,,0.95,0.881565516261,32.0,28.0,0.99,0.987833544029,32.0,28.0,0.99,0.987833544029,32.0,28.0,custom_states,False,False,False,,
path4,path,4,monomial_full,sup012_P201_ph111,True,True,0.0,1.0,87.0,88.2,0.98,291.0,294.6,65.0,65.0,128.0,"{'rz': 100, 'rx': 64, 'sx': 62, 'cz': 33, 'rzz': 32, 'barrier': 8}",5,5,0,ok,,35.0,32.0,ok,,0.97,0.881565516261,32.0,28.0,0.99,0.987833544029,32.0,28.0,0.99,0.987833544029,32.0,28.0,custom_states,False,False,False,,
path4,path,4,monomial_full,sup012_P201_ph112,True,True,0.0,1.0,87.0,88.2,0.98,291.0,292.4,65.0,65.0,128.0,"{'rz': 100, 'rx': 64, 'sx': 62, 'cz': 33, 'rzz': 32, 'barrier': 8}",5,5,0,ok,,34.0,32.0,ok,,0.97,0.881565516261,31.0,28.0,0.99,0.987833544029,31.0,28.0,0.99,0.987833544029,31.0,28.0,custom_states,False,False,False,,
path4,path,4,monomial_full,sup012_P201_ph120,True,True,0.0,1.0,87.0,88.2,0.98,291.0,294.6,65.0,65.0,128.0,"{'rz': 100, 'rx': 64, 'sx': 62, 'cz': 33, 'rzz': 32, 'barrier': 8}",5,5,0,ok,,35.0,32.0,ok,,0.95,0.881565516261,32.0,28.0,0.99,0.987833544029,32.0,28.0,0.99,0.987833544029,32.0,28.0,custom_states,False,False,False,,
path4,path,4,monomial_full,sup012_P201_ph121,True,True,0.0,1.0,87.0,88.2,0.98,291.0,294.6,65.0,65.0,128.0,"{'rz': 100, 'rx': 64, 'sx': 62, 'cz': 33, 'rzz': 32, 'barrier': 8}",5,5,0,ok,,35.0,32.0,ok,,0.96,0.881565516261,32.0,28.0,0.99,0.987833544029,32.0,28.0,0.99,0.987833544029,32.0,28.0,custom_states,False,False,False,,
path4,path,4,monomial_full,sup012_P201_ph122,True,True,0.0,1.0,87.0,87.6,0.49,291.0,292.0,65.0,65.0,128.0,"{'rz': 100, 'rx': 64, 'sx': 62, 'cz': 33, 'rzz': 32, 'barrier': 8}",5,5,0,ok,,35.0,32.0,ok,,0.99,0.942839613258,32.0,28.0,0.99,0.942839613258,32.0,28.0,,,,,custom_states,False,False,False,,
path4,path,4,monomial_full,sup012_P201_ph200,True,True,0.0,1.0,87.0,88.2,0.98,291.0,294.6,65.0,65.0,128.0,"{'rz': 100, 'rx': 64, 'sx': 62, 'cz': 33, 'rzz': 32, 'barrier': 8}",5,5,0,ok,,35.0,32.0,ok,,0.95,0.881565516261,30.0,28.0,0.99,0.987833544029,32.0,28.0,0.99,0.987833544029,32.0,28.0,custom_states,False,False,False,,
path4,path,4,monomial_full,sup012_P201_ph201,True,True,0.0,1.0,87.0,88.2,0.98,283.0,288.8,65.0,65.0,128.0,"{'rz': 92, 'rx': 64, 'sx': 62, 'cz': 33, 'rzz': 32, 'barrier': 8}",5,5,0,ok,,35.0,32.0,ok,,0.95,0.881565516261,32.0,28.0,0.99,0.987833544029,32.0,28.0,0.99,0.987833544029,32.0,28.0,custom_states,False,False,False,,
path4,path,4,monomial_full,sup012_P201_ph202,True,True,0.0,1.0,85.0,85.6,0.49,283.0,286.4,65.0,65.0,128.0,"{'rz': 92, 'rx': 64, 'sx': 62, 'cz': 33, 'rzz': 32, 'barrier': 8}",5,5,0,ok,,34.0,32.0,ok,,0.95,0.881565516261,31.0,28.0,0.99,0.987833544029,31.0,28.0,0.99,0.987833544029,31.0,28.0,custom_states,False,False,False,,
path4,path,4,monomial_full,sup012_P201_ph210,True,True,0.0,1.0,87.0,88.2,0.98,291.0,294.6,65.0,65.0,128.0,"{'rz': 100, 'rx': 64, 'sx': 62, 'cz': 33, 'rzz': 32, 'barrier': 8}",5,5,0,ok,,35.0,32.0,ok,,0.97,0.881565516261,32.0,28.0,0.99,0.987833544029,32.0,28.0,0.99,0.987833544029,32.0,28.0,custom_states,False,False,False,,
path4,path,4,monomial_full,sup012_P201_ph211,True,True,0.0,1.0,87.0,87.6,0.49,291.0,292.0,65.0,65.0,128.0,"{'rz': 100, 'rx': 64, 'sx': 62, 'cz': 33, 'rzz': 32, 'barrier': 8}",5,5,0,ok,,35.0,32.0,ok,,0.99,0.957907608751,31.0,28.0,0.99,0.957907608751,31.0,28.0,0.99,0.957907608751,31.0,28.0,custom_states,False,False,False,,
path4,path,4,monomial_full,sup012_P201_ph212,True,True,0.0,1.0,87.0,88.2,0.98,287.0,290.6,65.0,65.0,128.0,"{'rz': 96, 'rx': 64, 'sx': 62, 'cz': 33, 'rzz': 32, 'barrier': 8}",5,5,0,ok,,35.0,32.0,ok,,0.97,0.881565516261,32.0,28.0,0.99,0.987833544029,32.0,28.0,0.99,0.987833544029,32.0,28.0,custom_states,False,False,False,,
path4,path,4,monomial_full,sup012_P201_ph220,True,True,0.0,1.0,86.0,86.6,0.49,284.0,287.0,65.0,65.0,128.0,"{'rz': 93, 'rx': 64, 'sx': 62, 'cz': 33, 'rzz': 32, 'barrier': 8}",5,5,0,ok,,35.0,32.0,ok,,0.95,0.881565516261,32.0,28.0,0.99,0.987833544029,32.0,28.0,0.99,0.987833544029,32.0,28.0,custom_states,False,False,False,,
path4,path,4,monomial_full,sup012_P201_ph221,True,True,0.0,1.0,87.0,88.2,0.98,291.0,294.6,65.0,65.0,128.0,"{'rz': 100, 'rx': 64, 'sx': 62, 'cz': 33, 'rzz': 32, 'barrier': 8}",5,5,0,ok,,35.0,32.0,ok,,0.99,0.929164895872,31.0,28.0,0.99,0.929164895872,31.0,28.0,,,,,custom_states,False,False,False,,
path4,path,4,monomial_full,sup012_P201_ph222,True,True,0.0,1.0,87.0,88.2,0.98,290.0,294.0,65.0,65.0,128.0,"{'rz': 99, 'rx': 64, 'sx': 62, 'cz': 33, 'rzz': 32, 'barrier': 8}",5,5,0,ok,,35.0,32.0,ok,,0.95,0.881565516261,32.0,28.0,0.99,0.987833544029,32.0,28.0,0.99,0.987833544029,32.0,28.0,custom_states,False,False,False,,
path4,path,4,monomial_full,sup012_P210_ph000,True,True,0.0,1.0,81.0,83.4,1.96,255.0,260.8,61.0,61.0,128.0,"{'rz': 76, 'sx': 62, 'rx': 56, 'cz': 37, 'rzz': 24, 'barrier': 8}",5,5,0,ok,,30.0,28.0,ok,,0.96,0.881565516261,27.0,24.0,0.99,0.987833544029,27.0,24.0,0.99,0.987833544029,27.0,24.0,custom_states,False,False,False,,
path4,path,4,monomial_full,sup012_P210_ph001,True,True,0.0,1.0,80.0,83.0,2.45,251.0,254.6,61.0,61.0,128.0,"{'rz': 80, 'sx': 62, 'rx': 48, 'cz': 37, 'rzz': 24, 'barrier': 8}",5,5,0,ok,,30.0,28.0,ok,,0.95,0.917216192992,26.0,24.0,0.95,0.917216192992,26.0,24.0,0.99,0.96486690684,27.0,24.0,custom_states,False,False,False,,
path4,path,4,monomial_full,sup012_P210_ph002,True,True,0.0,1.0,80.0,83.0,2.45,251.0,252.4,61.0,61.0,128.0,"{'rz': 80, 'sx': 62, 'rx': 48, 'cz': 37, 'rzz': 24, 'barrier': 8}",5,5,0,ok,,30.0,28.0,ok,,0.96,0.881565516261,27.0,24.0,0.99,0.987833544029,27.0,24.0,0.99,0.987833544029,27.0,24.0,custom_states,False,False,False,,
path4,path,4,monomial_full,sup012_P210_ph010,True,True,0.0,1.0,80.0,83.0,2.45,251.0,254.6,61.0,61.0,128.0,"{'rz': 80, 'sx': 62, 'rx': 48, 'cz': 37, 'rzz': 24, 'barrier': 8}",5,5,0,ok,,30.0,28.0,ok,,0.95,0.888586252813,27.0,24.0,0.99,0.987943607033,27.0,24.0,0.99,0.987943607033,27.0,24.0,custom_states,False,False,False,,
path4,path,4,monomial_full,sup012_P210_ph011,True,True,0.0,1.0,80.0,83.0,2.45,251.0,254.6,61.0,61.0,128.0,"{'rz': 80, 'sx': 62, 'rx': 48, 'cz': 37, 'rzz': 24, 'barrier': 8}",5,5,0,ok,,30.0,28.0,ok,,0.95,0.881565516261,27.0,24.0,0.99,0.987833544029,27.0,24.0,0.99,0.987833544029,27.0,24.0,custom_states,False,False,False,,
path4,path,4,monomial_full,sup012_P210_ph012,True,True,0.0,1.0,80.0,83.0,2.45,251.0,254.6,61.0,61.0,128.0,"{'rz': 80, 'sx': 62, 'rx': 48, 'cz': 37, 'rzz': 24, 'barrier': 8}",5,5,0,ok,,30.0,28.0,ok,,0.96,0.881565516261,27.0,24.0,0.99,0.987833544029,27.0,24.0,0.99,0.987833544029,27.0,24.0,custom_states,False,False,False,,
path4,path,4,monomial_full,sup012_P210_ph020,True,True,0.0,1.0,81.0,83.4,1.96,259.0,264.8,61.0,61.0,128.0,"{'rz': 80, 'sx': 62, 'rx': 56, 'cz': 37, 'rzz': 24, 'barrier': 8}",5,5,0,ok,,30.0,28.0,ok,,0.96,0.882343400777,27.0,24.0,0.99,0.987833544029,27.0,24.0,0.99,0.987833544029,27.0,24.0,custom_states,False,False,False,,
path4,path,4,monomial_full,sup012_P210_ph021,True,True,0.0,1.0,81.0,83.4,1.96,259.0,264.8,61.0,61.0,128.0,"{'rz': 80, 'sx': 62, 'rx': 56, 'cz': 37, 'rzz': 24, 'barrier': 8}",5,5,0,ok,,30.0,28.0,ok,,0.96,0.900887648123,27.0,24.0,0.96,0.900887648123,27.0,24.0,0.99,0.982632470777,27.0,24.0,custom_states,False,False,False,,
path4,path,4,monomial_full,sup012_P210_ph022,True,True,0.0,1.0,80.0,83.0,2.45,247.0,252.8,61.0,61.0,128.0,"{'rz': 76, 'sx': 62, 'rx': 48, 'cz': 37, 'rzz': 24, 'barrier': 8}",5,5,0,ok,,30.0,28.0,ok,,0.97,0.881565516261,27.0,24.0,0.99,0.987833544029,27.0,24.0,0.99,0.987833544029,27.0,24.0,custom_states,False,False,False,,
path4,path,4,monomial_full,sup012_P210_ph100,True,True,0.0,1.0,80.0,83.0,2.45,251.0,254.6,61.0,61.0,128.0,"{'rz': 80, 'sx': 62, 'rx': 48, 'cz': 37, 'rzz': 24, 'barrier': 8}",5,5,0,ok,,30.0,28.0,ok,,0.99,0.970843748374,27.0,24.0,0.99,0.970843748374,27.0,24.0,0.99,0.970843748374,27.0,24.0,custom_states,False,False,False,,
path4,path,4,monomial_full,sup012_P210_ph101,True,True,0.0,1.0,80.0,83.0,2.45,251.0,252.4,61.0,61.0,128.0,"{'rz': 80, 'sx': 62, 'rx': 48, 'cz': 37, 'rzz': 24, 'barrier': 8}",5,5,0,ok,,30.0,28.0,ok,,0.95,0.881565516261,27.0,24.0,0.99,0.987833544029,27.0,24.0,0.99,0.987833544029,27.0,24.0,custom_states,False,False,False,,
path4,path,4,monomial_full,sup012_P210_ph102,True,True,0.0,1.0,80.0,83.0,2.45,247.0,252.8,61.0,61.0,128.0,"{'rz': 76, 'sx': 62, 'rx': 48, 'cz': 37, 'rzz': 24, 'barrier': 8}",5,5,0,ok,,30.0,28.0,ok,,0.95,0.967364800501,26.0,24.0,0.95,0.967364800501,26.0,24.0,0.95,0.967364800501,26.0,24.0,custom_states,False,False,False,,
path4,path,4,monomial_full,sup012_P210_ph110,True,True,0.0,1.0,81.0,83.4,1.96,255.0,260.8,61.0,61.0,128.0,"{'rz': 76, 'sx': 62, 'rx': 56, 'cz': 37, 'rzz': 24, 'barrier': 8}",5,5,0,ok,,30.0,28.0,ok,,0.96,0.881565516261,27.0,24.0,0.99,0.987833544029,27.0,24.0,0.99,0.987833544029,27.0,24.0,custom_states,False,False,False,,
path4,path,4,monomial_full,sup012_P210_ph111,True,True,0.0,1.0,80.0,83.0,2.45,251.0,254.6,61.0,61.0,128.0,"{'rz': 80, 'sx': 62, 'rx': 48, 'cz': 37, 'rzz': 24, 'barrier': 8}",5,5,0,ok,,30.0,28.0,ok,,0.95,0.904553544387,27.0,24.0,0.95,0.904553544387,27.0,24.0,0.99,0.952273798,27.0,24.0,custom_states,False,False,False,,
path4,path,4,monomial_full,sup012_P210_ph112,True,True,0.0,1.0,81.0,83.4,1.96,259.0,264.8,61.0,61.0,128.0,"{'rz': 80, 'sx': 62, 'rx': 56, 'cz': 37, 'rzz': 24, 'barrier': 8}",5,5,0,ok,,30.0,28.0,ok,,0.91,0.855901743185,27.0,24.0,0.99,0.974409916341,27.0,24.0,0.99,0.974409916341,27.0,24.0,custom_states,False,False,False,,
path4,path,4,monomial_full,sup012_P210_ph120,True,True,0.0,1.0,80.0,83.0,2.45,251.0,254.6,61.0,61.0,128.0,"{'rz': 80, 'sx': 62, 'rx': 48, 'cz': 37, 'rzz': 24, 'barrier': 8}",5,5,0,ok,,30.0,28.0,ok,,0.95,0.881565516261,27.0,24.0,0.99,0.987833544029,27.0,24.0,0.99,0.987833544029,27.0,24.0,custom_states,False,False,False,,
path4,path,4,monomial_full,sup012_P210_ph121,True,True,0.0,1.0,80.0,83.0,2.45,247.0,252.8,61.0,61.0,128.0,"{'rz': 76, 'sx': 62, 'rx': 48, 'cz': 37, 'rzz': 24, 'barrier': 8}",5,5,0,ok,,30.0,28.0,ok,,0.95,0.967364800501,26.0,24.0,0.95,0.967364800501,26.0,24.0,0.95,0.967364800501,26.0,24.0,custom_states,False,False,False,,
path4,path,4,monomial_full,sup012_P210_ph122,True,True,0.0,1.0,81.0,83.4,1.96,259.0,264.8,61.0,61.0,128.0,"{'rz': 80, 'sx': 62, 'rx': 56, 'cz': 37, 'rzz': 24, 'barrier': 8}",5,5,0,ok,,30.0,28.0,ok,,0.95,0.885269662695,27.0,24.0,0.99,0.987833544029,27.0,24.0,0.99,0.987833544029,27.0,24.0,custom_states,False,False,False,,
path4,path,4,monomial_full,sup012_P210_ph200,True,True,0.0,1.0,80.0,83.0,2.45,251.0,252.4,61.0,61.0,128.0,"{'rz': 80, 'sx': 62, 'rx': 48, 'cz': 37, 'rzz': 24, 'barrier': 8}",5,5,0,ok,,30.0,28.0,ok,,0.96,0.881565516261,27.0,24.0,0.99,0.987833544029,27.0,24.0,0.99,0.987833544029,27.0,24.0,custom_states,False,False,False,,
path4,path,4,monomial_full,sup012_P210_ph201,True,True,0.0,1.0,81.0,83.4,1.96,259.0,264.8,61.0,61.0,128.0,"{'rz': 80, 'sx': 62, 'rx': 56, 'cz': 37, 'rzz': 24, 'barrier': 8}",5,5,0,ok,,30.0,28.0,ok,,0.96,0.881565516261,27.0,24.0,0.99,0.987833544029,27.0,24.0,0.99,0.987833544029,27.0,24.0,custom_states,False,False,False,,
path4,path,4,monomial_full,sup012_P210_ph202,True,True,0.0,1.0,81.0,83.4,1.96,259.0,264.8,61.0,61.0,128.0,"{'rz': 80, 'sx': 62, 'rx': 56, 'cz': 37, 'rzz': 24, 'barrier': 8}",5,5,0,ok,,30.0,28.0,ok,,0.95,0.92978007633,27.0,24.0,0.95,0.92978007633,27.0,24.0,,,,,custom_states,False,False,False,,
path4,path,4,monomial_full,sup012_P210_ph210,True,True,0.0,1.0,80.0,83.0,2.45,251.0,254.6,61.0,61.0,128.0,"{'rz': 80, 'sx': 62, 'rx': 48, 'cz': 37, 'rzz': 24, 'barrier': 8}",5,5,0,ok,,30.0,28.0,ok,,0.91,0.857180182288,27.0,24.0,0.99,0.958741748338,27.0,24.0,0.99,0.958741748338,27.0,24.0,custom_states,False,False,False,,
path4,path,4,monomial_full,sup012_P210_ph211,True,True,0.0,1.0,81.0,83.4,1.96,259.0,264.8,61.0,61.0,128.0,"{'rz': 80, 'sx': 62, 'rx': 56, 'cz': 37, 'rzz': 24, 'barrier': 8}",5,5,0,ok,,30.0,28.0,ok,,0.95,0.884472207797,27.0,24.0,0.96,0.904054459045,27.0,24.0,0.99,0.977753754156,27.0,24.0,custom_states,False,False,False,,
path4,path,4,monomial_full,sup012_P210_ph212,True,True,0.0,1.0,81.0,83.4,1.96,255.0,260.8,61.0,61.0,128.0,"{'rz': 76, 'sx': 62, 'rx': 56, 'cz': 37, 'rzz': 24, 'barrier': 8}",5,5,0,ok,,30.0,28.0,ok,,0.96,0.881565516261,27.0,24.0,0.99,0.987833544029,27.0,24.0,0.99,0.987833544029,27.0,24.0,custom_states,False,False,False,,
path4,path,4,monomial_full,sup012_P210_ph220,True,True,0.0,1.0,80.0,83.0,2.45,247.0,252.8,61.0,61.0,128.0,"{'rz': 76, 'sx': 62, 'rx': 48, 'cz': 37, 'rzz': 24, 'barrier': 8}",5,5,0,ok,,30.0,28.0,ok,,0.99,0.929164895872,27.0,24.0,0.99,0.929164895872,27.0,24.0,,,,,custom_states,False,False,False,,
path4,path,4,monomial_full,sup012_P210_ph221,True,True,0.0,1.0,80.0,83.0,2.45,251.0,254.6,61.0,61.0,128.0,"{'rz': 80, 'sx': 62, 'rx': 48, 'cz': 37, 'rzz': 24, 'barrier': 8}",5,5,0,ok,,30.0,28.0,ok,,0.96,0.881565516261,27.0,24.0,0.99,0.987833544029,27.0,24.0,0.99,0.987833544029,27.0,24.0,custom_states,False,False,False,,
path4,path,4,monomial_full,sup012_P210_ph222,True,True,0.0,1.0,81.0,83.4,1.96,259.0,264.8,61.0,61.0,128.0,"{'rz': 80, 'sx': 62, 'rx': 56, 'cz': 37, 'rzz': 24, 'barrier': 8}",5,5,0,ok,,30.0,28.0,ok,,0.95,0.937972381557,27.0,24.0,0.95,0.937972381557,27.0,24.0,0.99,0.977753754156,27.0,24.0,custom_states,False,False,False,,
path4,path,4,monomial_full,sup013_P012_ph000,True,False,0.0,0.666667,81.0,82.8,1.47,259.0,262.4,61.0,61.0,128.0,"{'rz': 80, 'sx': 62, 'rx': 56, 'cz': 37, 'rzz': 24, 'barrier': 8}",5,5,0,ok,,30.0,28.0,ok,,0.95,0.881565516261,27.0,24.0,0.99,0.987833544029,27.0,24.0,0.99,0.987833544029,27.0,24.0,custom_states,False,False,False,,
path4,path,4,monomial_full,sup013_P012_ph001,True,False,0.0,0.666667,82.0,83.2,0.98,251.0,252.4,61.0,61.0,128.0,"{'rz': 80, 'sx': 62, 'rx': 48, 'cz': 37, 'rzz': 24, 'barrier': 8}",5,5,0,ok,,29.0,28.0,ok,,0.96,0.881565516261,26.0,24.0,0.99,0.987833544029,26.0,24.0,0.99,0.987833544029,26.0,24.0,custom_states,False,False,False,,
path4,path,4,monomial_full,sup013_P012_ph002,True,False,0.0,0.666667,82.0,83.2,0.98,263.0,264.2,61.0,61.0,128.0,"{'rz': 84, 'sx': 62, 'rx': 56, 'cz': 37, 'rzz': 24, 'barrier': 8}",5,5,0,ok,,30.0,28.0,ok,,0.95,0.881565516261,27.0,24.0,0.99,0.987833544029,27.0,24.0,0.99,0.987833544029,27.0,24.0,custom_states,False,False,False,,
path4,path,4,monomial_full,sup013_P012_ph010,True,False,0.0,0.666667,82.0,83.2,0.98,251.0,252.4,61.0,61.0,128.0,"{'rz': 80, 'sx': 62, 'rx': 48, 'cz': 37, 'rzz': 24, 'barrier': 8}",5,5,0,ok,,29.0,28.0,ok,,0.96,0.881565516261,26.0,24.0,0.99,0.987833544029,26.0,24.0,0.99,0.987833544029,26.0,24.0,custom_states,False,False,False,,
path4,path,4,monomial_full,sup013_P012_ph011,True,False,0.0,0.666667,82.0,82.6,0.49,259.0,260.2,61.0,61.0,128.0,"{'rz': 80, 'sx': 62, 'rx': 56, 'cz': 37, 'rzz': 24, 'barrier': 8}",5,5,0,ok,,30.0,28.0,ok,,0.96,0.881565516261,27.0,24.0,0.99,0.987833544029,27.0,24.0,0.99,0.987833544029,27.0,24.0,custom_states,False,False,False,,
path4,path,4,monomial_full,sup013_P012_ph012,True,False,0.0,0.666667,81.0,82.8,1.47,259.0,262.4,61.0,61.0,128.0,"{'rz': 80, 'sx': 62, 'rx': 56, 'cz': 37, 'rzz': 24, 'barrier': 8}",5,5,0,ok,,30.0,28.0,ok,,0.95,0.881565516261,27.0,24.0,0.99,0.987833544029,27.0,24.0,0.99,0.987833544029,27.0,24.0,custom_states,False,False,False,,
path4,path,4,monomial_full,sup013_P012_ph020,True,False,0.0,0.666667,82.0,83.2,0.98,251.0,254.6,61.0,61.0,128.0,"{'rz': 80, 'sx': 62, 'rx': 48, 'cz': 37, 'rzz': 24, 'barrier': 8}",5,5,0,ok,,30.0,28.0,ok,,0.95,0.967364800501,27.0,24.0,0.95,0.967364800501,27.0,24.0,0.95,0.967364800501,27.0,24.0,custom_states,False,False,False,,
path4,path,4,monomial_full,sup013_P012_ph021,True,False,0.0,0.666667,81.0,82.8,1.47,259.0,262.4,61.0,61.0,128.0,"{'rz': 80, 'sx': 62, 'rx': 56, 'cz': 37, 'rzz': 24, 'barrier': 8}",5,5,0,ok,,30.0,28.0,ok,,0.96,0.858153319531,27.0,24.0,0.99,0.981399156403,27.0,24.0,0.99,0.981399156403,27.0,24.0,custom_states,False,False,False,,
path4,path,4,monomial_full,sup013_P012_ph022,True,False,0.0,0.666667,82.0,83.2,0.98,251.0,252.4,61.0,61.0,128.0,"{'rz': 80, 'sx': 62, 'rx': 48, 'cz': 37, 'rzz': 24, 'barrier': 8}",5,5,0,ok,,29.0,28.0,ok,,0.95,0.881565516261,26.0,24.0,0.99,0.987833544029,26.0,24.0,0.99,0.987833544029,26.0,24.0,custom_states,False,False,False,,
path4,path,4,monomial_full,sup013_P012_ph100,True,False,0.0,0.666667,82.0,83.2,0.98,263.0,264.2,61.0,61.0,128.0,"{'rz': 84, 'sx': 62, 'rx': 56, 'cz': 37, 'rzz': 24, 'barrier': 8}",5,5,0,ok,,30.0,28.0,ok,,0.96,0.881565516261,27.0,24.0,0.99,0.987833544029,27.0,24.0,0.99,0.987833544029,27.0,24.0,custom_states,False,False,False,,
path4,path,4,monomial_full,sup013_P012_ph101,True,False,0.0,0.666667,81.0,82.8,1.47,259.0,262.4,61.0,61.0,128.0,"{'rz': 80, 'sx': 62, 'rx': 56, 'cz': 37, 'rzz': 24, 'barrier': 8}",5,5,0,ok,,30.0,28.0,ok,,0.96,0.881565516261,27.0,24.0,0.99,0.987833544029,27.0,24.0,0.99,0.987833544029,27.0,24.0,custom_states,False,False,False,,
path4,path,4,monomial_full,sup013_P012_ph102,True,False,0.0,0.666667,82.0,82.6,0.49,259.0,258.0,61.0,61.0,128.0,"{'rz': 80, 'sx': 62, 'rx': 56, 'cz': 37, 'rzz': 24, 'barrier': 8}",5,5,0,ok,,30.0,28.0,ok,,0.95,0.881565516261,27.0,24.0,0.99,0.987833544029,27.0,24.0,0.99,0.987833544029,27.0,24.0,custom_states,False,False,False,,
path4,path,4,monomial_full,sup013_P012_ph110,True,False,0.0,0.666667,80.0,81.8,1.47,243.0,248.8,61.0,61.0,128.0,"{'rz': 72, 'sx': 62, 'rx': 48, 'cz': 37, 'rzz': 24, 'barrier': 8}",5,5,0,ok,,29.0,28.0,ok,,0.95,0.881565516261,26.0,24.0,0.99,0.987833544029,26.0,24.0,0.99,0.987833544029,26.0,24.0,custom_states,False,False,False,,
path4,path,4,monomial_full,sup013_P012_ph111,True,False,0.0,0.666667,82.0,83.2,0.98,263.0,262.0,61.0,61.0,128.0,"{'rz': 84, 'sx': 62, 'rx': 56, 'cz': 37, 'rzz': 24, 'barrier': 8}",5,5,0,ok,,30.0,28.0,ok,,0.95,0.858153319531,27.0,24.0,0.99,0.981399156403,27.0,24.0,0.99,0.981399156403,27.0,24.0,custom_states,False,False,False,,
path4,path,4,monomial_full,sup013_P012_ph112,True,False,0.0,0.666667,82.0,83.2,0.98,263.0,264.2,61.0,61.0,128.0,"{'rz': 84, 'sx': 62, 'rx': 56, 'cz': 37, 'rzz': 24, 'barrier': 8}",5,5,0,ok,,30.0,28.0,ok,,0.96,0.858153319531,27.0,24.0,0.99,0.981399156403,27.0,24.0,0.99,0.981399156403,27.0,24.0,custom_states,False,False,False,,
path4,path,4,monomial_full,sup013_P012_ph120,True,False,0.0,0.666667,82.0,83.2,0.98,251.0,252.4,61.0,61.0,128.0,"{'rz': 80, 'sx': 62, 'rx': 48, 'cz': 37, 'rzz': 24, 'barrier': 8}",5,5,0,ok,,29.0,28.0,ok,,0.96,0.881565516261,26.0,24.0,0.99,0.987833544029,26.0,24.0,0.99,0.987833544029,26.0,24.0,custom_states,False,False,False,,
path4,path,4,monomial_full,sup013_P012_ph121,True,False,0.0,0.666667,82.0,83.2,0.98,251.0,254.6,61.0,61.0,128.0,"{'rz': 80, 'sx': 62, 'rx': 48, 'cz': 37, 'rzz': 24, 'barrier': 8}",5,5,0,ok,,30.0,28.0,ok,,0.95,0.967364800501,27.0,24.0,0.95,0.967364800501,27.0,24.0,0.95,0.967364800501,27.0,24.0,custom_states,False,False,False,,
path4,path,4,monomial_full,sup013_P012_ph122,True,False,0.0,0.666667,81.0,82.8,1.47,259.0,262.4,61.0,61.0,128.0,"{'rz': 80, 'sx': 62, 'rx': 56, 'cz': 37, 'rzz': 24, 'barrier': 8}",5,5,0,ok,,30.0,28.0,ok,,0.95,0.967364800501,27.0,24.0,0.95,0.967364800501,27.0,24.0,0.95,0.967364800501,27.0,24.0,custom_states,False,False,False,,
path4,path,4,monomial_full,sup013_P012_ph200,True,False,0.0,0.666667,82.0,83.2,0.98,263.0,262.0,61.0,61.0,128.0,"{'rz': 84, 'sx': 62, 'rx': 56, 'cz': 37, 'rzz': 24, 'barrier': 8}",5,5,0,ok,,30.0,28.0,ok,,0.96,0.858153319531,27.0,24.0,0.99,0.981399156403,27.0,24.0,0.99,0.981399156403,27.0,24.0,custom_states,False,False,False,,
path4,path,4,monomial_full,sup013_P012_ph201,True,False,0.0,0.666667,82.0,82.6,0.49,259.0,260.2,61.0,61.0,128.0,"{'rz': 80, 'sx': 62, 'rx': 56, 'cz': 37, 'rzz': 24, 'barrier': 8}",5,5,0,ok,,30.0,28.0,ok,,0.96,0.858153319531,26.0,24.0,0.99,0.981399156403,26.0,24.0,0.99,0.981399156403,26.0,24.0,custom_states,False,False,False,,
path4,path,4,monomial_full,sup013_P012_ph202,True,False,0.0,0.666667,81.0,82.8,1.47,247.0,252.8,61.0,61.0,128.0,"{'rz': 76, 'sx': 62, 'rx': 48, 'cz': 37, 'rzz': 24, 'barrier': 8}",5,5,0,ok,,30.0,28.0,ok,,0.95,0.967364800501,27.0,24.0,0.95,0.967364800501,27.0,24.0,0.95,0.967364800501,27.0,24.0,custom_states,False,False,False,,
path4,path,4,monomial_full,sup013_P012_ph210,True,False,0.0,0.666667,82.0,83.2,0.98,263.0,264.2,61.0,61.0,128.0,"{'rz': 84, 'sx': 62, 'rx': 56, 'cz': 37, 'rzz': 24, 'barrier': 8}",5,5,0,ok,,30.0,28.0,ok,,0.95,0.967364800501,27.0,24.0,0.95,0.967364800501,27.0,24.0,0.95,0.967364800501,27.0,24.0,custom_states,False,False,False,,
path4,path,4,monomial_full,sup013_P012_ph211,True,False,0.0,0.666667,81.0,82.8,1.47,259.0,262.4,61.0,61.0,128.0,"{'rz': 80, 'sx': 62, 'rx': 56, 'cz': 37, 'rzz': 24, 'barrier': 8}",5,5,0,ok,,30.0,28.0,ok,,0.95,0.881565516261,27.0,24.0,0.99,0.987833544029,27.0,24.0,0.99,0.987833544029,27.0,24.0,custom_states,False,False,False,,
path4,path,4,monomial_full,sup013_P012_ph212,True,False,0.0,0.666667,82.0,82.6,0.49,259.0,258.0,61.0,61.0,128.0,"{'rz': 80, 'sx': 62, 'rx': 56, 'cz': 37, 'rzz': 24, 'barrier': 8}",5,5,0,ok,,30.0,28.0,ok,,0.95,0.881565516261,27.0,24.0,0.99,0.987833544029,27.0,24.0,0.99,0.987833544029,27.0,24.0,custom_states,False,False,False,,
path4,path,4,monomial_full,sup013_P012_ph220,True,False,0.0,0.666667,80.0,81.8,1.47,243.0,248.8,61.0,61.0,128.0,"{'rz': 72, 'sx': 62, 'rx': 48, 'cz': 37, 'rzz': 24, 'barrier': 8}",5,5,0,ok,,29.0,28.0,ok,,0.96,0.881565516261,26.0,24.0,0.99,0.987833544029,26.0,24.0,0.99,0.987833544029,26.0,24.0,custom_states,False,False,False,,
path4,path,4,monomial_full,sup013_P012_ph221,True,False,0.0,0.666667,82.0,83.2,0.98,263.0,262.0,61.0,61.0,128.0,"{'rz': 84, 'sx': 62, 'rx': 56, 'cz': 37, 'rzz': 24, 'barrier': 8}",5,5,0,ok,,30.0,28.0,ok,,0.95,0.881565516261,27.0,24.0,0.99,0.987833544029,27.0,24.0,0.99,0.987833544029,27.0,24.0,custom_states,False,False,False,,
path4,path,4,monomial_full,sup013_P012_ph222,True,False,0.0,0.666667,82.0,83.2,0.98,251.0,254.6,61.0,61.0,128.0,"{'rz': 80, 'sx': 62, 'rx': 48, 'cz': 37, 'rzz': 24, 'barrier': 8}",5,5,0,ok,,30.0,28.0,ok,,0.96,0.881565516261,27.0,24.0,0.99,0.987833544029,27.0,24.0,0.99,0.987833544029,27.0,24.0,custom_states,False,False,False,,
path4,path,4,monomial_full,sup013_P021_ph000,True,False,0.0,0.666667,85.0,86.2,0.98,282.0,284.8,65.0,65.0,128.0,"{'rz': 91, 'rx': 64, 'sx': 62, 'cz': 33, 'rzz': 32, 'barrier': 8}",5,5,0,ok,,34.0,32.0,ok,,0.95,0.881565516261,31.0,28.0,0.99,0.987833544029,31.0,28.0,0.99,0.987833544029,31.0,28.0,custom_states,False,False,False,,
path4,path,4,monomial_full,sup013_P021_ph001,True,False,0.0,0.666667,87.0,88.2,0.98,291.0,294.6,65.0,65.0,128.0,"{'rz': 100, 'rx': 64, 'sx': 62, 'cz': 33, 'rzz': 32, 'barrier': 8}",5,5,0,ok,,35.0,32.0,ok,,0.97,0.881565516261,32.0,28.0,0.99,0.987833544029,32.0,28.0,0.99,0.987833544029,32.0,28.0,custom_states,False,False,False,,
path4,path,4,monomial_full,sup013_P021_ph002,True,False,0.0,0.666667,85.0,86.8,1.47,283.0,288.8,65.0,65.0,128.0,"{'rz': 92, 'rx': 64, 'sx': 62, 'cz': 33, 'rzz': 32, 'barrier': 8}",5,5,0,ok,,34.0,32.0,ok,,0.95,0.881565516261,31.0,28.0,0.99,0.987833544029,31.0,28.0,0.99,0.987833544029,31.0,28.0,custom_states,False,False,False,,
path4,path,4,monomial_full,sup013_P021_ph010,True,False,0.0,0.666667,87.0,87.6,0.49,291.0,292.0,65.0,65.0,128.0,"{'rz': 100, 'rx': 64, 'sx': 62, 'cz': 33, 'rzz': 32, 'barrier': 8}",5,5,0,ok,,35.0,32.0,ok,,0.99,0.951368139695,31.0,28.0,0.99,0.951368139695,31.0,28.0,0.99,0.951368139695,31.0,28.0,custom_states,False,False,False,,
path4,path,4,monomial_full,sup013_P021_ph011,True,False,0.0,0.666667,86.0,87.8,1.47,284.0,291.6,65.0,65.0,128.0,"{'rz': 93, 'rx': 64, 'sx': 62, 'cz': 33, 'rzz': 32, 'barrier': 8}",5,5,0,ok,,35.0,32.0,ok,,0.96,0.881565516261,32.0,28.0,0.99,0.987833544029,32.0,28.0,0.99,0.987833544029,32.0,28.0,custom_states,False,False,False,,
path4,path,4,monomial_full,sup013_P021_ph012,True,False,0.0,0.666667,87.0,88.2,0.98,291.0,294.6,65.0,65.0,128.0,"{'rz': 100, 'rx': 64, 'sx': 62, 'cz': 33, 'rzz': 32, 'barrier': 8}",5,5,0,ok,,35.0,32.0,ok,,0.97,0.881565516261,32.0,28.0,0.99,0.987833544029,32.0,28.0,0.99,0.987833544029,32.0,28.0,custom_states,False,False,False,,
path4,path,4,monomial_full,sup013_P021_ph020,True,False,0.0,0.666667,87.0,87.6,0.49,291.0,292.6,65.0,65.0,128.0,"{'rz': 100, 'rx': 64, 'sx': 62, 'cz': 33, 'rzz': 32, 'barrier': 8}",5,5,0,ok,,35.0,32.0,ok,,0.95,0.885813722781,31.0,28.0,0.99,0.987833544029,32.0,28.0,0.99,0.987833544029,32.0,28.0,custom_states,False,False,False,,
path4,path,4,monomial_full,sup013_P021_ph021,True,False,0.0,0.666667,87.0,88.2,0.98,283.0,286.6,65.0,65.0,128.0,"{'rz': 92, 'rx': 64, 'sx': 62, 'cz': 33, 'rzz': 32, 'barrier': 8}",5,5,0,ok,,34.0,32.0,ok,,0.95,0.881565516261,31.0,28.0,0.99,0.987833544029,31.0,28.0,0.99,0.987833544029,31.0,28.0,custom_states,False,False,False,,
path4,path,4,monomial_full,sup013_P021_ph022,True,False,0.0,0.666667,87.0,88.2,0.98,291.0,294.6,65.0,65.0,128.0,"{'rz': 100, 'rx': 64, 'sx': 62, 'cz': 33, 'rzz': 32, 'barrier': 8}",5,5,0,ok,,35.0,32.0,ok,,0.96,0.881565516261,32.0,28.0,0.99,0.987833544029,32.0,28.0,0.99,0.987833544029,32.0,28.0,custom_states,False,False,False,,
path4,path,4,monomial_full,sup013_P021_ph100,True,False,0.0,0.666667,87.0,88.2,0.98,291.0,294.6,65.0,65.0,128.0,"{'rz': 100, 'rx': 64, 'sx': 62, 'cz': 33, 'rzz': 32, 'barrier': 8}",5,5,0,ok,,35.0,32.0,ok,,0.96,0.881565516261,32.0,28.0,0.99,0.987833544029,32.0,28.0,0.99,0.987833544029,32.0,28.0,custom_states,False,False,False,,
path4,path,4,monomial_full,sup013_P021_ph101,True,False,0.0,0.666667,87.0,87.6,0.49,291.0,292.0,65.0,65.0,128.0,"{'rz': 100, 'rx': 64, 'sx': 62, 'cz': 33, 'rzz': 32, 'barrier': 8}",5,5,0,ok,,35.0,32.0,ok,,0.97,0.881565516261,32.0,28.0,0.99,0.987833544029,32.0,28.0,0.99,0.987833544029,32.0,28.0,custom_states,False,False,False,,
path4,path,4,monomial_full,sup013_P021_ph102,True,False,0.0,0.666667,87.0,88.2,0.98,285.0,291.4,65.0,65.0,128.0,"{'rz': 94, 'rx': 64, 'sx': 62, 'cz': 33, 'rzz': 32, 'barrier': 8}",5,5,0,ok,,35.0,32.0,ok,,0.96,0.881565516261,32.0,28.0,0.99,0.987833544029,32.0,28.0,0.99,0.987833544029,32.0,28.0,custom_states,False,False,False,,
path4,path,4,monomial_full,sup013_P021_ph110,True,False,0.0,0.666667,87.0,88.2,0.98,291.0,294.6,65.0,65.0,128.0,"{'rz': 100, 'rx': 64, 'sx': 62, 'cz': 33, 'rzz': 32, 'barrier': 8}",5,5,0,ok,,35.0,32.0,ok,,0.95,0.881565516261,32.0,28.0,0.99,0.987833544029,32.0,28.0,0.99,0.987833544029,32.0,28.0,custom_states,False,False,False,,
path4,path,4,monomial_full,sup013_P021_ph111,True,False,0.0,0.666667,87.0,87.0,0.0,289.0,289.4,65.0,65.0,128.0,"{'rz': 100, 'rx': 68, 'sx': 56, 'rzz': 35, 'cz': 30, 'barrier': 8}",5,5,0,ok,,35.0,32.0,ok,,0.97,0.881565516261,32.0,28.0,0.99,0.987833544029,32.0,28.0,0.99,0.987833544029,32.0,28.0,custom_states,False,False,False,,
path4,path,4,monomial_full,sup013_P021_ph112,True,False,0.0,0.666667,87.0,88.2,0.98,288.0,293.4,65.0,65.0,128.0,"{'rz': 97, 'rx': 64, 'sx': 62, 'cz': 33, 'rzz': 32, 'barrier': 8}",5,5,0,ok,,35.0,32.0,ok,,0.96,0.881565516261,32.0,28.0,0.99,0.987833544029,32.0,28.0,0.99,0.987833544029,32.0,28.0,custom_states,False,False,False,,
path4,path,4,monomial_full,sup013_P021_ph120,True,False,0.0,0.666667,87.0,88.2,0.98,290.0,292.6,65.0,65.0,128.0,"{'rz': 99, 'rx': 64, 'sx': 62, 'cz': 33, 'rzz': 32, 'barrier': 8}",5,5,0,ok,,35.0,32.0,ok,,0.97,0.881565516261,32.0,28.0,0.99,0.987833544029,32.0,28.0,0.99,0.987833544029,32.0,28.0,custom_states,False,False,False,,
path4,path,4,monomial_full,sup013_P021_ph121,True,False,0.0,0.666667,86.0,86.6,0.49,287.0,290.4,65.0,65.0,128.0,"{'rz': 96, 'rx': 64, 'sx': 62, 'cz': 33, 'rzz': 32, 'barrier': 8}",5,5,0,ok,,35.0,32.0,ok,,0.95,0.881565516261,32.0,28.0,0.99,0.987833544029,32.0,28.0,0.99,0.987833544029,32.0,28.0,custom_states,False,False,False,,
path4,path,4,monomial_full,sup013_P021_ph122,True,False,0.0,0.666667,87.0,88.2,0.98,288.0,293.4,65.0,65.0,128.0,"{'rz': 97, 'rx': 64, 'sx': 62, 'cz': 33, 'rzz': 32, 'barrier': 8}",5,5,0,ok,,35.0,32.0,ok,,0.97,0.881565516261,32.0,28.0,0.99,0.987833544029,32.0,28.0,0.99,0.987833544029,32.0,28.0,custom_states,False,False,False,,
path4,path,4,monomial_full,sup013_P021_ph200,True,False,0.0,0.666667,87.0,88.2,0.98,290.0,294.0,65.0,65.0,128.0,"{'rz': 99, 'rx': 64, 'sx': 62, 'cz': 33, 'rzz': 32, 'barrier': 8}",5,5,0,ok,,35.0,32.0,ok,,0.95,0.881565516261,32.0,28.0,0.99,0.987833544029,32.0,28.0,0.99,0.987833544029,32.0,28.0,custom_states,False,False,False,,
path4,path,4,monomial_full,sup013_P021_ph201,True,False,0.0,0.666667,87.0,88.2,0.98,288.0,292.6,65.0,65.0,128.0,"{'rz': 97, 'rx': 64, 'sx': 62, 'cz': 33, 'rzz': 32, 'barrier': 8}",5,5,0,ok,,35.0,32.0,ok,,0.95,0.881565516261,30.0,28.0,0.99,0.987833544029,32.0,28.0,0.99,0.987833544029,32.0,28.0,custom_states,False,False,False,,
path4,path,4,monomial_full,sup013_P021_ph202,True,False,0.0,0.666667,87.0,87.6,0.49,291.0,293.4,65.0,65.0,128.0,"{'rz': 100, 'rx': 64, 'sx': 62, 'cz': 33, 'rzz': 32, 'barrier': 8}",5,5,0,ok,,35.0,32.0,ok,,0.97,0.881565516261,32.0,28.0,0.99,0.987833544029,32.0,28.0,0.99,0.987833544029,32.0,28.0,custom_states,False,False,False,,
path4,path,4,monomial_full,sup013_P021_ph210,True,False,0.0,0.666667,87.0,88.2,0.98,283.0,288.8,65.0,65.0,128.0,"{'rz': 92, 'rx': 64, 'sx': 62, 'cz': 33, 'rzz': 32, 'barrier': 8}",5,5,0,ok,,35.0,32.0,ok,,0.95,0.881565516261,32.0,28.0,0.99,0.987833544029,32.0,28.0,0.99,0.987833544029,32.0,28.0,custom_states,False,False,False,,
path4,path,4,monomial_full,sup013_P021_ph211,True,False,0.0,0.666667,87.0,88.2,0.98,291.0,292.4,65.0,65.0,128.0,"{'rz': 100, 'rx': 64, 'sx': 62, 'cz': 33, 'rzz': 32, 'barrier': 8}",5,5,0,ok,,34.0,32.0,ok,,0.95,0.967364800501,31.0,28.0,0.95,0.967364800501,31.0,28.0,0.95,0.967364800501,31.0,28.0,custom_states,False,False,False,,
path4,path,4,monomial_full,sup013_P021_ph212,True,False,0.0,0.666667,86.0,87.2,0.98,287.0,290.8,65.0,65.0,128.0,"{'rz': 96, 'rx': 64, 'sx': 62, 'cz': 33, 'rzz': 32, 'barrier': 8}",5,5,0,ok,,35.0,32.0,ok,,0.95,0.881565516261,32.0,28.0,0.99,0.987833544029,32.0,28.0,0.99,0.987833544029,32.0,28.0,custom_states,False,False,False,,
path4,path,4,monomial_full,sup013_P021_ph220,True,False,0.0,0.666667,87.0,88.2,0.98,290.0,294.0,65.0,65.0,128.0,"{'rz': 99, 'rx': 64, 'sx': 62, 'cz': 33, 'rzz': 32, 'barrier': 8}",5,5,0,ok,,35.0,32.0,ok,,0.97,0.881565516261,32.0,28.0,0.99,0.987833544029,32.0,28.0,0.99,0.987833544029,32.0,28.0,custom_states,False,False,False,,
path4,path,4,monomial_full,sup013_P021_ph221,True,False,0.0,0.666667,87.0,88.2,0.98,291.0,294.6,65.0,65.0,128.0,"{'rz': 100, 'rx': 64, 'sx': 62, 'cz': 33, 'rzz': 32, 'barrier': 8}",5,5,0,ok,,35.0,32.0,ok,,0.95,0.881565516261,32.0,28.0,0.99,0.987833544029,32.0,28.0,0.99,0.987833544029,32.0,28.0,custom_states,False,False,False,,
path4,path,4,monomial_full,sup013_P021_ph222,True,False,0.0,0.666667,86.0,86.4,0.49,289.0,290.0,65.0,65.0,128.0,"{'rz': 100, 'rx': 68, 'sx': 56, 'rzz': 35, 'cz': 30, 'barrier': 8}",5,5,0,ok,,35.0,32.0,ok,,0.97,0.881565516261,32.0,28.0,0.99,0.987833544029,32.0,28.0,0.99,0.987833544029,32.0,28.0,custom_states,False,False,False,,
path4,path,4,monomial_full,sup013_P102_ph000,True,False,0.0,0.666667,81.0,82.2,0.98,255.0,258.4,61.0,61.0,128.0,"{'rz': 80, 'sx': 62, 'rx': 52, 'cz': 37, 'rzz': 24, 'barrier': 8}",5,5,0,ok,,30.0,28.0,ok,,0.97,0.881565516261,27.0,24.0,0.99,0.987833544029,27.0,24.0,0.99,0.987833544029,27.0,24.0,custom_states,False,False,False,,
path4,path,4,monomial_full,sup013_P102_ph001,True,False,0.0,0.666667,81.0,81.6,0.49,251.0,252.4,61.0,61.0,128.0,"{'rz': 84, 'sx': 62, 'rx': 44, 'cz': 33, 'rzz': 28, 'barrier': 8}",5,5,0,ok,,29.0,28.0,ok,,0.96,0.881565516261,26.0,24.0,0.99,0.987833544029,26.0,24.0,0.99,0.987833544029,26.0,24.0,custom_states,False,False,False,,
path4,path,4,monomial_full,sup013_P102_ph002,True,False,0.0,0.666667,82.0,82.6,0.49,259.0,259.2,61.0,61.0,128.0,"{'rz': 84, 'sx': 62, 'rx': 52, 'cz': 33, 'rzz': 28, 'barrier': 8}",5,5,0,ok,,30.0,28.0,ok,,0.95,0.881565516261,27.0,24.0,0.99,0.987833544029,27.0,24.0,0.99,0.987833544029,27.0,24.0,custom_states,False,False,False,,
path4,path,4,monomial_full,sup013_P102_ph010,True,False,0.0,0.666667,81.0,82.2,0.98,253.0,255.8,61.0,61.0,128.0,"{'rz': 84, 'sx': 62, 'rx': 46, 'cz': 33, 'rzz': 28, 'barrier': 8}",5,5,0,ok,,29.0,28.0,ok,,0.95,0.97190574996,26.0,24.0,0.95,0.97190574996,26.0,24.0,0.95,0.97190574996,26.0,24.0,custom_states,False,False,False,,
path4,path,4,monomial_full,sup013_P102_ph011,True,False,0.0,0.666667,82.0,82.6,0.49,259.0,259.2,61.0,61.0,128.0,"{'rz': 84, 'sx': 62, 'rx': 52, 'cz': 33, 'rzz': 28, 'barrier': 8}",5,5,0,ok,,30.0,28.0,ok,,0.95,0.967364800501,26.0,24.0,0.95,0.967364800501,26.0,24.0,0.95,0.967364800501,26.0,24.0,custom_states,False,False,False,,
path4,path,4,monomial_full,sup013_P102_ph012,True,False,0.0,0.666667,81.0,82.2,0.98,255.0,258.4,61.0,61.0,128.0,"{'rz': 80, 'sx': 62, 'rx': 52, 'cz': 37, 'rzz': 24, 'barrier': 8}",5,5,0,ok,,30.0,28.0,ok,,0.95,0.852035952383,27.0,24.0,0.99,0.987833544029,27.0,24.0,0.99,0.987833544029,27.0,24.0,custom_states,False,False,False,,
path4,path,4,monomial_full,sup013_P102_ph020,True,False,0.0,0.666667,82.0,82.6,0.49,257.0,255.8,61.0,61.0,128.0,"{'rz': 84, 'sx': 62, 'rx': 50, 'cz': 33, 'rzz': 28, 'barrier': 8}",5,5,0,ok,,30.0,28.0,ok,,0.96,0.881565516261,27.0,24.0,0.99,0.987833544029,27.0,24.0,0.99,0.987833544029,27.0,24.0,custom_states,False,False,False,,
path4,path,4,monomial_full,sup013_P102_ph021,True,False,0.0,0.666667,80.0,81.8,1.47,255.0,256.2,61.0,61.0,128.0,"{'rz': 80, 'sx': 62, 'rx': 52, 'cz': 37, 'rzz': 24, 'barrier': 8}",5,5,0,ok,,30.0,28.0,ok,,0.95,0.881565516261,27.0,24.0,0.99,0.987833544029,27.0,24.0,0.99,0.987833544029,27.0,24.0,custom_states,False,False,False,,
path4,path,4,monomial_full,sup013_P102_ph022,True,False,0.0,0.666667,81.0,82.2,0.98,255.0,255.2,61.0,61.0,128.0,"{'rz': 80, 'sx': 62, 'rx': 52, 'cz': 33, 'rzz': 28, 'barrier': 8}",5,5,0,ok,,30.0,28.0,ok,,0.97,0.898388780107,27.0,24.0,0.99,0.984762247964,27.0,24.0,0.99,0.984762247964,27.0,24.0,custom_states,False,False,False,,
path4,path,4,monomial_full,sup013_P102_ph100,True,False,0.0,0.666667,81.0,82.2,0.98,251.0,252.4,61.0,61.0,128.0,"{'rz': 84, 'sx': 62, 'rx': 44, 'cz': 33, 'rzz': 28, 'barrier': 8}",5,5,0,ok,,29.0,28.0,ok,,0.96,0.881565516261,26.0,24.0,0.99,0.987833544029,26.0,24.0,0.99,0.987833544029,26.0,24.0,custom_states,False,False,False,,
path4,path,4,monomial_full,sup013_P102_ph101,True,False,0.0,0.666667,80.0,81.8,1.47,243.0,246.6,61.0,61.0,128.0,"{'rz': 76, 'sx': 62, 'rx': 44, 'cz': 37, 'rzz': 24, 'barrier': 8}",5,5,0,ok,,28.0,28.0,ok,,0.95,0.881565516261,25.0,24.0,0.99,0.987833544029,25.0,24.0,0.99,0.987833544029,25.0,24.0,custom_states,False,False,False,,
path4,path,4,monomial_full,sup013_P102_ph102,True,False,0.0,0.666667,81.0,82.2,0.98,253.0,251.8,61.0,61.0,128.0,"{'rz': 80, 'sx': 62, 'rx': 50, 'cz': 33, 'rzz': 28, 'barrier': 8}",5,5,0,ok,,30.0,28.0,ok,,0.96,0.881565516261,27.0,24.0,0.99,0.987833544029,27.0,24.0,0.99,0.987833544029,27.0,24.0,custom_states,False,False,False,,
path4,path,4,monomial_full,sup013_P102_ph110,True,False,0.0,0.666667,79.0,80.8,1.47,235.0,243.0,61.0,61.0,128.0,"{'rz': 68, 'sx': 62, 'rx': 44, 'cz': 37, 'rzz': 24, 'barrier': 8}",5,5,0,ok,,28.0,28.0,ok,,0.95,0.881565516261,25.0,24.0,0.99,0.987833544029,25.0,24.0,0.99,0.987833544029,25.0,24.0,custom_states,False,False,False,,
path4,path,4,monomial_full,sup013_P102_ph111,True,False,0.0,0.666667,81.0,82.2,0.98,257.0,255.8,61.0,61.0,128.0,"{'rz': 84, 'sx': 62, 'rx': 50, 'cz': 33, 'rzz': 28, 'barrier': 8}",5,5,0,ok,,30.0,28.0,ok,,0.99,0.936481165577,27.0,24.0,0.99,0.936481165577,27.0,24.0,,,,,custom_states,False,False,False,,
path4,path,4,monomial_full,sup013_P102_ph112,True,False,0.0,0.666667,81.0,82.2,0.98,251.0,252.4,61.0,61.0,128.0,"{'rz': 84, 'sx': 62, 'rx': 44, 'cz': 33, 'rzz': 28, 'barrier': 8}",5,5,0,ok,,29.0,28.0,ok,,0.96,0.881565516261,26.0,24.0,0.99,0.987833544029,26.0,24.0,0.99,0.987833544029,26.0,24.0,custom_states,False,False,False,,
path4,path,4,monomial_full,sup013_P102_ph120,True,False,0.0,0.666667,81.0,82.2,0.98,259.0,259.2,61.0,61.0,128.0,"{'rz': 84, 'sx': 62, 'rx': 52, 'cz': 33, 'rzz': 28, 'barrier': 8}",5,5,0,ok,,30.0,28.0,ok,,0.96,0.881565516261,27.0,24.0,0.99,0.987833544029,27.0,24.0,0.99,0.987833544029,27.0,24.0,custom_states,False,False,False,,
path4,path,4,monomial_full,sup013_P102_ph121,True,False,0.0,0.666667,82.0,82.6,0.49,253.0,255.8,61.0,61.0,128.0,"{'rz': 84, 'sx': 62, 'rx': 46, 'cz': 33, 'rzz': 28, 'barrier': 8}",5,5,0,ok,,29.0,28.0,ok,,0.95,0.967364800501,26.0,24.0,0.95,0.967364800501,26.0,24.0,0.95,0.967364800501,26.0,24.0,custom_states,False,False,False,,
path4,path,4,monomial_full,sup013_P102_ph122,True,False,0.0,0.666667,80.0,81.2,0.98,243.0,244.4,61.0,61.0,128.0,"{'rz': 76, 'sx': 62, 'rx': 44, 'cz': 37, 'rzz': 24, 'barrier': 8}",5,5,0,ok,,28.0,28.0,ok,,0.95,0.884889408816,25.0,24.0,0.99,0.988047110162,25.0,24.0,0.99,0.988047110162,25.0,24.0,custom_states,False,False,False,,
path4,path,4,monomial_full,sup013_P102_ph200,True,False,0.0,0.666667,81.0,81.6,0.49,251.0,252.4,61.0,61.0,128.0,"{'rz': 84, 'sx': 62, 'rx': 44, 'cz': 33, 'rzz': 28, 'barrier': 8}",5,5,0,ok,,29.0,28.0,ok,,0.96,0.881565516261,26.0,24.0,0.99,0.987833544029,26.0,24.0,0.99,0.987833544029,26.0,24.0,custom_states,False,False,False,,
path4,path,4,monomial_full,sup013_P102_ph201,True,False,0.0,0.666667,82.0,82.6,0.49,259.0,259.2,61.0,61.0,128.0,"{'rz': 84, 'sx': 62, 'rx': 52, 'cz': 33, 'rzz': 28, 'barrier': 8}",5,5,0,ok,,30.0,28.0,ok,,0.96,0.881565516261,27.0,24.0,0.99,0.987833544029,27.0,24.0,0.99,0.987833544029,27.0,24.0,custom_states,False,False,False,,
path4,path,4,monomial_full,sup013_P102_ph202,True,False,0.0,0.666667,80.0,81.8,1.47,239.0,247.0,61.0,61.0,128.0,"{'rz': 72, 'sx': 62, 'rx': 44, 'cz': 37, 'rzz': 24, 'barrier': 8}",5,5,0,ok,,29.0,28.0,ok,,0.95,0.881565516261,26.0,24.0,0.99,0.987833544029,26.0,24.0,0.99,0.987833544029,26.0,24.0,custom_states,False,False,False,,
path4,path,4,monomial_full,sup013_P102_ph210,True,False,0.0,0.666667,82.0,82.6,0.49,253.0,255.8,61.0,61.0,128.0,"{'rz': 84, 'sx': 62, 'rx': 46, 'cz': 33, 'rzz': 28, 'barrier': 8}",5,5,0,ok,,29.0,28.0,ok,,0.96,0.86526466326,26.0,24.0,0.99,0.98403145781,26.0,24.0,0.99,0.98403145781,26.0,24.0,custom_states,False,False,False,,
path4,path,4,monomial_full,sup013_P102_ph211,True,False,0.0,0.666667,80.0,81.2,0.98,243.0,244.4,61.0,61.0,128.0,"{'rz': 76, 'sx': 62, 'rx': 44, 'cz': 37, 'rzz': 24, 'barrier': 8}",5,5,0,ok,,28.0,28.0,ok,,0.96,0.881565516261,25.0,24.0,0.99,0.987833544029,25.0,24.0,0.99,0.987833544029,25.0,24.0,custom_states,False,False,False,,
path4,path,4,monomial_full,sup013_P102_ph212,True,False,0.0,0.666667,81.0,82.2,0.98,249.0,251.8,61.0,61.0,128.0,"{'rz': 80, 'sx': 62, 'rx': 46, 'cz': 33, 'rzz': 28, 'barrier': 8}",5,5,0,ok,,29.0,28.0,ok,,0.95,0.967364800501,25.0,24.0,0.95,0.967364800501,25.0,24.0,0.95,0.967364800501,25.0,24.0,custom_states,False,False,False,,
path4,path,4,monomial_full,sup013_P102_ph220,True,False,0.0,0.666667,79.0,81.4,1.96,239.0,244.8,61.0,61.0,128.0,"{'rz': 72, 'sx': 62, 'rx': 44, 'cz': 37, 'rzz': 24, 'barrier': 8}",5,5,0,ok,,28.0,28.0,ok,,0.95,0.881565516261,25.0,24.0,0.99,0.987833544029,25.0,24.0,0.99,0.987833544029,25.0,24.0,custom_states,False,False,False,,
path4,path,4,monomial_full,sup013_P102_ph221,True,False,0.0,0.666667,81.0,82.2,0.98,253.0,255.8,61.0,61.0,128.0,"{'rz': 84, 'sx': 62, 'rx': 46, 'cz': 33, 'rzz': 28, 'barrier': 8}",5,5,0,ok,,29.0,28.0,ok,,0.99,0.987833544029,26.0,24.0,0.99,0.987833544029,26.0,24.0,0.99,0.987833544029,26.0,24.0,custom_states,False,False,False,,
path4,path,4,monomial_full,sup013_P102_ph222,True,False,0.0,0.666667,82.0,82.6,0.49,253.0,255.8,61.0,61.0,128.0,"{'rz': 84, 'sx': 62, 'rx': 46, 'cz': 33, 'rzz': 28, 'barrier': 8}",5,5,0,ok,,29.0,28.0,ok,,0.96,0.881565516261,26.0,24.0,0.99,0.987833544029,26.0,24.0,0.99,0.987833544029,26.0,24.0,custom_states,False,False,False,,
path4,path,4,monomial_full,sup013_P120_ph000,True,False,0.0,0.666667,80.0,82.4,1.96,251.0,251.8,61.0,61.0,128.0,"{'rz': 76, 'sx': 62, 'rx': 52, 'cz': 37, 'rzz': 24, 'barrier': 8}",5,5,0,ok,,29.0,28.0,ok,,0.98,0.881565516261,26.0,24.0,0.99,0.987833544029,26.0,24.0,0.99,0.987833544029,26.0,24.0,custom_states,False,False,False,,
path4,path,4,monomial_full,sup013_P120_ph001,True,False,0.0,0.666667,80.0,82.4,1.96,251.0,254.6,61.0,61.0,128.0,"{'rz': 76, 'sx': 62, 'rx': 52, 'cz': 37, 'rzz': 24, 'barrier': 8}",5,5,0,ok,,29.0,28.0,ok,,0.95,0.881565516261,26.0,24.0,0.99,0.987833544029,26.0,24.0,0.99,0.987833544029,26.0,24.0,custom_states,False,False,False,,
path4,path,4,monomial_full,sup013_P120_ph002,True,False,0.0,0.666667,80.0,82.4,1.96,251.0,256.8,61.0,61.0,128.0,"{'rz': 76, 'sx': 62, 'rx': 52, 'cz': 37, 'rzz': 24, 'barrier': 8}",5,5,0,ok,,29.0,28.0,ok,,0.97,0.881565516261,26.0,24.0,0.99,0.987833544029,26.0,24.0,0.99,0.987833544029,26.0,24.0,custom_states,False,False,False,,
path4,path,4,monomial_full,sup013_P120_ph010,True,False,0.0,0.666667,81.0,83.4,1.96,255.0,259.6,61.0,61.0,128.0,"{'rz': 80, 'sx': 62, 'rx': 52, 'cz': 37, 'rzz': 24, 'barrier': 8}",5,5,0,ok,,30.0,28.0,ok,,0.95,0.892898783122,27.0,24.0,0.99,0.987213419679,27.0,24.0,0.99,0.987213419679,27.0,24.0,custom_states,False,False,False,,
path4,path,4,monomial_full,sup013_P120_ph011,True,False,0.0,0.666667,80.0,83.0,2.45,251.0,256.8,61.0,61.0,128.0,"{'rz': 76, 'sx': 62, 'rx': 52, 'cz': 37, 'rzz': 24, 'barrier': 8}",5,5,0,ok,,29.0,28.0,ok,,0.95,0.870787301226,26.0,24.0,0.99,0.985725526491,26.0,24.0,0.99,0.985725526491,26.0,24.0,custom_states,False,False,False,,
path4,path,4,monomial_full,sup013_P120_ph012,True,False,0.0,0.666667,81.0,83.4,1.96,255.0,260.8,61.0,61.0,128.0,"{'rz': 80, 'sx': 62, 'rx': 52, 'cz': 37, 'rzz': 24, 'barrier': 8}",5,5,0,ok,,30.0,28.0,ok,,0.95,0.906123319379,27.0,24.0,0.95,0.906123319379,27.0,24.0,0.99,0.967139880379,27.0,24.0,custom_states,False,False,False,,
path4,path,4,monomial_full,sup013_P120_ph020,True,False,0.0,0.666667,80.0,83.0,2.45,255.0,257.4,61.0,61.0,128.0,"{'rz': 80, 'sx': 62, 'rx': 52, 'cz': 37, 'rzz': 24, 'barrier': 8}",5,5,0,ok,,30.0,28.0,ok,,0.99,0.987833544029,27.0,24.0,0.99,0.987833544029,27.0,24.0,0.99,0.987833544029,27.0,24.0,custom_states,False,False,False,,
path4,path,4,monomial_full,sup013_P120_ph021,True,False,0.0,0.666667,81.0,83.4,1.96,251.0,259.0,61.0,61.0,128.0,"{'rz': 76, 'sx': 62, 'rx': 52, 'cz': 37, 'rzz': 24, 'barrier': 8}",5,5,0,ok,,30.0,28.0,ok,,0.95,0.881565516261,27.0,24.0,0.99,0.987833544029,27.0,24.0,0.99,0.987833544029,27.0,24.0,custom_states,False,False,False,,
path4,path,4,monomial_full,sup013_P120_ph022,True,False,0.0,0.666667,80.0,83.0,2.45,255.0,258.6,61.0,61.0,128.0,"{'rz': 80, 'sx': 62, 'rx': 52, 'cz': 37, 'rzz': 24, 'barrier': 8}",5,5,0,ok,,30.0,28.0,ok,,0.99,0.987833544029,27.0,24.0,0.99,0.987833544029,27.0,24.0,0.99,0.987833544029,27.0,24.0,custom_states,False,False,False,,
path4,path,4,monomial_full,sup013_P120_ph100,True,False,0.0,0.666667,80.0,83.0,2.45,251.0,256.8,61.0,61.0,128.0,"{'rz': 76, 'sx': 62, 'rx': 52, 'cz': 37, 'rzz': 24, 'barrier': 8}",5,5,0,ok,,29.0,28.0,ok,,0.94,0.854255548595,26.0,24.0,0.99,0.978747171057,26.0,24.0,0.99,0.978747171057,26.0,24.0,custom_states,False,False,False,,
path4,path,4,monomial_full,sup013_P120_ph101,True,False,0.0,0.666667,81.0,83.4,1.96,255.0,260.8,61.0,61.0,128.0,"{'rz': 80, 'sx': 62, 'rx': 52, 'cz': 37, 'rzz': 24, 'barrier': 8}",5,5,0,ok,,30.0,28.0,ok,,0.97,0.854881197634,27.0,24.0,0.99,0.980044238759,27.0,24.0,0.99,0.980044238759,27.0,24.0,custom_states,False,False,False,,
path4,path,4,monomial_full,sup013_P120_ph102,True,False,0.0,0.666667,81.0,83.4,1.96,255.0,259.6,61.0,61.0,128.0,"{'rz': 80, 'sx': 62, 'rx': 52, 'cz': 37, 'rzz': 24, 'barrier': 8}",5,5,0,ok,,30.0,28.0,ok,,0.96,0.874719452276,27.0,24.0,0.99,0.986703877224,27.0,24.0,0.99,0.986703877224,27.0,24.0,custom_states,False,False,False,,
path4,path,4,monomial_full,sup013_P120_ph110,True,False,0.0,0.666667,81.0,83.4,1.96,251.0,259.0,61.0,61.0,128.0,"{'rz': 76, 'sx': 62, 'rx': 52, 'cz': 37, 'rzz': 24, 'barrier': 8}",5,5,0,ok,,30.0,28.0,ok,,0.95,0.885093279495,27.0,24.0,0.99,0.987833544029,27.0,24.0,0.99,0.987833544029,27.0,24.0,custom_states,False,False,False,,
path4,path,4,monomial_full,sup013_P120_ph111,True,False,0.0,0.666667,81.0,83.4,1.96,255.0,260.8,61.0,61.0,128.0,"{'rz': 80, 'sx': 62, 'rx': 52, 'cz': 37, 'rzz': 24, 'barrier': 8}",5,5,0,ok,,30.0,28.0,ok,,0.96,0.881565516261,27.0,24.0,0.99,0.987833544029,27.0,24.0,0.99,0.987833544029,27.0,24.0,custom_states,False,False,False,,
path4,path,4,monomial_full,sup013_P120_ph112,True,False,0.0,0.666667,81.0,83.4,1.96,255.0,259.6,61.0,61.0,128.0,"{'rz': 80, 'sx': 62, 'rx': 52, 'cz': 37, 'rzz': 24, 'barrier': 8}",5,5,0,ok,,30.0,28.0,ok,,0.95,0.881565516261,27.0,24.0,0.99,0.987833544029,27.0,24.0,0.99,0.987833544029,27.0,24.0,custom_states,False,False,False,,
path4,path,4,monomial_full,sup013_P120_ph120,True,False,0.0,0.666667,80.0,82.4,1.96,247.0,255.0,61.0,61.0,128.0,"{'rz': 72, 'sx': 62, 'rx': 52, 'cz': 37, 'rzz': 24, 'barrier': 8}",5,5,0,ok,,29.0,28.0,ok,,0.96,0.881565516261,26.0,24.0,0.99,0.987833544029,26.0,24.0,0.99,0.987833544029,26.0,24.0,custom_states,False,False,False,,
path4,path,4,monomial_full,sup013_P120_ph121,True,False,0.0,0.666667,80.0,82.4,1.96,251.0,254.6,61.0,61.0,128.0,"{'rz': 76, 'sx': 62, 'rx': 52, 'cz': 37, 'rzz': 24, 'barrier': 8}",5,5,0,ok,,29.0,28.0,ok,,0.96,0.881565516261,26.0,24.0,0.99,0.987833544029,26.0,24.0,0.99,0.987833544029,26.0,24.0,custom_states,False,False,False,,
path4,path,4,monomial_full,sup013_P120_ph122,True,False,0.0,0.666667,80.0,82.4,1.96,251.0,251.8,61.0,61.0,128.0,"{'rz': 76, 'sx': 62, 'rx': 52, 'cz': 37, 'rzz': 24, 'barrier': 8}",5,5,0,ok,,29.0,28.0,ok,,0.95,0.856635847856,26.0,24.0,0.99,0.987833544029,26.0,24.0,0.99,0.987833544029,26.0,24.0,custom_states,False,False,False,,
path4,path,4,monomial_full,sup013_P120_ph200,True,False,0.0,0.666667,80.0,83.0,2.45,255.0,258.6,61.0,61.0,128.0,"{'rz': 80, 'sx': 62, 'rx': 52, 'cz': 37, 'rzz': 24, 'barrier': 8}",5,5,0,ok,,30.0,28.0,ok,,0.96,0.881565516261,27.0,24.0,0.99,0.987833544029,27.0,24.0,0.99,0.987833544029,27.0,24.0,custom_states,False,False,False,,
path4,path,4,monomial_full,sup013_P120_ph201,True,False,0.0,0.666667,80.0,83.0,2.45,255.0,257.4,61.0,61.0,128.0,"{'rz': 80, 'sx': 62, 'rx': 52, 'cz': 37, 'rzz': 24, 'barrier': 8}",5,5,0,ok,,30.0,28.0,ok,,0.97,0.881565516261,27.0,24.0,0.99,0.987833544029,27.0,24.0,0.99,0.987833544029,27.0,24.0,custom_states,False,False,False,,
path4,path,4,monomial_full,sup013_P120_ph202,True,False,0.0,0.666667,80.0,83.0,2.45,251.0,256.8,61.0,61.0,128.0,"{'rz': 76, 'sx': 62, 'rx': 52, 'cz': 37, 'rzz': 24, 'barrier': 8}",5,5,0,ok,,29.0,28.0,ok,,0.97,0.881565516261,26.0,24.0,0.99,0.987833544029,26.0,24.0,0.99,0.987833544029,26.0,24.0,custom_states,False,False,False,,
path4,path,4,monomial_full,sup013_P120_ph210,True,False,0.0,0.666667,80.0,82.4,1.96,251.0,256.8,61.0,61.0,128.0,"{'rz': 76, 'sx': 62, 'rx': 52, 'cz': 37, 'rzz': 24, 'barrier': 8}",5,5,0,ok,,29.0,28.0,ok,,0.95,0.881565516261,26.0,24.0,0.99,0.987833544029,26.0,24.0,0.99,0.987833544029,26.0,24.0,custom_states,False,False,False,,
path4,path,4,monomial_full,sup013_P120_ph211,True,False,0.0,0.666667,80.0,82.4,1.96,251.0,251.8,61.0,61.0,128.0,"{'rz': 76, 'sx': 62, 'rx': 52, 'cz': 37, 'rzz': 24, 'barrier': 8}",5,5,0,ok,,29.0,28.0,ok,,0.95,0.906001300565,26.0,24.0,0.95,0.906001300565,26.0,24.0,0.99,0.962296096077,26.0,24.0,custom_states,False,False,False,,
path4,path,4,monomial_full,sup013_P120_ph212,True,False,0.0,0.666667,80.0,82.4,1.96,251.0,254.6,61.0,61.0,128.0,"{'rz': 76, 'sx': 62, 'rx': 52, 'cz': 37, 'rzz': 24, 'barrier': 8}",5,5,0,ok,,29.0,28.0,ok,,0.99,0.987833544029,26.0,24.0,0.99,0.987833544029,26.0,24.0,0.99,0.987833544029,26.0,24.0,custom_states,False,False,False,,
path4,path,4,monomial_full,sup013_P120_ph220,True,False,0.0,0.666667,80.0,83.0,2.45,255.0,258.6,61.0,61.0,128.0,"{'rz': 80, 'sx': 62, 'rx': 52, 'cz': 37, 'rzz': 24, 'barrier': 8}",5,5,0,ok,,30.0,28.0,ok,,0.95,0.88722264069,27.0,24.0,0.99,0.988029402686,27.0,24.0,0.99,0.988029402686,27.0,24.0,custom_states,False,False,False,,
path4,path,4,monomial_full,sup013_P120_ph221,True,False,0.0,0.666667,80.0,83.0,2.45,255.0,257.4,61.0,61.0,128.0,"{'rz': 80, 'sx': 62, 'rx': 52, 'cz': 37, 'rzz': 24, 'barrier': 8}",5,5,0,ok,,30.0,28.0,ok,,0.92,0.855762632939,27.0,24.0,0.99,0.946811493659,27.0,24.0,,,,,custom_states,False,False,False,,
path4,path,4,monomial_full,sup013_P120_ph222,True,False,0.0,0.666667,81.0,83.4,1.96,251.0,259.0,61.0,61.0,128.0,"{'rz': 76, 'sx': 62, 'rx': 52, 'cz': 37, 'rzz': 24, 'barrier': 8}",5,5,0,ok,,30.0,28.0,ok,,0.95,0.859169648063,27.0,24.0,0.99,0.987833544029,27.0,24.0,0.99,0.987833544029,27.0,24.0,custom_states,False,False,False,,
path4,path,4,monomial_full,sup013_P201_ph000,True,False,0.0,0.666667,85.0,86.2,0.98,287.0,289.4,65.0,65.0,128.0,"{'rz': 96, 'rx': 64, 'sx': 62, 'cz': 33, 'rzz': 32, 'barrier': 8}",5,5,0,ok,,34.0,32.0,ok,,0.97,0.881565516261,31.0,28.0,0.99,0.987833544029,31.0,28.0,0.99,0.987833544029,31.0,28.0,custom_states,False,False,False,,
path4,path,4,monomial_full,sup013_P201_ph001,True,False,0.0,0.666667,89.0,89.6,0.49,307.0,308.2,69.0,69.0,128.0,"{'rz': 108, 'rx': 68, 'sx': 62, 'rzz': 36, 'cz': 33, 'barrier': 8}",5,5,0,ok,,37.0,36.0,ok,,0.99,0.952306166511,34.0,32.0,0.99,0.952306166511,34.0,32.0,0.99,0.952306166511,34.0,32.0,custom_states,False,False,False,,
path4,path,4,monomial_full,sup013_P201_ph002,True,False,0.0,0.666667,89.0,89.6,0.49,311.0,312.2,69.0,69.0,128.0,"{'rz': 108, 'rx': 72, 'sx': 62, 'rzz': 36, 'cz': 33, 'barrier': 8}",5,5,0,ok,,37.0,36.0,ok,,0.98,0.881565516261,34.0,32.0,0.99,0.987833544029,34.0,32.0,0.99,0.987833544029,34.0,32.0,custom_states,False,False,False,,
path4,path,4,monomial_full,sup013_P201_ph010,True,False,0.0,0.666667,87.0,87.6,0.49,299.0,300.2,65.0,65.0,128.0,"{'rz': 108, 'rx': 64, 'sx': 62, 'cz': 33, 'rzz': 32, 'barrier': 8}",5,5,0,ok,,35.0,32.0,ok,,0.97,0.881565516261,32.0,28.0,0.99,0.987833544029,32.0,28.0,0.99,0.987833544029,32.0,28.0,custom_states,False,False,False,,
path4,path,4,monomial_full,sup013_P201_ph011,True,False,0.0,0.666667,89.0,89.6,0.49,311.0,311.2,69.0,69.0,128.0,"{'rz': 108, 'rx': 72, 'sx': 62, 'rzz': 36, 'cz': 33, 'barrier': 8}",5,5,0,ok,,37.0,36.0,ok,,0.97,0.881565516261,34.0,32.0,0.99,0.987833544029,34.0,32.0,0.99,0.987833544029,34.0,32.0,custom_states,False,False,False,,
path4,path,4,monomial_full,sup013_P201_ph012,True,False,0.0,0.666667,88.0,88.6,0.49,303.0,304.2,69.0,69.0,128.0,"{'rz': 108, 'rx': 64, 'sx': 62, 'rzz': 36, 'cz': 33, 'barrier': 8}",5,5,0,ok,,36.0,36.0,ok,,0.97,0.881565516261,33.0,32.0,0.99,0.987833544029,33.0,32.0,0.99,0.987833544029,33.0,32.0,custom_states,False,False,False,,
path4,path,4,monomial_full,sup013_P201_ph020,True,False,0.0,0.666667,87.0,87.6,0.49,299.0,300.2,65.0,65.0,128.0,"{'rz': 108, 'rx': 64, 'sx': 62, 'cz': 33, 'rzz': 32, 'barrier': 8}",5,5,0,ok,,35.0,32.0,ok,,0.99,0.970853753217,32.0,28.0,0.99,0.970853753217,32.0,28.0,0.99,0.970853753217,32.0,28.0,custom_states,False,False,False,,
path4,path,4,monomial_full,sup013_P201_ph021,True,False,0.0,0.666667,89.0,89.6,0.49,309.0,307.2,69.0,69.0,128.0,"{'rz': 108, 'rx': 70, 'sx': 62, 'rzz': 36, 'cz': 33, 'barrier': 8}",5,5,0,ok,,37.0,36.0,ok,,0.97,0.881565516261,34.0,32.0,0.99,0.987833544029,34.0,32.0,0.99,0.987833544029,34.0,32.0,custom_states,False,False,False,,
path4,path,4,monomial_full,sup013_P201_ph022,True,False,0.0,0.666667,89.0,89.6,0.49,311.0,312.2,69.0,69.0,128.0,"{'rz': 108, 'rx': 72, 'sx': 62, 'rzz': 36, 'cz': 33, 'barrier': 8}",5,5,0,ok,,37.0,36.0,ok,,0.95,0.979188837561,34.0,32.0,0.95,0.979188837561,34.0,32.0,0.95,0.979188837561,34.0,32.0,custom_states,False,False,False,,
path4,path,4,monomial_full,sup013_P201_ph100,True,False,0.0,0.666667,88.0,88.6,0.49,303.0,304.2,69.0,69.0,128.0,"{'rz': 108, 'rx': 64, 'sx': 62, 'rzz': 36, 'cz': 33, 'barrier': 8}",5,5,0,ok,,36.0,36.0,ok,,0.95,0.893692283234,33.0,32.0,0.99,0.986985877505,33.0,32.0,0.99,0.986985877505,33.0,32.0,custom_states,False,False,False,,
path4,path,4,monomial_full,sup013_P201_ph101,True,False,0.0,0.666667,88.0,88.6,0.49,303.0,304.2,69.0,69.0,128.0,"{'rz': 108, 'rx': 64, 'sx': 62, 'rzz': 36, 'cz': 33, 'barrier': 8}",5,5,0,ok,,36.0,36.0,ok,,0.97,0.881565516261,33.0,32.0,0.99,0.987833544029,33.0,32.0,0.99,0.987833544029,33.0,32.0,custom_states,False,False,False,,
path4,path,4,monomial_full,sup013_P201_ph102,True,False,0.0,0.666667,87.0,87.6,0.49,299.0,299.2,65.0,65.0,128.0,"{'rz': 108, 'rx': 64, 'sx': 62, 'cz': 33, 'rzz': 32, 'barrier': 8}",5,5,0,ok,,35.0,32.0,ok,,0.95,0.881565516261,32.0,28.0,0.99,0.987833544029,32.0,28.0,0.99,0.987833544029,32.0,28.0,custom_states,False,False,False,,
path4,path,4,monomial_full,sup013_P201_ph110,True,False,0.0,0.666667,89.0,89.6,0.49,309.0,308.2,69.0,69.0,128.0,"{'rz': 108, 'rx': 70, 'sx': 62, 'rzz': 36, 'cz': 33, 'barrier': 8}",5,5,0,ok,,37.0,36.0,ok,,0.98,0.881565516261,34.0,32.0,0.99,0.987833544029,34.0,32.0,0.99,0.987833544029,34.0,32.0,custom_states,False,False,False,,
path4,path,4,monomial_full,sup013_P201_ph111,True,False,0.0,0.666667,89.0,89.6,0.49,311.0,312.2,69.0,69.0,128.0,"{'rz': 108, 'rx': 72, 'sx': 62, 'rzz': 36, 'cz': 33, 'barrier': 8}",5,5,0,ok,,37.0,36.0,ok,,0.99,0.987833544029,34.0,32.0,0.99,0.987833544029,34.0,32.0,0.99,0.987833544029,34.0,32.0,custom_states,False,False,False,,
path4,path,4,monomial_full,sup013_P201_ph112,True,False,0.0,0.666667,87.0,87.6,0.49,299.0,300.2,65.0,65.0,128.0,"{'rz': 108, 'rx': 64, 'sx': 62, 'cz': 33, 'rzz': 32, 'barrier': 8}",5,5,0,ok,,35.0,32.0,ok,,0.95,0.881565516261,32.0,28.0,0.99,0.987833544029,32.0,28.0,0.99,0.987833544029,32.0,28.0,custom_states,False,False,False,,
path4,path,4,monomial_full,sup013_P201_ph120,True,False,0.0,0.666667,88.0,88.6,0.49,303.0,303.2,69.0,69.0,128.0,"{'rz': 108, 'rx': 64, 'sx': 62, 'rzz': 36, 'cz': 33, 'barrier': 8}",5,5,0,ok,,36.0,36.0,ok,,0.96,0.881565516261,33.0,32.0,0.99,0.987833544029,33.0,32.0,0.99,0.987833544029,33.0,32.0,custom_states,False,False,False,,
path4,path,4,monomial_full,sup013_P201_ph121,True,False,0.0,0.666667,89.0,89.6,0.49,311.0,312.2,69.0,69.0,128.0,"{'rz': 108, 'rx': 72, 'sx': 62, 'rzz': 36, 'cz': 33, 'barrier': 8}",5,5,0,ok,,37.0,36.0,ok,,0.99,0.985558913938,34.0,32.0,0.99,0.985558913938,34.0,32.0,0.99,0.985558913938,34.0,32.0,custom_states,False,False,False,,
path4,path,4,monomial_full,sup013_P201_ph122,True,False,0.0,0.666667,87.0,87.6,0.49,299.0,300.2,65.0,65.0,128.0,"{'rz': 108, 'rx': 64, 'sx': 62, 'cz': 33, 'rzz': 32, 'barrier': 8}",5,5,0,ok,,35.0,32.0,ok,,0.97,0.881565516261,32.0,28.0,0.99,0.987833544029,32.0,28.0,0.99,0.987833544029,32.0,28.0,custom_states,False,False,False,,
path4,path,4,monomial_full,sup013_P201_ph200,True,False,0.0,0.666667,89.0,89.6,0.49,311.0,312.2,69.0,69.0,128.0,"{'rz': 108, 'rx': 72, 'sx': 62, 'rzz': 36, 'cz': 33, 'barrier': 8}",5,5,0,ok,,37.0,36.0,ok,,0.99,0.956011113245,34.0,32.0,0.99,0.956011113245,34.0,32.0,0.99,0.956011113245,34.0,32.0,custom_states,False,False,False,,
path4,path,4,monomial_full,sup013_P201_ph201,True,False,0.0,0.666667,87.0,87.6,0.49,299.0,299.2,65.0,65.0,128.0,"{'rz': 108, 'rx': 64, 'sx': 62, 'cz': 33, 'rzz': 32, 'barrier': 8}",5,5,0,ok,,35.0,32.0,ok,,0.96,0.881565516261,32.0,28.0,0.99,0.987833544029,32.0,28.0,0.99,0.987833544029,32.0,28.0,custom_states,False,False,False,,
path4,path,4,monomial_full,sup013_P201_ph202,True,False,0.0,0.666667,89.0,89.6,0.49,309.0,308.2,69.0,69.0,128.0,"{'rz': 108, 'rx': 70, 'sx': 62, 'rzz': 36, 'cz': 33, 'barrier': 8}",5,5,0,ok,,37.0,36.0,ok,,0.98,0.881565516261,34.0,32.0,0.99,0.987833544029,34.0,32.0,0.99,0.987833544029,34.0,32.0,custom_states,False,False,False,,
path4,path,4,monomial_full,sup013_P201_ph210,True,False,0.0,0.666667,89.0,89.6,0.49,305.0,308.2,69.0,69.0,128.0,"{'rz': 108, 'rx': 66, 'sx': 62, 'rzz': 36, 'cz': 33, 'barrier': 8}",5,5,0,ok,,36.0,36.0,ok,,0.97,0.881565516261,33.0,32.0,0.99,0.987833544029,33.0,32.0,0.99,0.987833544029,33.0,32.0,custom_states,False,False,False,,
path4,path,4,monomial_full,sup013_P201_ph211,True,False,0.0,0.666667,87.0,87.6,0.49,299.0,300.2,65.0,65.0,128.0,"{'rz': 108, 'rx': 64, 'sx': 62, 'cz': 33, 'rzz': 32, 'barrier': 8}",5,5,0,ok,,35.0,32.0,ok,,0.95,0.915463415365,31.0,28.0,0.95,0.915463415365,31.0,28.0,0.99,0.978345036373,32.0,28.0,custom_states,False,False,False,,
path4,path,4,monomial_full,sup013_P201_ph212,True,False,0.0,0.666667,89.0,89.6,0.49,308.0,310.2,69.0,69.0,128.0,"{'rz': 108, 'rx': 69, 'sx': 62, 'rzz': 36, 'cz': 33, 'barrier': 8}",5,5,0,ok,,37.0,36.0,ok,,0.95,0.881565516261,34.0,32.0,0.99,0.987833544029,34.0,32.0,0.99,0.987833544029,34.0,32.0,custom_states,False,False,False,,
path4,path,4,monomial_full,sup013_P201_ph220,True,False,0.0,0.666667,89.0,89.6,0.49,309.0,308.2,69.0,69.0,128.0,"{'rz': 108, 'rx': 70, 'sx': 62, 'rzz': 36, 'cz': 33, 'barrier': 8}",5,5,0,ok,,37.0,36.0,ok,,0.97,0.881565516261,34.0,32.0,0.99,0.987833544029,34.0,32.0,0.99,0.987833544029,34.0,32.0,custom_states,False,False,False,,
path4,path,4,monomial_full,sup013_P201_ph221,True,False,0.0,0.666667,87.0,87.6,0.49,295.0,295.2,65.0,65.0,128.0,"{'rz': 104, 'rx': 64, 'sx': 62, 'cz': 33, 'rzz': 32, 'barrier': 8}",5,5,0,ok,,35.0,32.0,ok,,0.95,0.881565516261,31.0,28.0,0.99,0.987833544029,32.0,28.0,0.99,0.987833544029,32.0,28.0,custom_states,False,False,False,,
path4,path,4,monomial_full,sup013_P201_ph222,True,False,0.0,0.666667,89.0,89.6,0.49,309.0,307.2,69.0,69.0,128.0,"{'rz': 108, 'rx': 70, 'sx': 62, 'rzz': 36, 'cz': 33, 'barrier': 8}",5,5,0,ok,,37.0,36.0,ok,,0.97,0.881565516261,34.0,32.0,0.99,0.987833544029,34.0,32.0,0.99,0.987833544029,34.0,32.0,custom_states,False,False,False,,
path4,path,4,monomial_full,sup013_P210_ph000,True,False,0.0,0.666667,84.0,85.8,1.47,277.0,281.4,65.0,65.0,128.0,"{'rz': 92, 'sx': 62, 'rx': 58, 'cz': 33, 'rzz': 32, 'barrier': 8}",5,5,0,ok,,34.0,32.0,ok,,0.97,0.881565516261,31.0,28.0,0.99,0.987833544029,31.0,28.0,0.99,0.987833544029,31.0,28.0,custom_states,False,False,False,,
path4,path,4,monomial_full,sup013_P210_ph001,True,False,0.0,0.666667,86.0,86.6,0.49,283.0,279.8,65.0,65.0,128.0,"{'rz': 96, 'sx': 62, 'rx': 60, 'cz': 33, 'rzz': 32, 'barrier': 8}",5,5,0,ok,,35.0,32.0,ok,,0.97,0.881565516261,32.0,28.0,0.99,0.987833544029,32.0,28.0,0.99,0.987833544029,32.0,28.0,custom_states,False,False,False,,
path4,path,4,monomial_full,sup013_P210_ph002,True,False,0.0,0.666667,86.0,86.6,0.49,285.0,286.0,65.0,65.0,128.0,"{'rz': 100, 'sx': 62, 'rx': 58, 'cz': 33, 'rzz': 32, 'barrier': 8}",5,5,0,ok,,35.0,32.0,ok,,0.96,0.881565516261,32.0,28.0,0.99,0.987833544029,32.0,28.0,0.99,0.987833544029,32.0,28.0,custom_states,False,False,False,,
path4,path,4,monomial_full,sup013_P210_ph010,True,False,0.0,0.666667,86.0,87.2,0.98,285.0,286.0,65.0,65.0,128.0,"{'rz': 100, 'sx': 62, 'rx': 58, 'cz': 33, 'rzz': 32, 'barrier': 8}",5,5,0,ok,,35.0,32.0,ok,,0.96,0.881565516261,32.0,28.0,0.99,0.987833544029,32.0,28.0,0.99,0.987833544029,32.0,28.0,custom_states,False,False,False,,
path4,path,4,monomial_full,sup013_P210_ph011,True,False,0.0,0.666667,86.0,87.2,0.98,287.0,288.2,65.0,65.0,128.0,"{'rz': 100, 'sx': 62, 'rx': 60, 'cz': 33, 'rzz': 32, 'barrier': 8}",5,5,0,ok,,35.0,32.0,ok,,0.97,0.900218680928,31.0,28.0,0.97,0.900218680928,31.0,28.0,0.99,0.983298263331,31.0,28.0,custom_states,False,False,False,,
path4,path,4,monomial_full,sup013_P210_ph012,True,False,0.0,0.666667,86.0,87.2,0.98,285.0,289.0,65.0,65.0,128.0,"{'rz': 97, 'sx': 62, 'rx': 61, 'cz': 33, 'rzz': 32, 'barrier': 8}",5,5,0,ok,,35.0,32.0,ok,,0.97,0.881565516261,32.0,28.0,0.99,0.987833544029,32.0,28.0,0.99,0.987833544029,32.0,28.0,custom_states,False,False,False,,
path4,path,4,monomial_full,sup013_P210_ph020,True,False,0.0,0.666667,86.0,87.2,0.98,288.0,289.2,65.0,65.0,128.0,"{'rz': 100, 'sx': 62, 'rx': 61, 'cz': 33, 'rzz': 32, 'barrier': 8}",5,5,0,ok,,35.0,32.0,ok,,0.95,0.876918599891,32.0,28.0,0.99,0.987833544029,32.0,28.0,0.99,0.987833544029,32.0,28.0,custom_states,False,False,False,,
path4,path,4,monomial_full,sup013_P210_ph021,True,False,0.0,0.666667,86.0,87.2,0.98,285.0,289.0,65.0,65.0,128.0,"{'rz': 97, 'sx': 62, 'rx': 61, 'cz': 33, 'rzz': 32, 'barrier': 8}",5,5,0,ok,,35.0,32.0,ok,,0.95,0.961126856215,31.0,28.0,0.95,0.961126856215,31.0,28.0,0.95,0.961126856215,31.0,28.0,custom_states,False,False,False,,
path4,path,4,monomial_full,sup013_P210_ph022,True,False,0.0,0.666667,86.0,87.2,0.98,285.0,286.0,65.0,65.0,128.0,"{'rz': 100, 'sx': 62, 'rx': 58, 'cz': 33, 'rzz': 32, 'barrier': 8}",5,5,0,ok,,35.0,32.0,ok,,0.97,0.881565516261,32.0,28.0,0.99,0.987833544029,32.0,28.0,0.99,0.987833544029,32.0,28.0,custom_states,False,False,False,,
path4,path,4,monomial_full,sup013_P210_ph100,True,False,0.0,0.666667,86.0,87.2,0.98,284.0,284.8,65.0,65.0,128.0,"{'rz': 100, 'sx': 62, 'rx': 57, 'cz': 33, 'rzz': 32, 'barrier': 8}",5,5,0,ok,,35.0,32.0,ok,,0.99,0.987833544029,32.0,28.0,0.99,0.987833544029,32.0,28.0,0.99,0.987833544029,32.0,28.0,custom_states,False,False,False,,
path4,path,4,monomial_full,sup013_P210_ph101,True,False,0.0,0.666667,86.0,86.6,0.49,287.0,286.0,65.0,65.0,128.0,"{'rz': 100, 'sx': 62, 'rx': 60, 'cz': 33, 'rzz': 32, 'barrier': 8}",5,5,0,ok,,35.0,32.0,ok,,0.97,0.881565516261,32.0,28.0,0.99,0.987833544029,32.0,28.0,0.99,0.987833544029,32.0,28.0,custom_states,False,False,False,,
path4,path,4,monomial_full,sup013_P210_ph102,True,False,0.0,0.666667,86.0,87.2,0.98,287.0,288.2,65.0,65.0,128.0,"{'rz': 100, 'sx': 62, 'rx': 60, 'cz': 33, 'rzz': 32, 'barrier': 8}",5,5,0,ok,,35.0,32.0,ok,,0.97,0.881565516261,32.0,28.0,0.99,0.987833544029,32.0,28.0,0.99,0.987833544029,32.0,28.0,custom_states,False,False,False,,
path4,path,4,monomial_full,sup013_P210_ph110,True,False,0.0,0.666667,86.0,87.2,0.98,281.0,284.2,65.0,65.0,128.0,"{'rz': 97, 'sx': 62, 'rx': 57, 'cz': 33, 'rzz': 32, 'barrier': 8}",5,5,0,ok,,35.0,32.0,ok,,0.97,0.881565516261,32.0,28.0,0.99,0.987833544029,32.0,28.0,0.99,0.987833544029,32.0,28.0,custom_states,False,False,False,,
path4,path,4,monomial_full,sup013_P210_ph111,True,False,0.0,0.666667,86.0,87.2,0.98,281.0,284.2,65.0,65.0,128.0,"{'rz': 96, 'sx': 62, 'rx': 58, 'cz': 33, 'rzz': 32, 'barrier': 8}",5,5,0,ok,,35.0,32.0,ok,,0.97,0.881565516261,31.0,28.0,0.99,0.987833544029,31.0,28.0,0.99,0.987833544029,31.0,28.0,custom_states,False,False,False,,
path4,path,4,monomial_full,sup013_P210_ph112,True,False,0.0,0.666667,85.0,86.2,0.98,279.0,282.4,65.0,65.0,128.0,"{'rz': 92, 'sx': 62, 'rx': 60, 'cz': 33, 'rzz': 32, 'barrier': 8}",5,5,0,ok,,33.0,32.0,ok,,0.97,0.881565516261,30.0,28.0,0.99,0.987833544029,30.0,28.0,0.99,0.987833544029,30.0,28.0,custom_states,False,False,False,,
path4,path,4,monomial_full,sup013_P210_ph120,True,False,0.0,0.666667,85.0,86.8,1.47,283.0,285.6,65.0,65.0,128.0,"{'rz': 99, 'sx': 62, 'rx': 57, 'cz': 33, 'rzz': 32, 'barrier': 8}",5,5,0,ok,,35.0,32.0,ok,,0.95,0.881565516261,30.0,28.0,0.99,0.987833544029,32.0,28.0,0.99,0.987833544029,32.0,28.0,custom_states,False,False,False,,
path4,path,4,monomial_full,sup013_P210_ph121,True,False,0.0,0.666667,86.0,87.2,0.98,284.0,285.4,65.0,65.0,128.0,"{'rz': 100, 'sx': 62, 'rx': 57, 'cz': 33, 'rzz': 32, 'barrier': 8}",5,5,0,ok,,35.0,32.0,ok,,0.97,0.881565516261,32.0,28.0,0.99,0.987833544029,32.0,28.0,0.99,0.987833544029,32.0,28.0,custom_states,False,False,False,,
path4,path,4,monomial_full,sup013_P210_ph122,True,False,0.0,0.666667,86.0,87.2,0.98,285.0,288.2,65.0,65.0,128.0,"{'rz': 100, 'sx': 62, 'rx': 58, 'cz': 33, 'rzz': 32, 'barrier': 8}",5,5,0,ok,,35.0,32.0,ok,,0.98,0.881565516261,32.0,28.0,0.99,0.987833544029,32.0,28.0,0.99,0.987833544029,32.0,28.0,custom_states,False,False,False,,
path4,path,4,monomial_full,sup013_P210_ph200,True,False,0.0,0.666667,86.0,87.2,0.98,285.0,288.2,65.0,65.0,128.0,"{'rz': 100, 'sx': 62, 'rx': 58, 'cz': 33, 'rzz': 32, 'barrier': 8}",5,5,0,ok,,35.0,32.0,ok,,0.97,0.881565516261,32.0,28.0,0.99,0.987833544029,32.0,28.0,0.99,0.987833544029,32.0,28.0,custom_states,False,False,False,,
path4,path,4,monomial_full,sup013_P210_ph201,True,False,0.0,0.666667,85.0,86.8,1.47,287.0,289.6,65.0,65.0,128.0,"{'rz': 99, 'sx': 62, 'rx': 61, 'cz': 33, 'rzz': 32, 'barrier': 8}",5,5,0,ok,,35.0,32.0,ok,,0.96,0.881565516261,32.0,28.0,0.99,0.987833544029,32.0,28.0,0.99,0.987833544029,32.0,28.0,custom_states,False,False,False,,
path4,path,4,monomial_full,sup013_P210_ph202,True,False,0.0,0.666667,86.0,87.2,0.98,284.0,284.8,65.0,65.0,128.0,"{'rz': 100, 'sx': 62, 'rx': 57, 'cz': 33, 'rzz': 32, 'barrier': 8}",5,5,0,ok,,35.0,32.0,ok,,0.97,0.881565516261,32.0,28.0,0.99,0.987833544029,32.0,28.0,0.99,0.987833544029,32.0,28.0,custom_states,False,False,False,,
path4,path,4,monomial_full,sup013_P210_ph210,True,False,0.0,0.666667,85.0,86.8,1.47,283.0,286.4,65.0,65.0,128.0,"{'rz': 96, 'sx': 62, 'rx': 60, 'cz': 33, 'rzz': 32, 'barrier': 8}",5,5,0,ok,,35.0,32.0,ok,,0.97,0.881565516261,32.0,28.0,0.99,0.987833544029,32.0,28.0,0.99,0.987833544029,32.0,28.0,custom_states,False,False,False,,
path4,path,4,monomial_full,sup013_P210_ph211,True,False,0.0,0.666667,86.0,87.2,0.98,283.0,286.4,65.0,65.0,128.0,"{'rz': 96, 'sx': 62, 'rx': 60, 'cz': 33, 'rzz': 32, 'barrier': 8}",5,5,0,ok,,34.0,32.0,ok,,0.97,0.881565516261,31.0,28.0,0.99,0.987833544029,31.0,28.0,0.99,0.987833544029,31.0,28.0,custom_states,False,False,False,,
path4,path,4,monomial_full,sup013_P210_ph212,True,False,0.0,0.666667,86.0,87.2,0.98,288.0,290.2,65.0,65.0,128.0,"{'rz': 100, 'sx': 62, 'rx': 61, 'cz': 33, 'rzz': 32, 'barrier': 8}",5,5,0,ok,,35.0,32.0,ok,,0.97,0.881565516261,32.0,28.0,0.99,0.987833544029,32.0,28.0,0.99,0.987833544029,32.0,28.0,custom_states,False,False,False,,
path4,path,4,monomial_full,sup013_P210_ph220,True,False,0.0,0.666667,86.0,86.6,0.49,287.0,284.6,65.0,65.0,128.0,"{'rz': 99, 'sx': 62, 'rx': 61, 'cz': 33, 'rzz': 32, 'barrier': 8}",5,5,0,ok,,35.0,32.0,ok,,0.99,0.987833544029,32.0,28.0,0.99,0.987833544029,32.0,28.0,0.99,0.987833544029,32.0,28.0,custom_states,False,False,False,,
path4,path,4,monomial_full,sup013_P210_ph221,True,False,0.0,0.666667,86.0,87.2,0.98,281.0,284.2,65.0,65.0,128.0,"{'rz': 96, 'sx': 62, 'rx': 58, 'cz': 33, 'rzz': 32, 'barrier': 8}",5,5,0,ok,,35.0,32.0,ok,,0.98,0.881565516261,32.0,28.0,0.99,0.987833544029,32.0,28.0,0.99,0.987833544029,32.0,28.0,custom_states,False,False,False,,
path4,path,4,monomial_full,sup013_P210_ph222,True,False,0.0,0.666667,85.0,86.8,1.47,280.0,283.6,65.0,65.0,128.0,"{'rz': 96, 'sx': 62, 'rx': 57, 'cz': 33, 'rzz': 32, 'barrier': 8}",5,5,0,ok,,35.0,32.0,ok,,0.97,0.881565516261,32.0,28.0,0.99,0.987833544029,32.0,28.0,0.99,0.987833544029,32.0,28.0,custom_states,False,False,False,,
path4,path,4,monomial_full,sup023_P012_ph000,True,False,0.0,0.666667,84.0,85.8,1.47,279.0,281.4,65.0,65.0,128.0,"{'rz': 92, 'sx': 62, 'rx': 60, 'cz': 33, 'rzz': 32, 'barrier': 8}",5,5,0,ok,,34.0,32.0,ok,,0.97,0.881565516261,31.0,28.0,0.99,0.987833544029,31.0,28.0,0.99,0.987833544029,31.0,28.0,custom_states,False,False,False,,
path4,path,4,monomial_full,sup023_P012_ph001,True,False,0.0,0.666667,86.0,87.2,0.98,288.0,288.8,65.0,65.0,128.0,"{'rz': 100, 'sx': 62, 'rx': 61, 'cz': 33, 'rzz': 32, 'barrier': 8}",5,5,0,ok,,35.0,32.0,ok,,0.97,0.899848527184,31.0,28.0,0.99,0.987833544029,32.0,28.0,0.99,0.987833544029,32.0,28.0,custom_states,False,False,False,,
path4,path,4,monomial_full,sup023_P012_ph002,True,False,0.0,0.666667,86.0,87.2,0.98,287.0,288.2,65.0,65.0,128.0,"{'rz': 100, 'sx': 62, 'rx': 60, 'cz': 33, 'rzz': 32, 'barrier': 8}",5,5,0,ok,,35.0,32.0,ok,,0.97,0.905587030375,32.0,28.0,0.97,0.905587030375,32.0,28.0,0.99,0.958288285832,32.0,28.0,custom_states,False,False,False,,
path4,path,4,monomial_full,sup023_P012_ph010,True,False,0.0,0.666667,85.0,86.8,1.47,283.0,285.6,65.0,65.0,128.0,"{'rz': 99, 'sx': 62, 'rx': 57, 'cz': 33, 'rzz': 32, 'barrier': 8}",5,5,0,ok,,35.0,32.0,ok,,0.97,0.896019626323,32.0,28.0,0.99,0.986099151977,32.0,28.0,0.99,0.986099151977,32.0,28.0,custom_states,False,False,False,,
path4,path,4,monomial_full,sup023_P012_ph011,True,False,0.0,0.666667,86.0,87.2,0.98,285.0,286.0,65.0,65.0,128.0,"{'rz': 100, 'sx': 62, 'rx': 58, 'cz': 33, 'rzz': 32, 'barrier': 8}",5,5,0,ok,,35.0,32.0,ok,,0.97,0.881565516261,32.0,28.0,0.99,0.987833544029,32.0,28.0,0.99,0.987833544029,32.0,28.0,custom_states,False,False,False,,
path4,path,4,monomial_full,sup023_P012_ph012,True,False,0.0,0.666667,86.0,87.2,0.98,281.0,284.2,65.0,65.0,128.0,"{'rz': 96, 'sx': 62, 'rx': 58, 'cz': 33, 'rzz': 32, 'barrier': 8}",5,5,0,ok,,35.0,32.0,ok,,0.95,0.881565516261,32.0,28.0,0.99,0.987833544029,32.0,28.0,0.99,0.987833544029,32.0,28.0,custom_states,False,False,False,,
path4,path,4,monomial_full,sup023_P012_ph020,True,False,0.0,0.666667,86.0,87.2,0.98,285.0,288.2,65.0,65.0,128.0,"{'rz': 100, 'sx': 62, 'rx': 58, 'cz': 33, 'rzz': 32, 'barrier': 8}",5,5,0,ok,,35.0,32.0,ok,,0.97,0.881565516261,32.0,28.0,0.99,0.987833544029,32.0,28.0,0.99,0.987833544029,32.0,28.0,custom_states,False,False,False,,
path4,path,4,monomial_full,sup023_P012_ph021,True,False,0.0,0.666667,86.0,87.2,0.98,281.0,283.4,65.0,65.0,128.0,"{'rz': 97, 'sx': 62, 'rx': 57, 'cz': 33, 'rzz': 32, 'barrier': 8}",5,5,0,ok,,35.0,32.0,ok,,0.99,0.987833544029,32.0,28.0,0.99,0.987833544029,32.0,28.0,0.99,0.987833544029,32.0,28.0,custom_states,False,False,False,,
path4,path,4,monomial_full,sup023_P012_ph022,True,False,0.0,0.666667,86.0,87.2,0.98,287.0,288.2,65.0,65.0,128.0,"{'rz': 100, 'sx': 62, 'rx': 60, 'cz': 33, 'rzz': 32, 'barrier': 8}",5,5,0,ok,,35.0,32.0,ok,,0.92,0.855738673908,32.0,28.0,0.99,0.946673107426,32.0,28.0,,,,,custom_states,False,False,False,,
path4,path,4,monomial_full,sup023_P012_ph100,True,False,0.0,0.666667,86.0,87.2,0.98,285.0,288.2,65.0,65.0,128.0,"{'rz': 100, 'sx': 62, 'rx': 58, 'cz': 33, 'rzz': 32, 'barrier': 8}",5,5,0,ok,,35.0,32.0,ok,,0.97,0.881565516261,32.0,28.0,0.99,0.987833544029,32.0,28.0,0.99,0.987833544029,32.0,28.0,custom_states,False,False,False,,
path4,path,4,monomial_full,sup023_P012_ph101,True,False,0.0,0.666667,86.0,87.2,0.98,287.0,288.2,65.0,65.0,128.0,"{'rz': 100, 'sx': 62, 'rx': 60, 'cz': 33, 'rzz': 32, 'barrier': 8}",5,5,0,ok,,35.0,32.0,ok,,0.95,0.881565516261,32.0,28.0,0.99,0.987833544029,32.0,28.0,0.99,0.987833544029,32.0,28.0,custom_states,False,False,False,,
path4,path,4,monomial_full,sup023_P012_ph102,True,False,0.0,0.666667,86.0,87.2,0.98,283.0,282.0,65.0,65.0,128.0,"{'rz': 96, 'sx': 62, 'rx': 60, 'cz': 33, 'rzz': 32, 'barrier': 8}",5,5,0,ok,,35.0,32.0,ok,,0.99,0.987833544029,32.0,28.0,0.99,0.987833544029,32.0,28.0,0.99,0.987833544029,32.0,28.0,custom_states,False,False,False,,
path4,path,4,monomial_full,sup023_P012_ph110,True,False,0.0,0.666667,86.0,87.2,0.98,285.0,288.2,65.0,65.0,128.0,"{'rz': 100, 'sx': 62, 'rx': 58, 'cz': 33, 'rzz': 32, 'barrier': 8}",5,5,0,ok,,35.0,32.0,ok,,0.95,0.899848527184,31.0,28.0,0.99,0.987833544029,31.0,28.0,0.99,0.987833544029,31.0,28.0,custom_states,False,False,False,,
path4,path,4,monomial_full,sup023_P012_ph111,True,False,0.0,0.666667,85.0,86.8,1.47,281.0,286.4,65.0,65.0,128.0,"{'rz': 96, 'sx': 62, 'rx': 58, 'cz': 33, 'rzz': 32, 'barrier': 8}",5,5,0,ok,,35.0,32.0,ok,,0.97,0.881565516261,31.0,28.0,0.99,0.987833544029,31.0,28.0,0.99,0.987833544029,31.0,28.0,custom_states,False,False,False,,
path4,path,4,monomial_full,sup023_P012_ph112,True,False,0.0,0.666667,86.0,87.2,0.98,288.0,289.4,65.0,65.0,128.0,"{'rz': 100, 'sx': 62, 'rx': 61, 'cz': 33, 'rzz': 32, 'barrier': 8}",5,5,0,ok,,35.0,32.0,ok,,0.97,0.881565516261,32.0,28.0,0.99,0.987833544029,32.0,28.0,0.99,0.987833544029,32.0,28.0,custom_states,False,False,False,,
path4,path,4,monomial_full,sup023_P012_ph120,True,False,0.0,0.666667,86.0,87.2,0.98,283.0,284.2,65.0,65.0,128.0,"{'rz': 99, 'sx': 62, 'rx': 57, 'cz': 33, 'rzz': 32, 'barrier': 8}",5,5,0,ok,,35.0,32.0,ok,,0.98,0.881565516261,32.0,28.0,0.99,0.987833544029,32.0,28.0,0.99,0.987833544029,32.0,28.0,custom_states,False,False,False,,
path4,path,4,monomial_full,sup023_P012_ph121,True,False,0.0,0.666667,86.0,87.2,0.98,281.0,285.0,65.0,65.0,128.0,"{'rz': 97, 'sx': 62, 'rx': 57, 'cz': 33, 'rzz': 32, 'barrier': 8}",5,5,0,ok,,35.0,32.0,ok,,0.97,0.881565516261,32.0,28.0,0.99,0.987833544029,32.0,28.0,0.99,0.987833544029,32.0,28.0,custom_states,False,False,False,,
path4,path,4,monomial_full,sup023_P012_ph122,True,False,0.0,0.666667,86.0,87.2,0.98,288.0,289.4,65.0,65.0,128.0,"{'rz': 100, 'sx': 62, 'rx': 61, 'cz': 33, 'rzz': 32, 'barrier': 8}",5,5,0,ok,,35.0,32.0,ok,,0.98,0.881565516261,32.0,28.0,0.99,0.987833544029,32.0,28.0,0.99,0.987833544029,32.0,28.0,custom_states,False,False,False,,
path4,path,4,monomial_full,sup023_P012_ph200,True,False,0.0,0.666667,86.0,87.2,0.98,287.0,286.0,65.0,65.0,128.0,"{'rz': 100, 'sx': 62, 'rx': 60, 'cz': 33, 'rzz': 32, 'barrier': 8}",5,5,0,ok,,35.0,32.0,ok,,0.97,0.899848527184,31.0,28.0,0.99,0.987833544029,32.0,28.0,0.99,0.987833544029,32.0,28.0,custom_states,False,False,False,,
path4,path,4,monomial_full,sup023_P012_ph201,True,False,0.0,0.666667,86.0,87.2,0.98,285.0,288.2,65.0,65.0,128.0,"{'rz': 100, 'sx': 62, 'rx': 58, 'cz': 33, 'rzz': 32, 'barrier': 8}",5,5,0,ok,,35.0,32.0,ok,,0.97,0.881565516261,32.0,28.0,0.99,0.987833544029,32.0,28.0,0.99,0.987833544029,32.0,28.0,custom_states,False,False,False,,
path4,path,4,monomial_full,sup023_P012_ph202,True,False,0.0,0.666667,86.0,87.2,0.98,281.0,285.0,65.0,65.0,128.0,"{'rz': 97, 'sx': 62, 'rx': 57, 'cz': 33, 'rzz': 32, 'barrier': 8}",5,5,0,ok,,35.0,32.0,ok,,0.95,0.967364800501,32.0,28.0,0.95,0.967364800501,32.0,28.0,0.95,0.967364800501,32.0,28.0,custom_states,False,False,False,,
path4,path,4,monomial_full,sup023_P012_ph210,True,False,0.0,0.666667,86.0,87.2,0.98,283.0,282.0,65.0,65.0,128.0,"{'rz': 96, 'sx': 62, 'rx': 60, 'cz': 33, 'rzz': 32, 'barrier': 8}",5,5,0,ok,,35.0,32.0,ok,,0.97,0.881565516261,32.0,28.0,0.99,0.987833544029,32.0,28.0,0.99,0.987833544029,32.0,28.0,custom_states,False,False,False,,
path4,path,4,monomial_full,sup023_P012_ph211,True,False,0.0,0.666667,86.0,87.2,0.98,288.0,290.2,65.0,65.0,128.0,"{'rz': 100, 'sx': 62, 'rx': 61, 'cz': 33, 'rzz': 32, 'barrier': 8}",5,5,0,ok,,35.0,32.0,ok,,0.98,0.881565516261,32.0,28.0,0.99,0.987833544029,32.0,28.0,0.99,0.987833544029,32.0,28.0,custom_states,False,False,False,,
path4,path,4,monomial_full,sup023_P012_ph212,True,False,0.0,0.666667,86.0,87.2,0.98,285.0,288.2,65.0,65.0,128.0,"{'rz': 100, 'sx': 62, 'rx': 58, 'cz': 33, 'rzz': 32, 'barrier': 8}",5,5,0,ok,,35.0,32.0,ok,,0.96,0.886729857532,31.0,28.0,0.99,0.987833544029,32.0,28.0,0.99,0.987833544029,32.0,28.0,custom_states,False,False,False,,
path4,path,4,monomial_full,sup023_P012_ph220,True,False,0.0,0.666667,86.0,87.2,0.98,285.0,288.2,65.0,65.0,128.0,"{'rz': 100, 'sx': 62, 'rx': 58, 'cz': 33, 'rzz': 32, 'barrier': 8}",5,5,0,ok,,35.0,32.0,ok,,0.99,0.987833544029,32.0,28.0,0.99,0.987833544029,32.0,28.0,0.99,0.987833544029,32.0,28.0,custom_states,False,False,False,,
path4,path,4,monomial_full,sup023_P012_ph221,True,False,0.0,0.666667,86.0,87.2,0.98,284.0,286.2,65.0,65.0,128.0,"{'rz': 100, 'sx': 62, 'rx': 57, 'cz': 33, 'rzz': 32, 'barrier': 8}",5,5,0,ok,,35.0,32.0,ok,,0.97,0.90597682522,31.0,28.0,0.97,0.90597682522,31.0,28.0,0.99,0.961965486298,31.0,28.0,custom_states,False,False,False,,
path4,path,4,monomial_full,sup023_P012_ph222,True,False,0.0,0.666667,85.0,86.8,1.47,280.0,283.6,65.0,65.0,128.0,"{'rz': 96, 'sx': 62, 'rx': 57, 'cz': 33, 'rzz': 32, 'barrier': 8}",5,5,0,ok,,35.0,32.0,ok,,0.97,0.881565516261,32.0,28.0,0.99,0.987833544029,32.0,28.0,0.99,0.987833544029,32.0,28.0,custom_states,False,False,False,,
path4,path,4,monomial_full,sup023_P021_ph000,True,False,0.0,0.666667,79.0,82.0,2.45,247.0,247.8,61.0,61.0,128.0,"{'rz': 76, 'sx': 62, 'rx': 48, 'cz': 37, 'rzz': 24, 'barrier': 8}",5,5,0,ok,,29.0,28.0,ok,,0.98,0.881565516261,26.0,24.0,0.99,0.987833544029,26.0,24.0,0.99,0.987833544029,26.0,24.0,custom_states,False,False,False,,
path4,path,4,monomial_full,sup023_P021_ph001,True,False,0.0,0.666667,80.0,83.0,2.45,251.0,254.6,61.0,61.0,128.0,"{'rz': 80, 'sx': 62, 'rx': 48, 'cz': 37, 'rzz': 24, 'barrier': 8}",5,5,0,ok,,30.0,28.0,ok,,0.98,0.881565516261,27.0,24.0,0.99,0.987833544029,27.0,24.0,0.99,0.987833544029,27.0,24.0,custom_states,False,False,False,,
path4,path,4,monomial_full,sup023_P021_ph002,True,False,0.0,0.666667,81.0,83.4,1.96,259.0,264.8,61.0,61.0,128.0,"{'rz': 80, 'sx': 62, 'rx': 56, 'cz': 37, 'rzz': 24, 'barrier': 8}",5,5,0,ok,,30.0,28.0,ok,,0.97,0.881565516261,27.0,24.0,0.99,0.987833544029,27.0,24.0,0.99,0.987833544029,27.0,24.0,custom_states,False,False,False,,
path4,path,4,monomial_full,sup023_P021_ph010,True,False,0.0,0.666667,81.0,83.4,1.96,255.0,263.0,61.0,61.0,128.0,"{'rz': 76, 'sx': 62, 'rx': 56, 'cz': 37, 'rzz': 24, 'barrier': 8}",5,5,0,ok,,30.0,28.0,ok,,0.95,0.881565516261,27.0,24.0,0.99,0.987833544029,27.0,24.0,0.99,0.987833544029,27.0,24.0,custom_states,False,False,False,,
path4,path,4,monomial_full,sup023_P021_ph011,True,False,0.0,0.666667,81.0,83.4,1.96,255.0,260.8,61.0,61.0,128.0,"{'rz': 76, 'sx': 62, 'rx': 56, 'cz': 37, 'rzz': 24, 'barrier': 8}",5,5,0,ok,,30.0,28.0,ok,,0.91,0.857155534644,27.0,24.0,0.99,0.958318544724,27.0,24.0,0.99,0.958318544724,27.0,24.0,custom_states,False,False,False,,
path4,path,4,monomial_full,sup023_P021_ph012,True,False,0.0,0.666667,81.0,83.4,1.96,259.0,263.6,61.0,61.0,128.0,"{'rz': 80, 'sx': 62, 'rx': 56, 'cz': 37, 'rzz': 24, 'barrier': 8}",5,5,0,ok,,30.0,28.0,ok,,0.95,0.891769396416,27.0,24.0,0.99,0.987481904943,27.0,24.0,0.99,0.987481904943,27.0,24.0,custom_states,False,False,False,,
path4,path,4,monomial_full,sup023_P021_ph020,True,False,0.0,0.666667,81.0,83.4,1.96,259.0,264.8,61.0,61.0,128.0,"{'rz': 80, 'sx': 62, 'rx': 56, 'cz': 37, 'rzz': 24, 'barrier': 8}",5,5,0,ok,,30.0,28.0,ok,,0.99,0.969848853346,27.0,24.0,0.99,0.969848853346,27.0,24.0,0.99,0.969848853346,27.0,24.0,custom_states,False,False,False,,
path4,path,4,monomial_full,sup023_P021_ph021,True,False,0.0,0.666667,81.0,83.4,1.96,259.0,263.6,61.0,61.0,128.0,"{'rz': 80, 'sx': 62, 'rx': 56, 'cz': 37, 'rzz': 24, 'barrier': 8}",5,5,0,ok,,30.0,28.0,ok,,0.95,0.902117230819,27.0,24.0,0.95,0.902117230819,27.0,24.0,,,,,custom_states,False,False,False,,
path4,path,4,monomial_full,sup023_P021_ph022,True,False,0.0,0.666667,81.0,83.4,1.96,251.0,259.0,61.0,61.0,128.0,"{'rz': 72, 'sx': 62, 'rx': 56, 'cz': 37, 'rzz': 24, 'barrier': 8}",5,5,0,ok,,30.0,28.0,ok,,0.96,0.881565516261,27.0,24.0,0.99,0.987833544029,27.0,24.0,0.99,0.987833544029,27.0,24.0,custom_states,False,False,False,,
path4,path,4,monomial_full,sup023_P021_ph100,True,False,0.0,0.666667,80.0,83.0,2.45,251.0,254.6,61.0,61.0,128.0,"{'rz': 80, 'sx': 62, 'rx': 48, 'cz': 37, 'rzz': 24, 'barrier': 8}",5,5,0,ok,,30.0,28.0,ok,,0.96,0.881565516261,27.0,24.0,0.99,0.987833544029,27.0,24.0,0.99,0.987833544029,27.0,24.0,custom_states,False,False,False,,
path4,path,4,monomial_full,sup023_P021_ph101,True,False,0.0,0.666667,81.0,83.4,1.96,259.0,263.6,61.0,61.0,128.0,"{'rz': 80, 'sx': 62, 'rx': 56, 'cz': 37, 'rzz': 24, 'barrier': 8}",5,5,0,ok,,30.0,28.0,ok,,0.97,0.881565516261,27.0,24.0,0.99,0.987833544029,27.0,24.0,0.99,0.987833544029,27.0,24.0,custom_states,False,False,False,,
path4,path,4,monomial_full,sup023_P021_ph102,True,False,0.0,0.666667,79.0,82.0,2.45,247.0,250.6,61.0,61.0,128.0,"{'rz': 76, 'sx': 62, 'rx': 48, 'cz': 37, 'rzz': 24, 'barrier': 8}",5,5,0,ok,,29.0,28.0,ok,,0.95,0.906001300565,26.0,24.0,0.95,0.906001300565,26.0,24.0,0.99,0.962296096077,26.0,24.0,custom_states,False,False,False,,
path4,path,4,monomial_full,sup023_P021_ph110,True,False,0.0,0.666667,81.0,82.8,1.47,255.0,259.6,61.0,61.0,128.0,"{'rz': 76, 'sx': 62, 'rx': 56, 'cz': 37, 'rzz': 24, 'barrier': 8}",5,5,0,ok,,30.0,28.0,ok,,0.95,0.898997618654,27.0,24.0,0.99,0.984325228794,27.0,24.0,0.99,0.984325228794,27.0,24.0,custom_states,False,False,False,,
path4,path,4,monomial_full,sup023_P021_ph111,True,False,0.0,0.666667,81.0,83.4,1.96,255.0,263.0,61.0,61.0,128.0,"{'rz': 76, 'sx': 62, 'rx': 56, 'cz': 37, 'rzz': 24, 'barrier': 8}",5,5,0,ok,,30.0,28.0,ok,,0.95,0.902213876941,27.0,24.0,0.95,0.902213876941,27.0,24.0,0.99,0.981023157863,27.0,24.0,custom_states,False,False,False,,
path4,path,4,monomial_full,sup023_P021_ph112,True,False,0.0,0.666667,80.0,83.0,2.45,251.0,254.6,61.0,61.0,128.0,"{'rz': 80, 'sx': 62, 'rx': 48, 'cz': 37, 'rzz': 24, 'barrier': 8}",5,5,0,ok,,30.0,28.0,ok,,0.96,0.881565516261,27.0,24.0,0.99,0.987833544029,27.0,24.0,0.99,0.987833544029,27.0,24.0,custom_states,False,False,False,,
path4,path,4,monomial_full,sup023_P021_ph120,True,False,0.0,0.666667,81.0,83.4,1.96,259.0,264.8,61.0,61.0,128.0,"{'rz': 80, 'sx': 62, 'rx': 56, 'cz': 37, 'rzz': 24, 'barrier': 8}",5,5,0,ok,,30.0,28.0,ok,,0.95,0.894677804074,27.0,24.0,0.99,0.987833544029,27.0,24.0,0.99,0.987833544029,27.0,24.0,custom_states,False,False,False,,
path4,path,4,monomial_full,sup023_P021_ph121,True,False,0.0,0.666667,81.0,83.4,1.96,255.0,260.8,61.0,61.0,128.0,"{'rz': 76, 'sx': 62, 'rx': 56, 'cz': 37, 'rzz': 24, 'barrier': 8}",5,5,0,ok,,30.0,28.0,ok,,0.91,0.856475278603,27.0,24.0,0.99,0.971999608509,27.0,24.0,0.99,0.971999608509,27.0,24.0,custom_states,False,False,False,,
path4,path,4,monomial_full,sup023_P021_ph122,True,False,0.0,0.666667,81.0,83.4,1.96,259.0,262.0,61.0,61.0,128.0,"{'rz': 80, 'sx': 62, 'rx': 56, 'cz': 37, 'rzz': 24, 'barrier': 8}",5,5,0,ok,,30.0,28.0,ok,,0.95,0.881565516261,27.0,24.0,0.99,0.987833544029,27.0,24.0,0.99,0.987833544029,27.0,24.0,custom_states,False,False,False,,
path4,path,4,monomial_full,sup023_P021_ph200,True,False,0.0,0.666667,80.0,83.0,2.45,247.0,252.8,61.0,61.0,128.0,"{'rz': 76, 'sx': 62, 'rx': 48, 'cz': 37, 'rzz': 24, 'barrier': 8}",5,5,0,ok,,29.0,28.0,ok,,0.95,0.905988347663,26.0,24.0,0.95,0.905988347663,26.0,24.0,0.99,0.969565068101,26.0,24.0,custom_states,False,False,False,,
path4,path,4,monomial_full,sup023_P021_ph201,True,False,0.0,0.666667,79.0,82.0,2.45,247.0,250.6,61.0,61.0,128.0,"{'rz': 76, 'sx': 62, 'rx': 48, 'cz': 37, 'rzz': 24, 'barrier': 8}",5,5,0,ok,,29.0,28.0,ok,,0.99,0.987833544029,26.0,24.0,0.99,0.987833544029,26.0,24.0,0.99,0.987833544029,26.0,24.0,custom_states,False,False,False,,
path4,path,4,monomial_full,sup023_P021_ph202,True,False,0.0,0.666667,81.0,83.4,1.96,259.0,263.6,61.0,61.0,128.0,"{'rz': 80, 'sx': 62, 'rx': 56, 'cz': 37, 'rzz': 24, 'barrier': 8}",5,5,0,ok,,30.0,28.0,ok,,0.95,0.885093279495,27.0,24.0,0.99,0.987833544029,27.0,24.0,0.99,0.987833544029,27.0,24.0,custom_states,False,False,False,,
path4,path,4,monomial_full,sup023_P021_ph210,True,False,0.0,0.666667,80.0,83.0,2.45,251.0,254.6,61.0,61.0,128.0,"{'rz': 80, 'sx': 62, 'rx': 48, 'cz': 37, 'rzz': 24, 'barrier': 8}",5,5,0,ok,,30.0,28.0,ok,,0.96,0.881565516261,27.0,24.0,0.99,0.987833544029,27.0,24.0,0.99,0.987833544029,27.0,24.0,custom_states,False,False,False,,
path4,path,4,monomial_full,sup023_P021_ph211,True,False,0.0,0.666667,81.0,83.4,1.96,259.0,262.0,61.0,61.0,128.0,"{'rz': 80, 'sx': 62, 'rx': 56, 'cz': 37, 'rzz': 24, 'barrier': 8}",5,5,0,ok,,30.0,28.0,ok,,0.98,0.881565516261,27.0,24.0,0.99,0.987833544029,27.0,24.0,0.99,0.987833544029,27.0,24.0,custom_states,False,False,False,,
path4,path,4,monomial_full,sup023_P021_ph212,True,False,0.0,0.666667,79.0,82.0,2.45,247.0,250.6,61.0,61.0,128.0,"{'rz': 76, 'sx': 62, 'rx': 48, 'cz': 37, 'rzz': 24, 'barrier': 8}",5,5,0,ok,,29.0,28.0,ok,,0.98,0.881565516261,26.0,24.0,0.99,0.987833544029,26.0,24.0,0.99,0.987833544029,26.0,24.0,custom_states,False,False,False,,
path4,path,4,monomial_full,sup023_P021_ph220,True,False,0.0,0.666667,79.0,82.0,2.45,247.0,247.8,61.0,61.0,128.0,"{'rz': 76, 'sx': 62, 'rx': 48, 'cz': 37, 'rzz': 24, 'barrier': 8}",5,5,0,ok,,29.0,28.0,ok,,0.96,0.881565516261,26.0,24.0,0.99,0.987833544029,26.0,24.0,0.99,0.987833544029,26.0,24.0,custom_states,False,False,False,,
path4,path,4,monomial_full,sup023_P021_ph221,True,False,0.0,0.666667,81.0,83.4,1.96,255.0,263.0,61.0,61.0,128.0,"{'rz': 76, 'sx': 62, 'rx': 56, 'cz': 37, 'rzz': 24, 'barrier': 8}",5,5,0,ok,,30.0,28.0,ok,,0.91,0.854728535249,27.0,24.0,0.99,0.977734049639,27.0,24.0,0.99,0.977734049639,27.0,24.0,custom_states,False,False,False,,
path4,path,4,monomial_full,sup023_P021_ph222,True,False,0.0,0.666667,80.0,83.0,2.45,251.0,254.6,61.0,61.0,128.0,"{'rz': 80, 'sx': 62, 'rx': 48, 'cz': 37, 'rzz': 24, 'barrier': 8}",5,5,0,ok,,30.0,28.0,ok,,0.96,0.881565516261,27.0,24.0,0.99,0.987833544029,27.0,24.0,0.99,0.987833544029,27.0,24.0,custom_states,False,False,False,,
path4,path,4,monomial_full,sup023_P102_ph000,True,False,0.0,0.666667,85.0,86.2,0.98,287.0,289.4,65.0,65.0,128.0,"{'rz': 96, 'rx': 64, 'sx': 62, 'cz': 33, 'rzz': 32, 'barrier': 8}",5,5,0,ok,,34.0,32.0,ok,,0.97,0.881565516261,31.0,28.0,0.99,0.987833544029,31.0,28.0,0.99,0.987833544029,31.0,28.0,custom_states,False,False,False,,
path4,path,4,monomial_full,sup023_P102_ph001,True,False,0.0,0.666667,89.0,89.6,0.49,311.0,312.2,69.0,69.0,128.0,"{'rz': 108, 'rx': 72, 'sx': 62, 'rzz': 36, 'cz': 33, 'barrier': 8}",5,5,0,ok,,37.0,36.0,ok,,0.95,0.893692283234,34.0,32.0,0.99,0.986985877505,34.0,32.0,0.99,0.986985877505,34.0,32.0,custom_states,False,False,False,,
path4,path,4,monomial_full,sup023_P102_ph002,True,False,0.0,0.666667,89.0,89.6,0.49,311.0,312.2,69.0,69.0,128.0,"{'rz': 108, 'rx': 72, 'sx': 62, 'rzz': 36, 'cz': 33, 'barrier': 8}",5,5,0,ok,,37.0,36.0,ok,,0.99,0.956011113245,34.0,32.0,0.99,0.956011113245,34.0,32.0,0.99,0.956011113245,34.0,32.0,custom_states,False,False,False,,
path4,path,4,monomial_full,sup023_P102_ph010,True,False,0.0,0.666667,87.0,87.6,0.49,299.0,300.2,65.0,65.0,128.0,"{'rz': 108, 'rx': 64, 'sx': 62, 'cz': 33, 'rzz': 32, 'barrier': 8}",5,5,0,ok,,35.0,32.0,ok,,0.97,0.881565516261,32.0,28.0,0.99,0.987833544029,32.0,28.0,0.99,0.987833544029,32.0,28.0,custom_states,False,False,False,,
path4,path,4,monomial_full,sup023_P102_ph011,True,False,0.0,0.666667,89.0,89.6,0.49,309.0,308.2,69.0,69.0,128.0,"{'rz': 108, 'rx': 70, 'sx': 62, 'rzz': 36, 'cz': 33, 'barrier': 8}",5,5,0,ok,,37.0,36.0,ok,,0.97,0.881565516261,34.0,32.0,0.99,0.987833544029,34.0,32.0,0.99,0.987833544029,34.0,32.0,custom_states,False,False,False,,
path4,path,4,monomial_full,sup023_P102_ph012,True,False,0.0,0.666667,88.0,88.6,0.49,303.0,304.2,69.0,69.0,128.0,"{'rz': 108, 'rx': 64, 'sx': 62, 'rzz': 36, 'cz': 33, 'barrier': 8}",5,5,0,ok,,36.0,36.0,ok,,0.95,0.881565516261,33.0,32.0,0.99,0.987833544029,33.0,32.0,0.99,0.987833544029,33.0,32.0,custom_states,False,False,False,,
path4,path,4,monomial_full,sup023_P102_ph020,True,False,0.0,0.666667,87.0,87.6,0.49,299.0,300.2,65.0,65.0,128.0,"{'rz': 108, 'rx': 64, 'sx': 62, 'cz': 33, 'rzz': 32, 'barrier': 8}",5,5,0,ok,,35.0,32.0,ok,,0.97,0.881565516261,32.0,28.0,0.99,0.987833544029,32.0,28.0,0.99,0.987833544029,32.0,28.0,custom_states,False,False,False,,
path4,path,4,monomial_full,sup023_P102_ph021,True,False,0.0,0.666667,89.0,89.6,0.49,305.0,308.2,69.0,69.0,128.0,"{'rz': 108, 'rx': 66, 'sx': 62, 'rzz': 36, 'cz': 33, 'barrier': 8}",5,5,0,ok,,36.0,36.0,ok,,0.97,0.881565516261,33.0,32.0,0.99,0.987833544029,33.0,32.0,0.99,0.987833544029,33.0,32.0,custom_states,False,False,False,,
path4,path,4,monomial_full,sup023_P102_ph022,True,False,0.0,0.666667,88.0,88.6,0.49,303.0,304.2,69.0,69.0,128.0,"{'rz': 108, 'rx': 64, 'sx': 62, 'rzz': 36, 'cz': 33, 'barrier': 8}",5,5,0,ok,,36.0,36.0,ok,,0.97,0.881565516261,33.0,32.0,0.99,0.987833544029,33.0,32.0,0.99,0.987833544029,33.0,32.0,custom_states,False,False,False,,
path4,path,4,monomial_full,sup023_P102_ph100,True,False,0.0,0.666667,89.0,89.6,0.49,308.0,310.2,69.0,69.0,128.0,"{'rz': 108, 'rx': 69, 'sx': 62, 'rzz': 36, 'cz': 33, 'barrier': 8}",5,5,0,ok,,37.0,36.0,ok,,0.97,0.887236816109,34.0,32.0,0.99,0.988028814231,34.0,32.0,0.99,0.988028814231,34.0,32.0,custom_states,False,False,False,,
path4,path,4,monomial_full,sup023_P102_ph101,True,False,0.0,0.666667,89.0,89.6,0.49,309.0,308.2,69.0,69.0,128.0,"{'rz': 108, 'rx': 70, 'sx': 62, 'rzz': 36, 'cz': 33, 'barrier': 8}",5,5,0,ok,,37.0,36.0,ok,,0.97,0.881565516261,34.0,32.0,0.99,0.987833544029,34.0,32.0,0.99,0.987833544029,34.0,32.0,custom_states,False,False,False,,
path4,path,4,monomial_full,sup023_P102_ph102,True,False,0.0,0.666667,87.0,87.6,0.49,299.0,300.2,65.0,65.0,128.0,"{'rz': 108, 'rx': 64, 'sx': 62, 'cz': 33, 'rzz': 32, 'barrier': 8}",5,5,0,ok,,35.0,32.0,ok,,0.99,0.987833544029,32.0,28.0,0.99,0.987833544029,32.0,28.0,0.99,0.987833544029,32.0,28.0,custom_states,False,False,False,,
path4,path,4,monomial_full,sup023_P102_ph110,True,False,0.0,0.666667,89.0,89.6,0.49,305.0,308.2,69.0,69.0,128.0,"{'rz': 108, 'rx': 66, 'sx': 62, 'rzz': 36, 'cz': 33, 'barrier': 8}",5,5,0,ok,,36.0,36.0,ok,,0.97,0.881546778859,33.0,32.0,0.99,0.987833544029,33.0,32.0,0.99,0.987833544029,33.0,32.0,custom_states,False,False,False,,
path4,path,4,monomial_full,sup023_P102_ph111,True,False,0.0,0.666667,89.0,89.6,0.49,305.0,308.2,69.0,69.0,128.0,"{'rz': 108, 'rx': 66, 'sx': 62, 'rzz': 36, 'cz': 33, 'barrier': 8}",5,5,0,ok,,36.0,36.0,ok,,0.95,0.891869731926,33.0,32.0,0.99,0.987460516408,33.0,32.0,0.99,0.987460516408,33.0,32.0,custom_states,False,False,False,,
path4,path,4,monomial_full,sup023_P102_ph112,True,False,0.0,0.666667,87.0,87.6,0.49,299.0,300.2,65.0,65.0,128.0,"{'rz': 108, 'rx': 64, 'sx': 62, 'cz': 33, 'rzz': 32, 'barrier': 8}",5,5,0,ok,,35.0,32.0,ok,,0.97,0.860413523885,32.0,28.0,0.99,0.987833544029,32.0,28.0,0.99,0.987833544029,32.0,28.0,custom_states,False,False,False,,
path4,path,4,monomial_full,sup023_P102_ph120,True,False,0.0,0.666667,88.0,88.6,0.49,303.0,303.2,69.0,69.0,128.0,"{'rz': 108, 'rx': 64, 'sx': 62, 'rzz': 36, 'cz': 33, 'barrier': 8}",5,5,0,ok,,36.0,36.0,ok,,0.97,0.881565516261,33.0,32.0,0.99,0.987833544029,33.0,32.0,0.99,0.987833544029,33.0,32.0,custom_states,False,False,False,,
path4,path,4,monomial_full,sup023_P102_ph121,True,False,0.0,0.666667,88.0,88.6,0.49,303.0,304.2,69.0,69.0,128.0,"{'rz': 108, 'rx': 64, 'sx': 62, 'rzz': 36, 'cz': 33, 'barrier': 8}",5,5,0,ok,,36.0,36.0,ok,,0.91,0.856828005258,33.0,32.0,0.99,0.969914911336,33.0,32.0,0.99,0.969914911336,33.0,32.0,custom_states,False,False,False,,
path4,path,4,monomial_full,sup023_P102_ph122,True,False,0.0,0.666667,87.0,87.6,0.49,299.0,300.2,65.0,65.0,128.0,"{'rz': 108, 'rx': 64, 'sx': 62, 'cz': 33, 'rzz': 32, 'barrier': 8}",5,5,0,ok,,35.0,32.0,ok,,0.99,0.971130784049,32.0,28.0,0.99,0.971130784049,32.0,28.0,0.99,0.971130784049,32.0,28.0,custom_states,False,False,False,,
path4,path,4,monomial_full,sup023_P102_ph200,True,False,0.0,0.666667,89.0,89.6,0.49,305.0,308.2,69.0,69.0,128.0,"{'rz': 108, 'rx': 66, 'sx': 62, 'rzz': 36, 'cz': 33, 'barrier': 8}",5,5,0,ok,,36.0,36.0,ok,,0.97,0.881565516261,33.0,32.0,0.99,0.987833544029,33.0,32.0,0.99,0.987833544029,33.0,32.0,custom_states,False,False,False,,
path4,path,4,monomial_full,sup023_P102_ph201,True,False,0.0,0.666667,87.0,87.6,0.49,299.0,300.2,65.0,65.0,128.0,"{'rz': 108, 'rx': 64, 'sx': 62, 'cz': 33, 'rzz': 32, 'barrier': 8}",5,5,0,ok,,35.0,32.0,ok,,0.99,0.987833544029,32.0,28.0,0.99,0.987833544029,32.0,28.0,0.99,0.987833544029,32.0,28.0,custom_states,False,False,False,,
path4,path,4,monomial_full,sup023_P102_ph202,True,False,0.0,0.666667,89.0,89.6,0.49,307.0,308.2,69.0,69.0,128.0,"{'rz': 108, 'rx': 68, 'sx': 62, 'rzz': 36, 'cz': 33, 'barrier': 8}",5,5,0,ok,,37.0,36.0,ok,,0.97,0.881565516261,34.0,32.0,0.99,0.987833544029,34.0,32.0,0.99,0.987833544029,34.0,32.0,custom_states,False,False,False,,
path4,path,4,monomial_full,sup023_P102_ph210,True,False,0.0,0.666667,88.0,88.6,0.49,303.0,304.2,69.0,69.0,128.0,"{'rz': 108, 'rx': 64, 'sx': 62, 'rzz': 36, 'cz': 33, 'barrier': 8}",5,5,0,ok,,36.0,36.0,ok,,0.95,0.881565516261,33.0,32.0,0.99,0.987833544029,33.0,32.0,0.99,0.987833544029,33.0,32.0,custom_states,False,False,False,,
path4,path,4,monomial_full,sup023_P102_ph211,True,False,0.0,0.666667,87.0,87.6,0.49,299.0,300.2,65.0,65.0,128.0,"{'rz': 108, 'rx': 64, 'sx': 62, 'cz': 33, 'rzz': 32, 'barrier': 8}",5,5,0,ok,,35.0,32.0,ok,,0.95,0.864420394824,32.0,28.0,0.99,0.983743598342,32.0,28.0,0.99,0.983743598342,32.0,28.0,custom_states,False,False,False,,
path4,path,4,monomial_full,sup023_P102_ph212,True,False,0.0,0.666667,89.0,89.6,0.49,311.0,312.2,69.0,69.0,128.0,"{'rz': 108, 'rx': 72, 'sx': 62, 'rzz': 36, 'cz': 33, 'barrier': 8}",5,5,0,ok,,37.0,36.0,ok,,0.97,0.881565516261,34.0,32.0,0.99,0.987833544029,34.0,32.0,0.99,0.987833544029,34.0,32.0,custom_states,False,False,False,,
path4,path,4,monomial_full,sup023_P102_ph220,True,False,0.0,0.666667,89.0,89.6,0.49,305.0,308.2,69.0,69.0,128.0,"{'rz': 108, 'rx': 66, 'sx': 62, 'rzz': 36, 'cz': 33, 'barrier': 8}",5,5,0,ok,,36.0,36.0,ok,,0.97,0.881565516261,33.0,32.0,0.99,0.987833544029,33.0,32.0,0.99,0.987833544029,33.0,32.0,custom_states,False,False,False,,
path4,path,4,monomial_full,sup023_P102_ph221,True,False,0.0,0.666667,87.0,87.6,0.49,299.0,300.2,65.0,65.0,128.0,"{'rz': 108, 'rx': 64, 'sx': 62, 'cz': 33, 'rzz': 32, 'barrier': 8}",5,5,0,ok,,35.0,32.0,ok,,0.97,0.881565516261,32.0,28.0,0.99,0.987833544029,32.0,28.0,0.99,0.987833544029,32.0,28.0,custom_states,False,False,False,,
path4,path,4,monomial_full,sup023_P102_ph222,True,False,0.0,0.666667,89.0,89.6,0.49,309.0,308.2,69.0,69.0,128.0,"{'rz': 108, 'rx': 70, 'sx': 62, 'rzz': 36, 'cz': 33, 'barrier': 8}",5,5,0,ok,,37.0,36.0,ok,,0.97,0.881565516261,34.0,32.0,0.99,0.987833544029,34.0,32.0,0.99,0.987833544029,34.0,32.0,custom_states,False,False,False,,
path4,path,4,monomial_full,sup023_P120_ph000,True,False,0.0,0.666667,85.0,86.2,0.98,282.0,284.8,65.0,65.0,128.0,"{'rz': 91, 'rx': 64, 'sx': 62, 'cz': 33, 'rzz': 32, 'barrier': 8}",5,5,0,ok,,34.0,32.0,ok,,0.95,0.881565516261,31.0,28.0,0.99,0.987833544029,31.0,28.0,0.99,0.987833544029,31.0,28.0,custom_states,False,False,False,,
path4,path,4,monomial_full,sup023_P120_ph001,True,False,0.0,0.666667,86.0,87.2,0.98,285.0,285.8,65.0,65.0,128.0,"{'rz': 94, 'rx': 64, 'sx': 62, 'cz': 33, 'rzz': 32, 'barrier': 8}",5,5,0,ok,,33.0,32.0,ok,,0.97,0.881565516261,30.0,28.0,0.99,0.987833544029,30.0,28.0,0.99,0.987833544029,30.0,28.0,custom_states,False,False,False,,
path4,path,4,monomial_full,sup023_P120_ph002,True,False,0.0,0.666667,87.0,88.2,0.98,288.0,292.6,65.0,65.0,128.0,"{'rz': 97, 'rx': 64, 'sx': 62, 'cz': 33, 'rzz': 32, 'barrier': 8}",5,5,0,ok,,35.0,32.0,ok,,0.97,0.881565516261,32.0,28.0,0.99,0.987833544029,32.0,28.0,0.99,0.987833544029,32.0,28.0,custom_states,False,False,False,,
path4,path,4,monomial_full,sup023_P120_ph010,True,False,0.0,0.666667,87.0,88.2,0.98,288.0,293.4,65.0,65.0,128.0,"{'rz': 97, 'rx': 64, 'sx': 62, 'cz': 33, 'rzz': 32, 'barrier': 8}",5,5,0,ok,,35.0,32.0,ok,,0.99,0.987833544029,32.0,28.0,0.99,0.987833544029,32.0,28.0,0.99,0.987833544029,32.0,28.0,custom_states,False,False,False,,
path4,path,4,monomial_full,sup023_P120_ph011,True,False,0.0,0.666667,87.0,88.2,0.98,291.0,294.6,65.0,65.0,128.0,"{'rz': 100, 'rx': 64, 'sx': 62, 'cz': 33, 'rzz': 32, 'barrier': 8}",5,5,0,ok,,35.0,32.0,ok,,0.96,0.881565516261,32.0,28.0,0.99,0.987833544029,32.0,28.0,0.99,0.987833544029,32.0,28.0,custom_states,False,False,False,,
path4,path,4,monomial_full,sup023_P120_ph012,True,False,0.0,0.666667,87.0,87.6,0.49,291.0,292.6,65.0,65.0,128.0,"{'rz': 100, 'rx': 64, 'sx': 62, 'cz': 33, 'rzz': 32, 'barrier': 8}",5,5,0,ok,,35.0,32.0,ok,,0.96,0.881565516261,32.0,28.0,0.99,0.987833544029,32.0,28.0,0.99,0.987833544029,32.0,28.0,custom_states,False,False,False,,
path4,path,4,monomial_full,sup023_P120_ph020,True,False,0.0,0.666667,87.0,88.2,0.98,291.0,294.6,65.0,65.0,128.0,"{'rz': 100, 'rx': 64, 'sx': 62, 'cz': 33, 'rzz': 32, 'barrier': 8}",5,5,0,ok,,35.0,32.0,ok,,0.95,0.967364800501,30.0,28.0,0.95,0.967364800501,30.0,28.0,0.95,0.967364800501,30.0,28.0,custom_states,False,False,False,,
path4,path,4,monomial_full,sup023_P120_ph021,True,False,0.0,0.666667,87.0,87.6,0.49,291.0,292.0,65.0,65.0,128.0,"{'rz': 100, 'rx': 64, 'sx': 62, 'cz': 33, 'rzz': 32, 'barrier': 8}",5,5,0,ok,,35.0,32.0,ok,,0.97,0.881565516261,32.0,28.0,0.99,0.987833544029,32.0,28.0,0.99,0.987833544029,32.0,28.0,custom_states,False,False,False,,
path4,path,4,monomial_full,sup023_P120_ph022,True,False,0.0,0.666667,87.0,88.2,0.98,287.0,292.8,65.0,65.0,128.0,"{'rz': 96, 'rx': 64, 'sx': 62, 'cz': 33, 'rzz': 32, 'barrier': 8}",5,5,0,ok,,35.0,32.0,ok,,0.95,0.967364800501,32.0,28.0,0.95,0.967364800501,32.0,28.0,0.95,0.967364800501,32.0,28.0,custom_states,False,False,False,,
path4,path,4,monomial_full,sup023_P120_ph100,True,False,0.0,0.666667,87.0,88.2,0.98,290.0,294.0,65.0,65.0,128.0,"{'rz': 99, 'rx': 64, 'sx': 62, 'cz': 33, 'rzz': 32, 'barrier': 8}",5,5,0,ok,,35.0,32.0,ok,,0.97,0.881565516261,32.0,28.0,0.99,0.987833544029,32.0,28.0,0.99,0.987833544029,32.0,28.0,custom_states,False,False,False,,
path4,path,4,monomial_full,sup023_P120_ph101,True,False,0.0,0.666667,87.0,88.2,0.98,291.0,294.6,65.0,65.0,128.0,"{'rz': 100, 'rx': 64, 'sx': 62, 'cz': 33, 'rzz': 32, 'barrier': 8}",5,5,0,ok,,35.0,32.0,ok,,0.96,0.881565516261,32.0,28.0,0.99,0.987833544029,32.0,28.0,0.99,0.987833544029,32.0,28.0,custom_states,False,False,False,,
path4,path,4,monomial_full,sup023_P120_ph102,True,False,0.0,0.666667,87.0,87.0,0.0,291.0,291.2,65.0,65.0,128.0,"{'rz': 100, 'rx': 70, 'sx': 56, 'rzz': 35, 'cz': 30, 'barrier': 8}",5,5,0,ok,,35.0,32.0,ok,,0.98,0.906120075028,32.0,28.0,0.98,0.906120075028,32.0,28.0,0.99,0.967259650608,32.0,28.0,custom_states,False,False,False,,
path4,path,4,monomial_full,sup023_P120_ph110,True,False,0.0,0.666667,87.0,88.2,0.98,287.0,290.6,65.0,65.0,128.0,"{'rz': 96, 'rx': 64, 'sx': 62, 'cz': 33, 'rzz': 32, 'barrier': 8}",5,5,0,ok,,35.0,32.0,ok,,0.97,0.881565516261,32.0,28.0,0.99,0.987833544029,32.0,28.0,0.99,0.987833544029,32.0,28.0,custom_states,False,False,False,,
path4,path,4,monomial_full,sup023_P120_ph111,True,False,0.0,0.666667,87.0,87.6,0.49,288.0,290.0,65.0,65.0,128.0,"{'rz': 97, 'rx': 64, 'sx': 62, 'cz': 33, 'rzz': 32, 'barrier': 8}",5,5,0,ok,,35.0,32.0,ok,,0.97,0.881565516261,32.0,28.0,0.99,0.987833544029,32.0,28.0,0.99,0.987833544029,32.0,28.0,custom_states,False,False,False,,
path4,path,4,monomial_full,sup023_P120_ph112,True,False,0.0,0.666667,87.0,88.2,0.98,285.0,291.4,65.0,65.0,128.0,"{'rz': 94, 'rx': 64, 'sx': 62, 'cz': 33, 'rzz': 32, 'barrier': 8}",5,5,0,ok,,35.0,32.0,ok,,0.95,0.881565516261,30.0,28.0,0.99,0.987833544029,32.0,28.0,0.99,0.987833544029,32.0,28.0,custom_states,False,False,False,,
path4,path,4,monomial_full,sup023_P120_ph120,True,False,0.0,0.666667,87.0,87.6,0.49,291.0,292.0,65.0,65.0,128.0,"{'rz': 100, 'rx': 64, 'sx': 62, 'cz': 33, 'rzz': 32, 'barrier': 8}",5,5,0,ok,,35.0,32.0,ok,,0.97,0.865901392005,32.0,28.0,0.99,0.984243779758,32.0,28.0,0.99,0.984243779758,32.0,28.0,custom_states,False,False,False,,
path4,path,4,monomial_full,sup023_P120_ph121,True,False,0.0,0.666667,87.0,88.2,0.98,291.0,294.6,65.0,65.0,128.0,"{'rz': 100, 'rx': 64, 'sx': 62, 'cz': 33, 'rzz': 32, 'barrier': 8}",5,5,0,ok,,35.0,32.0,ok,,0.97,0.881565516261,32.0,28.0,0.99,0.987833544029,32.0,28.0,0.99,0.987833544029,32.0,28.0,custom_states,False,False,False,,
path4,path,4,monomial_full,sup023_P120_ph122,True,False,0.0,0.666667,87.0,88.2,0.98,291.0,294.6,65.0,65.0,128.0,"{'rz': 100, 'rx': 64, 'sx': 62, 'cz': 33, 'rzz': 32, 'barrier': 8}",5,5,0,ok,,35.0,32.0,ok,,0.97,0.881565516261,32.0,28.0,0.99,0.987833544029,32.0,28.0,0.99,0.987833544029,32.0,28.0,custom_states,False,False,False,,
path4,path,4,monomial_full,sup023_P120_ph200,True,False,0.0,0.666667,87.0,88.2,0.98,291.0,294.6,65.0,65.0,128.0,"{'rz': 100, 'rx': 64, 'sx': 62, 'cz': 33, 'rzz': 32, 'barrier': 8}",5,5,0,ok,,35.0,32.0,ok,,0.96,0.904072586622,32.0,28.0,0.96,0.904072586622,32.0,28.0,0.99,0.977711871471,32.0,28.0,custom_states,False,False,False,,
path4,path,4,monomial_full,sup023_P120_ph201,True,False,0.0,0.666667,87.0,87.0,0.0,291.0,292.2,65.0,65.0,128.0,"{'rz': 100, 'rx': 64, 'sx': 62, 'cz': 33, 'rzz': 32, 'barrier': 8}",5,5,0,ok,,35.0,32.0,ok,,0.95,0.881565516261,32.0,28.0,0.99,0.987833544029,32.0,28.0,0.99,0.987833544029,32.0,28.0,custom_states,False,False,False,,
path4,path,4,monomial_full,sup023_P120_ph202,True,False,0.0,0.666667,87.0,88.2,0.98,291.0,294.6,65.0,65.0,128.0,"{'rz': 100, 'rx': 64, 'sx': 62, 'cz': 33, 'rzz': 32, 'barrier': 8}",5,5,0,ok,,35.0,32.0,ok,,0.96,0.881565516261,32.0,28.0,0.99,0.987833544029,32.0,28.0,0.99,0.987833544029,32.0,28.0,custom_states,False,False,False,,
path4,path,4,monomial_full,sup023_P120_ph210,True,False,0.0,0.666667,86.0,86.4,0.49,289.0,290.0,65.0,65.0,128.0,"{'rz': 100, 'rx': 68, 'sx': 56, 'rzz': 35, 'cz': 30, 'barrier': 8}",5,5,0,ok,,35.0,32.0,ok,,0.97,0.881565516261,32.0,28.0,0.99,0.987833544029,32.0,28.0,0.99,0.987833544029,32.0,28.0,custom_states,False,False,False,,
path4,path,4,monomial_full,sup023_P120_ph211,True,False,0.0,0.666667,87.0,88.2,0.98,290.0,294.0,65.0,65.0,128.0,"{'rz': 99, 'rx': 64, 'sx': 62, 'cz': 33, 'rzz': 32, 'barrier': 8}",5,5,0,ok,,35.0,32.0,ok,,0.97,0.881565516261,32.0,28.0,0.99,0.987833544029,32.0,28.0,0.99,0.987833544029,32.0,28.0,custom_states,False,False,False,,
path4,path,4,monomial_full,sup023_P120_ph212,True,False,0.0,0.666667,87.0,88.2,0.98,291.0,294.6,65.0,65.0,128.0,"{'rz': 100, 'rx': 64, 'sx': 62, 'cz': 33, 'rzz': 32, 'barrier': 8}",5,5,0,ok,,35.0,32.0,ok,,0.95,0.881565516261,32.0,28.0,0.99,0.987833544029,32.0,28.0,0.99,0.987833544029,32.0,28.0,custom_states,False,False,False,,
path4,path,4,monomial_full,sup023_P120_ph220,True,False,0.0,0.666667,86.0,87.2,0.98,287.0,288.4,65.0,65.0,128.0,"{'rz': 96, 'rx': 64, 'sx': 62, 'cz': 33, 'rzz': 32, 'barrier': 8}",5,5,0,ok,,33.0,32.0,ok,,0.95,0.881565516261,30.0,28.0,0.99,0.987833544029,30.0,28.0,0.99,0.987833544029,30.0,28.0,custom_states,False,False,False,,
path4,path,4,monomial_full,sup023_P120_ph221,True,False,0.0,0.666667,87.0,88.2,0.98,287.0,290.6,65.0,65.0,128.0,"{'rz': 96, 'rx': 64, 'sx': 62, 'cz': 33, 'rzz': 32, 'barrier': 8}",5,5,0,ok,,35.0,32.0,ok,,0.97,0.881565516261,32.0,28.0,0.99,0.987833544029,32.0,28.0,0.99,0.987833544029,32.0,28.0,custom_states,False,False,False,,
path4,path,4,monomial_full,sup023_P120_ph222,True,False,0.0,0.666667,87.0,87.0,0.0,289.0,289.4,65.0,65.0,128.0,"{'rz': 100, 'rx': 68, 'sx': 56, 'rzz': 35, 'cz': 30, 'barrier': 8}",5,5,0,ok,,35.0,32.0,ok,,0.97,0.881565516261,32.0,28.0,0.99,0.987833544029,32.0,28.0,0.99,0.987833544029,32.0,28.0,custom_states,False,False,False,,
path4,path,4,monomial_full,sup023_P201_ph000,True,False,0.0,0.666667,81.0,82.8,1.47,255.0,258.4,61.0,61.0,128.0,"{'rz': 80, 'sx': 62, 'rx': 52, 'cz': 37, 'rzz': 24, 'barrier': 8}",5,5,0,ok,,30.0,28.0,ok,,0.95,0.981196440888,27.0,24.0,0.95,0.981196440888,27.0,24.0,0.95,0.981196440888,27.0,24.0,custom_states,False,False,False,,
path4,path,4,monomial_full,sup023_P201_ph001,True,False,0.0,0.666667,82.0,82.6,0.49,259.0,260.4,61.0,61.0,128.0,"{'rz': 84, 'sx': 62, 'rx': 52, 'cz': 33, 'rzz': 28, 'barrier': 8}",5,5,0,ok,,30.0,28.0,ok,,0.99,0.963749369386,27.0,24.0,0.99,0.963749369386,27.0,24.0,0.99,0.963749369386,27.0,24.0,custom_states,False,False,False,,
path4,path,4,monomial_full,sup023_P201_ph002,True,False,0.0,0.666667,81.0,82.2,0.98,247.0,248.4,61.0,61.0,128.0,"{'rz': 80, 'sx': 62, 'rx': 44, 'cz': 33, 'rzz': 28, 'barrier': 8}",5,5,0,ok,,29.0,28.0,ok,,0.96,0.881565516261,26.0,24.0,0.99,0.987833544029,26.0,24.0,0.99,0.987833544029,26.0,24.0,custom_states,False,False,False,,
path4,path,4,monomial_full,sup023_P201_ph010,True,False,0.0,0.666667,82.0,82.6,0.49,257.0,255.8,61.0,61.0,128.0,"{'rz': 84, 'sx': 62, 'rx': 50, 'cz': 33, 'rzz': 28, 'barrier': 8}",5,5,0,ok,,30.0,28.0,ok,,0.96,0.86526466326,27.0,24.0,0.99,0.98403145781,27.0,24.0,0.99,0.98403145781,27.0,24.0,custom_states,False,False,False,,
path4,path,4,monomial_full,sup023_P201_ph011,True,False,0.0,0.666667,82.0,82.6,0.49,253.0,255.8,61.0,61.0,128.0,"{'rz': 84, 'sx': 62, 'rx': 46, 'cz': 33, 'rzz': 28, 'barrier': 8}",5,5,0,ok,,29.0,28.0,ok,,0.95,0.967364800501,26.0,24.0,0.95,0.967364800501,26.0,24.0,0.95,0.967364800501,26.0,24.0,custom_states,False,False,False,,
path4,path,4,monomial_full,sup023_P201_ph012,True,False,0.0,0.666667,79.0,81.4,1.96,243.0,246.6,61.0,61.0,128.0,"{'rz': 76, 'sx': 62, 'rx': 44, 'cz': 37, 'rzz': 24, 'barrier': 8}",5,5,0,ok,,28.0,28.0,ok,,0.99,0.933545181601,25.0,24.0,0.99,0.933545181601,25.0,24.0,,,,,custom_states,False,False,False,,
path4,path,4,monomial_full,sup023_P201_ph020,True,False,0.0,0.666667,81.0,82.2,0.98,251.0,252.4,61.0,61.0,128.0,"{'rz': 84, 'sx': 62, 'rx': 44, 'cz': 33, 'rzz': 28, 'barrier': 8}",5,5,0,ok,,29.0,28.0,ok,,0.96,0.881565516261,26.0,24.0,0.99,0.987833544029,26.0,24.0,0.99,0.987833544029,26.0,24.0,custom_states,False,False,False,,
path4,path,4,monomial_full,sup023_P201_ph021,True,False,0.0,0.666667,79.0,80.8,1.47,247.0,246.0,61.0,61.0,128.0,"{'rz': 80, 'sx': 62, 'rx': 44, 'cz': 37, 'rzz': 24, 'barrier': 8}",5,5,0,ok,,29.0,28.0,ok,,0.95,0.881565516261,26.0,24.0,0.99,0.987833544029,26.0,24.0,0.99,0.987833544029,26.0,24.0,custom_states,False,False,False,,
path4,path,4,monomial_full,sup023_P201_ph022,True,False,0.0,0.666667,82.0,82.6,0.49,253.0,255.8,61.0,61.0,128.0,"{'rz': 84, 'sx': 62, 'rx': 46, 'cz': 33, 'rzz': 28, 'barrier': 8}",5,5,0,ok,,29.0,28.0,ok,,0.95,0.850061730678,26.0,24.0,0.99,0.977905795127,26.0,24.0,0.99,0.977905795127,26.0,24.0,custom_states,False,False,False,,
path4,path,4,monomial_full,sup023_P201_ph100,True,False,0.0,0.666667,81.0,82.2,0.98,251.0,252.4,61.0,61.0,128.0,"{'rz': 84, 'sx': 62, 'rx': 44, 'cz': 33, 'rzz': 28, 'barrier': 8}",5,5,0,ok,,29.0,28.0,ok,,0.95,0.967364800501,26.0,24.0,0.95,0.967364800501,26.0,24.0,0.95,0.967364800501,26.0,24.0,custom_states,False,False,False,,
path4,path,4,monomial_full,sup023_P201_ph101,True,False,0.0,0.666667,79.0,81.4,1.96,243.0,246.6,61.0,61.0,128.0,"{'rz': 76, 'sx': 62, 'rx': 44, 'cz': 37, 'rzz': 24, 'barrier': 8}",5,5,0,ok,,28.0,28.0,ok,,0.95,0.881565516261,25.0,24.0,0.99,0.987833544029,25.0,24.0,0.99,0.987833544029,25.0,24.0,custom_states,False,False,False,,
path4,path,4,monomial_full,sup023_P201_ph102,True,False,0.0,0.666667,82.0,82.6,0.49,259.0,260.4,61.0,61.0,128.0,"{'rz': 84, 'sx': 62, 'rx': 52, 'cz': 33, 'rzz': 28, 'barrier': 8}",5,5,0,ok,,30.0,28.0,ok,,0.96,0.881565516261,27.0,24.0,0.99,0.987833544029,27.0,24.0,0.99,0.987833544029,27.0,24.0,custom_states,False,False,False,,
path4,path,4,monomial_full,sup023_P201_ph110,True,False,0.0,0.666667,81.0,82.8,1.47,251.0,256.8,61.0,61.0,128.0,"{'rz': 76, 'sx': 62, 'rx': 52, 'cz': 37, 'rzz': 24, 'barrier': 8}",5,5,0,ok,,30.0,28.0,ok,,0.97,0.881565516261,27.0,24.0,0.99,0.987833544029,27.0,24.0,0.99,0.987833544029,27.0,24.0,custom_states,False,False,False,,
path4,path,4,monomial_full,sup023_P201_ph111,True,False,0.0,0.666667,80.0,81.2,0.98,251.0,251.2,61.0,61.0,128.0,"{'rz': 84, 'sx': 62, 'rx': 44, 'cz': 33, 'rzz': 28, 'barrier': 8}",5,5,0,ok,,29.0,28.0,ok,,0.99,0.936481165577,26.0,24.0,0.99,0.936481165577,26.0,24.0,,,,,custom_states,False,False,False,,
path4,path,4,monomial_full,sup023_P201_ph112,True,False,0.0,0.666667,82.0,82.6,0.49,259.0,259.2,61.0,61.0,128.0,"{'rz': 84, 'sx': 62, 'rx': 52, 'cz': 33, 'rzz': 28, 'barrier': 8}",5,5,0,ok,,30.0,28.0,ok,,0.96,0.862866864629,27.0,24.0,0.99,0.983195678089,27.0,24.0,0.99,0.983195678089,27.0,24.0,custom_states,False,False,False,,
path4,path,4,monomial_full,sup023_P201_ph120,True,False,0.0,0.666667,82.0,82.6,0.49,253.0,251.8,61.0,61.0,128.0,"{'rz': 80, 'sx': 62, 'rx': 50, 'cz': 33, 'rzz': 28, 'barrier': 8}",5,5,0,ok,,30.0,28.0,ok,,0.95,0.967364800501,26.0,24.0,0.95,0.967364800501,26.0,24.0,0.95,0.967364800501,26.0,24.0,custom_states,False,False,False,,
path4,path,4,monomial_full,sup023_P201_ph121,True,False,0.0,0.666667,81.0,82.2,0.98,253.0,251.8,61.0,61.0,128.0,"{'rz': 80, 'sx': 62, 'rx': 50, 'cz': 33, 'rzz': 28, 'barrier': 8}",5,5,0,ok,,29.0,28.0,ok,,0.99,0.987833544029,26.0,24.0,0.99,0.987833544029,26.0,24.0,0.99,0.987833544029,26.0,24.0,custom_states,False,False,False,,
path4,path,4,monomial_full,sup023_P201_ph122,True,False,0.0,0.666667,79.0,81.4,1.96,239.0,244.8,61.0,61.0,128.0,"{'rz': 72, 'sx': 62, 'rx': 44, 'cz': 37, 'rzz': 24, 'barrier': 8}",5,5,0,ok,,28.0,28.0,ok,,0.95,0.881565516261,25.0,24.0,0.99,0.987833544029,25.0,24.0,0.99,0.987833544029,25.0,24.0,custom_states,False,False,False,,
path4,path,4,monomial_full,sup023_P201_ph200,True,False,0.0,0.666667,82.0,82.6,0.49,259.0,260.4,61.0,61.0,128.0,"{'rz': 84, 'sx': 62, 'rx': 52, 'cz': 33, 'rzz': 28, 'barrier': 8}",5,5,0,ok,,30.0,28.0,ok,,0.95,0.967364800501,26.0,24.0,0.95,0.967364800501,26.0,24.0,0.95,0.967364800501,26.0,24.0,custom_states,False,False,False,,
path4,path,4,monomial_full,sup023_P201_ph201,True,False,0.0,0.666667,81.0,82.2,0.98,251.0,252.4,61.0,61.0,128.0,"{'rz': 84, 'sx': 62, 'rx': 44, 'cz': 33, 'rzz': 28, 'barrier': 8}",5,5,0,ok,,29.0,28.0,ok,,0.96,0.881565516261,26.0,24.0,0.99,0.987833544029,26.0,24.0,0.99,0.987833544029,26.0,24.0,custom_states,False,False,False,,
path4,path,4,monomial_full,sup023_P201_ph202,True,False,0.0,0.666667,81.0,82.8,1.47,247.0,255.0,61.0,61.0,128.0,"{'rz': 72, 'sx': 62, 'rx': 52, 'cz': 37, 'rzz': 24, 'barrier': 8}",5,5,0,ok,,30.0,28.0,ok,,0.95,0.881565516261,27.0,24.0,0.99,0.987833544029,27.0,24.0,0.99,0.987833544029,27.0,24.0,custom_states,False,False,False,,
path4,path,4,monomial_full,sup023_P201_ph210,True,False,0.0,0.666667,81.0,81.6,0.49,255.0,255.2,61.0,61.0,128.0,"{'rz': 80, 'sx': 62, 'rx': 52, 'cz': 33, 'rzz': 28, 'barrier': 8}",5,5,0,ok,,29.0,28.0,ok,,0.95,0.86526466326,26.0,24.0,0.99,0.98403145781,26.0,24.0,0.99,0.98403145781,26.0,24.0,custom_states,False,False,False,,
path4,path,4,monomial_full,sup023_P201_ph211,True,False,0.0,0.666667,79.0,81.4,1.96,239.0,244.8,61.0,61.0,128.0,"{'rz': 72, 'sx': 62, 'rx': 44, 'cz': 37, 'rzz': 24, 'barrier': 8}",5,5,0,ok,,28.0,28.0,ok,,0.95,0.881565516261,25.0,24.0,0.99,0.987833544029,25.0,24.0,0.99,0.987833544029,25.0,24.0,custom_states,False,False,False,,
path4,path,4,monomial_full,sup023_P201_ph212,True,False,0.0,0.666667,82.0,82.6,0.49,259.0,260.4,61.0,61.0,128.0,"{'rz': 84, 'sx': 62, 'rx': 52, 'cz': 33, 'rzz': 28, 'barrier': 8}",5,5,0,ok,,30.0,28.0,ok,,0.96,0.881565516261,27.0,24.0,0.99,0.987833544029,27.0,24.0,0.99,0.987833544029,27.0,24.0,custom_states,False,False,False,,
path4,path,4,monomial_full,sup023_P201_ph220,True,False,0.0,0.666667,79.0,80.8,1.47,243.0,244.4,61.0,61.0,128.0,"{'rz': 76, 'sx': 62, 'rx': 44, 'cz': 37, 'rzz': 24, 'barrier': 8}",5,5,0,ok,,28.0,28.0,ok,,0.96,0.881565516261,25.0,24.0,0.99,0.987833544029,25.0,24.0,0.99,0.987833544029,25.0,24.0,custom_states,False,False,False,,
path4,path,4,monomial_full,sup023_P201_ph221,True,False,0.0,0.666667,82.0,82.6,0.49,257.0,255.8,61.0,61.0,128.0,"{'rz': 84, 'sx': 62, 'rx': 50, 'cz': 33, 'rzz': 28, 'barrier': 8}",5,5,0,ok,,30.0,28.0,ok,,0.96,0.881565516261,27.0,24.0,0.99,0.987833544029,27.0,24.0,0.99,0.987833544029,27.0,24.0,custom_states,False,False,False,,
path4,path,4,monomial_full,sup023_P201_ph222,True,False,0.0,0.666667,81.0,82.2,0.98,251.0,252.4,61.0,61.0,128.0,"{'rz': 84, 'sx': 62, 'rx': 44, 'cz': 33, 'rzz': 28, 'barrier': 8}",5,5,0,ok,,29.0,28.0,ok,,0.96,0.881565516261,26.0,24.0,0.99,0.987833544029,26.0,24.0,0.99,0.987833544029,26.0,24.0,custom_states,False,False,False,,
path4,path,4,monomial_full,sup023_P210_ph000,True,False,0.0,0.666667,81.0,82.8,1.47,255.0,258.4,61.0,61.0,128.0,"{'rz': 80, 'sx': 62, 'rx': 52, 'cz': 37, 'rzz': 24, 'barrier': 8}",5,5,0,ok,,30.0,28.0,ok,,0.95,0.881565516261,27.0,24.0,0.99,0.987833544029,27.0,24.0,0.99,0.987833544029,27.0,24.0,custom_states,False,False,False,,
path4,path,4,monomial_full,sup023_P210_ph001,True,False,0.0,0.666667,81.0,82.2,0.98,255.0,254.0,61.0,61.0,128.0,"{'rz': 80, 'sx': 62, 'rx': 52, 'cz': 37, 'rzz': 24, 'barrier': 8}",5,5,0,ok,,29.0,28.0,ok,,0.95,0.858153319531,26.0,24.0,0.99,0.981399156403,26.0,24.0,0.99,0.981399156403,26.0,24.0,custom_states,False,False,False,,
path4,path,4,monomial_full,sup023_P210_ph002,True,False,0.0,0.666667,81.0,82.2,0.98,255.0,256.2,61.0,61.0,128.0,"{'rz': 80, 'sx': 62, 'rx': 52, 'cz': 37, 'rzz': 24, 'barrier': 8}",5,5,0,ok,,29.0,28.0,ok,,0.95,0.881565516261,26.0,24.0,0.99,0.987833544029,26.0,24.0,0.99,0.987833544029,26.0,24.0,custom_states,False,False,False,,
path4,path,4,monomial_full,sup023_P210_ph010,True,False,0.0,0.666667,81.0,82.8,1.47,251.0,256.8,61.0,61.0,128.0,"{'rz': 76, 'sx': 62, 'rx': 52, 'cz': 37, 'rzz': 24, 'barrier': 8}",5,5,0,ok,,30.0,28.0,ok,,0.95,0.881565516261,27.0,24.0,0.99,0.987833544029,27.0,24.0,0.99,0.987833544029,27.0,24.0,custom_states,False,False,False,,
path4,path,4,monomial_full,sup023_P210_ph011,True,False,0.0,0.666667,82.0,83.2,0.98,255.0,256.4,61.0,61.0,128.0,"{'rz': 80, 'sx': 62, 'rx': 52, 'cz': 37, 'rzz': 24, 'barrier': 8}",5,5,0,ok,,29.0,28.0,ok,,0.95,0.897400642848,26.0,24.0,0.99,0.985383702969,26.0,24.0,0.99,0.985383702969,26.0,24.0,custom_states,False,False,False,,
path4,path,4,monomial_full,sup023_P210_ph012,True,False,0.0,0.666667,82.0,83.2,0.98,255.0,258.6,61.0,61.0,128.0,"{'rz': 80, 'sx': 62, 'rx': 52, 'cz': 37, 'rzz': 24, 'barrier': 8}",5,5,0,ok,,30.0,28.0,ok,,0.95,0.967364800501,27.0,24.0,0.95,0.967364800501,27.0,24.0,0.95,0.967364800501,27.0,24.0,custom_states,False,False,False,,
path4,path,4,monomial_full,sup023_P210_ph020,True,False,0.0,0.666667,81.0,82.8,1.47,251.0,256.8,61.0,61.0,128.0,"{'rz': 76, 'sx': 62, 'rx': 52, 'cz': 37, 'rzz': 24, 'barrier': 8}",5,5,0,ok,,30.0,28.0,ok,,0.96,0.897400642848,27.0,24.0,0.99,0.985383702969,27.0,24.0,0.99,0.985383702969,27.0,24.0,custom_states,False,False,False,,
path4,path,4,monomial_full,sup023_P210_ph021,True,False,0.0,0.666667,82.0,83.2,0.98,259.0,258.0,61.0,61.0,128.0,"{'rz': 84, 'sx': 62, 'rx': 52, 'cz': 37, 'rzz': 24, 'barrier': 8}",5,5,0,ok,,30.0,28.0,ok,,0.95,0.881565516261,27.0,24.0,0.99,0.987833544029,27.0,24.0,0.99,0.987833544029,27.0,24.0,custom_states,False,False,False,,
path4,path,4,monomial_full,sup023_P210_ph022,True,False,0.0,0.666667,82.0,83.2,0.98,255.0,258.6,61.0,61.0,128.0,"{'rz': 80, 'sx': 62, 'rx': 52, 'cz': 37, 'rzz': 24, 'barrier': 8}",5,5,0,ok,,30.0,28.0,ok,,0.96,0.881565516261,27.0,24.0,0.99,0.987833544029,27.0,24.0,0.99,0.987833544029,27.0,24.0,custom_states,False,False,False,,
path4,path,4,monomial_full,sup023_P210_ph100,True,False,0.0,0.666667,82.0,83.2,0.98,259.0,258.0,61.0,61.0,128.0,"{'rz': 84, 'sx': 62, 'rx': 52, 'cz': 37, 'rzz': 24, 'barrier': 8}",5,5,0,ok,,30.0,28.0,ok,,0.95,0.967364800501,27.0,24.0,0.95,0.967364800501,27.0,24.0,0.95,0.967364800501,27.0,24.0,custom_states,False,False,False,,
path4,path,4,monomial_full,sup023_P210_ph101,True,False,0.0,0.666667,82.0,83.2,0.98,259.0,260.2,61.0,61.0,128.0,"{'rz': 84, 'sx': 62, 'rx': 52, 'cz': 37, 'rzz': 24, 'barrier': 8}",5,5,0,ok,,30.0,28.0,ok,,0.95,0.972417125822,27.0,24.0,0.95,0.972417125822,27.0,24.0,0.95,0.972417125822,27.0,24.0,custom_states,False,False,False,,
path4,path,4,monomial_full,sup023_P210_ph102,True,False,0.0,0.666667,81.0,82.8,1.47,255.0,258.4,61.0,61.0,128.0,"{'rz': 80, 'sx': 62, 'rx': 52, 'cz': 37, 'rzz': 24, 'barrier': 8}",5,5,0,ok,,30.0,28.0,ok,,0.95,0.967364800501,27.0,24.0,0.95,0.967364800501,27.0,24.0,0.95,0.967364800501,27.0,24.0,custom_states,False,False,False,,
path4,path,4,monomial_full,sup023_P210_ph110,True,False,0.0,0.666667,82.0,83.2,0.98,255.0,256.4,61.0,61.0,128.0,"{'rz': 80, 'sx': 62, 'rx': 52, 'cz': 37, 'rzz': 24, 'barrier': 8}",5,5,0,ok,,29.0,28.0,ok,,0.96,0.881565516261,26.0,24.0,0.99,0.987833544029,26.0,24.0,0.99,0.987833544029,26.0,24.0,custom_states,False,False,False,,
path4,path,4,monomial_full,sup023_P210_ph111,True,False,0.0,0.666667,82.0,83.2,0.98,255.0,258.6,61.0,61.0,128.0,"{'rz': 80, 'sx': 62, 'rx': 52, 'cz': 37, 'rzz': 24, 'barrier': 8}",5,5,0,ok,,30.0,28.0,ok,,0.96,0.897400642848,27.0,24.0,0.99,0.985383702969,27.0,24.0,0.99,0.985383702969,27.0,24.0,custom_states,False,False,False,,
path4,path,4,monomial_full,sup023_P210_ph112,True,False,0.0,0.666667,81.0,82.8,1.47,251.0,256.8,61.0,61.0,128.0,"{'rz': 76, 'sx': 62, 'rx': 52, 'cz': 37, 'rzz': 24, 'barrier': 8}",5,5,0,ok,,30.0,28.0,ok,,0.96,0.881565516261,27.0,24.0,0.99,0.987833544029,27.0,24.0,0.99,0.987833544029,27.0,24.0,custom_states,False,False,False,,
path4,path,4,monomial_full,sup023_P210_ph120,True,False,0.0,0.666667,81.0,82.2,0.98,255.0,254.0,61.0,61.0,128.0,"{'rz': 80, 'sx': 62, 'rx': 52, 'cz': 37, 'rzz': 24, 'barrier': 8}",5,5,0,ok,,29.0,28.0,ok,,0.95,0.881565516261,26.0,24.0,0.99,0.987833544029,26.0,24.0,0.99,0.987833544029,26.0,24.0,custom_states,False,False,False,,
path4,path,4,monomial_full,sup023_P210_ph121,True,False,0.0,0.666667,82.0,83.2,0.98,255.0,258.6,61.0,61.0,128.0,"{'rz': 80, 'sx': 62, 'rx': 52, 'cz': 37, 'rzz': 24, 'barrier': 8}",5,5,0,ok,,30.0,28.0,ok,,0.95,0.967364800501,27.0,24.0,0.95,0.967364800501,27.0,24.0,0.95,0.967364800501,27.0,24.0,custom_states,False,False,False,,
path4,path,4,monomial_full,sup023_P210_ph122,True,False,0.0,0.666667,80.0,81.8,1.47,247.0,252.8,61.0,61.0,128.0,"{'rz': 72, 'sx': 62, 'rx': 52, 'cz': 37, 'rzz': 24, 'barrier': 8}",5,5,0,ok,,29.0,28.0,ok,,0.95,0.881565516261,26.0,24.0,0.99,0.987833544029,26.0,24.0,0.99,0.987833544029,26.0,24.0,custom_states,False,False,False,,
path4,path,4,monomial_full,sup023_P210_ph200,True,False,0.0,0.666667,82.0,83.2,0.98,259.0,260.2,61.0,61.0,128.0,"{'rz': 84, 'sx': 62, 'rx': 52, 'cz': 37, 'rzz': 24, 'barrier': 8}",5,5,0,ok,,30.0,28.0,ok,,0.95,0.881565516261,27.0,24.0,0.99,0.987833544029,27.0,24.0,0.99,0.987833544029,27.0,24.0,custom_states,False,False,False,,
path4,path,4,monomial_full,sup023_P210_ph201,True,False,0.0,0.666667,81.0,82.8,1.47,251.0,256.8,61.0,61.0,128.0,"{'rz': 76, 'sx': 62, 'rx': 52, 'cz': 37, 'rzz': 24, 'barrier': 8}",5,5,0,ok,,30.0,28.0,ok,,0.96,0.881565516261,27.0,24.0,0.99,0.987833544029,27.0,24.0,0.99,0.987833544029,27.0,24.0,custom_states,False,False,False,,
path4,path,4,monomial_full,sup023_P210_ph202,True,False,0.0,0.666667,82.0,83.2,0.98,259.0,258.0,61.0,61.0,128.0,"{'rz': 84, 'sx': 62, 'rx': 52, 'cz': 37, 'rzz': 24, 'barrier': 8}",5,5,0,ok,,30.0,28.0,ok,,0.95,0.881565516261,27.0,24.0,0.99,0.987833544029,27.0,24.0,0.99,0.987833544029,27.0,24.0,custom_states,False,False,False,,
path4,path,4,monomial_full,sup023_P210_ph210,True,False,0.0,0.666667,82.0,83.2,0.98,255.0,258.6,61.0,61.0,128.0,"{'rz': 80, 'sx': 62, 'rx': 52, 'cz': 37, 'rzz': 24, 'barrier': 8}",5,5,0,ok,,30.0,28.0,ok,,0.96,0.881565516261,27.0,24.0,0.99,0.987833544029,27.0,24.0,0.99,0.987833544029,27.0,24.0,custom_states,False,False,False,,
path4,path,4,monomial_full,sup023_P210_ph211,True,False,0.0,0.666667,81.0,82.8,1.47,255.0,258.4,61.0,61.0,128.0,"{'rz': 80, 'sx': 62, 'rx': 52, 'cz': 37, 'rzz': 24, 'barrier': 8}",5,5,0,ok,,30.0,28.0,ok,,0.95,0.881565516261,27.0,24.0,0.99,0.987833544029,27.0,24.0,0.99,0.987833544029,27.0,24.0,custom_states,False,False,False,,
path4,path,4,monomial_full,sup023_P210_ph212,True,False,0.0,0.666667,81.0,82.2,0.98,255.0,254.0,61.0,61.0,128.0,"{'rz': 80, 'sx': 62, 'rx': 52, 'cz': 37, 'rzz': 24, 'barrier': 8}",5,5,0,ok,,29.0,28.0,ok,,0.95,0.881565516261,26.0,24.0,0.99,0.987833544029,26.0,24.0,0.99,0.987833544029,26.0,24.0,custom_states,False,False,False,,
path4,path,4,monomial_full,sup023_P210_ph220,True,False,0.0,0.666667,82.0,83.2,0.98,259.0,260.2,61.0,61.0,128.0,"{'rz': 84, 'sx': 62, 'rx': 52, 'cz': 37, 'rzz': 24, 'barrier': 8}",5,5,0,ok,,30.0,28.0,ok,,0.95,0.967364800501,27.0,24.0,0.95,0.967364800501,27.0,24.0,0.95,0.967364800501,27.0,24.0,custom_states,False,False,False,,
path4,path,4,monomial_full,sup023_P210_ph221,True,False,0.0,0.666667,81.0,82.8,1.47,251.0,256.8,61.0,61.0,128.0,"{'rz': 76, 'sx': 62, 'rx': 52, 'cz': 37, 'rzz': 24, 'barrier': 8}",5,5,0,ok,,30.0,28.0,ok,,0.96,0.881565516261,27.0,24.0,0.99,0.987833544029,27.0,24.0,0.99,0.987833544029,27.0,24.0,custom_states,False,False,False,,
path4,path,4,monomial_full,sup023_P210_ph222,True,False,0.0,0.666667,82.0,83.2,0.98,255.0,256.4,61.0,61.0,128.0,"{'rz': 80, 'sx': 62, 'rx': 52, 'cz': 37, 'rzz': 24, 'barrier': 8}",5,5,0,ok,,29.0,28.0,ok,,0.95,0.881565516261,26.0,24.0,0.99,0.987833544029,26.0,24.0,0.99,0.987833544029,26.0,24.0,custom_states,False,False,False,,
path4,path,4,monomial_full,sup123_P012_ph000,True,False,0.0,0.666667,80.0,82.4,1.96,251.0,255.6,61.0,61.0,128.0,"{'rz': 76, 'sx': 62, 'rx': 52, 'cz': 37, 'rzz': 24, 'barrier': 8}",5,5,0,ok,,29.0,28.0,ok,,0.97,0.881565516261,26.0,24.0,0.99,0.987833544029,26.0,24.0,0.99,0.987833544029,26.0,24.0,custom_states,False,False,False,,
path4,path,4,monomial_full,sup123_P012_ph001,True,False,0.0,0.666667,81.0,83.4,1.96,255.0,259.6,61.0,61.0,128.0,"{'rz': 80, 'sx': 62, 'rx': 52, 'cz': 37, 'rzz': 24, 'barrier': 8}",5,5,0,ok,,30.0,28.0,ok,,0.99,0.952022427351,27.0,24.0,0.99,0.952022427351,27.0,24.0,0.99,0.952022427351,27.0,24.0,custom_states,False,False,False,,
path4,path,4,monomial_full,sup123_P012_ph002,True,False,0.0,0.666667,80.0,83.0,2.45,255.0,257.4,61.0,61.0,128.0,"{'rz': 80, 'sx': 62, 'rx': 52, 'cz': 37, 'rzz': 24, 'barrier': 8}",5,5,0,ok,,30.0,28.0,ok,,0.96,0.881565516261,27.0,24.0,0.99,0.987833544029,27.0,24.0,0.99,0.987833544029,27.0,24.0,custom_states,False,False,False,,
path4,path,4,monomial_full,sup123_P012_ph010,True,False,0.0,0.666667,80.0,83.0,2.45,251.0,256.8,61.0,61.0,128.0,"{'rz': 76, 'sx': 62, 'rx': 52, 'cz': 37, 'rzz': 24, 'barrier': 8}",5,5,0,ok,,29.0,28.0,ok,,0.91,0.854852484486,26.0,24.0,0.99,0.977444366596,26.0,24.0,0.99,0.977444366596,26.0,24.0,custom_states,False,False,False,,
path4,path,4,monomial_full,sup123_P012_ph011,True,False,0.0,0.666667,80.0,83.0,2.45,251.0,256.8,61.0,61.0,128.0,"{'rz': 76, 'sx': 62, 'rx': 52, 'cz': 37, 'rzz': 24, 'barrier': 8}",5,5,0,ok,,29.0,28.0,ok,,0.95,0.881565516261,26.0,24.0,0.99,0.987833544029,26.0,24.0,0.99,0.987833544029,26.0,24.0,custom_states,False,False,False,,
path4,path,4,monomial_full,sup123_P012_ph012,True,False,0.0,0.666667,80.0,82.4,1.96,251.0,254.6,61.0,61.0,128.0,"{'rz': 76, 'sx': 62, 'rx': 52, 'cz': 37, 'rzz': 24, 'barrier': 8}",5,5,0,ok,,29.0,28.0,ok,,0.96,0.881565516261,26.0,24.0,0.99,0.987833544029,26.0,24.0,0.99,0.987833544029,26.0,24.0,custom_states,False,False,False,,
path4,path,4,monomial_full,sup123_P012_ph020,True,False,0.0,0.666667,80.0,83.0,2.45,255.0,258.6,61.0,61.0,128.0,"{'rz': 80, 'sx': 62, 'rx': 52, 'cz': 37, 'rzz': 24, 'barrier': 8}",5,5,0,ok,,30.0,28.0,ok,,0.95,0.881565516261,27.0,24.0,0.99,0.987833544029,27.0,24.0,0.99,0.987833544029,27.0,24.0,custom_states,False,False,False,,
path4,path,4,monomial_full,sup123_P012_ph021,True,False,0.0,0.666667,80.0,82.4,1.96,251.0,254.6,61.0,61.0,128.0,"{'rz': 76, 'sx': 62, 'rx': 52, 'cz': 37, 'rzz': 24, 'barrier': 8}",5,5,0,ok,,29.0,28.0,ok,,0.95,0.862044613701,26.0,24.0,0.99,0.987833544029,26.0,24.0,0.99,0.987833544029,26.0,24.0,custom_states,False,False,False,,
path4,path,4,monomial_full,sup123_P012_ph022,True,False,0.0,0.666667,81.0,83.4,1.96,255.0,260.8,61.0,61.0,128.0,"{'rz': 80, 'sx': 62, 'rx': 52, 'cz': 37, 'rzz': 24, 'barrier': 8}",5,5,0,ok,,30.0,28.0,ok,,0.93,0.857263360276,27.0,24.0,0.99,0.96067267467,27.0,24.0,0.99,0.96067267467,27.0,24.0,custom_states,False,False,False,,
path4,path,4,monomial_full,sup123_P012_ph100,True,False,0.0,0.666667,80.0,82.4,1.96,247.0,255.0,61.0,61.0,128.0,"{'rz': 72, 'sx': 62, 'rx': 52, 'cz': 37, 'rzz': 24, 'barrier': 8}",5,5,0,ok,,29.0,28.0,ok,,0.96,0.881565516261,26.0,24.0,0.99,0.987833544029,26.0,24.0,0.99,0.987833544029,26.0,24.0,custom_states,False,False,False,,
path4,path,4,monomial_full,sup123_P012_ph101,True,False,0.0,0.666667,80.0,83.0,2.45,251.0,256.8,61.0,61.0,128.0,"{'rz': 76, 'sx': 62, 'rx': 52, 'cz': 37, 'rzz': 24, 'barrier': 8}",5,5,0,ok,,29.0,28.0,ok,,0.96,0.881565516261,26.0,24.0,0.99,0.987833544029,26.0,24.0,0.99,0.987833544029,26.0,24.0,custom_states,False,False,False,,
path4,path,4,monomial_full,sup123_P012_ph102,True,False,0.0,0.666667,80.0,83.0,2.45,251.0,256.8,61.0,61.0,128.0,"{'rz': 76, 'sx': 62, 'rx': 52, 'cz': 37, 'rzz': 24, 'barrier': 8}",5,5,0,ok,,29.0,28.0,ok,,0.95,0.881565516261,26.0,24.0,0.99,0.987833544029,26.0,24.0,0.99,0.987833544029,26.0,24.0,custom_states,False,False,False,,
path4,path,4,monomial_full,sup123_P012_ph110,True,False,0.0,0.666667,81.0,83.4,1.96,255.0,260.8,61.0,61.0,128.0,"{'rz': 80, 'sx': 62, 'rx': 52, 'cz': 37, 'rzz': 24, 'barrier': 8}",5,5,0,ok,,30.0,28.0,ok,,0.95,0.892739721951,27.0,24.0,0.99,0.987255030999,27.0,24.0,0.99,0.987255030999,27.0,24.0,custom_states,False,False,False,,
path4,path,4,monomial_full,sup123_P012_ph111,True,False,0.0,0.666667,80.0,83.0,2.45,255.0,258.6,61.0,61.0,128.0,"{'rz': 80, 'sx': 62, 'rx': 52, 'cz': 37, 'rzz': 24, 'barrier': 8}",5,5,0,ok,,30.0,28.0,ok,,0.96,0.881565516261,27.0,24.0,0.99,0.987833544029,27.0,24.0,0.99,0.987833544029,27.0,24.0,custom_states,False,False,False,,
path4,path,4,monomial_full,sup123_P012_ph112,True,False,0.0,0.666667,80.0,82.4,1.96,251.0,254.6,61.0,61.0,128.0,"{'rz': 76, 'sx': 62, 'rx': 52, 'cz': 37, 'rzz': 24, 'barrier': 8}",5,5,0,ok,,29.0,28.0,ok,,0.95,0.881565516261,26.0,24.0,0.99,0.987833544029,26.0,24.0,0.99,0.987833544029,26.0,24.0,custom_states,False,False,False,,
path4,path,4,monomial_full,sup123_P012_ph120,True,False,0.0,0.666667,80.0,83.0,2.45,255.0,257.4,61.0,61.0,128.0,"{'rz': 80, 'sx': 62, 'rx': 52, 'cz': 37, 'rzz': 24, 'barrier': 8}",5,5,0,ok,,30.0,28.0,ok,,0.95,0.881565516261,27.0,24.0,0.99,0.987833544029,27.0,24.0,0.99,0.987833544029,27.0,24.0,custom_states,False,False,False,,
path4,path,4,monomial_full,sup123_P012_ph121,True,False,0.0,0.666667,80.0,82.4,1.96,251.0,251.8,61.0,61.0,128.0,"{'rz': 76, 'sx': 62, 'rx': 52, 'cz': 37, 'rzz': 24, 'barrier': 8}",5,5,0,ok,,29.0,28.0,ok,,0.96,0.881565516261,26.0,24.0,0.99,0.987833544029,26.0,24.0,0.99,0.987833544029,26.0,24.0,custom_states,False,False,False,,
path4,path,4,monomial_full,sup123_P012_ph122,True,False,0.0,0.666667,80.0,83.0,2.45,255.0,257.4,61.0,61.0,128.0,"{'rz': 80, 'sx': 62, 'rx': 52, 'cz': 37, 'rzz': 24, 'barrier': 8}",5,5,0,ok,,30.0,28.0,ok,,0.95,0.871436971471,27.0,24.0,0.99,0.985901322621,27.0,24.0,0.99,0.985901322621,27.0,24.0,custom_states,False,False,False,,
path4,path,4,monomial_full,sup123_P012_ph200,True,False,0.0,0.666667,80.0,82.4,1.96,251.0,256.8,61.0,61.0,128.0,"{'rz': 76, 'sx': 62, 'rx': 52, 'cz': 37, 'rzz': 24, 'barrier': 8}",5,5,0,ok,,29.0,28.0,ok,,0.95,0.881565516261,26.0,24.0,0.99,0.987833544029,26.0,24.0,0.99,0.987833544029,26.0,24.0,custom_states,False,False,False,,
path4,path,4,monomial_full,sup123_P012_ph201,True,False,0.0,0.666667,81.0,83.4,1.96,255.0,260.8,61.0,61.0,128.0,"{'rz': 80, 'sx': 62, 'rx': 52, 'cz': 37, 'rzz': 24, 'barrier': 8}",5,5,0,ok,,30.0,28.0,ok,,0.95,0.881565516261,27.0,24.0,0.99,0.987833544029,27.0,24.0,0.99,0.987833544029,27.0,24.0,custom_states,False,False,False,,
path4,path,4,monomial_full,sup123_P012_ph202,True,False,0.0,0.666667,81.0,83.4,1.96,255.0,260.8,61.0,61.0,128.0,"{'rz': 80, 'sx': 62, 'rx': 52, 'cz': 37, 'rzz': 24, 'barrier': 8}",5,5,0,ok,,30.0,28.0,ok,,0.99,0.952022427351,27.0,24.0,0.99,0.952022427351,27.0,24.0,0.99,0.952022427351,27.0,24.0,custom_states,False,False,False,,
path4,path,4,monomial_full,sup123_P012_ph210,True,False,0.0,0.666667,81.0,83.4,1.96,255.0,259.6,61.0,61.0,128.0,"{'rz': 80, 'sx': 62, 'rx': 52, 'cz': 37, 'rzz': 24, 'barrier': 8}",5,5,0,ok,,30.0,28.0,ok,,0.96,0.881565516261,27.0,24.0,0.99,0.987833544029,27.0,24.0,0.99,0.987833544029,27.0,24.0,custom_states,False,False,False,,
path4,path,4,monomial_full,sup123_P012_ph211,True,False,0.0,0.666667,80.0,83.0,2.45,255.0,257.4,61.0,61.0,128.0,"{'rz': 80, 'sx': 62, 'rx': 52, 'cz': 37, 'rzz': 24, 'barrier': 8}",5,5,0,ok,,30.0,28.0,ok,,0.95,0.881565516261,27.0,24.0,0.99,0.987833544029,27.0,24.0,0.99,0.987833544029,27.0,24.0,custom_states,False,False,False,,
path4,path,4,monomial_full,sup123_P012_ph212,True,False,0.0,0.666667,80.0,82.4,1.96,251.0,255.6,61.0,61.0,128.0,"{'rz': 76, 'sx': 62, 'rx': 52, 'cz': 37, 'rzz': 24, 'barrier': 8}",5,5,0,ok,,29.0,28.0,ok,,0.96,0.881565516261,26.0,24.0,0.99,0.987833544029,26.0,24.0,0.99,0.987833544029,26.0,24.0,custom_states,False,False,False,,
path4,path,4,monomial_full,sup123_P012_ph220,True,False,0.0,0.666667,80.0,83.0,2.45,251.0,256.8,61.0,61.0,128.0,"{'rz': 76, 'sx': 62, 'rx': 52, 'cz': 37, 'rzz': 24, 'barrier': 8}",5,5,0,ok,,29.0,28.0,ok,,0.96,0.881565516261,26.0,24.0,0.99,0.987833544029,26.0,24.0,0.99,0.987833544029,26.0,24.0,custom_states,False,False,False,,
path4,path,4,monomial_full,sup123_P012_ph221,True,False,0.0,0.666667,80.0,82.4,1.96,251.0,254.6,61.0,61.0,128.0,"{'rz': 76, 'sx': 62, 'rx': 52, 'cz': 37, 'rzz': 24, 'barrier': 8}",5,5,0,ok,,29.0,28.0,ok,,0.95,0.881565516261,26.0,24.0,0.99,0.987833544029,26.0,24.0,0.99,0.987833544029,26.0,24.0,custom_states,False,False,False,,
path4,path,4,monomial_full,sup123_P012_ph222,True,False,0.0,0.666667,80.0,83.0,2.45,251.0,256.8,61.0,61.0,128.0,"{'rz': 76, 'sx': 62, 'rx': 52, 'cz': 37, 'rzz': 24, 'barrier': 8}",5,5,0,ok,,29.0,28.0,ok,,0.98,0.881565516261,26.0,24.0,0.99,0.987833544029,26.0,24.0,0.99,0.987833544029,26.0,24.0,custom_states,False,False,False,,
path4,path,4,monomial_full,sup123_P021_ph000,True,False,0.0,0.666667,86.0,87.2,0.98,280.0,283.0,65.0,65.0,128.0,"{'rz': 96, 'sx': 62, 'rx': 57, 'cz': 33, 'rzz': 32, 'barrier': 8}",5,5,0,ok,,35.0,32.0,ok,,0.97,0.881565516261,32.0,28.0,0.99,0.987833544029,32.0,28.0,0.99,0.987833544029,32.0,28.0,custom_states,False,False,False,,
path4,path,4,monomial_full,sup123_P021_ph001,True,False,0.0,0.666667,85.0,86.8,1.47,281.0,286.4,65.0,65.0,128.0,"{'rz': 96, 'sx': 62, 'rx': 58, 'cz': 33, 'rzz': 32, 'barrier': 8}",5,5,0,ok,,35.0,32.0,ok,,0.95,0.967364800501,32.0,28.0,0.95,0.967364800501,32.0,28.0,0.95,0.967364800501,32.0,28.0,custom_states,False,False,False,,
path4,path,4,monomial_full,sup123_P021_ph002,True,False,0.0,0.666667,86.0,87.2,0.98,281.0,285.0,65.0,65.0,128.0,"{'rz': 97, 'sx': 62, 'rx': 57, 'cz': 33, 'rzz': 32, 'barrier': 8}",5,5,0,ok,,35.0,32.0,ok,,0.97,0.881565516261,32.0,28.0,0.99,0.987833544029,32.0,28.0,0.99,0.987833544029,32.0,28.0,custom_states,False,False,False,,
path4,path,4,monomial_full,sup123_P021_ph010,True,False,0.0,0.666667,86.0,87.2,0.98,288.0,290.2,65.0,65.0,128.0,"{'rz': 100, 'sx': 62, 'rx': 61, 'cz': 33, 'rzz': 32, 'barrier': 8}",5,5,0,ok,,35.0,32.0,ok,,0.96,0.899848527184,32.0,28.0,0.99,0.987833544029,32.0,28.0,0.99,0.987833544029,32.0,28.0,custom_states,False,False,False,,
path4,path,4,monomial_full,sup123_P021_ph011,True,False,0.0,0.666667,86.0,87.2,0.98,281.0,284.2,65.0,65.0,128.0,"{'rz': 97, 'sx': 62, 'rx': 57, 'cz': 33, 'rzz': 32, 'barrier': 8}",5,5,0,ok,,35.0,32.0,ok,,0.97,0.899848527184,32.0,28.0,0.99,0.987833544029,32.0,28.0,0.99,0.987833544029,32.0,28.0,custom_states,False,False,False,,
path4,path,4,monomial_full,sup123_P021_ph012,True,False,0.0,0.666667,86.0,87.2,0.98,284.0,286.2,65.0,65.0,128.0,"{'rz': 100, 'sx': 62, 'rx': 57, 'cz': 33, 'rzz': 32, 'barrier': 8}",5,5,0,ok,,35.0,32.0,ok,,0.98,0.881565516261,32.0,28.0,0.99,0.987833544029,32.0,28.0,0.99,0.987833544029,32.0,28.0,custom_states,False,False,False,,
path4,path,4,monomial_full,sup123_P021_ph020,True,False,0.0,0.666667,86.0,86.6,0.49,288.0,286.6,65.0,65.0,128.0,"{'rz': 100, 'sx': 62, 'rx': 61, 'cz': 33, 'rzz': 32, 'barrier': 8}",5,5,0,ok,,35.0,32.0,ok,,0.99,0.987833544029,32.0,28.0,0.99,0.987833544029,32.0,28.0,0.99,0.987833544029,32.0,28.0,custom_states,False,False,False,,
path4,path,4,monomial_full,sup123_P021_ph021,True,False,0.0,0.666667,86.0,87.2,0.98,285.0,286.0,65.0,65.0,128.0,"{'rz': 100, 'sx': 62, 'rx': 58, 'cz': 33, 'rzz': 32, 'barrier': 8}",5,5,0,ok,,35.0,32.0,ok,,0.96,0.881565516261,32.0,28.0,0.99,0.987833544029,32.0,28.0,0.99,0.987833544029,32.0,28.0,custom_states,False,False,False,,
path4,path,4,monomial_full,sup123_P021_ph022,True,False,0.0,0.666667,86.0,87.2,0.98,287.0,288.2,65.0,65.0,128.0,"{'rz': 100, 'sx': 62, 'rx': 60, 'cz': 33, 'rzz': 32, 'barrier': 8}",5,5,0,ok,,35.0,32.0,ok,,0.97,0.881565516261,32.0,28.0,0.99,0.987833544029,32.0,28.0,0.99,0.987833544029,32.0,28.0,custom_states,False,False,False,,
path4,path,4,monomial_full,sup123_P021_ph100,True,False,0.0,0.666667,86.0,87.2,0.98,283.0,282.8,65.0,65.0,128.0,"{'rz': 99, 'sx': 62, 'rx': 57, 'cz': 33, 'rzz': 32, 'barrier': 8}",5,5,0,ok,,35.0,32.0,ok,,0.95,0.881565516261,32.0,28.0,0.99,0.987833544029,32.0,28.0,0.99,0.987833544029,32.0,28.0,custom_states,False,False,False,,
path4,path,4,monomial_full,sup123_P021_ph101,True,False,0.0,0.666667,86.0,87.2,0.98,288.0,289.4,65.0,65.0,128.0,"{'rz': 100, 'sx': 62, 'rx': 61, 'cz': 33, 'rzz': 32, 'barrier': 8}",5,5,0,ok,,35.0,32.0,ok,,0.96,0.881565516261,32.0,28.0,0.99,0.987833544029,32.0,28.0,0.99,0.987833544029,32.0,28.0,custom_states,False,False,False,,
path4,path,4,monomial_full,sup123_P021_ph102,True,False,0.0,0.666667,86.0,87.2,0.98,284.0,284.8,65.0,65.0,128.0,"{'rz': 100, 'sx': 62, 'rx': 57, 'cz': 33, 'rzz': 32, 'barrier': 8}",5,5,0,ok,,35.0,32.0,ok,,0.97,0.881565516261,32.0,28.0,0.99,0.987833544029,32.0,28.0,0.99,0.987833544029,32.0,28.0,custom_states,False,False,False,,
path4,path,4,monomial_full,sup123_P021_ph110,True,False,0.0,0.666667,85.0,86.8,1.47,283.0,285.6,65.0,65.0,128.0,"{'rz': 99, 'sx': 62, 'rx': 57, 'cz': 33, 'rzz': 32, 'barrier': 8}",5,5,0,ok,,35.0,32.0,ok,,0.96,0.881565516261,32.0,28.0,0.99,0.987833544029,32.0,28.0,0.99,0.987833544029,32.0,28.0,custom_states,False,False,False,,
path4,path,4,monomial_full,sup123_P021_ph111,True,False,0.0,0.666667,85.0,86.8,1.47,283.0,286.4,65.0,65.0,128.0,"{'rz': 96, 'sx': 62, 'rx': 60, 'cz': 33, 'rzz': 32, 'barrier': 8}",5,5,0,ok,,35.0,32.0,ok,,0.97,0.881565516261,32.0,28.0,0.99,0.987833544029,32.0,28.0,0.99,0.987833544029,32.0,28.0,custom_states,False,False,False,,
path4,path,4,monomial_full,sup123_P021_ph112,True,False,0.0,0.666667,85.0,86.8,1.47,287.0,289.6,65.0,65.0,128.0,"{'rz': 99, 'sx': 62, 'rx': 61, 'cz': 33, 'rzz': 32, 'barrier': 8}",5,5,0,ok,,35.0,32.0,ok,,0.97,0.881565516261,32.0,28.0,0.99,0.987833544029,32.0,28.0,0.99,0.987833544029,32.0,28.0,custom_states,False,False,False,,
path4,path,4,monomial_full,sup123_P021_ph120,True,False,0.0,0.666667,86.0,87.2,0.98,285.0,288.2,65.0,65.0,128.0,"{'rz': 100, 'sx': 62, 'rx': 58, 'cz': 33, 'rzz': 32, 'barrier': 8}",5,5,0,ok,,35.0,32.0,ok,,0.98,0.881565516261,32.0,28.0,0.99,0.987833544029,32.0,28.0,0.99,0.987833544029,32.0,28.0,custom_states,False,False,False,,
path4,path,4,monomial_full,sup123_P021_ph121,True,False,0.0,0.666667,86.0,87.2,0.98,287.0,288.2,65.0,65.0,128.0,"{'rz': 100, 'sx': 62, 'rx': 60, 'cz': 33, 'rzz': 32, 'barrier': 8}",5,5,0,ok,,35.0,32.0,ok,,0.99,0.946673107426,32.0,28.0,0.99,0.946673107426,32.0,28.0,,,,,custom_states,False,False,False,,
path4,path,4,monomial_full,sup123_P021_ph122,True,False,0.0,0.666667,86.0,87.2,0.98,281.0,284.2,65.0,65.0,128.0,"{'rz': 97, 'sx': 62, 'rx': 57, 'cz': 33, 'rzz': 32, 'barrier': 8}",5,5,0,ok,,35.0,32.0,ok,,0.95,0.878524862232,31.0,28.0,0.99,0.987433369831,31.0,28.0,0.99,0.987433369831,31.0,28.0,custom_states,False,False,False,,
path4,path,4,monomial_full,sup123_P021_ph200,True,False,0.0,0.666667,86.0,87.2,0.98,283.0,284.2,65.0,65.0,128.0,"{'rz': 99, 'sx': 62, 'rx': 57, 'cz': 33, 'rzz': 32, 'barrier': 8}",5,5,0,ok,,35.0,32.0,ok,,0.99,0.942059753204,32.0,28.0,0.99,0.942059753204,32.0,28.0,,,,,custom_states,False,False,False,,
path4,path,4,monomial_full,sup123_P021_ph201,True,False,0.0,0.666667,86.0,87.2,0.98,287.0,288.2,65.0,65.0,128.0,"{'rz': 100, 'sx': 62, 'rx': 60, 'cz': 33, 'rzz': 32, 'barrier': 8}",5,5,0,ok,,35.0,32.0,ok,,0.97,0.899848527184,32.0,28.0,0.99,0.987833544029,32.0,28.0,0.99,0.987833544029,32.0,28.0,custom_states,False,False,False,,
path4,path,4,monomial_full,sup123_P021_ph202,True,False,0.0,0.666667,86.0,87.2,0.98,284.0,286.2,65.0,65.0,128.0,"{'rz': 100, 'sx': 62, 'rx': 57, 'cz': 33, 'rzz': 32, 'barrier': 8}",5,5,0,ok,,35.0,32.0,ok,,0.97,0.881565516261,32.0,28.0,0.99,0.987833544029,32.0,28.0,0.99,0.987833544029,32.0,28.0,custom_states,False,False,False,,
path4,path,4,monomial_full,sup123_P021_ph210,True,False,0.0,0.666667,86.0,87.2,0.98,287.0,288.2,65.0,65.0,128.0,"{'rz': 100, 'sx': 62, 'rx': 60, 'cz': 33, 'rzz': 32, 'barrier': 8}",5,5,0,ok,,35.0,32.0,ok,,0.96,0.881565516261,31.0,28.0,0.99,0.987833544029,32.0,28.0,0.99,0.987833544029,32.0,28.0,custom_states,False,False,False,,
path4,path,4,monomial_full,sup123_P021_ph211,True,False,0.0,0.666667,86.0,87.2,0.98,281.0,282.0,65.0,65.0,128.0,"{'rz': 96, 'sx': 62, 'rx': 58, 'cz': 33, 'rzz': 32, 'barrier': 8}",5,5,0,ok,,35.0,32.0,ok,,0.95,0.881565516261,32.0,28.0,0.99,0.987833544029,32.0,28.0,0.99,0.987833544029,32.0,28.0,custom_states,False,False,False,,
path4,path,4,monomial_full,sup123_P021_ph212,True,False,0.0,0.666667,86.0,87.2,0.98,285.0,286.0,65.0,65.0,128.0,"{'rz': 100, 'sx': 62, 'rx': 58, 'cz': 33, 'rzz': 32, 'barrier': 8}",5,5,0,ok,,35.0,32.0,ok,,0.99,0.933476310562,31.0,28.0,0.99,0.933476310562,31.0,28.0,,,,,custom_states,False,False,False,,
path4,path,4,monomial_full,sup123_P021_ph220,True,False,0.0,0.666667,85.0,86.8,1.47,283.0,286.4,65.0,65.0,128.0,"{'rz': 96, 'sx': 62, 'rx': 60, 'cz': 33, 'rzz': 32, 'barrier': 8}",5,5,0,ok,,35.0,32.0,ok,,0.97,0.881565516261,32.0,28.0,0.99,0.987833544029,32.0,28.0,0.99,0.987833544029,32.0,28.0,custom_states,False,False,False,,
path4,path,4,monomial_full,sup123_P021_ph221,True,False,0.0,0.666667,86.0,87.2,0.98,285.0,289.0,65.0,65.0,128.0,"{'rz': 97, 'sx': 62, 'rx': 61, 'cz': 33, 'rzz': 32, 'barrier': 8}",5,5,0,ok,,35.0,32.0,ok,,0.96,0.881565516261,32.0,28.0,0.99,0.987833544029,32.0,28.0,0.99,0.987833544029,32.0,28.0,custom_states,False,False,False,,
path4,path,4,monomial_full,sup123_P021_ph222,True,False,0.0,0.666667,85.0,86.8,1.47,283.0,286.4,65.0,65.0,128.0,"{'rz': 96, 'sx': 62, 'rx': 60, 'cz': 33, 'rzz': 32, 'barrier': 8}",5,5,0,ok,,35.0,32.0,ok,,0.97,0.881565516261,32.0,28.0,0.99,0.987833544029,32.0,28.0,0.99,0.987833544029,32.0,28.0,custom_states,False,False,False,,
path4,path,4,monomial_full,sup123_P102_ph000,True,False,0.0,0.666667,87.0,87.0,0.0,291.0,291.2,65.0,65.0,128.0,"{'rz': 100, 'rx': 70, 'sx': 56, 'rzz': 35, 'cz': 30, 'barrier': 8}",5,5,0,ok,,35.0,32.0,ok,,0.96,0.881565516261,32.0,28.0,0.99,0.987833544029,32.0,28.0,0.99,0.987833544029,32.0,28.0,custom_states,False,False,False,,
path4,path,4,monomial_full,sup123_P102_ph001,True,False,0.0,0.666667,86.0,86.4,0.49,289.0,290.0,65.0,65.0,128.0,"{'rz': 100, 'rx': 68, 'sx': 56, 'rzz': 35, 'cz': 30, 'barrier': 8}",5,5,0,ok,,35.0,32.0,ok,,0.97,0.881565516261,32.0,28.0,0.99,0.987833544029,32.0,28.0,0.99,0.987833544029,32.0,28.0,custom_states,False,False,False,,
path4,path,4,monomial_full,sup123_P102_ph002,True,False,0.0,0.666667,87.0,87.0,0.0,290.0,290.8,65.0,65.0,128.0,"{'rz': 101, 'rx': 68, 'sx': 56, 'rzz': 35, 'cz': 30, 'barrier': 8}",5,5,0,ok,,35.0,32.0,ok,,0.96,0.881565516261,32.0,28.0,0.99,0.987833544029,32.0,28.0,0.99,0.987833544029,32.0,28.0,custom_states,False,False,False,,
path4,path,4,monomial_full,sup123_P102_ph010,True,False,0.0,0.666667,87.0,88.2,0.98,283.0,288.8,65.0,65.0,128.0,"{'rz': 92, 'rx': 64, 'sx': 62, 'cz': 33, 'rzz': 32, 'barrier': 8}",5,5,0,ok,,35.0,32.0,ok,,0.95,0.881565516261,32.0,28.0,0.99,0.987833544029,32.0,28.0,0.99,0.987833544029,32.0,28.0,custom_states,False,False,False,,
path4,path,4,monomial_full,sup123_P102_ph011,True,False,0.0,0.666667,87.0,88.2,0.98,288.0,293.4,65.0,65.0,128.0,"{'rz': 97, 'rx': 64, 'sx': 62, 'cz': 33, 'rzz': 32, 'barrier': 8}",5,5,0,ok,,35.0,32.0,ok,,0.95,0.881565516261,32.0,28.0,0.99,0.987833544029,32.0,28.0,0.99,0.987833544029,32.0,28.0,custom_states,False,False,False,,
path4,path,4,monomial_full,sup123_P102_ph012,True,False,0.0,0.666667,87.0,88.2,0.98,287.0,292.8,65.0,65.0,128.0,"{'rz': 96, 'rx': 64, 'sx': 62, 'cz': 33, 'rzz': 32, 'barrier': 8}",5,5,0,ok,,35.0,32.0,ok,,0.96,0.881565516261,32.0,28.0,0.99,0.987833544029,32.0,28.0,0.99,0.987833544029,32.0,28.0,custom_states,False,False,False,,
path4,path,4,monomial_full,sup123_P102_ph020,True,False,0.0,0.666667,87.0,88.2,0.98,290.0,292.6,65.0,65.0,128.0,"{'rz': 99, 'rx': 64, 'sx': 62, 'cz': 33, 'rzz': 32, 'barrier': 8}",5,5,0,ok,,35.0,32.0,ok,,0.95,0.881565516261,32.0,28.0,0.99,0.987833544029,32.0,28.0,0.99,0.987833544029,32.0,28.0,custom_states,False,False,False,,
path4,path,4,monomial_full,sup123_P102_ph021,True,False,0.0,0.666667,87.0,88.2,0.98,291.0,294.6,65.0,65.0,128.0,"{'rz': 100, 'rx': 64, 'sx': 62, 'cz': 33, 'rzz': 32, 'barrier': 8}",5,5,0,ok,,35.0,32.0,ok,,0.96,0.881565516261,32.0,28.0,0.99,0.987833544029,32.0,28.0,0.99,0.987833544029,32.0,28.0,custom_states,False,False,False,,
path4,path,4,monomial_full,sup123_P102_ph022,True,False,0.0,0.666667,87.0,88.2,0.98,291.0,294.6,65.0,65.0,128.0,"{'rz': 100, 'rx': 64, 'sx': 62, 'cz': 33, 'rzz': 32, 'barrier': 8}",5,5,0,ok,,35.0,32.0,ok,,0.97,0.881565516261,32.0,28.0,0.99,0.987833544029,32.0,28.0,0.99,0.987833544029,32.0,28.0,custom_states,False,False,False,,
path4,path,4,monomial_full,sup123_P102_ph100,True,False,0.0,0.666667,87.0,88.2,0.98,291.0,294.6,65.0,65.0,128.0,"{'rz': 100, 'rx': 64, 'sx': 62, 'cz': 33, 'rzz': 32, 'barrier': 8}",5,5,0,ok,,35.0,32.0,ok,,0.95,0.881565516261,32.0,28.0,0.99,0.987833544029,32.0,28.0,0.99,0.987833544029,32.0,28.0,custom_states,False,False,False,,
path4,path,4,monomial_full,sup123_P102_ph101,True,False,0.0,0.666667,87.0,88.2,0.98,290.0,292.6,65.0,65.0,128.0,"{'rz': 99, 'rx': 64, 'sx': 62, 'cz': 33, 'rzz': 32, 'barrier': 8}",5,5,0,ok,,35.0,32.0,ok,,0.95,0.881565516261,32.0,28.0,0.99,0.987833544029,32.0,28.0,0.99,0.987833544029,32.0,28.0,custom_states,False,False,False,,
path4,path,4,monomial_full,sup123_P102_ph102,True,False,0.0,0.666667,87.0,88.2,0.98,291.0,294.6,65.0,65.0,128.0,"{'rz': 100, 'rx': 64, 'sx': 62, 'cz': 33, 'rzz': 32, 'barrier': 8}",5,5,0,ok,,35.0,32.0,ok,,0.95,0.967364800501,32.0,28.0,0.95,0.967364800501,32.0,28.0,0.95,0.967364800501,32.0,28.0,custom_states,False,False,False,,
path4,path,4,monomial_full,sup123_P102_ph110,True,False,0.0,0.666667,86.0,87.2,0.98,287.0,291.6,65.0,65.0,128.0,"{'rz': 96, 'rx': 64, 'sx': 62, 'cz': 33, 'rzz': 32, 'barrier': 8}",5,5,0,ok,,35.0,32.0,ok,,0.97,0.881565516261,32.0,28.0,0.99,0.987833544029,32.0,28.0,0.99,0.987833544029,32.0,28.0,custom_states,False,False,False,,
path4,path,4,monomial_full,sup123_P102_ph111,True,False,0.0,0.666667,87.0,87.0,0.0,287.0,288.2,65.0,65.0,128.0,"{'rz': 96, 'rx': 64, 'sx': 62, 'cz': 33, 'rzz': 32, 'barrier': 8}",5,5,0,ok,,35.0,32.0,ok,,0.95,0.881565516261,32.0,28.0,0.99,0.987833544029,32.0,28.0,0.99,0.987833544029,32.0,28.0,custom_states,False,False,False,,
path4,path,4,monomial_full,sup123_P102_ph112,True,False,0.0,0.666667,86.0,86.6,0.49,287.0,289.0,65.0,65.0,128.0,"{'rz': 96, 'rx': 64, 'sx': 62, 'cz': 33, 'rzz': 32, 'barrier': 8}",5,5,0,ok,,35.0,32.0,ok,,0.95,0.881565516261,32.0,28.0,0.99,0.987833544029,32.0,28.0,0.99,0.987833544029,32.0,28.0,custom_states,False,False,False,,
path4,path,4,monomial_full,sup123_P102_ph120,True,False,0.0,0.666667,87.0,88.2,0.98,288.0,293.4,65.0,65.0,128.0,"{'rz': 97, 'rx': 64, 'sx': 62, 'cz': 33, 'rzz': 32, 'barrier': 8}",5,5,0,ok,,35.0,32.0,ok,,0.96,0.881565516261,32.0,28.0,0.99,0.987833544029,32.0,28.0,0.99,0.987833544029,32.0,28.0,custom_states,False,False,False,,
path4,path,4,monomial_full,sup123_P102_ph121,True,False,0.0,0.666667,87.0,88.2,0.98,283.0,288.8,65.0,65.0,128.0,"{'rz': 92, 'rx': 64, 'sx': 62, 'cz': 33, 'rzz': 32, 'barrier': 8}",5,5,0,ok,,35.0,32.0,ok,,0.99,0.987833544029,32.0,28.0,0.99,0.987833544029,32.0,28.0,0.99,0.987833544029,32.0,28.0,custom_states,False,False,False,,
path4,path,4,monomial_full,sup123_P102_ph122,True,False,0.0,0.666667,87.0,88.2,0.98,288.0,293.4,65.0,65.0,128.0,"{'rz': 97, 'rx': 64, 'sx': 62, 'cz': 33, 'rzz': 32, 'barrier': 8}",5,5,0,ok,,35.0,32.0,ok,,0.98,0.901564083794,32.0,28.0,0.98,0.901564083794,32.0,28.0,0.99,0.981866520367,32.0,28.0,custom_states,False,False,False,,
path4,path,4,monomial_full,sup123_P102_ph200,True,False,0.0,0.666667,87.0,88.2,0.98,291.0,294.6,65.0,65.0,128.0,"{'rz': 100, 'rx': 64, 'sx': 62, 'cz': 33, 'rzz': 32, 'barrier': 8}",5,5,0,ok,,35.0,32.0,ok,,0.95,0.967364800501,32.0,28.0,0.95,0.967364800501,32.0,28.0,0.95,0.967364800501,32.0,28.0,custom_states,False,False,False,,
path4,path,4,monomial_full,sup123_P102_ph201,True,False,0.0,0.666667,87.0,88.2,0.98,290.0,294.0,65.0,65.0,128.0,"{'rz': 99, 'rx': 64, 'sx': 62, 'cz': 33, 'rzz': 32, 'barrier': 8}",5,5,0,ok,,35.0,32.0,ok,,0.97,0.879302069407,31.0,28.0,0.99,0.987552341814,31.0,28.0,0.99,0.987552341814,31.0,28.0,custom_states,False,False,False,,
path4,path,4,monomial_full,sup123_P102_ph202,True,False,0.0,0.666667,87.0,88.2,0.98,291.0,294.6,65.0,65.0,128.0,"{'rz': 100, 'rx': 64, 'sx': 62, 'cz': 33, 'rzz': 32, 'barrier': 8}",5,5,0,ok,,35.0,32.0,ok,,0.97,0.881565516261,32.0,28.0,0.99,0.987833544029,32.0,28.0,0.99,0.987833544029,32.0,28.0,custom_states,False,False,False,,
path4,path,4,monomial_full,sup123_P102_ph210,True,False,0.0,0.666667,87.0,88.2,0.98,291.0,294.6,65.0,65.0,128.0,"{'rz': 100, 'rx': 64, 'sx': 62, 'cz': 33, 'rzz': 32, 'barrier': 8}",5,5,0,ok,,35.0,32.0,ok,,0.96,0.881565516261,32.0,28.0,0.99,0.987833544029,32.0,28.0,0.99,0.987833544029,32.0,28.0,custom_states,False,False,False,,
path4,path,4,monomial_full,sup123_P102_ph211,True,False,0.0,0.666667,87.0,88.2,0.98,291.0,294.6,65.0,65.0,128.0,"{'rz': 100, 'rx': 64, 'sx': 62, 'cz': 33, 'rzz': 32, 'barrier': 8}",5,5,0,ok,,35.0,32.0,ok,,0.96,0.881565516261,32.0,28.0,0.99,0.987833544029,32.0,28.0,0.99,0.987833544029,32.0,28.0,custom_states,False,False,False,,
path4,path,4,monomial_full,sup123_P102_ph212,True,False,0.0,0.666667,87.0,88.2,0.98,287.0,290.6,65.0,65.0,128.0,"{'rz': 96, 'rx': 64, 'sx': 62, 'cz': 33, 'rzz': 32, 'barrier': 8}",5,5,0,ok,,35.0,32.0,ok,,0.95,0.881565516261,32.0,28.0,0.99,0.987833544029,32.0,28.0,0.99,0.987833544029,32.0,28.0,custom_states,False,False,False,,
path4,path,4,monomial_full,sup123_P102_ph220,True,False,0.0,0.666667,87.0,87.0,0.0,290.0,290.8,65.0,65.0,128.0,"{'rz': 101, 'rx': 68, 'sx': 56, 'rzz': 35, 'cz': 30, 'barrier': 8}",5,5,0,ok,,35.0,32.0,ok,,0.95,0.881565516261,32.0,28.0,0.99,0.987833544029,32.0,28.0,0.99,0.987833544029,32.0,28.0,custom_states,False,False,False,,
path4,path,4,monomial_full,sup123_P102_ph221,True,False,0.0,0.666667,87.0,87.0,0.0,290.0,290.8,65.0,65.0,128.0,"{'rz': 101, 'rx': 68, 'sx': 56, 'rzz': 35, 'cz': 30, 'barrier': 8}",5,5,0,ok,,35.0,32.0,ok,,0.96,0.878941649748,31.0,28.0,0.99,0.987833544029,32.0,28.0,0.99,0.987833544029,32.0,28.0,custom_states,False,False,False,,
path4,path,4,monomial_full,sup123_P102_ph222,True,False,0.0,0.666667,87.0,87.0,0.0,288.0,288.8,65.0,65.0,128.0,"{'rz': 97, 'rx': 64, 'sx': 62, 'cz': 33, 'rzz': 32, 'barrier': 8}",5,5,0,ok,,35.0,32.0,ok,,0.99,0.987833544029,32.0,28.0,0.99,0.987833544029,32.0,28.0,0.99,0.987833544029,32.0,28.0,custom_states,False,False,False,,
path4,path,4,monomial_full,sup123_P120_ph000,True,False,0.0,0.666667,87.0,87.6,0.49,295.0,295.2,65.0,65.0,128.0,"{'rz': 104, 'rx': 64, 'sx': 62, 'cz': 33, 'rzz': 32, 'barrier': 8}",5,5,0,ok,,35.0,32.0,ok,,0.96,0.881565516261,32.0,28.0,0.99,0.987833544029,32.0,28.0,0.99,0.987833544029,32.0,28.0,custom_states,False,False,False,,
path4,path,4,monomial_full,sup123_P120_ph001,True,False,0.0,0.666667,87.0,87.6,0.49,299.0,300.2,65.0,65.0,128.0,"{'rz': 108, 'rx': 64, 'sx': 62, 'cz': 33, 'rzz': 32, 'barrier': 8}",5,5,0,ok,,35.0,32.0,ok,,0.97,0.881565516261,32.0,28.0,0.99,0.987833544029,32.0,28.0,0.99,0.987833544029,32.0,28.0,custom_states,False,False,False,,
path4,path,4,monomial_full,sup123_P120_ph002,True,False,0.0,0.666667,87.0,87.6,0.49,299.0,300.2,65.0,65.0,128.0,"{'rz': 108, 'rx': 64, 'sx': 62, 'cz': 33, 'rzz': 32, 'barrier': 8}",5,5,0,ok,,35.0,32.0,ok,,0.97,0.901637574514,32.0,28.0,0.97,0.901637574514,32.0,28.0,0.99,0.987833544029,32.0,28.0,custom_states,False,False,False,,
path4,path,4,monomial_full,sup123_P120_ph010,True,False,0.0,0.666667,89.0,89.6,0.49,307.0,307.2,69.0,69.0,128.0,"{'rz': 108, 'rx': 68, 'sx': 62, 'rzz': 36, 'cz': 33, 'barrier': 8}",5,5,0,ok,,37.0,36.0,ok,,0.96,0.881565516261,34.0,32.0,0.99,0.987833544029,34.0,32.0,0.99,0.987833544029,34.0,32.0,custom_states,False,False,False,,
path4,path,4,monomial_full,sup123_P120_ph011,True,False,0.0,0.666667,88.0,88.6,0.49,303.0,304.2,69.0,69.0,128.0,"{'rz': 108, 'rx': 64, 'sx': 62, 'rzz': 36, 'cz': 33, 'barrier': 8}",5,5,0,ok,,36.0,36.0,ok,,0.95,0.887139811579,33.0,32.0,0.99,0.98527859847,33.0,32.0,0.99,0.98527859847,33.0,32.0,custom_states,False,False,False,,
path4,path,4,monomial_full,sup123_P120_ph012,True,False,0.0,0.666667,89.0,89.6,0.49,311.0,312.2,69.0,69.0,128.0,"{'rz': 108, 'rx': 72, 'sx': 62, 'rzz': 36, 'cz': 33, 'barrier': 8}",5,5,0,ok,,37.0,36.0,ok,,0.96,0.881565516261,34.0,32.0,0.99,0.987833544029,34.0,32.0,0.99,0.987833544029,34.0,32.0,custom_states,False,False,False,,
path4,path,4,monomial_full,sup123_P120_ph020,True,False,0.0,0.666667,89.0,89.6,0.49,308.0,309.2,69.0,69.0,128.0,"{'rz': 108, 'rx': 69, 'sx': 62, 'rzz': 36, 'cz': 33, 'barrier': 8}",5,5,0,ok,,37.0,36.0,ok,,0.95,0.881565516261,34.0,32.0,0.99,0.987833544029,34.0,32.0,0.99,0.987833544029,34.0,32.0,custom_states,False,False,False,,
path4,path,4,monomial_full,sup123_P120_ph021,True,False,0.0,0.666667,89.0,89.6,0.49,307.0,308.2,69.0,69.0,128.0,"{'rz': 108, 'rx': 68, 'sx': 62, 'rzz': 36, 'cz': 33, 'barrier': 8}",5,5,0,ok,,37.0,36.0,ok,,0.97,0.903664810016,34.0,32.0,0.97,0.903664810016,34.0,32.0,,,,,custom_states,False,False,False,,
path4,path,4,monomial_full,sup123_P120_ph022,True,False,0.0,0.666667,89.0,89.6,0.49,307.0,307.2,69.0,69.0,128.0,"{'rz': 108, 'rx': 68, 'sx': 62, 'rzz': 36, 'cz': 33, 'barrier': 8}",5,5,0,ok,,37.0,36.0,ok,,0.97,0.881565516261,34.0,32.0,0.99,0.987833544029,34.0,32.0,0.99,0.987833544029,34.0,32.0,custom_states,False,False,False,,
path4,path,4,monomial_full,sup123_P120_ph100,True,False,0.0,0.666667,89.0,89.6,0.49,307.0,307.2,69.0,69.0,128.0,"{'rz': 108, 'rx': 68, 'sx': 62, 'rzz': 36, 'cz': 33, 'barrier': 8}",5,5,0,ok,,37.0,36.0,ok,,0.97,0.881565516261,34.0,32.0,0.99,0.987833544029,34.0,32.0,0.99,0.987833544029,34.0,32.0,custom_states,False,False,False,,
path4,path,4,monomial_full,sup123_P120_ph101,True,False,0.0,0.666667,89.0,89.6,0.49,308.0,310.2,69.0,69.0,128.0,"{'rz': 108, 'rx': 69, 'sx': 62, 'rzz': 36, 'cz': 33, 'barrier': 8}",5,5,0,ok,,37.0,36.0,ok,,0.97,0.881565516261,34.0,32.0,0.99,0.987833544029,34.0,32.0,0.99,0.987833544029,34.0,32.0,custom_states,False,False,False,,
path4,path,4,monomial_full,sup123_P120_ph102,True,False,0.0,0.666667,89.0,89.6,0.49,311.0,312.2,69.0,69.0,128.0,"{'rz': 108, 'rx': 72, 'sx': 62, 'rzz': 36, 'cz': 33, 'barrier': 8}",5,5,0,ok,,37.0,36.0,ok,,0.95,0.878929083199,34.0,32.0,0.99,0.987496609259,34.0,32.0,0.99,0.987496609259,34.0,32.0,custom_states,False,False,False,,
path4,path,4,monomial_full,sup123_P120_ph110,True,False,0.0,0.666667,89.0,89.6,0.49,307.0,307.2,69.0,69.0,128.0,"{'rz': 108, 'rx': 68, 'sx': 62, 'rzz': 36, 'cz': 33, 'barrier': 8}",5,5,0,ok,,37.0,36.0,ok,,0.97,0.881565516261,34.0,32.0,0.99,0.987833544029,34.0,32.0,0.99,0.987833544029,34.0,32.0,custom_states,False,False,False,,
path4,path,4,monomial_full,sup123_P120_ph111,True,False,0.0,0.666667,89.0,89.6,0.49,306.0,306.2,69.0,69.0,128.0,"{'rz': 108, 'rx': 67, 'sx': 62, 'rzz': 36, 'cz': 33, 'barrier': 8}",5,5,0,ok,,37.0,36.0,ok,,0.97,0.881565516261,34.0,32.0,0.99,0.987833544029,34.0,32.0,0.99,0.987833544029,34.0,32.0,custom_states,False,False,False,,
path4,path,4,monomial_full,sup123_P120_ph112,True,False,0.0,0.666667,89.0,89.6,0.49,307.0,307.2,69.0,69.0,128.0,"{'rz': 108, 'rx': 68, 'sx': 62, 'rzz': 36, 'cz': 33, 'barrier': 8}",5,5,0,ok,,37.0,36.0,ok,,0.97,0.881565516261,34.0,32.0,0.99,0.987833544029,34.0,32.0,0.99,0.987833544029,34.0,32.0,custom_states,False,False,False,,
path4,path,4,monomial_full,sup123_P120_ph120,True,False,0.0,0.666667,87.0,87.6,0.49,299.0,299.2,65.0,65.0,128.0,"{'rz': 108, 'rx': 64, 'sx': 62, 'cz': 33, 'rzz': 32, 'barrier': 8}",5,5,0,ok,,35.0,32.0,ok,,0.97,0.881565516261,32.0,28.0,0.99,0.987833544029,32.0,28.0,0.99,0.987833544029,32.0,28.0,custom_states,False,False,False,,
path4,path,4,monomial_full,sup123_P120_ph121,True,False,0.0,0.666667,87.0,87.6,0.49,299.0,300.2,65.0,65.0,128.0,"{'rz': 108, 'rx': 64, 'sx': 62, 'cz': 33, 'rzz': 32, 'barrier': 8}",5,5,0,ok,,35.0,32.0,ok,,0.99,0.930703753371,32.0,28.0,0.99,0.930703753371,32.0,28.0,,,,,custom_states,False,False,False,,
path4,path,4,monomial_full,sup123_P120_ph122,True,False,0.0,0.666667,87.0,87.6,0.49,299.0,300.2,65.0,65.0,128.0,"{'rz': 108, 'rx': 64, 'sx': 62, 'cz': 33, 'rzz': 32, 'barrier': 8}",5,5,0,ok,,35.0,32.0,ok,,0.97,0.905300139864,32.0,28.0,0.97,0.905300139864,32.0,28.0,0.99,0.956331963907,32.0,28.0,custom_states,False,False,False,,
path4,path,4,monomial_full,sup123_P120_ph200,True,False,0.0,0.666667,89.0,89.6,0.49,307.0,307.2,69.0,69.0,128.0,"{'rz': 108, 'rx': 68, 'sx': 62, 'rzz': 36, 'cz': 33, 'barrier': 8}",5,5,0,ok,,37.0,36.0,ok,,0.97,0.881565516261,34.0,32.0,0.99,0.987833544029,34.0,32.0,0.99,0.987833544029,34.0,32.0,custom_states,False,False,False,,
path4,path,4,monomial_full,sup123_P120_ph201,True,False,0.0,0.666667,89.0,89.6,0.49,307.0,308.2,69.0,69.0,128.0,"{'rz': 108, 'rx': 68, 'sx': 62, 'rzz': 36, 'cz': 33, 'barrier': 8}",5,5,0,ok,,37.0,36.0,ok,,0.97,0.903664810016,34.0,32.0,0.97,0.903664810016,34.0,32.0,,,,,custom_states,False,False,False,,
path4,path,4,monomial_full,sup123_P120_ph202,True,False,0.0,0.666667,89.0,89.6,0.49,307.0,307.2,69.0,69.0,128.0,"{'rz': 107, 'rx': 69, 'sx': 62, 'rzz': 36, 'cz': 33, 'barrier': 8}",5,5,0,ok,,37.0,36.0,ok,,0.97,0.881565516261,34.0,32.0,0.99,0.987833544029,34.0,32.0,0.99,0.987833544029,34.0,32.0,custom_states,False,False,False,,
path4,path,4,monomial_full,sup123_P120_ph210,True,False,0.0,0.666667,87.0,87.6,0.49,299.0,299.2,65.0,65.0,128.0,"{'rz': 108, 'rx': 64, 'sx': 62, 'cz': 33, 'rzz': 32, 'barrier': 8}",5,5,0,ok,,35.0,32.0,ok,,0.97,0.881565516261,32.0,28.0,0.99,0.987833544029,32.0,28.0,0.99,0.987833544029,32.0,28.0,custom_states,False,False,False,,
path4,path,4,monomial_full,sup123_P120_ph211,True,False,0.0,0.666667,87.0,87.6,0.49,299.0,300.2,65.0,65.0,128.0,"{'rz': 108, 'rx': 64, 'sx': 62, 'cz': 33, 'rzz': 32, 'barrier': 8}",5,5,0,ok,,35.0,32.0,ok,,0.97,0.881565516261,32.0,28.0,0.99,0.987833544029,32.0,28.0,0.99,0.987833544029,32.0,28.0,custom_states,False,False,False,,
path4,path,4,monomial_full,sup123_P120_ph212,True,False,0.0,0.666667,87.0,87.6,0.49,299.0,300.2,65.0,65.0,128.0,"{'rz': 108, 'rx': 64, 'sx': 62, 'cz': 33, 'rzz': 32, 'barrier': 8}",5,5,0,ok,,35.0,32.0,ok,,0.97,0.889404940663,31.0,28.0,0.99,0.987833544029,32.0,28.0,0.99,0.987833544029,32.0,28.0,custom_states,False,False,False,,
path4,path,4,monomial_full,sup123_P120_ph220,True,False,0.0,0.666667,89.0,89.6,0.49,307.0,307.2,69.0,69.0,128.0,"{'rz': 108, 'rx': 68, 'sx': 62, 'rzz': 36, 'cz': 33, 'barrier': 8}",5,5,0,ok,,37.0,36.0,ok,,0.97,0.881565516261,34.0,32.0,0.99,0.987833544029,34.0,32.0,0.99,0.987833544029,34.0,32.0,custom_states,False,False,False,,
path4,path,4,monomial_full,sup123_P120_ph221,True,False,0.0,0.666667,89.0,89.6,0.49,309.0,308.2,69.0,69.0,128.0,"{'rz': 108, 'rx': 70, 'sx': 62, 'rzz': 36, 'cz': 33, 'barrier': 8}",5,5,0,ok,,37.0,36.0,ok,,0.95,0.881565516261,34.0,32.0,0.99,0.987833544029,34.0,32.0,0.99,0.987833544029,34.0,32.0,custom_states,False,False,False,,
path4,path,4,monomial_full,sup123_P120_ph222,True,False,0.0,0.666667,89.0,89.6,0.49,307.0,308.2,69.0,69.0,128.0,"{'rz': 108, 'rx': 68, 'sx': 62, 'rzz': 36, 'cz': 33, 'barrier': 8}",5,5,0,ok,,37.0,36.0,ok,,0.97,0.868582498511,34.0,32.0,0.99,0.985090512563,34.0,32.0,0.99,0.985090512563,34.0,32.0,custom_states,False,False,False,,
path4,path,4,monomial_full,sup123_P201_ph000,True,False,0.0,0.666667,80.0,81.8,1.47,247.0,252.8,61.0,61.0,128.0,"{'rz': 72, 'sx': 62, 'rx': 52, 'cz': 37, 'rzz': 24, 'barrier': 8}",5,5,0,ok,,29.0,28.0,ok,,0.95,0.881565516261,26.0,24.0,0.99,0.987833544029,26.0,24.0,0.99,0.987833544029,26.0,24.0,custom_states,False,False,False,,
path4,path,4,monomial_full,sup123_P201_ph001,True,False,0.0,0.666667,81.0,82.8,1.47,251.0,256.8,61.0,61.0,128.0,"{'rz': 76, 'sx': 62, 'rx': 52, 'cz': 37, 'rzz': 24, 'barrier': 8}",5,5,0,ok,,30.0,28.0,ok,,0.95,0.967364800501,27.0,24.0,0.95,0.967364800501,27.0,24.0,0.95,0.967364800501,27.0,24.0,custom_states,False,False,False,,
path4,path,4,monomial_full,sup123_P201_ph002,True,False,0.0,0.666667,81.0,82.8,1.47,251.0,256.8,61.0,61.0,128.0,"{'rz': 76, 'sx': 62, 'rx': 52, 'cz': 37, 'rzz': 24, 'barrier': 8}",5,5,0,ok,,30.0,28.0,ok,,0.96,0.881565516261,27.0,24.0,0.99,0.987833544029,27.0,24.0,0.99,0.987833544029,27.0,24.0,custom_states,False,False,False,,
path4,path,4,monomial_full,sup123_P201_ph010,True,False,0.0,0.666667,82.0,83.2,0.98,255.0,256.4,61.0,61.0,128.0,"{'rz': 80, 'sx': 62, 'rx': 52, 'cz': 37, 'rzz': 24, 'barrier': 8}",5,5,0,ok,,29.0,28.0,ok,,0.95,0.881565516261,26.0,24.0,0.99,0.987833544029,26.0,24.0,0.99,0.987833544029,26.0,24.0,custom_states,False,False,False,,
path4,path,4,monomial_full,sup123_P201_ph011,True,False,0.0,0.666667,82.0,83.2,0.98,259.0,258.0,61.0,61.0,128.0,"{'rz': 84, 'sx': 62, 'rx': 52, 'cz': 37, 'rzz': 24, 'barrier': 8}",5,5,0,ok,,30.0,28.0,ok,,0.95,0.881565516261,27.0,24.0,0.99,0.987833544029,27.0,24.0,0.99,0.987833544029,27.0,24.0,custom_states,False,False,False,,
path4,path,4,monomial_full,sup123_P201_ph012,True,False,0.0,0.666667,82.0,83.2,0.98,259.0,258.0,61.0,61.0,128.0,"{'rz': 84, 'sx': 62, 'rx': 52, 'cz': 37, 'rzz': 24, 'barrier': 8}",5,5,0,ok,,30.0,28.0,ok,,0.96,0.881565516261,27.0,24.0,0.99,0.987833544029,27.0,24.0,0.99,0.987833544029,27.0,24.0,custom_states,False,False,False,,
path4,path,4,monomial_full,sup123_P201_ph020,True,False,0.0,0.666667,81.0,82.2,0.98,255.0,256.2,61.0,61.0,128.0,"{'rz': 80, 'sx': 62, 'rx': 52, 'cz': 37, 'rzz': 24, 'barrier': 8}",5,5,0,ok,,29.0,28.0,ok,,0.96,0.881565516261,26.0,24.0,0.99,0.987833544029,26.0,24.0,0.99,0.987833544029,26.0,24.0,custom_states,False,False,False,,
path4,path,4,monomial_full,sup123_P201_ph021,True,False,0.0,0.666667,82.0,83.2,0.98,259.0,260.2,61.0,61.0,128.0,"{'rz': 84, 'sx': 62, 'rx': 52, 'cz': 37, 'rzz': 24, 'barrier': 8}",5,5,0,ok,,30.0,28.0,ok,,0.96,0.881565516261,27.0,24.0,0.99,0.987833544029,27.0,24.0,0.99,0.987833544029,27.0,24.0,custom_states,False,False,False,,
path4,path,4,monomial_full,sup123_P201_ph022,True,False,0.0,0.666667,82.0,83.2,0.98,255.0,258.6,61.0,61.0,128.0,"{'rz': 80, 'sx': 62, 'rx': 52, 'cz': 37, 'rzz': 24, 'barrier': 8}",5,5,0,ok,,30.0,28.0,ok,,0.95,0.881565516261,27.0,24.0,0.99,0.987833544029,27.0,24.0,0.99,0.987833544029,27.0,24.0,custom_states,False,False,False,,
path4,path,4,monomial_full,sup123_P201_ph100,True,False,0.0,0.666667,82.0,83.2,0.98,255.0,256.4,61.0,61.0,128.0,"{'rz': 80, 'sx': 62, 'rx': 52, 'cz': 37, 'rzz': 24, 'barrier': 8}",5,5,0,ok,,29.0,28.0,ok,,0.95,0.967364800501,26.0,24.0,0.95,0.967364800501,26.0,24.0,0.95,0.967364800501,26.0,24.0,custom_states,False,False,False,,
path4,path,4,monomial_full,sup123_P201_ph101,True,False,0.0,0.666667,82.0,83.2,0.98,259.0,258.0,61.0,61.0,128.0,"{'rz': 84, 'sx': 62, 'rx': 52, 'cz': 37, 'rzz': 24, 'barrier': 8}",5,5,0,ok,,30.0,28.0,ok,,0.96,0.858153319531,27.0,24.0,0.99,0.981399156403,27.0,24.0,0.99,0.981399156403,27.0,24.0,custom_states,False,False,False,,
path4,path,4,monomial_full,sup123_P201_ph102,True,False,0.0,0.666667,81.0,82.2,0.98,255.0,254.0,61.0,61.0,128.0,"{'rz': 80, 'sx': 62, 'rx': 52, 'cz': 37, 'rzz': 24, 'barrier': 8}",5,5,0,ok,,29.0,28.0,ok,,0.95,0.881565516261,26.0,24.0,0.99,0.987833544029,26.0,24.0,0.99,0.987833544029,26.0,24.0,custom_states,False,False,False,,
path4,path,4,monomial_full,sup123_P201_ph110,True,False,0.0,0.666667,82.0,83.2,0.98,259.0,260.2,61.0,61.0,128.0,"{'rz': 84, 'sx': 62, 'rx': 52, 'cz': 37, 'rzz': 24, 'barrier': 8}",5,5,0,ok,,30.0,28.0,ok,,0.96,0.858153319531,27.0,24.0,0.99,0.981399156403,27.0,24.0,0.99,0.981399156403,27.0,24.0,custom_states,False,False,False,,
path4,path,4,monomial_full,sup123_P201_ph111,True,False,0.0,0.666667,82.0,83.2,0.98,259.0,260.2,61.0,61.0,128.0,"{'rz': 84, 'sx': 62, 'rx': 52, 'cz': 37, 'rzz': 24, 'barrier': 8}",5,5,0,ok,,30.0,28.0,ok,,0.96,0.881565516261,27.0,24.0,0.99,0.987833544029,27.0,24.0,0.99,0.987833544029,27.0,24.0,custom_states,False,False,False,,
path4,path,4,monomial_full,sup123_P201_ph112,True,False,0.0,0.666667,82.0,83.2,0.98,255.0,258.6,61.0,61.0,128.0,"{'rz': 80, 'sx': 62, 'rx': 52, 'cz': 37, 'rzz': 24, 'barrier': 8}",5,5,0,ok,,30.0,28.0,ok,,0.95,0.881565516261,27.0,24.0,0.99,0.987833544029,27.0,24.0,0.99,0.987833544029,27.0,24.0,custom_states,False,False,False,,
path4,path,4,monomial_full,sup123_P201_ph120,True,False,0.0,0.666667,81.0,82.8,1.47,251.0,256.8,61.0,61.0,128.0,"{'rz': 76, 'sx': 62, 'rx': 52, 'cz': 37, 'rzz': 24, 'barrier': 8}",5,5,0,ok,,30.0,28.0,ok,,0.96,0.881565516261,27.0,24.0,0.99,0.987833544029,27.0,24.0,0.99,0.987833544029,27.0,24.0,custom_states,False,False,False,,
path4,path,4,monomial_full,sup123_P201_ph121,True,False,0.0,0.666667,81.0,82.8,1.47,251.0,256.8,61.0,61.0,128.0,"{'rz': 76, 'sx': 62, 'rx': 52, 'cz': 37, 'rzz': 24, 'barrier': 8}",5,5,0,ok,,30.0,28.0,ok,,0.95,0.881565516261,27.0,24.0,0.99,0.987833544029,27.0,24.0,0.99,0.987833544029,27.0,24.0,custom_states,False,False,False,,
path4,path,4,monomial_full,sup123_P201_ph122,True,False,0.0,0.666667,81.0,82.8,1.47,255.0,258.4,61.0,61.0,128.0,"{'rz': 80, 'sx': 62, 'rx': 52, 'cz': 37, 'rzz': 24, 'barrier': 8}",5,5,0,ok,,30.0,28.0,ok,,0.95,0.858153319531,27.0,24.0,0.99,0.981399156403,27.0,24.0,0.99,0.981399156403,27.0,24.0,custom_states,False,False,False,,
path4,path,4,monomial_full,sup123_P201_ph200,True,False,0.0,0.666667,82.0,83.2,0.98,255.0,258.6,61.0,61.0,128.0,"{'rz': 80, 'sx': 62, 'rx': 52, 'cz': 37, 'rzz': 24, 'barrier': 8}",5,5,0,ok,,30.0,28.0,ok,,0.95,0.881565516261,27.0,24.0,0.99,0.987833544029,27.0,24.0,0.99,0.987833544029,27.0,24.0,custom_states,False,False,False,,
path4,path,4,monomial_full,sup123_P201_ph201,True,False,0.0,0.666667,82.0,83.2,0.98,255.0,258.6,61.0,61.0,128.0,"{'rz': 80, 'sx': 62, 'rx': 52, 'cz': 37, 'rzz': 24, 'barrier': 8}",5,5,0,ok,,30.0,28.0,ok,,0.95,0.881565516261,27.0,24.0,0.99,0.987833544029,27.0,24.0,0.99,0.987833544029,27.0,24.0,custom_states,False,False,False,,
path4,path,4,monomial_full,sup123_P201_ph202,True,False,0.0,0.666667,82.0,83.2,0.98,255.0,258.6,61.0,61.0,128.0,"{'rz': 80, 'sx': 62, 'rx': 52, 'cz': 37, 'rzz': 24, 'barrier': 8}",5,5,0,ok,,30.0,28.0,ok,,0.96,0.881565516261,27.0,24.0,0.99,0.987833544029,27.0,24.0,0.99,0.987833544029,27.0,24.0,custom_states,False,False,False,,
path4,path,4,monomial_full,sup123_P201_ph210,True,False,0.0,0.666667,81.0,82.8,1.47,255.0,258.4,61.0,61.0,128.0,"{'rz': 80, 'sx': 62, 'rx': 52, 'cz': 37, 'rzz': 24, 'barrier': 8}",5,5,0,ok,,30.0,28.0,ok,,0.96,0.858153319531,27.0,24.0,0.99,0.981399156403,27.0,24.0,0.99,0.981399156403,27.0,24.0,custom_states,False,False,False,,
path4,path,4,monomial_full,sup123_P201_ph211,True,False,0.0,0.666667,81.0,82.8,1.47,255.0,258.4,61.0,61.0,128.0,"{'rz': 80, 'sx': 62, 'rx': 52, 'cz': 37, 'rzz': 24, 'barrier': 8}",5,5,0,ok,,30.0,28.0,ok,,0.95,0.881565516261,27.0,24.0,0.99,0.987833544029,27.0,24.0,0.99,0.987833544029,27.0,24.0,custom_states,False,False,False,,
path4,path,4,monomial_full,sup123_P201_ph212,True,False,0.0,0.666667,81.0,82.8,1.47,255.0,258.4,61.0,61.0,128.0,"{'rz': 80, 'sx': 62, 'rx': 52, 'cz': 37, 'rzz': 24, 'barrier': 8}",5,5,0,ok,,30.0,28.0,ok,,0.95,0.881565516261,27.0,24.0,0.99,0.987833544029,27.0,24.0,0.99,0.987833544029,27.0,24.0,custom_states,False,False,False,,
path4,path,4,monomial_full,sup123_P201_ph220,True,False,0.0,0.666667,82.0,83.2,0.98,255.0,256.4,61.0,61.0,128.0,"{'rz': 80, 'sx': 62, 'rx': 52, 'cz': 37, 'rzz': 24, 'barrier': 8}",5,5,0,ok,,29.0,28.0,ok,,0.96,0.881565516261,26.0,24.0,0.99,0.987833544029,26.0,24.0,0.99,0.987833544029,26.0,24.0,custom_states,False,False,False,,
path4,path,4,monomial_full,sup123_P201_ph221,True,False,0.0,0.666667,81.0,82.2,0.98,255.0,254.0,61.0,61.0,128.0,"{'rz': 80, 'sx': 62, 'rx': 52, 'cz': 37, 'rzz': 24, 'barrier': 8}",5,5,0,ok,,29.0,28.0,ok,,0.95,0.881565516261,26.0,24.0,0.99,0.987833544029,26.0,24.0,0.99,0.987833544029,26.0,24.0,custom_states,False,False,False,,
path4,path,4,monomial_full,sup123_P201_ph222,True,False,0.0,0.666667,82.0,83.2,0.98,259.0,258.0,61.0,61.0,128.0,"{'rz': 84, 'sx': 62, 'rx': 52, 'cz': 37, 'rzz': 24, 'barrier': 8}",5,5,0,ok,,30.0,28.0,ok,,0.95,0.858153319531,27.0,24.0,0.99,0.981399156403,27.0,24.0,0.99,0.981399156403,27.0,24.0,custom_states,False,False,False,,
path4,path,4,monomial_full,sup123_P210_ph000,True,False,0.0,0.666667,80.0,81.8,1.47,243.0,248.8,61.0,61.0,128.0,"{'rz': 72, 'sx': 62, 'rx': 48, 'cz': 37, 'rzz': 24, 'barrier': 8}",5,5,0,ok,,29.0,28.0,ok,,0.97,0.881565516261,26.0,24.0,0.99,0.987833544029,26.0,24.0,0.99,0.987833544029,26.0,24.0,custom_states,False,False,False,,
path4,path,4,monomial_full,sup123_P210_ph001,True,False,0.0,0.666667,80.0,81.8,1.47,243.0,251.0,61.0,61.0,128.0,"{'rz': 72, 'sx': 62, 'rx': 48, 'cz': 37, 'rzz': 24, 'barrier': 8}",5,5,0,ok,,29.0,28.0,ok,,0.95,0.904054459045,26.0,24.0,0.95,0.904054459045,26.0,24.0,0.99,0.977753754156,26.0,24.0,custom_states,False,False,False,,
path4,path,4,monomial_full,sup123_P210_ph002,True,False,0.0,0.666667,80.0,81.8,1.47,247.0,252.8,61.0,61.0,128.0,"{'rz': 76, 'sx': 62, 'rx': 48, 'cz': 37, 'rzz': 24, 'barrier': 8}",5,5,0,ok,,29.0,28.0,ok,,0.96,0.881565516261,26.0,24.0,0.99,0.987833544029,26.0,24.0,0.99,0.987833544029,26.0,24.0,custom_states,False,False,False,,
path4,path,4,monomial_full,sup123_P210_ph010,True,False,0.0,0.666667,81.0,81.6,0.49,255.0,255.2,61.0,61.0,128.0,"{'rz': 84, 'sx': 62, 'rx': 48, 'cz': 33, 'rzz': 28, 'barrier': 8}",5,5,0,ok,,29.0,28.0,ok,,0.96,0.86526466326,26.0,24.0,0.99,0.98403145781,26.0,24.0,0.99,0.98403145781,26.0,24.0,custom_states,False,False,False,,
path4,path,4,monomial_full,sup123_P210_ph011,True,False,0.0,0.666667,81.0,82.2,0.98,255.0,255.8,61.0,61.0,128.0,"{'rz': 84, 'sx': 62, 'rx': 48, 'cz': 33, 'rzz': 28, 'barrier': 8}",5,5,0,ok,,29.0,28.0,ok,,0.95,0.86526466326,26.0,24.0,0.99,0.98403145781,26.0,24.0,0.99,0.98403145781,26.0,24.0,custom_states,False,False,False,,
path4,path,4,monomial_full,sup123_P210_ph012,True,False,0.0,0.666667,81.0,81.6,0.49,251.0,251.2,61.0,61.0,128.0,"{'rz': 80, 'sx': 62, 'rx': 48, 'cz': 33, 'rzz': 28, 'barrier': 8}",5,5,0,ok,,29.0,28.0,ok,,0.95,0.86526466326,26.0,24.0,0.99,0.98403145781,26.0,24.0,0.99,0.98403145781,26.0,24.0,custom_states,False,False,False,,
path4,path,4,monomial_full,sup123_P210_ph020,True,False,0.0,0.666667,81.0,82.2,0.98,255.0,255.2,61.0,61.0,128.0,"{'rz': 84, 'sx': 62, 'rx': 48, 'cz': 33, 'rzz': 28, 'barrier': 8}",5,5,0,ok,,30.0,28.0,ok,,0.96,0.86526466326,27.0,24.0,0.99,0.98403145781,27.0,24.0,0.99,0.98403145781,27.0,24.0,custom_states,False,False,False,,
path4,path,4,monomial_full,sup123_P210_ph021,True,False,0.0,0.666667,81.0,82.2,0.98,255.0,255.2,61.0,61.0,128.0,"{'rz': 84, 'sx': 62, 'rx': 48, 'cz': 33, 'rzz': 28, 'barrier': 8}",5,5,0,ok,,30.0,28.0,ok,,0.95,0.86526466326,27.0,24.0,0.99,0.98403145781,27.0,24.0,0.99,0.98403145781,27.0,24.0,custom_states,False,False,False,,
path4,path,4,monomial_full,sup123_P210_ph022,True,False,0.0,0.666667,82.0,82.6,0.49,255.0,256.4,61.0,61.0,128.0,"{'rz': 84, 'sx': 62, 'rx': 48, 'cz': 33, 'rzz': 28, 'barrier': 8}",5,5,0,ok,,30.0,28.0,ok,,0.96,0.86526466326,27.0,24.0,0.99,0.98403145781,27.0,24.0,0.99,0.98403145781,27.0,24.0,custom_states,False,False,False,,
path4,path,4,monomial_full,sup123_P210_ph100,True,False,0.0,0.666667,81.0,81.6,0.49,255.0,255.2,61.0,61.0,128.0,"{'rz': 84, 'sx': 62, 'rx': 48, 'cz': 33, 'rzz': 28, 'barrier': 8}",5,5,0,ok,,29.0,28.0,ok,,0.95,0.86526466326,26.0,24.0,0.99,0.98403145781,26.0,24.0,0.99,0.98403145781,26.0,24.0,custom_states,False,False,False,,
path4,path,4,monomial_full,sup123_P210_ph101,True,False,0.0,0.666667,81.0,82.2,0.98,251.0,251.8,61.0,61.0,128.0,"{'rz': 80, 'sx': 62, 'rx': 48, 'cz': 33, 'rzz': 28, 'barrier': 8}",5,5,0,ok,,29.0,28.0,ok,,0.96,0.86526466326,26.0,24.0,0.99,0.98403145781,26.0,24.0,0.99,0.98403145781,26.0,24.0,custom_states,False,False,False,,
path4,path,4,monomial_full,sup123_P210_ph102,True,False,0.0,0.666667,81.0,82.2,0.98,255.0,256.4,61.0,61.0,128.0,"{'rz': 84, 'sx': 62, 'rx': 48, 'cz': 33, 'rzz': 28, 'barrier': 8}",5,5,0,ok,,29.0,28.0,ok,,0.96,0.86526466326,26.0,24.0,0.99,0.98403145781,26.0,24.0,0.99,0.98403145781,26.0,24.0,custom_states,False,False,False,,
path4,path,4,monomial_full,sup123_P210_ph110,True,False,0.0,0.666667,82.0,82.6,0.49,255.0,255.8,61.0,61.0,128.0,"{'rz': 84, 'sx': 62, 'rx': 48, 'cz': 33, 'rzz': 28, 'barrier': 8}",5,5,0,ok,,30.0,28.0,ok,,0.95,0.86526466326,27.0,24.0,0.99,0.98403145781,27.0,24.0,0.99,0.98403145781,27.0,24.0,custom_states,False,False,False,,
path4,path,4,monomial_full,sup123_P210_ph111,True,False,0.0,0.666667,82.0,82.6,0.49,255.0,255.8,61.0,61.0,128.0,"{'rz': 84, 'sx': 62, 'rx': 48, 'cz': 33, 'rzz': 28, 'barrier': 8}",5,5,0,ok,,30.0,28.0,ok,,0.95,0.86526466326,26.0,24.0,0.99,0.98403145781,27.0,24.0,0.99,0.98403145781,27.0,24.0,custom_states,False,False,False,,
path4,path,4,monomial_full,sup123_P210_ph112,True,False,0.0,0.666667,82.0,82.6,0.49,255.0,256.4,61.0,61.0,128.0,"{'rz': 84, 'sx': 62, 'rx': 48, 'cz': 33, 'rzz': 28, 'barrier': 8}",5,5,0,ok,,30.0,28.0,ok,,0.95,0.97190574996,27.0,24.0,0.95,0.97190574996,27.0,24.0,0.95,0.97190574996,27.0,24.0,custom_states,False,False,False,,
path4,path,4,monomial_full,sup123_P210_ph120,True,False,0.0,0.666667,80.0,81.8,1.47,251.0,250.0,61.0,61.0,128.0,"{'rz': 80, 'sx': 62, 'rx': 48, 'cz': 37, 'rzz': 24, 'barrier': 8}",5,5,0,ok,,29.0,28.0,ok,,0.95,0.881565516261,26.0,24.0,0.99,0.987833544029,26.0,24.0,0.99,0.987833544029,26.0,24.0,custom_states,False,False,False,,
path4,path,4,monomial_full,sup123_P210_ph121,True,False,0.0,0.666667,80.0,81.2,0.98,251.0,251.0,61.0,61.0,128.0,"{'rz': 80, 'sx': 62, 'rx': 48, 'cz': 37, 'rzz': 24, 'barrier': 8}",5,5,0,ok,,29.0,28.0,ok,,0.99,0.970843748374,26.0,24.0,0.99,0.970843748374,26.0,24.0,0.99,0.970843748374,26.0,24.0,custom_states,False,False,False,,
path4,path,4,monomial_full,sup123_P210_ph122,True,False,0.0,0.666667,80.0,82.4,1.96,251.0,254.4,61.0,61.0,128.0,"{'rz': 80, 'sx': 62, 'rx': 48, 'cz': 37, 'rzz': 24, 'barrier': 8}",5,5,0,ok,,30.0,28.0,ok,,0.95,0.902025690014,26.0,24.0,0.95,0.902025690014,26.0,24.0,,,,,custom_states,False,False,False,,
path4,path,4,monomial_full,sup123_P210_ph200,True,False,0.0,0.666667,82.0,82.6,0.49,255.0,255.8,61.0,61.0,128.0,"{'rz': 84, 'sx': 62, 'rx': 48, 'cz': 33, 'rzz': 28, 'barrier': 8}",5,5,0,ok,,30.0,28.0,ok,,0.96,0.86526466326,27.0,24.0,0.99,0.98403145781,27.0,24.0,0.99,0.98403145781,27.0,24.0,custom_states,False,False,False,,
path4,path,4,monomial_full,sup123_P210_ph201,True,False,0.0,0.666667,82.0,82.6,0.49,255.0,255.8,61.0,61.0,128.0,"{'rz': 84, 'sx': 62, 'rx': 48, 'cz': 33, 'rzz': 28, 'barrier': 8}",5,5,0,ok,,30.0,28.0,ok,,0.95,0.97190574996,27.0,24.0,0.95,0.97190574996,27.0,24.0,0.95,0.97190574996,27.0,24.0,custom_states,False,False,False,,
path4,path,4,monomial_full,sup123_P210_ph202,True,False,0.0,0.666667,82.0,82.6,0.49,255.0,255.8,61.0,61.0,128.0,"{'rz': 84, 'sx': 62, 'rx': 48, 'cz': 33, 'rzz': 28, 'barrier': 8}",5,5,0,ok,,30.0,28.0,ok,,0.96,0.86526466326,27.0,24.0,0.99,0.98403145781,27.0,24.0,0.99,0.98403145781,27.0,24.0,custom_states,False,False,False,,
path4,path,4,monomial_full,sup123_P210_ph210,True,False,0.0,0.666667,80.0,81.8,1.47,251.0,252.2,61.0,61.0,128.0,"{'rz': 80, 'sx': 62, 'rx': 48, 'cz': 37, 'rzz': 24, 'barrier': 8}",5,5,0,ok,,29.0,28.0,ok,,0.91,0.852878327474,26.0,24.0,0.99,0.933545181601,26.0,24.0,,,,,custom_states,False,False,False,,
path4,path,4,monomial_full,sup123_P210_ph211,True,False,0.0,0.666667,80.0,82.4,1.96,251.0,254.4,61.0,61.0,128.0,"{'rz': 80, 'sx': 62, 'rx': 48, 'cz': 37, 'rzz': 24, 'barrier': 8}",5,5,0,ok,,30.0,28.0,ok,,0.97,0.881565516261,27.0,24.0,0.99,0.987833544029,27.0,24.0,0.99,0.987833544029,27.0,24.0,custom_states,False,False,False,,
path4,path,4,monomial_full,sup123_P210_ph212,True,False,0.0,0.666667,80.0,81.2,0.98,251.0,248.8,61.0,61.0,128.0,"{'rz': 80, 'sx': 62, 'rx': 48, 'cz': 37, 'rzz': 24, 'barrier': 8}",5,5,0,ok,,29.0,28.0,ok,,0.97,0.881565516261,26.0,24.0,0.99,0.987833544029,26.0,24.0,0.99,0.987833544029,26.0,24.0,custom_states,False,False,False,,
path4,path,4,monomial_full,sup123_P210_ph220,True,False,0.0,0.666667,81.0,82.2,0.98,251.0,251.8,61.0,61.0,128.0,"{'rz': 80, 'sx': 62, 'rx': 48, 'cz': 33, 'rzz': 28, 'barrier': 8}",5,5,0,ok,,29.0,28.0,ok,,0.96,0.86526466326,26.0,24.0,0.99,0.98403145781,26.0,24.0,0.99,0.98403145781,26.0,24.0,custom_states,False,False,False,,
path4,path,4,monomial_full,sup123_P210_ph221,True,False,0.0,0.666667,81.0,82.2,0.98,255.0,255.8,61.0,61.0,128.0,"{'rz': 84, 'sx': 62, 'rx': 48, 'cz': 33, 'rzz': 28, 'barrier': 8}",5,5,0,ok,,29.0,28.0,ok,,0.96,0.86526466326,26.0,24.0,0.99,0.98403145781,26.0,24.0,0.99,0.98403145781,26.0,24.0,custom_states,False,False,False,,
path4,path,4,monomial_full,sup123_P210_ph222,True,False,0.0,0.666667,81.0,82.2,0.98,255.0,255.8,61.0,61.0,128.0,"{'rz': 84, 'sx': 62, 'rx': 48, 'cz': 33, 'rzz': 28, 'barrier': 8}",5,5,0,ok,,29.0,28.0,ok,,0.96,0.86526466326,26.0,24.0,0.99,0.98403145781,26.0,24.0,0.99,0.98403145781,26.0,24.0,custom_states,False,False,False,,
path4,path,4,product,U_I__V_X,True,False,0.0,0.666667,81.0,82.2,0.98,255.0,258.4,61.0,61.0,128.0,"{'rz': 80, 'sx': 62, 'rx': 52, 'cz': 37, 'rzz': 24, 'barrier': 8}",5,5,0,ok,,30.0,28.0,ok,,0.97,0.881565516261,27.0,24.0,0.99,0.987833544029,27.0,24.0,0.99,0.987833544029,27.0,24.0,custom_states,False,False,False,,
path4,path,4,product,U_I__V_SX,True,False,0.0,0.833333,81.0,82.2,0.98,259.0,259.2,61.0,61.0,128.0,"{'rz': 84, 'sx': 62, 'rx': 52, 'cz': 33, 'rzz': 28, 'barrier': 8}",5,5,0,ok,,30.0,28.0,ok,,0.97,0.881565516261,27.0,24.0,0.99,0.987833544029,27.0,24.0,0.99,0.987833544029,27.0,24.0,custom_states,False,False,False,,
path4,path,4,product,U_I__V_SXdg,True,False,0.0,0.833333,81.0,82.2,0.98,251.0,252.4,61.0,61.0,128.0,"{'rz': 84, 'sx': 62, 'rx': 44, 'cz': 33, 'rzz': 28, 'barrier': 8}",5,5,0,ok,,29.0,28.0,ok,,0.97,0.881565516261,26.0,24.0,0.99,0.987833544029,26.0,24.0,0.99,0.987833544029,26.0,24.0,custom_states,False,False,False,,
path4,path,4,product,U_I__V_H,True,False,0.0,0.833333,82.0,83.8,1.47,263.0,266.4,61.0,61.0,128.0,"{'rz': 80, 'sx': 70, 'rx': 52, 'cz': 37, 'rzz': 24, 'barrier': 8}",5,5,0,ok,,31.0,28.0,ok,,0.97,0.881565516261,28.0,24.0,0.99,0.987833544029,28.0,24.0,0.99,0.987833544029,28.0,24.0,custom_states,False,False,False,,
path4,path,4,product,U_I__V_HS,True,False,0.0,0.833333,83.0,83.6,0.49,258.0,261.8,61.0,61.0,128.0,"{'rz': 88, 'sx': 62, 'rx': 47, 'cz': 33, 'rzz': 28, 'barrier': 8}",5,5,0,ok,,30.0,28.0,ok,,0.96,0.881565516261,27.0,24.0,0.99,0.987833544029,27.0,24.0,0.99,0.987833544029,27.0,24.0,custom_states,False,False,False,,
path4,path,4,product,U_I__V_SH,True,False,0.0,0.833333,81.0,82.2,0.98,251.0,252.4,61.0,61.0,128.0,"{'rz': 84, 'sx': 62, 'rx': 44, 'cz': 33, 'rzz': 28, 'barrier': 8}",5,5,0,ok,,29.0,28.0,ok,,0.96,0.881565516261,26.0,24.0,0.99,0.987833544029,26.0,24.0,0.99,0.987833544029,26.0,24.0,custom_states,False,False,False,,
path4,path,4,product,U_I__V_Z,True,True,0.0,1.0,81.0,82.2,0.98,255.0,258.4,61.0,61.0,128.0,"{'rz': 76, 'sx': 62, 'rx': 56, 'cz': 37, 'rzz': 24, 'barrier': 8}",5,5,0,ok,,30.0,28.0,ok,,0.97,0.881565516261,27.0,24.0,0.99,0.987833544029,27.0,24.0,0.99,0.987833544029,27.0,24.0,custom_states,False,False,False,,
path4,path,4,product,U_X__V_I,True,False,0.0,0.666667,81.0,82.8,1.47,255.0,258.4,61.0,61.0,128.0,"{'rz': 80, 'sx': 62, 'rx': 52, 'cz': 37, 'rzz': 24, 'barrier': 8}",5,5,0,ok,,30.0,28.0,ok,,0.95,0.981196440888,27.0,24.0,0.95,0.981196440888,27.0,24.0,0.95,0.981196440888,27.0,24.0,custom_states,False,False,False,,
path4,path,4,product,U_X__V_X,True,False,0.0,0.666667,80.0,81.8,1.47,243.0,248.8,61.0,61.0,128.0,"{'rz': 72, 'sx': 62, 'rx': 48, 'cz': 37, 'rzz': 24, 'barrier': 8}",5,5,0,ok,,29.0,28.0,ok,,0.97,0.881565516261,26.0,24.0,0.99,0.987833544029,26.0,24.0,0.99,0.987833544029,26.0,24.0,custom_states,False,False,False,,
path4,path,4,product,U_X__V_SX,True,False,0.0,0.666667,80.0,81.8,1.47,247.0,252.8,61.0,61.0,128.0,"{'rz': 72, 'sx': 62, 'rx': 52, 'cz': 37, 'rzz': 24, 'barrier': 8}",5,5,0,ok,,29.0,28.0,ok,,0.97,0.881565516261,26.0,24.0,0.99,0.987833544029,26.0,24.0,0.99,0.987833544029,26.0,24.0,custom_states,False,False,False,,
path4,path,4,product,U_X__V_SXdg,True,False,0.0,0.666667,81.0,82.8,1.47,255.0,258.4,61.0,61.0,128.0,"{'rz': 80, 'sx': 62, 'rx': 52, 'cz': 37, 'rzz': 24, 'barrier': 8}",5,5,0,ok,,30.0,28.0,ok,,0.97,0.881565516261,27.0,24.0,0.99,0.987833544029,27.0,24.0,0.99,0.987833544029,27.0,24.0,custom_states,False,False,False,,
path4,path,4,product,U_X__V_H,True,False,0.0,0.666667,81.0,82.2,0.98,255.0,255.0,61.0,61.0,128.0,"{'rz': 84, 'sx': 62, 'rx': 48, 'cz': 37, 'rzz': 24, 'barrier': 8}",5,5,0,ok,,30.0,28.0,ok,,0.97,0.881565516261,27.0,24.0,0.99,0.987833544029,27.0,24.0,0.99,0.987833544029,27.0,24.0,custom_states,False,False,False,,
path4,path,4,product,U_X__V_HS,True,False,0.0,0.666667,83.0,83.6,0.49,262.0,261.8,61.0,61.0,128.0,"{'rz': 88, 'sx': 62, 'rx': 51, 'cz': 33, 'rzz': 28, 'barrier': 8}",5,5,0,ok,,31.0,28.0,ok,,0.98,0.987232301023,28.0,24.0,0.98,0.987232301023,28.0,24.0,0.98,0.987232301023,28.0,24.0,custom_states,False,False,False,,
path4,path,4,product,U_X__V_SH,True,False,0.0,0.666667,81.0,82.2,0.98,255.0,256.4,61.0,61.0,128.0,"{'rz': 84, 'sx': 62, 'rx': 48, 'cz': 33, 'rzz': 28, 'barrier': 8}",5,5,0,ok,,29.0,28.0,ok,,0.98,0.987232301023,25.0,24.0,0.98,0.987232301023,25.0,24.0,0.98,0.987232301023,25.0,24.0,custom_states,False,False,False,,
path4,path,4,product,U_X__V_Z,True,False,0.0,0.666667,81.0,82.8,1.47,251.0,256.8,61.0,61.0,128.0,"{'rz': 76, 'sx': 62, 'rx': 52, 'cz': 37, 'rzz': 24, 'barrier': 8}",5,5,0,ok,,30.0,28.0,ok,,0.97,0.888412369474,27.0,24.0,0.99,0.987833544029,27.0,24.0,0.99,0.987833544029,27.0,24.0,custom_states,False,False,False,,
path4,path,4,product,U_SX__V_I,True,False,0.0,0.833333,82.0,82.6,0.49,258.0,257.8,61.0,61.0,128.0,"{'rz': 84, 'sx': 62, 'rx': 51, 'cz': 33, 'rzz': 28, 'barrier': 8}",5,5,0,ok,,30.0,28.0,ok,,0.95,0.928180678972,24.0,20.0,0.95,0.928180678972,24.0,20.0,,,,,custom_states,False,False,False,,
path4,path,4,product,U_SX__V_X,True,False,0.0,0.666667,82.0,82.6,0.49,258.0,257.8,61.0,61.0,128.0,"{'rz': 84, 'sx': 62, 'rx': 51, 'cz': 33, 'rzz': 28, 'barrier': 8}",5,5,0,ok,,30.0,28.0,ok,,0.95,0.898791290317,27.0,24.0,0.99,0.987833544029,27.0,24.0,0.99,0.987833544029,27.0,24.0,custom_states,False,False,False,,
path4,path,4,product,U_SX__V_SX,True,False,0.0,0.75,81.0,82.2,0.98,259.0,259.2,61.0,61.0,128.0,"{'rz': 84, 'sx': 62, 'rx': 52, 'cz': 33, 'rzz': 28, 'barrier': 8}",5,5,0,ok,,30.0,28.0,ok,,0.96,0.854860294619,27.0,24.0,0.99,0.980035320418,27.0,24.0,0.99,0.980035320418,27.0,24.0,custom_states,False,False,False,,
path4,path,4,product,U_SX__V_SXdg,True,False,0.0,0.75,78.0,78.0,0.0,239.0,239.0,57.0,57.0,128.0,"{'rz': 72, 'sx': 62, 'rx': 48, 'cz': 33, 'rzz': 24, 'barrier': 8}",5,5,0,ok,,27.0,24.0,ok,,0.95,0.881565516261,24.0,20.0,0.99,0.987833544029,24.0,20.0,0.99,0.987833544029,24.0,20.0,custom_states,False,False,False,,
path4,path,4,product,U_SX__V_H,True,False,0.0,0.75,82.0,83.2,0.98,259.0,260.4,61.0,61.0,128.0,"{'rz': 88, 'sx': 62, 'rx': 48, 'cz': 33, 'rzz': 28, 'barrier': 8}",5,5,0,ok,,30.0,28.0,ok,,0.96,0.881565516261,27.0,24.0,0.99,0.987833544029,27.0,24.0,0.99,0.987833544029,27.0,24.0,custom_states,False,False,False,,
path4,path,4,product,U_SX__V_HS,True,False,0.0,0.75,83.0,83.6,0.49,261.0,263.8,61.0,61.0,128.0,"{'rz': 88, 'sx': 62, 'rx': 50, 'cz': 33, 'rzz': 28, 'barrier': 8}",5,5,0,ok,,30.0,28.0,ok,,0.95,0.967364800501,27.0,24.0,0.95,0.967364800501,27.0,24.0,0.95,0.967364800501,27.0,24.0,custom_states,False,False,False,,
path4,path,4,product,U_SX__V_SH,True,False,0.0,0.75,81.0,82.2,0.98,255.0,256.4,61.0,61.0,128.0,"{'rz': 84, 'sx': 62, 'rx': 48, 'cz': 33, 'rzz': 28, 'barrier': 8}",5,5,0,ok,,29.0,28.0,ok,,0.99,0.936481165577,26.0,24.0,0.99,0.936481165577,26.0,24.0,,,,,custom_states,False,False,False,,
path4,path,4,product,U_SX__V_Z,True,False,0.0,0.833333,81.0,82.2,0.98,251.0,252.4,61.0,61.0,128.0,"{'rz': 84, 'sx': 62, 'rx': 44, 'cz': 33, 'rzz': 28, 'barrier': 8}",5,5,0,ok,,29.0,28.0,ok,,0.95,0.885216812119,26.0,24.0,0.96,0.904171290079,26.0,24.0,,,,,custom_states,False,False,False,,
path4,path,4,product,U_SXdg__V_I,True,False,0.0,0.833333,82.0,82.6,0.49,263.0,263.2,61.0,61.0,128.0,"{'rz': 84, 'sx': 62, 'rx': 56, 'cz': 33, 'rzz': 28, 'barrier': 8}",5,5,0,ok,,30.0,28.0,ok,,0.99,0.950562090197,27.0,24.0,0.99,0.950562090197,27.0,24.0,0.99,0.950562090197,27.0,24.0,custom_states,False,False,False,,
path4,path,4,product,U_SXdg__V_X,True,False,0.0,0.666667,82.0,82.6,0.49,259.0,259.2,61.0,61.0,128.0,"{'rz': 84, 'sx': 62, 'rx': 52, 'cz': 33, 'rzz': 28, 'barrier': 8}",5,5,0,ok,,30.0,28.0,ok,,0.95,0.881565516261,27.0,24.0,0.99,0.987833544029,27.0,24.0,0.99,0.987833544029,27.0,24.0,custom_states,False,False,False,,
path4,path,4,product,U_SXdg__V_SX,True,False,0.0,0.75,78.0,78.0,0.0,239.0,239.0,57.0,57.0,128.0,"{'rz': 72, 'sx': 62, 'rx': 48, 'cz': 33, 'rzz': 24, 'barrier': 8}",5,5,0,ok,,27.0,24.0,ok,,0.95,0.881565516261,24.0,20.0,0.99,0.987833544029,24.0,20.0,0.99,0.987833544029,24.0,20.0,custom_states,False,False,False,,
path4,path,4,product,U_SXdg__V_SXdg,True,False,0.0,0.75,82.0,82.6,0.49,261.0,259.8,61.0,61.0,128.0,"{'rz': 84, 'sx': 62, 'rx': 54, 'cz': 33, 'rzz': 28, 'barrier': 8}",5,5,0,ok,,30.0,28.0,ok,,0.95,0.968462382005,27.0,24.0,0.95,0.968462382005,27.0,24.0,0.95,0.968462382005,27.0,24.0,custom_states,False,False,False,,
path4,path,4,product,U_SXdg__V_H,True,False,0.0,0.75,83.0,83.6,0.49,263.0,264.4,61.0,61.0,128.0,"{'rz': 88, 'sx': 62, 'rx': 52, 'cz': 33, 'rzz': 28, 'barrier': 8}",5,5,0,ok,,31.0,28.0,ok,,0.96,0.881565516261,28.0,24.0,0.99,0.987833544029,28.0,24.0,0.99,0.987833544029,28.0,24.0,custom_states,False,False,False,,
path4,path,4,product,U_SXdg__V_HS,True,False,0.0,0.75,83.0,83.6,0.49,267.0,267.2,61.0,61.0,128.0,"{'rz': 88, 'sx': 62, 'rx': 56, 'cz': 33, 'rzz': 28, 'barrier': 8}",5,5,0,ok,,31.0,28.0,ok,,0.93,0.853609105986,28.0,24.0,0.99,0.936481165577,28.0,24.0,,,,,custom_states,False,False,False,,
path4,path,4,product,U_SXdg__V_SH,True,False,0.0,0.75,82.0,82.6,0.49,261.0,259.8,61.0,61.0,128.0,"{'rz': 84, 'sx': 62, 'rx': 54, 'cz': 33, 'rzz': 28, 'barrier': 8}",5,5,0,ok,,30.0,28.0,ok,,0.97,0.881565516261,27.0,24.0,0.99,0.987833544029,27.0,24.0,0.99,0.987833544029,27.0,24.0,custom_states,False,False,False,,
path4,path,4,product,U_SXdg__V_Z,True,False,0.0,0.833333,82.0,82.6,0.49,258.0,257.8,61.0,61.0,128.0,"{'rz': 84, 'sx': 62, 'rx': 51, 'cz': 33, 'rzz': 28, 'barrier': 8}",5,5,0,ok,,30.0,28.0,ok,,0.95,0.885790610371,26.0,24.0,0.96,0.902025690014,27.0,24.0,,,,,custom_states,False,False,False,,
path4,path,4,product,U_H__V_I,True,False,0.0,0.833333,80.0,82.4,1.96,243.0,248.8,61.0,61.0,128.0,"{'rz': 76, 'sx': 62, 'rx': 44, 'cz': 37, 'rzz': 24, 'barrier': 8}",5,5,0,ok,,29.0,28.0,ok,,0.99,0.987833544029,26.0,24.0,0.99,0.987833544029,26.0,24.0,0.99,0.987833544029,26.0,24.0,custom_states,False,False,False,,
path4,path,4,product,U_H__V_X,True,False,0.0,0.666667,81.0,82.8,1.47,259.0,262.4,61.0,61.0,128.0,"{'rz': 84, 'sx': 62, 'rx': 52, 'cz': 37, 'rzz': 24, 'barrier': 8}",5,5,0,ok,,31.0,28.0,ok,,0.95,0.888412369474,28.0,24.0,0.99,0.987833544029,28.0,24.0,0.99,0.987833544029,28.0,24.0,custom_states,False,False,False,,
path4,path,4,product,U_H__V_SX,True,False,0.0,0.75,83.0,83.6,0.49,265.0,263.8,61.0,61.0,128.0,"{'rz': 88, 'sx': 62, 'rx': 54, 'cz': 33, 'rzz': 28, 'barrier': 8}",5,5,0,ok,,31.0,28.0,ok,,0.96,0.881565516261,28.0,24.0,0.99,0.987833544029,28.0,24.0,0.99,0.987833544029,28.0,24.0,custom_states,False,False,False,,
path4,path,4,product,U_H__V_SXdg,True,False,0.0,0.75,83.0,83.6,0.49,263.0,263.8,61.0,61.0,128.0,"{'rz': 88, 'sx': 62, 'rx': 52, 'cz': 33, 'rzz': 28, 'barrier': 8}",5,5,0,ok,,31.0,28.0,ok,,0.96,0.881565516261,28.0,24.0,0.99,0.987833544029,28.0,24.0,0.99,0.987833544029,28.0,24.0,custom_states,False,False,False,,
path4,path,4,product,U_H__V_H,True,False,0.0,0.75,80.0,80.0,0.0,251.0,251.0,57.0,57.0,128.0,"{'rz': 84, 'sx': 62, 'rx': 48, 'cz': 33, 'rzz': 24, 'barrier': 8}",5,5,0,ok,,28.0,24.0,ok,,0.95,0.967364800501,24.0,20.0,0.95,0.967364800501,24.0,20.0,0.95,0.967364800501,24.0,20.0,custom_states,False,False,False,,
path4,path,4,product,U_H__V_HS,True,False,0.0,0.75,83.0,83.6,0.49,267.0,267.8,61.0,61.0,128.0,"{'rz': 92, 'sx': 62, 'rx': 52, 'cz': 33, 'rzz': 28, 'barrier': 8}",5,5,0,ok,,31.0,28.0,ok,,0.95,0.967364800501,27.0,24.0,0.95,0.967364800501,27.0,24.0,0.95,0.967364800501,27.0,24.0,custom_states,False,False,False,,
path4,path,4,product,U_H__V_SH,True,False,0.0,0.75,83.0,83.6,0.49,263.0,263.8,61.0,61.0,128.0,"{'rz': 88, 'sx': 62, 'rx': 52, 'cz': 33, 'rzz': 28, 'barrier': 8}",5,5,0,ok,,31.0,28.0,ok,,0.95,0.881565516261,28.0,24.0,0.99,0.987833544029,28.0,24.0,0.99,0.987833544029,28.0,24.0,custom_states,False,False,False,,
path4,path,4,product,U_H__V_Z,True,False,0.0,0.833333,78.0,79.2,0.98,243.0,243.0,57.0,57.0,128.0,"{'rz': 80, 'sx': 62, 'rx': 44, 'cz': 33, 'rzz': 24, 'barrier': 8}",5,5,0,ok,,28.0,24.0,ok,,0.96,0.881565516261,25.0,20.0,0.99,0.987833544029,25.0,20.0,0.99,0.987833544029,25.0,20.0,custom_states,False,False,False,,
path4,path,4,product,U_HS__V_I,True,False,0.0,0.833333,82.0,83.2,0.98,255.0,256.4,61.0,61.0,128.0,"{'rz': 88, 'sx': 62, 'rx': 44, 'cz': 33, 'rzz': 28, 'barrier': 8}",5,5,0,ok,,30.0,28.0,ok,,0.95,0.967364800501,27.0,24.0,0.95,0.967364800501,27.0,24.0,0.95,0.967364800501,27.0,24.0,custom_states,False,False,False,,
path4,path,4,product,U_HS__V_X,True,False,0.0,0.666667,83.0,83.6,0.49,263.0,263.2,61.0,61.0,128.0,"{'rz': 88, 'sx': 62, 'rx': 52, 'cz': 33, 'rzz': 28, 'barrier': 8}",5,5,0,ok,,31.0,28.0,ok,,0.99,0.987833544029,28.0,24.0,0.99,0.987833544029,28.0,24.0,0.99,0.987833544029,28.0,24.0,custom_states,False,False,False,,
path4,path,4,product,U_HS__V_SX,True,False,0.0,0.75,83.0,83.6,0.49,261.0,263.8,61.0,61.0,128.0,"{'rz': 88, 'sx': 62, 'rx': 50, 'cz': 33, 'rzz': 28, 'barrier': 8}",5,5,0,ok,,30.0,28.0,ok,,0.99,0.954186504151,25.0,20.0,0.99,0.954186504151,25.0,20.0,0.99,0.954186504151,25.0,20.0,custom_states,False,False,False,,
path4,path,4,product,U_HS__V_SXdg,True,False,0.0,0.75,83.0,83.6,0.49,265.0,263.8,61.0,61.0,128.0,"{'rz': 88, 'sx': 62, 'rx': 54, 'cz': 33, 'rzz': 28, 'barrier': 8}",5,5,0,ok,,31.0,28.0,ok,,0.99,0.954186504151,28.0,24.0,0.99,0.954186504151,28.0,24.0,0.99,0.954186504151,28.0,24.0,custom_states,False,False,False,,
path4,path,4,product,U_HS__V_H,True,False,0.0,0.75,83.0,83.6,0.49,267.0,268.4,61.0,61.0,128.0,"{'rz': 92, 'sx': 62, 'rx': 52, 'cz': 33, 'rzz': 28, 'barrier': 8}",5,5,0,ok,,31.0,28.0,ok,,0.96,0.881565516261,28.0,24.0,0.99,0.987833544029,28.0,24.0,0.99,0.987833544029,28.0,24.0,custom_states,False,False,False,,
path4,path,4,product,U_HS__V_HS,True,False,0.0,0.75,82.0,83.2,0.98,263.0,264.4,61.0,61.0,128.0,"{'rz': 92, 'sx': 62, 'rx': 48, 'cz': 33, 'rzz': 28, 'barrier': 8}",5,5,0,ok,,30.0,28.0,ok,,0.95,0.945622624481,27.0,24.0,0.95,0.945622624481,27.0,24.0,0.99,0.984047053392,27.0,24.0,custom_states,False,False,False,,
path4,path,4,product,U_HS__V_SH,True,False,0.0,0.75,82.0,83.2,0.98,259.0,260.4,61.0,61.0,128.0,"{'rz': 88, 'sx': 62, 'rx': 48, 'cz': 33, 'rzz': 28, 'barrier': 8}",5,5,0,ok,,30.0,28.0,ok,,0.97,0.881565516261,27.0,24.0,0.99,0.987833544029,27.0,24.0,0.99,0.987833544029,27.0,24.0,custom_states,False,False,False,,
path4,path,4,product,U_HS__V_Z,True,False,0.0,0.833333,83.0,83.6,0.49,262.0,261.8,61.0,61.0,128.0,"{'rz': 88, 'sx': 62, 'rx': 51, 'cz': 33, 'rzz': 28, 'barrier': 8}",5,5,0,ok,,31.0,28.0,ok,,0.95,0.967364800501,27.0,24.0,0.95,0.967364800501,27.0,24.0,0.95,0.967364800501,27.0,24.0,custom_states,False,False,False,,
path4,path,4,product,U_SH__V_I,True,False,0.0,0.833333,82.0,82.6,0.49,263.0,263.2,61.0,61.0,128.0,"{'rz': 84, 'sx': 62, 'rx': 56, 'cz': 33, 'rzz': 28, 'barrier': 8}",5,5,0,ok,,30.0,28.0,ok,,0.96,0.881565516261,27.0,24.0,0.99,0.987833544029,27.0,24.0,0.99,0.987833544029,27.0,24.0,custom_states,False,False,False,,
path4,path,4,product,U_SH__V_X,True,False,0.0,0.666667,81.0,82.2,0.98,255.0,256.4,61.0,61.0,128.0,"{'rz': 84, 'sx': 62, 'rx': 48, 'cz': 33, 'rzz': 28, 'barrier': 8}",5,5,0,ok,,29.0,28.0,ok,,0.98,0.905862276007,26.0,24.0,0.98,0.905862276007,26.0,24.0,0.99,0.959020958802,26.0,24.0,custom_states,False,False,False,,
path4,path,4,product,U_SH__V_SX,True,False,0.0,0.75,82.0,82.6,0.49,257.0,259.8,61.0,61.0,128.0,"{'rz': 84, 'sx': 62, 'rx': 50, 'cz': 33, 'rzz': 28, 'barrier': 8}",5,5,0,ok,,29.0,28.0,ok,,0.97,0.881565516261,26.0,24.0,0.99,0.987833544029,26.0,24.0,0.99,0.987833544029,26.0,24.0,custom_states,False,False,False,,
path4,path,4,product,U_SH__V_SXdg,True,False,0.0,0.75,82.0,82.6,0.49,261.0,259.8,61.0,61.0,128.0,"{'rz': 84, 'sx': 62, 'rx': 54, 'cz': 33, 'rzz': 28, 'barrier': 8}",5,5,0,ok,,30.0,28.0,ok,,0.98,0.881565516261,27.0,24.0,0.99,0.987833544029,27.0,24.0,0.99,0.987833544029,27.0,24.0,custom_states,False,False,False,,
path4,path,4,product,U_SH__V_H,True,False,0.0,0.75,83.0,83.6,0.49,263.0,263.8,61.0,61.0,128.0,"{'rz': 88, 'sx': 62, 'rx': 52, 'cz': 33, 'rzz': 28, 'barrier': 8}",5,5,0,ok,,31.0,28.0,ok,,0.91,0.856955577692,27.0,24.0,0.99,0.987833544029,28.0,24.0,0.99,0.987833544029,28.0,24.0,custom_states,False,False,False,,
path4,path,4,product,U_SH__V_HS,True,False,0.0,0.75,82.0,83.2,0.98,263.0,263.2,61.0,61.0,128.0,"{'rz': 88, 'sx': 62, 'rx': 52, 'cz': 33, 'rzz': 28, 'barrier': 8}",5,5,0,ok,,31.0,28.0,ok,,0.96,0.889227957519,27.0,24.0,0.99,0.987881691505,27.0,24.0,0.99,0.987881691505,27.0,24.0,custom_states,False,False,False,,
path4,path,4,product,U_SH__V_SH,True,False,0.0,0.75,82.0,82.6,0.49,257.0,259.8,61.0,61.0,128.0,"{'rz': 84, 'sx': 62, 'rx': 50, 'cz': 33, 'rzz': 28, 'barrier': 8}",5,5,0,ok,,29.0,28.0,ok,,0.95,0.913213531381,26.0,24.0,0.95,0.913213531381,26.0,24.0,0.99,0.987833544029,26.0,24.0,custom_states,False,False,False,,
path4,path,4,product,U_SH__V_Z,True,False,0.0,0.833333,82.0,82.6,0.49,259.0,260.4,61.0,61.0,128.0,"{'rz': 84, 'sx': 62, 'rx': 52, 'cz': 33, 'rzz': 28, 'barrier': 8}",5,5,0,ok,,30.0,28.0,ok,,0.95,0.967364800501,26.0,24.0,0.95,0.967364800501,26.0,24.0,0.95,0.967364800501,26.0,24.0,custom_states,False,False,False,,
path4,path,4,product,U_Z__V_I,True,True,0.0,1.0,81.0,82.2,0.98,259.0,261.2,61.0,61.0,128.0,"{'rz': 80, 'sx': 62, 'rx': 56, 'cz': 37, 'rzz': 24, 'barrier': 8}",5,5,0,ok,,30.0,28.0,ok,,0.95,0.981196440888,27.0,24.0,0.95,0.981196440888,27.0,24.0,0.95,0.981196440888,27.0,24.0,custom_states,False,False,False,,
path4,path,4,product,U_Z__V_X,True,False,0.0,0.666667,79.0,80.2,0.98,239.0,242.6,61.0,61.0,128.0,"{'rz': 72, 'sx': 62, 'rx': 44, 'cz': 37, 'rzz': 24, 'barrier': 8}",5,5,0,ok,,28.0,28.0,ok,,0.95,0.881565516261,25.0,24.0,0.99,0.987833544029,25.0,24.0,0.99,0.987833544029,25.0,24.0,custom_states,False,False,False,,
path4,path,4,product,U_Z__V_SX,True,False,0.0,0.833333,81.0,82.2,0.98,251.0,252.4,61.0,61.0,128.0,"{'rz': 84, 'sx': 62, 'rx': 44, 'cz': 33, 'rzz': 28, 'barrier': 8}",5,5,0,ok,,29.0,28.0,ok,,0.96,0.86526466326,26.0,24.0,0.99,0.98403145781,26.0,24.0,0.99,0.98403145781,26.0,24.0,custom_states,False,False,False,,
path4,path,4,product,U_Z__V_SXdg,True,False,0.0,0.833333,81.0,82.2,0.98,259.0,259.2,61.0,61.0,128.0,"{'rz': 84, 'sx': 62, 'rx': 52, 'cz': 33, 'rzz': 28, 'barrier': 8}",5,5,0,ok,,30.0,28.0,ok,,0.95,0.980393726779,27.0,24.0,0.95,0.980393726779,27.0,24.0,0.95,0.980393726779,27.0,24.0,custom_states,False,False,False,,
path4,path,4,product,U_Z__V_H,True,False,0.0,0.833333,78.0,78.8,0.98,243.0,243.0,57.0,57.0,128.0,"{'rz': 80, 'sx': 62, 'rx': 44, 'cz': 33, 'rzz': 24, 'barrier': 8}",5,5,0,ok,,28.0,24.0,ok,,0.96,0.881565516261,25.0,20.0,0.99,0.987833544029,25.0,20.0,0.99,0.987833544029,25.0,20.0,custom_states,False,False,False,,
path4,path,4,product,U_Z__V_HS,True,False,0.0,0.833333,83.0,83.6,0.49,260.0,261.8,61.0,61.0,128.0,"{'rz': 88, 'sx': 62, 'rx': 49, 'cz': 33, 'rzz': 28, 'barrier': 8}",5,5,0,ok,,31.0,28.0,ok,,0.95,0.967364800501,27.0,24.0,0.95,0.967364800501,27.0,24.0,0.95,0.967364800501,27.0,24.0,custom_states,False,False,False,,
path4,path,4,product,U_Z__V_SH,True,False,0.0,0.833333,82.0,82.6,0.49,255.0,256.4,61.0,61.0,128.0,"{'rz': 84, 'sx': 62, 'rx': 48, 'cz': 33, 'rzz': 28, 'barrier': 8}",5,5,0,ok,,30.0,28.0,ok,,0.95,0.967364800501,26.0,24.0,0.95,0.967364800501,26.0,24.0,0.95,0.967364800501,26.0,24.0,custom_states,False,False,False,,
path4,path,4,product,U_Z__V_Z,True,True,0.0,1.0,78.0,78.0,0.0,235.0,235.0,57.0,57.0,128.0,"{'rz': 76, 'sx': 62, 'rx': 40, 'cz': 33, 'rzz': 24, 'barrier': 8}",5,5,0,ok,,26.0,24.0,ok,,0.95,0.881565516261,23.0,20.0,0.99,0.987833544029,23.0,20.0,0.99,0.987833544029,23.0,20.0,custom_states,False,False,False,,
path4,path,4,monomial_full,sup012_P012_ph000,True,,,,,,,,,,,,,0,0,0,skipped_baseline_equivalent,,,,skipped,same embedding as baseline within tolerance,,,,,,,,,,,,,custom_states,False,True,True,same embedding as baseline within tolerance,1.0
path4,path,4,monomial_full,sup012_P012_ph111,True,,,,,,,,,,,,,0,0,0,skipped_baseline_equivalent,,,,skipped,embedding equals baseline up to one global phase,,,,,,,,,,,,,custom_states,False,False,True,embedding equals baseline up to one global phase,1.0
path4,path,4,monomial_full,sup012_P012_ph222,True,,,,,,,,,,,,,0,0,0,skipped_baseline_equivalent,,,,skipped,embedding equals baseline up to one global phase,,,,,,,,,,,,,custom_states,False,False,True,embedding equals baseline up to one global phase,1.0
path4,path,4,product,U_I__V_I,True,,,,,,,,,,,,,0,0,0,skipped_baseline_equivalent,,,,skipped,same embedding as baseline within tolerance,,,,,,,,,,,,,custom_states,False,True,True,same embedding as baseline within tolerance,1.0
