[suite custom_states] starting; states=5, candidates_per_state=713, jobs=2, mode=full, strategy=append_w
[suite custom_states] states: path4, cycle4, complete4, cluster2x2, cluster2x3
[suite custom_states] [1/5] === state path4 (family=path, qutrits=4, edges=3) ===
[suite custom_states] state path4: 709 benchmarked, 4 baseline-equivalent skipped, 713 candidates total
[suite custom_states :: path4] starting benchmarks: 0/709
[suite custom_states :: path4] 1/709 (  0.1%) done baseline/E_old elapsed=13s avg=12.55s/cand eta=2h28m04s remaining=708
[suite custom_states :: path4] 2/709 (  0.3%) done monomial_full/sup012_P012_ph001 elapsed=14s avg=6.80s/cand eta=1h20m04s remaining=707
[suite custom_states :: path4] 3/709 (  0.4%) done monomial_full/sup012_P012_ph002 elapsed=22s avg=7.41s/cand eta=1h27m10s remaining=706
[suite custom_states :: path4] 4/709 (  0.6%) done monomial_full/sup012_P012_ph010 elapsed=23s avg=5.72s/cand eta=1h07m15s remaining=705
[suite custom_states :: path4] 5/709 (  0.7%) done monomial_full/sup012_P012_ph011 elapsed=34s avg=6.83s/cand eta=1h20m06s remaining=704
[suite custom_states :: path4] 6/709 (  0.8%) done monomial_full/sup012_P012_ph012 elapsed=34s avg=5.70s/cand eta=1h06m50s remaining=703
[suite custom_states :: path4] 7/709 (  1.0%) done monomial_full/sup012_P012_ph021 elapsed=45s avg=6.45s/cand eta=1h15m28s remaining=702
[suite custom_states :: path4] 8/709 (  1.1%) done monomial_full/sup012_P012_ph020 elapsed=45s avg=5.69s/cand eta=1h06m26s remaining=701
[suite custom_states :: path4] 9/709 (  1.3%) done monomial_full/sup012_P012_ph022 elapsed=56s avg=6.20s/cand eta=1h12m19s remaining=700
[suite custom_states :: path4] 10/709 (  1.4%) done monomial_full/sup012_P012_ph100 elapsed=56s avg=5.64s/cand eta=1h05m43s remaining=699
[suite custom_states :: path4] 11/709 (  1.6%) done monomial_full/sup012_P012_ph101 elapsed=1m06s avg=5.98s/cand eta=1h09m31s remaining=698
[suite custom_states :: path4] 12/709 (  1.7%) done monomial_full/sup012_P012_ph102 elapsed=1m08s avg=5.63s/cand eta=1h05m23s remaining=697
[suite custom_states :: path4] 13/709 (  1.8%) done monomial_full/sup012_P012_ph110 elapsed=1m15s avg=5.79s/cand eta=1h07m13s remaining=696
[suite custom_states :: path4] 14/709 (  2.0%) done monomial_full/sup012_P012_ph112 elapsed=1m18s avg=5.61s/cand eta=1h04m56s remaining=695
[suite custom_states :: path4] 15/709 (  2.1%) done monomial_full/sup012_P012_ph120 elapsed=1m26s avg=5.71s/cand eta=1h06m06s remaining=694
[suite custom_states :: path4] 16/709 (  2.3%) done monomial_full/sup012_P012_ph121 elapsed=1m28s avg=5.50s/cand eta=1h03m32s remaining=693
[suite custom_states :: path4] 17/709 (  2.4%) done monomial_full/sup012_P012_ph122 elapsed=1m35s avg=5.57s/cand eta=1h04m13s remaining=692
[suite custom_states :: path4] 18/709 (  2.5%) done monomial_full/sup012_P012_ph200 elapsed=1m38s avg=5.43s/cand eta=1h02m34s remaining=691
[suite custom_states :: path4] 19/709 (  2.7%) done monomial_full/sup012_P012_ph201 elapsed=1m45s avg=5.51s/cand eta=1h03m25s remaining=690
[suite custom_states :: path4] 20/709 (  2.8%) done monomial_full/sup012_P012_ph202 elapsed=1m47s avg=5.36s/cand eta=1h01m36s remaining=689
[suite custom_states :: path4] 21/709 (  3.0%) done monomial_full/sup012_P012_ph210 elapsed=1m55s avg=5.47s/cand eta=1h02m40s remaining=688
[suite custom_states :: path4] 22/709 (  3.1%) done monomial_full/sup012_P012_ph211 elapsed=1m56s avg=5.29s/cand eta=1h00m37s remaining=687
[suite custom_states :: path4] 23/709 (  3.2%) done monomial_full/sup012_P012_ph212 elapsed=2m05s avg=5.45s/cand eta=1h02m16s remaining=686
[suite custom_states :: path4] 24/709 (  3.4%) done monomial_full/sup012_P012_ph220 elapsed=2m06s avg=5.25s/cand eta=59m55s remaining=685
[suite custom_states :: path4] 25/709 (  3.5%) done monomial_full/sup012_P012_ph221 elapsed=2m16s avg=5.43s/cand eta=1h01m53s remaining=684
[suite custom_states :: path4] 26/709 (  3.7%) done monomial_full/sup012_P021_ph000 elapsed=2m19s avg=5.35s/cand eta=1h00m51s remaining=683
[suite custom_states :: path4] 27/709 (  3.8%) done monomial_full/sup012_P021_ph001 elapsed=2m28s avg=5.49s/cand eta=1h02m25s remaining=682
[suite custom_states :: path4] 28/709 (  3.9%) done monomial_full/sup012_P021_ph002 elapsed=2m32s avg=5.42s/cand eta=1h01m30s remaining=681
[suite custom_states :: path4] 29/709 (  4.1%) done monomial_full/sup012_P021_ph010 elapsed=2m41s avg=5.55s/cand eta=1h02m51s remaining=680
[suite custom_states :: path4] 30/709 (  4.2%) done monomial_full/sup012_P021_ph011 elapsed=2m45s avg=5.49s/cand eta=1h02m05s remaining=679
[suite custom_states :: path4] 31/709 (  4.4%) done monomial_full/sup012_P021_ph012 elapsed=2m54s avg=5.61s/cand eta=1h03m25s remaining=678
[suite custom_states :: path4] 32/709 (  4.5%) done monomial_full/sup012_P021_ph020 elapsed=2m58s avg=5.57s/cand eta=1h02m48s remaining=677
[suite custom_states :: path4] 33/709 (  4.7%) done monomial_full/sup012_P021_ph021 elapsed=3m10s avg=5.75s/cand eta=1h04m44s remaining=676
[suite custom_states :: path4] 34/709 (  4.8%) done monomial_full/sup012_P021_ph022 elapsed=3m14s avg=5.71s/cand eta=1h04m16s remaining=675
[suite custom_states :: path4] 35/709 (  4.9%) done monomial_full/sup012_P021_ph100 elapsed=3m23s avg=5.81s/cand eta=1h05m18s remaining=674
[suite custom_states :: path4] 36/709 (  5.1%) done monomial_full/sup012_P021_ph101 elapsed=3m28s avg=5.76s/cand eta=1h04m39s remaining=673
[suite custom_states :: path4] 37/709 (  5.2%) done monomial_full/sup012_P021_ph102 elapsed=3m37s avg=5.87s/cand eta=1h05m42s remaining=672
[suite custom_states :: path4] 38/709 (  5.4%) done monomial_full/sup012_P021_ph110 elapsed=3m42s avg=5.84s/cand eta=1h05m19s remaining=671
[suite custom_states :: path4] 39/709 (  5.5%) done monomial_full/sup012_P021_ph111 elapsed=3m52s avg=5.94s/cand eta=1h06m23s remaining=670
[suite custom_states :: path4] 40/709 (  5.6%) done monomial_full/sup012_P021_ph112 elapsed=3m58s avg=5.94s/cand eta=1h06m15s remaining=669
[suite custom_states :: path4] 41/709 (  5.8%) done monomial_full/sup012_P021_ph120 elapsed=4m08s avg=6.05s/cand eta=1h07m21s remaining=668
[suite custom_states :: path4] 42/709 (  5.9%) done monomial_full/sup012_P021_ph121 elapsed=4m13s avg=6.03s/cand eta=1h07m04s remaining=667
[suite custom_states :: path4] 43/709 (  6.1%) done monomial_full/sup012_P021_ph122 elapsed=4m23s avg=6.13s/cand eta=1h08m01s remaining=666
[suite custom_states :: path4] 44/709 (  6.2%) done monomial_full/sup012_P021_ph200 elapsed=4m28s avg=6.10s/cand eta=1h07m36s remaining=665
[suite custom_states :: path4] 45/709 (  6.3%) done monomial_full/sup012_P021_ph201 elapsed=4m38s avg=6.17s/cand eta=1h08m17s remaining=664
[suite custom_states :: path4] 46/709 (  6.5%) done monomial_full/sup012_P021_ph202 elapsed=4m43s avg=6.15s/cand eta=1h07m58s remaining=663
[suite custom_states :: path4] 47/709 (  6.6%) done monomial_full/sup012_P021_ph210 elapsed=4m52s avg=6.22s/cand eta=1h08m38s remaining=662
[suite custom_states :: path4] 48/709 (  6.8%) done monomial_full/sup012_P021_ph211 elapsed=4m57s avg=6.20s/cand eta=1h08m17s remaining=661
[suite custom_states :: path4] 49/709 (  6.9%) done monomial_full/sup012_P021_ph212 elapsed=5m07s avg=6.27s/cand eta=1h08m58s remaining=660
[suite custom_states :: path4] 50/709 (  7.1%) done monomial_full/sup012_P021_ph220 elapsed=5m12s avg=6.24s/cand eta=1h08m31s remaining=659
[suite custom_states :: path4] 51/709 (  7.2%) done monomial_full/sup012_P021_ph221 elapsed=5m22s avg=6.31s/cand eta=1h09m10s remaining=658
[suite custom_states :: path4] 52/709 (  7.3%) done monomial_full/sup012_P021_ph222 elapsed=5m26s avg=6.28s/cand eta=1h08m44s remaining=657
[suite custom_states :: path4] 53/709 (  7.5%) done monomial_full/sup012_P102_ph000 elapsed=5m34s avg=6.30s/cand eta=1h08m51s remaining=656
[suite custom_states :: path4] 54/709 (  7.6%) done monomial_full/sup012_P102_ph001 elapsed=5m38s avg=6.26s/cand eta=1h08m21s remaining=655
[suite custom_states :: path4] 55/709 (  7.8%) done monomial_full/sup012_P102_ph002 elapsed=5m46s avg=6.29s/cand eta=1h08m36s remaining=654
[suite custom_states :: path4] 56/709 (  7.9%) done monomial_full/sup012_P102_ph010 elapsed=5m50s avg=6.26s/cand eta=1h08m05s remaining=653
[suite custom_states :: path4] 57/709 (  8.0%) done monomial_full/sup012_P102_ph011 elapsed=5m58s avg=6.28s/cand eta=1h08m14s remaining=652
[suite custom_states :: path4] 58/709 (  8.2%) done monomial_full/sup012_P102_ph012 elapsed=6m05s avg=6.29s/cand eta=1h08m12s remaining=651
[suite custom_states :: path4] 59/709 (  8.3%) done monomial_full/sup012_P102_ph020 elapsed=6m19s avg=6.42s/cand eta=1h09m35s remaining=650
[suite custom_states :: path4] 60/709 (  8.5%) done monomial_full/sup012_P102_ph021 elapsed=6m22s avg=6.36s/cand eta=1h08m47s remaining=649
[suite custom_states :: path4] 61/709 (  8.6%) done monomial_full/sup012_P102_ph022 elapsed=6m28s avg=6.36s/cand eta=1h08m44s remaining=648
[suite custom_states :: path4] 62/709 (  8.7%) done monomial_full/sup012_P102_ph100 elapsed=6m30s avg=6.29s/cand eta=1h07m47s remaining=647
[suite custom_states :: path4] 63/709 (  8.9%) done monomial_full/sup012_P102_ph101 elapsed=6m36s avg=6.29s/cand eta=1h07m46s remaining=646
[suite custom_states :: path4] 64/709 (  9.0%) done monomial_full/sup012_P102_ph102 elapsed=6m38s avg=6.22s/cand eta=1h06m51s remaining=645
[suite custom_states :: path4] 65/709 (  9.2%) done monomial_full/sup012_P102_ph110 elapsed=6m46s avg=6.24s/cand eta=1h07m01s remaining=644
[suite custom_states :: path4] 66/709 (  9.3%) done monomial_full/sup012_P102_ph111 elapsed=6m47s avg=6.16s/cand eta=1h06m00s remaining=643
[suite custom_states :: path4] 67/709 (  9.4%) done monomial_full/sup012_P102_ph112 elapsed=6m55s avg=6.19s/cand eta=1h06m15s remaining=642
[suite custom_states :: path4] 68/709 (  9.6%) done monomial_full/sup012_P102_ph120 elapsed=6m55s avg=6.11s/cand eta=1h05m14s remaining=641
[suite custom_states :: path4] 69/709 (  9.7%) done monomial_full/sup012_P102_ph121 elapsed=7m07s avg=6.18s/cand eta=1h05m58s remaining=640
[suite custom_states :: path4] 70/709 (  9.9%) done monomial_full/sup012_P102_ph122 elapsed=7m07s avg=6.10s/cand eta=1h04m58s remaining=639
[suite custom_states :: path4] 71/709 ( 10.0%) done monomial_full/sup012_P102_ph200 elapsed=7m18s avg=6.17s/cand eta=1h05m34s remaining=638
[suite custom_states :: path4] 72/709 ( 10.2%) done monomial_full/sup012_P102_ph201 elapsed=7m18s avg=6.09s/cand eta=1h04m38s remaining=637
[suite custom_states :: path4] 73/709 ( 10.3%) done monomial_full/sup012_P102_ph202 elapsed=7m26s avg=6.12s/cand eta=1h04m50s remaining=636
[suite custom_states :: path4] 74/709 ( 10.4%) done monomial_full/sup012_P102_ph210 elapsed=7m26s avg=6.03s/cand eta=1h03m51s remaining=635
[suite custom_states :: path4] 75/709 ( 10.6%) done monomial_full/sup012_P102_ph212 elapsed=7m35s avg=6.07s/cand eta=1h04m06s remaining=634
[suite custom_states :: path4] 76/709 ( 10.7%) done monomial_full/sup012_P102_ph211 elapsed=7m35s avg=5.99s/cand eta=1h03m10s remaining=633
[suite custom_states :: path4] 77/709 ( 10.9%) done monomial_full/sup012_P102_ph220 elapsed=7m45s avg=6.03s/cand eta=1h03m34s remaining=632
[suite custom_states :: path4] 78/709 ( 11.0%) done monomial_full/sup012_P102_ph221 elapsed=7m45s avg=5.96s/cand eta=1h02m40s remaining=631
[suite custom_states :: path4] 79/709 ( 11.1%) done monomial_full/sup012_P102_ph222 elapsed=7m55s avg=6.01s/cand eta=1h03m04s remaining=630
[suite custom_states :: path4] 80/709 ( 11.3%) done monomial_full/sup012_P120_ph000 elapsed=7m58s avg=5.97s/cand eta=1h02m35s remaining=629
[suite custom_states :: path4] 81/709 ( 11.4%) done monomial_full/sup012_P120_ph001 elapsed=8m08s avg=6.02s/cand eta=1h03m03s remaining=628
[suite custom_states :: path4] 82/709 ( 11.6%) done monomial_full/sup012_P120_ph002 elapsed=8m10s avg=5.98s/cand eta=1h02m26s remaining=627
[suite custom_states :: path4] 83/709 ( 11.7%) done monomial_full/sup012_P120_ph010 elapsed=8m21s avg=6.04s/cand eta=1h02m59s remaining=626
[suite custom_states :: path4] 84/709 ( 11.8%) done monomial_full/sup012_P120_ph011 elapsed=8m24s avg=6.00s/cand eta=1h02m28s remaining=625
[suite custom_states :: path4] 85/709 ( 12.0%) done monomial_full/sup012_P120_ph012 elapsed=8m34s avg=6.05s/cand eta=1h02m53s remaining=624
[suite custom_states :: path4] 86/709 ( 12.1%) done monomial_full/sup012_P120_ph020 elapsed=8m36s avg=6.00s/cand eta=1h02m19s remaining=623
[suite custom_states :: path4] 87/709 ( 12.3%) done monomial_full/sup012_P120_ph021 elapsed=8m46s avg=6.05s/cand eta=1h02m42s remaining=622
[suite custom_states :: path4] 88/709 ( 12.4%) done monomial_full/sup012_P120_ph022 elapsed=8m48s avg=6.00s/cand eta=1h02m08s remaining=621
[suite custom_states :: path4] 89/709 ( 12.6%) done monomial_full/sup012_P120_ph100 elapsed=8m59s avg=6.06s/cand eta=1h02m35s remaining=620
[suite custom_states :: path4] 90/709 ( 12.7%) done monomial_full/sup012_P120_ph101 elapsed=9m01s avg=6.01s/cand eta=1h02m02s remaining=619
[suite custom_states :: path4] 91/709 ( 12.8%) done monomial_full/sup012_P120_ph102 elapsed=9m12s avg=6.07s/cand eta=1h02m28s remaining=618
[suite custom_states :: path4] 92/709 ( 13.0%) done monomial_full/sup012_P120_ph110 elapsed=9m14s avg=6.02s/cand eta=1h01m55s remaining=617
[suite custom_states :: path4] 93/709 ( 13.1%) done monomial_full/sup012_P120_ph111 elapsed=9m24s avg=6.07s/cand eta=1h02m17s remaining=616
[suite custom_states :: path4] 94/709 ( 13.3%) done monomial_full/sup012_P120_ph112 elapsed=9m26s avg=6.02s/cand eta=1h01m43s remaining=615
[suite custom_states :: path4] 95/709 ( 13.4%) done monomial_full/sup012_P120_ph120 elapsed=9m36s avg=6.06s/cand eta=1h02m03s remaining=614
[suite custom_states :: path4] 96/709 ( 13.5%) done monomial_full/sup012_P120_ph121 elapsed=9m38s avg=6.02s/cand eta=1h01m32s remaining=613
[suite custom_states :: path4] 97/709 ( 13.7%) done monomial_full/sup012_P120_ph122 elapsed=9m49s avg=6.07s/cand eta=1h01m55s remaining=612
[suite custom_states :: path4] 98/709 ( 13.8%) done monomial_full/sup012_P120_ph200 elapsed=9m51s avg=6.03s/cand eta=1h01m27s remaining=611
[suite custom_states :: path4] 99/709 ( 14.0%) done monomial_full/sup012_P120_ph201 elapsed=10m02s avg=6.08s/cand eta=1h01m47s remaining=610
[suite custom_states :: path4] 100/709 ( 14.1%) done monomial_full/sup012_P120_ph202 elapsed=10m04s avg=6.04s/cand eta=1h01m15s remaining=609
[suite custom_states :: path4] 101/709 ( 14.2%) done monomial_full/sup012_P120_ph210 elapsed=10m15s avg=6.09s/cand eta=1h01m44s remaining=608
[suite custom_states :: path4] 102/709 ( 14.4%) done monomial_full/sup012_P120_ph211 elapsed=10m17s avg=6.05s/cand eta=1h01m12s remaining=607
[suite custom_states :: path4] 103/709 ( 14.5%) done monomial_full/sup012_P120_ph212 elapsed=10m28s avg=6.10s/cand eta=1h01m36s remaining=606
[suite custom_states :: path4] 104/709 ( 14.7%) done monomial_full/sup012_P120_ph220 elapsed=10m30s avg=6.05s/cand eta=1h01m02s remaining=605
[suite custom_states :: path4] 105/709 ( 14.8%) done monomial_full/sup012_P120_ph221 elapsed=10m43s avg=6.12s/cand eta=1h01m38s remaining=604
[suite custom_states :: path4] 106/709 ( 15.0%) done monomial_full/sup012_P120_ph222 elapsed=10m44s avg=6.08s/cand eta=1h01m05s remaining=603
[suite custom_states :: path4] 107/709 ( 15.1%) done monomial_full/sup012_P201_ph000 elapsed=11m01s avg=6.18s/cand eta=1h01m59s remaining=602
[suite custom_states :: path4] 108/709 ( 15.2%) done monomial_full/sup012_P201_ph001 elapsed=11m02s avg=6.13s/cand eta=1h01m26s remaining=601
[suite custom_states :: path4] 109/709 ( 15.4%) done monomial_full/sup012_P201_ph002 elapsed=11m16s avg=6.20s/cand eta=1h02m01s remaining=600
[suite custom_states :: path4] 110/709 ( 15.5%) done monomial_full/sup012_P201_ph010 elapsed=11m17s avg=6.16s/cand eta=1h01m29s remaining=599
[suite custom_states :: path4] 111/709 ( 15.7%) done monomial_full/sup012_P201_ph011 elapsed=11m30s avg=6.22s/cand eta=1h01m59s remaining=598
[suite custom_states :: path4] 112/709 ( 15.8%) done monomial_full/sup012_P201_ph012 elapsed=11m31s avg=6.17s/cand eta=1h01m26s remaining=597
[suite custom_states :: path4] 113/709 ( 15.9%) done monomial_full/sup012_P201_ph020 elapsed=11m43s avg=6.22s/cand eta=1h01m50s remaining=596
[suite custom_states :: path4] 114/709 ( 16.1%) done monomial_full/sup012_P201_ph021 elapsed=11m46s avg=6.19s/cand eta=1h01m23s remaining=595
[suite custom_states :: path4] 115/709 ( 16.2%) done monomial_full/sup012_P201_ph022 elapsed=11m57s avg=6.24s/cand eta=1h01m46s remaining=594
[suite custom_states :: path4] 116/709 ( 16.4%) done monomial_full/sup012_P201_ph100 elapsed=11m59s avg=6.20s/cand eta=1h01m17s remaining=593
[suite custom_states :: path4] 117/709 ( 16.5%) done monomial_full/sup012_P201_ph101 elapsed=12m11s avg=6.25s/cand eta=1h01m41s remaining=592
[suite custom_states :: path4] 118/709 ( 16.6%) done monomial_full/sup012_P201_ph102 elapsed=12m13s avg=6.21s/cand eta=1h01m13s remaining=591
[suite custom_states :: path4] 119/709 ( 16.8%) done monomial_full/sup012_P201_ph110 elapsed=12m26s avg=6.27s/cand eta=1h01m39s remaining=590
[suite custom_states :: path4] 120/709 ( 16.9%) done monomial_full/sup012_P201_ph111 elapsed=12m28s avg=6.23s/cand eta=1h01m10s remaining=589
[suite custom_states :: path4] 121/709 ( 17.1%) done monomial_full/sup012_P201_ph112 elapsed=12m40s avg=6.28s/cand eta=1h01m32s remaining=588
[suite custom_states :: path4] 122/709 ( 17.2%) done monomial_full/sup012_P201_ph120 elapsed=12m42s avg=6.25s/cand eta=1h01m06s remaining=587
[suite custom_states :: path4] 123/709 ( 17.3%) done monomial_full/sup012_P201_ph121 elapsed=12m53s avg=6.29s/cand eta=1h01m24s remaining=586
[suite custom_states :: path4] 124/709 ( 17.5%) done monomial_full/sup012_P201_ph122 elapsed=12m55s avg=6.25s/cand eta=1h00m55s remaining=585
[suite custom_states :: path4] 125/709 ( 17.6%) done monomial_full/sup012_P201_ph200 elapsed=13m04s avg=6.27s/cand eta=1h01m01s remaining=584
[suite custom_states :: path4] 126/709 ( 17.8%) done monomial_full/sup012_P201_ph201 elapsed=13m06s avg=6.24s/cand eta=1h00m36s remaining=583
[suite custom_states :: path4] 127/709 ( 17.9%) done monomial_full/sup012_P201_ph202 elapsed=13m15s avg=6.26s/cand eta=1h00m44s remaining=582
[suite custom_states :: path4] 128/709 ( 18.1%) done monomial_full/sup012_P201_ph210 elapsed=13m17s avg=6.22s/cand eta=1h00m16s remaining=581
[suite custom_states :: path4] 129/709 ( 18.2%) done monomial_full/sup012_P201_ph211 elapsed=13m25s avg=6.24s/cand eta=1h00m20s remaining=580
[suite custom_states :: path4] 130/709 ( 18.3%) done monomial_full/sup012_P201_ph212 elapsed=13m27s avg=6.20s/cand eta=59m52s remaining=579
[suite custom_states :: path4] 131/709 ( 18.5%) done monomial_full/sup012_P201_ph220 elapsed=13m36s avg=6.23s/cand eta=1h00m02s remaining=578
[suite custom_states :: path4] 132/709 ( 18.6%) done monomial_full/sup012_P201_ph221 elapsed=13m38s avg=6.20s/cand eta=59m35s remaining=577
[suite custom_states :: path4] 133/709 ( 18.8%) done monomial_full/sup012_P210_ph000 elapsed=13m48s avg=6.22s/cand eta=59m45s remaining=576
[suite custom_states :: path4] 134/709 ( 18.9%) done monomial_full/sup012_P201_ph222 elapsed=13m48s avg=6.18s/cand eta=59m14s remaining=575
[suite custom_states :: path4] 135/709 ( 19.0%) done monomial_full/sup012_P210_ph001 elapsed=13m58s avg=6.21s/cand eta=59m22s remaining=574
[suite custom_states :: path4] 136/709 ( 19.2%) done monomial_full/sup012_P210_ph002 elapsed=13m58s avg=6.16s/cand eta=58m50s remaining=573
[suite custom_states :: path4] 137/709 ( 19.3%) done monomial_full/sup012_P210_ph011 elapsed=14m10s avg=6.20s/cand eta=59m09s remaining=572
[suite custom_states :: path4] 138/709 ( 19.5%) done monomial_full/sup012_P210_ph010 elapsed=14m10s avg=6.16s/cand eta=58m39s remaining=571
[suite custom_states :: path4] 139/709 ( 19.6%) done monomial_full/sup012_P210_ph012 elapsed=14m22s avg=6.20s/cand eta=58m55s remaining=570
[suite custom_states :: path4] 140/709 ( 19.7%) done monomial_full/sup012_P210_ph020 elapsed=14m23s avg=6.16s/cand eta=58m27s remaining=569
[suite custom_states :: path4] 141/709 ( 19.9%) done monomial_full/sup012_P210_ph021 elapsed=14m35s avg=6.20s/cand eta=58m43s remaining=568
[suite custom_states :: path4] 142/709 ( 20.0%) done monomial_full/sup012_P210_ph022 elapsed=14m36s avg=6.17s/cand eta=58m17s remaining=567
[suite custom_states :: path4] 143/709 ( 20.2%) done monomial_full/sup012_P210_ph100 elapsed=14m49s avg=6.22s/cand eta=58m38s remaining=566
[suite custom_states :: path4] 144/709 ( 20.3%) done monomial_full/sup012_P210_ph101 elapsed=14m50s avg=6.18s/cand eta=58m14s remaining=565
[suite custom_states :: path4] 145/709 ( 20.5%) done monomial_full/sup012_P210_ph102 elapsed=15m05s avg=6.24s/cand eta=58m39s remaining=564
[suite custom_states :: path4] 146/709 ( 20.6%) done monomial_full/sup012_P210_ph110 elapsed=15m06s avg=6.21s/cand eta=58m15s remaining=563
[suite custom_states :: path4] 147/709 ( 20.7%) done monomial_full/sup012_P210_ph111 elapsed=15m18s avg=6.24s/cand eta=58m29s remaining=562
[suite custom_states :: path4] 148/709 ( 20.9%) done monomial_full/sup012_P210_ph112 elapsed=15m20s avg=6.21s/cand eta=58m06s remaining=561
[suite custom_states :: path4] 149/709 ( 21.0%) done monomial_full/sup012_P210_ph120 elapsed=15m30s avg=6.24s/cand eta=58m16s remaining=560
[suite custom_states :: path4] 150/709 ( 21.2%) done monomial_full/sup012_P210_ph121 elapsed=15m32s avg=6.21s/cand eta=57m54s remaining=559
[suite custom_states :: path4] 151/709 ( 21.3%) done monomial_full/sup012_P210_ph122 elapsed=15m43s avg=6.24s/cand eta=58m03s remaining=558
[suite custom_states :: path4] 152/709 ( 21.4%) done monomial_full/sup012_P210_ph200 elapsed=15m44s avg=6.21s/cand eta=57m38s remaining=557
[suite custom_states :: path4] 153/709 ( 21.6%) done monomial_full/sup012_P210_ph201 elapsed=15m57s avg=6.25s/cand eta=57m56s remaining=556
[suite custom_states :: path4] 154/709 ( 21.7%) done monomial_full/sup012_P210_ph202 elapsed=15m58s avg=6.22s/cand eta=57m32s remaining=555
[suite custom_states :: path4] 155/709 ( 21.9%) done monomial_full/sup012_P210_ph210 elapsed=16m09s avg=6.25s/cand eta=57m42s remaining=554
[suite custom_states :: path4] 156/709 ( 22.0%) done monomial_full/sup012_P210_ph211 elapsed=16m10s avg=6.22s/cand eta=57m20s remaining=553
[suite custom_states :: path4] 157/709 ( 22.1%) done monomial_full/sup012_P210_ph212 elapsed=16m22s avg=6.26s/cand eta=57m33s remaining=552
[suite custom_states :: path4] 158/709 ( 22.3%) done monomial_full/sup012_P210_ph220 elapsed=16m23s avg=6.22s/cand eta=57m09s remaining=551
[suite custom_states :: path4] 159/709 ( 22.4%) done monomial_full/sup012_P210_ph221 elapsed=16m35s avg=6.26s/cand eta=57m21s remaining=550
[suite custom_states :: path4] 160/709 ( 22.6%) done monomial_full/sup012_P210_ph222 elapsed=16m36s avg=6.23s/cand eta=56m58s remaining=549
[suite custom_states :: path4] 161/709 ( 22.7%) done monomial_full/sup013_P012_ph000 elapsed=16m48s avg=6.26s/cand eta=57m09s remaining=548
[suite custom_states :: path4] 162/709 ( 22.8%) done monomial_full/sup013_P012_ph001 elapsed=16m48s avg=6.22s/cand eta=56m43s remaining=547
[suite custom_states :: path4] 163/709 ( 23.0%) done monomial_full/sup013_P012_ph010 elapsed=17m01s avg=6.26s/cand eta=57m00s remaining=546
[suite custom_states :: path4] 164/709 ( 23.1%) done monomial_full/sup013_P012_ph002 elapsed=17m02s avg=6.23s/cand eta=56m36s remaining=545
[suite custom_states :: path4] 165/709 ( 23.3%) done monomial_full/sup013_P012_ph011 elapsed=17m15s avg=6.27s/cand eta=56m51s remaining=544
[suite custom_states :: path4] 166/709 ( 23.4%) done monomial_full/sup013_P012_ph012 elapsed=17m16s avg=6.24s/cand eta=56m28s remaining=543
[suite custom_states :: path4] 167/709 ( 23.6%) done monomial_full/sup013_P012_ph020 elapsed=17m27s avg=6.27s/cand eta=56m38s remaining=542
[suite custom_states :: path4] 168/709 ( 23.7%) done monomial_full/sup013_P012_ph021 elapsed=17m28s avg=6.24s/cand eta=56m15s remaining=541
[suite custom_states :: path4] 169/709 ( 23.8%) done monomial_full/sup013_P012_ph022 elapsed=17m38s avg=6.26s/cand eta=56m20s remaining=540
[suite custom_states :: path4] 170/709 ( 24.0%) done monomial_full/sup013_P012_ph100 elapsed=17m41s avg=6.24s/cand eta=56m04s remaining=539
[suite custom_states :: path4] 171/709 ( 24.1%) done monomial_full/sup013_P012_ph101 elapsed=17m52s avg=6.27s/cand eta=56m13s remaining=538
[suite custom_states :: path4] 172/709 ( 24.3%) done monomial_full/sup013_P012_ph102 elapsed=17m55s avg=6.25s/cand eta=55m56s remaining=537
[suite custom_states :: path4] 173/709 ( 24.4%) done monomial_full/sup013_P012_ph110 elapsed=18m05s avg=6.27s/cand eta=56m01s remaining=536
[suite custom_states :: path4] 174/709 ( 24.5%) done monomial_full/sup013_P012_ph111 elapsed=18m07s avg=6.25s/cand eta=55m43s remaining=535
[suite custom_states :: path4] 175/709 ( 24.7%) done monomial_full/sup013_P012_ph112 elapsed=18m18s avg=6.28s/cand eta=55m51s remaining=534
[suite custom_states :: path4] 176/709 ( 24.8%) done monomial_full/sup013_P012_ph120 elapsed=18m19s avg=6.25s/cand eta=55m29s remaining=533
[suite custom_states :: path4] 177/709 ( 25.0%) done monomial_full/sup013_P012_ph121 elapsed=18m30s avg=6.27s/cand eta=55m35s remaining=532
[suite custom_states :: path4] 178/709 ( 25.1%) done monomial_full/sup013_P012_ph122 elapsed=18m31s avg=6.24s/cand eta=55m16s remaining=531
[suite custom_states :: path4] 179/709 ( 25.2%) done monomial_full/sup013_P012_ph200 elapsed=18m41s avg=6.26s/cand eta=55m19s remaining=530
[suite custom_states :: path4] 180/709 ( 25.4%) done monomial_full/sup013_P012_ph201 elapsed=18m44s avg=6.24s/cand eta=55m02s remaining=529
[suite custom_states :: path4] 181/709 ( 25.5%) done monomial_full/sup013_P012_ph202 elapsed=18m53s avg=6.26s/cand eta=55m05s remaining=528
[suite custom_states :: path4] 182/709 ( 25.7%) done monomial_full/sup013_P012_ph210 elapsed=18m56s avg=6.24s/cand eta=54m50s remaining=527
[suite custom_states :: path4] 183/709 ( 25.8%) done monomial_full/sup013_P012_ph211 elapsed=19m06s avg=6.26s/cand eta=54m54s remaining=526
[suite custom_states :: path4] 184/709 ( 26.0%) done monomial_full/sup013_P012_ph212 elapsed=19m09s avg=6.24s/cand eta=54m37s remaining=525
[suite custom_states :: path4] 185/709 ( 26.1%) done monomial_full/sup013_P012_ph220 elapsed=19m17s avg=6.26s/cand eta=54m38s remaining=524
[suite custom_states :: path4] 186/709 ( 26.2%) done monomial_full/sup013_P012_ph221 elapsed=19m21s avg=6.24s/cand eta=54m25s remaining=523
[suite custom_states :: path4] 187/709 ( 26.4%) done monomial_full/sup013_P012_ph222 elapsed=19m28s avg=6.25s/cand eta=54m21s remaining=522
[suite custom_states :: path4] 188/709 ( 26.5%) done monomial_full/sup013_P021_ph000 elapsed=19m35s avg=6.25s/cand eta=54m16s remaining=521
[suite custom_states :: path4] 189/709 ( 26.7%) done monomial_full/sup013_P021_ph001 elapsed=19m42s avg=6.26s/cand eta=54m13s remaining=520
[suite custom_states :: path4] 190/709 ( 26.8%) done monomial_full/sup013_P021_ph002 elapsed=19m49s avg=6.26s/cand eta=54m07s remaining=519
[suite custom_states :: path4] 191/709 ( 26.9%) done monomial_full/sup013_P021_ph010 elapsed=19m57s avg=6.27s/cand eta=54m05s remaining=518
[suite custom_states :: path4] 192/709 ( 27.1%) done monomial_full/sup013_P021_ph011 elapsed=20m03s avg=6.26s/cand eta=53m59s remaining=517
[suite custom_states :: path4] 193/709 ( 27.2%) done monomial_full/sup013_P021_ph012 elapsed=20m11s avg=6.28s/cand eta=53m59s remaining=516
[suite custom_states :: path4] 194/709 ( 27.4%) done monomial_full/sup013_P021_ph020 elapsed=20m17s avg=6.27s/cand eta=53m51s remaining=515
[suite custom_states :: path4] 195/709 ( 27.5%) done monomial_full/sup013_P021_ph021 elapsed=20m25s avg=6.28s/cand eta=53m49s remaining=514
[suite custom_states :: path4] 196/709 ( 27.6%) done monomial_full/sup013_P021_ph022 elapsed=20m31s avg=6.28s/cand eta=53m42s remaining=513
[suite custom_states :: path4] 197/709 ( 27.8%) done monomial_full/sup013_P021_ph100 elapsed=20m38s avg=6.29s/cand eta=53m39s remaining=512
[suite custom_states :: path4] 198/709 ( 27.9%) done monomial_full/sup013_P021_ph101 elapsed=20m45s avg=6.29s/cand eta=53m34s remaining=511
[suite custom_states :: path4] 199/709 ( 28.1%) done monomial_full/sup013_P021_ph102 elapsed=20m53s avg=6.29s/cand eta=53m30s remaining=510
[suite custom_states :: path4] 200/709 ( 28.2%) done monomial_full/sup013_P021_ph110 elapsed=21m00s avg=6.30s/cand eta=53m27s remaining=509
[suite custom_states :: path4] 201/709 ( 28.3%) done monomial_full/sup013_P021_ph111 elapsed=21m07s avg=6.30s/cand eta=53m23s remaining=508
[suite custom_states :: path4] 202/709 ( 28.5%) done monomial_full/sup013_P021_ph112 elapsed=21m14s avg=6.31s/cand eta=53m18s remaining=507
[suite custom_states :: path4] 203/709 ( 28.6%) done monomial_full/sup013_P021_ph120 elapsed=21m22s avg=6.31s/cand eta=53m15s remaining=506
[suite custom_states :: path4] 204/709 ( 28.8%) done monomial_full/sup013_P021_ph121 elapsed=21m29s avg=6.32s/cand eta=53m10s remaining=505
[suite custom_states :: path4] 205/709 ( 28.9%) done monomial_full/sup013_P021_ph122 elapsed=21m36s avg=6.32s/cand eta=53m05s remaining=504
[suite custom_states :: path4] 206/709 ( 29.1%) done monomial_full/sup013_P021_ph200 elapsed=21m43s avg=6.32s/cand eta=53m01s remaining=503
[suite custom_states :: path4] 207/709 ( 29.2%) done monomial_full/sup013_P021_ph201 elapsed=21m49s avg=6.33s/cand eta=52m56s remaining=502
[suite custom_states :: path4] 208/709 ( 29.3%) done monomial_full/sup013_P021_ph202 elapsed=21m57s avg=6.33s/cand eta=52m53s remaining=501
[suite custom_states :: path4] 209/709 ( 29.5%) done monomial_full/sup013_P021_ph210 elapsed=22m04s avg=6.33s/cand eta=52m47s remaining=500
[suite custom_states :: path4] 210/709 ( 29.6%) done monomial_full/sup013_P021_ph211 elapsed=22m12s avg=6.34s/cand eta=52m46s remaining=499
[suite custom_states :: path4] 211/709 ( 29.8%) done monomial_full/sup013_P021_ph212 elapsed=22m18s avg=6.34s/cand eta=52m39s remaining=498
[suite custom_states :: path4] 212/709 ( 29.9%) done monomial_full/sup013_P021_ph220 elapsed=22m26s avg=6.35s/cand eta=52m36s remaining=497
[suite custom_states :: path4] 213/709 ( 30.0%) done monomial_full/sup013_P021_ph221 elapsed=22m33s avg=6.35s/cand eta=52m30s remaining=496
[suite custom_states :: path4] 214/709 ( 30.2%) done monomial_full/sup013_P021_ph222 elapsed=22m41s avg=6.36s/cand eta=52m27s remaining=495
[suite custom_states :: path4] 215/709 ( 30.3%) done monomial_full/sup013_P102_ph000 elapsed=22m45s avg=6.35s/cand eta=52m17s remaining=494
[suite custom_states :: path4] 216/709 ( 30.5%) done monomial_full/sup013_P102_ph001 elapsed=22m52s avg=6.35s/cand eta=52m12s remaining=493
[suite custom_states :: path4] 217/709 ( 30.6%) done monomial_full/sup013_P102_ph002 elapsed=22m57s avg=6.35s/cand eta=52m03s remaining=492
[suite custom_states :: path4] 218/709 ( 30.7%) done monomial_full/sup013_P102_ph010 elapsed=23m04s avg=6.35s/cand eta=51m56s remaining=491
[suite custom_states :: path4] 219/709 ( 30.9%) done monomial_full/sup013_P102_ph011 elapsed=23m09s avg=6.34s/cand eta=51m48s remaining=490
[suite custom_states :: path4] 220/709 ( 31.0%) done monomial_full/sup013_P102_ph012 elapsed=23m16s avg=6.35s/cand eta=51m43s remaining=489
[suite custom_states :: path4] 221/709 ( 31.2%) done monomial_full/sup013_P102_ph020 elapsed=23m21s avg=6.34s/cand eta=51m33s remaining=488
[suite custom_states :: path4] 222/709 ( 31.3%) done monomial_full/sup013_P102_ph021 elapsed=23m28s avg=6.34s/cand eta=51m29s remaining=487
[suite custom_states :: path4] 223/709 ( 31.5%) done monomial_full/sup013_P102_ph022 elapsed=23m32s avg=6.33s/cand eta=51m17s remaining=486
[suite custom_states :: path4] 224/709 ( 31.6%) done monomial_full/sup013_P102_ph100 elapsed=23m40s avg=6.34s/cand eta=51m14s remaining=485
[suite custom_states :: path4] 225/709 ( 31.7%) done monomial_full/sup013_P102_ph101 elapsed=23m44s avg=6.33s/cand eta=51m02s remaining=484
[suite custom_states :: path4] 226/709 ( 31.9%) done monomial_full/sup013_P102_ph102 elapsed=23m52s avg=6.33s/cand eta=51m00s remaining=483
[suite custom_states :: path4] 227/709 ( 32.0%) done monomial_full/sup013_P102_ph110 elapsed=23m55s avg=6.32s/cand eta=50m47s remaining=482
[suite custom_states :: path4] 228/709 ( 32.2%) done monomial_full/sup013_P102_ph111 elapsed=24m04s avg=6.33s/cand eta=50m46s remaining=481
[suite custom_states :: path4] 229/709 ( 32.3%) done monomial_full/sup013_P102_ph112 elapsed=24m07s avg=6.32s/cand eta=50m33s remaining=480
[suite custom_states :: path4] 230/709 ( 32.4%) done monomial_full/sup013_P102_ph120 elapsed=24m16s avg=6.33s/cand eta=50m32s remaining=479
[suite custom_states :: path4] 231/709 ( 32.6%) done monomial_full/sup013_P102_ph121 elapsed=24m19s avg=6.31s/cand eta=50m18s remaining=478
[suite custom_states :: path4] 232/709 ( 32.7%) done monomial_full/sup013_P102_ph122 elapsed=24m26s avg=6.32s/cand eta=50m15s remaining=477
[suite custom_states :: path4] 233/709 ( 32.9%) done monomial_full/sup013_P102_ph200 elapsed=24m30s avg=6.31s/cand eta=50m03s remaining=476
[suite custom_states :: path4] 234/709 ( 33.0%) done monomial_full/sup013_P102_ph201 elapsed=24m38s avg=6.32s/cand eta=50m01s remaining=475
[suite custom_states :: path4] 235/709 ( 33.1%) done monomial_full/sup013_P102_ph202 elapsed=24m41s avg=6.30s/cand eta=49m47s remaining=474
[suite custom_states :: path4] 236/709 ( 33.3%) done monomial_full/sup013_P102_ph210 elapsed=24m50s avg=6.31s/cand eta=49m46s remaining=473
[suite custom_states :: path4] 237/709 ( 33.4%) done monomial_full/sup013_P102_ph211 elapsed=24m53s avg=6.30s/cand eta=49m32s remaining=472
[suite custom_states :: path4] 238/709 ( 33.6%) done monomial_full/sup013_P102_ph212 elapsed=25m01s avg=6.31s/cand eta=49m31s remaining=471
[suite custom_states :: path4] 239/709 ( 33.7%) done monomial_full/sup013_P102_ph220 elapsed=25m04s avg=6.29s/cand eta=49m18s remaining=470
[suite custom_states :: path4] 240/709 ( 33.9%) done monomial_full/sup013_P102_ph221 elapsed=25m13s avg=6.30s/cand eta=49m16s remaining=469
[suite custom_states :: path4] 241/709 ( 34.0%) done monomial_full/sup013_P102_ph222 elapsed=25m15s avg=6.29s/cand eta=49m03s remaining=468
[suite custom_states :: path4] 242/709 ( 34.1%) done monomial_full/sup013_P120_ph000 elapsed=25m24s avg=6.30s/cand eta=49m01s remaining=467
[suite custom_states :: path4] 243/709 ( 34.3%) done monomial_full/sup013_P120_ph001 elapsed=25m27s avg=6.28s/cand eta=48m47s remaining=466
[suite custom_states :: path4] 244/709 ( 34.4%) done monomial_full/sup013_P120_ph002 elapsed=25m36s avg=6.29s/cand eta=48m47s remaining=465
[suite custom_states :: path4] 245/709 ( 34.6%) done monomial_full/sup013_P120_ph010 elapsed=25m39s avg=6.28s/cand eta=48m34s remaining=464
[suite custom_states :: path4] 246/709 ( 34.7%) done monomial_full/sup013_P120_ph011 elapsed=25m48s avg=6.29s/cand eta=48m33s remaining=463
[suite custom_states :: path4] 247/709 ( 34.8%) done monomial_full/sup013_P120_ph012 elapsed=25m51s avg=6.28s/cand eta=48m22s remaining=462
[suite custom_states :: path4] 248/709 ( 35.0%) done monomial_full/sup013_P120_ph020 elapsed=26m00s avg=6.29s/cand eta=48m20s remaining=461
[suite custom_states :: path4] 249/709 ( 35.1%) done monomial_full/sup013_P120_ph021 elapsed=26m03s avg=6.28s/cand eta=48m08s remaining=460
[suite custom_states :: path4] 250/709 ( 35.3%) done monomial_full/sup013_P120_ph022 elapsed=26m12s avg=6.29s/cand eta=48m07s remaining=459
[suite custom_states :: path4] 251/709 ( 35.4%) done monomial_full/sup013_P120_ph100 elapsed=26m15s avg=6.27s/cand eta=47m54s remaining=458
[suite custom_states :: path4] 252/709 ( 35.5%) done monomial_full/sup013_P120_ph101 elapsed=26m24s avg=6.29s/cand eta=47m53s remaining=457
[suite custom_states :: path4] 253/709 ( 35.7%) done monomial_full/sup013_P120_ph102 elapsed=26m27s avg=6.27s/cand eta=47m40s remaining=456
[suite custom_states :: path4] 254/709 ( 35.8%) done monomial_full/sup013_P120_ph110 elapsed=26m36s avg=6.28s/cand eta=47m39s remaining=455
[suite custom_states :: path4] 255/709 ( 36.0%) done monomial_full/sup013_P120_ph111 elapsed=26m39s avg=6.27s/cand eta=47m27s remaining=454
[suite custom_states :: path4] 256/709 ( 36.1%) done monomial_full/sup013_P120_ph112 elapsed=26m48s avg=6.28s/cand eta=47m26s remaining=453
[suite custom_states :: path4] 257/709 ( 36.2%) done monomial_full/sup013_P120_ph120 elapsed=26m51s avg=6.27s/cand eta=47m14s remaining=452
[suite custom_states :: path4] 258/709 ( 36.4%) done monomial_full/sup013_P120_ph121 elapsed=27m00s avg=6.28s/cand eta=47m12s remaining=451
[suite custom_states :: path4] 259/709 ( 36.5%) done monomial_full/sup013_P120_ph122 elapsed=27m03s avg=6.27s/cand eta=47m00s remaining=450
[suite custom_states :: path4] 260/709 ( 36.7%) done monomial_full/sup013_P120_ph200 elapsed=27m13s avg=6.28s/cand eta=46m59s remaining=449
[suite custom_states :: path4] 261/709 ( 36.8%) done monomial_full/sup013_P120_ph201 elapsed=27m15s avg=6.26s/cand eta=46m46s remaining=448
[suite custom_states :: path4] 262/709 ( 37.0%) done monomial_full/sup013_P120_ph202 elapsed=27m24s avg=6.27s/cand eta=46m44s remaining=447
[suite custom_states :: path4] 263/709 ( 37.1%) done monomial_full/sup013_P120_ph210 elapsed=27m26s avg=6.26s/cand eta=46m32s remaining=446
[suite custom_states :: path4] 264/709 ( 37.2%) done monomial_full/sup013_P120_ph211 elapsed=27m36s avg=6.27s/cand eta=46m32s remaining=445
[suite custom_states :: path4] 265/709 ( 37.4%) done monomial_full/sup013_P120_ph212 elapsed=27m39s avg=6.26s/cand eta=46m20s remaining=444
[suite custom_states :: path4] 266/709 ( 37.5%) done monomial_full/sup013_P120_ph220 elapsed=27m48s avg=6.27s/cand eta=46m18s remaining=443
[suite custom_states :: path4] 267/709 ( 37.7%) done monomial_full/sup013_P120_ph221 elapsed=27m51s avg=6.26s/cand eta=46m06s remaining=442
[suite custom_states :: path4] 268/709 ( 37.8%) done monomial_full/sup013_P120_ph222 elapsed=28m00s avg=6.27s/cand eta=46m05s remaining=441
[suite custom_states :: path4] 269/709 ( 37.9%) done monomial_full/sup013_P201_ph000 elapsed=28m05s avg=6.27s/cand eta=45m57s remaining=440
[suite custom_states :: path4] 270/709 ( 38.1%) done monomial_full/sup013_P201_ph001 elapsed=28m16s avg=6.28s/cand eta=45m57s remaining=439
[suite custom_states :: path4] 271/709 ( 38.2%) done monomial_full/sup013_P201_ph002 elapsed=28m22s avg=6.28s/cand eta=45m50s remaining=438
[suite custom_states :: path4] 272/709 ( 38.4%) done monomial_full/sup013_P201_ph010 elapsed=28m30s avg=6.29s/cand eta=45m47s remaining=437
[suite custom_states :: path4] 273/709 ( 38.5%) done monomial_full/sup013_P201_ph011 elapsed=28m37s avg=6.29s/cand eta=45m42s remaining=436
[suite custom_states :: path4] 274/709 ( 38.6%) done monomial_full/sup013_P201_ph012 elapsed=28m45s avg=6.30s/cand eta=45m39s remaining=435
[suite custom_states :: path4] 275/709 ( 38.8%) done monomial_full/sup013_P201_ph020 elapsed=28m52s avg=6.30s/cand eta=45m33s remaining=434
[suite custom_states :: path4] 276/709 ( 38.9%) done monomial_full/sup013_P201_ph021 elapsed=29m01s avg=6.31s/cand eta=45m32s remaining=433
[suite custom_states :: path4] 277/709 ( 39.1%) done monomial_full/sup013_P201_ph022 elapsed=29m07s avg=6.31s/cand eta=45m25s remaining=432
[suite custom_states :: path4] 278/709 ( 39.2%) done monomial_full/sup013_P201_ph100 elapsed=29m16s avg=6.32s/cand eta=45m22s remaining=431
[suite custom_states :: path4] 279/709 ( 39.4%) done monomial_full/sup013_P201_ph101 elapsed=29m22s avg=6.32s/cand eta=45m16s remaining=430
[suite custom_states :: path4] 280/709 ( 39.5%) done monomial_full/sup013_P201_ph102 elapsed=29m30s avg=6.32s/cand eta=45m12s remaining=429
[suite custom_states :: path4] 281/709 ( 39.6%) done monomial_full/sup013_P201_ph110 elapsed=29m38s avg=6.33s/cand eta=45m08s remaining=428
[suite custom_states :: path4] 282/709 ( 39.8%) done monomial_full/sup013_P201_ph111 elapsed=29m46s avg=6.33s/cand eta=45m04s remaining=427
[suite custom_states :: path4] 283/709 ( 39.9%) done monomial_full/sup013_P201_ph112 elapsed=29m53s avg=6.33s/cand eta=44m58s remaining=426
[suite custom_states :: path4] 284/709 ( 40.1%) done monomial_full/sup013_P201_ph120 elapsed=30m01s avg=6.34s/cand eta=44m55s remaining=425
[suite custom_states :: path4] 285/709 ( 40.2%) done monomial_full/sup013_P201_ph121 elapsed=30m09s avg=6.35s/cand eta=44m51s remaining=424
[suite custom_states :: path4] 286/709 ( 40.3%) done monomial_full/sup013_P201_ph122 elapsed=30m15s avg=6.35s/cand eta=44m44s remaining=423
[suite custom_states :: path4] 287/709 ( 40.5%) done monomial_full/sup013_P201_ph200 elapsed=30m23s avg=6.35s/cand eta=44m41s remaining=422
[suite custom_states :: path4] 288/709 ( 40.6%) done monomial_full/sup013_P201_ph201 elapsed=30m29s avg=6.35s/cand eta=44m33s remaining=421
[suite custom_states :: path4] 289/709 ( 40.8%) done monomial_full/sup013_P201_ph202 elapsed=30m39s avg=6.36s/cand eta=44m33s remaining=420
[suite custom_states :: path4] 290/709 ( 40.9%) done monomial_full/sup013_P201_ph210 elapsed=30m44s avg=6.36s/cand eta=44m24s remaining=419
[suite custom_states :: path4] 291/709 ( 41.0%) done monomial_full/sup013_P201_ph211 elapsed=30m54s avg=6.37s/cand eta=44m23s remaining=418
[suite custom_states :: path4] 292/709 ( 41.2%) done monomial_full/sup013_P201_ph212 elapsed=31m00s avg=6.37s/cand eta=44m16s remaining=417
[suite custom_states :: path4] 293/709 ( 41.3%) done monomial_full/sup013_P201_ph220 elapsed=31m10s avg=6.38s/cand eta=44m15s remaining=416
[suite custom_states :: path4] 294/709 ( 41.5%) done monomial_full/sup013_P201_ph221 elapsed=31m14s avg=6.38s/cand eta=44m06s remaining=415
[suite custom_states :: path4] 295/709 ( 41.6%) done monomial_full/sup013_P201_ph222 elapsed=31m25s avg=6.39s/cand eta=44m05s remaining=414
[suite custom_states :: path4] 296/709 ( 41.7%) done monomial_full/sup013_P210_ph000 elapsed=31m28s avg=6.38s/cand eta=43m54s remaining=413
[suite custom_states :: path4] 297/709 ( 41.9%) done monomial_full/sup013_P210_ph001 elapsed=31m39s avg=6.39s/cand eta=43m54s remaining=412
[suite custom_states :: path4] 298/709 ( 42.0%) done monomial_full/sup013_P210_ph002 elapsed=31m41s avg=6.38s/cand eta=43m42s remaining=411
[suite custom_states :: path4] 299/709 ( 42.2%) done monomial_full/sup013_P210_ph010 elapsed=31m53s avg=6.40s/cand eta=43m43s remaining=410
[suite custom_states :: path4] 300/709 ( 42.3%) done monomial_full/sup013_P210_ph011 elapsed=31m55s avg=6.38s/cand eta=43m31s remaining=409
[suite custom_states :: path4] 301/709 ( 42.5%) done monomial_full/sup013_P210_ph012 elapsed=32m07s avg=6.40s/cand eta=43m32s remaining=408
[suite custom_states :: path4] 302/709 ( 42.6%) done monomial_full/sup013_P210_ph020 elapsed=32m09s avg=6.39s/cand eta=43m20s remaining=407
[suite custom_states :: path4] 303/709 ( 42.7%) done monomial_full/sup013_P210_ph021 elapsed=32m20s avg=6.40s/cand eta=43m20s remaining=406
[suite custom_states :: path4] 304/709 ( 42.9%) done monomial_full/sup013_P210_ph022 elapsed=32m23s avg=6.39s/cand eta=43m08s remaining=405
[suite custom_states :: path4] 305/709 ( 43.0%) done monomial_full/sup013_P210_ph100 elapsed=32m36s avg=6.41s/cand eta=43m11s remaining=404
[suite custom_states :: path4] 306/709 ( 43.2%) done monomial_full/sup013_P210_ph101 elapsed=32m38s avg=6.40s/cand eta=42m59s remaining=403
[suite custom_states :: path4] 307/709 ( 43.3%) done monomial_full/sup013_P210_ph102 elapsed=32m50s avg=6.42s/cand eta=42m59s remaining=402
[suite custom_states :: path4] 308/709 ( 43.4%) done monomial_full/sup013_P210_ph110 elapsed=32m52s avg=6.40s/cand eta=42m47s remaining=401
[suite custom_states :: path4] 309/709 ( 43.6%) done monomial_full/sup013_P210_ph111 elapsed=33m03s avg=6.42s/cand eta=42m47s remaining=400
[suite custom_states :: path4] 310/709 ( 43.7%) done monomial_full/sup013_P210_ph112 elapsed=33m06s avg=6.41s/cand eta=42m36s remaining=399
[suite custom_states :: path4] 311/709 ( 43.9%) done monomial_full/sup013_P210_ph120 elapsed=33m17s avg=6.42s/cand eta=42m35s remaining=398
[suite custom_states :: path4] 312/709 ( 44.0%) done monomial_full/sup013_P210_ph121 elapsed=33m19s avg=6.41s/cand eta=42m24s remaining=397
[suite custom_states :: path4] 313/709 ( 44.1%) done monomial_full/sup013_P210_ph122 elapsed=33m30s avg=6.42s/cand eta=42m23s remaining=396
[suite custom_states :: path4] 314/709 ( 44.3%) done monomial_full/sup013_P210_ph200 elapsed=33m32s avg=6.41s/cand eta=42m11s remaining=395
[suite custom_states :: path4] 315/709 ( 44.4%) done monomial_full/sup013_P210_ph201 elapsed=33m47s avg=6.43s/cand eta=42m15s remaining=394
[suite custom_states :: path4] 316/709 ( 44.6%) done monomial_full/sup013_P210_ph202 elapsed=33m50s avg=6.42s/cand eta=42m04s remaining=393
[suite custom_states :: path4] 317/709 ( 44.7%) done monomial_full/sup013_P210_ph210 elapsed=34m02s avg=6.44s/cand eta=42m05s remaining=392
[suite custom_states :: path4] 318/709 ( 44.9%) done monomial_full/sup013_P210_ph211 elapsed=34m04s avg=6.43s/cand eta=41m53s remaining=391
[suite custom_states :: path4] 319/709 ( 45.0%) done monomial_full/sup013_P210_ph212 elapsed=34m16s avg=6.44s/cand eta=41m53s remaining=390
[suite custom_states :: path4] 320/709 ( 45.1%) done monomial_full/sup013_P210_ph220 elapsed=34m18s avg=6.43s/cand eta=41m41s remaining=389
[suite custom_states :: path4] 321/709 ( 45.3%) done monomial_full/sup013_P210_ph221 elapsed=34m28s avg=6.44s/cand eta=41m40s remaining=388
[suite custom_states :: path4] 322/709 ( 45.4%) done monomial_full/sup013_P210_ph222 elapsed=34m30s avg=6.43s/cand eta=41m28s remaining=387
[suite custom_states :: path4] 323/709 ( 45.6%) done monomial_full/sup023_P012_ph000 elapsed=34m42s avg=6.44s/cand eta=41m28s remaining=386
[suite custom_states :: path4] 324/709 ( 45.7%) done monomial_full/sup023_P012_ph001 elapsed=34m44s avg=6.43s/cand eta=41m17s remaining=385
[suite custom_states :: path4] 325/709 ( 45.8%) done monomial_full/sup023_P012_ph002 elapsed=34m56s avg=6.45s/cand eta=41m16s remaining=384
[suite custom_states :: path4] 326/709 ( 46.0%) done monomial_full/sup023_P012_ph010 elapsed=34m58s avg=6.44s/cand eta=41m05s remaining=383
[suite custom_states :: path4] 327/709 ( 46.1%) done monomial_full/sup023_P012_ph011 elapsed=35m09s avg=6.45s/cand eta=41m04s remaining=382
[suite custom_states :: path4] 328/709 ( 46.3%) done monomial_full/sup023_P012_ph012 elapsed=35m11s avg=6.44s/cand eta=40m52s remaining=381
[suite custom_states :: path4] 329/709 ( 46.4%) done monomial_full/sup023_P012_ph020 elapsed=35m22s avg=6.45s/cand eta=40m51s remaining=380
[suite custom_states :: path4] 330/709 ( 46.5%) done monomial_full/sup023_P012_ph021 elapsed=35m23s avg=6.43s/cand eta=40m39s remaining=379
[suite custom_states :: path4] 331/709 ( 46.7%) done monomial_full/sup023_P012_ph022 elapsed=35m35s avg=6.45s/cand eta=40m38s remaining=378
[suite custom_states :: path4] 332/709 ( 46.8%) done monomial_full/sup023_P012_ph100 elapsed=35m37s avg=6.44s/cand eta=40m27s remaining=377
[suite custom_states :: path4] 333/709 ( 47.0%) done monomial_full/sup023_P012_ph101 elapsed=35m49s avg=6.45s/cand eta=40m27s remaining=376
[suite custom_states :: path4] 334/709 ( 47.1%) done monomial_full/sup023_P012_ph102 elapsed=35m50s avg=6.44s/cand eta=40m14s remaining=375
[suite custom_states :: path4] 335/709 ( 47.2%) done monomial_full/sup023_P012_ph110 elapsed=36m03s avg=6.46s/cand eta=40m14s remaining=374
[suite custom_states :: path4] 336/709 ( 47.4%) done monomial_full/sup023_P012_ph111 elapsed=36m04s avg=6.44s/cand eta=40m02s remaining=373
[suite custom_states :: path4] 337/709 ( 47.5%) done monomial_full/sup023_P012_ph112 elapsed=36m16s avg=6.46s/cand eta=40m02s remaining=372
[suite custom_states :: path4] 338/709 ( 47.7%) done monomial_full/sup023_P012_ph120 elapsed=36m17s avg=6.44s/cand eta=39m49s remaining=371
[suite custom_states :: path4] 339/709 ( 47.8%) done monomial_full/sup023_P012_ph121 elapsed=36m29s avg=6.46s/cand eta=39m49s remaining=370
[suite custom_states :: path4] 340/709 ( 48.0%) done monomial_full/sup023_P012_ph122 elapsed=36m30s avg=6.44s/cand eta=39m36s remaining=369
[suite custom_states :: path4] 341/709 ( 48.1%) done monomial_full/sup023_P012_ph200 elapsed=36m43s avg=6.46s/cand eta=39m37s remaining=368
[suite custom_states :: path4] 342/709 ( 48.2%) done monomial_full/sup023_P012_ph201 elapsed=36m44s avg=6.44s/cand eta=39m25s remaining=367
[suite custom_states :: path4] 343/709 ( 48.4%) done monomial_full/sup023_P012_ph202 elapsed=36m57s avg=6.46s/cand eta=39m25s remaining=366
[suite custom_states :: path4] 344/709 ( 48.5%) done monomial_full/sup023_P012_ph210 elapsed=36m58s avg=6.45s/cand eta=39m13s remaining=365
[suite custom_states :: path4] 345/709 ( 48.7%) done monomial_full/sup023_P012_ph211 elapsed=37m11s avg=6.47s/cand eta=39m14s remaining=364
[suite custom_states :: path4] 346/709 ( 48.8%) done monomial_full/sup023_P012_ph212 elapsed=37m11s avg=6.45s/cand eta=39m01s remaining=363
[suite custom_states :: path4] 347/709 ( 48.9%) done monomial_full/sup023_P012_ph220 elapsed=37m25s avg=6.47s/cand eta=39m02s remaining=362
[suite custom_states :: path4] 348/709 ( 49.1%) done monomial_full/sup023_P012_ph221 elapsed=37m26s avg=6.45s/cand eta=38m50s remaining=361
[suite custom_states :: path4] 349/709 ( 49.2%) done monomial_full/sup023_P021_ph000 elapsed=37m40s avg=6.47s/cand eta=38m51s remaining=360
[suite custom_states :: path4] 350/709 ( 49.4%) done monomial_full/sup023_P012_ph222 elapsed=37m41s avg=6.46s/cand eta=38m39s remaining=359
[suite custom_states :: path4] 351/709 ( 49.5%) done monomial_full/sup023_P021_ph001 elapsed=37m52s avg=6.47s/cand eta=38m38s remaining=358
[suite custom_states :: path4] 352/709 ( 49.6%) done monomial_full/sup023_P021_ph002 elapsed=37m55s avg=6.46s/cand eta=38m27s remaining=357
[suite custom_states :: path4] 353/709 ( 49.8%) done monomial_full/sup023_P021_ph010 elapsed=38m05s avg=6.47s/cand eta=38m24s remaining=356
[suite custom_states :: path4] 354/709 ( 49.9%) done monomial_full/sup023_P021_ph011 elapsed=38m07s avg=6.46s/cand eta=38m14s remaining=355
[suite custom_states :: path4] 355/709 ( 50.1%) done monomial_full/sup023_P021_ph012 elapsed=38m18s avg=6.47s/cand eta=38m11s remaining=354
[suite custom_states :: path4] 356/709 ( 50.2%) done monomial_full/sup023_P021_ph020 elapsed=38m20s avg=6.46s/cand eta=38m00s remaining=353
[suite custom_states :: path4] 357/709 ( 50.4%) done monomial_full/sup023_P021_ph021 elapsed=38m31s avg=6.47s/cand eta=37m59s remaining=352
[suite custom_states :: path4] 358/709 ( 50.5%) done monomial_full/sup023_P021_ph022 elapsed=38m33s avg=6.46s/cand eta=37m47s remaining=351
[suite custom_states :: path4] 359/709 ( 50.6%) done monomial_full/sup023_P021_ph100 elapsed=38m45s avg=6.48s/cand eta=37m47s remaining=350
[suite custom_states :: path4] 360/709 ( 50.8%) done monomial_full/sup023_P021_ph101 elapsed=38m48s avg=6.47s/cand eta=37m37s remaining=349
[suite custom_states :: path4] 361/709 ( 50.9%) done monomial_full/sup023_P021_ph102 elapsed=38m59s avg=6.48s/cand eta=37m35s remaining=348
[suite custom_states :: path4] 362/709 ( 51.1%) done monomial_full/sup023_P021_ph110 elapsed=39m02s avg=6.47s/cand eta=37m25s remaining=347
[suite custom_states :: path4] 363/709 ( 51.2%) done monomial_full/sup023_P021_ph111 elapsed=39m13s avg=6.48s/cand eta=37m23s remaining=346
[suite custom_states :: path4] 364/709 ( 51.3%) done monomial_full/sup023_P021_ph112 elapsed=39m16s avg=6.47s/cand eta=37m13s remaining=345
[suite custom_states :: path4] 365/709 ( 51.5%) done monomial_full/sup023_P021_ph120 elapsed=39m27s avg=6.49s/cand eta=37m11s remaining=344
[suite custom_states :: path4] 366/709 ( 51.6%) done monomial_full/sup023_P021_ph121 elapsed=39m30s avg=6.47s/cand eta=37m01s remaining=343
[suite custom_states :: path4] 367/709 ( 51.8%) done monomial_full/sup023_P021_ph122 elapsed=39m42s avg=6.49s/cand eta=37m00s remaining=342
[suite custom_states :: path4] 368/709 ( 51.9%) done monomial_full/sup023_P021_ph200 elapsed=39m43s avg=6.47s/cand eta=36m48s remaining=341
[suite custom_states :: path4] 369/709 ( 52.0%) done monomial_full/sup023_P021_ph201 elapsed=39m52s avg=6.48s/cand eta=36m44s remaining=340
[suite custom_states :: path4] 370/709 ( 52.2%) done monomial_full/sup023_P021_ph202 elapsed=39m53s avg=6.47s/cand eta=36m33s remaining=339
[suite custom_states :: path4] 371/709 ( 52.3%) done monomial_full/sup023_P021_ph210 elapsed=40m02s avg=6.47s/cand eta=36m28s remaining=338
[suite custom_states :: path4] 372/709 ( 52.5%) done monomial_full/sup023_P021_ph211 elapsed=40m03s avg=6.46s/cand eta=36m17s remaining=337
[suite custom_states :: path4] 373/709 ( 52.6%) done monomial_full/sup023_P021_ph212 elapsed=40m11s avg=6.46s/cand eta=36m11s remaining=336
[suite custom_states :: path4] 374/709 ( 52.8%) done monomial_full/sup023_P021_ph220 elapsed=40m13s avg=6.45s/cand eta=36m01s remaining=335
[suite custom_states :: path4] 375/709 ( 52.9%) done monomial_full/sup023_P021_ph221 elapsed=40m20s avg=6.45s/cand eta=35m55s remaining=334
[suite custom_states :: path4] 376/709 ( 53.0%) done monomial_full/sup023_P021_ph222 elapsed=40m22s avg=6.44s/cand eta=35m45s remaining=333
[suite custom_states :: path4] 377/709 ( 53.2%) done monomial_full/sup023_P102_ph000 elapsed=40m31s avg=6.45s/cand eta=35m41s remaining=332
[suite custom_states :: path4] 378/709 ( 53.3%) done monomial_full/sup023_P102_ph001 elapsed=40m34s avg=6.44s/cand eta=35m31s remaining=331
[suite custom_states :: path4] 379/709 ( 53.5%) done monomial_full/sup023_P102_ph002 elapsed=40m44s avg=6.45s/cand eta=35m28s remaining=330
[suite custom_states :: path4] 380/709 ( 53.6%) done monomial_full/sup023_P102_ph010 elapsed=40m45s avg=6.44s/cand eta=35m17s remaining=329
[suite custom_states :: path4] 381/709 ( 53.7%) done monomial_full/sup023_P102_ph011 elapsed=40m56s avg=6.45s/cand eta=35m14s remaining=328
[suite custom_states :: path4] 382/709 ( 53.9%) done monomial_full/sup023_P102_ph012 elapsed=40m57s avg=6.43s/cand eta=35m03s remaining=327
[suite custom_states :: path4] 383/709 ( 54.0%) done monomial_full/sup023_P102_ph020 elapsed=41m07s avg=6.44s/cand eta=35m00s remaining=326
[suite custom_states :: path4] 384/709 ( 54.2%) done monomial_full/sup023_P102_ph021 elapsed=41m08s avg=6.43s/cand eta=34m49s remaining=325
[suite custom_states :: path4] 385/709 ( 54.3%) done monomial_full/sup023_P102_ph022 elapsed=41m18s avg=6.44s/cand eta=34m45s remaining=324
[suite custom_states :: path4] 386/709 ( 54.4%) done monomial_full/sup023_P102_ph100 elapsed=41m19s avg=6.42s/cand eta=34m35s remaining=323
[suite custom_states :: path4] 387/709 ( 54.6%) done monomial_full/sup023_P102_ph101 elapsed=41m30s avg=6.43s/cand eta=34m32s remaining=322
[suite custom_states :: path4] 388/709 ( 54.7%) done monomial_full/sup023_P102_ph102 elapsed=41m31s avg=6.42s/cand eta=34m21s remaining=321
[suite custom_states :: path4] 389/709 ( 54.9%) done monomial_full/sup023_P102_ph110 elapsed=41m47s avg=6.44s/cand eta=34m22s remaining=320
[suite custom_states :: path4] 390/709 ( 55.0%) done monomial_full/sup023_P102_ph111 elapsed=41m48s avg=6.43s/cand eta=34m12s remaining=319
[suite custom_states :: path4] 391/709 ( 55.1%) done monomial_full/sup023_P102_ph112 elapsed=42m00s avg=6.44s/cand eta=34m09s remaining=318
[suite custom_states :: path4] 392/709 ( 55.3%) done monomial_full/sup023_P102_ph120 elapsed=42m01s avg=6.43s/cand eta=33m59s remaining=317
[suite custom_states :: path4] 393/709 ( 55.4%) done monomial_full/sup023_P102_ph121 elapsed=42m12s avg=6.44s/cand eta=33m56s remaining=316
[suite custom_states :: path4] 394/709 ( 55.6%) done monomial_full/sup023_P102_ph122 elapsed=42m13s avg=6.43s/cand eta=33m45s remaining=315
[suite custom_states :: path4] 395/709 ( 55.7%) done monomial_full/sup023_P102_ph200 elapsed=42m24s avg=6.44s/cand eta=33m42s remaining=314
[suite custom_states :: path4] 396/709 ( 55.9%) done monomial_full/sup023_P102_ph201 elapsed=42m25s avg=6.43s/cand eta=33m31s remaining=313
[suite custom_states :: path4] 397/709 ( 56.0%) done monomial_full/sup023_P102_ph202 elapsed=42m36s avg=6.44s/cand eta=33m29s remaining=312
[suite custom_states :: path4] 398/709 ( 56.1%) done monomial_full/sup023_P102_ph210 elapsed=42m36s avg=6.42s/cand eta=33m17s remaining=311
[suite custom_states :: path4] 399/709 ( 56.3%) done monomial_full/sup023_P102_ph211 elapsed=42m47s avg=6.43s/cand eta=33m14s remaining=310
[suite custom_states :: path4] 400/709 ( 56.4%) done monomial_full/sup023_P102_ph212 elapsed=42m48s avg=6.42s/cand eta=33m03s remaining=309
[suite custom_states :: path4] 401/709 ( 56.6%) done monomial_full/sup023_P102_ph220 elapsed=42m58s avg=6.43s/cand eta=33m00s remaining=308
[suite custom_states :: path4] 402/709 ( 56.7%) done monomial_full/sup023_P102_ph221 elapsed=42m58s avg=6.41s/cand eta=32m49s remaining=307
[suite custom_states :: path4] 403/709 ( 56.8%) done monomial_full/sup023_P120_ph000 elapsed=43m09s avg=6.42s/cand eta=32m46s remaining=306
[suite custom_states :: path4] 404/709 ( 57.0%) done monomial_full/sup023_P102_ph222 elapsed=43m09s avg=6.41s/cand eta=32m35s remaining=305
[suite custom_states :: path4] 405/709 ( 57.1%) done monomial_full/sup023_P120_ph001 elapsed=43m20s avg=6.42s/cand eta=32m31s remaining=304
[suite custom_states :: path4] 406/709 ( 57.3%) done monomial_full/sup023_P120_ph002 elapsed=43m21s avg=6.41s/cand eta=32m21s remaining=303
[suite custom_states :: path4] 407/709 ( 57.4%) done monomial_full/sup023_P120_ph010 elapsed=43m32s avg=6.42s/cand eta=32m18s remaining=302
[suite custom_states :: path4] 408/709 ( 57.5%) done monomial_full/sup023_P120_ph011 elapsed=43m33s avg=6.40s/cand eta=32m07s remaining=301
[suite custom_states :: path4] 409/709 ( 57.7%) done monomial_full/sup023_P120_ph012 elapsed=43m43s avg=6.41s/cand eta=32m04s remaining=300
[suite custom_states :: path4] 410/709 ( 57.8%) done monomial_full/sup023_P120_ph020 elapsed=43m44s avg=6.40s/cand eta=31m54s remaining=299
[suite custom_states :: path4] 411/709 ( 58.0%) done monomial_full/sup023_P120_ph021 elapsed=43m58s avg=6.42s/cand eta=31m53s remaining=298
[suite custom_states :: path4] 412/709 ( 58.1%) done monomial_full/sup023_P120_ph022 elapsed=43m59s avg=6.40s/cand eta=31m42s remaining=297
[suite custom_states :: path4] 413/709 ( 58.3%) done monomial_full/sup023_P120_ph100 elapsed=44m11s avg=6.42s/cand eta=31m40s remaining=296
[suite custom_states :: path4] 414/709 ( 58.4%) done monomial_full/sup023_P120_ph101 elapsed=44m12s avg=6.40s/cand eta=31m29s remaining=295
[suite custom_states :: path4] 415/709 ( 58.5%) done monomial_full/sup023_P120_ph102 elapsed=44m23s avg=6.42s/cand eta=31m26s remaining=294
[suite custom_states :: path4] 416/709 ( 58.7%) done monomial_full/sup023_P120_ph110 elapsed=44m24s avg=6.40s/cand eta=31m16s remaining=293
[suite custom_states :: path4] 417/709 ( 58.8%) done monomial_full/sup023_P120_ph111 elapsed=44m35s avg=6.41s/cand eta=31m13s remaining=292
[suite custom_states :: path4] 418/709 ( 59.0%) done monomial_full/sup023_P120_ph112 elapsed=44m35s avg=6.40s/cand eta=31m03s remaining=291
[suite custom_states :: path4] 419/709 ( 59.1%) done monomial_full/sup023_P120_ph120 elapsed=44m48s avg=6.42s/cand eta=31m00s remaining=290
[suite custom_states :: path4] 420/709 ( 59.2%) done monomial_full/sup023_P120_ph121 elapsed=44m48s avg=6.40s/cand eta=30m50s remaining=289
[suite custom_states :: path4] 421/709 ( 59.4%) done monomial_full/sup023_P120_ph122 elapsed=45m01s avg=6.42s/cand eta=30m48s remaining=288
[suite custom_states :: path4] 422/709 ( 59.5%) done monomial_full/sup023_P120_ph200 elapsed=45m01s avg=6.40s/cand eta=30m37s remaining=287
[suite custom_states :: path4] 423/709 ( 59.7%) done monomial_full/sup023_P120_ph201 elapsed=45m14s avg=6.42s/cand eta=30m35s remaining=286
[suite custom_states :: path4] 424/709 ( 59.8%) done monomial_full/sup023_P120_ph202 elapsed=45m14s avg=6.40s/cand eta=30m24s remaining=285
[suite custom_states :: path4] 425/709 ( 59.9%) done monomial_full/sup023_P120_ph211 elapsed=45m26s avg=6.42s/cand eta=30m22s remaining=284
[suite custom_states :: path4] 426/709 ( 60.1%) done monomial_full/sup023_P120_ph210 elapsed=45m27s avg=6.40s/cand eta=30m11s remaining=283
[suite custom_states :: path4] 427/709 ( 60.2%) done monomial_full/sup023_P120_ph220 elapsed=45m38s avg=6.41s/cand eta=30m09s remaining=282
[suite custom_states :: path4] 428/709 ( 60.4%) done monomial_full/sup023_P120_ph212 elapsed=45m39s avg=6.40s/cand eta=29m58s remaining=281
[suite custom_states :: path4] 429/709 ( 60.5%) done monomial_full/sup023_P120_ph221 elapsed=45m51s avg=6.41s/cand eta=29m56s remaining=280
[suite custom_states :: path4] 430/709 ( 60.6%) done monomial_full/sup023_P120_ph222 elapsed=45m52s avg=6.40s/cand eta=29m45s remaining=279
[suite custom_states :: path4] 431/709 ( 60.8%) done monomial_full/sup023_P201_ph000 elapsed=46m02s avg=6.41s/cand eta=29m41s remaining=278
[suite custom_states :: path4] 432/709 ( 60.9%) done monomial_full/sup023_P201_ph001 elapsed=46m02s avg=6.39s/cand eta=29m31s remaining=277
[suite custom_states :: path4] 433/709 ( 61.1%) done monomial_full/sup023_P201_ph002 elapsed=46m12s avg=6.40s/cand eta=29m27s remaining=276
[suite custom_states :: path4] 434/709 ( 61.2%) done monomial_full/sup023_P201_ph010 elapsed=46m13s avg=6.39s/cand eta=29m17s remaining=275
[suite custom_states :: path4] 435/709 ( 61.4%) done monomial_full/sup023_P201_ph011 elapsed=46m22s avg=6.40s/cand eta=29m12s remaining=274
[suite custom_states :: path4] 436/709 ( 61.5%) done monomial_full/sup023_P201_ph012 elapsed=46m22s avg=6.38s/cand eta=29m02s remaining=273
[suite custom_states :: path4] 437/709 ( 61.6%) done monomial_full/sup023_P201_ph020 elapsed=46m32s avg=6.39s/cand eta=28m58s remaining=272
[suite custom_states :: path4] 438/709 ( 61.8%) done monomial_full/sup023_P201_ph021 elapsed=46m32s avg=6.37s/cand eta=28m47s remaining=271
[suite custom_states :: path4] 439/709 ( 61.9%) done monomial_full/sup023_P201_ph022 elapsed=46m42s avg=6.38s/cand eta=28m43s remaining=270
[suite custom_states :: path4] 440/709 ( 62.1%) done monomial_full/sup023_P201_ph100 elapsed=46m42s avg=6.37s/cand eta=28m33s remaining=269
[suite custom_states :: path4] 441/709 ( 62.2%) done monomial_full/sup023_P201_ph101 elapsed=46m52s avg=6.38s/cand eta=28m29s remaining=268
[suite custom_states :: path4] 442/709 ( 62.3%) done monomial_full/sup023_P201_ph102 elapsed=46m52s avg=6.36s/cand eta=28m19s remaining=267
[suite custom_states :: path4] 443/709 ( 62.5%) done monomial_full/sup023_P201_ph111 elapsed=47m03s avg=6.37s/cand eta=28m15s remaining=266
[suite custom_states :: path4] 444/709 ( 62.6%) done monomial_full/sup023_P201_ph110 elapsed=47m03s avg=6.36s/cand eta=28m05s remaining=265
[suite custom_states :: path4] 445/709 ( 62.8%) done monomial_full/sup023_P201_ph112 elapsed=47m13s avg=6.37s/cand eta=28m01s remaining=264
[suite custom_states :: path4] 446/709 ( 62.9%) done monomial_full/sup023_P201_ph120 elapsed=47m13s avg=6.35s/cand eta=27m51s remaining=263
[suite custom_states :: path4] 447/709 ( 63.0%) done monomial_full/sup023_P201_ph122 elapsed=47m23s avg=6.36s/cand eta=27m46s remaining=262
[suite custom_states :: path4] 448/709 ( 63.2%) done monomial_full/sup023_P201_ph121 elapsed=47m23s avg=6.35s/cand eta=27m36s remaining=261
[suite custom_states :: path4] 449/709 ( 63.3%) done monomial_full/sup023_P201_ph201 elapsed=47m33s avg=6.35s/cand eta=27m32s remaining=260
[suite custom_states :: path4] 450/709 ( 63.5%) done monomial_full/sup023_P201_ph200 elapsed=47m33s avg=6.34s/cand eta=27m22s remaining=259
[suite custom_states :: path4] 451/709 ( 63.6%) done monomial_full/sup023_P201_ph202 elapsed=47m44s avg=6.35s/cand eta=27m18s remaining=258
[suite custom_states :: path4] 452/709 ( 63.8%) done monomial_full/sup023_P201_ph210 elapsed=47m44s avg=6.34s/cand eta=27m08s remaining=257
[suite custom_states :: path4] 453/709 ( 63.9%) done monomial_full/sup023_P201_ph211 elapsed=47m54s avg=6.34s/cand eta=27m04s remaining=256
[suite custom_states :: path4] 454/709 ( 64.0%) done monomial_full/sup023_P201_ph212 elapsed=47m54s avg=6.33s/cand eta=26m54s remaining=255
[suite custom_states :: path4] 455/709 ( 64.2%) done monomial_full/sup023_P201_ph220 elapsed=48m05s avg=6.34s/cand eta=26m50s remaining=254
[suite custom_states :: path4] 456/709 ( 64.3%) done monomial_full/sup023_P201_ph221 elapsed=48m05s avg=6.33s/cand eta=26m41s remaining=253
[suite custom_states :: path4] 457/709 ( 64.5%) done monomial_full/sup023_P201_ph222 elapsed=48m16s avg=6.34s/cand eta=26m37s remaining=252
[suite custom_states :: path4] 458/709 ( 64.6%) done monomial_full/sup023_P210_ph000 elapsed=48m17s avg=6.33s/cand eta=26m28s remaining=251
[suite custom_states :: path4] 459/709 ( 64.7%) done monomial_full/sup023_P210_ph001 elapsed=48m26s avg=6.33s/cand eta=26m23s remaining=250
[suite custom_states :: path4] 460/709 ( 64.9%) done monomial_full/sup023_P210_ph002 elapsed=48m28s avg=6.32s/cand eta=26m14s remaining=249
[suite custom_states :: path4] 461/709 ( 65.0%) done monomial_full/sup023_P210_ph010 elapsed=48m37s avg=6.33s/cand eta=26m09s remaining=248
[suite custom_states :: path4] 462/709 ( 65.2%) done monomial_full/sup023_P210_ph011 elapsed=48m38s avg=6.32s/cand eta=26m00s remaining=247
[suite custom_states :: path4] 463/709 ( 65.3%) done monomial_full/sup023_P210_ph012 elapsed=48m47s avg=6.32s/cand eta=25m55s remaining=246
[suite custom_states :: path4] 464/709 ( 65.4%) done monomial_full/sup023_P210_ph020 elapsed=48m49s avg=6.31s/cand eta=25m46s remaining=245
[suite custom_states :: path4] 465/709 ( 65.6%) done monomial_full/sup023_P210_ph021 elapsed=48m58s avg=6.32s/cand eta=25m42s remaining=244
[suite custom_states :: path4] 466/709 ( 65.7%) done monomial_full/sup023_P210_ph022 elapsed=48m59s avg=6.31s/cand eta=25m33s remaining=243
[suite custom_states :: path4] 467/709 ( 65.9%) done monomial_full/sup023_P210_ph100 elapsed=49m09s avg=6.31s/cand eta=25m28s remaining=242
[suite custom_states :: path4] 468/709 ( 66.0%) done monomial_full/sup023_P210_ph101 elapsed=49m10s avg=6.30s/cand eta=25m19s remaining=241
[suite custom_states :: path4] 469/709 ( 66.1%) done monomial_full/sup023_P210_ph102 elapsed=49m19s avg=6.31s/cand eta=25m14s remaining=240
[suite custom_states :: path4] 470/709 ( 66.3%) done monomial_full/sup023_P210_ph110 elapsed=49m20s avg=6.30s/cand eta=25m05s remaining=239
[suite custom_states :: path4] 471/709 ( 66.4%) done monomial_full/sup023_P210_ph111 elapsed=49m30s avg=6.31s/cand eta=25m01s remaining=238
[suite custom_states :: path4] 472/709 ( 66.6%) done monomial_full/sup023_P210_ph112 elapsed=49m30s avg=6.29s/cand eta=24m51s remaining=237
[suite custom_states :: path4] 473/709 ( 66.7%) done monomial_full/sup023_P210_ph120 elapsed=49m40s avg=6.30s/cand eta=24m47s remaining=236
[suite custom_states :: path4] 474/709 ( 66.9%) done monomial_full/sup023_P210_ph121 elapsed=49m41s avg=6.29s/cand eta=24m38s remaining=235
[suite custom_states :: path4] 475/709 ( 67.0%) done monomial_full/sup023_P210_ph122 elapsed=49m51s avg=6.30s/cand eta=24m33s remaining=234
[suite custom_states :: path4] 476/709 ( 67.1%) done monomial_full/sup023_P210_ph200 elapsed=49m52s avg=6.28s/cand eta=24m24s remaining=233
[suite custom_states :: path4] 477/709 ( 67.3%) done monomial_full/sup023_P210_ph201 elapsed=50m01s avg=6.29s/cand eta=24m20s remaining=232
[suite custom_states :: path4] 478/709 ( 67.4%) done monomial_full/sup023_P210_ph202 elapsed=50m03s avg=6.28s/cand eta=24m11s remaining=231
[suite custom_states :: path4] 479/709 ( 67.6%) done monomial_full/sup023_P210_ph210 elapsed=50m12s avg=6.29s/cand eta=24m06s remaining=230
[suite custom_states :: path4] 480/709 ( 67.7%) done monomial_full/sup023_P210_ph211 elapsed=50m13s avg=6.28s/cand eta=23m58s remaining=229
[suite custom_states :: path4] 481/709 ( 67.8%) done monomial_full/sup023_P210_ph212 elapsed=50m22s avg=6.28s/cand eta=23m52s remaining=228
[suite custom_states :: path4] 482/709 ( 68.0%) done monomial_full/sup023_P210_ph220 elapsed=50m24s avg=6.27s/cand eta=23m44s remaining=227
[suite custom_states :: path4] 483/709 ( 68.1%) done monomial_full/sup023_P210_ph221 elapsed=50m32s avg=6.28s/cand eta=23m39s remaining=226
[suite custom_states :: path4] 484/709 ( 68.3%) done monomial_full/sup023_P210_ph222 elapsed=50m33s avg=6.27s/cand eta=23m30s remaining=225
[suite custom_states :: path4] 485/709 ( 68.4%) done monomial_full/sup123_P012_ph000 elapsed=50m43s avg=6.27s/cand eta=23m25s remaining=224
[suite custom_states :: path4] 486/709 ( 68.5%) done monomial_full/sup123_P012_ph001 elapsed=50m45s avg=6.26s/cand eta=23m17s remaining=223
[suite custom_states :: path4] 487/709 ( 68.7%) done monomial_full/sup123_P012_ph002 elapsed=50m53s avg=6.27s/cand eta=23m12s remaining=222
[suite custom_states :: path4] 488/709 ( 68.8%) done monomial_full/sup123_P012_ph010 elapsed=50m54s avg=6.26s/cand eta=23m03s remaining=221
[suite custom_states :: path4] 489/709 ( 69.0%) done monomial_full/sup123_P012_ph011 elapsed=51m02s avg=6.26s/cand eta=22m58s remaining=220
[suite custom_states :: path4] 490/709 ( 69.1%) done monomial_full/sup123_P012_ph012 elapsed=51m04s avg=6.25s/cand eta=22m49s remaining=219
[suite custom_states :: path4] 491/709 ( 69.3%) done monomial_full/sup123_P012_ph020 elapsed=51m13s avg=6.26s/cand eta=22m44s remaining=218
[suite custom_states :: path4] 492/709 ( 69.4%) done monomial_full/sup123_P012_ph021 elapsed=51m14s avg=6.25s/cand eta=22m36s remaining=217
[suite custom_states :: path4] 493/709 ( 69.5%) done monomial_full/sup123_P012_ph022 elapsed=51m22s avg=6.25s/cand eta=22m30s remaining=216
[suite custom_states :: path4] 494/709 ( 69.7%) done monomial_full/sup123_P012_ph100 elapsed=51m23s avg=6.24s/cand eta=22m22s remaining=215
[suite custom_states :: path4] 495/709 ( 69.8%) done monomial_full/sup123_P012_ph101 elapsed=51m32s avg=6.25s/cand eta=22m17s remaining=214
[suite custom_states :: path4] 496/709 ( 70.0%) done monomial_full/sup123_P012_ph102 elapsed=51m32s avg=6.23s/cand eta=22m08s remaining=213
[suite custom_states :: path4] 497/709 ( 70.1%) done monomial_full/sup123_P012_ph110 elapsed=51m42s avg=6.24s/cand eta=22m03s remaining=212
[suite custom_states :: path4] 498/709 ( 70.2%) done monomial_full/sup123_P012_ph111 elapsed=51m42s avg=6.23s/cand eta=21m54s remaining=211
[suite custom_states :: path4] 499/709 ( 70.4%) done monomial_full/sup123_P012_ph112 elapsed=51m51s avg=6.24s/cand eta=21m49s remaining=210
[suite custom_states :: path4] 500/709 ( 70.5%) done monomial_full/sup123_P012_ph120 elapsed=51m52s avg=6.22s/cand eta=21m41s remaining=209
[suite custom_states :: path4] 501/709 ( 70.7%) done monomial_full/sup123_P012_ph121 elapsed=52m01s avg=6.23s/cand eta=21m36s remaining=208
[suite custom_states :: path4] 502/709 ( 70.8%) done monomial_full/sup123_P012_ph122 elapsed=52m02s avg=6.22s/cand eta=21m27s remaining=207
[suite custom_states :: path4] 503/709 ( 70.9%) done monomial_full/sup123_P012_ph200 elapsed=52m11s avg=6.23s/cand eta=21m22s remaining=206
[suite custom_states :: path4] 504/709 ( 71.1%) done monomial_full/sup123_P012_ph201 elapsed=52m12s avg=6.22s/cand eta=21m14s remaining=205
[suite custom_states :: path4] 505/709 ( 71.2%) done monomial_full/sup123_P012_ph202 elapsed=52m21s avg=6.22s/cand eta=21m09s remaining=204
[suite custom_states :: path4] 506/709 ( 71.4%) done monomial_full/sup123_P012_ph210 elapsed=52m22s avg=6.21s/cand eta=21m01s remaining=203
[suite custom_states :: path4] 507/709 ( 71.5%) done monomial_full/sup123_P012_ph211 elapsed=52m31s avg=6.21s/cand eta=20m55s remaining=202
[suite custom_states :: path4] 508/709 ( 71.7%) done monomial_full/sup123_P012_ph212 elapsed=52m31s avg=6.20s/cand eta=20m47s remaining=201
[suite custom_states :: path4] 509/709 ( 71.8%) done monomial_full/sup123_P012_ph220 elapsed=52m40s avg=6.21s/cand eta=20m42s remaining=200
[suite custom_states :: path4] 510/709 ( 71.9%) done monomial_full/sup123_P012_ph221 elapsed=52m41s avg=6.20s/cand eta=20m33s remaining=199
[suite custom_states :: path4] 511/709 ( 72.1%) done monomial_full/sup123_P012_ph222 elapsed=52m50s avg=6.20s/cand eta=20m28s remaining=198
[suite custom_states :: path4] 512/709 ( 72.2%) done monomial_full/sup123_P021_ph000 elapsed=52m53s avg=6.20s/cand eta=20m21s remaining=197
[suite custom_states :: path4] 513/709 ( 72.4%) done monomial_full/sup123_P021_ph001 elapsed=53m02s avg=6.20s/cand eta=20m16s remaining=196
[suite custom_states :: path4] 514/709 ( 72.5%) done monomial_full/sup123_P021_ph002 elapsed=53m05s avg=6.20s/cand eta=20m08s remaining=195
[suite custom_states :: path4] 515/709 ( 72.6%) done monomial_full/sup123_P021_ph010 elapsed=53m14s avg=6.20s/cand eta=20m03s remaining=194
[suite custom_states :: path4] 516/709 ( 72.8%) done monomial_full/sup123_P021_ph011 elapsed=53m16s avg=6.19s/cand eta=19m55s remaining=193
[suite custom_states :: path4] 517/709 ( 72.9%) done monomial_full/sup123_P021_ph012 elapsed=53m25s avg=6.20s/cand eta=19m50s remaining=192
[suite custom_states :: path4] 518/709 ( 73.1%) done monomial_full/sup123_P021_ph020 elapsed=53m27s avg=6.19s/cand eta=19m43s remaining=191
[suite custom_states :: path4] 519/709 ( 73.2%) done monomial_full/sup123_P021_ph021 elapsed=53m36s avg=6.20s/cand eta=19m37s remaining=190
[suite custom_states :: path4] 520/709 ( 73.3%) done monomial_full/sup123_P021_ph022 elapsed=53m39s avg=6.19s/cand eta=19m30s remaining=189
[suite custom_states :: path4] 521/709 ( 73.5%) done monomial_full/sup123_P021_ph100 elapsed=53m48s avg=6.19s/cand eta=19m25s remaining=188
[suite custom_states :: path4] 522/709 ( 73.6%) done monomial_full/sup123_P021_ph101 elapsed=53m50s avg=6.19s/cand eta=19m17s remaining=187
[suite custom_states :: path4] 523/709 ( 73.8%) done monomial_full/sup123_P021_ph102 elapsed=53m59s avg=6.19s/cand eta=19m12s remaining=186
[suite custom_states :: path4] 524/709 ( 73.9%) done monomial_full/sup123_P021_ph110 elapsed=54m02s avg=6.19s/cand eta=19m05s remaining=185
[suite custom_states :: path4] 525/709 ( 74.0%) done monomial_full/sup123_P021_ph111 elapsed=54m11s avg=6.19s/cand eta=18m59s remaining=184
[suite custom_states :: path4] 526/709 ( 74.2%) done monomial_full/sup123_P021_ph112 elapsed=54m14s avg=6.19s/cand eta=18m52s remaining=183
[suite custom_states :: path4] 527/709 ( 74.3%) done monomial_full/sup123_P021_ph120 elapsed=54m22s avg=6.19s/cand eta=18m47s remaining=182
[suite custom_states :: path4] 528/709 ( 74.5%) done monomial_full/sup123_P021_ph121 elapsed=54m25s avg=6.18s/cand eta=18m39s remaining=181
[suite custom_states :: path4] 529/709 ( 74.6%) done monomial_full/sup123_P021_ph122 elapsed=54m34s avg=6.19s/cand eta=18m34s remaining=180
[suite custom_states :: path4] 530/709 ( 74.8%) done monomial_full/sup123_P021_ph200 elapsed=54m37s avg=6.18s/cand eta=18m27s remaining=179
[suite custom_states :: path4] 531/709 ( 74.9%) done monomial_full/sup123_P021_ph201 elapsed=54m46s avg=6.19s/cand eta=18m21s remaining=178
[suite custom_states :: path4] 532/709 ( 75.0%) done monomial_full/sup123_P021_ph202 elapsed=54m49s avg=6.18s/cand eta=18m14s remaining=177
[suite custom_states :: path4] 533/709 ( 75.2%) done monomial_full/sup123_P021_ph210 elapsed=54m58s avg=6.19s/cand eta=18m09s remaining=176
[suite custom_states :: path4] 534/709 ( 75.3%) done monomial_full/sup123_P021_ph211 elapsed=55m01s avg=6.18s/cand eta=18m02s remaining=175
[suite custom_states :: path4] 535/709 ( 75.5%) done monomial_full/sup123_P021_ph212 elapsed=55m10s avg=6.19s/cand eta=17m56s remaining=174
[suite custom_states :: path4] 536/709 ( 75.6%) done monomial_full/sup123_P021_ph220 elapsed=55m13s avg=6.18s/cand eta=17m49s remaining=173
[suite custom_states :: path4] 537/709 ( 75.7%) done monomial_full/sup123_P021_ph221 elapsed=55m22s avg=6.19s/cand eta=17m44s remaining=172
[suite custom_states :: path4] 538/709 ( 75.9%) done monomial_full/sup123_P021_ph222 elapsed=55m25s avg=6.18s/cand eta=17m37s remaining=171
[suite custom_states :: path4] 539/709 ( 76.0%) done monomial_full/sup123_P102_ph000 elapsed=55m34s avg=6.18s/cand eta=17m31s remaining=170
[suite custom_states :: path4] 540/709 ( 76.2%) done monomial_full/sup123_P102_ph001 elapsed=55m37s avg=6.18s/cand eta=17m24s remaining=169
[suite custom_states :: path4] 541/709 ( 76.3%) done monomial_full/sup123_P102_ph002 elapsed=55m47s avg=6.19s/cand eta=17m19s remaining=168
[suite custom_states :: path4] 542/709 ( 76.4%) done monomial_full/sup123_P102_ph010 elapsed=55m50s avg=6.18s/cand eta=17m12s remaining=167
[suite custom_states :: path4] 543/709 ( 76.6%) done monomial_full/sup123_P102_ph011 elapsed=55m59s avg=6.19s/cand eta=17m07s remaining=166
[suite custom_states :: path4] 544/709 ( 76.7%) done monomial_full/sup123_P102_ph012 elapsed=56m02s avg=6.18s/cand eta=17m00s remaining=165
[suite custom_states :: path4] 545/709 ( 76.9%) done monomial_full/sup123_P102_ph020 elapsed=56m11s avg=6.19s/cand eta=16m54s remaining=164
[suite custom_states :: path4] 546/709 ( 77.0%) done monomial_full/sup123_P102_ph021 elapsed=56m14s avg=6.18s/cand eta=16m47s remaining=163
[suite custom_states :: path4] 547/709 ( 77.2%) done monomial_full/sup123_P102_ph022 elapsed=56m24s avg=6.19s/cand eta=16m42s remaining=162
[suite custom_states :: path4] 548/709 ( 77.3%) done monomial_full/sup123_P102_ph100 elapsed=56m26s avg=6.18s/cand eta=16m35s remaining=161
[suite custom_states :: path4] 549/709 ( 77.4%) done monomial_full/sup123_P102_ph101 elapsed=56m36s avg=6.19s/cand eta=16m30s remaining=160
[suite custom_states :: path4] 550/709 ( 77.6%) done monomial_full/sup123_P102_ph102 elapsed=56m39s avg=6.18s/cand eta=16m22s remaining=159
[suite custom_states :: path4] 551/709 ( 77.7%) done monomial_full/sup123_P102_ph110 elapsed=56m49s avg=6.19s/cand eta=16m18s remaining=158
[suite custom_states :: path4] 552/709 ( 77.9%) done monomial_full/sup123_P102_ph111 elapsed=56m51s avg=6.18s/cand eta=16m10s remaining=157
[suite custom_states :: path4] 553/709 ( 78.0%) done monomial_full/sup123_P102_ph112 elapsed=57m02s avg=6.19s/cand eta=16m05s remaining=156
[suite custom_states :: path4] 554/709 ( 78.1%) done monomial_full/sup123_P102_ph120 elapsed=57m03s avg=6.18s/cand eta=15m58s remaining=155
[suite custom_states :: path4] 555/709 ( 78.3%) done monomial_full/sup123_P102_ph121 elapsed=57m13s avg=6.19s/cand eta=15m53s remaining=154
[suite custom_states :: path4] 556/709 ( 78.4%) done monomial_full/sup123_P102_ph122 elapsed=57m15s avg=6.18s/cand eta=15m45s remaining=153
[suite custom_states :: path4] 557/709 ( 78.6%) done monomial_full/sup123_P102_ph200 elapsed=57m25s avg=6.19s/cand eta=15m40s remaining=152
[suite custom_states :: path4] 558/709 ( 78.7%) done monomial_full/sup123_P102_ph201 elapsed=57m27s avg=6.18s/cand eta=15m33s remaining=151
[suite custom_states :: path4] 559/709 ( 78.8%) done monomial_full/sup123_P102_ph202 elapsed=57m38s avg=6.19s/cand eta=15m28s remaining=150
[suite custom_states :: path4] 560/709 ( 79.0%) done monomial_full/sup123_P102_ph210 elapsed=57m39s avg=6.18s/cand eta=15m20s remaining=149
[suite custom_states :: path4] 561/709 ( 79.1%) done monomial_full/sup123_P102_ph211 elapsed=57m50s avg=6.19s/cand eta=15m16s remaining=148
[suite custom_states :: path4] 562/709 ( 79.3%) done monomial_full/sup123_P102_ph212 elapsed=57m52s avg=6.18s/cand eta=15m08s remaining=147
[suite custom_states :: path4] 563/709 ( 79.4%) done monomial_full/sup123_P102_ph220 elapsed=58m03s avg=6.19s/cand eta=15m03s remaining=146
[suite custom_states :: path4] 564/709 ( 79.5%) done monomial_full/sup123_P102_ph221 elapsed=58m04s avg=6.18s/cand eta=14m56s remaining=145
[suite custom_states :: path4] 565/709 ( 79.7%) done monomial_full/sup123_P102_ph222 elapsed=58m15s avg=6.19s/cand eta=14m51s remaining=144
[suite custom_states :: path4] 566/709 ( 79.8%) done monomial_full/sup123_P120_ph000 elapsed=58m17s avg=6.18s/cand eta=14m44s remaining=143
[suite custom_states :: path4] 567/709 ( 80.0%) done monomial_full/sup123_P120_ph001 elapsed=58m28s avg=6.19s/cand eta=14m39s remaining=142
[suite custom_states :: path4] 568/709 ( 80.1%) done monomial_full/sup123_P120_ph002 elapsed=58m29s avg=6.18s/cand eta=14m31s remaining=141
[suite custom_states :: path4] 569/709 ( 80.3%) done monomial_full/sup123_P120_ph010 elapsed=58m41s avg=6.19s/cand eta=14m26s remaining=140
[suite custom_states :: path4] 570/709 ( 80.4%) done monomial_full/sup123_P120_ph011 elapsed=58m43s avg=6.18s/cand eta=14m19s remaining=139
[suite custom_states :: path4] 571/709 ( 80.5%) done monomial_full/sup123_P120_ph012 elapsed=58m55s avg=6.19s/cand eta=14m14s remaining=138
[suite custom_states :: path4] 572/709 ( 80.7%) done monomial_full/sup123_P120_ph020 elapsed=58m56s avg=6.18s/cand eta=14m07s remaining=137
[suite custom_states :: path4] 573/709 ( 80.8%) done monomial_full/sup123_P120_ph021 elapsed=59m08s avg=6.19s/cand eta=14m02s remaining=136
[suite custom_states :: path4] 574/709 ( 81.0%) done monomial_full/sup123_P120_ph022 elapsed=59m10s avg=6.18s/cand eta=13m55s remaining=135
[suite custom_states :: path4] 575/709 ( 81.1%) done monomial_full/sup123_P120_ph100 elapsed=59m21s avg=6.19s/cand eta=13m50s remaining=134
[suite custom_states :: path4] 576/709 ( 81.2%) done monomial_full/sup123_P120_ph101 elapsed=59m23s avg=6.19s/cand eta=13m43s remaining=133
[suite custom_states :: path4] 577/709 ( 81.4%) done monomial_full/sup123_P120_ph102 elapsed=59m35s avg=6.20s/cand eta=13m38s remaining=132
[suite custom_states :: path4] 578/709 ( 81.5%) done monomial_full/sup123_P120_ph110 elapsed=59m36s avg=6.19s/cand eta=13m30s remaining=131
[suite custom_states :: path4] 579/709 ( 81.7%) done monomial_full/sup123_P120_ph111 elapsed=59m48s avg=6.20s/cand eta=13m26s remaining=130
[suite custom_states :: path4] 580/709 ( 81.8%) done monomial_full/sup123_P120_ph112 elapsed=59m49s avg=6.19s/cand eta=13m18s remaining=129
[suite custom_states :: path4] 581/709 ( 81.9%) done monomial_full/sup123_P120_ph120 elapsed=1h00m01s avg=6.20s/cand eta=13m13s remaining=128
[suite custom_states :: path4] 582/709 ( 82.1%) done monomial_full/sup123_P120_ph121 elapsed=1h00m02s avg=6.19s/cand eta=13m06s remaining=127
[suite custom_states :: path4] 583/709 ( 82.2%) done monomial_full/sup123_P120_ph122 elapsed=1h00m14s avg=6.20s/cand eta=13m01s remaining=126
[suite custom_states :: path4] 584/709 ( 82.4%) done monomial_full/sup123_P120_ph200 elapsed=1h00m15s avg=6.19s/cand eta=12m54s remaining=125
[suite custom_states :: path4] 585/709 ( 82.5%) done monomial_full/sup123_P120_ph201 elapsed=1h00m27s avg=6.20s/cand eta=12m49s remaining=124
[suite custom_states :: path4] 586/709 ( 82.7%) done monomial_full/sup123_P120_ph202 elapsed=1h00m28s avg=6.19s/cand eta=12m42s remaining=123
[suite custom_states :: path4] 587/709 ( 82.8%) done monomial_full/sup123_P120_ph210 elapsed=1h00m40s avg=6.20s/cand eta=12m36s remaining=122
[suite custom_states :: path4] 588/709 ( 82.9%) done monomial_full/sup123_P120_ph211 elapsed=1h00m41s avg=6.19s/cand eta=12m29s remaining=121
[suite custom_states :: path4] 589/709 ( 83.1%) done monomial_full/sup123_P120_ph212 elapsed=1h00m52s avg=6.20s/cand eta=12m24s remaining=120
[suite custom_states :: path4] 590/709 ( 83.2%) done monomial_full/sup123_P120_ph220 elapsed=1h00m54s avg=6.19s/cand eta=12m17s remaining=119
[suite custom_states :: path4] 591/709 ( 83.4%) done monomial_full/sup123_P120_ph221 elapsed=1h01m06s avg=6.20s/cand eta=12m12s remaining=118
[suite custom_states :: path4] 592/709 ( 83.5%) done monomial_full/sup123_P120_ph222 elapsed=1h01m08s avg=6.20s/cand eta=12m05s remaining=117
[suite custom_states :: path4] 593/709 ( 83.6%) done monomial_full/sup123_P201_ph000 elapsed=1h01m16s avg=6.20s/cand eta=11m59s remaining=116
[suite custom_states :: path4] 594/709 ( 83.8%) done monomial_full/sup123_P201_ph001 elapsed=1h01m18s avg=6.19s/cand eta=11m52s remaining=115
[suite custom_states :: path4] 595/709 ( 83.9%) done monomial_full/sup123_P201_ph002 elapsed=1h01m26s avg=6.19s/cand eta=11m46s remaining=114
[suite custom_states :: path4] 596/709 ( 84.1%) done monomial_full/sup123_P201_ph010 elapsed=1h01m28s avg=6.19s/cand eta=11m39s remaining=113
[suite custom_states :: path4] 597/709 ( 84.2%) done monomial_full/sup123_P201_ph011 elapsed=1h01m36s avg=6.19s/cand eta=11m33s remaining=112
[suite custom_states :: path4] 598/709 ( 84.3%) done monomial_full/sup123_P201_ph012 elapsed=1h01m38s avg=6.18s/cand eta=11m26s remaining=111
[suite custom_states :: path4] 599/709 ( 84.5%) done monomial_full/sup123_P201_ph020 elapsed=1h01m47s avg=6.19s/cand eta=11m21s remaining=110
[suite custom_states :: path4] 600/709 ( 84.6%) done monomial_full/sup123_P201_ph021 elapsed=1h01m49s avg=6.18s/cand eta=11m14s remaining=109
[suite custom_states :: path4] 601/709 ( 84.8%) done monomial_full/sup123_P201_ph022 elapsed=1h01m57s avg=6.19s/cand eta=11m08s remaining=108
[suite custom_states :: path4] 602/709 ( 84.9%) done monomial_full/sup123_P201_ph100 elapsed=1h02m00s avg=6.18s/cand eta=11m01s remaining=107
[suite custom_states :: path4] 603/709 ( 85.0%) done monomial_full/sup123_P201_ph101 elapsed=1h02m08s avg=6.18s/cand eta=10m55s remaining=106
[suite custom_states :: path4] 604/709 ( 85.2%) done monomial_full/sup123_P201_ph102 elapsed=1h02m10s avg=6.18s/cand eta=10m48s remaining=105
[suite custom_states :: path4] 605/709 ( 85.3%) done monomial_full/sup123_P201_ph110 elapsed=1h02m18s avg=6.18s/cand eta=10m43s remaining=104
[suite custom_states :: path4] 606/709 ( 85.5%) done monomial_full/sup123_P201_ph111 elapsed=1h02m21s avg=6.17s/cand eta=10m36s remaining=103
[suite custom_states :: path4] 607/709 ( 85.6%) done monomial_full/sup123_P201_ph112 elapsed=1h02m28s avg=6.17s/cand eta=10m30s remaining=102
[suite custom_states :: path4] 608/709 ( 85.8%) done monomial_full/sup123_P201_ph120 elapsed=1h02m30s avg=6.17s/cand eta=10m23s remaining=101
[suite custom_states :: path4] 609/709 ( 85.9%) done monomial_full/sup123_P201_ph121 elapsed=1h02m39s avg=6.17s/cand eta=10m17s remaining=100
[suite custom_states :: path4] 610/709 ( 86.0%) done monomial_full/sup123_P201_ph122 elapsed=1h02m41s avg=6.17s/cand eta=10m10s remaining=99
[suite custom_states :: path4] 611/709 ( 86.2%) done monomial_full/sup123_P201_ph200 elapsed=1h02m50s avg=6.17s/cand eta=10m05s remaining=98
[suite custom_states :: path4] 612/709 ( 86.3%) done monomial_full/sup123_P201_ph201 elapsed=1h02m51s avg=6.16s/cand eta=9m58s remaining=97
[suite custom_states :: path4] 613/709 ( 86.5%) done monomial_full/sup123_P201_ph202 elapsed=1h03m01s avg=6.17s/cand eta=9m52s remaining=96
[suite custom_states :: path4] 614/709 ( 86.6%) done monomial_full/sup123_P201_ph210 elapsed=1h03m03s avg=6.16s/cand eta=9m45s remaining=95
[suite custom_states :: path4] 615/709 ( 86.7%) done monomial_full/sup123_P201_ph211 elapsed=1h03m12s avg=6.17s/cand eta=9m40s remaining=94
[suite custom_states :: path4] 616/709 ( 86.9%) done monomial_full/sup123_P201_ph212 elapsed=1h03m14s avg=6.16s/cand eta=9m33s remaining=93
[suite custom_states :: path4] 617/709 ( 87.0%) done monomial_full/sup123_P201_ph220 elapsed=1h03m24s avg=6.17s/cand eta=9m27s remaining=92
[suite custom_states :: path4] 618/709 ( 87.2%) done monomial_full/sup123_P201_ph221 elapsed=1h03m26s avg=6.16s/cand eta=9m20s remaining=91
[suite custom_states :: path4] 619/709 ( 87.3%) done monomial_full/sup123_P201_ph222 elapsed=1h03m33s avg=6.16s/cand eta=9m14s remaining=90
[suite custom_states :: path4] 620/709 ( 87.4%) done monomial_full/sup123_P210_ph000 elapsed=1h03m35s avg=6.15s/cand eta=9m08s remaining=89
[suite custom_states :: path4] 621/709 ( 87.6%) done monomial_full/sup123_P210_ph001 elapsed=1h03m43s avg=6.16s/cand eta=9m02s remaining=88
[suite custom_states :: path4] 622/709 ( 87.7%) done monomial_full/sup123_P210_ph002 elapsed=1h03m45s avg=6.15s/cand eta=8m55s remaining=87
[suite custom_states :: path4] 623/709 ( 87.9%) done monomial_full/sup123_P210_ph010 elapsed=1h03m53s avg=6.15s/cand eta=8m49s remaining=86
[suite custom_states :: path4] 624/709 ( 88.0%) done monomial_full/sup123_P210_ph011 elapsed=1h03m55s avg=6.15s/cand eta=8m42s remaining=85
[suite custom_states :: path4] 625/709 ( 88.2%) done monomial_full/sup123_P210_ph012 elapsed=1h04m03s avg=6.15s/cand eta=8m36s remaining=84
[suite custom_states :: path4] 626/709 ( 88.3%) done monomial_full/sup123_P210_ph020 elapsed=1h04m05s avg=6.14s/cand eta=8m30s remaining=83
[suite custom_states :: path4] 627/709 ( 88.4%) done monomial_full/sup123_P210_ph021 elapsed=1h04m12s avg=6.14s/cand eta=8m24s remaining=82
[suite custom_states :: path4] 628/709 ( 88.6%) done monomial_full/sup123_P210_ph022 elapsed=1h04m15s avg=6.14s/cand eta=8m17s remaining=81
[suite custom_states :: path4] 629/709 ( 88.7%) done monomial_full/sup123_P210_ph100 elapsed=1h04m22s avg=6.14s/cand eta=8m11s remaining=80
[suite custom_states :: path4] 630/709 ( 88.9%) done monomial_full/sup123_P210_ph101 elapsed=1h04m24s avg=6.13s/cand eta=8m05s remaining=79
[suite custom_states :: path4] 631/709 ( 89.0%) done monomial_full/sup123_P210_ph102 elapsed=1h04m32s avg=6.14s/cand eta=7m59s remaining=78
[suite custom_states :: path4] 632/709 ( 89.1%) done monomial_full/sup123_P210_ph110 elapsed=1h04m34s avg=6.13s/cand eta=7m52s remaining=77
[suite custom_states :: path4] 633/709 ( 89.3%) done monomial_full/sup123_P210_ph111 elapsed=1h04m42s avg=6.13s/cand eta=7m46s remaining=76
[suite custom_states :: path4] 634/709 ( 89.4%) done monomial_full/sup123_P210_ph112 elapsed=1h04m44s avg=6.13s/cand eta=7m39s remaining=75
[suite custom_states :: path4] 635/709 ( 89.6%) done monomial_full/sup123_P210_ph120 elapsed=1h04m53s avg=6.13s/cand eta=7m34s remaining=74
[suite custom_states :: path4] 636/709 ( 89.7%) done monomial_full/sup123_P210_ph121 elapsed=1h04m55s avg=6.12s/cand eta=7m27s remaining=73
[suite custom_states :: path4] 637/709 ( 89.8%) done monomial_full/sup123_P210_ph122 elapsed=1h05m03s avg=6.13s/cand eta=7m21s remaining=72
[suite custom_states :: path4] 638/709 ( 90.0%) done monomial_full/sup123_P210_ph200 elapsed=1h05m05s avg=6.12s/cand eta=7m15s remaining=71
[suite custom_states :: path4] 639/709 ( 90.1%) done monomial_full/sup123_P210_ph201 elapsed=1h05m13s avg=6.12s/cand eta=7m09s remaining=70
[suite custom_states :: path4] 640/709 ( 90.3%) done monomial_full/sup123_P210_ph202 elapsed=1h05m15s avg=6.12s/cand eta=7m02s remaining=69
[suite custom_states :: path4] 641/709 ( 90.4%) done monomial_full/sup123_P210_ph210 elapsed=1h05m23s avg=6.12s/cand eta=6m56s remaining=68
[suite custom_states :: path4] 642/709 ( 90.6%) done monomial_full/sup123_P210_ph211 elapsed=1h05m25s avg=6.11s/cand eta=6m50s remaining=67
[suite custom_states :: path4] 643/709 ( 90.7%) done monomial_full/sup123_P210_ph212 elapsed=1h05m33s avg=6.12s/cand eta=6m44s remaining=66
[suite custom_states :: path4] 644/709 ( 90.8%) done monomial_full/sup123_P210_ph220 elapsed=1h05m35s avg=6.11s/cand eta=6m37s remaining=65
[suite custom_states :: path4] 645/709 ( 91.0%) done monomial_full/sup123_P210_ph221 elapsed=1h05m43s avg=6.11s/cand eta=6m31s remaining=64
[suite custom_states :: path4] 646/709 ( 91.1%) done monomial_full/sup123_P210_ph222 elapsed=1h05m46s avg=6.11s/cand eta=6m25s remaining=63
[suite custom_states :: path4] 647/709 ( 91.3%) done product/U_I__V_X elapsed=1h05m54s avg=6.11s/cand eta=6m19s remaining=62
[suite custom_states :: path4] 648/709 ( 91.4%) done product/U_I__V_SX elapsed=1h05m56s avg=6.10s/cand eta=6m12s remaining=61
[suite custom_states :: path4] 649/709 ( 91.5%) done product/U_I__V_SXdg elapsed=1h06m04s avg=6.11s/cand eta=6m06s remaining=60
[suite custom_states :: path4] 650/709 ( 91.7%) done product/U_I__V_H elapsed=1h06m07s avg=6.10s/cand eta=6m00s remaining=59
[suite custom_states :: path4] 651/709 ( 91.8%) done product/U_I__V_HS elapsed=1h06m15s avg=6.11s/cand eta=5m54s remaining=58
[suite custom_states :: path4] 652/709 ( 92.0%) done product/U_I__V_SH elapsed=1h06m17s avg=6.10s/cand eta=5m48s remaining=57
[suite custom_states :: path4] 653/709 ( 92.1%) done product/U_I__V_Z elapsed=1h06m25s avg=6.10s/cand eta=5m42s remaining=56
[suite custom_states :: path4] 654/709 ( 92.2%) done product/U_X__V_I elapsed=1h06m28s avg=6.10s/cand eta=5m35s remaining=55
[suite custom_states :: path4] 655/709 ( 92.4%) done product/U_X__V_X elapsed=1h06m35s avg=6.10s/cand eta=5m29s remaining=54
[suite custom_states :: path4] 656/709 ( 92.5%) done product/U_X__V_SX elapsed=1h06m38s avg=6.09s/cand eta=5m23s remaining=53
[suite custom_states :: path4] 657/709 ( 92.7%) done product/U_X__V_SXdg elapsed=1h06m46s avg=6.10s/cand eta=5m17s remaining=52
[suite custom_states :: path4] 658/709 ( 92.8%) done product/U_X__V_H elapsed=1h06m49s avg=6.09s/cand eta=5m11s remaining=51
[suite custom_states :: path4] 659/709 ( 92.9%) done product/U_X__V_HS elapsed=1h06m56s avg=6.09s/cand eta=5m05s remaining=50
[suite custom_states :: path4] 660/709 ( 93.1%) done product/U_X__V_SH elapsed=1h06m59s avg=6.09s/cand eta=4m58s remaining=49
[suite custom_states :: path4] 661/709 ( 93.2%) done product/U_X__V_Z elapsed=1h07m07s avg=6.09s/cand eta=4m52s remaining=48
[suite custom_states :: path4] 662/709 ( 93.4%) done product/U_SX__V_I elapsed=1h07m09s avg=6.09s/cand eta=4m46s remaining=47
[suite custom_states :: path4] 663/709 ( 93.5%) done product/U_SX__V_X elapsed=1h07m18s avg=6.09s/cand eta=4m40s remaining=46
[suite custom_states :: path4] 664/709 ( 93.7%) done product/U_SX__V_SX elapsed=1h07m20s avg=6.08s/cand eta=4m34s remaining=45
[suite custom_states :: path4] 665/709 ( 93.8%) done product/U_SX__V_SXdg elapsed=1h07m27s avg=6.09s/cand eta=4m28s remaining=44
[suite custom_states :: path4] 666/709 ( 93.9%) done product/U_SX__V_H elapsed=1h07m30s avg=6.08s/cand eta=4m21s remaining=43
[suite custom_states :: path4] 667/709 ( 94.1%) done product/U_SX__V_HS elapsed=1h07m38s avg=6.08s/cand eta=4m16s remaining=42
[suite custom_states :: path4] 668/709 ( 94.2%) done product/U_SX__V_SH elapsed=1h07m40s avg=6.08s/cand eta=4m09s remaining=41
[suite custom_states :: path4] 669/709 ( 94.4%) done product/U_SX__V_Z elapsed=1h07m48s avg=6.08s/cand eta=4m03s remaining=40
[suite custom_states :: path4] 670/709 ( 94.5%) done product/U_SXdg__V_I elapsed=1h07m50s avg=6.08s/cand eta=3m57s remaining=39
[suite custom_states :: path4] 671/709 ( 94.6%) done product/U_SXdg__V_X elapsed=1h07m59s avg=6.08s/cand eta=3m51s remaining=38
[suite custom_states :: path4] 672/709 ( 94.8%) done product/U_SXdg__V_SX elapsed=1h08m00s avg=6.07s/cand eta=3m45s remaining=37
[suite custom_states :: path4] 673/709 ( 94.9%) done product/U_SXdg__V_SXdg elapsed=1h08m10s avg=6.08s/cand eta=3m39s remaining=36
[suite custom_states :: path4] 674/709 ( 95.1%) done product/U_SXdg__V_H elapsed=1h08m11s avg=6.07s/cand eta=3m32s remaining=35
[suite custom_states :: path4] 675/709 ( 95.2%) done product/U_SXdg__V_HS elapsed=1h08m20s avg=6.07s/cand eta=3m27s remaining=34
[suite custom_states :: path4] 676/709 ( 95.3%) done product/U_SXdg__V_SH elapsed=1h08m22s avg=6.07s/cand eta=3m20s remaining=33
[suite custom_states :: path4] 677/709 ( 95.5%) done product/U_SXdg__V_Z elapsed=1h08m31s avg=6.07s/cand eta=3m14s remaining=32
[suite custom_states :: path4] 678/709 ( 95.6%) done product/U_H__V_I elapsed=1h08m32s avg=6.06s/cand eta=3m08s remaining=31
[suite custom_states :: path4] 679/709 ( 95.8%) done product/U_H__V_X elapsed=1h08m42s avg=6.07s/cand eta=3m02s remaining=30
[suite custom_states :: path4] 680/709 ( 95.9%) done product/U_H__V_SX elapsed=1h08m43s avg=6.06s/cand eta=2m56s remaining=29
[suite custom_states :: path4] 681/709 ( 96.1%) done product/U_H__V_SXdg elapsed=1h08m53s avg=6.07s/cand eta=2m50s remaining=28
[suite custom_states :: path4] 682/709 ( 96.2%) done product/U_H__V_H elapsed=1h08m54s avg=6.06s/cand eta=2m44s remaining=27
[suite custom_states :: path4] 683/709 ( 96.3%) done product/U_H__V_HS elapsed=1h09m04s avg=6.07s/cand eta=2m38s remaining=26
[suite custom_states :: path4] 684/709 ( 96.5%) done product/U_H__V_SH elapsed=1h09m05s avg=6.06s/cand eta=2m31s remaining=25
[suite custom_states :: path4] 685/709 ( 96.6%) done product/U_H__V_Z elapsed=1h09m14s avg=6.06s/cand eta=2m26s remaining=24
[suite custom_states :: path4] 686/709 ( 96.8%) done product/U_HS__V_I elapsed=1h09m16s avg=6.06s/cand eta=2m19s remaining=23
[suite custom_states :: path4] 687/709 ( 96.9%) done product/U_HS__V_X elapsed=1h09m25s avg=6.06s/cand eta=2m13s remaining=22
[suite custom_states :: path4] 688/709 ( 97.0%) done product/U_HS__V_SX elapsed=1h09m25s avg=6.05s/cand eta=2m07s remaining=21
[suite custom_states :: path4] 689/709 ( 97.2%) done product/U_HS__V_SXdg elapsed=1h09m35s avg=6.06s/cand eta=2m01s remaining=20
[suite custom_states :: path4] 690/709 ( 97.3%) done product/U_HS__V_H elapsed=1h09m36s avg=6.05s/cand eta=1m55s remaining=19
[suite custom_states :: path4] 691/709 ( 97.5%) done product/U_HS__V_HS elapsed=1h09m46s avg=6.06s/cand eta=1m49s remaining=18
[suite custom_states :: path4] 692/709 ( 97.6%) done product/U_HS__V_SH elapsed=1h09m47s avg=6.05s/cand eta=1m43s remaining=17
[suite custom_states :: path4] 693/709 ( 97.7%) done product/U_HS__V_Z elapsed=1h09m57s avg=6.06s/cand eta=1m37s remaining=16
[suite custom_states :: path4] 694/709 ( 97.9%) done product/U_SH__V_I elapsed=1h09m58s avg=6.05s/cand eta=1m31s remaining=15
[suite custom_states :: path4] 695/709 ( 98.0%) done product/U_SH__V_X elapsed=1h10m07s avg=6.05s/cand eta=1m25s remaining=14
[suite custom_states :: path4] 696/709 ( 98.2%) done product/U_SH__V_SX elapsed=1h10m08s avg=6.05s/cand eta=1m19s remaining=13
[suite custom_states :: path4] 697/709 ( 98.3%) done product/U_SH__V_SXdg elapsed=1h10m18s avg=6.05s/cand eta=1m13s remaining=12
[suite custom_states :: path4] 698/709 ( 98.4%) done product/U_SH__V_H elapsed=1h10m19s avg=6.04s/cand eta=1m06s remaining=11
[suite custom_states :: path4] 699/709 ( 98.6%) done product/U_SH__V_HS elapsed=1h10m28s avg=6.05s/cand eta=1m00s remaining=10
[suite custom_states :: path4] 700/709 ( 98.7%) done product/U_SH__V_SH elapsed=1h10m29s avg=6.04s/cand eta=54s remaining=9
[suite custom_states :: path4] 701/709 ( 98.9%) done product/U_SH__V_Z elapsed=1h10m39s avg=6.05s/cand eta=48s remaining=8
[suite custom_states :: path4] 702/709 ( 99.0%) done product/U_Z__V_I elapsed=1h10m39s avg=6.04s/cand eta=42s remaining=7
[suite custom_states :: path4] 703/709 ( 99.2%) done product/U_Z__V_X elapsed=1h10m49s avg=6.04s/cand eta=36s remaining=6
[suite custom_states :: path4] 704/709 ( 99.3%) done product/U_Z__V_SX elapsed=1h10m50s avg=6.04s/cand eta=30s remaining=5
[suite custom_states :: path4] 705/709 ( 99.4%) done product/U_Z__V_SXdg elapsed=1h11m00s avg=6.04s/cand eta=24s remaining=4
[suite custom_states :: path4] 706/709 ( 99.6%) done product/U_Z__V_H elapsed=1h11m00s avg=6.03s/cand eta=18s remaining=3
[suite custom_states :: path4] 707/709 ( 99.7%) done product/U_Z__V_SH elapsed=1h11m10s avg=6.04s/cand eta=12s remaining=2
[suite custom_states :: path4] 708/709 ( 99.9%) done product/U_Z__V_HS elapsed=1h11m10s avg=6.03s/cand eta=6s remaining=1
[suite custom_states :: path4] 709/709 (100.0%) done product/U_Z__V_Z elapsed=1h11m18s avg=6.03s/cand eta=0s remaining=0
[suite custom_states :: path4] finished 709/709 in 1h11m19s (avg 6.03s/cand)
[suite custom_states] [1/5] finished path4 in 1h11m20s; suite elapsed=1h11m21s eta=4h45m23s remaining_states=4
[suite custom_states] [2/5] === state cycle4 (family=cycle, qutrits=4, edges=4) ===
[suite custom_states] state cycle4: 709 benchmarked, 4 baseline-equivalent skipped, 713 candidates total
[suite custom_states :: cycle4] starting benchmarks: 0/709
[suite custom_states :: cycle4] 1/709 (  0.1%) done baseline/E_old elapsed=22s avg=22.46s/cand eta=4h25m01s remaining=708
[suite custom_states :: cycle4] 2/709 (  0.3%) done monomial_full/sup012_P012_ph001 elapsed=23s avg=11.58s/cand eta=2h16m25s remaining=707
[suite custom_states :: cycle4] 3/709 (  0.4%) done monomial_full/sup012_P012_ph002 elapsed=35s avg=11.50s/cand eta=2h15m21s remaining=706
[suite custom_states :: cycle4] 4/709 (  0.6%) done monomial_full/sup012_P012_ph010 elapsed=35s avg=8.69s/cand eta=1h42m05s remaining=705
[suite custom_states :: cycle4] 5/709 (  0.7%) done monomial_full/sup012_P012_ph012 elapsed=45s avg=9.03s/cand eta=1h45m54s remaining=704
[suite custom_states :: cycle4] 6/709 (  0.8%) done monomial_full/sup012_P012_ph011 elapsed=46s avg=7.59s/cand eta=1h28m57s remaining=703
[suite custom_states :: cycle4] 7/709 (  1.0%) done monomial_full/sup012_P012_ph021 elapsed=56s avg=8.04s/cand eta=1h34m04s remaining=702
[suite custom_states :: cycle4] 8/709 (  1.1%) done monomial_full/sup012_P012_ph020 elapsed=56s avg=7.04s/cand eta=1h22m16s remaining=701
[suite custom_states :: cycle4] 9/709 (  1.3%) done monomial_full/sup012_P012_ph022 elapsed=1m08s avg=7.52s/cand eta=1h27m46s remaining=700
[suite custom_states :: cycle4] 10/709 (  1.4%) done monomial_full/sup012_P012_ph100 elapsed=1m08s avg=6.79s/cand eta=1h19m06s remaining=699
[suite custom_states :: cycle4] 11/709 (  1.6%) done monomial_full/sup012_P012_ph101 elapsed=1m18s avg=7.09s/cand eta=1h22m28s remaining=698
[suite custom_states :: cycle4] 12/709 (  1.7%) done monomial_full/sup012_P012_ph102 elapsed=1m19s avg=6.62s/cand eta=1h16m57s remaining=697
[suite custom_states :: cycle4] 13/709 (  1.8%) done monomial_full/sup012_P012_ph110 elapsed=1m29s avg=6.84s/cand eta=1h19m19s remaining=696
[suite custom_states :: cycle4] 14/709 (  2.0%) done monomial_full/sup012_P012_ph112 elapsed=1m32s avg=6.54s/cand eta=1h15m44s remaining=695
[suite custom_states :: cycle4] 15/709 (  2.1%) done monomial_full/sup012_P012_ph120 elapsed=1m41s avg=6.72s/cand eta=1h17m44s remaining=694
[suite custom_states :: cycle4] 16/709 (  2.3%) done monomial_full/sup012_P012_ph121 elapsed=1m43s avg=6.42s/cand eta=1h14m08s remaining=693
[suite custom_states :: cycle4] 17/709 (  2.4%) done monomial_full/sup012_P012_ph122 elapsed=1m52s avg=6.57s/cand eta=1h15m45s remaining=692
[suite custom_states :: cycle4] 18/709 (  2.5%) done monomial_full/sup012_P012_ph200 elapsed=1m55s avg=6.37s/cand eta=1h13m22s remaining=691
[suite custom_states :: cycle4] 19/709 (  2.7%) done monomial_full/sup012_P012_ph201 elapsed=2m03s avg=6.46s/cand eta=1h14m21s remaining=690
[suite custom_states :: cycle4] 20/709 (  2.8%) done monomial_full/sup012_P012_ph202 elapsed=2m05s avg=6.25s/cand eta=1h11m49s remaining=689
[suite custom_states :: cycle4] 21/709 (  3.0%) done monomial_full/sup012_P012_ph210 elapsed=2m13s avg=6.36s/cand eta=1h12m53s remaining=688
[suite custom_states :: cycle4] 22/709 (  3.1%) done monomial_full/sup012_P012_ph211 elapsed=2m15s avg=6.13s/cand eta=1h10m14s remaining=687
[suite custom_states :: cycle4] 23/709 (  3.2%) done monomial_full/sup012_P012_ph212 elapsed=2m26s avg=6.33s/cand eta=1h12m20s remaining=686
[suite custom_states :: cycle4] 24/709 (  3.4%) done monomial_full/sup012_P012_ph220 elapsed=2m26s avg=6.08s/cand eta=1h09m26s remaining=685
[suite custom_states :: cycle4] 25/709 (  3.5%) done monomial_full/sup012_P012_ph221 elapsed=2m38s avg=6.30s/cand eta=1h11m50s remaining=684
[suite custom_states :: cycle4] 26/709 (  3.7%) done monomial_full/sup012_P021_ph000 elapsed=2m41s avg=6.18s/cand eta=1h10m18s remaining=683
[suite custom_states :: cycle4] 27/709 (  3.8%) done monomial_full/sup012_P021_ph001 elapsed=2m52s avg=6.36s/cand eta=1h12m15s remaining=682
[suite custom_states :: cycle4] 28/709 (  3.9%) done monomial_full/sup012_P021_ph002 elapsed=2m55s avg=6.24s/cand eta=1h10m50s remaining=681
[suite custom_states :: cycle4] 29/709 (  4.1%) done monomial_full/sup012_P021_ph010 elapsed=3m06s avg=6.40s/cand eta=1h12m33s remaining=680
[suite custom_states :: cycle4] 30/709 (  4.2%) done monomial_full/sup012_P021_ph011 elapsed=3m09s avg=6.29s/cand eta=1h11m08s remaining=679
[suite custom_states :: cycle4] 31/709 (  4.4%) done monomial_full/sup012_P021_ph012 elapsed=3m20s avg=6.45s/cand eta=1h12m52s remaining=678
[suite custom_states :: cycle4] 32/709 (  4.5%) done monomial_full/sup012_P021_ph020 elapsed=3m23s avg=6.33s/cand eta=1h11m28s remaining=677
[suite custom_states :: cycle4] 33/709 (  4.7%) done monomial_full/sup012_P021_ph021 elapsed=3m34s avg=6.48s/cand eta=1h13m03s remaining=676
[suite custom_states :: cycle4] 34/709 (  4.8%) done monomial_full/sup012_P021_ph022 elapsed=3m37s avg=6.39s/cand eta=1h11m51s remaining=675
[suite custom_states :: cycle4] 35/709 (  4.9%) done monomial_full/sup012_P021_ph100 elapsed=3m48s avg=6.52s/cand eta=1h13m13s remaining=674
[suite custom_states :: cycle4] 36/709 (  5.1%) done monomial_full/sup012_P021_ph101 elapsed=3m51s avg=6.43s/cand eta=1h12m06s remaining=673
[suite custom_states :: cycle4] 37/709 (  5.2%) done monomial_full/sup012_P021_ph102 elapsed=4m02s avg=6.55s/cand eta=1h13m22s remaining=672
[suite custom_states :: cycle4] 38/709 (  5.4%) done monomial_full/sup012_P021_ph110 elapsed=4m05s avg=6.45s/cand eta=1h12m10s remaining=671
[suite custom_states :: cycle4] 39/709 (  5.5%) done monomial_full/sup012_P021_ph111 elapsed=4m16s avg=6.56s/cand eta=1h13m16s remaining=670
[suite custom_states :: cycle4] 40/709 (  5.6%) done monomial_full/sup012_P021_ph112 elapsed=4m19s avg=6.48s/cand eta=1h12m16s remaining=669
[suite custom_states :: cycle4] 41/709 (  5.8%) done monomial_full/sup012_P021_ph120 elapsed=4m30s avg=6.59s/cand eta=1h13m22s remaining=668
[suite custom_states :: cycle4] 42/709 (  5.9%) done monomial_full/sup012_P021_ph121 elapsed=4m34s avg=6.52s/cand eta=1h12m30s remaining=667
[suite custom_states :: cycle4] 43/709 (  6.1%) done monomial_full/sup012_P021_ph122 elapsed=4m44s avg=6.61s/cand eta=1h13m21s remaining=666
[suite custom_states :: cycle4] 44/709 (  6.2%) done monomial_full/sup012_P021_ph200 elapsed=4m48s avg=6.55s/cand eta=1h12m35s remaining=665
[suite custom_states :: cycle4] 45/709 (  6.3%) done monomial_full/sup012_P021_ph201 elapsed=4m59s avg=6.64s/cand eta=1h13m31s remaining=664
[suite custom_states :: cycle4] 46/709 (  6.5%) done monomial_full/sup012_P021_ph202 elapsed=5m03s avg=6.58s/cand eta=1h12m43s remaining=663
[suite custom_states :: cycle4] 47/709 (  6.6%) done monomial_full/sup012_P021_ph210 elapsed=5m13s avg=6.65s/cand eta=1h13m23s remaining=662
[suite custom_states :: cycle4] 48/709 (  6.8%) done monomial_full/sup012_P021_ph211 elapsed=5m16s avg=6.59s/cand eta=1h12m35s remaining=661
[suite custom_states :: cycle4] 49/709 (  6.9%) done monomial_full/sup012_P021_ph212 elapsed=5m27s avg=6.67s/cand eta=1h13m21s remaining=660
[suite custom_states :: cycle4] 50/709 (  7.1%) done monomial_full/sup012_P021_ph220 elapsed=5m31s avg=6.61s/cand eta=1h12m39s remaining=659
[suite custom_states :: cycle4] 51/709 (  7.2%) done monomial_full/sup012_P021_ph221 elapsed=5m41s avg=6.69s/cand eta=1h13m20s remaining=658
[suite custom_states :: cycle4] 52/709 (  7.3%) done monomial_full/sup012_P021_ph222 elapsed=5m45s avg=6.63s/cand eta=1h12m38s remaining=657
[suite custom_states :: cycle4] 53/709 (  7.5%) done monomial_full/sup012_P102_ph000 elapsed=5m53s avg=6.66s/cand eta=1h12m49s remaining=656
[suite custom_states :: cycle4] 54/709 (  7.6%) done monomial_full/sup012_P102_ph001 elapsed=5m56s avg=6.60s/cand eta=1h12m00s remaining=655
[suite custom_states :: cycle4] 55/709 (  7.8%) done monomial_full/sup012_P102_ph002 elapsed=6m04s avg=6.61s/cand eta=1h12m06s remaining=654
[suite custom_states :: cycle4] 56/709 (  7.9%) done monomial_full/sup012_P102_ph010 elapsed=6m07s avg=6.55s/cand eta=1h11m18s remaining=653
[suite custom_states :: cycle4] 57/709 (  8.0%) done monomial_full/sup012_P102_ph011 elapsed=6m15s avg=6.57s/cand eta=1h11m27s remaining=652
[suite custom_states :: cycle4] 58/709 (  8.2%) done monomial_full/sup012_P102_ph012 elapsed=6m18s avg=6.53s/cand eta=1h10m48s remaining=651
[suite custom_states :: cycle4] 59/709 (  8.3%) done monomial_full/sup012_P102_ph020 elapsed=6m27s avg=6.56s/cand eta=1h11m03s remaining=650
[suite custom_states :: cycle4] 60/709 (  8.5%) done monomial_full/sup012_P102_ph021 elapsed=6m30s avg=6.50s/cand eta=1h10m17s remaining=649
[suite custom_states :: cycle4] 61/709 (  8.6%) done monomial_full/sup012_P102_ph022 elapsed=6m39s avg=6.55s/cand eta=1h10m41s remaining=648
[suite custom_states :: cycle4] 62/709 (  8.7%) done monomial_full/sup012_P102_ph100 elapsed=6m41s avg=6.47s/cand eta=1h09m49s remaining=647
[suite custom_states :: cycle4] 63/709 (  8.9%) done monomial_full/sup012_P102_ph101 elapsed=6m51s avg=6.53s/cand eta=1h10m16s remaining=646
[suite custom_states :: cycle4] 64/709 (  9.0%) done monomial_full/sup012_P102_ph102 elapsed=6m53s avg=6.46s/cand eta=1h09m26s remaining=645
[suite custom_states :: cycle4] 65/709 (  9.2%) done monomial_full/sup012_P102_ph110 elapsed=7m04s avg=6.52s/cand eta=1h09m57s remaining=644
[suite custom_states :: cycle4] 66/709 (  9.3%) done monomial_full/sup012_P102_ph111 elapsed=7m05s avg=6.44s/cand eta=1h08m58s remaining=643
[suite custom_states :: cycle4] 67/709 (  9.4%) done monomial_full/sup012_P102_ph112 elapsed=7m16s avg=6.50s/cand eta=1h09m35s remaining=642
[suite custom_states :: cycle4] 68/709 (  9.6%) done monomial_full/sup012_P102_ph120 elapsed=7m17s avg=6.42s/cand eta=1h08m35s remaining=641
[suite custom_states :: cycle4] 69/709 (  9.7%) done monomial_full/sup012_P102_ph121 elapsed=7m28s avg=6.50s/cand eta=1h09m17s remaining=640
[suite custom_states :: cycle4] 70/709 (  9.9%) done monomial_full/sup012_P102_ph122 elapsed=7m29s avg=6.41s/cand eta=1h08m18s remaining=639
[suite custom_states :: cycle4] 71/709 ( 10.0%) done monomial_full/sup012_P102_ph200 elapsed=7m40s avg=6.47s/cand eta=1h08m50s remaining=638
[suite custom_states :: cycle4] 72/709 ( 10.2%) done monomial_full/sup012_P102_ph201 elapsed=7m40s avg=6.40s/cand eta=1h07m54s remaining=637
[suite custom_states :: cycle4] 73/709 ( 10.3%) done monomial_full/sup012_P102_ph202 elapsed=7m52s avg=6.46s/cand eta=1h08m28s remaining=636
[suite custom_states :: cycle4] 74/709 ( 10.4%) done monomial_full/sup012_P102_ph210 elapsed=7m52s avg=6.38s/cand eta=1h07m28s remaining=635
[suite custom_states :: cycle4] 75/709 ( 10.6%) done monomial_full/sup012_P102_ph211 elapsed=8m03s avg=6.45s/cand eta=1h08m07s remaining=634
[suite custom_states :: cycle4] 76/709 ( 10.7%) done monomial_full/sup012_P102_ph212 elapsed=8m04s avg=6.36s/cand eta=1h07m08s remaining=633
[suite custom_states :: cycle4] 77/709 ( 10.9%) done monomial_full/sup012_P102_ph221 elapsed=8m14s avg=6.42s/cand eta=1h07m36s remaining=632
[suite custom_states :: cycle4] 78/709 ( 11.0%) done monomial_full/sup012_P102_ph220 elapsed=8m14s avg=6.34s/cand eta=1h06m39s remaining=631
[suite custom_states :: cycle4] 79/709 ( 11.1%) done monomial_full/sup012_P102_ph222 elapsed=8m26s avg=6.40s/cand eta=1h07m11s remaining=630
[suite custom_states :: cycle4] 80/709 ( 11.3%) done monomial_full/sup012_P120_ph000 elapsed=8m28s avg=6.35s/cand eta=1h06m33s remaining=629
[suite custom_states :: cycle4] 81/709 ( 11.4%) done monomial_full/sup012_P120_ph001 elapsed=8m39s avg=6.41s/cand eta=1h07m05s remaining=628
[suite custom_states :: cycle4] 82/709 ( 11.6%) done monomial_full/sup012_P120_ph002 elapsed=8m42s avg=6.36s/cand eta=1h06m28s remaining=627
[suite custom_states :: cycle4] 83/709 ( 11.7%) done monomial_full/sup012_P120_ph010 elapsed=8m52s avg=6.41s/cand eta=1h06m55s remaining=626
[suite custom_states :: cycle4] 84/709 ( 11.8%) done monomial_full/sup012_P120_ph011 elapsed=8m55s avg=6.37s/cand eta=1h06m19s remaining=625
[suite custom_states :: cycle4] 85/709 ( 12.0%) done monomial_full/sup012_P120_ph012 elapsed=9m05s avg=6.42s/cand eta=1h06m43s remaining=624
[suite custom_states :: cycle4] 86/709 ( 12.1%) done monomial_full/sup012_P120_ph020 elapsed=9m08s avg=6.37s/cand eta=1h06m07s remaining=623
[suite custom_states :: cycle4] 87/709 ( 12.3%) done monomial_full/sup012_P120_ph021 elapsed=9m18s avg=6.42s/cand eta=1h06m32s remaining=622
[suite custom_states :: cycle4] 88/709 ( 12.4%) done monomial_full/sup012_P120_ph022 elapsed=9m21s avg=6.37s/cand eta=1h05m56s remaining=621
[suite custom_states :: cycle4] 89/709 ( 12.6%) done monomial_full/sup012_P120_ph100 elapsed=9m32s avg=6.42s/cand eta=1h06m23s remaining=620
[suite custom_states :: cycle4] 90/709 ( 12.7%) done monomial_full/sup012_P120_ph101 elapsed=9m34s avg=6.37s/cand eta=1h05m45s remaining=619
[suite custom_states :: cycle4] 91/709 ( 12.8%) done monomial_full/sup012_P120_ph102 elapsed=9m45s avg=6.43s/cand eta=1h06m15s remaining=618
[suite custom_states :: cycle4] 92/709 ( 13.0%) done monomial_full/sup012_P120_ph110 elapsed=9m47s avg=6.38s/cand eta=1h05m35s remaining=617
[suite custom_states :: cycle4] 93/709 ( 13.1%) done monomial_full/sup012_P120_ph111 elapsed=9m58s avg=6.43s/cand eta=1h06m02s remaining=616
[suite custom_states :: cycle4] 94/709 ( 13.3%) done monomial_full/sup012_P120_ph112 elapsed=10m00s avg=6.38s/cand eta=1h05m24s remaining=615
[suite custom_states :: cycle4] 95/709 ( 13.4%) done monomial_full/sup012_P120_ph120 elapsed=10m11s avg=6.43s/cand eta=1h05m46s remaining=614
[suite custom_states :: cycle4] 96/709 ( 13.5%) done monomial_full/sup012_P120_ph121 elapsed=10m12s avg=6.38s/cand eta=1h05m09s remaining=613
[suite custom_states :: cycle4] 97/709 ( 13.7%) done monomial_full/sup012_P120_ph122 elapsed=10m23s avg=6.42s/cand eta=1h05m32s remaining=612
[suite custom_states :: cycle4] 98/709 ( 13.8%) done monomial_full/sup012_P120_ph200 elapsed=10m26s avg=6.38s/cand eta=1h05m01s remaining=611
[suite custom_states :: cycle4] 99/709 ( 14.0%) done monomial_full/sup012_P120_ph201 elapsed=10m37s avg=6.43s/cand eta=1h05m22s remaining=610
[suite custom_states :: cycle4] 100/709 ( 14.1%) done monomial_full/sup012_P120_ph202 elapsed=10m38s avg=6.38s/cand eta=1h04m47s remaining=609
[suite custom_states :: cycle4] 101/709 ( 14.2%) done monomial_full/sup012_P120_ph210 elapsed=10m51s avg=6.44s/cand eta=1h05m16s remaining=608
[suite custom_states :: cycle4] 102/709 ( 14.4%) done monomial_full/sup012_P120_ph211 elapsed=10m52s avg=6.39s/cand eta=1h04m39s remaining=607
[suite custom_states :: cycle4] 103/709 ( 14.5%) done monomial_full/sup012_P120_ph212 elapsed=11m03s avg=6.44s/cand eta=1h05m03s remaining=606
[suite custom_states :: cycle4] 104/709 ( 14.7%) done monomial_full/sup012_P120_ph220 elapsed=11m05s avg=6.39s/cand eta=1h04m26s remaining=605
[suite custom_states :: cycle4] 105/709 ( 14.8%) done monomial_full/sup012_P120_ph221 elapsed=11m16s avg=6.44s/cand eta=1h04m48s remaining=604
[suite custom_states :: cycle4] 106/709 ( 15.0%) done monomial_full/sup012_P120_ph222 elapsed=11m17s avg=6.39s/cand eta=1h04m11s remaining=603
[suite custom_states :: cycle4] 107/709 ( 15.1%) done monomial_full/sup012_P201_ph000 elapsed=11m30s avg=6.44s/cand eta=1h04m40s remaining=602
[suite custom_states :: cycle4] 108/709 ( 15.2%) done monomial_full/sup012_P201_ph001 elapsed=11m31s avg=6.40s/cand eta=1h04m06s remaining=601
[suite custom_states :: cycle4] 109/709 ( 15.4%) done monomial_full/sup012_P201_ph002 elapsed=11m44s avg=6.45s/cand eta=1h04m33s remaining=600
[suite custom_states :: cycle4] 110/709 ( 15.5%) done monomial_full/sup012_P201_ph010 elapsed=11m45s avg=6.41s/cand eta=1h03m58s remaining=599
[suite custom_states :: cycle4] 111/709 ( 15.7%) done monomial_full/sup012_P201_ph011 elapsed=11m57s avg=6.46s/cand eta=1h04m24s remaining=598
[suite custom_states :: cycle4] 112/709 ( 15.8%) done monomial_full/sup012_P201_ph012 elapsed=11m58s avg=6.41s/cand eta=1h03m49s remaining=597
[suite custom_states :: cycle4] 113/709 ( 15.9%) done monomial_full/sup012_P201_ph020 elapsed=12m10s avg=6.46s/cand eta=1h04m11s remaining=596
[suite custom_states :: cycle4] 114/709 ( 16.1%) done monomial_full/sup012_P201_ph021 elapsed=12m12s avg=6.42s/cand eta=1h03m40s remaining=595
[suite custom_states :: cycle4] 115/709 ( 16.2%) done monomial_full/sup012_P201_ph022 elapsed=12m24s avg=6.47s/cand eta=1h04m04s remaining=594
[suite custom_states :: cycle4] 116/709 ( 16.4%) done monomial_full/sup012_P201_ph100 elapsed=12m26s avg=6.43s/cand eta=1h03m31s remaining=593
[suite custom_states :: cycle4] 117/709 ( 16.5%) done monomial_full/sup012_P201_ph101 elapsed=12m38s avg=6.48s/cand eta=1h03m55s remaining=592
[suite custom_states :: cycle4] 118/709 ( 16.6%) done monomial_full/sup012_P201_ph102 elapsed=12m39s avg=6.43s/cand eta=1h03m22s remaining=591
[suite custom_states :: cycle4] 119/709 ( 16.8%) done monomial_full/sup012_P201_ph110 elapsed=12m52s avg=6.48s/cand eta=1h03m46s remaining=590
[suite custom_states :: cycle4] 120/709 ( 16.9%) done monomial_full/sup012_P201_ph111 elapsed=12m53s avg=6.44s/cand eta=1h03m14s remaining=589
[suite custom_states :: cycle4] 121/709 ( 17.1%) done monomial_full/sup012_P201_ph112 elapsed=13m05s avg=6.49s/cand eta=1h03m34s remaining=588
[suite custom_states :: cycle4] 122/709 ( 17.2%) done monomial_full/sup012_P201_ph120 elapsed=13m06s avg=6.44s/cand eta=1h03m02s remaining=587
[suite custom_states :: cycle4] 123/709 ( 17.3%) done monomial_full/sup012_P201_ph121 elapsed=13m18s avg=6.49s/cand eta=1h03m22s remaining=586
[suite custom_states :: cycle4] 124/709 ( 17.5%) done monomial_full/sup012_P201_ph122 elapsed=13m19s avg=6.45s/cand eta=1h02m51s remaining=585
[suite custom_states :: cycle4] 125/709 ( 17.6%) done monomial_full/sup012_P201_ph200 elapsed=13m32s avg=6.49s/cand eta=1h03m12s remaining=584
[suite custom_states :: cycle4] 126/709 ( 17.8%) done monomial_full/sup012_P201_ph201 elapsed=13m33s avg=6.45s/cand eta=1h02m40s remaining=583
[suite custom_states :: cycle4] 127/709 ( 17.9%) done monomial_full/sup012_P201_ph202 elapsed=13m45s avg=6.50s/cand eta=1h03m02s remaining=582
[suite custom_states :: cycle4] 128/709 ( 18.1%) done monomial_full/sup012_P201_ph210 elapsed=13m47s avg=6.46s/cand eta=1h02m32s remaining=581
[suite custom_states :: cycle4] 129/709 ( 18.2%) done monomial_full/sup012_P201_ph211 elapsed=13m59s avg=6.50s/cand eta=1h02m52s remaining=580
[suite custom_states :: cycle4] 130/709 ( 18.3%) done monomial_full/sup012_P201_ph212 elapsed=14m00s avg=6.46s/cand eta=1h02m21s remaining=579
[suite custom_states :: cycle4] 131/709 ( 18.5%) done monomial_full/sup012_P201_ph220 elapsed=14m12s avg=6.50s/cand eta=1h02m38s remaining=578
[suite custom_states :: cycle4] 132/709 ( 18.6%) done monomial_full/sup012_P201_ph221 elapsed=14m13s avg=6.46s/cand eta=1h02m07s remaining=577
[suite custom_states :: cycle4] 133/709 ( 18.8%) done monomial_full/sup012_P210_ph000 elapsed=14m24s avg=6.50s/cand eta=1h02m23s remaining=576
[suite custom_states :: cycle4] 134/709 ( 18.9%) done monomial_full/sup012_P201_ph222 elapsed=14m25s avg=6.46s/cand eta=1h01m53s remaining=575
[suite custom_states :: cycle4] 135/709 ( 19.0%) done monomial_full/sup012_P210_ph001 elapsed=14m36s avg=6.49s/cand eta=1h02m05s remaining=574
[suite custom_states :: cycle4] 136/709 ( 19.2%) done monomial_full/sup012_P210_ph002 elapsed=14m37s avg=6.45s/cand eta=1h01m34s remaining=573
[suite custom_states :: cycle4] 137/709 ( 19.3%) done monomial_full/sup012_P210_ph010 elapsed=14m48s avg=6.48s/cand eta=1h01m46s remaining=572
[suite custom_states :: cycle4] 138/709 ( 19.5%) done monomial_full/sup012_P210_ph011 elapsed=14m48s avg=6.44s/cand eta=1h01m15s remaining=571
[suite custom_states :: cycle4] 139/709 ( 19.6%) done monomial_full/sup012_P210_ph012 elapsed=14m59s avg=6.47s/cand eta=1h01m26s remaining=570
[suite custom_states :: cycle4] 140/709 ( 19.7%) done monomial_full/sup012_P210_ph020 elapsed=15m00s avg=6.43s/cand eta=1h00m59s remaining=569
[suite custom_states :: cycle4] 141/709 ( 19.9%) done monomial_full/sup012_P210_ph021 elapsed=15m10s avg=6.45s/cand eta=1h01m06s remaining=568
[suite custom_states :: cycle4] 142/709 ( 20.0%) done monomial_full/sup012_P210_ph022 elapsed=15m11s avg=6.42s/cand eta=1h00m38s remaining=567
[suite custom_states :: cycle4] 143/709 ( 20.2%) done monomial_full/sup012_P210_ph100 elapsed=15m21s avg=6.44s/cand eta=1h00m47s remaining=566
[suite custom_states :: cycle4] 144/709 ( 20.3%) done monomial_full/sup012_P210_ph101 elapsed=15m23s avg=6.41s/cand eta=1h00m20s remaining=565
[suite custom_states :: cycle4] 145/709 ( 20.5%) done monomial_full/sup012_P210_ph102 elapsed=15m33s avg=6.43s/cand eta=1h00m29s remaining=564
[suite custom_states :: cycle4] 146/709 ( 20.6%) done monomial_full/sup012_P210_ph110 elapsed=15m35s avg=6.40s/cand eta=1h00m04s remaining=563
[suite custom_states :: cycle4] 147/709 ( 20.7%) done monomial_full/sup012_P210_ph111 elapsed=15m45s avg=6.43s/cand eta=1h00m13s remaining=562
[suite custom_states :: cycle4] 148/709 ( 20.9%) done monomial_full/sup012_P210_ph112 elapsed=15m47s avg=6.40s/cand eta=59m50s remaining=561
[suite custom_states :: cycle4] 149/709 ( 21.0%) done monomial_full/sup012_P210_ph120 elapsed=15m56s avg=6.42s/cand eta=59m55s remaining=560
[suite custom_states :: cycle4] 150/709 ( 21.2%) done monomial_full/sup012_P210_ph121 elapsed=15m58s avg=6.39s/cand eta=59m30s remaining=559
[suite custom_states :: cycle4] 151/709 ( 21.3%) done monomial_full/sup012_P210_ph122 elapsed=16m08s avg=6.41s/cand eta=59m37s remaining=558
[suite custom_states :: cycle4] 152/709 ( 21.4%) done monomial_full/sup012_P210_ph200 elapsed=16m09s avg=6.38s/cand eta=59m11s remaining=557
[suite custom_states :: cycle4] 153/709 ( 21.6%) done monomial_full/sup012_P210_ph201 elapsed=16m20s avg=6.40s/cand eta=59m20s remaining=556
[suite custom_states :: cycle4] 154/709 ( 21.7%) done monomial_full/sup012_P210_ph202 elapsed=16m21s avg=6.37s/cand eta=58m55s remaining=555
[suite custom_states :: cycle4] 155/709 ( 21.9%) done monomial_full/sup012_P210_ph210 elapsed=16m31s avg=6.39s/cand eta=59m03s remaining=554
[suite custom_states :: cycle4] 156/709 ( 22.0%) done monomial_full/sup012_P210_ph211 elapsed=16m33s avg=6.36s/cand eta=58m40s remaining=553
[suite custom_states :: cycle4] 157/709 ( 22.1%) done monomial_full/sup012_P210_ph212 elapsed=16m43s avg=6.39s/cand eta=58m46s remaining=552
[suite custom_states :: cycle4] 158/709 ( 22.3%) done monomial_full/sup012_P210_ph220 elapsed=16m45s avg=6.36s/cand eta=58m23s remaining=551
[suite custom_states :: cycle4] 159/709 ( 22.4%) done monomial_full/sup012_P210_ph221 elapsed=16m55s avg=6.38s/cand eta=58m30s remaining=550
[suite custom_states :: cycle4] 160/709 ( 22.6%) done monomial_full/sup012_P210_ph222 elapsed=16m57s avg=6.35s/cand eta=58m08s remaining=549
[suite custom_states :: cycle4] 161/709 ( 22.7%) done monomial_full/sup013_P012_ph000 elapsed=17m07s avg=6.38s/cand eta=58m14s remaining=548
[suite custom_states :: cycle4] 162/709 ( 22.8%) done monomial_full/sup013_P012_ph001 elapsed=17m08s avg=6.34s/cand eta=57m50s remaining=547
[suite custom_states :: cycle4] 163/709 ( 23.0%) done monomial_full/sup013_P012_ph002 elapsed=17m19s avg=6.37s/cand eta=57m59s remaining=546
[suite custom_states :: cycle4] 164/709 ( 23.1%) done monomial_full/sup013_P012_ph010 elapsed=17m19s avg=6.33s/cand eta=57m32s remaining=545
[suite custom_states :: cycle4] 165/709 ( 23.3%) done monomial_full/sup013_P012_ph011 elapsed=17m31s avg=6.37s/cand eta=57m44s remaining=544
[suite custom_states :: cycle4] 166/709 ( 23.4%) done monomial_full/sup013_P012_ph012 elapsed=17m31s avg=6.33s/cand eta=57m17s remaining=543
[suite custom_states :: cycle4] 167/709 ( 23.6%) done monomial_full/sup013_P012_ph020 elapsed=17m42s avg=6.36s/cand eta=57m28s remaining=542
[suite custom_states :: cycle4] 168/709 ( 23.7%) done monomial_full/sup013_P012_ph021 elapsed=17m43s avg=6.33s/cand eta=57m03s remaining=541
[suite custom_states :: cycle4] 169/709 ( 23.8%) done monomial_full/sup013_P012_ph022 elapsed=17m54s avg=6.35s/cand eta=57m11s remaining=540
[suite custom_states :: cycle4] 170/709 ( 24.0%) done monomial_full/sup013_P012_ph100 elapsed=17m55s avg=6.32s/cand eta=56m49s remaining=539
[suite custom_states :: cycle4] 171/709 ( 24.1%) done monomial_full/sup013_P012_ph101 elapsed=18m05s avg=6.35s/cand eta=56m55s remaining=538
[suite custom_states :: cycle4] 172/709 ( 24.3%) done monomial_full/sup013_P012_ph102 elapsed=18m06s avg=6.32s/cand eta=56m32s remaining=537
[suite custom_states :: cycle4] 173/709 ( 24.4%) done monomial_full/sup013_P012_ph110 elapsed=18m16s avg=6.34s/cand eta=56m37s remaining=536
[suite custom_states :: cycle4] 174/709 ( 24.5%) done monomial_full/sup013_P012_ph111 elapsed=18m18s avg=6.31s/cand eta=56m16s remaining=535
[suite custom_states :: cycle4] 175/709 ( 24.7%) done monomial_full/sup013_P012_ph112 elapsed=18m28s avg=6.33s/cand eta=56m22s remaining=534
[suite custom_states :: cycle4] 176/709 ( 24.8%) done monomial_full/sup013_P012_ph120 elapsed=18m29s avg=6.30s/cand eta=55m59s remaining=533
[suite custom_states :: cycle4] 177/709 ( 25.0%) done monomial_full/sup013_P012_ph121 elapsed=18m40s avg=6.33s/cand eta=56m07s remaining=532
[suite custom_states :: cycle4] 178/709 ( 25.1%) done monomial_full/sup013_P012_ph122 elapsed=18m41s avg=6.30s/cand eta=55m45s remaining=531
[suite custom_states :: cycle4] 179/709 ( 25.2%) done monomial_full/sup013_P012_ph200 elapsed=18m52s avg=6.32s/cand eta=55m52s remaining=530
[suite custom_states :: cycle4] 180/709 ( 25.4%) done monomial_full/sup013_P012_ph201 elapsed=18m53s avg=6.30s/cand eta=55m31s remaining=529
[suite custom_states :: cycle4] 181/709 ( 25.5%) done monomial_full/sup013_P012_ph202 elapsed=19m03s avg=6.32s/cand eta=55m35s remaining=528
[suite custom_states :: cycle4] 182/709 ( 25.7%) done monomial_full/sup013_P012_ph210 elapsed=19m05s avg=6.29s/cand eta=55m16s remaining=527
[suite custom_states :: cycle4] 183/709 ( 25.8%) done monomial_full/sup013_P012_ph211 elapsed=19m15s avg=6.31s/cand eta=55m20s remaining=526
[suite custom_states :: cycle4] 184/709 ( 26.0%) done monomial_full/sup013_P012_ph212 elapsed=19m17s avg=6.29s/cand eta=55m00s remaining=525
[suite custom_states :: cycle4] 185/709 ( 26.1%) done monomial_full/sup013_P012_ph220 elapsed=19m26s avg=6.30s/cand eta=55m03s remaining=524
[suite custom_states :: cycle4] 186/709 ( 26.2%) done monomial_full/sup013_P012_ph221 elapsed=19m29s avg=6.28s/cand eta=54m46s remaining=523
[suite custom_states :: cycle4] 187/709 ( 26.4%) done monomial_full/sup013_P012_ph222 elapsed=19m38s avg=6.30s/cand eta=54m47s remaining=522
[suite custom_states :: cycle4] 188/709 ( 26.5%) done monomial_full/sup013_P021_ph000 elapsed=19m42s avg=6.29s/cand eta=54m36s remaining=521
[suite custom_states :: cycle4] 189/709 ( 26.7%) done monomial_full/sup013_P021_ph001 elapsed=19m52s avg=6.30s/cand eta=54m38s remaining=520
[suite custom_states :: cycle4] 190/709 ( 26.8%) done monomial_full/sup013_P021_ph002 elapsed=19m56s avg=6.29s/cand eta=54m27s remaining=519
[suite custom_states :: cycle4] 191/709 ( 26.9%) done monomial_full/sup013_P021_ph010 elapsed=20m05s avg=6.31s/cand eta=54m27s remaining=518
[suite custom_states :: cycle4] 192/709 ( 27.1%) done monomial_full/sup013_P021_ph011 elapsed=20m09s avg=6.30s/cand eta=54m15s remaining=517
[suite custom_states :: cycle4] 193/709 ( 27.2%) done monomial_full/sup013_P021_ph012 elapsed=20m18s avg=6.31s/cand eta=54m17s remaining=516
[suite custom_states :: cycle4] 194/709 ( 27.4%) done monomial_full/sup013_P021_ph020 elapsed=20m22s avg=6.30s/cand eta=54m04s remaining=515
[suite custom_states :: cycle4] 195/709 ( 27.5%) done monomial_full/sup013_P021_ph021 elapsed=20m32s avg=6.32s/cand eta=54m06s remaining=514
[suite custom_states :: cycle4] 196/709 ( 27.6%) done monomial_full/sup013_P021_ph022 elapsed=20m36s avg=6.31s/cand eta=53m55s remaining=513
[suite custom_states :: cycle4] 197/709 ( 27.8%) done monomial_full/sup013_P021_ph100 elapsed=20m46s avg=6.32s/cand eta=53m57s remaining=512
[suite custom_states :: cycle4] 198/709 ( 27.9%) done monomial_full/sup013_P021_ph101 elapsed=20m50s avg=6.31s/cand eta=53m47s remaining=511
[suite custom_states :: cycle4] 199/709 ( 28.1%) done monomial_full/sup013_P021_ph102 elapsed=20m59s avg=6.33s/cand eta=53m46s remaining=510
[suite custom_states :: cycle4] 200/709 ( 28.2%) done monomial_full/sup013_P021_ph110 elapsed=21m04s avg=6.32s/cand eta=53m36s remaining=509
[suite custom_states :: cycle4] 201/709 ( 28.3%) done monomial_full/sup013_P021_ph111 elapsed=21m12s avg=6.33s/cand eta=53m36s remaining=508
[suite custom_states :: cycle4] 202/709 ( 28.5%) done monomial_full/sup013_P021_ph112 elapsed=21m17s avg=6.32s/cand eta=53m25s remaining=507
[suite custom_states :: cycle4] 203/709 ( 28.6%) done monomial_full/sup013_P021_ph120 elapsed=21m26s avg=6.34s/cand eta=53m26s remaining=506
[suite custom_states :: cycle4] 204/709 ( 28.8%) done monomial_full/sup013_P021_ph121 elapsed=21m31s avg=6.33s/cand eta=53m15s remaining=505
[suite custom_states :: cycle4] 205/709 ( 28.9%) done monomial_full/sup013_P021_ph122 elapsed=21m40s avg=6.34s/cand eta=53m16s remaining=504
[suite custom_states :: cycle4] 206/709 ( 29.1%) done monomial_full/sup013_P021_ph200 elapsed=21m44s avg=6.33s/cand eta=53m05s remaining=503
[suite custom_states :: cycle4] 207/709 ( 29.2%) done monomial_full/sup013_P021_ph201 elapsed=21m53s avg=6.34s/cand eta=53m05s remaining=502
[suite custom_states :: cycle4] 208/709 ( 29.3%) done monomial_full/sup013_P021_ph202 elapsed=21m58s avg=6.34s/cand eta=52m55s remaining=501
[suite custom_states :: cycle4] 209/709 ( 29.5%) done monomial_full/sup013_P021_ph210 elapsed=22m07s avg=6.35s/cand eta=52m54s remaining=500
[suite custom_states :: cycle4] 210/709 ( 29.6%) done monomial_full/sup013_P021_ph211 elapsed=22m12s avg=6.34s/cand eta=52m46s remaining=499
[suite custom_states :: cycle4] 211/709 ( 29.8%) done monomial_full/sup013_P021_ph212 elapsed=22m21s avg=6.36s/cand eta=52m45s remaining=498
[suite custom_states :: cycle4] 212/709 ( 29.9%) done monomial_full/sup013_P021_ph220 elapsed=22m26s avg=6.35s/cand eta=52m35s remaining=497
[suite custom_states :: cycle4] 213/709 ( 30.0%) done monomial_full/sup013_P021_ph221 elapsed=22m35s avg=6.36s/cand eta=52m35s remaining=496
[suite custom_states :: cycle4] 214/709 ( 30.2%) done monomial_full/sup013_P021_ph222 elapsed=22m40s avg=6.35s/cand eta=52m25s remaining=495
[suite custom_states :: cycle4] 215/709 ( 30.3%) done monomial_full/sup013_P102_ph000 elapsed=22m47s avg=6.36s/cand eta=52m21s remaining=494
[suite custom_states :: cycle4] 216/709 ( 30.5%) done monomial_full/sup013_P102_ph001 elapsed=22m51s avg=6.35s/cand eta=52m10s remaining=493
[suite custom_states :: cycle4] 217/709 ( 30.6%) done monomial_full/sup013_P102_ph002 elapsed=22m58s avg=6.35s/cand eta=52m05s remaining=492
[suite custom_states :: cycle4] 218/709 ( 30.7%) done monomial_full/sup013_P102_ph010 elapsed=23m02s avg=6.34s/cand eta=51m53s remaining=491
[suite custom_states :: cycle4] 219/709 ( 30.9%) done monomial_full/sup013_P102_ph011 elapsed=23m09s avg=6.34s/cand eta=51m49s remaining=490
[suite custom_states :: cycle4] 220/709 ( 31.0%) done monomial_full/sup013_P102_ph012 elapsed=23m13s avg=6.33s/cand eta=51m37s remaining=489
[suite custom_states :: cycle4] 221/709 ( 31.2%) done monomial_full/sup013_P102_ph020 elapsed=23m21s avg=6.34s/cand eta=51m33s remaining=488
[suite custom_states :: cycle4] 222/709 ( 31.3%) done monomial_full/sup013_P102_ph021 elapsed=23m25s avg=6.33s/cand eta=51m22s remaining=487
[suite custom_states :: cycle4] 223/709 ( 31.5%) done monomial_full/sup013_P102_ph022 elapsed=23m32s avg=6.33s/cand eta=51m17s remaining=486
[suite custom_states :: cycle4] 224/709 ( 31.6%) done monomial_full/sup013_P102_ph100 elapsed=23m36s avg=6.32s/cand eta=51m07s remaining=485
[suite custom_states :: cycle4] 225/709 ( 31.7%) done monomial_full/sup013_P102_ph101 elapsed=23m43s avg=6.33s/cand eta=51m01s remaining=484
[suite custom_states :: cycle4] 226/709 ( 31.9%) done monomial_full/sup013_P102_ph102 elapsed=23m47s avg=6.32s/cand eta=50m51s remaining=483
[suite custom_states :: cycle4] 227/709 ( 32.0%) done monomial_full/sup013_P102_ph110 elapsed=23m54s avg=6.32s/cand eta=50m45s remaining=482
[suite custom_states :: cycle4] 228/709 ( 32.2%) done monomial_full/sup013_P102_ph111 elapsed=23m59s avg=6.31s/cand eta=50m36s remaining=481
[suite custom_states :: cycle4] 229/709 ( 32.3%) done monomial_full/sup013_P102_ph112 elapsed=24m05s avg=6.31s/cand eta=50m28s remaining=480
[suite custom_states :: cycle4] 230/709 ( 32.4%) done monomial_full/sup013_P102_ph120 elapsed=24m10s avg=6.30s/cand eta=50m19s remaining=479
[suite custom_states :: cycle4] 231/709 ( 32.6%) done monomial_full/sup013_P102_ph121 elapsed=24m16s avg=6.30s/cand eta=50m12s remaining=478
[suite custom_states :: cycle4] 232/709 ( 32.7%) done monomial_full/sup013_P102_ph122 elapsed=24m21s avg=6.30s/cand eta=50m03s remaining=477
[suite custom_states :: cycle4] 233/709 ( 32.9%) done monomial_full/sup013_P102_ph200 elapsed=24m27s avg=6.30s/cand eta=49m58s remaining=476
[suite custom_states :: cycle4] 234/709 ( 33.0%) done monomial_full/sup013_P102_ph201 elapsed=24m32s avg=6.29s/cand eta=49m49s remaining=475
[suite custom_states :: cycle4] 235/709 ( 33.1%) done monomial_full/sup013_P102_ph202 elapsed=24m38s avg=6.29s/cand eta=49m42s remaining=474
[suite custom_states :: cycle4] 236/709 ( 33.3%) done monomial_full/sup013_P102_ph210 elapsed=24m44s avg=6.29s/cand eta=49m34s remaining=473
[suite custom_states :: cycle4] 237/709 ( 33.4%) done monomial_full/sup013_P102_ph211 elapsed=24m50s avg=6.29s/cand eta=49m27s remaining=472
[suite custom_states :: cycle4] 238/709 ( 33.6%) done monomial_full/sup013_P102_ph212 elapsed=24m55s avg=6.28s/cand eta=49m18s remaining=471
[suite custom_states :: cycle4] 239/709 ( 33.7%) done monomial_full/sup013_P102_ph220 elapsed=25m01s avg=6.28s/cand eta=49m11s remaining=470
[suite custom_states :: cycle4] 240/709 ( 33.9%) done monomial_full/sup013_P102_ph221 elapsed=25m06s avg=6.27s/cand eta=49m02s remaining=469
[suite custom_states :: cycle4] 241/709 ( 34.0%) done monomial_full/sup013_P102_ph222 elapsed=25m11s avg=6.27s/cand eta=48m55s remaining=468
[suite custom_states :: cycle4] 242/709 ( 34.1%) done monomial_full/sup013_P120_ph000 elapsed=25m16s avg=6.27s/cand eta=48m46s remaining=467
[suite custom_states :: cycle4] 243/709 ( 34.3%) done monomial_full/sup013_P120_ph001 elapsed=25m23s avg=6.27s/cand eta=48m40s remaining=466
[suite custom_states :: cycle4] 244/709 ( 34.4%) done monomial_full/sup013_P120_ph002 elapsed=25m28s avg=6.26s/cand eta=48m32s remaining=465
[suite custom_states :: cycle4] 245/709 ( 34.6%) done monomial_full/sup013_P120_ph010 elapsed=25m35s avg=6.26s/cand eta=48m26s remaining=464
[suite custom_states :: cycle4] 246/709 ( 34.7%) done monomial_full/sup013_P120_ph011 elapsed=25m40s avg=6.26s/cand eta=48m18s remaining=463
[suite custom_states :: cycle4] 247/709 ( 34.8%) done monomial_full/sup013_P120_ph012 elapsed=25m47s avg=6.26s/cand eta=48m13s remaining=462
[suite custom_states :: cycle4] 248/709 ( 35.0%) done monomial_full/sup013_P120_ph020 elapsed=25m52s avg=6.26s/cand eta=48m05s remaining=461
[suite custom_states :: cycle4] 249/709 ( 35.1%) done monomial_full/sup013_P120_ph021 elapsed=25m59s avg=6.26s/cand eta=47m59s remaining=460
[suite custom_states :: cycle4] 250/709 ( 35.3%) done monomial_full/sup013_P120_ph022 elapsed=26m03s avg=6.25s/cand eta=47m50s remaining=459
[suite custom_states :: cycle4] 251/709 ( 35.4%) done monomial_full/sup013_P120_ph100 elapsed=26m10s avg=6.25s/cand eta=47m44s remaining=458
[suite custom_states :: cycle4] 252/709 ( 35.5%) done monomial_full/sup013_P120_ph101 elapsed=26m15s avg=6.25s/cand eta=47m35s remaining=457
[suite custom_states :: cycle4] 253/709 ( 35.7%) done monomial_full/sup013_P120_ph102 elapsed=26m21s avg=6.25s/cand eta=47m30s remaining=456
[suite custom_states :: cycle4] 254/709 ( 35.8%) done monomial_full/sup013_P120_ph110 elapsed=26m27s avg=6.25s/cand eta=47m22s remaining=455
[suite custom_states :: cycle4] 255/709 ( 36.0%) done monomial_full/sup013_P120_ph111 elapsed=26m34s avg=6.25s/cand eta=47m17s remaining=454
[suite custom_states :: cycle4] 256/709 ( 36.1%) done monomial_full/sup013_P120_ph112 elapsed=26m39s avg=6.25s/cand eta=47m09s remaining=453
[suite custom_states :: cycle4] 257/709 ( 36.2%) done monomial_full/sup013_P120_ph120 elapsed=26m45s avg=6.25s/cand eta=47m03s remaining=452
[suite custom_states :: cycle4] 258/709 ( 36.4%) done monomial_full/sup013_P120_ph121 elapsed=26m51s avg=6.24s/cand eta=46m55s remaining=451
[suite custom_states :: cycle4] 259/709 ( 36.5%) done monomial_full/sup013_P120_ph122 elapsed=26m57s avg=6.24s/cand eta=46m50s remaining=450
[suite custom_states :: cycle4] 260/709 ( 36.7%) done monomial_full/sup013_P120_ph200 elapsed=27m02s avg=6.24s/cand eta=46m42s remaining=449
[suite custom_states :: cycle4] 261/709 ( 36.8%) done monomial_full/sup013_P120_ph201 elapsed=27m09s avg=6.24s/cand eta=46m36s remaining=448
[suite custom_states :: cycle4] 262/709 ( 37.0%) done monomial_full/sup013_P120_ph202 elapsed=27m13s avg=6.23s/cand eta=46m27s remaining=447
[suite custom_states :: cycle4] 263/709 ( 37.1%) done monomial_full/sup013_P120_ph210 elapsed=27m21s avg=6.24s/cand eta=46m22s remaining=446
[suite custom_states :: cycle4] 264/709 ( 37.2%) done monomial_full/sup013_P120_ph211 elapsed=27m25s avg=6.23s/cand eta=46m13s remaining=445
[suite custom_states :: cycle4] 265/709 ( 37.4%) done monomial_full/sup013_P120_ph212 elapsed=27m32s avg=6.24s/cand eta=46m08s remaining=444
[suite custom_states :: cycle4] 266/709 ( 37.5%) done monomial_full/sup013_P120_ph220 elapsed=27m37s avg=6.23s/cand eta=46m00s remaining=443
[suite custom_states :: cycle4] 267/709 ( 37.7%) done monomial_full/sup013_P120_ph221 elapsed=27m44s avg=6.23s/cand eta=45m55s remaining=442
[suite custom_states :: cycle4] 268/709 ( 37.8%) done monomial_full/sup013_P120_ph222 elapsed=27m49s avg=6.23s/cand eta=45m46s remaining=441
[suite custom_states :: cycle4] 269/709 ( 37.9%) done monomial_full/sup013_P201_ph000 elapsed=27m58s avg=6.24s/cand eta=45m45s remaining=440
[suite custom_states :: cycle4] 270/709 ( 38.1%) done monomial_full/sup013_P201_ph001 elapsed=28m03s avg=6.23s/cand eta=45m37s remaining=439
[suite custom_states :: cycle4] 271/709 ( 38.2%) done monomial_full/sup013_P201_ph002 elapsed=28m12s avg=6.24s/cand eta=45m35s remaining=438
[suite custom_states :: cycle4] 272/709 ( 38.4%) done monomial_full/sup013_P201_ph010 elapsed=28m17s avg=6.24s/cand eta=45m26s remaining=437
[suite custom_states :: cycle4] 273/709 ( 38.5%) done monomial_full/sup013_P201_ph011 elapsed=28m27s avg=6.25s/cand eta=45m26s remaining=436
[suite custom_states :: cycle4] 274/709 ( 38.6%) done monomial_full/sup013_P201_ph012 elapsed=28m31s avg=6.24s/cand eta=45m16s remaining=435
[suite custom_states :: cycle4] 275/709 ( 38.8%) done monomial_full/sup013_P201_ph020 elapsed=28m41s avg=6.26s/cand eta=45m17s remaining=434
[suite custom_states :: cycle4] 276/709 ( 38.9%) done monomial_full/sup013_P201_ph021 elapsed=28m46s avg=6.25s/cand eta=45m08s remaining=433
[suite custom_states :: cycle4] 277/709 ( 39.1%) done monomial_full/sup013_P201_ph022 elapsed=28m56s avg=6.27s/cand eta=45m08s remaining=432
[suite custom_states :: cycle4] 278/709 ( 39.2%) done monomial_full/sup013_P201_ph100 elapsed=29m00s avg=6.26s/cand eta=44m58s remaining=431
[suite custom_states :: cycle4] 279/709 ( 39.4%) done monomial_full/sup013_P201_ph101 elapsed=29m10s avg=6.27s/cand eta=44m57s remaining=430
[suite custom_states :: cycle4] 280/709 ( 39.5%) done monomial_full/sup013_P201_ph102 elapsed=29m13s avg=6.26s/cand eta=44m47s remaining=429
[suite custom_states :: cycle4] 281/709 ( 39.6%) done monomial_full/sup013_P201_ph110 elapsed=29m25s avg=6.28s/cand eta=44m48s remaining=428
[suite custom_states :: cycle4] 282/709 ( 39.8%) done monomial_full/sup013_P201_ph111 elapsed=29m28s avg=6.27s/cand eta=44m37s remaining=427
[suite custom_states :: cycle4] 283/709 ( 39.9%) done monomial_full/sup013_P201_ph112 elapsed=29m39s avg=6.29s/cand eta=44m38s remaining=426
[suite custom_states :: cycle4] 284/709 ( 40.1%) done monomial_full/sup013_P201_ph120 elapsed=29m42s avg=6.28s/cand eta=44m27s remaining=425
[suite custom_states :: cycle4] 285/709 ( 40.2%) done monomial_full/sup013_P201_ph121 elapsed=29m54s avg=6.30s/cand eta=44m29s remaining=424
[suite custom_states :: cycle4] 286/709 ( 40.3%) done monomial_full/sup013_P201_ph122 elapsed=29m56s avg=6.28s/cand eta=44m16s remaining=423
[suite custom_states :: cycle4] 287/709 ( 40.5%) done monomial_full/sup013_P201_ph200 elapsed=30m09s avg=6.30s/cand eta=44m20s remaining=422
[suite custom_states :: cycle4] 288/709 ( 40.6%) done monomial_full/sup013_P201_ph201 elapsed=30m10s avg=6.28s/cand eta=44m06s remaining=421
[suite custom_states :: cycle4] 289/709 ( 40.8%) done monomial_full/sup013_P201_ph202 elapsed=30m24s avg=6.31s/cand eta=44m10s remaining=420
[suite custom_states :: cycle4] 290/709 ( 40.9%) done monomial_full/sup013_P201_ph210 elapsed=30m24s avg=6.29s/cand eta=43m55s remaining=419
[suite custom_states :: cycle4] 291/709 ( 41.0%) done monomial_full/sup013_P201_ph211 elapsed=30m38s avg=6.31s/cand eta=44m00s remaining=418
[suite custom_states :: cycle4] 292/709 ( 41.2%) done monomial_full/sup013_P201_ph212 elapsed=30m39s avg=6.30s/cand eta=43m46s remaining=417
[suite custom_states :: cycle4] 293/709 ( 41.3%) done monomial_full/sup013_P201_ph220 elapsed=30m52s avg=6.32s/cand eta=43m50s remaining=416
[suite custom_states :: cycle4] 294/709 ( 41.5%) done monomial_full/sup013_P201_ph221 elapsed=30m53s avg=6.30s/cand eta=43m35s remaining=415
[suite custom_states :: cycle4] 295/709 ( 41.6%) done monomial_full/sup013_P210_ph000 elapsed=31m05s avg=6.32s/cand eta=43m38s remaining=414
[suite custom_states :: cycle4] 296/709 ( 41.7%) done monomial_full/sup013_P201_ph222 elapsed=31m07s avg=6.31s/cand eta=43m25s remaining=413
[suite custom_states :: cycle4] 297/709 ( 41.9%) done monomial_full/sup013_P210_ph001 elapsed=31m18s avg=6.32s/cand eta=43m26s remaining=412
[suite custom_states :: cycle4] 298/709 ( 42.0%) done monomial_full/sup013_P210_ph002 elapsed=31m20s avg=6.31s/cand eta=43m13s remaining=411
[suite custom_states :: cycle4] 299/709 ( 42.2%) done monomial_full/sup013_P210_ph010 elapsed=31m31s avg=6.33s/cand eta=43m14s remaining=410
[suite custom_states :: cycle4] 300/709 ( 42.3%) done monomial_full/sup013_P210_ph011 elapsed=31m33s avg=6.31s/cand eta=43m01s remaining=409
[suite custom_states :: cycle4] 301/709 ( 42.5%) done monomial_full/sup013_P210_ph012 elapsed=31m45s avg=6.33s/cand eta=43m02s remaining=408
[suite custom_states :: cycle4] 302/709 ( 42.6%) done monomial_full/sup013_P210_ph020 elapsed=31m47s avg=6.31s/cand eta=42m50s remaining=407
[suite custom_states :: cycle4] 303/709 ( 42.7%) done monomial_full/sup013_P210_ph021 elapsed=31m59s avg=6.33s/cand eta=42m52s remaining=406
[suite custom_states :: cycle4] 304/709 ( 42.9%) done monomial_full/sup013_P210_ph022 elapsed=32m01s avg=6.32s/cand eta=42m39s remaining=405
[suite custom_states :: cycle4] 305/709 ( 43.0%) done monomial_full/sup013_P210_ph100 elapsed=32m12s avg=6.34s/cand eta=42m39s remaining=404
[suite custom_states :: cycle4] 306/709 ( 43.2%) done monomial_full/sup013_P210_ph101 elapsed=32m14s avg=6.32s/cand eta=42m27s remaining=403
[suite custom_states :: cycle4] 307/709 ( 43.3%) done monomial_full/sup013_P210_ph102 elapsed=32m26s avg=6.34s/cand eta=42m28s remaining=402
[suite custom_states :: cycle4] 308/709 ( 43.4%) done monomial_full/sup013_P210_ph110 elapsed=32m27s avg=6.32s/cand eta=42m15s remaining=401
[suite custom_states :: cycle4] 309/709 ( 43.6%) done monomial_full/sup013_P210_ph111 elapsed=32m39s avg=6.34s/cand eta=42m16s remaining=400
[suite custom_states :: cycle4] 310/709 ( 43.7%) done monomial_full/sup013_P210_ph112 elapsed=32m40s avg=6.32s/cand eta=42m03s remaining=399
[suite custom_states :: cycle4] 311/709 ( 43.9%) done monomial_full/sup013_P210_ph120 elapsed=32m52s avg=6.34s/cand eta=42m04s remaining=398
[suite custom_states :: cycle4] 312/709 ( 44.0%) done monomial_full/sup013_P210_ph121 elapsed=32m54s avg=6.33s/cand eta=41m51s remaining=397
[suite custom_states :: cycle4] 313/709 ( 44.1%) done monomial_full/sup013_P210_ph122 elapsed=33m05s avg=6.34s/cand eta=41m52s remaining=396
[suite custom_states :: cycle4] 314/709 ( 44.3%) done monomial_full/sup013_P210_ph200 elapsed=33m06s avg=6.33s/cand eta=41m39s remaining=395
[suite custom_states :: cycle4] 315/709 ( 44.4%) done monomial_full/sup013_P210_ph201 elapsed=33m18s avg=6.34s/cand eta=41m39s remaining=394
[suite custom_states :: cycle4] 316/709 ( 44.6%) done monomial_full/sup013_P210_ph202 elapsed=33m19s avg=6.33s/cand eta=41m27s remaining=393
[suite custom_states :: cycle4] 317/709 ( 44.7%) done monomial_full/sup013_P210_ph210 elapsed=33m32s avg=6.35s/cand eta=41m28s remaining=392
[suite custom_states :: cycle4] 318/709 ( 44.9%) done monomial_full/sup013_P210_ph211 elapsed=33m33s avg=6.33s/cand eta=41m15s remaining=391
[suite custom_states :: cycle4] 319/709 ( 45.0%) done monomial_full/sup013_P210_ph212 elapsed=33m45s avg=6.35s/cand eta=41m16s remaining=390
[suite custom_states :: cycle4] 320/709 ( 45.1%) done monomial_full/sup013_P210_ph220 elapsed=33m47s avg=6.33s/cand eta=41m04s remaining=389
[suite custom_states :: cycle4] 321/709 ( 45.3%) done monomial_full/sup013_P210_ph221 elapsed=33m59s avg=6.35s/cand eta=41m04s remaining=388
[suite custom_states :: cycle4] 322/709 ( 45.4%) done monomial_full/sup013_P210_ph222 elapsed=34m00s avg=6.33s/cand eta=40m52s remaining=387
[suite custom_states :: cycle4] 323/709 ( 45.6%) done monomial_full/sup023_P012_ph000 elapsed=34m11s avg=6.35s/cand eta=40m52s remaining=386
[suite custom_states :: cycle4] 324/709 ( 45.7%) done monomial_full/sup023_P012_ph001 elapsed=34m13s avg=6.34s/cand eta=40m39s remaining=385
[suite custom_states :: cycle4] 325/709 ( 45.8%) done monomial_full/sup023_P012_ph002 elapsed=34m25s avg=6.35s/cand eta=40m40s remaining=384
[suite custom_states :: cycle4] 326/709 ( 46.0%) done monomial_full/sup023_P012_ph010 elapsed=34m26s avg=6.34s/cand eta=40m27s remaining=383
[suite custom_states :: cycle4] 327/709 ( 46.1%) done monomial_full/sup023_P012_ph011 elapsed=34m38s avg=6.36s/cand eta=40m28s remaining=382
[suite custom_states :: cycle4] 328/709 ( 46.3%) done monomial_full/sup023_P012_ph012 elapsed=34m39s avg=6.34s/cand eta=40m15s remaining=381
[suite custom_states :: cycle4] 329/709 ( 46.4%) done monomial_full/sup023_P012_ph020 elapsed=34m52s avg=6.36s/cand eta=40m16s remaining=380
[suite custom_states :: cycle4] 330/709 ( 46.5%) done monomial_full/sup023_P012_ph021 elapsed=34m52s avg=6.34s/cand eta=40m03s remaining=379
[suite custom_states :: cycle4] 331/709 ( 46.7%) done monomial_full/sup023_P012_ph022 elapsed=35m05s avg=6.36s/cand eta=40m04s remaining=378
[suite custom_states :: cycle4] 332/709 ( 46.8%) done monomial_full/sup023_P012_ph100 elapsed=35m05s avg=6.34s/cand eta=39m50s remaining=377
[suite custom_states :: cycle4] 333/709 ( 47.0%) done monomial_full/sup023_P012_ph102 elapsed=35m17s avg=6.36s/cand eta=39m51s remaining=376
[suite custom_states :: cycle4] 334/709 ( 47.1%) done monomial_full/sup023_P012_ph101 elapsed=35m18s avg=6.34s/cand eta=39m38s remaining=375
[suite custom_states :: cycle4] 335/709 ( 47.2%) done monomial_full/sup023_P012_ph110 elapsed=35m31s avg=6.36s/cand eta=39m39s remaining=374
[suite custom_states :: cycle4] 336/709 ( 47.4%) done monomial_full/sup023_P012_ph111 elapsed=35m31s avg=6.34s/cand eta=39m26s remaining=373
[suite custom_states :: cycle4] 337/709 ( 47.5%) done monomial_full/sup023_P012_ph112 elapsed=35m44s avg=6.36s/cand eta=39m27s remaining=372
[suite custom_states :: cycle4] 338/709 ( 47.7%) done monomial_full/sup023_P012_ph120 elapsed=35m45s avg=6.35s/cand eta=39m14s remaining=371
[suite custom_states :: cycle4] 339/709 ( 47.8%) done monomial_full/sup023_P012_ph121 elapsed=35m58s avg=6.37s/cand eta=39m15s remaining=370
[suite custom_states :: cycle4] 340/709 ( 48.0%) done monomial_full/sup023_P012_ph122 elapsed=35m58s avg=6.35s/cand eta=39m02s remaining=369
[suite custom_states :: cycle4] 341/709 ( 48.1%) done monomial_full/sup023_P012_ph200 elapsed=36m10s avg=6.36s/cand eta=39m02s remaining=368
[suite custom_states :: cycle4] 342/709 ( 48.2%) done monomial_full/sup023_P012_ph201 elapsed=36m11s avg=6.35s/cand eta=38m49s remaining=367
[suite custom_states :: cycle4] 343/709 ( 48.4%) done monomial_full/sup023_P012_ph202 elapsed=36m24s avg=6.37s/cand eta=38m50s remaining=366
[suite custom_states :: cycle4] 344/709 ( 48.5%) done monomial_full/sup023_P012_ph210 elapsed=36m24s avg=6.35s/cand eta=38m37s remaining=365
[suite custom_states :: cycle4] 345/709 ( 48.7%) done monomial_full/sup023_P012_ph212 elapsed=36m37s avg=6.37s/cand eta=38m38s remaining=364
[suite custom_states :: cycle4] 346/709 ( 48.8%) done monomial_full/sup023_P012_ph211 elapsed=36m37s avg=6.35s/cand eta=38m25s remaining=363
[suite custom_states :: cycle4] 347/709 ( 48.9%) done monomial_full/sup023_P012_ph220 elapsed=36m50s avg=6.37s/cand eta=38m26s remaining=362
[suite custom_states :: cycle4] 348/709 ( 49.1%) done monomial_full/sup023_P012_ph221 elapsed=36m51s avg=6.35s/cand eta=38m13s remaining=361
[suite custom_states :: cycle4] 349/709 ( 49.2%) done monomial_full/sup023_P021_ph000 elapsed=37m02s avg=6.37s/cand eta=38m12s remaining=360
[suite custom_states :: cycle4] 350/709 ( 49.4%) done monomial_full/sup023_P012_ph222 elapsed=37m04s avg=6.35s/cand eta=38m01s remaining=359
[suite custom_states :: cycle4] 351/709 ( 49.5%) done monomial_full/sup023_P021_ph001 elapsed=37m13s avg=6.36s/cand eta=37m58s remaining=358
[suite custom_states :: cycle4] 352/709 ( 49.6%) done monomial_full/sup023_P021_ph002 elapsed=37m16s avg=6.35s/cand eta=37m48s remaining=357
[suite custom_states :: cycle4] 353/709 ( 49.8%) done monomial_full/sup023_P021_ph010 elapsed=37m26s avg=6.36s/cand eta=37m45s remaining=356
[suite custom_states :: cycle4] 354/709 ( 49.9%) done monomial_full/sup023_P021_ph011 elapsed=37m28s avg=6.35s/cand eta=37m35s remaining=355
[suite custom_states :: cycle4] 355/709 ( 50.1%) done monomial_full/sup023_P021_ph012 elapsed=37m38s avg=6.36s/cand eta=37m32s remaining=354
[suite custom_states :: cycle4] 356/709 ( 50.2%) done monomial_full/sup023_P021_ph020 elapsed=37m40s avg=6.35s/cand eta=37m21s remaining=353
[suite custom_states :: cycle4] 357/709 ( 50.4%) done monomial_full/sup023_P021_ph021 elapsed=37m51s avg=6.36s/cand eta=37m19s remaining=352
[suite custom_states :: cycle4] 358/709 ( 50.5%) done monomial_full/sup023_P021_ph022 elapsed=37m52s avg=6.35s/cand eta=37m08s remaining=351
[suite custom_states :: cycle4] 359/709 ( 50.6%) done monomial_full/sup023_P021_ph100 elapsed=38m03s avg=6.36s/cand eta=37m05s remaining=350
[suite custom_states :: cycle4] 360/709 ( 50.8%) done monomial_full/sup023_P021_ph101 elapsed=38m05s avg=6.35s/cand eta=36m55s remaining=349
[suite custom_states :: cycle4] 361/709 ( 50.9%) done monomial_full/sup023_P021_ph102 elapsed=38m13s avg=6.35s/cand eta=36m51s remaining=348
[suite custom_states :: cycle4] 362/709 ( 51.1%) done monomial_full/sup023_P021_ph110 elapsed=38m16s avg=6.34s/cand eta=36m41s remaining=347
[suite custom_states :: cycle4] 363/709 ( 51.2%) done monomial_full/sup023_P021_ph111 elapsed=38m25s avg=6.35s/cand eta=36m37s remaining=346
[suite custom_states :: cycle4] 364/709 ( 51.3%) done monomial_full/sup023_P021_ph112 elapsed=38m28s avg=6.34s/cand eta=36m27s remaining=345
[suite custom_states :: cycle4] 365/709 ( 51.5%) done monomial_full/sup023_P021_ph120 elapsed=38m37s avg=6.35s/cand eta=36m24s remaining=344
[suite custom_states :: cycle4] 366/709 ( 51.6%) done monomial_full/sup023_P021_ph121 elapsed=38m39s avg=6.34s/cand eta=36m14s remaining=343
[suite custom_states :: cycle4] 367/709 ( 51.8%) done monomial_full/sup023_P021_ph122 elapsed=38m50s avg=6.35s/cand eta=36m11s remaining=342
[suite custom_states :: cycle4] 368/709 ( 51.9%) done monomial_full/sup023_P021_ph200 elapsed=38m51s avg=6.33s/cand eta=36m00s remaining=341
[suite custom_states :: cycle4] 369/709 ( 52.0%) done monomial_full/sup023_P021_ph201 elapsed=39m01s avg=6.34s/cand eta=35m57s remaining=340
[suite custom_states :: cycle4] 370/709 ( 52.2%) done monomial_full/sup023_P021_ph202 elapsed=39m03s avg=6.33s/cand eta=35m47s remaining=339
[suite custom_states :: cycle4] 371/709 ( 52.3%) done monomial_full/sup023_P021_ph210 elapsed=39m13s avg=6.34s/cand eta=35m43s remaining=338
[suite custom_states :: cycle4] 372/709 ( 52.5%) done monomial_full/sup023_P021_ph211 elapsed=39m15s avg=6.33s/cand eta=35m33s remaining=337
[suite custom_states :: cycle4] 373/709 ( 52.6%) done monomial_full/sup023_P021_ph212 elapsed=39m24s avg=6.34s/cand eta=35m29s remaining=336
[suite custom_states :: cycle4] 374/709 ( 52.8%) done monomial_full/sup023_P021_ph220 elapsed=39m27s avg=6.33s/cand eta=35m20s remaining=335
[suite custom_states :: cycle4] 375/709 ( 52.9%) done monomial_full/sup023_P021_ph221 elapsed=39m35s avg=6.33s/cand eta=35m16s remaining=334
[suite custom_states :: cycle4] 376/709 ( 53.0%) done monomial_full/sup023_P021_ph222 elapsed=39m38s avg=6.32s/cand eta=35m06s remaining=333
[suite custom_states :: cycle4] 377/709 ( 53.2%) done monomial_full/sup023_P102_ph000 elapsed=39m50s avg=6.34s/cand eta=35m04s remaining=332
[suite custom_states :: cycle4] 378/709 ( 53.3%) done monomial_full/sup023_P102_ph001 elapsed=39m53s avg=6.33s/cand eta=34m55s remaining=331
[suite custom_states :: cycle4] 379/709 ( 53.5%) done monomial_full/sup023_P102_ph002 elapsed=40m04s avg=6.34s/cand eta=34m53s remaining=330
[suite custom_states :: cycle4] 380/709 ( 53.6%) done monomial_full/sup023_P102_ph010 elapsed=40m06s avg=6.33s/cand eta=34m43s remaining=329
[suite custom_states :: cycle4] 381/709 ( 53.7%) done monomial_full/sup023_P102_ph011 elapsed=40m18s avg=6.35s/cand eta=34m42s remaining=328
[suite custom_states :: cycle4] 382/709 ( 53.9%) done monomial_full/sup023_P102_ph012 elapsed=40m20s avg=6.33s/cand eta=34m31s remaining=327
[suite custom_states :: cycle4] 383/709 ( 54.0%) done monomial_full/sup023_P102_ph020 elapsed=40m32s avg=6.35s/cand eta=34m30s remaining=326
[suite custom_states :: cycle4] 384/709 ( 54.2%) done monomial_full/sup023_P102_ph021 elapsed=40m34s avg=6.34s/cand eta=34m20s remaining=325
[suite custom_states :: cycle4] 385/709 ( 54.3%) done monomial_full/sup023_P102_ph022 elapsed=40m47s avg=6.35s/cand eta=34m19s remaining=324
[suite custom_states :: cycle4] 386/709 ( 54.4%) done monomial_full/sup023_P102_ph100 elapsed=40m49s avg=6.34s/cand eta=34m09s remaining=323
[suite custom_states :: cycle4] 387/709 ( 54.6%) done monomial_full/sup023_P102_ph101 elapsed=41m02s avg=6.36s/cand eta=34m08s remaining=322
[suite custom_states :: cycle4] 388/709 ( 54.7%) done monomial_full/sup023_P102_ph102 elapsed=41m03s avg=6.35s/cand eta=33m58s remaining=321
[suite custom_states :: cycle4] 389/709 ( 54.9%) done monomial_full/sup023_P102_ph110 elapsed=41m15s avg=6.36s/cand eta=33m56s remaining=320
[suite custom_states :: cycle4] 390/709 ( 55.0%) done monomial_full/sup023_P102_ph111 elapsed=41m17s avg=6.35s/cand eta=33m46s remaining=319
[suite custom_states :: cycle4] 391/709 ( 55.1%) done monomial_full/sup023_P102_ph112 elapsed=41m29s avg=6.37s/cand eta=33m45s remaining=318
[suite custom_states :: cycle4] 392/709 ( 55.3%) done monomial_full/sup023_P102_ph120 elapsed=41m31s avg=6.36s/cand eta=33m35s remaining=317
[suite custom_states :: cycle4] 393/709 ( 55.4%) done monomial_full/sup023_P102_ph121 elapsed=41m44s avg=6.37s/cand eta=33m33s remaining=316
[suite custom_states :: cycle4] 394/709 ( 55.6%) done monomial_full/sup023_P102_ph122 elapsed=41m45s avg=6.36s/cand eta=33m23s remaining=315
[suite custom_states :: cycle4] 395/709 ( 55.7%) done monomial_full/sup023_P102_ph200 elapsed=41m59s avg=6.38s/cand eta=33m22s remaining=314
[suite custom_states :: cycle4] 396/709 ( 55.9%) done monomial_full/sup023_P102_ph201 elapsed=42m00s avg=6.36s/cand eta=33m12s remaining=313
[suite custom_states :: cycle4] 397/709 ( 56.0%) done monomial_full/sup023_P102_ph202 elapsed=42m13s avg=6.38s/cand eta=33m11s remaining=312
[suite custom_states :: cycle4] 398/709 ( 56.1%) done monomial_full/sup023_P102_ph210 elapsed=42m14s avg=6.37s/cand eta=33m00s remaining=311
[suite custom_states :: cycle4] 399/709 ( 56.3%) done monomial_full/sup023_P102_ph211 elapsed=42m27s avg=6.38s/cand eta=32m59s remaining=310
[suite custom_states :: cycle4] 400/709 ( 56.4%) done monomial_full/sup023_P102_ph212 elapsed=42m29s avg=6.37s/cand eta=32m49s remaining=309
[suite custom_states :: cycle4] 401/709 ( 56.6%) done monomial_full/sup023_P102_ph220 elapsed=42m42s avg=6.39s/cand eta=32m47s remaining=308
[suite custom_states :: cycle4] 402/709 ( 56.7%) done monomial_full/sup023_P102_ph221 elapsed=42m43s avg=6.38s/cand eta=32m37s remaining=307
[suite custom_states :: cycle4] 403/709 ( 56.8%) done monomial_full/sup023_P120_ph000 elapsed=42m57s avg=6.39s/cand eta=32m36s remaining=306
[suite custom_states :: cycle4] 404/709 ( 57.0%) done monomial_full/sup023_P102_ph222 elapsed=42m57s avg=6.38s/cand eta=32m25s remaining=305
[suite custom_states :: cycle4] 405/709 ( 57.1%) done monomial_full/sup023_P120_ph001 elapsed=43m10s avg=6.39s/cand eta=32m24s remaining=304
[suite custom_states :: cycle4] 406/709 ( 57.3%) done monomial_full/sup023_P120_ph002 elapsed=43m10s avg=6.38s/cand eta=32m13s remaining=303
[suite custom_states :: cycle4] 407/709 ( 57.4%) done monomial_full/sup023_P120_ph010 elapsed=43m23s avg=6.39s/cand eta=32m11s remaining=302
[suite custom_states :: cycle4] 408/709 ( 57.5%) done monomial_full/sup023_P120_ph011 elapsed=43m23s avg=6.38s/cand eta=32m00s remaining=301
[suite custom_states :: cycle4] 409/709 ( 57.7%) done monomial_full/sup023_P120_ph012 elapsed=43m36s avg=6.40s/cand eta=31m59s remaining=300
[suite custom_states :: cycle4] 410/709 ( 57.8%) done monomial_full/sup023_P120_ph020 elapsed=43m37s avg=6.38s/cand eta=31m48s remaining=299
[suite custom_states :: cycle4] 411/709 ( 58.0%) done monomial_full/sup023_P120_ph022 elapsed=43m50s avg=6.40s/cand eta=31m47s remaining=298
[suite custom_states :: cycle4] 412/709 ( 58.1%) done monomial_full/sup023_P120_ph021 elapsed=43m51s avg=6.38s/cand eta=31m36s remaining=297
[suite custom_states :: cycle4] 413/709 ( 58.3%) done monomial_full/sup023_P120_ph100 elapsed=44m04s avg=6.40s/cand eta=31m35s remaining=296
[suite custom_states :: cycle4] 414/709 ( 58.4%) done monomial_full/sup023_P120_ph101 elapsed=44m04s avg=6.39s/cand eta=31m24s remaining=295
[suite custom_states :: cycle4] 415/709 ( 58.5%) done monomial_full/sup023_P120_ph102 elapsed=44m17s avg=6.40s/cand eta=31m22s remaining=294
[suite custom_states :: cycle4] 416/709 ( 58.7%) done monomial_full/sup023_P120_ph110 elapsed=44m17s avg=6.39s/cand eta=31m11s remaining=293
[suite custom_states :: cycle4] 417/709 ( 58.8%) done monomial_full/sup023_P120_ph112 elapsed=44m30s avg=6.40s/cand eta=31m10s remaining=292
[suite custom_states :: cycle4] 418/709 ( 59.0%) done monomial_full/sup023_P120_ph111 elapsed=44m31s avg=6.39s/cand eta=30m59s remaining=291
[suite custom_states :: cycle4] 419/709 ( 59.1%) done monomial_full/sup023_P120_ph120 elapsed=44m44s avg=6.41s/cand eta=30m58s remaining=290
[suite custom_states :: cycle4] 420/709 ( 59.2%) done monomial_full/sup023_P120_ph121 elapsed=44m44s avg=6.39s/cand eta=30m47s remaining=289
[suite custom_states :: cycle4] 421/709 ( 59.4%) done monomial_full/sup023_P120_ph200 elapsed=44m58s avg=6.41s/cand eta=30m46s remaining=288
[suite custom_states :: cycle4] 422/709 ( 59.5%) done monomial_full/sup023_P120_ph122 elapsed=44m58s avg=6.39s/cand eta=30m35s remaining=287
[suite custom_states :: cycle4] 423/709 ( 59.7%) done monomial_full/sup023_P120_ph201 elapsed=45m11s avg=6.41s/cand eta=30m33s remaining=286
[suite custom_states :: cycle4] 424/709 ( 59.8%) done monomial_full/sup023_P120_ph202 elapsed=45m12s avg=6.40s/cand eta=30m23s remaining=285
[suite custom_states :: cycle4] 425/709 ( 59.9%) done monomial_full/sup023_P120_ph211 elapsed=45m25s avg=6.41s/cand eta=30m21s remaining=284
[suite custom_states :: cycle4] 426/709 ( 60.1%) done monomial_full/sup023_P120_ph210 elapsed=45m26s avg=6.40s/cand eta=30m11s remaining=283
[suite custom_states :: cycle4] 427/709 ( 60.2%) done monomial_full/sup023_P120_ph220 elapsed=45m39s avg=6.41s/cand eta=30m09s remaining=282
[suite custom_states :: cycle4] 428/709 ( 60.4%) done monomial_full/sup023_P120_ph212 elapsed=45m39s avg=6.40s/cand eta=29m59s remaining=281
[suite custom_states :: cycle4] 429/709 ( 60.5%) done monomial_full/sup023_P120_ph221 elapsed=45m53s avg=6.42s/cand eta=29m57s remaining=280
[suite custom_states :: cycle4] 430/709 ( 60.6%) done monomial_full/sup023_P120_ph222 elapsed=45m53s avg=6.40s/cand eta=29m47s remaining=279
[suite custom_states :: cycle4] 431/709 ( 60.8%) done monomial_full/sup023_P201_ph000 elapsed=46m05s avg=6.41s/cand eta=29m43s remaining=278
[suite custom_states :: cycle4] 432/709 ( 60.9%) done monomial_full/sup023_P201_ph001 elapsed=46m05s avg=6.40s/cand eta=29m33s remaining=277
[suite custom_states :: cycle4] 433/709 ( 61.1%) done monomial_full/sup023_P201_ph002 elapsed=46m16s avg=6.41s/cand eta=29m29s remaining=276
[suite custom_states :: cycle4] 434/709 ( 61.2%) done monomial_full/sup023_P201_ph010 elapsed=46m16s avg=6.40s/cand eta=29m19s remaining=275
[suite custom_states :: cycle4] 435/709 ( 61.4%) done monomial_full/sup023_P201_ph011 elapsed=46m27s avg=6.41s/cand eta=29m16s remaining=274
[suite custom_states :: cycle4] 436/709 ( 61.5%) done monomial_full/sup023_P201_ph012 elapsed=46m27s avg=6.39s/cand eta=29m05s remaining=273
[suite custom_states :: cycle4] 437/709 ( 61.6%) done monomial_full/sup023_P201_ph021 elapsed=46m40s avg=6.41s/cand eta=29m03s remaining=272
[suite custom_states :: cycle4] 438/709 ( 61.8%) done monomial_full/sup023_P201_ph020 elapsed=46m40s avg=6.39s/cand eta=28m52s remaining=271
[suite custom_states :: cycle4] 439/709 ( 61.9%) done monomial_full/sup023_P201_ph022 elapsed=46m51s avg=6.40s/cand eta=28m49s remaining=270
[suite custom_states :: cycle4] 440/709 ( 62.1%) done monomial_full/sup023_P201_ph100 elapsed=46m51s avg=6.39s/cand eta=28m39s remaining=269
[suite custom_states :: cycle4] 441/709 ( 62.2%) done monomial_full/sup023_P201_ph101 elapsed=47m03s avg=6.40s/cand eta=28m35s remaining=268
[suite custom_states :: cycle4] 442/709 ( 62.3%) done monomial_full/sup023_P201_ph102 elapsed=47m03s avg=6.39s/cand eta=28m25s remaining=267
[suite custom_states :: cycle4] 443/709 ( 62.5%) done monomial_full/sup023_P201_ph110 elapsed=47m14s avg=6.40s/cand eta=28m22s remaining=266
[suite custom_states :: cycle4] 444/709 ( 62.6%) done monomial_full/sup023_P201_ph111 elapsed=47m14s avg=6.38s/cand eta=28m11s remaining=265
[suite custom_states :: cycle4] 445/709 ( 62.8%) done monomial_full/sup023_P201_ph112 elapsed=47m25s avg=6.39s/cand eta=28m08s remaining=264
[suite custom_states :: cycle4] 446/709 ( 62.9%) done monomial_full/sup023_P201_ph120 elapsed=47m26s avg=6.38s/cand eta=27m58s remaining=263
[suite custom_states :: cycle4] 447/709 ( 63.0%) done monomial_full/sup023_P201_ph122 elapsed=47m37s avg=6.39s/cand eta=27m55s remaining=262
[suite custom_states :: cycle4] 448/709 ( 63.2%) done monomial_full/sup023_P201_ph121 elapsed=47m37s avg=6.38s/cand eta=27m44s remaining=261
[suite custom_states :: cycle4] 449/709 ( 63.3%) done monomial_full/sup023_P201_ph201 elapsed=47m49s avg=6.39s/cand eta=27m41s remaining=260
[suite custom_states :: cycle4] 450/709 ( 63.5%) done monomial_full/sup023_P201_ph200 elapsed=47m49s avg=6.37s/cand eta=27m31s remaining=259
[suite custom_states :: cycle4] 451/709 ( 63.6%) done monomial_full/sup023_P201_ph202 elapsed=48m00s avg=6.39s/cand eta=27m28s remaining=258
[suite custom_states :: cycle4] 452/709 ( 63.8%) done monomial_full/sup023_P201_ph210 elapsed=48m00s avg=6.37s/cand eta=27m18s remaining=257
[suite custom_states :: cycle4] 453/709 ( 63.9%) done monomial_full/sup023_P201_ph211 elapsed=48m11s avg=6.38s/cand eta=27m14s remaining=256
[suite custom_states :: cycle4] 454/709 ( 64.0%) done monomial_full/sup023_P201_ph212 elapsed=48m11s avg=6.37s/cand eta=27m04s remaining=255
[suite custom_states :: cycle4] 455/709 ( 64.2%) done monomial_full/sup023_P201_ph220 elapsed=48m21s avg=6.38s/cand eta=27m00s remaining=254
[suite custom_states :: cycle4] 456/709 ( 64.3%) done monomial_full/sup023_P201_ph221 elapsed=48m22s avg=6.36s/cand eta=26m50s remaining=253
[suite custom_states :: cycle4] 457/709 ( 64.5%) done monomial_full/sup023_P201_ph222 elapsed=48m33s avg=6.37s/cand eta=26m46s remaining=252
[suite custom_states :: cycle4] 458/709 ( 64.6%) done monomial_full/sup023_P210_ph000 elapsed=48m34s avg=6.36s/cand eta=26m37s remaining=251
[suite custom_states :: cycle4] 459/709 ( 64.7%) done monomial_full/sup023_P210_ph001 elapsed=48m45s avg=6.37s/cand eta=26m33s remaining=250
[suite custom_states :: cycle4] 460/709 ( 64.9%) done monomial_full/sup023_P210_ph002 elapsed=48m46s avg=6.36s/cand eta=26m24s remaining=249
[suite custom_states :: cycle4] 461/709 ( 65.0%) done monomial_full/sup023_P210_ph010 elapsed=48m57s avg=6.37s/cand eta=26m20s remaining=248
[suite custom_states :: cycle4] 462/709 ( 65.2%) done monomial_full/sup023_P210_ph011 elapsed=48m58s avg=6.36s/cand eta=26m11s remaining=247
[suite custom_states :: cycle4] 463/709 ( 65.3%) done monomial_full/sup023_P210_ph012 elapsed=49m08s avg=6.37s/cand eta=26m06s remaining=246
[suite custom_states :: cycle4] 464/709 ( 65.4%) done monomial_full/sup023_P210_ph020 elapsed=49m09s avg=6.36s/cand eta=25m57s remaining=245
[suite custom_states :: cycle4] 465/709 ( 65.6%) done monomial_full/sup023_P210_ph021 elapsed=49m20s avg=6.36s/cand eta=25m53s remaining=244
[suite custom_states :: cycle4] 466/709 ( 65.7%) done monomial_full/sup023_P210_ph022 elapsed=49m21s avg=6.35s/cand eta=25m44s remaining=243
[suite custom_states :: cycle4] 467/709 ( 65.9%) done monomial_full/sup023_P210_ph100 elapsed=49m31s avg=6.36s/cand eta=25m40s remaining=242
[suite custom_states :: cycle4] 468/709 ( 66.0%) done monomial_full/sup023_P210_ph101 elapsed=49m33s avg=6.35s/cand eta=25m31s remaining=241
[suite custom_states :: cycle4] 469/709 ( 66.1%) done monomial_full/sup023_P210_ph102 elapsed=49m43s avg=6.36s/cand eta=25m27s remaining=240
[suite custom_states :: cycle4] 470/709 ( 66.3%) done monomial_full/sup023_P210_ph110 elapsed=49m45s avg=6.35s/cand eta=25m18s remaining=239
[suite custom_states :: cycle4] 471/709 ( 66.4%) done monomial_full/sup023_P210_ph111 elapsed=49m56s avg=6.36s/cand eta=25m14s remaining=238
[suite custom_states :: cycle4] 472/709 ( 66.6%) done monomial_full/sup023_P210_ph112 elapsed=49m57s avg=6.35s/cand eta=25m05s remaining=237
[suite custom_states :: cycle4] 473/709 ( 66.7%) done monomial_full/sup023_P210_ph120 elapsed=50m07s avg=6.36s/cand eta=25m00s remaining=236
[suite custom_states :: cycle4] 474/709 ( 66.9%) done monomial_full/sup023_P210_ph121 elapsed=50m08s avg=6.35s/cand eta=24m51s remaining=235
[suite custom_states :: cycle4] 475/709 ( 67.0%) done monomial_full/sup023_P210_ph122 elapsed=50m18s avg=6.35s/cand eta=24m47s remaining=234
[suite custom_states :: cycle4] 476/709 ( 67.1%) done monomial_full/sup023_P210_ph200 elapsed=50m19s avg=6.34s/cand eta=24m38s remaining=233
[suite custom_states :: cycle4] 477/709 ( 67.3%) done monomial_full/sup023_P210_ph201 elapsed=50m30s avg=6.35s/cand eta=24m34s remaining=232
[suite custom_states :: cycle4] 478/709 ( 67.4%) done monomial_full/sup023_P210_ph202 elapsed=50m31s avg=6.34s/cand eta=24m25s remaining=231
[suite custom_states :: cycle4] 479/709 ( 67.6%) done monomial_full/sup023_P210_ph210 elapsed=50m42s avg=6.35s/cand eta=24m20s remaining=230
[suite custom_states :: cycle4] 480/709 ( 67.7%) done monomial_full/sup023_P210_ph211 elapsed=50m44s avg=6.34s/cand eta=24m12s remaining=229
[suite custom_states :: cycle4] 481/709 ( 67.8%) done monomial_full/sup023_P210_ph212 elapsed=50m53s avg=6.35s/cand eta=24m07s remaining=228
[suite custom_states :: cycle4] 482/709 ( 68.0%) done monomial_full/sup023_P210_ph220 elapsed=50m56s avg=6.34s/cand eta=23m59s remaining=227
[suite custom_states :: cycle4] 483/709 ( 68.1%) done monomial_full/sup023_P210_ph221 elapsed=51m05s avg=6.35s/cand eta=23m54s remaining=226
[suite custom_states :: cycle4] 484/709 ( 68.3%) done monomial_full/sup023_P210_ph222 elapsed=51m07s avg=6.34s/cand eta=23m46s remaining=225
[suite custom_states :: cycle4] 485/709 ( 68.4%) done monomial_full/sup123_P012_ph000 elapsed=51m16s avg=6.34s/cand eta=23m41s remaining=224
[suite custom_states :: cycle4] 486/709 ( 68.5%) done monomial_full/sup123_P012_ph001 elapsed=51m18s avg=6.33s/cand eta=23m32s remaining=223
[suite custom_states :: cycle4] 487/709 ( 68.7%) done monomial_full/sup123_P012_ph002 elapsed=51m28s avg=6.34s/cand eta=23m28s remaining=222
[suite custom_states :: cycle4] 488/709 ( 68.8%) done monomial_full/sup123_P012_ph010 elapsed=51m30s avg=6.33s/cand eta=23m20s remaining=221
[suite custom_states :: cycle4] 489/709 ( 69.0%) done monomial_full/sup123_P012_ph011 elapsed=51m41s avg=6.34s/cand eta=23m15s remaining=220
[suite custom_states :: cycle4] 490/709 ( 69.1%) done monomial_full/sup123_P012_ph012 elapsed=51m44s avg=6.33s/cand eta=23m07s remaining=219
[suite custom_states :: cycle4] 491/709 ( 69.3%) done monomial_full/sup123_P012_ph020 elapsed=51m53s avg=6.34s/cand eta=23m02s remaining=218
[suite custom_states :: cycle4] 492/709 ( 69.4%) done monomial_full/sup123_P012_ph021 elapsed=51m56s avg=6.33s/cand eta=22m54s remaining=217
[suite custom_states :: cycle4] 493/709 ( 69.5%) done monomial_full/sup123_P012_ph022 elapsed=52m06s avg=6.34s/cand eta=22m50s remaining=216
[suite custom_states :: cycle4] 494/709 ( 69.7%) done monomial_full/sup123_P012_ph100 elapsed=52m08s avg=6.33s/cand eta=22m41s remaining=215
[suite custom_states :: cycle4] 495/709 ( 69.8%) done monomial_full/sup123_P012_ph101 elapsed=52m17s avg=6.34s/cand eta=22m36s remaining=214
[suite custom_states :: cycle4] 496/709 ( 70.0%) done monomial_full/sup123_P012_ph102 elapsed=52m20s avg=6.33s/cand eta=22m28s remaining=213
[suite custom_states :: cycle4] 497/709 ( 70.1%) done monomial_full/sup123_P012_ph110 elapsed=52m30s avg=6.34s/cand eta=22m24s remaining=212
[suite custom_states :: cycle4] 498/709 ( 70.2%) done monomial_full/sup123_P012_ph111 elapsed=52m33s avg=6.33s/cand eta=22m16s remaining=211
[suite custom_states :: cycle4] 499/709 ( 70.4%) done monomial_full/sup123_P012_ph112 elapsed=52m42s avg=6.34s/cand eta=22m11s remaining=210
[suite custom_states :: cycle4] 500/709 ( 70.5%) done monomial_full/sup123_P012_ph120 elapsed=52m44s avg=6.33s/cand eta=22m03s remaining=209
[suite custom_states :: cycle4] 501/709 ( 70.7%) done monomial_full/sup123_P012_ph121 elapsed=52m53s avg=6.33s/cand eta=21m57s remaining=208
[suite custom_states :: cycle4] 502/709 ( 70.8%) done monomial_full/sup123_P012_ph122 elapsed=52m55s avg=6.33s/cand eta=21m49s remaining=207
[suite custom_states :: cycle4] 503/709 ( 70.9%) done monomial_full/sup123_P012_ph200 elapsed=53m05s avg=6.33s/cand eta=21m44s remaining=206
[suite custom_states :: cycle4] 504/709 ( 71.1%) done monomial_full/sup123_P012_ph201 elapsed=53m07s avg=6.32s/cand eta=21m36s remaining=205
[suite custom_states :: cycle4] 505/709 ( 71.2%) done monomial_full/sup123_P012_ph202 elapsed=53m16s avg=6.33s/cand eta=21m31s remaining=204
[suite custom_states :: cycle4] 506/709 ( 71.4%) done monomial_full/sup123_P012_ph210 elapsed=53m18s avg=6.32s/cand eta=21m23s remaining=203
[suite custom_states :: cycle4] 507/709 ( 71.5%) done monomial_full/sup123_P012_ph211 elapsed=53m27s avg=6.33s/cand eta=21m18s remaining=202
[suite custom_states :: cycle4] 508/709 ( 71.7%) done monomial_full/sup123_P012_ph212 elapsed=53m30s avg=6.32s/cand eta=21m10s remaining=201
[suite custom_states :: cycle4] 509/709 ( 71.8%) done monomial_full/sup123_P012_ph220 elapsed=53m39s avg=6.32s/cand eta=21m05s remaining=200
[suite custom_states :: cycle4] 510/709 ( 71.9%) done monomial_full/sup123_P012_ph221 elapsed=53m42s avg=6.32s/cand eta=20m57s remaining=199
[suite custom_states :: cycle4] 511/709 ( 72.1%) done monomial_full/sup123_P012_ph222 elapsed=53m50s avg=6.32s/cand eta=20m52s remaining=198
[suite custom_states :: cycle4] 512/709 ( 72.2%) done monomial_full/sup123_P021_ph000 elapsed=53m55s avg=6.32s/cand eta=20m45s remaining=197
[suite custom_states :: cycle4] 513/709 ( 72.4%) done monomial_full/sup123_P021_ph001 elapsed=54m04s avg=6.32s/cand eta=20m39s remaining=196
[suite custom_states :: cycle4] 514/709 ( 72.5%) done monomial_full/sup123_P021_ph002 elapsed=54m08s avg=6.32s/cand eta=20m32s remaining=195
[suite custom_states :: cycle4] 515/709 ( 72.6%) done monomial_full/sup123_P021_ph010 elapsed=54m16s avg=6.32s/cand eta=20m27s remaining=194
[suite custom_states :: cycle4] 516/709 ( 72.8%) done monomial_full/sup123_P021_ph011 elapsed=54m20s avg=6.32s/cand eta=20m19s remaining=193
[suite custom_states :: cycle4] 517/709 ( 72.9%) done monomial_full/sup123_P021_ph012 elapsed=54m29s avg=6.32s/cand eta=20m14s remaining=192
[suite custom_states :: cycle4] 518/709 ( 73.1%) done monomial_full/sup123_P021_ph020 elapsed=54m34s avg=6.32s/cand eta=20m07s remaining=191
[suite custom_states :: cycle4] 519/709 ( 73.2%) done monomial_full/sup123_P021_ph021 elapsed=54m43s avg=6.33s/cand eta=20m02s remaining=190
[suite custom_states :: cycle4] 520/709 ( 73.3%) done monomial_full/sup123_P021_ph022 elapsed=54m48s avg=6.32s/cand eta=19m55s remaining=189
[suite custom_states :: cycle4] 521/709 ( 73.5%) done monomial_full/sup123_P021_ph100 elapsed=54m56s avg=6.33s/cand eta=19m49s remaining=188
[suite custom_states :: cycle4] 522/709 ( 73.6%) done monomial_full/sup123_P021_ph101 elapsed=55m01s avg=6.32s/cand eta=19m42s remaining=187
[suite custom_states :: cycle4] 523/709 ( 73.8%) done monomial_full/sup123_P021_ph102 elapsed=55m08s avg=6.33s/cand eta=19m37s remaining=186
[suite custom_states :: cycle4] 524/709 ( 73.9%) done monomial_full/sup123_P021_ph110 elapsed=55m14s avg=6.32s/cand eta=19m30s remaining=185
[suite custom_states :: cycle4] 525/709 ( 74.0%) done monomial_full/sup123_P021_ph111 elapsed=55m22s avg=6.33s/cand eta=19m24s remaining=184
[suite custom_states :: cycle4] 526/709 ( 74.2%) done monomial_full/sup123_P021_ph112 elapsed=55m27s avg=6.33s/cand eta=19m17s remaining=183
[suite custom_states :: cycle4] 527/709 ( 74.3%) done monomial_full/sup123_P021_ph120 elapsed=55m35s avg=6.33s/cand eta=19m12s remaining=182
[suite custom_states :: cycle4] 528/709 ( 74.5%) done monomial_full/sup123_P021_ph121 elapsed=55m40s avg=6.33s/cand eta=19m05s remaining=181
[suite custom_states :: cycle4] 529/709 ( 74.6%) done monomial_full/sup123_P021_ph122 elapsed=55m48s avg=6.33s/cand eta=18m59s remaining=180
[suite custom_states :: cycle4] 530/709 ( 74.8%) done monomial_full/sup123_P021_ph200 elapsed=55m53s avg=6.33s/cand eta=18m53s remaining=179
[suite custom_states :: cycle4] 531/709 ( 74.9%) done monomial_full/sup123_P021_ph201 elapsed=56m01s avg=6.33s/cand eta=18m47s remaining=178
[suite custom_states :: cycle4] 532/709 ( 75.0%) done monomial_full/sup123_P021_ph202 elapsed=56m07s avg=6.33s/cand eta=18m40s remaining=177
[suite custom_states :: cycle4] 533/709 ( 75.2%) done monomial_full/sup123_P021_ph210 elapsed=56m14s avg=6.33s/cand eta=18m34s remaining=176
[suite custom_states :: cycle4] 534/709 ( 75.3%) done monomial_full/sup123_P021_ph211 elapsed=56m19s avg=6.33s/cand eta=18m27s remaining=175
[suite custom_states :: cycle4] 535/709 ( 75.5%) done monomial_full/sup123_P021_ph212 elapsed=56m27s avg=6.33s/cand eta=18m22s remaining=174
[suite custom_states :: cycle4] 536/709 ( 75.6%) done monomial_full/sup123_P021_ph220 elapsed=56m33s avg=6.33s/cand eta=18m15s remaining=173
[suite custom_states :: cycle4] 537/709 ( 75.7%) done monomial_full/sup123_P021_ph221 elapsed=56m41s avg=6.33s/cand eta=18m09s remaining=172
[suite custom_states :: cycle4] 538/709 ( 75.9%) done monomial_full/sup123_P021_ph222 elapsed=56m46s avg=6.33s/cand eta=18m03s remaining=171
[suite custom_states :: cycle4] 539/709 ( 76.0%) done monomial_full/sup123_P102_ph000 elapsed=56m54s avg=6.33s/cand eta=17m57s remaining=170
[suite custom_states :: cycle4] 540/709 ( 76.2%) done monomial_full/sup123_P102_ph001 elapsed=57m01s avg=6.33s/cand eta=17m51s remaining=169
[suite custom_states :: cycle4] 541/709 ( 76.3%) done monomial_full/sup123_P102_ph002 elapsed=57m08s avg=6.34s/cand eta=17m45s remaining=168
[suite custom_states :: cycle4] 542/709 ( 76.4%) done monomial_full/sup123_P102_ph010 elapsed=57m13s avg=6.33s/cand eta=17m38s remaining=167
[suite custom_states :: cycle4] 543/709 ( 76.6%) done monomial_full/sup123_P102_ph011 elapsed=57m21s avg=6.34s/cand eta=17m32s remaining=166
[suite custom_states :: cycle4] 544/709 ( 76.7%) done monomial_full/sup123_P102_ph012 elapsed=57m27s avg=6.34s/cand eta=17m25s remaining=165
[suite custom_states :: cycle4] 545/709 ( 76.9%) done monomial_full/sup123_P102_ph020 elapsed=57m35s avg=6.34s/cand eta=17m20s remaining=164
[suite custom_states :: cycle4] 546/709 ( 77.0%) done monomial_full/sup123_P102_ph021 elapsed=57m41s avg=6.34s/cand eta=17m13s remaining=163
[suite custom_states :: cycle4] 547/709 ( 77.2%) done monomial_full/sup123_P102_ph022 elapsed=57m49s avg=6.34s/cand eta=17m07s remaining=162
[suite custom_states :: cycle4] 548/709 ( 77.3%) done monomial_full/sup123_P102_ph100 elapsed=57m54s avg=6.34s/cand eta=17m01s remaining=161
[suite custom_states :: cycle4] 549/709 ( 77.4%) done monomial_full/sup123_P102_ph101 elapsed=58m02s avg=6.34s/cand eta=16m55s remaining=160
[suite custom_states :: cycle4] 550/709 ( 77.6%) done monomial_full/sup123_P102_ph102 elapsed=58m08s avg=6.34s/cand eta=16m48s remaining=159
[suite custom_states :: cycle4] 551/709 ( 77.7%) done monomial_full/sup123_P102_ph110 elapsed=58m15s avg=6.34s/cand eta=16m42s remaining=158
[suite custom_states :: cycle4] 552/709 ( 77.9%) done monomial_full/sup123_P102_ph111 elapsed=58m21s avg=6.34s/cand eta=16m36s remaining=157
[suite custom_states :: cycle4] 553/709 ( 78.0%) done monomial_full/sup123_P102_ph112 elapsed=58m29s avg=6.35s/cand eta=16m30s remaining=156
[suite custom_states :: cycle4] 554/709 ( 78.1%) done monomial_full/sup123_P102_ph120 elapsed=58m35s avg=6.34s/cand eta=16m23s remaining=155
[suite custom_states :: cycle4] 555/709 ( 78.3%) done monomial_full/sup123_P102_ph121 elapsed=58m43s avg=6.35s/cand eta=16m17s remaining=154
[suite custom_states :: cycle4] 556/709 ( 78.4%) done monomial_full/sup123_P102_ph122 elapsed=58m48s avg=6.35s/cand eta=16m11s remaining=153
[suite custom_states :: cycle4] 557/709 ( 78.6%) done monomial_full/sup123_P102_ph200 elapsed=58m56s avg=6.35s/cand eta=16m05s remaining=152
[suite custom_states :: cycle4] 558/709 ( 78.7%) done monomial_full/sup123_P102_ph201 elapsed=59m01s avg=6.35s/cand eta=15m58s remaining=151
[suite custom_states :: cycle4] 559/709 ( 78.8%) done monomial_full/sup123_P102_ph202 elapsed=59m09s avg=6.35s/cand eta=15m52s remaining=150
[suite custom_states :: cycle4] 560/709 ( 79.0%) done monomial_full/sup123_P102_ph210 elapsed=59m15s avg=6.35s/cand eta=15m46s remaining=149
[suite custom_states :: cycle4] 561/709 ( 79.1%) done monomial_full/sup123_P102_ph211 elapsed=59m23s avg=6.35s/cand eta=15m40s remaining=148
[suite custom_states :: cycle4] 562/709 ( 79.3%) done monomial_full/sup123_P102_ph212 elapsed=59m28s avg=6.35s/cand eta=15m33s remaining=147
[suite custom_states :: cycle4] 563/709 ( 79.4%) done monomial_full/sup123_P102_ph220 elapsed=59m37s avg=6.35s/cand eta=15m28s remaining=146
[suite custom_states :: cycle4] 564/709 ( 79.5%) done monomial_full/sup123_P102_ph221 elapsed=59m42s avg=6.35s/cand eta=15m21s remaining=145
[suite custom_states :: cycle4] 565/709 ( 79.7%) done monomial_full/sup123_P102_ph222 elapsed=59m50s avg=6.35s/cand eta=15m15s remaining=144
[suite custom_states :: cycle4] 566/709 ( 79.8%) done monomial_full/sup123_P120_ph000 elapsed=59m56s avg=6.35s/cand eta=15m08s remaining=143
[suite custom_states :: cycle4] 567/709 ( 80.0%) done monomial_full/sup123_P120_ph001 elapsed=1h00m03s avg=6.36s/cand eta=15m02s remaining=142
[suite custom_states :: cycle4] 568/709 ( 80.1%) done monomial_full/sup123_P120_ph002 elapsed=1h00m09s avg=6.35s/cand eta=14m56s remaining=141
[suite custom_states :: cycle4] 569/709 ( 80.3%) done monomial_full/sup123_P120_ph010 elapsed=1h00m18s avg=6.36s/cand eta=14m50s remaining=140
[suite custom_states :: cycle4] 570/709 ( 80.4%) done monomial_full/sup123_P120_ph011 elapsed=1h00m23s avg=6.36s/cand eta=14m44s remaining=139
[suite custom_states :: cycle4] 571/709 ( 80.5%) done monomial_full/sup123_P120_ph012 elapsed=1h00m32s avg=6.36s/cand eta=14m38s remaining=138
[suite custom_states :: cycle4] 572/709 ( 80.7%) done monomial_full/sup123_P120_ph020 elapsed=1h00m38s avg=6.36s/cand eta=14m31s remaining=137
[suite custom_states :: cycle4] 573/709 ( 80.8%) done monomial_full/sup123_P120_ph021 elapsed=1h00m47s avg=6.36s/cand eta=14m26s remaining=136
[suite custom_states :: cycle4] 574/709 ( 81.0%) done monomial_full/sup123_P120_ph022 elapsed=1h00m53s avg=6.36s/cand eta=14m19s remaining=135
[suite custom_states :: cycle4] 575/709 ( 81.1%) done monomial_full/sup123_P120_ph100 elapsed=1h01m01s avg=6.37s/cand eta=14m13s remaining=134
[suite custom_states :: cycle4] 576/709 ( 81.2%) done monomial_full/sup123_P120_ph101 elapsed=1h01m06s avg=6.37s/cand eta=14m07s remaining=133
[suite custom_states :: cycle4] 577/709 ( 81.4%) done monomial_full/sup123_P120_ph102 elapsed=1h01m15s avg=6.37s/cand eta=14m01s remaining=132
[suite custom_states :: cycle4] 578/709 ( 81.5%) done monomial_full/sup123_P120_ph110 elapsed=1h01m21s avg=6.37s/cand eta=13m54s remaining=131
[suite custom_states :: cycle4] 579/709 ( 81.7%) done monomial_full/sup123_P120_ph111 elapsed=1h01m30s avg=6.37s/cand eta=13m48s remaining=130
[suite custom_states :: cycle4] 580/709 ( 81.8%) done monomial_full/sup123_P120_ph112 elapsed=1h01m36s avg=6.37s/cand eta=13m42s remaining=129
[suite custom_states :: cycle4] 581/709 ( 81.9%) done monomial_full/sup123_P120_ph120 elapsed=1h01m44s avg=6.37s/cand eta=13m36s remaining=128
[suite custom_states :: cycle4] 582/709 ( 82.1%) done monomial_full/sup123_P120_ph121 elapsed=1h01m49s avg=6.37s/cand eta=13m29s remaining=127
[suite custom_states :: cycle4] 583/709 ( 82.2%) done monomial_full/sup123_P120_ph122 elapsed=1h01m58s avg=6.38s/cand eta=13m23s remaining=126
[suite custom_states :: cycle4] 584/709 ( 82.4%) done monomial_full/sup123_P120_ph200 elapsed=1h02m04s avg=6.38s/cand eta=13m17s remaining=125
[suite custom_states :: cycle4] 585/709 ( 82.5%) done monomial_full/sup123_P120_ph201 elapsed=1h02m12s avg=6.38s/cand eta=13m11s remaining=124
[suite custom_states :: cycle4] 586/709 ( 82.7%) done monomial_full/sup123_P120_ph202 elapsed=1h02m18s avg=6.38s/cand eta=13m05s remaining=123
[suite custom_states :: cycle4] 587/709 ( 82.8%) done monomial_full/sup123_P120_ph210 elapsed=1h02m26s avg=6.38s/cand eta=12m59s remaining=122
[suite custom_states :: cycle4] 588/709 ( 82.9%) done monomial_full/sup123_P120_ph211 elapsed=1h02m33s avg=6.38s/cand eta=12m52s remaining=121
[suite custom_states :: cycle4] 589/709 ( 83.1%) done monomial_full/sup123_P120_ph212 elapsed=1h02m40s avg=6.38s/cand eta=12m46s remaining=120
[suite custom_states :: cycle4] 590/709 ( 83.2%) done monomial_full/sup123_P120_ph220 elapsed=1h02m48s avg=6.39s/cand eta=12m40s remaining=119
[suite custom_states :: cycle4] 591/709 ( 83.4%) done monomial_full/sup123_P120_ph221 elapsed=1h02m55s avg=6.39s/cand eta=12m34s remaining=118
[suite custom_states :: cycle4] 592/709 ( 83.5%) done monomial_full/sup123_P120_ph222 elapsed=1h03m01s avg=6.39s/cand eta=12m27s remaining=117
[suite custom_states :: cycle4] 593/709 ( 83.6%) done monomial_full/sup123_P201_ph000 elapsed=1h03m06s avg=6.38s/cand eta=12m21s remaining=116
[suite custom_states :: cycle4] 594/709 ( 83.8%) done monomial_full/sup123_P201_ph001 elapsed=1h03m13s avg=6.38s/cand eta=12m14s remaining=115
[suite custom_states :: cycle4] 595/709 ( 83.9%) done monomial_full/sup123_P201_ph002 elapsed=1h03m17s avg=6.38s/cand eta=12m08s remaining=114
[suite custom_states :: cycle4] 596/709 ( 84.1%) done monomial_full/sup123_P201_ph010 elapsed=1h03m24s avg=6.38s/cand eta=12m01s remaining=113
[suite custom_states :: cycle4] 597/709 ( 84.2%) done monomial_full/sup123_P201_ph011 elapsed=1h03m29s avg=6.38s/cand eta=11m55s remaining=112
[suite custom_states :: cycle4] 598/709 ( 84.3%) done monomial_full/sup123_P201_ph012 elapsed=1h03m36s avg=6.38s/cand eta=11m48s remaining=111
[suite custom_states :: cycle4] 599/709 ( 84.5%) done monomial_full/sup123_P201_ph020 elapsed=1h03m40s avg=6.38s/cand eta=11m42s remaining=110
[suite custom_states :: cycle4] 600/709 ( 84.6%) done monomial_full/sup123_P201_ph021 elapsed=1h03m48s avg=6.38s/cand eta=11m35s remaining=109
[suite custom_states :: cycle4] 601/709 ( 84.8%) done monomial_full/sup123_P201_ph022 elapsed=1h03m53s avg=6.38s/cand eta=11m29s remaining=108
[suite custom_states :: cycle4] 602/709 ( 84.9%) done monomial_full/sup123_P201_ph100 elapsed=1h03m59s avg=6.38s/cand eta=11m22s remaining=107
[suite custom_states :: cycle4] 603/709 ( 85.0%) done monomial_full/sup123_P201_ph101 elapsed=1h04m04s avg=6.37s/cand eta=11m16s remaining=106
[suite custom_states :: cycle4] 604/709 ( 85.2%) done monomial_full/sup123_P201_ph102 elapsed=1h04m10s avg=6.37s/cand eta=11m09s remaining=105
[suite custom_states :: cycle4] 605/709 ( 85.3%) done monomial_full/sup123_P201_ph110 elapsed=1h04m15s avg=6.37s/cand eta=11m03s remaining=104
[suite custom_states :: cycle4] 606/709 ( 85.5%) done monomial_full/sup123_P201_ph111 elapsed=1h04m22s avg=6.37s/cand eta=10m56s remaining=103
[suite custom_states :: cycle4] 607/709 ( 85.6%) done monomial_full/sup123_P201_ph112 elapsed=1h04m27s avg=6.37s/cand eta=10m50s remaining=102
[suite custom_states :: cycle4] 608/709 ( 85.8%) done monomial_full/sup123_P201_ph120 elapsed=1h04m34s avg=6.37s/cand eta=10m44s remaining=101
[suite custom_states :: cycle4] 609/709 ( 85.9%) done monomial_full/sup123_P201_ph121 elapsed=1h04m38s avg=6.37s/cand eta=10m37s remaining=100
[suite custom_states :: cycle4] 610/709 ( 86.0%) done monomial_full/sup123_P201_ph122 elapsed=1h04m46s avg=6.37s/cand eta=10m31s remaining=99
[suite custom_states :: cycle4] 611/709 ( 86.2%) done monomial_full/sup123_P201_ph200 elapsed=1h04m50s avg=6.37s/cand eta=10m24s remaining=98
[suite custom_states :: cycle4] 612/709 ( 86.3%) done monomial_full/sup123_P201_ph201 elapsed=1h04m57s avg=6.37s/cand eta=10m18s remaining=97
[suite custom_states :: cycle4] 613/709 ( 86.5%) done monomial_full/sup123_P201_ph202 elapsed=1h05m01s avg=6.36s/cand eta=10m11s remaining=96
[suite custom_states :: cycle4] 614/709 ( 86.6%) done monomial_full/sup123_P201_ph210 elapsed=1h05m08s avg=6.37s/cand eta=10m05s remaining=95
[suite custom_states :: cycle4] 615/709 ( 86.7%) done monomial_full/sup123_P201_ph211 elapsed=1h05m13s avg=6.36s/cand eta=9m58s remaining=94
[suite custom_states :: cycle4] 616/709 ( 86.9%) done monomial_full/sup123_P201_ph212 elapsed=1h05m21s avg=6.36s/cand eta=9m52s remaining=93
[suite custom_states :: cycle4] 617/709 ( 87.0%) done monomial_full/sup123_P201_ph220 elapsed=1h05m24s avg=6.36s/cand eta=9m45s remaining=92
[suite custom_states :: cycle4] 618/709 ( 87.2%) done monomial_full/sup123_P201_ph221 elapsed=1h05m32s avg=6.36s/cand eta=9m39s remaining=91
[suite custom_states :: cycle4] 619/709 ( 87.3%) done monomial_full/sup123_P201_ph222 elapsed=1h05m36s avg=6.36s/cand eta=9m32s remaining=90
[suite custom_states :: cycle4] 620/709 ( 87.4%) done monomial_full/sup123_P210_ph000 elapsed=1h05m44s avg=6.36s/cand eta=9m26s remaining=89
[suite custom_states :: cycle4] 621/709 ( 87.6%) done monomial_full/sup123_P210_ph001 elapsed=1h05m47s avg=6.36s/cand eta=9m19s remaining=88
[suite custom_states :: cycle4] 622/709 ( 87.7%) done monomial_full/sup123_P210_ph002 elapsed=1h05m55s avg=6.36s/cand eta=9m13s remaining=87
[suite custom_states :: cycle4] 623/709 ( 87.9%) done monomial_full/sup123_P210_ph010 elapsed=1h05m58s avg=6.35s/cand eta=9m06s remaining=86
[suite custom_states :: cycle4] 624/709 ( 88.0%) done monomial_full/sup123_P210_ph011 elapsed=1h06m06s avg=6.36s/cand eta=9m00s remaining=85
[suite custom_states :: cycle4] 625/709 ( 88.2%) done monomial_full/sup123_P210_ph012 elapsed=1h06m09s avg=6.35s/cand eta=8m53s remaining=84
[suite custom_states :: cycle4] 626/709 ( 88.3%) done monomial_full/sup123_P210_ph020 elapsed=1h06m17s avg=6.35s/cand eta=8m47s remaining=83
[suite custom_states :: cycle4] 627/709 ( 88.4%) done monomial_full/sup123_P210_ph021 elapsed=1h06m20s avg=6.35s/cand eta=8m41s remaining=82
[suite custom_states :: cycle4] 628/709 ( 88.6%) done monomial_full/sup123_P210_ph022 elapsed=1h06m29s avg=6.35s/cand eta=8m34s remaining=81
[suite custom_states :: cycle4] 629/709 ( 88.7%) done monomial_full/sup123_P210_ph100 elapsed=1h06m32s avg=6.35s/cand eta=8m28s remaining=80
[suite custom_states :: cycle4] 630/709 ( 88.9%) done monomial_full/sup123_P210_ph101 elapsed=1h06m40s avg=6.35s/cand eta=8m22s remaining=79
[suite custom_states :: cycle4] 631/709 ( 89.0%) done monomial_full/sup123_P210_ph102 elapsed=1h06m43s avg=6.34s/cand eta=8m15s remaining=78
[suite custom_states :: cycle4] 632/709 ( 89.1%) done monomial_full/sup123_P210_ph110 elapsed=1h06m52s avg=6.35s/cand eta=8m09s remaining=77
[suite custom_states :: cycle4] 633/709 ( 89.3%) done monomial_full/sup123_P210_ph111 elapsed=1h06m55s avg=6.34s/cand eta=8m02s remaining=76
[suite custom_states :: cycle4] 634/709 ( 89.4%) done monomial_full/sup123_P210_ph112 elapsed=1h07m03s avg=6.35s/cand eta=7m56s remaining=75
[suite custom_states :: cycle4] 635/709 ( 89.6%) done monomial_full/sup123_P210_ph120 elapsed=1h07m06s avg=6.34s/cand eta=7m49s remaining=74
[suite custom_states :: cycle4] 636/709 ( 89.7%) done monomial_full/sup123_P210_ph121 elapsed=1h07m14s avg=6.34s/cand eta=7m43s remaining=73
[suite custom_states :: cycle4] 637/709 ( 89.8%) done monomial_full/sup123_P210_ph122 elapsed=1h07m17s avg=6.34s/cand eta=7m36s remaining=72
[suite custom_states :: cycle4] 638/709 ( 90.0%) done monomial_full/sup123_P210_ph200 elapsed=1h07m26s avg=6.34s/cand eta=7m30s remaining=71
[suite custom_states :: cycle4] 639/709 ( 90.1%) done monomial_full/sup123_P210_ph201 elapsed=1h07m30s avg=6.34s/cand eta=7m24s remaining=70
[suite custom_states :: cycle4] 640/709 ( 90.3%) done monomial_full/sup123_P210_ph202 elapsed=1h07m38s avg=6.34s/cand eta=7m18s remaining=69
[suite custom_states :: cycle4] 641/709 ( 90.4%) done monomial_full/sup123_P210_ph210 elapsed=1h07m41s avg=6.34s/cand eta=7m11s remaining=68
[suite custom_states :: cycle4] 642/709 ( 90.6%) done monomial_full/sup123_P210_ph211 elapsed=1h07m50s avg=6.34s/cand eta=7m05s remaining=67
[suite custom_states :: cycle4] 643/709 ( 90.7%) done monomial_full/sup123_P210_ph212 elapsed=1h07m53s avg=6.33s/cand eta=6m58s remaining=66
[suite custom_states :: cycle4] 644/709 ( 90.8%) done monomial_full/sup123_P210_ph220 elapsed=1h08m01s avg=6.34s/cand eta=6m52s remaining=65
[suite custom_states :: cycle4] 645/709 ( 91.0%) done monomial_full/sup123_P210_ph221 elapsed=1h08m04s avg=6.33s/cand eta=6m45s remaining=64
[suite custom_states :: cycle4] 646/709 ( 91.1%) done monomial_full/sup123_P210_ph222 elapsed=1h08m12s avg=6.33s/cand eta=6m39s remaining=63
[suite custom_states :: cycle4] 647/709 ( 91.3%) done product/U_I__V_X elapsed=1h08m15s avg=6.33s/cand eta=6m32s remaining=62
[suite custom_states :: cycle4] 648/709 ( 91.4%) done product/U_I__V_SX elapsed=1h08m23s avg=6.33s/cand eta=6m26s remaining=61
[suite custom_states :: cycle4] 649/709 ( 91.5%) done product/U_I__V_SXdg elapsed=1h08m27s avg=6.33s/cand eta=6m20s remaining=60
[suite custom_states :: cycle4] 650/709 ( 91.7%) done product/U_I__V_H elapsed=1h08m36s avg=6.33s/cand eta=6m14s remaining=59
[suite custom_states :: cycle4] 651/709 ( 91.8%) done product/U_I__V_HS elapsed=1h08m38s avg=6.33s/cand eta=6m07s remaining=58
[suite custom_states :: cycle4] 652/709 ( 92.0%) done product/U_I__V_SH elapsed=1h08m47s avg=6.33s/cand eta=6m01s remaining=57
[suite custom_states :: cycle4] 653/709 ( 92.1%) done product/U_I__V_Z elapsed=1h08m50s avg=6.33s/cand eta=5m54s remaining=56
[suite custom_states :: cycle4] 654/709 ( 92.2%) done product/U_X__V_I elapsed=1h08m59s avg=6.33s/cand eta=5m48s remaining=55
[suite custom_states :: cycle4] 655/709 ( 92.4%) done product/U_X__V_X elapsed=1h09m01s avg=6.32s/cand eta=5m41s remaining=54
[suite custom_states :: cycle4] 656/709 ( 92.5%) done product/U_X__V_SX elapsed=1h09m10s avg=6.33s/cand eta=5m35s remaining=53
[suite custom_states :: cycle4] 657/709 ( 92.7%) done product/U_X__V_SXdg elapsed=1h09m13s avg=6.32s/cand eta=5m29s remaining=52
[suite custom_states :: cycle4] 658/709 ( 92.8%) done product/U_X__V_H elapsed=1h09m22s avg=6.32s/cand eta=5m23s remaining=51
[suite custom_states :: cycle4] 659/709 ( 92.9%) done product/U_X__V_HS elapsed=1h09m24s avg=6.32s/cand eta=5m16s remaining=50
[suite custom_states :: cycle4] 660/709 ( 93.1%) done product/U_X__V_SH elapsed=1h09m33s avg=6.32s/cand eta=5m10s remaining=49
[suite custom_states :: cycle4] 661/709 ( 93.2%) done product/U_X__V_Z elapsed=1h09m36s avg=6.32s/cand eta=5m03s remaining=48
[suite custom_states :: cycle4] 662/709 ( 93.4%) done product/U_SX__V_I elapsed=1h09m44s avg=6.32s/cand eta=4m57s remaining=47
[suite custom_states :: cycle4] 663/709 ( 93.5%) done product/U_SX__V_X elapsed=1h09m49s avg=6.32s/cand eta=4m51s remaining=46
[suite custom_states :: cycle4] 664/709 ( 93.7%) done product/U_SX__V_SX elapsed=1h09m56s avg=6.32s/cand eta=4m44s remaining=45
[suite custom_states :: cycle4] 665/709 ( 93.8%) done product/U_SX__V_SXdg elapsed=1h09m59s avg=6.31s/cand eta=4m38s remaining=44
[suite custom_states :: cycle4] 666/709 ( 93.9%) done product/U_SX__V_H elapsed=1h10m07s avg=6.32s/cand eta=4m32s remaining=43
[suite custom_states :: cycle4] 667/709 ( 94.1%) done product/U_SX__V_HS elapsed=1h10m10s avg=6.31s/cand eta=4m25s remaining=42
[suite custom_states :: cycle4] 668/709 ( 94.2%) done product/U_SX__V_SH elapsed=1h10m18s avg=6.32s/cand eta=4m19s remaining=41
[suite custom_states :: cycle4] 669/709 ( 94.4%) done product/U_SX__V_Z elapsed=1h10m22s avg=6.31s/cand eta=4m12s remaining=40
[suite custom_states :: cycle4] 670/709 ( 94.5%) done product/U_SXdg__V_I elapsed=1h10m30s avg=6.31s/cand eta=4m06s remaining=39
[suite custom_states :: cycle4] 671/709 ( 94.6%) done product/U_SXdg__V_X elapsed=1h10m34s avg=6.31s/cand eta=4m00s remaining=38
[suite custom_states :: cycle4] 672/709 ( 94.8%) done product/U_SXdg__V_SX elapsed=1h10m41s avg=6.31s/cand eta=3m54s remaining=37
[suite custom_states :: cycle4] 673/709 ( 94.9%) done product/U_SXdg__V_SXdg elapsed=1h10m46s avg=6.31s/cand eta=3m47s remaining=36
[suite custom_states :: cycle4] 674/709 ( 95.1%) done product/U_SXdg__V_H elapsed=1h10m53s avg=6.31s/cand eta=3m41s remaining=35
[suite custom_states :: cycle4] 675/709 ( 95.2%) done product/U_SXdg__V_HS elapsed=1h10m58s avg=6.31s/cand eta=3m34s remaining=34
[suite custom_states :: cycle4] 676/709 ( 95.3%) done product/U_SXdg__V_SH elapsed=1h11m05s avg=6.31s/cand eta=3m28s remaining=33
[suite custom_states :: cycle4] 677/709 ( 95.5%) done product/U_SXdg__V_Z elapsed=1h11m09s avg=6.31s/cand eta=3m22s remaining=32
[suite custom_states :: cycle4] 678/709 ( 95.6%) done product/U_H__V_I elapsed=1h11m16s avg=6.31s/cand eta=3m16s remaining=31
[suite custom_states :: cycle4] 679/709 ( 95.8%) done product/U_H__V_X elapsed=1h11m22s avg=6.31s/cand eta=3m09s remaining=30
[suite custom_states :: cycle4] 680/709 ( 95.9%) done product/U_H__V_SX elapsed=1h11m29s avg=6.31s/cand eta=3m03s remaining=29
[suite custom_states :: cycle4] 681/709 ( 96.1%) done product/U_H__V_SXdg elapsed=1h11m34s avg=6.30s/cand eta=2m57s remaining=28
[suite custom_states :: cycle4] 682/709 ( 96.2%) done product/U_H__V_H elapsed=1h11m40s avg=6.31s/cand eta=2m50s remaining=27
[suite custom_states :: cycle4] 683/709 ( 96.3%) done product/U_H__V_HS elapsed=1h11m46s avg=6.30s/cand eta=2m44s remaining=26
[suite custom_states :: cycle4] 684/709 ( 96.5%) done product/U_H__V_SH elapsed=1h11m52s avg=6.30s/cand eta=2m38s remaining=25
[suite custom_states :: cycle4] 685/709 ( 96.6%) done product/U_H__V_Z elapsed=1h11m57s avg=6.30s/cand eta=2m31s remaining=24
[suite custom_states :: cycle4] 686/709 ( 96.8%) done product/U_HS__V_I elapsed=1h12m04s avg=6.30s/cand eta=2m25s remaining=23
[suite custom_states :: cycle4] 687/709 ( 96.9%) done product/U_HS__V_X elapsed=1h12m08s avg=6.30s/cand eta=2m19s remaining=22
[suite custom_states :: cycle4] 688/709 ( 97.0%) done product/U_HS__V_SX elapsed=1h12m15s avg=6.30s/cand eta=2m12s remaining=21
[suite custom_states :: cycle4] 689/709 ( 97.2%) done product/U_HS__V_SXdg elapsed=1h12m20s avg=6.30s/cand eta=2m06s remaining=20
[suite custom_states :: cycle4] 690/709 ( 97.3%) done product/U_HS__V_H elapsed=1h12m28s avg=6.30s/cand eta=2m00s remaining=19
[suite custom_states :: cycle4] 691/709 ( 97.5%) done product/U_HS__V_HS elapsed=1h12m33s avg=6.30s/cand eta=1m53s remaining=18
[suite custom_states :: cycle4] 692/709 ( 97.6%) done product/U_HS__V_SH elapsed=1h12m40s avg=6.30s/cand eta=1m47s remaining=17
[suite custom_states :: cycle4] 693/709 ( 97.7%) done product/U_HS__V_Z elapsed=1h12m45s avg=6.30s/cand eta=1m41s remaining=16
[suite custom_states :: cycle4] 694/709 ( 97.9%) done product/U_SH__V_I elapsed=1h12m52s avg=6.30s/cand eta=1m34s remaining=15
[suite custom_states :: cycle4] 695/709 ( 98.0%) done product/U_SH__V_X elapsed=1h12m56s avg=6.30s/cand eta=1m28s remaining=14
[suite custom_states :: cycle4] 696/709 ( 98.2%) done product/U_SH__V_SX elapsed=1h13m03s avg=6.30s/cand eta=1m22s remaining=13
[suite custom_states :: cycle4] 697/709 ( 98.3%) done product/U_SH__V_SXdg elapsed=1h13m07s avg=6.29s/cand eta=1m16s remaining=12
[suite custom_states :: cycle4] 698/709 ( 98.4%) done product/U_SH__V_H elapsed=1h13m15s avg=6.30s/cand eta=1m09s remaining=11
[suite custom_states :: cycle4] 699/709 ( 98.6%) done product/U_SH__V_HS elapsed=1h13m19s avg=6.29s/cand eta=1m03s remaining=10
[suite custom_states :: cycle4] 700/709 ( 98.7%) done product/U_SH__V_SH elapsed=1h13m26s avg=6.29s/cand eta=57s remaining=9
[suite custom_states :: cycle4] 701/709 ( 98.9%) done product/U_SH__V_Z elapsed=1h13m31s avg=6.29s/cand eta=50s remaining=8
[suite custom_states :: cycle4] 702/709 ( 99.0%) done product/U_Z__V_I elapsed=1h13m39s avg=6.29s/cand eta=44s remaining=7
[suite custom_states :: cycle4] 703/709 ( 99.2%) done product/U_Z__V_X elapsed=1h13m43s avg=6.29s/cand eta=38s remaining=6
[suite custom_states :: cycle4] 704/709 ( 99.3%) done product/U_Z__V_SX elapsed=1h13m50s avg=6.29s/cand eta=31s remaining=5
[suite custom_states :: cycle4] 705/709 ( 99.4%) done product/U_Z__V_SXdg elapsed=1h13m54s avg=6.29s/cand eta=25s remaining=4
[suite custom_states :: cycle4] 706/709 ( 99.6%) done product/U_Z__V_H elapsed=1h14m01s avg=6.29s/cand eta=19s remaining=3
[suite custom_states :: cycle4] 707/709 ( 99.7%) done product/U_Z__V_HS elapsed=1h14m05s avg=6.29s/cand eta=13s remaining=2
[suite custom_states :: cycle4] 708/709 ( 99.9%) done product/U_Z__V_SH elapsed=1h14m11s avg=6.29s/cand eta=6s remaining=1
[suite custom_states :: cycle4] 709/709 (100.0%) done product/U_Z__V_Z elapsed=1h14m15s avg=6.28s/cand eta=0s remaining=0
[suite custom_states :: cycle4] finished 709/709 in 1h14m16s (avg 6.28s/cand)
[suite custom_states] [2/5] finished cycle4 in 1h14m17s; suite elapsed=2h25m38s eta=3h38m27s remaining_states=3
[suite custom_states] [3/5] === state complete4 (family=complete, qutrits=4, edges=6) ===
[suite custom_states] state complete4: 709 benchmarked, 4 baseline-equivalent skipped, 713 candidates total
[suite custom_states :: complete4] starting benchmarks: 0/709
[suite custom_states :: complete4] 1/709 (  0.1%) done baseline/E_old elapsed=18s avg=17.66s/cand eta=3h28m22s remaining=708
[suite custom_states :: complete4] 2/709 (  0.3%) done monomial_full/sup012_P012_ph001 elapsed=19s avg=9.37s/cand eta=1h50m23s remaining=707
[suite custom_states :: complete4] 3/709 (  0.4%) done monomial_full/sup012_P012_ph002 elapsed=32s avg=10.56s/cand eta=2h04m19s remaining=706
[suite custom_states :: complete4] 4/709 (  0.6%) done monomial_full/sup012_P012_ph010 elapsed=32s avg=8.11s/cand eta=1h35m19s remaining=705
[suite custom_states :: complete4] 5/709 (  0.7%) done monomial_full/sup012_P012_ph011 elapsed=44s avg=8.88s/cand eta=1h44m15s remaining=704
[suite custom_states :: complete4] 6/709 (  0.8%) done monomial_full/sup012_P012_ph012 elapsed=45s avg=7.42s/cand eta=1h26m54s remaining=703
[suite custom_states :: complete4] 7/709 (  1.0%) done monomial_full/sup012_P012_ph021 elapsed=57s avg=8.11s/cand eta=1h34m50s remaining=702
[suite custom_states :: complete4] 8/709 (  1.1%) done monomial_full/sup012_P012_ph020 elapsed=57s avg=7.17s/cand eta=1h23m46s remaining=701
[suite custom_states :: complete4] 9/709 (  1.3%) done monomial_full/sup012_P012_ph022 elapsed=1m11s avg=7.84s/cand eta=1h31m27s remaining=700
[suite custom_states :: complete4] 10/709 (  1.4%) done monomial_full/sup012_P012_ph100 elapsed=1m11s avg=7.14s/cand eta=1h23m11s remaining=699
[suite custom_states :: complete4] 11/709 (  1.6%) done monomial_full/sup012_P012_ph101 elapsed=1m23s avg=7.55s/cand eta=1h27m48s remaining=698
[suite custom_states :: complete4] 12/709 (  1.7%) done monomial_full/sup012_P012_ph102 elapsed=1m25s avg=7.09s/cand eta=1h22m20s remaining=697
[suite custom_states :: complete4] 13/709 (  1.8%) done monomial_full/sup012_P012_ph110 elapsed=1m36s avg=7.36s/cand eta=1h25m20s remaining=696
[suite custom_states :: complete4] 14/709 (  2.0%) done monomial_full/sup012_P012_ph112 elapsed=1m39s avg=7.07s/cand eta=1h21m54s remaining=695
[suite custom_states :: complete4] 15/709 (  2.1%) done monomial_full/sup012_P012_ph120 elapsed=1m49s avg=7.25s/cand eta=1h23m50s remaining=694
[suite custom_states :: complete4] 16/709 (  2.3%) done monomial_full/sup012_P012_ph121 elapsed=1m51s avg=6.96s/cand eta=1h20m20s remaining=693
[suite custom_states :: complete4] 17/709 (  2.4%) done monomial_full/sup012_P012_ph122 elapsed=2m01s avg=7.13s/cand eta=1h22m16s remaining=692
[suite custom_states :: complete4] 18/709 (  2.5%) done monomial_full/sup012_P012_ph200 elapsed=2m05s avg=6.94s/cand eta=1h19m54s remaining=691
[suite custom_states :: complete4] 19/709 (  2.7%) done monomial_full/sup012_P012_ph201 elapsed=2m15s avg=7.09s/cand eta=1h21m32s remaining=690
[suite custom_states :: complete4] 20/709 (  2.8%) done monomial_full/sup012_P012_ph202 elapsed=2m18s avg=6.88s/cand eta=1h19m00s remaining=689
[suite custom_states :: complete4] 21/709 (  3.0%) done monomial_full/sup012_P012_ph210 elapsed=2m28s avg=7.05s/cand eta=1h20m51s remaining=688
[suite custom_states :: complete4] 22/709 (  3.1%) done monomial_full/sup012_P012_ph211 elapsed=2m30s avg=6.82s/cand eta=1h18m05s remaining=687
[suite custom_states :: complete4] 23/709 (  3.2%) done monomial_full/sup012_P012_ph212 elapsed=2m42s avg=7.03s/cand eta=1h20m21s remaining=686
[suite custom_states :: complete4] 24/709 (  3.4%) done monomial_full/sup012_P012_ph220 elapsed=2m42s avg=6.77s/cand eta=1h17m16s remaining=685
[suite custom_states :: complete4] 25/709 (  3.5%) done monomial_full/sup012_P012_ph221 elapsed=2m55s avg=7.01s/cand eta=1h19m55s remaining=684
[suite custom_states :: complete4] 26/709 (  3.7%) done monomial_full/sup012_P021_ph000 elapsed=2m58s avg=6.86s/cand eta=1h18m05s remaining=683
[suite custom_states :: complete4] 27/709 (  3.8%) done monomial_full/sup012_P021_ph001 elapsed=3m12s avg=7.11s/cand eta=1h20m47s remaining=682
[suite custom_states :: complete4] 28/709 (  3.9%) done monomial_full/sup012_P021_ph002 elapsed=3m15s avg=6.96s/cand eta=1h19m01s remaining=681
[suite custom_states :: complete4] 29/709 (  4.1%) done monomial_full/sup012_P021_ph010 elapsed=3m28s avg=7.18s/cand eta=1h21m23s remaining=680
[suite custom_states :: complete4] 30/709 (  4.2%) done monomial_full/sup012_P021_ph011 elapsed=3m31s avg=7.04s/cand eta=1h19m41s remaining=679
[suite custom_states :: complete4] 31/709 (  4.4%) done monomial_full/sup012_P021_ph012 elapsed=3m44s avg=7.24s/cand eta=1h21m46s remaining=678
[suite custom_states :: complete4] 32/709 (  4.5%) done monomial_full/sup012_P021_ph020 elapsed=3m47s avg=7.10s/cand eta=1h20m07s remaining=677
[suite custom_states :: complete4] 33/709 (  4.7%) done monomial_full/sup012_P021_ph021 elapsed=4m01s avg=7.30s/cand eta=1h22m15s remaining=676
[suite custom_states :: complete4] 34/709 (  4.8%) done monomial_full/sup012_P021_ph022 elapsed=4m04s avg=7.19s/cand eta=1h20m51s remaining=675
[suite custom_states :: complete4] 35/709 (  4.9%) done monomial_full/sup012_P021_ph100 elapsed=4m19s avg=7.39s/cand eta=1h23m04s remaining=674
[suite custom_states :: complete4] 36/709 (  5.1%) done monomial_full/sup012_P021_ph101 elapsed=4m22s avg=7.28s/cand eta=1h21m40s remaining=673
[suite custom_states :: complete4] 37/709 (  5.2%) done monomial_full/sup012_P021_ph102 elapsed=4m36s avg=7.47s/cand eta=1h23m42s remaining=672
[suite custom_states :: complete4] 38/709 (  5.4%) done monomial_full/sup012_P021_ph110 elapsed=4m39s avg=7.35s/cand eta=1h22m12s remaining=671
[suite custom_states :: complete4] 39/709 (  5.5%) done monomial_full/sup012_P021_ph111 elapsed=4m53s avg=7.52s/cand eta=1h23m56s remaining=670
[suite custom_states :: complete4] 40/709 (  5.6%) done monomial_full/sup012_P021_ph112 elapsed=4m56s avg=7.40s/cand eta=1h22m33s remaining=669
[suite custom_states :: complete4] 41/709 (  5.8%) done monomial_full/sup012_P021_ph120 elapsed=5m11s avg=7.58s/cand eta=1h24m23s remaining=668
[suite custom_states :: complete4] 42/709 (  5.9%) done monomial_full/sup012_P021_ph121 elapsed=5m14s avg=7.47s/cand eta=1h23m01s remaining=667
[suite custom_states :: complete4] 43/709 (  6.1%) done monomial_full/sup012_P021_ph122 elapsed=5m28s avg=7.63s/cand eta=1h24m41s remaining=666
[suite custom_states :: complete4] 44/709 (  6.2%) done monomial_full/sup012_P021_ph200 elapsed=5m31s avg=7.52s/cand eta=1h23m23s remaining=665
[suite custom_states :: complete4] 45/709 (  6.3%) done monomial_full/sup012_P021_ph201 elapsed=5m45s avg=7.67s/cand eta=1h24m54s remaining=664
[suite custom_states :: complete4] 46/709 (  6.5%) done monomial_full/sup012_P021_ph202 elapsed=5m48s avg=7.56s/cand eta=1h23m34s remaining=663
[suite custom_states :: complete4] 47/709 (  6.6%) done monomial_full/sup012_P021_ph210 elapsed=6m03s avg=7.72s/cand eta=1h25m08s remaining=662
[suite custom_states :: complete4] 48/709 (  6.8%) done monomial_full/sup012_P021_ph211 elapsed=6m05s avg=7.61s/cand eta=1h23m52s remaining=661
[suite custom_states :: complete4] 49/709 (  6.9%) done monomial_full/sup012_P021_ph212 elapsed=6m21s avg=7.77s/cand eta=1h25m30s remaining=660
[suite custom_states :: complete4] 50/709 (  7.1%) done monomial_full/sup012_P021_ph220 elapsed=6m23s avg=7.66s/cand eta=1h24m07s remaining=659
[suite custom_states :: complete4] 51/709 (  7.2%) done monomial_full/sup012_P021_ph221 elapsed=6m38s avg=7.81s/cand eta=1h25m39s remaining=658
[suite custom_states :: complete4] 52/709 (  7.3%) done monomial_full/sup012_P021_ph222 elapsed=6m40s avg=7.70s/cand eta=1h24m19s remaining=657
[suite custom_states :: complete4] 53/709 (  7.5%) done monomial_full/sup012_P102_ph000 elapsed=6m53s avg=7.78s/cand eta=1h25m06s remaining=656
[suite custom_states :: complete4] 54/709 (  7.6%) done monomial_full/sup012_P102_ph001 elapsed=6m54s avg=7.66s/cand eta=1h23m39s remaining=655
[suite custom_states :: complete4] 55/709 (  7.8%) done monomial_full/sup012_P102_ph002 elapsed=7m07s avg=7.76s/cand eta=1h24m38s remaining=654
[suite custom_states :: complete4] 56/709 (  7.9%) done monomial_full/sup012_P102_ph010 elapsed=7m08s avg=7.65s/cand eta=1h23m15s remaining=653
[suite custom_states :: complete4] 57/709 (  8.0%) done monomial_full/sup012_P102_ph011 elapsed=7m22s avg=7.75s/cand eta=1h24m14s remaining=652
[suite custom_states :: complete4] 58/709 (  8.2%) done monomial_full/sup012_P102_ph012 elapsed=7m24s avg=7.65s/cand eta=1h22m59s remaining=651
[suite custom_states :: complete4] 59/709 (  8.3%) done monomial_full/sup012_P102_ph020 elapsed=7m37s avg=7.74s/cand eta=1h23m51s remaining=650
[suite custom_states :: complete4] 60/709 (  8.5%) done monomial_full/sup012_P102_ph021 elapsed=7m37s avg=7.62s/cand eta=1h22m28s remaining=649
[suite custom_states :: complete4] 61/709 (  8.6%) done monomial_full/sup012_P102_ph022 elapsed=7m52s avg=7.73s/cand eta=1h23m29s remaining=648
[suite custom_states :: complete4] 62/709 (  8.7%) done monomial_full/sup012_P102_ph100 elapsed=7m52s avg=7.61s/cand eta=1h22m02s remaining=647
[suite custom_states :: complete4] 63/709 (  8.9%) done monomial_full/sup012_P102_ph101 elapsed=8m07s avg=7.73s/cand eta=1h23m13s remaining=646
[suite custom_states :: complete4] 64/709 (  9.0%) done monomial_full/sup012_P102_ph102 elapsed=8m07s avg=7.61s/cand eta=1h21m50s remaining=645
[suite custom_states :: complete4] 65/709 (  9.2%) done monomial_full/sup012_P102_ph111 elapsed=8m23s avg=7.73s/cand eta=1h22m59s remaining=644
[suite custom_states :: complete4] 66/709 (  9.3%) done monomial_full/sup012_P102_ph110 elapsed=8m24s avg=7.63s/cand eta=1h21m46s remaining=643
[suite custom_states :: complete4] 67/709 (  9.4%) done monomial_full/sup012_P102_ph112 elapsed=8m38s avg=7.73s/cand eta=1h22m44s remaining=642
[suite custom_states :: complete4] 68/709 (  9.6%) done monomial_full/sup012_P102_ph120 elapsed=8m39s avg=7.63s/cand eta=1h21m28s remaining=641
[suite custom_states :: complete4] 69/709 (  9.7%) done monomial_full/sup012_P102_ph121 elapsed=8m52s avg=7.71s/cand eta=1h22m18s remaining=640
[suite custom_states :: complete4] 70/709 (  9.9%) done monomial_full/sup012_P102_ph122 elapsed=8m53s avg=7.61s/cand eta=1h21m05s remaining=639
[suite custom_states :: complete4] 71/709 ( 10.0%) done monomial_full/sup012_P102_ph200 elapsed=9m07s avg=7.70s/cand eta=1h21m52s remaining=638
[suite custom_states :: complete4] 72/709 ( 10.2%) done monomial_full/sup012_P102_ph201 elapsed=9m08s avg=7.61s/cand eta=1h20m48s remaining=637
[suite custom_states :: complete4] 73/709 ( 10.3%) done monomial_full/sup012_P102_ph202 elapsed=9m22s avg=7.69s/cand eta=1h21m33s remaining=636
[suite custom_states :: complete4] 74/709 ( 10.4%) done monomial_full/sup012_P102_ph210 elapsed=9m23s avg=7.60s/cand eta=1h20m28s remaining=635
[suite custom_states :: complete4] 75/709 ( 10.6%) done monomial_full/sup012_P102_ph211 elapsed=9m37s avg=7.69s/cand eta=1h21m16s remaining=634
[suite custom_states :: complete4] 76/709 ( 10.7%) done monomial_full/sup012_P102_ph212 elapsed=9m38s avg=7.60s/cand eta=1h20m12s remaining=633
[suite custom_states :: complete4] 77/709 ( 10.9%) done monomial_full/sup012_P102_ph220 elapsed=9m51s avg=7.67s/cand eta=1h20m49s remaining=632
[suite custom_states :: complete4] 78/709 ( 11.0%) done monomial_full/sup012_P102_ph221 elapsed=9m52s avg=7.58s/cand eta=1h19m46s remaining=631
[suite custom_states :: complete4] 79/709 ( 11.1%) done monomial_full/sup012_P102_ph222 elapsed=10m05s avg=7.66s/cand eta=1h20m25s remaining=630
[suite custom_states :: complete4] 80/709 ( 11.3%) done monomial_full/sup012_P120_ph000 elapsed=10m09s avg=7.61s/cand eta=1h19m45s remaining=629
[suite custom_states :: complete4] 81/709 ( 11.4%) done monomial_full/sup012_P120_ph001 elapsed=10m22s avg=7.68s/cand eta=1h20m23s remaining=628
[suite custom_states :: complete4] 82/709 ( 11.6%) done monomial_full/sup012_P120_ph002 elapsed=10m25s avg=7.62s/cand eta=1h19m40s remaining=627
[suite custom_states :: complete4] 83/709 ( 11.7%) done monomial_full/sup012_P120_ph010 elapsed=10m38s avg=7.69s/cand eta=1h20m13s remaining=626
[suite custom_states :: complete4] 84/709 ( 11.8%) done monomial_full/sup012_P120_ph011 elapsed=10m41s avg=7.63s/cand eta=1h19m31s remaining=625
[suite custom_states :: complete4] 85/709 ( 12.0%) done monomial_full/sup012_P120_ph012 elapsed=10m54s avg=7.69s/cand eta=1h20m00s remaining=624
[suite custom_states :: complete4] 86/709 ( 12.1%) done monomial_full/sup012_P120_ph020 elapsed=10m57s avg=7.64s/cand eta=1h19m20s remaining=623
[suite custom_states :: complete4] 87/709 ( 12.3%) done monomial_full/sup012_P120_ph021 elapsed=11m11s avg=7.71s/cand eta=1h19m54s remaining=622
[suite custom_states :: complete4] 88/709 ( 12.4%) done monomial_full/sup012_P120_ph022 elapsed=11m14s avg=7.65s/cand eta=1h19m13s remaining=621
[suite custom_states :: complete4] 89/709 ( 12.6%) done monomial_full/sup012_P120_ph100 elapsed=11m27s avg=7.72s/cand eta=1h19m46s remaining=620
[suite custom_states :: complete4] 90/709 ( 12.7%) done monomial_full/sup012_P120_ph101 elapsed=11m30s avg=7.66s/cand eta=1h19m04s remaining=619
[suite custom_states :: complete4] 91/709 ( 12.8%) done monomial_full/sup012_P120_ph102 elapsed=11m43s avg=7.72s/cand eta=1h19m34s remaining=618
[suite custom_states :: complete4] 92/709 ( 13.0%) done monomial_full/sup012_P120_ph110 elapsed=11m46s avg=7.67s/cand eta=1h18m54s remaining=617
[suite custom_states :: complete4] 93/709 ( 13.1%) done monomial_full/sup012_P120_ph111 elapsed=11m59s avg=7.73s/cand eta=1h19m21s remaining=616
[suite custom_states :: complete4] 94/709 ( 13.3%) done monomial_full/sup012_P120_ph112 elapsed=12m02s avg=7.68s/cand eta=1h18m42s remaining=615
[suite custom_states :: complete4] 95/709 ( 13.4%) done monomial_full/sup012_P120_ph120 elapsed=12m15s avg=7.74s/cand eta=1h19m11s remaining=614
[suite custom_states :: complete4] 96/709 ( 13.5%) done monomial_full/sup012_P120_ph121 elapsed=12m18s avg=7.69s/cand eta=1h18m34s remaining=613
[suite custom_states :: complete4] 97/709 ( 13.7%) done monomial_full/sup012_P120_ph122 elapsed=12m32s avg=7.75s/cand eta=1h19m04s remaining=612
[suite custom_states :: complete4] 98/709 ( 13.8%) done monomial_full/sup012_P120_ph200 elapsed=12m35s avg=7.71s/cand eta=1h18m30s remaining=611
[suite custom_states :: complete4] 99/709 ( 14.0%) done monomial_full/sup012_P120_ph201 elapsed=12m48s avg=7.76s/cand eta=1h18m51s remaining=610
[suite custom_states :: complete4] 100/709 ( 14.1%) done monomial_full/sup012_P120_ph202 elapsed=12m51s avg=7.71s/cand eta=1h18m16s remaining=609
[suite custom_states :: complete4] 101/709 ( 14.2%) done monomial_full/sup012_P120_ph210 elapsed=13m05s avg=7.77s/cand eta=1h18m44s remaining=608
[suite custom_states :: complete4] 102/709 ( 14.4%) done monomial_full/sup012_P120_ph211 elapsed=13m08s avg=7.73s/cand eta=1h18m10s remaining=607
[suite custom_states :: complete4] 103/709 ( 14.5%) done monomial_full/sup012_P120_ph212 elapsed=13m22s avg=7.78s/cand eta=1h18m37s remaining=606
[suite custom_states :: complete4] 104/709 ( 14.7%) done monomial_full/sup012_P120_ph220 elapsed=13m25s avg=7.74s/cand eta=1h18m01s remaining=605
[suite custom_states :: complete4] 105/709 ( 14.8%) done monomial_full/sup012_P120_ph221 elapsed=13m38s avg=7.79s/cand eta=1h18m25s remaining=604
[suite custom_states :: complete4] 106/709 ( 15.0%) done monomial_full/sup012_P120_ph222 elapsed=13m41s avg=7.74s/cand eta=1h17m48s remaining=603
[suite custom_states :: complete4] 107/709 ( 15.1%) done monomial_full/sup012_P201_ph000 elapsed=13m54s avg=7.80s/cand eta=1h18m13s remaining=602
[suite custom_states :: complete4] 108/709 ( 15.2%) done monomial_full/sup012_P201_ph001 elapsed=13m57s avg=7.75s/cand eta=1h17m39s remaining=601
[suite custom_states :: complete4] 109/709 ( 15.4%) done monomial_full/sup012_P201_ph002 elapsed=14m11s avg=7.81s/cand eta=1h18m03s remaining=600
[suite custom_states :: complete4] 110/709 ( 15.5%) done monomial_full/sup012_P201_ph010 elapsed=14m14s avg=7.76s/cand eta=1h17m31s remaining=599
[suite custom_states :: complete4] 111/709 ( 15.7%) done monomial_full/sup012_P201_ph011 elapsed=14m28s avg=7.82s/cand eta=1h17m56s remaining=598
[suite custom_states :: complete4] 112/709 ( 15.8%) done monomial_full/sup012_P201_ph012 elapsed=14m31s avg=7.78s/cand eta=1h17m25s remaining=597
[suite custom_states :: complete4] 113/709 ( 15.9%) done monomial_full/sup012_P201_ph020 elapsed=14m44s avg=7.82s/cand eta=1h17m43s remaining=596
[suite custom_states :: complete4] 114/709 ( 16.1%) done monomial_full/sup012_P201_ph021 elapsed=14m48s avg=7.79s/cand eta=1h17m14s remaining=595
[suite custom_states :: complete4] 115/709 ( 16.2%) done monomial_full/sup012_P201_ph022 elapsed=15m01s avg=7.83s/cand eta=1h17m33s remaining=594
[suite custom_states :: complete4] 116/709 ( 16.4%) done monomial_full/sup012_P201_ph100 elapsed=15m04s avg=7.80s/cand eta=1h17m04s remaining=593
[suite custom_states :: complete4] 117/709 ( 16.5%) done monomial_full/sup012_P201_ph101 elapsed=15m18s avg=7.84s/cand eta=1h17m23s remaining=592
[suite custom_states :: complete4] 118/709 ( 16.6%) done monomial_full/sup012_P201_ph102 elapsed=15m21s avg=7.81s/cand eta=1h16m53s remaining=591
[suite custom_states :: complete4] 119/709 ( 16.8%) done monomial_full/sup012_P201_ph110 elapsed=15m35s avg=7.85s/cand eta=1h17m13s remaining=590
[suite custom_states :: complete4] 120/709 ( 16.9%) done monomial_full/sup012_P201_ph111 elapsed=15m38s avg=7.82s/cand eta=1h16m44s remaining=589
[suite custom_states :: complete4] 121/709 ( 17.1%) done monomial_full/sup012_P201_ph112 elapsed=15m50s avg=7.85s/cand eta=1h16m58s remaining=588
[suite custom_states :: complete4] 122/709 ( 17.2%) done monomial_full/sup012_P201_ph120 elapsed=15m54s avg=7.82s/cand eta=1h16m30s remaining=587
[suite custom_states :: complete4] 123/709 ( 17.3%) done monomial_full/sup012_P201_ph121 elapsed=16m07s avg=7.86s/cand eta=1h16m46s remaining=586
[suite custom_states :: complete4] 124/709 ( 17.5%) done monomial_full/sup012_P201_ph122 elapsed=16m11s avg=7.83s/cand eta=1h16m20s remaining=585
[suite custom_states :: complete4] 125/709 ( 17.6%) done monomial_full/sup012_P201_ph200 elapsed=16m23s avg=7.87s/cand eta=1h16m35s remaining=584
[suite custom_states :: complete4] 126/709 ( 17.8%) done monomial_full/sup012_P201_ph201 elapsed=16m28s avg=7.84s/cand eta=1h16m09s remaining=583
[suite custom_states :: complete4] 127/709 ( 17.9%) done monomial_full/sup012_P201_ph202 elapsed=16m40s avg=7.87s/cand eta=1h16m22s remaining=582
[suite custom_states :: complete4] 128/709 ( 18.1%) done monomial_full/sup012_P201_ph210 elapsed=16m44s avg=7.84s/cand eta=1h15m57s remaining=581
[suite custom_states :: complete4] 129/709 ( 18.2%) done monomial_full/sup012_P201_ph211 elapsed=16m56s avg=7.88s/cand eta=1h16m10s remaining=580
[suite custom_states :: complete4] 130/709 ( 18.3%) done monomial_full/sup012_P201_ph212 elapsed=17m01s avg=7.85s/cand eta=1h15m45s remaining=579
[suite custom_states :: complete4] 131/709 ( 18.5%) done monomial_full/sup012_P201_ph220 elapsed=17m14s avg=7.89s/cand eta=1h16m00s remaining=578
[suite custom_states :: complete4] 132/709 ( 18.6%) done monomial_full/sup012_P201_ph221 elapsed=17m18s avg=7.86s/cand eta=1h15m35s remaining=577
[suite custom_states :: complete4] 133/709 ( 18.8%) done monomial_full/sup012_P201_ph222 elapsed=17m31s avg=7.90s/cand eta=1h15m51s remaining=576
[suite custom_states :: complete4] 134/709 ( 18.9%) done monomial_full/sup012_P210_ph000 elapsed=17m33s avg=7.86s/cand eta=1h15m18s remaining=575
[suite custom_states :: complete4] 135/709 ( 19.0%) done monomial_full/sup012_P210_ph001 elapsed=17m46s avg=7.89s/cand eta=1h15m31s remaining=574
[suite custom_states :: complete4] 136/709 ( 19.2%) done monomial_full/sup012_P210_ph002 elapsed=17m47s avg=7.85s/cand eta=1h14m57s remaining=573
[suite custom_states :: complete4] 137/709 ( 19.3%) done monomial_full/sup012_P210_ph010 elapsed=18m01s avg=7.89s/cand eta=1h15m12s remaining=572
[suite custom_states :: complete4] 138/709 ( 19.5%) done monomial_full/sup012_P210_ph011 elapsed=18m02s avg=7.84s/cand eta=1h14m38s remaining=571
[suite custom_states :: complete4] 139/709 ( 19.6%) done monomial_full/sup012_P210_ph012 elapsed=18m15s avg=7.88s/cand eta=1h14m52s remaining=570
[suite custom_states :: complete4] 140/709 ( 19.7%) done monomial_full/sup012_P210_ph020 elapsed=18m18s avg=7.84s/cand eta=1h14m21s remaining=569
[suite custom_states :: complete4] 141/709 ( 19.9%) done monomial_full/sup012_P210_ph021 elapsed=18m31s avg=7.88s/cand eta=1h14m35s remaining=568
[suite custom_states :: complete4] 142/709 ( 20.0%) done monomial_full/sup012_P210_ph022 elapsed=18m33s avg=7.83s/cand eta=1h14m02s remaining=567
[suite custom_states :: complete4] 143/709 ( 20.2%) done monomial_full/sup012_P210_ph100 elapsed=18m45s avg=7.87s/cand eta=1h14m12s remaining=566
[suite custom_states :: complete4] 144/709 ( 20.3%) done monomial_full/sup012_P210_ph101 elapsed=18m46s avg=7.82s/cand eta=1h13m40s remaining=565
[suite custom_states :: complete4] 145/709 ( 20.5%) done monomial_full/sup012_P210_ph102 elapsed=18m59s avg=7.86s/cand eta=1h13m51s remaining=564
[suite custom_states :: complete4] 146/709 ( 20.6%) done monomial_full/sup012_P210_ph110 elapsed=19m01s avg=7.81s/cand eta=1h13m20s remaining=563
[suite custom_states :: complete4] 147/709 ( 20.7%) done monomial_full/sup012_P210_ph111 elapsed=19m14s avg=7.85s/cand eta=1h13m33s remaining=562
[suite custom_states :: complete4] 148/709 ( 20.9%) done monomial_full/sup012_P210_ph112 elapsed=19m16s avg=7.81s/cand eta=1h13m04s remaining=561
[suite custom_states :: complete4] 149/709 ( 21.0%) done monomial_full/sup012_P210_ph120 elapsed=19m29s avg=7.85s/cand eta=1h13m14s remaining=560
[suite custom_states :: complete4] 150/709 ( 21.2%) done monomial_full/sup012_P210_ph121 elapsed=19m31s avg=7.81s/cand eta=1h12m44s remaining=559
[suite custom_states :: complete4] 151/709 ( 21.3%) done monomial_full/sup012_P210_ph122 elapsed=19m44s avg=7.84s/cand eta=1h12m54s remaining=558
[suite custom_states :: complete4] 152/709 ( 21.4%) done monomial_full/sup012_P210_ph200 elapsed=19m45s avg=7.79s/cand eta=1h12m21s remaining=557
[suite custom_states :: complete4] 153/709 ( 21.6%) done monomial_full/sup012_P210_ph201 elapsed=19m58s avg=7.83s/cand eta=1h12m35s remaining=556
[suite custom_states :: complete4] 154/709 ( 21.7%) done monomial_full/sup012_P210_ph202 elapsed=19m59s avg=7.79s/cand eta=1h12m02s remaining=555
[suite custom_states :: complete4] 155/709 ( 21.9%) done monomial_full/sup012_P210_ph210 elapsed=20m13s avg=7.82s/cand eta=1h12m15s remaining=554
[suite custom_states :: complete4] 156/709 ( 22.0%) done monomial_full/sup012_P210_ph211 elapsed=20m15s avg=7.79s/cand eta=1h11m45s remaining=553
[suite custom_states :: complete4] 157/709 ( 22.1%) done monomial_full/sup012_P210_ph212 elapsed=20m28s avg=7.82s/cand eta=1h11m57s remaining=552
[suite custom_states :: complete4] 158/709 ( 22.3%) done monomial_full/sup012_P210_ph220 elapsed=20m29s avg=7.78s/cand eta=1h11m26s remaining=551
[suite custom_states :: complete4] 159/709 ( 22.4%) done monomial_full/sup012_P210_ph221 elapsed=20m42s avg=7.81s/cand eta=1h11m36s remaining=550
[suite custom_states :: complete4] 160/709 ( 22.6%) done monomial_full/sup012_P210_ph222 elapsed=20m44s avg=7.77s/cand eta=1h11m07s remaining=549
[suite custom_states :: complete4] 161/709 ( 22.7%) done monomial_full/sup013_P012_ph000 elapsed=20m57s avg=7.81s/cand eta=1h11m18s remaining=548
[suite custom_states :: complete4] 162/709 ( 22.8%) done monomial_full/sup013_P012_ph001 elapsed=20m57s avg=7.76s/cand eta=1h10m46s remaining=547
[suite custom_states :: complete4] 163/709 ( 23.0%) done monomial_full/sup013_P012_ph010 elapsed=21m12s avg=7.80s/cand eta=1h10m59s remaining=546
[suite custom_states :: complete4] 164/709 ( 23.1%) done monomial_full/sup013_P012_ph002 elapsed=21m12s avg=7.76s/cand eta=1h10m28s remaining=545
[suite custom_states :: complete4] 165/709 ( 23.3%) done monomial_full/sup013_P012_ph011 elapsed=21m27s avg=7.80s/cand eta=1h10m42s remaining=544
[suite custom_states :: complete4] 166/709 ( 23.4%) done monomial_full/sup013_P012_ph012 elapsed=21m28s avg=7.76s/cand eta=1h10m12s remaining=543
[suite custom_states :: complete4] 167/709 ( 23.6%) done monomial_full/sup013_P012_ph020 elapsed=21m41s avg=7.79s/cand eta=1h10m22s remaining=542
[suite custom_states :: complete4] 168/709 ( 23.7%) done monomial_full/sup013_P012_ph021 elapsed=21m42s avg=7.75s/cand eta=1h09m53s remaining=541
[suite custom_states :: complete4] 169/709 ( 23.8%) done monomial_full/sup013_P012_ph022 elapsed=21m54s avg=7.78s/cand eta=1h10m00s remaining=540
[suite custom_states :: complete4] 170/709 ( 24.0%) done monomial_full/sup013_P012_ph100 elapsed=21m57s avg=7.75s/cand eta=1h09m36s remaining=539
[suite custom_states :: complete4] 171/709 ( 24.1%) done monomial_full/sup013_P012_ph101 elapsed=22m10s avg=7.78s/cand eta=1h09m45s remaining=538
[suite custom_states :: complete4] 172/709 ( 24.3%) done monomial_full/sup013_P012_ph102 elapsed=22m12s avg=7.75s/cand eta=1h09m19s remaining=537
[suite custom_states :: complete4] 173/709 ( 24.4%) done monomial_full/sup013_P012_ph110 elapsed=22m24s avg=7.77s/cand eta=1h09m25s remaining=536
[suite custom_states :: complete4] 174/709 ( 24.5%) done monomial_full/sup013_P012_ph111 elapsed=22m27s avg=7.74s/cand eta=1h09m02s remaining=535
[suite custom_states :: complete4] 175/709 ( 24.7%) done monomial_full/sup013_P012_ph112 elapsed=22m40s avg=7.77s/cand eta=1h09m09s remaining=534
[suite custom_states :: complete4] 176/709 ( 24.8%) done monomial_full/sup013_P012_ph120 elapsed=22m41s avg=7.73s/cand eta=1h08m42s remaining=533
[suite custom_states :: complete4] 177/709 ( 25.0%) done monomial_full/sup013_P012_ph121 elapsed=22m54s avg=7.76s/cand eta=1h08m49s remaining=532
[suite custom_states :: complete4] 178/709 ( 25.1%) done monomial_full/sup013_P012_ph122 elapsed=22m56s avg=7.73s/cand eta=1h08m26s remaining=531
[suite custom_states :: complete4] 179/709 ( 25.2%) done monomial_full/sup013_P012_ph200 elapsed=23m09s avg=7.76s/cand eta=1h08m33s remaining=530
[suite custom_states :: complete4] 180/709 ( 25.4%) done monomial_full/sup013_P012_ph201 elapsed=23m12s avg=7.73s/cand eta=1h08m10s remaining=529
[suite custom_states :: complete4] 181/709 ( 25.5%) done monomial_full/sup013_P012_ph202 elapsed=23m24s avg=7.76s/cand eta=1h08m16s remaining=528
[suite custom_states :: complete4] 182/709 ( 25.7%) done monomial_full/sup013_P012_ph210 elapsed=23m28s avg=7.73s/cand eta=1h07m56s remaining=527
[suite custom_states :: complete4] 183/709 ( 25.8%) done monomial_full/sup013_P012_ph211 elapsed=23m39s avg=7.76s/cand eta=1h07m59s remaining=526
[suite custom_states :: complete4] 184/709 ( 26.0%) done monomial_full/sup013_P012_ph212 elapsed=23m42s avg=7.73s/cand eta=1h07m38s remaining=525
[suite custom_states :: complete4] 185/709 ( 26.1%) done monomial_full/sup013_P012_ph220 elapsed=23m53s avg=7.75s/cand eta=1h07m39s remaining=524
[suite custom_states :: complete4] 186/709 ( 26.2%) done monomial_full/sup013_P012_ph221 elapsed=23m57s avg=7.73s/cand eta=1h07m21s remaining=523
[suite custom_states :: complete4] 187/709 ( 26.4%) done monomial_full/sup013_P012_ph222 elapsed=24m07s avg=7.74s/cand eta=1h07m20s remaining=522
[suite custom_states :: complete4] 188/709 ( 26.5%) done monomial_full/sup013_P021_ph000 elapsed=24m13s avg=7.73s/cand eta=1h07m08s remaining=521
[suite custom_states :: complete4] 189/709 ( 26.7%) done monomial_full/sup013_P021_ph001 elapsed=24m24s avg=7.75s/cand eta=1h07m09s remaining=520
[suite custom_states :: complete4] 190/709 ( 26.8%) done monomial_full/sup013_P021_ph002 elapsed=24m30s avg=7.74s/cand eta=1h06m56s remaining=519
[suite custom_states :: complete4] 191/709 ( 26.9%) done monomial_full/sup013_P021_ph010 elapsed=24m41s avg=7.75s/cand eta=1h06m57s remaining=518
[suite custom_states :: complete4] 192/709 ( 27.1%) done monomial_full/sup013_P021_ph011 elapsed=24m47s avg=7.74s/cand eta=1h06m43s remaining=517
[suite custom_states :: complete4] 193/709 ( 27.2%) done monomial_full/sup013_P021_ph012 elapsed=24m58s avg=7.76s/cand eta=1h06m45s remaining=516
[suite custom_states :: complete4] 194/709 ( 27.4%) done monomial_full/sup013_P021_ph020 elapsed=25m03s avg=7.75s/cand eta=1h06m31s remaining=515
[suite custom_states :: complete4] 195/709 ( 27.5%) done monomial_full/sup013_P021_ph021 elapsed=25m14s avg=7.77s/cand eta=1h06m31s remaining=514
[suite custom_states :: complete4] 196/709 ( 27.6%) done monomial_full/sup013_P021_ph022 elapsed=25m20s avg=7.76s/cand eta=1h06m20s remaining=513
[suite custom_states :: complete4] 197/709 ( 27.8%) done monomial_full/sup013_P021_ph100 elapsed=25m32s avg=7.78s/cand eta=1h06m21s remaining=512
[suite custom_states :: complete4] 198/709 ( 27.9%) done monomial_full/sup013_P021_ph101 elapsed=25m38s avg=7.77s/cand eta=1h06m10s remaining=511
[suite custom_states :: complete4] 199/709 ( 28.1%) done monomial_full/sup013_P021_ph102 elapsed=25m48s avg=7.78s/cand eta=1h06m07s remaining=510
[suite custom_states :: complete4] 200/709 ( 28.2%) done monomial_full/sup013_P021_ph110 elapsed=25m55s avg=7.77s/cand eta=1h05m56s remaining=509
[suite custom_states :: complete4] 201/709 ( 28.3%) done monomial_full/sup013_P021_ph111 elapsed=26m05s avg=7.79s/cand eta=1h05m55s remaining=508
[suite custom_states :: complete4] 202/709 ( 28.5%) done monomial_full/sup013_P021_ph112 elapsed=26m11s avg=7.78s/cand eta=1h05m44s remaining=507
[suite custom_states :: complete4] 203/709 ( 28.6%) done monomial_full/sup013_P021_ph120 elapsed=26m22s avg=7.79s/cand eta=1h05m44s remaining=506
[suite custom_states :: complete4] 204/709 ( 28.8%) done monomial_full/sup013_P021_ph121 elapsed=26m29s avg=7.79s/cand eta=1h05m33s remaining=505
[suite custom_states :: complete4] 205/709 ( 28.9%) done monomial_full/sup013_P021_ph122 elapsed=26m39s avg=7.80s/cand eta=1h05m31s remaining=504
[suite custom_states :: complete4] 206/709 ( 29.1%) done monomial_full/sup013_P021_ph200 elapsed=26m45s avg=7.79s/cand eta=1h05m19s remaining=503
[suite custom_states :: complete4] 207/709 ( 29.2%) done monomial_full/sup013_P021_ph201 elapsed=26m55s avg=7.80s/cand eta=1h05m16s remaining=502
[suite custom_states :: complete4] 208/709 ( 29.3%) done monomial_full/sup013_P021_ph202 elapsed=27m02s avg=7.80s/cand eta=1h05m07s remaining=501
[suite custom_states :: complete4] 209/709 ( 29.5%) done monomial_full/sup013_P021_ph210 elapsed=27m12s avg=7.81s/cand eta=1h05m04s remaining=500
[suite custom_states :: complete4] 210/709 ( 29.6%) done monomial_full/sup013_P021_ph211 elapsed=27m19s avg=7.81s/cand eta=1h04m55s remaining=499
[suite custom_states :: complete4] 211/709 ( 29.8%) done monomial_full/sup013_P021_ph212 elapsed=27m29s avg=7.82s/cand eta=1h04m52s remaining=498
[suite custom_states :: complete4] 212/709 ( 29.9%) done monomial_full/sup013_P021_ph220 elapsed=27m37s avg=7.82s/cand eta=1h04m44s remaining=497
[suite custom_states :: complete4] 213/709 ( 30.0%) done monomial_full/sup013_P021_ph221 elapsed=27m46s avg=7.82s/cand eta=1h04m39s remaining=496
[suite custom_states :: complete4] 214/709 ( 30.2%) done monomial_full/sup013_P021_ph222 elapsed=27m54s avg=7.82s/cand eta=1h04m31s remaining=495
[suite custom_states :: complete4] 215/709 ( 30.3%) done monomial_full/sup013_P102_ph000 elapsed=28m01s avg=7.82s/cand eta=1h04m23s remaining=494
[suite custom_states :: complete4] 216/709 ( 30.5%) done monomial_full/sup013_P102_ph001 elapsed=28m09s avg=7.82s/cand eta=1h04m14s remaining=493
[suite custom_states :: complete4] 217/709 ( 30.6%) done monomial_full/sup013_P102_ph002 elapsed=28m16s avg=7.82s/cand eta=1h04m06s remaining=492
[suite custom_states :: complete4] 218/709 ( 30.7%) done monomial_full/sup013_P102_ph010 elapsed=28m23s avg=7.81s/cand eta=1h03m56s remaining=491
[suite custom_states :: complete4] 219/709 ( 30.9%) done monomial_full/sup013_P102_ph011 elapsed=28m31s avg=7.81s/cand eta=1h03m48s remaining=490
[suite custom_states :: complete4] 220/709 ( 31.0%) done monomial_full/sup013_P102_ph012 elapsed=28m38s avg=7.81s/cand eta=1h03m38s remaining=489
[suite custom_states :: complete4] 221/709 ( 31.2%) done monomial_full/sup013_P102_ph020 elapsed=28m45s avg=7.80s/cand eta=1h03m29s remaining=488
[suite custom_states :: complete4] 222/709 ( 31.3%) done monomial_full/sup013_P102_ph021 elapsed=28m52s avg=7.80s/cand eta=1h03m19s remaining=487
[suite custom_states :: complete4] 223/709 ( 31.5%) done monomial_full/sup013_P102_ph022 elapsed=28m59s avg=7.80s/cand eta=1h03m09s remaining=486
[suite custom_states :: complete4] 224/709 ( 31.6%) done monomial_full/sup013_P102_ph100 elapsed=29m06s avg=7.80s/cand eta=1h03m01s remaining=485
[suite custom_states :: complete4] 225/709 ( 31.7%) done monomial_full/sup013_P102_ph101 elapsed=29m13s avg=7.79s/cand eta=1h02m51s remaining=484
[suite custom_states :: complete4] 226/709 ( 31.9%) done monomial_full/sup013_P102_ph102 elapsed=29m21s avg=7.79s/cand eta=1h02m44s remaining=483
[suite custom_states :: complete4] 227/709 ( 32.0%) done monomial_full/sup013_P102_ph110 elapsed=29m27s avg=7.79s/cand eta=1h02m33s remaining=482
[suite custom_states :: complete4] 228/709 ( 32.2%) done monomial_full/sup013_P102_ph111 elapsed=29m36s avg=7.79s/cand eta=1h02m27s remaining=481
[suite custom_states :: complete4] 229/709 ( 32.3%) done monomial_full/sup013_P102_ph112 elapsed=29m41s avg=7.78s/cand eta=1h02m14s remaining=480
[suite custom_states :: complete4] 230/709 ( 32.4%) done monomial_full/sup013_P102_ph120 elapsed=29m50s avg=7.78s/cand eta=1h02m08s remaining=479
[suite custom_states :: complete4] 231/709 ( 32.6%) done monomial_full/sup013_P102_ph121 elapsed=29m55s avg=7.77s/cand eta=1h01m55s remaining=478
[suite custom_states :: complete4] 232/709 ( 32.7%) done monomial_full/sup013_P102_ph122 elapsed=30m04s avg=7.78s/cand eta=1h01m50s remaining=477
[suite custom_states :: complete4] 233/709 ( 32.9%) done monomial_full/sup013_P102_ph200 elapsed=30m10s avg=7.77s/cand eta=1h01m37s remaining=476
[suite custom_states :: complete4] 234/709 ( 33.0%) done monomial_full/sup013_P102_ph201 elapsed=30m19s avg=7.77s/cand eta=1h01m33s remaining=475
[suite custom_states :: complete4] 235/709 ( 33.1%) done monomial_full/sup013_P102_ph202 elapsed=30m24s avg=7.76s/cand eta=1h01m19s remaining=474
[suite custom_states :: complete4] 236/709 ( 33.3%) done monomial_full/sup013_P102_ph210 elapsed=30m34s avg=7.77s/cand eta=1h01m16s remaining=473
[suite custom_states :: complete4] 237/709 ( 33.4%) done monomial_full/sup013_P102_ph211 elapsed=30m38s avg=7.76s/cand eta=1h01m01s remaining=472
[suite custom_states :: complete4] 238/709 ( 33.6%) done monomial_full/sup013_P102_ph212 elapsed=30m47s avg=7.76s/cand eta=1h00m56s remaining=471
[suite custom_states :: complete4] 239/709 ( 33.7%) done monomial_full/sup013_P102_ph220 elapsed=30m52s avg=7.75s/cand eta=1h00m41s remaining=470
[suite custom_states :: complete4] 240/709 ( 33.9%) done monomial_full/sup013_P102_ph221 elapsed=31m01s avg=7.76s/cand eta=1h00m38s remaining=469
[suite custom_states :: complete4] 241/709 ( 34.0%) done monomial_full/sup013_P102_ph222 elapsed=31m06s avg=7.74s/cand eta=1h00m23s remaining=468
[suite custom_states :: complete4] 242/709 ( 34.1%) done monomial_full/sup013_P120_ph000 elapsed=31m16s avg=7.75s/cand eta=1h00m21s remaining=467
[suite custom_states :: complete4] 243/709 ( 34.3%) done monomial_full/sup013_P120_ph001 elapsed=31m21s avg=7.74s/cand eta=1h00m06s remaining=466
[suite custom_states :: complete4] 244/709 ( 34.4%) done monomial_full/sup013_P120_ph002 elapsed=31m32s avg=7.75s/cand eta=1h00m05s remaining=465
[suite custom_states :: complete4] 245/709 ( 34.6%) done monomial_full/sup013_P120_ph010 elapsed=31m36s avg=7.74s/cand eta=59m51s remaining=464
[suite custom_states :: complete4] 246/709 ( 34.7%) done monomial_full/sup013_P120_ph011 elapsed=31m46s avg=7.75s/cand eta=59m47s remaining=463
[suite custom_states :: complete4] 247/709 ( 34.8%) done monomial_full/sup013_P120_ph012 elapsed=31m51s avg=7.74s/cand eta=59m34s remaining=462
[suite custom_states :: complete4] 248/709 ( 35.0%) done monomial_full/sup013_P120_ph020 elapsed=32m01s avg=7.75s/cand eta=59m31s remaining=461
[suite custom_states :: complete4] 249/709 ( 35.1%) done monomial_full/sup013_P120_ph021 elapsed=32m06s avg=7.73s/cand eta=59m18s remaining=460
[suite custom_states :: complete4] 250/709 ( 35.3%) done monomial_full/sup013_P120_ph022 elapsed=32m16s avg=7.74s/cand eta=59m14s remaining=459
[suite custom_states :: complete4] 251/709 ( 35.4%) done monomial_full/sup013_P120_ph100 elapsed=32m20s avg=7.73s/cand eta=59m00s remaining=458
[suite custom_states :: complete4] 252/709 ( 35.5%) done monomial_full/sup013_P120_ph101 elapsed=32m32s avg=7.74s/cand eta=58m59s remaining=457
[suite custom_states :: complete4] 253/709 ( 35.7%) done monomial_full/sup013_P120_ph102 elapsed=32m36s avg=7.73s/cand eta=58m45s remaining=456
[suite custom_states :: complete4] 254/709 ( 35.8%) done monomial_full/sup013_P120_ph110 elapsed=32m46s avg=7.74s/cand eta=58m42s remaining=455
[suite custom_states :: complete4] 255/709 ( 36.0%) done monomial_full/sup013_P120_ph111 elapsed=32m50s avg=7.73s/cand eta=58m27s remaining=454
[suite custom_states :: complete4] 256/709 ( 36.1%) done monomial_full/sup013_P120_ph112 elapsed=33m02s avg=7.74s/cand eta=58m27s remaining=453
[suite custom_states :: complete4] 257/709 ( 36.2%) done monomial_full/sup013_P120_ph120 elapsed=33m05s avg=7.72s/cand eta=58m11s remaining=452
[suite custom_states :: complete4] 258/709 ( 36.4%) done monomial_full/sup013_P120_ph121 elapsed=33m17s avg=7.74s/cand eta=58m10s remaining=451
[suite custom_states :: complete4] 259/709 ( 36.5%) done monomial_full/sup013_P120_ph122 elapsed=33m20s avg=7.72s/cand eta=57m55s remaining=450
[suite custom_states :: complete4] 260/709 ( 36.7%) done monomial_full/sup013_P120_ph200 elapsed=33m32s avg=7.74s/cand eta=57m54s remaining=449
[suite custom_states :: complete4] 261/709 ( 36.8%) done monomial_full/sup013_P120_ph201 elapsed=33m35s avg=7.72s/cand eta=57m39s remaining=448
[suite custom_states :: complete4] 262/709 ( 37.0%) done monomial_full/sup013_P120_ph202 elapsed=33m46s avg=7.73s/cand eta=57m37s remaining=447
[suite custom_states :: complete4] 263/709 ( 37.1%) done monomial_full/sup013_P120_ph210 elapsed=33m50s avg=7.72s/cand eta=57m22s remaining=446
[suite custom_states :: complete4] 264/709 ( 37.2%) done monomial_full/sup013_P120_ph211 elapsed=34m01s avg=7.73s/cand eta=57m20s remaining=445
[suite custom_states :: complete4] 265/709 ( 37.4%) done monomial_full/sup013_P120_ph212 elapsed=34m04s avg=7.71s/cand eta=57m05s remaining=444
[suite custom_states :: complete4] 266/709 ( 37.5%) done monomial_full/sup013_P120_ph220 elapsed=34m16s avg=7.73s/cand eta=57m03s remaining=443
[suite custom_states :: complete4] 267/709 ( 37.7%) done monomial_full/sup013_P120_ph221 elapsed=34m19s avg=7.71s/cand eta=56m49s remaining=442
[suite custom_states :: complete4] 268/709 ( 37.8%) done monomial_full/sup013_P120_ph222 elapsed=34m31s avg=7.73s/cand eta=56m47s remaining=441
[suite custom_states :: complete4] 269/709 ( 37.9%) done monomial_full/sup013_P201_ph000 elapsed=34m37s avg=7.72s/cand eta=56m37s remaining=440
[suite custom_states :: complete4] 270/709 ( 38.1%) done monomial_full/sup013_P201_ph001 elapsed=34m48s avg=7.73s/cand eta=56m34s remaining=439
[suite custom_states :: complete4] 271/709 ( 38.2%) done monomial_full/sup013_P201_ph002 elapsed=34m54s avg=7.73s/cand eta=56m24s remaining=438
[suite custom_states :: complete4] 272/709 ( 38.4%) done monomial_full/sup013_P201_ph010 elapsed=35m05s avg=7.74s/cand eta=56m22s remaining=437
[suite custom_states :: complete4] 273/709 ( 38.5%) done monomial_full/sup013_P201_ph011 elapsed=35m12s avg=7.74s/cand eta=56m13s remaining=436
[suite custom_states :: complete4] 274/709 ( 38.6%) done monomial_full/sup013_P201_ph012 elapsed=35m22s avg=7.75s/cand eta=56m09s remaining=435
[suite custom_states :: complete4] 275/709 ( 38.8%) done monomial_full/sup013_P201_ph020 elapsed=35m29s avg=7.74s/cand eta=56m00s remaining=434
[suite custom_states :: complete4] 276/709 ( 38.9%) done monomial_full/sup013_P201_ph021 elapsed=35m41s avg=7.76s/cand eta=55m58s remaining=433
[suite custom_states :: complete4] 277/709 ( 39.1%) done monomial_full/sup013_P201_ph022 elapsed=35m47s avg=7.75s/cand eta=55m48s remaining=432
[suite custom_states :: complete4] 278/709 ( 39.2%) done monomial_full/sup013_P201_ph100 elapsed=35m57s avg=7.76s/cand eta=55m45s remaining=431
[suite custom_states :: complete4] 279/709 ( 39.4%) done monomial_full/sup013_P201_ph101 elapsed=36m04s avg=7.76s/cand eta=55m36s remaining=430
[suite custom_states :: complete4] 280/709 ( 39.5%) done monomial_full/sup013_P201_ph102 elapsed=36m15s avg=7.77s/cand eta=55m33s remaining=429
[suite custom_states :: complete4] 281/709 ( 39.6%) done monomial_full/sup013_P201_ph110 elapsed=36m23s avg=7.77s/cand eta=55m25s remaining=428
[suite custom_states :: complete4] 282/709 ( 39.8%) done monomial_full/sup013_P201_ph111 elapsed=36m33s avg=7.78s/cand eta=55m21s remaining=427
[suite custom_states :: complete4] 283/709 ( 39.9%) done monomial_full/sup013_P201_ph112 elapsed=36m40s avg=7.77s/cand eta=55m11s remaining=426
[suite custom_states :: complete4] 284/709 ( 40.1%) done monomial_full/sup013_P201_ph120 elapsed=36m50s avg=7.78s/cand eta=55m07s remaining=425
[suite custom_states :: complete4] 285/709 ( 40.2%) done monomial_full/sup013_P201_ph121 elapsed=36m57s avg=7.78s/cand eta=54m58s remaining=424
[suite custom_states :: complete4] 286/709 ( 40.3%) done monomial_full/sup013_P201_ph122 elapsed=37m07s avg=7.79s/cand eta=54m53s remaining=423
[suite custom_states :: complete4] 287/709 ( 40.5%) done monomial_full/sup013_P201_ph200 elapsed=37m16s avg=7.79s/cand eta=54m47s remaining=422
[suite custom_states :: complete4] 288/709 ( 40.6%) done monomial_full/sup013_P201_ph201 elapsed=37m25s avg=7.80s/cand eta=54m42s remaining=421
[suite custom_states :: complete4] 289/709 ( 40.8%) done monomial_full/sup013_P201_ph202 elapsed=37m36s avg=7.81s/cand eta=54m38s remaining=420
[suite custom_states :: complete4] 290/709 ( 40.9%) done monomial_full/sup013_P201_ph210 elapsed=37m44s avg=7.81s/cand eta=54m31s remaining=419
[suite custom_states :: complete4] 291/709 ( 41.0%) done monomial_full/sup013_P201_ph211 elapsed=37m53s avg=7.81s/cand eta=54m26s remaining=418
[suite custom_states :: complete4] 292/709 ( 41.2%) done monomial_full/sup013_P201_ph212 elapsed=38m03s avg=7.82s/cand eta=54m21s remaining=417
[suite custom_states :: complete4] 293/709 ( 41.3%) done monomial_full/sup013_P201_ph220 elapsed=38m13s avg=7.82s/cand eta=54m15s remaining=416
[suite custom_states :: complete4] 294/709 ( 41.5%) done monomial_full/sup013_P201_ph221 elapsed=38m21s avg=7.83s/cand eta=54m08s remaining=415
[suite custom_states :: complete4] 295/709 ( 41.6%) done monomial_full/sup013_P201_ph222 elapsed=38m33s avg=7.84s/cand eta=54m06s remaining=414
[suite custom_states :: complete4] 296/709 ( 41.7%) done monomial_full/sup013_P210_ph000 elapsed=38m39s avg=7.83s/cand eta=53m55s remaining=413
[suite custom_states :: complete4] 297/709 ( 41.9%) done monomial_full/sup013_P210_ph001 elapsed=38m49s avg=7.84s/cand eta=53m50s remaining=412
[suite custom_states :: complete4] 298/709 ( 42.0%) done monomial_full/sup013_P210_ph002 elapsed=38m54s avg=7.83s/cand eta=53m39s remaining=411
[suite custom_states :: complete4] 299/709 ( 42.2%) done monomial_full/sup013_P210_ph010 elapsed=39m05s avg=7.84s/cand eta=53m35s remaining=410
[suite custom_states :: complete4] 300/709 ( 42.3%) done monomial_full/sup013_P210_ph011 elapsed=39m11s avg=7.84s/cand eta=53m25s remaining=409
[suite custom_states :: complete4] 301/709 ( 42.5%) done monomial_full/sup013_P210_ph012 elapsed=39m21s avg=7.85s/cand eta=53m21s remaining=408
[suite custom_states :: complete4] 302/709 ( 42.6%) done monomial_full/sup013_P210_ph020 elapsed=39m28s avg=7.84s/cand eta=53m11s remaining=407
[suite custom_states :: complete4] 303/709 ( 42.7%) done monomial_full/sup013_P210_ph021 elapsed=39m38s avg=7.85s/cand eta=53m06s remaining=406
[suite custom_states :: complete4] 304/709 ( 42.9%) done monomial_full/sup013_P210_ph022 elapsed=39m44s avg=7.84s/cand eta=52m56s remaining=405
[suite custom_states :: complete4] 305/709 ( 43.0%) done monomial_full/sup013_P210_ph100 elapsed=39m54s avg=7.85s/cand eta=52m51s remaining=404
[suite custom_states :: complete4] 306/709 ( 43.2%) done monomial_full/sup013_P210_ph101 elapsed=40m00s avg=7.84s/cand eta=52m41s remaining=403
[suite custom_states :: complete4] 307/709 ( 43.3%) done monomial_full/sup013_P210_ph102 elapsed=40m10s avg=7.85s/cand eta=52m36s remaining=402
[suite custom_states :: complete4] 308/709 ( 43.4%) done monomial_full/sup013_P210_ph110 elapsed=40m16s avg=7.84s/cand eta=52m26s remaining=401
[suite custom_states :: complete4] 309/709 ( 43.6%) done monomial_full/sup013_P210_ph111 elapsed=40m26s avg=7.85s/cand eta=52m21s remaining=400
[suite custom_states :: complete4] 310/709 ( 43.7%) done monomial_full/sup013_P210_ph112 elapsed=40m33s avg=7.85s/cand eta=52m11s remaining=399
[suite custom_states :: complete4] 311/709 ( 43.9%) done monomial_full/sup013_P210_ph120 elapsed=40m42s avg=7.85s/cand eta=52m05s remaining=398
[suite custom_states :: complete4] 312/709 ( 44.0%) done monomial_full/sup013_P210_ph121 elapsed=40m48s avg=7.85s/cand eta=51m55s remaining=397
[suite custom_states :: complete4] 313/709 ( 44.1%) done monomial_full/sup013_P210_ph122 elapsed=40m58s avg=7.85s/cand eta=51m50s remaining=396
[suite custom_states :: complete4] 314/709 ( 44.3%) done monomial_full/sup013_P210_ph200 elapsed=41m04s avg=7.85s/cand eta=51m40s remaining=395
[suite custom_states :: complete4] 315/709 ( 44.4%) done monomial_full/sup013_P210_ph201 elapsed=41m15s avg=7.86s/cand eta=51m35s remaining=394
[suite custom_states :: complete4] 316/709 ( 44.6%) done monomial_full/sup013_P210_ph202 elapsed=41m21s avg=7.85s/cand eta=51m25s remaining=393
[suite custom_states :: complete4] 317/709 ( 44.7%) done monomial_full/sup013_P210_ph210 elapsed=41m32s avg=7.86s/cand eta=51m21s remaining=392
[suite custom_states :: complete4] 318/709 ( 44.9%) done monomial_full/sup013_P210_ph211 elapsed=41m38s avg=7.86s/cand eta=51m11s remaining=391
[suite custom_states :: complete4] 319/709 ( 45.0%) done monomial_full/sup013_P210_ph212 elapsed=41m48s avg=7.86s/cand eta=51m06s remaining=390
[suite custom_states :: complete4] 320/709 ( 45.1%) done monomial_full/sup013_P210_ph220 elapsed=41m54s avg=7.86s/cand eta=50m56s remaining=389
[suite custom_states :: complete4] 321/709 ( 45.3%) done monomial_full/sup013_P210_ph221 elapsed=42m04s avg=7.86s/cand eta=50m51s remaining=388
[suite custom_states :: complete4] 322/709 ( 45.4%) done monomial_full/sup013_P210_ph222 elapsed=42m10s avg=7.86s/cand eta=50m41s remaining=387
[suite custom_states :: complete4] 323/709 ( 45.6%) done monomial_full/sup023_P012_ph000 elapsed=42m21s avg=7.87s/cand eta=50m37s remaining=386
[suite custom_states :: complete4] 324/709 ( 45.7%) done monomial_full/sup023_P012_ph001 elapsed=42m27s avg=7.86s/cand eta=50m27s remaining=385
[suite custom_states :: complete4] 325/709 ( 45.8%) done monomial_full/sup023_P012_ph002 elapsed=42m38s avg=7.87s/cand eta=50m22s remaining=384
[suite custom_states :: complete4] 326/709 ( 46.0%) done monomial_full/sup023_P012_ph010 elapsed=42m43s avg=7.86s/cand eta=50m11s remaining=383
[suite custom_states :: complete4] 327/709 ( 46.1%) done monomial_full/sup023_P012_ph011 elapsed=42m54s avg=7.87s/cand eta=50m07s remaining=382
[suite custom_states :: complete4] 328/709 ( 46.3%) done monomial_full/sup023_P012_ph012 elapsed=42m59s avg=7.86s/cand eta=49m56s remaining=381
[suite custom_states :: complete4] 329/709 ( 46.4%) done monomial_full/sup023_P012_ph020 elapsed=43m10s avg=7.87s/cand eta=49m52s remaining=380
[suite custom_states :: complete4] 330/709 ( 46.5%) done monomial_full/sup023_P012_ph021 elapsed=43m15s avg=7.86s/cand eta=49m41s remaining=379
[suite custom_states :: complete4] 331/709 ( 46.7%) done monomial_full/sup023_P012_ph022 elapsed=43m28s avg=7.88s/cand eta=49m38s remaining=378
[suite custom_states :: complete4] 332/709 ( 46.8%) done monomial_full/sup023_P012_ph100 elapsed=43m32s avg=7.87s/cand eta=49m27s remaining=377
[suite custom_states :: complete4] 333/709 ( 47.0%) done monomial_full/sup023_P012_ph101 elapsed=43m44s avg=7.88s/cand eta=49m23s remaining=376
[suite custom_states :: complete4] 334/709 ( 47.1%) done monomial_full/sup023_P012_ph102 elapsed=43m48s avg=7.87s/cand eta=49m11s remaining=375
[suite custom_states :: complete4] 335/709 ( 47.2%) done monomial_full/sup023_P012_ph110 elapsed=44m00s avg=7.88s/cand eta=49m07s remaining=374
[suite custom_states :: complete4] 336/709 ( 47.4%) done monomial_full/sup023_P012_ph111 elapsed=44m05s avg=7.87s/cand eta=48m56s remaining=373
[suite custom_states :: complete4] 337/709 ( 47.5%) done monomial_full/sup023_P012_ph112 elapsed=44m17s avg=7.88s/cand eta=48m53s remaining=372
[suite custom_states :: complete4] 338/709 ( 47.7%) done monomial_full/sup023_P012_ph120 elapsed=44m21s avg=7.87s/cand eta=48m41s remaining=371
[suite custom_states :: complete4] 339/709 ( 47.8%) done monomial_full/sup023_P012_ph121 elapsed=44m34s avg=7.89s/cand eta=48m38s remaining=370
[suite custom_states :: complete4] 340/709 ( 48.0%) done monomial_full/sup023_P012_ph122 elapsed=44m38s avg=7.88s/cand eta=48m26s remaining=369
[suite custom_states :: complete4] 341/709 ( 48.1%) done monomial_full/sup023_P012_ph200 elapsed=44m50s avg=7.89s/cand eta=48m23s remaining=368
[suite custom_states :: complete4] 342/709 ( 48.2%) done monomial_full/sup023_P012_ph201 elapsed=44m54s avg=7.88s/cand eta=48m11s remaining=367
[suite custom_states :: complete4] 343/709 ( 48.4%) done monomial_full/sup023_P012_ph202 elapsed=45m06s avg=7.89s/cand eta=48m08s remaining=366
[suite custom_states :: complete4] 344/709 ( 48.5%) done monomial_full/sup023_P012_ph210 elapsed=45m11s avg=7.88s/cand eta=47m56s remaining=365
[suite custom_states :: complete4] 345/709 ( 48.7%) done monomial_full/sup023_P012_ph211 elapsed=45m23s avg=7.89s/cand eta=47m53s remaining=364
[suite custom_states :: complete4] 346/709 ( 48.8%) done monomial_full/sup023_P012_ph212 elapsed=45m27s avg=7.88s/cand eta=47m41s remaining=363
[suite custom_states :: complete4] 347/709 ( 48.9%) done monomial_full/sup023_P012_ph220 elapsed=45m40s avg=7.90s/cand eta=47m38s remaining=362
[suite custom_states :: complete4] 348/709 ( 49.1%) done monomial_full/sup023_P012_ph221 elapsed=45m43s avg=7.88s/cand eta=47m26s remaining=361
[suite custom_states :: complete4] 349/709 ( 49.2%) done monomial_full/sup023_P012_ph222 elapsed=45m55s avg=7.89s/cand eta=47m22s remaining=360
[suite custom_states :: complete4] 350/709 ( 49.4%) done monomial_full/sup023_P021_ph000 elapsed=45m57s avg=7.88s/cand eta=47m08s remaining=359
[suite custom_states :: complete4] 351/709 ( 49.5%) done monomial_full/sup023_P021_ph001 elapsed=46m10s avg=7.89s/cand eta=47m05s remaining=358
[suite custom_states :: complete4] 352/709 ( 49.6%) done monomial_full/sup023_P021_ph002 elapsed=46m13s avg=7.88s/cand eta=46m53s remaining=357
[suite custom_states :: complete4] 353/709 ( 49.8%) done monomial_full/sup023_P021_ph010 elapsed=46m25s avg=7.89s/cand eta=46m48s remaining=356
[suite custom_states :: complete4] 354/709 ( 49.9%) done monomial_full/sup023_P021_ph011 elapsed=46m28s avg=7.88s/cand eta=46m36s remaining=355
[suite custom_states :: complete4] 355/709 ( 50.1%) done monomial_full/sup023_P021_ph012 elapsed=46m40s avg=7.89s/cand eta=46m32s remaining=354
[suite custom_states :: complete4] 356/709 ( 50.2%) done monomial_full/sup023_P021_ph020 elapsed=46m43s avg=7.87s/cand eta=46m19s remaining=353
[suite custom_states :: complete4] 357/709 ( 50.4%) done monomial_full/sup023_P021_ph021 elapsed=46m55s avg=7.88s/cand eta=46m15s remaining=352
[suite custom_states :: complete4] 358/709 ( 50.5%) done monomial_full/sup023_P021_ph022 elapsed=46m57s avg=7.87s/cand eta=46m02s remaining=351
[suite custom_states :: complete4] 359/709 ( 50.6%) done monomial_full/sup023_P021_ph100 elapsed=47m09s avg=7.88s/cand eta=45m58s remaining=350
[suite custom_states :: complete4] 360/709 ( 50.8%) done monomial_full/sup023_P021_ph101 elapsed=47m13s avg=7.87s/cand eta=45m46s remaining=349
[suite custom_states :: complete4] 361/709 ( 50.9%) done monomial_full/sup023_P021_ph102 elapsed=47m24s avg=7.88s/cand eta=45m41s remaining=348
[suite custom_states :: complete4] 362/709 ( 51.1%) done monomial_full/sup023_P021_ph110 elapsed=47m28s avg=7.87s/cand eta=45m30s remaining=347
[suite custom_states :: complete4] 363/709 ( 51.2%) done monomial_full/sup023_P021_ph111 elapsed=47m39s avg=7.88s/cand eta=45m25s remaining=346
[suite custom_states :: complete4] 364/709 ( 51.3%) done monomial_full/sup023_P021_ph112 elapsed=47m42s avg=7.86s/cand eta=45m13s remaining=345
[suite custom_states :: complete4] 365/709 ( 51.5%) done monomial_full/sup023_P021_ph120 elapsed=47m54s avg=7.87s/cand eta=45m09s remaining=344
[suite custom_states :: complete4] 366/709 ( 51.6%) done monomial_full/sup023_P021_ph121 elapsed=47m57s avg=7.86s/cand eta=44m56s remaining=343
[suite custom_states :: complete4] 367/709 ( 51.8%) done monomial_full/sup023_P021_ph122 elapsed=48m10s avg=7.88s/cand eta=44m53s remaining=342
[suite custom_states :: complete4] 368/709 ( 51.9%) done monomial_full/sup023_P021_ph200 elapsed=48m12s avg=7.86s/cand eta=44m40s remaining=341
[suite custom_states :: complete4] 369/709 ( 52.0%) done monomial_full/sup023_P021_ph201 elapsed=48m25s avg=7.87s/cand eta=44m36s remaining=340
[suite custom_states :: complete4] 370/709 ( 52.2%) done monomial_full/sup023_P021_ph202 elapsed=48m28s avg=7.86s/cand eta=44m24s remaining=339
[suite custom_states :: complete4] 371/709 ( 52.3%) done monomial_full/sup023_P021_ph210 elapsed=48m40s avg=7.87s/cand eta=44m20s remaining=338
[suite custom_states :: complete4] 372/709 ( 52.5%) done monomial_full/sup023_P021_ph211 elapsed=48m43s avg=7.86s/cand eta=44m08s remaining=337
[suite custom_states :: complete4] 373/709 ( 52.6%) done monomial_full/sup023_P021_ph212 elapsed=48m53s avg=7.86s/cand eta=44m02s remaining=336
[suite custom_states :: complete4] 374/709 ( 52.8%) done monomial_full/sup023_P021_ph220 elapsed=48m57s avg=7.85s/cand eta=43m51s remaining=335
[suite custom_states :: complete4] 375/709 ( 52.9%) done monomial_full/sup023_P021_ph221 elapsed=49m08s avg=7.86s/cand eta=43m46s remaining=334
[suite custom_states :: complete4] 376/709 ( 53.0%) done monomial_full/sup023_P021_ph222 elapsed=49m12s avg=7.85s/cand eta=43m34s remaining=333
[suite custom_states :: complete4] 377/709 ( 53.2%) done monomial_full/sup023_P102_ph000 elapsed=49m26s avg=7.87s/cand eta=43m32s remaining=332
[suite custom_states :: complete4] 378/709 ( 53.3%) done monomial_full/sup023_P102_ph001 elapsed=49m31s avg=7.86s/cand eta=43m22s remaining=331
[suite custom_states :: complete4] 379/709 ( 53.5%) done monomial_full/sup023_P102_ph002 elapsed=49m44s avg=7.87s/cand eta=43m18s remaining=330
[suite custom_states :: complete4] 380/709 ( 53.6%) done monomial_full/sup023_P102_ph010 elapsed=49m48s avg=7.86s/cand eta=43m07s remaining=329
[suite custom_states :: complete4] 381/709 ( 53.7%) done monomial_full/sup023_P102_ph011 elapsed=50m01s avg=7.88s/cand eta=43m04s remaining=328
[suite custom_states :: complete4] 382/709 ( 53.9%) done monomial_full/sup023_P102_ph012 elapsed=50m05s avg=7.87s/cand eta=42m52s remaining=327
[suite custom_states :: complete4] 383/709 ( 54.0%) done monomial_full/sup023_P102_ph020 elapsed=50m19s avg=7.88s/cand eta=42m50s remaining=326
[suite custom_states :: complete4] 384/709 ( 54.2%) done monomial_full/sup023_P102_ph021 elapsed=50m23s avg=7.87s/cand eta=42m39s remaining=325
[suite custom_states :: complete4] 385/709 ( 54.3%) done monomial_full/sup023_P102_ph022 elapsed=50m37s avg=7.89s/cand eta=42m36s remaining=324
[suite custom_states :: complete4] 386/709 ( 54.4%) done monomial_full/sup023_P102_ph100 elapsed=50m41s avg=7.88s/cand eta=42m24s remaining=323
[suite custom_states :: complete4] 387/709 ( 54.6%) done monomial_full/sup023_P102_ph101 elapsed=50m54s avg=7.89s/cand eta=42m21s remaining=322
[suite custom_states :: complete4] 388/709 ( 54.7%) done monomial_full/sup023_P102_ph102 elapsed=50m58s avg=7.88s/cand eta=42m10s remaining=321
[suite custom_states :: complete4] 389/709 ( 54.9%) done monomial_full/sup023_P102_ph110 elapsed=51m12s avg=7.90s/cand eta=42m07s remaining=320
[suite custom_states :: complete4] 390/709 ( 55.0%) done monomial_full/sup023_P102_ph111 elapsed=51m16s avg=7.89s/cand eta=41m56s remaining=319
[suite custom_states :: complete4] 391/709 ( 55.1%) done monomial_full/sup023_P102_ph112 elapsed=51m30s avg=7.90s/cand eta=41m53s remaining=318
[suite custom_states :: complete4] 392/709 ( 55.3%) done monomial_full/sup023_P102_ph120 elapsed=51m34s avg=7.89s/cand eta=41m42s remaining=317
[suite custom_states :: complete4] 393/709 ( 55.4%) done monomial_full/sup023_P102_ph121 elapsed=51m47s avg=7.91s/cand eta=41m38s remaining=316
[suite custom_states :: complete4] 394/709 ( 55.6%) done monomial_full/sup023_P102_ph122 elapsed=51m50s avg=7.89s/cand eta=41m27s remaining=315
[suite custom_states :: complete4] 395/709 ( 55.7%) done monomial_full/sup023_P102_ph200 elapsed=52m04s avg=7.91s/cand eta=41m24s remaining=314
[suite custom_states :: complete4] 396/709 ( 55.9%) done monomial_full/sup023_P102_ph201 elapsed=52m08s avg=7.90s/cand eta=41m12s remaining=313
[suite custom_states :: complete4] 397/709 ( 56.0%) done monomial_full/sup023_P102_ph202 elapsed=52m23s avg=7.92s/cand eta=41m10s remaining=312
[suite custom_states :: complete4] 398/709 ( 56.1%) done monomial_full/sup023_P102_ph210 elapsed=52m26s avg=7.90s/cand eta=40m58s remaining=311
[suite custom_states :: complete4] 399/709 ( 56.3%) done monomial_full/sup023_P102_ph211 elapsed=52m40s avg=7.92s/cand eta=40m55s remaining=310
[suite custom_states :: complete4] 400/709 ( 56.4%) done monomial_full/sup023_P102_ph212 elapsed=52m44s avg=7.91s/cand eta=40m44s remaining=309
[suite custom_states :: complete4] 401/709 ( 56.6%) done monomial_full/sup023_P102_ph220 elapsed=52m56s avg=7.92s/cand eta=40m40s remaining=308
[suite custom_states :: complete4] 402/709 ( 56.7%) done monomial_full/sup023_P102_ph221 elapsed=53m02s avg=7.92s/cand eta=40m30s remaining=307
[suite custom_states :: complete4] 403/709 ( 56.8%) done monomial_full/sup023_P102_ph222 elapsed=53m16s avg=7.93s/cand eta=40m27s remaining=306
[suite custom_states :: complete4] 404/709 ( 57.0%) done monomial_full/sup023_P120_ph000 elapsed=53m19s avg=7.92s/cand eta=40m15s remaining=305
[suite custom_states :: complete4] 405/709 ( 57.1%) done monomial_full/sup023_P120_ph001 elapsed=53m34s avg=7.94s/cand eta=40m12s remaining=304
[suite custom_states :: complete4] 406/709 ( 57.3%) done monomial_full/sup023_P120_ph002 elapsed=53m37s avg=7.92s/cand eta=40m01s remaining=303
[suite custom_states :: complete4] 407/709 ( 57.4%) done monomial_full/sup023_P120_ph010 elapsed=53m50s avg=7.94s/cand eta=39m57s remaining=302
[suite custom_states :: complete4] 408/709 ( 57.5%) done monomial_full/sup023_P120_ph011 elapsed=53m53s avg=7.92s/cand eta=39m45s remaining=301
[suite custom_states :: complete4] 409/709 ( 57.7%) done monomial_full/sup023_P120_ph012 elapsed=54m07s avg=7.94s/cand eta=39m41s remaining=300
[suite custom_states :: complete4] 410/709 ( 57.8%) done monomial_full/sup023_P120_ph020 elapsed=54m10s avg=7.93s/cand eta=39m30s remaining=299
[suite custom_states :: complete4] 411/709 ( 58.0%) done monomial_full/sup023_P120_ph021 elapsed=54m24s avg=7.94s/cand eta=39m27s remaining=298
[suite custom_states :: complete4] 412/709 ( 58.1%) done monomial_full/sup023_P120_ph022 elapsed=54m27s avg=7.93s/cand eta=39m15s remaining=297
[suite custom_states :: complete4] 413/709 ( 58.3%) done monomial_full/sup023_P120_ph100 elapsed=54m41s avg=7.94s/cand eta=39m11s remaining=296
[suite custom_states :: complete4] 414/709 ( 58.4%) done monomial_full/sup023_P120_ph101 elapsed=54m44s avg=7.93s/cand eta=39m00s remaining=295
[suite custom_states :: complete4] 415/709 ( 58.5%) done monomial_full/sup023_P120_ph102 elapsed=54m57s avg=7.94s/cand eta=38m55s remaining=294
[suite custom_states :: complete4] 416/709 ( 58.7%) done monomial_full/sup023_P120_ph110 elapsed=55m00s avg=7.93s/cand eta=38m45s remaining=293
[suite custom_states :: complete4] 417/709 ( 58.8%) done monomial_full/sup023_P120_ph111 elapsed=55m15s avg=7.95s/cand eta=38m41s remaining=292
[suite custom_states :: complete4] 418/709 ( 59.0%) done monomial_full/sup023_P120_ph112 elapsed=55m18s avg=7.94s/cand eta=38m30s remaining=291
[suite custom_states :: complete4] 419/709 ( 59.1%) done monomial_full/sup023_P120_ph120 elapsed=55m32s avg=7.95s/cand eta=38m26s remaining=290
[suite custom_states :: complete4] 420/709 ( 59.2%) done monomial_full/sup023_P120_ph121 elapsed=55m35s avg=7.94s/cand eta=38m15s remaining=289
[suite custom_states :: complete4] 421/709 ( 59.4%) done monomial_full/sup023_P120_ph122 elapsed=55m48s avg=7.95s/cand eta=38m11s remaining=288
[suite custom_states :: complete4] 422/709 ( 59.5%) done monomial_full/sup023_P120_ph200 elapsed=55m51s avg=7.94s/cand eta=37m59s remaining=287
[suite custom_states :: complete4] 423/709 ( 59.7%) done monomial_full/sup023_P120_ph201 elapsed=56m05s avg=7.95s/cand eta=37m55s remaining=286
[suite custom_states :: complete4] 424/709 ( 59.8%) done monomial_full/sup023_P120_ph202 elapsed=56m07s avg=7.94s/cand eta=37m43s remaining=285
[suite custom_states :: complete4] 425/709 ( 59.9%) done monomial_full/sup023_P120_ph210 elapsed=56m22s avg=7.96s/cand eta=37m40s remaining=284
[suite custom_states :: complete4] 426/709 ( 60.1%) done monomial_full/sup023_P120_ph211 elapsed=56m25s avg=7.95s/cand eta=37m29s remaining=283
[suite custom_states :: complete4] 427/709 ( 60.2%) done monomial_full/sup023_P120_ph212 elapsed=56m39s avg=7.96s/cand eta=37m25s remaining=282
[suite custom_states :: complete4] 428/709 ( 60.4%) done monomial_full/sup023_P120_ph220 elapsed=56m41s avg=7.95s/cand eta=37m13s remaining=281
[suite custom_states :: complete4] 429/709 ( 60.5%) done monomial_full/sup023_P120_ph221 elapsed=56m55s avg=7.96s/cand eta=37m09s remaining=280
[suite custom_states :: complete4] 430/709 ( 60.6%) done monomial_full/sup023_P120_ph222 elapsed=56m58s avg=7.95s/cand eta=36m58s remaining=279
[suite custom_states :: complete4] 431/709 ( 60.8%) done monomial_full/sup023_P201_ph000 elapsed=57m10s avg=7.96s/cand eta=36m52s remaining=278
[suite custom_states :: complete4] 432/709 ( 60.9%) done monomial_full/sup023_P201_ph001 elapsed=57m12s avg=7.95s/cand eta=36m41s remaining=277
[suite custom_states :: complete4] 433/709 ( 61.1%) done monomial_full/sup023_P201_ph002 elapsed=57m24s avg=7.95s/cand eta=36m35s remaining=276
[suite custom_states :: complete4] 434/709 ( 61.2%) done monomial_full/sup023_P201_ph010 elapsed=57m27s avg=7.94s/cand eta=36m24s remaining=275
[suite custom_states :: complete4] 435/709 ( 61.4%) done monomial_full/sup023_P201_ph011 elapsed=57m38s avg=7.95s/cand eta=36m18s remaining=274
[suite custom_states :: complete4] 436/709 ( 61.5%) done monomial_full/sup023_P201_ph012 elapsed=57m41s avg=7.94s/cand eta=36m07s remaining=273
[suite custom_states :: complete4] 437/709 ( 61.6%) done monomial_full/sup023_P201_ph020 elapsed=57m52s avg=7.95s/cand eta=36m01s remaining=272
[suite custom_states :: complete4] 438/709 ( 61.8%) done monomial_full/sup023_P201_ph021 elapsed=57m55s avg=7.93s/cand eta=35m50s remaining=271
[suite custom_states :: complete4] 439/709 ( 61.9%) done monomial_full/sup023_P201_ph022 elapsed=58m07s avg=7.94s/cand eta=35m45s remaining=270
[suite custom_states :: complete4] 440/709 ( 62.1%) done monomial_full/sup023_P201_ph100 elapsed=58m10s avg=7.93s/cand eta=35m34s remaining=269
[suite custom_states :: complete4] 441/709 ( 62.2%) done monomial_full/sup023_P201_ph101 elapsed=58m22s avg=7.94s/cand eta=35m28s remaining=268
[suite custom_states :: complete4] 442/709 ( 62.3%) done monomial_full/sup023_P201_ph102 elapsed=58m25s avg=7.93s/cand eta=35m17s remaining=267
[suite custom_states :: complete4] 443/709 ( 62.5%) done monomial_full/sup023_P201_ph110 elapsed=58m37s avg=7.94s/cand eta=35m12s remaining=266
[suite custom_states :: complete4] 444/709 ( 62.6%) done monomial_full/sup023_P201_ph111 elapsed=58m40s avg=7.93s/cand eta=35m01s remaining=265
[suite custom_states :: complete4] 445/709 ( 62.8%) done monomial_full/sup023_P201_ph112 elapsed=58m50s avg=7.93s/cand eta=34m54s remaining=264
[suite custom_states :: complete4] 446/709 ( 62.9%) done monomial_full/sup023_P201_ph120 elapsed=58m53s avg=7.92s/cand eta=34m44s remaining=263
[suite custom_states :: complete4] 447/709 ( 63.0%) done monomial_full/sup023_P201_ph121 elapsed=59m05s avg=7.93s/cand eta=34m38s remaining=262
[suite custom_states :: complete4] 448/709 ( 63.2%) done monomial_full/sup023_P201_ph122 elapsed=59m08s avg=7.92s/cand eta=34m27s remaining=261
[suite custom_states :: complete4] 449/709 ( 63.3%) done monomial_full/sup023_P201_ph200 elapsed=59m19s avg=7.93s/cand eta=34m21s remaining=260
[suite custom_states :: complete4] 450/709 ( 63.5%) done monomial_full/sup023_P201_ph201 elapsed=59m22s avg=7.92s/cand eta=34m10s remaining=259
[suite custom_states :: complete4] 451/709 ( 63.6%) done monomial_full/sup023_P201_ph202 elapsed=59m34s avg=7.92s/cand eta=34m05s remaining=258
[suite custom_states :: complete4] 452/709 ( 63.8%) done monomial_full/sup023_P201_ph210 elapsed=59m37s avg=7.91s/cand eta=33m54s remaining=257
[suite custom_states :: complete4] 453/709 ( 63.9%) done monomial_full/sup023_P201_ph211 elapsed=59m48s avg=7.92s/cand eta=33m48s remaining=256
[suite custom_states :: complete4] 454/709 ( 64.0%) done monomial_full/sup023_P201_ph212 elapsed=59m51s avg=7.91s/cand eta=33m37s remaining=255
[suite custom_states :: complete4] 455/709 ( 64.2%) done monomial_full/sup023_P201_ph220 elapsed=1h00m02s avg=7.92s/cand eta=33m31s remaining=254
[suite custom_states :: complete4] 456/709 ( 64.3%) done monomial_full/sup023_P201_ph221 elapsed=1h00m05s avg=7.91s/cand eta=33m20s remaining=253
[suite custom_states :: complete4] 457/709 ( 64.5%) done monomial_full/sup023_P201_ph222 elapsed=1h00m16s avg=7.91s/cand eta=33m14s remaining=252
[suite custom_states :: complete4] 458/709 ( 64.6%) done monomial_full/sup023_P210_ph000 elapsed=1h00m20s avg=7.90s/cand eta=33m04s remaining=251
[suite custom_states :: complete4] 459/709 ( 64.7%) done monomial_full/sup023_P210_ph001 elapsed=1h00m31s avg=7.91s/cand eta=32m58s remaining=250
[suite custom_states :: complete4] 460/709 ( 64.9%) done monomial_full/sup023_P210_ph002 elapsed=1h00m35s avg=7.90s/cand eta=32m48s remaining=249
[suite custom_states :: complete4] 461/709 ( 65.0%) done monomial_full/sup023_P210_ph010 elapsed=1h00m46s avg=7.91s/cand eta=32m41s remaining=248
[suite custom_states :: complete4] 462/709 ( 65.2%) done monomial_full/sup023_P210_ph011 elapsed=1h00m49s avg=7.90s/cand eta=32m31s remaining=247
[suite custom_states :: complete4] 463/709 ( 65.3%) done monomial_full/sup023_P210_ph012 elapsed=1h01m00s avg=7.90s/cand eta=32m24s remaining=246
[suite custom_states :: complete4] 464/709 ( 65.4%) done monomial_full/sup023_P210_ph020 elapsed=1h01m04s avg=7.90s/cand eta=32m15s remaining=245
[suite custom_states :: complete4] 465/709 ( 65.6%) done monomial_full/sup023_P210_ph021 elapsed=1h01m15s avg=7.90s/cand eta=32m08s remaining=244
[suite custom_states :: complete4] 466/709 ( 65.7%) done monomial_full/sup023_P210_ph022 elapsed=1h01m19s avg=7.89s/cand eta=31m58s remaining=243
[suite custom_states :: complete4] 467/709 ( 65.9%) done monomial_full/sup023_P210_ph100 elapsed=1h01m30s avg=7.90s/cand eta=31m52s remaining=242
[suite custom_states :: complete4] 468/709 ( 66.0%) done monomial_full/sup023_P210_ph101 elapsed=1h01m34s avg=7.89s/cand eta=31m42s remaining=241
[suite custom_states :: complete4] 469/709 ( 66.1%) done monomial_full/sup023_P210_ph102 elapsed=1h01m45s avg=7.90s/cand eta=31m36s remaining=240
[suite custom_states :: complete4] 470/709 ( 66.3%) done monomial_full/sup023_P210_ph110 elapsed=1h01m49s avg=7.89s/cand eta=31m26s remaining=239
[suite custom_states :: complete4] 471/709 ( 66.4%) done monomial_full/sup023_P210_ph111 elapsed=1h01m59s avg=7.90s/cand eta=31m19s remaining=238
[suite custom_states :: complete4] 472/709 ( 66.6%) done monomial_full/sup023_P210_ph112 elapsed=1h02m03s avg=7.89s/cand eta=31m09s remaining=237
[suite custom_states :: complete4] 473/709 ( 66.7%) done monomial_full/sup023_P210_ph120 elapsed=1h02m14s avg=7.89s/cand eta=31m03s remaining=236
[suite custom_states :: complete4] 474/709 ( 66.9%) done monomial_full/sup023_P210_ph121 elapsed=1h02m18s avg=7.89s/cand eta=30m53s remaining=235
[suite custom_states :: complete4] 475/709 ( 67.0%) done monomial_full/sup023_P210_ph122 elapsed=1h02m29s avg=7.89s/cand eta=30m47s remaining=234
[suite custom_states :: complete4] 476/709 ( 67.1%) done monomial_full/sup023_P210_ph200 elapsed=1h02m33s avg=7.89s/cand eta=30m37s remaining=233
[suite custom_states :: complete4] 477/709 ( 67.3%) done monomial_full/sup023_P210_ph201 elapsed=1h02m43s avg=7.89s/cand eta=30m30s remaining=232
[suite custom_states :: complete4] 478/709 ( 67.4%) done monomial_full/sup023_P210_ph202 elapsed=1h02m48s avg=7.88s/cand eta=30m21s remaining=231
[suite custom_states :: complete4] 479/709 ( 67.6%) done monomial_full/sup023_P210_ph210 elapsed=1h02m58s avg=7.89s/cand eta=30m14s remaining=230
[suite custom_states :: complete4] 480/709 ( 67.7%) done monomial_full/sup023_P210_ph211 elapsed=1h03m03s avg=7.88s/cand eta=30m05s remaining=229
[suite custom_states :: complete4] 481/709 ( 67.8%) done monomial_full/sup023_P210_ph212 elapsed=1h03m13s avg=7.89s/cand eta=29m58s remaining=228
[suite custom_states :: complete4] 482/709 ( 68.0%) done monomial_full/sup023_P210_ph220 elapsed=1h03m18s avg=7.88s/cand eta=29m49s remaining=227
[suite custom_states :: complete4] 483/709 ( 68.1%) done monomial_full/sup023_P210_ph221 elapsed=1h03m28s avg=7.88s/cand eta=29m42s remaining=226
[suite custom_states :: complete4] 484/709 ( 68.3%) done monomial_full/sup023_P210_ph222 elapsed=1h03m33s avg=7.88s/cand eta=29m33s remaining=225
[suite custom_states :: complete4] 485/709 ( 68.4%) done monomial_full/sup123_P012_ph000 elapsed=1h03m43s avg=7.88s/cand eta=29m26s remaining=224
[suite custom_states :: complete4] 486/709 ( 68.5%) done monomial_full/sup123_P012_ph001 elapsed=1h03m48s avg=7.88s/cand eta=29m16s remaining=223
[suite custom_states :: complete4] 487/709 ( 68.7%) done monomial_full/sup123_P012_ph002 elapsed=1h03m57s avg=7.88s/cand eta=29m09s remaining=222
[suite custom_states :: complete4] 488/709 ( 68.8%) done monomial_full/sup123_P012_ph010 elapsed=1h04m02s avg=7.87s/cand eta=29m00s remaining=221
[suite custom_states :: complete4] 489/709 ( 69.0%) done monomial_full/sup123_P012_ph011 elapsed=1h04m12s avg=7.88s/cand eta=28m53s remaining=220
[suite custom_states :: complete4] 490/709 ( 69.1%) done monomial_full/sup123_P012_ph012 elapsed=1h04m17s avg=7.87s/cand eta=28m44s remaining=219
[suite custom_states :: complete4] 491/709 ( 69.3%) done monomial_full/sup123_P012_ph020 elapsed=1h04m27s avg=7.88s/cand eta=28m37s remaining=218
[suite custom_states :: complete4] 492/709 ( 69.4%) done monomial_full/sup123_P012_ph021 elapsed=1h04m32s avg=7.87s/cand eta=28m28s remaining=217
[suite custom_states :: complete4] 493/709 ( 69.5%) done monomial_full/sup123_P012_ph022 elapsed=1h04m41s avg=7.87s/cand eta=28m21s remaining=216
[suite custom_states :: complete4] 494/709 ( 69.7%) done monomial_full/sup123_P012_ph100 elapsed=1h04m46s avg=7.87s/cand eta=28m11s remaining=215
[suite custom_states :: complete4] 495/709 ( 69.8%) done monomial_full/sup123_P012_ph101 elapsed=1h04m56s avg=7.87s/cand eta=28m04s remaining=214
[suite custom_states :: complete4] 496/709 ( 70.0%) done monomial_full/sup123_P012_ph102 elapsed=1h05m00s avg=7.86s/cand eta=27m55s remaining=213
[suite custom_states :: complete4] 497/709 ( 70.1%) done monomial_full/sup123_P012_ph110 elapsed=1h05m11s avg=7.87s/cand eta=27m48s remaining=212
[suite custom_states :: complete4] 498/709 ( 70.2%) done monomial_full/sup123_P012_ph111 elapsed=1h05m15s avg=7.86s/cand eta=27m39s remaining=211
[suite custom_states :: complete4] 499/709 ( 70.4%) done monomial_full/sup123_P012_ph112 elapsed=1h05m26s avg=7.87s/cand eta=27m32s remaining=210
[suite custom_states :: complete4] 500/709 ( 70.5%) done monomial_full/sup123_P012_ph120 elapsed=1h05m31s avg=7.86s/cand eta=27m23s remaining=209
[suite custom_states :: complete4] 501/709 ( 70.7%) done monomial_full/sup123_P012_ph121 elapsed=1h05m41s avg=7.87s/cand eta=27m16s remaining=208
[suite custom_states :: complete4] 502/709 ( 70.8%) done monomial_full/sup123_P012_ph122 elapsed=1h05m45s avg=7.86s/cand eta=27m07s remaining=207
[suite custom_states :: complete4] 503/709 ( 70.9%) done monomial_full/sup123_P012_ph200 elapsed=1h05m55s avg=7.86s/cand eta=27m00s remaining=206
[suite custom_states :: complete4] 504/709 ( 71.1%) done monomial_full/sup123_P012_ph201 elapsed=1h06m00s avg=7.86s/cand eta=26m51s remaining=205
[suite custom_states :: complete4] 505/709 ( 71.2%) done monomial_full/sup123_P012_ph202 elapsed=1h06m10s avg=7.86s/cand eta=26m44s remaining=204
[suite custom_states :: complete4] 506/709 ( 71.4%) done monomial_full/sup123_P012_ph210 elapsed=1h06m15s avg=7.86s/cand eta=26m35s remaining=203
[suite custom_states :: complete4] 507/709 ( 71.5%) done monomial_full/sup123_P012_ph211 elapsed=1h06m25s avg=7.86s/cand eta=26m28s remaining=202
[suite custom_states :: complete4] 508/709 ( 71.7%) done monomial_full/sup123_P012_ph212 elapsed=1h06m30s avg=7.85s/cand eta=26m19s remaining=201
[suite custom_states :: complete4] 509/709 ( 71.8%) done monomial_full/sup123_P012_ph220 elapsed=1h06m40s avg=7.86s/cand eta=26m12s remaining=200
[suite custom_states :: complete4] 510/709 ( 71.9%) done monomial_full/sup123_P012_ph221 elapsed=1h06m45s avg=7.85s/cand eta=26m03s remaining=199
[suite custom_states :: complete4] 511/709 ( 72.1%) done monomial_full/sup123_P012_ph222 elapsed=1h06m54s avg=7.85s/cand eta=25m55s remaining=198
[suite custom_states :: complete4] 512/709 ( 72.2%) done monomial_full/sup123_P021_ph000 elapsed=1h07m01s avg=7.85s/cand eta=25m47s remaining=197
[suite custom_states :: complete4] 513/709 ( 72.4%) done monomial_full/sup123_P021_ph001 elapsed=1h07m10s avg=7.86s/cand eta=25m40s remaining=196
[suite custom_states :: complete4] 514/709 ( 72.5%) done monomial_full/sup123_P021_ph002 elapsed=1h07m17s avg=7.85s/cand eta=25m32s remaining=195
[suite custom_states :: complete4] 515/709 ( 72.6%) done monomial_full/sup123_P021_ph010 elapsed=1h07m27s avg=7.86s/cand eta=25m24s remaining=194
[suite custom_states :: complete4] 516/709 ( 72.8%) done monomial_full/sup123_P021_ph011 elapsed=1h07m34s avg=7.86s/cand eta=25m16s remaining=193
[suite custom_states :: complete4] 517/709 ( 72.9%) done monomial_full/sup123_P021_ph012 elapsed=1h07m43s avg=7.86s/cand eta=25m09s remaining=192
[suite custom_states :: complete4] 518/709 ( 73.1%) done monomial_full/sup123_P021_ph020 elapsed=1h07m50s avg=7.86s/cand eta=25m01s remaining=191
[suite custom_states :: complete4] 519/709 ( 73.2%) done monomial_full/sup123_P021_ph021 elapsed=1h07m59s avg=7.86s/cand eta=24m53s remaining=190
[suite custom_states :: complete4] 520/709 ( 73.3%) done monomial_full/sup123_P021_ph022 elapsed=1h08m07s avg=7.86s/cand eta=24m46s remaining=189
[suite custom_states :: complete4] 521/709 ( 73.5%) done monomial_full/sup123_P021_ph100 elapsed=1h08m16s avg=7.86s/cand eta=24m38s remaining=188
[suite custom_states :: complete4] 522/709 ( 73.6%) done monomial_full/sup123_P021_ph101 elapsed=1h08m24s avg=7.86s/cand eta=24m30s remaining=187
[suite custom_states :: complete4] 523/709 ( 73.8%) done monomial_full/sup123_P021_ph102 elapsed=1h08m33s avg=7.86s/cand eta=24m23s remaining=186
[suite custom_states :: complete4] 524/709 ( 73.9%) done monomial_full/sup123_P021_ph110 elapsed=1h08m41s avg=7.86s/cand eta=24m15s remaining=185
[suite custom_states :: complete4] 525/709 ( 74.0%) done monomial_full/sup123_P021_ph111 elapsed=1h08m49s avg=7.87s/cand eta=24m07s remaining=184
[suite custom_states :: complete4] 526/709 ( 74.2%) done monomial_full/sup123_P021_ph112 elapsed=1h08m58s avg=7.87s/cand eta=24m00s remaining=183
[suite custom_states :: complete4] 527/709 ( 74.3%) done monomial_full/sup123_P021_ph120 elapsed=1h09m06s avg=7.87s/cand eta=23m52s remaining=182
[suite custom_states :: complete4] 528/709 ( 74.5%) done monomial_full/sup123_P021_ph121 elapsed=1h09m14s avg=7.87s/cand eta=23m44s remaining=181
[suite custom_states :: complete4] 529/709 ( 74.6%) done monomial_full/sup123_P021_ph122 elapsed=1h09m22s avg=7.87s/cand eta=23m36s remaining=180
[suite custom_states :: complete4] 530/709 ( 74.8%) done monomial_full/sup123_P021_ph200 elapsed=1h09m32s avg=7.87s/cand eta=23m29s remaining=179
[suite custom_states :: complete4] 531/709 ( 74.9%) done monomial_full/sup123_P021_ph201 elapsed=1h09m39s avg=7.87s/cand eta=23m21s remaining=178
[suite custom_states :: complete4] 532/709 ( 75.0%) done monomial_full/sup123_P021_ph202 elapsed=1h09m48s avg=7.87s/cand eta=23m13s remaining=177
[suite custom_states :: complete4] 533/709 ( 75.2%) done monomial_full/sup123_P021_ph210 elapsed=1h09m55s avg=7.87s/cand eta=23m05s remaining=176
[suite custom_states :: complete4] 534/709 ( 75.3%) done monomial_full/sup123_P021_ph211 elapsed=1h10m04s avg=7.87s/cand eta=22m58s remaining=175
[suite custom_states :: complete4] 535/709 ( 75.5%) done monomial_full/sup123_P021_ph212 elapsed=1h10m11s avg=7.87s/cand eta=22m50s remaining=174
[suite custom_states :: complete4] 536/709 ( 75.6%) done monomial_full/sup123_P021_ph220 elapsed=1h10m20s avg=7.87s/cand eta=22m42s remaining=173
[suite custom_states :: complete4] 537/709 ( 75.7%) done monomial_full/sup123_P021_ph221 elapsed=1h10m28s avg=7.87s/cand eta=22m34s remaining=172
[suite custom_states :: complete4] 538/709 ( 75.9%) done monomial_full/sup123_P021_ph222 elapsed=1h10m37s avg=7.88s/cand eta=22m27s remaining=171
[suite custom_states :: complete4] 539/709 ( 76.0%) done monomial_full/sup123_P102_ph000 elapsed=1h10m45s avg=7.88s/cand eta=22m19s remaining=170
[suite custom_states :: complete4] 540/709 ( 76.2%) done monomial_full/sup123_P102_ph001 elapsed=1h10m54s avg=7.88s/cand eta=22m11s remaining=169
[suite custom_states :: complete4] 541/709 ( 76.3%) done monomial_full/sup123_P102_ph002 elapsed=1h11m01s avg=7.88s/cand eta=22m03s remaining=168
[suite custom_states :: complete4] 542/709 ( 76.4%) done monomial_full/sup123_P102_ph010 elapsed=1h11m10s avg=7.88s/cand eta=21m56s remaining=167
[suite custom_states :: complete4] 543/709 ( 76.6%) done monomial_full/sup123_P102_ph011 elapsed=1h11m18s avg=7.88s/cand eta=21m48s remaining=166
[suite custom_states :: complete4] 544/709 ( 76.7%) done monomial_full/sup123_P102_ph012 elapsed=1h11m27s avg=7.88s/cand eta=21m40s remaining=165
[suite custom_states :: complete4] 545/709 ( 76.9%) done monomial_full/sup123_P102_ph020 elapsed=1h11m35s avg=7.88s/cand eta=21m33s remaining=164
[suite custom_states :: complete4] 546/709 ( 77.0%) done monomial_full/sup123_P102_ph021 elapsed=1h11m44s avg=7.88s/cand eta=21m25s remaining=163
[suite custom_states :: complete4] 547/709 ( 77.2%) done monomial_full/sup123_P102_ph022 elapsed=1h11m52s avg=7.88s/cand eta=21m17s remaining=162
[suite custom_states :: complete4] 548/709 ( 77.3%) done monomial_full/sup123_P102_ph100 elapsed=1h12m01s avg=7.88s/cand eta=21m09s remaining=161
[suite custom_states :: complete4] 549/709 ( 77.4%) done monomial_full/sup123_P102_ph101 elapsed=1h12m09s avg=7.88s/cand eta=21m02s remaining=160
[suite custom_states :: complete4] 550/709 ( 77.6%) done monomial_full/sup123_P102_ph102 elapsed=1h12m18s avg=7.89s/cand eta=20m54s remaining=159
[suite custom_states :: complete4] 551/709 ( 77.7%) done monomial_full/sup123_P102_ph110 elapsed=1h12m26s avg=7.89s/cand eta=20m46s remaining=158
[suite custom_states :: complete4] 552/709 ( 77.9%) done monomial_full/sup123_P102_ph111 elapsed=1h12m35s avg=7.89s/cand eta=20m39s remaining=157
[suite custom_states :: complete4] 553/709 ( 78.0%) done monomial_full/sup123_P102_ph112 elapsed=1h12m43s avg=7.89s/cand eta=20m31s remaining=156
[suite custom_states :: complete4] 554/709 ( 78.1%) done monomial_full/sup123_P102_ph120 elapsed=1h12m51s avg=7.89s/cand eta=20m23s remaining=155
[suite custom_states :: complete4] 555/709 ( 78.3%) done monomial_full/sup123_P102_ph121 elapsed=1h12m59s avg=7.89s/cand eta=20m15s remaining=154
[suite custom_states :: complete4] 556/709 ( 78.4%) done monomial_full/sup123_P102_ph122 elapsed=1h13m08s avg=7.89s/cand eta=20m08s remaining=153
[suite custom_states :: complete4] 557/709 ( 78.6%) done monomial_full/sup123_P102_ph200 elapsed=1h13m17s avg=7.89s/cand eta=20m00s remaining=152
[suite custom_states :: complete4] 558/709 ( 78.7%) done monomial_full/sup123_P102_ph201 elapsed=1h13m25s avg=7.89s/cand eta=19m52s remaining=151
[suite custom_states :: complete4] 559/709 ( 78.8%) done monomial_full/sup123_P102_ph202 elapsed=1h13m35s avg=7.90s/cand eta=19m45s remaining=150
[suite custom_states :: complete4] 560/709 ( 79.0%) done monomial_full/sup123_P102_ph210 elapsed=1h13m42s avg=7.90s/cand eta=19m37s remaining=149
[suite custom_states :: complete4] 561/709 ( 79.1%) done monomial_full/sup123_P102_ph211 elapsed=1h13m52s avg=7.90s/cand eta=19m29s remaining=148
[suite custom_states :: complete4] 562/709 ( 79.3%) done monomial_full/sup123_P102_ph212 elapsed=1h13m59s avg=7.90s/cand eta=19m21s remaining=147
[suite custom_states :: complete4] 563/709 ( 79.4%) done monomial_full/sup123_P102_ph220 elapsed=1h14m09s avg=7.90s/cand eta=19m14s remaining=146
[suite custom_states :: complete4] 564/709 ( 79.5%) done monomial_full/sup123_P102_ph221 elapsed=1h14m16s avg=7.90s/cand eta=19m06s remaining=145
[suite custom_states :: complete4] 565/709 ( 79.7%) done monomial_full/sup123_P102_ph222 elapsed=1h14m26s avg=7.90s/cand eta=18m58s remaining=144
[suite custom_states :: complete4] 566/709 ( 79.8%) done monomial_full/sup123_P120_ph000 elapsed=1h14m34s avg=7.90s/cand eta=18m50s remaining=143
[suite custom_states :: complete4] 567/709 ( 80.0%) done monomial_full/sup123_P120_ph001 elapsed=1h14m43s avg=7.91s/cand eta=18m43s remaining=142
[suite custom_states :: complete4] 568/709 ( 80.1%) done monomial_full/sup123_P120_ph002 elapsed=1h14m51s avg=7.91s/cand eta=18m35s remaining=141
[suite custom_states :: complete4] 569/709 ( 80.3%) done monomial_full/sup123_P120_ph010 elapsed=1h15m00s avg=7.91s/cand eta=18m27s remaining=140
[suite custom_states :: complete4] 570/709 ( 80.4%) done monomial_full/sup123_P120_ph011 elapsed=1h15m08s avg=7.91s/cand eta=18m19s remaining=139
[suite custom_states :: complete4] 571/709 ( 80.5%) done monomial_full/sup123_P120_ph012 elapsed=1h15m18s avg=7.91s/cand eta=18m12s remaining=138
[suite custom_states :: complete4] 572/709 ( 80.7%) done monomial_full/sup123_P120_ph020 elapsed=1h15m26s avg=7.91s/cand eta=18m04s remaining=137
[suite custom_states :: complete4] 573/709 ( 80.8%) done monomial_full/sup123_P120_ph021 elapsed=1h15m37s avg=7.92s/cand eta=17m57s remaining=136
[suite custom_states :: complete4] 574/709 ( 81.0%) done monomial_full/sup123_P120_ph022 elapsed=1h15m44s avg=7.92s/cand eta=17m49s remaining=135
[suite custom_states :: complete4] 575/709 ( 81.1%) done monomial_full/sup123_P120_ph100 elapsed=1h15m54s avg=7.92s/cand eta=17m41s remaining=134
[suite custom_states :: complete4] 576/709 ( 81.2%) done monomial_full/sup123_P120_ph101 elapsed=1h16m02s avg=7.92s/cand eta=17m33s remaining=133
[suite custom_states :: complete4] 577/709 ( 81.4%) done monomial_full/sup123_P120_ph102 elapsed=1h16m12s avg=7.92s/cand eta=17m26s remaining=132
[suite custom_states :: complete4] 578/709 ( 81.5%) done monomial_full/sup123_P120_ph110 elapsed=1h16m20s avg=7.92s/cand eta=17m18s remaining=131
[suite custom_states :: complete4] 579/709 ( 81.7%) done monomial_full/sup123_P120_ph111 elapsed=1h16m30s avg=7.93s/cand eta=17m11s remaining=130
[suite custom_states :: complete4] 580/709 ( 81.8%) done monomial_full/sup123_P120_ph112 elapsed=1h16m38s avg=7.93s/cand eta=17m03s remaining=129
[suite custom_states :: complete4] 581/709 ( 81.9%) done monomial_full/sup123_P120_ph120 elapsed=1h16m47s avg=7.93s/cand eta=16m55s remaining=128
[suite custom_states :: complete4] 582/709 ( 82.1%) done monomial_full/sup123_P120_ph121 elapsed=1h16m55s avg=7.93s/cand eta=16m47s remaining=127
[suite custom_states :: complete4] 583/709 ( 82.2%) done monomial_full/sup123_P120_ph122 elapsed=1h17m04s avg=7.93s/cand eta=16m39s remaining=126
[suite custom_states :: complete4] 584/709 ( 82.4%) done monomial_full/sup123_P120_ph200 elapsed=1h17m13s avg=7.93s/cand eta=16m32s remaining=125
[suite custom_states :: complete4] 585/709 ( 82.5%) done monomial_full/sup123_P120_ph201 elapsed=1h17m22s avg=7.94s/cand eta=16m24s remaining=124
[suite custom_states :: complete4] 586/709 ( 82.7%) done monomial_full/sup123_P120_ph202 elapsed=1h17m31s avg=7.94s/cand eta=16m16s remaining=123
[suite custom_states :: complete4] 587/709 ( 82.8%) done monomial_full/sup123_P120_ph210 elapsed=1h17m40s avg=7.94s/cand eta=16m09s remaining=122
[suite custom_states :: complete4] 588/709 ( 82.9%) done monomial_full/sup123_P120_ph211 elapsed=1h17m49s avg=7.94s/cand eta=16m01s remaining=121
[suite custom_states :: complete4] 589/709 ( 83.1%) done monomial_full/sup123_P120_ph212 elapsed=1h17m57s avg=7.94s/cand eta=15m53s remaining=120
[suite custom_states :: complete4] 590/709 ( 83.2%) done monomial_full/sup123_P120_ph220 elapsed=1h18m07s avg=7.94s/cand eta=15m45s remaining=119
[suite custom_states :: complete4] 591/709 ( 83.4%) done monomial_full/sup123_P120_ph221 elapsed=1h18m16s avg=7.95s/cand eta=15m38s remaining=118
[suite custom_states :: complete4] 592/709 ( 83.5%) done monomial_full/sup123_P120_ph222 elapsed=1h18m25s avg=7.95s/cand eta=15m30s remaining=117
[suite custom_states :: complete4] 593/709 ( 83.6%) done monomial_full/sup123_P201_ph000 elapsed=1h18m31s avg=7.94s/cand eta=15m21s remaining=116
[suite custom_states :: complete4] 594/709 ( 83.8%) done monomial_full/sup123_P201_ph001 elapsed=1h18m41s avg=7.95s/cand eta=15m14s remaining=115
[suite custom_states :: complete4] 595/709 ( 83.9%) done monomial_full/sup123_P201_ph002 elapsed=1h18m46s avg=7.94s/cand eta=15m05s remaining=114
[suite custom_states :: complete4] 596/709 ( 84.1%) done monomial_full/sup123_P201_ph010 elapsed=1h18m55s avg=7.94s/cand eta=14m58s remaining=113
[suite custom_states :: complete4] 597/709 ( 84.2%) done monomial_full/sup123_P201_ph011 elapsed=1h19m00s avg=7.94s/cand eta=14m49s remaining=112
[suite custom_states :: complete4] 598/709 ( 84.3%) done monomial_full/sup123_P201_ph012 elapsed=1h19m10s avg=7.94s/cand eta=14m42s remaining=111
[suite custom_states :: complete4] 599/709 ( 84.5%) done monomial_full/sup123_P201_ph020 elapsed=1h19m15s avg=7.94s/cand eta=14m33s remaining=110
[suite custom_states :: complete4] 600/709 ( 84.6%) done monomial_full/sup123_P201_ph021 elapsed=1h19m26s avg=7.94s/cand eta=14m26s remaining=109
[suite custom_states :: complete4] 601/709 ( 84.8%) done monomial_full/sup123_P201_ph022 elapsed=1h19m30s avg=7.94s/cand eta=14m17s remaining=108
[suite custom_states :: complete4] 602/709 ( 84.9%) done monomial_full/sup123_P201_ph100 elapsed=1h19m40s avg=7.94s/cand eta=14m10s remaining=107
[suite custom_states :: complete4] 603/709 ( 85.0%) done monomial_full/sup123_P201_ph101 elapsed=1h19m45s avg=7.94s/cand eta=14m01s remaining=106
[suite custom_states :: complete4] 604/709 ( 85.2%) done monomial_full/sup123_P201_ph102 elapsed=1h19m54s avg=7.94s/cand eta=13m53s remaining=105
[suite custom_states :: complete4] 605/709 ( 85.3%) done monomial_full/sup123_P201_ph110 elapsed=1h19m59s avg=7.93s/cand eta=13m45s remaining=104
[suite custom_states :: complete4] 606/709 ( 85.5%) done monomial_full/sup123_P201_ph111 elapsed=1h20m10s avg=7.94s/cand eta=13m37s remaining=103
[suite custom_states :: complete4] 607/709 ( 85.6%) done monomial_full/sup123_P201_ph112 elapsed=1h20m15s avg=7.93s/cand eta=13m29s remaining=102
[suite custom_states :: complete4] 608/709 ( 85.8%) done monomial_full/sup123_P201_ph120 elapsed=1h20m24s avg=7.93s/cand eta=13m21s remaining=101
[suite custom_states :: complete4] 609/709 ( 85.9%) done monomial_full/sup123_P201_ph121 elapsed=1h20m29s avg=7.93s/cand eta=13m13s remaining=100
[suite custom_states :: complete4] 610/709 ( 86.0%) done monomial_full/sup123_P201_ph122 elapsed=1h20m39s avg=7.93s/cand eta=13m05s remaining=99
[suite custom_states :: complete4] 611/709 ( 86.2%) done monomial_full/sup123_P201_ph200 elapsed=1h20m44s avg=7.93s/cand eta=12m57s remaining=98
[suite custom_states :: complete4] 612/709 ( 86.3%) done monomial_full/sup123_P201_ph201 elapsed=1h20m54s avg=7.93s/cand eta=12m49s remaining=97
[suite custom_states :: complete4] 613/709 ( 86.5%) done monomial_full/sup123_P201_ph202 elapsed=1h20m59s avg=7.93s/cand eta=12m41s remaining=96
[suite custom_states :: complete4] 614/709 ( 86.6%) done monomial_full/sup123_P201_ph210 elapsed=1h21m09s avg=7.93s/cand eta=12m33s remaining=95
[suite custom_states :: complete4] 615/709 ( 86.7%) done monomial_full/sup123_P201_ph211 elapsed=1h21m14s avg=7.92s/cand eta=12m25s remaining=94
[suite custom_states :: complete4] 616/709 ( 86.9%) done monomial_full/sup123_P201_ph212 elapsed=1h21m24s avg=7.93s/cand eta=12m17s remaining=93
[suite custom_states :: complete4] 617/709 ( 87.0%) done monomial_full/sup123_P201_ph220 elapsed=1h21m29s avg=7.92s/cand eta=12m09s remaining=92
[suite custom_states :: complete4] 618/709 ( 87.2%) done monomial_full/sup123_P201_ph221 elapsed=1h21m39s avg=7.93s/cand eta=12m01s remaining=91
[suite custom_states :: complete4] 619/709 ( 87.3%) done monomial_full/sup123_P201_ph222 elapsed=1h21m43s avg=7.92s/cand eta=11m53s remaining=90
[suite custom_states :: complete4] 620/709 ( 87.4%) done monomial_full/sup123_P210_ph000 elapsed=1h21m53s avg=7.92s/cand eta=11m45s remaining=89
[suite custom_states :: complete4] 621/709 ( 87.6%) done monomial_full/sup123_P210_ph001 elapsed=1h21m58s avg=7.92s/cand eta=11m37s remaining=88
[suite custom_states :: complete4] 622/709 ( 87.7%) done monomial_full/sup123_P210_ph002 elapsed=1h22m09s avg=7.93s/cand eta=11m29s remaining=87
[suite custom_states :: complete4] 623/709 ( 87.9%) done monomial_full/sup123_P210_ph010 elapsed=1h22m14s avg=7.92s/cand eta=11m21s remaining=86
[suite custom_states :: complete4] 624/709 ( 88.0%) done monomial_full/sup123_P210_ph011 elapsed=1h22m26s avg=7.93s/cand eta=11m14s remaining=85
[suite custom_states :: complete4] 625/709 ( 88.2%) done monomial_full/sup123_P210_ph012 elapsed=1h22m30s avg=7.92s/cand eta=11m05s remaining=84
[suite custom_states :: complete4] 626/709 ( 88.3%) done monomial_full/sup123_P210_ph020 elapsed=1h22m41s avg=7.92s/cand eta=10m58s remaining=83
[suite custom_states :: complete4] 627/709 ( 88.4%) done monomial_full/sup123_P210_ph021 elapsed=1h22m44s avg=7.92s/cand eta=10m49s remaining=82
[suite custom_states :: complete4] 628/709 ( 88.6%) done monomial_full/sup123_P210_ph022 elapsed=1h22m55s avg=7.92s/cand eta=10m42s remaining=81
[suite custom_states :: complete4] 629/709 ( 88.7%) done monomial_full/sup123_P210_ph100 elapsed=1h22m58s avg=7.91s/cand eta=10m33s remaining=80
[suite custom_states :: complete4] 630/709 ( 88.9%) done monomial_full/sup123_P210_ph101 elapsed=1h23m10s avg=7.92s/cand eta=10m26s remaining=79
[suite custom_states :: complete4] 631/709 ( 89.0%) done monomial_full/sup123_P210_ph102 elapsed=1h23m14s avg=7.91s/cand eta=10m17s remaining=78
[suite custom_states :: complete4] 632/709 ( 89.1%) done monomial_full/sup123_P210_ph110 elapsed=1h23m25s avg=7.92s/cand eta=10m10s remaining=77
[suite custom_states :: complete4] 633/709 ( 89.3%) done monomial_full/sup123_P210_ph111 elapsed=1h23m29s avg=7.91s/cand eta=10m01s remaining=76
[suite custom_states :: complete4] 634/709 ( 89.4%) done monomial_full/sup123_P210_ph112 elapsed=1h23m41s avg=7.92s/cand eta=9m54s remaining=75
[suite custom_states :: complete4] 635/709 ( 89.6%) done monomial_full/sup123_P210_ph120 elapsed=1h23m44s avg=7.91s/cand eta=9m45s remaining=74
[suite custom_states :: complete4] 636/709 ( 89.7%) done monomial_full/sup123_P210_ph121 elapsed=1h23m55s avg=7.92s/cand eta=9m38s remaining=73
[suite custom_states :: complete4] 637/709 ( 89.8%) done monomial_full/sup123_P210_ph122 elapsed=1h23m58s avg=7.91s/cand eta=9m29s remaining=72
[suite custom_states :: complete4] 638/709 ( 90.0%) done monomial_full/sup123_P210_ph200 elapsed=1h24m10s avg=7.92s/cand eta=9m22s remaining=71
[suite custom_states :: complete4] 639/709 ( 90.1%) done monomial_full/sup123_P210_ph201 elapsed=1h24m13s avg=7.91s/cand eta=9m14s remaining=70
[suite custom_states :: complete4] 640/709 ( 90.3%) done monomial_full/sup123_P210_ph202 elapsed=1h24m25s avg=7.91s/cand eta=9m06s remaining=69
[suite custom_states :: complete4] 641/709 ( 90.4%) done monomial_full/sup123_P210_ph210 elapsed=1h24m28s avg=7.91s/cand eta=8m58s remaining=68
[suite custom_states :: complete4] 642/709 ( 90.6%) done monomial_full/sup123_P210_ph211 elapsed=1h24m39s avg=7.91s/cand eta=8m50s remaining=67
[suite custom_states :: complete4] 643/709 ( 90.7%) done monomial_full/sup123_P210_ph212 elapsed=1h24m42s avg=7.90s/cand eta=8m42s remaining=66
[suite custom_states :: complete4] 644/709 ( 90.8%) done monomial_full/sup123_P210_ph220 elapsed=1h24m53s avg=7.91s/cand eta=8m34s remaining=65
[suite custom_states :: complete4] 645/709 ( 91.0%) done monomial_full/sup123_P210_ph221 elapsed=1h24m56s avg=7.90s/cand eta=8m26s remaining=64
[suite custom_states :: complete4] 646/709 ( 91.1%) done monomial_full/sup123_P210_ph222 elapsed=1h25m08s avg=7.91s/cand eta=8m18s remaining=63
[suite custom_states :: complete4] 647/709 ( 91.3%) done product/U_I__V_X elapsed=1h25m11s avg=7.90s/cand eta=8m10s remaining=62
[suite custom_states :: complete4] 648/709 ( 91.4%) done product/U_I__V_SX elapsed=1h25m23s avg=7.91s/cand eta=8m02s remaining=61
[suite custom_states :: complete4] 649/709 ( 91.5%) done product/U_I__V_SXdg elapsed=1h25m26s avg=7.90s/cand eta=7m54s remaining=60
[suite custom_states :: complete4] 650/709 ( 91.7%) done product/U_I__V_H elapsed=1h25m38s avg=7.91s/cand eta=7m46s remaining=59
[suite custom_states :: complete4] 651/709 ( 91.8%) done product/U_I__V_HS elapsed=1h25m41s avg=7.90s/cand eta=7m38s remaining=58
[suite custom_states :: complete4] 652/709 ( 92.0%) done product/U_I__V_SH elapsed=1h25m53s avg=7.90s/cand eta=7m30s remaining=57
[suite custom_states :: complete4] 653/709 ( 92.1%) done product/U_I__V_Z elapsed=1h25m55s avg=7.89s/cand eta=7m22s remaining=56
[suite custom_states :: complete4] 654/709 ( 92.2%) done product/U_X__V_I elapsed=1h26m07s avg=7.90s/cand eta=7m15s remaining=55
[suite custom_states :: complete4] 655/709 ( 92.4%) done product/U_X__V_X elapsed=1h26m10s avg=7.89s/cand eta=7m06s remaining=54
[suite custom_states :: complete4] 656/709 ( 92.5%) done product/U_X__V_SX elapsed=1h26m22s avg=7.90s/cand eta=6m59s remaining=53
[suite custom_states :: complete4] 657/709 ( 92.7%) done product/U_X__V_SXdg elapsed=1h26m25s avg=7.89s/cand eta=6m50s remaining=52
[suite custom_states :: complete4] 658/709 ( 92.8%) done product/U_X__V_H elapsed=1h26m37s avg=7.90s/cand eta=6m43s remaining=51
[suite custom_states :: complete4] 659/709 ( 92.9%) done product/U_X__V_HS elapsed=1h26m39s avg=7.89s/cand eta=6m34s remaining=50
[suite custom_states :: complete4] 660/709 ( 93.1%) done product/U_X__V_SH elapsed=1h26m51s avg=7.90s/cand eta=6m27s remaining=49
[suite custom_states :: complete4] 661/709 ( 93.2%) done product/U_X__V_Z elapsed=1h26m54s avg=7.89s/cand eta=6m19s remaining=48
[suite custom_states :: complete4] 662/709 ( 93.4%) done product/U_SX__V_I elapsed=1h27m05s avg=7.89s/cand eta=6m11s remaining=47
[suite custom_states :: complete4] 663/709 ( 93.5%) done product/U_SX__V_X elapsed=1h27m09s avg=7.89s/cand eta=6m03s remaining=46
[suite custom_states :: complete4] 664/709 ( 93.7%) done product/U_SX__V_SX elapsed=1h27m20s avg=7.89s/cand eta=5m55s remaining=45
[suite custom_states :: complete4] 665/709 ( 93.8%) done product/U_SX__V_SXdg elapsed=1h27m24s avg=7.89s/cand eta=5m47s remaining=44
[suite custom_states :: complete4] 666/709 ( 93.9%) done product/U_SX__V_H elapsed=1h27m35s avg=7.89s/cand eta=5m39s remaining=43
[suite custom_states :: complete4] 667/709 ( 94.1%) done product/U_SX__V_HS elapsed=1h27m38s avg=7.88s/cand eta=5m31s remaining=42
[suite custom_states :: complete4] 668/709 ( 94.2%) done product/U_SX__V_SH elapsed=1h27m50s avg=7.89s/cand eta=5m23s remaining=41
[suite custom_states :: complete4] 669/709 ( 94.4%) done product/U_SX__V_Z elapsed=1h27m52s avg=7.88s/cand eta=5m15s remaining=40
[suite custom_states :: complete4] 670/709 ( 94.5%) done product/U_SXdg__V_I elapsed=1h28m04s avg=7.89s/cand eta=5m08s remaining=39
[suite custom_states :: complete4] 671/709 ( 94.6%) done product/U_SXdg__V_X elapsed=1h28m07s avg=7.88s/cand eta=4m59s remaining=38
[suite custom_states :: complete4] 672/709 ( 94.8%) done product/U_SXdg__V_SX elapsed=1h28m19s avg=7.88s/cand eta=4m52s remaining=37
[suite custom_states :: complete4] 673/709 ( 94.9%) done product/U_SXdg__V_SXdg elapsed=1h28m23s avg=7.88s/cand eta=4m44s remaining=36
[suite custom_states :: complete4] 674/709 ( 95.1%) done product/U_SXdg__V_H elapsed=1h28m34s avg=7.88s/cand eta=4m36s remaining=35
[suite custom_states :: complete4] 675/709 ( 95.2%) done product/U_SXdg__V_HS elapsed=1h28m39s avg=7.88s/cand eta=4m28s remaining=34
[suite custom_states :: complete4] 676/709 ( 95.3%) done product/U_SXdg__V_SH elapsed=1h28m50s avg=7.88s/cand eta=4m20s remaining=33
[suite custom_states :: complete4] 677/709 ( 95.5%) done product/U_SXdg__V_Z elapsed=1h28m53s avg=7.88s/cand eta=4m12s remaining=32
[suite custom_states :: complete4] 678/709 ( 95.6%) done product/U_H__V_I elapsed=1h29m04s avg=7.88s/cand eta=4m04s remaining=31
[suite custom_states :: complete4] 679/709 ( 95.8%) done product/U_H__V_X elapsed=1h29m08s avg=7.88s/cand eta=3m56s remaining=30
[suite custom_states :: complete4] 680/709 ( 95.9%) done product/U_H__V_SX elapsed=1h29m20s avg=7.88s/cand eta=3m49s remaining=29
[suite custom_states :: complete4] 681/709 ( 96.1%) done product/U_H__V_SXdg elapsed=1h29m24s avg=7.88s/cand eta=3m41s remaining=28
[suite custom_states :: complete4] 682/709 ( 96.2%) done product/U_H__V_H elapsed=1h29m34s avg=7.88s/cand eta=3m33s remaining=27
[suite custom_states :: complete4] 683/709 ( 96.3%) done product/U_H__V_HS elapsed=1h29m40s avg=7.88s/cand eta=3m25s remaining=26
[suite custom_states :: complete4] 684/709 ( 96.5%) done product/U_H__V_SH elapsed=1h29m50s avg=7.88s/cand eta=3m17s remaining=25
[suite custom_states :: complete4] 685/709 ( 96.6%) done product/U_H__V_Z elapsed=1h29m53s avg=7.87s/cand eta=3m09s remaining=24
[suite custom_states :: complete4] 686/709 ( 96.8%) done product/U_HS__V_I elapsed=1h30m04s avg=7.88s/cand eta=3m01s remaining=23
[suite custom_states :: complete4] 687/709 ( 96.9%) done product/U_HS__V_X elapsed=1h30m08s avg=7.87s/cand eta=2m53s remaining=22
[suite custom_states :: complete4] 688/709 ( 97.0%) done product/U_HS__V_SX elapsed=1h30m19s avg=7.88s/cand eta=2m45s remaining=21
[suite custom_states :: complete4] 689/709 ( 97.2%) done product/U_HS__V_SXdg elapsed=1h30m24s avg=7.87s/cand eta=2m37s remaining=20
[suite custom_states :: complete4] 690/709 ( 97.3%) done product/U_HS__V_H elapsed=1h30m35s avg=7.88s/cand eta=2m30s remaining=19
[suite custom_states :: complete4] 691/709 ( 97.5%) done product/U_HS__V_HS elapsed=1h30m39s avg=7.87s/cand eta=2m22s remaining=18
[suite custom_states :: complete4] 692/709 ( 97.6%) done product/U_HS__V_SH elapsed=1h30m50s avg=7.88s/cand eta=2m14s remaining=17
[suite custom_states :: complete4] 693/709 ( 97.7%) done product/U_HS__V_Z elapsed=1h30m54s avg=7.87s/cand eta=2m06s remaining=16
[suite custom_states :: complete4] 694/709 ( 97.9%) done product/U_SH__V_I elapsed=1h31m05s avg=7.87s/cand eta=1m58s remaining=15
[suite custom_states :: complete4] 695/709 ( 98.0%) done product/U_SH__V_X elapsed=1h31m08s avg=7.87s/cand eta=1m50s remaining=14
[suite custom_states :: complete4] 696/709 ( 98.2%) done product/U_SH__V_SX elapsed=1h31m20s avg=7.87s/cand eta=1m42s remaining=13
[suite custom_states :: complete4] 697/709 ( 98.3%) done product/U_SH__V_SXdg elapsed=1h31m23s avg=7.87s/cand eta=1m34s remaining=12
[suite custom_states :: complete4] 698/709 ( 98.4%) done product/U_SH__V_H elapsed=1h31m35s avg=7.87s/cand eta=1m27s remaining=11
[suite custom_states :: complete4] 699/709 ( 98.6%) done product/U_SH__V_HS elapsed=1h31m38s avg=7.87s/cand eta=1m19s remaining=10
[suite custom_states :: complete4] 700/709 ( 98.7%) done product/U_SH__V_SH elapsed=1h31m49s avg=7.87s/cand eta=1m11s remaining=9
[suite custom_states :: complete4] 701/709 ( 98.9%) done product/U_SH__V_Z elapsed=1h31m53s avg=7.86s/cand eta=1m03s remaining=8
[suite custom_states :: complete4] 702/709 ( 99.0%) done product/U_Z__V_I elapsed=1h32m04s avg=7.87s/cand eta=55s remaining=7
[suite custom_states :: complete4] 703/709 ( 99.2%) done product/U_Z__V_X elapsed=1h32m07s avg=7.86s/cand eta=47s remaining=6
[suite custom_states :: complete4] 704/709 ( 99.3%) done product/U_Z__V_SX elapsed=1h32m19s avg=7.87s/cand eta=39s remaining=5
[suite custom_states :: complete4] 705/709 ( 99.4%) done product/U_Z__V_SXdg elapsed=1h32m22s avg=7.86s/cand eta=31s remaining=4
[suite custom_states :: complete4] 706/709 ( 99.6%) done product/U_Z__V_H elapsed=1h32m33s avg=7.87s/cand eta=24s remaining=3
[suite custom_states :: complete4] 707/709 ( 99.7%) done product/U_Z__V_HS elapsed=1h32m37s avg=7.86s/cand eta=16s remaining=2
[suite custom_states :: complete4] 708/709 ( 99.9%) done product/U_Z__V_SH elapsed=1h32m47s avg=7.86s/cand eta=8s remaining=1
[suite custom_states :: complete4] 709/709 (100.0%) done product/U_Z__V_Z elapsed=1h32m50s avg=7.86s/cand eta=0s remaining=0
[suite custom_states :: complete4] finished 709/709 in 1h32m51s (avg 7.86s/cand)
[suite custom_states] [3/5] finished complete4 in 1h32m52s; suite elapsed=3h58m30s eta=2h39m00s remaining_states=2
[suite custom_states] [4/5] === state cluster2x2 (family=cluster, qutrits=4, edges=4) ===
[suite custom_states] state cluster2x2: 709 benchmarked, 4 baseline-equivalent skipped, 713 candidates total
[suite custom_states :: cluster2x2] starting benchmarks: 0/709
[suite custom_states :: cluster2x2] 1/709 (  0.1%) done baseline/E_old elapsed=16s avg=16.49s/cand eta=3h14m37s remaining=708
[suite custom_states :: cluster2x2] 2/709 (  0.3%) done monomial_full/sup012_P012_ph001 elapsed=18s avg=9.01s/cand eta=1h46m11s remaining=707
[suite custom_states :: cluster2x2] 3/709 (  0.4%) done monomial_full/sup012_P012_ph002 elapsed=30s avg=9.98s/cand eta=1h57m27s remaining=706
[suite custom_states :: cluster2x2] 4/709 (  0.6%) done monomial_full/sup012_P012_ph010 elapsed=31s avg=7.79s/cand eta=1h31m32s remaining=705
[suite custom_states :: cluster2x2] 5/709 (  0.7%) done monomial_full/sup012_P012_ph011 elapsed=42s avg=8.44s/cand eta=1h38m58s remaining=704
[suite custom_states :: cluster2x2] 6/709 (  0.8%) done monomial_full/sup012_P012_ph012 elapsed=43s avg=7.13s/cand eta=1h23m32s remaining=703
[suite custom_states :: cluster2x2] 7/709 (  1.0%) done monomial_full/sup012_P012_ph021 elapsed=54s avg=7.73s/cand eta=1h30m24s remaining=702
[suite custom_states :: cluster2x2] 8/709 (  1.1%) done monomial_full/sup012_P012_ph020 elapsed=54s avg=6.76s/cand eta=1h19m02s remaining=701
[suite custom_states :: cluster2x2] 9/709 (  1.3%) done monomial_full/sup012_P012_ph022 elapsed=1m06s avg=7.35s/cand eta=1h25m48s remaining=700
[suite custom_states :: cluster2x2] 10/709 (  1.4%) done monomial_full/sup012_P012_ph100 elapsed=1m06s avg=6.65s/cand eta=1h17m27s remaining=699
[suite custom_states :: cluster2x2] 11/709 (  1.6%) done monomial_full/sup012_P012_ph101 elapsed=1m18s avg=7.06s/cand eta=1h22m10s remaining=698
[suite custom_states :: cluster2x2] 12/709 (  1.7%) done monomial_full/sup012_P012_ph102 elapsed=1m19s avg=6.62s/cand eta=1h16m53s remaining=697
[suite custom_states :: cluster2x2] 13/709 (  1.8%) done monomial_full/sup012_P012_ph110 elapsed=1m29s avg=6.88s/cand eta=1h19m49s remaining=696
[suite custom_states :: cluster2x2] 14/709 (  2.0%) done monomial_full/sup012_P012_ph112 elapsed=1m32s avg=6.61s/cand eta=1h16m31s remaining=695
[suite custom_states :: cluster2x2] 15/709 (  2.1%) done monomial_full/sup012_P012_ph120 elapsed=1m42s avg=6.79s/cand eta=1h18m33s remaining=694
[suite custom_states :: cluster2x2] 16/709 (  2.3%) done monomial_full/sup012_P012_ph121 elapsed=1m45s avg=6.53s/cand eta=1h15m28s remaining=693
[suite custom_states :: cluster2x2] 17/709 (  2.4%) done monomial_full/sup012_P012_ph122 elapsed=1m54s avg=6.68s/cand eta=1h17m04s remaining=692
[suite custom_states :: cluster2x2] 18/709 (  2.5%) done monomial_full/sup012_P012_ph200 elapsed=1m57s avg=6.50s/cand eta=1h14m52s remaining=691
[suite custom_states :: cluster2x2] 19/709 (  2.7%) done monomial_full/sup012_P012_ph201 elapsed=2m05s avg=6.58s/cand eta=1h15m42s remaining=690
[suite custom_states :: cluster2x2] 20/709 (  2.8%) done monomial_full/sup012_P012_ph202 elapsed=2m08s avg=6.39s/cand eta=1h13m22s remaining=689
[suite custom_states :: cluster2x2] 21/709 (  3.0%) done monomial_full/sup012_P012_ph210 elapsed=2m17s avg=6.53s/cand eta=1h14m53s remaining=688
[suite custom_states :: cluster2x2] 22/709 (  3.1%) done monomial_full/sup012_P012_ph211 elapsed=2m20s avg=6.34s/cand eta=1h12m36s remaining=687
[suite custom_states :: cluster2x2] 23/709 (  3.2%) done monomial_full/sup012_P012_ph212 elapsed=2m30s avg=6.53s/cand eta=1h14m39s remaining=686
[suite custom_states :: cluster2x2] 24/709 (  3.4%) done monomial_full/sup012_P012_ph220 elapsed=2m31s avg=6.31s/cand eta=1h12m00s remaining=685
[suite custom_states :: cluster2x2] 25/709 (  3.5%) done monomial_full/sup012_P012_ph221 elapsed=2m42s avg=6.50s/cand eta=1h14m05s remaining=684
[suite custom_states :: cluster2x2] 26/709 (  3.7%) done monomial_full/sup012_P021_ph000 elapsed=2m47s avg=6.42s/cand eta=1h13m04s remaining=683
[suite custom_states :: cluster2x2] 27/709 (  3.8%) done monomial_full/sup012_P021_ph001 elapsed=2m58s avg=6.58s/cand eta=1h14m46s remaining=682
[suite custom_states :: cluster2x2] 28/709 (  3.9%) done monomial_full/sup012_P021_ph002 elapsed=3m02s avg=6.49s/cand eta=1h13m38s remaining=681
[suite custom_states :: cluster2x2] 29/709 (  4.1%) done monomial_full/sup012_P021_ph010 elapsed=3m12s avg=6.64s/cand eta=1h15m13s remaining=680
[suite custom_states :: cluster2x2] 30/709 (  4.2%) done monomial_full/sup012_P021_ph011 elapsed=3m17s avg=6.57s/cand eta=1h14m22s remaining=679
[suite custom_states :: cluster2x2] 31/709 (  4.4%) done monomial_full/sup012_P021_ph012 elapsed=3m28s avg=6.71s/cand eta=1h15m50s remaining=678
[suite custom_states :: cluster2x2] 32/709 (  4.5%) done monomial_full/sup012_P021_ph020 elapsed=3m33s avg=6.65s/cand eta=1h14m59s remaining=677
[suite custom_states :: cluster2x2] 33/709 (  4.7%) done monomial_full/sup012_P021_ph021 elapsed=3m43s avg=6.77s/cand eta=1h16m16s remaining=676
[suite custom_states :: cluster2x2] 34/709 (  4.8%) done monomial_full/sup012_P021_ph022 elapsed=3m49s avg=6.73s/cand eta=1h15m40s remaining=675
[suite custom_states :: cluster2x2] 35/709 (  4.9%) done monomial_full/sup012_P021_ph100 elapsed=3m58s avg=6.81s/cand eta=1h16m32s remaining=674
[suite custom_states :: cluster2x2] 36/709 (  5.1%) done monomial_full/sup012_P021_ph101 elapsed=4m03s avg=6.76s/cand eta=1h15m47s remaining=673
[suite custom_states :: cluster2x2] 37/709 (  5.2%) done monomial_full/sup012_P021_ph102 elapsed=4m14s avg=6.85s/cand eta=1h16m44s remaining=672
[suite custom_states :: cluster2x2] 38/709 (  5.4%) done monomial_full/sup012_P021_ph110 elapsed=4m19s avg=6.80s/cand eta=1h16m05s remaining=671
[suite custom_states :: cluster2x2] 39/709 (  5.5%) done monomial_full/sup012_P021_ph111 elapsed=4m29s avg=6.89s/cand eta=1h16m58s remaining=670
[suite custom_states :: cluster2x2] 40/709 (  5.6%) done monomial_full/sup012_P021_ph112 elapsed=4m37s avg=6.93s/cand eta=1h17m14s remaining=669
[suite custom_states :: cluster2x2] 41/709 (  5.8%) done monomial_full/sup012_P021_ph120 elapsed=4m47s avg=6.99s/cand eta=1h17m49s remaining=668
[suite custom_states :: cluster2x2] 42/709 (  5.9%) done monomial_full/sup012_P021_ph121 elapsed=4m52s avg=6.96s/cand eta=1h17m21s remaining=667
[suite custom_states :: cluster2x2] 43/709 (  6.1%) done monomial_full/sup012_P021_ph122 elapsed=5m01s avg=7.00s/cand eta=1h17m41s remaining=666
[suite custom_states :: cluster2x2] 44/709 (  6.2%) done monomial_full/sup012_P021_ph200 elapsed=5m06s avg=6.96s/cand eta=1h17m07s remaining=665
[suite custom_states :: cluster2x2] 45/709 (  6.3%) done monomial_full/sup012_P021_ph201 elapsed=5m16s avg=7.01s/cand eta=1h17m36s remaining=664
[suite custom_states :: cluster2x2] 46/709 (  6.5%) done monomial_full/sup012_P021_ph202 elapsed=5m21s avg=6.99s/cand eta=1h17m12s remaining=663
[suite custom_states :: cluster2x2] 47/709 (  6.6%) done monomial_full/sup012_P021_ph210 elapsed=5m31s avg=7.05s/cand eta=1h17m45s remaining=662
[suite custom_states :: cluster2x2] 48/709 (  6.8%) done monomial_full/sup012_P021_ph211 elapsed=5m37s avg=7.02s/cand eta=1h17m18s remaining=661
[suite custom_states :: cluster2x2] 49/709 (  6.9%) done monomial_full/sup012_P021_ph212 elapsed=5m46s avg=7.07s/cand eta=1h17m47s remaining=660
[suite custom_states :: cluster2x2] 50/709 (  7.1%) done monomial_full/sup012_P021_ph220 elapsed=5m52s avg=7.04s/cand eta=1h17m19s remaining=659
[suite custom_states :: cluster2x2] 51/709 (  7.2%) done monomial_full/sup012_P021_ph221 elapsed=6m02s avg=7.10s/cand eta=1h17m50s remaining=658
[suite custom_states :: cluster2x2] 52/709 (  7.3%) done monomial_full/sup012_P021_ph222 elapsed=6m07s avg=7.06s/cand eta=1h17m21s remaining=657
[suite custom_states :: cluster2x2] 53/709 (  7.5%) done monomial_full/sup012_P102_ph000 elapsed=6m14s avg=7.07s/cand eta=1h17m15s remaining=656
[suite custom_states :: cluster2x2] 54/709 (  7.6%) done monomial_full/sup012_P102_ph001 elapsed=6m19s avg=7.03s/cand eta=1h16m42s remaining=655
[suite custom_states :: cluster2x2] 55/709 (  7.8%) done monomial_full/sup012_P102_ph002 elapsed=6m27s avg=7.03s/cand eta=1h16m37s remaining=654
[suite custom_states :: cluster2x2] 56/709 (  7.9%) done monomial_full/sup012_P102_ph010 elapsed=6m32s avg=6.99s/cand eta=1h16m06s remaining=653
[suite custom_states :: cluster2x2] 57/709 (  8.0%) done monomial_full/sup012_P102_ph011 elapsed=6m39s avg=7.00s/cand eta=1h16m06s remaining=652
[suite custom_states :: cluster2x2] 58/709 (  8.2%) done monomial_full/sup012_P102_ph012 elapsed=6m45s avg=6.98s/cand eta=1h15m42s remaining=651
[suite custom_states :: cluster2x2] 59/709 (  8.3%) done monomial_full/sup012_P102_ph020 elapsed=6m52s avg=6.98s/cand eta=1h15m40s remaining=650
[suite custom_states :: cluster2x2] 60/709 (  8.5%) done monomial_full/sup012_P102_ph021 elapsed=6m56s avg=6.94s/cand eta=1h15m02s remaining=649
[suite custom_states :: cluster2x2] 61/709 (  8.6%) done monomial_full/sup012_P102_ph022 elapsed=7m04s avg=6.95s/cand eta=1h15m05s remaining=648
[suite custom_states :: cluster2x2] 62/709 (  8.7%) done monomial_full/sup012_P102_ph100 elapsed=7m08s avg=6.90s/cand eta=1h14m23s remaining=647
[suite custom_states :: cluster2x2] 63/709 (  8.9%) done monomial_full/sup012_P102_ph101 elapsed=7m17s avg=6.93s/cand eta=1h14m39s remaining=646
[suite custom_states :: cluster2x2] 64/709 (  9.0%) done monomial_full/sup012_P102_ph102 elapsed=7m21s avg=6.89s/cand eta=1h14m04s remaining=645
[suite custom_states :: cluster2x2] 65/709 (  9.2%) done monomial_full/sup012_P102_ph110 elapsed=7m30s avg=6.92s/cand eta=1h14m18s remaining=644
[suite custom_states :: cluster2x2] 66/709 (  9.3%) done monomial_full/sup012_P102_ph111 elapsed=7m33s avg=6.86s/cand eta=1h13m32s remaining=643
[suite custom_states :: cluster2x2] 67/709 (  9.4%) done monomial_full/sup012_P102_ph112 elapsed=7m43s avg=6.91s/cand eta=1h13m55s remaining=642
[suite custom_states :: cluster2x2] 68/709 (  9.6%) done monomial_full/sup012_P102_ph120 elapsed=7m46s avg=6.85s/cand eta=1h13m10s remaining=641
[suite custom_states :: cluster2x2] 69/709 (  9.7%) done monomial_full/sup012_P102_ph121 elapsed=7m56s avg=6.90s/cand eta=1h13m33s remaining=640
[suite custom_states :: cluster2x2] 70/709 (  9.9%) done monomial_full/sup012_P102_ph122 elapsed=7m58s avg=6.84s/cand eta=1h12m48s remaining=639
[suite custom_states :: cluster2x2] 71/709 ( 10.0%) done monomial_full/sup012_P102_ph200 elapsed=8m07s avg=6.86s/cand eta=1h12m57s remaining=638
[suite custom_states :: cluster2x2] 72/709 ( 10.2%) done monomial_full/sup012_P102_ph201 elapsed=8m10s avg=6.81s/cand eta=1h12m17s remaining=637
[suite custom_states :: cluster2x2] 73/709 ( 10.3%) done monomial_full/sup012_P102_ph202 elapsed=8m20s avg=6.85s/cand eta=1h12m39s remaining=636
[suite custom_states :: cluster2x2] 74/709 ( 10.4%) done monomial_full/sup012_P102_ph210 elapsed=8m23s avg=6.79s/cand eta=1h11m54s remaining=635
[suite custom_states :: cluster2x2] 75/709 ( 10.6%) done monomial_full/sup012_P102_ph211 elapsed=8m33s avg=6.84s/cand eta=1h12m17s remaining=634
[suite custom_states :: cluster2x2] 76/709 ( 10.7%) done monomial_full/sup012_P102_ph212 elapsed=8m36s avg=6.79s/cand eta=1h11m36s remaining=633
[suite custom_states :: cluster2x2] 77/709 ( 10.9%) done monomial_full/sup012_P102_ph220 elapsed=8m45s avg=6.82s/cand eta=1h11m52s remaining=632
[suite custom_states :: cluster2x2] 78/709 ( 11.0%) done monomial_full/sup012_P102_ph221 elapsed=8m48s avg=6.76s/cand eta=1h11m08s remaining=631
[suite custom_states :: cluster2x2] 79/709 ( 11.1%) done monomial_full/sup012_P102_ph222 elapsed=8m57s avg=6.80s/cand eta=1h11m24s remaining=630
[suite custom_states :: cluster2x2] 80/709 ( 11.3%) done monomial_full/sup012_P120_ph000 elapsed=9m01s avg=6.77s/cand eta=1h10m56s remaining=629
[suite custom_states :: cluster2x2] 81/709 ( 11.4%) done monomial_full/sup012_P120_ph001 elapsed=9m11s avg=6.80s/cand eta=1h11m12s remaining=628
[suite custom_states :: cluster2x2] 82/709 ( 11.6%) done monomial_full/sup012_P120_ph002 elapsed=9m15s avg=6.77s/cand eta=1h10m46s remaining=627
[suite custom_states :: cluster2x2] 83/709 ( 11.7%) done monomial_full/sup012_P120_ph010 elapsed=9m25s avg=6.81s/cand eta=1h11m04s remaining=626
[suite custom_states :: cluster2x2] 84/709 ( 11.8%) done monomial_full/sup012_P120_ph011 elapsed=9m30s avg=6.78s/cand eta=1h10m39s remaining=625
[suite custom_states :: cluster2x2] 85/709 ( 12.0%) done monomial_full/sup012_P120_ph012 elapsed=9m40s avg=6.82s/cand eta=1h10m56s remaining=624
[suite custom_states :: cluster2x2] 86/709 ( 12.1%) done monomial_full/sup012_P120_ph020 elapsed=9m44s avg=6.79s/cand eta=1h10m31s remaining=623
[suite custom_states :: cluster2x2] 87/709 ( 12.3%) done monomial_full/sup012_P120_ph021 elapsed=9m54s avg=6.83s/cand eta=1h10m46s remaining=622
[suite custom_states :: cluster2x2] 88/709 ( 12.4%) done monomial_full/sup012_P120_ph022 elapsed=9m58s avg=6.79s/cand eta=1h10m19s remaining=621
[suite custom_states :: cluster2x2] 89/709 ( 12.6%) done monomial_full/sup012_P120_ph100 elapsed=10m07s avg=6.82s/cand eta=1h10m31s remaining=620
[suite custom_states :: cluster2x2] 90/709 ( 12.7%) done monomial_full/sup012_P120_ph101 elapsed=10m11s avg=6.79s/cand eta=1h10m05s remaining=619
[suite custom_states :: cluster2x2] 91/709 ( 12.8%) done monomial_full/sup012_P120_ph102 elapsed=10m22s avg=6.84s/cand eta=1h10m25s remaining=618
[suite custom_states :: cluster2x2] 92/709 ( 13.0%) done monomial_full/sup012_P120_ph110 elapsed=10m26s avg=6.81s/cand eta=1h10m00s remaining=617
[suite custom_states :: cluster2x2] 93/709 ( 13.1%) done monomial_full/sup012_P120_ph111 elapsed=10m38s avg=6.86s/cand eta=1h10m23s remaining=616
[suite custom_states :: cluster2x2] 94/709 ( 13.3%) done monomial_full/sup012_P120_ph112 elapsed=10m41s avg=6.82s/cand eta=1h09m57s remaining=615
[suite custom_states :: cluster2x2] 95/709 ( 13.4%) done monomial_full/sup012_P120_ph120 elapsed=10m52s avg=6.86s/cand eta=1h10m12s remaining=614
[suite custom_states :: cluster2x2] 96/709 ( 13.5%) done monomial_full/sup012_P120_ph121 elapsed=10m56s avg=6.83s/cand eta=1h09m46s remaining=613
[suite custom_states :: cluster2x2] 97/709 ( 13.7%) done monomial_full/sup012_P120_ph122 elapsed=11m05s avg=6.86s/cand eta=1h09m59s remaining=612
[suite custom_states :: cluster2x2] 98/709 ( 13.8%) done monomial_full/sup012_P120_ph200 elapsed=11m10s avg=6.83s/cand eta=1h09m35s remaining=611
[suite custom_states :: cluster2x2] 99/709 ( 14.0%) done monomial_full/sup012_P120_ph201 elapsed=11m20s avg=6.87s/cand eta=1h09m49s remaining=610
[suite custom_states :: cluster2x2] 100/709 ( 14.1%) done monomial_full/sup012_P120_ph202 elapsed=11m24s avg=6.84s/cand eta=1h09m23s remaining=609
[suite custom_states :: cluster2x2] 101/709 ( 14.2%) done monomial_full/sup012_P120_ph210 elapsed=11m34s avg=6.88s/cand eta=1h09m40s remaining=608
[suite custom_states :: cluster2x2] 102/709 ( 14.4%) done monomial_full/sup012_P120_ph211 elapsed=11m38s avg=6.84s/cand eta=1h09m13s remaining=607
[suite custom_states :: cluster2x2] 103/709 ( 14.5%) done monomial_full/sup012_P120_ph212 elapsed=11m48s avg=6.88s/cand eta=1h09m28s remaining=606
[suite custom_states :: cluster2x2] 104/709 ( 14.7%) done monomial_full/sup012_P120_ph220 elapsed=11m52s avg=6.84s/cand eta=1h09m00s remaining=605
[suite custom_states :: cluster2x2] 105/709 ( 14.8%) done monomial_full/sup012_P120_ph221 elapsed=12m02s avg=6.88s/cand eta=1h09m13s remaining=604
[suite custom_states :: cluster2x2] 106/709 ( 15.0%) done monomial_full/sup012_P120_ph222 elapsed=12m05s avg=6.84s/cand eta=1h08m43s remaining=603
[suite custom_states :: cluster2x2] 107/709 ( 15.1%) done monomial_full/sup012_P201_ph000 elapsed=12m16s avg=6.88s/cand eta=1h09m03s remaining=602
[suite custom_states :: cluster2x2] 108/709 ( 15.2%) done monomial_full/sup012_P201_ph001 elapsed=12m19s avg=6.85s/cand eta=1h08m35s remaining=601
[suite custom_states :: cluster2x2] 109/709 ( 15.4%) done monomial_full/sup012_P201_ph002 elapsed=12m31s avg=6.89s/cand eta=1h08m54s remaining=600
[suite custom_states :: cluster2x2] 110/709 ( 15.5%) done monomial_full/sup012_P201_ph010 elapsed=12m34s avg=6.86s/cand eta=1h08m28s remaining=599
[suite custom_states :: cluster2x2] 111/709 ( 15.7%) done monomial_full/sup012_P201_ph011 elapsed=12m46s avg=6.90s/cand eta=1h08m46s remaining=598
[suite custom_states :: cluster2x2] 112/709 ( 15.8%) done monomial_full/sup012_P201_ph012 elapsed=12m49s avg=6.86s/cand eta=1h08m18s remaining=597
[suite custom_states :: cluster2x2] 113/709 ( 15.9%) done monomial_full/sup012_P201_ph020 elapsed=13m00s avg=6.90s/cand eta=1h08m32s remaining=596
[suite custom_states :: cluster2x2] 114/709 ( 16.1%) done monomial_full/sup012_P201_ph021 elapsed=13m03s avg=6.87s/cand eta=1h08m06s remaining=595
[suite custom_states :: cluster2x2] 115/709 ( 16.2%) done monomial_full/sup012_P201_ph022 elapsed=13m14s avg=6.90s/cand eta=1h08m20s remaining=594
[suite custom_states :: cluster2x2] 116/709 ( 16.4%) done monomial_full/sup012_P201_ph100 elapsed=13m17s avg=6.87s/cand eta=1h07m56s remaining=593
[suite custom_states :: cluster2x2] 117/709 ( 16.5%) done monomial_full/sup012_P201_ph101 elapsed=13m28s avg=6.91s/cand eta=1h08m10s remaining=592
[suite custom_states :: cluster2x2] 118/709 ( 16.6%) done monomial_full/sup012_P201_ph102 elapsed=13m32s avg=6.88s/cand eta=1h07m47s remaining=591
[suite custom_states :: cluster2x2] 119/709 ( 16.8%) done monomial_full/sup012_P201_ph110 elapsed=13m43s avg=6.92s/cand eta=1h08m02s remaining=590
[suite custom_states :: cluster2x2] 120/709 ( 16.9%) done monomial_full/sup012_P201_ph111 elapsed=13m47s avg=6.89s/cand eta=1h07m39s remaining=589
[suite custom_states :: cluster2x2] 121/709 ( 17.1%) done monomial_full/sup012_P201_ph112 elapsed=13m57s avg=6.92s/cand eta=1h07m49s remaining=588
[suite custom_states :: cluster2x2] 122/709 ( 17.2%) done monomial_full/sup012_P201_ph120 elapsed=14m01s avg=6.89s/cand eta=1h07m27s remaining=587
[suite custom_states :: cluster2x2] 123/709 ( 17.3%) done monomial_full/sup012_P201_ph121 elapsed=14m11s avg=6.92s/cand eta=1h07m36s remaining=586
[suite custom_states :: cluster2x2] 124/709 ( 17.5%) done monomial_full/sup012_P201_ph122 elapsed=14m15s avg=6.90s/cand eta=1h07m16s remaining=585
[suite custom_states :: cluster2x2] 125/709 ( 17.6%) done monomial_full/sup012_P201_ph200 elapsed=14m26s avg=6.93s/cand eta=1h07m24s remaining=584
[suite custom_states :: cluster2x2] 126/709 ( 17.8%) done monomial_full/sup012_P201_ph201 elapsed=14m30s avg=6.90s/cand eta=1h07m04s remaining=583
[suite custom_states :: cluster2x2] 127/709 ( 17.9%) done monomial_full/sup012_P201_ph202 elapsed=14m41s avg=6.93s/cand eta=1h07m15s remaining=582
[suite custom_states :: cluster2x2] 128/709 ( 18.1%) done monomial_full/sup012_P201_ph210 elapsed=14m45s avg=6.91s/cand eta=1h06m56s remaining=581
[suite custom_states :: cluster2x2] 129/709 ( 18.2%) done monomial_full/sup012_P201_ph211 elapsed=14m55s avg=6.94s/cand eta=1h07m03s remaining=580
[suite custom_states :: cluster2x2] 130/709 ( 18.3%) done monomial_full/sup012_P201_ph212 elapsed=14m59s avg=6.91s/cand eta=1h06m42s remaining=579
[suite custom_states :: cluster2x2] 131/709 ( 18.5%) done monomial_full/sup012_P201_ph220 elapsed=15m08s avg=6.94s/cand eta=1h06m48s remaining=578
[suite custom_states :: cluster2x2] 132/709 ( 18.6%) done monomial_full/sup012_P201_ph221 elapsed=15m13s avg=6.91s/cand eta=1h06m29s remaining=577
[suite custom_states :: cluster2x2] 133/709 ( 18.8%) done monomial_full/sup012_P201_ph222 elapsed=15m24s avg=6.95s/cand eta=1h06m41s remaining=576
[suite custom_states :: cluster2x2] 134/709 ( 18.9%) done monomial_full/sup012_P210_ph000 elapsed=15m26s avg=6.91s/cand eta=1h06m13s remaining=575
[suite custom_states :: cluster2x2] 135/709 ( 19.0%) done monomial_full/sup012_P210_ph001 elapsed=15m36s avg=6.94s/cand eta=1h06m21s remaining=574
[suite custom_states :: cluster2x2] 136/709 ( 19.2%) done monomial_full/sup012_P210_ph002 elapsed=15m38s avg=6.90s/cand eta=1h05m54s remaining=573
[suite custom_states :: cluster2x2] 137/709 ( 19.3%) done monomial_full/sup012_P210_ph010 elapsed=15m49s avg=6.93s/cand eta=1h06m04s remaining=572
[suite custom_states :: cluster2x2] 138/709 ( 19.5%) done monomial_full/sup012_P210_ph011 elapsed=15m51s avg=6.89s/cand eta=1h05m35s remaining=571
[suite custom_states :: cluster2x2] 139/709 ( 19.6%) done monomial_full/sup012_P210_ph012 elapsed=16m01s avg=6.91s/cand eta=1h05m41s remaining=570
[suite custom_states :: cluster2x2] 140/709 ( 19.7%) done monomial_full/sup012_P210_ph020 elapsed=16m03s avg=6.88s/cand eta=1h05m15s remaining=569
[suite custom_states :: cluster2x2] 141/709 ( 19.9%) done monomial_full/sup012_P210_ph021 elapsed=16m13s avg=6.90s/cand eta=1h05m21s remaining=568
[suite custom_states :: cluster2x2] 142/709 ( 20.0%) done monomial_full/sup012_P210_ph022 elapsed=16m15s avg=6.87s/cand eta=1h04m54s remaining=567
[suite custom_states :: cluster2x2] 143/709 ( 20.2%) done monomial_full/sup012_P210_ph100 elapsed=16m26s avg=6.89s/cand eta=1h05m01s remaining=566
[suite custom_states :: cluster2x2] 144/709 ( 20.3%) done monomial_full/sup012_P210_ph101 elapsed=16m28s avg=6.86s/cand eta=1h04m36s remaining=565
[suite custom_states :: cluster2x2] 145/709 ( 20.5%) done monomial_full/sup012_P210_ph102 elapsed=16m38s avg=6.88s/cand eta=1h04m43s remaining=564
[suite custom_states :: cluster2x2] 146/709 ( 20.6%) done monomial_full/sup012_P210_ph110 elapsed=16m40s avg=6.85s/cand eta=1h04m18s remaining=563
[suite custom_states :: cluster2x2] 147/709 ( 20.7%) done monomial_full/sup012_P210_ph111 elapsed=16m51s avg=6.88s/cand eta=1h04m25s remaining=562
[suite custom_states :: cluster2x2] 148/709 ( 20.9%) done monomial_full/sup012_P210_ph112 elapsed=16m53s avg=6.85s/cand eta=1h04m00s remaining=561
[suite custom_states :: cluster2x2] 149/709 ( 21.0%) done monomial_full/sup012_P210_ph120 elapsed=17m03s avg=6.86s/cand eta=1h04m03s remaining=560
[suite custom_states :: cluster2x2] 150/709 ( 21.2%) done monomial_full/sup012_P210_ph121 elapsed=17m05s avg=6.83s/cand eta=1h03m39s remaining=559
[suite custom_states :: cluster2x2] 151/709 ( 21.3%) done monomial_full/sup012_P210_ph122 elapsed=17m15s avg=6.85s/cand eta=1h03m45s remaining=558
[suite custom_states :: cluster2x2] 152/709 ( 21.4%) done monomial_full/sup012_P210_ph200 elapsed=17m17s avg=6.82s/cand eta=1h03m20s remaining=557
[suite custom_states :: cluster2x2] 153/709 ( 21.6%) done monomial_full/sup012_P210_ph201 elapsed=17m28s avg=6.85s/cand eta=1h03m28s remaining=556
[suite custom_states :: cluster2x2] 154/709 ( 21.7%) done monomial_full/sup012_P210_ph202 elapsed=17m30s avg=6.82s/cand eta=1h03m03s remaining=555
[suite custom_states :: cluster2x2] 155/709 ( 21.9%) done monomial_full/sup012_P210_ph210 elapsed=17m41s avg=6.84s/cand eta=1h03m11s remaining=554
[suite custom_states :: cluster2x2] 156/709 ( 22.0%) done monomial_full/sup012_P210_ph211 elapsed=17m43s avg=6.81s/cand eta=1h02m47s remaining=553
[suite custom_states :: cluster2x2] 157/709 ( 22.1%) done monomial_full/sup012_P210_ph212 elapsed=17m53s avg=6.83s/cand eta=1h02m53s remaining=552
[suite custom_states :: cluster2x2] 158/709 ( 22.3%) done monomial_full/sup012_P210_ph220 elapsed=17m55s avg=6.80s/cand eta=1h02m28s remaining=551
[suite custom_states :: cluster2x2] 159/709 ( 22.4%) done monomial_full/sup012_P210_ph221 elapsed=18m05s avg=6.82s/cand eta=1h02m32s remaining=550
[suite custom_states :: cluster2x2] 160/709 ( 22.6%) done monomial_full/sup012_P210_ph222 elapsed=18m07s avg=6.79s/cand eta=1h02m09s remaining=549
[suite custom_states :: cluster2x2] 161/709 ( 22.7%) done monomial_full/sup013_P012_ph000 elapsed=18m18s avg=6.82s/cand eta=1h02m16s remaining=548
[suite custom_states :: cluster2x2] 162/709 ( 22.8%) done monomial_full/sup013_P012_ph001 elapsed=18m19s avg=6.78s/cand eta=1h01m50s remaining=547
[suite custom_states :: cluster2x2] 163/709 ( 23.0%) done monomial_full/sup013_P012_ph002 elapsed=18m31s avg=6.81s/cand eta=1h02m00s remaining=546
[suite custom_states :: cluster2x2] 164/709 ( 23.1%) done monomial_full/sup013_P012_ph010 elapsed=18m31s avg=6.77s/cand eta=1h01m32s remaining=545
[suite custom_states :: cluster2x2] 165/709 ( 23.3%) done monomial_full/sup013_P012_ph011 elapsed=18m44s avg=6.81s/cand eta=1h01m45s remaining=544
[suite custom_states :: cluster2x2] 166/709 ( 23.4%) done monomial_full/sup013_P012_ph012 elapsed=18m44s avg=6.77s/cand eta=1h01m16s remaining=543
[suite custom_states :: cluster2x2] 167/709 ( 23.6%) done monomial_full/sup013_P012_ph020 elapsed=18m56s avg=6.80s/cand eta=1h01m26s remaining=542
[suite custom_states :: cluster2x2] 168/709 ( 23.7%) done monomial_full/sup013_P012_ph021 elapsed=18m56s avg=6.76s/cand eta=1h00m59s remaining=541
[suite custom_states :: cluster2x2] 169/709 ( 23.8%) done monomial_full/sup013_P012_ph022 elapsed=19m07s avg=6.79s/cand eta=1h01m06s remaining=540
[suite custom_states :: cluster2x2] 170/709 ( 24.0%) done monomial_full/sup013_P012_ph100 elapsed=19m09s avg=6.76s/cand eta=1h00m42s remaining=539
[suite custom_states :: cluster2x2] 171/709 ( 24.1%) done monomial_full/sup013_P012_ph101 elapsed=19m20s avg=6.79s/cand eta=1h00m51s remaining=538
[suite custom_states :: cluster2x2] 172/709 ( 24.3%) done monomial_full/sup013_P012_ph102 elapsed=19m21s avg=6.75s/cand eta=1h00m26s remaining=537
[suite custom_states :: cluster2x2] 173/709 ( 24.4%) done monomial_full/sup013_P012_ph110 elapsed=19m32s avg=6.78s/cand eta=1h00m33s remaining=536
[suite custom_states :: cluster2x2] 174/709 ( 24.5%) done monomial_full/sup013_P012_ph111 elapsed=19m34s avg=6.75s/cand eta=1h00m10s remaining=535
[suite custom_states :: cluster2x2] 175/709 ( 24.7%) done monomial_full/sup013_P012_ph112 elapsed=19m45s avg=6.77s/cand eta=1h00m17s remaining=534
[suite custom_states :: cluster2x2] 176/709 ( 24.8%) done monomial_full/sup013_P012_ph120 elapsed=19m46s avg=6.74s/cand eta=59m53s remaining=533
[suite custom_states :: cluster2x2] 177/709 ( 25.0%) done monomial_full/sup013_P012_ph121 elapsed=19m57s avg=6.76s/cand eta=59m58s remaining=532
[suite custom_states :: cluster2x2] 178/709 ( 25.1%) done monomial_full/sup013_P012_ph122 elapsed=19m59s avg=6.73s/cand eta=59m36s remaining=531
[suite custom_states :: cluster2x2] 179/709 ( 25.2%) done monomial_full/sup013_P012_ph200 elapsed=20m09s avg=6.75s/cand eta=59m40s remaining=530
[suite custom_states :: cluster2x2] 180/709 ( 25.4%) done monomial_full/sup013_P012_ph201 elapsed=20m11s avg=6.73s/cand eta=59m19s remaining=529
[suite custom_states :: cluster2x2] 181/709 ( 25.5%) done monomial_full/sup013_P012_ph202 elapsed=20m22s avg=6.75s/cand eta=59m24s remaining=528
[suite custom_states :: cluster2x2] 182/709 ( 25.7%) done monomial_full/sup013_P012_ph210 elapsed=20m25s avg=6.73s/cand eta=59m06s remaining=527
[suite custom_states :: cluster2x2] 183/709 ( 25.8%) done monomial_full/sup013_P012_ph211 elapsed=20m36s avg=6.75s/cand eta=59m11s remaining=526
[suite custom_states :: cluster2x2] 184/709 ( 26.0%) done monomial_full/sup013_P012_ph212 elapsed=20m38s avg=6.73s/cand eta=58m51s remaining=525
[suite custom_states :: cluster2x2] 185/709 ( 26.1%) done monomial_full/sup013_P012_ph220 elapsed=20m47s avg=6.74s/cand eta=58m53s remaining=524
[suite custom_states :: cluster2x2] 186/709 ( 26.2%) done monomial_full/sup013_P012_ph221 elapsed=20m50s avg=6.72s/cand eta=58m36s remaining=523
[suite custom_states :: cluster2x2] 187/709 ( 26.4%) done monomial_full/sup013_P012_ph222 elapsed=20m59s avg=6.73s/cand eta=58m34s remaining=522
[suite custom_states :: cluster2x2] 188/709 ( 26.5%) done monomial_full/sup013_P021_ph000 elapsed=21m05s avg=6.73s/cand eta=58m26s remaining=521
[suite custom_states :: cluster2x2] 189/709 ( 26.7%) done monomial_full/sup013_P021_ph001 elapsed=21m14s avg=6.74s/cand eta=58m25s remaining=520
[suite custom_states :: cluster2x2] 190/709 ( 26.8%) done monomial_full/sup013_P021_ph002 elapsed=21m19s avg=6.73s/cand eta=58m14s remaining=519
[suite custom_states :: cluster2x2] 191/709 ( 26.9%) done monomial_full/sup013_P021_ph010 elapsed=21m29s avg=6.75s/cand eta=58m14s remaining=518
[suite custom_states :: cluster2x2] 192/709 ( 27.1%) done monomial_full/sup013_P021_ph011 elapsed=21m33s avg=6.74s/cand eta=58m03s remaining=517
[suite custom_states :: cluster2x2] 193/709 ( 27.2%) done monomial_full/sup013_P021_ph012 elapsed=21m44s avg=6.76s/cand eta=58m06s remaining=516
[suite custom_states :: cluster2x2] 194/709 ( 27.4%) done monomial_full/sup013_P021_ph020 elapsed=21m48s avg=6.74s/cand eta=57m53s remaining=515
[suite custom_states :: cluster2x2] 195/709 ( 27.5%) done monomial_full/sup013_P021_ph021 elapsed=21m58s avg=6.76s/cand eta=57m53s remaining=514
[suite custom_states :: cluster2x2] 196/709 ( 27.6%) done monomial_full/sup013_P021_ph022 elapsed=22m02s avg=6.75s/cand eta=57m41s remaining=513
[suite custom_states :: cluster2x2] 197/709 ( 27.8%) done monomial_full/sup013_P021_ph100 elapsed=22m11s avg=6.76s/cand eta=57m40s remaining=512
[suite custom_states :: cluster2x2] 198/709 ( 27.9%) done monomial_full/sup013_P021_ph101 elapsed=22m17s avg=6.75s/cand eta=57m31s remaining=511
[suite custom_states :: cluster2x2] 199/709 ( 28.1%) done monomial_full/sup013_P021_ph102 elapsed=22m26s avg=6.76s/cand eta=57m29s remaining=510
[suite custom_states :: cluster2x2] 200/709 ( 28.2%) done monomial_full/sup013_P021_ph110 elapsed=22m32s avg=6.76s/cand eta=57m20s remaining=509
[suite custom_states :: cluster2x2] 201/709 ( 28.3%) done monomial_full/sup013_P021_ph111 elapsed=22m41s avg=6.77s/cand eta=57m19s remaining=508
[suite custom_states :: cluster2x2] 202/709 ( 28.5%) done monomial_full/sup013_P021_ph112 elapsed=22m46s avg=6.76s/cand eta=57m10s remaining=507
[suite custom_states :: cluster2x2] 203/709 ( 28.6%) done monomial_full/sup013_P021_ph120 elapsed=22m56s avg=6.78s/cand eta=57m09s remaining=506
[suite custom_states :: cluster2x2] 204/709 ( 28.8%) done monomial_full/sup013_P021_ph121 elapsed=23m00s avg=6.77s/cand eta=56m57s remaining=505
[suite custom_states :: cluster2x2] 205/709 ( 28.9%) done monomial_full/sup013_P021_ph122 elapsed=23m09s avg=6.78s/cand eta=56m56s remaining=504
[suite custom_states :: cluster2x2] 206/709 ( 29.1%) done monomial_full/sup013_P021_ph200 elapsed=23m14s avg=6.77s/cand eta=56m45s remaining=503
[suite custom_states :: cluster2x2] 207/709 ( 29.2%) done monomial_full/sup013_P021_ph201 elapsed=23m24s avg=6.78s/cand eta=56m44s remaining=502
[suite custom_states :: cluster2x2] 208/709 ( 29.3%) done monomial_full/sup013_P021_ph202 elapsed=23m29s avg=6.78s/cand eta=56m35s remaining=501
[suite custom_states :: cluster2x2] 209/709 ( 29.5%) done monomial_full/sup013_P021_ph210 elapsed=23m38s avg=6.79s/cand eta=56m33s remaining=500
[suite custom_states :: cluster2x2] 210/709 ( 29.6%) done monomial_full/sup013_P021_ph211 elapsed=23m44s avg=6.78s/cand eta=56m25s remaining=499
[suite custom_states :: cluster2x2] 211/709 ( 29.8%) done monomial_full/sup013_P021_ph212 elapsed=23m53s avg=6.79s/cand eta=56m22s remaining=498
[suite custom_states :: cluster2x2] 212/709 ( 29.9%) done monomial_full/sup013_P021_ph220 elapsed=23m59s avg=6.79s/cand eta=56m13s remaining=497
[suite custom_states :: cluster2x2] 213/709 ( 30.0%) done monomial_full/sup013_P021_ph221 elapsed=24m08s avg=6.80s/cand eta=56m11s remaining=496
[suite custom_states :: cluster2x2] 214/709 ( 30.2%) done monomial_full/sup013_P021_ph222 elapsed=24m13s avg=6.79s/cand eta=56m02s remaining=495
[suite custom_states :: cluster2x2] 215/709 ( 30.3%) done monomial_full/sup013_P102_ph000 elapsed=24m21s avg=6.79s/cand eta=55m56s remaining=494
[suite custom_states :: cluster2x2] 216/709 ( 30.5%) done monomial_full/sup013_P102_ph001 elapsed=24m26s avg=6.79s/cand eta=55m45s remaining=493
[suite custom_states :: cluster2x2] 217/709 ( 30.6%) done monomial_full/sup013_P102_ph002 elapsed=24m33s avg=6.79s/cand eta=55m40s remaining=492
[suite custom_states :: cluster2x2] 218/709 ( 30.7%) done monomial_full/sup013_P102_ph010 elapsed=24m38s avg=6.78s/cand eta=55m29s remaining=491
[suite custom_states :: cluster2x2] 219/709 ( 30.9%) done monomial_full/sup013_P102_ph011 elapsed=24m45s avg=6.78s/cand eta=55m23s remaining=490
[suite custom_states :: cluster2x2] 220/709 ( 31.0%) done monomial_full/sup013_P102_ph012 elapsed=24m50s avg=6.77s/cand eta=55m12s remaining=489
[suite custom_states :: cluster2x2] 221/709 ( 31.2%) done monomial_full/sup013_P102_ph020 elapsed=24m57s avg=6.77s/cand eta=55m05s remaining=488
[suite custom_states :: cluster2x2] 222/709 ( 31.3%) done monomial_full/sup013_P102_ph021 elapsed=25m02s avg=6.77s/cand eta=54m55s remaining=487
[suite custom_states :: cluster2x2] 223/709 ( 31.5%) done monomial_full/sup013_P102_ph022 elapsed=25m09s avg=6.77s/cand eta=54m48s remaining=486
[suite custom_states :: cluster2x2] 224/709 ( 31.6%) done monomial_full/sup013_P102_ph100 elapsed=25m14s avg=6.76s/cand eta=54m39s remaining=485
[suite custom_states :: cluster2x2] 225/709 ( 31.7%) done monomial_full/sup013_P102_ph101 elapsed=25m21s avg=6.76s/cand eta=54m32s remaining=484
[suite custom_states :: cluster2x2] 226/709 ( 31.9%) done monomial_full/sup013_P102_ph102 elapsed=25m27s avg=6.76s/cand eta=54m24s remaining=483
[suite custom_states :: cluster2x2] 227/709 ( 32.0%) done monomial_full/sup013_P102_ph110 elapsed=25m33s avg=6.75s/cand eta=54m15s remaining=482
[suite custom_states :: cluster2x2] 228/709 ( 32.2%) done monomial_full/sup013_P102_ph111 elapsed=25m40s avg=6.75s/cand eta=54m08s remaining=481
[suite custom_states :: cluster2x2] 229/709 ( 32.3%) done monomial_full/sup013_P102_ph112 elapsed=25m45s avg=6.75s/cand eta=53m58s remaining=480
[suite custom_states :: cluster2x2] 230/709 ( 32.4%) done monomial_full/sup013_P102_ph120 elapsed=25m51s avg=6.74s/cand eta=53m51s remaining=479
[suite custom_states :: cluster2x2] 231/709 ( 32.6%) done monomial_full/sup013_P102_ph121 elapsed=25m56s avg=6.74s/cand eta=53m41s remaining=478
[suite custom_states :: cluster2x2] 232/709 ( 32.7%) done monomial_full/sup013_P102_ph122 elapsed=26m03s avg=6.74s/cand eta=53m33s remaining=477
[suite custom_states :: cluster2x2] 233/709 ( 32.9%) done monomial_full/sup013_P102_ph200 elapsed=26m08s avg=6.73s/cand eta=53m24s remaining=476
[suite custom_states :: cluster2x2] 234/709 ( 33.0%) done monomial_full/sup013_P102_ph201 elapsed=26m15s avg=6.73s/cand eta=53m17s remaining=475
[suite custom_states :: cluster2x2] 235/709 ( 33.1%) done monomial_full/sup013_P102_ph202 elapsed=26m20s avg=6.73s/cand eta=53m08s remaining=474
[suite custom_states :: cluster2x2] 236/709 ( 33.3%) done monomial_full/sup013_P102_ph210 elapsed=26m27s avg=6.73s/cand eta=53m02s remaining=473
[suite custom_states :: cluster2x2] 237/709 ( 33.4%) done monomial_full/sup013_P102_ph211 elapsed=26m32s avg=6.72s/cand eta=52m51s remaining=472
[suite custom_states :: cluster2x2] 238/709 ( 33.6%) done monomial_full/sup013_P102_ph212 elapsed=26m39s avg=6.72s/cand eta=52m44s remaining=471
[suite custom_states :: cluster2x2] 239/709 ( 33.7%) done monomial_full/sup013_P102_ph220 elapsed=26m44s avg=6.71s/cand eta=52m34s remaining=470
[suite custom_states :: cluster2x2] 240/709 ( 33.9%) done monomial_full/sup013_P102_ph221 elapsed=26m50s avg=6.71s/cand eta=52m27s remaining=469
[suite custom_states :: cluster2x2] 241/709 ( 34.0%) done monomial_full/sup013_P102_ph222 elapsed=26m56s avg=6.70s/cand eta=52m17s remaining=468
[suite custom_states :: cluster2x2] 242/709 ( 34.1%) done monomial_full/sup013_P120_ph000 elapsed=27m02s avg=6.70s/cand eta=52m10s remaining=467
[suite custom_states :: cluster2x2] 243/709 ( 34.3%) done monomial_full/sup013_P120_ph001 elapsed=27m08s avg=6.70s/cand eta=52m01s remaining=466
[suite custom_states :: cluster2x2] 244/709 ( 34.4%) done monomial_full/sup013_P120_ph002 elapsed=27m15s avg=6.70s/cand eta=51m55s remaining=465
[suite custom_states :: cluster2x2] 245/709 ( 34.6%) done monomial_full/sup013_P120_ph010 elapsed=27m21s avg=6.70s/cand eta=51m47s remaining=464
[suite custom_states :: cluster2x2] 246/709 ( 34.7%) done monomial_full/sup013_P120_ph011 elapsed=27m28s avg=6.70s/cand eta=51m41s remaining=463
[suite custom_states :: cluster2x2] 247/709 ( 34.8%) done monomial_full/sup013_P120_ph012 elapsed=27m34s avg=6.70s/cand eta=51m34s remaining=462
[suite custom_states :: cluster2x2] 248/709 ( 35.0%) done monomial_full/sup013_P120_ph020 elapsed=27m40s avg=6.69s/cand eta=51m26s remaining=461
[suite custom_states :: cluster2x2] 249/709 ( 35.1%) done monomial_full/sup013_P120_ph021 elapsed=27m46s avg=6.69s/cand eta=51m19s remaining=460
[suite custom_states :: cluster2x2] 250/709 ( 35.3%) done monomial_full/sup013_P120_ph022 elapsed=27m52s avg=6.69s/cand eta=51m10s remaining=459
[suite custom_states :: cluster2x2] 251/709 ( 35.4%) done monomial_full/sup013_P120_ph100 elapsed=27m58s avg=6.69s/cand eta=51m03s remaining=458
[suite custom_states :: cluster2x2] 252/709 ( 35.5%) done monomial_full/sup013_P120_ph101 elapsed=28m05s avg=6.69s/cand eta=50m55s remaining=457
[suite custom_states :: cluster2x2] 253/709 ( 35.7%) done monomial_full/sup013_P120_ph102 elapsed=28m11s avg=6.68s/cand eta=50m48s remaining=456
[suite custom_states :: cluster2x2] 254/709 ( 35.8%) done monomial_full/sup013_P120_ph110 elapsed=28m17s avg=6.68s/cand eta=50m41s remaining=455
[suite custom_states :: cluster2x2] 255/709 ( 36.0%) done monomial_full/sup013_P120_ph111 elapsed=28m24s avg=6.68s/cand eta=50m33s remaining=454
[suite custom_states :: cluster2x2] 256/709 ( 36.1%) done monomial_full/sup013_P120_ph112 elapsed=28m30s avg=6.68s/cand eta=50m26s remaining=453
[suite custom_states :: cluster2x2] 257/709 ( 36.2%) done monomial_full/sup013_P120_ph120 elapsed=28m37s avg=6.68s/cand eta=50m20s remaining=452
[suite custom_states :: cluster2x2] 258/709 ( 36.4%) done monomial_full/sup013_P120_ph121 elapsed=28m43s avg=6.68s/cand eta=50m12s remaining=451
[suite custom_states :: cluster2x2] 259/709 ( 36.5%) done monomial_full/sup013_P120_ph122 elapsed=28m49s avg=6.68s/cand eta=50m04s remaining=450
[suite custom_states :: cluster2x2] 260/709 ( 36.7%) done monomial_full/sup013_P120_ph200 elapsed=28m55s avg=6.67s/cand eta=49m55s remaining=449
[suite custom_states :: cluster2x2] 261/709 ( 36.8%) done monomial_full/sup013_P120_ph201 elapsed=29m01s avg=6.67s/cand eta=49m49s remaining=448
[suite custom_states :: cluster2x2] 262/709 ( 37.0%) done monomial_full/sup013_P120_ph202 elapsed=29m07s avg=6.67s/cand eta=49m40s remaining=447
[suite custom_states :: cluster2x2] 263/709 ( 37.1%) done monomial_full/sup013_P120_ph210 elapsed=29m14s avg=6.67s/cand eta=49m34s remaining=446
[suite custom_states :: cluster2x2] 264/709 ( 37.2%) done monomial_full/sup013_P120_ph211 elapsed=29m19s avg=6.66s/cand eta=49m25s remaining=445
[suite custom_states :: cluster2x2] 265/709 ( 37.4%) done monomial_full/sup013_P120_ph212 elapsed=29m26s avg=6.67s/cand eta=49m19s remaining=444
[suite custom_states :: cluster2x2] 266/709 ( 37.5%) done monomial_full/sup013_P120_ph220 elapsed=29m32s avg=6.66s/cand eta=49m11s remaining=443
[suite custom_states :: cluster2x2] 267/709 ( 37.7%) done monomial_full/sup013_P120_ph221 elapsed=29m39s avg=6.66s/cand eta=49m05s remaining=442
[suite custom_states :: cluster2x2] 268/709 ( 37.8%) done monomial_full/sup013_P120_ph222 elapsed=29m44s avg=6.66s/cand eta=48m56s remaining=441
[suite custom_states :: cluster2x2] 269/709 ( 37.9%) done monomial_full/sup013_P201_ph000 elapsed=29m53s avg=6.67s/cand eta=48m53s remaining=440
[suite custom_states :: cluster2x2] 270/709 ( 38.1%) done monomial_full/sup013_P201_ph001 elapsed=29m59s avg=6.66s/cand eta=48m44s remaining=439
[suite custom_states :: cluster2x2] 271/709 ( 38.2%) done monomial_full/sup013_P201_ph002 elapsed=30m09s avg=6.67s/cand eta=48m43s remaining=438
[suite custom_states :: cluster2x2] 272/709 ( 38.4%) done monomial_full/sup013_P201_ph010 elapsed=30m14s avg=6.67s/cand eta=48m34s remaining=437
[suite custom_states :: cluster2x2] 273/709 ( 38.5%) done monomial_full/sup013_P201_ph011 elapsed=30m25s avg=6.69s/cand eta=48m35s remaining=436
[suite custom_states :: cluster2x2] 274/709 ( 38.6%) done monomial_full/sup013_P201_ph012 elapsed=30m30s avg=6.68s/cand eta=48m25s remaining=435
[suite custom_states :: cluster2x2] 275/709 ( 38.8%) done monomial_full/sup013_P201_ph020 elapsed=30m40s avg=6.69s/cand eta=48m24s remaining=434
[suite custom_states :: cluster2x2] 276/709 ( 38.9%) done monomial_full/sup013_P201_ph021 elapsed=30m45s avg=6.69s/cand eta=48m15s remaining=433
[suite custom_states :: cluster2x2] 277/709 ( 39.1%) done monomial_full/sup013_P201_ph022 elapsed=30m56s avg=6.70s/cand eta=48m14s remaining=432
[suite custom_states :: cluster2x2] 278/709 ( 39.2%) done monomial_full/sup013_P201_ph100 elapsed=31m00s avg=6.69s/cand eta=48m04s remaining=431
[suite custom_states :: cluster2x2] 279/709 ( 39.4%) done monomial_full/sup013_P201_ph101 elapsed=31m11s avg=6.71s/cand eta=48m04s remaining=430
[suite custom_states :: cluster2x2] 280/709 ( 39.5%) done monomial_full/sup013_P201_ph102 elapsed=31m15s avg=6.70s/cand eta=47m53s remaining=429
[suite custom_states :: cluster2x2] 281/709 ( 39.6%) done monomial_full/sup013_P201_ph110 elapsed=31m28s avg=6.72s/cand eta=47m55s remaining=428
[suite custom_states :: cluster2x2] 282/709 ( 39.8%) done monomial_full/sup013_P201_ph111 elapsed=31m31s avg=6.71s/cand eta=47m43s remaining=427
[suite custom_states :: cluster2x2] 283/709 ( 39.9%) done monomial_full/sup013_P201_ph112 elapsed=31m43s avg=6.72s/cand eta=47m44s remaining=426
[suite custom_states :: cluster2x2] 284/709 ( 40.1%) done monomial_full/sup013_P201_ph120 elapsed=31m46s avg=6.71s/cand eta=47m32s remaining=425
[suite custom_states :: cluster2x2] 285/709 ( 40.2%) done monomial_full/sup013_P201_ph121 elapsed=31m58s avg=6.73s/cand eta=47m33s remaining=424
[suite custom_states :: cluster2x2] 286/709 ( 40.3%) done monomial_full/sup013_P201_ph122 elapsed=31m59s avg=6.71s/cand eta=47m19s remaining=423
[suite custom_states :: cluster2x2] 287/709 ( 40.5%) done monomial_full/sup013_P201_ph200 elapsed=32m14s avg=6.74s/cand eta=47m24s remaining=422
[suite custom_states :: cluster2x2] 288/709 ( 40.6%) done monomial_full/sup013_P201_ph201 elapsed=32m15s avg=6.72s/cand eta=47m08s remaining=421
[suite custom_states :: cluster2x2] 289/709 ( 40.8%) done monomial_full/sup013_P201_ph202 elapsed=32m30s avg=6.75s/cand eta=47m14s remaining=420
[suite custom_states :: cluster2x2] 290/709 ( 40.9%) done monomial_full/sup013_P201_ph210 elapsed=32m30s avg=6.72s/cand eta=46m57s remaining=419
[suite custom_states :: cluster2x2] 291/709 ( 41.0%) done monomial_full/sup013_P201_ph211 elapsed=32m45s avg=6.75s/cand eta=47m02s remaining=418
[suite custom_states :: cluster2x2] 292/709 ( 41.2%) done monomial_full/sup013_P201_ph212 elapsed=32m45s avg=6.73s/cand eta=46m47s remaining=417
[suite custom_states :: cluster2x2] 293/709 ( 41.3%) done monomial_full/sup013_P201_ph221 elapsed=32m59s avg=6.75s/cand eta=46m50s remaining=416
[suite custom_states :: cluster2x2] 294/709 ( 41.5%) done monomial_full/sup013_P201_ph220 elapsed=33m00s avg=6.73s/cand eta=46m34s remaining=415
[suite custom_states :: cluster2x2] 295/709 ( 41.6%) done monomial_full/sup013_P210_ph000 elapsed=33m14s avg=6.76s/cand eta=46m38s remaining=414
[suite custom_states :: cluster2x2] 296/709 ( 41.7%) done monomial_full/sup013_P201_ph222 elapsed=33m15s avg=6.74s/cand eta=46m23s remaining=413
[suite custom_states :: cluster2x2] 297/709 ( 41.9%) done monomial_full/sup013_P210_ph001 elapsed=33m28s avg=6.76s/cand eta=46m26s remaining=412
[suite custom_states :: cluster2x2] 298/709 ( 42.0%) done monomial_full/sup013_P210_ph002 elapsed=33m29s avg=6.74s/cand eta=46m11s remaining=411
[suite custom_states :: cluster2x2] 299/709 ( 42.2%) done monomial_full/sup013_P210_ph010 elapsed=33m42s avg=6.76s/cand eta=46m13s remaining=410
[suite custom_states :: cluster2x2] 300/709 ( 42.3%) done monomial_full/sup013_P210_ph011 elapsed=33m43s avg=6.74s/cand eta=45m58s remaining=409
[suite custom_states :: cluster2x2] 301/709 ( 42.5%) done monomial_full/sup013_P210_ph012 elapsed=33m56s avg=6.76s/cand eta=46m00s remaining=408
[suite custom_states :: cluster2x2] 302/709 ( 42.6%) done monomial_full/sup013_P210_ph020 elapsed=33m57s avg=6.74s/cand eta=45m45s remaining=407
[suite custom_states :: cluster2x2] 303/709 ( 42.7%) done monomial_full/sup013_P210_ph021 elapsed=34m10s avg=6.77s/cand eta=45m47s remaining=406
[suite custom_states :: cluster2x2] 304/709 ( 42.9%) done monomial_full/sup013_P210_ph022 elapsed=34m11s avg=6.75s/cand eta=45m32s remaining=405
[suite custom_states :: cluster2x2] 305/709 ( 43.0%) done monomial_full/sup013_P210_ph100 elapsed=34m25s avg=6.77s/cand eta=45m35s remaining=404
[suite custom_states :: cluster2x2] 306/709 ( 43.2%) done monomial_full/sup013_P210_ph101 elapsed=34m25s avg=6.75s/cand eta=45m20s remaining=403
[suite custom_states :: cluster2x2] 307/709 ( 43.3%) done monomial_full/sup013_P210_ph110 elapsed=34m39s avg=6.77s/cand eta=45m23s remaining=402
[suite custom_states :: cluster2x2] 308/709 ( 43.4%) done monomial_full/sup013_P210_ph102 elapsed=34m40s avg=6.75s/cand eta=45m08s remaining=401
[suite custom_states :: cluster2x2] 309/709 ( 43.6%) done monomial_full/sup013_P210_ph111 elapsed=34m52s avg=6.77s/cand eta=45m08s remaining=400
[suite custom_states :: cluster2x2] 310/709 ( 43.7%) done monomial_full/sup013_P210_ph112 elapsed=34m53s avg=6.75s/cand eta=44m54s remaining=399
[suite custom_states :: cluster2x2] 311/709 ( 43.9%) done monomial_full/sup013_P210_ph120 elapsed=35m06s avg=6.77s/cand eta=44m55s remaining=398
[suite custom_states :: cluster2x2] 312/709 ( 44.0%) done monomial_full/sup013_P210_ph121 elapsed=35m07s avg=6.75s/cand eta=44m41s remaining=397
[suite custom_states :: cluster2x2] 313/709 ( 44.1%) done monomial_full/sup013_P210_ph122 elapsed=35m22s avg=6.78s/cand eta=44m44s remaining=396
[suite custom_states :: cluster2x2] 314/709 ( 44.3%) done monomial_full/sup013_P210_ph200 elapsed=35m23s avg=6.76s/cand eta=44m31s remaining=395
[suite custom_states :: cluster2x2] 315/709 ( 44.4%) done monomial_full/sup013_P210_ph201 elapsed=35m37s avg=6.78s/cand eta=44m33s remaining=394
[suite custom_states :: cluster2x2] 316/709 ( 44.6%) done monomial_full/sup013_P210_ph202 elapsed=35m39s avg=6.77s/cand eta=44m20s remaining=393
[suite custom_states :: cluster2x2] 317/709 ( 44.7%) done monomial_full/sup013_P210_ph210 elapsed=35m51s avg=6.79s/cand eta=44m20s remaining=392
[suite custom_states :: cluster2x2] 318/709 ( 44.9%) done monomial_full/sup013_P210_ph211 elapsed=35m52s avg=6.77s/cand eta=44m07s remaining=391
[suite custom_states :: cluster2x2] 319/709 ( 45.0%) done monomial_full/sup013_P210_ph212 elapsed=36m06s avg=6.79s/cand eta=44m08s remaining=390
[suite custom_states :: cluster2x2] 320/709 ( 45.1%) done monomial_full/sup013_P210_ph220 elapsed=36m07s avg=6.77s/cand eta=43m55s remaining=389
[suite custom_states :: cluster2x2] 321/709 ( 45.3%) done monomial_full/sup013_P210_ph221 elapsed=36m20s avg=6.79s/cand eta=43m55s remaining=388
[suite custom_states :: cluster2x2] 322/709 ( 45.4%) done monomial_full/sup013_P210_ph222 elapsed=36m21s avg=6.77s/cand eta=43m42s remaining=387
[suite custom_states :: cluster2x2] 323/709 ( 45.6%) done monomial_full/sup023_P012_ph000 elapsed=36m34s avg=6.79s/cand eta=43m42s remaining=386
[suite custom_states :: cluster2x2] 324/709 ( 45.7%) done monomial_full/sup023_P012_ph001 elapsed=36m35s avg=6.78s/cand eta=43m29s remaining=385
[suite custom_states :: cluster2x2] 325/709 ( 45.8%) done monomial_full/sup023_P012_ph002 elapsed=36m48s avg=6.79s/cand eta=43m29s remaining=384
[suite custom_states :: cluster2x2] 326/709 ( 46.0%) done monomial_full/sup023_P012_ph010 elapsed=36m50s avg=6.78s/cand eta=43m16s remaining=383
[suite custom_states :: cluster2x2] 327/709 ( 46.1%) done monomial_full/sup023_P012_ph011 elapsed=37m01s avg=6.79s/cand eta=43m15s remaining=382
[suite custom_states :: cluster2x2] 328/709 ( 46.3%) done monomial_full/sup023_P012_ph012 elapsed=37m03s avg=6.78s/cand eta=43m02s remaining=381
[suite custom_states :: cluster2x2] 329/709 ( 46.4%) done monomial_full/sup023_P012_ph020 elapsed=37m16s avg=6.80s/cand eta=43m02s remaining=380
[suite custom_states :: cluster2x2] 330/709 ( 46.5%) done monomial_full/sup023_P012_ph021 elapsed=37m17s avg=6.78s/cand eta=42m49s remaining=379
[suite custom_states :: cluster2x2] 331/709 ( 46.7%) done monomial_full/sup023_P012_ph022 elapsed=37m30s avg=6.80s/cand eta=42m50s remaining=378
[suite custom_states :: cluster2x2] 332/709 ( 46.8%) done monomial_full/sup023_P012_ph100 elapsed=37m31s avg=6.78s/cand eta=42m36s remaining=377
[suite custom_states :: cluster2x2] 333/709 ( 47.0%) done monomial_full/sup023_P012_ph101 elapsed=37m45s avg=6.80s/cand eta=42m37s remaining=376
[suite custom_states :: cluster2x2] 334/709 ( 47.1%) done monomial_full/sup023_P012_ph102 elapsed=37m45s avg=6.78s/cand eta=42m23s remaining=375
[suite custom_states :: cluster2x2] 335/709 ( 47.2%) done monomial_full/sup023_P012_ph110 elapsed=37m58s avg=6.80s/cand eta=42m23s remaining=374
[suite custom_states :: cluster2x2] 336/709 ( 47.4%) done monomial_full/sup023_P012_ph111 elapsed=37m59s avg=6.78s/cand eta=42m10s remaining=373
[suite custom_states :: cluster2x2] 337/709 ( 47.5%) done monomial_full/sup023_P012_ph112 elapsed=38m12s avg=6.80s/cand eta=42m10s remaining=372
[suite custom_states :: cluster2x2] 338/709 ( 47.7%) done monomial_full/sup023_P012_ph120 elapsed=38m13s avg=6.78s/cand eta=41m57s remaining=371
[suite custom_states :: cluster2x2] 339/709 ( 47.8%) done monomial_full/sup023_P012_ph121 elapsed=38m27s avg=6.80s/cand eta=41m58s remaining=370
[suite custom_states :: cluster2x2] 340/709 ( 48.0%) done monomial_full/sup023_P012_ph122 elapsed=38m28s avg=6.79s/cand eta=41m44s remaining=369
[suite custom_states :: cluster2x2] 341/709 ( 48.1%) done monomial_full/sup023_P012_ph200 elapsed=38m41s avg=6.81s/cand eta=41m44s remaining=368
[suite custom_states :: cluster2x2] 342/709 ( 48.2%) done monomial_full/sup023_P012_ph201 elapsed=38m42s avg=6.79s/cand eta=41m32s remaining=367
[suite custom_states :: cluster2x2] 343/709 ( 48.4%) done monomial_full/sup023_P012_ph202 elapsed=38m54s avg=6.81s/cand eta=41m31s remaining=366
[suite custom_states :: cluster2x2] 344/709 ( 48.5%) done monomial_full/sup023_P012_ph210 elapsed=38m55s avg=6.79s/cand eta=41m18s remaining=365
[suite custom_states :: cluster2x2] 345/709 ( 48.7%) done monomial_full/sup023_P012_ph211 elapsed=39m08s avg=6.81s/cand eta=41m18s remaining=364
[suite custom_states :: cluster2x2] 346/709 ( 48.8%) done monomial_full/sup023_P012_ph212 elapsed=39m09s avg=6.79s/cand eta=41m05s remaining=363
[suite custom_states :: cluster2x2] 347/709 ( 48.9%) done monomial_full/sup023_P012_ph220 elapsed=39m22s avg=6.81s/cand eta=41m05s remaining=362
[suite custom_states :: cluster2x2] 348/709 ( 49.1%) done monomial_full/sup023_P012_ph221 elapsed=39m23s avg=6.79s/cand eta=40m51s remaining=361
[suite custom_states :: cluster2x2] 349/709 ( 49.2%) done monomial_full/sup023_P021_ph000 elapsed=39m36s avg=6.81s/cand eta=40m51s remaining=360
[suite custom_states :: cluster2x2] 350/709 ( 49.4%) done monomial_full/sup023_P012_ph222 elapsed=39m37s avg=6.79s/cand eta=40m38s remaining=359
[suite custom_states :: cluster2x2] 351/709 ( 49.5%) done monomial_full/sup023_P021_ph001 elapsed=39m48s avg=6.80s/cand eta=40m36s remaining=358
[suite custom_states :: cluster2x2] 352/709 ( 49.6%) done monomial_full/sup023_P021_ph002 elapsed=39m49s avg=6.79s/cand eta=40m23s remaining=357
[suite custom_states :: cluster2x2] 353/709 ( 49.8%) done monomial_full/sup023_P021_ph010 elapsed=40m00s avg=6.80s/cand eta=40m21s remaining=356
[suite custom_states :: cluster2x2] 354/709 ( 49.9%) done monomial_full/sup023_P021_ph011 elapsed=40m02s avg=6.78s/cand eta=40m09s remaining=355
[suite custom_states :: cluster2x2] 355/709 ( 50.1%) done monomial_full/sup023_P021_ph012 elapsed=40m14s avg=6.80s/cand eta=40m07s remaining=354
[suite custom_states :: cluster2x2] 356/709 ( 50.2%) done monomial_full/sup023_P021_ph020 elapsed=40m15s avg=6.78s/cand eta=39m55s remaining=353
[suite custom_states :: cluster2x2] 357/709 ( 50.4%) done monomial_full/sup023_P021_ph021 elapsed=40m27s avg=6.80s/cand eta=39m53s remaining=352
[suite custom_states :: cluster2x2] 358/709 ( 50.5%) done monomial_full/sup023_P021_ph022 elapsed=40m28s avg=6.78s/cand eta=39m40s remaining=351
[suite custom_states :: cluster2x2] 359/709 ( 50.6%) done monomial_full/sup023_P021_ph100 elapsed=40m40s avg=6.80s/cand eta=39m38s remaining=350
[suite custom_states :: cluster2x2] 360/709 ( 50.8%) done monomial_full/sup023_P021_ph101 elapsed=40m41s avg=6.78s/cand eta=39m26s remaining=349
[suite custom_states :: cluster2x2] 361/709 ( 50.9%) done monomial_full/sup023_P021_ph102 elapsed=40m52s avg=6.79s/cand eta=39m23s remaining=348
[suite custom_states :: cluster2x2] 362/709 ( 51.1%) done monomial_full/sup023_P021_ph110 elapsed=40m53s avg=6.78s/cand eta=39m12s remaining=347
[suite custom_states :: cluster2x2] 363/709 ( 51.2%) done monomial_full/sup023_P021_ph111 elapsed=41m04s avg=6.79s/cand eta=39m09s remaining=346
[suite custom_states :: cluster2x2] 364/709 ( 51.3%) done monomial_full/sup023_P021_ph112 elapsed=41m06s avg=6.77s/cand eta=38m57s remaining=345
[suite custom_states :: cluster2x2] 365/709 ( 51.5%) done monomial_full/sup023_P021_ph120 elapsed=41m18s avg=6.79s/cand eta=38m55s remaining=344
[suite custom_states :: cluster2x2] 366/709 ( 51.6%) done monomial_full/sup023_P021_ph121 elapsed=41m18s avg=6.77s/cand eta=38m43s remaining=343
[suite custom_states :: cluster2x2] 367/709 ( 51.8%) done monomial_full/sup023_P021_ph200 elapsed=41m31s avg=6.79s/cand eta=38m41s remaining=342
[suite custom_states :: cluster2x2] 368/709 ( 51.9%) done monomial_full/sup023_P021_ph122 elapsed=41m31s avg=6.77s/cand eta=38m28s remaining=341
[suite custom_states :: cluster2x2] 369/709 ( 52.0%) done monomial_full/sup023_P021_ph201 elapsed=41m43s avg=6.78s/cand eta=38m26s remaining=340
[suite custom_states :: cluster2x2] 370/709 ( 52.2%) done monomial_full/sup023_P021_ph202 elapsed=41m44s avg=6.77s/cand eta=38m14s remaining=339
[suite custom_states :: cluster2x2] 371/709 ( 52.3%) done monomial_full/sup023_P021_ph210 elapsed=41m54s avg=6.78s/cand eta=38m11s remaining=338
[suite custom_states :: cluster2x2] 372/709 ( 52.5%) done monomial_full/sup023_P021_ph211 elapsed=41m56s avg=6.76s/cand eta=38m00s remaining=337
[suite custom_states :: cluster2x2] 373/709 ( 52.6%) done monomial_full/sup023_P021_ph212 elapsed=42m06s avg=6.77s/cand eta=37m56s remaining=336
[suite custom_states :: cluster2x2] 374/709 ( 52.8%) done monomial_full/sup023_P021_ph220 elapsed=42m08s avg=6.76s/cand eta=37m45s remaining=335
[suite custom_states :: cluster2x2] 375/709 ( 52.9%) done monomial_full/sup023_P021_ph221 elapsed=42m19s avg=6.77s/cand eta=37m41s remaining=334
[suite custom_states :: cluster2x2] 376/709 ( 53.0%) done monomial_full/sup023_P021_ph222 elapsed=42m21s avg=6.76s/cand eta=37m30s remaining=333
[suite custom_states :: cluster2x2] 377/709 ( 53.2%) done monomial_full/sup023_P102_ph000 elapsed=42m34s avg=6.77s/cand eta=37m29s remaining=332
[suite custom_states :: cluster2x2] 378/709 ( 53.3%) done monomial_full/sup023_P102_ph001 elapsed=42m37s avg=6.76s/cand eta=37m19s remaining=331
[suite custom_states :: cluster2x2] 379/709 ( 53.5%) done monomial_full/sup023_P102_ph002 elapsed=42m49s avg=6.78s/cand eta=37m17s remaining=330
[suite custom_states :: cluster2x2] 380/709 ( 53.6%) done monomial_full/sup023_P102_ph010 elapsed=42m51s avg=6.77s/cand eta=37m06s remaining=329
[suite custom_states :: cluster2x2] 381/709 ( 53.7%) done monomial_full/sup023_P102_ph011 elapsed=43m04s avg=6.78s/cand eta=37m05s remaining=328
[suite custom_states :: cluster2x2] 382/709 ( 53.9%) done monomial_full/sup023_P102_ph012 elapsed=43m06s avg=6.77s/cand eta=36m54s remaining=327
[suite custom_states :: cluster2x2] 383/709 ( 54.0%) done monomial_full/sup023_P102_ph020 elapsed=43m19s avg=6.79s/cand eta=36m52s remaining=326
[suite custom_states :: cluster2x2] 384/709 ( 54.2%) done monomial_full/sup023_P102_ph021 elapsed=43m21s avg=6.77s/cand eta=36m42s remaining=325
[suite custom_states :: cluster2x2] 385/709 ( 54.3%) done monomial_full/sup023_P102_ph022 elapsed=43m34s avg=6.79s/cand eta=36m40s remaining=324
[suite custom_states :: cluster2x2] 386/709 ( 54.4%) done monomial_full/sup023_P102_ph100 elapsed=43m37s avg=6.78s/cand eta=36m30s remaining=323
[suite custom_states :: cluster2x2] 387/709 ( 54.6%) done monomial_full/sup023_P102_ph101 elapsed=43m50s avg=6.80s/cand eta=36m28s remaining=322
[suite custom_states :: cluster2x2] 388/709 ( 54.7%) done monomial_full/sup023_P102_ph102 elapsed=43m52s avg=6.78s/cand eta=36m17s remaining=321
[suite custom_states :: cluster2x2] 389/709 ( 54.9%) done monomial_full/sup023_P102_ph110 elapsed=44m04s avg=6.80s/cand eta=36m15s remaining=320
[suite custom_states :: cluster2x2] 390/709 ( 55.0%) done monomial_full/sup023_P102_ph111 elapsed=44m07s avg=6.79s/cand eta=36m05s remaining=319
[suite custom_states :: cluster2x2] 391/709 ( 55.1%) done monomial_full/sup023_P102_ph112 elapsed=44m20s avg=6.80s/cand eta=36m03s remaining=318
[suite custom_states :: cluster2x2] 392/709 ( 55.3%) done monomial_full/sup023_P102_ph120 elapsed=44m22s avg=6.79s/cand eta=35m53s remaining=317
[suite custom_states :: cluster2x2] 393/709 ( 55.4%) done monomial_full/sup023_P102_ph121 elapsed=44m35s avg=6.81s/cand eta=35m51s remaining=316
[suite custom_states :: cluster2x2] 394/709 ( 55.6%) done monomial_full/sup023_P102_ph122 elapsed=44m37s avg=6.79s/cand eta=35m40s remaining=315
[suite custom_states :: cluster2x2] 395/709 ( 55.7%) done monomial_full/sup023_P102_ph200 elapsed=44m50s avg=6.81s/cand eta=35m39s remaining=314
[suite custom_states :: cluster2x2] 396/709 ( 55.9%) done monomial_full/sup023_P102_ph201 elapsed=44m52s avg=6.80s/cand eta=35m28s remaining=313
[suite custom_states :: cluster2x2] 397/709 ( 56.0%) done monomial_full/sup023_P102_ph202 elapsed=45m05s avg=6.81s/cand eta=35m26s remaining=312
[suite custom_states :: cluster2x2] 398/709 ( 56.1%) done monomial_full/sup023_P102_ph210 elapsed=45m08s avg=6.80s/cand eta=35m16s remaining=311
[suite custom_states :: cluster2x2] 399/709 ( 56.3%) done monomial_full/sup023_P102_ph211 elapsed=45m21s avg=6.82s/cand eta=35m14s remaining=310
[suite custom_states :: cluster2x2] 400/709 ( 56.4%) done monomial_full/sup023_P102_ph212 elapsed=45m24s avg=6.81s/cand eta=35m04s remaining=309
[suite custom_states :: cluster2x2] 401/709 ( 56.6%) done monomial_full/sup023_P102_ph220 elapsed=45m36s avg=6.82s/cand eta=35m02s remaining=308
[suite custom_states :: cluster2x2] 402/709 ( 56.7%) done monomial_full/sup023_P102_ph221 elapsed=45m39s avg=6.81s/cand eta=34m52s remaining=307
[suite custom_states :: cluster2x2] 403/709 ( 56.8%) done monomial_full/sup023_P102_ph222 elapsed=45m52s avg=6.83s/cand eta=34m50s remaining=306
[suite custom_states :: cluster2x2] 404/709 ( 57.0%) done monomial_full/sup023_P120_ph000 elapsed=45m54s avg=6.82s/cand eta=34m39s remaining=305
[suite custom_states :: cluster2x2] 405/709 ( 57.1%) done monomial_full/sup023_P120_ph001 elapsed=46m06s avg=6.83s/cand eta=34m36s remaining=304
[suite custom_states :: cluster2x2] 406/709 ( 57.3%) done monomial_full/sup023_P120_ph002 elapsed=46m08s avg=6.82s/cand eta=34m26s remaining=303
[suite custom_states :: cluster2x2] 407/709 ( 57.4%) done monomial_full/sup023_P120_ph010 elapsed=46m20s avg=6.83s/cand eta=34m23s remaining=302
[suite custom_states :: cluster2x2] 408/709 ( 57.5%) done monomial_full/sup023_P120_ph011 elapsed=46m22s avg=6.82s/cand eta=34m13s remaining=301
[suite custom_states :: cluster2x2] 409/709 ( 57.7%) done monomial_full/sup023_P120_ph012 elapsed=46m35s avg=6.83s/cand eta=34m10s remaining=300
[suite custom_states :: cluster2x2] 410/709 ( 57.8%) done monomial_full/sup023_P120_ph020 elapsed=46m37s avg=6.82s/cand eta=34m00s remaining=299
[suite custom_states :: cluster2x2] 411/709 ( 58.0%) done monomial_full/sup023_P120_ph021 elapsed=46m49s avg=6.84s/cand eta=33m57s remaining=298
[suite custom_states :: cluster2x2] 412/709 ( 58.1%) done monomial_full/sup023_P120_ph022 elapsed=46m51s avg=6.82s/cand eta=33m47s remaining=297
[suite custom_states :: cluster2x2] 413/709 ( 58.3%) done monomial_full/sup023_P120_ph100 elapsed=47m03s avg=6.84s/cand eta=33m43s remaining=296
[suite custom_states :: cluster2x2] 414/709 ( 58.4%) done monomial_full/sup023_P120_ph101 elapsed=47m06s avg=6.83s/cand eta=33m33s remaining=295
[suite custom_states :: cluster2x2] 415/709 ( 58.5%) done monomial_full/sup023_P120_ph102 elapsed=47m18s avg=6.84s/cand eta=33m30s remaining=294
[suite custom_states :: cluster2x2] 416/709 ( 58.7%) done monomial_full/sup023_P120_ph110 elapsed=47m20s avg=6.83s/cand eta=33m21s remaining=293
[suite custom_states :: cluster2x2] 417/709 ( 58.8%) done monomial_full/sup023_P120_ph111 elapsed=47m32s avg=6.84s/cand eta=33m17s remaining=292
[suite custom_states :: cluster2x2] 418/709 ( 59.0%) done monomial_full/sup023_P120_ph112 elapsed=47m34s avg=6.83s/cand eta=33m07s remaining=291
[suite custom_states :: cluster2x2] 419/709 ( 59.1%) done monomial_full/sup023_P120_ph120 elapsed=47m47s avg=6.84s/cand eta=33m04s remaining=290
[suite custom_states :: cluster2x2] 420/709 ( 59.2%) done monomial_full/sup023_P120_ph121 elapsed=47m49s avg=6.83s/cand eta=32m54s remaining=289
[suite custom_states :: cluster2x2] 421/709 ( 59.4%) done monomial_full/sup023_P120_ph122 elapsed=48m01s avg=6.84s/cand eta=32m51s remaining=288
[suite custom_states :: cluster2x2] 422/709 ( 59.5%) done monomial_full/sup023_P120_ph200 elapsed=48m03s avg=6.83s/cand eta=32m41s remaining=287
[suite custom_states :: cluster2x2] 423/709 ( 59.7%) done monomial_full/sup023_P120_ph201 elapsed=48m16s avg=6.85s/cand eta=32m38s remaining=286
[suite custom_states :: cluster2x2] 424/709 ( 59.8%) done monomial_full/sup023_P120_ph202 elapsed=48m18s avg=6.83s/cand eta=32m28s remaining=285
[suite custom_states :: cluster2x2] 425/709 ( 59.9%) done monomial_full/sup023_P120_ph210 elapsed=48m31s avg=6.85s/cand eta=32m25s remaining=284
[suite custom_states :: cluster2x2] 426/709 ( 60.1%) done monomial_full/sup023_P120_ph211 elapsed=48m32s avg=6.84s/cand eta=32m15s remaining=283
[suite custom_states :: cluster2x2] 427/709 ( 60.2%) done monomial_full/sup023_P120_ph212 elapsed=48m45s avg=6.85s/cand eta=32m12s remaining=282
[suite custom_states :: cluster2x2] 428/709 ( 60.4%) done monomial_full/sup023_P120_ph220 elapsed=48m46s avg=6.84s/cand eta=32m01s remaining=281
[suite custom_states :: cluster2x2] 429/709 ( 60.5%) done monomial_full/sup023_P120_ph221 elapsed=48m59s avg=6.85s/cand eta=31m58s remaining=280
[suite custom_states :: cluster2x2] 430/709 ( 60.6%) done monomial_full/sup023_P120_ph222 elapsed=49m01s avg=6.84s/cand eta=31m48s remaining=279
[suite custom_states :: cluster2x2] 431/709 ( 60.8%) done monomial_full/sup023_P201_ph000 elapsed=49m11s avg=6.85s/cand eta=31m44s remaining=278
[suite custom_states :: cluster2x2] 432/709 ( 60.9%) done monomial_full/sup023_P201_ph001 elapsed=49m13s avg=6.84s/cand eta=31m33s remaining=277
[suite custom_states :: cluster2x2] 433/709 ( 61.1%) done monomial_full/sup023_P201_ph002 elapsed=49m24s avg=6.84s/cand eta=31m29s remaining=276
[suite custom_states :: cluster2x2] 434/709 ( 61.2%) done monomial_full/sup023_P201_ph010 elapsed=49m26s avg=6.83s/cand eta=31m19s remaining=275
[suite custom_states :: cluster2x2] 435/709 ( 61.4%) done monomial_full/sup023_P201_ph011 elapsed=49m36s avg=6.84s/cand eta=31m14s remaining=274
[suite custom_states :: cluster2x2] 436/709 ( 61.5%) done monomial_full/sup023_P201_ph012 elapsed=49m37s avg=6.83s/cand eta=31m04s remaining=273
[suite custom_states :: cluster2x2] 437/709 ( 61.6%) done monomial_full/sup023_P201_ph020 elapsed=49m47s avg=6.84s/cand eta=30m59s remaining=272
[suite custom_states :: cluster2x2] 438/709 ( 61.8%) done monomial_full/sup023_P201_ph021 elapsed=49m49s avg=6.82s/cand eta=30m50s remaining=271
[suite custom_states :: cluster2x2] 439/709 ( 61.9%) done monomial_full/sup023_P201_ph022 elapsed=49m59s avg=6.83s/cand eta=30m44s remaining=270
[suite custom_states :: cluster2x2] 440/709 ( 62.1%) done monomial_full/sup023_P201_ph100 elapsed=50m01s avg=6.82s/cand eta=30m35s remaining=269
[suite custom_states :: cluster2x2] 441/709 ( 62.2%) done monomial_full/sup023_P201_ph101 elapsed=50m11s avg=6.83s/cand eta=30m30s remaining=268
[suite custom_states :: cluster2x2] 442/709 ( 62.3%) done monomial_full/sup023_P201_ph102 elapsed=50m13s avg=6.82s/cand eta=30m20s remaining=267
[suite custom_states :: cluster2x2] 443/709 ( 62.5%) done monomial_full/sup023_P201_ph110 elapsed=50m23s avg=6.82s/cand eta=30m15s remaining=266
[suite custom_states :: cluster2x2] 444/709 ( 62.6%) done monomial_full/sup023_P201_ph111 elapsed=50m26s avg=6.81s/cand eta=30m06s remaining=265
[suite custom_states :: cluster2x2] 445/709 ( 62.8%) done monomial_full/sup023_P201_ph112 elapsed=50m36s avg=6.82s/cand eta=30m01s remaining=264
[suite custom_states :: cluster2x2] 446/709 ( 62.9%) done monomial_full/sup023_P201_ph120 elapsed=50m38s avg=6.81s/cand eta=29m52s remaining=263
[suite custom_states :: cluster2x2] 447/709 ( 63.0%) done monomial_full/sup023_P201_ph121 elapsed=50m48s avg=6.82s/cand eta=29m46s remaining=262
[suite custom_states :: cluster2x2] 448/709 ( 63.2%) done monomial_full/sup023_P201_ph122 elapsed=50m50s avg=6.81s/cand eta=29m37s remaining=261
[suite custom_states :: cluster2x2] 449/709 ( 63.3%) done monomial_full/sup023_P201_ph200 elapsed=51m00s avg=6.81s/cand eta=29m32s remaining=260
[suite custom_states :: cluster2x2] 450/709 ( 63.5%) done monomial_full/sup023_P201_ph201 elapsed=51m02s avg=6.80s/cand eta=29m22s remaining=259
[suite custom_states :: cluster2x2] 451/709 ( 63.6%) done monomial_full/sup023_P201_ph202 elapsed=51m13s avg=6.81s/cand eta=29m18s remaining=258
[suite custom_states :: cluster2x2] 452/709 ( 63.8%) done monomial_full/sup023_P201_ph210 elapsed=51m15s avg=6.80s/cand eta=29m08s remaining=257
[suite custom_states :: cluster2x2] 453/709 ( 63.9%) done monomial_full/sup023_P201_ph211 elapsed=51m25s avg=6.81s/cand eta=29m03s remaining=256
[suite custom_states :: cluster2x2] 454/709 ( 64.0%) done monomial_full/sup023_P201_ph212 elapsed=51m27s avg=6.80s/cand eta=28m54s remaining=255
[suite custom_states :: cluster2x2] 455/709 ( 64.2%) done monomial_full/sup023_P201_ph220 elapsed=51m37s avg=6.81s/cand eta=28m49s remaining=254
[suite custom_states :: cluster2x2] 456/709 ( 64.3%) done monomial_full/sup023_P201_ph221 elapsed=51m39s avg=6.80s/cand eta=28m40s remaining=253
[suite custom_states :: cluster2x2] 457/709 ( 64.5%) done monomial_full/sup023_P201_ph222 elapsed=51m49s avg=6.80s/cand eta=28m34s remaining=252
[suite custom_states :: cluster2x2] 458/709 ( 64.6%) done monomial_full/sup023_P210_ph000 elapsed=51m52s avg=6.79s/cand eta=28m25s remaining=251
[suite custom_states :: cluster2x2] 459/709 ( 64.7%) done monomial_full/sup023_P210_ph001 elapsed=52m01s avg=6.80s/cand eta=28m20s remaining=250
[suite custom_states :: cluster2x2] 460/709 ( 64.9%) done monomial_full/sup023_P210_ph002 elapsed=52m04s avg=6.79s/cand eta=28m11s remaining=249
[suite custom_states :: cluster2x2] 461/709 ( 65.0%) done monomial_full/sup023_P210_ph010 elapsed=52m13s avg=6.80s/cand eta=28m06s remaining=248
[suite custom_states :: cluster2x2] 462/709 ( 65.2%) done monomial_full/sup023_P210_ph011 elapsed=52m17s avg=6.79s/cand eta=27m57s remaining=247
[suite custom_states :: cluster2x2] 463/709 ( 65.3%) done monomial_full/sup023_P210_ph012 elapsed=52m26s avg=6.79s/cand eta=27m52s remaining=246
[suite custom_states :: cluster2x2] 464/709 ( 65.4%) done monomial_full/sup023_P210_ph020 elapsed=52m30s avg=6.79s/cand eta=27m43s remaining=245
[suite custom_states :: cluster2x2] 465/709 ( 65.6%) done monomial_full/sup023_P210_ph021 elapsed=52m39s avg=6.79s/cand eta=27m37s remaining=244
[suite custom_states :: cluster2x2] 466/709 ( 65.7%) done monomial_full/sup023_P210_ph022 elapsed=52m43s avg=6.79s/cand eta=27m29s remaining=243
[suite custom_states :: cluster2x2] 467/709 ( 65.9%) done monomial_full/sup023_P210_ph100 elapsed=52m51s avg=6.79s/cand eta=27m23s remaining=242
[suite custom_states :: cluster2x2] 468/709 ( 66.0%) done monomial_full/sup023_P210_ph101 elapsed=52m55s avg=6.78s/cand eta=27m15s remaining=241
[suite custom_states :: cluster2x2] 469/709 ( 66.1%) done monomial_full/sup023_P210_ph102 elapsed=53m03s avg=6.79s/cand eta=27m09s remaining=240
[suite custom_states :: cluster2x2] 470/709 ( 66.3%) done monomial_full/sup023_P210_ph110 elapsed=53m07s avg=6.78s/cand eta=27m01s remaining=239
[suite custom_states :: cluster2x2] 471/709 ( 66.4%) done monomial_full/sup023_P210_ph111 elapsed=53m15s avg=6.78s/cand eta=26m55s remaining=238
[suite custom_states :: cluster2x2] 472/709 ( 66.6%) done monomial_full/sup023_P210_ph112 elapsed=53m20s avg=6.78s/cand eta=26m47s remaining=237
[suite custom_states :: cluster2x2] 473/709 ( 66.7%) done monomial_full/sup023_P210_ph120 elapsed=53m28s avg=6.78s/cand eta=26m41s remaining=236
[suite custom_states :: cluster2x2] 474/709 ( 66.9%) done monomial_full/sup023_P210_ph121 elapsed=53m32s avg=6.78s/cand eta=26m33s remaining=235
[suite custom_states :: cluster2x2] 475/709 ( 67.0%) done monomial_full/sup023_P210_ph122 elapsed=53m40s avg=6.78s/cand eta=26m26s remaining=234
[suite custom_states :: cluster2x2] 476/709 ( 67.1%) done monomial_full/sup023_P210_ph200 elapsed=53m45s avg=6.77s/cand eta=26m19s remaining=233
[suite custom_states :: cluster2x2] 477/709 ( 67.3%) done monomial_full/sup023_P210_ph201 elapsed=53m52s avg=6.78s/cand eta=26m12s remaining=232
[suite custom_states :: cluster2x2] 478/709 ( 67.4%) done monomial_full/sup023_P210_ph202 elapsed=53m57s avg=6.77s/cand eta=26m04s remaining=231
[suite custom_states :: cluster2x2] 479/709 ( 67.6%) done monomial_full/sup023_P210_ph210 elapsed=54m04s avg=6.77s/cand eta=25m58s remaining=230
[suite custom_states :: cluster2x2] 480/709 ( 67.7%) done monomial_full/sup023_P210_ph211 elapsed=54m09s avg=6.77s/cand eta=25m50s remaining=229
[suite custom_states :: cluster2x2] 481/709 ( 67.8%) done monomial_full/sup023_P210_ph212 elapsed=54m16s avg=6.77s/cand eta=25m43s remaining=228
[suite custom_states :: cluster2x2] 482/709 ( 68.0%) done monomial_full/sup023_P210_ph220 elapsed=54m22s avg=6.77s/cand eta=25m36s remaining=227
[suite custom_states :: cluster2x2] 483/709 ( 68.1%) done monomial_full/sup023_P210_ph221 elapsed=54m29s avg=6.77s/cand eta=25m30s remaining=226
[suite custom_states :: cluster2x2] 484/709 ( 68.3%) done monomial_full/sup023_P210_ph222 elapsed=54m35s avg=6.77s/cand eta=25m22s remaining=225
[suite custom_states :: cluster2x2] 485/709 ( 68.4%) done monomial_full/sup123_P012_ph000 elapsed=54m41s avg=6.77s/cand eta=25m16s remaining=224
[suite custom_states :: cluster2x2] 486/709 ( 68.5%) done monomial_full/sup123_P012_ph001 elapsed=54m47s avg=6.76s/cand eta=25m08s remaining=223
[suite custom_states :: cluster2x2] 487/709 ( 68.7%) done monomial_full/sup123_P012_ph002 elapsed=54m53s avg=6.76s/cand eta=25m01s remaining=222
[suite custom_states :: cluster2x2] 488/709 ( 68.8%) done monomial_full/sup123_P012_ph010 elapsed=54m59s avg=6.76s/cand eta=24m54s remaining=221
[suite custom_states :: cluster2x2] 489/709 ( 69.0%) done monomial_full/sup123_P012_ph011 elapsed=55m05s avg=6.76s/cand eta=24m47s remaining=220
[suite custom_states :: cluster2x2] 490/709 ( 69.1%) done monomial_full/sup123_P012_ph012 elapsed=55m12s avg=6.76s/cand eta=24m40s remaining=219
[suite custom_states :: cluster2x2] 491/709 ( 69.3%) done monomial_full/sup123_P012_ph020 elapsed=55m18s avg=6.76s/cand eta=24m33s remaining=218
[suite custom_states :: cluster2x2] 492/709 ( 69.4%) done monomial_full/sup123_P012_ph021 elapsed=55m24s avg=6.76s/cand eta=24m26s remaining=217
[suite custom_states :: cluster2x2] 493/709 ( 69.5%) done monomial_full/sup123_P012_ph022 elapsed=55m31s avg=6.76s/cand eta=24m19s remaining=216
[suite custom_states :: cluster2x2] 494/709 ( 69.7%) done monomial_full/sup123_P012_ph100 elapsed=55m37s avg=6.75s/cand eta=24m12s remaining=215
[suite custom_states :: cluster2x2] 495/709 ( 69.8%) done monomial_full/sup123_P012_ph101 elapsed=55m44s avg=6.75s/cand eta=24m05s remaining=214
[suite custom_states :: cluster2x2] 496/709 ( 70.0%) done monomial_full/sup123_P012_ph102 elapsed=55m49s avg=6.75s/cand eta=23m58s remaining=213
[suite custom_states :: cluster2x2] 497/709 ( 70.1%) done monomial_full/sup123_P012_ph110 elapsed=55m56s avg=6.75s/cand eta=23m51s remaining=212
[suite custom_states :: cluster2x2] 498/709 ( 70.2%) done monomial_full/sup123_P012_ph111 elapsed=56m01s avg=6.75s/cand eta=23m44s remaining=211
[suite custom_states :: cluster2x2] 499/709 ( 70.4%) done monomial_full/sup123_P012_ph112 elapsed=56m08s avg=6.75s/cand eta=23m37s remaining=210
[suite custom_states :: cluster2x2] 500/709 ( 70.5%) done monomial_full/sup123_P012_ph120 elapsed=56m14s avg=6.75s/cand eta=23m30s remaining=209
[suite custom_states :: cluster2x2] 501/709 ( 70.7%) done monomial_full/sup123_P012_ph121 elapsed=56m20s avg=6.75s/cand eta=23m23s remaining=208
[suite custom_states :: cluster2x2] 502/709 ( 70.8%) done monomial_full/sup123_P012_ph122 elapsed=56m26s avg=6.75s/cand eta=23m16s remaining=207
[suite custom_states :: cluster2x2] 503/709 ( 70.9%) done monomial_full/sup123_P012_ph200 elapsed=56m33s avg=6.74s/cand eta=23m09s remaining=206
[suite custom_states :: cluster2x2] 504/709 ( 71.1%) done monomial_full/sup123_P012_ph201 elapsed=56m40s avg=6.75s/cand eta=23m03s remaining=205
[suite custom_states :: cluster2x2] 505/709 ( 71.2%) done monomial_full/sup123_P012_ph202 elapsed=56m45s avg=6.74s/cand eta=22m56s remaining=204
[suite custom_states :: cluster2x2] 506/709 ( 71.4%) done monomial_full/sup123_P012_ph210 elapsed=56m52s avg=6.74s/cand eta=22m49s remaining=203
[suite custom_states :: cluster2x2] 507/709 ( 71.5%) done monomial_full/sup123_P012_ph211 elapsed=56m57s avg=6.74s/cand eta=22m41s remaining=202
[suite custom_states :: cluster2x2] 508/709 ( 71.7%) done monomial_full/sup123_P012_ph212 elapsed=57m04s avg=6.74s/cand eta=22m35s remaining=201
[suite custom_states :: cluster2x2] 509/709 ( 71.8%) done monomial_full/sup123_P012_ph220 elapsed=57m09s avg=6.74s/cand eta=22m27s remaining=200
[suite custom_states :: cluster2x2] 510/709 ( 71.9%) done monomial_full/sup123_P012_ph221 elapsed=57m17s avg=6.74s/cand eta=22m21s remaining=199
[suite custom_states :: cluster2x2] 511/709 ( 72.1%) done monomial_full/sup123_P012_ph222 elapsed=57m22s avg=6.74s/cand eta=22m14s remaining=198
[suite custom_states :: cluster2x2] 512/709 ( 72.2%) done monomial_full/sup123_P021_ph000 elapsed=57m31s avg=6.74s/cand eta=22m08s remaining=197
[suite custom_states :: cluster2x2] 513/709 ( 72.4%) done monomial_full/sup123_P021_ph001 elapsed=57m36s avg=6.74s/cand eta=22m00s remaining=196
[suite custom_states :: cluster2x2] 514/709 ( 72.5%) done monomial_full/sup123_P021_ph002 elapsed=57m46s avg=6.74s/cand eta=21m55s remaining=195
[suite custom_states :: cluster2x2] 515/709 ( 72.6%) done monomial_full/sup123_P021_ph010 elapsed=57m50s avg=6.74s/cand eta=21m47s remaining=194
[suite custom_states :: cluster2x2] 516/709 ( 72.8%) done monomial_full/sup123_P021_ph011 elapsed=57m59s avg=6.74s/cand eta=21m41s remaining=193
[suite custom_states :: cluster2x2] 517/709 ( 72.9%) done monomial_full/sup123_P021_ph012 elapsed=58m04s avg=6.74s/cand eta=21m34s remaining=192
[suite custom_states :: cluster2x2] 518/709 ( 73.1%) done monomial_full/sup123_P021_ph020 elapsed=58m13s avg=6.74s/cand eta=21m28s remaining=191
[suite custom_states :: cluster2x2] 519/709 ( 73.2%) done monomial_full/sup123_P021_ph021 elapsed=58m18s avg=6.74s/cand eta=21m21s remaining=190
[suite custom_states :: cluster2x2] 520/709 ( 73.3%) done monomial_full/sup123_P021_ph022 elapsed=58m28s avg=6.75s/cand eta=21m15s remaining=189
[suite custom_states :: cluster2x2] 521/709 ( 73.5%) done monomial_full/sup123_P021_ph100 elapsed=58m32s avg=6.74s/cand eta=21m07s remaining=188
[suite custom_states :: cluster2x2] 522/709 ( 73.6%) done monomial_full/sup123_P021_ph101 elapsed=58m42s avg=6.75s/cand eta=21m02s remaining=187
[suite custom_states :: cluster2x2] 523/709 ( 73.8%) done monomial_full/sup123_P021_ph102 elapsed=58m46s avg=6.74s/cand eta=20m54s remaining=186
[suite custom_states :: cluster2x2] 524/709 ( 73.9%) done monomial_full/sup123_P021_ph110 elapsed=58m56s avg=6.75s/cand eta=20m48s remaining=185
[suite custom_states :: cluster2x2] 525/709 ( 74.0%) done monomial_full/sup123_P021_ph111 elapsed=58m59s avg=6.74s/cand eta=20m40s remaining=184
[suite custom_states :: cluster2x2] 526/709 ( 74.2%) done monomial_full/sup123_P021_ph112 elapsed=59m10s avg=6.75s/cand eta=20m35s remaining=183
[suite custom_states :: cluster2x2] 527/709 ( 74.3%) done monomial_full/sup123_P021_ph120 elapsed=59m14s avg=6.74s/cand eta=20m27s remaining=182
[suite custom_states :: cluster2x2] 528/709 ( 74.5%) done monomial_full/sup123_P021_ph121 elapsed=59m24s avg=6.75s/cand eta=20m22s remaining=181
[suite custom_states :: cluster2x2] 529/709 ( 74.6%) done monomial_full/sup123_P021_ph122 elapsed=59m27s avg=6.74s/cand eta=20m14s remaining=180
[suite custom_states :: cluster2x2] 530/709 ( 74.8%) done monomial_full/sup123_P021_ph200 elapsed=59m39s avg=6.75s/cand eta=20m09s remaining=179
[suite custom_states :: cluster2x2] 531/709 ( 74.9%) done monomial_full/sup123_P021_ph201 elapsed=59m42s avg=6.75s/cand eta=20m01s remaining=178
[suite custom_states :: cluster2x2] 532/709 ( 75.0%) done monomial_full/sup123_P021_ph202 elapsed=59m52s avg=6.75s/cand eta=19m55s remaining=177
[suite custom_states :: cluster2x2] 533/709 ( 75.2%) done monomial_full/sup123_P021_ph210 elapsed=59m55s avg=6.75s/cand eta=19m47s remaining=176
[suite custom_states :: cluster2x2] 534/709 ( 75.3%) done monomial_full/sup123_P021_ph211 elapsed=1h00m06s avg=6.75s/cand eta=19m42s remaining=175
[suite custom_states :: cluster2x2] 535/709 ( 75.5%) done monomial_full/sup123_P021_ph212 elapsed=1h00m09s avg=6.75s/cand eta=19m34s remaining=174
[suite custom_states :: cluster2x2] 536/709 ( 75.6%) done monomial_full/sup123_P021_ph220 elapsed=1h00m21s avg=6.75s/cand eta=19m29s remaining=173
[suite custom_states :: cluster2x2] 537/709 ( 75.7%) done monomial_full/sup123_P021_ph221 elapsed=1h00m24s avg=6.75s/cand eta=19m21s remaining=172
[suite custom_states :: cluster2x2] 538/709 ( 75.9%) done monomial_full/sup123_P021_ph222 elapsed=1h00m35s avg=6.76s/cand eta=19m15s remaining=171
[suite custom_states :: cluster2x2] 539/709 ( 76.0%) done monomial_full/sup123_P102_ph000 elapsed=1h00m39s avg=6.75s/cand eta=19m08s remaining=170
[suite custom_states :: cluster2x2] 540/709 ( 76.2%) done monomial_full/sup123_P102_ph001 elapsed=1h00m50s avg=6.76s/cand eta=19m02s remaining=169
[suite custom_states :: cluster2x2] 541/709 ( 76.3%) done monomial_full/sup123_P102_ph002 elapsed=1h00m53s avg=6.75s/cand eta=18m54s remaining=168
[suite custom_states :: cluster2x2] 542/709 ( 76.4%) done monomial_full/sup123_P102_ph010 elapsed=1h01m04s avg=6.76s/cand eta=18m49s remaining=167
[suite custom_states :: cluster2x2] 543/709 ( 76.6%) done monomial_full/sup123_P102_ph011 elapsed=1h01m07s avg=6.75s/cand eta=18m41s remaining=166
[suite custom_states :: cluster2x2] 544/709 ( 76.7%) done monomial_full/sup123_P102_ph012 elapsed=1h01m19s avg=6.76s/cand eta=18m36s remaining=165
[suite custom_states :: cluster2x2] 545/709 ( 76.9%) done monomial_full/sup123_P102_ph020 elapsed=1h01m22s avg=6.76s/cand eta=18m28s remaining=164
[suite custom_states :: cluster2x2] 546/709 ( 77.0%) done monomial_full/sup123_P102_ph021 elapsed=1h01m35s avg=6.77s/cand eta=18m23s remaining=163
[suite custom_states :: cluster2x2] 547/709 ( 77.2%) done monomial_full/sup123_P102_ph022 elapsed=1h01m38s avg=6.76s/cand eta=18m15s remaining=162
[suite custom_states :: cluster2x2] 548/709 ( 77.3%) done monomial_full/sup123_P102_ph100 elapsed=1h01m49s avg=6.77s/cand eta=18m10s remaining=161
[suite custom_states :: cluster2x2] 549/709 ( 77.4%) done monomial_full/sup123_P102_ph101 elapsed=1h01m52s avg=6.76s/cand eta=18m02s remaining=160
[suite custom_states :: cluster2x2] 550/709 ( 77.6%) done monomial_full/sup123_P102_ph102 elapsed=1h02m05s avg=6.77s/cand eta=17m57s remaining=159
[suite custom_states :: cluster2x2] 551/709 ( 77.7%) done monomial_full/sup123_P102_ph110 elapsed=1h02m08s avg=6.77s/cand eta=17m49s remaining=158
[suite custom_states :: cluster2x2] 552/709 ( 77.9%) done monomial_full/sup123_P102_ph111 elapsed=1h02m19s avg=6.77s/cand eta=17m44s remaining=157
[suite custom_states :: cluster2x2] 553/709 ( 78.0%) done monomial_full/sup123_P102_ph112 elapsed=1h02m22s avg=6.77s/cand eta=17m36s remaining=156
[suite custom_states :: cluster2x2] 554/709 ( 78.1%) done monomial_full/sup123_P102_ph120 elapsed=1h02m34s avg=6.78s/cand eta=17m30s remaining=155
[suite custom_states :: cluster2x2] 555/709 ( 78.3%) done monomial_full/sup123_P102_ph121 elapsed=1h02m37s avg=6.77s/cand eta=17m22s remaining=154
[suite custom_states :: cluster2x2] 556/709 ( 78.4%) done monomial_full/sup123_P102_ph122 elapsed=1h02m48s avg=6.78s/cand eta=17m17s remaining=153
[suite custom_states :: cluster2x2] 557/709 ( 78.6%) done monomial_full/sup123_P102_ph200 elapsed=1h02m51s avg=6.77s/cand eta=17m09s remaining=152
[suite custom_states :: cluster2x2] 558/709 ( 78.7%) done monomial_full/sup123_P102_ph201 elapsed=1h03m02s avg=6.78s/cand eta=17m03s remaining=151
[suite custom_states :: cluster2x2] 559/709 ( 78.8%) done monomial_full/sup123_P102_ph202 elapsed=1h03m05s avg=6.77s/cand eta=16m56s remaining=150
[suite custom_states :: cluster2x2] 560/709 ( 79.0%) done monomial_full/sup123_P102_ph210 elapsed=1h03m16s avg=6.78s/cand eta=16m50s remaining=149
[suite custom_states :: cluster2x2] 561/709 ( 79.1%) done monomial_full/sup123_P102_ph211 elapsed=1h03m19s avg=6.77s/cand eta=16m42s remaining=148
[suite custom_states :: cluster2x2] 562/709 ( 79.3%) done monomial_full/sup123_P102_ph212 elapsed=1h03m31s avg=6.78s/cand eta=16m37s remaining=147
[suite custom_states :: cluster2x2] 563/709 ( 79.4%) done monomial_full/sup123_P102_ph220 elapsed=1h03m34s avg=6.77s/cand eta=16m29s remaining=146
[suite custom_states :: cluster2x2] 564/709 ( 79.5%) done monomial_full/sup123_P102_ph221 elapsed=1h03m46s avg=6.78s/cand eta=16m24s remaining=145
[suite custom_states :: cluster2x2] 565/709 ( 79.7%) done monomial_full/sup123_P102_ph222 elapsed=1h03m48s avg=6.78s/cand eta=16m16s remaining=144
[suite custom_states :: cluster2x2] 566/709 ( 79.8%) done monomial_full/sup123_P120_ph000 elapsed=1h04m00s avg=6.78s/cand eta=16m10s remaining=143
[suite custom_states :: cluster2x2] 567/709 ( 80.0%) done monomial_full/sup123_P120_ph001 elapsed=1h04m02s avg=6.78s/cand eta=16m02s remaining=142
[suite custom_states :: cluster2x2] 568/709 ( 80.1%) done monomial_full/sup123_P120_ph002 elapsed=1h04m15s avg=6.79s/cand eta=15m57s remaining=141
[suite custom_states :: cluster2x2] 569/709 ( 80.3%) done monomial_full/sup123_P120_ph010 elapsed=1h04m18s avg=6.78s/cand eta=15m49s remaining=140
[suite custom_states :: cluster2x2] 570/709 ( 80.4%) done monomial_full/sup123_P120_ph011 elapsed=1h04m31s avg=6.79s/cand eta=15m44s remaining=139
[suite custom_states :: cluster2x2] 571/709 ( 80.5%) done monomial_full/sup123_P120_ph012 elapsed=1h04m35s avg=6.79s/cand eta=15m37s remaining=138
[suite custom_states :: cluster2x2] 572/709 ( 80.7%) done monomial_full/sup123_P120_ph020 elapsed=1h04m47s avg=6.80s/cand eta=15m31s remaining=137
[suite custom_states :: cluster2x2] 573/709 ( 80.8%) done monomial_full/sup123_P120_ph021 elapsed=1h04m50s avg=6.79s/cand eta=15m23s remaining=136
[suite custom_states :: cluster2x2] 574/709 ( 81.0%) done monomial_full/sup123_P120_ph022 elapsed=1h05m02s avg=6.80s/cand eta=15m18s remaining=135
[suite custom_states :: cluster2x2] 575/709 ( 81.1%) done monomial_full/sup123_P120_ph100 elapsed=1h05m04s avg=6.79s/cand eta=15m10s remaining=134
[suite custom_states :: cluster2x2] 576/709 ( 81.2%) done monomial_full/sup123_P120_ph101 elapsed=1h05m17s avg=6.80s/cand eta=15m04s remaining=133
[suite custom_states :: cluster2x2] 577/709 ( 81.4%) done monomial_full/sup123_P120_ph102 elapsed=1h05m20s avg=6.79s/cand eta=14m57s remaining=132
[suite custom_states :: cluster2x2] 578/709 ( 81.5%) done monomial_full/sup123_P120_ph110 elapsed=1h05m32s avg=6.80s/cand eta=14m51s remaining=131
[suite custom_states :: cluster2x2] 579/709 ( 81.7%) done monomial_full/sup123_P120_ph111 elapsed=1h05m35s avg=6.80s/cand eta=14m43s remaining=130
[suite custom_states :: cluster2x2] 580/709 ( 81.8%) done monomial_full/sup123_P120_ph112 elapsed=1h05m47s avg=6.81s/cand eta=14m38s remaining=129
[suite custom_states :: cluster2x2] 581/709 ( 81.9%) done monomial_full/sup123_P120_ph120 elapsed=1h05m49s avg=6.80s/cand eta=14m30s remaining=128
[suite custom_states :: cluster2x2] 582/709 ( 82.1%) done monomial_full/sup123_P120_ph121 elapsed=1h06m01s avg=6.81s/cand eta=14m24s remaining=127
[suite custom_states :: cluster2x2] 583/709 ( 82.2%) done monomial_full/sup123_P120_ph122 elapsed=1h06m04s avg=6.80s/cand eta=14m17s remaining=126
[suite custom_states :: cluster2x2] 584/709 ( 82.4%) done monomial_full/sup123_P120_ph200 elapsed=1h06m17s avg=6.81s/cand eta=14m11s remaining=125
[suite custom_states :: cluster2x2] 585/709 ( 82.5%) done monomial_full/sup123_P120_ph201 elapsed=1h06m19s avg=6.80s/cand eta=14m03s remaining=124
[suite custom_states :: cluster2x2] 586/709 ( 82.7%) done monomial_full/sup123_P120_ph202 elapsed=1h06m32s avg=6.81s/cand eta=13m58s remaining=123
[suite custom_states :: cluster2x2] 587/709 ( 82.8%) done monomial_full/sup123_P120_ph210 elapsed=1h06m34s avg=6.80s/cand eta=13m50s remaining=122
[suite custom_states :: cluster2x2] 588/709 ( 82.9%) done monomial_full/sup123_P120_ph211 elapsed=1h06m47s avg=6.82s/cand eta=13m45s remaining=121
[suite custom_states :: cluster2x2] 589/709 ( 83.1%) done monomial_full/sup123_P120_ph212 elapsed=1h06m48s avg=6.81s/cand eta=13m37s remaining=120
[suite custom_states :: cluster2x2] 590/709 ( 83.2%) done monomial_full/sup123_P120_ph220 elapsed=1h07m02s avg=6.82s/cand eta=13m31s remaining=119
[suite custom_states :: cluster2x2] 591/709 ( 83.4%) done monomial_full/sup123_P120_ph221 elapsed=1h07m03s avg=6.81s/cand eta=13m23s remaining=118
[suite custom_states :: cluster2x2] 592/709 ( 83.5%) done monomial_full/sup123_P201_ph000 elapsed=1h07m15s avg=6.82s/cand eta=13m18s remaining=117
[suite custom_states :: cluster2x2] 593/709 ( 83.6%) done monomial_full/sup123_P120_ph222 elapsed=1h07m17s avg=6.81s/cand eta=13m10s remaining=116
[suite custom_states :: cluster2x2] 594/709 ( 83.8%) done monomial_full/sup123_P201_ph001 elapsed=1h07m27s avg=6.81s/cand eta=13m04s remaining=115
[suite custom_states :: cluster2x2] 595/709 ( 83.9%) done monomial_full/sup123_P201_ph002 elapsed=1h07m29s avg=6.81s/cand eta=12m56s remaining=114
[suite custom_states :: cluster2x2] 596/709 ( 84.1%) done monomial_full/sup123_P201_ph010 elapsed=1h07m39s avg=6.81s/cand eta=12m50s remaining=113
[suite custom_states :: cluster2x2] 597/709 ( 84.2%) done monomial_full/sup123_P201_ph011 elapsed=1h07m41s avg=6.80s/cand eta=12m42s remaining=112
[suite custom_states :: cluster2x2] 598/709 ( 84.3%) done monomial_full/sup123_P201_ph012 elapsed=1h07m51s avg=6.81s/cand eta=12m36s remaining=111
[suite custom_states :: cluster2x2] 599/709 ( 84.5%) done monomial_full/sup123_P201_ph020 elapsed=1h07m53s avg=6.80s/cand eta=12m28s remaining=110
[suite custom_states :: cluster2x2] 600/709 ( 84.6%) done monomial_full/sup123_P201_ph021 elapsed=1h08m03s avg=6.81s/cand eta=12m22s remaining=109
[suite custom_states :: cluster2x2] 601/709 ( 84.8%) done monomial_full/sup123_P201_ph022 elapsed=1h08m06s avg=6.80s/cand eta=12m14s remaining=108
[suite custom_states :: cluster2x2] 602/709 ( 84.9%) done monomial_full/sup123_P201_ph100 elapsed=1h08m16s avg=6.80s/cand eta=12m08s remaining=107
[suite custom_states :: cluster2x2] 603/709 ( 85.0%) done monomial_full/sup123_P201_ph101 elapsed=1h08m18s avg=6.80s/cand eta=12m00s remaining=106
[suite custom_states :: cluster2x2] 604/709 ( 85.2%) done monomial_full/sup123_P201_ph102 elapsed=1h08m28s avg=6.80s/cand eta=11m54s remaining=105
[suite custom_states :: cluster2x2] 605/709 ( 85.3%) done monomial_full/sup123_P201_ph110 elapsed=1h08m30s avg=6.79s/cand eta=11m47s remaining=104
[suite custom_states :: cluster2x2] 606/709 ( 85.5%) done monomial_full/sup123_P201_ph111 elapsed=1h08m40s avg=6.80s/cand eta=11m40s remaining=103
[suite custom_states :: cluster2x2] 607/709 ( 85.6%) done monomial_full/sup123_P201_ph112 elapsed=1h08m42s avg=6.79s/cand eta=11m33s remaining=102
[suite custom_states :: cluster2x2] 608/709 ( 85.8%) done monomial_full/sup123_P201_ph120 elapsed=1h08m52s avg=6.80s/cand eta=11m26s remaining=101
[suite custom_states :: cluster2x2] 609/709 ( 85.9%) done monomial_full/sup123_P201_ph121 elapsed=1h08m54s avg=6.79s/cand eta=11m19s remaining=100
[suite custom_states :: cluster2x2] 610/709 ( 86.0%) done monomial_full/sup123_P201_ph122 elapsed=1h09m03s avg=6.79s/cand eta=11m12s remaining=99
[suite custom_states :: cluster2x2] 611/709 ( 86.2%) done monomial_full/sup123_P201_ph200 elapsed=1h09m06s avg=6.79s/cand eta=11m05s remaining=98
[suite custom_states :: cluster2x2] 612/709 ( 86.3%) done monomial_full/sup123_P201_ph201 elapsed=1h09m16s avg=6.79s/cand eta=10m59s remaining=97
[suite custom_states :: cluster2x2] 613/709 ( 86.5%) done monomial_full/sup123_P201_ph202 elapsed=1h09m19s avg=6.78s/cand eta=10m51s remaining=96
[suite custom_states :: cluster2x2] 614/709 ( 86.6%) done monomial_full/sup123_P201_ph210 elapsed=1h09m28s avg=6.79s/cand eta=10m45s remaining=95
[suite custom_states :: cluster2x2] 615/709 ( 86.7%) done monomial_full/sup123_P201_ph211 elapsed=1h09m31s avg=6.78s/cand eta=10m38s remaining=94
[suite custom_states :: cluster2x2] 616/709 ( 86.9%) done monomial_full/sup123_P201_ph212 elapsed=1h09m41s avg=6.79s/cand eta=10m31s remaining=93
[suite custom_states :: cluster2x2] 617/709 ( 87.0%) done monomial_full/sup123_P201_ph220 elapsed=1h09m43s avg=6.78s/cand eta=10m24s remaining=92
[suite custom_states :: cluster2x2] 618/709 ( 87.2%) done monomial_full/sup123_P201_ph221 elapsed=1h09m53s avg=6.78s/cand eta=10m17s remaining=91
[suite custom_states :: cluster2x2] 619/709 ( 87.3%) done monomial_full/sup123_P201_ph222 elapsed=1h09m55s avg=6.78s/cand eta=10m10s remaining=90
[suite custom_states :: cluster2x2] 620/709 ( 87.4%) done monomial_full/sup123_P210_ph000 elapsed=1h10m05s avg=6.78s/cand eta=10m04s remaining=89
[suite custom_states :: cluster2x2] 621/709 ( 87.6%) done monomial_full/sup123_P210_ph001 elapsed=1h10m07s avg=6.77s/cand eta=9m56s remaining=88
[suite custom_states :: cluster2x2] 622/709 ( 87.7%) done monomial_full/sup123_P210_ph002 elapsed=1h10m17s avg=6.78s/cand eta=9m50s remaining=87
[suite custom_states :: cluster2x2] 623/709 ( 87.9%) done monomial_full/sup123_P210_ph010 elapsed=1h10m19s avg=6.77s/cand eta=9m42s remaining=86
[suite custom_states :: cluster2x2] 624/709 ( 88.0%) done monomial_full/sup123_P210_ph011 elapsed=1h10m29s avg=6.78s/cand eta=9m36s remaining=85
[suite custom_states :: cluster2x2] 625/709 ( 88.2%) done monomial_full/sup123_P210_ph012 elapsed=1h10m31s avg=6.77s/cand eta=9m29s remaining=84
[suite custom_states :: cluster2x2] 626/709 ( 88.3%) done monomial_full/sup123_P210_ph020 elapsed=1h10m41s avg=6.77s/cand eta=9m22s remaining=83
[suite custom_states :: cluster2x2] 627/709 ( 88.4%) done monomial_full/sup123_P210_ph021 elapsed=1h10m43s avg=6.77s/cand eta=9m15s remaining=82
[suite custom_states :: cluster2x2] 628/709 ( 88.6%) done monomial_full/sup123_P210_ph022 elapsed=1h10m53s avg=6.77s/cand eta=9m09s remaining=81
[suite custom_states :: cluster2x2] 629/709 ( 88.7%) done monomial_full/sup123_P210_ph100 elapsed=1h10m55s avg=6.77s/cand eta=9m01s remaining=80
[suite custom_states :: cluster2x2] 630/709 ( 88.9%) done monomial_full/sup123_P210_ph101 elapsed=1h11m04s avg=6.77s/cand eta=8m55s remaining=79
[suite custom_states :: cluster2x2] 631/709 ( 89.0%) done monomial_full/sup123_P210_ph102 elapsed=1h11m07s avg=6.76s/cand eta=8m47s remaining=78
[suite custom_states :: cluster2x2] 632/709 ( 89.1%) done monomial_full/sup123_P210_ph110 elapsed=1h11m16s avg=6.77s/cand eta=8m41s remaining=77
[suite custom_states :: cluster2x2] 633/709 ( 89.3%) done monomial_full/sup123_P210_ph111 elapsed=1h11m20s avg=6.76s/cand eta=8m34s remaining=76
[suite custom_states :: cluster2x2] 634/709 ( 89.4%) done monomial_full/sup123_P210_ph112 elapsed=1h11m28s avg=6.76s/cand eta=8m27s remaining=75
[suite custom_states :: cluster2x2] 635/709 ( 89.6%) done monomial_full/sup123_P210_ph120 elapsed=1h11m31s avg=6.76s/cand eta=8m20s remaining=74
[suite custom_states :: cluster2x2] 636/709 ( 89.7%) done monomial_full/sup123_P210_ph121 elapsed=1h11m41s avg=6.76s/cand eta=8m14s remaining=73
[suite custom_states :: cluster2x2] 637/709 ( 89.8%) done monomial_full/sup123_P210_ph122 elapsed=1h11m44s avg=6.76s/cand eta=8m06s remaining=72
[suite custom_states :: cluster2x2] 638/709 ( 90.0%) done monomial_full/sup123_P210_ph200 elapsed=1h11m52s avg=6.76s/cand eta=8m00s remaining=71
[suite custom_states :: cluster2x2] 639/709 ( 90.1%) done monomial_full/sup123_P210_ph201 elapsed=1h11m55s avg=6.75s/cand eta=7m53s remaining=70
[suite custom_states :: cluster2x2] 640/709 ( 90.3%) done monomial_full/sup123_P210_ph202 elapsed=1h12m03s avg=6.76s/cand eta=7m46s remaining=69
[suite custom_states :: cluster2x2] 641/709 ( 90.4%) done monomial_full/sup123_P210_ph210 elapsed=1h12m07s avg=6.75s/cand eta=7m39s remaining=68
[suite custom_states :: cluster2x2] 642/709 ( 90.6%) done monomial_full/sup123_P210_ph211 elapsed=1h12m16s avg=6.75s/cand eta=7m32s remaining=67
[suite custom_states :: cluster2x2] 643/709 ( 90.7%) done monomial_full/sup123_P210_ph212 elapsed=1h12m19s avg=6.75s/cand eta=7m25s remaining=66
[suite custom_states :: cluster2x2] 644/709 ( 90.8%) done monomial_full/sup123_P210_ph220 elapsed=1h12m28s avg=6.75s/cand eta=7m19s remaining=65
[suite custom_states :: cluster2x2] 645/709 ( 91.0%) done monomial_full/sup123_P210_ph221 elapsed=1h12m32s avg=6.75s/cand eta=7m12s remaining=64
[suite custom_states :: cluster2x2] 646/709 ( 91.1%) done monomial_full/sup123_P210_ph222 elapsed=1h12m40s avg=6.75s/cand eta=7m05s remaining=63
[suite custom_states :: cluster2x2] 647/709 ( 91.3%) done product/U_I__V_X elapsed=1h12m44s avg=6.75s/cand eta=6m58s remaining=62
[suite custom_states :: cluster2x2] 648/709 ( 91.4%) done product/U_I__V_SX elapsed=1h12m51s avg=6.75s/cand eta=6m52s remaining=61
[suite custom_states :: cluster2x2] 649/709 ( 91.5%) done product/U_I__V_SXdg elapsed=1h12m56s avg=6.74s/cand eta=6m45s remaining=60
[suite custom_states :: cluster2x2] 650/709 ( 91.7%) done product/U_I__V_H elapsed=1h13m04s avg=6.74s/cand eta=6m38s remaining=59
[suite custom_states :: cluster2x2] 651/709 ( 91.8%) done product/U_I__V_HS elapsed=1h13m08s avg=6.74s/cand eta=6m31s remaining=58
[suite custom_states :: cluster2x2] 652/709 ( 92.0%) done product/U_I__V_SH elapsed=1h13m16s avg=6.74s/cand eta=6m24s remaining=57
[suite custom_states :: cluster2x2] 653/709 ( 92.1%) done product/U_I__V_Z elapsed=1h13m20s avg=6.74s/cand eta=6m17s remaining=56
[suite custom_states :: cluster2x2] 654/709 ( 92.2%) done product/U_X__V_I elapsed=1h13m28s avg=6.74s/cand eta=6m11s remaining=55
[suite custom_states :: cluster2x2] 655/709 ( 92.4%) done product/U_X__V_X elapsed=1h13m32s avg=6.74s/cand eta=6m04s remaining=54
[suite custom_states :: cluster2x2] 656/709 ( 92.5%) done product/U_X__V_SX elapsed=1h13m41s avg=6.74s/cand eta=5m57s remaining=53
[suite custom_states :: cluster2x2] 657/709 ( 92.7%) done product/U_X__V_SXdg elapsed=1h13m45s avg=6.74s/cand eta=5m50s remaining=52
[suite custom_states :: cluster2x2] 658/709 ( 92.8%) done product/U_X__V_H elapsed=1h13m53s avg=6.74s/cand eta=5m44s remaining=51
[suite custom_states :: cluster2x2] 659/709 ( 92.9%) done product/U_X__V_HS elapsed=1h13m57s avg=6.73s/cand eta=5m37s remaining=50
[suite custom_states :: cluster2x2] 660/709 ( 93.1%) done product/U_X__V_SH elapsed=1h14m04s avg=6.73s/cand eta=5m30s remaining=49
[suite custom_states :: cluster2x2] 661/709 ( 93.2%) done product/U_X__V_Z elapsed=1h14m09s avg=6.73s/cand eta=5m23s remaining=48
[suite custom_states :: cluster2x2] 662/709 ( 93.4%) done product/U_SX__V_I elapsed=1h14m16s avg=6.73s/cand eta=5m16s remaining=47
[suite custom_states :: cluster2x2] 663/709 ( 93.5%) done product/U_SX__V_X elapsed=1h14m22s avg=6.73s/cand eta=5m10s remaining=46
[suite custom_states :: cluster2x2] 664/709 ( 93.7%) done product/U_SX__V_SX elapsed=1h14m28s avg=6.73s/cand eta=5m03s remaining=45
[suite custom_states :: cluster2x2] 665/709 ( 93.8%) done product/U_SX__V_SXdg elapsed=1h14m33s avg=6.73s/cand eta=4m56s remaining=44
[suite custom_states :: cluster2x2] 666/709 ( 93.9%) done product/U_SX__V_H elapsed=1h14m40s avg=6.73s/cand eta=4m49s remaining=43
[suite custom_states :: cluster2x2] 667/709 ( 94.1%) done product/U_SX__V_HS elapsed=1h14m46s avg=6.73s/cand eta=4m42s remaining=42
[suite custom_states :: cluster2x2] 668/709 ( 94.2%) done product/U_SX__V_SH elapsed=1h14m52s avg=6.72s/cand eta=4m36s remaining=41
[suite custom_states :: cluster2x2] 669/709 ( 94.4%) done product/U_SX__V_Z elapsed=1h14m58s avg=6.72s/cand eta=4m29s remaining=40
[suite custom_states :: cluster2x2] 670/709 ( 94.5%) done product/U_SXdg__V_I elapsed=1h15m03s avg=6.72s/cand eta=4m22s remaining=39
[suite custom_states :: cluster2x2] 671/709 ( 94.6%) done product/U_SXdg__V_X elapsed=1h15m10s avg=6.72s/cand eta=4m15s remaining=38
[suite custom_states :: cluster2x2] 672/709 ( 94.8%) done product/U_SXdg__V_SX elapsed=1h15m15s avg=6.72s/cand eta=4m09s remaining=37
[suite custom_states :: cluster2x2] 673/709 ( 94.9%) done product/U_SXdg__V_SXdg elapsed=1h15m24s avg=6.72s/cand eta=4m02s remaining=36
[suite custom_states :: cluster2x2] 674/709 ( 95.1%) done product/U_SXdg__V_H elapsed=1h15m29s avg=6.72s/cand eta=3m55s remaining=35
[suite custom_states :: cluster2x2] 675/709 ( 95.2%) done product/U_SXdg__V_HS elapsed=1h15m37s avg=6.72s/cand eta=3m49s remaining=34
[suite custom_states :: cluster2x2] 676/709 ( 95.3%) done product/U_SXdg__V_SH elapsed=1h15m42s avg=6.72s/cand eta=3m42s remaining=33
[suite custom_states :: cluster2x2] 677/709 ( 95.5%) done product/U_SXdg__V_Z elapsed=1h15m49s avg=6.72s/cand eta=3m35s remaining=32
[suite custom_states :: cluster2x2] 678/709 ( 95.6%) done product/U_H__V_I elapsed=1h15m54s avg=6.72s/cand eta=3m28s remaining=31
[suite custom_states :: cluster2x2] 679/709 ( 95.8%) done product/U_H__V_X elapsed=1h16m02s avg=6.72s/cand eta=3m22s remaining=30
[suite custom_states :: cluster2x2] 680/709 ( 95.9%) done product/U_H__V_SX elapsed=1h16m06s avg=6.71s/cand eta=3m15s remaining=29
[suite custom_states :: cluster2x2] 681/709 ( 96.1%) done product/U_H__V_SXdg elapsed=1h16m15s avg=6.72s/cand eta=3m08s remaining=28
[suite custom_states :: cluster2x2] 682/709 ( 96.2%) done product/U_H__V_H elapsed=1h16m18s avg=6.71s/cand eta=3m01s remaining=27
[suite custom_states :: cluster2x2] 683/709 ( 96.3%) done product/U_H__V_HS elapsed=1h16m28s avg=6.72s/cand eta=2m55s remaining=26
[suite custom_states :: cluster2x2] 684/709 ( 96.5%) done product/U_H__V_SH elapsed=1h16m31s avg=6.71s/cand eta=2m48s remaining=25
[suite custom_states :: cluster2x2] 685/709 ( 96.6%) done product/U_H__V_Z elapsed=1h16m40s avg=6.72s/cand eta=2m41s remaining=24
[suite custom_states :: cluster2x2] 686/709 ( 96.8%) done product/U_HS__V_I elapsed=1h16m44s avg=6.71s/cand eta=2m34s remaining=23
[suite custom_states :: cluster2x2] 687/709 ( 96.9%) done product/U_HS__V_X elapsed=1h16m52s avg=6.71s/cand eta=2m28s remaining=22
[suite custom_states :: cluster2x2] 688/709 ( 97.0%) done product/U_HS__V_SX elapsed=1h16m55s avg=6.71s/cand eta=2m21s remaining=21
[suite custom_states :: cluster2x2] 689/709 ( 97.2%) done product/U_HS__V_SXdg elapsed=1h17m04s avg=6.71s/cand eta=2m14s remaining=20
[suite custom_states :: cluster2x2] 690/709 ( 97.3%) done product/U_HS__V_H elapsed=1h17m08s avg=6.71s/cand eta=2m07s remaining=19
[suite custom_states :: cluster2x2] 691/709 ( 97.5%) done product/U_HS__V_HS elapsed=1h17m17s avg=6.71s/cand eta=2m01s remaining=18
[suite custom_states :: cluster2x2] 692/709 ( 97.6%) done product/U_HS__V_SH elapsed=1h17m21s avg=6.71s/cand eta=1m54s remaining=17
[suite custom_states :: cluster2x2] 693/709 ( 97.7%) done product/U_HS__V_Z elapsed=1h17m30s avg=6.71s/cand eta=1m47s remaining=16
[suite custom_states :: cluster2x2] 694/709 ( 97.9%) done product/U_SH__V_I elapsed=1h17m33s avg=6.71s/cand eta=1m41s remaining=15
[suite custom_states :: cluster2x2] 695/709 ( 98.0%) done product/U_SH__V_X elapsed=1h17m43s avg=6.71s/cand eta=1m34s remaining=14
[suite custom_states :: cluster2x2] 696/709 ( 98.2%) done product/U_SH__V_SX elapsed=1h17m46s avg=6.70s/cand eta=1m27s remaining=13
[suite custom_states :: cluster2x2] 697/709 ( 98.3%) done product/U_SH__V_SXdg elapsed=1h17m54s avg=6.71s/cand eta=1m20s remaining=12
[suite custom_states :: cluster2x2] 698/709 ( 98.4%) done product/U_SH__V_H elapsed=1h17m58s avg=6.70s/cand eta=1m14s remaining=11
[suite custom_states :: cluster2x2] 699/709 ( 98.6%) done product/U_SH__V_HS elapsed=1h18m07s avg=6.70s/cand eta=1m07s remaining=10
[suite custom_states :: cluster2x2] 700/709 ( 98.7%) done product/U_SH__V_SH elapsed=1h18m09s avg=6.70s/cand eta=1m00s remaining=9
[suite custom_states :: cluster2x2] 701/709 ( 98.9%) done product/U_SH__V_Z elapsed=1h18m20s avg=6.70s/cand eta=54s remaining=8
[suite custom_states :: cluster2x2] 702/709 ( 99.0%) done product/U_Z__V_I elapsed=1h18m22s avg=6.70s/cand eta=47s remaining=7
[suite custom_states :: cluster2x2] 703/709 ( 99.2%) done product/U_Z__V_X elapsed=1h18m31s avg=6.70s/cand eta=40s remaining=6
[suite custom_states :: cluster2x2] 704/709 ( 99.3%) done product/U_Z__V_SX elapsed=1h18m34s avg=6.70s/cand eta=33s remaining=5
[suite custom_states :: cluster2x2] 705/709 ( 99.4%) done product/U_Z__V_SXdg elapsed=1h18m44s avg=6.70s/cand eta=27s remaining=4
[suite custom_states :: cluster2x2] 706/709 ( 99.6%) done product/U_Z__V_H elapsed=1h18m46s avg=6.69s/cand eta=20s remaining=3
[suite custom_states :: cluster2x2] 707/709 ( 99.7%) done product/U_Z__V_HS elapsed=1h18m56s avg=6.70s/cand eta=13s remaining=2
[suite custom_states :: cluster2x2] 708/709 ( 99.9%) done product/U_Z__V_SH elapsed=1h18m58s avg=6.69s/cand eta=7s remaining=1
[suite custom_states :: cluster2x2] 709/709 (100.0%) done product/U_Z__V_Z elapsed=1h19m05s avg=6.69s/cand eta=0s remaining=0
[suite custom_states :: cluster2x2] finished 709/709 in 1h19m06s (avg 6.69s/cand)
[suite custom_states] [4/5] finished cluster2x2 in 1h19m08s; suite elapsed=5h17m38s eta=1h19m24s remaining_states=1
[suite custom_states] [5/5] === state cluster2x3 (family=cluster, qutrits=6, edges=7) ===
[suite custom_states] state cluster2x3: 709 benchmarked, 4 baseline-equivalent skipped, 713 candidates total
[suite custom_states :: cluster2x3] starting benchmarks: 0/709
[suite custom_states :: cluster2x3] 1/709 (  0.1%) done baseline/E_old elapsed=3h04m59s avg=11099.06s/cand eta=2182h48m56s remaining=708
[suite custom_states :: cluster2x3] 2/709 (  0.3%) done monomial_full/sup012_P012_ph001 elapsed=3h10m50s avg=5725.00s/cand eta=1124h19m34s remaining=707
[suite custom_states :: cluster2x3] 3/709 (  0.4%) done monomial_full/sup012_P012_ph002 elapsed=6h02m00s avg=7239.87s/cand eta=1419h49m11s remaining=706
[suite custom_states :: cluster2x3] 4/709 (  0.6%) done monomial_full/sup012_P012_ph010 elapsed=6h04m37s avg=5469.25s/cand eta=1071h03m43s remaining=705
