state_name,state_family,n_qutrits,class_name,candidate_name,is_valid,uses_old_codespace_only,avg_codeword_entanglement,overlap_with_old_codespace,best_depth,mean_depth,std_depth,best_size,mean_size,best_two_qubit_gate_count,mean_two_qubit_gate_count,num_qubits,best_count_ops,n_transpile_runs,successful_trials,failed_trials,status,error_message,approx_ref_depth,approx_ref_two_qubit_gate_count,approx_status,approx_error_message,fid085_best_approx_degree,fid085_best_fidelity,fid085_best_depth,fid085_best_two_qubit_gate_count,fid090_best_approx_degree,fid090_best_fidelity,fid090_best_depth,fid090_best_two_qubit_gate_count,fid095_best_approx_degree,fid095_best_fidelity,fid095_best_depth,fid095_best_two_qubit_gate_count,suite_name,is_baseline_reference,is_trivial_identity,is_baseline_equivalent,skip_reason,pipeline_stage
cluster2x2,cluster,4,baseline,E_old,True,True,0.0,1.0,94.0,100.2,12.4,262.0,267.4,64.0,65.2,128.0,"{'rz': 87, 'sx': 64, 'rx': 47, 'cz': 33, 'rzz': 31, 'barrier': 8}",5,5,0,ok,,26.0,28.0,ok,,0.95,0.881565516261,23.0,24.0,0.99,0.987833544029,23.0,24.0,0.99,0.987833544029,23.0,24.0,custom_states,True,True,True,,
cluster2x2,cluster,4,monomial_full,sup012_P012_ph001,True,True,0.0,1.0,98.0,110.2,9.97,310.0,326.2,80.0,81.4,128.0,"{'rz': 91, 'sx': 90, 'rx': 49, 'cz': 48, 'rzz': 32, 'barrier': 8}",5,5,0,ok,,30.0,32.0,ok,,0.96,0.881565516261,27.0,28.0,0.99,0.987833544029,27.0,28.0,0.99,0.987833544029,27.0,28.0,custom_states,False,False,False,,
cluster2x2,cluster,4,monomial_full,sup012_P012_ph002,True,True,0.0,1.0,99.0,110.8,9.66,317.0,332.8,80.0,81.4,128.0,"{'rz': 91, 'sx': 90, 'rx': 56, 'cz': 48, 'rzz': 32, 'barrier': 8}",5,5,0,ok,,30.0,32.0,ok,,0.95,0.881565516261,27.0,28.0,0.99,0.987833544029,27.0,28.0,0.99,0.987833544029,27.0,28.0,custom_states,False,False,False,,
cluster2x2,cluster,4,monomial_full,sup012_P012_ph010,True,True,0.0,1.0,98.0,110.0,9.82,310.0,325.8,80.0,81.4,128.0,"{'rz': 91, 'sx': 90, 'rx': 49, 'cz': 48, 'rzz': 32, 'barrier': 8}",5,5,0,ok,,30.0,32.0,ok,,0.95,0.881565516261,27.0,28.0,0.99,0.987833544029,27.0,28.0,0.99,0.987833544029,27.0,28.0,custom_states,False,False,False,,
cluster2x2,cluster,4,monomial_full,sup012_P012_ph011,True,True,0.0,1.0,96.0,109.2,10.78,303.0,323.2,80.0,81.4,128.0,"{'rz': 91, 'sx': 90, 'cz': 48, 'rx': 42, 'rzz': 32, 'barrier': 8}",5,5,0,ok,,28.0,32.0,ok,,0.95,0.967364800501,25.0,28.0,0.95,0.967364800501,25.0,28.0,0.95,0.967364800501,25.0,28.0,custom_states,False,False,False,,
cluster2x2,cluster,4,monomial_full,sup012_P012_ph012,True,True,0.0,1.0,95.0,105.4,8.52,305.0,309.6,74.0,77.0,128.0,"{'rz': 97, 'sx': 80, 'rx': 54, 'cz': 42, 'rzz': 32, 'barrier': 8}",5,5,0,ok,,26.0,28.0,ok,,0.99,0.987833544029,23.0,24.0,0.99,0.987833544029,23.0,24.0,0.99,0.987833544029,23.0,24.0,custom_states,False,False,False,,
cluster2x2,cluster,4,monomial_full,sup012_P012_ph020,True,True,0.0,1.0,97.0,109.6,10.29,305.0,324.6,80.0,81.4,128.0,"{'rz': 91, 'sx': 90, 'cz': 48, 'rx': 44, 'rzz': 32, 'barrier': 8}",5,5,0,ok,,28.0,32.0,ok,,0.96,0.881565516261,25.0,28.0,0.99,0.987833544029,25.0,28.0,0.99,0.987833544029,25.0,28.0,custom_states,False,False,False,,
cluster2x2,cluster,4,monomial_full,sup012_P012_ph021,True,True,0.0,1.0,95.0,105.4,8.52,305.0,309.6,74.0,77.0,128.0,"{'rz': 97, 'sx': 80, 'rx': 54, 'cz': 42, 'rzz': 32, 'barrier': 8}",5,5,0,ok,,26.0,28.0,ok,,0.95,0.881565516261,23.0,24.0,0.99,0.987833544029,23.0,24.0,0.99,0.987833544029,23.0,24.0,custom_states,False,False,False,,
cluster2x2,cluster,4,monomial_full,sup012_P012_ph022,True,True,0.0,1.0,98.0,110.0,9.82,310.0,326.0,80.0,81.4,128.0,"{'rz': 91, 'sx': 90, 'rx': 49, 'cz': 48, 'rzz': 32, 'barrier': 8}",5,5,0,ok,,30.0,32.0,ok,,0.96,0.881565516261,27.0,28.0,0.99,0.987833544029,27.0,28.0,0.99,0.987833544029,27.0,28.0,custom_states,False,False,False,,
cluster2x2,cluster,4,monomial_full,sup012_P012_ph100,True,True,0.0,1.0,98.0,110.2,10.01,315.0,328.2,80.0,81.4,128.0,"{'rz': 91, 'sx': 90, 'rx': 54, 'cz': 48, 'rzz': 32, 'barrier': 8}",5,5,0,ok,,30.0,32.0,ok,,0.96,0.881565516261,27.0,28.0,0.99,0.987833544029,27.0,28.0,0.99,0.987833544029,27.0,28.0,custom_states,False,False,False,,
cluster2x2,cluster,4,monomial_full,sup012_P012_ph101,True,True,0.0,1.0,95.0,105.2,8.35,304.0,308.0,74.0,77.0,128.0,"{'rz': 96, 'sx': 80, 'rx': 54, 'cz': 42, 'rzz': 32, 'barrier': 8}",5,5,0,ok,,26.0,28.0,ok,,0.95,0.887337561515,23.0,24.0,0.99,0.987833544029,23.0,24.0,0.99,0.987833544029,23.0,24.0,custom_states,False,False,False,,
cluster2x2,cluster,4,monomial_full,sup012_P012_ph102,True,True,0.0,1.0,98.0,110.0,9.82,310.0,326.0,80.0,81.4,128.0,"{'rz': 91, 'sx': 90, 'rx': 49, 'cz': 48, 'rzz': 32, 'barrier': 8}",5,5,0,ok,,30.0,32.0,ok,,0.96,0.86526466326,27.0,28.0,0.99,0.98403145781,27.0,28.0,0.99,0.98403145781,27.0,28.0,custom_states,False,False,False,,
cluster2x2,cluster,4,monomial_full,sup012_P012_ph110,True,True,0.0,1.0,92.0,103.8,9.68,290.0,302.0,76.0,77.8,128.0,"{'sx': 91, 'rz': 82, 'cz': 48, 'rx': 41, 'rzz': 28, 'barrier': 8}",5,5,0,ok,,26.0,28.0,ok,,0.95,0.881565516261,23.0,24.0,0.99,0.987833544029,23.0,24.0,0.99,0.987833544029,23.0,24.0,custom_states,False,False,False,,
cluster2x2,cluster,4,monomial_full,sup012_P012_ph112,True,True,0.0,1.0,98.0,110.2,10.01,315.0,327.6,80.0,81.4,128.0,"{'rz': 91, 'sx': 90, 'rx': 54, 'cz': 48, 'rzz': 32, 'barrier': 8}",5,5,0,ok,,30.0,32.0,ok,,0.95,0.881565516261,27.0,28.0,0.99,0.987833544029,27.0,28.0,0.99,0.987833544029,27.0,28.0,custom_states,False,False,False,,
cluster2x2,cluster,4,monomial_full,sup012_P012_ph120,True,True,0.0,1.0,98.0,110.2,9.97,310.0,326.4,80.0,81.4,128.0,"{'rz': 91, 'sx': 90, 'rx': 49, 'cz': 48, 'rzz': 32, 'barrier': 8}",5,5,0,ok,,30.0,32.0,ok,,0.91,0.850256907043,27.0,28.0,0.99,0.98403145781,27.0,28.0,0.99,0.98403145781,27.0,28.0,custom_states,False,False,False,,
cluster2x2,cluster,4,monomial_full,sup012_P012_ph121,True,True,0.0,1.0,96.0,108.6,10.31,303.0,318.8,80.0,81.4,128.0,"{'rz': 91, 'sx': 90, 'cz': 48, 'rx': 42, 'rzz': 32, 'barrier': 8}",5,5,0,ok,,28.0,32.0,ok,,0.96,0.881565516261,25.0,28.0,0.99,0.987833544029,25.0,28.0,0.99,0.987833544029,25.0,28.0,custom_states,False,False,False,,
cluster2x2,cluster,4,monomial_full,sup012_P012_ph122,True,True,0.0,1.0,95.0,105.4,8.52,305.0,309.6,74.0,77.0,128.0,"{'rz': 97, 'sx': 80, 'rx': 54, 'cz': 42, 'rzz': 32, 'barrier': 8}",5,5,0,ok,,26.0,28.0,ok,,0.95,0.899848527184,23.0,24.0,0.99,0.987833544029,23.0,24.0,0.99,0.987833544029,23.0,24.0,custom_states,False,False,False,,
cluster2x2,cluster,4,monomial_full,sup012_P012_ph200,True,True,0.0,1.0,98.0,110.0,9.82,310.0,325.8,80.0,81.4,128.0,"{'rz': 91, 'sx': 90, 'rx': 49, 'cz': 48, 'rzz': 32, 'barrier': 8}",5,5,0,ok,,30.0,32.0,ok,,0.96,0.881565516261,27.0,28.0,0.99,0.987833544029,27.0,28.0,0.99,0.987833544029,27.0,28.0,custom_states,False,False,False,,
cluster2x2,cluster,4,monomial_full,sup012_P012_ph201,True,True,0.0,1.0,96.0,109.2,10.78,303.0,323.8,80.0,81.4,128.0,"{'rz': 91, 'sx': 90, 'cz': 48, 'rx': 42, 'rzz': 32, 'barrier': 8}",5,5,0,ok,,28.0,32.0,ok,,0.96,0.86526466326,25.0,28.0,0.99,0.98403145781,25.0,28.0,0.99,0.98403145781,25.0,28.0,custom_states,False,False,False,,
cluster2x2,cluster,4,monomial_full,sup012_P012_ph202,True,True,0.0,1.0,95.0,105.2,8.35,304.0,308.0,74.0,77.0,128.0,"{'rz': 96, 'sx': 80, 'rx': 54, 'cz': 42, 'rzz': 32, 'barrier': 8}",5,5,0,ok,,26.0,28.0,ok,,0.91,0.855738673908,23.0,24.0,0.99,0.946673107426,23.0,24.0,,,,,custom_states,False,False,False,,
cluster2x2,cluster,4,monomial_full,sup012_P012_ph210,True,True,0.0,1.0,96.0,109.2,10.78,303.0,323.8,80.0,81.4,128.0,"{'rz': 91, 'sx': 90, 'cz': 48, 'rx': 42, 'rzz': 32, 'barrier': 8}",5,5,0,ok,,28.0,32.0,ok,,0.95,0.97190574996,25.0,28.0,0.95,0.97190574996,25.0,28.0,0.95,0.97190574996,25.0,28.0,custom_states,False,False,False,,
cluster2x2,cluster,4,monomial_full,sup012_P012_ph211,True,True,0.0,1.0,95.0,105.4,8.52,305.0,309.6,74.0,77.0,128.0,"{'rz': 97, 'sx': 80, 'rx': 54, 'cz': 42, 'rzz': 32, 'barrier': 8}",5,5,0,ok,,26.0,28.0,ok,,0.95,0.881565516261,23.0,24.0,0.99,0.987833544029,23.0,24.0,0.99,0.987833544029,23.0,24.0,custom_states,False,False,False,,
cluster2x2,cluster,4,monomial_full,sup012_P012_ph212,True,True,0.0,1.0,99.0,110.8,9.66,310.0,325.8,80.0,81.4,128.0,"{'rz': 91, 'sx': 90, 'rx': 49, 'cz': 48, 'rzz': 32, 'barrier': 8}",5,5,0,ok,,30.0,32.0,ok,,0.96,0.86526466326,27.0,28.0,0.99,0.98403145781,27.0,28.0,0.99,0.98403145781,27.0,28.0,custom_states,False,False,False,,
cluster2x2,cluster,4,monomial_full,sup012_P012_ph220,True,True,0.0,1.0,95.0,105.0,8.22,303.0,307.2,74.0,77.0,128.0,"{'rz': 95, 'sx': 80, 'rx': 54, 'cz': 42, 'rzz': 32, 'barrier': 8}",5,5,0,ok,,26.0,28.0,ok,,0.95,0.881565516261,23.0,24.0,0.99,0.987833544029,23.0,24.0,0.99,0.987833544029,23.0,24.0,custom_states,False,False,False,,
cluster2x2,cluster,4,monomial_full,sup012_P012_ph221,True,True,0.0,1.0,99.0,110.8,9.66,310.0,326.2,80.0,81.4,128.0,"{'rz': 91, 'sx': 90, 'rx': 49, 'cz': 48, 'rzz': 32, 'barrier': 8}",5,5,0,ok,,30.0,32.0,ok,,0.95,0.97190574996,26.0,28.0,0.95,0.97190574996,26.0,28.0,0.95,0.97190574996,26.0,28.0,custom_states,False,False,False,,
cluster2x2,cluster,4,monomial_full,sup012_P021_ph000,True,True,0.0,1.0,111.0,119.4,6.89,356.0,372.8,88.0,89.4,128.0,"{'rz': 107, 'sx': 90, 'rx': 71, 'cz': 48, 'rzz': 40, 'barrier': 8}",5,5,0,ok,,36.0,40.0,ok,,0.96,0.881565516261,33.0,36.0,0.99,0.987833544029,33.0,36.0,0.99,0.987833544029,33.0,36.0,custom_states,False,False,False,,
cluster2x2,cluster,4,monomial_full,sup012_P021_ph001,True,True,0.0,1.0,112.0,119.8,6.4,359.0,374.2,88.0,89.4,128.0,"{'rz': 115, 'sx': 90, 'rx': 66, 'cz': 48, 'rzz': 40, 'barrier': 8}",5,5,0,ok,,36.0,40.0,ok,,0.95,0.967364800501,33.0,36.0,0.95,0.967364800501,33.0,36.0,0.95,0.967364800501,33.0,36.0,custom_states,False,False,False,,
cluster2x2,cluster,4,monomial_full,sup012_P021_ph002,True,True,0.0,1.0,112.0,120.0,6.54,362.0,378.2,88.0,89.4,128.0,"{'rz': 112, 'sx': 90, 'rx': 72, 'cz': 48, 'rzz': 40, 'barrier': 8}",5,5,0,ok,,37.0,40.0,ok,,0.97,0.881565516261,34.0,36.0,0.99,0.987833544029,34.0,36.0,0.99,0.987833544029,34.0,36.0,custom_states,False,False,False,,
cluster2x2,cluster,4,monomial_full,sup012_P021_ph010,True,True,0.0,1.0,113.0,120.8,6.4,365.0,381.0,88.0,89.4,128.0,"{'rz': 115, 'sx': 90, 'rx': 72, 'cz': 48, 'rzz': 40, 'barrier': 8}",5,5,0,ok,,37.0,40.0,ok,,0.97,0.881565516261,34.0,36.0,0.99,0.987833544029,34.0,36.0,0.99,0.987833544029,34.0,36.0,custom_states,False,False,False,,
cluster2x2,cluster,4,monomial_full,sup012_P021_ph011,True,True,0.0,1.0,112.0,120.0,6.54,362.0,378.2,88.0,89.4,128.0,"{'rz': 112, 'sx': 90, 'rx': 72, 'cz': 48, 'rzz': 40, 'barrier': 8}",5,5,0,ok,,37.0,40.0,ok,,0.97,0.881565516261,34.0,36.0,0.99,0.987833544029,34.0,36.0,0.99,0.987833544029,34.0,36.0,custom_states,False,False,False,,
cluster2x2,cluster,4,monomial_full,sup012_P021_ph012,True,True,0.0,1.0,113.0,120.8,6.4,361.0,377.2,88.0,89.4,128.0,"{'rz': 111, 'sx': 90, 'rx': 72, 'cz': 48, 'rzz': 40, 'barrier': 8}",5,5,0,ok,,37.0,40.0,ok,,0.97,0.881565516261,34.0,36.0,0.99,0.987833544029,34.0,36.0,0.99,0.987833544029,34.0,36.0,custom_states,False,False,False,,
cluster2x2,cluster,4,monomial_full,sup012_P021_ph020,True,True,0.0,1.0,112.0,119.8,6.4,362.0,375.8,88.0,89.4,128.0,"{'rz': 112, 'sx': 90, 'rx': 72, 'cz': 48, 'rzz': 40, 'barrier': 8}",5,5,0,ok,,37.0,40.0,ok,,0.97,0.881565516261,34.0,36.0,0.99,0.987833544029,34.0,36.0,0.99,0.987833544029,34.0,36.0,custom_states,False,False,False,,
cluster2x2,cluster,4,monomial_full,sup012_P021_ph021,True,True,0.0,1.0,113.0,120.8,6.4,361.0,377.2,88.0,89.4,128.0,"{'rz': 111, 'sx': 90, 'rx': 72, 'cz': 48, 'rzz': 40, 'barrier': 8}",5,5,0,ok,,37.0,40.0,ok,,0.97,0.881565516261,34.0,36.0,0.99,0.987833544029,34.0,36.0,0.99,0.987833544029,34.0,36.0,custom_states,False,False,False,,
cluster2x2,cluster,4,monomial_full,sup012_P021_ph022,True,True,0.0,1.0,112.0,119.8,6.4,362.0,375.8,88.0,89.4,128.0,"{'rz': 112, 'sx': 90, 'rx': 72, 'cz': 48, 'rzz': 40, 'barrier': 8}",5,5,0,ok,,37.0,40.0,ok,,0.97,0.881565516261,34.0,36.0,0.99,0.987833544029,34.0,36.0,0.99,0.987833544029,34.0,36.0,custom_states,False,False,False,,
cluster2x2,cluster,4,monomial_full,sup012_P021_ph100,True,True,0.0,1.0,112.0,120.0,6.54,359.0,374.8,88.0,89.4,128.0,"{'rz': 112, 'sx': 90, 'rx': 69, 'cz': 48, 'rzz': 40, 'barrier': 8}",5,5,0,ok,,37.0,40.0,ok,,0.95,0.967364800501,34.0,36.0,0.95,0.967364800501,34.0,36.0,0.95,0.967364800501,34.0,36.0,custom_states,False,False,False,,
cluster2x2,cluster,4,monomial_full,sup012_P021_ph101,True,True,0.0,1.0,113.0,120.8,6.4,361.0,377.2,88.0,89.4,128.0,"{'rz': 111, 'sx': 90, 'rx': 72, 'cz': 48, 'rzz': 40, 'barrier': 8}",5,5,0,ok,,37.0,40.0,ok,,0.97,0.881565516261,34.0,36.0,0.99,0.987833544029,34.0,36.0,0.99,0.987833544029,34.0,36.0,custom_states,False,False,False,,
cluster2x2,cluster,4,monomial_full,sup012_P021_ph102,True,True,0.0,1.0,112.0,119.8,6.4,359.0,374.2,88.0,89.4,128.0,"{'rz': 115, 'sx': 90, 'rx': 66, 'cz': 48, 'rzz': 40, 'barrier': 8}",5,5,0,ok,,36.0,40.0,ok,,0.96,0.881565516261,33.0,36.0,0.99,0.987833544029,33.0,36.0,0.99,0.987833544029,33.0,36.0,custom_states,False,False,False,,
cluster2x2,cluster,4,monomial_full,sup012_P021_ph110,True,True,0.0,1.0,111.0,119.4,6.89,356.0,372.8,88.0,89.4,128.0,"{'rz': 107, 'sx': 90, 'rx': 71, 'cz': 48, 'rzz': 40, 'barrier': 8}",5,5,0,ok,,36.0,40.0,ok,,0.96,0.881565516261,33.0,36.0,0.99,0.987833544029,33.0,36.0,0.99,0.987833544029,33.0,36.0,custom_states,False,False,False,,
cluster2x2,cluster,4,monomial_full,sup012_P021_ph111,True,True,0.0,1.0,112.0,120.2,6.71,359.0,376.6,88.0,89.4,128.0,"{'rz': 115, 'sx': 90, 'rx': 66, 'cz': 48, 'rzz': 40, 'barrier': 8}",5,5,0,ok,,36.0,40.0,ok,,0.95,0.967364800501,33.0,36.0,0.95,0.967364800501,33.0,36.0,0.95,0.967364800501,33.0,36.0,custom_states,False,False,False,,
cluster2x2,cluster,4,monomial_full,sup012_P021_ph112,True,True,0.0,1.0,112.0,120.0,6.54,359.0,375.0,88.0,89.4,128.0,"{'rz': 112, 'sx': 90, 'rx': 69, 'cz': 48, 'rzz': 40, 'barrier': 8}",5,5,0,ok,,37.0,40.0,ok,,0.97,0.881565516261,34.0,36.0,0.99,0.987833544029,34.0,36.0,0.99,0.987833544029,34.0,36.0,custom_states,False,False,False,,
cluster2x2,cluster,4,monomial_full,sup012_P021_ph120,True,True,0.0,1.0,111.0,119.4,6.89,358.0,373.8,88.0,89.4,128.0,"{'rz': 114, 'sx': 90, 'rx': 66, 'cz': 48, 'rzz': 40, 'barrier': 8}",5,5,0,ok,,36.0,40.0,ok,,0.96,0.881565516261,33.0,36.0,0.99,0.987833544029,33.0,36.0,0.99,0.987833544029,33.0,36.0,custom_states,False,False,False,,
cluster2x2,cluster,4,monomial_full,sup012_P021_ph121,True,True,0.0,1.0,112.0,120.0,6.54,359.0,375.0,88.0,89.4,128.0,"{'rz': 112, 'sx': 90, 'rx': 69, 'cz': 48, 'rzz': 40, 'barrier': 8}",5,5,0,ok,,37.0,40.0,ok,,0.97,0.881565516261,34.0,36.0,0.99,0.987833544029,34.0,36.0,0.99,0.987833544029,34.0,36.0,custom_states,False,False,False,,
cluster2x2,cluster,4,monomial_full,sup012_P021_ph122,True,True,0.0,1.0,113.0,120.8,6.4,361.0,377.2,88.0,89.4,128.0,"{'rz': 111, 'sx': 90, 'rx': 72, 'cz': 48, 'rzz': 40, 'barrier': 8}",5,5,0,ok,,37.0,40.0,ok,,0.97,0.881565516261,34.0,36.0,0.99,0.987833544029,34.0,36.0,0.99,0.987833544029,34.0,36.0,custom_states,False,False,False,,
cluster2x2,cluster,4,monomial_full,sup012_P021_ph200,True,True,0.0,1.0,113.0,120.8,6.4,362.0,377.6,88.0,89.4,128.0,"{'rz': 115, 'sx': 90, 'rx': 69, 'cz': 48, 'rzz': 40, 'barrier': 8}",5,5,0,ok,,37.0,40.0,ok,,0.97,0.881565516261,34.0,36.0,0.99,0.987833544029,34.0,36.0,0.99,0.987833544029,34.0,36.0,custom_states,False,False,False,,
cluster2x2,cluster,4,monomial_full,sup012_P021_ph201,True,True,0.0,1.0,112.0,120.0,6.54,359.0,375.0,88.0,89.4,128.0,"{'rz': 112, 'sx': 90, 'rx': 69, 'cz': 48, 'rzz': 40, 'barrier': 8}",5,5,0,ok,,37.0,40.0,ok,,0.97,0.881565516261,34.0,36.0,0.99,0.987833544029,34.0,36.0,0.99,0.987833544029,34.0,36.0,custom_states,False,False,False,,
cluster2x2,cluster,4,monomial_full,sup012_P021_ph202,True,True,0.0,1.0,113.0,120.8,6.4,361.0,377.2,88.0,89.4,128.0,"{'rz': 111, 'sx': 90, 'rx': 72, 'cz': 48, 'rzz': 40, 'barrier': 8}",5,5,0,ok,,37.0,40.0,ok,,0.97,0.881565516261,34.0,36.0,0.99,0.987833544029,34.0,36.0,0.99,0.987833544029,34.0,36.0,custom_states,False,False,False,,
cluster2x2,cluster,4,monomial_full,sup012_P021_ph210,True,True,0.0,1.0,112.0,120.0,6.54,359.0,375.0,88.0,89.4,128.0,"{'rz': 112, 'sx': 90, 'rx': 69, 'cz': 48, 'rzz': 40, 'barrier': 8}",5,5,0,ok,,37.0,40.0,ok,,0.97,0.881565516261,34.0,36.0,0.99,0.987833544029,34.0,36.0,0.99,0.987833544029,34.0,36.0,custom_states,False,False,False,,
cluster2x2,cluster,4,monomial_full,sup012_P021_ph211,True,True,0.0,1.0,113.0,120.8,6.4,361.0,377.2,88.0,89.4,128.0,"{'rz': 111, 'sx': 90, 'rx': 72, 'cz': 48, 'rzz': 40, 'barrier': 8}",5,5,0,ok,,37.0,40.0,ok,,0.97,0.881565516261,34.0,36.0,0.99,0.987833544029,34.0,36.0,0.99,0.987833544029,34.0,36.0,custom_states,False,False,False,,
cluster2x2,cluster,4,monomial_full,sup012_P021_ph212,True,True,0.0,1.0,113.0,120.6,6.28,364.0,378.0,88.0,89.4,128.0,"{'rz': 117, 'sx': 90, 'rx': 69, 'cz': 48, 'rzz': 40, 'barrier': 8}",5,5,0,ok,,37.0,40.0,ok,,0.97,0.881565516261,34.0,36.0,0.99,0.987833544029,34.0,36.0,0.99,0.987833544029,34.0,36.0,custom_states,False,False,False,,
cluster2x2,cluster,4,monomial_full,sup012_P021_ph220,True,True,0.0,1.0,111.0,119.4,6.89,356.0,372.8,88.0,89.4,128.0,"{'rz': 107, 'sx': 90, 'rx': 71, 'cz': 48, 'rzz': 40, 'barrier': 8}",5,5,0,ok,,36.0,40.0,ok,,0.95,0.967364800501,33.0,36.0,0.95,0.967364800501,33.0,36.0,0.95,0.967364800501,33.0,36.0,custom_states,False,False,False,,
cluster2x2,cluster,4,monomial_full,sup012_P021_ph221,True,True,0.0,1.0,113.0,120.4,6.12,359.0,374.2,88.0,89.4,128.0,"{'rz': 112, 'sx': 90, 'rx': 69, 'cz': 48, 'rzz': 40, 'barrier': 8}",5,5,0,ok,,37.0,40.0,ok,,0.95,0.967364800501,33.0,36.0,0.95,0.967364800501,33.0,36.0,0.95,0.967364800501,33.0,36.0,custom_states,False,False,False,,
cluster2x2,cluster,4,monomial_full,sup012_P021_ph222,True,True,0.0,1.0,113.0,120.8,6.4,362.0,377.8,88.0,89.4,128.0,"{'rz': 115, 'sx': 90, 'rx': 69, 'cz': 48, 'rzz': 40, 'barrier': 8}",5,5,0,ok,,37.0,40.0,ok,,0.97,0.881565516261,34.0,36.0,0.99,0.987833544029,34.0,36.0,0.99,0.987833544029,34.0,36.0,custom_states,False,False,False,,
cluster2x2,cluster,4,monomial_full,sup012_P102_ph000,True,True,0.0,1.0,100.0,111.2,9.17,320.0,333.8,80.0,81.4,128.0,"{'rz': 94, 'sx': 90, 'rx': 56, 'cz': 52, 'rzz': 28, 'barrier': 8}",5,5,0,ok,,30.0,32.0,ok,,0.95,0.972417125822,27.0,28.0,0.95,0.972417125822,27.0,28.0,0.95,0.972417125822,27.0,28.0,custom_states,False,False,False,,
cluster2x2,cluster,4,monomial_full,sup012_P102_ph001,True,True,0.0,1.0,99.0,111.0,9.82,309.0,325.2,80.0,81.4,128.0,"{'rz': 90, 'sx': 90, 'cz': 52, 'rx': 49, 'rzz': 28, 'barrier': 8}",5,5,0,ok,,30.0,32.0,ok,,0.96,0.881565516261,27.0,28.0,0.99,0.987833544029,27.0,28.0,0.99,0.987833544029,27.0,28.0,custom_states,False,False,False,,
cluster2x2,cluster,4,monomial_full,sup012_P102_ph002,True,True,0.0,1.0,99.0,111.0,9.82,309.0,325.2,80.0,81.4,128.0,"{'rz': 90, 'sx': 90, 'cz': 52, 'rx': 49, 'rzz': 28, 'barrier': 8}",5,5,0,ok,,30.0,32.0,ok,,0.95,0.967364800501,26.0,28.0,0.95,0.967364800501,26.0,28.0,0.95,0.967364800501,26.0,28.0,custom_states,False,False,False,,
cluster2x2,cluster,4,monomial_full,sup012_P102_ph010,True,True,0.0,1.0,99.0,111.0,9.82,309.0,325.2,80.0,81.4,128.0,"{'rz': 90, 'sx': 90, 'cz': 52, 'rx': 49, 'rzz': 28, 'barrier': 8}",5,5,0,ok,,30.0,32.0,ok,,0.96,0.881565516261,27.0,28.0,0.99,0.987833544029,27.0,28.0,0.99,0.987833544029,27.0,28.0,custom_states,False,False,False,,
cluster2x2,cluster,4,monomial_full,sup012_P102_ph011,True,True,0.0,1.0,99.0,111.0,9.82,309.0,325.2,80.0,81.4,128.0,"{'rz': 90, 'sx': 90, 'cz': 52, 'rx': 49, 'rzz': 28, 'barrier': 8}",5,5,0,ok,,30.0,32.0,ok,,0.97,0.881565516261,27.0,28.0,0.99,0.987833544029,27.0,28.0,0.99,0.987833544029,27.0,28.0,custom_states,False,False,False,,
cluster2x2,cluster,4,monomial_full,sup012_P102_ph012,True,True,0.0,1.0,100.0,111.4,9.33,320.0,334.2,80.0,81.4,128.0,"{'rz': 94, 'sx': 90, 'rx': 56, 'cz': 52, 'rzz': 28, 'barrier': 8}",5,5,0,ok,,30.0,32.0,ok,,0.96,0.881565516261,27.0,28.0,0.99,0.987833544029,27.0,28.0,0.99,0.987833544029,27.0,28.0,custom_states,False,False,False,,
cluster2x2,cluster,4,monomial_full,sup012_P102_ph020,True,True,0.0,1.0,100.0,111.4,9.33,320.0,334.2,80.0,81.4,128.0,"{'rz': 94, 'sx': 90, 'rx': 56, 'cz': 52, 'rzz': 28, 'barrier': 8}",5,5,0,ok,,30.0,32.0,ok,,0.96,0.881565516261,27.0,28.0,0.99,0.987833544029,27.0,28.0,0.99,0.987833544029,27.0,28.0,custom_states,False,False,False,,
cluster2x2,cluster,4,monomial_full,sup012_P102_ph021,True,True,0.0,1.0,99.0,111.0,9.82,309.0,325.2,80.0,81.4,128.0,"{'rz': 90, 'sx': 90, 'cz': 52, 'rx': 49, 'rzz': 28, 'barrier': 8}",5,5,0,ok,,30.0,32.0,ok,,0.96,0.881565516261,27.0,28.0,0.99,0.987833544029,27.0,28.0,0.99,0.987833544029,27.0,28.0,custom_states,False,False,False,,
cluster2x2,cluster,4,monomial_full,sup012_P102_ph022,True,True,0.0,1.0,100.0,111.4,9.33,320.0,334.2,80.0,81.4,128.0,"{'rz': 94, 'sx': 90, 'rx': 56, 'cz': 52, 'rzz': 28, 'barrier': 8}",5,5,0,ok,,30.0,32.0,ok,,0.97,0.881565516261,27.0,28.0,0.99,0.987833544029,27.0,28.0,0.99,0.987833544029,27.0,28.0,custom_states,False,False,False,,
cluster2x2,cluster,4,monomial_full,sup012_P102_ph100,True,True,0.0,1.0,99.0,111.0,9.82,309.0,325.2,80.0,81.4,128.0,"{'rz': 90, 'sx': 90, 'cz': 52, 'rx': 49, 'rzz': 28, 'barrier': 8}",5,5,0,ok,,30.0,32.0,ok,,0.95,0.881565516261,27.0,28.0,0.99,0.987833544029,27.0,28.0,0.99,0.987833544029,27.0,28.0,custom_states,False,False,False,,
cluster2x2,cluster,4,monomial_full,sup012_P102_ph101,True,True,0.0,1.0,100.0,111.2,9.17,320.0,333.8,80.0,81.4,128.0,"{'rz': 94, 'sx': 90, 'rx': 56, 'cz': 52, 'rzz': 28, 'barrier': 8}",5,5,0,ok,,30.0,32.0,ok,,0.97,0.881565516261,27.0,28.0,0.99,0.987833544029,27.0,28.0,0.99,0.987833544029,27.0,28.0,custom_states,False,False,False,,
cluster2x2,cluster,4,monomial_full,sup012_P102_ph102,True,True,0.0,1.0,100.0,111.4,9.33,320.0,334.2,80.0,81.4,128.0,"{'rz': 94, 'sx': 90, 'rx': 56, 'cz': 52, 'rzz': 28, 'barrier': 8}",5,5,0,ok,,30.0,32.0,ok,,0.96,0.881565516261,27.0,28.0,0.99,0.987833544029,27.0,28.0,0.99,0.987833544029,27.0,28.0,custom_states,False,False,False,,
cluster2x2,cluster,4,monomial_full,sup012_P102_ph110,True,True,0.0,1.0,100.0,111.4,9.33,320.0,334.2,80.0,81.4,128.0,"{'rz': 94, 'sx': 90, 'rx': 56, 'cz': 52, 'rzz': 28, 'barrier': 8}",5,5,0,ok,,30.0,32.0,ok,,0.96,0.881565516261,27.0,28.0,0.99,0.987833544029,27.0,28.0,0.99,0.987833544029,27.0,28.0,custom_states,False,False,False,,
cluster2x2,cluster,4,monomial_full,sup012_P102_ph111,True,True,0.0,1.0,99.0,111.0,9.82,309.0,325.2,80.0,81.4,128.0,"{'rz': 90, 'sx': 90, 'cz': 52, 'rx': 49, 'rzz': 28, 'barrier': 8}",5,5,0,ok,,30.0,32.0,ok,,0.96,0.881565516261,27.0,28.0,0.99,0.987833544029,27.0,28.0,0.99,0.987833544029,27.0,28.0,custom_states,False,False,False,,
cluster2x2,cluster,4,monomial_full,sup012_P102_ph112,True,True,0.0,1.0,100.0,111.4,9.33,320.0,334.2,80.0,81.4,128.0,"{'rz': 94, 'sx': 90, 'rx': 56, 'cz': 52, 'rzz': 28, 'barrier': 8}",5,5,0,ok,,30.0,32.0,ok,,0.97,0.881565516261,27.0,28.0,0.99,0.987833544029,27.0,28.0,0.99,0.987833544029,27.0,28.0,custom_states,False,False,False,,
cluster2x2,cluster,4,monomial_full,sup012_P102_ph120,True,True,0.0,1.0,100.0,111.4,9.33,320.0,334.2,80.0,81.4,128.0,"{'rz': 94, 'sx': 90, 'rx': 56, 'cz': 52, 'rzz': 28, 'barrier': 8}",5,5,0,ok,,30.0,32.0,ok,,0.97,0.881565516261,27.0,28.0,0.99,0.987833544029,27.0,28.0,0.99,0.987833544029,27.0,28.0,custom_states,False,False,False,,
cluster2x2,cluster,4,monomial_full,sup012_P102_ph121,True,True,0.0,1.0,100.0,111.4,9.33,320.0,334.2,80.0,81.4,128.0,"{'rz': 94, 'sx': 90, 'rx': 56, 'cz': 52, 'rzz': 28, 'barrier': 8}",5,5,0,ok,,30.0,32.0,ok,,0.95,0.881565516261,27.0,28.0,0.99,0.987833544029,27.0,28.0,0.99,0.987833544029,27.0,28.0,custom_states,False,False,False,,
cluster2x2,cluster,4,monomial_full,sup012_P102_ph122,True,True,0.0,1.0,100.0,111.4,9.33,320.0,334.2,80.0,81.4,128.0,"{'rz': 94, 'sx': 90, 'rx': 56, 'cz': 52, 'rzz': 28, 'barrier': 8}",5,5,0,ok,,30.0,32.0,ok,,0.96,0.881565516261,27.0,28.0,0.99,0.987833544029,27.0,28.0,0.99,0.987833544029,27.0,28.0,custom_states,False,False,False,,
cluster2x2,cluster,4,monomial_full,sup012_P102_ph200,True,True,0.0,1.0,99.0,111.0,9.82,307.0,323.2,80.0,81.4,128.0,"{'sx': 90, 'rz': 88, 'cz': 52, 'rx': 49, 'rzz': 28, 'barrier': 8}",5,5,0,ok,,30.0,32.0,ok,,0.96,0.881565516261,27.0,28.0,0.99,0.987833544029,27.0,28.0,0.99,0.987833544029,27.0,28.0,custom_states,False,False,False,,
cluster2x2,cluster,4,monomial_full,sup012_P102_ph201,True,True,0.0,1.0,99.0,111.0,9.82,309.0,325.2,80.0,81.4,128.0,"{'rz': 90, 'sx': 90, 'cz': 52, 'rx': 49, 'rzz': 28, 'barrier': 8}",5,5,0,ok,,30.0,32.0,ok,,0.95,0.881565516261,27.0,28.0,0.99,0.987833544029,27.0,28.0,0.99,0.987833544029,27.0,28.0,custom_states,False,False,False,,
cluster2x2,cluster,4,monomial_full,sup012_P102_ph202,True,True,0.0,1.0,100.0,111.4,9.33,320.0,334.2,80.0,81.4,128.0,"{'rz': 94, 'sx': 90, 'rx': 56, 'cz': 52, 'rzz': 28, 'barrier': 8}",5,5,0,ok,,30.0,32.0,ok,,0.95,0.858153319531,27.0,28.0,0.99,0.987833544029,27.0,28.0,0.99,0.987833544029,27.0,28.0,custom_states,False,False,False,,
cluster2x2,cluster,4,monomial_full,sup012_P102_ph210,True,True,0.0,1.0,98.0,110.4,10.15,307.0,323.6,80.0,81.4,128.0,"{'sx': 90, 'rz': 88, 'cz': 52, 'rx': 49, 'rzz': 28, 'barrier': 8}",5,5,0,ok,,30.0,32.0,ok,,0.95,0.881565516261,27.0,28.0,0.99,0.987833544029,27.0,28.0,0.99,0.987833544029,27.0,28.0,custom_states,False,False,False,,
cluster2x2,cluster,4,monomial_full,sup012_P102_ph211,True,True,0.0,1.0,100.0,111.4,9.33,320.0,334.2,80.0,81.4,128.0,"{'rz': 94, 'sx': 90, 'rx': 56, 'cz': 52, 'rzz': 28, 'barrier': 8}",5,5,0,ok,,30.0,32.0,ok,,0.96,0.881565516261,27.0,28.0,0.99,0.987833544029,27.0,28.0,0.99,0.987833544029,27.0,28.0,custom_states,False,False,False,,
cluster2x2,cluster,4,monomial_full,sup012_P102_ph212,True,True,0.0,1.0,100.0,111.4,9.33,320.0,334.2,80.0,81.4,128.0,"{'rz': 94, 'sx': 90, 'rx': 56, 'cz': 52, 'rzz': 28, 'barrier': 8}",5,5,0,ok,,30.0,32.0,ok,,0.96,0.881565516261,27.0,28.0,0.99,0.987833544029,27.0,28.0,0.99,0.987833544029,27.0,28.0,custom_states,False,False,False,,
cluster2x2,cluster,4,monomial_full,sup012_P102_ph220,True,True,0.0,1.0,99.0,111.0,9.82,309.0,325.2,80.0,81.4,128.0,"{'rz': 90, 'sx': 90, 'cz': 52, 'rx': 49, 'rzz': 28, 'barrier': 8}",5,5,0,ok,,30.0,32.0,ok,,0.96,0.881565516261,27.0,28.0,0.99,0.987833544029,27.0,28.0,0.99,0.987833544029,27.0,28.0,custom_states,False,False,False,,
cluster2x2,cluster,4,monomial_full,sup012_P102_ph221,True,True,0.0,1.0,99.0,111.0,9.82,309.0,325.2,80.0,81.4,128.0,"{'rz': 90, 'sx': 90, 'cz': 52, 'rx': 49, 'rzz': 28, 'barrier': 8}",5,5,0,ok,,30.0,32.0,ok,,0.97,0.881565516261,27.0,28.0,0.99,0.987833544029,27.0,28.0,0.99,0.987833544029,27.0,28.0,custom_states,False,False,False,,
cluster2x2,cluster,4,monomial_full,sup012_P102_ph222,True,True,0.0,1.0,99.0,111.0,9.82,309.0,325.2,80.0,81.4,128.0,"{'rz': 90, 'sx': 90, 'cz': 52, 'rx': 49, 'rzz': 28, 'barrier': 8}",5,5,0,ok,,30.0,32.0,ok,,0.95,0.967364800501,26.0,28.0,0.95,0.967364800501,26.0,28.0,0.95,0.967364800501,26.0,28.0,custom_states,False,False,False,,
cluster2x2,cluster,4,monomial_full,sup012_P120_ph000,True,True,0.0,1.0,108.0,116.4,6.89,340.0,355.8,84.0,85.4,128.0,"{'rz': 105, 'sx': 90, 'rx': 61, 'cz': 48, 'rzz': 36, 'barrier': 8}",5,5,0,ok,,35.0,36.0,ok,,0.97,0.881565516261,32.0,32.0,0.99,0.987833544029,32.0,32.0,0.99,0.987833544029,32.0,32.0,custom_states,False,False,False,,
cluster2x2,cluster,4,monomial_full,sup012_P120_ph001,True,True,0.0,1.0,108.0,116.8,7.19,343.0,358.6,84.0,85.4,128.0,"{'rz': 108, 'sx': 90, 'rx': 61, 'cz': 48, 'rzz': 36, 'barrier': 8}",5,5,0,ok,,35.0,36.0,ok,,0.97,0.899848527184,32.0,32.0,0.99,0.987833544029,32.0,32.0,0.99,0.987833544029,32.0,32.0,custom_states,False,False,False,,
cluster2x2,cluster,4,monomial_full,sup012_P120_ph002,True,True,0.0,1.0,108.0,116.8,7.19,342.0,357.4,84.0,85.4,128.0,"{'rz': 107, 'sx': 90, 'rx': 61, 'cz': 48, 'rzz': 36, 'barrier': 8}",5,5,0,ok,,35.0,36.0,ok,,0.97,0.881565516261,32.0,32.0,0.99,0.987833544029,32.0,32.0,0.99,0.987833544029,32.0,32.0,custom_states,False,False,False,,
cluster2x2,cluster,4,monomial_full,sup012_P120_ph010,True,True,0.0,1.0,108.0,116.8,7.19,340.0,356.4,84.0,85.4,128.0,"{'rz': 108, 'sx': 90, 'rx': 58, 'cz': 48, 'rzz': 36, 'barrier': 8}",5,5,0,ok,,35.0,36.0,ok,,0.96,0.899848527184,32.0,32.0,0.99,0.987833544029,32.0,32.0,0.99,0.987833544029,32.0,32.0,custom_states,False,False,False,,
cluster2x2,cluster,4,monomial_full,sup012_P120_ph011,True,True,0.0,1.0,108.0,116.8,7.19,338.0,354.0,84.0,85.4,128.0,"{'rz': 106, 'sx': 90, 'rx': 58, 'cz': 48, 'rzz': 36, 'barrier': 8}",5,5,0,ok,,35.0,36.0,ok,,0.95,0.881565516261,32.0,32.0,0.99,0.987833544029,32.0,32.0,0.99,0.987833544029,32.0,32.0,custom_states,False,False,False,,
cluster2x2,cluster,4,monomial_full,sup012_P120_ph012,True,True,0.0,1.0,108.0,116.8,7.19,340.0,357.6,84.0,85.4,128.0,"{'rz': 108, 'sx': 90, 'rx': 58, 'cz': 48, 'rzz': 36, 'barrier': 8}",5,5,0,ok,,35.0,36.0,ok,,0.97,0.881045902745,32.0,32.0,0.99,0.987777989768,32.0,32.0,0.99,0.987777989768,32.0,32.0,custom_states,False,False,False,,
cluster2x2,cluster,4,monomial_full,sup012_P120_ph020,True,True,0.0,1.0,107.0,116.4,7.68,337.0,355.6,84.0,85.4,128.0,"{'rz': 105, 'sx': 90, 'rx': 58, 'cz': 48, 'rzz': 36, 'barrier': 8}",5,5,0,ok,,35.0,36.0,ok,,0.99,0.987833544029,32.0,32.0,0.99,0.987833544029,32.0,32.0,0.99,0.987833544029,32.0,32.0,custom_states,False,False,False,,
cluster2x2,cluster,4,monomial_full,sup012_P120_ph021,True,True,0.0,1.0,108.0,116.8,7.19,340.0,357.6,84.0,85.4,128.0,"{'rz': 108, 'sx': 90, 'rx': 58, 'cz': 48, 'rzz': 36, 'barrier': 8}",5,5,0,ok,,35.0,36.0,ok,,0.95,0.872763793095,32.0,32.0,0.99,0.986243426787,32.0,32.0,0.99,0.986243426787,32.0,32.0,custom_states,False,False,False,,
cluster2x2,cluster,4,monomial_full,sup012_P120_ph022,True,True,0.0,1.0,108.0,116.8,7.19,340.0,355.0,84.0,85.4,128.0,"{'rz': 105, 'sx': 90, 'rx': 61, 'cz': 48, 'rzz': 36, 'barrier': 8}",5,5,0,ok,,35.0,36.0,ok,,0.96,0.881565516261,32.0,32.0,0.99,0.987833544029,32.0,32.0,0.99,0.987833544029,32.0,32.0,custom_states,False,False,False,,
cluster2x2,cluster,4,monomial_full,sup012_P120_ph100,True,True,0.0,1.0,108.0,116.8,7.19,342.0,357.6,84.0,85.4,128.0,"{'rz': 107, 'sx': 90, 'rx': 61, 'cz': 48, 'rzz': 36, 'barrier': 8}",5,5,0,ok,,35.0,36.0,ok,,0.96,0.899848527184,32.0,32.0,0.99,0.987833544029,32.0,32.0,0.99,0.987833544029,32.0,32.0,custom_states,False,False,False,,
cluster2x2,cluster,4,monomial_full,sup012_P120_ph101,True,True,0.0,1.0,108.0,116.6,7.06,339.0,356.2,84.0,85.4,128.0,"{'rz': 104, 'sx': 90, 'rx': 61, 'cz': 48, 'rzz': 36, 'barrier': 8}",5,5,0,ok,,35.0,36.0,ok,,0.97,0.881565516261,32.0,32.0,0.99,0.987833544029,32.0,32.0,0.99,0.987833544029,32.0,32.0,custom_states,False,False,False,,
cluster2x2,cluster,4,monomial_full,sup012_P120_ph102,True,True,0.0,1.0,108.0,116.8,7.19,343.0,358.6,84.0,85.4,128.0,"{'rz': 108, 'sx': 90, 'rx': 61, 'cz': 48, 'rzz': 36, 'barrier': 8}",5,5,0,ok,,35.0,36.0,ok,,0.97,0.881565516261,31.0,32.0,0.99,0.987833544029,31.0,32.0,0.99,0.987833544029,31.0,32.0,custom_states,False,False,False,,
cluster2x2,cluster,4,monomial_full,sup012_P120_ph110,True,True,0.0,1.0,108.0,116.6,7.06,343.0,359.0,84.0,85.4,128.0,"{'rz': 108, 'sx': 90, 'rx': 61, 'cz': 48, 'rzz': 36, 'barrier': 8}",5,5,0,ok,,35.0,36.0,ok,,0.96,0.881565516261,32.0,32.0,0.99,0.987833544029,32.0,32.0,0.99,0.987833544029,32.0,32.0,custom_states,False,False,False,,
cluster2x2,cluster,4,monomial_full,sup012_P120_ph111,True,True,0.0,1.0,108.0,116.8,7.19,340.0,357.6,84.0,85.4,128.0,"{'rz': 108, 'sx': 90, 'rx': 58, 'cz': 48, 'rzz': 36, 'barrier': 8}",5,5,0,ok,,35.0,36.0,ok,,0.96,0.881565516261,32.0,32.0,0.99,0.987833544029,32.0,32.0,0.99,0.987833544029,32.0,32.0,custom_states,False,False,False,,
cluster2x2,cluster,4,monomial_full,sup012_P120_ph112,True,True,0.0,1.0,107.0,116.4,7.68,338.0,356.0,84.0,85.4,128.0,"{'rz': 103, 'sx': 90, 'rx': 61, 'cz': 48, 'rzz': 36, 'barrier': 8}",5,5,0,ok,,35.0,36.0,ok,,0.95,0.881565516261,32.0,32.0,0.99,0.987833544029,32.0,32.0,0.99,0.987833544029,32.0,32.0,custom_states,False,False,False,,
cluster2x2,cluster,4,monomial_full,sup012_P120_ph120,True,True,0.0,1.0,108.0,116.8,7.19,336.0,353.8,84.0,85.4,128.0,"{'rz': 104, 'sx': 90, 'rx': 58, 'cz': 48, 'rzz': 36, 'barrier': 8}",5,5,0,ok,,35.0,36.0,ok,,0.95,0.881565516261,32.0,32.0,0.99,0.987833544029,32.0,32.0,0.99,0.987833544029,32.0,32.0,custom_states,False,False,False,,
cluster2x2,cluster,4,monomial_full,sup012_P120_ph121,True,True,0.0,1.0,106.0,115.4,7.68,335.0,351.0,84.0,85.4,128.0,"{'rz': 103, 'sx': 90, 'rx': 58, 'cz': 48, 'rzz': 36, 'barrier': 8}",5,5,0,ok,,34.0,36.0,ok,,0.95,0.881565516261,31.0,32.0,0.99,0.987833544029,31.0,32.0,0.99,0.987833544029,31.0,32.0,custom_states,False,False,False,,
cluster2x2,cluster,4,monomial_full,sup012_P120_ph122,True,True,0.0,1.0,108.0,116.6,7.03,337.0,354.4,84.0,85.4,128.0,"{'rz': 105, 'sx': 90, 'rx': 58, 'cz': 48, 'rzz': 36, 'barrier': 8}",5,5,0,ok,,35.0,36.0,ok,,0.97,0.864171910184,32.0,32.0,0.99,0.987833544029,32.0,32.0,0.99,0.987833544029,32.0,32.0,custom_states,False,False,False,,
cluster2x2,cluster,4,monomial_full,sup012_P120_ph200,True,True,0.0,1.0,108.0,116.8,7.19,343.0,358.6,84.0,85.4,128.0,"{'rz': 108, 'sx': 90, 'rx': 61, 'cz': 48, 'rzz': 36, 'barrier': 8}",5,5,0,ok,,35.0,36.0,ok,,0.97,0.899848527184,32.0,32.0,0.99,0.987833544029,32.0,32.0,0.99,0.987833544029,32.0,32.0,custom_states,False,False,False,,
cluster2x2,cluster,4,monomial_full,sup012_P120_ph201,True,True,0.0,1.0,108.0,116.8,7.19,343.0,358.6,84.0,85.4,128.0,"{'rz': 108, 'sx': 90, 'rx': 61, 'cz': 48, 'rzz': 36, 'barrier': 8}",5,5,0,ok,,35.0,36.0,ok,,0.99,0.95551776111,31.0,32.0,0.99,0.95551776111,31.0,32.0,0.99,0.95551776111,31.0,32.0,custom_states,False,False,False,,
cluster2x2,cluster,4,monomial_full,sup012_P120_ph202,True,True,0.0,1.0,108.0,116.8,7.19,336.0,352.6,84.0,85.4,128.0,"{'rz': 104, 'sx': 90, 'rx': 58, 'cz': 48, 'rzz': 36, 'barrier': 8}",5,5,0,ok,,35.0,36.0,ok,,0.97,0.881565516261,32.0,32.0,0.99,0.987833544029,32.0,32.0,0.99,0.987833544029,32.0,32.0,custom_states,False,False,False,,
cluster2x2,cluster,4,monomial_full,sup012_P120_ph210,True,True,0.0,1.0,108.0,116.8,7.19,343.0,358.2,84.0,85.4,128.0,"{'rz': 108, 'sx': 90, 'rx': 61, 'cz': 48, 'rzz': 36, 'barrier': 8}",5,5,0,ok,,35.0,36.0,ok,,0.95,0.881565516261,32.0,32.0,0.99,0.987833544029,32.0,32.0,0.99,0.987833544029,32.0,32.0,custom_states,False,False,False,,
cluster2x2,cluster,4,monomial_full,sup012_P120_ph211,True,True,0.0,1.0,108.0,116.4,6.89,337.0,354.8,84.0,85.4,128.0,"{'rz': 105, 'sx': 90, 'rx': 58, 'cz': 48, 'rzz': 36, 'barrier': 8}",5,5,0,ok,,35.0,36.0,ok,,0.95,0.881565516261,32.0,32.0,0.99,0.987833544029,32.0,32.0,0.99,0.987833544029,32.0,32.0,custom_states,False,False,False,,
cluster2x2,cluster,4,monomial_full,sup012_P120_ph212,True,True,0.0,1.0,108.0,116.8,7.19,340.0,356.4,84.0,85.4,128.0,"{'rz': 108, 'sx': 90, 'rx': 58, 'cz': 48, 'rzz': 36, 'barrier': 8}",5,5,0,ok,,35.0,36.0,ok,,0.99,0.95551776111,32.0,32.0,0.99,0.95551776111,32.0,32.0,0.99,0.95551776111,32.0,32.0,custom_states,False,False,False,,
cluster2x2,cluster,4,monomial_full,sup012_P120_ph220,True,True,0.0,1.0,108.0,116.4,6.89,337.0,354.8,84.0,85.4,128.0,"{'rz': 105, 'sx': 90, 'rx': 58, 'cz': 48, 'rzz': 36, 'barrier': 8}",5,5,0,ok,,35.0,36.0,ok,,0.96,0.881565516261,32.0,32.0,0.99,0.987833544029,32.0,32.0,0.99,0.987833544029,32.0,32.0,custom_states,False,False,False,,
cluster2x2,cluster,4,monomial_full,sup012_P120_ph221,True,True,0.0,1.0,108.0,116.8,7.19,340.0,355.0,84.0,85.4,128.0,"{'rz': 108, 'sx': 90, 'rx': 58, 'cz': 48, 'rzz': 36, 'barrier': 8}",5,5,0,ok,,35.0,36.0,ok,,0.99,0.95551776111,32.0,32.0,0.99,0.95551776111,32.0,32.0,0.99,0.95551776111,32.0,32.0,custom_states,False,False,False,,
cluster2x2,cluster,4,monomial_full,sup012_P120_ph222,True,True,0.0,1.0,108.0,116.8,7.19,339.0,356.4,84.0,85.4,128.0,"{'rz': 107, 'sx': 90, 'rx': 58, 'cz': 48, 'rzz': 36, 'barrier': 8}",5,5,0,ok,,35.0,36.0,ok,,0.95,0.967364800501,32.0,32.0,0.95,0.967364800501,32.0,32.0,0.95,0.967364800501,32.0,32.0,custom_states,False,False,False,,
cluster2x2,cluster,4,monomial_full,sup012_P201_ph000,True,True,0.0,1.0,108.0,117.2,7.57,344.0,360.4,84.0,85.4,128.0,"{'rz': 106, 'sx': 90, 'rx': 64, 'cz': 48, 'rzz': 36, 'barrier': 8}",5,5,0,ok,,35.0,36.0,ok,,0.96,0.881565516261,32.0,32.0,0.99,0.987833544029,32.0,32.0,0.99,0.987833544029,32.0,32.0,custom_states,False,False,False,,
cluster2x2,cluster,4,monomial_full,sup012_P201_ph001,True,True,0.0,1.0,108.0,117.6,7.86,347.0,363.2,84.0,85.4,128.0,"{'rz': 109, 'sx': 90, 'rx': 64, 'cz': 48, 'rzz': 36, 'barrier': 8}",5,5,0,ok,,35.0,36.0,ok,,0.97,0.881565516261,32.0,32.0,0.99,0.987833544029,32.0,32.0,0.99,0.987833544029,32.0,32.0,custom_states,False,False,False,,
cluster2x2,cluster,4,monomial_full,sup012_P201_ph002,True,True,0.0,1.0,108.0,117.6,7.86,347.0,363.0,84.0,85.4,128.0,"{'rz': 109, 'sx': 90, 'rx': 64, 'cz': 48, 'rzz': 36, 'barrier': 8}",5,5,0,ok,,35.0,36.0,ok,,0.96,0.881565516261,32.0,32.0,0.99,0.987833544029,32.0,32.0,0.99,0.987833544029,32.0,32.0,custom_states,False,False,False,,
cluster2x2,cluster,4,monomial_full,sup012_P201_ph010,True,True,0.0,1.0,108.0,117.6,7.86,347.0,363.2,84.0,85.4,128.0,"{'rz': 109, 'sx': 90, 'rx': 64, 'cz': 48, 'rzz': 36, 'barrier': 8}",5,5,0,ok,,35.0,36.0,ok,,0.99,0.987833544029,32.0,32.0,0.99,0.987833544029,32.0,32.0,0.99,0.987833544029,32.0,32.0,custom_states,False,False,False,,
cluster2x2,cluster,4,monomial_full,sup012_P201_ph011,True,True,0.0,1.0,108.0,117.6,7.86,345.0,362.0,84.0,85.4,128.0,"{'rz': 108, 'sx': 90, 'rx': 63, 'cz': 48, 'rzz': 36, 'barrier': 8}",5,5,0,ok,,35.0,36.0,ok,,0.95,0.881565516261,32.0,32.0,0.99,0.987833544029,32.0,32.0,0.99,0.987833544029,32.0,32.0,custom_states,False,False,False,,
cluster2x2,cluster,4,monomial_full,sup012_P201_ph012,True,True,0.0,1.0,108.0,116.8,7.22,344.0,359.4,84.0,85.4,128.0,"{'rz': 106, 'sx': 90, 'rx': 64, 'cz': 48, 'rzz': 36, 'barrier': 8}",5,5,0,ok,,35.0,36.0,ok,,0.95,0.881565516261,32.0,32.0,0.99,0.987833544029,32.0,32.0,0.99,0.987833544029,32.0,32.0,custom_states,False,False,False,,
cluster2x2,cluster,4,monomial_full,sup012_P201_ph020,True,True,0.0,1.0,106.0,116.2,8.35,341.0,357.2,84.0,85.4,128.0,"{'rz': 104, 'sx': 90, 'rx': 63, 'cz': 48, 'rzz': 36, 'barrier': 8}",5,5,0,ok,,33.0,36.0,ok,,0.97,0.881565516261,30.0,32.0,0.99,0.987833544029,30.0,32.0,0.99,0.987833544029,30.0,32.0,custom_states,False,False,False,,
cluster2x2,cluster,4,monomial_full,sup012_P201_ph021,True,True,0.0,1.0,108.0,117.2,7.57,345.0,361.0,84.0,85.4,128.0,"{'rz': 107, 'sx': 90, 'rx': 64, 'cz': 48, 'rzz': 36, 'barrier': 8}",5,5,0,ok,,35.0,36.0,ok,,0.97,0.881045065255,32.0,32.0,0.99,0.987777895755,32.0,32.0,0.99,0.987777895755,32.0,32.0,custom_states,False,False,False,,
cluster2x2,cluster,4,monomial_full,sup012_P201_ph022,True,True,0.0,1.0,108.0,117.6,7.86,344.0,360.6,84.0,85.4,128.0,"{'rz': 107, 'sx': 90, 'rx': 63, 'cz': 48, 'rzz': 36, 'barrier': 8}",5,5,0,ok,,35.0,36.0,ok,,0.97,0.881565516261,32.0,32.0,0.99,0.987833544029,32.0,32.0,0.99,0.987833544029,32.0,32.0,custom_states,False,False,False,,
cluster2x2,cluster,4,monomial_full,sup012_P201_ph100,True,True,0.0,1.0,108.0,117.2,7.55,344.0,360.2,84.0,85.4,128.0,"{'rz': 106, 'sx': 90, 'rx': 64, 'cz': 48, 'rzz': 36, 'barrier': 8}",5,5,0,ok,,35.0,36.0,ok,,0.96,0.881565516261,32.0,32.0,0.99,0.987833544029,32.0,32.0,0.99,0.987833544029,32.0,32.0,custom_states,False,False,False,,
cluster2x2,cluster,4,monomial_full,sup012_P201_ph101,True,True,0.0,1.0,106.0,115.4,7.71,339.0,354.6,84.0,85.4,128.0,"{'rz': 101, 'sx': 90, 'rx': 64, 'cz': 48, 'rzz': 36, 'barrier': 8}",5,5,0,ok,,34.0,36.0,ok,,0.97,0.881565516261,31.0,32.0,0.99,0.987833544029,31.0,32.0,0.99,0.987833544029,31.0,32.0,custom_states,False,False,False,,
cluster2x2,cluster,4,monomial_full,sup012_P201_ph102,True,True,0.0,1.0,107.0,116.8,8.03,339.0,357.2,84.0,85.4,128.0,"{'rz': 102, 'sx': 90, 'rx': 63, 'cz': 48, 'rzz': 36, 'barrier': 8}",5,5,0,ok,,35.0,36.0,ok,,0.95,0.881565516261,32.0,32.0,0.99,0.987833544029,32.0,32.0,0.99,0.987833544029,32.0,32.0,custom_states,False,False,False,,
cluster2x2,cluster,4,monomial_full,sup012_P201_ph110,True,True,0.0,1.0,107.0,116.4,7.71,338.0,355.8,84.0,85.4,128.0,"{'rz': 101, 'sx': 90, 'rx': 63, 'cz': 48, 'rzz': 36, 'barrier': 8}",5,5,0,ok,,35.0,36.0,ok,,0.95,0.881565516261,32.0,32.0,0.99,0.987833544029,32.0,32.0,0.99,0.987833544029,32.0,32.0,custom_states,False,False,False,,
cluster2x2,cluster,4,monomial_full,sup012_P201_ph111,True,True,0.0,1.0,108.0,117.6,7.86,347.0,363.2,84.0,85.4,128.0,"{'rz': 109, 'sx': 90, 'rx': 64, 'cz': 48, 'rzz': 36, 'barrier': 8}",5,5,0,ok,,35.0,36.0,ok,,0.97,0.881565516261,32.0,32.0,0.99,0.987833544029,32.0,32.0,0.99,0.987833544029,32.0,32.0,custom_states,False,False,False,,
cluster2x2,cluster,4,monomial_full,sup012_P201_ph112,True,True,0.0,1.0,107.0,117.2,8.35,346.0,362.0,84.0,85.4,128.0,"{'rz': 108, 'sx': 90, 'rx': 64, 'cz': 48, 'rzz': 36, 'barrier': 8}",5,5,0,ok,,34.0,36.0,ok,,0.97,0.881565516261,31.0,32.0,0.99,0.987833544029,31.0,32.0,0.99,0.987833544029,31.0,32.0,custom_states,False,False,False,,
cluster2x2,cluster,4,monomial_full,sup012_P201_ph120,True,True,0.0,1.0,108.0,117.6,7.86,347.0,363.2,84.0,85.4,128.0,"{'rz': 109, 'sx': 90, 'rx': 64, 'cz': 48, 'rzz': 36, 'barrier': 8}",5,5,0,ok,,35.0,36.0,ok,,0.95,0.881565516261,32.0,32.0,0.99,0.987833544029,32.0,32.0,0.99,0.987833544029,32.0,32.0,custom_states,False,False,False,,
cluster2x2,cluster,4,monomial_full,sup012_P201_ph121,True,True,0.0,1.0,108.0,117.6,7.86,345.0,362.0,84.0,85.4,128.0,"{'rz': 108, 'sx': 90, 'rx': 63, 'cz': 48, 'rzz': 36, 'barrier': 8}",5,5,0,ok,,35.0,36.0,ok,,0.96,0.881565516261,32.0,32.0,0.99,0.987833544029,32.0,32.0,0.99,0.987833544029,32.0,32.0,custom_states,False,False,False,,
cluster2x2,cluster,4,monomial_full,sup012_P201_ph122,True,True,0.0,1.0,108.0,117.2,7.57,347.0,362.2,84.0,85.4,128.0,"{'rz': 109, 'sx': 90, 'rx': 64, 'cz': 48, 'rzz': 36, 'barrier': 8}",5,5,0,ok,,35.0,36.0,ok,,0.99,0.942839613258,32.0,32.0,0.99,0.942839613258,32.0,32.0,,,,,custom_states,False,False,False,,
cluster2x2,cluster,4,monomial_full,sup012_P201_ph200,True,True,0.0,1.0,108.0,117.6,7.86,347.0,363.2,84.0,85.4,128.0,"{'rz': 109, 'sx': 90, 'rx': 64, 'cz': 48, 'rzz': 36, 'barrier': 8}",5,5,0,ok,,35.0,36.0,ok,,0.95,0.881565516261,30.0,32.0,0.99,0.987833544029,32.0,32.0,0.99,0.987833544029,32.0,32.0,custom_states,False,False,False,,
cluster2x2,cluster,4,monomial_full,sup012_P201_ph201,True,True,0.0,1.0,108.0,117.6,7.86,341.0,357.2,84.0,85.4,128.0,"{'rz': 104, 'sx': 90, 'rx': 63, 'cz': 48, 'rzz': 36, 'barrier': 8}",5,5,0,ok,,35.0,36.0,ok,,0.95,0.881565516261,32.0,32.0,0.99,0.987833544029,32.0,32.0,0.99,0.987833544029,32.0,32.0,custom_states,False,False,False,,
cluster2x2,cluster,4,monomial_full,sup012_P201_ph202,True,True,0.0,1.0,107.0,116.0,7.38,340.0,355.8,84.0,85.4,128.0,"{'rz': 103, 'sx': 90, 'rx': 63, 'cz': 48, 'rzz': 36, 'barrier': 8}",5,5,0,ok,,34.0,36.0,ok,,0.95,0.881565516261,31.0,32.0,0.99,0.987833544029,31.0,32.0,0.99,0.987833544029,31.0,32.0,custom_states,False,False,False,,
cluster2x2,cluster,4,monomial_full,sup012_P201_ph210,True,True,0.0,1.0,108.0,117.6,7.86,347.0,363.2,84.0,85.4,128.0,"{'rz': 109, 'sx': 90, 'rx': 64, 'cz': 48, 'rzz': 36, 'barrier': 8}",5,5,0,ok,,35.0,36.0,ok,,0.97,0.881565516261,32.0,32.0,0.99,0.987833544029,32.0,32.0,0.99,0.987833544029,32.0,32.0,custom_states,False,False,False,,
cluster2x2,cluster,4,monomial_full,sup012_P201_ph211,True,True,0.0,1.0,108.0,117.2,7.57,347.0,362.2,84.0,85.4,128.0,"{'rz': 109, 'sx': 90, 'rx': 64, 'cz': 48, 'rzz': 36, 'barrier': 8}",5,5,0,ok,,35.0,36.0,ok,,0.99,0.957907608751,31.0,32.0,0.99,0.957907608751,31.0,32.0,0.99,0.957907608751,31.0,32.0,custom_states,False,False,False,,
cluster2x2,cluster,4,monomial_full,sup012_P201_ph212,True,True,0.0,1.0,108.0,117.6,7.86,342.0,359.0,84.0,85.4,128.0,"{'rz': 104, 'sx': 90, 'rx': 64, 'cz': 48, 'rzz': 36, 'barrier': 8}",5,5,0,ok,,35.0,36.0,ok,,0.97,0.881565516261,32.0,32.0,0.99,0.987833544029,32.0,32.0,0.99,0.987833544029,32.0,32.0,custom_states,False,False,False,,
cluster2x2,cluster,4,monomial_full,sup012_P201_ph220,True,True,0.0,1.0,107.0,116.4,7.71,340.0,356.6,84.0,85.4,128.0,"{'rz': 102, 'sx': 90, 'rx': 64, 'cz': 48, 'rzz': 36, 'barrier': 8}",5,5,0,ok,,35.0,36.0,ok,,0.95,0.881565516261,32.0,32.0,0.99,0.987833544029,32.0,32.0,0.99,0.987833544029,32.0,32.0,custom_states,False,False,False,,
cluster2x2,cluster,4,monomial_full,sup012_P201_ph221,True,True,0.0,1.0,108.0,117.6,7.86,347.0,363.2,84.0,85.4,128.0,"{'rz': 109, 'sx': 90, 'rx': 64, 'cz': 48, 'rzz': 36, 'barrier': 8}",5,5,0,ok,,35.0,36.0,ok,,0.99,0.929164895872,31.0,32.0,0.99,0.929164895872,31.0,32.0,,,,,custom_states,False,False,False,,
cluster2x2,cluster,4,monomial_full,sup012_P201_ph222,True,True,0.0,1.0,108.0,117.6,7.86,347.0,362.6,84.0,85.4,128.0,"{'rz': 109, 'sx': 90, 'rx': 64, 'cz': 48, 'rzz': 36, 'barrier': 8}",5,5,0,ok,,35.0,36.0,ok,,0.95,0.881565516261,32.0,32.0,0.99,0.987833544029,32.0,32.0,0.99,0.987833544029,32.0,32.0,custom_states,False,False,False,,
cluster2x2,cluster,4,monomial_full,sup012_P210_ph000,True,True,0.0,1.0,99.0,110.8,9.68,313.0,329.2,80.0,81.4,128.0,"{'sx': 90, 'rz': 87, 'rx': 56, 'cz': 52, 'rzz': 28, 'barrier': 8}",5,5,0,ok,,30.0,32.0,ok,,0.96,0.881565516261,27.0,28.0,0.99,0.987833544029,27.0,28.0,0.99,0.987833544029,27.0,28.0,custom_states,False,False,False,,
cluster2x2,cluster,4,monomial_full,sup012_P210_ph001,True,True,0.0,1.0,99.0,110.4,9.39,309.0,324.4,80.0,81.4,128.0,"{'rz': 90, 'sx': 90, 'cz': 52, 'rx': 49, 'rzz': 28, 'barrier': 8}",5,5,0,ok,,30.0,32.0,ok,,0.95,0.917216192992,26.0,28.0,0.95,0.917216192992,26.0,28.0,0.99,0.96486690684,27.0,28.0,custom_states,False,False,False,,
cluster2x2,cluster,4,monomial_full,sup012_P210_ph002,True,True,0.0,1.0,99.0,110.4,9.39,308.0,323.2,80.0,81.4,128.0,"{'sx': 90, 'rz': 89, 'cz': 52, 'rx': 49, 'rzz': 28, 'barrier': 8}",5,5,0,ok,,30.0,32.0,ok,,0.96,0.881565516261,27.0,28.0,0.99,0.987833544029,27.0,28.0,0.99,0.987833544029,27.0,28.0,custom_states,False,False,False,,
cluster2x2,cluster,4,monomial_full,sup012_P210_ph010,True,True,0.0,1.0,99.0,110.4,9.39,309.0,324.4,80.0,81.4,128.0,"{'rz': 90, 'sx': 90, 'cz': 52, 'rx': 49, 'rzz': 28, 'barrier': 8}",5,5,0,ok,,30.0,32.0,ok,,0.95,0.888586252813,27.0,28.0,0.99,0.987943607033,27.0,28.0,0.99,0.987943607033,27.0,28.0,custom_states,False,False,False,,
cluster2x2,cluster,4,monomial_full,sup012_P210_ph011,True,True,0.0,1.0,100.0,110.8,8.91,310.0,324.8,80.0,81.4,128.0,"{'rz': 91, 'sx': 90, 'cz': 52, 'rx': 49, 'rzz': 28, 'barrier': 8}",5,5,0,ok,,30.0,32.0,ok,,0.95,0.881565516261,27.0,28.0,0.99,0.987833544029,27.0,28.0,0.99,0.987833544029,27.0,28.0,custom_states,False,False,False,,
cluster2x2,cluster,4,monomial_full,sup012_P210_ph012,True,True,0.0,1.0,99.0,110.4,9.39,309.0,324.4,80.0,81.4,128.0,"{'rz': 90, 'sx': 90, 'cz': 52, 'rx': 49, 'rzz': 28, 'barrier': 8}",5,5,0,ok,,30.0,32.0,ok,,0.96,0.881565516261,27.0,28.0,0.99,0.987833544029,27.0,28.0,0.99,0.987833544029,27.0,28.0,custom_states,False,False,False,,
cluster2x2,cluster,4,monomial_full,sup012_P210_ph020,True,True,0.0,1.0,100.0,111.2,9.2,317.0,333.2,80.0,81.4,128.0,"{'rz': 91, 'sx': 90, 'rx': 56, 'cz': 52, 'rzz': 28, 'barrier': 8}",5,5,0,ok,,30.0,32.0,ok,,0.96,0.882343400777,27.0,28.0,0.99,0.987833544029,27.0,28.0,0.99,0.987833544029,27.0,28.0,custom_states,False,False,False,,
cluster2x2,cluster,4,monomial_full,sup012_P210_ph021,True,True,0.0,1.0,100.0,111.2,9.2,317.0,333.2,80.0,81.4,128.0,"{'rz': 91, 'sx': 90, 'rx': 56, 'cz': 52, 'rzz': 28, 'barrier': 8}",5,5,0,ok,,30.0,32.0,ok,,0.96,0.900887648123,27.0,28.0,0.96,0.900887648123,27.0,28.0,0.99,0.982632470777,27.0,28.0,custom_states,False,False,False,,
cluster2x2,cluster,4,monomial_full,sup012_P210_ph022,True,True,0.0,1.0,99.0,110.4,9.39,306.0,321.6,80.0,81.4,128.0,"{'sx': 90, 'rz': 87, 'cz': 52, 'rx': 49, 'rzz': 28, 'barrier': 8}",5,5,0,ok,,30.0,32.0,ok,,0.97,0.881565516261,27.0,28.0,0.99,0.987833544029,27.0,28.0,0.99,0.987833544029,27.0,28.0,custom_states,False,False,False,,
cluster2x2,cluster,4,monomial_full,sup012_P210_ph100,True,True,0.0,1.0,99.0,110.4,9.39,309.0,324.4,80.0,81.4,128.0,"{'rz': 90, 'sx': 90, 'cz': 52, 'rx': 49, 'rzz': 28, 'barrier': 8}",5,5,0,ok,,30.0,32.0,ok,,0.99,0.970843748374,27.0,28.0,0.99,0.970843748374,27.0,28.0,0.99,0.970843748374,27.0,28.0,custom_states,False,False,False,,
cluster2x2,cluster,4,monomial_full,sup012_P210_ph101,True,True,0.0,1.0,99.0,110.4,9.39,308.0,323.2,80.0,81.4,128.0,"{'sx': 90, 'rz': 89, 'cz': 52, 'rx': 49, 'rzz': 28, 'barrier': 8}",5,5,0,ok,,30.0,32.0,ok,,0.95,0.881565516261,27.0,28.0,0.99,0.987833544029,27.0,28.0,0.99,0.987833544029,27.0,28.0,custom_states,False,False,False,,
cluster2x2,cluster,4,monomial_full,sup012_P210_ph102,True,True,0.0,1.0,99.0,110.4,9.39,306.0,321.6,80.0,81.4,128.0,"{'sx': 90, 'rz': 87, 'cz': 52, 'rx': 49, 'rzz': 28, 'barrier': 8}",5,5,0,ok,,30.0,32.0,ok,,0.95,0.967364800501,26.0,28.0,0.95,0.967364800501,26.0,28.0,0.95,0.967364800501,26.0,28.0,custom_states,False,False,False,,
cluster2x2,cluster,4,monomial_full,sup012_P210_ph110,True,True,0.0,1.0,99.0,110.8,9.68,313.0,329.2,80.0,81.4,128.0,"{'sx': 90, 'rz': 87, 'rx': 56, 'cz': 52, 'rzz': 28, 'barrier': 8}",5,5,0,ok,,30.0,32.0,ok,,0.96,0.881565516261,27.0,28.0,0.99,0.987833544029,27.0,28.0,0.99,0.987833544029,27.0,28.0,custom_states,False,False,False,,
cluster2x2,cluster,4,monomial_full,sup012_P210_ph111,True,True,0.0,1.0,99.0,110.4,9.39,309.0,324.4,80.0,81.4,128.0,"{'rz': 90, 'sx': 90, 'cz': 52, 'rx': 49, 'rzz': 28, 'barrier': 8}",5,5,0,ok,,30.0,32.0,ok,,0.95,0.904553544387,27.0,28.0,0.95,0.904553544387,27.0,28.0,0.99,0.952273798,27.0,28.0,custom_states,False,False,False,,
cluster2x2,cluster,4,monomial_full,sup012_P210_ph112,True,True,0.0,1.0,100.0,111.2,9.2,317.0,333.2,80.0,81.4,128.0,"{'rz': 91, 'sx': 90, 'rx': 56, 'cz': 52, 'rzz': 28, 'barrier': 8}",5,5,0,ok,,30.0,32.0,ok,,0.91,0.855901743185,27.0,28.0,0.99,0.974409916341,27.0,28.0,0.99,0.974409916341,27.0,28.0,custom_states,False,False,False,,
cluster2x2,cluster,4,monomial_full,sup012_P210_ph120,True,True,0.0,1.0,99.0,110.4,9.39,309.0,324.4,80.0,81.4,128.0,"{'rz': 90, 'sx': 90, 'cz': 52, 'rx': 49, 'rzz': 28, 'barrier': 8}",5,5,0,ok,,30.0,32.0,ok,,0.95,0.881565516261,27.0,28.0,0.99,0.987833544029,27.0,28.0,0.99,0.987833544029,27.0,28.0,custom_states,False,False,False,,
cluster2x2,cluster,4,monomial_full,sup012_P210_ph121,True,True,0.0,1.0,99.0,110.4,9.39,306.0,321.6,80.0,81.4,128.0,"{'sx': 91, 'rz': 87, 'cz': 52, 'rx': 48, 'rzz': 28, 'barrier': 8}",5,5,0,ok,,30.0,32.0,ok,,0.95,0.967364800501,26.0,28.0,0.95,0.967364800501,26.0,28.0,0.95,0.967364800501,26.0,28.0,custom_states,False,False,False,,
cluster2x2,cluster,4,monomial_full,sup012_P210_ph122,True,True,0.0,1.0,100.0,111.2,9.2,317.0,333.2,80.0,81.4,128.0,"{'rz': 91, 'sx': 90, 'rx': 56, 'cz': 52, 'rzz': 28, 'barrier': 8}",5,5,0,ok,,30.0,32.0,ok,,0.95,0.885269662695,27.0,28.0,0.99,0.987833544029,27.0,28.0,0.99,0.987833544029,27.0,28.0,custom_states,False,False,False,,
cluster2x2,cluster,4,monomial_full,sup012_P210_ph200,True,True,0.0,1.0,99.0,110.4,9.39,308.0,323.2,80.0,81.4,128.0,"{'sx': 90, 'rz': 89, 'cz': 52, 'rx': 49, 'rzz': 28, 'barrier': 8}",5,5,0,ok,,30.0,32.0,ok,,0.96,0.881565516261,27.0,28.0,0.99,0.987833544029,27.0,28.0,0.99,0.987833544029,27.0,28.0,custom_states,False,False,False,,
cluster2x2,cluster,4,monomial_full,sup012_P210_ph201,True,True,0.0,1.0,100.0,111.2,9.2,317.0,333.2,80.0,81.4,128.0,"{'rz': 91, 'sx': 90, 'rx': 56, 'cz': 52, 'rzz': 28, 'barrier': 8}",5,5,0,ok,,30.0,32.0,ok,,0.96,0.881565516261,27.0,28.0,0.99,0.987833544029,27.0,28.0,0.99,0.987833544029,27.0,28.0,custom_states,False,False,False,,
cluster2x2,cluster,4,monomial_full,sup012_P210_ph202,True,True,0.0,1.0,100.0,111.2,9.2,317.0,333.2,80.0,81.4,128.0,"{'rz': 91, 'sx': 90, 'rx': 56, 'cz': 52, 'rzz': 28, 'barrier': 8}",5,5,0,ok,,30.0,32.0,ok,,0.95,0.92978007633,27.0,28.0,0.95,0.92978007633,27.0,28.0,,,,,custom_states,False,False,False,,
cluster2x2,cluster,4,monomial_full,sup012_P210_ph210,True,True,0.0,1.0,99.0,110.4,9.39,309.0,324.4,80.0,81.4,128.0,"{'rz': 90, 'sx': 90, 'cz': 52, 'rx': 49, 'rzz': 28, 'barrier': 8}",5,5,0,ok,,30.0,32.0,ok,,0.91,0.857180182288,27.0,28.0,0.99,0.958741748338,27.0,28.0,0.99,0.958741748338,27.0,28.0,custom_states,False,False,False,,
cluster2x2,cluster,4,monomial_full,sup012_P210_ph211,True,True,0.0,1.0,100.0,111.2,9.2,317.0,333.2,80.0,81.4,128.0,"{'rz': 91, 'sx': 90, 'rx': 56, 'cz': 52, 'rzz': 28, 'barrier': 8}",5,5,0,ok,,30.0,32.0,ok,,0.95,0.884472207797,27.0,28.0,0.96,0.904054459045,27.0,28.0,0.99,0.977753754156,27.0,28.0,custom_states,False,False,False,,
cluster2x2,cluster,4,monomial_full,sup012_P210_ph212,True,True,0.0,1.0,99.0,110.8,9.68,313.0,329.2,80.0,81.4,128.0,"{'sx': 90, 'rz': 87, 'rx': 56, 'cz': 52, 'rzz': 28, 'barrier': 8}",5,5,0,ok,,30.0,32.0,ok,,0.96,0.881565516261,27.0,28.0,0.99,0.987833544029,27.0,28.0,0.99,0.987833544029,27.0,28.0,custom_states,False,False,False,,
cluster2x2,cluster,4,monomial_full,sup012_P210_ph220,True,True,0.0,1.0,99.0,110.4,9.39,306.0,321.6,80.0,81.4,128.0,"{'sx': 90, 'rz': 87, 'cz': 52, 'rx': 49, 'rzz': 28, 'barrier': 8}",5,5,0,ok,,30.0,32.0,ok,,0.99,0.929164895872,27.0,28.0,0.99,0.929164895872,27.0,28.0,,,,,custom_states,False,False,False,,
cluster2x2,cluster,4,monomial_full,sup012_P210_ph221,True,True,0.0,1.0,99.0,110.4,9.39,309.0,324.4,80.0,81.4,128.0,"{'rz': 90, 'sx': 90, 'cz': 52, 'rx': 49, 'rzz': 28, 'barrier': 8}",5,5,0,ok,,30.0,32.0,ok,,0.96,0.881565516261,27.0,28.0,0.99,0.987833544029,27.0,28.0,0.99,0.987833544029,27.0,28.0,custom_states,False,False,False,,
cluster2x2,cluster,4,monomial_full,sup012_P210_ph222,True,True,0.0,1.0,100.0,111.2,9.2,317.0,333.2,80.0,81.4,128.0,"{'rz': 91, 'sx': 90, 'rx': 56, 'cz': 52, 'rzz': 28, 'barrier': 8}",5,5,0,ok,,30.0,32.0,ok,,0.95,0.937972381557,27.0,28.0,0.95,0.937972381557,27.0,28.0,0.99,0.977753754156,27.0,28.0,custom_states,False,False,False,,
cluster2x2,cluster,4,monomial_full,sup013_P012_ph000,True,False,0.0,0.666667,98.0,110.2,9.99,315.0,330.6,80.0,81.4,128.0,"{'rz': 90, 'sx': 90, 'rx': 55, 'cz': 52, 'rzz': 28, 'barrier': 8}",5,5,0,ok,,30.0,32.0,ok,,0.95,0.881565516261,27.0,28.0,0.99,0.987833544029,27.0,28.0,0.99,0.987833544029,27.0,28.0,custom_states,False,False,False,,
cluster2x2,cluster,4,monomial_full,sup013_P012_ph001,True,False,0.0,0.666667,98.0,110.6,10.31,308.0,324.0,80.0,81.4,128.0,"{'sx': 90, 'rz': 89, 'cz': 52, 'rx': 49, 'rzz': 28, 'barrier': 8}",5,5,0,ok,,29.0,32.0,ok,,0.96,0.881565516261,26.0,28.0,0.99,0.987833544029,26.0,28.0,0.99,0.987833544029,26.0,28.0,custom_states,False,False,False,,
cluster2x2,cluster,4,monomial_full,sup013_P012_ph002,True,False,0.0,0.666667,100.0,111.4,9.33,320.0,334.2,80.0,81.4,128.0,"{'rz': 94, 'sx': 90, 'rx': 56, 'cz': 52, 'rzz': 28, 'barrier': 8}",5,5,0,ok,,30.0,32.0,ok,,0.95,0.881565516261,27.0,28.0,0.99,0.987833544029,27.0,28.0,0.99,0.987833544029,27.0,28.0,custom_states,False,False,False,,
cluster2x2,cluster,4,monomial_full,sup013_P012_ph010,True,False,0.0,0.666667,98.0,110.6,10.31,308.0,324.0,80.0,81.4,128.0,"{'sx': 90, 'rz': 89, 'cz': 52, 'rx': 49, 'rzz': 28, 'barrier': 8}",5,5,0,ok,,29.0,32.0,ok,,0.96,0.881565516261,26.0,28.0,0.99,0.987833544029,26.0,28.0,0.99,0.987833544029,26.0,28.0,custom_states,False,False,False,,
cluster2x2,cluster,4,monomial_full,sup013_P012_ph011,True,False,0.0,0.666667,99.0,110.8,9.66,315.0,329.8,80.0,81.4,128.0,"{'sx': 90, 'rz': 89, 'rx': 56, 'cz': 52, 'rzz': 28, 'barrier': 8}",5,5,0,ok,,30.0,32.0,ok,,0.96,0.881565516261,27.0,28.0,0.99,0.987833544029,27.0,28.0,0.99,0.987833544029,27.0,28.0,custom_states,False,False,False,,
cluster2x2,cluster,4,monomial_full,sup013_P012_ph012,True,False,0.0,0.666667,100.0,111.0,9.01,317.0,331.4,80.0,81.4,128.0,"{'rz': 91, 'sx': 90, 'rx': 56, 'cz': 52, 'rzz': 28, 'barrier': 8}",5,5,0,ok,,30.0,32.0,ok,,0.95,0.881565516261,27.0,28.0,0.99,0.987833544029,27.0,28.0,0.99,0.987833544029,27.0,28.0,custom_states,False,False,False,,
cluster2x2,cluster,4,monomial_full,sup013_P012_ph020,True,False,0.0,0.666667,99.0,111.0,9.82,309.0,325.2,80.0,81.4,128.0,"{'rz': 90, 'sx': 90, 'cz': 52, 'rx': 49, 'rzz': 28, 'barrier': 8}",5,5,0,ok,,30.0,32.0,ok,,0.95,0.967364800501,27.0,28.0,0.95,0.967364800501,27.0,28.0,0.95,0.967364800501,27.0,28.0,custom_states,False,False,False,,
cluster2x2,cluster,4,monomial_full,sup013_P012_ph021,True,False,0.0,0.666667,100.0,111.0,9.01,317.0,331.4,80.0,81.4,128.0,"{'rz': 91, 'sx': 90, 'rx': 56, 'cz': 52, 'rzz': 28, 'barrier': 8}",5,5,0,ok,,30.0,32.0,ok,,0.96,0.858153319531,27.0,28.0,0.99,0.981399156403,27.0,28.0,0.99,0.981399156403,27.0,28.0,custom_states,False,False,False,,
cluster2x2,cluster,4,monomial_full,sup013_P012_ph022,True,False,0.0,0.666667,97.0,110.2,10.8,306.0,323.2,80.0,81.4,128.0,"{'sx': 90, 'rz': 88, 'cz': 52, 'rx': 48, 'rzz': 28, 'barrier': 8}",5,5,0,ok,,29.0,32.0,ok,,0.95,0.881565516261,26.0,28.0,0.99,0.987833544029,26.0,28.0,0.99,0.987833544029,26.0,28.0,custom_states,False,False,False,,
cluster2x2,cluster,4,monomial_full,sup013_P012_ph100,True,False,0.0,0.666667,100.0,111.4,9.33,320.0,334.2,80.0,81.4,128.0,"{'rz': 94, 'sx': 90, 'rx': 56, 'cz': 52, 'rzz': 28, 'barrier': 8}",5,5,0,ok,,30.0,32.0,ok,,0.96,0.881565516261,27.0,28.0,0.99,0.987833544029,27.0,28.0,0.99,0.987833544029,27.0,28.0,custom_states,False,False,False,,
cluster2x2,cluster,4,monomial_full,sup013_P012_ph101,True,False,0.0,0.666667,100.0,111.0,9.01,317.0,331.4,80.0,81.4,128.0,"{'rz': 91, 'sx': 90, 'rx': 56, 'cz': 52, 'rzz': 28, 'barrier': 8}",5,5,0,ok,,30.0,32.0,ok,,0.96,0.881565516261,27.0,28.0,0.99,0.987833544029,27.0,28.0,0.99,0.987833544029,27.0,28.0,custom_states,False,False,False,,
cluster2x2,cluster,4,monomial_full,sup013_P012_ph102,True,False,0.0,0.666667,99.0,110.8,9.66,314.0,328.6,80.0,81.4,128.0,"{'sx': 90, 'rz': 88, 'rx': 56, 'cz': 52, 'rzz': 28, 'barrier': 8}",5,5,0,ok,,30.0,32.0,ok,,0.95,0.881565516261,27.0,28.0,0.99,0.987833544029,27.0,28.0,0.99,0.987833544029,27.0,28.0,custom_states,False,False,False,,
cluster2x2,cluster,4,monomial_full,sup013_P012_ph110,True,False,0.0,0.666667,96.0,108.8,10.48,300.0,317.6,80.0,81.4,128.0,"{'sx': 90, 'rz': 82, 'cz': 52, 'rx': 48, 'rzz': 28, 'barrier': 8}",5,5,0,ok,,29.0,32.0,ok,,0.95,0.881565516261,26.0,28.0,0.99,0.987833544029,26.0,28.0,0.99,0.987833544029,26.0,28.0,custom_states,False,False,False,,
cluster2x2,cluster,4,monomial_full,sup013_P012_ph111,True,False,0.0,0.666667,100.0,111.4,9.33,319.0,333.0,80.0,81.4,128.0,"{'rz': 93, 'sx': 90, 'rx': 56, 'cz': 52, 'rzz': 28, 'barrier': 8}",5,5,0,ok,,30.0,32.0,ok,,0.95,0.858153319531,27.0,28.0,0.99,0.981399156403,27.0,28.0,0.99,0.981399156403,27.0,28.0,custom_states,False,False,False,,
cluster2x2,cluster,4,monomial_full,sup013_P012_ph112,True,False,0.0,0.666667,100.0,111.4,9.33,320.0,334.2,80.0,81.4,128.0,"{'rz': 94, 'sx': 90, 'rx': 56, 'cz': 52, 'rzz': 28, 'barrier': 8}",5,5,0,ok,,30.0,32.0,ok,,0.96,0.858153319531,27.0,28.0,0.99,0.981399156403,27.0,28.0,0.99,0.981399156403,27.0,28.0,custom_states,False,False,False,,
cluster2x2,cluster,4,monomial_full,sup013_P012_ph120,True,False,0.0,0.666667,98.0,110.6,10.31,308.0,324.0,80.0,81.4,128.0,"{'sx': 90, 'rz': 89, 'cz': 52, 'rx': 49, 'rzz': 28, 'barrier': 8}",5,5,0,ok,,29.0,32.0,ok,,0.96,0.881565516261,26.0,28.0,0.99,0.987833544029,26.0,28.0,0.99,0.987833544029,26.0,28.0,custom_states,False,False,False,,
cluster2x2,cluster,4,monomial_full,sup013_P012_ph121,True,False,0.0,0.666667,98.0,110.6,10.31,308.0,324.8,80.0,81.4,128.0,"{'sx': 90, 'rz': 89, 'cz': 52, 'rx': 49, 'rzz': 28, 'barrier': 8}",5,5,0,ok,,30.0,32.0,ok,,0.95,0.967364800501,27.0,28.0,0.95,0.967364800501,27.0,28.0,0.95,0.967364800501,27.0,28.0,custom_states,False,False,False,,
cluster2x2,cluster,4,monomial_full,sup013_P012_ph122,True,False,0.0,0.666667,100.0,111.0,9.01,317.0,331.4,80.0,81.4,128.0,"{'rz': 91, 'sx': 90, 'rx': 56, 'cz': 52, 'rzz': 28, 'barrier': 8}",5,5,0,ok,,30.0,32.0,ok,,0.95,0.967364800501,27.0,28.0,0.95,0.967364800501,27.0,28.0,0.95,0.967364800501,27.0,28.0,custom_states,False,False,False,,
cluster2x2,cluster,4,monomial_full,sup013_P012_ph200,True,False,0.0,0.666667,100.0,111.4,9.33,319.0,333.0,80.0,81.4,128.0,"{'rz': 93, 'sx': 90, 'rx': 56, 'cz': 52, 'rzz': 28, 'barrier': 8}",5,5,0,ok,,30.0,32.0,ok,,0.96,0.858153319531,27.0,28.0,0.99,0.981399156403,27.0,28.0,0.99,0.981399156403,27.0,28.0,custom_states,False,False,False,,
cluster2x2,cluster,4,monomial_full,sup013_P012_ph201,True,False,0.0,0.666667,99.0,110.8,9.66,315.0,329.8,80.0,81.4,128.0,"{'sx': 90, 'rz': 89, 'rx': 56, 'cz': 52, 'rzz': 28, 'barrier': 8}",5,5,0,ok,,30.0,32.0,ok,,0.96,0.858153319531,26.0,28.0,0.99,0.981399156403,26.0,28.0,0.99,0.981399156403,26.0,28.0,custom_states,False,False,False,,
cluster2x2,cluster,4,monomial_full,sup013_P012_ph202,True,False,0.0,0.666667,99.0,110.6,9.5,306.0,322.4,80.0,81.4,128.0,"{'sx': 90, 'rz': 87, 'cz': 52, 'rx': 49, 'rzz': 28, 'barrier': 8}",5,5,0,ok,,30.0,32.0,ok,,0.95,0.967364800501,27.0,28.0,0.95,0.967364800501,27.0,28.0,0.95,0.967364800501,27.0,28.0,custom_states,False,False,False,,
cluster2x2,cluster,4,monomial_full,sup013_P012_ph210,True,False,0.0,0.666667,100.0,111.4,9.33,320.0,334.2,80.0,81.4,128.0,"{'rz': 94, 'sx': 90, 'rx': 56, 'cz': 52, 'rzz': 28, 'barrier': 8}",5,5,0,ok,,30.0,32.0,ok,,0.95,0.967364800501,27.0,28.0,0.95,0.967364800501,27.0,28.0,0.95,0.967364800501,27.0,28.0,custom_states,False,False,False,,
cluster2x2,cluster,4,monomial_full,sup013_P012_ph211,True,False,0.0,0.666667,100.0,111.0,9.01,317.0,331.4,80.0,81.4,128.0,"{'rz': 91, 'sx': 90, 'rx': 56, 'cz': 52, 'rzz': 28, 'barrier': 8}",5,5,0,ok,,30.0,32.0,ok,,0.95,0.881565516261,27.0,28.0,0.99,0.987833544029,27.0,28.0,0.99,0.987833544029,27.0,28.0,custom_states,False,False,False,,
cluster2x2,cluster,4,monomial_full,sup013_P012_ph212,True,False,0.0,0.666667,99.0,110.8,9.66,313.0,328.2,80.0,81.4,128.0,"{'sx': 90, 'rz': 88, 'rx': 55, 'cz': 52, 'rzz': 28, 'barrier': 8}",5,5,0,ok,,30.0,32.0,ok,,0.95,0.881565516261,27.0,28.0,0.99,0.987833544029,27.0,28.0,0.99,0.987833544029,27.0,28.0,custom_states,False,False,False,,
cluster2x2,cluster,4,monomial_full,sup013_P012_ph220,True,False,0.0,0.666667,96.0,108.8,10.48,300.0,317.6,80.0,81.4,128.0,"{'sx': 90, 'rz': 82, 'cz': 52, 'rx': 48, 'rzz': 28, 'barrier': 8}",5,5,0,ok,,29.0,32.0,ok,,0.96,0.881565516261,26.0,28.0,0.99,0.987833544029,26.0,28.0,0.99,0.987833544029,26.0,28.0,custom_states,False,False,False,,
cluster2x2,cluster,4,monomial_full,sup013_P012_ph221,True,False,0.0,0.666667,100.0,111.4,9.33,319.0,333.0,80.0,81.4,128.0,"{'rz': 93, 'sx': 90, 'rx': 56, 'cz': 52, 'rzz': 28, 'barrier': 8}",5,5,0,ok,,30.0,32.0,ok,,0.95,0.881565516261,27.0,28.0,0.99,0.987833544029,27.0,28.0,0.99,0.987833544029,27.0,28.0,custom_states,False,False,False,,
cluster2x2,cluster,4,monomial_full,sup013_P012_ph222,True,False,0.0,0.666667,99.0,111.0,9.82,309.0,325.2,80.0,81.4,128.0,"{'rz': 90, 'sx': 90, 'cz': 52, 'rx': 49, 'rzz': 28, 'barrier': 8}",5,5,0,ok,,30.0,32.0,ok,,0.96,0.881565516261,27.0,28.0,0.99,0.987833544029,27.0,28.0,0.99,0.987833544029,27.0,28.0,custom_states,False,False,False,,
cluster2x2,cluster,4,monomial_full,sup013_P021_ph000,True,False,0.0,0.666667,106.0,115.6,7.86,336.0,352.4,84.0,85.4,128.0,"{'rz': 99, 'sx': 90, 'rx': 63, 'cz': 48, 'rzz': 36, 'barrier': 8}",5,5,0,ok,,34.0,36.0,ok,,0.95,0.881565516261,31.0,32.0,0.99,0.987833544029,31.0,32.0,0.99,0.987833544029,31.0,32.0,custom_states,False,False,False,,
cluster2x2,cluster,4,monomial_full,sup013_P021_ph001,True,False,0.0,0.666667,108.0,117.6,7.86,347.0,363.2,84.0,85.4,128.0,"{'rz': 109, 'sx': 90, 'rx': 64, 'cz': 48, 'rzz': 36, 'barrier': 8}",5,5,0,ok,,35.0,36.0,ok,,0.97,0.881565516261,32.0,32.0,0.99,0.987833544029,32.0,32.0,0.99,0.987833544029,32.0,32.0,custom_states,False,False,False,,
cluster2x2,cluster,4,monomial_full,sup013_P021_ph002,True,False,0.0,0.666667,107.0,116.2,7.55,340.0,356.6,84.0,85.4,128.0,"{'rz': 103, 'sx': 90, 'rx': 63, 'cz': 48, 'rzz': 36, 'barrier': 8}",5,5,0,ok,,34.0,36.0,ok,,0.95,0.881565516261,31.0,32.0,0.99,0.987833544029,31.0,32.0,0.99,0.987833544029,31.0,32.0,custom_states,False,False,False,,
cluster2x2,cluster,4,monomial_full,sup013_P021_ph010,True,False,0.0,0.666667,108.0,117.2,7.57,347.0,362.2,84.0,85.4,128.0,"{'rz': 109, 'sx': 90, 'rx': 64, 'cz': 48, 'rzz': 36, 'barrier': 8}",5,5,0,ok,,35.0,36.0,ok,,0.99,0.951368139695,31.0,32.0,0.99,0.951368139695,31.0,32.0,0.99,0.951368139695,31.0,32.0,custom_states,False,False,False,,
cluster2x2,cluster,4,monomial_full,sup013_P021_ph011,True,False,0.0,0.666667,108.0,117.2,7.55,342.0,359.0,84.0,85.4,128.0,"{'rz': 104, 'sx': 90, 'rx': 64, 'cz': 48, 'rzz': 36, 'barrier': 8}",5,5,0,ok,,35.0,36.0,ok,,0.96,0.881565516261,32.0,32.0,0.99,0.987833544029,32.0,32.0,0.99,0.987833544029,32.0,32.0,custom_states,False,False,False,,
cluster2x2,cluster,4,monomial_full,sup013_P021_ph012,True,False,0.0,0.666667,108.0,117.6,7.86,345.0,362.2,84.0,85.4,128.0,"{'rz': 107, 'sx': 90, 'rx': 64, 'cz': 48, 'rzz': 36, 'barrier': 8}",5,5,0,ok,,35.0,36.0,ok,,0.97,0.881565516261,32.0,32.0,0.99,0.987833544029,32.0,32.0,0.99,0.987833544029,32.0,32.0,custom_states,False,False,False,,
cluster2x2,cluster,4,monomial_full,sup013_P021_ph020,True,False,0.0,0.666667,108.0,117.4,7.71,345.0,361.4,84.0,85.4,128.0,"{'rz': 107, 'sx': 90, 'rx': 64, 'cz': 48, 'rzz': 36, 'barrier': 8}",5,5,0,ok,,35.0,36.0,ok,,0.95,0.885813722781,31.0,32.0,0.99,0.987833544029,32.0,32.0,0.99,0.987833544029,32.0,32.0,custom_states,False,False,False,,
cluster2x2,cluster,4,monomial_full,sup013_P021_ph021,True,False,0.0,0.666667,107.0,117.2,8.35,340.0,356.0,84.0,85.4,128.0,"{'rz': 103, 'sx': 90, 'rx': 63, 'cz': 48, 'rzz': 36, 'barrier': 8}",5,5,0,ok,,34.0,36.0,ok,,0.95,0.881565516261,31.0,32.0,0.99,0.987833544029,31.0,32.0,0.99,0.987833544029,31.0,32.0,custom_states,False,False,False,,
cluster2x2,cluster,4,monomial_full,sup013_P021_ph022,True,False,0.0,0.666667,108.0,117.6,7.86,347.0,363.2,84.0,85.4,128.0,"{'rz': 109, 'sx': 90, 'rx': 64, 'cz': 48, 'rzz': 36, 'barrier': 8}",5,5,0,ok,,35.0,36.0,ok,,0.96,0.881565516261,32.0,32.0,0.99,0.987833544029,32.0,32.0,0.99,0.987833544029,32.0,32.0,custom_states,False,False,False,,
cluster2x2,cluster,4,monomial_full,sup013_P021_ph100,True,False,0.0,0.666667,108.0,117.6,7.86,347.0,363.2,84.0,85.4,128.0,"{'rz': 109, 'sx': 90, 'rx': 64, 'cz': 48, 'rzz': 36, 'barrier': 8}",5,5,0,ok,,35.0,36.0,ok,,0.96,0.881565516261,32.0,32.0,0.99,0.987833544029,32.0,32.0,0.99,0.987833544029,32.0,32.0,custom_states,False,False,False,,
cluster2x2,cluster,4,monomial_full,sup013_P021_ph101,True,False,0.0,0.666667,108.0,117.2,7.57,347.0,362.2,84.0,85.4,128.0,"{'rz': 109, 'sx': 90, 'rx': 64, 'cz': 48, 'rzz': 36, 'barrier': 8}",5,5,0,ok,,35.0,36.0,ok,,0.97,0.881565516261,32.0,32.0,0.99,0.987833544029,32.0,32.0,0.99,0.987833544029,32.0,32.0,custom_states,False,False,False,,
cluster2x2,cluster,4,monomial_full,sup013_P021_ph102,True,False,0.0,0.666667,108.0,117.6,7.86,341.0,358.8,84.0,85.4,128.0,"{'rz': 104, 'sx': 90, 'rx': 63, 'cz': 48, 'rzz': 36, 'barrier': 8}",5,5,0,ok,,35.0,36.0,ok,,0.96,0.881565516261,32.0,32.0,0.99,0.987833544029,32.0,32.0,0.99,0.987833544029,32.0,32.0,custom_states,False,False,False,,
cluster2x2,cluster,4,monomial_full,sup013_P021_ph110,True,False,0.0,0.666667,108.0,117.6,7.86,347.0,363.2,84.0,85.4,128.0,"{'rz': 109, 'sx': 90, 'rx': 64, 'cz': 48, 'rzz': 36, 'barrier': 8}",5,5,0,ok,,35.0,36.0,ok,,0.95,0.881565516261,32.0,32.0,0.99,0.987833544029,32.0,32.0,0.99,0.987833544029,32.0,32.0,custom_states,False,False,False,,
cluster2x2,cluster,4,monomial_full,sup013_P021_ph111,True,False,0.0,0.666667,108.0,117.4,7.71,342.0,359.0,84.0,85.4,128.0,"{'rz': 105, 'sx': 90, 'rx': 63, 'cz': 48, 'rzz': 36, 'barrier': 8}",5,5,0,ok,,35.0,36.0,ok,,0.97,0.881565516261,32.0,32.0,0.99,0.987833544029,32.0,32.0,0.99,0.987833544029,32.0,32.0,custom_states,False,False,False,,
cluster2x2,cluster,4,monomial_full,sup013_P021_ph112,True,False,0.0,0.666667,108.0,117.6,7.86,346.0,362.0,84.0,85.4,128.0,"{'rz': 108, 'sx': 90, 'rx': 64, 'cz': 48, 'rzz': 36, 'barrier': 8}",5,5,0,ok,,35.0,36.0,ok,,0.96,0.881565516261,32.0,32.0,0.99,0.987833544029,32.0,32.0,0.99,0.987833544029,32.0,32.0,custom_states,False,False,False,,
cluster2x2,cluster,4,monomial_full,sup013_P021_ph120,True,False,0.0,0.666667,108.0,117.6,7.86,344.0,360.6,84.0,85.4,128.0,"{'rz': 107, 'sx': 90, 'rx': 63, 'cz': 48, 'rzz': 36, 'barrier': 8}",5,5,0,ok,,35.0,36.0,ok,,0.97,0.881565516261,32.0,32.0,0.99,0.987833544029,32.0,32.0,0.99,0.987833544029,32.0,32.0,custom_states,False,False,False,,
cluster2x2,cluster,4,monomial_full,sup013_P021_ph121,True,False,0.0,0.666667,108.0,117.0,7.38,344.0,359.8,84.0,85.4,128.0,"{'rz': 106, 'sx': 90, 'rx': 64, 'cz': 48, 'rzz': 36, 'barrier': 8}",5,5,0,ok,,35.0,36.0,ok,,0.95,0.881565516261,32.0,32.0,0.99,0.987833544029,32.0,32.0,0.99,0.987833544029,32.0,32.0,custom_states,False,False,False,,
cluster2x2,cluster,4,monomial_full,sup013_P021_ph122,True,False,0.0,0.666667,108.0,117.6,7.86,346.0,362.2,84.0,85.4,128.0,"{'rz': 108, 'sx': 90, 'rx': 64, 'cz': 48, 'rzz': 36, 'barrier': 8}",5,5,0,ok,,35.0,36.0,ok,,0.97,0.881565516261,32.0,32.0,0.99,0.987833544029,32.0,32.0,0.99,0.987833544029,32.0,32.0,custom_states,False,False,False,,
cluster2x2,cluster,4,monomial_full,sup013_P021_ph200,True,False,0.0,0.666667,108.0,117.6,7.86,347.0,362.8,84.0,85.4,128.0,"{'rz': 109, 'sx': 90, 'rx': 64, 'cz': 48, 'rzz': 36, 'barrier': 8}",5,5,0,ok,,35.0,36.0,ok,,0.95,0.881565516261,32.0,32.0,0.99,0.987833544029,32.0,32.0,0.99,0.987833544029,32.0,32.0,custom_states,False,False,False,,
cluster2x2,cluster,4,monomial_full,sup013_P021_ph201,True,False,0.0,0.666667,108.0,117.6,7.86,343.0,360.4,84.0,85.4,128.0,"{'rz': 105, 'sx': 90, 'rx': 64, 'cz': 48, 'rzz': 36, 'barrier': 8}",5,5,0,ok,,35.0,36.0,ok,,0.95,0.881565516261,30.0,32.0,0.99,0.987833544029,32.0,32.0,0.99,0.987833544029,32.0,32.0,custom_states,False,False,False,,
cluster2x2,cluster,4,monomial_full,sup013_P021_ph202,True,False,0.0,0.666667,108.0,117.4,7.71,347.0,362.6,84.0,85.4,128.0,"{'rz': 109, 'sx': 90, 'rx': 64, 'cz': 48, 'rzz': 36, 'barrier': 8}",5,5,0,ok,,35.0,36.0,ok,,0.97,0.881565516261,32.0,32.0,0.99,0.987833544029,32.0,32.0,0.99,0.987833544029,32.0,32.0,custom_states,False,False,False,,
cluster2x2,cluster,4,monomial_full,sup013_P021_ph210,True,False,0.0,0.666667,108.0,117.6,7.86,341.0,357.2,84.0,85.4,128.0,"{'rz': 104, 'sx': 90, 'rx': 63, 'cz': 48, 'rzz': 36, 'barrier': 8}",5,5,0,ok,,35.0,36.0,ok,,0.95,0.881565516261,32.0,32.0,0.99,0.987833544029,32.0,32.0,0.99,0.987833544029,32.0,32.0,custom_states,False,False,False,,
cluster2x2,cluster,4,monomial_full,sup013_P021_ph211,True,False,0.0,0.666667,107.0,117.2,8.35,346.0,362.0,84.0,85.4,128.0,"{'rz': 108, 'sx': 90, 'rx': 64, 'cz': 48, 'rzz': 36, 'barrier': 8}",5,5,0,ok,,34.0,36.0,ok,,0.95,0.967364800501,31.0,32.0,0.95,0.967364800501,31.0,32.0,0.95,0.967364800501,31.0,32.0,custom_states,False,False,False,,
cluster2x2,cluster,4,monomial_full,sup013_P021_ph212,True,False,0.0,0.666667,107.0,116.6,7.86,342.0,358.6,84.0,85.4,128.0,"{'rz': 104, 'sx': 90, 'rx': 64, 'cz': 48, 'rzz': 36, 'barrier': 8}",5,5,0,ok,,35.0,36.0,ok,,0.95,0.881565516261,32.0,32.0,0.99,0.987833544029,32.0,32.0,0.99,0.987833544029,32.0,32.0,custom_states,False,False,False,,
cluster2x2,cluster,4,monomial_full,sup013_P021_ph220,True,False,0.0,0.666667,108.0,117.6,7.86,347.0,362.8,84.0,85.4,128.0,"{'rz': 109, 'sx': 90, 'rx': 64, 'cz': 48, 'rzz': 36, 'barrier': 8}",5,5,0,ok,,35.0,36.0,ok,,0.97,0.881565516261,32.0,32.0,0.99,0.987833544029,32.0,32.0,0.99,0.987833544029,32.0,32.0,custom_states,False,False,False,,
cluster2x2,cluster,4,monomial_full,sup013_P021_ph221,True,False,0.0,0.666667,108.0,117.6,7.86,347.0,363.2,84.0,85.4,128.0,"{'rz': 109, 'sx': 90, 'rx': 64, 'cz': 48, 'rzz': 36, 'barrier': 8}",5,5,0,ok,,35.0,36.0,ok,,0.95,0.881565516261,32.0,32.0,0.99,0.987833544029,32.0,32.0,0.99,0.987833544029,32.0,32.0,custom_states,False,False,False,,
cluster2x2,cluster,4,monomial_full,sup013_P021_ph222,True,False,0.0,0.666667,108.0,117.2,7.57,342.0,359.8,84.0,85.4,128.0,"{'rz': 105, 'sx': 90, 'rx': 63, 'cz': 48, 'rzz': 36, 'barrier': 8}",5,5,0,ok,,35.0,36.0,ok,,0.97,0.881565516261,32.0,32.0,0.99,0.987833544029,32.0,32.0,0.99,0.987833544029,32.0,32.0,custom_states,False,False,False,,
cluster2x2,cluster,4,monomial_full,sup013_P102_ph000,True,False,0.0,0.666667,99.0,110.4,9.33,313.0,327.4,80.0,81.4,128.0,"{'rz': 90, 'sx': 90, 'rx': 53, 'cz': 52, 'rzz': 28, 'barrier': 8}",5,5,0,ok,,30.0,32.0,ok,,0.97,0.881565516261,27.0,28.0,0.99,0.987833544029,27.0,28.0,0.99,0.987833544029,27.0,28.0,custom_states,False,False,False,,
cluster2x2,cluster,4,monomial_full,sup013_P102_ph001,True,False,0.0,0.666667,98.0,109.8,9.66,307.0,323.0,80.0,81.4,128.0,"{'rz': 91, 'sx': 90, 'cz': 48, 'rx': 46, 'rzz': 32, 'barrier': 8}",5,5,0,ok,,29.0,32.0,ok,,0.96,0.881565516261,26.0,28.0,0.99,0.987833544029,26.0,28.0,0.99,0.987833544029,26.0,28.0,custom_states,False,False,False,,
cluster2x2,cluster,4,monomial_full,sup013_P102_ph002,True,False,0.0,0.666667,99.0,110.8,9.66,314.0,329.8,80.0,81.4,128.0,"{'rz': 91, 'sx': 90, 'rx': 53, 'cz': 48, 'rzz': 32, 'barrier': 8}",5,5,0,ok,,30.0,32.0,ok,,0.95,0.881565516261,27.0,28.0,0.99,0.987833544029,27.0,28.0,0.99,0.987833544029,27.0,28.0,custom_states,False,False,False,,
cluster2x2,cluster,4,monomial_full,sup013_P102_ph010,True,False,0.0,0.666667,98.0,110.0,9.82,307.0,325.0,80.0,81.4,128.0,"{'rz': 91, 'sx': 90, 'cz': 48, 'rx': 46, 'rzz': 32, 'barrier': 8}",5,5,0,ok,,29.0,32.0,ok,,0.95,0.97190574996,26.0,28.0,0.95,0.97190574996,26.0,28.0,0.95,0.97190574996,26.0,28.0,custom_states,False,False,False,,
cluster2x2,cluster,4,monomial_full,sup013_P102_ph011,True,False,0.0,0.666667,99.0,110.8,9.66,314.0,329.6,80.0,81.4,128.0,"{'rz': 91, 'sx': 90, 'rx': 53, 'cz': 48, 'rzz': 32, 'barrier': 8}",5,5,0,ok,,30.0,32.0,ok,,0.95,0.967364800501,26.0,28.0,0.95,0.967364800501,26.0,28.0,0.95,0.967364800501,26.0,28.0,custom_states,False,False,False,,
cluster2x2,cluster,4,monomial_full,sup013_P102_ph012,True,False,0.0,0.666667,99.0,110.4,9.33,313.0,327.4,80.0,81.4,128.0,"{'rz': 90, 'sx': 90, 'rx': 53, 'cz': 52, 'rzz': 28, 'barrier': 8}",5,5,0,ok,,30.0,32.0,ok,,0.95,0.852035952383,27.0,28.0,0.99,0.987833544029,27.0,28.0,0.99,0.987833544029,27.0,28.0,custom_states,False,False,False,,
cluster2x2,cluster,4,monomial_full,sup013_P102_ph020,True,False,0.0,0.666667,98.0,110.4,10.15,312.0,326.8,80.0,81.4,128.0,"{'rz': 91, 'sx': 90, 'rx': 51, 'cz': 48, 'rzz': 32, 'barrier': 8}",5,5,0,ok,,30.0,32.0,ok,,0.96,0.881565516261,27.0,28.0,0.99,0.987833544029,27.0,28.0,0.99,0.987833544029,27.0,28.0,custom_states,False,False,False,,
cluster2x2,cluster,4,monomial_full,sup013_P102_ph021,True,False,0.0,0.666667,98.0,109.6,9.5,311.0,325.8,80.0,81.4,128.0,"{'sx': 90, 'rz': 89, 'rx': 52, 'cz': 52, 'rzz': 28, 'barrier': 8}",5,5,0,ok,,30.0,32.0,ok,,0.95,0.881565516261,27.0,28.0,0.99,0.987833544029,27.0,28.0,0.99,0.987833544029,27.0,28.0,custom_states,False,False,False,,
cluster2x2,cluster,4,monomial_full,sup013_P102_ph022,True,False,0.0,0.666667,98.0,110.0,9.82,309.0,325.4,80.0,81.4,128.0,"{'sx': 90, 'rz': 87, 'rx': 52, 'cz': 48, 'rzz': 32, 'barrier': 8}",5,5,0,ok,,30.0,32.0,ok,,0.97,0.898388780107,27.0,28.0,0.99,0.984762247964,27.0,28.0,0.99,0.984762247964,27.0,28.0,custom_states,False,False,False,,
cluster2x2,cluster,4,monomial_full,sup013_P102_ph100,True,False,0.0,0.666667,98.0,110.0,9.82,308.0,323.4,80.0,81.4,128.0,"{'rz': 91, 'sx': 90, 'cz': 48, 'rx': 47, 'rzz': 32, 'barrier': 8}",5,5,0,ok,,29.0,32.0,ok,,0.96,0.881565516261,26.0,28.0,0.99,0.987833544029,26.0,28.0,0.99,0.987833544029,26.0,28.0,custom_states,False,False,False,,
cluster2x2,cluster,4,monomial_full,sup013_P102_ph101,True,False,0.0,0.666667,96.0,108.8,10.48,300.0,316.8,80.0,81.4,128.0,"{'sx': 90, 'rz': 85, 'cz': 52, 'rx': 45, 'rzz': 28, 'barrier': 8}",5,5,0,ok,,28.0,32.0,ok,,0.95,0.881565516261,25.0,28.0,0.99,0.987833544029,25.0,28.0,0.99,0.987833544029,25.0,28.0,custom_states,False,False,False,,
cluster2x2,cluster,4,monomial_full,sup013_P102_ph102,True,False,0.0,0.666667,98.0,109.8,9.66,309.0,323.8,80.0,81.4,128.0,"{'sx': 90, 'rz': 87, 'rx': 52, 'cz': 48, 'rzz': 32, 'barrier': 8}",5,5,0,ok,,30.0,32.0,ok,,0.96,0.881565516261,27.0,28.0,0.99,0.987833544029,27.0,28.0,0.99,0.987833544029,27.0,28.0,custom_states,False,False,False,,
cluster2x2,cluster,4,monomial_full,sup013_P102_ph110,True,False,0.0,0.666667,95.0,107.8,10.48,296.0,312.4,80.0,81.4,128.0,"{'sx': 90, 'rz': 80, 'cz': 52, 'rx': 46, 'rzz': 28, 'barrier': 8}",5,5,0,ok,,28.0,32.0,ok,,0.95,0.881565516261,25.0,28.0,0.99,0.987833544029,25.0,28.0,0.99,0.987833544029,25.0,28.0,custom_states,False,False,False,,
cluster2x2,cluster,4,monomial_full,sup013_P102_ph111,True,False,0.0,0.666667,98.0,109.8,9.66,313.0,327.6,80.0,81.4,128.0,"{'rz': 91, 'sx': 90, 'rx': 52, 'cz': 48, 'rzz': 32, 'barrier': 8}",5,5,0,ok,,30.0,32.0,ok,,0.99,0.936481165577,27.0,28.0,0.99,0.936481165577,27.0,28.0,,,,,custom_states,False,False,False,,
cluster2x2,cluster,4,monomial_full,sup013_P102_ph112,True,False,0.0,0.666667,98.0,110.0,9.82,308.0,323.6,80.0,81.4,128.0,"{'rz': 91, 'sx': 90, 'cz': 48, 'rx': 47, 'rzz': 32, 'barrier': 8}",5,5,0,ok,,29.0,32.0,ok,,0.96,0.881565516261,26.0,28.0,0.99,0.987833544029,26.0,28.0,0.99,0.987833544029,26.0,28.0,custom_states,False,False,False,,
cluster2x2,cluster,4,monomial_full,sup013_P102_ph120,True,False,0.0,0.666667,98.0,110.0,9.82,313.0,329.2,80.0,81.4,128.0,"{'rz': 91, 'sx': 90, 'rx': 52, 'cz': 48, 'rzz': 32, 'barrier': 8}",5,5,0,ok,,30.0,32.0,ok,,0.96,0.881565516261,27.0,28.0,0.99,0.987833544029,27.0,28.0,0.99,0.987833544029,27.0,28.0,custom_states,False,False,False,,
cluster2x2,cluster,4,monomial_full,sup013_P102_ph121,True,False,0.0,0.666667,97.0,109.8,10.46,306.0,324.4,80.0,81.4,128.0,"{'rz': 91, 'sx': 90, 'cz': 48, 'rx': 45, 'rzz': 32, 'barrier': 8}",5,5,0,ok,,29.0,32.0,ok,,0.95,0.967364800501,26.0,28.0,0.95,0.967364800501,26.0,28.0,0.95,0.967364800501,26.0,28.0,custom_states,False,False,False,,
cluster2x2,cluster,4,monomial_full,sup013_P102_ph122,True,False,0.0,0.666667,95.0,108.2,10.8,298.0,315.2,80.0,81.4,128.0,"{'sx': 90, 'rz': 83, 'cz': 52, 'rx': 45, 'rzz': 28, 'barrier': 8}",5,5,0,ok,,28.0,32.0,ok,,0.95,0.884889408816,25.0,28.0,0.99,0.988047110162,25.0,28.0,0.99,0.988047110162,25.0,28.0,custom_states,False,False,False,,
cluster2x2,cluster,4,monomial_full,sup013_P102_ph200,True,False,0.0,0.666667,98.0,109.8,9.66,307.0,322.8,80.0,81.4,128.0,"{'rz': 91, 'sx': 90, 'cz': 48, 'rx': 46, 'rzz': 32, 'barrier': 8}",5,5,0,ok,,29.0,32.0,ok,,0.96,0.881565516261,26.0,28.0,0.99,0.987833544029,26.0,28.0,0.99,0.987833544029,26.0,28.0,custom_states,False,False,False,,
cluster2x2,cluster,4,monomial_full,sup013_P102_ph201,True,False,0.0,0.666667,98.0,110.4,10.15,312.0,329.0,80.0,81.4,128.0,"{'rz': 91, 'sx': 90, 'rx': 51, 'cz': 48, 'rzz': 32, 'barrier': 8}",5,5,0,ok,,30.0,32.0,ok,,0.96,0.881565516261,27.0,28.0,0.99,0.987833544029,27.0,28.0,0.99,0.987833544029,27.0,28.0,custom_states,False,False,False,,
cluster2x2,cluster,4,monomial_full,sup013_P102_ph202,True,False,0.0,0.666667,97.0,109.2,9.99,300.0,316.4,80.0,81.4,128.0,"{'sx': 90, 'rz': 84, 'cz': 52, 'rx': 46, 'rzz': 28, 'barrier': 8}",5,5,0,ok,,29.0,32.0,ok,,0.95,0.881565516261,26.0,28.0,0.99,0.987833544029,26.0,28.0,0.99,0.987833544029,26.0,28.0,custom_states,False,False,False,,
cluster2x2,cluster,4,monomial_full,sup013_P102_ph210,True,False,0.0,0.666667,98.0,110.2,9.97,308.0,325.2,80.0,81.4,128.0,"{'rz': 91, 'sx': 90, 'cz': 48, 'rx': 47, 'rzz': 32, 'barrier': 8}",5,5,0,ok,,29.0,32.0,ok,,0.96,0.86526466326,26.0,28.0,0.99,0.98403145781,26.0,28.0,0.99,0.98403145781,26.0,28.0,custom_states,False,False,False,,
cluster2x2,cluster,4,monomial_full,sup013_P102_ph211,True,False,0.0,0.666667,95.0,108.2,10.8,298.0,315.2,80.0,81.4,128.0,"{'sx': 90, 'rz': 83, 'cz': 52, 'rx': 45, 'rzz': 28, 'barrier': 8}",5,5,0,ok,,28.0,32.0,ok,,0.96,0.881565516261,25.0,28.0,0.99,0.987833544029,25.0,28.0,0.99,0.987833544029,25.0,28.0,custom_states,False,False,False,,
cluster2x2,cluster,4,monomial_full,sup013_P102_ph212,True,False,0.0,0.666667,98.0,110.0,9.82,303.0,320.6,80.0,81.4,128.0,"{'sx': 90, 'rz': 87, 'cz': 48, 'rx': 46, 'rzz': 32, 'barrier': 8}",5,5,0,ok,,29.0,32.0,ok,,0.95,0.967364800501,25.0,28.0,0.95,0.967364800501,25.0,28.0,0.95,0.967364800501,25.0,28.0,custom_states,False,False,False,,
cluster2x2,cluster,4,monomial_full,sup013_P102_ph220,True,False,0.0,0.666667,95.0,108.0,10.66,297.0,314.0,80.0,81.4,128.0,"{'sx': 90, 'rz': 82, 'cz': 52, 'rx': 45, 'rzz': 28, 'barrier': 8}",5,5,0,ok,,28.0,32.0,ok,,0.95,0.881565516261,25.0,28.0,0.99,0.987833544029,25.0,28.0,0.99,0.987833544029,25.0,28.0,custom_states,False,False,False,,
cluster2x2,cluster,4,monomial_full,sup013_P102_ph221,True,False,0.0,0.666667,98.0,110.0,9.82,307.0,324.8,80.0,81.4,128.0,"{'rz': 91, 'sx': 90, 'cz': 48, 'rx': 46, 'rzz': 32, 'barrier': 8}",5,5,0,ok,,29.0,32.0,ok,,0.99,0.987833544029,26.0,28.0,0.99,0.987833544029,26.0,28.0,0.99,0.987833544029,26.0,28.0,custom_states,False,False,False,,
cluster2x2,cluster,4,monomial_full,sup013_P102_ph222,True,False,0.0,0.666667,98.0,110.2,9.97,308.0,324.8,80.0,81.4,128.0,"{'rz': 91, 'sx': 90, 'cz': 48, 'rx': 47, 'rzz': 32, 'barrier': 8}",5,5,0,ok,,29.0,32.0,ok,,0.96,0.881565516261,26.0,28.0,0.99,0.987833544029,26.0,28.0,0.99,0.987833544029,26.0,28.0,custom_states,False,False,False,,
cluster2x2,cluster,4,monomial_full,sup013_P120_ph000,True,False,0.0,0.666667,97.0,109.4,10.17,304.0,321.0,80.0,81.4,128.0,"{'sx': 90, 'rz': 83, 'cz': 52, 'rx': 51, 'rzz': 28, 'barrier': 8}",5,5,0,ok,,29.0,32.0,ok,,0.98,0.881565516261,26.0,28.0,0.99,0.987833544029,26.0,28.0,0.99,0.987833544029,26.0,28.0,custom_states,False,False,False,,
cluster2x2,cluster,4,monomial_full,sup013_P120_ph001,True,False,0.0,0.666667,98.0,109.8,9.68,306.0,322.8,80.0,81.4,128.0,"{'sx': 90, 'rz': 85, 'cz': 52, 'rx': 51, 'rzz': 28, 'barrier': 8}",5,5,0,ok,,29.0,32.0,ok,,0.95,0.881565516261,26.0,28.0,0.99,0.987833544029,26.0,28.0,0.99,0.987833544029,26.0,28.0,custom_states,False,False,False,,
cluster2x2,cluster,4,monomial_full,sup013_P120_ph002,True,False,0.0,0.666667,98.0,109.8,9.68,309.0,325.0,80.0,81.4,128.0,"{'sx': 90, 'rz': 86, 'rx': 53, 'cz': 52, 'rzz': 28, 'barrier': 8}",5,5,0,ok,,29.0,32.0,ok,,0.97,0.881565516261,26.0,28.0,0.99,0.987833544029,26.0,28.0,0.99,0.987833544029,26.0,28.0,custom_states,False,False,False,,
cluster2x2,cluster,4,monomial_full,sup013_P120_ph010,True,False,0.0,0.666667,100.0,111.2,9.2,314.0,329.2,80.0,81.4,128.0,"{'rz': 91, 'sx': 90, 'rx': 53, 'cz': 52, 'rzz': 28, 'barrier': 8}",5,5,0,ok,,30.0,32.0,ok,,0.95,0.892898783122,27.0,28.0,0.99,0.987213419679,27.0,28.0,0.99,0.987213419679,27.0,28.0,custom_states,False,False,False,,
cluster2x2,cluster,4,monomial_full,sup013_P120_ph011,True,False,0.0,0.666667,98.0,110.0,9.88,310.0,326.0,80.0,81.4,128.0,"{'sx': 90, 'rz': 88, 'rx': 52, 'cz': 52, 'rzz': 28, 'barrier': 8}",5,5,0,ok,,29.0,32.0,ok,,0.95,0.870787301226,26.0,28.0,0.99,0.985725526491,26.0,28.0,0.99,0.985725526491,26.0,28.0,custom_states,False,False,False,,
cluster2x2,cluster,4,monomial_full,sup013_P120_ph012,True,False,0.0,0.666667,100.0,111.2,9.2,314.0,329.6,80.0,81.4,128.0,"{'rz': 91, 'sx': 90, 'rx': 53, 'cz': 52, 'rzz': 28, 'barrier': 8}",5,5,0,ok,,30.0,32.0,ok,,0.95,0.906123319379,27.0,28.0,0.95,0.906123319379,27.0,28.0,0.99,0.967139880379,27.0,28.0,custom_states,False,False,False,,
cluster2x2,cluster,4,monomial_full,sup013_P120_ph020,True,False,0.0,0.666667,99.0,110.4,9.39,312.0,327.6,80.0,81.4,128.0,"{'rz': 90, 'sx': 90, 'rx': 52, 'cz': 52, 'rzz': 28, 'barrier': 8}",5,5,0,ok,,30.0,32.0,ok,,0.99,0.987833544029,27.0,28.0,0.99,0.987833544029,27.0,28.0,0.99,0.987833544029,27.0,28.0,custom_states,False,False,False,,
cluster2x2,cluster,4,monomial_full,sup013_P120_ph021,True,False,0.0,0.666667,99.0,110.8,9.68,312.0,327.6,80.0,81.4,128.0,"{'sx': 90, 'rz': 89, 'rx': 53, 'cz': 52, 'rzz': 28, 'barrier': 8}",5,5,0,ok,,30.0,32.0,ok,,0.95,0.881565516261,27.0,28.0,0.99,0.987833544029,27.0,28.0,0.99,0.987833544029,27.0,28.0,custom_states,False,False,False,,
cluster2x2,cluster,4,monomial_full,sup013_P120_ph022,True,False,0.0,0.666667,99.0,110.4,9.39,312.0,328.0,80.0,81.4,128.0,"{'rz': 90, 'sx': 90, 'rx': 52, 'cz': 52, 'rzz': 28, 'barrier': 8}",5,5,0,ok,,30.0,32.0,ok,,0.99,0.987833544029,27.0,28.0,0.99,0.987833544029,27.0,28.0,0.99,0.987833544029,27.0,28.0,custom_states,False,False,False,,
cluster2x2,cluster,4,monomial_full,sup013_P120_ph100,True,False,0.0,0.666667,98.0,110.0,9.88,310.0,326.0,80.0,81.4,128.0,"{'sx': 90, 'rz': 88, 'rx': 52, 'cz': 52, 'rzz': 28, 'barrier': 8}",5,5,0,ok,,29.0,32.0,ok,,0.94,0.854255548595,26.0,28.0,0.99,0.978747171057,26.0,28.0,0.99,0.978747171057,26.0,28.0,custom_states,False,False,False,,
cluster2x2,cluster,4,monomial_full,sup013_P120_ph101,True,False,0.0,0.666667,100.0,111.2,9.2,314.0,329.6,80.0,81.4,128.0,"{'rz': 91, 'sx': 90, 'rx': 53, 'cz': 52, 'rzz': 28, 'barrier': 8}",5,5,0,ok,,30.0,32.0,ok,,0.97,0.854881197634,27.0,28.0,0.99,0.980044238759,27.0,28.0,0.99,0.980044238759,27.0,28.0,custom_states,False,False,False,,
cluster2x2,cluster,4,monomial_full,sup013_P120_ph102,True,False,0.0,0.666667,100.0,111.2,9.2,314.0,329.2,80.0,81.4,128.0,"{'rz': 91, 'sx': 90, 'rx': 53, 'cz': 52, 'rzz': 28, 'barrier': 8}",5,5,0,ok,,30.0,32.0,ok,,0.96,0.874719452276,27.0,28.0,0.99,0.986703877224,27.0,28.0,0.99,0.986703877224,27.0,28.0,custom_states,False,False,False,,
cluster2x2,cluster,4,monomial_full,sup013_P120_ph110,True,False,0.0,0.666667,99.0,110.8,9.68,312.0,327.6,80.0,81.4,128.0,"{'sx': 90, 'rz': 89, 'rx': 53, 'cz': 52, 'rzz': 28, 'barrier': 8}",5,5,0,ok,,30.0,32.0,ok,,0.95,0.885093279495,27.0,28.0,0.99,0.987833544029,27.0,28.0,0.99,0.987833544029,27.0,28.0,custom_states,False,False,False,,
cluster2x2,cluster,4,monomial_full,sup013_P120_ph111,True,False,0.0,0.666667,100.0,111.2,9.2,314.0,329.6,80.0,81.4,128.0,"{'rz': 91, 'sx': 90, 'rx': 53, 'cz': 52, 'rzz': 28, 'barrier': 8}",5,5,0,ok,,30.0,32.0,ok,,0.96,0.881565516261,27.0,28.0,0.99,0.987833544029,27.0,28.0,0.99,0.987833544029,27.0,28.0,custom_states,False,False,False,,
cluster2x2,cluster,4,monomial_full,sup013_P120_ph112,True,False,0.0,0.666667,100.0,111.2,9.2,314.0,329.2,80.0,81.4,128.0,"{'rz': 91, 'sx': 90, 'rx': 53, 'cz': 52, 'rzz': 28, 'barrier': 8}",5,5,0,ok,,30.0,32.0,ok,,0.95,0.881565516261,27.0,28.0,0.99,0.987833544029,27.0,28.0,0.99,0.987833544029,27.0,28.0,custom_states,False,False,False,,
cluster2x2,cluster,4,monomial_full,sup013_P120_ph120,True,False,0.0,0.666667,98.0,109.8,9.68,307.0,323.0,80.0,81.4,128.0,"{'sx': 90, 'rz': 84, 'rx': 53, 'cz': 52, 'rzz': 28, 'barrier': 8}",5,5,0,ok,,29.0,32.0,ok,,0.96,0.881565516261,26.0,28.0,0.99,0.987833544029,26.0,28.0,0.99,0.987833544029,26.0,28.0,custom_states,False,False,False,,
cluster2x2,cluster,4,monomial_full,sup013_P120_ph121,True,False,0.0,0.666667,98.0,109.8,9.68,306.0,322.8,80.0,81.4,128.0,"{'sx': 90, 'rz': 85, 'cz': 52, 'rx': 51, 'rzz': 28, 'barrier': 8}",5,5,0,ok,,29.0,32.0,ok,,0.96,0.881565516261,26.0,28.0,0.99,0.987833544029,26.0,28.0,0.99,0.987833544029,26.0,28.0,custom_states,False,False,False,,
cluster2x2,cluster,4,monomial_full,sup013_P120_ph122,True,False,0.0,0.666667,97.0,109.4,10.17,304.0,321.0,80.0,81.4,128.0,"{'sx': 90, 'rz': 83, 'cz': 52, 'rx': 51, 'rzz': 28, 'barrier': 8}",5,5,0,ok,,29.0,32.0,ok,,0.95,0.856635847856,26.0,28.0,0.99,0.987833544029,26.0,28.0,0.99,0.987833544029,26.0,28.0,custom_states,False,False,False,,
cluster2x2,cluster,4,monomial_full,sup013_P120_ph200,True,False,0.0,0.666667,99.0,110.4,9.39,312.0,328.0,80.0,81.4,128.0,"{'rz': 90, 'sx': 90, 'rx': 52, 'cz': 52, 'rzz': 28, 'barrier': 8}",5,5,0,ok,,30.0,32.0,ok,,0.96,0.881565516261,27.0,28.0,0.99,0.987833544029,27.0,28.0,0.99,0.987833544029,27.0,28.0,custom_states,False,False,False,,
cluster2x2,cluster,4,monomial_full,sup013_P120_ph201,True,False,0.0,0.666667,99.0,110.4,9.39,312.0,327.6,80.0,81.4,128.0,"{'rz': 90, 'sx': 90, 'rx': 52, 'cz': 52, 'rzz': 28, 'barrier': 8}",5,5,0,ok,,30.0,32.0,ok,,0.97,0.881565516261,27.0,28.0,0.99,0.987833544029,27.0,28.0,0.99,0.987833544029,27.0,28.0,custom_states,False,False,False,,
cluster2x2,cluster,4,monomial_full,sup013_P120_ph202,True,False,0.0,0.666667,98.0,110.0,9.88,310.0,326.0,80.0,81.4,128.0,"{'sx': 90, 'rz': 88, 'rx': 52, 'cz': 52, 'rzz': 28, 'barrier': 8}",5,5,0,ok,,29.0,32.0,ok,,0.97,0.881565516261,26.0,28.0,0.99,0.987833544029,26.0,28.0,0.99,0.987833544029,26.0,28.0,custom_states,False,False,False,,
cluster2x2,cluster,4,monomial_full,sup013_P120_ph210,True,False,0.0,0.666667,98.0,109.8,9.68,309.0,325.0,80.0,81.4,128.0,"{'sx': 90, 'rz': 86, 'rx': 53, 'cz': 52, 'rzz': 28, 'barrier': 8}",5,5,0,ok,,29.0,32.0,ok,,0.95,0.881565516261,26.0,28.0,0.99,0.987833544029,26.0,28.0,0.99,0.987833544029,26.0,28.0,custom_states,False,False,False,,
cluster2x2,cluster,4,monomial_full,sup013_P120_ph211,True,False,0.0,0.666667,97.0,109.4,10.17,304.0,321.0,80.0,81.4,128.0,"{'sx': 90, 'rz': 83, 'cz': 52, 'rx': 51, 'rzz': 28, 'barrier': 8}",5,5,0,ok,,29.0,32.0,ok,,0.95,0.906001300565,26.0,28.0,0.95,0.906001300565,26.0,28.0,0.99,0.962296096077,26.0,28.0,custom_states,False,False,False,,
cluster2x2,cluster,4,monomial_full,sup013_P120_ph212,True,False,0.0,0.666667,98.0,109.8,9.68,306.0,322.8,80.0,81.4,128.0,"{'sx': 90, 'rz': 85, 'cz': 52, 'rx': 51, 'rzz': 28, 'barrier': 8}",5,5,0,ok,,29.0,32.0,ok,,0.99,0.987833544029,26.0,28.0,0.99,0.987833544029,26.0,28.0,0.99,0.987833544029,26.0,28.0,custom_states,False,False,False,,
cluster2x2,cluster,4,monomial_full,sup013_P120_ph220,True,False,0.0,0.666667,99.0,110.4,9.39,312.0,328.0,80.0,81.4,128.0,"{'rz': 90, 'sx': 90, 'rx': 52, 'cz': 52, 'rzz': 28, 'barrier': 8}",5,5,0,ok,,30.0,32.0,ok,,0.95,0.88722264069,27.0,28.0,0.99,0.988029402686,27.0,28.0,0.99,0.988029402686,27.0,28.0,custom_states,False,False,False,,
cluster2x2,cluster,4,monomial_full,sup013_P120_ph221,True,False,0.0,0.666667,99.0,110.4,9.39,312.0,327.6,80.0,81.4,128.0,"{'rz': 90, 'sx': 90, 'rx': 52, 'cz': 52, 'rzz': 28, 'barrier': 8}",5,5,0,ok,,30.0,32.0,ok,,0.92,0.855762632939,27.0,28.0,0.99,0.946811493659,27.0,28.0,,,,,custom_states,False,False,False,,
cluster2x2,cluster,4,monomial_full,sup013_P120_ph222,True,False,0.0,0.666667,99.0,110.8,9.68,312.0,327.6,80.0,81.4,128.0,"{'sx': 90, 'rz': 89, 'rx': 53, 'cz': 52, 'rzz': 28, 'barrier': 8}",5,5,0,ok,,30.0,32.0,ok,,0.95,0.859169648063,27.0,28.0,0.99,0.987833544029,27.0,28.0,0.99,0.987833544029,27.0,28.0,custom_states,False,False,False,,
cluster2x2,cluster,4,monomial_full,sup013_P201_ph000,True,False,0.0,0.666667,106.0,115.6,7.86,342.0,358.2,84.0,85.4,128.0,"{'rz': 104, 'sx': 90, 'rx': 64, 'cz': 48, 'rzz': 36, 'barrier': 8}",5,5,0,ok,,34.0,36.0,ok,,0.97,0.881565516261,31.0,32.0,0.99,0.987833544029,31.0,32.0,0.99,0.987833544029,31.0,32.0,custom_states,False,False,False,,
cluster2x2,cluster,4,monomial_full,sup013_P201_ph001,True,False,0.0,0.666667,113.0,120.8,6.4,364.0,379.0,88.0,89.4,128.0,"{'rz': 117, 'sx': 90, 'rx': 69, 'cz': 48, 'rzz': 40, 'barrier': 8}",5,5,0,ok,,37.0,40.0,ok,,0.99,0.952306166511,34.0,36.0,0.99,0.952306166511,34.0,36.0,0.99,0.952306166511,34.0,36.0,custom_states,False,False,False,,
cluster2x2,cluster,4,monomial_full,sup013_P201_ph002,True,False,0.0,0.666667,113.0,120.8,6.4,367.0,382.4,88.0,89.4,128.0,"{'rz': 117, 'sx': 90, 'rx': 72, 'cz': 48, 'rzz': 40, 'barrier': 8}",5,5,0,ok,,37.0,40.0,ok,,0.98,0.881565516261,34.0,36.0,0.99,0.987833544029,34.0,36.0,0.99,0.987833544029,34.0,36.0,custom_states,False,False,False,,
cluster2x2,cluster,4,monomial_full,sup013_P201_ph010,True,False,0.0,0.666667,108.0,117.4,7.71,353.0,369.6,84.0,85.4,128.0,"{'rz': 115, 'sx': 90, 'rx': 64, 'cz': 48, 'rzz': 36, 'barrier': 8}",5,5,0,ok,,35.0,36.0,ok,,0.97,0.881565516261,32.0,32.0,0.99,0.987833544029,32.0,32.0,0.99,0.987833544029,32.0,32.0,custom_states,False,False,False,,
cluster2x2,cluster,4,monomial_full,sup013_P201_ph011,True,False,0.0,0.666667,113.0,120.8,6.4,365.0,381.2,88.0,89.4,128.0,"{'rz': 115, 'sx': 90, 'rx': 72, 'cz': 48, 'rzz': 40, 'barrier': 8}",5,5,0,ok,,37.0,40.0,ok,,0.97,0.881565516261,34.0,36.0,0.99,0.987833544029,34.0,36.0,0.99,0.987833544029,34.0,36.0,custom_states,False,False,False,,
cluster2x2,cluster,4,monomial_full,sup013_P201_ph012,True,False,0.0,0.666667,112.0,119.8,6.4,361.0,375.8,88.0,89.4,128.0,"{'rz': 117, 'sx': 90, 'rx': 66, 'cz': 48, 'rzz': 40, 'barrier': 8}",5,5,0,ok,,36.0,40.0,ok,,0.97,0.881565516261,33.0,36.0,0.99,0.987833544029,33.0,36.0,0.99,0.987833544029,33.0,36.0,custom_states,False,False,False,,
cluster2x2,cluster,4,monomial_full,sup013_P201_ph020,True,False,0.0,0.666667,108.0,117.4,7.71,353.0,369.6,84.0,85.4,128.0,"{'rz': 115, 'sx': 90, 'rx': 64, 'cz': 48, 'rzz': 36, 'barrier': 8}",5,5,0,ok,,35.0,36.0,ok,,0.99,0.970853753217,32.0,32.0,0.99,0.970853753217,32.0,32.0,0.99,0.970853753217,32.0,32.0,custom_states,False,False,False,,
cluster2x2,cluster,4,monomial_full,sup013_P201_ph021,True,False,0.0,0.666667,113.0,120.6,6.28,364.0,378.4,88.0,89.4,128.0,"{'rz': 114, 'sx': 90, 'rx': 72, 'cz': 48, 'rzz': 40, 'barrier': 8}",5,5,0,ok,,37.0,40.0,ok,,0.97,0.881565516261,34.0,36.0,0.99,0.987833544029,34.0,36.0,0.99,0.987833544029,34.0,36.0,custom_states,False,False,False,,
cluster2x2,cluster,4,monomial_full,sup013_P201_ph022,True,False,0.0,0.666667,113.0,120.8,6.4,367.0,382.6,88.0,89.4,128.0,"{'rz': 117, 'sx': 90, 'rx': 72, 'cz': 48, 'rzz': 40, 'barrier': 8}",5,5,0,ok,,37.0,40.0,ok,,0.95,0.979188837561,34.0,36.0,0.95,0.979188837561,34.0,36.0,0.95,0.979188837561,34.0,36.0,custom_states,False,False,False,,
cluster2x2,cluster,4,monomial_full,sup013_P201_ph100,True,False,0.0,0.666667,112.0,119.8,6.4,361.0,375.8,88.0,89.4,128.0,"{'rz': 117, 'sx': 90, 'rx': 66, 'cz': 48, 'rzz': 40, 'barrier': 8}",5,5,0,ok,,36.0,40.0,ok,,0.95,0.893692283234,33.0,36.0,0.99,0.986985877505,33.0,36.0,0.99,0.986985877505,33.0,36.0,custom_states,False,False,False,,
cluster2x2,cluster,4,monomial_full,sup013_P201_ph101,True,False,0.0,0.666667,112.0,119.8,6.4,361.0,375.8,88.0,89.4,128.0,"{'rz': 117, 'sx': 90, 'rx': 66, 'cz': 48, 'rzz': 40, 'barrier': 8}",5,5,0,ok,,36.0,40.0,ok,,0.97,0.881565516261,33.0,36.0,0.99,0.987833544029,33.0,36.0,0.99,0.987833544029,33.0,36.0,custom_states,False,False,False,,
cluster2x2,cluster,4,monomial_full,sup013_P201_ph102,True,False,0.0,0.666667,108.0,117.4,7.71,351.0,368.2,84.0,85.4,128.0,"{'rz': 113, 'sx': 90, 'rx': 64, 'cz': 48, 'rzz': 36, 'barrier': 8}",5,5,0,ok,,35.0,36.0,ok,,0.95,0.881565516261,32.0,32.0,0.99,0.987833544029,32.0,32.0,0.99,0.987833544029,32.0,32.0,custom_states,False,False,False,,
cluster2x2,cluster,4,monomial_full,sup013_P201_ph110,True,False,0.0,0.666667,113.0,120.6,6.28,367.0,380.2,88.0,89.4,128.0,"{'rz': 117, 'sx': 90, 'rx': 72, 'cz': 48, 'rzz': 40, 'barrier': 8}",5,5,0,ok,,37.0,40.0,ok,,0.98,0.881565516261,34.0,36.0,0.99,0.987833544029,34.0,36.0,0.99,0.987833544029,34.0,36.0,custom_states,False,False,False,,
cluster2x2,cluster,4,monomial_full,sup013_P201_ph111,True,False,0.0,0.666667,113.0,120.8,6.4,367.0,382.4,88.0,89.4,128.0,"{'rz': 117, 'sx': 90, 'rx': 72, 'cz': 48, 'rzz': 40, 'barrier': 8}",5,5,0,ok,,37.0,40.0,ok,,0.99,0.987833544029,34.0,36.0,0.99,0.987833544029,34.0,36.0,0.99,0.987833544029,34.0,36.0,custom_states,False,False,False,,
cluster2x2,cluster,4,monomial_full,sup013_P201_ph112,True,False,0.0,0.666667,108.0,117.4,7.71,353.0,369.6,84.0,85.4,128.0,"{'rz': 115, 'sx': 90, 'rx': 64, 'cz': 48, 'rzz': 36, 'barrier': 8}",5,5,0,ok,,35.0,36.0,ok,,0.95,0.881565516261,32.0,32.0,0.99,0.987833544029,32.0,32.0,0.99,0.987833544029,32.0,32.0,custom_states,False,False,False,,
cluster2x2,cluster,4,monomial_full,sup013_P201_ph120,True,False,0.0,0.666667,112.0,119.8,6.4,359.0,374.4,88.0,89.4,128.0,"{'rz': 115, 'sx': 90, 'rx': 66, 'cz': 48, 'rzz': 40, 'barrier': 8}",5,5,0,ok,,36.0,40.0,ok,,0.96,0.881565516261,33.0,36.0,0.99,0.987833544029,33.0,36.0,0.99,0.987833544029,33.0,36.0,custom_states,False,False,False,,
cluster2x2,cluster,4,monomial_full,sup013_P201_ph121,True,False,0.0,0.666667,113.0,120.8,6.4,367.0,382.6,88.0,89.4,128.0,"{'rz': 117, 'sx': 90, 'rx': 72, 'cz': 48, 'rzz': 40, 'barrier': 8}",5,5,0,ok,,37.0,40.0,ok,,0.99,0.985558913938,34.0,36.0,0.99,0.985558913938,34.0,36.0,0.99,0.985558913938,34.0,36.0,custom_states,False,False,False,,
cluster2x2,cluster,4,monomial_full,sup013_P201_ph122,True,False,0.0,0.666667,108.0,117.4,7.71,353.0,369.6,84.0,85.4,128.0,"{'rz': 115, 'sx': 90, 'rx': 64, 'cz': 48, 'rzz': 36, 'barrier': 8}",5,5,0,ok,,35.0,36.0,ok,,0.97,0.881565516261,32.0,32.0,0.99,0.987833544029,32.0,32.0,0.99,0.987833544029,32.0,32.0,custom_states,False,False,False,,
cluster2x2,cluster,4,monomial_full,sup013_P201_ph200,True,False,0.0,0.666667,113.0,120.8,6.4,367.0,382.4,88.0,89.4,128.0,"{'rz': 117, 'sx': 90, 'rx': 72, 'cz': 48, 'rzz': 40, 'barrier': 8}",5,5,0,ok,,37.0,40.0,ok,,0.99,0.956011113245,34.0,36.0,0.99,0.956011113245,34.0,36.0,0.99,0.956011113245,34.0,36.0,custom_states,False,False,False,,
cluster2x2,cluster,4,monomial_full,sup013_P201_ph201,True,False,0.0,0.666667,108.0,117.4,7.71,351.0,368.2,84.0,85.4,128.0,"{'rz': 113, 'sx': 90, 'rx': 64, 'cz': 48, 'rzz': 36, 'barrier': 8}",5,5,0,ok,,35.0,36.0,ok,,0.96,0.881565516261,32.0,32.0,0.99,0.987833544029,32.0,32.0,0.99,0.987833544029,32.0,32.0,custom_states,False,False,False,,
cluster2x2,cluster,4,monomial_full,sup013_P201_ph202,True,False,0.0,0.666667,113.0,120.6,6.28,367.0,380.0,88.0,89.4,128.0,"{'rz': 117, 'sx': 90, 'rx': 72, 'cz': 48, 'rzz': 40, 'barrier': 8}",5,5,0,ok,,37.0,40.0,ok,,0.98,0.881565516261,34.0,36.0,0.99,0.987833544029,34.0,36.0,0.99,0.987833544029,34.0,36.0,custom_states,False,False,False,,
cluster2x2,cluster,4,monomial_full,sup013_P201_ph210,True,False,0.0,0.666667,112.0,120.2,6.71,361.0,378.0,88.0,89.4,128.0,"{'rz': 117, 'sx': 90, 'rx': 66, 'cz': 48, 'rzz': 40, 'barrier': 8}",5,5,0,ok,,36.0,40.0,ok,,0.97,0.881565516261,33.0,36.0,0.99,0.987833544029,33.0,36.0,0.99,0.987833544029,33.0,36.0,custom_states,False,False,False,,
cluster2x2,cluster,4,monomial_full,sup013_P201_ph211,True,False,0.0,0.666667,108.0,117.4,7.71,353.0,369.6,84.0,85.4,128.0,"{'rz': 115, 'sx': 90, 'rx': 64, 'cz': 48, 'rzz': 36, 'barrier': 8}",5,5,0,ok,,35.0,36.0,ok,,0.95,0.915463415365,31.0,32.0,0.95,0.915463415365,31.0,32.0,0.99,0.978345036373,32.0,32.0,custom_states,False,False,False,,
cluster2x2,cluster,4,monomial_full,sup013_P201_ph212,True,False,0.0,0.666667,113.0,120.8,6.4,364.0,380.2,88.0,89.4,128.0,"{'rz': 117, 'sx': 90, 'rx': 69, 'cz': 48, 'rzz': 40, 'barrier': 8}",5,5,0,ok,,37.0,40.0,ok,,0.95,0.881565516261,34.0,36.0,0.99,0.987833544029,34.0,36.0,0.99,0.987833544029,34.0,36.0,custom_states,False,False,False,,
cluster2x2,cluster,4,monomial_full,sup013_P201_ph220,True,False,0.0,0.666667,113.0,120.6,6.28,367.0,380.0,88.0,89.4,128.0,"{'rz': 117, 'sx': 90, 'rx': 72, 'cz': 48, 'rzz': 40, 'barrier': 8}",5,5,0,ok,,37.0,40.0,ok,,0.97,0.881565516261,34.0,36.0,0.99,0.987833544029,34.0,36.0,0.99,0.987833544029,34.0,36.0,custom_states,False,False,False,,
cluster2x2,cluster,4,monomial_full,sup013_P201_ph221,True,False,0.0,0.666667,108.0,117.4,7.71,347.0,364.2,84.0,85.4,128.0,"{'rz': 110, 'sx': 90, 'rx': 63, 'cz': 48, 'rzz': 36, 'barrier': 8}",5,5,0,ok,,35.0,36.0,ok,,0.95,0.881565516261,31.0,32.0,0.99,0.987833544029,32.0,32.0,0.99,0.987833544029,32.0,32.0,custom_states,False,False,False,,
cluster2x2,cluster,4,monomial_full,sup013_P201_ph222,True,False,0.0,0.666667,113.0,120.6,6.28,365.0,378.6,88.0,89.4,128.0,"{'rz': 115, 'sx': 90, 'rx': 72, 'cz': 48, 'rzz': 40, 'barrier': 8}",5,5,0,ok,,37.0,40.0,ok,,0.97,0.881565516261,34.0,36.0,0.99,0.987833544029,34.0,36.0,0.99,0.987833544029,34.0,36.0,custom_states,False,False,False,,
cluster2x2,cluster,4,monomial_full,sup013_P210_ph000,True,False,0.0,0.666667,105.0,114.6,7.86,331.0,349.2,84.0,85.4,128.0,"{'rz': 100, 'sx': 90, 'rx': 57, 'cz': 48, 'rzz': 36, 'barrier': 8}",5,5,0,ok,,34.0,36.0,ok,,0.97,0.881565516261,31.0,32.0,0.99,0.987833544029,31.0,32.0,0.99,0.987833544029,31.0,32.0,custom_states,False,False,False,,
cluster2x2,cluster,4,monomial_full,sup013_P210_ph001,True,False,0.0,0.666667,107.0,116.4,7.68,338.0,353.2,84.0,85.4,128.0,"{'rz': 103, 'sx': 90, 'rx': 61, 'cz': 48, 'rzz': 36, 'barrier': 8}",5,5,0,ok,,35.0,36.0,ok,,0.97,0.881565516261,32.0,32.0,0.99,0.987833544029,32.0,32.0,0.99,0.987833544029,32.0,32.0,custom_states,False,False,False,,
cluster2x2,cluster,4,monomial_full,sup013_P210_ph002,True,False,0.0,0.666667,107.0,116.4,7.68,337.0,355.8,84.0,85.4,128.0,"{'rz': 105, 'sx': 90, 'rx': 58, 'cz': 48, 'rzz': 36, 'barrier': 8}",5,5,0,ok,,35.0,36.0,ok,,0.96,0.881565516261,32.0,32.0,0.99,0.987833544029,32.0,32.0,0.99,0.987833544029,32.0,32.0,custom_states,False,False,False,,
cluster2x2,cluster,4,monomial_full,sup013_P210_ph010,True,False,0.0,0.666667,108.0,116.8,7.19,340.0,356.8,84.0,85.4,128.0,"{'rz': 108, 'sx': 90, 'rx': 58, 'cz': 48, 'rzz': 36, 'barrier': 8}",5,5,0,ok,,35.0,36.0,ok,,0.96,0.881565516261,32.0,32.0,0.99,0.987833544029,32.0,32.0,0.99,0.987833544029,32.0,32.0,custom_states,False,False,False,,
cluster2x2,cluster,4,monomial_full,sup013_P210_ph011,True,False,0.0,0.666667,108.0,116.8,7.19,343.0,358.6,84.0,85.4,128.0,"{'rz': 108, 'sx': 90, 'rx': 61, 'cz': 48, 'rzz': 36, 'barrier': 8}",5,5,0,ok,,35.0,36.0,ok,,0.97,0.900218680928,31.0,32.0,0.97,0.900218680928,31.0,32.0,0.99,0.983298263331,31.0,32.0,custom_states,False,False,False,,
cluster2x2,cluster,4,monomial_full,sup013_P210_ph012,True,False,0.0,0.666667,108.0,116.6,7.03,340.0,357.8,84.0,85.4,128.0,"{'rz': 105, 'sx': 90, 'rx': 61, 'cz': 48, 'rzz': 36, 'barrier': 8}",5,5,0,ok,,35.0,36.0,ok,,0.97,0.881565516261,32.0,32.0,0.99,0.987833544029,32.0,32.0,0.99,0.987833544029,32.0,32.0,custom_states,False,False,False,,
cluster2x2,cluster,4,monomial_full,sup013_P210_ph020,True,False,0.0,0.666667,107.0,116.4,7.68,341.0,358.4,84.0,85.4,128.0,"{'rz': 106, 'sx': 90, 'rx': 61, 'cz': 48, 'rzz': 36, 'barrier': 8}",5,5,0,ok,,35.0,36.0,ok,,0.95,0.876918599891,32.0,32.0,0.99,0.987833544029,32.0,32.0,0.99,0.987833544029,32.0,32.0,custom_states,False,False,False,,
cluster2x2,cluster,4,monomial_full,sup013_P210_ph021,True,False,0.0,0.666667,108.0,116.6,7.03,340.0,357.8,84.0,85.4,128.0,"{'rz': 105, 'sx': 90, 'rx': 61, 'cz': 48, 'rzz': 36, 'barrier': 8}",5,5,0,ok,,35.0,36.0,ok,,0.95,0.961126856215,31.0,32.0,0.95,0.961126856215,31.0,32.0,0.95,0.961126856215,31.0,32.0,custom_states,False,False,False,,
cluster2x2,cluster,4,monomial_full,sup013_P210_ph022,True,False,0.0,0.666667,108.0,116.8,7.19,340.0,357.0,84.0,85.4,128.0,"{'rz': 108, 'sx': 90, 'rx': 58, 'cz': 48, 'rzz': 36, 'barrier': 8}",5,5,0,ok,,35.0,36.0,ok,,0.97,0.881565516261,32.0,32.0,0.99,0.987833544029,32.0,32.0,0.99,0.987833544029,32.0,32.0,custom_states,False,False,False,,
cluster2x2,cluster,4,monomial_full,sup013_P210_ph100,True,False,0.0,0.666667,108.0,116.8,7.19,339.0,355.4,84.0,85.4,128.0,"{'rz': 107, 'sx': 90, 'rx': 58, 'cz': 48, 'rzz': 36, 'barrier': 8}",5,5,0,ok,,35.0,36.0,ok,,0.99,0.987833544029,32.0,32.0,0.99,0.987833544029,32.0,32.0,0.99,0.987833544029,32.0,32.0,custom_states,False,False,False,,
cluster2x2,cluster,4,monomial_full,sup013_P210_ph101,True,False,0.0,0.666667,107.0,116.4,7.68,341.0,357.2,84.0,85.4,128.0,"{'rz': 106, 'sx': 90, 'rx': 61, 'cz': 48, 'rzz': 36, 'barrier': 8}",5,5,0,ok,,35.0,36.0,ok,,0.97,0.881565516261,32.0,32.0,0.99,0.987833544029,32.0,32.0,0.99,0.987833544029,32.0,32.0,custom_states,False,False,False,,
cluster2x2,cluster,4,monomial_full,sup013_P210_ph102,True,False,0.0,0.666667,108.0,116.8,7.19,343.0,358.6,84.0,85.4,128.0,"{'rz': 108, 'sx': 90, 'rx': 61, 'cz': 48, 'rzz': 36, 'barrier': 8}",5,5,0,ok,,35.0,36.0,ok,,0.97,0.881565516261,32.0,32.0,0.99,0.987833544029,32.0,32.0,0.99,0.987833544029,32.0,32.0,custom_states,False,False,False,,
cluster2x2,cluster,4,monomial_full,sup013_P210_ph110,True,False,0.0,0.666667,108.0,116.8,7.19,337.0,354.0,84.0,85.4,128.0,"{'rz': 105, 'sx': 90, 'rx': 58, 'cz': 48, 'rzz': 36, 'barrier': 8}",5,5,0,ok,,35.0,36.0,ok,,0.97,0.881565516261,32.0,32.0,0.99,0.987833544029,32.0,32.0,0.99,0.987833544029,32.0,32.0,custom_states,False,False,False,,
cluster2x2,cluster,4,monomial_full,sup013_P210_ph111,True,False,0.0,0.666667,108.0,116.8,7.19,336.0,353.6,84.0,85.4,128.0,"{'rz': 104, 'sx': 90, 'rx': 58, 'cz': 48, 'rzz': 36, 'barrier': 8}",5,5,0,ok,,35.0,36.0,ok,,0.97,0.881565516261,31.0,32.0,0.99,0.987833544029,31.0,32.0,0.99,0.987833544029,31.0,32.0,custom_states,False,False,False,,
cluster2x2,cluster,4,monomial_full,sup013_P210_ph112,True,False,0.0,0.666667,105.0,115.0,8.17,337.0,352.6,84.0,85.4,128.0,"{'rz': 103, 'sx': 90, 'rx': 60, 'cz': 48, 'rzz': 36, 'barrier': 8}",5,5,0,ok,,33.0,36.0,ok,,0.97,0.881565516261,30.0,32.0,0.99,0.987833544029,30.0,32.0,0.99,0.987833544029,30.0,32.0,custom_states,False,False,False,,
cluster2x2,cluster,4,monomial_full,sup013_P210_ph120,True,False,0.0,0.666667,108.0,116.6,7.06,340.0,355.6,84.0,85.4,128.0,"{'rz': 108, 'sx': 90, 'rx': 58, 'cz': 48, 'rzz': 36, 'barrier': 8}",5,5,0,ok,,35.0,36.0,ok,,0.95,0.881565516261,30.0,32.0,0.99,0.987833544029,32.0,32.0,0.99,0.987833544029,32.0,32.0,custom_states,False,False,False,,
cluster2x2,cluster,4,monomial_full,sup013_P210_ph121,True,False,0.0,0.666667,108.0,116.8,7.19,339.0,355.6,84.0,85.4,128.0,"{'rz': 107, 'sx': 90, 'rx': 58, 'cz': 48, 'rzz': 36, 'barrier': 8}",5,5,0,ok,,35.0,36.0,ok,,0.97,0.881565516261,32.0,32.0,0.99,0.987833544029,32.0,32.0,0.99,0.987833544029,32.0,32.0,custom_states,False,False,False,,
cluster2x2,cluster,4,monomial_full,sup013_P210_ph122,True,False,0.0,0.666667,108.0,116.8,7.19,340.0,357.6,84.0,85.4,128.0,"{'rz': 108, 'sx': 90, 'rx': 58, 'cz': 48, 'rzz': 36, 'barrier': 8}",5,5,0,ok,,35.0,36.0,ok,,0.98,0.881565516261,32.0,32.0,0.99,0.987833544029,32.0,32.0,0.99,0.987833544029,32.0,32.0,custom_states,False,False,False,,
cluster2x2,cluster,4,monomial_full,sup013_P210_ph200,True,False,0.0,0.666667,108.0,116.8,7.19,340.0,357.6,84.0,85.4,128.0,"{'rz': 108, 'sx': 90, 'rx': 58, 'cz': 48, 'rzz': 36, 'barrier': 8}",5,5,0,ok,,35.0,36.0,ok,,0.97,0.881565516261,32.0,32.0,0.99,0.987833544029,32.0,32.0,0.99,0.987833544029,32.0,32.0,custom_states,False,False,False,,
cluster2x2,cluster,4,monomial_full,sup013_P210_ph201,True,False,0.0,0.666667,108.0,116.6,7.06,343.0,359.0,84.0,85.4,128.0,"{'rz': 108, 'sx': 90, 'rx': 61, 'cz': 48, 'rzz': 36, 'barrier': 8}",5,5,0,ok,,35.0,36.0,ok,,0.96,0.881565516261,32.0,32.0,0.99,0.987833544029,32.0,32.0,0.99,0.987833544029,32.0,32.0,custom_states,False,False,False,,
cluster2x2,cluster,4,monomial_full,sup013_P210_ph202,True,False,0.0,0.666667,108.0,116.8,7.19,339.0,355.6,84.0,85.4,128.0,"{'rz': 107, 'sx': 90, 'rx': 58, 'cz': 48, 'rzz': 36, 'barrier': 8}",5,5,0,ok,,35.0,36.0,ok,,0.97,0.881565516261,32.0,32.0,0.99,0.987833544029,32.0,32.0,0.99,0.987833544029,32.0,32.0,custom_states,False,False,False,,
cluster2x2,cluster,4,monomial_full,sup013_P210_ph210,True,False,0.0,0.666667,108.0,116.4,6.89,340.0,355.8,84.0,85.4,128.0,"{'rz': 105, 'sx': 90, 'rx': 61, 'cz': 48, 'rzz': 36, 'barrier': 8}",5,5,0,ok,,35.0,36.0,ok,,0.97,0.881565516261,32.0,32.0,0.99,0.987833544029,32.0,32.0,0.99,0.987833544029,32.0,32.0,custom_states,False,False,False,,
cluster2x2,cluster,4,monomial_full,sup013_P210_ph211,True,False,0.0,0.666667,107.0,116.4,7.68,340.0,356.2,84.0,85.4,128.0,"{'rz': 105, 'sx': 90, 'rx': 61, 'cz': 48, 'rzz': 36, 'barrier': 8}",5,5,0,ok,,34.0,36.0,ok,,0.97,0.881565516261,31.0,32.0,0.99,0.987833544029,31.0,32.0,0.99,0.987833544029,31.0,32.0,custom_states,False,False,False,,
cluster2x2,cluster,4,monomial_full,sup013_P210_ph212,True,False,0.0,0.666667,108.0,116.8,7.19,343.0,359.8,84.0,85.4,128.0,"{'rz': 108, 'sx': 90, 'rx': 61, 'cz': 48, 'rzz': 36, 'barrier': 8}",5,5,0,ok,,35.0,36.0,ok,,0.97,0.881565516261,32.0,32.0,0.99,0.987833544029,32.0,32.0,0.99,0.987833544029,32.0,32.0,custom_states,False,False,False,,
cluster2x2,cluster,4,monomial_full,sup013_P210_ph220,True,False,0.0,0.666667,107.0,116.4,7.68,339.0,355.6,84.0,85.4,128.0,"{'rz': 104, 'sx': 90, 'rx': 61, 'cz': 48, 'rzz': 36, 'barrier': 8}",5,5,0,ok,,35.0,36.0,ok,,0.99,0.987833544029,32.0,32.0,0.99,0.987833544029,32.0,32.0,0.99,0.987833544029,32.0,32.0,custom_states,False,False,False,,
cluster2x2,cluster,4,monomial_full,sup013_P210_ph221,True,False,0.0,0.666667,108.0,116.8,7.19,336.0,353.8,84.0,85.4,128.0,"{'rz': 104, 'sx': 90, 'rx': 58, 'cz': 48, 'rzz': 36, 'barrier': 8}",5,5,0,ok,,35.0,36.0,ok,,0.98,0.881565516261,32.0,32.0,0.99,0.987833544029,32.0,32.0,0.99,0.987833544029,32.0,32.0,custom_states,False,False,False,,
cluster2x2,cluster,4,monomial_full,sup013_P210_ph222,True,False,0.0,0.666667,108.0,116.6,7.06,337.0,353.4,84.0,85.4,128.0,"{'rz': 105, 'sx': 90, 'rx': 58, 'cz': 48, 'rzz': 36, 'barrier': 8}",5,5,0,ok,,35.0,36.0,ok,,0.97,0.881565516261,32.0,32.0,0.99,0.987833544029,32.0,32.0,0.99,0.987833544029,32.0,32.0,custom_states,False,False,False,,
cluster2x2,cluster,4,monomial_full,sup023_P012_ph000,True,False,0.0,0.666667,105.0,114.6,7.86,333.0,349.8,84.0,85.4,128.0,"{'rz': 99, 'sx': 90, 'rx': 60, 'cz': 48, 'rzz': 36, 'barrier': 8}",5,5,0,ok,,34.0,36.0,ok,,0.97,0.881565516261,31.0,32.0,0.99,0.987833544029,31.0,32.0,0.99,0.987833544029,31.0,32.0,custom_states,False,False,False,,
cluster2x2,cluster,4,monomial_full,sup023_P012_ph001,True,False,0.0,0.666667,108.0,116.8,7.19,342.0,358.8,84.0,85.4,128.0,"{'rz': 107, 'sx': 90, 'rx': 61, 'cz': 48, 'rzz': 36, 'barrier': 8}",5,5,0,ok,,35.0,36.0,ok,,0.97,0.899848527184,31.0,32.0,0.99,0.987833544029,32.0,32.0,0.99,0.987833544029,32.0,32.0,custom_states,False,False,False,,
cluster2x2,cluster,4,monomial_full,sup023_P012_ph002,True,False,0.0,0.666667,108.0,116.8,7.19,343.0,358.6,84.0,85.4,128.0,"{'rz': 108, 'sx': 90, 'rx': 61, 'cz': 48, 'rzz': 36, 'barrier': 8}",5,5,0,ok,,35.0,36.0,ok,,0.97,0.905587030375,32.0,32.0,0.97,0.905587030375,32.0,32.0,0.99,0.958288285832,32.0,32.0,custom_states,False,False,False,,
cluster2x2,cluster,4,monomial_full,sup023_P012_ph010,True,False,0.0,0.666667,108.0,116.6,7.06,340.0,355.6,84.0,85.4,128.0,"{'rz': 108, 'sx': 90, 'rx': 58, 'cz': 48, 'rzz': 36, 'barrier': 8}",5,5,0,ok,,35.0,36.0,ok,,0.97,0.896019626323,32.0,32.0,0.99,0.986099151977,32.0,32.0,0.99,0.986099151977,32.0,32.0,custom_states,False,False,False,,
cluster2x2,cluster,4,monomial_full,sup023_P012_ph011,True,False,0.0,0.666667,108.0,116.8,7.19,339.0,356.4,84.0,85.4,128.0,"{'rz': 107, 'sx': 90, 'rx': 58, 'cz': 48, 'rzz': 36, 'barrier': 8}",5,5,0,ok,,35.0,36.0,ok,,0.97,0.881565516261,32.0,32.0,0.99,0.987833544029,32.0,32.0,0.99,0.987833544029,32.0,32.0,custom_states,False,False,False,,
cluster2x2,cluster,4,monomial_full,sup023_P012_ph012,True,False,0.0,0.666667,108.0,116.8,7.19,336.0,353.6,84.0,85.4,128.0,"{'rz': 104, 'sx': 90, 'rx': 58, 'cz': 48, 'rzz': 36, 'barrier': 8}",5,5,0,ok,,35.0,36.0,ok,,0.95,0.881565516261,32.0,32.0,0.99,0.987833544029,32.0,32.0,0.99,0.987833544029,32.0,32.0,custom_states,False,False,False,,
cluster2x2,cluster,4,monomial_full,sup023_P012_ph020,True,False,0.0,0.666667,108.0,116.8,7.19,340.0,357.6,84.0,85.4,128.0,"{'rz': 108, 'sx': 90, 'rx': 58, 'cz': 48, 'rzz': 36, 'barrier': 8}",5,5,0,ok,,35.0,36.0,ok,,0.97,0.881565516261,32.0,32.0,0.99,0.987833544029,32.0,32.0,0.99,0.987833544029,32.0,32.0,custom_states,False,False,False,,
cluster2x2,cluster,4,monomial_full,sup023_P012_ph021,True,False,0.0,0.666667,108.0,116.8,7.19,335.0,353.2,84.0,85.4,128.0,"{'rz': 103, 'sx': 90, 'rx': 58, 'cz': 48, 'rzz': 36, 'barrier': 8}",5,5,0,ok,,35.0,36.0,ok,,0.99,0.987833544029,32.0,32.0,0.99,0.987833544029,32.0,32.0,0.99,0.987833544029,32.0,32.0,custom_states,False,False,False,,
cluster2x2,cluster,4,monomial_full,sup023_P012_ph022,True,False,0.0,0.666667,108.0,116.8,7.19,343.0,358.6,84.0,85.4,128.0,"{'rz': 108, 'sx': 90, 'rx': 61, 'cz': 48, 'rzz': 36, 'barrier': 8}",5,5,0,ok,,35.0,36.0,ok,,0.92,0.855738673908,32.0,32.0,0.99,0.946673107426,32.0,32.0,,,,,custom_states,False,False,False,,
cluster2x2,cluster,4,monomial_full,sup023_P012_ph100,True,False,0.0,0.666667,108.0,116.8,7.19,340.0,357.6,84.0,85.4,128.0,"{'rz': 108, 'sx': 90, 'rx': 58, 'cz': 48, 'rzz': 36, 'barrier': 8}",5,5,0,ok,,35.0,36.0,ok,,0.97,0.881565516261,32.0,32.0,0.99,0.987833544029,32.0,32.0,0.99,0.987833544029,32.0,32.0,custom_states,False,False,False,,
cluster2x2,cluster,4,monomial_full,sup023_P012_ph101,True,False,0.0,0.666667,108.0,116.8,7.19,343.0,358.6,84.0,85.4,128.0,"{'rz': 108, 'sx': 90, 'rx': 61, 'cz': 48, 'rzz': 36, 'barrier': 8}",5,5,0,ok,,35.0,36.0,ok,,0.95,0.881565516261,32.0,32.0,0.99,0.987833544029,32.0,32.0,0.99,0.987833544029,32.0,32.0,custom_states,False,False,False,,
cluster2x2,cluster,4,monomial_full,sup023_P012_ph102,True,False,0.0,0.666667,108.0,116.8,7.19,338.0,353.8,84.0,85.4,128.0,"{'rz': 103, 'sx': 90, 'rx': 61, 'cz': 48, 'rzz': 36, 'barrier': 8}",5,5,0,ok,,35.0,36.0,ok,,0.99,0.987833544029,32.0,32.0,0.99,0.987833544029,32.0,32.0,0.99,0.987833544029,32.0,32.0,custom_states,False,False,False,,
cluster2x2,cluster,4,monomial_full,sup023_P012_ph110,True,False,0.0,0.666667,108.0,116.8,7.19,340.0,357.6,84.0,85.4,128.0,"{'rz': 108, 'sx': 90, 'rx': 58, 'cz': 48, 'rzz': 36, 'barrier': 8}",5,5,0,ok,,35.0,36.0,ok,,0.95,0.899848527184,31.0,32.0,0.99,0.987833544029,31.0,32.0,0.99,0.987833544029,31.0,32.0,custom_states,False,False,False,,
cluster2x2,cluster,4,monomial_full,sup023_P012_ph111,True,False,0.0,0.666667,108.0,116.4,6.89,336.0,354.2,84.0,85.4,128.0,"{'rz': 104, 'sx': 90, 'rx': 58, 'cz': 48, 'rzz': 36, 'barrier': 8}",5,5,0,ok,,35.0,36.0,ok,,0.97,0.881565516261,31.0,32.0,0.99,0.987833544029,31.0,32.0,0.99,0.987833544029,31.0,32.0,custom_states,False,False,False,,
cluster2x2,cluster,4,monomial_full,sup023_P012_ph112,True,False,0.0,0.666667,108.0,116.8,7.19,343.0,359.6,84.0,85.4,128.0,"{'rz': 108, 'sx': 90, 'rx': 61, 'cz': 48, 'rzz': 36, 'barrier': 8}",5,5,0,ok,,35.0,36.0,ok,,0.97,0.881565516261,32.0,32.0,0.99,0.987833544029,32.0,32.0,0.99,0.987833544029,32.0,32.0,custom_states,False,False,False,,
cluster2x2,cluster,4,monomial_full,sup023_P012_ph120,True,False,0.0,0.666667,108.0,116.8,7.19,340.0,355.2,84.0,85.4,128.0,"{'rz': 108, 'sx': 90, 'rx': 58, 'cz': 48, 'rzz': 36, 'barrier': 8}",5,5,0,ok,,35.0,36.0,ok,,0.98,0.881565516261,32.0,32.0,0.99,0.987833544029,32.0,32.0,0.99,0.987833544029,32.0,32.0,custom_states,False,False,False,,
cluster2x2,cluster,4,monomial_full,sup023_P012_ph121,True,False,0.0,0.666667,108.0,116.6,7.03,337.0,354.4,84.0,85.4,128.0,"{'rz': 105, 'sx': 90, 'rx': 58, 'cz': 48, 'rzz': 36, 'barrier': 8}",5,5,0,ok,,35.0,36.0,ok,,0.97,0.881565516261,32.0,32.0,0.99,0.987833544029,32.0,32.0,0.99,0.987833544029,32.0,32.0,custom_states,False,False,False,,
cluster2x2,cluster,4,monomial_full,sup023_P012_ph122,True,False,0.0,0.666667,108.0,116.8,7.19,342.0,359.0,84.0,85.4,128.0,"{'rz': 107, 'sx': 90, 'rx': 61, 'cz': 48, 'rzz': 36, 'barrier': 8}",5,5,0,ok,,35.0,36.0,ok,,0.98,0.881565516261,32.0,32.0,0.99,0.987833544029,32.0,32.0,0.99,0.987833544029,32.0,32.0,custom_states,False,False,False,,
cluster2x2,cluster,4,monomial_full,sup023_P012_ph200,True,False,0.0,0.666667,108.0,116.8,7.19,342.0,357.4,84.0,85.4,128.0,"{'rz': 107, 'sx': 90, 'rx': 61, 'cz': 48, 'rzz': 36, 'barrier': 8}",5,5,0,ok,,35.0,36.0,ok,,0.97,0.899848527184,31.0,32.0,0.99,0.987833544029,32.0,32.0,0.99,0.987833544029,32.0,32.0,custom_states,False,False,False,,
cluster2x2,cluster,4,monomial_full,sup023_P012_ph201,True,False,0.0,0.666667,108.0,116.8,7.19,340.0,357.4,84.0,85.4,128.0,"{'rz': 108, 'sx': 90, 'rx': 58, 'cz': 48, 'rzz': 36, 'barrier': 8}",5,5,0,ok,,35.0,36.0,ok,,0.97,0.881565516261,32.0,32.0,0.99,0.987833544029,32.0,32.0,0.99,0.987833544029,32.0,32.0,custom_states,False,False,False,,
cluster2x2,cluster,4,monomial_full,sup023_P012_ph202,True,False,0.0,0.666667,108.0,116.6,7.03,337.0,354.4,84.0,85.4,128.0,"{'rz': 105, 'sx': 90, 'rx': 58, 'cz': 48, 'rzz': 36, 'barrier': 8}",5,5,0,ok,,35.0,36.0,ok,,0.95,0.967364800501,32.0,32.0,0.95,0.967364800501,32.0,32.0,0.95,0.967364800501,32.0,32.0,custom_states,False,False,False,,
cluster2x2,cluster,4,monomial_full,sup023_P012_ph210,True,False,0.0,0.666667,108.0,116.8,7.19,338.0,353.8,84.0,85.4,128.0,"{'rz': 103, 'sx': 90, 'rx': 61, 'cz': 48, 'rzz': 36, 'barrier': 8}",5,5,0,ok,,35.0,36.0,ok,,0.97,0.881565516261,32.0,32.0,0.99,0.987833544029,32.0,32.0,0.99,0.987833544029,32.0,32.0,custom_states,False,False,False,,
cluster2x2,cluster,4,monomial_full,sup023_P012_ph211,True,False,0.0,0.666667,108.0,116.8,7.19,343.0,359.8,84.0,85.4,128.0,"{'rz': 108, 'sx': 90, 'rx': 61, 'cz': 48, 'rzz': 36, 'barrier': 8}",5,5,0,ok,,35.0,36.0,ok,,0.98,0.881565516261,32.0,32.0,0.99,0.987833544029,32.0,32.0,0.99,0.987833544029,32.0,32.0,custom_states,False,False,False,,
cluster2x2,cluster,4,monomial_full,sup023_P012_ph212,True,False,0.0,0.666667,108.0,116.8,7.19,340.0,357.6,84.0,85.4,128.0,"{'rz': 108, 'sx': 90, 'rx': 58, 'cz': 48, 'rzz': 36, 'barrier': 8}",5,5,0,ok,,35.0,36.0,ok,,0.96,0.886729857532,31.0,32.0,0.99,0.987833544029,32.0,32.0,0.99,0.987833544029,32.0,32.0,custom_states,False,False,False,,
cluster2x2,cluster,4,monomial_full,sup023_P012_ph220,True,False,0.0,0.666667,108.0,116.8,7.19,339.0,357.2,84.0,85.4,128.0,"{'rz': 107, 'sx': 90, 'rx': 58, 'cz': 48, 'rzz': 36, 'barrier': 8}",5,5,0,ok,,35.0,36.0,ok,,0.99,0.987833544029,32.0,32.0,0.99,0.987833544029,32.0,32.0,0.99,0.987833544029,32.0,32.0,custom_states,False,False,False,,
cluster2x2,cluster,4,monomial_full,sup023_P012_ph221,True,False,0.0,0.666667,108.0,116.8,7.19,340.0,356.4,84.0,85.4,128.0,"{'rz': 108, 'sx': 90, 'rx': 58, 'cz': 48, 'rzz': 36, 'barrier': 8}",5,5,0,ok,,35.0,36.0,ok,,0.97,0.90597682522,31.0,32.0,0.97,0.90597682522,31.0,32.0,0.99,0.961965486298,31.0,32.0,custom_states,False,False,False,,
cluster2x2,cluster,4,monomial_full,sup023_P012_ph222,True,False,0.0,0.666667,108.0,116.6,7.06,337.0,353.4,84.0,85.4,128.0,"{'rz': 105, 'sx': 90, 'rx': 58, 'cz': 48, 'rzz': 36, 'barrier': 8}",5,5,0,ok,,35.0,36.0,ok,,0.97,0.881565516261,32.0,32.0,0.99,0.987833544029,32.0,32.0,0.99,0.987833544029,32.0,32.0,custom_states,False,False,False,,
cluster2x2,cluster,4,monomial_full,sup023_P021_ph000,True,False,0.0,0.666667,96.0,108.6,10.37,302.0,318.0,80.0,81.4,128.0,"{'sx': 90, 'rz': 83, 'cz': 52, 'rx': 49, 'rzz': 28, 'barrier': 8}",5,5,0,ok,,29.0,32.0,ok,,0.98,0.881565516261,26.0,28.0,0.99,0.987833544029,26.0,28.0,0.99,0.987833544029,26.0,28.0,custom_states,False,False,False,,
cluster2x2,cluster,4,monomial_full,sup023_P021_ph001,True,False,0.0,0.666667,98.0,110.0,9.88,308.0,323.8,80.0,81.4,128.0,"{'sx': 90, 'rz': 89, 'cz': 52, 'rx': 49, 'rzz': 28, 'barrier': 8}",5,5,0,ok,,30.0,32.0,ok,,0.98,0.881565516261,27.0,28.0,0.99,0.987833544029,27.0,28.0,0.99,0.987833544029,27.0,28.0,custom_states,False,False,False,,
cluster2x2,cluster,4,monomial_full,sup023_P021_ph002,True,False,0.0,0.666667,100.0,111.2,9.2,317.0,333.2,80.0,81.4,128.0,"{'rz': 91, 'sx': 90, 'rx': 56, 'cz': 52, 'rzz': 28, 'barrier': 8}",5,5,0,ok,,30.0,32.0,ok,,0.97,0.881565516261,27.0,28.0,0.99,0.987833544029,27.0,28.0,0.99,0.987833544029,27.0,28.0,custom_states,False,False,False,,
cluster2x2,cluster,4,monomial_full,sup023_P021_ph010,True,False,0.0,0.666667,99.0,110.8,9.68,315.0,331.2,80.0,81.4,128.0,"{'sx': 90, 'rz': 89, 'rx': 56, 'cz': 52, 'rzz': 28, 'barrier': 8}",5,5,0,ok,,30.0,32.0,ok,,0.95,0.881565516261,27.0,28.0,0.99,0.987833544029,27.0,28.0,0.99,0.987833544029,27.0,28.0,custom_states,False,False,False,,
cluster2x2,cluster,4,monomial_full,sup023_P021_ph011,True,False,0.0,0.666667,99.0,110.8,9.68,312.0,328.6,80.0,81.4,128.0,"{'sx': 90, 'rz': 86, 'rx': 56, 'cz': 52, 'rzz': 28, 'barrier': 8}",5,5,0,ok,,30.0,32.0,ok,,0.91,0.857155534644,27.0,28.0,0.99,0.958318544724,27.0,28.0,0.99,0.958318544724,27.0,28.0,custom_states,False,False,False,,
cluster2x2,cluster,4,monomial_full,sup023_P021_ph012,True,False,0.0,0.666667,100.0,111.2,9.2,317.0,332.8,80.0,81.4,128.0,"{'rz': 91, 'sx': 90, 'rx': 56, 'cz': 52, 'rzz': 28, 'barrier': 8}",5,5,0,ok,,30.0,32.0,ok,,0.95,0.891769396416,27.0,28.0,0.99,0.987481904943,27.0,28.0,0.99,0.987481904943,27.0,28.0,custom_states,False,False,False,,
cluster2x2,cluster,4,monomial_full,sup023_P021_ph020,True,False,0.0,0.666667,100.0,111.2,9.2,317.0,333.2,80.0,81.4,128.0,"{'rz': 91, 'sx': 90, 'rx': 56, 'cz': 52, 'rzz': 28, 'barrier': 8}",5,5,0,ok,,30.0,32.0,ok,,0.99,0.969848853346,27.0,28.0,0.99,0.969848853346,27.0,28.0,0.99,0.969848853346,27.0,28.0,custom_states,False,False,False,,
cluster2x2,cluster,4,monomial_full,sup023_P021_ph021,True,False,0.0,0.666667,100.0,111.2,9.2,317.0,332.8,80.0,81.4,128.0,"{'rz': 91, 'sx': 90, 'rx': 56, 'cz': 52, 'rzz': 28, 'barrier': 8}",5,5,0,ok,,30.0,32.0,ok,,0.95,0.902117230819,27.0,28.0,0.95,0.902117230819,27.0,28.0,,,,,custom_states,False,False,False,,
cluster2x2,cluster,4,monomial_full,sup023_P021_ph022,True,False,0.0,0.666667,99.0,110.8,9.68,310.0,326.6,80.0,81.4,128.0,"{'sx': 90, 'rz': 84, 'rx': 56, 'cz': 52, 'rzz': 28, 'barrier': 8}",5,5,0,ok,,30.0,32.0,ok,,0.96,0.881565516261,27.0,28.0,0.99,0.987833544029,27.0,28.0,0.99,0.987833544029,27.0,28.0,custom_states,False,False,False,,
cluster2x2,cluster,4,monomial_full,sup023_P021_ph100,True,False,0.0,0.666667,99.0,110.4,9.39,309.0,324.4,80.0,81.4,128.0,"{'rz': 90, 'sx': 90, 'cz': 52, 'rx': 49, 'rzz': 28, 'barrier': 8}",5,5,0,ok,,30.0,32.0,ok,,0.96,0.881565516261,27.0,28.0,0.99,0.987833544029,27.0,28.0,0.99,0.987833544029,27.0,28.0,custom_states,False,False,False,,
cluster2x2,cluster,4,monomial_full,sup023_P021_ph101,True,False,0.0,0.666667,100.0,111.2,9.2,317.0,332.8,80.0,81.4,128.0,"{'rz': 91, 'sx': 90, 'rx': 56, 'cz': 52, 'rzz': 28, 'barrier': 8}",5,5,0,ok,,30.0,32.0,ok,,0.97,0.881565516261,27.0,28.0,0.99,0.987833544029,27.0,28.0,0.99,0.987833544029,27.0,28.0,custom_states,False,False,False,,
cluster2x2,cluster,4,monomial_full,sup023_P021_ph102,True,False,0.0,0.666667,97.0,109.0,9.88,303.0,319.2,80.0,81.4,128.0,"{'sx': 90, 'rz': 85, 'cz': 52, 'rx': 48, 'rzz': 28, 'barrier': 8}",5,5,0,ok,,29.0,32.0,ok,,0.95,0.906001300565,26.0,28.0,0.95,0.906001300565,26.0,28.0,0.99,0.962296096077,26.0,28.0,custom_states,False,False,False,,
cluster2x2,cluster,4,monomial_full,sup023_P021_ph110,True,False,0.0,0.666667,99.0,110.6,9.5,312.0,328.2,80.0,81.4,128.0,"{'sx': 90, 'rz': 86, 'rx': 56, 'cz': 52, 'rzz': 28, 'barrier': 8}",5,5,0,ok,,30.0,32.0,ok,,0.95,0.898997618654,27.0,28.0,0.99,0.984325228794,27.0,28.0,0.99,0.984325228794,27.0,28.0,custom_states,False,False,False,,
cluster2x2,cluster,4,monomial_full,sup023_P021_ph111,True,False,0.0,0.666667,99.0,110.8,9.68,315.0,331.2,80.0,81.4,128.0,"{'sx': 90, 'rz': 89, 'rx': 56, 'cz': 52, 'rzz': 28, 'barrier': 8}",5,5,0,ok,,30.0,32.0,ok,,0.95,0.902213876941,27.0,28.0,0.95,0.902213876941,27.0,28.0,0.99,0.981023157863,27.0,28.0,custom_states,False,False,False,,
cluster2x2,cluster,4,monomial_full,sup023_P021_ph112,True,False,0.0,0.666667,99.0,110.4,9.39,309.0,324.4,80.0,81.4,128.0,"{'rz': 90, 'sx': 90, 'cz': 52, 'rx': 49, 'rzz': 28, 'barrier': 8}",5,5,0,ok,,30.0,32.0,ok,,0.96,0.881565516261,27.0,28.0,0.99,0.987833544029,27.0,28.0,0.99,0.987833544029,27.0,28.0,custom_states,False,False,False,,
cluster2x2,cluster,4,monomial_full,sup023_P021_ph120,True,False,0.0,0.666667,99.0,110.8,9.68,316.0,332.6,80.0,81.4,128.0,"{'rz': 90, 'sx': 90, 'rx': 56, 'cz': 52, 'rzz': 28, 'barrier': 8}",5,5,0,ok,,30.0,32.0,ok,,0.95,0.894677804074,27.0,28.0,0.99,0.987833544029,27.0,28.0,0.99,0.987833544029,27.0,28.0,custom_states,False,False,False,,
cluster2x2,cluster,4,monomial_full,sup023_P021_ph121,True,False,0.0,0.666667,99.0,110.8,9.68,311.0,328.0,80.0,81.4,128.0,"{'sx': 90, 'rz': 86, 'rx': 55, 'cz': 52, 'rzz': 28, 'barrier': 8}",5,5,0,ok,,30.0,32.0,ok,,0.91,0.856475278603,27.0,28.0,0.99,0.971999608509,27.0,28.0,0.99,0.971999608509,27.0,28.0,custom_states,False,False,False,,
cluster2x2,cluster,4,monomial_full,sup023_P021_ph122,True,False,0.0,0.666667,99.0,110.8,9.68,315.0,331.4,80.0,81.4,128.0,"{'sx': 90, 'rz': 89, 'rx': 56, 'cz': 52, 'rzz': 28, 'barrier': 8}",5,5,0,ok,,30.0,32.0,ok,,0.95,0.881565516261,27.0,28.0,0.99,0.987833544029,27.0,28.0,0.99,0.987833544029,27.0,28.0,custom_states,False,False,False,,
cluster2x2,cluster,4,monomial_full,sup023_P021_ph200,True,False,0.0,0.666667,98.0,110.0,9.88,307.0,322.4,80.0,81.4,128.0,"{'sx': 90, 'rz': 88, 'cz': 52, 'rx': 49, 'rzz': 28, 'barrier': 8}",5,5,0,ok,,29.0,32.0,ok,,0.95,0.905988347663,26.0,28.0,0.95,0.905988347663,26.0,28.0,0.99,0.969565068101,26.0,28.0,custom_states,False,False,False,,
cluster2x2,cluster,4,monomial_full,sup023_P021_ph201,True,False,0.0,0.666667,97.0,109.0,9.88,303.0,319.2,80.0,81.4,128.0,"{'sx': 90, 'rz': 85, 'cz': 52, 'rx': 48, 'rzz': 28, 'barrier': 8}",5,5,0,ok,,29.0,32.0,ok,,0.99,0.987833544029,26.0,28.0,0.99,0.987833544029,26.0,28.0,0.99,0.987833544029,26.0,28.0,custom_states,False,False,False,,
cluster2x2,cluster,4,monomial_full,sup023_P021_ph202,True,False,0.0,0.666667,100.0,111.2,9.2,317.0,332.8,80.0,81.4,128.0,"{'rz': 91, 'sx': 90, 'rx': 56, 'cz': 52, 'rzz': 28, 'barrier': 8}",5,5,0,ok,,30.0,32.0,ok,,0.95,0.885093279495,27.0,28.0,0.99,0.987833544029,27.0,28.0,0.99,0.987833544029,27.0,28.0,custom_states,False,False,False,,
cluster2x2,cluster,4,monomial_full,sup023_P021_ph210,True,False,0.0,0.666667,99.0,110.4,9.39,309.0,324.4,80.0,81.4,128.0,"{'rz': 90, 'sx': 90, 'cz': 52, 'rx': 49, 'rzz': 28, 'barrier': 8}",5,5,0,ok,,30.0,32.0,ok,,0.96,0.881565516261,27.0,28.0,0.99,0.987833544029,27.0,28.0,0.99,0.987833544029,27.0,28.0,custom_states,False,False,False,,
cluster2x2,cluster,4,monomial_full,sup023_P021_ph211,True,False,0.0,0.666667,99.0,110.8,9.68,315.0,331.4,80.0,81.4,128.0,"{'sx': 90, 'rz': 89, 'rx': 56, 'cz': 52, 'rzz': 28, 'barrier': 8}",5,5,0,ok,,30.0,32.0,ok,,0.98,0.881565516261,27.0,28.0,0.99,0.987833544029,27.0,28.0,0.99,0.987833544029,27.0,28.0,custom_states,False,False,False,,
cluster2x2,cluster,4,monomial_full,sup023_P021_ph212,True,False,0.0,0.666667,97.0,109.0,9.88,304.0,319.8,80.0,81.4,128.0,"{'sx': 90, 'rz': 85, 'cz': 52, 'rx': 49, 'rzz': 28, 'barrier': 8}",5,5,0,ok,,29.0,32.0,ok,,0.98,0.881565516261,26.0,28.0,0.99,0.987833544029,26.0,28.0,0.99,0.987833544029,26.0,28.0,custom_states,False,False,False,,
cluster2x2,cluster,4,monomial_full,sup023_P021_ph220,True,False,0.0,0.666667,96.0,108.6,10.37,301.0,317.4,80.0,81.4,128.0,"{'sx': 90, 'rz': 83, 'cz': 52, 'rx': 48, 'rzz': 28, 'barrier': 8}",5,5,0,ok,,29.0,32.0,ok,,0.96,0.881565516261,26.0,28.0,0.99,0.987833544029,26.0,28.0,0.99,0.987833544029,26.0,28.0,custom_states,False,False,False,,
cluster2x2,cluster,4,monomial_full,sup023_P021_ph221,True,False,0.0,0.666667,99.0,110.8,9.68,315.0,331.2,80.0,81.4,128.0,"{'sx': 90, 'rz': 89, 'rx': 56, 'cz': 52, 'rzz': 28, 'barrier': 8}",5,5,0,ok,,30.0,32.0,ok,,0.91,0.854728535249,27.0,28.0,0.99,0.977734049639,27.0,28.0,0.99,0.977734049639,27.0,28.0,custom_states,False,False,False,,
cluster2x2,cluster,4,monomial_full,sup023_P021_ph222,True,False,0.0,0.666667,99.0,110.4,9.39,309.0,324.4,80.0,81.4,128.0,"{'rz': 90, 'sx': 90, 'cz': 52, 'rx': 49, 'rzz': 28, 'barrier': 8}",5,5,0,ok,,30.0,32.0,ok,,0.96,0.881565516261,27.0,28.0,0.99,0.987833544029,27.0,28.0,0.99,0.987833544029,27.0,28.0,custom_states,False,False,False,,
cluster2x2,cluster,4,monomial_full,sup023_P102_ph000,True,False,0.0,0.666667,105.0,115.2,8.35,340.0,357.4,84.0,85.4,128.0,"{'rz': 104, 'sx': 90, 'rx': 62, 'cz': 48, 'rzz': 36, 'barrier': 8}",5,5,0,ok,,34.0,36.0,ok,,0.97,0.881565516261,31.0,32.0,0.99,0.987833544029,31.0,32.0,0.99,0.987833544029,31.0,32.0,custom_states,False,False,False,,
cluster2x2,cluster,4,monomial_full,sup023_P102_ph001,True,False,0.0,0.666667,113.0,120.8,6.4,367.0,382.4,88.0,89.4,128.0,"{'rz': 117, 'sx': 90, 'rx': 72, 'cz': 48, 'rzz': 40, 'barrier': 8}",5,5,0,ok,,37.0,40.0,ok,,0.95,0.893692283234,34.0,36.0,0.99,0.986985877505,34.0,36.0,0.99,0.986985877505,34.0,36.0,custom_states,False,False,False,,
cluster2x2,cluster,4,monomial_full,sup023_P102_ph002,True,False,0.0,0.666667,113.0,120.8,6.4,367.0,382.4,88.0,89.4,128.0,"{'rz': 117, 'sx': 90, 'rx': 72, 'cz': 48, 'rzz': 40, 'barrier': 8}",5,5,0,ok,,37.0,40.0,ok,,0.99,0.956011113245,34.0,36.0,0.99,0.956011113245,34.0,36.0,0.99,0.956011113245,34.0,36.0,custom_states,False,False,False,,
cluster2x2,cluster,4,monomial_full,sup023_P102_ph010,True,False,0.0,0.666667,108.0,117.4,7.71,353.0,369.6,84.0,85.4,128.0,"{'rz': 115, 'sx': 90, 'rx': 64, 'cz': 48, 'rzz': 36, 'barrier': 8}",5,5,0,ok,,35.0,36.0,ok,,0.97,0.881565516261,32.0,32.0,0.99,0.987833544029,32.0,32.0,0.99,0.987833544029,32.0,32.0,custom_states,False,False,False,,
cluster2x2,cluster,4,monomial_full,sup023_P102_ph011,True,False,0.0,0.666667,113.0,120.6,6.28,367.0,380.2,88.0,89.4,128.0,"{'rz': 117, 'sx': 90, 'rx': 72, 'cz': 48, 'rzz': 40, 'barrier': 8}",5,5,0,ok,,37.0,40.0,ok,,0.97,0.881565516261,34.0,36.0,0.99,0.987833544029,34.0,36.0,0.99,0.987833544029,34.0,36.0,custom_states,False,False,False,,
cluster2x2,cluster,4,monomial_full,sup023_P102_ph012,True,False,0.0,0.666667,112.0,119.8,6.4,361.0,375.8,88.0,89.4,128.0,"{'rz': 117, 'sx': 90, 'rx': 66, 'cz': 48, 'rzz': 40, 'barrier': 8}",5,5,0,ok,,36.0,40.0,ok,,0.95,0.881565516261,33.0,36.0,0.99,0.987833544029,33.0,36.0,0.99,0.987833544029,33.0,36.0,custom_states,False,False,False,,
cluster2x2,cluster,4,monomial_full,sup023_P102_ph020,True,False,0.0,0.666667,108.0,117.4,7.71,353.0,369.6,84.0,85.4,128.0,"{'rz': 115, 'sx': 90, 'rx': 64, 'cz': 48, 'rzz': 36, 'barrier': 8}",5,5,0,ok,,35.0,36.0,ok,,0.97,0.881565516261,32.0,32.0,0.99,0.987833544029,32.0,32.0,0.99,0.987833544029,32.0,32.0,custom_states,False,False,False,,
cluster2x2,cluster,4,monomial_full,sup023_P102_ph021,True,False,0.0,0.666667,112.0,120.2,6.71,361.0,378.0,88.0,89.4,128.0,"{'rz': 117, 'sx': 90, 'rx': 66, 'cz': 48, 'rzz': 40, 'barrier': 8}",5,5,0,ok,,36.0,40.0,ok,,0.97,0.881565516261,33.0,36.0,0.99,0.987833544029,33.0,36.0,0.99,0.987833544029,33.0,36.0,custom_states,False,False,False,,
cluster2x2,cluster,4,monomial_full,sup023_P102_ph022,True,False,0.0,0.666667,112.0,119.8,6.4,361.0,375.6,88.0,89.4,128.0,"{'rz': 117, 'sx': 90, 'rx': 66, 'cz': 48, 'rzz': 40, 'barrier': 8}",5,5,0,ok,,36.0,40.0,ok,,0.97,0.881565516261,33.0,36.0,0.99,0.987833544029,33.0,36.0,0.99,0.987833544029,33.0,36.0,custom_states,False,False,False,,
cluster2x2,cluster,4,monomial_full,sup023_P102_ph100,True,False,0.0,0.666667,113.0,120.8,6.4,364.0,380.2,88.0,89.4,128.0,"{'rz': 117, 'sx': 90, 'rx': 69, 'cz': 48, 'rzz': 40, 'barrier': 8}",5,5,0,ok,,37.0,40.0,ok,,0.97,0.887236816109,34.0,36.0,0.99,0.988028814231,34.0,36.0,0.99,0.988028814231,34.0,36.0,custom_states,False,False,False,,
cluster2x2,cluster,4,monomial_full,sup023_P102_ph101,True,False,0.0,0.666667,113.0,120.6,6.28,367.0,380.0,88.0,89.4,128.0,"{'rz': 117, 'sx': 90, 'rx': 72, 'cz': 48, 'rzz': 40, 'barrier': 8}",5,5,0,ok,,37.0,40.0,ok,,0.97,0.881565516261,34.0,36.0,0.99,0.987833544029,34.0,36.0,0.99,0.987833544029,34.0,36.0,custom_states,False,False,False,,
cluster2x2,cluster,4,monomial_full,sup023_P102_ph102,True,False,0.0,0.666667,108.0,117.4,7.71,353.0,369.6,84.0,85.4,128.0,"{'rz': 115, 'sx': 90, 'rx': 64, 'cz': 48, 'rzz': 36, 'barrier': 8}",5,5,0,ok,,35.0,36.0,ok,,0.99,0.987833544029,32.0,32.0,0.99,0.987833544029,32.0,32.0,0.99,0.987833544029,32.0,32.0,custom_states,False,False,False,,
cluster2x2,cluster,4,monomial_full,sup023_P102_ph110,True,False,0.0,0.666667,112.0,120.2,6.71,361.0,378.2,88.0,89.4,128.0,"{'rz': 117, 'sx': 90, 'rx': 66, 'cz': 48, 'rzz': 40, 'barrier': 8}",5,5,0,ok,,36.0,40.0,ok,,0.97,0.881546778859,33.0,36.0,0.99,0.987833544029,33.0,36.0,0.99,0.987833544029,33.0,36.0,custom_states,False,False,False,,
cluster2x2,cluster,4,monomial_full,sup023_P102_ph111,True,False,0.0,0.666667,112.0,120.2,6.71,361.0,378.0,88.0,89.4,128.0,"{'rz': 117, 'sx': 90, 'rx': 66, 'cz': 48, 'rzz': 40, 'barrier': 8}",5,5,0,ok,,36.0,40.0,ok,,0.95,0.891869731926,33.0,36.0,0.99,0.987460516408,33.0,36.0,0.99,0.987460516408,33.0,36.0,custom_states,False,False,False,,
cluster2x2,cluster,4,monomial_full,sup023_P102_ph112,True,False,0.0,0.666667,108.0,117.4,7.71,353.0,369.6,84.0,85.4,128.0,"{'rz': 115, 'sx': 90, 'rx': 64, 'cz': 48, 'rzz': 36, 'barrier': 8}",5,5,0,ok,,35.0,36.0,ok,,0.97,0.860413523885,32.0,32.0,0.99,0.987833544029,32.0,32.0,0.99,0.987833544029,32.0,32.0,custom_states,False,False,False,,
cluster2x2,cluster,4,monomial_full,sup023_P102_ph120,True,False,0.0,0.666667,112.0,119.8,6.4,358.0,373.8,88.0,89.4,128.0,"{'rz': 114, 'sx': 90, 'rx': 66, 'cz': 48, 'rzz': 40, 'barrier': 8}",5,5,0,ok,,36.0,40.0,ok,,0.97,0.881565516261,33.0,36.0,0.99,0.987833544029,33.0,36.0,0.99,0.987833544029,33.0,36.0,custom_states,False,False,False,,
cluster2x2,cluster,4,monomial_full,sup023_P102_ph121,True,False,0.0,0.666667,112.0,119.8,6.4,361.0,375.8,88.0,89.4,128.0,"{'rz': 117, 'sx': 90, 'rx': 66, 'cz': 48, 'rzz': 40, 'barrier': 8}",5,5,0,ok,,36.0,40.0,ok,,0.91,0.856828005258,33.0,36.0,0.99,0.969914911336,33.0,36.0,0.99,0.969914911336,33.0,36.0,custom_states,False,False,False,,
cluster2x2,cluster,4,monomial_full,sup023_P102_ph122,True,False,0.0,0.666667,108.0,117.4,7.71,353.0,369.6,84.0,85.4,128.0,"{'rz': 115, 'sx': 90, 'rx': 64, 'cz': 48, 'rzz': 36, 'barrier': 8}",5,5,0,ok,,35.0,36.0,ok,,0.99,0.971130784049,32.0,32.0,0.99,0.971130784049,32.0,32.0,0.99,0.971130784049,32.0,32.0,custom_states,False,False,False,,
cluster2x2,cluster,4,monomial_full,sup023_P102_ph200,True,False,0.0,0.666667,112.0,120.2,6.71,361.0,378.0,88.0,89.4,128.0,"{'rz': 117, 'sx': 90, 'rx': 66, 'cz': 48, 'rzz': 40, 'barrier': 8}",5,5,0,ok,,36.0,40.0,ok,,0.97,0.881565516261,33.0,36.0,0.99,0.987833544029,33.0,36.0,0.99,0.987833544029,33.0,36.0,custom_states,False,False,False,,
cluster2x2,cluster,4,monomial_full,sup023_P102_ph201,True,False,0.0,0.666667,108.0,117.4,7.71,353.0,369.6,84.0,85.4,128.0,"{'rz': 115, 'sx': 90, 'rx': 64, 'cz': 48, 'rzz': 36, 'barrier': 8}",5,5,0,ok,,35.0,36.0,ok,,0.99,0.987833544029,32.0,32.0,0.99,0.987833544029,32.0,32.0,0.99,0.987833544029,32.0,32.0,custom_states,False,False,False,,
cluster2x2,cluster,4,monomial_full,sup023_P102_ph202,True,False,0.0,0.666667,113.0,120.8,6.4,364.0,379.0,88.0,89.4,128.0,"{'rz': 117, 'sx': 90, 'rx': 69, 'cz': 48, 'rzz': 40, 'barrier': 8}",5,5,0,ok,,37.0,40.0,ok,,0.97,0.881565516261,34.0,36.0,0.99,0.987833544029,34.0,36.0,0.99,0.987833544029,34.0,36.0,custom_states,False,False,False,,
cluster2x2,cluster,4,monomial_full,sup023_P102_ph210,True,False,0.0,0.666667,112.0,119.8,6.4,361.0,375.8,88.0,89.4,128.0,"{'rz': 117, 'sx': 90, 'rx': 66, 'cz': 48, 'rzz': 40, 'barrier': 8}",5,5,0,ok,,36.0,40.0,ok,,0.95,0.881565516261,33.0,36.0,0.99,0.987833544029,33.0,36.0,0.99,0.987833544029,33.0,36.0,custom_states,False,False,False,,
cluster2x2,cluster,4,monomial_full,sup023_P102_ph211,True,False,0.0,0.666667,108.0,117.4,7.71,353.0,369.6,84.0,85.4,128.0,"{'rz': 115, 'sx': 90, 'rx': 64, 'cz': 48, 'rzz': 36, 'barrier': 8}",5,5,0,ok,,35.0,36.0,ok,,0.95,0.864420394824,32.0,32.0,0.99,0.983743598342,32.0,32.0,0.99,0.983743598342,32.0,32.0,custom_states,False,False,False,,
cluster2x2,cluster,4,monomial_full,sup023_P102_ph212,True,False,0.0,0.666667,113.0,120.8,6.4,367.0,382.6,88.0,89.4,128.0,"{'rz': 117, 'sx': 90, 'rx': 72, 'cz': 48, 'rzz': 40, 'barrier': 8}",5,5,0,ok,,37.0,40.0,ok,,0.97,0.881565516261,34.0,36.0,0.99,0.987833544029,34.0,36.0,0.99,0.987833544029,34.0,36.0,custom_states,False,False,False,,
cluster2x2,cluster,4,monomial_full,sup023_P102_ph220,True,False,0.0,0.666667,112.0,120.2,6.71,361.0,378.2,88.0,89.4,128.0,"{'rz': 117, 'sx': 90, 'rx': 66, 'cz': 48, 'rzz': 40, 'barrier': 8}",5,5,0,ok,,36.0,40.0,ok,,0.97,0.881565516261,33.0,36.0,0.99,0.987833544029,33.0,36.0,0.99,0.987833544029,33.0,36.0,custom_states,False,False,False,,
cluster2x2,cluster,4,monomial_full,sup023_P102_ph221,True,False,0.0,0.666667,108.0,117.4,7.71,353.0,369.6,84.0,85.4,128.0,"{'rz': 115, 'sx': 90, 'rx': 64, 'cz': 48, 'rzz': 36, 'barrier': 8}",5,5,0,ok,,35.0,36.0,ok,,0.97,0.881565516261,32.0,32.0,0.99,0.987833544029,32.0,32.0,0.99,0.987833544029,32.0,32.0,custom_states,False,False,False,,
cluster2x2,cluster,4,monomial_full,sup023_P102_ph222,True,False,0.0,0.666667,113.0,120.6,6.28,367.0,380.0,88.0,89.4,128.0,"{'rz': 117, 'sx': 90, 'rx': 72, 'cz': 48, 'rzz': 40, 'barrier': 8}",5,5,0,ok,,37.0,40.0,ok,,0.97,0.881565516261,34.0,36.0,0.99,0.987833544029,34.0,36.0,0.99,0.987833544029,34.0,36.0,custom_states,False,False,False,,
cluster2x2,cluster,4,monomial_full,sup023_P120_ph000,True,False,0.0,0.666667,105.0,115.2,8.35,336.0,352.6,84.0,85.4,128.0,"{'rz': 99, 'sx': 90, 'rx': 63, 'cz': 48, 'rzz': 36, 'barrier': 8}",5,5,0,ok,,34.0,36.0,ok,,0.95,0.881565516261,31.0,32.0,0.99,0.987833544029,31.0,32.0,0.99,0.987833544029,31.0,32.0,custom_states,False,False,False,,
cluster2x2,cluster,4,monomial_full,sup023_P120_ph001,True,False,0.0,0.666667,106.0,116.2,8.35,339.0,355.4,84.0,85.4,128.0,"{'rz': 102, 'sx': 90, 'rx': 63, 'cz': 48, 'rzz': 36, 'barrier': 8}",5,5,0,ok,,33.0,36.0,ok,,0.97,0.881565516261,30.0,32.0,0.99,0.987833544029,30.0,32.0,0.99,0.987833544029,30.0,32.0,custom_states,False,False,False,,
cluster2x2,cluster,4,monomial_full,sup023_P120_ph002,True,False,0.0,0.666667,108.0,117.6,7.86,342.0,360.2,84.0,85.4,128.0,"{'rz': 105, 'sx': 90, 'rx': 63, 'cz': 48, 'rzz': 36, 'barrier': 8}",5,5,0,ok,,35.0,36.0,ok,,0.97,0.881565516261,32.0,32.0,0.99,0.987833544029,32.0,32.0,0.99,0.987833544029,32.0,32.0,custom_states,False,False,False,,
cluster2x2,cluster,4,monomial_full,sup023_P120_ph010,True,False,0.0,0.666667,108.0,117.6,7.86,345.0,361.6,84.0,85.4,128.0,"{'rz': 107, 'sx': 90, 'rx': 64, 'cz': 48, 'rzz': 36, 'barrier': 8}",5,5,0,ok,,35.0,36.0,ok,,0.99,0.987833544029,32.0,32.0,0.99,0.987833544029,32.0,32.0,0.99,0.987833544029,32.0,32.0,custom_states,False,False,False,,
cluster2x2,cluster,4,monomial_full,sup023_P120_ph011,True,False,0.0,0.666667,108.0,117.6,7.86,347.0,363.2,84.0,85.4,128.0,"{'rz': 109, 'sx': 90, 'rx': 64, 'cz': 48, 'rzz': 36, 'barrier': 8}",5,5,0,ok,,35.0,36.0,ok,,0.96,0.881565516261,32.0,32.0,0.99,0.987833544029,32.0,32.0,0.99,0.987833544029,32.0,32.0,custom_states,False,False,False,,
cluster2x2,cluster,4,monomial_full,sup023_P120_ph012,True,False,0.0,0.666667,108.0,117.4,7.71,345.0,361.4,84.0,85.4,128.0,"{'rz': 107, 'sx': 90, 'rx': 64, 'cz': 48, 'rzz': 36, 'barrier': 8}",5,5,0,ok,,35.0,36.0,ok,,0.96,0.881565516261,32.0,32.0,0.99,0.987833544029,32.0,32.0,0.99,0.987833544029,32.0,32.0,custom_states,False,False,False,,
cluster2x2,cluster,4,monomial_full,sup023_P120_ph020,True,False,0.0,0.666667,108.0,117.6,7.86,347.0,363.2,84.0,85.4,128.0,"{'rz': 109, 'sx': 90, 'rx': 64, 'cz': 48, 'rzz': 36, 'barrier': 8}",5,5,0,ok,,35.0,36.0,ok,,0.95,0.967364800501,30.0,32.0,0.95,0.967364800501,30.0,32.0,0.95,0.967364800501,30.0,32.0,custom_states,False,False,False,,
cluster2x2,cluster,4,monomial_full,sup023_P120_ph021,True,False,0.0,0.666667,108.0,117.2,7.57,347.0,362.2,84.0,85.4,128.0,"{'rz': 109, 'sx': 90, 'rx': 64, 'cz': 48, 'rzz': 36, 'barrier': 8}",5,5,0,ok,,35.0,36.0,ok,,0.97,0.881565516261,32.0,32.0,0.99,0.987833544029,32.0,32.0,0.99,0.987833544029,32.0,32.0,custom_states,False,False,False,,
cluster2x2,cluster,4,monomial_full,sup023_P120_ph022,True,False,0.0,0.666667,108.0,117.6,7.86,345.0,361.4,84.0,85.4,128.0,"{'rz': 107, 'sx': 90, 'rx': 64, 'cz': 48, 'rzz': 36, 'barrier': 8}",5,5,0,ok,,35.0,36.0,ok,,0.95,0.967364800501,32.0,32.0,0.95,0.967364800501,32.0,32.0,0.95,0.967364800501,32.0,32.0,custom_states,False,False,False,,
cluster2x2,cluster,4,monomial_full,sup023_P120_ph100,True,False,0.0,0.666667,108.0,117.6,7.86,346.0,362.2,84.0,85.4,128.0,"{'rz': 108, 'sx': 90, 'rx': 64, 'cz': 48, 'rzz': 36, 'barrier': 8}",5,5,0,ok,,35.0,36.0,ok,,0.97,0.881565516261,32.0,32.0,0.99,0.987833544029,32.0,32.0,0.99,0.987833544029,32.0,32.0,custom_states,False,False,False,,
cluster2x2,cluster,4,monomial_full,sup023_P120_ph101,True,False,0.0,0.666667,108.0,117.6,7.86,347.0,363.2,84.0,85.4,128.0,"{'rz': 109, 'sx': 90, 'rx': 64, 'cz': 48, 'rzz': 36, 'barrier': 8}",5,5,0,ok,,35.0,36.0,ok,,0.96,0.881565516261,32.0,32.0,0.99,0.987833544029,32.0,32.0,0.99,0.987833544029,32.0,32.0,custom_states,False,False,False,,
cluster2x2,cluster,4,monomial_full,sup023_P120_ph102,True,False,0.0,0.666667,108.0,117.2,7.57,345.0,361.0,84.0,85.4,128.0,"{'rz': 107, 'sx': 90, 'rx': 64, 'cz': 48, 'rzz': 36, 'barrier': 8}",5,5,0,ok,,35.0,36.0,ok,,0.98,0.906120075028,32.0,32.0,0.98,0.906120075028,32.0,32.0,0.99,0.967259650608,32.0,32.0,custom_states,False,False,False,,
cluster2x2,cluster,4,monomial_full,sup023_P120_ph110,True,False,0.0,0.666667,108.0,117.6,7.86,343.0,359.2,84.0,85.4,128.0,"{'rz': 105, 'sx': 90, 'rx': 64, 'cz': 48, 'rzz': 36, 'barrier': 8}",5,5,0,ok,,35.0,36.0,ok,,0.97,0.881565516261,32.0,32.0,0.99,0.987833544029,32.0,32.0,0.99,0.987833544029,32.0,32.0,custom_states,False,False,False,,
cluster2x2,cluster,4,monomial_full,sup023_P120_ph111,True,False,0.0,0.666667,108.0,117.2,7.57,341.0,358.8,84.0,85.4,128.0,"{'rz': 104, 'sx': 90, 'rx': 63, 'cz': 48, 'rzz': 36, 'barrier': 8}",5,5,0,ok,,35.0,36.0,ok,,0.97,0.881565516261,32.0,32.0,0.99,0.987833544029,32.0,32.0,0.99,0.987833544029,32.0,32.0,custom_states,False,False,False,,
cluster2x2,cluster,4,monomial_full,sup023_P120_ph112,True,False,0.0,0.666667,108.0,117.6,7.86,340.0,358.8,84.0,85.4,128.0,"{'rz': 102, 'sx': 90, 'rx': 64, 'cz': 48, 'rzz': 36, 'barrier': 8}",5,5,0,ok,,35.0,36.0,ok,,0.95,0.881565516261,30.0,32.0,0.99,0.987833544029,32.0,32.0,0.99,0.987833544029,32.0,32.0,custom_states,False,False,False,,
cluster2x2,cluster,4,monomial_full,sup023_P120_ph120,True,False,0.0,0.666667,108.0,117.2,7.57,347.0,362.2,84.0,85.4,128.0,"{'rz': 109, 'sx': 90, 'rx': 64, 'cz': 48, 'rzz': 36, 'barrier': 8}",5,5,0,ok,,35.0,36.0,ok,,0.97,0.865901392005,32.0,32.0,0.99,0.984243779758,32.0,32.0,0.99,0.984243779758,32.0,32.0,custom_states,False,False,False,,
cluster2x2,cluster,4,monomial_full,sup023_P120_ph121,True,False,0.0,0.666667,108.0,117.6,7.86,347.0,363.0,84.0,85.4,128.0,"{'rz': 109, 'sx': 90, 'rx': 64, 'cz': 48, 'rzz': 36, 'barrier': 8}",5,5,0,ok,,35.0,36.0,ok,,0.97,0.881565516261,32.0,32.0,0.99,0.987833544029,32.0,32.0,0.99,0.987833544029,32.0,32.0,custom_states,False,False,False,,
cluster2x2,cluster,4,monomial_full,sup023_P120_ph122,True,False,0.0,0.666667,108.0,117.6,7.86,347.0,363.2,84.0,85.4,128.0,"{'rz': 109, 'sx': 90, 'rx': 64, 'cz': 48, 'rzz': 36, 'barrier': 8}",5,5,0,ok,,35.0,36.0,ok,,0.97,0.881565516261,32.0,32.0,0.99,0.987833544029,32.0,32.0,0.99,0.987833544029,32.0,32.0,custom_states,False,False,False,,
cluster2x2,cluster,4,monomial_full,sup023_P120_ph200,True,False,0.0,0.666667,108.0,117.6,7.86,347.0,363.2,84.0,85.4,128.0,"{'rz': 109, 'sx': 90, 'rx': 64, 'cz': 48, 'rzz': 36, 'barrier': 8}",5,5,0,ok,,35.0,36.0,ok,,0.96,0.904072586622,32.0,32.0,0.96,0.904072586622,32.0,32.0,0.99,0.977711871471,32.0,32.0,custom_states,False,False,False,,
cluster2x2,cluster,4,monomial_full,sup023_P120_ph201,True,False,0.0,0.666667,108.0,117.4,7.71,347.0,362.6,84.0,85.4,128.0,"{'rz': 109, 'sx': 90, 'rx': 64, 'cz': 48, 'rzz': 36, 'barrier': 8}",5,5,0,ok,,35.0,36.0,ok,,0.95,0.881565516261,32.0,32.0,0.99,0.987833544029,32.0,32.0,0.99,0.987833544029,32.0,32.0,custom_states,False,False,False,,
cluster2x2,cluster,4,monomial_full,sup023_P120_ph202,True,False,0.0,0.666667,108.0,117.6,7.86,346.0,362.8,84.0,85.4,128.0,"{'rz': 108, 'sx': 90, 'rx': 64, 'cz': 48, 'rzz': 36, 'barrier': 8}",5,5,0,ok,,35.0,36.0,ok,,0.96,0.881565516261,32.0,32.0,0.99,0.987833544029,32.0,32.0,0.99,0.987833544029,32.0,32.0,custom_states,False,False,False,,
cluster2x2,cluster,4,monomial_full,sup023_P120_ph210,True,False,0.0,0.666667,108.0,117.2,7.57,345.0,361.0,84.0,85.4,128.0,"{'rz': 107, 'sx': 90, 'rx': 64, 'cz': 48, 'rzz': 36, 'barrier': 8}",5,5,0,ok,,35.0,36.0,ok,,0.97,0.881565516261,32.0,32.0,0.99,0.987833544029,32.0,32.0,0.99,0.987833544029,32.0,32.0,custom_states,False,False,False,,
cluster2x2,cluster,4,monomial_full,sup023_P120_ph211,True,False,0.0,0.666667,108.0,117.6,7.86,346.0,362.2,84.0,85.4,128.0,"{'rz': 108, 'sx': 90, 'rx': 64, 'cz': 48, 'rzz': 36, 'barrier': 8}",5,5,0,ok,,35.0,36.0,ok,,0.97,0.881565516261,32.0,32.0,0.99,0.987833544029,32.0,32.0,0.99,0.987833544029,32.0,32.0,custom_states,False,False,False,,
cluster2x2,cluster,4,monomial_full,sup023_P120_ph212,True,False,0.0,0.666667,108.0,117.6,7.86,347.0,363.2,84.0,85.4,128.0,"{'rz': 109, 'sx': 90, 'rx': 64, 'cz': 48, 'rzz': 36, 'barrier': 8}",5,5,0,ok,,35.0,36.0,ok,,0.95,0.881565516261,32.0,32.0,0.99,0.987833544029,32.0,32.0,0.99,0.987833544029,32.0,32.0,custom_states,False,False,False,,
cluster2x2,cluster,4,monomial_full,sup023_P120_ph220,True,False,0.0,0.666667,106.0,116.2,8.35,342.0,357.8,84.0,85.4,128.0,"{'rz': 104, 'sx': 90, 'rx': 64, 'cz': 48, 'rzz': 36, 'barrier': 8}",5,5,0,ok,,33.0,36.0,ok,,0.95,0.881565516261,30.0,32.0,0.99,0.987833544029,30.0,32.0,0.99,0.987833544029,30.0,32.0,custom_states,False,False,False,,
cluster2x2,cluster,4,monomial_full,sup023_P120_ph221,True,False,0.0,0.666667,108.0,117.6,7.86,343.0,359.4,84.0,85.4,128.0,"{'rz': 105, 'sx': 90, 'rx': 64, 'cz': 48, 'rzz': 36, 'barrier': 8}",5,5,0,ok,,35.0,36.0,ok,,0.97,0.881565516261,32.0,32.0,0.99,0.987833544029,32.0,32.0,0.99,0.987833544029,32.0,32.0,custom_states,False,False,False,,
cluster2x2,cluster,4,monomial_full,sup023_P120_ph222,True,False,0.0,0.666667,108.0,117.4,7.71,343.0,359.2,84.0,85.4,128.0,"{'rz': 105, 'sx': 90, 'rx': 64, 'cz': 48, 'rzz': 36, 'barrier': 8}",5,5,0,ok,,35.0,36.0,ok,,0.97,0.881565516261,32.0,32.0,0.99,0.987833544029,32.0,32.0,0.99,0.987833544029,32.0,32.0,custom_states,False,False,False,,
cluster2x2,cluster,4,monomial_full,sup023_P201_ph000,True,False,0.0,0.666667,99.0,110.6,9.5,313.0,327.6,80.0,81.4,128.0,"{'rz': 90, 'sx': 90, 'rx': 53, 'cz': 52, 'rzz': 28, 'barrier': 8}",5,5,0,ok,,30.0,32.0,ok,,0.95,0.981196440888,27.0,28.0,0.95,0.981196440888,27.0,28.0,0.95,0.981196440888,27.0,28.0,custom_states,False,False,False,,
cluster2x2,cluster,4,monomial_full,sup023_P201_ph001,True,False,0.0,0.666667,99.0,110.8,9.66,313.0,329.8,80.0,81.4,128.0,"{'rz': 91, 'sx': 90, 'rx': 52, 'cz': 48, 'rzz': 32, 'barrier': 8}",5,5,0,ok,,30.0,32.0,ok,,0.99,0.963749369386,27.0,28.0,0.99,0.963749369386,27.0,28.0,0.99,0.963749369386,27.0,28.0,custom_states,False,False,False,,
cluster2x2,cluster,4,monomial_full,sup023_P201_ph002,True,False,0.0,0.666667,97.0,109.6,10.31,302.0,318.8,80.0,81.4,128.0,"{'sx': 90, 'rz': 87, 'cz': 48, 'rx': 45, 'rzz': 32, 'barrier': 8}",5,5,0,ok,,29.0,32.0,ok,,0.96,0.881565516261,26.0,28.0,0.99,0.987833544029,26.0,28.0,0.99,0.987833544029,26.0,28.0,custom_states,False,False,False,,
cluster2x2,cluster,4,monomial_full,sup023_P201_ph010,True,False,0.0,0.666667,99.0,110.6,9.52,313.0,326.8,80.0,81.4,128.0,"{'rz': 91, 'sx': 90, 'rx': 52, 'cz': 48, 'rzz': 32, 'barrier': 8}",5,5,0,ok,,30.0,32.0,ok,,0.96,0.86526466326,27.0,28.0,0.99,0.98403145781,27.0,28.0,0.99,0.98403145781,27.0,28.0,custom_states,False,False,False,,
cluster2x2,cluster,4,monomial_full,sup023_P201_ph011,True,False,0.0,0.666667,97.0,109.8,10.46,306.0,324.2,80.0,81.4,128.0,"{'rz': 91, 'sx': 90, 'cz': 48, 'rx': 45, 'rzz': 32, 'barrier': 8}",5,5,0,ok,,29.0,32.0,ok,,0.95,0.967364800501,26.0,28.0,0.95,0.967364800501,26.0,28.0,0.95,0.967364800501,26.0,28.0,custom_states,False,False,False,,
cluster2x2,cluster,4,monomial_full,sup023_P201_ph012,True,False,0.0,0.666667,95.0,108.0,10.66,300.0,315.8,80.0,81.4,128.0,"{'sx': 90, 'rz': 85, 'cz': 52, 'rx': 45, 'rzz': 28, 'barrier': 8}",5,5,0,ok,,28.0,32.0,ok,,0.99,0.933545181601,25.0,28.0,0.99,0.933545181601,25.0,28.0,,,,,custom_states,False,False,False,,
cluster2x2,cluster,4,monomial_full,sup023_P201_ph020,True,False,0.0,0.666667,98.0,110.0,9.82,308.0,323.0,80.0,81.4,128.0,"{'rz': 91, 'sx': 90, 'cz': 48, 'rx': 47, 'rzz': 32, 'barrier': 8}",5,5,0,ok,,29.0,32.0,ok,,0.96,0.881565516261,26.0,28.0,0.99,0.987833544029,26.0,28.0,0.99,0.987833544029,26.0,28.0,custom_states,False,False,False,,
cluster2x2,cluster,4,monomial_full,sup023_P201_ph021,True,False,0.0,0.666667,97.0,108.6,9.5,304.0,317.6,80.0,81.4,128.0,"{'sx': 90, 'rz': 88, 'cz': 52, 'rx': 46, 'rzz': 28, 'barrier': 8}",5,5,0,ok,,29.0,32.0,ok,,0.95,0.881565516261,26.0,28.0,0.99,0.987833544029,26.0,28.0,0.99,0.987833544029,26.0,28.0,custom_states,False,False,False,,
cluster2x2,cluster,4,monomial_full,sup023_P201_ph022,True,False,0.0,0.666667,97.0,109.6,10.29,307.0,325.2,80.0,81.4,128.0,"{'rz': 91, 'sx': 90, 'cz': 48, 'rx': 46, 'rzz': 32, 'barrier': 8}",5,5,0,ok,,29.0,32.0,ok,,0.95,0.850061730678,26.0,28.0,0.99,0.977905795127,26.0,28.0,0.99,0.977905795127,26.0,28.0,custom_states,False,False,False,,
cluster2x2,cluster,4,monomial_full,sup023_P201_ph100,True,False,0.0,0.666667,98.0,110.0,9.82,308.0,323.0,80.0,81.4,128.0,"{'rz': 91, 'sx': 90, 'cz': 48, 'rx': 47, 'rzz': 32, 'barrier': 8}",5,5,0,ok,,29.0,32.0,ok,,0.95,0.967364800501,26.0,28.0,0.95,0.967364800501,26.0,28.0,0.95,0.967364800501,26.0,28.0,custom_states,False,False,False,,
cluster2x2,cluster,4,monomial_full,sup023_P201_ph101,True,False,0.0,0.666667,95.0,108.0,10.66,300.0,316.6,80.0,81.4,128.0,"{'sx': 90, 'rz': 85, 'cz': 52, 'rx': 45, 'rzz': 28, 'barrier': 8}",5,5,0,ok,,28.0,32.0,ok,,0.95,0.881565516261,25.0,28.0,0.99,0.987833544029,25.0,28.0,0.99,0.987833544029,25.0,28.0,custom_states,False,False,False,,
cluster2x2,cluster,4,monomial_full,sup023_P201_ph102,True,False,0.0,0.666667,99.0,110.8,9.66,313.0,330.2,80.0,81.4,128.0,"{'rz': 91, 'sx': 90, 'rx': 52, 'cz': 48, 'rzz': 32, 'barrier': 8}",5,5,0,ok,,30.0,32.0,ok,,0.96,0.881565516261,27.0,28.0,0.99,0.987833544029,27.0,28.0,0.99,0.987833544029,27.0,28.0,custom_states,False,False,False,,
cluster2x2,cluster,4,monomial_full,sup023_P201_ph110,True,False,0.0,0.666667,98.0,110.2,9.99,308.0,325.4,80.0,81.4,128.0,"{'sx': 90, 'rz': 86, 'rx': 52, 'cz': 52, 'rzz': 28, 'barrier': 8}",5,5,0,ok,,30.0,32.0,ok,,0.97,0.881565516261,27.0,28.0,0.99,0.987833544029,27.0,28.0,0.99,0.987833544029,27.0,28.0,custom_states,False,False,False,,
cluster2x2,cluster,4,monomial_full,sup023_P201_ph111,True,False,0.0,0.666667,97.0,109.0,9.82,307.0,322.0,80.0,81.4,128.0,"{'rz': 91, 'sx': 90, 'cz': 48, 'rx': 46, 'rzz': 32, 'barrier': 8}",5,5,0,ok,,29.0,32.0,ok,,0.99,0.936481165577,26.0,28.0,0.99,0.936481165577,26.0,28.0,,,,,custom_states,False,False,False,,
cluster2x2,cluster,4,monomial_full,sup023_P201_ph112,True,False,0.0,0.666667,98.0,110.4,10.15,312.0,329.2,80.0,81.4,128.0,"{'rz': 91, 'sx': 90, 'rx': 51, 'cz': 48, 'rzz': 32, 'barrier': 8}",5,5,0,ok,,30.0,32.0,ok,,0.96,0.862866864629,27.0,28.0,0.99,0.983195678089,27.0,28.0,0.99,0.983195678089,27.0,28.0,custom_states,False,False,False,,
cluster2x2,cluster,4,monomial_full,sup023_P201_ph120,True,False,0.0,0.666667,99.0,110.6,9.52,309.0,322.8,80.0,81.4,128.0,"{'sx': 90, 'rz': 87, 'rx': 52, 'cz': 48, 'rzz': 32, 'barrier': 8}",5,5,0,ok,,30.0,32.0,ok,,0.95,0.967364800501,26.0,28.0,0.95,0.967364800501,26.0,28.0,0.95,0.967364800501,26.0,28.0,custom_states,False,False,False,,
cluster2x2,cluster,4,monomial_full,sup023_P201_ph121,True,False,0.0,0.666667,98.0,110.0,9.82,310.0,323.4,80.0,81.4,128.0,"{'sx': 90, 'rz': 87, 'rx': 53, 'cz': 48, 'rzz': 32, 'barrier': 8}",5,5,0,ok,,29.0,32.0,ok,,0.99,0.987833544029,26.0,28.0,0.99,0.987833544029,26.0,28.0,0.99,0.987833544029,26.0,28.0,custom_states,False,False,False,,
cluster2x2,cluster,4,monomial_full,sup023_P201_ph122,True,False,0.0,0.666667,95.0,108.0,10.66,297.0,313.0,80.0,81.4,128.0,"{'sx': 90, 'rz': 82, 'cz': 52, 'rx': 45, 'rzz': 28, 'barrier': 8}",5,5,0,ok,,28.0,32.0,ok,,0.95,0.881565516261,25.0,28.0,0.99,0.987833544029,25.0,28.0,0.99,0.987833544029,25.0,28.0,custom_states,False,False,False,,
cluster2x2,cluster,4,monomial_full,sup023_P201_ph200,True,False,0.0,0.666667,99.0,110.8,9.66,313.0,329.6,80.0,81.4,128.0,"{'rz': 91, 'sx': 90, 'rx': 52, 'cz': 48, 'rzz': 32, 'barrier': 8}",5,5,0,ok,,30.0,32.0,ok,,0.95,0.967364800501,26.0,28.0,0.95,0.967364800501,26.0,28.0,0.95,0.967364800501,26.0,28.0,custom_states,False,False,False,,
cluster2x2,cluster,4,monomial_full,sup023_P201_ph201,True,False,0.0,0.666667,98.0,110.0,9.82,308.0,323.4,80.0,81.4,128.0,"{'rz': 91, 'sx': 90, 'cz': 48, 'rx': 47, 'rzz': 32, 'barrier': 8}",5,5,0,ok,,29.0,32.0,ok,,0.96,0.881565516261,26.0,28.0,0.99,0.987833544029,26.0,28.0,0.99,0.987833544029,26.0,28.0,custom_states,False,False,False,,
cluster2x2,cluster,4,monomial_full,sup023_P201_ph202,True,False,0.0,0.666667,98.0,110.2,9.99,306.0,323.4,80.0,81.4,128.0,"{'sx': 90, 'rz': 84, 'rx': 52, 'cz': 52, 'rzz': 28, 'barrier': 8}",5,5,0,ok,,30.0,32.0,ok,,0.95,0.881565516261,27.0,28.0,0.99,0.987833544029,27.0,28.0,0.99,0.987833544029,27.0,28.0,custom_states,False,False,False,,
cluster2x2,cluster,4,monomial_full,sup023_P201_ph210,True,False,0.0,0.666667,97.0,109.4,10.15,308.0,325.2,80.0,81.4,128.0,"{'sx': 90, 'rz': 87, 'rx': 51, 'cz': 48, 'rzz': 32, 'barrier': 8}",5,5,0,ok,,29.0,32.0,ok,,0.95,0.86526466326,26.0,28.0,0.99,0.98403145781,26.0,28.0,0.99,0.98403145781,26.0,28.0,custom_states,False,False,False,,
cluster2x2,cluster,4,monomial_full,sup023_P201_ph211,True,False,0.0,0.666667,95.0,108.0,10.66,297.0,313.8,80.0,81.4,128.0,"{'sx': 91, 'rz': 82, 'cz': 52, 'rx': 44, 'rzz': 28, 'barrier': 8}",5,5,0,ok,,28.0,32.0,ok,,0.95,0.881565516261,25.0,28.0,0.99,0.987833544029,25.0,28.0,0.99,0.987833544029,25.0,28.0,custom_states,False,False,False,,
cluster2x2,cluster,4,monomial_full,sup023_P201_ph212,True,False,0.0,0.666667,99.0,110.8,9.66,313.0,330.0,80.0,81.4,128.0,"{'rz': 91, 'sx': 90, 'rx': 52, 'cz': 48, 'rzz': 32, 'barrier': 8}",5,5,0,ok,,30.0,32.0,ok,,0.96,0.881565516261,27.0,28.0,0.99,0.987833544029,27.0,28.0,0.99,0.987833544029,27.0,28.0,custom_states,False,False,False,,
cluster2x2,cluster,4,monomial_full,sup023_P201_ph220,True,False,0.0,0.666667,94.0,107.4,10.97,298.0,315.0,80.0,81.4,128.0,"{'sx': 90, 'rz': 83, 'cz': 52, 'rx': 45, 'rzz': 28, 'barrier': 8}",5,5,0,ok,,28.0,32.0,ok,,0.96,0.881565516261,25.0,28.0,0.99,0.987833544029,25.0,28.0,0.99,0.987833544029,25.0,28.0,custom_states,False,False,False,,
cluster2x2,cluster,4,monomial_full,sup023_P201_ph221,True,False,0.0,0.666667,99.0,110.6,9.52,313.0,326.4,80.0,81.4,128.0,"{'rz': 91, 'sx': 90, 'rx': 52, 'cz': 48, 'rzz': 32, 'barrier': 8}",5,5,0,ok,,30.0,32.0,ok,,0.96,0.881565516261,27.0,28.0,0.99,0.987833544029,27.0,28.0,0.99,0.987833544029,27.0,28.0,custom_states,False,False,False,,
cluster2x2,cluster,4,monomial_full,sup023_P201_ph222,True,False,0.0,0.666667,98.0,110.0,9.82,308.0,324.0,80.0,81.4,128.0,"{'rz': 91, 'sx': 90, 'cz': 48, 'rx': 47, 'rzz': 32, 'barrier': 8}",5,5,0,ok,,29.0,32.0,ok,,0.96,0.881565516261,26.0,28.0,0.99,0.987833544029,26.0,28.0,0.99,0.987833544029,26.0,28.0,custom_states,False,False,False,,
cluster2x2,cluster,4,monomial_full,sup023_P210_ph000,True,False,0.0,0.666667,99.0,110.6,9.5,313.0,327.6,80.0,81.4,128.0,"{'rz': 90, 'sx': 90, 'rx': 53, 'cz': 52, 'rzz': 28, 'barrier': 8}",5,5,0,ok,,30.0,32.0,ok,,0.95,0.881565516261,27.0,28.0,0.99,0.987833544029,27.0,28.0,0.99,0.987833544029,27.0,28.0,custom_states,False,False,False,,
cluster2x2,cluster,4,monomial_full,sup023_P210_ph001,True,False,0.0,0.666667,98.0,110.0,9.82,311.0,325.2,80.0,81.4,128.0,"{'sx': 90, 'rz': 88, 'rx': 53, 'cz': 52, 'rzz': 28, 'barrier': 8}",5,5,0,ok,,29.0,32.0,ok,,0.95,0.858153319531,26.0,28.0,0.99,0.981399156403,26.0,28.0,0.99,0.981399156403,26.0,28.0,custom_states,False,False,False,,
cluster2x2,cluster,4,monomial_full,sup023_P210_ph002,True,False,0.0,0.666667,98.0,110.0,9.82,312.0,326.4,80.0,81.4,128.0,"{'sx': 90, 'rz': 89, 'rx': 53, 'cz': 52, 'rzz': 28, 'barrier': 8}",5,5,0,ok,,29.0,32.0,ok,,0.95,0.881565516261,26.0,28.0,0.99,0.987833544029,26.0,28.0,0.99,0.987833544029,26.0,28.0,custom_states,False,False,False,,
cluster2x2,cluster,4,monomial_full,sup023_P210_ph010,True,False,0.0,0.666667,99.0,110.6,9.5,309.0,325.8,80.0,81.4,128.0,"{'sx': 90, 'rz': 87, 'rx': 52, 'cz': 52, 'rzz': 28, 'barrier': 8}",5,5,0,ok,,30.0,32.0,ok,,0.95,0.881565516261,27.0,28.0,0.99,0.987833544029,27.0,28.0,0.99,0.987833544029,27.0,28.0,custom_states,False,False,False,,
cluster2x2,cluster,4,monomial_full,sup023_P210_ph011,True,False,0.0,0.666667,98.0,110.6,10.31,311.0,327.4,80.0,81.4,128.0,"{'sx': 90, 'rz': 89, 'rx': 52, 'cz': 52, 'rzz': 28, 'barrier': 8}",5,5,0,ok,,29.0,32.0,ok,,0.95,0.897400642848,26.0,28.0,0.99,0.985383702969,26.0,28.0,0.99,0.985383702969,26.0,28.0,custom_states,False,False,False,,
cluster2x2,cluster,4,monomial_full,sup023_P210_ph012,True,False,0.0,0.666667,99.0,111.0,9.82,312.0,327.8,80.0,81.4,128.0,"{'rz': 90, 'sx': 90, 'rx': 52, 'cz': 52, 'rzz': 28, 'barrier': 8}",5,5,0,ok,,30.0,32.0,ok,,0.95,0.967364800501,27.0,28.0,0.95,0.967364800501,27.0,28.0,0.95,0.967364800501,27.0,28.0,custom_states,False,False,False,,
cluster2x2,cluster,4,monomial_full,sup023_P210_ph020,True,False,0.0,0.666667,99.0,110.6,9.5,309.0,325.8,80.0,81.4,128.0,"{'sx': 90, 'rz': 87, 'rx': 52, 'cz': 52, 'rzz': 28, 'barrier': 8}",5,5,0,ok,,30.0,32.0,ok,,0.96,0.897400642848,27.0,28.0,0.99,0.985383702969,27.0,28.0,0.99,0.985383702969,27.0,28.0,custom_states,False,False,False,,
cluster2x2,cluster,4,monomial_full,sup023_P210_ph021,True,False,0.0,0.666667,100.0,111.4,9.33,316.0,329.6,80.0,81.4,128.0,"{'rz': 93, 'sx': 90, 'rx': 53, 'cz': 52, 'rzz': 28, 'barrier': 8}",5,5,0,ok,,30.0,32.0,ok,,0.95,0.881565516261,27.0,28.0,0.99,0.987833544029,27.0,28.0,0.99,0.987833544029,27.0,28.0,custom_states,False,False,False,,
cluster2x2,cluster,4,monomial_full,sup023_P210_ph022,True,False,0.0,0.666667,99.0,111.0,9.82,312.0,328.6,80.0,81.4,128.0,"{'rz': 90, 'sx': 90, 'rx': 52, 'cz': 52, 'rzz': 28, 'barrier': 8}",5,5,0,ok,,30.0,32.0,ok,,0.96,0.881565516261,27.0,28.0,0.99,0.987833544029,27.0,28.0,0.99,0.987833544029,27.0,28.0,custom_states,False,False,False,,
cluster2x2,cluster,4,monomial_full,sup023_P210_ph100,True,False,0.0,0.666667,100.0,111.4,9.33,316.0,329.6,80.0,81.4,128.0,"{'rz': 93, 'sx': 90, 'rx': 53, 'cz': 52, 'rzz': 28, 'barrier': 8}",5,5,0,ok,,30.0,32.0,ok,,0.95,0.967364800501,27.0,28.0,0.95,0.967364800501,27.0,28.0,0.95,0.967364800501,27.0,28.0,custom_states,False,False,False,,
cluster2x2,cluster,4,monomial_full,sup023_P210_ph101,True,False,0.0,0.666667,100.0,111.4,9.33,317.0,330.8,80.0,81.4,128.0,"{'rz': 94, 'sx': 90, 'rx': 53, 'cz': 52, 'rzz': 28, 'barrier': 8}",5,5,0,ok,,30.0,32.0,ok,,0.95,0.972417125822,27.0,28.0,0.95,0.972417125822,27.0,28.0,0.95,0.972417125822,27.0,28.0,custom_states,False,False,False,,
cluster2x2,cluster,4,monomial_full,sup023_P210_ph102,True,False,0.0,0.666667,100.0,111.0,9.01,314.0,328.0,80.0,81.4,128.0,"{'rz': 91, 'sx': 90, 'rx': 53, 'cz': 52, 'rzz': 28, 'barrier': 8}",5,5,0,ok,,30.0,32.0,ok,,0.95,0.967364800501,27.0,28.0,0.95,0.967364800501,27.0,28.0,0.95,0.967364800501,27.0,28.0,custom_states,False,False,False,,
cluster2x2,cluster,4,monomial_full,sup023_P210_ph110,True,False,0.0,0.666667,98.0,110.6,10.31,311.0,326.6,80.0,81.4,128.0,"{'sx': 90, 'rz': 89, 'rx': 52, 'cz': 52, 'rzz': 28, 'barrier': 8}",5,5,0,ok,,29.0,32.0,ok,,0.96,0.881565516261,26.0,28.0,0.99,0.987833544029,26.0,28.0,0.99,0.987833544029,26.0,28.0,custom_states,False,False,False,,
cluster2x2,cluster,4,monomial_full,sup023_P210_ph111,True,False,0.0,0.666667,99.0,111.0,9.82,312.0,328.6,80.0,81.4,128.0,"{'rz': 90, 'sx': 90, 'rx': 52, 'cz': 52, 'rzz': 28, 'barrier': 8}",5,5,0,ok,,30.0,32.0,ok,,0.96,0.897400642848,27.0,28.0,0.99,0.985383702969,27.0,28.0,0.99,0.985383702969,27.0,28.0,custom_states,False,False,False,,
cluster2x2,cluster,4,monomial_full,sup023_P210_ph112,True,False,0.0,0.666667,99.0,110.6,9.5,309.0,325.8,80.0,81.4,128.0,"{'sx': 90, 'rz': 87, 'rx': 52, 'cz': 52, 'rzz': 28, 'barrier': 8}",5,5,0,ok,,30.0,32.0,ok,,0.96,0.881565516261,27.0,28.0,0.99,0.987833544029,27.0,28.0,0.99,0.987833544029,27.0,28.0,custom_states,False,False,False,,
cluster2x2,cluster,4,monomial_full,sup023_P210_ph120,True,False,0.0,0.666667,98.0,110.0,9.82,311.0,326.0,80.0,81.4,128.0,"{'sx': 90, 'rz': 88, 'rx': 53, 'cz': 52, 'rzz': 28, 'barrier': 8}",5,5,0,ok,,29.0,32.0,ok,,0.95,0.881565516261,26.0,28.0,0.99,0.987833544029,26.0,28.0,0.99,0.987833544029,26.0,28.0,custom_states,False,False,False,,
cluster2x2,cluster,4,monomial_full,sup023_P210_ph121,True,False,0.0,0.666667,98.0,110.6,10.31,310.0,327.0,80.0,81.4,128.0,"{'sx': 90, 'rz': 89, 'cz': 52, 'rx': 51, 'rzz': 28, 'barrier': 8}",5,5,0,ok,,30.0,32.0,ok,,0.95,0.967364800501,27.0,28.0,0.95,0.967364800501,27.0,28.0,0.95,0.967364800501,27.0,28.0,custom_states,False,False,False,,
cluster2x2,cluster,4,monomial_full,sup023_P210_ph122,True,False,0.0,0.666667,96.0,108.8,10.48,303.0,320.2,80.0,81.4,128.0,"{'sx': 90, 'rz': 82, 'cz': 52, 'rx': 51, 'rzz': 28, 'barrier': 8}",5,5,0,ok,,29.0,32.0,ok,,0.95,0.881565516261,26.0,28.0,0.99,0.987833544029,26.0,28.0,0.99,0.987833544029,26.0,28.0,custom_states,False,False,False,,
cluster2x2,cluster,4,monomial_full,sup023_P210_ph200,True,False,0.0,0.666667,100.0,111.4,9.33,317.0,330.8,80.0,81.4,128.0,"{'rz': 94, 'sx': 90, 'rx': 53, 'cz': 52, 'rzz': 28, 'barrier': 8}",5,5,0,ok,,30.0,32.0,ok,,0.95,0.881565516261,27.0,28.0,0.99,0.987833544029,27.0,28.0,0.99,0.987833544029,27.0,28.0,custom_states,False,False,False,,
cluster2x2,cluster,4,monomial_full,sup023_P210_ph201,True,False,0.0,0.666667,99.0,110.6,9.5,309.0,325.8,80.0,81.4,128.0,"{'sx': 90, 'rz': 87, 'rx': 52, 'cz': 52, 'rzz': 28, 'barrier': 8}",5,5,0,ok,,30.0,32.0,ok,,0.96,0.881565516261,27.0,28.0,0.99,0.987833544029,27.0,28.0,0.99,0.987833544029,27.0,28.0,custom_states,False,False,False,,
cluster2x2,cluster,4,monomial_full,sup023_P210_ph202,True,False,0.0,0.666667,100.0,111.4,9.33,316.0,329.6,80.0,81.4,128.0,"{'rz': 93, 'sx': 90, 'rx': 53, 'cz': 52, 'rzz': 28, 'barrier': 8}",5,5,0,ok,,30.0,32.0,ok,,0.95,0.881565516261,27.0,28.0,0.99,0.987833544029,27.0,28.0,0.99,0.987833544029,27.0,28.0,custom_states,False,False,False,,
cluster2x2,cluster,4,monomial_full,sup023_P210_ph210,True,False,0.0,0.666667,98.0,110.6,10.31,310.0,327.0,80.0,81.4,128.0,"{'sx': 90, 'rz': 89, 'cz': 52, 'rx': 51, 'rzz': 28, 'barrier': 8}",5,5,0,ok,,30.0,32.0,ok,,0.96,0.881565516261,27.0,28.0,0.99,0.987833544029,27.0,28.0,0.99,0.987833544029,27.0,28.0,custom_states,False,False,False,,
cluster2x2,cluster,4,monomial_full,sup023_P210_ph211,True,False,0.0,0.666667,99.0,110.6,9.5,313.0,327.6,80.0,81.4,128.0,"{'rz': 90, 'sx': 90, 'rx': 53, 'cz': 52, 'rzz': 28, 'barrier': 8}",5,5,0,ok,,30.0,32.0,ok,,0.95,0.881565516261,27.0,28.0,0.99,0.987833544029,27.0,28.0,0.99,0.987833544029,27.0,28.0,custom_states,False,False,False,,
cluster2x2,cluster,4,monomial_full,sup023_P210_ph212,True,False,0.0,0.666667,98.0,110.0,9.82,311.0,325.2,80.0,81.4,128.0,"{'sx': 90, 'rz': 88, 'rx': 53, 'cz': 52, 'rzz': 28, 'barrier': 8}",5,5,0,ok,,29.0,32.0,ok,,0.95,0.881565516261,26.0,28.0,0.99,0.987833544029,26.0,28.0,0.99,0.987833544029,26.0,28.0,custom_states,False,False,False,,
cluster2x2,cluster,4,monomial_full,sup023_P210_ph220,True,False,0.0,0.666667,100.0,111.4,9.33,317.0,331.6,80.0,81.4,128.0,"{'rz': 94, 'sx': 90, 'rx': 53, 'cz': 52, 'rzz': 28, 'barrier': 8}",5,5,0,ok,,30.0,32.0,ok,,0.95,0.967364800501,27.0,28.0,0.95,0.967364800501,27.0,28.0,0.95,0.967364800501,27.0,28.0,custom_states,False,False,False,,
cluster2x2,cluster,4,monomial_full,sup023_P210_ph221,True,False,0.0,0.666667,99.0,110.6,9.5,309.0,325.8,80.0,81.4,128.0,"{'sx': 90, 'rz': 87, 'rx': 52, 'cz': 52, 'rzz': 28, 'barrier': 8}",5,5,0,ok,,30.0,32.0,ok,,0.96,0.881565516261,27.0,28.0,0.99,0.987833544029,27.0,28.0,0.99,0.987833544029,27.0,28.0,custom_states,False,False,False,,
cluster2x2,cluster,4,monomial_full,sup023_P210_ph222,True,False,0.0,0.666667,98.0,110.6,10.31,311.0,327.4,80.0,81.4,128.0,"{'sx': 90, 'rz': 89, 'rx': 52, 'cz': 52, 'rzz': 28, 'barrier': 8}",5,5,0,ok,,29.0,32.0,ok,,0.95,0.881565516261,26.0,28.0,0.99,0.987833544029,26.0,28.0,0.99,0.987833544029,26.0,28.0,custom_states,False,False,False,,
cluster2x2,cluster,4,monomial_full,sup123_P012_ph000,True,False,0.0,0.666667,98.0,109.8,9.68,309.0,324.6,80.0,81.4,128.0,"{'sx': 90, 'rz': 86, 'rx': 53, 'cz': 52, 'rzz': 28, 'barrier': 8}",5,5,0,ok,,29.0,32.0,ok,,0.97,0.881565516261,26.0,28.0,0.99,0.987833544029,26.0,28.0,0.99,0.987833544029,26.0,28.0,custom_states,False,False,False,,
cluster2x2,cluster,4,monomial_full,sup123_P012_ph001,True,False,0.0,0.666667,100.0,111.2,9.2,314.0,329.2,80.0,81.4,128.0,"{'rz': 91, 'sx': 90, 'rx': 53, 'cz': 52, 'rzz': 28, 'barrier': 8}",5,5,0,ok,,30.0,32.0,ok,,0.99,0.952022427351,27.0,28.0,0.99,0.952022427351,27.0,28.0,0.99,0.952022427351,27.0,28.0,custom_states,False,False,False,,
cluster2x2,cluster,4,monomial_full,sup123_P012_ph002,True,False,0.0,0.666667,99.0,110.4,9.39,312.0,327.6,80.0,81.4,128.0,"{'rz': 90, 'sx': 90, 'rx': 52, 'cz': 52, 'rzz': 28, 'barrier': 8}",5,5,0,ok,,30.0,32.0,ok,,0.96,0.881565516261,27.0,28.0,0.99,0.987833544029,27.0,28.0,0.99,0.987833544029,27.0,28.0,custom_states,False,False,False,,
cluster2x2,cluster,4,monomial_full,sup123_P012_ph010,True,False,0.0,0.666667,98.0,110.0,9.88,310.0,326.0,80.0,81.4,128.0,"{'sx': 90, 'rz': 88, 'rx': 52, 'cz': 52, 'rzz': 28, 'barrier': 8}",5,5,0,ok,,29.0,32.0,ok,,0.91,0.854852484486,26.0,28.0,0.99,0.977444366596,26.0,28.0,0.99,0.977444366596,26.0,28.0,custom_states,False,False,False,,
cluster2x2,cluster,4,monomial_full,sup123_P012_ph011,True,False,0.0,0.666667,98.0,110.0,9.88,310.0,326.0,80.0,81.4,128.0,"{'sx': 90, 'rz': 88, 'rx': 52, 'cz': 52, 'rzz': 28, 'barrier': 8}",5,5,0,ok,,29.0,32.0,ok,,0.95,0.881565516261,26.0,28.0,0.99,0.987833544029,26.0,28.0,0.99,0.987833544029,26.0,28.0,custom_states,False,False,False,,
cluster2x2,cluster,4,monomial_full,sup123_P012_ph012,True,False,0.0,0.666667,98.0,109.8,9.68,306.0,322.8,80.0,81.4,128.0,"{'sx': 90, 'rz': 85, 'cz': 52, 'rx': 51, 'rzz': 28, 'barrier': 8}",5,5,0,ok,,29.0,32.0,ok,,0.96,0.881565516261,26.0,28.0,0.99,0.987833544029,26.0,28.0,0.99,0.987833544029,26.0,28.0,custom_states,False,False,False,,
cluster2x2,cluster,4,monomial_full,sup123_P012_ph020,True,False,0.0,0.666667,99.0,110.4,9.39,312.0,328.0,80.0,81.4,128.0,"{'rz': 90, 'sx': 90, 'rx': 52, 'cz': 52, 'rzz': 28, 'barrier': 8}",5,5,0,ok,,30.0,32.0,ok,,0.95,0.881565516261,27.0,28.0,0.99,0.987833544029,27.0,28.0,0.99,0.987833544029,27.0,28.0,custom_states,False,False,False,,
cluster2x2,cluster,4,monomial_full,sup123_P012_ph021,True,False,0.0,0.666667,98.0,109.8,9.68,306.0,322.8,80.0,81.4,128.0,"{'sx': 90, 'rz': 85, 'cz': 52, 'rx': 51, 'rzz': 28, 'barrier': 8}",5,5,0,ok,,29.0,32.0,ok,,0.95,0.862044613701,26.0,28.0,0.99,0.987833544029,26.0,28.0,0.99,0.987833544029,26.0,28.0,custom_states,False,False,False,,
cluster2x2,cluster,4,monomial_full,sup123_P012_ph022,True,False,0.0,0.666667,100.0,111.2,9.2,314.0,329.6,80.0,81.4,128.0,"{'rz': 91, 'sx': 90, 'rx': 53, 'cz': 52, 'rzz': 28, 'barrier': 8}",5,5,0,ok,,30.0,32.0,ok,,0.93,0.857263360276,27.0,28.0,0.99,0.96067267467,27.0,28.0,0.99,0.96067267467,27.0,28.0,custom_states,False,False,False,,
cluster2x2,cluster,4,monomial_full,sup123_P012_ph100,True,False,0.0,0.666667,98.0,109.8,9.68,307.0,323.0,80.0,81.4,128.0,"{'sx': 90, 'rz': 84, 'rx': 53, 'cz': 52, 'rzz': 28, 'barrier': 8}",5,5,0,ok,,29.0,32.0,ok,,0.96,0.881565516261,26.0,28.0,0.99,0.987833544029,26.0,28.0,0.99,0.987833544029,26.0,28.0,custom_states,False,False,False,,
cluster2x2,cluster,4,monomial_full,sup123_P012_ph101,True,False,0.0,0.666667,98.0,110.0,9.88,310.0,326.0,80.0,81.4,128.0,"{'sx': 90, 'rz': 88, 'rx': 52, 'cz': 52, 'rzz': 28, 'barrier': 8}",5,5,0,ok,,29.0,32.0,ok,,0.96,0.881565516261,26.0,28.0,0.99,0.987833544029,26.0,28.0,0.99,0.987833544029,26.0,28.0,custom_states,False,False,False,,
cluster2x2,cluster,4,monomial_full,sup123_P012_ph102,True,False,0.0,0.666667,98.0,110.0,9.88,310.0,326.0,80.0,81.4,128.0,"{'sx': 90, 'rz': 88, 'rx': 52, 'cz': 52, 'rzz': 28, 'barrier': 8}",5,5,0,ok,,29.0,32.0,ok,,0.95,0.881565516261,26.0,28.0,0.99,0.987833544029,26.0,28.0,0.99,0.987833544029,26.0,28.0,custom_states,False,False,False,,
cluster2x2,cluster,4,monomial_full,sup123_P012_ph110,True,False,0.0,0.666667,100.0,111.2,9.2,314.0,329.6,80.0,81.4,128.0,"{'rz': 91, 'sx': 90, 'rx': 53, 'cz': 52, 'rzz': 28, 'barrier': 8}",5,5,0,ok,,30.0,32.0,ok,,0.95,0.892739721951,27.0,28.0,0.99,0.987255030999,27.0,28.0,0.99,0.987255030999,27.0,28.0,custom_states,False,False,False,,
cluster2x2,cluster,4,monomial_full,sup123_P012_ph111,True,False,0.0,0.666667,99.0,110.4,9.39,312.0,328.0,80.0,81.4,128.0,"{'rz': 90, 'sx': 90, 'rx': 52, 'cz': 52, 'rzz': 28, 'barrier': 8}",5,5,0,ok,,30.0,32.0,ok,,0.96,0.881565516261,27.0,28.0,0.99,0.987833544029,27.0,28.0,0.99,0.987833544029,27.0,28.0,custom_states,False,False,False,,
cluster2x2,cluster,4,monomial_full,sup123_P012_ph112,True,False,0.0,0.666667,98.0,109.8,9.68,306.0,322.8,80.0,81.4,128.0,"{'sx': 90, 'rz': 85, 'cz': 52, 'rx': 51, 'rzz': 28, 'barrier': 8}",5,5,0,ok,,29.0,32.0,ok,,0.95,0.881565516261,26.0,28.0,0.99,0.987833544029,26.0,28.0,0.99,0.987833544029,26.0,28.0,custom_states,False,False,False,,
cluster2x2,cluster,4,monomial_full,sup123_P012_ph120,True,False,0.0,0.666667,99.0,110.4,9.39,312.0,327.6,80.0,81.4,128.0,"{'rz': 90, 'sx': 90, 'rx': 52, 'cz': 52, 'rzz': 28, 'barrier': 8}",5,5,0,ok,,30.0,32.0,ok,,0.95,0.881565516261,27.0,28.0,0.99,0.987833544029,27.0,28.0,0.99,0.987833544029,27.0,28.0,custom_states,False,False,False,,
cluster2x2,cluster,4,monomial_full,sup123_P012_ph121,True,False,0.0,0.666667,97.0,109.4,10.17,304.0,321.0,80.0,81.4,128.0,"{'sx': 90, 'rz': 83, 'cz': 52, 'rx': 51, 'rzz': 28, 'barrier': 8}",5,5,0,ok,,29.0,32.0,ok,,0.96,0.881565516261,26.0,28.0,0.99,0.987833544029,26.0,28.0,0.99,0.987833544029,26.0,28.0,custom_states,False,False,False,,
cluster2x2,cluster,4,monomial_full,sup123_P012_ph122,True,False,0.0,0.666667,99.0,110.4,9.39,312.0,327.6,80.0,81.4,128.0,"{'rz': 90, 'sx': 90, 'rx': 52, 'cz': 52, 'rzz': 28, 'barrier': 8}",5,5,0,ok,,30.0,32.0,ok,,0.95,0.871436971471,27.0,28.0,0.99,0.985901322621,27.0,28.0,0.99,0.985901322621,27.0,28.0,custom_states,False,False,False,,
cluster2x2,cluster,4,monomial_full,sup123_P012_ph200,True,False,0.0,0.666667,98.0,109.8,9.68,309.0,325.0,80.0,81.4,128.0,"{'sx': 90, 'rz': 86, 'rx': 53, 'cz': 52, 'rzz': 28, 'barrier': 8}",5,5,0,ok,,29.0,32.0,ok,,0.95,0.881565516261,26.0,28.0,0.99,0.987833544029,26.0,28.0,0.99,0.987833544029,26.0,28.0,custom_states,False,False,False,,
cluster2x2,cluster,4,monomial_full,sup123_P012_ph201,True,False,0.0,0.666667,100.0,111.2,9.2,314.0,329.6,80.0,81.4,128.0,"{'rz': 91, 'sx': 90, 'rx': 53, 'cz': 52, 'rzz': 28, 'barrier': 8}",5,5,0,ok,,30.0,32.0,ok,,0.95,0.881565516261,27.0,28.0,0.99,0.987833544029,27.0,28.0,0.99,0.987833544029,27.0,28.0,custom_states,False,False,False,,
cluster2x2,cluster,4,monomial_full,sup123_P012_ph202,True,False,0.0,0.666667,100.0,111.2,9.2,314.0,329.6,80.0,81.4,128.0,"{'rz': 91, 'sx': 90, 'rx': 53, 'cz': 52, 'rzz': 28, 'barrier': 8}",5,5,0,ok,,30.0,32.0,ok,,0.99,0.952022427351,27.0,28.0,0.99,0.952022427351,27.0,28.0,0.99,0.952022427351,27.0,28.0,custom_states,False,False,False,,
cluster2x2,cluster,4,monomial_full,sup123_P012_ph210,True,False,0.0,0.666667,100.0,111.2,9.2,314.0,329.2,80.0,81.4,128.0,"{'rz': 91, 'sx': 90, 'rx': 53, 'cz': 52, 'rzz': 28, 'barrier': 8}",5,5,0,ok,,30.0,32.0,ok,,0.96,0.881565516261,27.0,28.0,0.99,0.987833544029,27.0,28.0,0.99,0.987833544029,27.0,28.0,custom_states,False,False,False,,
cluster2x2,cluster,4,monomial_full,sup123_P012_ph211,True,False,0.0,0.666667,99.0,110.4,9.39,312.0,327.6,80.0,81.4,128.0,"{'rz': 90, 'sx': 90, 'rx': 52, 'cz': 52, 'rzz': 28, 'barrier': 8}",5,5,0,ok,,30.0,32.0,ok,,0.95,0.881565516261,27.0,28.0,0.99,0.987833544029,27.0,28.0,0.99,0.987833544029,27.0,28.0,custom_states,False,False,False,,
cluster2x2,cluster,4,monomial_full,sup123_P012_ph212,True,False,0.0,0.666667,98.0,109.8,9.68,309.0,324.6,80.0,81.4,128.0,"{'sx': 90, 'rz': 86, 'rx': 53, 'cz': 52, 'rzz': 28, 'barrier': 8}",5,5,0,ok,,29.0,32.0,ok,,0.96,0.881565516261,26.0,28.0,0.99,0.987833544029,26.0,28.0,0.99,0.987833544029,26.0,28.0,custom_states,False,False,False,,
cluster2x2,cluster,4,monomial_full,sup123_P012_ph220,True,False,0.0,0.666667,98.0,110.0,9.88,310.0,326.0,80.0,81.4,128.0,"{'sx': 90, 'rz': 88, 'rx': 52, 'cz': 52, 'rzz': 28, 'barrier': 8}",5,5,0,ok,,29.0,32.0,ok,,0.96,0.881565516261,26.0,28.0,0.99,0.987833544029,26.0,28.0,0.99,0.987833544029,26.0,28.0,custom_states,False,False,False,,
cluster2x2,cluster,4,monomial_full,sup123_P012_ph221,True,False,0.0,0.666667,98.0,109.8,9.68,306.0,322.8,80.0,81.4,128.0,"{'sx': 90, 'rz': 85, 'cz': 52, 'rx': 51, 'rzz': 28, 'barrier': 8}",5,5,0,ok,,29.0,32.0,ok,,0.95,0.881565516261,26.0,28.0,0.99,0.987833544029,26.0,28.0,0.99,0.987833544029,26.0,28.0,custom_states,False,False,False,,
cluster2x2,cluster,4,monomial_full,sup123_P012_ph222,True,False,0.0,0.666667,98.0,110.0,9.88,310.0,326.0,80.0,81.4,128.0,"{'sx': 90, 'rz': 88, 'rx': 52, 'cz': 52, 'rzz': 28, 'barrier': 8}",5,5,0,ok,,29.0,32.0,ok,,0.98,0.881565516261,26.0,28.0,0.99,0.987833544029,26.0,28.0,0.99,0.987833544029,26.0,28.0,custom_states,False,False,False,,
cluster2x2,cluster,4,monomial_full,sup123_P021_ph000,True,False,0.0,0.666667,108.0,116.6,7.03,336.0,352.8,84.0,85.4,128.0,"{'rz': 104, 'sx': 90, 'rx': 58, 'cz': 48, 'rzz': 36, 'barrier': 8}",5,5,0,ok,,35.0,36.0,ok,,0.97,0.881565516261,32.0,32.0,0.99,0.987833544029,32.0,32.0,0.99,0.987833544029,32.0,32.0,custom_states,False,False,False,,
cluster2x2,cluster,4,monomial_full,sup123_P021_ph001,True,False,0.0,0.666667,108.0,116.4,6.89,337.0,354.8,84.0,85.4,128.0,"{'rz': 105, 'sx': 90, 'rx': 58, 'cz': 48, 'rzz': 36, 'barrier': 8}",5,5,0,ok,,35.0,36.0,ok,,0.95,0.967364800501,32.0,32.0,0.95,0.967364800501,32.0,32.0,0.95,0.967364800501,32.0,32.0,custom_states,False,False,False,,
cluster2x2,cluster,4,monomial_full,sup123_P021_ph002,True,False,0.0,0.666667,108.0,116.6,7.03,337.0,354.4,84.0,85.4,128.0,"{'rz': 105, 'sx': 90, 'rx': 58, 'cz': 48, 'rzz': 36, 'barrier': 8}",5,5,0,ok,,35.0,36.0,ok,,0.97,0.881565516261,32.0,32.0,0.99,0.987833544029,32.0,32.0,0.99,0.987833544029,32.0,32.0,custom_states,False,False,False,,
cluster2x2,cluster,4,monomial_full,sup123_P021_ph010,True,False,0.0,0.666667,108.0,116.8,7.19,343.0,359.8,84.0,85.4,128.0,"{'rz': 108, 'sx': 90, 'rx': 61, 'cz': 48, 'rzz': 36, 'barrier': 8}",5,5,0,ok,,35.0,36.0,ok,,0.96,0.899848527184,32.0,32.0,0.99,0.987833544029,32.0,32.0,0.99,0.987833544029,32.0,32.0,custom_states,False,False,False,,
cluster2x2,cluster,4,monomial_full,sup123_P021_ph011,True,False,0.0,0.666667,108.0,116.8,7.19,337.0,354.2,84.0,85.4,128.0,"{'rz': 105, 'sx': 90, 'rx': 58, 'cz': 48, 'rzz': 36, 'barrier': 8}",5,5,0,ok,,35.0,36.0,ok,,0.97,0.899848527184,32.0,32.0,0.99,0.987833544029,32.0,32.0,0.99,0.987833544029,32.0,32.0,custom_states,False,False,False,,
cluster2x2,cluster,4,monomial_full,sup123_P021_ph012,True,False,0.0,0.666667,108.0,116.8,7.19,340.0,356.4,84.0,85.4,128.0,"{'rz': 108, 'sx': 90, 'rx': 58, 'cz': 48, 'rzz': 36, 'barrier': 8}",5,5,0,ok,,35.0,36.0,ok,,0.98,0.881565516261,32.0,32.0,0.99,0.987833544029,32.0,32.0,0.99,0.987833544029,32.0,32.0,custom_states,False,False,False,,
cluster2x2,cluster,4,monomial_full,sup123_P021_ph020,True,False,0.0,0.666667,107.0,116.4,7.68,340.0,357.6,84.0,85.4,128.0,"{'rz': 105, 'sx': 90, 'rx': 61, 'cz': 48, 'rzz': 36, 'barrier': 8}",5,5,0,ok,,35.0,36.0,ok,,0.99,0.987833544029,32.0,32.0,0.99,0.987833544029,32.0,32.0,0.99,0.987833544029,32.0,32.0,custom_states,False,False,False,,
cluster2x2,cluster,4,monomial_full,sup123_P021_ph021,True,False,0.0,0.666667,108.0,116.8,7.19,339.0,356.6,84.0,85.4,128.0,"{'rz': 107, 'sx': 90, 'rx': 58, 'cz': 48, 'rzz': 36, 'barrier': 8}",5,5,0,ok,,35.0,36.0,ok,,0.96,0.881565516261,32.0,32.0,0.99,0.987833544029,32.0,32.0,0.99,0.987833544029,32.0,32.0,custom_states,False,False,False,,
cluster2x2,cluster,4,monomial_full,sup123_P021_ph022,True,False,0.0,0.666667,108.0,116.8,7.19,341.0,357.8,84.0,85.4,128.0,"{'rz': 106, 'sx': 90, 'rx': 61, 'cz': 48, 'rzz': 36, 'barrier': 8}",5,5,0,ok,,35.0,36.0,ok,,0.97,0.881565516261,32.0,32.0,0.99,0.987833544029,32.0,32.0,0.99,0.987833544029,32.0,32.0,custom_states,False,False,False,,
cluster2x2,cluster,4,monomial_full,sup123_P021_ph100,True,False,0.0,0.666667,108.0,116.8,7.19,340.0,354.4,84.0,85.4,128.0,"{'rz': 108, 'sx': 90, 'rx': 58, 'cz': 48, 'rzz': 36, 'barrier': 8}",5,5,0,ok,,35.0,36.0,ok,,0.95,0.881565516261,32.0,32.0,0.99,0.987833544029,32.0,32.0,0.99,0.987833544029,32.0,32.0,custom_states,False,False,False,,
cluster2x2,cluster,4,monomial_full,sup123_P021_ph101,True,False,0.0,0.666667,108.0,116.8,7.19,343.0,359.6,84.0,85.4,128.0,"{'rz': 108, 'sx': 90, 'rx': 61, 'cz': 48, 'rzz': 36, 'barrier': 8}",5,5,0,ok,,35.0,36.0,ok,,0.96,0.881565516261,32.0,32.0,0.99,0.987833544029,32.0,32.0,0.99,0.987833544029,32.0,32.0,custom_states,False,False,False,,
cluster2x2,cluster,4,monomial_full,sup123_P021_ph102,True,False,0.0,0.666667,108.0,116.8,7.19,339.0,355.4,84.0,85.4,128.0,"{'rz': 107, 'sx': 90, 'rx': 58, 'cz': 48, 'rzz': 36, 'barrier': 8}",5,5,0,ok,,35.0,36.0,ok,,0.97,0.881565516261,32.0,32.0,0.99,0.987833544029,32.0,32.0,0.99,0.987833544029,32.0,32.0,custom_states,False,False,False,,
cluster2x2,cluster,4,monomial_full,sup123_P021_ph110,True,False,0.0,0.666667,108.0,116.6,7.06,340.0,355.6,84.0,85.4,128.0,"{'rz': 108, 'sx': 90, 'rx': 58, 'cz': 48, 'rzz': 36, 'barrier': 8}",5,5,0,ok,,35.0,36.0,ok,,0.96,0.881565516261,32.0,32.0,0.99,0.987833544029,32.0,32.0,0.99,0.987833544029,32.0,32.0,custom_states,False,False,False,,
cluster2x2,cluster,4,monomial_full,sup123_P021_ph111,True,False,0.0,0.666667,108.0,116.4,6.89,340.0,355.6,84.0,85.4,128.0,"{'rz': 105, 'sx': 90, 'rx': 61, 'cz': 48, 'rzz': 36, 'barrier': 8}",5,5,0,ok,,35.0,36.0,ok,,0.97,0.881565516261,32.0,32.0,0.99,0.987833544029,32.0,32.0,0.99,0.987833544029,32.0,32.0,custom_states,False,False,False,,
cluster2x2,cluster,4,monomial_full,sup123_P021_ph112,True,False,0.0,0.666667,108.0,116.6,7.06,343.0,359.0,84.0,85.4,128.0,"{'rz': 108, 'sx': 90, 'rx': 61, 'cz': 48, 'rzz': 36, 'barrier': 8}",5,5,0,ok,,35.0,36.0,ok,,0.97,0.881565516261,32.0,32.0,0.99,0.987833544029,32.0,32.0,0.99,0.987833544029,32.0,32.0,custom_states,False,False,False,,
cluster2x2,cluster,4,monomial_full,sup123_P021_ph120,True,False,0.0,0.666667,108.0,116.8,7.19,340.0,357.6,84.0,85.4,128.0,"{'rz': 108, 'sx': 90, 'rx': 58, 'cz': 48, 'rzz': 36, 'barrier': 8}",5,5,0,ok,,35.0,36.0,ok,,0.98,0.881565516261,32.0,32.0,0.99,0.987833544029,32.0,32.0,0.99,0.987833544029,32.0,32.0,custom_states,False,False,False,,
cluster2x2,cluster,4,monomial_full,sup123_P021_ph121,True,False,0.0,0.666667,108.0,116.8,7.19,343.0,358.6,84.0,85.4,128.0,"{'rz': 108, 'sx': 90, 'rx': 61, 'cz': 48, 'rzz': 36, 'barrier': 8}",5,5,0,ok,,35.0,36.0,ok,,0.99,0.946673107426,32.0,32.0,0.99,0.946673107426,32.0,32.0,,,,,custom_states,False,False,False,,
cluster2x2,cluster,4,monomial_full,sup123_P021_ph122,True,False,0.0,0.666667,108.0,116.8,7.19,336.0,353.6,84.0,85.4,128.0,"{'rz': 104, 'sx': 90, 'rx': 58, 'cz': 48, 'rzz': 36, 'barrier': 8}",5,5,0,ok,,35.0,36.0,ok,,0.95,0.878524862232,31.0,32.0,0.99,0.987433369831,31.0,32.0,0.99,0.987433369831,31.0,32.0,custom_states,False,False,False,,
cluster2x2,cluster,4,monomial_full,sup123_P021_ph200,True,False,0.0,0.666667,108.0,116.8,7.19,339.0,354.8,84.0,85.4,128.0,"{'rz': 107, 'sx': 90, 'rx': 58, 'cz': 48, 'rzz': 36, 'barrier': 8}",5,5,0,ok,,35.0,36.0,ok,,0.99,0.942059753204,32.0,32.0,0.99,0.942059753204,32.0,32.0,,,,,custom_states,False,False,False,,
cluster2x2,cluster,4,monomial_full,sup123_P021_ph201,True,False,0.0,0.666667,108.0,116.8,7.19,343.0,358.6,84.0,85.4,128.0,"{'rz': 108, 'sx': 90, 'rx': 61, 'cz': 48, 'rzz': 36, 'barrier': 8}",5,5,0,ok,,35.0,36.0,ok,,0.97,0.899848527184,32.0,32.0,0.99,0.987833544029,32.0,32.0,0.99,0.987833544029,32.0,32.0,custom_states,False,False,False,,
cluster2x2,cluster,4,monomial_full,sup123_P021_ph202,True,False,0.0,0.666667,108.0,116.8,7.19,340.0,356.4,84.0,85.4,128.0,"{'rz': 108, 'sx': 90, 'rx': 58, 'cz': 48, 'rzz': 36, 'barrier': 8}",5,5,0,ok,,35.0,36.0,ok,,0.97,0.881565516261,32.0,32.0,0.99,0.987833544029,32.0,32.0,0.99,0.987833544029,32.0,32.0,custom_states,False,False,False,,
cluster2x2,cluster,4,monomial_full,sup123_P021_ph210,True,False,0.0,0.666667,108.0,116.8,7.19,343.0,358.6,84.0,85.4,128.0,"{'rz': 108, 'sx': 90, 'rx': 61, 'cz': 48, 'rzz': 36, 'barrier': 8}",5,5,0,ok,,35.0,36.0,ok,,0.96,0.881565516261,31.0,32.0,0.99,0.987833544029,32.0,32.0,0.99,0.987833544029,32.0,32.0,custom_states,False,False,False,,
cluster2x2,cluster,4,monomial_full,sup123_P021_ph211,True,False,0.0,0.666667,108.0,116.8,7.19,337.0,353.2,84.0,85.4,128.0,"{'rz': 105, 'sx': 90, 'rx': 58, 'cz': 48, 'rzz': 36, 'barrier': 8}",5,5,0,ok,,35.0,36.0,ok,,0.95,0.881565516261,32.0,32.0,0.99,0.987833544029,32.0,32.0,0.99,0.987833544029,32.0,32.0,custom_states,False,False,False,,
cluster2x2,cluster,4,monomial_full,sup123_P021_ph212,True,False,0.0,0.666667,108.0,116.8,7.19,340.0,357.0,84.0,85.4,128.0,"{'rz': 108, 'sx': 90, 'rx': 58, 'cz': 48, 'rzz': 36, 'barrier': 8}",5,5,0,ok,,35.0,36.0,ok,,0.99,0.933476310562,31.0,32.0,0.99,0.933476310562,31.0,32.0,,,,,custom_states,False,False,False,,
cluster2x2,cluster,4,monomial_full,sup123_P021_ph220,True,False,0.0,0.666667,108.0,116.4,6.89,340.0,355.8,84.0,85.4,128.0,"{'rz': 105, 'sx': 90, 'rx': 61, 'cz': 48, 'rzz': 36, 'barrier': 8}",5,5,0,ok,,35.0,36.0,ok,,0.97,0.881565516261,32.0,32.0,0.99,0.987833544029,32.0,32.0,0.99,0.987833544029,32.0,32.0,custom_states,False,False,False,,
cluster2x2,cluster,4,monomial_full,sup123_P021_ph221,True,False,0.0,0.666667,108.0,116.6,7.03,340.0,357.8,84.0,85.4,128.0,"{'rz': 105, 'sx': 90, 'rx': 61, 'cz': 48, 'rzz': 36, 'barrier': 8}",5,5,0,ok,,35.0,36.0,ok,,0.96,0.881565516261,32.0,32.0,0.99,0.987833544029,32.0,32.0,0.99,0.987833544029,32.0,32.0,custom_states,False,False,False,,
cluster2x2,cluster,4,monomial_full,sup123_P021_ph222,True,False,0.0,0.666667,108.0,116.4,6.89,340.0,355.8,84.0,85.4,128.0,"{'rz': 105, 'sx': 90, 'rx': 61, 'cz': 48, 'rzz': 36, 'barrier': 8}",5,5,0,ok,,35.0,36.0,ok,,0.97,0.881565516261,32.0,32.0,0.99,0.987833544029,32.0,32.0,0.99,0.987833544029,32.0,32.0,custom_states,False,False,False,,
cluster2x2,cluster,4,monomial_full,sup123_P102_ph000,True,False,0.0,0.666667,108.0,117.2,7.57,343.0,360.0,84.0,85.4,128.0,"{'rz': 106, 'sx': 90, 'rx': 63, 'cz': 48, 'rzz': 36, 'barrier': 8}",5,5,0,ok,,35.0,36.0,ok,,0.96,0.881565516261,32.0,32.0,0.99,0.987833544029,32.0,32.0,0.99,0.987833544029,32.0,32.0,custom_states,False,False,False,,
cluster2x2,cluster,4,monomial_full,sup123_P102_ph001,True,False,0.0,0.666667,108.0,117.2,7.57,345.0,361.0,84.0,85.4,128.0,"{'rz': 107, 'sx': 90, 'rx': 64, 'cz': 48, 'rzz': 36, 'barrier': 8}",5,5,0,ok,,35.0,36.0,ok,,0.97,0.881565516261,32.0,32.0,0.99,0.987833544029,32.0,32.0,0.99,0.987833544029,32.0,32.0,custom_states,False,False,False,,
cluster2x2,cluster,4,monomial_full,sup123_P102_ph002,True,False,0.0,0.666667,108.0,117.2,7.57,347.0,362.2,84.0,85.4,128.0,"{'rz': 109, 'sx': 90, 'rx': 64, 'cz': 48, 'rzz': 36, 'barrier': 8}",5,5,0,ok,,35.0,36.0,ok,,0.96,0.881565516261,32.0,32.0,0.99,0.987833544029,32.0,32.0,0.99,0.987833544029,32.0,32.0,custom_states,False,False,False,,
cluster2x2,cluster,4,monomial_full,sup123_P102_ph010,True,False,0.0,0.666667,108.0,117.6,7.86,341.0,357.6,84.0,85.4,128.0,"{'rz': 104, 'sx': 90, 'rx': 63, 'cz': 48, 'rzz': 36, 'barrier': 8}",5,5,0,ok,,35.0,36.0,ok,,0.95,0.881565516261,32.0,32.0,0.99,0.987833544029,32.0,32.0,0.99,0.987833544029,32.0,32.0,custom_states,False,False,False,,
cluster2x2,cluster,4,monomial_full,sup123_P102_ph011,True,False,0.0,0.666667,108.0,117.6,7.86,345.0,361.8,84.0,85.4,128.0,"{'rz': 107, 'sx': 90, 'rx': 64, 'cz': 48, 'rzz': 36, 'barrier': 8}",5,5,0,ok,,35.0,36.0,ok,,0.95,0.881565516261,32.0,32.0,0.99,0.987833544029,32.0,32.0,0.99,0.987833544029,32.0,32.0,custom_states,False,False,False,,
cluster2x2,cluster,4,monomial_full,sup123_P102_ph012,True,False,0.0,0.666667,108.0,117.6,7.86,345.0,361.4,84.0,85.4,128.0,"{'rz': 107, 'sx': 90, 'rx': 64, 'cz': 48, 'rzz': 36, 'barrier': 8}",5,5,0,ok,,35.0,36.0,ok,,0.96,0.881565516261,32.0,32.0,0.99,0.987833544029,32.0,32.0,0.99,0.987833544029,32.0,32.0,custom_states,False,False,False,,
cluster2x2,cluster,4,monomial_full,sup123_P102_ph020,True,False,0.0,0.666667,108.0,117.6,7.86,345.0,361.0,84.0,85.4,128.0,"{'rz': 107, 'sx': 90, 'rx': 64, 'cz': 48, 'rzz': 36, 'barrier': 8}",5,5,0,ok,,35.0,36.0,ok,,0.95,0.881565516261,32.0,32.0,0.99,0.987833544029,32.0,32.0,0.99,0.987833544029,32.0,32.0,custom_states,False,False,False,,
cluster2x2,cluster,4,monomial_full,sup123_P102_ph021,True,False,0.0,0.666667,108.0,117.6,7.86,347.0,363.2,84.0,85.4,128.0,"{'rz': 109, 'sx': 90, 'rx': 64, 'cz': 48, 'rzz': 36, 'barrier': 8}",5,5,0,ok,,35.0,36.0,ok,,0.96,0.881565516261,32.0,32.0,0.99,0.987833544029,32.0,32.0,0.99,0.987833544029,32.0,32.0,custom_states,False,False,False,,
cluster2x2,cluster,4,monomial_full,sup123_P102_ph022,True,False,0.0,0.666667,108.0,117.6,7.86,347.0,363.2,84.0,85.4,128.0,"{'rz': 109, 'sx': 90, 'rx': 64, 'cz': 48, 'rzz': 36, 'barrier': 8}",5,5,0,ok,,35.0,36.0,ok,,0.97,0.881565516261,32.0,32.0,0.99,0.987833544029,32.0,32.0,0.99,0.987833544029,32.0,32.0,custom_states,False,False,False,,
cluster2x2,cluster,4,monomial_full,sup123_P102_ph100,True,False,0.0,0.666667,108.0,117.6,7.86,347.0,363.2,84.0,85.4,128.0,"{'rz': 109, 'sx': 90, 'rx': 64, 'cz': 48, 'rzz': 36, 'barrier': 8}",5,5,0,ok,,35.0,36.0,ok,,0.95,0.881565516261,32.0,32.0,0.99,0.987833544029,32.0,32.0,0.99,0.987833544029,32.0,32.0,custom_states,False,False,False,,
cluster2x2,cluster,4,monomial_full,sup123_P102_ph101,True,False,0.0,0.666667,108.0,117.6,7.86,344.0,360.6,84.0,85.4,128.0,"{'rz': 107, 'sx': 90, 'rx': 63, 'cz': 48, 'rzz': 36, 'barrier': 8}",5,5,0,ok,,35.0,36.0,ok,,0.95,0.881565516261,32.0,32.0,0.99,0.987833544029,32.0,32.0,0.99,0.987833544029,32.0,32.0,custom_states,False,False,False,,
cluster2x2,cluster,4,monomial_full,sup123_P102_ph102,True,False,0.0,0.666667,108.0,117.6,7.86,347.0,363.2,84.0,85.4,128.0,"{'rz': 109, 'sx': 90, 'rx': 64, 'cz': 48, 'rzz': 36, 'barrier': 8}",5,5,0,ok,,35.0,36.0,ok,,0.95,0.967364800501,32.0,32.0,0.95,0.967364800501,32.0,32.0,0.95,0.967364800501,32.0,32.0,custom_states,False,False,False,,
cluster2x2,cluster,4,monomial_full,sup123_P102_ph110,True,False,0.0,0.666667,108.0,117.0,7.38,344.0,359.8,84.0,85.4,128.0,"{'rz': 106, 'sx': 90, 'rx': 64, 'cz': 48, 'rzz': 36, 'barrier': 8}",5,5,0,ok,,35.0,36.0,ok,,0.97,0.881565516261,32.0,32.0,0.99,0.987833544029,32.0,32.0,0.99,0.987833544029,32.0,32.0,custom_states,False,False,False,,
cluster2x2,cluster,4,monomial_full,sup123_P102_ph111,True,False,0.0,0.666667,108.0,117.4,7.71,342.0,358.2,84.0,85.4,128.0,"{'rz': 105, 'sx': 90, 'rx': 63, 'cz': 48, 'rzz': 36, 'barrier': 8}",5,5,0,ok,,35.0,36.0,ok,,0.95,0.881565516261,32.0,32.0,0.99,0.987833544029,32.0,32.0,0.99,0.987833544029,32.0,32.0,custom_states,False,False,False,,
cluster2x2,cluster,4,monomial_full,sup123_P102_ph112,True,False,0.0,0.666667,108.0,116.8,7.22,344.0,359.4,84.0,85.4,128.0,"{'rz': 106, 'sx': 90, 'rx': 64, 'cz': 48, 'rzz': 36, 'barrier': 8}",5,5,0,ok,,35.0,36.0,ok,,0.95,0.881565516261,32.0,32.0,0.99,0.987833544029,32.0,32.0,0.99,0.987833544029,32.0,32.0,custom_states,False,False,False,,
cluster2x2,cluster,4,monomial_full,sup123_P102_ph120,True,False,0.0,0.666667,108.0,117.6,7.86,345.0,361.6,84.0,85.4,128.0,"{'rz': 107, 'sx': 90, 'rx': 64, 'cz': 48, 'rzz': 36, 'barrier': 8}",5,5,0,ok,,35.0,36.0,ok,,0.96,0.881565516261,32.0,32.0,0.99,0.987833544029,32.0,32.0,0.99,0.987833544029,32.0,32.0,custom_states,False,False,False,,
cluster2x2,cluster,4,monomial_full,sup123_P102_ph121,True,False,0.0,0.666667,108.0,117.6,7.86,340.0,356.8,84.0,85.4,128.0,"{'rz': 102, 'sx': 90, 'rx': 64, 'cz': 48, 'rzz': 36, 'barrier': 8}",5,5,0,ok,,35.0,36.0,ok,,0.99,0.987833544029,32.0,32.0,0.99,0.987833544029,32.0,32.0,0.99,0.987833544029,32.0,32.0,custom_states,False,False,False,,
cluster2x2,cluster,4,monomial_full,sup123_P102_ph122,True,False,0.0,0.666667,108.0,117.6,7.86,346.0,362.2,84.0,85.4,128.0,"{'rz': 108, 'sx': 90, 'rx': 64, 'cz': 48, 'rzz': 36, 'barrier': 8}",5,5,0,ok,,35.0,36.0,ok,,0.98,0.901564083794,32.0,32.0,0.98,0.901564083794,32.0,32.0,0.99,0.981866520367,32.0,32.0,custom_states,False,False,False,,
cluster2x2,cluster,4,monomial_full,sup123_P102_ph200,True,False,0.0,0.666667,108.0,117.6,7.86,346.0,362.6,84.0,85.4,128.0,"{'rz': 108, 'sx': 90, 'rx': 64, 'cz': 48, 'rzz': 36, 'barrier': 8}",5,5,0,ok,,35.0,36.0,ok,,0.95,0.967364800501,32.0,32.0,0.95,0.967364800501,32.0,32.0,0.95,0.967364800501,32.0,32.0,custom_states,False,False,False,,
cluster2x2,cluster,4,monomial_full,sup123_P102_ph201,True,False,0.0,0.666667,108.0,117.6,7.86,347.0,362.8,84.0,85.4,128.0,"{'rz': 109, 'sx': 90, 'rx': 64, 'cz': 48, 'rzz': 36, 'barrier': 8}",5,5,0,ok,,35.0,36.0,ok,,0.97,0.879302069407,31.0,32.0,0.99,0.987552341814,31.0,32.0,0.99,0.987552341814,31.0,32.0,custom_states,False,False,False,,
cluster2x2,cluster,4,monomial_full,sup123_P102_ph202,True,False,0.0,0.666667,108.0,117.6,7.86,344.0,362.0,84.0,85.4,128.0,"{'rz': 106, 'sx': 90, 'rx': 64, 'cz': 48, 'rzz': 36, 'barrier': 8}",5,5,0,ok,,35.0,36.0,ok,,0.97,0.881565516261,32.0,32.0,0.99,0.987833544029,32.0,32.0,0.99,0.987833544029,32.0,32.0,custom_states,False,False,False,,
cluster2x2,cluster,4,monomial_full,sup123_P102_ph210,True,False,0.0,0.666667,108.0,117.6,7.86,347.0,363.2,84.0,85.4,128.0,"{'rz': 109, 'sx': 90, 'rx': 64, 'cz': 48, 'rzz': 36, 'barrier': 8}",5,5,0,ok,,35.0,36.0,ok,,0.96,0.881565516261,32.0,32.0,0.99,0.987833544029,32.0,32.0,0.99,0.987833544029,32.0,32.0,custom_states,False,False,False,,
cluster2x2,cluster,4,monomial_full,sup123_P102_ph211,True,False,0.0,0.666667,108.0,117.6,7.86,347.0,363.2,84.0,85.4,128.0,"{'rz': 109, 'sx': 90, 'rx': 64, 'cz': 48, 'rzz': 36, 'barrier': 8}",5,5,0,ok,,35.0,36.0,ok,,0.96,0.881565516261,32.0,32.0,0.99,0.987833544029,32.0,32.0,0.99,0.987833544029,32.0,32.0,custom_states,False,False,False,,
cluster2x2,cluster,4,monomial_full,sup123_P102_ph212,True,False,0.0,0.666667,108.0,117.6,7.86,342.0,358.8,84.0,85.4,128.0,"{'rz': 105, 'sx': 90, 'rx': 63, 'cz': 48, 'rzz': 36, 'barrier': 8}",5,5,0,ok,,35.0,36.0,ok,,0.95,0.881565516261,32.0,32.0,0.99,0.987833544029,32.0,32.0,0.99,0.987833544029,32.0,32.0,custom_states,False,False,False,,
cluster2x2,cluster,4,monomial_full,sup123_P102_ph220,True,False,0.0,0.666667,108.0,117.2,7.57,347.0,362.2,84.0,85.4,128.0,"{'rz': 109, 'sx': 90, 'rx': 64, 'cz': 48, 'rzz': 36, 'barrier': 8}",5,5,0,ok,,35.0,36.0,ok,,0.95,0.881565516261,32.0,32.0,0.99,0.987833544029,32.0,32.0,0.99,0.987833544029,32.0,32.0,custom_states,False,False,False,,
cluster2x2,cluster,4,monomial_full,sup123_P102_ph221,True,False,0.0,0.666667,108.0,117.2,7.57,347.0,362.2,84.0,85.4,128.0,"{'rz': 109, 'sx': 90, 'rx': 64, 'cz': 48, 'rzz': 36, 'barrier': 8}",5,5,0,ok,,35.0,36.0,ok,,0.96,0.878941649748,31.0,32.0,0.99,0.987833544029,32.0,32.0,0.99,0.987833544029,32.0,32.0,custom_states,False,False,False,,
cluster2x2,cluster,4,monomial_full,sup123_P102_ph222,True,False,0.0,0.666667,108.0,117.2,7.57,342.0,359.0,84.0,85.4,128.0,"{'rz': 104, 'sx': 90, 'rx': 64, 'cz': 48, 'rzz': 36, 'barrier': 8}",5,5,0,ok,,35.0,36.0,ok,,0.99,0.987833544029,32.0,32.0,0.99,0.987833544029,32.0,32.0,0.99,0.987833544029,32.0,32.0,custom_states,False,False,False,,
cluster2x2,cluster,4,monomial_full,sup123_P120_ph000,True,False,0.0,0.666667,108.0,117.4,7.71,348.0,364.6,84.0,85.4,128.0,"{'rz': 110, 'sx': 90, 'rx': 64, 'cz': 48, 'rzz': 36, 'barrier': 8}",5,5,0,ok,,35.0,36.0,ok,,0.96,0.881565516261,32.0,32.0,0.99,0.987833544029,32.0,32.0,0.99,0.987833544029,32.0,32.0,custom_states,False,False,False,,
cluster2x2,cluster,4,monomial_full,sup123_P120_ph001,True,False,0.0,0.666667,108.0,117.4,7.71,353.0,369.6,84.0,85.4,128.0,"{'rz': 115, 'sx': 90, 'rx': 64, 'cz': 48, 'rzz': 36, 'barrier': 8}",5,5,0,ok,,35.0,36.0,ok,,0.97,0.881565516261,32.0,32.0,0.99,0.987833544029,32.0,32.0,0.99,0.987833544029,32.0,32.0,custom_states,False,False,False,,
cluster2x2,cluster,4,monomial_full,sup123_P120_ph002,True,False,0.0,0.666667,108.0,117.4,7.71,353.0,369.6,84.0,85.4,128.0,"{'rz': 115, 'sx': 90, 'rx': 64, 'cz': 48, 'rzz': 36, 'barrier': 8}",5,5,0,ok,,35.0,36.0,ok,,0.97,0.901637574514,32.0,32.0,0.97,0.901637574514,32.0,32.0,0.99,0.987833544029,32.0,32.0,custom_states,False,False,False,,
cluster2x2,cluster,4,monomial_full,sup123_P120_ph010,True,False,0.0,0.666667,113.0,120.8,6.4,362.0,377.6,88.0,89.4,128.0,"{'rz': 115, 'sx': 90, 'rx': 69, 'cz': 48, 'rzz': 40, 'barrier': 8}",5,5,0,ok,,37.0,40.0,ok,,0.96,0.881565516261,34.0,36.0,0.99,0.987833544029,34.0,36.0,0.99,0.987833544029,34.0,36.0,custom_states,False,False,False,,
cluster2x2,cluster,4,monomial_full,sup123_P120_ph011,True,False,0.0,0.666667,112.0,119.8,6.4,361.0,375.6,88.0,89.4,128.0,"{'rz': 117, 'sx': 90, 'rx': 66, 'cz': 48, 'rzz': 40, 'barrier': 8}",5,5,0,ok,,36.0,40.0,ok,,0.95,0.887139811579,33.0,36.0,0.99,0.98527859847,33.0,36.0,0.99,0.98527859847,33.0,36.0,custom_states,False,False,False,,
cluster2x2,cluster,4,monomial_full,sup123_P120_ph012,True,False,0.0,0.666667,113.0,120.8,6.4,367.0,382.6,88.0,89.4,128.0,"{'rz': 117, 'sx': 90, 'rx': 72, 'cz': 48, 'rzz': 40, 'barrier': 8}",5,5,0,ok,,37.0,40.0,ok,,0.96,0.881565516261,34.0,36.0,0.99,0.987833544029,34.0,36.0,0.99,0.987833544029,34.0,36.0,custom_states,False,False,False,,
cluster2x2,cluster,4,monomial_full,sup123_P120_ph020,True,False,0.0,0.666667,113.0,120.8,6.4,362.0,379.0,88.0,89.4,128.0,"{'rz': 115, 'sx': 90, 'rx': 69, 'cz': 48, 'rzz': 40, 'barrier': 8}",5,5,0,ok,,37.0,40.0,ok,,0.95,0.881565516261,34.0,36.0,0.99,0.987833544029,34.0,36.0,0.99,0.987833544029,34.0,36.0,custom_states,False,False,False,,
cluster2x2,cluster,4,monomial_full,sup123_P120_ph021,True,False,0.0,0.666667,113.0,120.8,6.4,364.0,379.2,88.0,89.4,128.0,"{'rz': 117, 'sx': 90, 'rx': 69, 'cz': 48, 'rzz': 40, 'barrier': 8}",5,5,0,ok,,37.0,40.0,ok,,0.97,0.903664810016,34.0,36.0,0.97,0.903664810016,34.0,36.0,,,,,custom_states,False,False,False,,
cluster2x2,cluster,4,monomial_full,sup123_P120_ph022,True,False,0.0,0.666667,113.0,120.8,6.4,362.0,377.8,88.0,89.4,128.0,"{'rz': 115, 'sx': 90, 'rx': 69, 'cz': 48, 'rzz': 40, 'barrier': 8}",5,5,0,ok,,37.0,40.0,ok,,0.97,0.881565516261,34.0,36.0,0.99,0.987833544029,34.0,36.0,0.99,0.987833544029,34.0,36.0,custom_states,False,False,False,,
cluster2x2,cluster,4,monomial_full,sup123_P120_ph100,True,False,0.0,0.666667,113.0,120.8,6.4,362.0,377.8,88.0,89.4,128.0,"{'rz': 115, 'sx': 90, 'rx': 69, 'cz': 48, 'rzz': 40, 'barrier': 8}",5,5,0,ok,,37.0,40.0,ok,,0.97,0.881565516261,34.0,36.0,0.99,0.987833544029,34.0,36.0,0.99,0.987833544029,34.0,36.0,custom_states,False,False,False,,
cluster2x2,cluster,4,monomial_full,sup123_P120_ph101,True,False,0.0,0.666667,113.0,120.8,6.4,364.0,380.2,88.0,89.4,128.0,"{'rz': 117, 'sx': 90, 'rx': 69, 'cz': 48, 'rzz': 40, 'barrier': 8}",5,5,0,ok,,37.0,40.0,ok,,0.97,0.881565516261,34.0,36.0,0.99,0.987833544029,34.0,36.0,0.99,0.987833544029,34.0,36.0,custom_states,False,False,False,,
cluster2x2,cluster,4,monomial_full,sup123_P120_ph102,True,False,0.0,0.666667,113.0,120.8,6.4,367.0,382.6,88.0,89.4,128.0,"{'rz': 117, 'sx': 90, 'rx': 72, 'cz': 48, 'rzz': 40, 'barrier': 8}",5,5,0,ok,,37.0,40.0,ok,,0.95,0.878929083199,34.0,36.0,0.99,0.987496609259,34.0,36.0,0.99,0.987496609259,34.0,36.0,custom_states,False,False,False,,
cluster2x2,cluster,4,monomial_full,sup123_P120_ph110,True,False,0.0,0.666667,113.0,120.8,6.4,361.0,377.4,88.0,89.4,128.0,"{'rz': 114, 'sx': 90, 'rx': 69, 'cz': 48, 'rzz': 40, 'barrier': 8}",5,5,0,ok,,37.0,40.0,ok,,0.97,0.881565516261,34.0,36.0,0.99,0.987833544029,34.0,36.0,0.99,0.987833544029,34.0,36.0,custom_states,False,False,False,,
cluster2x2,cluster,4,monomial_full,sup123_P120_ph111,True,False,0.0,0.666667,113.0,120.6,6.28,364.0,377.8,88.0,89.4,128.0,"{'rz': 117, 'sx': 90, 'rx': 69, 'cz': 48, 'rzz': 40, 'barrier': 8}",5,5,0,ok,,37.0,40.0,ok,,0.97,0.881565516261,34.0,36.0,0.99,0.987833544029,34.0,36.0,0.99,0.987833544029,34.0,36.0,custom_states,False,False,False,,
cluster2x2,cluster,4,monomial_full,sup123_P120_ph112,True,False,0.0,0.666667,113.0,120.8,6.4,362.0,377.8,88.0,89.4,128.0,"{'rz': 115, 'sx': 90, 'rx': 69, 'cz': 48, 'rzz': 40, 'barrier': 8}",5,5,0,ok,,37.0,40.0,ok,,0.97,0.881565516261,34.0,36.0,0.99,0.987833544029,34.0,36.0,0.99,0.987833544029,34.0,36.0,custom_states,False,False,False,,
cluster2x2,cluster,4,monomial_full,sup123_P120_ph120,True,False,0.0,0.666667,108.0,117.4,7.71,351.0,368.2,84.0,85.4,128.0,"{'rz': 113, 'sx': 90, 'rx': 64, 'cz': 48, 'rzz': 36, 'barrier': 8}",5,5,0,ok,,35.0,36.0,ok,,0.97,0.881565516261,32.0,32.0,0.99,0.987833544029,32.0,32.0,0.99,0.987833544029,32.0,32.0,custom_states,False,False,False,,
cluster2x2,cluster,4,monomial_full,sup123_P120_ph121,True,False,0.0,0.666667,108.0,117.4,7.71,353.0,369.6,84.0,85.4,128.0,"{'rz': 115, 'sx': 90, 'rx': 64, 'cz': 48, 'rzz': 36, 'barrier': 8}",5,5,0,ok,,35.0,36.0,ok,,0.99,0.930703753371,32.0,32.0,0.99,0.930703753371,32.0,32.0,,,,,custom_states,False,False,False,,
cluster2x2,cluster,4,monomial_full,sup123_P120_ph122,True,False,0.0,0.666667,108.0,117.4,7.71,353.0,369.6,84.0,85.4,128.0,"{'rz': 115, 'sx': 90, 'rx': 64, 'cz': 48, 'rzz': 36, 'barrier': 8}",5,5,0,ok,,35.0,36.0,ok,,0.97,0.905300139864,32.0,32.0,0.97,0.905300139864,32.0,32.0,0.99,0.956331963907,32.0,32.0,custom_states,False,False,False,,
cluster2x2,cluster,4,monomial_full,sup123_P120_ph200,True,False,0.0,0.666667,113.0,120.8,6.4,362.0,377.8,88.0,89.4,128.0,"{'rz': 115, 'sx': 90, 'rx': 69, 'cz': 48, 'rzz': 40, 'barrier': 8}",5,5,0,ok,,37.0,40.0,ok,,0.97,0.881565516261,34.0,36.0,0.99,0.987833544029,34.0,36.0,0.99,0.987833544029,34.0,36.0,custom_states,False,False,False,,
cluster2x2,cluster,4,monomial_full,sup123_P120_ph201,True,False,0.0,0.666667,113.0,120.8,6.4,364.0,379.2,88.0,89.4,128.0,"{'rz': 117, 'sx': 90, 'rx': 69, 'cz': 48, 'rzz': 40, 'barrier': 8}",5,5,0,ok,,37.0,40.0,ok,,0.97,0.903664810016,34.0,36.0,0.97,0.903664810016,34.0,36.0,,,,,custom_states,False,False,False,,
cluster2x2,cluster,4,monomial_full,sup123_P120_ph202,True,False,0.0,0.666667,113.0,120.8,6.4,361.0,377.4,88.0,89.4,128.0,"{'rz': 114, 'sx': 90, 'rx': 69, 'cz': 48, 'rzz': 40, 'barrier': 8}",5,5,0,ok,,37.0,40.0,ok,,0.97,0.881565516261,34.0,36.0,0.99,0.987833544029,34.0,36.0,0.99,0.987833544029,34.0,36.0,custom_states,False,False,False,,
cluster2x2,cluster,4,monomial_full,sup123_P120_ph210,True,False,0.0,0.666667,108.0,117.4,7.71,351.0,368.2,84.0,85.4,128.0,"{'rz': 113, 'sx': 90, 'rx': 64, 'cz': 48, 'rzz': 36, 'barrier': 8}",5,5,0,ok,,35.0,36.0,ok,,0.97,0.881565516261,32.0,32.0,0.99,0.987833544029,32.0,32.0,0.99,0.987833544029,32.0,32.0,custom_states,False,False,False,,
cluster2x2,cluster,4,monomial_full,sup123_P120_ph211,True,False,0.0,0.666667,108.0,117.4,7.71,353.0,369.6,84.0,85.4,128.0,"{'rz': 115, 'sx': 90, 'rx': 64, 'cz': 48, 'rzz': 36, 'barrier': 8}",5,5,0,ok,,35.0,36.0,ok,,0.97,0.881565516261,32.0,32.0,0.99,0.987833544029,32.0,32.0,0.99,0.987833544029,32.0,32.0,custom_states,False,False,False,,
cluster2x2,cluster,4,monomial_full,sup123_P120_ph212,True,False,0.0,0.666667,108.0,117.4,7.71,353.0,369.6,84.0,85.4,128.0,"{'rz': 115, 'sx': 90, 'rx': 64, 'cz': 48, 'rzz': 36, 'barrier': 8}",5,5,0,ok,,35.0,36.0,ok,,0.97,0.889404940663,31.0,32.0,0.99,0.987833544029,32.0,32.0,0.99,0.987833544029,32.0,32.0,custom_states,False,False,False,,
cluster2x2,cluster,4,monomial_full,sup123_P120_ph220,True,False,0.0,0.666667,113.0,120.8,6.4,361.0,377.4,88.0,89.4,128.0,"{'rz': 114, 'sx': 90, 'rx': 69, 'cz': 48, 'rzz': 40, 'barrier': 8}",5,5,0,ok,,37.0,40.0,ok,,0.97,0.881565516261,34.0,36.0,0.99,0.987833544029,34.0,36.0,0.99,0.987833544029,34.0,36.0,custom_states,False,False,False,,
cluster2x2,cluster,4,monomial_full,sup123_P120_ph221,True,False,0.0,0.666667,113.0,120.6,6.28,367.0,380.2,88.0,89.4,128.0,"{'rz': 117, 'sx': 90, 'rx': 72, 'cz': 48, 'rzz': 40, 'barrier': 8}",5,5,0,ok,,37.0,40.0,ok,,0.95,0.881565516261,34.0,36.0,0.99,0.987833544029,34.0,36.0,0.99,0.987833544029,34.0,36.0,custom_states,False,False,False,,
cluster2x2,cluster,4,monomial_full,sup123_P120_ph222,True,False,0.0,0.666667,113.0,120.8,6.4,364.0,379.0,88.0,89.4,128.0,"{'rz': 117, 'sx': 90, 'rx': 69, 'cz': 48, 'rzz': 40, 'barrier': 8}",5,5,0,ok,,37.0,40.0,ok,,0.97,0.868582498511,34.0,36.0,0.99,0.985090512563,34.0,36.0,0.99,0.985090512563,34.0,36.0,custom_states,False,False,False,,
cluster2x2,cluster,4,monomial_full,sup123_P201_ph000,True,False,0.0,0.666667,96.0,108.8,10.48,303.0,321.0,80.0,81.4,128.0,"{'sx': 90, 'rz': 82, 'cz': 52, 'rx': 51, 'rzz': 28, 'barrier': 8}",5,5,0,ok,,29.0,32.0,ok,,0.95,0.881565516261,26.0,28.0,0.99,0.987833544029,26.0,28.0,0.99,0.987833544029,26.0,28.0,custom_states,False,False,False,,
cluster2x2,cluster,4,monomial_full,sup123_P201_ph001,True,False,0.0,0.666667,99.0,110.6,9.5,309.0,325.8,80.0,81.4,128.0,"{'sx': 90, 'rz': 87, 'rx': 52, 'cz': 52, 'rzz': 28, 'barrier': 8}",5,5,0,ok,,30.0,32.0,ok,,0.95,0.967364800501,27.0,28.0,0.95,0.967364800501,27.0,28.0,0.95,0.967364800501,27.0,28.0,custom_states,False,False,False,,
cluster2x2,cluster,4,monomial_full,sup123_P201_ph002,True,False,0.0,0.666667,99.0,110.6,9.5,309.0,325.8,80.0,81.4,128.0,"{'sx': 90, 'rz': 87, 'rx': 52, 'cz': 52, 'rzz': 28, 'barrier': 8}",5,5,0,ok,,30.0,32.0,ok,,0.96,0.881565516261,27.0,28.0,0.99,0.987833544029,27.0,28.0,0.99,0.987833544029,27.0,28.0,custom_states,False,False,False,,
cluster2x2,cluster,4,monomial_full,sup123_P201_ph010,True,False,0.0,0.666667,97.0,110.2,10.8,309.0,326.6,80.0,81.4,128.0,"{'sx': 90, 'rz': 88, 'cz': 52, 'rx': 51, 'rzz': 28, 'barrier': 8}",5,5,0,ok,,29.0,32.0,ok,,0.95,0.881565516261,26.0,28.0,0.99,0.987833544029,26.0,28.0,0.99,0.987833544029,26.0,28.0,custom_states,False,False,False,,
cluster2x2,cluster,4,monomial_full,sup123_P201_ph011,True,False,0.0,0.666667,100.0,111.4,9.33,316.0,329.6,80.0,81.4,128.0,"{'rz': 93, 'sx': 90, 'rx': 53, 'cz': 52, 'rzz': 28, 'barrier': 8}",5,5,0,ok,,30.0,32.0,ok,,0.95,0.881565516261,27.0,28.0,0.99,0.987833544029,27.0,28.0,0.99,0.987833544029,27.0,28.0,custom_states,False,False,False,,
cluster2x2,cluster,4,monomial_full,sup123_P201_ph012,True,False,0.0,0.666667,100.0,111.4,9.33,316.0,329.6,80.0,81.4,128.0,"{'rz': 93, 'sx': 90, 'rx': 53, 'cz': 52, 'rzz': 28, 'barrier': 8}",5,5,0,ok,,30.0,32.0,ok,,0.96,0.881565516261,27.0,28.0,0.99,0.987833544029,27.0,28.0,0.99,0.987833544029,27.0,28.0,custom_states,False,False,False,,
cluster2x2,cluster,4,monomial_full,sup123_P201_ph020,True,False,0.0,0.666667,98.0,110.0,9.82,312.0,326.4,80.0,81.4,128.0,"{'sx': 90, 'rz': 89, 'rx': 53, 'cz': 52, 'rzz': 28, 'barrier': 8}",5,5,0,ok,,29.0,32.0,ok,,0.96,0.881565516261,26.0,28.0,0.99,0.987833544029,26.0,28.0,0.99,0.987833544029,26.0,28.0,custom_states,False,False,False,,
cluster2x2,cluster,4,monomial_full,sup123_P201_ph021,True,False,0.0,0.666667,100.0,111.4,9.33,317.0,330.8,80.0,81.4,128.0,"{'rz': 94, 'sx': 90, 'rx': 53, 'cz': 52, 'rzz': 28, 'barrier': 8}",5,5,0,ok,,30.0,32.0,ok,,0.96,0.881565516261,27.0,28.0,0.99,0.987833544029,27.0,28.0,0.99,0.987833544029,27.0,28.0,custom_states,False,False,False,,
cluster2x2,cluster,4,monomial_full,sup123_P201_ph022,True,False,0.0,0.666667,99.0,111.0,9.82,312.0,328.6,80.0,81.4,128.0,"{'rz': 90, 'sx': 90, 'rx': 52, 'cz': 52, 'rzz': 28, 'barrier': 8}",5,5,0,ok,,30.0,32.0,ok,,0.95,0.881565516261,27.0,28.0,0.99,0.987833544029,27.0,28.0,0.99,0.987833544029,27.0,28.0,custom_states,False,False,False,,
cluster2x2,cluster,4,monomial_full,sup123_P201_ph100,True,False,0.0,0.666667,98.0,110.6,10.31,311.0,327.4,80.0,81.4,128.0,"{'sx': 90, 'rz': 89, 'rx': 52, 'cz': 52, 'rzz': 28, 'barrier': 8}",5,5,0,ok,,29.0,32.0,ok,,0.95,0.967364800501,26.0,28.0,0.95,0.967364800501,26.0,28.0,0.95,0.967364800501,26.0,28.0,custom_states,False,False,False,,
cluster2x2,cluster,4,monomial_full,sup123_P201_ph101,True,False,0.0,0.666667,100.0,111.4,9.33,316.0,329.6,80.0,81.4,128.0,"{'rz': 93, 'sx': 90, 'rx': 53, 'cz': 52, 'rzz': 28, 'barrier': 8}",5,5,0,ok,,30.0,32.0,ok,,0.96,0.858153319531,27.0,28.0,0.99,0.981399156403,27.0,28.0,0.99,0.981399156403,27.0,28.0,custom_states,False,False,False,,
cluster2x2,cluster,4,monomial_full,sup123_P201_ph102,True,False,0.0,0.666667,98.0,110.0,9.82,311.0,325.2,80.0,81.4,128.0,"{'sx': 90, 'rz': 88, 'rx': 53, 'cz': 52, 'rzz': 28, 'barrier': 8}",5,5,0,ok,,29.0,32.0,ok,,0.95,0.881565516261,26.0,28.0,0.99,0.987833544029,26.0,28.0,0.99,0.987833544029,26.0,28.0,custom_states,False,False,False,,
cluster2x2,cluster,4,monomial_full,sup123_P201_ph110,True,False,0.0,0.666667,100.0,111.4,9.33,317.0,330.8,80.0,81.4,128.0,"{'rz': 94, 'sx': 90, 'rx': 53, 'cz': 52, 'rzz': 28, 'barrier': 8}",5,5,0,ok,,30.0,32.0,ok,,0.96,0.858153319531,27.0,28.0,0.99,0.981399156403,27.0,28.0,0.99,0.981399156403,27.0,28.0,custom_states,False,False,False,,
cluster2x2,cluster,4,monomial_full,sup123_P201_ph111,True,False,0.0,0.666667,100.0,111.4,9.33,317.0,330.8,80.0,81.4,128.0,"{'rz': 94, 'sx': 90, 'rx': 53, 'cz': 52, 'rzz': 28, 'barrier': 8}",5,5,0,ok,,30.0,32.0,ok,,0.96,0.881565516261,27.0,28.0,0.99,0.987833544029,27.0,28.0,0.99,0.987833544029,27.0,28.0,custom_states,False,False,False,,
cluster2x2,cluster,4,monomial_full,sup123_P201_ph112,True,False,0.0,0.666667,98.0,110.6,10.31,310.0,327.8,80.0,81.4,128.0,"{'sx': 90, 'rz': 89, 'cz': 52, 'rx': 51, 'rzz': 28, 'barrier': 8}",5,5,0,ok,,30.0,32.0,ok,,0.95,0.881565516261,27.0,28.0,0.99,0.987833544029,27.0,28.0,0.99,0.987833544029,27.0,28.0,custom_states,False,False,False,,
cluster2x2,cluster,4,monomial_full,sup123_P201_ph120,True,False,0.0,0.666667,99.0,110.6,9.5,309.0,325.8,80.0,81.4,128.0,"{'sx': 90, 'rz': 87, 'rx': 52, 'cz': 52, 'rzz': 28, 'barrier': 8}",5,5,0,ok,,30.0,32.0,ok,,0.96,0.881565516261,27.0,28.0,0.99,0.987833544029,27.0,28.0,0.99,0.987833544029,27.0,28.0,custom_states,False,False,False,,
cluster2x2,cluster,4,monomial_full,sup123_P201_ph121,True,False,0.0,0.666667,99.0,110.6,9.5,309.0,325.8,80.0,81.4,128.0,"{'sx': 90, 'rz': 87, 'rx': 52, 'cz': 52, 'rzz': 28, 'barrier': 8}",5,5,0,ok,,30.0,32.0,ok,,0.95,0.881565516261,27.0,28.0,0.99,0.987833544029,27.0,28.0,0.99,0.987833544029,27.0,28.0,custom_states,False,False,False,,
cluster2x2,cluster,4,monomial_full,sup123_P201_ph122,True,False,0.0,0.666667,99.0,110.6,9.5,313.0,327.6,80.0,81.4,128.0,"{'rz': 90, 'sx': 90, 'rx': 53, 'cz': 52, 'rzz': 28, 'barrier': 8}",5,5,0,ok,,30.0,32.0,ok,,0.95,0.858153319531,27.0,28.0,0.99,0.981399156403,27.0,28.0,0.99,0.981399156403,27.0,28.0,custom_states,False,False,False,,
cluster2x2,cluster,4,monomial_full,sup123_P201_ph200,True,False,0.0,0.666667,99.0,111.0,9.82,312.0,328.6,80.0,81.4,128.0,"{'rz': 90, 'sx': 90, 'rx': 52, 'cz': 52, 'rzz': 28, 'barrier': 8}",5,5,0,ok,,30.0,32.0,ok,,0.95,0.881565516261,27.0,28.0,0.99,0.987833544029,27.0,28.0,0.99,0.987833544029,27.0,28.0,custom_states,False,False,False,,
cluster2x2,cluster,4,monomial_full,sup123_P201_ph201,True,False,0.0,0.666667,98.0,110.6,10.31,310.0,327.8,80.0,81.4,128.0,"{'sx': 90, 'rz': 89, 'cz': 52, 'rx': 51, 'rzz': 28, 'barrier': 8}",5,5,0,ok,,30.0,32.0,ok,,0.95,0.881565516261,27.0,28.0,0.99,0.987833544029,27.0,28.0,0.99,0.987833544029,27.0,28.0,custom_states,False,False,False,,
cluster2x2,cluster,4,monomial_full,sup123_P201_ph202,True,False,0.0,0.666667,99.0,111.0,9.82,312.0,328.6,80.0,81.4,128.0,"{'rz': 90, 'sx': 90, 'rx': 52, 'cz': 52, 'rzz': 28, 'barrier': 8}",5,5,0,ok,,30.0,32.0,ok,,0.96,0.881565516261,27.0,28.0,0.99,0.987833544029,27.0,28.0,0.99,0.987833544029,27.0,28.0,custom_states,False,False,False,,
cluster2x2,cluster,4,monomial_full,sup123_P201_ph210,True,False,0.0,0.666667,100.0,111.0,9.01,314.0,328.0,80.0,81.4,128.0,"{'rz': 91, 'sx': 90, 'rx': 53, 'cz': 52, 'rzz': 28, 'barrier': 8}",5,5,0,ok,,30.0,32.0,ok,,0.96,0.858153319531,27.0,28.0,0.99,0.981399156403,27.0,28.0,0.99,0.981399156403,27.0,28.0,custom_states,False,False,False,,
cluster2x2,cluster,4,monomial_full,sup123_P201_ph211,True,False,0.0,0.666667,99.0,110.6,9.5,313.0,327.6,80.0,81.4,128.0,"{'rz': 90, 'sx': 90, 'rx': 53, 'cz': 52, 'rzz': 28, 'barrier': 8}",5,5,0,ok,,30.0,32.0,ok,,0.95,0.881565516261,27.0,28.0,0.99,0.987833544029,27.0,28.0,0.99,0.987833544029,27.0,28.0,custom_states,False,False,False,,
cluster2x2,cluster,4,monomial_full,sup123_P201_ph212,True,False,0.0,0.666667,100.0,111.0,9.01,314.0,328.0,80.0,81.4,128.0,"{'rz': 91, 'sx': 90, 'rx': 53, 'cz': 52, 'rzz': 28, 'barrier': 8}",5,5,0,ok,,30.0,32.0,ok,,0.95,0.881565516261,27.0,28.0,0.99,0.987833544029,27.0,28.0,0.99,0.987833544029,27.0,28.0,custom_states,False,False,False,,
cluster2x2,cluster,4,monomial_full,sup123_P201_ph220,True,False,0.0,0.666667,98.0,110.6,10.31,311.0,327.4,80.0,81.4,128.0,"{'sx': 90, 'rz': 89, 'rx': 52, 'cz': 52, 'rzz': 28, 'barrier': 8}",5,5,0,ok,,29.0,32.0,ok,,0.96,0.881565516261,26.0,28.0,0.99,0.987833544029,26.0,28.0,0.99,0.987833544029,26.0,28.0,custom_states,False,False,False,,
cluster2x2,cluster,4,monomial_full,sup123_P201_ph221,True,False,0.0,0.666667,98.0,110.0,9.82,311.0,326.0,80.0,81.4,128.0,"{'sx': 90, 'rz': 88, 'rx': 53, 'cz': 52, 'rzz': 28, 'barrier': 8}",5,5,0,ok,,29.0,32.0,ok,,0.95,0.881565516261,26.0,28.0,0.99,0.987833544029,26.0,28.0,0.99,0.987833544029,26.0,28.0,custom_states,False,False,False,,
cluster2x2,cluster,4,monomial_full,sup123_P201_ph222,True,False,0.0,0.666667,100.0,111.4,9.33,316.0,329.6,80.0,81.4,128.0,"{'rz': 93, 'sx': 90, 'rx': 53, 'cz': 52, 'rzz': 28, 'barrier': 8}",5,5,0,ok,,30.0,32.0,ok,,0.95,0.858153319531,27.0,28.0,0.99,0.981399156403,27.0,28.0,0.99,0.981399156403,27.0,28.0,custom_states,False,False,False,,
cluster2x2,cluster,4,monomial_full,sup123_P210_ph000,True,False,0.0,0.666667,96.0,108.8,10.48,301.0,317.8,80.0,81.4,128.0,"{'sx': 90, 'rz': 82, 'cz': 52, 'rx': 49, 'rzz': 28, 'barrier': 8}",5,5,0,ok,,29.0,32.0,ok,,0.97,0.881565516261,26.0,28.0,0.99,0.987833544029,26.0,28.0,0.99,0.987833544029,26.0,28.0,custom_states,False,False,False,,
cluster2x2,cluster,4,monomial_full,sup123_P210_ph001,True,False,0.0,0.666667,97.0,109.2,9.99,303.0,319.8,80.0,81.4,128.0,"{'sx': 90, 'rz': 84, 'cz': 52, 'rx': 49, 'rzz': 28, 'barrier': 8}",5,5,0,ok,,29.0,32.0,ok,,0.95,0.904054459045,26.0,28.0,0.95,0.904054459045,26.0,28.0,0.99,0.977753754156,26.0,28.0,custom_states,False,False,False,,
cluster2x2,cluster,4,monomial_full,sup123_P210_ph002,True,False,0.0,0.666667,97.0,109.2,9.99,305.0,321.8,80.0,81.4,128.0,"{'sx': 90, 'rz': 86, 'cz': 52, 'rx': 49, 'rzz': 28, 'barrier': 8}",5,5,0,ok,,29.0,32.0,ok,,0.96,0.881565516261,26.0,28.0,0.99,0.987833544029,26.0,28.0,0.99,0.987833544029,26.0,28.0,custom_states,False,False,False,,
cluster2x2,cluster,4,monomial_full,sup123_P210_ph010,True,False,0.0,0.666667,98.0,109.8,9.66,311.0,326.4,80.0,81.4,128.0,"{'rz': 91, 'sx': 90, 'rx': 50, 'cz': 48, 'rzz': 32, 'barrier': 8}",5,5,0,ok,,29.0,32.0,ok,,0.96,0.86526466326,26.0,28.0,0.99,0.98403145781,26.0,28.0,0.99,0.98403145781,26.0,28.0,custom_states,False,False,False,,
cluster2x2,cluster,4,monomial_full,sup123_P210_ph011,True,False,0.0,0.666667,98.0,110.0,9.82,311.0,326.8,80.0,81.4,128.0,"{'rz': 91, 'sx': 90, 'rx': 50, 'cz': 48, 'rzz': 32, 'barrier': 8}",5,5,0,ok,,29.0,32.0,ok,,0.95,0.86526466326,26.0,28.0,0.99,0.98403145781,26.0,28.0,0.99,0.98403145781,26.0,28.0,custom_states,False,False,False,,
cluster2x2,cluster,4,monomial_full,sup123_P210_ph012,True,False,0.0,0.666667,98.0,109.8,9.66,307.0,322.2,80.0,81.4,128.0,"{'sx': 90, 'rz': 87, 'rx': 50, 'cz': 48, 'rzz': 32, 'barrier': 8}",5,5,0,ok,,29.0,32.0,ok,,0.95,0.86526466326,26.0,28.0,0.99,0.98403145781,26.0,28.0,0.99,0.98403145781,26.0,28.0,custom_states,False,False,False,,
cluster2x2,cluster,4,monomial_full,sup123_P210_ph020,True,False,0.0,0.666667,98.0,110.0,9.82,310.0,326.0,80.0,81.4,128.0,"{'rz': 91, 'sx': 90, 'rx': 49, 'cz': 48, 'rzz': 32, 'barrier': 8}",5,5,0,ok,,30.0,32.0,ok,,0.96,0.86526466326,27.0,28.0,0.99,0.98403145781,27.0,28.0,0.99,0.98403145781,27.0,28.0,custom_states,False,False,False,,
cluster2x2,cluster,4,monomial_full,sup123_P210_ph021,True,False,0.0,0.666667,98.0,110.0,9.82,310.0,326.0,80.0,81.4,128.0,"{'rz': 91, 'sx': 90, 'rx': 49, 'cz': 48, 'rzz': 32, 'barrier': 8}",5,5,0,ok,,30.0,32.0,ok,,0.95,0.86526466326,27.0,28.0,0.99,0.98403145781,27.0,28.0,0.99,0.98403145781,27.0,28.0,custom_states,False,False,False,,
cluster2x2,cluster,4,monomial_full,sup123_P210_ph022,True,False,0.0,0.666667,99.0,110.8,9.66,310.0,326.4,80.0,81.4,128.0,"{'rz': 91, 'sx': 90, 'rx': 49, 'cz': 48, 'rzz': 32, 'barrier': 8}",5,5,0,ok,,30.0,32.0,ok,,0.96,0.86526466326,27.0,28.0,0.99,0.98403145781,27.0,28.0,0.99,0.98403145781,27.0,28.0,custom_states,False,False,False,,
cluster2x2,cluster,4,monomial_full,sup123_P210_ph100,True,False,0.0,0.666667,98.0,109.8,9.66,311.0,326.2,80.0,81.4,128.0,"{'rz': 91, 'sx': 90, 'rx': 50, 'cz': 48, 'rzz': 32, 'barrier': 8}",5,5,0,ok,,29.0,32.0,ok,,0.95,0.86526466326,26.0,28.0,0.99,0.98403145781,26.0,28.0,0.99,0.98403145781,26.0,28.0,custom_states,False,False,False,,
cluster2x2,cluster,4,monomial_full,sup123_P210_ph101,True,False,0.0,0.666667,97.0,109.4,10.15,305.0,321.4,80.0,81.4,128.0,"{'sx': 90, 'rz': 87, 'rx': 48, 'cz': 48, 'rzz': 32, 'barrier': 8}",5,5,0,ok,,29.0,32.0,ok,,0.96,0.86526466326,26.0,28.0,0.99,0.98403145781,26.0,28.0,0.99,0.98403145781,26.0,28.0,custom_states,False,False,False,,
cluster2x2,cluster,4,monomial_full,sup123_P210_ph102,True,False,0.0,0.666667,98.0,110.0,9.82,311.0,326.6,80.0,81.4,128.0,"{'rz': 91, 'sx': 90, 'rx': 50, 'cz': 48, 'rzz': 32, 'barrier': 8}",5,5,0,ok,,29.0,32.0,ok,,0.96,0.86526466326,26.0,28.0,0.99,0.98403145781,26.0,28.0,0.99,0.98403145781,26.0,28.0,custom_states,False,False,False,,
cluster2x2,cluster,4,monomial_full,sup123_P210_ph110,True,False,0.0,0.666667,98.0,110.2,9.97,310.0,326.2,80.0,81.4,128.0,"{'rz': 91, 'sx': 90, 'rx': 49, 'cz': 48, 'rzz': 32, 'barrier': 8}",5,5,0,ok,,30.0,32.0,ok,,0.95,0.86526466326,27.0,28.0,0.99,0.98403145781,27.0,28.0,0.99,0.98403145781,27.0,28.0,custom_states,False,False,False,,
cluster2x2,cluster,4,monomial_full,sup123_P210_ph111,True,False,0.0,0.666667,99.0,110.8,9.66,310.0,325.8,80.0,81.4,128.0,"{'rz': 91, 'sx': 90, 'rx': 49, 'cz': 48, 'rzz': 32, 'barrier': 8}",5,5,0,ok,,30.0,32.0,ok,,0.95,0.86526466326,26.0,28.0,0.99,0.98403145781,27.0,28.0,0.99,0.98403145781,27.0,28.0,custom_states,False,False,False,,
cluster2x2,cluster,4,monomial_full,sup123_P210_ph112,True,False,0.0,0.666667,99.0,110.8,9.66,310.0,326.2,80.0,81.4,128.0,"{'rz': 91, 'sx': 90, 'rx': 49, 'cz': 48, 'rzz': 32, 'barrier': 8}",5,5,0,ok,,30.0,32.0,ok,,0.95,0.97190574996,27.0,28.0,0.95,0.97190574996,27.0,28.0,0.95,0.97190574996,27.0,28.0,custom_states,False,False,False,,
cluster2x2,cluster,4,monomial_full,sup123_P210_ph120,True,False,0.0,0.666667,98.0,109.6,9.5,307.0,321.2,80.0,81.4,128.0,"{'sx': 90, 'rz': 88, 'cz': 52, 'rx': 49, 'rzz': 28, 'barrier': 8}",5,5,0,ok,,29.0,32.0,ok,,0.95,0.881565516261,26.0,28.0,0.99,0.987833544029,26.0,28.0,0.99,0.987833544029,26.0,28.0,custom_states,False,False,False,,
cluster2x2,cluster,4,monomial_full,sup123_P210_ph121,True,False,0.0,0.666667,98.0,109.4,9.33,308.0,322.0,80.0,81.4,128.0,"{'sx': 90, 'rz': 89, 'cz': 52, 'rx': 49, 'rzz': 28, 'barrier': 8}",5,5,0,ok,,29.0,32.0,ok,,0.99,0.970843748374,26.0,28.0,0.99,0.970843748374,26.0,28.0,0.99,0.970843748374,26.0,28.0,custom_states,False,False,False,,
cluster2x2,cluster,4,monomial_full,sup123_P210_ph122,True,False,0.0,0.666667,98.0,109.8,9.68,308.0,323.2,80.0,81.4,128.0,"{'sx': 90, 'rz': 89, 'cz': 52, 'rx': 49, 'rzz': 28, 'barrier': 8}",5,5,0,ok,,30.0,32.0,ok,,0.95,0.902025690014,26.0,28.0,0.95,0.902025690014,26.0,28.0,,,,,custom_states,False,False,False,,
cluster2x2,cluster,4,monomial_full,sup123_P210_ph200,True,False,0.0,0.666667,99.0,110.8,9.66,310.0,325.8,80.0,81.4,128.0,"{'rz': 91, 'sx': 90, 'rx': 49, 'cz': 48, 'rzz': 32, 'barrier': 8}",5,5,0,ok,,30.0,32.0,ok,,0.96,0.86526466326,27.0,28.0,0.99,0.98403145781,27.0,28.0,0.99,0.98403145781,27.0,28.0,custom_states,False,False,False,,
cluster2x2,cluster,4,monomial_full,sup123_P210_ph201,True,False,0.0,0.666667,99.0,110.8,9.66,310.0,325.8,80.0,81.4,128.0,"{'rz': 91, 'sx': 90, 'rx': 49, 'cz': 48, 'rzz': 32, 'barrier': 8}",5,5,0,ok,,30.0,32.0,ok,,0.95,0.97190574996,27.0,28.0,0.95,0.97190574996,27.0,28.0,0.95,0.97190574996,27.0,28.0,custom_states,False,False,False,,
cluster2x2,cluster,4,monomial_full,sup123_P210_ph202,True,False,0.0,0.666667,98.0,110.2,9.97,310.0,326.4,80.0,81.4,128.0,"{'rz': 91, 'sx': 90, 'rx': 49, 'cz': 48, 'rzz': 32, 'barrier': 8}",5,5,0,ok,,30.0,32.0,ok,,0.96,0.86526466326,27.0,28.0,0.99,0.98403145781,27.0,28.0,0.99,0.98403145781,27.0,28.0,custom_states,False,False,False,,
cluster2x2,cluster,4,monomial_full,sup123_P210_ph210,True,False,0.0,0.666667,98.0,109.6,9.5,308.0,322.4,80.0,81.4,128.0,"{'sx': 90, 'rz': 89, 'cz': 52, 'rx': 49, 'rzz': 28, 'barrier': 8}",5,5,0,ok,,29.0,32.0,ok,,0.91,0.852878327474,26.0,28.0,0.99,0.933545181601,26.0,28.0,,,,,custom_states,False,False,False,,
cluster2x2,cluster,4,monomial_full,sup123_P210_ph211,True,False,0.0,0.666667,98.0,109.8,9.68,308.0,323.2,80.0,81.4,128.0,"{'sx': 90, 'rz': 89, 'cz': 52, 'rx': 49, 'rzz': 28, 'barrier': 8}",5,5,0,ok,,30.0,32.0,ok,,0.97,0.881565516261,27.0,28.0,0.99,0.987833544029,27.0,28.0,0.99,0.987833544029,27.0,28.0,custom_states,False,False,False,,
cluster2x2,cluster,4,monomial_full,sup123_P210_ph212,True,False,0.0,0.666667,98.0,109.4,9.33,307.0,320.8,80.0,81.4,128.0,"{'sx': 90, 'rz': 88, 'cz': 52, 'rx': 49, 'rzz': 28, 'barrier': 8}",5,5,0,ok,,29.0,32.0,ok,,0.97,0.881565516261,26.0,28.0,0.99,0.987833544029,26.0,28.0,0.99,0.987833544029,26.0,28.0,custom_states,False,False,False,,
cluster2x2,cluster,4,monomial_full,sup123_P210_ph220,True,False,0.0,0.666667,97.0,109.4,10.15,305.0,321.4,80.0,81.4,128.0,"{'sx': 90, 'rz': 87, 'rx': 48, 'cz': 48, 'rzz': 32, 'barrier': 8}",5,5,0,ok,,29.0,32.0,ok,,0.96,0.86526466326,26.0,28.0,0.99,0.98403145781,26.0,28.0,0.99,0.98403145781,26.0,28.0,custom_states,False,False,False,,
cluster2x2,cluster,4,monomial_full,sup123_P210_ph221,True,False,0.0,0.666667,97.0,109.4,10.15,309.0,325.6,80.0,81.4,128.0,"{'rz': 91, 'sx': 90, 'rx': 48, 'cz': 48, 'rzz': 32, 'barrier': 8}",5,5,0,ok,,29.0,32.0,ok,,0.96,0.86526466326,26.0,28.0,0.99,0.98403145781,26.0,28.0,0.99,0.98403145781,26.0,28.0,custom_states,False,False,False,,
cluster2x2,cluster,4,monomial_full,sup123_P210_ph222,True,False,0.0,0.666667,98.0,110.0,9.82,311.0,326.8,80.0,81.4,128.0,"{'rz': 91, 'sx': 90, 'rx': 50, 'cz': 48, 'rzz': 32, 'barrier': 8}",5,5,0,ok,,29.0,32.0,ok,,0.96,0.86526466326,26.0,28.0,0.99,0.98403145781,26.0,28.0,0.99,0.98403145781,26.0,28.0,custom_states,False,False,False,,
cluster2x2,cluster,4,product,U_I__V_X,True,False,0.0,0.666667,99.0,110.4,9.33,313.0,327.4,80.0,81.4,128.0,"{'rz': 90, 'sx': 90, 'rx': 53, 'cz': 52, 'rzz': 28, 'barrier': 8}",5,5,0,ok,,30.0,32.0,ok,,0.97,0.881565516261,27.0,28.0,0.99,0.987833544029,27.0,28.0,0.99,0.987833544029,27.0,28.0,custom_states,False,False,False,,
cluster2x2,cluster,4,product,U_I__V_SX,True,False,0.0,0.833333,98.0,110.0,9.82,313.0,329.0,80.0,81.4,128.0,"{'rz': 91, 'sx': 90, 'rx': 52, 'cz': 48, 'rzz': 32, 'barrier': 8}",5,5,0,ok,,30.0,32.0,ok,,0.97,0.881565516261,27.0,28.0,0.99,0.987833544029,27.0,28.0,0.99,0.987833544029,27.0,28.0,custom_states,False,False,False,,
cluster2x2,cluster,4,product,U_I__V_SXdg,True,False,0.0,0.833333,97.0,109.6,10.31,305.0,322.4,80.0,81.4,128.0,"{'rz': 91, 'sx': 90, 'cz': 48, 'rx': 44, 'rzz': 32, 'barrier': 8}",5,5,0,ok,,29.0,32.0,ok,,0.97,0.881565516261,26.0,28.0,0.99,0.987833544029,26.0,28.0,0.99,0.987833544029,26.0,28.0,custom_states,False,False,False,,
cluster2x2,cluster,4,product,U_I__V_H,True,False,0.0,0.833333,100.0,111.6,9.5,319.0,334.6,80.0,81.4,128.0,"{'sx': 96, 'rz': 90, 'rx': 53, 'cz': 52, 'rzz': 28, 'barrier': 8}",5,5,0,ok,,31.0,32.0,ok,,0.97,0.881565516261,28.0,28.0,0.99,0.987833544029,28.0,28.0,0.99,0.987833544029,28.0,28.0,custom_states,False,False,False,,
cluster2x2,cluster,4,product,U_I__V_HS,True,False,0.0,0.833333,99.0,111.2,9.97,312.0,330.4,80.0,81.4,128.0,"{'rz': 95, 'sx': 90, 'cz': 48, 'rx': 47, 'rzz': 32, 'barrier': 8}",5,5,0,ok,,30.0,32.0,ok,,0.96,0.881565516261,27.0,28.0,0.99,0.987833544029,27.0,28.0,0.99,0.987833544029,27.0,28.0,custom_states,False,False,False,,
cluster2x2,cluster,4,product,U_I__V_SH,True,False,0.0,0.833333,97.0,109.6,10.31,305.0,322.8,80.0,81.4,128.0,"{'rz': 91, 'sx': 90, 'cz': 48, 'rx': 44, 'rzz': 32, 'barrier': 8}",5,5,0,ok,,29.0,32.0,ok,,0.96,0.881565516261,26.0,28.0,0.99,0.987833544029,26.0,28.0,0.99,0.987833544029,26.0,28.0,custom_states,False,False,False,,
cluster2x2,cluster,4,product,U_I__V_Z,True,True,0.0,1.0,98.0,110.0,9.82,312.0,327.0,80.0,81.4,128.0,"{'sx': 90, 'rz': 86, 'rx': 56, 'cz': 52, 'rzz': 28, 'barrier': 8}",5,5,0,ok,,30.0,32.0,ok,,0.97,0.881565516261,27.0,28.0,0.99,0.987833544029,27.0,28.0,0.99,0.987833544029,27.0,28.0,custom_states,False,False,False,,
cluster2x2,cluster,4,product,U_X__V_I,True,False,0.0,0.666667,99.0,110.6,9.5,313.0,327.6,80.0,81.4,128.0,"{'rz': 90, 'sx': 90, 'rx': 53, 'cz': 52, 'rzz': 28, 'barrier': 8}",5,5,0,ok,,30.0,32.0,ok,,0.95,0.981196440888,27.0,28.0,0.95,0.981196440888,27.0,28.0,0.95,0.981196440888,27.0,28.0,custom_states,False,False,False,,
cluster2x2,cluster,4,product,U_X__V_X,True,False,0.0,0.666667,96.0,108.8,10.48,301.0,317.8,80.0,81.4,128.0,"{'sx': 90, 'rz': 82, 'cz': 52, 'rx': 49, 'rzz': 28, 'barrier': 8}",5,5,0,ok,,29.0,32.0,ok,,0.97,0.881565516261,26.0,28.0,0.99,0.987833544029,26.0,28.0,0.99,0.987833544029,26.0,28.0,custom_states,False,False,False,,
cluster2x2,cluster,4,product,U_X__V_SX,True,False,0.0,0.666667,96.0,108.8,10.48,303.0,321.0,80.0,81.4,128.0,"{'sx': 90, 'rz': 82, 'cz': 52, 'rx': 51, 'rzz': 28, 'barrier': 8}",5,5,0,ok,,29.0,32.0,ok,,0.97,0.881565516261,26.0,28.0,0.99,0.987833544029,26.0,28.0,0.99,0.987833544029,26.0,28.0,custom_states,False,False,False,,
cluster2x2,cluster,4,product,U_X__V_SXdg,True,False,0.0,0.666667,99.0,110.6,9.5,313.0,327.6,80.0,81.4,128.0,"{'rz': 90, 'sx': 90, 'rx': 53, 'cz': 52, 'rzz': 28, 'barrier': 8}",5,5,0,ok,,30.0,32.0,ok,,0.97,0.881565516261,27.0,28.0,0.99,0.987833544029,27.0,28.0,0.99,0.987833544029,27.0,28.0,custom_states,False,False,False,,
cluster2x2,cluster,4,product,U_X__V_H,True,False,0.0,0.666667,100.0,110.8,8.84,312.0,326.0,80.0,81.4,128.0,"{'rz': 93, 'sx': 90, 'cz': 52, 'rx': 49, 'rzz': 28, 'barrier': 8}",5,5,0,ok,,30.0,32.0,ok,,0.97,0.881565516261,27.0,28.0,0.99,0.987833544029,27.0,28.0,0.99,0.987833544029,27.0,28.0,custom_states,False,False,False,,
cluster2x2,cluster,4,product,U_X__V_HS,True,False,0.0,0.666667,100.0,111.8,9.66,318.0,333.6,80.0,81.4,128.0,"{'rz': 95, 'sx': 90, 'rx': 53, 'cz': 48, 'rzz': 32, 'barrier': 8}",5,5,0,ok,,31.0,32.0,ok,,0.98,0.987232301023,28.0,28.0,0.98,0.987232301023,28.0,28.0,0.98,0.987232301023,28.0,28.0,custom_states,False,False,False,,
cluster2x2,cluster,4,product,U_X__V_SH,True,False,0.0,0.666667,98.0,110.0,9.82,311.0,327.0,80.0,81.4,128.0,"{'rz': 91, 'sx': 90, 'rx': 50, 'cz': 48, 'rzz': 32, 'barrier': 8}",5,5,0,ok,,29.0,32.0,ok,,0.98,0.987232301023,25.0,28.0,0.98,0.987232301023,25.0,28.0,0.98,0.987232301023,25.0,28.0,custom_states,False,False,False,,
cluster2x2,cluster,4,product,U_X__V_Z,True,False,0.0,0.666667,98.0,110.2,9.99,308.0,325.4,80.0,81.4,128.0,"{'sx': 90, 'rz': 86, 'rx': 52, 'cz': 52, 'rzz': 28, 'barrier': 8}",5,5,0,ok,,30.0,32.0,ok,,0.97,0.888412369474,27.0,28.0,0.99,0.987833544029,27.0,28.0,0.99,0.987833544029,27.0,28.0,custom_states,False,False,False,,
cluster2x2,cluster,4,product,U_SX__V_I,True,False,0.0,0.833333,98.0,110.4,10.15,312.0,327.4,80.0,81.4,128.0,"{'rz': 91, 'sx': 90, 'rx': 51, 'cz': 48, 'rzz': 32, 'barrier': 8}",5,5,0,ok,,30.0,32.0,ok,,0.95,0.924245179672,24.0,24.0,0.95,0.924245179672,24.0,24.0,,,,,custom_states,False,False,False,,
cluster2x2,cluster,4,product,U_SX__V_X,True,False,0.0,0.666667,98.0,110.2,9.97,312.0,328.0,80.0,81.4,128.0,"{'rz': 91, 'sx': 90, 'rx': 51, 'cz': 48, 'rzz': 32, 'barrier': 8}",5,5,0,ok,,30.0,32.0,ok,,0.95,0.898791290317,27.0,28.0,0.99,0.987833544029,27.0,28.0,0.99,0.987833544029,27.0,28.0,custom_states,False,False,False,,
cluster2x2,cluster,4,product,U_SX__V_SX,True,False,0.0,0.75,98.0,110.0,9.82,312.0,328.4,80.0,81.4,128.0,"{'rz': 91, 'sx': 90, 'rx': 51, 'cz': 48, 'rzz': 32, 'barrier': 8}",5,5,0,ok,,30.0,32.0,ok,,0.96,0.854860294619,27.0,28.0,0.99,0.980035320418,27.0,28.0,0.99,0.980035320418,27.0,28.0,custom_states,False,False,False,,
cluster2x2,cluster,4,product,U_SX__V_SXdg,True,False,0.0,0.75,95.0,105.4,8.52,308.0,312.6,74.0,77.0,128.0,"{'rz': 94, 'sx': 80, 'rx': 60, 'cz': 42, 'rzz': 32, 'barrier': 8}",5,5,0,ok,,27.0,28.0,ok,,0.95,0.881565516261,24.0,24.0,0.99,0.987833544029,24.0,24.0,0.99,0.987833544029,24.0,24.0,custom_states,False,False,False,,
cluster2x2,cluster,4,product,U_SX__V_H,True,False,0.0,0.75,98.0,110.6,10.31,313.0,329.8,80.0,81.4,128.0,"{'rz': 95, 'sx': 90, 'rx': 48, 'cz': 48, 'rzz': 32, 'barrier': 8}",5,5,0,ok,,30.0,32.0,ok,,0.96,0.881565516261,27.0,28.0,0.99,0.987833544029,27.0,28.0,0.99,0.987833544029,27.0,28.0,custom_states,False,False,False,,
cluster2x2,cluster,4,product,U_SX__V_HS,True,False,0.0,0.75,99.0,111.2,9.97,314.0,332.2,80.0,81.4,128.0,"{'rz': 95, 'sx': 90, 'rx': 49, 'cz': 48, 'rzz': 32, 'barrier': 8}",5,5,0,ok,,30.0,32.0,ok,,0.95,0.967364800501,27.0,28.0,0.95,0.967364800501,27.0,28.0,0.95,0.967364800501,27.0,28.0,custom_states,False,False,False,,
cluster2x2,cluster,4,product,U_SX__V_SH,True,False,0.0,0.75,97.0,109.6,10.31,308.0,326.0,80.0,81.4,128.0,"{'rz': 91, 'sx': 90, 'cz': 48, 'rx': 47, 'rzz': 32, 'barrier': 8}",5,5,0,ok,,29.0,32.0,ok,,0.99,0.936481165577,26.0,28.0,0.99,0.936481165577,26.0,28.0,,,,,custom_states,False,False,False,,
cluster2x2,cluster,4,product,U_SX__V_Z,True,False,0.0,0.833333,97.0,109.6,10.31,306.0,322.6,80.0,81.4,128.0,"{'rz': 91, 'sx': 90, 'cz': 48, 'rx': 45, 'rzz': 32, 'barrier': 8}",5,5,0,ok,,29.0,32.0,ok,,0.95,0.885216812119,26.0,28.0,0.96,0.904171290079,26.0,28.0,,,,,custom_states,False,False,False,,
cluster2x2,cluster,4,product,U_SXdg__V_I,True,False,0.0,0.833333,99.0,110.8,9.66,317.0,333.4,80.0,81.4,128.0,"{'rz': 91, 'sx': 90, 'rx': 56, 'cz': 48, 'rzz': 32, 'barrier': 8}",5,5,0,ok,,30.0,32.0,ok,,0.99,0.950562090197,27.0,28.0,0.99,0.950562090197,27.0,28.0,0.99,0.950562090197,27.0,28.0,custom_states,False,False,False,,
cluster2x2,cluster,4,product,U_SXdg__V_X,True,False,0.0,0.666667,97.0,110.0,10.64,311.0,328.6,80.0,81.4,128.0,"{'rz': 91, 'sx': 90, 'rx': 50, 'cz': 48, 'rzz': 32, 'barrier': 8}",5,5,0,ok,,30.0,32.0,ok,,0.95,0.881565516261,27.0,28.0,0.99,0.987833544029,27.0,28.0,0.99,0.987833544029,27.0,28.0,custom_states,False,False,False,,
cluster2x2,cluster,4,product,U_SXdg__V_SX,True,False,0.0,0.75,95.0,105.4,8.52,308.0,312.4,74.0,77.0,128.0,"{'rz': 94, 'sx': 80, 'rx': 60, 'cz': 42, 'rzz': 32, 'barrier': 8}",5,5,0,ok,,27.0,28.0,ok,,0.95,0.881565516261,24.0,24.0,0.99,0.987833544029,24.0,24.0,0.99,0.987833544029,24.0,24.0,custom_states,False,False,False,,
cluster2x2,cluster,4,product,U_SXdg__V_SXdg,True,False,0.0,0.75,97.0,110.0,10.64,313.0,329.2,80.0,81.4,128.0,"{'rz': 91, 'sx': 90, 'rx': 52, 'cz': 48, 'rzz': 32, 'barrier': 8}",5,5,0,ok,,30.0,32.0,ok,,0.95,0.968462382005,27.0,28.0,0.95,0.968462382005,27.0,28.0,0.95,0.968462382005,27.0,28.0,custom_states,False,False,False,,
cluster2x2,cluster,4,product,U_SXdg__V_H,True,False,0.0,0.75,99.0,111.4,10.15,316.0,333.6,80.0,81.4,128.0,"{'rz': 95, 'sx': 90, 'rx': 51, 'cz': 48, 'rzz': 32, 'barrier': 8}",5,5,0,ok,,31.0,32.0,ok,,0.96,0.881565516261,28.0,28.0,0.99,0.987833544029,28.0,28.0,0.99,0.987833544029,28.0,28.0,custom_states,False,False,False,,
cluster2x2,cluster,4,product,U_SXdg__V_HS,True,False,0.0,0.75,99.0,111.4,10.15,318.0,335.2,80.0,81.4,128.0,"{'rz': 95, 'sx': 90, 'rx': 53, 'cz': 48, 'rzz': 32, 'barrier': 8}",5,5,0,ok,,31.0,32.0,ok,,0.93,0.853609105986,28.0,28.0,0.99,0.936481165577,28.0,28.0,,,,,custom_states,False,False,False,,
cluster2x2,cluster,4,product,U_SXdg__V_SH,True,False,0.0,0.75,99.0,110.8,9.66,317.0,331.4,80.0,81.4,128.0,"{'rz': 91, 'sx': 90, 'rx': 56, 'cz': 48, 'rzz': 32, 'barrier': 8}",5,5,0,ok,,30.0,32.0,ok,,0.97,0.881565516261,27.0,28.0,0.99,0.987833544029,27.0,28.0,0.99,0.987833544029,27.0,28.0,custom_states,False,False,False,,
cluster2x2,cluster,4,product,U_SXdg__V_Z,True,False,0.0,0.833333,98.0,110.4,10.15,312.0,327.6,80.0,81.4,128.0,"{'rz': 91, 'sx': 90, 'rx': 51, 'cz': 48, 'rzz': 32, 'barrier': 8}",5,5,0,ok,,30.0,32.0,ok,,0.95,0.885790610371,26.0,28.0,0.96,0.902025690014,27.0,28.0,,,,,custom_states,False,False,False,,
cluster2x2,cluster,4,product,U_H__V_I,True,False,0.0,0.833333,96.0,109.0,10.66,301.0,317.8,80.0,81.4,128.0,"{'sx': 90, 'rz': 86, 'cz': 52, 'rx': 45, 'rzz': 28, 'barrier': 8}",5,5,0,ok,,29.0,32.0,ok,,0.99,0.987833544029,26.0,28.0,0.99,0.987833544029,26.0,28.0,0.99,0.987833544029,26.0,28.0,custom_states,False,False,False,,
cluster2x2,cluster,4,product,U_H__V_X,True,False,0.0,0.666667,99.0,110.6,9.5,315.0,330.6,80.0,81.4,128.0,"{'rz': 93, 'sx': 90, 'rx': 52, 'cz': 52, 'rzz': 28, 'barrier': 8}",5,5,0,ok,,31.0,32.0,ok,,0.95,0.888412369474,28.0,28.0,0.99,0.987833544029,28.0,28.0,0.99,0.987833544029,28.0,28.0,custom_states,False,False,False,,
cluster2x2,cluster,4,product,U_H__V_SX,True,False,0.0,0.75,100.0,111.8,9.66,319.0,334.2,80.0,81.4,128.0,"{'rz': 95, 'sx': 90, 'rx': 54, 'cz': 48, 'rzz': 32, 'barrier': 8}",5,5,0,ok,,31.0,32.0,ok,,0.96,0.881565516261,28.0,28.0,0.99,0.987833544029,28.0,28.0,0.99,0.987833544029,28.0,28.0,custom_states,False,False,False,,
cluster2x2,cluster,4,product,U_H__V_SXdg,True,False,0.0,0.75,100.0,111.6,9.48,316.0,333.8,80.0,81.4,128.0,"{'rz': 95, 'sx': 90, 'rx': 51, 'cz': 48, 'rzz': 32, 'barrier': 8}",5,5,0,ok,,31.0,32.0,ok,,0.96,0.881565516261,28.0,28.0,0.99,0.987833544029,28.0,28.0,0.99,0.987833544029,28.0,28.0,custom_states,False,False,False,,
cluster2x2,cluster,4,product,U_H__V_H,True,False,0.0,0.75,96.0,107.0,9.01,319.0,324.6,74.0,77.0,128.0,"{'rz': 105, 'sx': 80, 'rx': 60, 'cz': 42, 'rzz': 32, 'barrier': 8}",5,5,0,ok,,28.0,28.0,ok,,0.95,0.967364800501,24.0,24.0,0.95,0.967364800501,24.0,24.0,0.95,0.967364800501,24.0,24.0,custom_states,False,False,False,,
cluster2x2,cluster,4,product,U_H__V_HS,True,False,0.0,0.75,101.0,112.2,9.17,321.0,337.4,80.0,81.4,128.0,"{'rz': 99, 'sx': 90, 'rx': 52, 'cz': 48, 'rzz': 32, 'barrier': 8}",5,5,0,ok,,31.0,32.0,ok,,0.95,0.967364800501,27.0,28.0,0.95,0.967364800501,27.0,28.0,0.95,0.967364800501,27.0,28.0,custom_states,False,False,False,,
cluster2x2,cluster,4,product,U_H__V_SH,True,False,0.0,0.75,100.0,111.6,9.48,317.0,333.8,80.0,81.4,128.0,"{'rz': 95, 'sx': 90, 'rx': 52, 'cz': 48, 'rzz': 32, 'barrier': 8}",5,5,0,ok,,31.0,32.0,ok,,0.95,0.881565516261,28.0,28.0,0.99,0.987833544029,28.0,28.0,0.99,0.987833544029,28.0,28.0,custom_states,False,False,False,,
cluster2x2,cluster,4,product,U_H__V_Z,True,False,0.0,0.833333,96.0,106.2,8.42,313.0,317.4,74.0,77.0,128.0,"{'rz': 101, 'sx': 80, 'rx': 58, 'cz': 42, 'rzz': 32, 'barrier': 8}",5,5,0,ok,,28.0,28.0,ok,,0.96,0.881565516261,25.0,24.0,0.99,0.987833544029,25.0,24.0,0.99,0.987833544029,25.0,24.0,custom_states,False,False,False,,
cluster2x2,cluster,4,product,U_HS__V_I,True,False,0.0,0.833333,99.0,111.0,9.82,310.0,326.6,80.0,81.4,128.0,"{'rz': 95, 'sx': 90, 'cz': 48, 'rx': 45, 'rzz': 32, 'barrier': 8}",5,5,0,ok,,30.0,32.0,ok,,0.95,0.967364800501,27.0,28.0,0.95,0.967364800501,27.0,28.0,0.95,0.967364800501,27.0,28.0,custom_states,False,False,False,,
cluster2x2,cluster,4,product,U_HS__V_X,True,False,0.0,0.666667,100.0,111.8,9.66,316.0,332.8,80.0,81.4,128.0,"{'rz': 95, 'sx': 90, 'rx': 51, 'cz': 48, 'rzz': 32, 'barrier': 8}",5,5,0,ok,,31.0,32.0,ok,,0.99,0.987833544029,28.0,28.0,0.99,0.987833544029,28.0,28.0,0.99,0.987833544029,28.0,28.0,custom_states,False,False,False,,
cluster2x2,cluster,4,product,U_HS__V_SX,True,False,0.0,0.75,99.0,111.2,9.97,313.0,332.2,80.0,81.4,128.0,"{'rz': 95, 'sx': 90, 'rx': 48, 'cz': 48, 'rzz': 32, 'barrier': 8}",5,5,0,ok,,30.0,32.0,ok,,0.99,0.954186504151,25.0,24.0,0.99,0.954186504151,25.0,24.0,0.99,0.954186504151,25.0,24.0,custom_states,False,False,False,,
cluster2x2,cluster,4,product,U_HS__V_SXdg,True,False,0.0,0.75,100.0,111.8,9.66,318.0,334.6,80.0,81.4,128.0,"{'rz': 95, 'sx': 90, 'rx': 53, 'cz': 48, 'rzz': 32, 'barrier': 8}",5,5,0,ok,,31.0,32.0,ok,,0.99,0.954186504151,28.0,28.0,0.99,0.954186504151,28.0,28.0,0.99,0.954186504151,28.0,28.0,custom_states,False,False,False,,
cluster2x2,cluster,4,product,U_HS__V_H,True,False,0.0,0.75,101.0,112.2,9.17,321.0,337.8,80.0,81.4,128.0,"{'rz': 99, 'sx': 90, 'rx': 52, 'cz': 48, 'rzz': 32, 'barrier': 8}",5,5,0,ok,,31.0,32.0,ok,,0.96,0.881565516261,28.0,28.0,0.99,0.987833544029,28.0,28.0,0.99,0.987833544029,28.0,28.0,custom_states,False,False,False,,
cluster2x2,cluster,4,product,U_HS__V_HS,True,False,0.0,0.75,99.0,111.0,9.82,317.0,334.6,80.0,81.4,128.0,"{'rz': 99, 'sx': 90, 'rx': 48, 'cz': 48, 'rzz': 32, 'barrier': 8}",5,5,0,ok,,30.0,32.0,ok,,0.95,0.945622624481,27.0,28.0,0.95,0.945622624481,27.0,28.0,0.99,0.984047053392,27.0,28.0,custom_states,False,False,False,,
cluster2x2,cluster,4,product,U_HS__V_SH,True,False,0.0,0.75,99.0,111.0,9.82,312.0,329.4,80.0,81.4,128.0,"{'rz': 95, 'sx': 90, 'cz': 48, 'rx': 47, 'rzz': 32, 'barrier': 8}",5,5,0,ok,,30.0,32.0,ok,,0.97,0.881565516261,27.0,28.0,0.99,0.987833544029,27.0,28.0,0.99,0.987833544029,27.0,28.0,custom_states,False,False,False,,
cluster2x2,cluster,4,product,U_HS__V_Z,True,False,0.0,0.833333,101.0,112.2,9.17,317.0,331.8,80.0,81.4,128.0,"{'rz': 95, 'sx': 90, 'rx': 52, 'cz': 48, 'rzz': 32, 'barrier': 8}",5,5,0,ok,,31.0,32.0,ok,,0.95,0.967364800501,27.0,28.0,0.95,0.967364800501,27.0,28.0,0.95,0.967364800501,27.0,28.0,custom_states,False,False,False,,
cluster2x2,cluster,4,product,U_SH__V_I,True,False,0.0,0.833333,97.0,110.0,10.64,314.0,331.4,80.0,81.4,128.0,"{'rz': 91, 'sx': 90, 'rx': 53, 'cz': 48, 'rzz': 32, 'barrier': 8}",5,5,0,ok,,30.0,32.0,ok,,0.96,0.881565516261,27.0,28.0,0.99,0.987833544029,27.0,28.0,0.99,0.987833544029,27.0,28.0,custom_states,False,False,False,,
cluster2x2,cluster,4,product,U_SH__V_X,True,False,0.0,0.666667,96.0,109.2,10.8,308.0,325.6,80.0,81.4,128.0,"{'rz': 91, 'sx': 90, 'cz': 48, 'rx': 47, 'rzz': 32, 'barrier': 8}",5,5,0,ok,,29.0,32.0,ok,,0.98,0.905862276007,26.0,28.0,0.98,0.905862276007,26.0,28.0,0.99,0.959020958802,26.0,28.0,custom_states,False,False,False,,
cluster2x2,cluster,4,product,U_SH__V_SX,True,False,0.0,0.75,96.0,109.4,10.95,308.0,326.8,80.0,81.4,128.0,"{'rz': 91, 'sx': 90, 'cz': 48, 'rx': 47, 'rzz': 32, 'barrier': 8}",5,5,0,ok,,29.0,32.0,ok,,0.97,0.881565516261,26.0,28.0,0.99,0.987833544029,26.0,28.0,0.99,0.987833544029,26.0,28.0,custom_states,False,False,False,,
cluster2x2,cluster,4,product,U_SH__V_SXdg,True,False,0.0,0.75,99.0,110.8,9.66,317.0,331.2,80.0,81.4,128.0,"{'rz': 91, 'sx': 90, 'rx': 56, 'cz': 48, 'rzz': 32, 'barrier': 8}",5,5,0,ok,,30.0,32.0,ok,,0.98,0.881565516261,27.0,28.0,0.99,0.987833544029,27.0,28.0,0.99,0.987833544029,27.0,28.0,custom_states,False,False,False,,
cluster2x2,cluster,4,product,U_SH__V_H,True,False,0.0,0.75,100.0,111.6,9.48,317.0,334.2,80.0,81.4,128.0,"{'rz': 95, 'sx': 90, 'rx': 52, 'cz': 48, 'rzz': 32, 'barrier': 8}",5,5,0,ok,,31.0,32.0,ok,,0.91,0.856955577692,27.0,28.0,0.99,0.987833544029,28.0,28.0,0.99,0.987833544029,28.0,28.0,custom_states,False,False,False,,
cluster2x2,cluster,4,product,U_SH__V_HS,True,False,0.0,0.75,100.0,111.4,9.33,317.0,333.0,80.0,81.4,128.0,"{'rz': 95, 'sx': 90, 'rx': 52, 'cz': 48, 'rzz': 32, 'barrier': 8}",5,5,0,ok,,31.0,32.0,ok,,0.96,0.889227957519,27.0,28.0,0.99,0.987881691505,27.0,28.0,0.99,0.987881691505,27.0,28.0,custom_states,False,False,False,,
cluster2x2,cluster,4,product,U_SH__V_SH,True,False,0.0,0.75,96.0,109.4,10.95,307.0,326.8,80.0,81.4,128.0,"{'rz': 91, 'sx': 90, 'cz': 48, 'rx': 46, 'rzz': 32, 'barrier': 8}",5,5,0,ok,,29.0,32.0,ok,,0.95,0.913213531381,26.0,28.0,0.95,0.913213531381,26.0,28.0,0.99,0.987833544029,26.0,28.0,custom_states,False,False,False,,
cluster2x2,cluster,4,product,U_SH__V_Z,True,False,0.0,0.833333,99.0,110.8,9.66,313.0,330.0,80.0,81.4,128.0,"{'rz': 91, 'sx': 90, 'rx': 52, 'cz': 48, 'rzz': 32, 'barrier': 8}",5,5,0,ok,,30.0,32.0,ok,,0.95,0.967364800501,26.0,28.0,0.95,0.967364800501,26.0,28.0,0.95,0.967364800501,26.0,28.0,custom_states,False,False,False,,
cluster2x2,cluster,4,product,U_Z__V_I,True,True,0.0,1.0,99.0,110.4,9.33,316.0,330.6,80.0,81.4,128.0,"{'rz': 90, 'sx': 90, 'rx': 56, 'cz': 52, 'rzz': 28, 'barrier': 8}",5,5,0,ok,,30.0,32.0,ok,,0.95,0.981196440888,27.0,28.0,0.95,0.981196440888,27.0,28.0,0.95,0.981196440888,27.0,28.0,custom_states,False,False,False,,
cluster2x2,cluster,4,product,U_Z__V_X,True,False,0.0,0.666667,95.0,107.6,10.31,296.0,312.8,80.0,81.4,128.0,"{'sx': 90, 'rz': 80, 'cz': 52, 'rx': 46, 'rzz': 28, 'barrier': 8}",5,5,0,ok,,28.0,32.0,ok,,0.95,0.881565516261,25.0,28.0,0.99,0.987833544029,25.0,28.0,0.99,0.987833544029,25.0,28.0,custom_states,False,False,False,,
cluster2x2,cluster,4,product,U_Z__V_SX,True,False,0.0,0.833333,98.0,110.0,9.82,307.0,322.8,80.0,81.4,128.0,"{'rz': 91, 'sx': 90, 'cz': 48, 'rx': 46, 'rzz': 32, 'barrier': 8}",5,5,0,ok,,29.0,32.0,ok,,0.96,0.86526466326,26.0,28.0,0.99,0.98403145781,26.0,28.0,0.99,0.98403145781,26.0,28.0,custom_states,False,False,False,,
cluster2x2,cluster,4,product,U_Z__V_SXdg,True,False,0.0,0.833333,98.0,110.0,9.82,313.0,329.0,80.0,81.4,128.0,"{'rz': 91, 'sx': 90, 'rx': 52, 'cz': 48, 'rzz': 32, 'barrier': 8}",5,5,0,ok,,30.0,32.0,ok,,0.95,0.980393726779,27.0,28.0,0.95,0.980393726779,27.0,28.0,0.95,0.980393726779,27.0,28.0,custom_states,False,False,False,,
cluster2x2,cluster,4,product,U_Z__V_H,True,False,0.0,0.833333,96.0,106.6,8.69,312.0,317.2,74.0,77.0,128.0,"{'rz': 101, 'sx': 80, 'rx': 57, 'cz': 42, 'rzz': 32, 'barrier': 8}",5,5,0,ok,,28.0,28.0,ok,,0.96,0.881565516261,25.0,24.0,0.99,0.987833544029,25.0,24.0,0.99,0.987833544029,25.0,24.0,custom_states,False,False,False,,
cluster2x2,cluster,4,product,U_Z__V_HS,True,False,0.0,0.833333,100.0,111.8,9.66,314.0,330.8,80.0,81.4,128.0,"{'rz': 95, 'sx': 90, 'rx': 49, 'cz': 48, 'rzz': 32, 'barrier': 8}",5,5,0,ok,,31.0,32.0,ok,,0.95,0.967364800501,27.0,28.0,0.95,0.967364800501,27.0,28.0,0.95,0.967364800501,27.0,28.0,custom_states,False,False,False,,
cluster2x2,cluster,4,product,U_Z__V_SH,True,False,0.0,0.833333,99.0,110.8,9.66,310.0,326.8,80.0,81.4,128.0,"{'rz': 91, 'sx': 90, 'rx': 49, 'cz': 48, 'rzz': 32, 'barrier': 8}",5,5,0,ok,,30.0,32.0,ok,,0.95,0.967364800501,26.0,28.0,0.95,0.967364800501,26.0,28.0,0.95,0.967364800501,26.0,28.0,custom_states,False,False,False,,
cluster2x2,cluster,4,product,U_Z__V_Z,True,True,0.0,1.0,95.0,105.4,8.52,305.0,309.6,74.0,77.0,128.0,"{'rz': 97, 'sx': 80, 'rx': 54, 'cz': 42, 'rzz': 32, 'barrier': 8}",5,5,0,ok,,26.0,28.0,ok,,0.95,0.881565516261,23.0,24.0,0.99,0.987833544029,23.0,24.0,0.99,0.987833544029,23.0,24.0,custom_states,False,False,False,,
cluster2x2,cluster,4,monomial_full,sup012_P012_ph000,True,,,,,,,,,,,,,0,0,0,skipped_baseline_equivalent,,,,skipped,same embedding as baseline within tolerance,,,,,,,,,,,,,custom_states,False,True,True,same embedding as baseline within tolerance,1.0
cluster2x2,cluster,4,monomial_full,sup012_P012_ph111,True,,,,,,,,,,,,,0,0,0,skipped_baseline_equivalent,,,,skipped,embedding equals baseline up to one global phase,,,,,,,,,,,,,custom_states,False,False,True,embedding equals baseline up to one global phase,1.0
cluster2x2,cluster,4,monomial_full,sup012_P012_ph222,True,,,,,,,,,,,,,0,0,0,skipped_baseline_equivalent,,,,skipped,embedding equals baseline up to one global phase,,,,,,,,,,,,,custom_states,False,False,True,embedding equals baseline up to one global phase,1.0
cluster2x2,cluster,4,product,U_I__V_I,True,,,,,,,,,,,,,0,0,0,skipped_baseline_equivalent,,,,skipped,same embedding as baseline within tolerance,,,,,,,,,,,,,custom_states,False,True,True,same embedding as baseline within tolerance,1.0
