[suite graph_states_extended] starting; states=28, candidates_per_state=1522, jobs=4, mode=full, strategy=append_w
[suite graph_states_extended] states: ghz4, ghz5, ghz6, ghz7, ghz8, ghz9, path4, path5, path6, path7, path8, path9, cycle4, cycle5, cycle6, cycle7, cycle8, cycle9, wheel5, wheel6, wheel7, wheel8, wheel9, complete4, complete5, complete6, cluster2x2, cluster2x3
[suite graph_states_extended] [1/28] === state ghz4 (family=ghz_star, qutrits=4, edges=3) ===
[suite graph_states_extended] state ghz4: 1513 benchmarked, 9 baseline-equivalent skipped, 1522 candidates total
[suite graph_states_extended :: ghz4] starting benchmarks: 0/1513
[suite graph_states_extended] starting; states=28, candidates_per_state=1522, jobs=1, mode=full, strategy=append_w
[suite graph_states_extended] states: ghz4, ghz5, ghz6, ghz7, ghz8, ghz9, path4, path5, path6, path7, path8, path9, cycle4, cycle5, cycle6, cycle7, cycle8, cycle9, wheel5, wheel6, wheel7, wheel8, wheel9, complete4, complete5, complete6, cluster2x2, cluster2x3
[suite graph_states_extended] [1/28] === state ghz4 (family=ghz_star, qutrits=4, edges=3) ===
[suite graph_states_extended] state ghz4: 1513 benchmarked, 9 baseline-equivalent skipped, 1522 candidates total
[suite graph_states_extended :: ghz4] starting benchmarks: 0/1513
[suite graph_states_extended :: ghz4] 1/1513 (  0.1%) done baseline/E_old elapsed=8s avg=7.97s/cand eta=3h20m50s remaining=1512
[suite graph_states_extended :: ghz4] 2/1513 (  0.1%) done monomial_old_codespace/P012_ph001 elapsed=17s avg=8.40s/cand eta=3h31m27s remaining=1511
[suite graph_states_extended :: ghz4] 3/1513 (  0.2%) done monomial_old_codespace/P012_ph002 elapsed=25s avg=8.36s/cand eta=3h30m28s remaining=1510
[suite graph_states_extended :: ghz4] 4/1513 (  0.3%) done monomial_old_codespace/P012_ph010 elapsed=33s avg=8.17s/cand eta=3h25m28s remaining=1509
[suite graph_states_extended :: ghz4] 5/1513 (  0.3%) done monomial_old_codespace/P012_ph011 elapsed=40s avg=7.95s/cand eta=3h19m54s remaining=1508
[suite graph_states_extended :: ghz4] 6/1513 (  0.4%) done monomial_old_codespace/P012_ph012 elapsed=46s avg=7.73s/cand eta=3h14m16s remaining=1507
[suite graph_states_extended :: ghz4] 7/1513 (  0.5%) done monomial_old_codespace/P012_ph020 elapsed=53s avg=7.63s/cand eta=3h11m36s remaining=1506
[suite graph_states_extended :: ghz4] 8/1513 (  0.5%) done monomial_old_codespace/P012_ph021 elapsed=1m00s avg=7.53s/cand eta=3h08m50s remaining=1505
[suite graph_states_extended :: ghz4] 9/1513 (  0.6%) done monomial_old_codespace/P012_ph022 elapsed=1m08s avg=7.51s/cand eta=3h08m19s remaining=1504
[suite graph_states_extended :: ghz4] 10/1513 (  0.7%) done monomial_old_codespace/P012_ph100 elapsed=1m15s avg=7.53s/cand eta=3h08m39s remaining=1503
[suite graph_states_extended :: ghz4] 11/1513 (  0.7%) done monomial_old_codespace/P012_ph101 elapsed=1m22s avg=7.46s/cand eta=3h06m48s remaining=1502
[suite graph_states_extended :: ghz4] 12/1513 (  0.8%) done monomial_old_codespace/P012_ph102 elapsed=1m30s avg=7.47s/cand eta=3h06m52s remaining=1501
[suite graph_states_extended :: ghz4] 13/1513 (  0.9%) done monomial_old_codespace/P012_ph110 elapsed=1m37s avg=7.43s/cand eta=3h05m46s remaining=1500
[suite graph_states_extended :: ghz4] 14/1513 (  0.9%) done monomial_old_codespace/P012_ph112 elapsed=1m44s avg=7.46s/cand eta=3h06m18s remaining=1499
[suite graph_states_extended :: ghz4] 15/1513 (  1.0%) done monomial_old_codespace/P012_ph120 elapsed=1m52s avg=7.47s/cand eta=3h06m26s remaining=1498
[suite graph_states_extended :: ghz4] 16/1513 (  1.1%) done monomial_old_codespace/P012_ph121 elapsed=1m59s avg=7.45s/cand eta=3h05m59s remaining=1497
[suite graph_states_extended :: ghz4] 17/1513 (  1.1%) done monomial_old_codespace/P012_ph122 elapsed=2m06s avg=7.42s/cand eta=3h04m54s remaining=1496
[suite graph_states_extended :: ghz4] 18/1513 (  1.2%) done monomial_old_codespace/P012_ph200 elapsed=2m14s avg=7.42s/cand eta=3h04m51s remaining=1495
[suite graph_states_extended :: ghz4] 19/1513 (  1.3%) done monomial_old_codespace/P012_ph201 elapsed=2m21s avg=7.41s/cand eta=3h04m29s remaining=1494
[suite graph_states_extended :: ghz4] 20/1513 (  1.3%) done monomial_old_codespace/P012_ph202 elapsed=2m28s avg=7.38s/cand eta=3h03m34s remaining=1493
[suite graph_states_extended :: ghz4] 21/1513 (  1.4%) done monomial_old_codespace/P012_ph210 elapsed=2m35s avg=7.37s/cand eta=3h03m14s remaining=1492
[suite graph_states_extended :: ghz4] 22/1513 (  1.5%) done monomial_old_codespace/P012_ph211 elapsed=2m42s avg=7.34s/cand eta=3h02m30s remaining=1491
[suite graph_states_extended :: ghz4] 23/1513 (  1.5%) done monomial_old_codespace/P012_ph212 elapsed=2m49s avg=7.35s/cand eta=3h02m33s remaining=1490
[suite graph_states_extended :: ghz4] 24/1513 (  1.6%) done monomial_old_codespace/P012_ph220 elapsed=2m56s avg=7.33s/cand eta=3h02m02s remaining=1489
[suite graph_states_extended :: ghz4] 25/1513 (  1.7%) done monomial_old_codespace/P012_ph221 elapsed=3m04s avg=7.34s/cand eta=3h02m03s remaining=1488
[suite graph_states_extended :: ghz4] 26/1513 (  1.7%) done monomial_old_codespace/P021_ph000 elapsed=3m13s avg=7.43s/cand eta=3h04m05s remaining=1487
[suite graph_states_extended :: ghz4] 27/1513 (  1.8%) done monomial_old_codespace/P021_ph001 elapsed=3m23s avg=7.52s/cand eta=3h06m20s remaining=1486
[suite graph_states_extended :: ghz4] 28/1513 (  1.9%) done monomial_old_codespace/P021_ph002 elapsed=3m33s avg=7.60s/cand eta=3h08m00s remaining=1485
[suite graph_states_extended :: ghz4] 29/1513 (  1.9%) done monomial_old_codespace/P021_ph010 elapsed=3m42s avg=7.66s/cand eta=3h09m26s remaining=1484
[suite graph_states_extended :: ghz4] 30/1513 (  2.0%) done monomial_old_codespace/P021_ph011 elapsed=3m52s avg=7.73s/cand eta=3h11m07s remaining=1483
[suite graph_states_extended :: ghz4] 31/1513 (  2.0%) done monomial_old_codespace/P021_ph012 elapsed=4m02s avg=7.81s/cand eta=3h12m52s remaining=1482
[suite graph_states_extended :: ghz4] 32/1513 (  2.1%) done monomial_old_codespace/P021_ph020 elapsed=4m12s avg=7.88s/cand eta=3h14m36s remaining=1481
[suite graph_states_extended :: ghz4] 33/1513 (  2.2%) done monomial_old_codespace/P021_ph021 elapsed=4m22s avg=7.94s/cand eta=3h15m54s remaining=1480
[suite graph_states_extended :: ghz4] 34/1513 (  2.2%) done monomial_old_codespace/P021_ph022 elapsed=4m32s avg=8.00s/cand eta=3h17m08s remaining=1479
[suite graph_states_extended :: ghz4] 35/1513 (  2.3%) done monomial_old_codespace/P021_ph100 elapsed=4m41s avg=8.03s/cand eta=3h17m45s remaining=1478
[suite graph_states_extended :: ghz4] 36/1513 (  2.4%) done monomial_old_codespace/P021_ph101 elapsed=4m50s avg=8.06s/cand eta=3h18m21s remaining=1477
[suite graph_states_extended :: ghz4] 37/1513 (  2.4%) done monomial_old_codespace/P021_ph102 elapsed=4m59s avg=8.09s/cand eta=3h18m55s remaining=1476
[suite graph_states_extended :: ghz4] 38/1513 (  2.5%) done monomial_old_codespace/P021_ph110 elapsed=5m08s avg=8.12s/cand eta=3h19m31s remaining=1475
[suite graph_states_extended :: ghz4] 39/1513 (  2.6%) done monomial_old_codespace/P021_ph111 elapsed=5m17s avg=8.14s/cand eta=3h19m54s remaining=1474
[suite graph_states_extended :: ghz4] 40/1513 (  2.6%) done monomial_old_codespace/P021_ph112 elapsed=5m27s avg=8.16s/cand eta=3h20m25s remaining=1473
[suite graph_states_extended :: ghz4] 41/1513 (  2.7%) done monomial_old_codespace/P021_ph120 elapsed=5m36s avg=8.19s/cand eta=3h20m51s remaining=1472
[suite graph_states_extended :: ghz4] 42/1513 (  2.8%) done monomial_old_codespace/P021_ph121 elapsed=5m45s avg=8.21s/cand eta=3h21m18s remaining=1471
[suite graph_states_extended :: ghz4] 43/1513 (  2.8%) done monomial_old_codespace/P021_ph122 elapsed=5m54s avg=8.23s/cand eta=3h21m39s remaining=1470
[suite graph_states_extended :: ghz4] 44/1513 (  2.9%) done monomial_old_codespace/P021_ph200 elapsed=6m03s avg=8.25s/cand eta=3h22m03s remaining=1469
[suite graph_states_extended :: ghz4] 45/1513 (  3.0%) done monomial_old_codespace/P021_ph201 elapsed=6m12s avg=8.27s/cand eta=3h22m23s remaining=1468
[suite graph_states_extended :: ghz4] 46/1513 (  3.0%) done monomial_old_codespace/P021_ph202 elapsed=6m21s avg=8.29s/cand eta=3h22m43s remaining=1467
[suite graph_states_extended :: ghz4] 47/1513 (  3.1%) done monomial_old_codespace/P021_ph210 elapsed=6m31s avg=8.31s/cand eta=3h23m03s remaining=1466
[suite graph_states_extended :: ghz4] 48/1513 (  3.2%) done monomial_old_codespace/P021_ph211 elapsed=6m40s avg=8.33s/cand eta=3h23m21s remaining=1465
[suite graph_states_extended :: ghz4] 49/1513 (  3.2%) done monomial_old_codespace/P021_ph212 elapsed=6m49s avg=8.35s/cand eta=3h23m42s remaining=1464
[suite graph_states_extended :: ghz4] 50/1513 (  3.3%) done monomial_old_codespace/P021_ph220 elapsed=6m58s avg=8.36s/cand eta=3h23m54s remaining=1463
[suite graph_states_extended :: ghz4] 51/1513 (  3.4%) done monomial_old_codespace/P021_ph221 elapsed=7m07s avg=8.37s/cand eta=3h24m03s remaining=1462
[suite graph_states_extended :: ghz4] 52/1513 (  3.4%) done monomial_old_codespace/P021_ph222 elapsed=7m16s avg=8.39s/cand eta=3h24m22s remaining=1461
[suite graph_states_extended :: ghz4] 53/1513 (  3.5%) done monomial_old_codespace/P102_ph000 elapsed=7m25s avg=8.39s/cand eta=3h24m13s remaining=1460
[suite graph_states_extended :: ghz4] 54/1513 (  3.6%) done monomial_old_codespace/P102_ph001 elapsed=7m33s avg=8.39s/cand eta=3h23m56s remaining=1459
[suite graph_states_extended :: ghz4] 55/1513 (  3.6%) done monomial_old_codespace/P102_ph002 elapsed=7m41s avg=8.38s/cand eta=3h23m33s remaining=1458
[suite graph_states_extended :: ghz4] 56/1513 (  3.7%) done monomial_old_codespace/P102_ph010 elapsed=7m48s avg=8.37s/cand eta=3h23m09s remaining=1457
[suite graph_states_extended :: ghz4] 57/1513 (  3.8%) done monomial_old_codespace/P102_ph011 elapsed=7m56s avg=8.36s/cand eta=3h22m47s remaining=1456
[suite graph_states_extended :: ghz4] 58/1513 (  3.8%) done monomial_old_codespace/P102_ph012 elapsed=8m05s avg=8.36s/cand eta=3h22m38s remaining=1455
[suite graph_states_extended :: ghz4] 59/1513 (  3.9%) done monomial_old_codespace/P102_ph020 elapsed=8m13s avg=8.36s/cand eta=3h22m29s remaining=1454
[suite graph_states_extended :: ghz4] 60/1513 (  4.0%) done monomial_old_codespace/P102_ph021 elapsed=8m21s avg=8.35s/cand eta=3h22m06s remaining=1453
[suite graph_states_extended :: ghz4] 61/1513 (  4.0%) done monomial_old_codespace/P102_ph022 elapsed=8m29s avg=8.35s/cand eta=3h21m59s remaining=1452
[suite graph_states_extended :: ghz4] 62/1513 (  4.1%) done monomial_old_codespace/P102_ph100 elapsed=8m37s avg=8.34s/cand eta=3h21m37s remaining=1451
[suite graph_states_extended :: ghz4] 63/1513 (  4.2%) done monomial_old_codespace/P102_ph101 elapsed=8m45s avg=8.34s/cand eta=3h21m26s remaining=1450
[suite graph_states_extended :: ghz4] 64/1513 (  4.2%) done monomial_old_codespace/P102_ph102 elapsed=8m53s avg=8.33s/cand eta=3h21m16s remaining=1449
[suite graph_states_extended :: ghz4] 65/1513 (  4.3%) done monomial_old_codespace/P102_ph110 elapsed=9m02s avg=8.33s/cand eta=3h21m08s remaining=1448
[suite graph_states_extended :: ghz4] 66/1513 (  4.4%) done monomial_old_codespace/P102_ph111 elapsed=9m10s avg=8.33s/cand eta=3h20m48s remaining=1447
[suite graph_states_extended :: ghz4] 67/1513 (  4.4%) done monomial_old_codespace/P102_ph112 elapsed=9m18s avg=8.33s/cand eta=3h20m38s remaining=1446
[suite graph_states_extended :: ghz4] 68/1513 (  4.5%) done monomial_old_codespace/P102_ph120 elapsed=9m26s avg=8.32s/cand eta=3h20m27s remaining=1445
[suite graph_states_extended :: ghz4] 69/1513 (  4.6%) done monomial_old_codespace/P102_ph121 elapsed=9m34s avg=8.32s/cand eta=3h20m20s remaining=1444
[suite graph_states_extended :: ghz4] 70/1513 (  4.6%) done monomial_old_codespace/P102_ph122 elapsed=9m43s avg=8.33s/cand eta=3h20m18s remaining=1443
[suite graph_states_extended :: ghz4] 71/1513 (  4.7%) done monomial_old_codespace/P102_ph200 elapsed=9m51s avg=8.32s/cand eta=3h19m53s remaining=1442
[suite graph_states_extended :: ghz4] 72/1513 (  4.8%) done monomial_old_codespace/P102_ph201 elapsed=9m58s avg=8.31s/cand eta=3h19m36s remaining=1441
[suite graph_states_extended :: ghz4] 73/1513 (  4.8%) done monomial_old_codespace/P102_ph202 elapsed=10m07s avg=8.31s/cand eta=3h19m26s remaining=1440
[suite graph_states_extended :: ghz4] 74/1513 (  4.9%) done monomial_old_codespace/P102_ph210 elapsed=10m14s avg=8.30s/cand eta=3h19m07s remaining=1439
[suite graph_states_extended :: ghz4] 75/1513 (  5.0%) done monomial_old_codespace/P102_ph211 elapsed=10m22s avg=8.30s/cand eta=3h18m55s remaining=1438
[suite graph_states_extended :: ghz4] 76/1513 (  5.0%) done monomial_old_codespace/P102_ph212 elapsed=10m31s avg=8.30s/cand eta=3h18m47s remaining=1437
[suite graph_states_extended :: ghz4] 77/1513 (  5.1%) done monomial_old_codespace/P102_ph220 elapsed=10m39s avg=8.29s/cand eta=3h18m29s remaining=1436
[suite graph_states_extended :: ghz4] 78/1513 (  5.2%) done monomial_old_codespace/P102_ph221 elapsed=10m46s avg=8.28s/cand eta=3h18m09s remaining=1435
[suite graph_states_extended :: ghz4] 79/1513 (  5.2%) done monomial_old_codespace/P102_ph222 elapsed=10m54s avg=8.28s/cand eta=3h17m50s remaining=1434
[suite graph_states_extended :: ghz4] 80/1513 (  5.3%) done monomial_old_codespace/P120_ph000 elapsed=11m03s avg=8.29s/cand eta=3h18m04s remaining=1433
[suite graph_states_extended :: ghz4] 81/1513 (  5.4%) done monomial_old_codespace/P120_ph001 elapsed=11m13s avg=8.30s/cand eta=3h18m10s remaining=1432
[suite graph_states_extended :: ghz4] 82/1513 (  5.4%) done monomial_old_codespace/P120_ph002 elapsed=11m22s avg=8.31s/cand eta=3h18m15s remaining=1431
[suite graph_states_extended :: ghz4] 83/1513 (  5.5%) done monomial_old_codespace/P120_ph010 elapsed=11m31s avg=8.32s/cand eta=3h18m18s remaining=1430
[suite graph_states_extended :: ghz4] 84/1513 (  5.6%) done monomial_old_codespace/P120_ph011 elapsed=11m40s avg=8.33s/cand eta=3h18m22s remaining=1429
[suite graph_states_extended :: ghz4] 85/1513 (  5.6%) done monomial_old_codespace/P120_ph012 elapsed=11m49s avg=8.34s/cand eta=3h18m24s remaining=1428
[suite graph_states_extended :: ghz4] 86/1513 (  5.7%) done monomial_old_codespace/P120_ph020 elapsed=11m58s avg=8.34s/cand eta=3h18m27s remaining=1427
[suite graph_states_extended :: ghz4] 87/1513 (  5.8%) done monomial_old_codespace/P120_ph021 elapsed=12m07s avg=8.35s/cand eta=3h18m30s remaining=1426
[suite graph_states_extended :: ghz4] 88/1513 (  5.8%) done monomial_old_codespace/P120_ph022 elapsed=12m16s avg=8.36s/cand eta=3h18m31s remaining=1425
[suite graph_states_extended :: ghz4] 89/1513 (  5.9%) done monomial_old_codespace/P120_ph100 elapsed=12m25s avg=8.37s/cand eta=3h18m35s remaining=1424
[suite graph_states_extended :: ghz4] 90/1513 (  5.9%) done monomial_old_codespace/P120_ph101 elapsed=12m34s avg=8.37s/cand eta=3h18m37s remaining=1423
[suite graph_states_extended :: ghz4] 91/1513 (  6.0%) done monomial_old_codespace/P120_ph102 elapsed=12m43s avg=8.38s/cand eta=3h18m40s remaining=1422
[suite graph_states_extended :: ghz4] 92/1513 (  6.1%) done monomial_old_codespace/P120_ph110 elapsed=12m52s avg=8.39s/cand eta=3h18m43s remaining=1421
[suite graph_states_extended :: ghz4] 93/1513 (  6.1%) done monomial_old_codespace/P120_ph111 elapsed=13m01s avg=8.40s/cand eta=3h18m42s remaining=1420
[suite graph_states_extended :: ghz4] 94/1513 (  6.2%) done monomial_old_codespace/P120_ph112 elapsed=13m10s avg=8.40s/cand eta=3h18m42s remaining=1419
[suite graph_states_extended :: ghz4] 95/1513 (  6.3%) done monomial_old_codespace/P120_ph120 elapsed=13m19s avg=8.41s/cand eta=3h18m42s remaining=1418
[suite graph_states_extended :: ghz4] 96/1513 (  6.3%) done monomial_old_codespace/P120_ph121 elapsed=13m28s avg=8.41s/cand eta=3h18m41s remaining=1417
[suite graph_states_extended :: ghz4] 97/1513 (  6.4%) done monomial_old_codespace/P120_ph122 elapsed=13m37s avg=8.42s/cand eta=3h18m41s remaining=1416
[suite graph_states_extended :: ghz4] 98/1513 (  6.5%) done monomial_old_codespace/P120_ph200 elapsed=13m46s avg=8.43s/cand eta=3h18m46s remaining=1415
[suite graph_states_extended :: ghz4] 99/1513 (  6.5%) done monomial_old_codespace/P120_ph201 elapsed=13m55s avg=8.44s/cand eta=3h18m50s remaining=1414
[suite graph_states_extended :: ghz4] 100/1513 (  6.6%) done monomial_old_codespace/P120_ph202 elapsed=14m04s avg=8.44s/cand eta=3h18m47s remaining=1413
[suite graph_states_extended :: ghz4] 101/1513 (  6.7%) done monomial_old_codespace/P120_ph210 elapsed=14m13s avg=8.45s/cand eta=3h18m49s remaining=1412
[suite graph_states_extended :: ghz4] 102/1513 (  6.7%) done monomial_old_codespace/P120_ph211 elapsed=14m22s avg=8.45s/cand eta=3h18m48s remaining=1411
[suite graph_states_extended :: ghz4] 103/1513 (  6.8%) done monomial_old_codespace/P120_ph212 elapsed=14m31s avg=8.46s/cand eta=3h18m48s remaining=1410
[suite graph_states_extended :: ghz4] 104/1513 (  6.9%) done monomial_old_codespace/P120_ph220 elapsed=14m40s avg=8.46s/cand eta=3h18m46s remaining=1409
[suite graph_states_extended :: ghz4] 105/1513 (  6.9%) done monomial_old_codespace/P120_ph221 elapsed=14m49s avg=8.47s/cand eta=3h18m47s remaining=1408
[suite graph_states_extended :: ghz4] 106/1513 (  7.0%) done monomial_old_codespace/P120_ph222 elapsed=14m58s avg=8.48s/cand eta=3h18m45s remaining=1407
[suite graph_states_extended :: ghz4] 107/1513 (  7.1%) done monomial_old_codespace/P201_ph000 elapsed=15m08s avg=8.49s/cand eta=3h18m51s remaining=1406
[suite graph_states_extended :: ghz4] 108/1513 (  7.1%) done monomial_old_codespace/P201_ph001 elapsed=15m17s avg=8.49s/cand eta=3h18m53s remaining=1405
[suite graph_states_extended :: ghz4] 109/1513 (  7.2%) done monomial_old_codespace/P201_ph002 elapsed=15m26s avg=8.50s/cand eta=3h18m49s remaining=1404
[suite graph_states_extended :: ghz4] 110/1513 (  7.3%) done monomial_old_codespace/P201_ph010 elapsed=15m35s avg=8.50s/cand eta=3h18m45s remaining=1403
[suite graph_states_extended :: ghz4] 111/1513 (  7.3%) done monomial_old_codespace/P201_ph011 elapsed=15m44s avg=8.50s/cand eta=3h18m41s remaining=1402
[suite graph_states_extended :: ghz4] 112/1513 (  7.4%) done monomial_old_codespace/P201_ph012 elapsed=15m53s avg=8.51s/cand eta=3h18m38s remaining=1401
[suite graph_states_extended :: ghz4] 113/1513 (  7.5%) done monomial_old_codespace/P201_ph020 elapsed=16m01s avg=8.51s/cand eta=3h18m30s remaining=1400
[suite graph_states_extended :: ghz4] 114/1513 (  7.5%) done monomial_old_codespace/P201_ph021 elapsed=16m10s avg=8.51s/cand eta=3h18m28s remaining=1399
[suite graph_states_extended :: ghz4] 115/1513 (  7.6%) done monomial_old_codespace/P201_ph022 elapsed=16m19s avg=8.52s/cand eta=3h18m27s remaining=1398
[suite graph_states_extended :: ghz4] 116/1513 (  7.7%) done monomial_old_codespace/P201_ph100 elapsed=16m28s avg=8.52s/cand eta=3h18m23s remaining=1397
[suite graph_states_extended :: ghz4] 117/1513 (  7.7%) done monomial_old_codespace/P201_ph101 elapsed=16m37s avg=8.52s/cand eta=3h18m18s remaining=1396
[suite graph_states_extended :: ghz4] 118/1513 (  7.8%) done monomial_old_codespace/P201_ph102 elapsed=16m46s avg=8.53s/cand eta=3h18m13s remaining=1395
[suite graph_states_extended :: ghz4] 119/1513 (  7.9%) done monomial_old_codespace/P201_ph110 elapsed=16m55s avg=8.53s/cand eta=3h18m06s remaining=1394
[suite graph_states_extended :: ghz4] 120/1513 (  7.9%) done monomial_old_codespace/P201_ph111 elapsed=17m04s avg=8.53s/cand eta=3h18m03s remaining=1393
[suite graph_states_extended :: ghz4] 121/1513 (  8.0%) done monomial_old_codespace/P201_ph112 elapsed=17m12s avg=8.53s/cand eta=3h17m57s remaining=1392
[suite graph_states_extended :: ghz4] 122/1513 (  8.1%) done monomial_old_codespace/P201_ph120 elapsed=17m21s avg=8.53s/cand eta=3h17m52s remaining=1391
[suite graph_states_extended :: ghz4] 123/1513 (  8.1%) done monomial_old_codespace/P201_ph121 elapsed=17m30s avg=8.54s/cand eta=3h17m46s remaining=1390
[suite graph_states_extended :: ghz4] 124/1513 (  8.2%) done monomial_old_codespace/P201_ph122 elapsed=17m39s avg=8.54s/cand eta=3h17m39s remaining=1389
[suite graph_states_extended :: ghz4] 125/1513 (  8.3%) done monomial_old_codespace/P201_ph200 elapsed=17m47s avg=8.54s/cand eta=3h17m32s remaining=1388
[suite graph_states_extended :: ghz4] 126/1513 (  8.3%) done monomial_old_codespace/P201_ph201 elapsed=17m56s avg=8.54s/cand eta=3h17m24s remaining=1387
[suite graph_states_extended :: ghz4] 127/1513 (  8.4%) done monomial_old_codespace/P201_ph202 elapsed=18m05s avg=8.54s/cand eta=3h17m16s remaining=1386
[suite graph_states_extended :: ghz4] 128/1513 (  8.5%) done monomial_old_codespace/P201_ph210 elapsed=18m13s avg=8.54s/cand eta=3h17m11s remaining=1385
[suite graph_states_extended :: ghz4] 129/1513 (  8.5%) done monomial_old_codespace/P201_ph211 elapsed=18m22s avg=8.54s/cand eta=3h17m05s remaining=1384
[suite graph_states_extended :: ghz4] 130/1513 (  8.6%) done monomial_old_codespace/P201_ph212 elapsed=18m31s avg=8.55s/cand eta=3h17m00s remaining=1383
[suite graph_states_extended :: ghz4] 131/1513 (  8.7%) done monomial_old_codespace/P201_ph220 elapsed=18m40s avg=8.55s/cand eta=3h16m54s remaining=1382
[suite graph_states_extended :: ghz4] 132/1513 (  8.7%) done monomial_old_codespace/P201_ph221 elapsed=18m49s avg=8.55s/cand eta=3h16m47s remaining=1381
[suite graph_states_extended :: ghz4] 133/1513 (  8.8%) done monomial_old_codespace/P201_ph222 elapsed=18m57s avg=8.55s/cand eta=3h16m42s remaining=1380
[suite graph_states_extended :: ghz4] 134/1513 (  8.9%) done monomial_old_codespace/P210_ph000 elapsed=19m05s avg=8.55s/cand eta=3h16m26s remaining=1379
[suite graph_states_extended :: ghz4] 135/1513 (  8.9%) done monomial_old_codespace/P210_ph001 elapsed=19m13s avg=8.54s/cand eta=3h16m06s remaining=1378
[suite graph_states_extended :: ghz4] 136/1513 (  9.0%) done monomial_old_codespace/P210_ph002 elapsed=19m20s avg=8.53s/cand eta=3h15m45s remaining=1377
[suite graph_states_extended :: ghz4] 137/1513 (  9.1%) done monomial_old_codespace/P210_ph010 elapsed=19m27s avg=8.52s/cand eta=3h15m26s remaining=1376
[suite graph_states_extended :: ghz4] 138/1513 (  9.1%) done monomial_old_codespace/P210_ph011 elapsed=19m35s avg=8.51s/cand eta=3h15m07s remaining=1375
[suite graph_states_extended :: ghz4] 139/1513 (  9.2%) done monomial_old_codespace/P210_ph012 elapsed=19m42s avg=8.51s/cand eta=3h14m47s remaining=1374
[suite graph_states_extended :: ghz4] 140/1513 (  9.3%) done monomial_old_codespace/P210_ph020 elapsed=19m50s avg=8.50s/cand eta=3h14m31s remaining=1373
[suite graph_states_extended :: ghz4] 141/1513 (  9.3%) done monomial_old_codespace/P210_ph021 elapsed=19m58s avg=8.49s/cand eta=3h14m15s remaining=1372
[suite graph_states_extended :: ghz4] 142/1513 (  9.4%) done monomial_old_codespace/P210_ph022 elapsed=20m05s avg=8.49s/cand eta=3h13m58s remaining=1371
[suite graph_states_extended :: ghz4] 143/1513 (  9.5%) done monomial_old_codespace/P210_ph100 elapsed=20m13s avg=8.48s/cand eta=3h13m39s remaining=1370
[suite graph_states_extended :: ghz4] 144/1513 (  9.5%) done monomial_old_codespace/P210_ph101 elapsed=20m20s avg=8.47s/cand eta=3h13m21s remaining=1369
[suite graph_states_extended :: ghz4] 145/1513 (  9.6%) done monomial_old_codespace/P210_ph102 elapsed=20m28s avg=8.47s/cand eta=3h13m02s remaining=1368
[suite graph_states_extended :: ghz4] 146/1513 (  9.6%) done monomial_old_codespace/P210_ph110 elapsed=20m35s avg=8.46s/cand eta=3h12m46s remaining=1367
[suite graph_states_extended :: ghz4] 147/1513 (  9.7%) done monomial_old_codespace/P210_ph111 elapsed=20m43s avg=8.45s/cand eta=3h12m28s remaining=1366
[suite graph_states_extended :: ghz4] 148/1513 (  9.8%) done monomial_old_codespace/P210_ph112 elapsed=20m51s avg=8.45s/cand eta=3h12m15s remaining=1365
[suite graph_states_extended :: ghz4] 149/1513 (  9.8%) done monomial_old_codespace/P210_ph120 elapsed=20m58s avg=8.44s/cand eta=3h11m57s remaining=1364
[suite graph_states_extended :: ghz4] 150/1513 (  9.9%) done monomial_old_codespace/P210_ph121 elapsed=21m06s avg=8.44s/cand eta=3h11m40s remaining=1363
[suite graph_states_extended :: ghz4] 151/1513 ( 10.0%) done monomial_old_codespace/P210_ph122 elapsed=21m13s avg=8.43s/cand eta=3h11m25s remaining=1362
[suite graph_states_extended :: ghz4] 152/1513 ( 10.0%) done monomial_old_codespace/P210_ph200 elapsed=21m21s avg=8.42s/cand eta=3h11m06s remaining=1361
[suite graph_states_extended :: ghz4] 153/1513 ( 10.1%) done monomial_old_codespace/P210_ph201 elapsed=21m28s avg=8.42s/cand eta=3h10m51s remaining=1360
[suite graph_states_extended :: ghz4] 154/1513 ( 10.2%) done monomial_old_codespace/P210_ph202 elapsed=21m36s avg=8.42s/cand eta=3h10m37s remaining=1359
[suite graph_states_extended :: ghz4] 155/1513 ( 10.2%) done monomial_old_codespace/P210_ph210 elapsed=21m44s avg=8.41s/cand eta=3h10m21s remaining=1358
[suite graph_states_extended :: ghz4] 156/1513 ( 10.3%) done monomial_old_codespace/P210_ph211 elapsed=21m51s avg=8.41s/cand eta=3h10m07s remaining=1357
[suite graph_states_extended :: ghz4] 157/1513 ( 10.4%) done monomial_old_codespace/P210_ph212 elapsed=21m59s avg=8.40s/cand eta=3h09m52s remaining=1356
[suite graph_states_extended :: ghz4] 158/1513 ( 10.4%) done monomial_old_codespace/P210_ph220 elapsed=22m06s avg=8.40s/cand eta=3h09m35s remaining=1355
[suite graph_states_extended :: ghz4] 159/1513 ( 10.5%) done monomial_old_codespace/P210_ph221 elapsed=22m14s avg=8.39s/cand eta=3h09m19s remaining=1354
[suite graph_states_extended :: ghz4] 160/1513 ( 10.6%) done monomial_old_codespace/P210_ph222 elapsed=22m22s avg=8.38s/cand eta=3h09m05s remaining=1353
[suite graph_states_extended :: ghz4] 161/1513 ( 10.6%) done monomial_full/sup012_P012_ph001 elapsed=22m29s avg=8.38s/cand eta=3h08m49s remaining=1352
[suite graph_states_extended :: ghz4] 162/1513 ( 10.7%) done monomial_full/sup012_P012_ph002 elapsed=22m37s avg=8.38s/cand eta=3h08m37s remaining=1351
[suite graph_states_extended :: ghz4] 163/1513 ( 10.8%) done monomial_full/sup012_P012_ph010 elapsed=22m44s avg=8.37s/cand eta=3h08m21s remaining=1350
[suite graph_states_extended :: ghz4] 164/1513 ( 10.8%) done monomial_full/sup012_P012_ph011 elapsed=22m52s avg=8.36s/cand eta=3h08m03s remaining=1349
[suite graph_states_extended :: ghz4] 165/1513 ( 10.9%) done monomial_full/sup012_P012_ph012 elapsed=22m59s avg=8.36s/cand eta=3h07m43s remaining=1348
[suite graph_states_extended :: ghz4] 166/1513 ( 11.0%) done monomial_full/sup012_P012_ph020 elapsed=23m06s avg=8.35s/cand eta=3h07m26s remaining=1347
[suite graph_states_extended :: ghz4] 167/1513 ( 11.0%) done monomial_full/sup012_P012_ph021 elapsed=23m13s avg=8.34s/cand eta=3h07m05s remaining=1346
[suite graph_states_extended :: ghz4] 168/1513 ( 11.1%) done monomial_full/sup012_P012_ph022 elapsed=23m20s avg=8.33s/cand eta=3h06m50s remaining=1345
[suite graph_states_extended :: ghz4] 169/1513 ( 11.2%) done monomial_full/sup012_P012_ph100 elapsed=23m28s avg=8.33s/cand eta=3h06m38s remaining=1344
[suite graph_states_extended :: ghz4] 170/1513 ( 11.2%) done monomial_full/sup012_P012_ph101 elapsed=23m35s avg=8.32s/cand eta=3h06m17s remaining=1343
[suite graph_states_extended :: ghz4] 171/1513 ( 11.3%) done monomial_full/sup012_P012_ph102 elapsed=23m42s avg=8.32s/cand eta=3h06m03s remaining=1342
[suite graph_states_extended :: ghz4] 172/1513 ( 11.4%) done monomial_full/sup012_P012_ph110 elapsed=23m49s avg=8.31s/cand eta=3h05m43s remaining=1341
[suite graph_states_extended :: ghz4] 173/1513 ( 11.4%) done monomial_full/sup012_P012_ph112 elapsed=23m57s avg=8.31s/cand eta=3h05m30s remaining=1340
[suite graph_states_extended :: ghz4] 174/1513 ( 11.5%) done monomial_full/sup012_P012_ph120 elapsed=24m05s avg=8.30s/cand eta=3h05m17s remaining=1339
[suite graph_states_extended :: ghz4] 175/1513 ( 11.6%) done monomial_full/sup012_P012_ph121 elapsed=24m12s avg=8.30s/cand eta=3h05m01s remaining=1338
[suite graph_states_extended :: ghz4] 176/1513 ( 11.6%) done monomial_full/sup012_P012_ph122 elapsed=24m19s avg=8.29s/cand eta=3h04m42s remaining=1337
[suite graph_states_extended :: ghz4] 177/1513 ( 11.7%) done monomial_full/sup012_P012_ph200 elapsed=24m26s avg=8.28s/cand eta=3h04m27s remaining=1336
[suite graph_states_extended :: ghz4] 178/1513 ( 11.8%) done monomial_full/sup012_P012_ph201 elapsed=24m34s avg=8.28s/cand eta=3h04m12s remaining=1335
[suite graph_states_extended :: ghz4] 179/1513 ( 11.8%) done monomial_full/sup012_P012_ph202 elapsed=24m40s avg=8.27s/cand eta=3h03m53s remaining=1334
[suite graph_states_extended :: ghz4] 180/1513 ( 11.9%) done monomial_full/sup012_P012_ph210 elapsed=24m48s avg=8.27s/cand eta=3h03m37s remaining=1333
[suite graph_states_extended :: ghz4] 181/1513 ( 12.0%) done monomial_full/sup012_P012_ph211 elapsed=24m55s avg=8.26s/cand eta=3h03m18s remaining=1332
[suite graph_states_extended :: ghz4] 182/1513 ( 12.0%) done monomial_full/sup012_P012_ph212 elapsed=25m02s avg=8.25s/cand eta=3h03m05s remaining=1331
[suite graph_states_extended :: ghz4] 183/1513 ( 12.1%) done monomial_full/sup012_P012_ph220 elapsed=25m09s avg=8.25s/cand eta=3h02m47s remaining=1330
[suite graph_states_extended :: ghz4] 184/1513 ( 12.2%) done monomial_full/sup012_P012_ph221 elapsed=25m17s avg=8.24s/cand eta=3h02m34s remaining=1329
[suite graph_states_extended :: ghz4] 185/1513 ( 12.2%) done monomial_full/sup012_P021_ph000 elapsed=25m26s avg=8.25s/cand eta=3h02m32s remaining=1328
[suite graph_states_extended :: ghz4] 186/1513 ( 12.3%) done monomial_full/sup012_P021_ph001 elapsed=25m35s avg=8.25s/cand eta=3h02m31s remaining=1327
[suite graph_states_extended :: ghz4] 187/1513 ( 12.4%) done monomial_full/sup012_P021_ph002 elapsed=25m44s avg=8.26s/cand eta=3h02m30s remaining=1326
[suite graph_states_extended :: ghz4] 188/1513 ( 12.4%) done monomial_full/sup012_P021_ph010 elapsed=25m53s avg=8.26s/cand eta=3h02m29s remaining=1325
[suite graph_states_extended :: ghz4] 189/1513 ( 12.5%) done monomial_full/sup012_P021_ph011 elapsed=26m03s avg=8.27s/cand eta=3h02m29s remaining=1324
[suite graph_states_extended :: ghz4] 190/1513 ( 12.6%) done monomial_full/sup012_P021_ph012 elapsed=26m12s avg=8.27s/cand eta=3h02m28s remaining=1323
[suite graph_states_extended :: ghz4] 191/1513 ( 12.6%) done monomial_full/sup012_P021_ph020 elapsed=26m21s avg=8.28s/cand eta=3h02m26s remaining=1322
[suite graph_states_extended :: ghz4] 192/1513 ( 12.7%) done monomial_full/sup012_P021_ph021 elapsed=26m31s avg=8.28s/cand eta=3h02m24s remaining=1321
[suite graph_states_extended :: ghz4] 193/1513 ( 12.8%) done monomial_full/sup012_P021_ph022 elapsed=26m40s avg=8.29s/cand eta=3h02m23s remaining=1320
[suite graph_states_extended :: ghz4] 194/1513 ( 12.8%) done monomial_full/sup012_P021_ph100 elapsed=26m49s avg=8.29s/cand eta=3h02m21s remaining=1319
[suite graph_states_extended :: ghz4] 195/1513 ( 12.9%) done monomial_full/sup012_P021_ph101 elapsed=26m59s avg=8.30s/cand eta=3h02m20s remaining=1318
[suite graph_states_extended :: ghz4] 196/1513 ( 13.0%) done monomial_full/sup012_P021_ph102 elapsed=27m08s avg=8.30s/cand eta=3h02m18s remaining=1317
[suite graph_states_extended :: ghz4] 197/1513 ( 13.0%) done monomial_full/sup012_P021_ph110 elapsed=27m17s avg=8.31s/cand eta=3h02m15s remaining=1316
[suite graph_states_extended :: ghz4] 198/1513 ( 13.1%) done monomial_full/sup012_P021_ph111 elapsed=27m26s avg=8.31s/cand eta=3h02m13s remaining=1315
[suite graph_states_extended :: ghz4] 199/1513 ( 13.2%) done monomial_full/sup012_P021_ph112 elapsed=27m35s avg=8.32s/cand eta=3h02m11s remaining=1314
[suite graph_states_extended :: ghz4] 200/1513 ( 13.2%) done monomial_full/sup012_P021_ph120 elapsed=27m44s avg=8.32s/cand eta=3h02m07s remaining=1313
[suite graph_states_extended :: ghz4] 201/1513 ( 13.3%) done monomial_full/sup012_P021_ph121 elapsed=27m54s avg=8.33s/cand eta=3h02m05s remaining=1312
[suite graph_states_extended :: ghz4] 202/1513 ( 13.4%) done monomial_full/sup012_P021_ph122 elapsed=28m03s avg=8.33s/cand eta=3h02m02s remaining=1311
[suite graph_states_extended :: ghz4] 203/1513 ( 13.4%) done monomial_full/sup012_P021_ph200 elapsed=28m12s avg=8.34s/cand eta=3h02m00s remaining=1310
[suite graph_states_extended :: ghz4] 204/1513 ( 13.5%) done monomial_full/sup012_P021_ph201 elapsed=28m21s avg=8.34s/cand eta=3h01m57s remaining=1309
[suite graph_states_extended :: ghz4] 205/1513 ( 13.5%) done monomial_full/sup012_P021_ph202 elapsed=28m31s avg=8.34s/cand eta=3h01m55s remaining=1308
[suite graph_states_extended :: ghz4] 206/1513 ( 13.6%) done monomial_full/sup012_P021_ph210 elapsed=28m40s avg=8.35s/cand eta=3h01m52s remaining=1307
[suite graph_states_extended :: ghz4] 207/1513 ( 13.7%) done monomial_full/sup012_P021_ph211 elapsed=28m49s avg=8.35s/cand eta=3h01m49s remaining=1306
[suite graph_states_extended :: ghz4] 208/1513 ( 13.7%) done monomial_full/sup012_P021_ph212 elapsed=28m58s avg=8.36s/cand eta=3h01m47s remaining=1305
[suite graph_states_extended :: ghz4] 209/1513 ( 13.8%) done monomial_full/sup012_P021_ph220 elapsed=29m07s avg=8.36s/cand eta=3h01m43s remaining=1304
[suite graph_states_extended :: ghz4] 210/1513 ( 13.9%) done monomial_full/sup012_P021_ph221 elapsed=29m16s avg=8.36s/cand eta=3h01m38s remaining=1303
[suite graph_states_extended :: ghz4] 211/1513 ( 13.9%) done monomial_full/sup012_P021_ph222 elapsed=29m26s avg=8.37s/cand eta=3h01m36s remaining=1302
[suite graph_states_extended :: ghz4] 212/1513 ( 14.0%) done monomial_full/sup012_P102_ph000 elapsed=29m33s avg=8.37s/cand eta=3h01m23s remaining=1301
[suite graph_states_extended :: ghz4] 213/1513 ( 14.1%) done monomial_full/sup012_P102_ph001 elapsed=29m41s avg=8.36s/cand eta=3h01m08s remaining=1300
[suite graph_states_extended :: ghz4] 214/1513 ( 14.1%) done monomial_full/sup012_P102_ph002 elapsed=29m48s avg=8.36s/cand eta=3h00m54s remaining=1299
[suite graph_states_extended :: ghz4] 215/1513 ( 14.2%) done monomial_full/sup012_P102_ph010 elapsed=29m55s avg=8.35s/cand eta=3h00m40s remaining=1298
[suite graph_states_extended :: ghz4] 216/1513 ( 14.3%) done monomial_full/sup012_P102_ph011 elapsed=30m03s avg=8.35s/cand eta=3h00m25s remaining=1297
[suite graph_states_extended :: ghz4] 217/1513 ( 14.3%) done monomial_full/sup012_P102_ph012 elapsed=30m11s avg=8.34s/cand eta=3h00m14s remaining=1296
[suite graph_states_extended :: ghz4] 218/1513 ( 14.4%) done monomial_full/sup012_P102_ph020 elapsed=30m18s avg=8.34s/cand eta=3h00m02s remaining=1295
[suite graph_states_extended :: ghz4] 219/1513 ( 14.5%) done monomial_full/sup012_P102_ph021 elapsed=30m26s avg=8.34s/cand eta=2h59m47s remaining=1294
[suite graph_states_extended :: ghz4] 220/1513 ( 14.5%) done monomial_full/sup012_P102_ph022 elapsed=30m33s avg=8.33s/cand eta=2h59m35s remaining=1293
[suite graph_states_extended :: ghz4] 221/1513 ( 14.6%) done monomial_full/sup012_P102_ph100 elapsed=30m41s avg=8.33s/cand eta=2h59m21s remaining=1292
[suite graph_states_extended :: ghz4] 222/1513 ( 14.7%) done monomial_full/sup012_P102_ph101 elapsed=30m49s avg=8.33s/cand eta=2h59m10s remaining=1291
[suite graph_states_extended :: ghz4] 223/1513 ( 14.7%) done monomial_full/sup012_P102_ph102 elapsed=30m56s avg=8.32s/cand eta=2h58m58s remaining=1290
[suite graph_states_extended :: ghz4] 224/1513 ( 14.8%) done monomial_full/sup012_P102_ph110 elapsed=31m04s avg=8.32s/cand eta=2h58m47s remaining=1289
[suite graph_states_extended :: ghz4] 225/1513 ( 14.9%) done monomial_full/sup012_P102_ph111 elapsed=31m11s avg=8.32s/cand eta=2h58m33s remaining=1288
[suite graph_states_extended :: ghz4] 226/1513 ( 14.9%) done monomial_full/sup012_P102_ph112 elapsed=31m19s avg=8.32s/cand eta=2h58m22s remaining=1287
[suite graph_states_extended :: ghz4] 227/1513 ( 15.0%) done monomial_full/sup012_P102_ph120 elapsed=31m27s avg=8.31s/cand eta=2h58m10s remaining=1286
[suite graph_states_extended :: ghz4] 228/1513 ( 15.1%) done monomial_full/sup012_P102_ph121 elapsed=31m35s avg=8.31s/cand eta=2h57m59s remaining=1285
[suite graph_states_extended :: ghz4] 229/1513 ( 15.1%) done monomial_full/sup012_P102_ph122 elapsed=31m43s avg=8.31s/cand eta=2h57m49s remaining=1284
[suite graph_states_extended :: ghz4] 230/1513 ( 15.2%) done monomial_full/sup012_P102_ph200 elapsed=31m50s avg=8.30s/cand eta=2h57m34s remaining=1283
[suite graph_states_extended :: ghz4] 231/1513 ( 15.3%) done monomial_full/sup012_P102_ph201 elapsed=31m57s avg=8.30s/cand eta=2h57m20s remaining=1282
[suite graph_states_extended :: ghz4] 232/1513 ( 15.3%) done monomial_full/sup012_P102_ph202 elapsed=32m05s avg=8.30s/cand eta=2h57m09s remaining=1281
[suite graph_states_extended :: ghz4] 233/1513 ( 15.4%) done monomial_full/sup012_P102_ph210 elapsed=32m13s avg=8.29s/cand eta=2h56m57s remaining=1280
[suite graph_states_extended :: ghz4] 234/1513 ( 15.5%) done monomial_full/sup012_P102_ph211 elapsed=32m20s avg=8.29s/cand eta=2h56m46s remaining=1279
[suite graph_states_extended :: ghz4] 235/1513 ( 15.5%) done monomial_full/sup012_P102_ph212 elapsed=32m28s avg=8.29s/cand eta=2h56m35s remaining=1278
[suite graph_states_extended :: ghz4] 236/1513 ( 15.6%) done monomial_full/sup012_P102_ph220 elapsed=32m36s avg=8.29s/cand eta=2h56m21s remaining=1277
[suite graph_states_extended :: ghz4] 237/1513 ( 15.7%) done monomial_full/sup012_P102_ph221 elapsed=32m43s avg=8.28s/cand eta=2h56m07s remaining=1276
[suite graph_states_extended :: ghz4] 238/1513 ( 15.7%) done monomial_full/sup012_P102_ph222 elapsed=32m50s avg=8.28s/cand eta=2h55m54s remaining=1275
[suite graph_states_extended :: ghz4] 239/1513 ( 15.8%) done monomial_full/sup012_P120_ph000 elapsed=32m59s avg=8.28s/cand eta=2h55m48s remaining=1274
[suite graph_states_extended :: ghz4] 240/1513 ( 15.9%) done monomial_full/sup012_P120_ph001 elapsed=33m08s avg=8.28s/cand eta=2h55m42s remaining=1273
[suite graph_states_extended :: ghz4] 241/1513 ( 15.9%) done monomial_full/sup012_P120_ph002 elapsed=33m16s avg=8.28s/cand eta=2h55m36s remaining=1272
[suite graph_states_extended :: ghz4] 242/1513 ( 16.0%) done monomial_full/sup012_P120_ph010 elapsed=33m25s avg=8.28s/cand eta=2h55m30s remaining=1271
[suite graph_states_extended :: ghz4] 243/1513 ( 16.1%) done monomial_full/sup012_P120_ph011 elapsed=33m33s avg=8.29s/cand eta=2h55m23s remaining=1270
[suite graph_states_extended :: ghz4] 244/1513 ( 16.1%) done monomial_full/sup012_P120_ph012 elapsed=33m42s avg=8.29s/cand eta=2h55m16s remaining=1269
[suite graph_states_extended :: ghz4] 245/1513 ( 16.2%) done monomial_full/sup012_P120_ph020 elapsed=33m51s avg=8.29s/cand eta=2h55m09s remaining=1268
[suite graph_states_extended :: ghz4] 246/1513 ( 16.3%) done monomial_full/sup012_P120_ph021 elapsed=33m59s avg=8.29s/cand eta=2h55m02s remaining=1267
[suite graph_states_extended :: ghz4] 247/1513 ( 16.3%) done monomial_full/sup012_P120_ph022 elapsed=34m08s avg=8.29s/cand eta=2h54m55s remaining=1266
[suite graph_states_extended :: ghz4] 248/1513 ( 16.4%) done monomial_full/sup012_P120_ph100 elapsed=34m16s avg=8.29s/cand eta=2h54m48s remaining=1265
[suite graph_states_extended :: ghz4] 249/1513 ( 16.5%) done monomial_full/sup012_P120_ph101 elapsed=34m25s avg=8.29s/cand eta=2h54m40s remaining=1264
[suite graph_states_extended :: ghz4] 250/1513 ( 16.5%) done monomial_full/sup012_P120_ph102 elapsed=34m33s avg=8.29s/cand eta=2h54m34s remaining=1263
[suite graph_states_extended :: ghz4] 251/1513 ( 16.6%) done monomial_full/sup012_P120_ph110 elapsed=34m42s avg=8.29s/cand eta=2h54m27s remaining=1262
[suite graph_states_extended :: ghz4] 252/1513 ( 16.7%) done monomial_full/sup012_P120_ph111 elapsed=34m50s avg=8.30s/cand eta=2h54m20s remaining=1261
[suite graph_states_extended :: ghz4] 253/1513 ( 16.7%) done monomial_full/sup012_P120_ph112 elapsed=34m59s avg=8.30s/cand eta=2h54m13s remaining=1260
[suite graph_states_extended :: ghz4] 254/1513 ( 16.8%) done monomial_full/sup012_P120_ph120 elapsed=35m07s avg=8.30s/cand eta=2h54m05s remaining=1259
[suite graph_states_extended :: ghz4] 255/1513 ( 16.9%) done monomial_full/sup012_P120_ph121 elapsed=35m16s avg=8.30s/cand eta=2h53m58s remaining=1258
[suite graph_states_extended :: ghz4] 256/1513 ( 16.9%) done monomial_full/sup012_P120_ph122 elapsed=35m24s avg=8.30s/cand eta=2h53m50s remaining=1257
[suite graph_states_extended :: ghz4] 257/1513 ( 17.0%) done monomial_full/sup012_P120_ph200 elapsed=35m33s avg=8.30s/cand eta=2h53m44s remaining=1256
[suite graph_states_extended :: ghz4] 258/1513 ( 17.1%) done monomial_full/sup012_P120_ph201 elapsed=35m42s avg=8.30s/cand eta=2h53m37s remaining=1255
[suite graph_states_extended :: ghz4] 259/1513 ( 17.1%) done monomial_full/sup012_P120_ph202 elapsed=35m50s avg=8.30s/cand eta=2h53m29s remaining=1254
[suite graph_states_extended :: ghz4] 260/1513 ( 17.2%) done monomial_full/sup012_P120_ph210 elapsed=35m59s avg=8.30s/cand eta=2h53m23s remaining=1253
[suite graph_states_extended :: ghz4] 261/1513 ( 17.3%) done monomial_full/sup012_P120_ph211 elapsed=36m07s avg=8.30s/cand eta=2h53m16s remaining=1252
[suite graph_states_extended :: ghz4] 262/1513 ( 17.3%) done monomial_full/sup012_P120_ph212 elapsed=36m16s avg=8.30s/cand eta=2h53m09s remaining=1251
[suite graph_states_extended :: ghz4] 263/1513 ( 17.4%) done monomial_full/sup012_P120_ph220 elapsed=36m24s avg=8.31s/cand eta=2h53m02s remaining=1250
[suite graph_states_extended :: ghz4] 264/1513 ( 17.4%) done monomial_full/sup012_P120_ph221 elapsed=36m33s avg=8.31s/cand eta=2h52m54s remaining=1249
[suite graph_states_extended :: ghz4] 265/1513 ( 17.5%) done monomial_full/sup012_P120_ph222 elapsed=36m41s avg=8.31s/cand eta=2h52m47s remaining=1248
[suite graph_states_extended :: ghz4] 266/1513 ( 17.6%) done monomial_full/sup012_P201_ph000 elapsed=36m50s avg=8.31s/cand eta=2h52m41s remaining=1247
[suite graph_states_extended :: ghz4] 267/1513 ( 17.6%) done monomial_full/sup012_P201_ph001 elapsed=36m59s avg=8.31s/cand eta=2h52m35s remaining=1246
[suite graph_states_extended :: ghz4] 268/1513 ( 17.7%) done monomial_full/sup012_P201_ph002 elapsed=37m08s avg=8.31s/cand eta=2h52m29s remaining=1245
[suite graph_states_extended :: ghz4] 269/1513 ( 17.8%) done monomial_full/sup012_P201_ph010 elapsed=37m17s avg=8.31s/cand eta=2h52m23s remaining=1244
[suite graph_states_extended :: ghz4] 270/1513 ( 17.8%) done monomial_full/sup012_P201_ph011 elapsed=37m25s avg=8.32s/cand eta=2h52m17s remaining=1243
[suite graph_states_extended :: ghz4] 271/1513 ( 17.9%) done monomial_full/sup012_P201_ph012 elapsed=37m34s avg=8.32s/cand eta=2h52m11s remaining=1242
[suite graph_states_extended :: ghz4] 272/1513 ( 18.0%) done monomial_full/sup012_P201_ph020 elapsed=37m43s avg=8.32s/cand eta=2h52m05s remaining=1241
[suite graph_states_extended :: ghz4] 273/1513 ( 18.0%) done monomial_full/sup012_P201_ph021 elapsed=37m52s avg=8.32s/cand eta=2h51m59s remaining=1240
[suite graph_states_extended :: ghz4] 274/1513 ( 18.1%) done monomial_full/sup012_P201_ph022 elapsed=38m01s avg=8.32s/cand eta=2h51m53s remaining=1239
[suite graph_states_extended :: ghz4] 275/1513 ( 18.2%) done monomial_full/sup012_P201_ph100 elapsed=38m10s avg=8.33s/cand eta=2h51m47s remaining=1238
[suite graph_states_extended :: ghz4] 276/1513 ( 18.2%) done monomial_full/sup012_P201_ph101 elapsed=38m18s avg=8.33s/cand eta=2h51m41s remaining=1237
[suite graph_states_extended :: ghz4] 277/1513 ( 18.3%) done monomial_full/sup012_P201_ph102 elapsed=38m27s avg=8.33s/cand eta=2h51m35s remaining=1236
[suite graph_states_extended :: ghz4] 278/1513 ( 18.4%) done monomial_full/sup012_P201_ph110 elapsed=38m36s avg=8.33s/cand eta=2h51m28s remaining=1235
[suite graph_states_extended :: ghz4] 279/1513 ( 18.4%) done monomial_full/sup012_P201_ph111 elapsed=38m45s avg=8.33s/cand eta=2h51m22s remaining=1234
[suite graph_states_extended :: ghz4] 280/1513 ( 18.5%) done monomial_full/sup012_P201_ph112 elapsed=38m54s avg=8.33s/cand eta=2h51m16s remaining=1233
[suite graph_states_extended :: ghz4] 281/1513 ( 18.6%) done monomial_full/sup012_P201_ph120 elapsed=39m02s avg=8.34s/cand eta=2h51m10s remaining=1232
[suite graph_states_extended :: ghz4] 282/1513 ( 18.6%) done monomial_full/sup012_P201_ph121 elapsed=39m11s avg=8.34s/cand eta=2h51m03s remaining=1231
[suite graph_states_extended :: ghz4] 283/1513 ( 18.7%) done monomial_full/sup012_P201_ph122 elapsed=39m20s avg=8.34s/cand eta=2h50m57s remaining=1230
[suite graph_states_extended :: ghz4] 284/1513 ( 18.8%) done monomial_full/sup012_P201_ph200 elapsed=39m29s avg=8.34s/cand eta=2h50m50s remaining=1229
[suite graph_states_extended :: ghz4] 285/1513 ( 18.8%) done monomial_full/sup012_P201_ph201 elapsed=39m37s avg=8.34s/cand eta=2h50m42s remaining=1228
[suite graph_states_extended :: ghz4] 286/1513 ( 18.9%) done monomial_full/sup012_P201_ph202 elapsed=39m46s avg=8.34s/cand eta=2h50m36s remaining=1227
[suite graph_states_extended :: ghz4] 287/1513 ( 19.0%) done monomial_full/sup012_P201_ph210 elapsed=39m55s avg=8.34s/cand eta=2h50m30s remaining=1226
[suite graph_states_extended :: ghz4] 288/1513 ( 19.0%) done monomial_full/sup012_P201_ph211 elapsed=40m04s avg=8.35s/cand eta=2h50m23s remaining=1225
[suite graph_states_extended :: ghz4] 289/1513 ( 19.1%) done monomial_full/sup012_P201_ph212 elapsed=40m12s avg=8.35s/cand eta=2h50m17s remaining=1224
[suite graph_states_extended :: ghz4] 290/1513 ( 19.2%) done monomial_full/sup012_P201_ph220 elapsed=40m21s avg=8.35s/cand eta=2h50m11s remaining=1223
[suite graph_states_extended :: ghz4] 291/1513 ( 19.2%) done monomial_full/sup012_P201_ph221 elapsed=40m30s avg=8.35s/cand eta=2h50m03s remaining=1222
[suite graph_states_extended :: ghz4] 292/1513 ( 19.3%) done monomial_full/sup012_P201_ph222 elapsed=40m39s avg=8.35s/cand eta=2h49m57s remaining=1221
[suite graph_states_extended :: ghz4] 293/1513 ( 19.4%) done monomial_full/sup012_P210_ph000 elapsed=40m46s avg=8.35s/cand eta=2h49m46s remaining=1220
[suite graph_states_extended :: ghz4] 294/1513 ( 19.4%) done monomial_full/sup012_P210_ph001 elapsed=40m54s avg=8.35s/cand eta=2h49m34s remaining=1219
[suite graph_states_extended :: ghz4] 295/1513 ( 19.5%) done monomial_full/sup012_P210_ph002 elapsed=41m01s avg=8.34s/cand eta=2h49m21s remaining=1218
[suite graph_states_extended :: ghz4] 296/1513 ( 19.6%) done monomial_full/sup012_P210_ph010 elapsed=41m09s avg=8.34s/cand eta=2h49m10s remaining=1217
[suite graph_states_extended :: ghz4] 297/1513 ( 19.6%) done monomial_full/sup012_P210_ph011 elapsed=41m16s avg=8.34s/cand eta=2h48m58s remaining=1216
[suite graph_states_extended :: ghz4] 298/1513 ( 19.7%) done monomial_full/sup012_P210_ph012 elapsed=41m23s avg=8.33s/cand eta=2h48m45s remaining=1215
[suite graph_states_extended :: ghz4] 299/1513 ( 19.8%) done monomial_full/sup012_P210_ph020 elapsed=41m31s avg=8.33s/cand eta=2h48m34s remaining=1214
[suite graph_states_extended :: ghz4] 300/1513 ( 19.8%) done monomial_full/sup012_P210_ph021 elapsed=41m39s avg=8.33s/cand eta=2h48m23s remaining=1213
[suite graph_states_extended :: ghz4] 301/1513 ( 19.9%) done monomial_full/sup012_P210_ph022 elapsed=41m46s avg=8.33s/cand eta=2h48m11s remaining=1212
[suite graph_states_extended :: ghz4] 302/1513 ( 20.0%) done monomial_full/sup012_P210_ph100 elapsed=41m54s avg=8.32s/cand eta=2h47m59s remaining=1211
[suite graph_states_extended :: ghz4] 303/1513 ( 20.0%) done monomial_full/sup012_P210_ph101 elapsed=42m01s avg=8.32s/cand eta=2h47m47s remaining=1210
[suite graph_states_extended :: ghz4] 304/1513 ( 20.1%) done monomial_full/sup012_P210_ph102 elapsed=42m08s avg=8.32s/cand eta=2h47m35s remaining=1209
[suite graph_states_extended :: ghz4] 305/1513 ( 20.2%) done monomial_full/sup012_P210_ph110 elapsed=42m16s avg=8.31s/cand eta=2h47m24s remaining=1208
[suite graph_states_extended :: ghz4] 306/1513 ( 20.2%) done monomial_full/sup012_P210_ph111 elapsed=42m23s avg=8.31s/cand eta=2h47m12s remaining=1207
[suite graph_states_extended :: ghz4] 307/1513 ( 20.3%) done monomial_full/sup012_P210_ph112 elapsed=42m31s avg=8.31s/cand eta=2h47m02s remaining=1206
[suite graph_states_extended :: ghz4] 308/1513 ( 20.4%) done monomial_full/sup012_P210_ph120 elapsed=42m39s avg=8.31s/cand eta=2h46m51s remaining=1205
[suite graph_states_extended :: ghz4] 309/1513 ( 20.4%) done monomial_full/sup012_P210_ph121 elapsed=42m46s avg=8.30s/cand eta=2h46m39s remaining=1204
[suite graph_states_extended :: ghz4] 310/1513 ( 20.5%) done monomial_full/sup012_P210_ph122 elapsed=42m54s avg=8.30s/cand eta=2h46m28s remaining=1203
[suite graph_states_extended :: ghz4] 311/1513 ( 20.6%) done monomial_full/sup012_P210_ph200 elapsed=43m01s avg=8.30s/cand eta=2h46m16s remaining=1202
[suite graph_states_extended :: ghz4] 312/1513 ( 20.6%) done monomial_full/sup012_P210_ph201 elapsed=43m09s avg=8.30s/cand eta=2h46m05s remaining=1201
[suite graph_states_extended :: ghz4] 313/1513 ( 20.7%) done monomial_full/sup012_P210_ph202 elapsed=43m17s avg=8.30s/cand eta=2h45m55s remaining=1200
[suite graph_states_extended :: ghz4] 314/1513 ( 20.8%) done monomial_full/sup012_P210_ph210 elapsed=43m24s avg=8.29s/cand eta=2h45m43s remaining=1199
[suite graph_states_extended :: ghz4] 315/1513 ( 20.8%) done monomial_full/sup012_P210_ph211 elapsed=43m32s avg=8.29s/cand eta=2h45m34s remaining=1198
[suite graph_states_extended :: ghz4] 316/1513 ( 20.9%) done monomial_full/sup012_P210_ph212 elapsed=43m40s avg=8.29s/cand eta=2h45m23s remaining=1197
[suite graph_states_extended :: ghz4] 317/1513 ( 21.0%) done monomial_full/sup012_P210_ph220 elapsed=43m47s avg=8.29s/cand eta=2h45m12s remaining=1196
[suite graph_states_extended :: ghz4] 318/1513 ( 21.0%) done monomial_full/sup012_P210_ph221 elapsed=43m55s avg=8.28s/cand eta=2h45m00s remaining=1195
[suite graph_states_extended :: ghz4] 319/1513 ( 21.1%) done monomial_full/sup012_P210_ph222 elapsed=44m02s avg=8.28s/cand eta=2h44m50s remaining=1194
[suite graph_states_extended :: ghz4] 320/1513 ( 21.2%) done monomial_full/sup013_P012_ph000 elapsed=44m10s avg=8.28s/cand eta=2h44m40s remaining=1193
[suite graph_states_extended :: ghz4] 321/1513 ( 21.2%) done monomial_full/sup013_P012_ph001 elapsed=44m17s avg=8.28s/cand eta=2h44m28s remaining=1192
[suite graph_states_extended :: ghz4] 322/1513 ( 21.3%) done monomial_full/sup013_P012_ph002 elapsed=44m25s avg=8.28s/cand eta=2h44m18s remaining=1191
[suite graph_states_extended :: ghz4] 323/1513 ( 21.3%) done monomial_full/sup013_P012_ph010 elapsed=44m32s avg=8.27s/cand eta=2h44m05s remaining=1190
[suite graph_states_extended :: ghz4] 324/1513 ( 21.4%) done monomial_full/sup013_P012_ph011 elapsed=44m40s avg=8.27s/cand eta=2h43m55s remaining=1189
[suite graph_states_extended :: ghz4] 325/1513 ( 21.5%) done monomial_full/sup013_P012_ph012 elapsed=44m48s avg=8.27s/cand eta=2h43m45s remaining=1188
[suite graph_states_extended :: ghz4] 326/1513 ( 21.5%) done monomial_full/sup013_P012_ph020 elapsed=44m55s avg=8.27s/cand eta=2h43m33s remaining=1187
[suite graph_states_extended :: ghz4] 327/1513 ( 21.6%) done monomial_full/sup013_P012_ph021 elapsed=45m03s avg=8.27s/cand eta=2h43m23s remaining=1186
[suite graph_states_extended :: ghz4] 328/1513 ( 21.7%) done monomial_full/sup013_P012_ph022 elapsed=45m10s avg=8.26s/cand eta=2h43m12s remaining=1185
[suite graph_states_extended :: ghz4] 329/1513 ( 21.7%) done monomial_full/sup013_P012_ph100 elapsed=45m18s avg=8.26s/cand eta=2h43m02s remaining=1184
[suite graph_states_extended :: ghz4] 330/1513 ( 21.8%) done monomial_full/sup013_P012_ph101 elapsed=45m26s avg=8.26s/cand eta=2h42m52s remaining=1183
[suite graph_states_extended :: ghz4] 331/1513 ( 21.9%) done monomial_full/sup013_P012_ph102 elapsed=45m34s avg=8.26s/cand eta=2h42m42s remaining=1182
[suite graph_states_extended :: ghz4] 332/1513 ( 21.9%) done monomial_full/sup013_P012_ph110 elapsed=45m41s avg=8.26s/cand eta=2h42m30s remaining=1181
[suite graph_states_extended :: ghz4] 333/1513 ( 22.0%) done monomial_full/sup013_P012_ph111 elapsed=45m48s avg=8.25s/cand eta=2h42m19s remaining=1180
[suite graph_states_extended :: ghz4] 334/1513 ( 22.1%) done monomial_full/sup013_P012_ph112 elapsed=45m56s avg=8.25s/cand eta=2h42m09s remaining=1179
[suite graph_states_extended :: ghz4] 335/1513 ( 22.1%) done monomial_full/sup013_P012_ph120 elapsed=46m03s avg=8.25s/cand eta=2h41m57s remaining=1178
[suite graph_states_extended :: ghz4] 336/1513 ( 22.2%) done monomial_full/sup013_P012_ph121 elapsed=46m11s avg=8.25s/cand eta=2h41m45s remaining=1177
[suite graph_states_extended :: ghz4] 337/1513 ( 22.3%) done monomial_full/sup013_P012_ph122 elapsed=46m18s avg=8.24s/cand eta=2h41m35s remaining=1176
[suite graph_states_extended :: ghz4] 338/1513 ( 22.3%) done monomial_full/sup013_P012_ph200 elapsed=46m26s avg=8.24s/cand eta=2h41m25s remaining=1175
[suite graph_states_extended :: ghz4] 339/1513 ( 22.4%) done monomial_full/sup013_P012_ph201 elapsed=46m34s avg=8.24s/cand eta=2h41m15s remaining=1174
[suite graph_states_extended :: ghz4] 340/1513 ( 22.5%) done monomial_full/sup013_P012_ph202 elapsed=46m41s avg=8.24s/cand eta=2h41m03s remaining=1173
[suite graph_states_extended :: ghz4] 341/1513 ( 22.5%) done monomial_full/sup013_P012_ph210 elapsed=46m49s avg=8.24s/cand eta=2h40m54s remaining=1172
[suite graph_states_extended :: ghz4] 342/1513 ( 22.6%) done monomial_full/sup013_P012_ph211 elapsed=46m57s avg=8.24s/cand eta=2h40m44s remaining=1171
[suite graph_states_extended :: ghz4] 343/1513 ( 22.7%) done monomial_full/sup013_P012_ph212 elapsed=47m04s avg=8.23s/cand eta=2h40m34s remaining=1170
[suite graph_states_extended :: ghz4] 344/1513 ( 22.7%) done monomial_full/sup013_P012_ph220 elapsed=47m11s avg=8.23s/cand eta=2h40m22s remaining=1169
[suite graph_states_extended :: ghz4] 345/1513 ( 22.8%) done monomial_full/sup013_P012_ph221 elapsed=47m19s avg=8.23s/cand eta=2h40m12s remaining=1168
[suite graph_states_extended :: ghz4] 346/1513 ( 22.9%) done monomial_full/sup013_P012_ph222 elapsed=47m26s avg=8.23s/cand eta=2h40m00s remaining=1167
[suite graph_states_extended :: ghz4] 347/1513 ( 22.9%) done monomial_full/sup013_P021_ph000 elapsed=47m35s avg=8.23s/cand eta=2h39m53s remaining=1166
[suite graph_states_extended :: ghz4] 348/1513 ( 23.0%) done monomial_full/sup013_P021_ph001 elapsed=47m44s avg=8.23s/cand eta=2h39m47s remaining=1165
[suite graph_states_extended :: ghz4] 349/1513 ( 23.1%) done monomial_full/sup013_P021_ph002 elapsed=47m53s avg=8.23s/cand eta=2h39m41s remaining=1164
[suite graph_states_extended :: ghz4] 350/1513 ( 23.1%) done monomial_full/sup013_P021_ph010 elapsed=48m01s avg=8.23s/cand eta=2h39m35s remaining=1163
[suite graph_states_extended :: ghz4] 351/1513 ( 23.2%) done monomial_full/sup013_P021_ph011 elapsed=48m10s avg=8.23s/cand eta=2h39m28s remaining=1162
[suite graph_states_extended :: ghz4] 352/1513 ( 23.3%) done monomial_full/sup013_P021_ph012 elapsed=48m19s avg=8.24s/cand eta=2h39m22s remaining=1161
[suite graph_states_extended :: ghz4] 353/1513 ( 23.3%) done monomial_full/sup013_P021_ph020 elapsed=48m28s avg=8.24s/cand eta=2h39m16s remaining=1160
[suite graph_states_extended :: ghz4] 354/1513 ( 23.4%) done monomial_full/sup013_P021_ph021 elapsed=48m36s avg=8.24s/cand eta=2h39m08s remaining=1159
[suite graph_states_extended :: ghz4] 355/1513 ( 23.5%) done monomial_full/sup013_P021_ph022 elapsed=48m45s avg=8.24s/cand eta=2h39m01s remaining=1158
[suite graph_states_extended :: ghz4] 356/1513 ( 23.5%) done monomial_full/sup013_P021_ph100 elapsed=48m54s avg=8.24s/cand eta=2h38m55s remaining=1157
[suite graph_states_extended :: ghz4] 357/1513 ( 23.6%) done monomial_full/sup013_P021_ph101 elapsed=49m03s avg=8.24s/cand eta=2h38m49s remaining=1156
[suite graph_states_extended :: ghz4] 358/1513 ( 23.7%) done monomial_full/sup013_P021_ph102 elapsed=49m11s avg=8.24s/cand eta=2h38m42s remaining=1155
[suite graph_states_extended :: ghz4] 359/1513 ( 23.7%) done monomial_full/sup013_P021_ph110 elapsed=49m20s avg=8.25s/cand eta=2h38m35s remaining=1154
[suite graph_states_extended :: ghz4] 360/1513 ( 23.8%) done monomial_full/sup013_P021_ph111 elapsed=49m29s avg=8.25s/cand eta=2h38m29s remaining=1153
[suite graph_states_extended :: ghz4] 361/1513 ( 23.9%) done monomial_full/sup013_P021_ph112 elapsed=49m38s avg=8.25s/cand eta=2h38m22s remaining=1152
[suite graph_states_extended :: ghz4] 362/1513 ( 23.9%) done monomial_full/sup013_P021_ph120 elapsed=49m47s avg=8.25s/cand eta=2h38m16s remaining=1151
[suite graph_states_extended :: ghz4] 363/1513 ( 24.0%) done monomial_full/sup013_P021_ph121 elapsed=49m55s avg=8.25s/cand eta=2h38m10s remaining=1150
[suite graph_states_extended :: ghz4] 364/1513 ( 24.1%) done monomial_full/sup013_P021_ph122 elapsed=50m04s avg=8.25s/cand eta=2h38m02s remaining=1149
[suite graph_states_extended :: ghz4] 365/1513 ( 24.1%) done monomial_full/sup013_P021_ph200 elapsed=50m13s avg=8.25s/cand eta=2h37m56s remaining=1148
[suite graph_states_extended :: ghz4] 366/1513 ( 24.2%) done monomial_full/sup013_P021_ph201 elapsed=50m21s avg=8.26s/cand eta=2h37m49s remaining=1147
[suite graph_states_extended :: ghz4] 367/1513 ( 24.3%) done monomial_full/sup013_P021_ph202 elapsed=50m30s avg=8.26s/cand eta=2h37m43s remaining=1146
[suite graph_states_extended :: ghz4] 368/1513 ( 24.3%) done monomial_full/sup013_P021_ph210 elapsed=50m39s avg=8.26s/cand eta=2h37m35s remaining=1145
[suite graph_states_extended :: ghz4] 369/1513 ( 24.4%) done monomial_full/sup013_P021_ph211 elapsed=50m48s avg=8.26s/cand eta=2h37m29s remaining=1144
[suite graph_states_extended :: ghz4] 370/1513 ( 24.5%) done monomial_full/sup013_P021_ph212 elapsed=50m57s avg=8.26s/cand eta=2h37m22s remaining=1143
[suite graph_states_extended :: ghz4] 371/1513 ( 24.5%) done monomial_full/sup013_P021_ph220 elapsed=51m05s avg=8.26s/cand eta=2h37m15s remaining=1142
[suite graph_states_extended :: ghz4] 372/1513 ( 24.6%) done monomial_full/sup013_P021_ph221 elapsed=51m14s avg=8.26s/cand eta=2h37m09s remaining=1141
[suite graph_states_extended :: ghz4] 373/1513 ( 24.7%) done monomial_full/sup013_P021_ph222 elapsed=51m23s avg=8.27s/cand eta=2h37m03s remaining=1140
[suite graph_states_extended :: ghz4] 374/1513 ( 24.7%) done monomial_full/sup013_P102_ph000 elapsed=51m31s avg=8.26s/cand eta=2h36m53s remaining=1139
[suite graph_states_extended :: ghz4] 375/1513 ( 24.8%) done monomial_full/sup013_P102_ph001 elapsed=51m38s avg=8.26s/cand eta=2h36m41s remaining=1138
[suite graph_states_extended :: ghz4] 376/1513 ( 24.9%) done monomial_full/sup013_P102_ph002 elapsed=51m45s avg=8.26s/cand eta=2h36m30s remaining=1137
[suite graph_states_extended :: ghz4] 377/1513 ( 24.9%) done monomial_full/sup013_P102_ph010 elapsed=51m52s avg=8.26s/cand eta=2h36m18s remaining=1136
[suite graph_states_extended :: ghz4] 378/1513 ( 25.0%) done monomial_full/sup013_P102_ph011 elapsed=52m00s avg=8.25s/cand eta=2h36m07s remaining=1135
[suite graph_states_extended :: ghz4] 379/1513 ( 25.0%) done monomial_full/sup013_P102_ph012 elapsed=52m07s avg=8.25s/cand eta=2h35m57s remaining=1134
[suite graph_states_extended :: ghz4] 380/1513 ( 25.1%) done monomial_full/sup013_P102_ph020 elapsed=52m15s avg=8.25s/cand eta=2h35m46s remaining=1133
[suite graph_states_extended :: ghz4] 381/1513 ( 25.2%) done monomial_full/sup013_P102_ph021 elapsed=52m22s avg=8.25s/cand eta=2h35m36s remaining=1132
[suite graph_states_extended :: ghz4] 382/1513 ( 25.2%) done monomial_full/sup013_P102_ph022 elapsed=52m29s avg=8.24s/cand eta=2h35m24s remaining=1131
[suite graph_states_extended :: ghz4] 383/1513 ( 25.3%) done monomial_full/sup013_P102_ph100 elapsed=52m37s avg=8.24s/cand eta=2h35m13s remaining=1130
[suite graph_states_extended :: ghz4] 384/1513 ( 25.4%) done monomial_full/sup013_P102_ph101 elapsed=52m44s avg=8.24s/cand eta=2h35m02s remaining=1129
[suite graph_states_extended :: ghz4] 385/1513 ( 25.4%) done monomial_full/sup013_P102_ph102 elapsed=52m51s avg=8.24s/cand eta=2h34m51s remaining=1128
[suite graph_states_extended :: ghz4] 386/1513 ( 25.5%) done monomial_full/sup013_P102_ph110 elapsed=52m58s avg=8.23s/cand eta=2h34m39s remaining=1127
[suite graph_states_extended :: ghz4] 387/1513 ( 25.6%) done monomial_full/sup013_P102_ph111 elapsed=53m06s avg=8.23s/cand eta=2h34m28s remaining=1126
[suite graph_states_extended :: ghz4] 388/1513 ( 25.6%) done monomial_full/sup013_P102_ph112 elapsed=53m13s avg=8.23s/cand eta=2h34m17s remaining=1125
[suite graph_states_extended :: ghz4] 389/1513 ( 25.7%) done monomial_full/sup013_P102_ph120 elapsed=53m20s avg=8.23s/cand eta=2h34m06s remaining=1124
[suite graph_states_extended :: ghz4] 390/1513 ( 25.8%) done monomial_full/sup013_P102_ph121 elapsed=53m27s avg=8.22s/cand eta=2h33m55s remaining=1123
[suite graph_states_extended :: ghz4] 391/1513 ( 25.8%) done monomial_full/sup013_P102_ph122 elapsed=53m34s avg=8.22s/cand eta=2h33m44s remaining=1122
[suite graph_states_extended :: ghz4] 392/1513 ( 25.9%) done monomial_full/sup013_P102_ph200 elapsed=53m42s avg=8.22s/cand eta=2h33m33s remaining=1121
[suite graph_states_extended :: ghz4] 393/1513 ( 26.0%) done monomial_full/sup013_P102_ph201 elapsed=53m49s avg=8.22s/cand eta=2h33m22s remaining=1120
[suite graph_states_extended :: ghz4] 394/1513 ( 26.0%) done monomial_full/sup013_P102_ph202 elapsed=53m56s avg=8.21s/cand eta=2h33m10s remaining=1119
[suite graph_states_extended :: ghz4] 395/1513 ( 26.1%) done monomial_full/sup013_P102_ph210 elapsed=54m03s avg=8.21s/cand eta=2h33m00s remaining=1118
[suite graph_states_extended :: ghz4] 396/1513 ( 26.2%) done monomial_full/sup013_P102_ph211 elapsed=54m10s avg=8.21s/cand eta=2h32m48s remaining=1117
[suite graph_states_extended :: ghz4] 397/1513 ( 26.2%) done monomial_full/sup013_P102_ph212 elapsed=54m17s avg=8.21s/cand eta=2h32m37s remaining=1116
[suite graph_states_extended :: ghz4] 398/1513 ( 26.3%) done monomial_full/sup013_P102_ph220 elapsed=54m24s avg=8.20s/cand eta=2h32m25s remaining=1115
[suite graph_states_extended :: ghz4] 399/1513 ( 26.4%) done monomial_full/sup013_P102_ph221 elapsed=54m32s avg=8.20s/cand eta=2h32m14s remaining=1114
[suite graph_states_extended :: ghz4] 400/1513 ( 26.4%) done monomial_full/sup013_P102_ph222 elapsed=54m39s avg=8.20s/cand eta=2h32m03s remaining=1113
[suite graph_states_extended :: ghz4] 401/1513 ( 26.5%) done monomial_full/sup013_P120_ph000 elapsed=54m46s avg=8.19s/cand eta=2h31m53s remaining=1112
[suite graph_states_extended :: ghz4] 402/1513 ( 26.6%) done monomial_full/sup013_P120_ph001 elapsed=54m54s avg=8.19s/cand eta=2h31m42s remaining=1111
[suite graph_states_extended :: ghz4] 403/1513 ( 26.6%) done monomial_full/sup013_P120_ph002 elapsed=55m01s avg=8.19s/cand eta=2h31m32s remaining=1110
[suite graph_states_extended :: ghz4] 404/1513 ( 26.7%) done monomial_full/sup013_P120_ph010 elapsed=55m09s avg=8.19s/cand eta=2h31m22s remaining=1109
[suite graph_states_extended :: ghz4] 405/1513 ( 26.8%) done monomial_full/sup013_P120_ph011 elapsed=55m16s avg=8.19s/cand eta=2h31m12s remaining=1108
[suite graph_states_extended :: ghz4] 406/1513 ( 26.8%) done monomial_full/sup013_P120_ph012 elapsed=55m24s avg=8.19s/cand eta=2h31m03s remaining=1107
[suite graph_states_extended :: ghz4] 407/1513 ( 26.9%) done monomial_full/sup013_P120_ph020 elapsed=55m32s avg=8.19s/cand eta=2h30m53s remaining=1106
[suite graph_states_extended :: ghz4] 408/1513 ( 27.0%) done monomial_full/sup013_P120_ph021 elapsed=55m39s avg=8.18s/cand eta=2h30m43s remaining=1105
[suite graph_states_extended :: ghz4] 409/1513 ( 27.0%) done monomial_full/sup013_P120_ph022 elapsed=55m47s avg=8.18s/cand eta=2h30m33s remaining=1104
[suite graph_states_extended :: ghz4] 410/1513 ( 27.1%) done monomial_full/sup013_P120_ph100 elapsed=55m54s avg=8.18s/cand eta=2h30m23s remaining=1103
[suite graph_states_extended :: ghz4] 411/1513 ( 27.2%) done monomial_full/sup013_P120_ph101 elapsed=56m02s avg=8.18s/cand eta=2h30m13s remaining=1102
[suite graph_states_extended :: ghz4] 412/1513 ( 27.2%) done monomial_full/sup013_P120_ph102 elapsed=56m09s avg=8.18s/cand eta=2h30m04s remaining=1101
[suite graph_states_extended :: ghz4] 413/1513 ( 27.3%) done monomial_full/sup013_P120_ph110 elapsed=56m17s avg=8.18s/cand eta=2h29m54s remaining=1100
[suite graph_states_extended :: ghz4] 414/1513 ( 27.4%) done monomial_full/sup013_P120_ph111 elapsed=56m25s avg=8.18s/cand eta=2h29m44s remaining=1099
[suite graph_states_extended :: ghz4] 415/1513 ( 27.4%) done monomial_full/sup013_P120_ph112 elapsed=56m32s avg=8.17s/cand eta=2h29m35s remaining=1098
[suite graph_states_extended :: ghz4] 416/1513 ( 27.5%) done monomial_full/sup013_P120_ph120 elapsed=56m40s avg=8.17s/cand eta=2h29m25s remaining=1097
[suite graph_states_extended :: ghz4] 417/1513 ( 27.6%) done monomial_full/sup013_P120_ph121 elapsed=56m47s avg=8.17s/cand eta=2h29m15s remaining=1096
[suite graph_states_extended :: ghz4] 418/1513 ( 27.6%) done monomial_full/sup013_P120_ph122 elapsed=56m54s avg=8.17s/cand eta=2h29m05s remaining=1095
[suite graph_states_extended :: ghz4] 419/1513 ( 27.7%) done monomial_full/sup013_P120_ph200 elapsed=57m02s avg=8.17s/cand eta=2h28m55s remaining=1094
[suite graph_states_extended :: ghz4] 420/1513 ( 27.8%) done monomial_full/sup013_P120_ph201 elapsed=57m10s avg=8.17s/cand eta=2h28m45s remaining=1093
[suite graph_states_extended :: ghz4] 421/1513 ( 27.8%) done monomial_full/sup013_P120_ph202 elapsed=57m17s avg=8.16s/cand eta=2h28m35s remaining=1092
[suite graph_states_extended :: ghz4] 422/1513 ( 27.9%) done monomial_full/sup013_P120_ph210 elapsed=57m25s avg=8.16s/cand eta=2h28m25s remaining=1091
[suite graph_states_extended :: ghz4] 423/1513 ( 28.0%) done monomial_full/sup013_P120_ph211 elapsed=57m32s avg=8.16s/cand eta=2h28m15s remaining=1090
[suite graph_states_extended :: ghz4] 424/1513 ( 28.0%) done monomial_full/sup013_P120_ph212 elapsed=57m39s avg=8.16s/cand eta=2h28m05s remaining=1089
[suite graph_states_extended :: ghz4] 425/1513 ( 28.1%) done monomial_full/sup013_P120_ph220 elapsed=57m47s avg=8.16s/cand eta=2h27m56s remaining=1088
[suite graph_states_extended :: ghz4] 426/1513 ( 28.2%) done monomial_full/sup013_P120_ph221 elapsed=57m55s avg=8.16s/cand eta=2h27m46s remaining=1087
[suite graph_states_extended :: ghz4] 427/1513 ( 28.2%) done monomial_full/sup013_P120_ph222 elapsed=58m02s avg=8.15s/cand eta=2h27m36s remaining=1086
[suite graph_states_extended :: ghz4] 428/1513 ( 28.3%) done monomial_full/sup013_P201_ph000 elapsed=58m11s avg=8.16s/cand eta=2h27m30s remaining=1085
[suite graph_states_extended :: ghz4] 429/1513 ( 28.4%) done monomial_full/sup013_P201_ph001 elapsed=58m20s avg=8.16s/cand eta=2h27m25s remaining=1084
[suite graph_states_extended :: ghz4] 430/1513 ( 28.4%) done monomial_full/sup013_P201_ph002 elapsed=58m30s avg=8.16s/cand eta=2h27m20s remaining=1083
[suite graph_states_extended :: ghz4] 431/1513 ( 28.5%) done monomial_full/sup013_P201_ph010 elapsed=58m39s avg=8.16s/cand eta=2h27m14s remaining=1082
[suite graph_states_extended :: ghz4] 432/1513 ( 28.6%) done monomial_full/sup013_P201_ph011 elapsed=58m48s avg=8.17s/cand eta=2h27m09s remaining=1081
[suite graph_states_extended :: ghz4] 433/1513 ( 28.6%) done monomial_full/sup013_P201_ph012 elapsed=58m58s avg=8.17s/cand eta=2h27m03s remaining=1080
[suite graph_states_extended :: ghz4] 434/1513 ( 28.7%) done monomial_full/sup013_P201_ph020 elapsed=59m06s avg=8.17s/cand eta=2h26m57s remaining=1079
[suite graph_states_extended :: ghz4] 435/1513 ( 28.8%) done monomial_full/sup013_P201_ph021 elapsed=59m16s avg=8.17s/cand eta=2h26m52s remaining=1078
[suite graph_states_extended :: ghz4] 436/1513 ( 28.8%) done monomial_full/sup013_P201_ph022 elapsed=59m25s avg=8.18s/cand eta=2h26m46s remaining=1077
[suite graph_states_extended :: ghz4] 437/1513 ( 28.9%) done monomial_full/sup013_P201_ph100 elapsed=59m34s avg=8.18s/cand eta=2h26m41s remaining=1076
[suite graph_states_extended :: ghz4] 438/1513 ( 28.9%) done monomial_full/sup013_P201_ph101 elapsed=59m44s avg=8.18s/cand eta=2h26m35s remaining=1075
[suite graph_states_extended :: ghz4] 439/1513 ( 29.0%) done monomial_full/sup013_P201_ph102 elapsed=59m53s avg=8.18s/cand eta=2h26m29s remaining=1074
[suite graph_states_extended :: ghz4] 440/1513 ( 29.1%) done monomial_full/sup013_P201_ph110 elapsed=1h00m02s avg=8.19s/cand eta=2h26m24s remaining=1073
[suite graph_states_extended :: ghz4] 441/1513 ( 29.1%) done monomial_full/sup013_P201_ph111 elapsed=1h00m11s avg=8.19s/cand eta=2h26m19s remaining=1072
[suite graph_states_extended :: ghz4] 442/1513 ( 29.2%) done monomial_full/sup013_P201_ph112 elapsed=1h00m21s avg=8.19s/cand eta=2h26m13s remaining=1071
[suite graph_states_extended :: ghz4] 443/1513 ( 29.3%) done monomial_full/sup013_P201_ph120 elapsed=1h00m30s avg=8.19s/cand eta=2h26m07s remaining=1070
[suite graph_states_extended :: ghz4] 444/1513 ( 29.3%) done monomial_full/sup013_P201_ph121 elapsed=1h00m39s avg=8.20s/cand eta=2h26m02s remaining=1069
[suite graph_states_extended :: ghz4] 445/1513 ( 29.4%) done monomial_full/sup013_P201_ph122 elapsed=1h00m48s avg=8.20s/cand eta=2h25m55s remaining=1068
[suite graph_states_extended :: ghz4] 446/1513 ( 29.5%) done monomial_full/sup013_P201_ph200 elapsed=1h00m58s avg=8.20s/cand eta=2h25m50s remaining=1067
[suite graph_states_extended :: ghz4] 447/1513 ( 29.5%) done monomial_full/sup013_P201_ph201 elapsed=1h01m06s avg=8.20s/cand eta=2h25m44s remaining=1066
[suite graph_states_extended :: ghz4] 448/1513 ( 29.6%) done monomial_full/sup013_P201_ph202 elapsed=1h01m16s avg=8.21s/cand eta=2h25m39s remaining=1065
[suite graph_states_extended :: ghz4] 449/1513 ( 29.7%) done monomial_full/sup013_P201_ph210 elapsed=1h01m25s avg=8.21s/cand eta=2h25m33s remaining=1064
[suite graph_states_extended :: ghz4] 450/1513 ( 29.7%) done monomial_full/sup013_P201_ph211 elapsed=1h01m34s avg=8.21s/cand eta=2h25m26s remaining=1063
[suite graph_states_extended :: ghz4] 451/1513 ( 29.8%) done monomial_full/sup013_P201_ph212 elapsed=1h01m43s avg=8.21s/cand eta=2h25m21s remaining=1062
[suite graph_states_extended :: ghz4] 452/1513 ( 29.9%) done monomial_full/sup013_P201_ph220 elapsed=1h01m53s avg=8.21s/cand eta=2h25m15s remaining=1061
[suite graph_states_extended :: ghz4] 453/1513 ( 29.9%) done monomial_full/sup013_P201_ph221 elapsed=1h02m02s avg=8.22s/cand eta=2h25m09s remaining=1060
[suite graph_states_extended :: ghz4] 454/1513 ( 30.0%) done monomial_full/sup013_P201_ph222 elapsed=1h02m11s avg=8.22s/cand eta=2h25m04s remaining=1059
[suite graph_states_extended :: ghz4] 455/1513 ( 30.1%) done monomial_full/sup013_P210_ph000 elapsed=1h02m20s avg=8.22s/cand eta=2h24m56s remaining=1058
[suite graph_states_extended :: ghz4] 456/1513 ( 30.1%) done monomial_full/sup013_P210_ph001 elapsed=1h02m28s avg=8.22s/cand eta=2h24m48s remaining=1057
[suite graph_states_extended :: ghz4] 457/1513 ( 30.2%) done monomial_full/sup013_P210_ph002 elapsed=1h02m36s avg=8.22s/cand eta=2h24m40s remaining=1056
[suite graph_states_extended :: ghz4] 458/1513 ( 30.3%) done monomial_full/sup013_P210_ph010 elapsed=1h02m45s avg=8.22s/cand eta=2h24m32s remaining=1055
[suite graph_states_extended :: ghz4] 459/1513 ( 30.3%) done monomial_full/sup013_P210_ph011 elapsed=1h02m53s avg=8.22s/cand eta=2h24m25s remaining=1054
[suite graph_states_extended :: ghz4] 460/1513 ( 30.4%) done monomial_full/sup013_P210_ph012 elapsed=1h03m02s avg=8.22s/cand eta=2h24m17s remaining=1053
[suite graph_states_extended :: ghz4] 461/1513 ( 30.5%) done monomial_full/sup013_P210_ph020 elapsed=1h03m11s avg=8.22s/cand eta=2h24m10s remaining=1052
[suite graph_states_extended :: ghz4] 462/1513 ( 30.5%) done monomial_full/sup013_P210_ph021 elapsed=1h03m22s avg=8.23s/cand eta=2h24m09s remaining=1051
[suite graph_states_extended :: ghz4] 463/1513 ( 30.6%) done monomial_full/sup013_P210_ph022 elapsed=1h03m30s avg=8.23s/cand eta=2h24m01s remaining=1050
[suite graph_states_extended :: ghz4] 464/1513 ( 30.7%) done monomial_full/sup013_P210_ph100 elapsed=1h03m38s avg=8.23s/cand eta=2h23m53s remaining=1049
[suite graph_states_extended :: ghz4] 465/1513 ( 30.7%) done monomial_full/sup013_P210_ph101 elapsed=1h03m47s avg=8.23s/cand eta=2h23m45s remaining=1048
[suite graph_states_extended :: ghz4] 466/1513 ( 30.8%) done monomial_full/sup013_P210_ph102 elapsed=1h03m56s avg=8.23s/cand eta=2h23m38s remaining=1047
[suite graph_states_extended :: ghz4] 467/1513 ( 30.9%) done monomial_full/sup013_P210_ph110 elapsed=1h04m04s avg=8.23s/cand eta=2h23m29s remaining=1046
[suite graph_states_extended :: ghz4] 468/1513 ( 30.9%) done monomial_full/sup013_P210_ph111 elapsed=1h04m12s avg=8.23s/cand eta=2h23m21s remaining=1045
[suite graph_states_extended :: ghz4] 469/1513 ( 31.0%) done monomial_full/sup013_P210_ph112 elapsed=1h04m20s avg=8.23s/cand eta=2h23m13s remaining=1044
[suite graph_states_extended :: ghz4] 470/1513 ( 31.1%) done monomial_full/sup013_P210_ph120 elapsed=1h04m28s avg=8.23s/cand eta=2h23m04s remaining=1043
[suite graph_states_extended :: ghz4] 471/1513 ( 31.1%) done monomial_full/sup013_P210_ph121 elapsed=1h04m37s avg=8.23s/cand eta=2h22m56s remaining=1042
[suite graph_states_extended :: ghz4] 472/1513 ( 31.2%) done monomial_full/sup013_P210_ph122 elapsed=1h04m45s avg=8.23s/cand eta=2h22m48s remaining=1041
[suite graph_states_extended :: ghz4] 473/1513 ( 31.3%) done monomial_full/sup013_P210_ph200 elapsed=1h04m53s avg=8.23s/cand eta=2h22m40s remaining=1040
[suite graph_states_extended :: ghz4] 474/1513 ( 31.3%) done monomial_full/sup013_P210_ph201 elapsed=1h05m02s avg=8.23s/cand eta=2h22m32s remaining=1039
[suite graph_states_extended :: ghz4] 475/1513 ( 31.4%) done monomial_full/sup013_P210_ph202 elapsed=1h05m10s avg=8.23s/cand eta=2h22m24s remaining=1038
[suite graph_states_extended :: ghz4] 476/1513 ( 31.5%) done monomial_full/sup013_P210_ph210 elapsed=1h05m18s avg=8.23s/cand eta=2h22m17s remaining=1037
[suite graph_states_extended :: ghz4] 477/1513 ( 31.5%) done monomial_full/sup013_P210_ph211 elapsed=1h05m27s avg=8.23s/cand eta=2h22m08s remaining=1036
[suite graph_states_extended :: ghz4] 478/1513 ( 31.6%) done monomial_full/sup013_P210_ph212 elapsed=1h05m35s avg=8.23s/cand eta=2h22m01s remaining=1035
[suite graph_states_extended :: ghz4] 479/1513 ( 31.7%) done monomial_full/sup013_P210_ph220 elapsed=1h05m44s avg=8.23s/cand eta=2h21m53s remaining=1034
[suite graph_states_extended :: ghz4] 480/1513 ( 31.7%) done monomial_full/sup013_P210_ph221 elapsed=1h05m52s avg=8.23s/cand eta=2h21m45s remaining=1033
[suite graph_states_extended :: ghz4] 481/1513 ( 31.8%) done monomial_full/sup013_P210_ph222 elapsed=1h06m00s avg=8.23s/cand eta=2h21m36s remaining=1032
[suite graph_states_extended :: ghz4] 482/1513 ( 31.9%) done monomial_full/sup023_P012_ph000 elapsed=1h06m08s avg=8.23s/cand eta=2h21m28s remaining=1031
[suite graph_states_extended :: ghz4] 483/1513 ( 31.9%) done monomial_full/sup023_P012_ph001 elapsed=1h06m17s avg=8.23s/cand eta=2h21m20s remaining=1030
[suite graph_states_extended :: ghz4] 484/1513 ( 32.0%) done monomial_full/sup023_P012_ph002 elapsed=1h06m25s avg=8.23s/cand eta=2h21m13s remaining=1029
[suite graph_states_extended :: ghz4] 485/1513 ( 32.1%) done monomial_full/sup023_P012_ph010 elapsed=1h06m34s avg=8.23s/cand eta=2h21m05s remaining=1028
[suite graph_states_extended :: ghz4] 486/1513 ( 32.1%) done monomial_full/sup023_P012_ph011 elapsed=1h06m42s avg=8.23s/cand eta=2h20m56s remaining=1027
[suite graph_states_extended :: ghz4] 487/1513 ( 32.2%) done monomial_full/sup023_P012_ph012 elapsed=1h06m50s avg=8.23s/cand eta=2h20m48s remaining=1026
[suite graph_states_extended :: ghz4] 488/1513 ( 32.3%) done monomial_full/sup023_P012_ph020 elapsed=1h06m58s avg=8.23s/cand eta=2h20m40s remaining=1025
[suite graph_states_extended :: ghz4] 489/1513 ( 32.3%) done monomial_full/sup023_P012_ph021 elapsed=1h07m06s avg=8.23s/cand eta=2h20m31s remaining=1024
[suite graph_states_extended :: ghz4] 490/1513 ( 32.4%) done monomial_full/sup023_P012_ph022 elapsed=1h07m15s avg=8.23s/cand eta=2h20m23s remaining=1023
[suite graph_states_extended :: ghz4] 491/1513 ( 32.5%) done monomial_full/sup023_P012_ph100 elapsed=1h07m23s avg=8.23s/cand eta=2h20m15s remaining=1022
[suite graph_states_extended :: ghz4] 492/1513 ( 32.5%) done monomial_full/sup023_P012_ph101 elapsed=1h07m31s avg=8.23s/cand eta=2h20m07s remaining=1021
[suite graph_states_extended :: ghz4] 493/1513 ( 32.6%) done monomial_full/sup023_P012_ph102 elapsed=1h07m40s avg=8.23s/cand eta=2h19m59s remaining=1020
[suite graph_states_extended :: ghz4] 494/1513 ( 32.7%) done monomial_full/sup023_P012_ph110 elapsed=1h07m48s avg=8.23s/cand eta=2h19m51s remaining=1019
[suite graph_states_extended :: ghz4] 495/1513 ( 32.7%) done monomial_full/sup023_P012_ph111 elapsed=1h07m56s avg=8.23s/cand eta=2h19m43s remaining=1018
[suite graph_states_extended :: ghz4] 496/1513 ( 32.8%) done monomial_full/sup023_P012_ph112 elapsed=1h08m04s avg=8.23s/cand eta=2h19m35s remaining=1017
[suite graph_states_extended :: ghz4] 497/1513 ( 32.8%) done monomial_full/sup023_P012_ph120 elapsed=1h08m13s avg=8.23s/cand eta=2h19m27s remaining=1016
[suite graph_states_extended :: ghz4] 498/1513 ( 32.9%) done monomial_full/sup023_P012_ph121 elapsed=1h08m21s avg=8.24s/cand eta=2h19m19s remaining=1015
[suite graph_states_extended :: ghz4] 499/1513 ( 33.0%) done monomial_full/sup023_P012_ph122 elapsed=1h08m30s avg=8.24s/cand eta=2h19m11s remaining=1014
[suite graph_states_extended :: ghz4] 500/1513 ( 33.0%) done monomial_full/sup023_P012_ph200 elapsed=1h08m38s avg=8.24s/cand eta=2h19m03s remaining=1013
[suite graph_states_extended :: ghz4] 501/1513 ( 33.1%) done monomial_full/sup023_P012_ph201 elapsed=1h08m46s avg=8.24s/cand eta=2h18m55s remaining=1012
[suite graph_states_extended :: ghz4] 502/1513 ( 33.2%) done monomial_full/sup023_P012_ph202 elapsed=1h08m55s avg=8.24s/cand eta=2h18m47s remaining=1011
[suite graph_states_extended :: ghz4] 503/1513 ( 33.2%) done monomial_full/sup023_P012_ph210 elapsed=1h09m03s avg=8.24s/cand eta=2h18m39s remaining=1010
[suite graph_states_extended :: ghz4] 504/1513 ( 33.3%) done monomial_full/sup023_P012_ph211 elapsed=1h09m11s avg=8.24s/cand eta=2h18m31s remaining=1009
[suite graph_states_extended :: ghz4] 505/1513 ( 33.4%) done monomial_full/sup023_P012_ph212 elapsed=1h09m19s avg=8.24s/cand eta=2h18m22s remaining=1008
[suite graph_states_extended :: ghz4] 506/1513 ( 33.4%) done monomial_full/sup023_P012_ph220 elapsed=1h09m28s avg=8.24s/cand eta=2h18m14s remaining=1007
[suite graph_states_extended :: ghz4] 507/1513 ( 33.5%) done monomial_full/sup023_P012_ph221 elapsed=1h09m36s avg=8.24s/cand eta=2h18m06s remaining=1006
[suite graph_states_extended :: ghz4] 508/1513 ( 33.6%) done monomial_full/sup023_P012_ph222 elapsed=1h09m44s avg=8.24s/cand eta=2h17m58s remaining=1005
[suite graph_states_extended :: ghz4] 509/1513 ( 33.6%) done monomial_full/sup023_P021_ph000 elapsed=1h09m51s avg=8.23s/cand eta=2h17m47s remaining=1004
[suite graph_states_extended :: ghz4] 510/1513 ( 33.7%) done monomial_full/sup023_P021_ph001 elapsed=1h09m59s avg=8.23s/cand eta=2h17m37s remaining=1003
[suite graph_states_extended :: ghz4] 511/1513 ( 33.8%) done monomial_full/sup023_P021_ph002 elapsed=1h10m06s avg=8.23s/cand eta=2h17m28s remaining=1002
[suite graph_states_extended :: ghz4] 512/1513 ( 33.8%) done monomial_full/sup023_P021_ph010 elapsed=1h10m14s avg=8.23s/cand eta=2h17m18s remaining=1001
[suite graph_states_extended :: ghz4] 513/1513 ( 33.9%) done monomial_full/sup023_P021_ph011 elapsed=1h10m21s avg=8.23s/cand eta=2h17m08s remaining=1000
[suite graph_states_extended :: ghz4] 514/1513 ( 34.0%) done monomial_full/sup023_P021_ph012 elapsed=1h10m29s avg=8.23s/cand eta=2h16m59s remaining=999
[suite graph_states_extended :: ghz4] 515/1513 ( 34.0%) done monomial_full/sup023_P021_ph020 elapsed=1h10m36s avg=8.23s/cand eta=2h16m49s remaining=998
[suite graph_states_extended :: ghz4] 516/1513 ( 34.1%) done monomial_full/sup023_P021_ph021 elapsed=1h10m44s avg=8.22s/cand eta=2h16m40s remaining=997
[suite graph_states_extended :: ghz4] 517/1513 ( 34.2%) done monomial_full/sup023_P021_ph022 elapsed=1h10m51s avg=8.22s/cand eta=2h16m30s remaining=996
[suite graph_states_extended :: ghz4] 518/1513 ( 34.2%) done monomial_full/sup023_P021_ph100 elapsed=1h10m58s avg=8.22s/cand eta=2h16m20s remaining=995
[suite graph_states_extended :: ghz4] 519/1513 ( 34.3%) done monomial_full/sup023_P021_ph101 elapsed=1h11m06s avg=8.22s/cand eta=2h16m11s remaining=994
[suite graph_states_extended :: ghz4] 520/1513 ( 34.4%) done monomial_full/sup023_P021_ph102 elapsed=1h11m13s avg=8.22s/cand eta=2h16m00s remaining=993
[suite graph_states_extended :: ghz4] 521/1513 ( 34.4%) done monomial_full/sup023_P021_ph110 elapsed=1h11m21s avg=8.22s/cand eta=2h15m50s remaining=992
[suite graph_states_extended :: ghz4] 522/1513 ( 34.5%) done monomial_full/sup023_P021_ph111 elapsed=1h11m28s avg=8.21s/cand eta=2h15m41s remaining=991
[suite graph_states_extended :: ghz4] 523/1513 ( 34.6%) done monomial_full/sup023_P021_ph112 elapsed=1h11m35s avg=8.21s/cand eta=2h15m31s remaining=990
[suite graph_states_extended :: ghz4] 524/1513 ( 34.6%) done monomial_full/sup023_P021_ph120 elapsed=1h11m43s avg=8.21s/cand eta=2h15m22s remaining=989
[suite graph_states_extended :: ghz4] 525/1513 ( 34.7%) done monomial_full/sup023_P021_ph121 elapsed=1h11m51s avg=8.21s/cand eta=2h15m12s remaining=988
[suite graph_states_extended :: ghz4] 526/1513 ( 34.8%) done monomial_full/sup023_P021_ph122 elapsed=1h11m58s avg=8.21s/cand eta=2h15m03s remaining=987
[suite graph_states_extended :: ghz4] 527/1513 ( 34.8%) done monomial_full/sup023_P021_ph200 elapsed=1h12m05s avg=8.21s/cand eta=2h14m53s remaining=986
[suite graph_states_extended :: ghz4] 528/1513 ( 34.9%) done monomial_full/sup023_P021_ph201 elapsed=1h12m12s avg=8.21s/cand eta=2h14m42s remaining=985
[suite graph_states_extended :: ghz4] 529/1513 ( 35.0%) done monomial_full/sup023_P021_ph202 elapsed=1h12m20s avg=8.20s/cand eta=2h14m33s remaining=984
[suite graph_states_extended :: ghz4] 530/1513 ( 35.0%) done monomial_full/sup023_P021_ph210 elapsed=1h12m27s avg=8.20s/cand eta=2h14m23s remaining=983
[suite graph_states_extended :: ghz4] 531/1513 ( 35.1%) done monomial_full/sup023_P021_ph211 elapsed=1h12m35s avg=8.20s/cand eta=2h14m14s remaining=982
[suite graph_states_extended :: ghz4] 532/1513 ( 35.2%) done monomial_full/sup023_P021_ph212 elapsed=1h12m42s avg=8.20s/cand eta=2h14m03s remaining=981
[suite graph_states_extended :: ghz4] 533/1513 ( 35.2%) done monomial_full/sup023_P021_ph220 elapsed=1h12m49s avg=8.20s/cand eta=2h13m53s remaining=980
[suite graph_states_extended :: ghz4] 534/1513 ( 35.3%) done monomial_full/sup023_P021_ph221 elapsed=1h12m56s avg=8.20s/cand eta=2h13m44s remaining=979
[suite graph_states_extended :: ghz4] 535/1513 ( 35.4%) done monomial_full/sup023_P021_ph222 elapsed=1h13m04s avg=8.19s/cand eta=2h13m34s remaining=978
[suite graph_states_extended :: ghz4] 536/1513 ( 35.4%) done monomial_full/sup023_P102_ph000 elapsed=1h13m12s avg=8.19s/cand eta=2h13m26s remaining=977
[suite graph_states_extended :: ghz4] 537/1513 ( 35.5%) done monomial_full/sup023_P102_ph001 elapsed=1h13m21s avg=8.20s/cand eta=2h13m20s remaining=976
[suite graph_states_extended :: ghz4] 538/1513 ( 35.6%) done monomial_full/sup023_P102_ph002 elapsed=1h13m31s avg=8.20s/cand eta=2h13m14s remaining=975
[suite graph_states_extended :: ghz4] 539/1513 ( 35.6%) done monomial_full/sup023_P102_ph010 elapsed=1h13m39s avg=8.20s/cand eta=2h13m06s remaining=974
[suite graph_states_extended :: ghz4] 540/1513 ( 35.7%) done monomial_full/sup023_P102_ph011 elapsed=1h13m49s avg=8.20s/cand eta=2h13m00s remaining=973
[suite graph_states_extended :: ghz4] 541/1513 ( 35.8%) done monomial_full/sup023_P102_ph012 elapsed=1h13m57s avg=8.20s/cand eta=2h12m52s remaining=972
[suite graph_states_extended :: ghz4] 542/1513 ( 35.8%) done monomial_full/sup023_P102_ph020 elapsed=1h14m06s avg=8.20s/cand eta=2h12m45s remaining=971
[suite graph_states_extended :: ghz4] 543/1513 ( 35.9%) done monomial_full/sup023_P102_ph021 elapsed=1h14m15s avg=8.20s/cand eta=2h12m39s remaining=970
[suite graph_states_extended :: ghz4] 544/1513 ( 36.0%) done monomial_full/sup023_P102_ph022 elapsed=1h14m24s avg=8.21s/cand eta=2h12m32s remaining=969
[suite graph_states_extended :: ghz4] 545/1513 ( 36.0%) done monomial_full/sup023_P102_ph100 elapsed=1h14m33s avg=8.21s/cand eta=2h12m25s remaining=968
[suite graph_states_extended :: ghz4] 546/1513 ( 36.1%) done monomial_full/sup023_P102_ph101 elapsed=1h14m42s avg=8.21s/cand eta=2h12m19s remaining=967
[suite graph_states_extended :: ghz4] 547/1513 ( 36.2%) done monomial_full/sup023_P102_ph102 elapsed=1h14m51s avg=8.21s/cand eta=2h12m11s remaining=966
[suite graph_states_extended :: ghz4] 548/1513 ( 36.2%) done monomial_full/sup023_P102_ph110 elapsed=1h15m00s avg=8.21s/cand eta=2h12m05s remaining=965
[suite graph_states_extended :: ghz4] 549/1513 ( 36.3%) done monomial_full/sup023_P102_ph111 elapsed=1h15m09s avg=8.21s/cand eta=2h11m58s remaining=964
[suite graph_states_extended :: ghz4] 550/1513 ( 36.4%) done monomial_full/sup023_P102_ph112 elapsed=1h15m18s avg=8.21s/cand eta=2h11m50s remaining=963
[suite graph_states_extended :: ghz4] 551/1513 ( 36.4%) done monomial_full/sup023_P102_ph120 elapsed=1h15m27s avg=8.22s/cand eta=2h11m43s remaining=962
[suite graph_states_extended :: ghz4] 552/1513 ( 36.5%) done monomial_full/sup023_P102_ph121 elapsed=1h15m36s avg=8.22s/cand eta=2h11m36s remaining=961
[suite graph_states_extended :: ghz4] 553/1513 ( 36.5%) done monomial_full/sup023_P102_ph122 elapsed=1h15m44s avg=8.22s/cand eta=2h11m29s remaining=960
[suite graph_states_extended :: ghz4] 554/1513 ( 36.6%) done monomial_full/sup023_P102_ph200 elapsed=1h15m53s avg=8.22s/cand eta=2h11m22s remaining=959
[suite graph_states_extended :: ghz4] 555/1513 ( 36.7%) done monomial_full/sup023_P102_ph201 elapsed=1h16m02s avg=8.22s/cand eta=2h11m15s remaining=958
[suite graph_states_extended :: ghz4] 556/1513 ( 36.7%) done monomial_full/sup023_P102_ph202 elapsed=1h16m11s avg=8.22s/cand eta=2h11m08s remaining=957
[suite graph_states_extended :: ghz4] 557/1513 ( 36.8%) done monomial_full/sup023_P102_ph210 elapsed=1h16m20s avg=8.22s/cand eta=2h11m01s remaining=956
[suite graph_states_extended :: ghz4] 558/1513 ( 36.9%) done monomial_full/sup023_P102_ph211 elapsed=1h16m29s avg=8.22s/cand eta=2h10m54s remaining=955
[suite graph_states_extended :: ghz4] 559/1513 ( 36.9%) done monomial_full/sup023_P102_ph212 elapsed=1h16m38s avg=8.23s/cand eta=2h10m47s remaining=954
[suite graph_states_extended :: ghz4] 560/1513 ( 37.0%) done monomial_full/sup023_P102_ph220 elapsed=1h16m47s avg=8.23s/cand eta=2h10m40s remaining=953
[suite graph_states_extended :: ghz4] 561/1513 ( 37.1%) done monomial_full/sup023_P102_ph221 elapsed=1h16m56s avg=8.23s/cand eta=2h10m33s remaining=952
[suite graph_states_extended :: ghz4] 562/1513 ( 37.1%) done monomial_full/sup023_P102_ph222 elapsed=1h17m05s avg=8.23s/cand eta=2h10m27s remaining=951
[suite graph_states_extended :: ghz4] 563/1513 ( 37.2%) done monomial_full/sup023_P120_ph000 elapsed=1h17m14s avg=8.23s/cand eta=2h10m19s remaining=950
[suite graph_states_extended :: ghz4] 564/1513 ( 37.3%) done monomial_full/sup023_P120_ph001 elapsed=1h17m22s avg=8.23s/cand eta=2h10m11s remaining=949
[suite graph_states_extended :: ghz4] 565/1513 ( 37.3%) done monomial_full/sup023_P120_ph002 elapsed=1h17m31s avg=8.23s/cand eta=2h10m03s remaining=948
[suite graph_states_extended :: ghz4] 566/1513 ( 37.4%) done monomial_full/sup023_P120_ph010 elapsed=1h17m39s avg=8.23s/cand eta=2h09m55s remaining=947
[suite graph_states_extended :: ghz4] 567/1513 ( 37.5%) done monomial_full/sup023_P120_ph011 elapsed=1h17m47s avg=8.23s/cand eta=2h09m47s remaining=946
[suite graph_states_extended :: ghz4] 568/1513 ( 37.5%) done monomial_full/sup023_P120_ph012 elapsed=1h17m56s avg=8.23s/cand eta=2h09m39s remaining=945
[suite graph_states_extended :: ghz4] 569/1513 ( 37.6%) done monomial_full/sup023_P120_ph020 elapsed=1h18m04s avg=8.23s/cand eta=2h09m32s remaining=944
[suite graph_states_extended :: ghz4] 570/1513 ( 37.7%) done monomial_full/sup023_P120_ph021 elapsed=1h18m13s avg=8.23s/cand eta=2h09m24s remaining=943
[suite graph_states_extended :: ghz4] 571/1513 ( 37.7%) done monomial_full/sup023_P120_ph022 elapsed=1h18m22s avg=8.23s/cand eta=2h09m17s remaining=942
[suite graph_states_extended :: ghz4] 572/1513 ( 37.8%) done monomial_full/sup023_P120_ph100 elapsed=1h18m30s avg=8.23s/cand eta=2h09m09s remaining=941
[suite graph_states_extended :: ghz4] 573/1513 ( 37.9%) done monomial_full/sup023_P120_ph101 elapsed=1h18m39s avg=8.23s/cand eta=2h09m01s remaining=940
[suite graph_states_extended :: ghz4] 574/1513 ( 37.9%) done monomial_full/sup023_P120_ph102 elapsed=1h18m47s avg=8.24s/cand eta=2h08m53s remaining=939
[suite graph_states_extended :: ghz4] 575/1513 ( 38.0%) done monomial_full/sup023_P120_ph110 elapsed=1h18m55s avg=8.24s/cand eta=2h08m45s remaining=938
[suite graph_states_extended :: ghz4] 576/1513 ( 38.1%) done monomial_full/sup023_P120_ph111 elapsed=1h19m04s avg=8.24s/cand eta=2h08m37s remaining=937
[suite graph_states_extended :: ghz4] 577/1513 ( 38.1%) done monomial_full/sup023_P120_ph112 elapsed=1h19m12s avg=8.24s/cand eta=2h08m29s remaining=936
[suite graph_states_extended :: ghz4] 578/1513 ( 38.2%) done monomial_full/sup023_P120_ph120 elapsed=1h19m21s avg=8.24s/cand eta=2h08m21s remaining=935
[suite graph_states_extended :: ghz4] 579/1513 ( 38.3%) done monomial_full/sup023_P120_ph121 elapsed=1h19m29s avg=8.24s/cand eta=2h08m14s remaining=934
[suite graph_states_extended :: ghz4] 580/1513 ( 38.3%) done monomial_full/sup023_P120_ph122 elapsed=1h19m38s avg=8.24s/cand eta=2h08m06s remaining=933
[suite graph_states_extended :: ghz4] 581/1513 ( 38.4%) done monomial_full/sup023_P120_ph200 elapsed=1h19m47s avg=8.24s/cand eta=2h07m58s remaining=932
[suite graph_states_extended :: ghz4] 582/1513 ( 38.5%) done monomial_full/sup023_P120_ph201 elapsed=1h19m55s avg=8.24s/cand eta=2h07m51s remaining=931
[suite graph_states_extended :: ghz4] 583/1513 ( 38.5%) done monomial_full/sup023_P120_ph202 elapsed=1h20m04s avg=8.24s/cand eta=2h07m43s remaining=930
[suite graph_states_extended :: ghz4] 584/1513 ( 38.6%) done monomial_full/sup023_P120_ph210 elapsed=1h20m12s avg=8.24s/cand eta=2h07m35s remaining=929
[suite graph_states_extended :: ghz4] 585/1513 ( 38.7%) done monomial_full/sup023_P120_ph211 elapsed=1h20m21s avg=8.24s/cand eta=2h07m28s remaining=928
[suite graph_states_extended :: ghz4] 586/1513 ( 38.7%) done monomial_full/sup023_P120_ph212 elapsed=1h20m30s avg=8.24s/cand eta=2h07m20s remaining=927
[suite graph_states_extended :: ghz4] 587/1513 ( 38.8%) done monomial_full/sup023_P120_ph220 elapsed=1h20m38s avg=8.24s/cand eta=2h07m12s remaining=926
[suite graph_states_extended :: ghz4] 588/1513 ( 38.9%) done monomial_full/sup023_P120_ph221 elapsed=1h20m46s avg=8.24s/cand eta=2h07m04s remaining=925
[suite graph_states_extended :: ghz4] 589/1513 ( 38.9%) done monomial_full/sup023_P120_ph222 elapsed=1h20m55s avg=8.24s/cand eta=2h06m57s remaining=924
[suite graph_states_extended :: ghz4] 590/1513 ( 39.0%) done monomial_full/sup023_P201_ph000 elapsed=1h21m03s avg=8.24s/cand eta=2h06m47s remaining=923
[suite graph_states_extended :: ghz4] 591/1513 ( 39.1%) done monomial_full/sup023_P201_ph001 elapsed=1h21m10s avg=8.24s/cand eta=2h06m37s remaining=922
[suite graph_states_extended :: ghz4] 592/1513 ( 39.1%) done monomial_full/sup023_P201_ph002 elapsed=1h21m17s avg=8.24s/cand eta=2h06m27s remaining=921
[suite graph_states_extended :: ghz4] 593/1513 ( 39.2%) done monomial_full/sup023_P201_ph010 elapsed=1h21m24s avg=8.24s/cand eta=2h06m18s remaining=920
[suite graph_states_extended :: ghz4] 594/1513 ( 39.3%) done monomial_full/sup023_P201_ph011 elapsed=1h21m31s avg=8.23s/cand eta=2h06m07s remaining=919
[suite graph_states_extended :: ghz4] 595/1513 ( 39.3%) done monomial_full/sup023_P201_ph012 elapsed=1h21m38s avg=8.23s/cand eta=2h05m57s remaining=918
[suite graph_states_extended :: ghz4] 596/1513 ( 39.4%) done monomial_full/sup023_P201_ph020 elapsed=1h21m45s avg=8.23s/cand eta=2h05m47s remaining=917
[suite graph_states_extended :: ghz4] 597/1513 ( 39.5%) done monomial_full/sup023_P201_ph021 elapsed=1h21m52s avg=8.23s/cand eta=2h05m37s remaining=916
[suite graph_states_extended :: ghz4] 598/1513 ( 39.5%) done monomial_full/sup023_P201_ph022 elapsed=1h21m59s avg=8.23s/cand eta=2h05m27s remaining=915
[suite graph_states_extended :: ghz4] 599/1513 ( 39.6%) done monomial_full/sup023_P201_ph100 elapsed=1h22m06s avg=8.22s/cand eta=2h05m17s remaining=914
[suite graph_states_extended :: ghz4] 600/1513 ( 39.7%) done monomial_full/sup023_P201_ph101 elapsed=1h22m13s avg=8.22s/cand eta=2h05m07s remaining=913
[suite graph_states_extended :: ghz4] 601/1513 ( 39.7%) done monomial_full/sup023_P201_ph102 elapsed=1h22m21s avg=8.22s/cand eta=2h04m57s remaining=912
[suite graph_states_extended :: ghz4] 602/1513 ( 39.8%) done monomial_full/sup023_P201_ph110 elapsed=1h22m28s avg=8.22s/cand eta=2h04m48s remaining=911
[suite graph_states_extended :: ghz4] 603/1513 ( 39.9%) done monomial_full/sup023_P201_ph111 elapsed=1h22m35s avg=8.22s/cand eta=2h04m37s remaining=910
[suite graph_states_extended :: ghz4] 604/1513 ( 39.9%) done monomial_full/sup023_P201_ph112 elapsed=1h22m42s avg=8.22s/cand eta=2h04m28s remaining=909
[suite graph_states_extended :: ghz4] 605/1513 ( 40.0%) done monomial_full/sup023_P201_ph120 elapsed=1h22m49s avg=8.21s/cand eta=2h04m18s remaining=908
[suite graph_states_extended :: ghz4] 606/1513 ( 40.1%) done monomial_full/sup023_P201_ph121 elapsed=1h22m57s avg=8.21s/cand eta=2h04m08s remaining=907
[suite graph_states_extended :: ghz4] 607/1513 ( 40.1%) done monomial_full/sup023_P201_ph122 elapsed=1h23m04s avg=8.21s/cand eta=2h03m58s remaining=906
[suite graph_states_extended :: ghz4] 608/1513 ( 40.2%) done monomial_full/sup023_P201_ph200 elapsed=1h23m11s avg=8.21s/cand eta=2h03m49s remaining=905
[suite graph_states_extended :: ghz4] 609/1513 ( 40.3%) done monomial_full/sup023_P201_ph201 elapsed=1h23m18s avg=8.21s/cand eta=2h03m39s remaining=904
[suite graph_states_extended :: ghz4] 610/1513 ( 40.3%) done monomial_full/sup023_P201_ph202 elapsed=1h23m25s avg=8.21s/cand eta=2h03m29s remaining=903
[suite graph_states_extended :: ghz4] 611/1513 ( 40.4%) done monomial_full/sup023_P201_ph210 elapsed=1h23m32s avg=8.20s/cand eta=2h03m20s remaining=902
[suite graph_states_extended :: ghz4] 612/1513 ( 40.4%) done monomial_full/sup023_P201_ph211 elapsed=1h23m39s avg=8.20s/cand eta=2h03m10s remaining=901
[suite graph_states_extended :: ghz4] 613/1513 ( 40.5%) done monomial_full/sup023_P201_ph212 elapsed=1h23m46s avg=8.20s/cand eta=2h03m00s remaining=900
[suite graph_states_extended :: ghz4] 614/1513 ( 40.6%) done monomial_full/sup023_P201_ph220 elapsed=1h23m53s avg=8.20s/cand eta=2h02m50s remaining=899
[suite graph_states_extended :: ghz4] 615/1513 ( 40.6%) done monomial_full/sup023_P201_ph221 elapsed=1h24m00s avg=8.20s/cand eta=2h02m40s remaining=898
[suite graph_states_extended :: ghz4] 616/1513 ( 40.7%) done monomial_full/sup023_P201_ph222 elapsed=1h24m08s avg=8.19s/cand eta=2h02m30s remaining=897
[suite graph_states_extended :: ghz4] 617/1513 ( 40.8%) done monomial_full/sup023_P210_ph000 elapsed=1h24m15s avg=8.19s/cand eta=2h02m21s remaining=896
[suite graph_states_extended :: ghz4] 618/1513 ( 40.8%) done monomial_full/sup023_P210_ph001 elapsed=1h24m22s avg=8.19s/cand eta=2h02m11s remaining=895
[suite graph_states_extended :: ghz4] 619/1513 ( 40.9%) done monomial_full/sup023_P210_ph002 elapsed=1h24m30s avg=8.19s/cand eta=2h02m02s remaining=894
[suite graph_states_extended :: ghz4] 620/1513 ( 41.0%) done monomial_full/sup023_P210_ph010 elapsed=1h24m37s avg=8.19s/cand eta=2h01m52s remaining=893
[suite graph_states_extended :: ghz4] 621/1513 ( 41.0%) done monomial_full/sup023_P210_ph011 elapsed=1h24m44s avg=8.19s/cand eta=2h01m43s remaining=892
[suite graph_states_extended :: ghz4] 622/1513 ( 41.1%) done monomial_full/sup023_P210_ph012 elapsed=1h24m52s avg=8.19s/cand eta=2h01m33s remaining=891
[suite graph_states_extended :: ghz4] 623/1513 ( 41.2%) done monomial_full/sup023_P210_ph020 elapsed=1h24m59s avg=8.18s/cand eta=2h01m24s remaining=890
[suite graph_states_extended :: ghz4] 624/1513 ( 41.2%) done monomial_full/sup023_P210_ph021 elapsed=1h25m06s avg=8.18s/cand eta=2h01m15s remaining=889
[suite graph_states_extended :: ghz4] 625/1513 ( 41.3%) done monomial_full/sup023_P210_ph022 elapsed=1h25m14s avg=8.18s/cand eta=2h01m05s remaining=888
[suite graph_states_extended :: ghz4] 626/1513 ( 41.4%) done monomial_full/sup023_P210_ph100 elapsed=1h25m21s avg=8.18s/cand eta=2h00m56s remaining=887
[suite graph_states_extended :: ghz4] 627/1513 ( 41.4%) done monomial_full/sup023_P210_ph101 elapsed=1h25m28s avg=8.18s/cand eta=2h00m47s remaining=886
[suite graph_states_extended :: ghz4] 628/1513 ( 41.5%) done monomial_full/sup023_P210_ph102 elapsed=1h25m36s avg=8.18s/cand eta=2h00m38s remaining=885
[suite graph_states_extended :: ghz4] 629/1513 ( 41.6%) done monomial_full/sup023_P210_ph110 elapsed=1h25m43s avg=8.18s/cand eta=2h00m28s remaining=884
[suite graph_states_extended :: ghz4] 630/1513 ( 41.6%) done monomial_full/sup023_P210_ph111 elapsed=1h25m50s avg=8.18s/cand eta=2h00m19s remaining=883
[suite graph_states_extended :: ghz4] 631/1513 ( 41.7%) done monomial_full/sup023_P210_ph112 elapsed=1h25m58s avg=8.17s/cand eta=2h00m09s remaining=882
[suite graph_states_extended :: ghz4] 632/1513 ( 41.8%) done monomial_full/sup023_P210_ph120 elapsed=1h26m05s avg=8.17s/cand eta=2h00m00s remaining=881
[suite graph_states_extended :: ghz4] 633/1513 ( 41.8%) done monomial_full/sup023_P210_ph121 elapsed=1h26m12s avg=8.17s/cand eta=1h59m51s remaining=880
[suite graph_states_extended :: ghz4] 634/1513 ( 41.9%) done monomial_full/sup023_P210_ph122 elapsed=1h26m20s avg=8.17s/cand eta=1h59m41s remaining=879
[suite graph_states_extended :: ghz4] 635/1513 ( 42.0%) done monomial_full/sup023_P210_ph200 elapsed=1h26m27s avg=8.17s/cand eta=1h59m32s remaining=878
[suite graph_states_extended :: ghz4] 636/1513 ( 42.0%) done monomial_full/sup023_P210_ph201 elapsed=1h26m34s avg=8.17s/cand eta=1h59m23s remaining=877
[suite graph_states_extended :: ghz4] 637/1513 ( 42.1%) done monomial_full/sup023_P210_ph202 elapsed=1h26m42s avg=8.17s/cand eta=1h59m13s remaining=876
[suite graph_states_extended :: ghz4] 638/1513 ( 42.2%) done monomial_full/sup023_P210_ph210 elapsed=1h26m49s avg=8.16s/cand eta=1h59m04s remaining=875
[suite graph_states_extended :: ghz4] 639/1513 ( 42.2%) done monomial_full/sup023_P210_ph211 elapsed=1h26m57s avg=8.16s/cand eta=1h58m55s remaining=874
[suite graph_states_extended :: ghz4] 640/1513 ( 42.3%) done monomial_full/sup023_P210_ph212 elapsed=1h27m04s avg=8.16s/cand eta=1h58m46s remaining=873
[suite graph_states_extended :: ghz4] 641/1513 ( 42.4%) done monomial_full/sup023_P210_ph220 elapsed=1h27m11s avg=8.16s/cand eta=1h58m36s remaining=872
[suite graph_states_extended :: ghz4] 642/1513 ( 42.4%) done monomial_full/sup023_P210_ph221 elapsed=1h27m19s avg=8.16s/cand eta=1h58m27s remaining=871
[suite graph_states_extended :: ghz4] 643/1513 ( 42.5%) done monomial_full/sup023_P210_ph222 elapsed=1h27m26s avg=8.16s/cand eta=1h58m18s remaining=870
[suite graph_states_extended :: ghz4] 644/1513 ( 42.6%) done monomial_full/sup123_P012_ph000 elapsed=1h27m33s avg=8.16s/cand eta=1h58m09s remaining=869
[suite graph_states_extended :: ghz4] 645/1513 ( 42.6%) done monomial_full/sup123_P012_ph001 elapsed=1h27m41s avg=8.16s/cand eta=1h58m00s remaining=868
[suite graph_states_extended :: ghz4] 646/1513 ( 42.7%) done monomial_full/sup123_P012_ph002 elapsed=1h27m48s avg=8.15s/cand eta=1h57m50s remaining=867
[suite graph_states_extended :: ghz4] 647/1513 ( 42.8%) done monomial_full/sup123_P012_ph010 elapsed=1h27m55s avg=8.15s/cand eta=1h57m41s remaining=866
[suite graph_states_extended :: ghz4] 648/1513 ( 42.8%) done monomial_full/sup123_P012_ph011 elapsed=1h28m02s avg=8.15s/cand eta=1h57m31s remaining=865
[suite graph_states_extended :: ghz4] 649/1513 ( 42.9%) done monomial_full/sup123_P012_ph012 elapsed=1h28m10s avg=8.15s/cand eta=1h57m22s remaining=864
[suite graph_states_extended :: ghz4] 650/1513 ( 43.0%) done monomial_full/sup123_P012_ph020 elapsed=1h28m17s avg=8.15s/cand eta=1h57m13s remaining=863
[suite graph_states_extended :: ghz4] 651/1513 ( 43.0%) done monomial_full/sup123_P012_ph021 elapsed=1h28m24s avg=8.15s/cand eta=1h57m04s remaining=862
[suite graph_states_extended :: ghz4] 652/1513 ( 43.1%) done monomial_full/sup123_P012_ph022 elapsed=1h28m32s avg=8.15s/cand eta=1h56m55s remaining=861
[suite graph_states_extended :: ghz4] 653/1513 ( 43.2%) done monomial_full/sup123_P012_ph100 elapsed=1h28m39s avg=8.15s/cand eta=1h56m45s remaining=860
[suite graph_states_extended :: ghz4] 654/1513 ( 43.2%) done monomial_full/sup123_P012_ph101 elapsed=1h28m47s avg=8.14s/cand eta=1h56m36s remaining=859
[suite graph_states_extended :: ghz4] 655/1513 ( 43.3%) done monomial_full/sup123_P012_ph102 elapsed=1h28m54s avg=8.14s/cand eta=1h56m27s remaining=858
[suite graph_states_extended :: ghz4] 656/1513 ( 43.4%) done monomial_full/sup123_P012_ph110 elapsed=1h29m01s avg=8.14s/cand eta=1h56m18s remaining=857
[suite graph_states_extended :: ghz4] 657/1513 ( 43.4%) done monomial_full/sup123_P012_ph111 elapsed=1h29m09s avg=8.14s/cand eta=1h56m09s remaining=856
[suite graph_states_extended :: ghz4] 658/1513 ( 43.5%) done monomial_full/sup123_P012_ph112 elapsed=1h29m16s avg=8.14s/cand eta=1h55m59s remaining=855
[suite graph_states_extended :: ghz4] 659/1513 ( 43.6%) done monomial_full/sup123_P012_ph120 elapsed=1h29m23s avg=8.14s/cand eta=1h55m50s remaining=854
[suite graph_states_extended :: ghz4] 660/1513 ( 43.6%) done monomial_full/sup123_P012_ph121 elapsed=1h29m30s avg=8.14s/cand eta=1h55m41s remaining=853
[suite graph_states_extended :: ghz4] 661/1513 ( 43.7%) done monomial_full/sup123_P012_ph122 elapsed=1h29m38s avg=8.14s/cand eta=1h55m32s remaining=852
[suite graph_states_extended :: ghz4] 662/1513 ( 43.8%) done monomial_full/sup123_P012_ph200 elapsed=1h29m45s avg=8.13s/cand eta=1h55m23s remaining=851
[suite graph_states_extended :: ghz4] 663/1513 ( 43.8%) done monomial_full/sup123_P012_ph201 elapsed=1h29m53s avg=8.13s/cand eta=1h55m14s remaining=850
[suite graph_states_extended :: ghz4] 664/1513 ( 43.9%) done monomial_full/sup123_P012_ph202 elapsed=1h30m00s avg=8.13s/cand eta=1h55m05s remaining=849
[suite graph_states_extended :: ghz4] 665/1513 ( 44.0%) done monomial_full/sup123_P012_ph210 elapsed=1h30m08s avg=8.13s/cand eta=1h54m56s remaining=848
[suite graph_states_extended :: ghz4] 666/1513 ( 44.0%) done monomial_full/sup123_P012_ph211 elapsed=1h30m15s avg=8.13s/cand eta=1h54m47s remaining=847
[suite graph_states_extended :: ghz4] 667/1513 ( 44.1%) done monomial_full/sup123_P012_ph212 elapsed=1h30m22s avg=8.13s/cand eta=1h54m38s remaining=846
[suite graph_states_extended :: ghz4] 668/1513 ( 44.2%) done monomial_full/sup123_P012_ph220 elapsed=1h30m29s avg=8.13s/cand eta=1h54m28s remaining=845
[suite graph_states_extended :: ghz4] 669/1513 ( 44.2%) done monomial_full/sup123_P012_ph221 elapsed=1h30m37s avg=8.13s/cand eta=1h54m19s remaining=844
[suite graph_states_extended :: ghz4] 670/1513 ( 44.3%) done monomial_full/sup123_P012_ph222 elapsed=1h30m44s avg=8.13s/cand eta=1h54m10s remaining=843
[suite graph_states_extended :: ghz4] 671/1513 ( 44.3%) done monomial_full/sup123_P021_ph000 elapsed=1h30m52s avg=8.13s/cand eta=1h54m02s remaining=842
[suite graph_states_extended :: ghz4] 672/1513 ( 44.4%) done monomial_full/sup123_P021_ph001 elapsed=1h31m01s avg=8.13s/cand eta=1h53m54s remaining=841
[suite graph_states_extended :: ghz4] 673/1513 ( 44.5%) done monomial_full/sup123_P021_ph002 elapsed=1h31m09s avg=8.13s/cand eta=1h53m46s remaining=840
[suite graph_states_extended :: ghz4] 674/1513 ( 44.5%) done monomial_full/sup123_P021_ph010 elapsed=1h31m17s avg=8.13s/cand eta=1h53m38s remaining=839
[suite graph_states_extended :: ghz4] 675/1513 ( 44.6%) done monomial_full/sup123_P021_ph011 elapsed=1h31m26s avg=8.13s/cand eta=1h53m30s remaining=838
[suite graph_states_extended :: ghz4] 676/1513 ( 44.7%) done monomial_full/sup123_P021_ph012 elapsed=1h31m34s avg=8.13s/cand eta=1h53m22s remaining=837
[suite graph_states_extended :: ghz4] 677/1513 ( 44.7%) done monomial_full/sup123_P021_ph020 elapsed=1h31m42s avg=8.13s/cand eta=1h53m15s remaining=836
[suite graph_states_extended :: ghz4] 678/1513 ( 44.8%) done monomial_full/sup123_P021_ph021 elapsed=1h31m51s avg=8.13s/cand eta=1h53m07s remaining=835
[suite graph_states_extended :: ghz4] 679/1513 ( 44.9%) done monomial_full/sup123_P021_ph022 elapsed=1h31m59s avg=8.13s/cand eta=1h52m59s remaining=834
[suite graph_states_extended :: ghz4] 680/1513 ( 44.9%) done monomial_full/sup123_P021_ph100 elapsed=1h32m07s avg=8.13s/cand eta=1h52m51s remaining=833
[suite graph_states_extended :: ghz4] 681/1513 ( 45.0%) done monomial_full/sup123_P021_ph101 elapsed=1h32m16s avg=8.13s/cand eta=1h52m43s remaining=832
[suite graph_states_extended :: ghz4] 682/1513 ( 45.1%) done monomial_full/sup123_P021_ph102 elapsed=1h32m24s avg=8.13s/cand eta=1h52m35s remaining=831
[suite graph_states_extended :: ghz4] 683/1513 ( 45.1%) done monomial_full/sup123_P021_ph110 elapsed=1h32m32s avg=8.13s/cand eta=1h52m27s remaining=830
[suite graph_states_extended :: ghz4] 684/1513 ( 45.2%) done monomial_full/sup123_P021_ph111 elapsed=1h32m41s avg=8.13s/cand eta=1h52m20s remaining=829
[suite graph_states_extended :: ghz4] 685/1513 ( 45.3%) done monomial_full/sup123_P021_ph112 elapsed=1h32m49s avg=8.13s/cand eta=1h52m12s remaining=828
[suite graph_states_extended :: ghz4] 686/1513 ( 45.3%) done monomial_full/sup123_P021_ph120 elapsed=1h32m58s avg=8.13s/cand eta=1h52m04s remaining=827
[suite graph_states_extended :: ghz4] 687/1513 ( 45.4%) done monomial_full/sup123_P021_ph121 elapsed=1h33m06s avg=8.13s/cand eta=1h51m56s remaining=826
[suite graph_states_extended :: ghz4] 688/1513 ( 45.5%) done monomial_full/sup123_P021_ph122 elapsed=1h33m14s avg=8.13s/cand eta=1h51m48s remaining=825
[suite graph_states_extended :: ghz4] 689/1513 ( 45.5%) done monomial_full/sup123_P021_ph200 elapsed=1h33m22s avg=8.13s/cand eta=1h51m40s remaining=824
[suite graph_states_extended :: ghz4] 690/1513 ( 45.6%) done monomial_full/sup123_P021_ph201 elapsed=1h33m31s avg=8.13s/cand eta=1h51m32s remaining=823
[suite graph_states_extended :: ghz4] 691/1513 ( 45.7%) done monomial_full/sup123_P021_ph202 elapsed=1h33m39s avg=8.13s/cand eta=1h51m25s remaining=822
[suite graph_states_extended :: ghz4] 692/1513 ( 45.7%) done monomial_full/sup123_P021_ph210 elapsed=1h33m48s avg=8.13s/cand eta=1h51m17s remaining=821
[suite graph_states_extended :: ghz4] 693/1513 ( 45.8%) done monomial_full/sup123_P021_ph211 elapsed=1h33m56s avg=8.13s/cand eta=1h51m08s remaining=820
[suite graph_states_extended :: ghz4] 694/1513 ( 45.9%) done monomial_full/sup123_P021_ph212 elapsed=1h34m04s avg=8.13s/cand eta=1h51m00s remaining=819
[suite graph_states_extended :: ghz4] 695/1513 ( 45.9%) done monomial_full/sup123_P021_ph220 elapsed=1h34m12s avg=8.13s/cand eta=1h50m52s remaining=818
[suite graph_states_extended :: ghz4] 696/1513 ( 46.0%) done monomial_full/sup123_P021_ph221 elapsed=1h34m21s avg=8.13s/cand eta=1h50m45s remaining=817
[suite graph_states_extended :: ghz4] 697/1513 ( 46.1%) done monomial_full/sup123_P021_ph222 elapsed=1h34m29s avg=8.13s/cand eta=1h50m37s remaining=816
[suite graph_states_extended :: ghz4] 698/1513 ( 46.1%) done monomial_full/sup123_P102_ph000 elapsed=1h34m37s avg=8.13s/cand eta=1h50m29s remaining=815
[suite graph_states_extended :: ghz4] 699/1513 ( 46.2%) done monomial_full/sup123_P102_ph001 elapsed=1h34m46s avg=8.13s/cand eta=1h50m22s remaining=814
[suite graph_states_extended :: ghz4] 700/1513 ( 46.3%) done monomial_full/sup123_P102_ph002 elapsed=1h34m55s avg=8.14s/cand eta=1h50m14s remaining=813
[suite graph_states_extended :: ghz4] 701/1513 ( 46.3%) done monomial_full/sup123_P102_ph010 elapsed=1h35m03s avg=8.14s/cand eta=1h50m06s remaining=812
[suite graph_states_extended :: ghz4] 702/1513 ( 46.4%) done monomial_full/sup123_P102_ph011 elapsed=1h35m12s avg=8.14s/cand eta=1h49m58s remaining=811
[suite graph_states_extended :: ghz4] 703/1513 ( 46.5%) done monomial_full/sup123_P102_ph012 elapsed=1h35m20s avg=8.14s/cand eta=1h49m50s remaining=810
[suite graph_states_extended :: ghz4] 704/1513 ( 46.5%) done monomial_full/sup123_P102_ph020 elapsed=1h35m28s avg=8.14s/cand eta=1h49m43s remaining=809
[suite graph_states_extended :: ghz4] 705/1513 ( 46.6%) done monomial_full/sup123_P102_ph021 elapsed=1h35m37s avg=8.14s/cand eta=1h49m35s remaining=808
[suite graph_states_extended :: ghz4] 706/1513 ( 46.7%) done monomial_full/sup123_P102_ph022 elapsed=1h35m46s avg=8.14s/cand eta=1h49m28s remaining=807
[suite graph_states_extended :: ghz4] 707/1513 ( 46.7%) done monomial_full/sup123_P102_ph100 elapsed=1h35m54s avg=8.14s/cand eta=1h49m20s remaining=806
[suite graph_states_extended :: ghz4] 708/1513 ( 46.8%) done monomial_full/sup123_P102_ph101 elapsed=1h36m03s avg=8.14s/cand eta=1h49m13s remaining=805
[suite graph_states_extended :: ghz4] 709/1513 ( 46.9%) done monomial_full/sup123_P102_ph102 elapsed=1h36m12s avg=8.14s/cand eta=1h49m05s remaining=804
[suite graph_states_extended :: ghz4] 710/1513 ( 46.9%) done monomial_full/sup123_P102_ph110 elapsed=1h36m20s avg=8.14s/cand eta=1h48m58s remaining=803
[suite graph_states_extended :: ghz4] 711/1513 ( 47.0%) done monomial_full/sup123_P102_ph111 elapsed=1h36m29s avg=8.14s/cand eta=1h48m50s remaining=802
[suite graph_states_extended :: ghz4] 712/1513 ( 47.1%) done monomial_full/sup123_P102_ph112 elapsed=1h36m37s avg=8.14s/cand eta=1h48m42s remaining=801
[suite graph_states_extended :: ghz4] 713/1513 ( 47.1%) done monomial_full/sup123_P102_ph120 elapsed=1h36m46s avg=8.14s/cand eta=1h48m34s remaining=800
[suite graph_states_extended :: ghz4] 714/1513 ( 47.2%) done monomial_full/sup123_P102_ph121 elapsed=1h36m54s avg=8.14s/cand eta=1h48m26s remaining=799
[suite graph_states_extended :: ghz4] 715/1513 ( 47.3%) done monomial_full/sup123_P102_ph122 elapsed=1h37m02s avg=8.14s/cand eta=1h48m18s remaining=798
[suite graph_states_extended :: ghz4] 716/1513 ( 47.3%) done monomial_full/sup123_P102_ph200 elapsed=1h37m11s avg=8.14s/cand eta=1h48m11s remaining=797
[suite graph_states_extended :: ghz4] 717/1513 ( 47.4%) done monomial_full/sup123_P102_ph201 elapsed=1h37m20s avg=8.14s/cand eta=1h48m03s remaining=796
[suite graph_states_extended :: ghz4] 718/1513 ( 47.5%) done monomial_full/sup123_P102_ph202 elapsed=1h37m28s avg=8.15s/cand eta=1h47m55s remaining=795
[suite graph_states_extended :: ghz4] 719/1513 ( 47.5%) done monomial_full/sup123_P102_ph210 elapsed=1h37m37s avg=8.15s/cand eta=1h47m48s remaining=794
[suite graph_states_extended :: ghz4] 720/1513 ( 47.6%) done monomial_full/sup123_P102_ph211 elapsed=1h37m45s avg=8.15s/cand eta=1h47m40s remaining=793
[suite graph_states_extended :: ghz4] 721/1513 ( 47.7%) done monomial_full/sup123_P102_ph212 elapsed=1h37m54s avg=8.15s/cand eta=1h47m32s remaining=792
[suite graph_states_extended :: ghz4] 722/1513 ( 47.7%) done monomial_full/sup123_P102_ph220 elapsed=1h38m02s avg=8.15s/cand eta=1h47m25s remaining=791
[suite graph_states_extended :: ghz4] 723/1513 ( 47.8%) done monomial_full/sup123_P102_ph221 elapsed=1h38m11s avg=8.15s/cand eta=1h47m17s remaining=790
[suite graph_states_extended :: ghz4] 724/1513 ( 47.9%) done monomial_full/sup123_P102_ph222 elapsed=1h38m19s avg=8.15s/cand eta=1h47m09s remaining=789
[suite graph_states_extended :: ghz4] 725/1513 ( 47.9%) done monomial_full/sup123_P120_ph000 elapsed=1h38m28s avg=8.15s/cand eta=1h47m02s remaining=788
[suite graph_states_extended :: ghz4] 726/1513 ( 48.0%) done monomial_full/sup123_P120_ph001 elapsed=1h38m37s avg=8.15s/cand eta=1h46m54s remaining=787
[suite graph_states_extended :: ghz4] 727/1513 ( 48.1%) done monomial_full/sup123_P120_ph002 elapsed=1h38m46s avg=8.15s/cand eta=1h46m47s remaining=786
[suite graph_states_extended :: ghz4] 728/1513 ( 48.1%) done monomial_full/sup123_P120_ph010 elapsed=1h38m55s avg=8.15s/cand eta=1h46m39s remaining=785
[suite graph_states_extended :: ghz4] 729/1513 ( 48.2%) done monomial_full/sup123_P120_ph011 elapsed=1h39m04s avg=8.15s/cand eta=1h46m32s remaining=784
[suite graph_states_extended :: ghz4] 730/1513 ( 48.2%) done monomial_full/sup123_P120_ph012 elapsed=1h39m13s avg=8.15s/cand eta=1h46m25s remaining=783
[suite graph_states_extended :: ghz4] 731/1513 ( 48.3%) done monomial_full/sup123_P120_ph020 elapsed=1h39m22s avg=8.16s/cand eta=1h46m18s remaining=782
[suite graph_states_extended :: ghz4] 732/1513 ( 48.4%) done monomial_full/sup123_P120_ph021 elapsed=1h39m31s avg=8.16s/cand eta=1h46m10s remaining=781
[suite graph_states_extended :: ghz4] 733/1513 ( 48.4%) done monomial_full/sup123_P120_ph022 elapsed=1h39m40s avg=8.16s/cand eta=1h46m03s remaining=780
[suite graph_states_extended :: ghz4] 734/1513 ( 48.5%) done monomial_full/sup123_P120_ph100 elapsed=1h39m49s avg=8.16s/cand eta=1h45m56s remaining=779
[suite graph_states_extended :: ghz4] 735/1513 ( 48.6%) done monomial_full/sup123_P120_ph101 elapsed=1h39m58s avg=8.16s/cand eta=1h45m49s remaining=778
[suite graph_states_extended :: ghz4] 736/1513 ( 48.6%) done monomial_full/sup123_P120_ph102 elapsed=1h40m07s avg=8.16s/cand eta=1h45m42s remaining=777
[suite graph_states_extended :: ghz4] 737/1513 ( 48.7%) done monomial_full/sup123_P120_ph110 elapsed=1h40m16s avg=8.16s/cand eta=1h45m35s remaining=776
[suite graph_states_extended :: ghz4] 738/1513 ( 48.8%) done monomial_full/sup123_P120_ph111 elapsed=1h40m25s avg=8.16s/cand eta=1h45m28s remaining=775
[suite graph_states_extended :: ghz4] 739/1513 ( 48.8%) done monomial_full/sup123_P120_ph112 elapsed=1h40m34s avg=8.17s/cand eta=1h45m20s remaining=774
[suite graph_states_extended :: ghz4] 740/1513 ( 48.9%) done monomial_full/sup123_P120_ph120 elapsed=1h40m43s avg=8.17s/cand eta=1h45m13s remaining=773
[suite graph_states_extended :: ghz4] 741/1513 ( 49.0%) done monomial_full/sup123_P120_ph121 elapsed=1h40m52s avg=8.17s/cand eta=1h45m05s remaining=772
[suite graph_states_extended :: ghz4] 742/1513 ( 49.0%) done monomial_full/sup123_P120_ph122 elapsed=1h41m00s avg=8.17s/cand eta=1h44m57s remaining=771
[suite graph_states_extended :: ghz4] 743/1513 ( 49.1%) done monomial_full/sup123_P120_ph200 elapsed=1h41m09s avg=8.17s/cand eta=1h44m50s remaining=770
[suite graph_states_extended :: ghz4] 744/1513 ( 49.2%) done monomial_full/sup123_P120_ph201 elapsed=1h41m18s avg=8.17s/cand eta=1h44m43s remaining=769
[suite graph_states_extended :: ghz4] 745/1513 ( 49.2%) done monomial_full/sup123_P120_ph202 elapsed=1h41m28s avg=8.17s/cand eta=1h44m35s remaining=768
[suite graph_states_extended :: ghz4] 746/1513 ( 49.3%) done monomial_full/sup123_P120_ph210 elapsed=1h41m36s avg=8.17s/cand eta=1h44m28s remaining=767
[suite graph_states_extended :: ghz4] 747/1513 ( 49.4%) done monomial_full/sup123_P120_ph211 elapsed=1h41m45s avg=8.17s/cand eta=1h44m20s remaining=766
[suite graph_states_extended :: ghz4] 748/1513 ( 49.4%) done monomial_full/sup123_P120_ph212 elapsed=1h41m54s avg=8.17s/cand eta=1h44m13s remaining=765
[suite graph_states_extended :: ghz4] 749/1513 ( 49.5%) done monomial_full/sup123_P120_ph220 elapsed=1h42m03s avg=8.17s/cand eta=1h44m05s remaining=764
[suite graph_states_extended :: ghz4] 750/1513 ( 49.6%) done monomial_full/sup123_P120_ph221 elapsed=1h42m12s avg=8.18s/cand eta=1h43m58s remaining=763
[suite graph_states_extended :: ghz4] 751/1513 ( 49.6%) done monomial_full/sup123_P120_ph222 elapsed=1h42m21s avg=8.18s/cand eta=1h43m51s remaining=762
[suite graph_states_extended :: ghz4] 752/1513 ( 49.7%) done monomial_full/sup123_P201_ph000 elapsed=1h42m28s avg=8.18s/cand eta=1h43m42s remaining=761
[suite graph_states_extended :: ghz4] 753/1513 ( 49.8%) done monomial_full/sup123_P201_ph001 elapsed=1h42m36s avg=8.17s/cand eta=1h43m33s remaining=760
[suite graph_states_extended :: ghz4] 754/1513 ( 49.8%) done monomial_full/sup123_P201_ph002 elapsed=1h42m43s avg=8.17s/cand eta=1h43m24s remaining=759
[suite graph_states_extended :: ghz4] 755/1513 ( 49.9%) done monomial_full/sup123_P201_ph010 elapsed=1h42m50s avg=8.17s/cand eta=1h43m14s remaining=758
[suite graph_states_extended :: ghz4] 756/1513 ( 50.0%) done monomial_full/sup123_P201_ph011 elapsed=1h42m57s avg=8.17s/cand eta=1h43m05s remaining=757
[suite graph_states_extended :: ghz4] 757/1513 ( 50.0%) done monomial_full/sup123_P201_ph012 elapsed=1h43m05s avg=8.17s/cand eta=1h42m56s remaining=756
[suite graph_states_extended :: ghz4] 758/1513 ( 50.1%) done monomial_full/sup123_P201_ph020 elapsed=1h43m12s avg=8.17s/cand eta=1h42m47s remaining=755
[suite graph_states_extended :: ghz4] 759/1513 ( 50.2%) done monomial_full/sup123_P201_ph021 elapsed=1h43m19s avg=8.17s/cand eta=1h42m39s remaining=754
[suite graph_states_extended :: ghz4] 760/1513 ( 50.2%) done monomial_full/sup123_P201_ph022 elapsed=1h43m27s avg=8.17s/cand eta=1h42m30s remaining=753
[suite graph_states_extended :: ghz4] 761/1513 ( 50.3%) done monomial_full/sup123_P201_ph100 elapsed=1h43m34s avg=8.17s/cand eta=1h42m21s remaining=752
[suite graph_states_extended :: ghz4] 762/1513 ( 50.4%) done monomial_full/sup123_P201_ph101 elapsed=1h43m42s avg=8.16s/cand eta=1h42m12s remaining=751
[suite graph_states_extended :: ghz4] 763/1513 ( 50.4%) done monomial_full/sup123_P201_ph102 elapsed=1h43m49s avg=8.16s/cand eta=1h42m03s remaining=750
[suite graph_states_extended :: ghz4] 764/1513 ( 50.5%) done monomial_full/sup123_P201_ph110 elapsed=1h43m56s avg=8.16s/cand eta=1h41m54s remaining=749
[suite graph_states_extended :: ghz4] 765/1513 ( 50.6%) done monomial_full/sup123_P201_ph111 elapsed=1h44m04s avg=8.16s/cand eta=1h41m45s remaining=748
[suite graph_states_extended :: ghz4] 766/1513 ( 50.6%) done monomial_full/sup123_P201_ph112 elapsed=1h44m11s avg=8.16s/cand eta=1h41m36s remaining=747
[suite graph_states_extended :: ghz4] 767/1513 ( 50.7%) done monomial_full/sup123_P201_ph120 elapsed=1h44m18s avg=8.16s/cand eta=1h41m27s remaining=746
[suite graph_states_extended :: ghz4] 768/1513 ( 50.8%) done monomial_full/sup123_P201_ph121 elapsed=1h44m26s avg=8.16s/cand eta=1h41m18s remaining=745
[suite graph_states_extended :: ghz4] 769/1513 ( 50.8%) done monomial_full/sup123_P201_ph122 elapsed=1h44m33s avg=8.16s/cand eta=1h41m09s remaining=744
[suite graph_states_extended :: ghz4] 770/1513 ( 50.9%) done monomial_full/sup123_P201_ph200 elapsed=1h44m40s avg=8.16s/cand eta=1h41m00s remaining=743
[suite graph_states_extended :: ghz4] 771/1513 ( 51.0%) done monomial_full/sup123_P201_ph201 elapsed=1h44m48s avg=8.16s/cand eta=1h40m51s remaining=742
[suite graph_states_extended :: ghz4] 772/1513 ( 51.0%) done monomial_full/sup123_P201_ph202 elapsed=1h44m55s avg=8.15s/cand eta=1h40m42s remaining=741
[suite graph_states_extended :: ghz4] 773/1513 ( 51.1%) done monomial_full/sup123_P201_ph210 elapsed=1h45m02s avg=8.15s/cand eta=1h40m33s remaining=740
[suite graph_states_extended :: ghz4] 774/1513 ( 51.2%) done monomial_full/sup123_P201_ph211 elapsed=1h45m10s avg=8.15s/cand eta=1h40m24s remaining=739
[suite graph_states_extended :: ghz4] 775/1513 ( 51.2%) done monomial_full/sup123_P201_ph212 elapsed=1h45m17s avg=8.15s/cand eta=1h40m16s remaining=738
[suite graph_states_extended :: ghz4] 776/1513 ( 51.3%) done monomial_full/sup123_P201_ph220 elapsed=1h45m24s avg=8.15s/cand eta=1h40m06s remaining=737
[suite graph_states_extended :: ghz4] 777/1513 ( 51.4%) done monomial_full/sup123_P201_ph221 elapsed=1h45m31s avg=8.15s/cand eta=1h39m57s remaining=736
[suite graph_states_extended :: ghz4] 778/1513 ( 51.4%) done monomial_full/sup123_P201_ph222 elapsed=1h45m39s avg=8.15s/cand eta=1h39m48s remaining=735
[suite graph_states_extended :: ghz4] 779/1513 ( 51.5%) done monomial_full/sup123_P210_ph000 elapsed=1h45m46s avg=8.15s/cand eta=1h39m39s remaining=734
[suite graph_states_extended :: ghz4] 780/1513 ( 51.6%) done monomial_full/sup123_P210_ph001 elapsed=1h45m53s avg=8.14s/cand eta=1h39m30s remaining=733
[suite graph_states_extended :: ghz4] 781/1513 ( 51.6%) done monomial_full/sup123_P210_ph002 elapsed=1h46m00s avg=8.14s/cand eta=1h39m21s remaining=732
[suite graph_states_extended :: ghz4] 782/1513 ( 51.7%) done monomial_full/sup123_P210_ph010 elapsed=1h46m07s avg=8.14s/cand eta=1h39m12s remaining=731
[suite graph_states_extended :: ghz4] 783/1513 ( 51.8%) done monomial_full/sup123_P210_ph011 elapsed=1h46m14s avg=8.14s/cand eta=1h39m03s remaining=730
[suite graph_states_extended :: ghz4] 784/1513 ( 51.8%) done monomial_full/sup123_P210_ph012 elapsed=1h46m21s avg=8.14s/cand eta=1h38m54s remaining=729
[suite graph_states_extended :: ghz4] 785/1513 ( 51.9%) done monomial_full/sup123_P210_ph020 elapsed=1h46m29s avg=8.14s/cand eta=1h38m45s remaining=728
[suite graph_states_extended :: ghz4] 786/1513 ( 51.9%) done monomial_full/sup123_P210_ph021 elapsed=1h46m36s avg=8.14s/cand eta=1h38m36s remaining=727
[suite graph_states_extended :: ghz4] 787/1513 ( 52.0%) done monomial_full/sup123_P210_ph022 elapsed=1h46m43s avg=8.14s/cand eta=1h38m27s remaining=726
[suite graph_states_extended :: ghz4] 788/1513 ( 52.1%) done monomial_full/sup123_P210_ph100 elapsed=1h46m50s avg=8.13s/cand eta=1h38m18s remaining=725
[suite graph_states_extended :: ghz4] 789/1513 ( 52.1%) done monomial_full/sup123_P210_ph101 elapsed=1h46m57s avg=8.13s/cand eta=1h38m09s remaining=724
[suite graph_states_extended :: ghz4] 790/1513 ( 52.2%) done monomial_full/sup123_P210_ph102 elapsed=1h47m05s avg=8.13s/cand eta=1h38m00s remaining=723
[suite graph_states_extended :: ghz4] 791/1513 ( 52.3%) done monomial_full/sup123_P210_ph110 elapsed=1h47m12s avg=8.13s/cand eta=1h37m51s remaining=722
[suite graph_states_extended :: ghz4] 792/1513 ( 52.3%) done monomial_full/sup123_P210_ph111 elapsed=1h47m19s avg=8.13s/cand eta=1h37m42s remaining=721
[suite graph_states_extended :: ghz4] 793/1513 ( 52.4%) done monomial_full/sup123_P210_ph112 elapsed=1h47m26s avg=8.13s/cand eta=1h37m33s remaining=720
[suite graph_states_extended :: ghz4] 794/1513 ( 52.5%) done monomial_full/sup123_P210_ph120 elapsed=1h47m34s avg=8.13s/cand eta=1h37m24s remaining=719
[suite graph_states_extended :: ghz4] 795/1513 ( 52.5%) done monomial_full/sup123_P210_ph121 elapsed=1h47m41s avg=8.13s/cand eta=1h37m15s remaining=718
[suite graph_states_extended :: ghz4] 796/1513 ( 52.6%) done monomial_full/sup123_P210_ph122 elapsed=1h47m48s avg=8.13s/cand eta=1h37m06s remaining=717
[suite graph_states_extended :: ghz4] 797/1513 ( 52.7%) done monomial_full/sup123_P210_ph200 elapsed=1h47m55s avg=8.12s/cand eta=1h36m57s remaining=716
[suite graph_states_extended :: ghz4] 798/1513 ( 52.7%) done monomial_full/sup123_P210_ph201 elapsed=1h48m02s avg=8.12s/cand eta=1h36m48s remaining=715
[suite graph_states_extended :: ghz4] 799/1513 ( 52.8%) done monomial_full/sup123_P210_ph202 elapsed=1h48m09s avg=8.12s/cand eta=1h36m39s remaining=714
[suite graph_states_extended :: ghz4] 800/1513 ( 52.9%) done monomial_full/sup123_P210_ph210 elapsed=1h48m17s avg=8.12s/cand eta=1h36m30s remaining=713
[suite graph_states_extended :: ghz4] 801/1513 ( 52.9%) done monomial_full/sup123_P210_ph211 elapsed=1h48m24s avg=8.12s/cand eta=1h36m21s remaining=712
[suite graph_states_extended :: ghz4] 802/1513 ( 53.0%) done monomial_full/sup123_P210_ph212 elapsed=1h48m31s avg=8.12s/cand eta=1h36m12s remaining=711
[suite graph_states_extended :: ghz4] 803/1513 ( 53.1%) done monomial_full/sup123_P210_ph220 elapsed=1h48m38s avg=8.12s/cand eta=1h36m03s remaining=710
[suite graph_states_extended :: ghz4] 804/1513 ( 53.1%) done monomial_full/sup123_P210_ph221 elapsed=1h48m46s avg=8.12s/cand eta=1h35m54s remaining=709
[suite graph_states_extended :: ghz4] 805/1513 ( 53.2%) done monomial_full/sup123_P210_ph222 elapsed=1h48m53s avg=8.11s/cand eta=1h35m45s remaining=708
[suite graph_states_extended :: ghz4] 806/1513 ( 53.3%) done fourier_like/D000_F3_D000 elapsed=1h49m01s avg=8.12s/cand eta=1h35m38s remaining=707
[suite graph_states_extended :: ghz4] 807/1513 ( 53.3%) done fourier_like/D000_F3_D001 elapsed=1h49m10s avg=8.12s/cand eta=1h35m30s remaining=706
[suite graph_states_extended :: ghz4] 808/1513 ( 53.4%) done fourier_like/D000_F3_D010 elapsed=1h49m19s avg=8.12s/cand eta=1h35m22s remaining=705
[suite graph_states_extended :: ghz4] 809/1513 ( 53.5%) done fourier_like/D000_F3_D011 elapsed=1h49m27s avg=8.12s/cand eta=1h35m15s remaining=704
[suite graph_states_extended :: ghz4] 810/1513 ( 53.5%) done fourier_like/D000_F3_D100 elapsed=1h49m36s avg=8.12s/cand eta=1h35m07s remaining=703
[suite graph_states_extended :: ghz4] 811/1513 ( 53.6%) done fourier_like/D000_F3_D101 elapsed=1h49m44s avg=8.12s/cand eta=1h34m59s remaining=702
[suite graph_states_extended :: ghz4] 812/1513 ( 53.7%) done fourier_like/D000_F3_D110 elapsed=1h49m53s avg=8.12s/cand eta=1h34m52s remaining=701
[suite graph_states_extended :: ghz4] 813/1513 ( 53.7%) done fourier_like/D000_F3_D111 elapsed=1h50m02s avg=8.12s/cand eta=1h34m44s remaining=700
[suite graph_states_extended :: ghz4] 814/1513 ( 53.8%) done fourier_like/D001_F3_D000 elapsed=1h50m10s avg=8.12s/cand eta=1h34m37s remaining=699
[suite graph_states_extended :: ghz4] 815/1513 ( 53.9%) done fourier_like/D001_F3_D001 elapsed=1h50m19s avg=8.12s/cand eta=1h34m29s remaining=698
[suite graph_states_extended :: ghz4] 816/1513 ( 53.9%) done fourier_like/D001_F3_D010 elapsed=1h50m28s avg=8.12s/cand eta=1h34m21s remaining=697
[suite graph_states_extended :: ghz4] 817/1513 ( 54.0%) done fourier_like/D001_F3_D011 elapsed=1h50m36s avg=8.12s/cand eta=1h34m13s remaining=696
[suite graph_states_extended :: ghz4] 818/1513 ( 54.1%) done fourier_like/D001_F3_D100 elapsed=1h50m45s avg=8.12s/cand eta=1h34m06s remaining=695
[suite graph_states_extended :: ghz4] 819/1513 ( 54.1%) done fourier_like/D001_F3_D101 elapsed=1h50m54s avg=8.12s/cand eta=1h33m58s remaining=694
[suite graph_states_extended :: ghz4] 820/1513 ( 54.2%) done fourier_like/D001_F3_D110 elapsed=1h51m02s avg=8.12s/cand eta=1h33m50s remaining=693
[suite graph_states_extended :: ghz4] 821/1513 ( 54.3%) done fourier_like/D001_F3_D111 elapsed=1h51m11s avg=8.13s/cand eta=1h33m43s remaining=692
[suite graph_states_extended :: ghz4] 822/1513 ( 54.3%) done fourier_like/D010_F3_D000 elapsed=1h51m20s avg=8.13s/cand eta=1h33m35s remaining=691
[suite graph_states_extended :: ghz4] 823/1513 ( 54.4%) done fourier_like/D010_F3_D001 elapsed=1h51m28s avg=8.13s/cand eta=1h33m27s remaining=690
[suite graph_states_extended :: ghz4] 824/1513 ( 54.5%) done fourier_like/D010_F3_D010 elapsed=1h51m37s avg=8.13s/cand eta=1h33m20s remaining=689
[suite graph_states_extended :: ghz4] 825/1513 ( 54.5%) done fourier_like/D010_F3_D011 elapsed=1h51m45s avg=8.13s/cand eta=1h33m12s remaining=688
[suite graph_states_extended :: ghz4] 826/1513 ( 54.6%) done fourier_like/D010_F3_D100 elapsed=1h51m54s avg=8.13s/cand eta=1h33m04s remaining=687
[suite graph_states_extended :: ghz4] 827/1513 ( 54.7%) done fourier_like/D010_F3_D101 elapsed=1h52m03s avg=8.13s/cand eta=1h32m57s remaining=686
[suite graph_states_extended :: ghz4] 828/1513 ( 54.7%) done fourier_like/D010_F3_D110 elapsed=1h52m11s avg=8.13s/cand eta=1h32m49s remaining=685
[suite graph_states_extended :: ghz4] 829/1513 ( 54.8%) done fourier_like/D010_F3_D111 elapsed=1h52m20s avg=8.13s/cand eta=1h32m41s remaining=684
[suite graph_states_extended :: ghz4] 830/1513 ( 54.9%) done fourier_like/D011_F3_D000 elapsed=1h52m29s avg=8.13s/cand eta=1h32m34s remaining=683
[suite graph_states_extended :: ghz4] 831/1513 ( 54.9%) done fourier_like/D011_F3_D001 elapsed=1h52m37s avg=8.13s/cand eta=1h32m26s remaining=682
[suite graph_states_extended :: ghz4] 832/1513 ( 55.0%) done fourier_like/D011_F3_D010 elapsed=1h52m46s avg=8.13s/cand eta=1h32m18s remaining=681
[suite graph_states_extended :: ghz4] 833/1513 ( 55.1%) done fourier_like/D011_F3_D011 elapsed=1h52m55s avg=8.13s/cand eta=1h32m11s remaining=680
[suite graph_states_extended :: ghz4] 834/1513 ( 55.1%) done fourier_like/D011_F3_D100 elapsed=1h53m03s avg=8.13s/cand eta=1h32m03s remaining=679
[suite graph_states_extended :: ghz4] 835/1513 ( 55.2%) done fourier_like/D011_F3_D101 elapsed=1h53m12s avg=8.13s/cand eta=1h31m55s remaining=678
[suite graph_states_extended :: ghz4] 836/1513 ( 55.3%) done fourier_like/D011_F3_D110 elapsed=1h53m21s avg=8.13s/cand eta=1h31m47s remaining=677
[suite graph_states_extended :: ghz4] 837/1513 ( 55.3%) done fourier_like/D011_F3_D111 elapsed=1h53m29s avg=8.14s/cand eta=1h31m39s remaining=676
[suite graph_states_extended :: ghz4] 838/1513 ( 55.4%) done fourier_like/D100_F3_D000 elapsed=1h53m38s avg=8.14s/cand eta=1h31m32s remaining=675
[suite graph_states_extended :: ghz4] 839/1513 ( 55.5%) done fourier_like/D100_F3_D001 elapsed=1h53m46s avg=8.14s/cand eta=1h31m24s remaining=674
[suite graph_states_extended :: ghz4] 840/1513 ( 55.5%) done fourier_like/D100_F3_D010 elapsed=1h53m55s avg=8.14s/cand eta=1h31m16s remaining=673
[suite graph_states_extended :: ghz4] 841/1513 ( 55.6%) done fourier_like/D100_F3_D011 elapsed=1h54m03s avg=8.14s/cand eta=1h31m08s remaining=672
[suite graph_states_extended :: ghz4] 842/1513 ( 55.7%) done fourier_like/D100_F3_D100 elapsed=1h54m12s avg=8.14s/cand eta=1h31m00s remaining=671
[suite graph_states_extended :: ghz4] 843/1513 ( 55.7%) done fourier_like/D100_F3_D101 elapsed=1h54m20s avg=8.14s/cand eta=1h30m52s remaining=670
[suite graph_states_extended :: ghz4] 844/1513 ( 55.8%) done fourier_like/D100_F3_D110 elapsed=1h54m29s avg=8.14s/cand eta=1h30m45s remaining=669
[suite graph_states_extended :: ghz4] 845/1513 ( 55.8%) done fourier_like/D100_F3_D111 elapsed=1h54m37s avg=8.14s/cand eta=1h30m37s remaining=668
[suite graph_states_extended :: ghz4] 846/1513 ( 55.9%) done fourier_like/D101_F3_D000 elapsed=1h54m46s avg=8.14s/cand eta=1h30m29s remaining=667
[suite graph_states_extended :: ghz4] 847/1513 ( 56.0%) done fourier_like/D101_F3_D001 elapsed=1h54m55s avg=8.14s/cand eta=1h30m21s remaining=666
[suite graph_states_extended :: ghz4] 848/1513 ( 56.0%) done fourier_like/D101_F3_D010 elapsed=1h55m03s avg=8.14s/cand eta=1h30m14s remaining=665
[suite graph_states_extended :: ghz4] 849/1513 ( 56.1%) done fourier_like/D101_F3_D011 elapsed=1h55m12s avg=8.14s/cand eta=1h30m06s remaining=664
[suite graph_states_extended :: ghz4] 850/1513 ( 56.2%) done fourier_like/D101_F3_D100 elapsed=1h55m21s avg=8.14s/cand eta=1h29m58s remaining=663
[suite graph_states_extended :: ghz4] 851/1513 ( 56.2%) done fourier_like/D101_F3_D101 elapsed=1h55m29s avg=8.14s/cand eta=1h29m50s remaining=662
[suite graph_states_extended :: ghz4] 852/1513 ( 56.3%) done fourier_like/D101_F3_D110 elapsed=1h55m38s avg=8.14s/cand eta=1h29m43s remaining=661
[suite graph_states_extended :: ghz4] 853/1513 ( 56.4%) done fourier_like/D101_F3_D111 elapsed=1h55m47s avg=8.14s/cand eta=1h29m35s remaining=660
[suite graph_states_extended :: ghz4] 854/1513 ( 56.4%) done fourier_like/D110_F3_D000 elapsed=1h55m55s avg=8.14s/cand eta=1h29m27s remaining=659
[suite graph_states_extended :: ghz4] 855/1513 ( 56.5%) done fourier_like/D110_F3_D001 elapsed=1h56m04s avg=8.14s/cand eta=1h29m19s remaining=658
[suite graph_states_extended :: ghz4] 856/1513 ( 56.6%) done fourier_like/D110_F3_D010 elapsed=1h56m12s avg=8.15s/cand eta=1h29m12s remaining=657
[suite graph_states_extended :: ghz4] 857/1513 ( 56.6%) done fourier_like/D110_F3_D011 elapsed=1h56m21s avg=8.15s/cand eta=1h29m04s remaining=656
[suite graph_states_extended :: ghz4] 858/1513 ( 56.7%) done fourier_like/D110_F3_D100 elapsed=1h56m30s avg=8.15s/cand eta=1h28m56s remaining=655
[suite graph_states_extended :: ghz4] 859/1513 ( 56.8%) done fourier_like/D110_F3_D101 elapsed=1h56m38s avg=8.15s/cand eta=1h28m48s remaining=654
[suite graph_states_extended :: ghz4] 860/1513 ( 56.8%) done fourier_like/D110_F3_D110 elapsed=1h56m47s avg=8.15s/cand eta=1h28m40s remaining=653
[suite graph_states_extended :: ghz4] 861/1513 ( 56.9%) done fourier_like/D110_F3_D111 elapsed=1h56m56s avg=8.15s/cand eta=1h28m33s remaining=652
[suite graph_states_extended :: ghz4] 862/1513 ( 57.0%) done fourier_like/D111_F3_D000 elapsed=1h57m04s avg=8.15s/cand eta=1h28m25s remaining=651
[suite graph_states_extended :: ghz4] 863/1513 ( 57.0%) done fourier_like/D111_F3_D001 elapsed=1h57m13s avg=8.15s/cand eta=1h28m17s remaining=650
[suite graph_states_extended :: ghz4] 864/1513 ( 57.1%) done fourier_like/D111_F3_D010 elapsed=1h57m22s avg=8.15s/cand eta=1h28m09s remaining=649
[suite graph_states_extended :: ghz4] 865/1513 ( 57.2%) done fourier_like/D111_F3_D011 elapsed=1h57m30s avg=8.15s/cand eta=1h28m01s remaining=648
[suite graph_states_extended :: ghz4] 866/1513 ( 57.2%) done fourier_like/D111_F3_D100 elapsed=1h57m39s avg=8.15s/cand eta=1h27m54s remaining=647
[suite graph_states_extended :: ghz4] 867/1513 ( 57.3%) done fourier_like/D111_F3_D101 elapsed=1h57m47s avg=8.15s/cand eta=1h27m46s remaining=646
[suite graph_states_extended :: ghz4] 868/1513 ( 57.4%) done fourier_like/D111_F3_D110 elapsed=1h57m56s avg=8.15s/cand eta=1h27m38s remaining=645
[suite graph_states_extended :: ghz4] 869/1513 ( 57.4%) done fourier_like/D111_F3_D111 elapsed=1h58m05s avg=8.15s/cand eta=1h27m30s remaining=644
[suite graph_states_extended :: ghz4] 870/1513 ( 57.5%) done householder_random/rand_000 elapsed=1h58m13s avg=8.15s/cand eta=1h27m22s remaining=643
[suite graph_states_extended :: ghz4] 871/1513 ( 57.6%) done householder_random/rand_001 elapsed=1h58m21s avg=8.15s/cand eta=1h27m14s remaining=642
[suite graph_states_extended :: ghz4] 872/1513 ( 57.6%) done householder_random/rand_002 elapsed=1h58m29s avg=8.15s/cand eta=1h27m06s remaining=641
[suite graph_states_extended :: ghz4] 873/1513 ( 57.7%) done householder_random/rand_003 elapsed=1h58m37s avg=8.15s/cand eta=1h26m58s remaining=640
[suite graph_states_extended :: ghz4] 874/1513 ( 57.8%) done householder_random/rand_004 elapsed=1h58m46s avg=8.15s/cand eta=1h26m50s remaining=639
[suite graph_states_extended :: ghz4] 875/1513 ( 57.8%) done householder_random/rand_005 elapsed=1h58m54s avg=8.15s/cand eta=1h26m42s remaining=638
[suite graph_states_extended :: ghz4] 876/1513 ( 57.9%) done householder_random/rand_006 elapsed=1h59m03s avg=8.15s/cand eta=1h26m34s remaining=637
[suite graph_states_extended :: ghz4] 877/1513 ( 58.0%) done householder_random/rand_007 elapsed=1h59m11s avg=8.15s/cand eta=1h26m26s remaining=636
[suite graph_states_extended :: ghz4] 878/1513 ( 58.0%) done householder_random/rand_008 elapsed=1h59m19s avg=8.15s/cand eta=1h26m17s remaining=635
[suite graph_states_extended :: ghz4] 879/1513 ( 58.1%) done householder_random/rand_009 elapsed=1h59m26s avg=8.15s/cand eta=1h26m09s remaining=634
[suite graph_states_extended :: ghz4] 880/1513 ( 58.2%) done householder_random/rand_010 elapsed=1h59m35s avg=8.15s/cand eta=1h26m01s remaining=633
[suite graph_states_extended :: ghz4] 881/1513 ( 58.2%) done householder_random/rand_011 elapsed=1h59m44s avg=8.15s/cand eta=1h25m53s remaining=632
[suite graph_states_extended :: ghz4] 882/1513 ( 58.3%) done householder_random/rand_012 elapsed=1h59m52s avg=8.15s/cand eta=1h25m45s remaining=631
[suite graph_states_extended :: ghz4] 883/1513 ( 58.4%) done householder_random/rand_013 elapsed=2h00m01s avg=8.15s/cand eta=1h25m38s remaining=630
[suite graph_states_extended :: ghz4] 884/1513 ( 58.4%) done householder_random/rand_014 elapsed=2h00m10s avg=8.16s/cand eta=1h25m30s remaining=629
[suite graph_states_extended :: ghz4] 885/1513 ( 58.5%) done householder_random/rand_015 elapsed=2h00m18s avg=8.16s/cand eta=1h25m22s remaining=628
[suite graph_states_extended :: ghz4] 886/1513 ( 58.6%) done householder_random/rand_016 elapsed=2h00m26s avg=8.16s/cand eta=1h25m13s remaining=627
[suite graph_states_extended :: ghz4] 887/1513 ( 58.6%) done householder_random/rand_017 elapsed=2h00m34s avg=8.16s/cand eta=1h25m05s remaining=626
[suite graph_states_extended :: ghz4] 888/1513 ( 58.7%) done householder_random/rand_018 elapsed=2h00m43s avg=8.16s/cand eta=1h24m58s remaining=625
[suite graph_states_extended :: ghz4] 889/1513 ( 58.8%) done householder_random/rand_019 elapsed=2h00m51s avg=8.16s/cand eta=1h24m50s remaining=624
[suite graph_states_extended :: ghz4] 890/1513 ( 58.8%) done clifford_wh/X0Z0F1 elapsed=2h01m00s avg=8.16s/cand eta=1h24m42s remaining=623
[suite graph_states_extended :: ghz4] 891/1513 ( 58.9%) done clifford_wh/X0Z0F2 elapsed=2h01m09s avg=8.16s/cand eta=1h24m34s remaining=622
[suite graph_states_extended :: ghz4] 892/1513 ( 59.0%) done clifford_wh/X0Z1F0 elapsed=2h01m15s avg=8.16s/cand eta=1h24m25s remaining=621
[suite graph_states_extended :: ghz4] 893/1513 ( 59.0%) done clifford_wh/X0Z1F1 elapsed=2h01m24s avg=8.16s/cand eta=1h24m17s remaining=620
[suite graph_states_extended :: ghz4] 894/1513 ( 59.1%) done clifford_wh/X0Z1F2 elapsed=2h01m33s avg=8.16s/cand eta=1h24m09s remaining=619
[suite graph_states_extended :: ghz4] 895/1513 ( 59.2%) done clifford_wh/X0Z2F0 elapsed=2h01m39s avg=8.16s/cand eta=1h24m00s remaining=618
[suite graph_states_extended :: ghz4] 896/1513 ( 59.2%) done clifford_wh/X0Z2F1 elapsed=2h01m48s avg=8.16s/cand eta=1h23m52s remaining=617
[suite graph_states_extended :: ghz4] 897/1513 ( 59.3%) done clifford_wh/X0Z2F2 elapsed=2h01m57s avg=8.16s/cand eta=1h23m45s remaining=616
[suite graph_states_extended :: ghz4] 898/1513 ( 59.4%) done clifford_wh/X1Z0F0 elapsed=2h02m05s avg=8.16s/cand eta=1h23m37s remaining=615
[suite graph_states_extended :: ghz4] 899/1513 ( 59.4%) done clifford_wh/X1Z0F1 elapsed=2h02m14s avg=8.16s/cand eta=1h23m29s remaining=614
[suite graph_states_extended :: ghz4] 900/1513 ( 59.5%) done clifford_wh/X1Z0F2 elapsed=2h02m21s avg=8.16s/cand eta=1h23m20s remaining=613
[suite graph_states_extended :: ghz4] 901/1513 ( 59.6%) done clifford_wh/X1Z1F0 elapsed=2h02m29s avg=8.16s/cand eta=1h23m12s remaining=612
[suite graph_states_extended :: ghz4] 902/1513 ( 59.6%) done clifford_wh/X1Z1F1 elapsed=2h02m38s avg=8.16s/cand eta=1h23m04s remaining=611
[suite graph_states_extended :: ghz4] 903/1513 ( 59.7%) done clifford_wh/X1Z1F2 elapsed=2h02m46s avg=8.16s/cand eta=1h22m56s remaining=610
[suite graph_states_extended :: ghz4] 904/1513 ( 59.7%) done clifford_wh/X1Z2F0 elapsed=2h02m54s avg=8.16s/cand eta=1h22m48s remaining=609
[suite graph_states_extended :: ghz4] 905/1513 ( 59.8%) done clifford_wh/X1Z2F1 elapsed=2h03m03s avg=8.16s/cand eta=1h22m40s remaining=608
[suite graph_states_extended :: ghz4] 906/1513 ( 59.9%) done clifford_wh/X1Z2F2 elapsed=2h03m10s avg=8.16s/cand eta=1h22m31s remaining=607
[suite graph_states_extended :: ghz4] 907/1513 ( 59.9%) done clifford_wh/X2Z0F0 elapsed=2h03m19s avg=8.16s/cand eta=1h22m24s remaining=606
[suite graph_states_extended :: ghz4] 908/1513 ( 60.0%) done clifford_wh/X2Z0F1 elapsed=2h03m28s avg=8.16s/cand eta=1h22m16s remaining=605
[suite graph_states_extended :: ghz4] 909/1513 ( 60.1%) done clifford_wh/X2Z0F2 elapsed=2h03m35s avg=8.16s/cand eta=1h22m07s remaining=604
[suite graph_states_extended :: ghz4] 910/1513 ( 60.1%) done clifford_wh/X2Z1F0 elapsed=2h03m44s avg=8.16s/cand eta=1h21m59s remaining=603
[suite graph_states_extended :: ghz4] 911/1513 ( 60.2%) done clifford_wh/X2Z1F1 elapsed=2h03m52s avg=8.16s/cand eta=1h21m51s remaining=602
[suite graph_states_extended :: ghz4] 912/1513 ( 60.3%) done clifford_wh/X2Z1F2 elapsed=2h04m00s avg=8.16s/cand eta=1h21m43s remaining=601
[suite graph_states_extended :: ghz4] 913/1513 ( 60.3%) done clifford_wh/X2Z2F0 elapsed=2h04m07s avg=8.16s/cand eta=1h21m34s remaining=600
[suite graph_states_extended :: ghz4] 914/1513 ( 60.4%) done clifford_wh/X2Z2F1 elapsed=2h04m16s avg=8.16s/cand eta=1h21m26s remaining=599
[suite graph_states_extended :: ghz4] 915/1513 ( 60.5%) done clifford_wh/X2Z2F2 elapsed=2h04m23s avg=8.16s/cand eta=1h21m18s remaining=598
[suite graph_states_extended :: ghz4] 916/1513 ( 60.5%) done haar_random_isometry/haar_000 elapsed=2h04m32s avg=8.16s/cand eta=1h21m10s remaining=597
[suite graph_states_extended :: ghz4] 917/1513 ( 60.6%) done haar_random_isometry/haar_001 elapsed=2h04m40s avg=8.16s/cand eta=1h21m02s remaining=596
[suite graph_states_extended :: ghz4] 918/1513 ( 60.7%) done haar_random_isometry/haar_002 elapsed=2h04m48s avg=8.16s/cand eta=1h20m53s remaining=595
[suite graph_states_extended :: ghz4] 919/1513 ( 60.7%) done haar_random_isometry/haar_003 elapsed=2h04m57s avg=8.16s/cand eta=1h20m45s remaining=594
[suite graph_states_extended :: ghz4] 920/1513 ( 60.8%) done haar_random_isometry/haar_004 elapsed=2h05m05s avg=8.16s/cand eta=1h20m37s remaining=593
[suite graph_states_extended :: ghz4] 921/1513 ( 60.9%) done haar_random_isometry/haar_005 elapsed=2h05m13s avg=8.16s/cand eta=1h20m29s remaining=592
[suite graph_states_extended :: ghz4] 922/1513 ( 60.9%) done haar_random_isometry/haar_006 elapsed=2h05m22s avg=8.16s/cand eta=1h20m21s remaining=591
[suite graph_states_extended :: ghz4] 923/1513 ( 61.0%) done haar_random_isometry/haar_007 elapsed=2h05m30s avg=8.16s/cand eta=1h20m13s remaining=590
[suite graph_states_extended :: ghz4] 924/1513 ( 61.1%) done haar_random_isometry/haar_008 elapsed=2h05m38s avg=8.16s/cand eta=1h20m05s remaining=589
[suite graph_states_extended :: ghz4] 925/1513 ( 61.1%) done haar_random_isometry/haar_009 elapsed=2h05m46s avg=8.16s/cand eta=1h19m57s remaining=588
[suite graph_states_extended :: ghz4] 926/1513 ( 61.2%) done haar_random_isometry/haar_010 elapsed=2h05m55s avg=8.16s/cand eta=1h19m49s remaining=587
[suite graph_states_extended :: ghz4] 927/1513 ( 61.3%) done haar_random_isometry/haar_011 elapsed=2h06m03s avg=8.16s/cand eta=1h19m41s remaining=586
[suite graph_states_extended :: ghz4] 928/1513 ( 61.3%) done haar_random_isometry/haar_012 elapsed=2h06m11s avg=8.16s/cand eta=1h19m33s remaining=585
[suite graph_states_extended :: ghz4] 929/1513 ( 61.4%) done haar_random_isometry/haar_013 elapsed=2h06m19s avg=8.16s/cand eta=1h19m24s remaining=584
[suite graph_states_extended :: ghz4] 930/1513 ( 61.5%) done haar_random_isometry/haar_014 elapsed=2h06m28s avg=8.16s/cand eta=1h19m17s remaining=583
[suite graph_states_extended :: ghz4] 931/1513 ( 61.5%) done haar_random_isometry/haar_015 elapsed=2h06m36s avg=8.16s/cand eta=1h19m08s remaining=582
[suite graph_states_extended :: ghz4] 932/1513 ( 61.6%) done haar_random_isometry/haar_016 elapsed=2h06m44s avg=8.16s/cand eta=1h19m00s remaining=581
[suite graph_states_extended :: ghz4] 933/1513 ( 61.7%) done haar_random_isometry/haar_017 elapsed=2h06m52s avg=8.16s/cand eta=1h18m52s remaining=580
[suite graph_states_extended :: ghz4] 934/1513 ( 61.7%) done haar_random_isometry/haar_018 elapsed=2h07m00s avg=8.16s/cand eta=1h18m44s remaining=579
[suite graph_states_extended :: ghz4] 935/1513 ( 61.8%) done haar_random_isometry/haar_019 elapsed=2h07m08s avg=8.16s/cand eta=1h18m36s remaining=578
[suite graph_states_extended :: ghz4] 936/1513 ( 61.9%) done perturbed_isometry/pert_eps0.01_00 elapsed=2h07m15s avg=8.16s/cand eta=1h18m27s remaining=577
[suite graph_states_extended :: ghz4] 937/1513 ( 61.9%) done perturbed_isometry/pert_eps0.01_01 elapsed=2h07m22s avg=8.16s/cand eta=1h18m18s remaining=576
[suite graph_states_extended :: ghz4] 938/1513 ( 62.0%) done perturbed_isometry/pert_eps0.01_02 elapsed=2h07m29s avg=8.15s/cand eta=1h18m09s remaining=575
[suite graph_states_extended :: ghz4] 939/1513 ( 62.1%) done perturbed_isometry/pert_eps0.01_03 elapsed=2h07m36s avg=8.15s/cand eta=1h18m00s remaining=574
[suite graph_states_extended :: ghz4] 940/1513 ( 62.1%) done perturbed_isometry/pert_eps0.01_04 elapsed=2h07m43s avg=8.15s/cand eta=1h17m51s remaining=573
[suite graph_states_extended :: ghz4] 941/1513 ( 62.2%) done perturbed_isometry/pert_eps0.01_05 elapsed=2h07m50s avg=8.15s/cand eta=1h17m42s remaining=572
[suite graph_states_extended :: ghz4] 942/1513 ( 62.3%) done perturbed_isometry/pert_eps0.01_06 elapsed=2h07m56s avg=8.15s/cand eta=1h17m33s remaining=571
[suite graph_states_extended :: ghz4] 943/1513 ( 62.3%) done perturbed_isometry/pert_eps0.01_07 elapsed=2h08m03s avg=8.15s/cand eta=1h17m24s remaining=570
[suite graph_states_extended :: ghz4] 944/1513 ( 62.4%) done perturbed_isometry/pert_eps0.05_00 elapsed=2h08m10s avg=8.15s/cand eta=1h17m15s remaining=569
[suite graph_states_extended :: ghz4] 945/1513 ( 62.5%) done perturbed_isometry/pert_eps0.05_01 elapsed=2h08m17s avg=8.15s/cand eta=1h17m06s remaining=568
[suite graph_states_extended :: ghz4] 946/1513 ( 62.5%) done perturbed_isometry/pert_eps0.05_02 elapsed=2h08m24s avg=8.14s/cand eta=1h16m57s remaining=567
[suite graph_states_extended :: ghz4] 947/1513 ( 62.6%) done perturbed_isometry/pert_eps0.05_03 elapsed=2h08m31s avg=8.14s/cand eta=1h16m49s remaining=566
[suite graph_states_extended :: ghz4] 948/1513 ( 62.7%) done perturbed_isometry/pert_eps0.05_04 elapsed=2h08m38s avg=8.14s/cand eta=1h16m40s remaining=565
[suite graph_states_extended :: ghz4] 949/1513 ( 62.7%) done perturbed_isometry/pert_eps0.05_05 elapsed=2h08m44s avg=8.14s/cand eta=1h16m31s remaining=564
[suite graph_states_extended :: ghz4] 950/1513 ( 62.8%) done perturbed_isometry/pert_eps0.05_06 elapsed=2h08m51s avg=8.14s/cand eta=1h16m22s remaining=563
[suite graph_states_extended :: ghz4] 951/1513 ( 62.9%) done perturbed_isometry/pert_eps0.05_07 elapsed=2h08m58s avg=8.14s/cand eta=1h16m13s remaining=562
[suite graph_states_extended :: ghz4] 952/1513 ( 62.9%) done perturbed_isometry/pert_eps0.10_00 elapsed=2h09m05s avg=8.14s/cand eta=1h16m04s remaining=561
[suite graph_states_extended :: ghz4] 953/1513 ( 63.0%) done perturbed_isometry/pert_eps0.10_01 elapsed=2h09m12s avg=8.13s/cand eta=1h15m55s remaining=560
[suite graph_states_extended :: ghz4] 954/1513 ( 63.1%) done perturbed_isometry/pert_eps0.10_02 elapsed=2h09m20s avg=8.13s/cand eta=1h15m47s remaining=559
[suite graph_states_extended :: ghz4] 955/1513 ( 63.1%) done perturbed_isometry/pert_eps0.10_03 elapsed=2h09m26s avg=8.13s/cand eta=1h15m38s remaining=558
[suite graph_states_extended :: ghz4] 956/1513 ( 63.2%) done perturbed_isometry/pert_eps0.10_04 elapsed=2h09m34s avg=8.13s/cand eta=1h15m29s remaining=557
[suite graph_states_extended :: ghz4] 957/1513 ( 63.3%) done perturbed_isometry/pert_eps0.10_05 elapsed=2h09m41s avg=8.13s/cand eta=1h15m21s remaining=556
[suite graph_states_extended :: ghz4] 958/1513 ( 63.3%) done perturbed_isometry/pert_eps0.10_06 elapsed=2h09m48s avg=8.13s/cand eta=1h15m12s remaining=555
[suite graph_states_extended :: ghz4] 959/1513 ( 63.4%) done perturbed_isometry/pert_eps0.10_07 elapsed=2h09m55s avg=8.13s/cand eta=1h15m03s remaining=554
[suite graph_states_extended :: ghz4] 960/1513 ( 63.5%) done perturbed_isometry/pert_eps0.30_00 elapsed=2h10m02s avg=8.13s/cand eta=1h14m54s remaining=553
[suite graph_states_extended :: ghz4] 961/1513 ( 63.5%) done perturbed_isometry/pert_eps0.30_01 elapsed=2h10m10s avg=8.13s/cand eta=1h14m46s remaining=552
[suite graph_states_extended :: ghz4] 962/1513 ( 63.6%) done perturbed_isometry/pert_eps0.30_02 elapsed=2h10m18s avg=8.13s/cand eta=1h14m38s remaining=551
[suite graph_states_extended :: ghz4] 963/1513 ( 63.6%) done perturbed_isometry/pert_eps0.30_03 elapsed=2h10m26s avg=8.13s/cand eta=1h14m30s remaining=550
[suite graph_states_extended :: ghz4] 964/1513 ( 63.7%) done perturbed_isometry/pert_eps0.30_04 elapsed=2h10m34s avg=8.13s/cand eta=1h14m22s remaining=549
[suite graph_states_extended :: ghz4] 965/1513 ( 63.8%) done perturbed_isometry/pert_eps0.30_05 elapsed=2h10m42s avg=8.13s/cand eta=1h14m13s remaining=548
[suite graph_states_extended :: ghz4] 966/1513 ( 63.8%) done perturbed_isometry/pert_eps0.30_06 elapsed=2h10m50s avg=8.13s/cand eta=1h14m05s remaining=547
[suite graph_states_extended :: ghz4] 967/1513 ( 63.9%) done perturbed_isometry/pert_eps0.30_07 elapsed=2h10m58s avg=8.13s/cand eta=1h13m57s remaining=546
[suite graph_states_extended :: ghz4] 968/1513 ( 64.0%) done entangling_isometry/ent_000 elapsed=2h11m06s avg=8.13s/cand eta=1h13m49s remaining=545
[suite graph_states_extended :: ghz4] 969/1513 ( 64.0%) done entangling_isometry/ent_001 elapsed=2h11m15s avg=8.13s/cand eta=1h13m41s remaining=544
[suite graph_states_extended :: ghz4] 970/1513 ( 64.1%) done entangling_isometry/ent_002 elapsed=2h11m23s avg=8.13s/cand eta=1h13m33s remaining=543
[suite graph_states_extended :: ghz4] 971/1513 ( 64.2%) done entangling_isometry/ent_003 elapsed=2h11m32s avg=8.13s/cand eta=1h13m25s remaining=542
[suite graph_states_extended :: ghz4] 972/1513 ( 64.2%) done entangling_isometry/ent_004 elapsed=2h11m40s avg=8.13s/cand eta=1h13m17s remaining=541
[suite graph_states_extended :: ghz4] 973/1513 ( 64.3%) done entangling_isometry/ent_005 elapsed=2h11m48s avg=8.13s/cand eta=1h13m09s remaining=540
[suite graph_states_extended :: ghz4] 974/1513 ( 64.4%) done entangling_isometry/ent_006 elapsed=2h11m56s avg=8.13s/cand eta=1h13m01s remaining=539
[suite graph_states_extended :: ghz4] 975/1513 ( 64.4%) done entangling_isometry/ent_007 elapsed=2h12m05s avg=8.13s/cand eta=1h12m53s remaining=538
[suite graph_states_extended :: ghz4] 976/1513 ( 64.5%) done entangling_isometry/ent_008 elapsed=2h12m14s avg=8.13s/cand eta=1h12m45s remaining=537
[suite graph_states_extended :: ghz4] 977/1513 ( 64.6%) done entangling_isometry/ent_009 elapsed=2h12m22s avg=8.13s/cand eta=1h12m37s remaining=536
[suite graph_states_extended :: ghz4] 978/1513 ( 64.6%) done entangling_isometry/ent_010 elapsed=2h12m31s avg=8.13s/cand eta=1h12m29s remaining=535
[suite graph_states_extended :: ghz4] 979/1513 ( 64.7%) done entangling_isometry/ent_011 elapsed=2h12m38s avg=8.13s/cand eta=1h12m21s remaining=534
[suite graph_states_extended :: ghz4] 980/1513 ( 64.8%) done entangling_isometry/ent_012 elapsed=2h12m47s avg=8.13s/cand eta=1h12m13s remaining=533
[suite graph_states_extended :: ghz4] 981/1513 ( 64.8%) done entangling_isometry/ent_013 elapsed=2h12m55s avg=8.13s/cand eta=1h12m05s remaining=532
[suite graph_states_extended :: ghz4] 982/1513 ( 64.9%) done entangling_isometry/ent_014 elapsed=2h13m04s avg=8.13s/cand eta=1h11m57s remaining=531
[suite graph_states_extended :: ghz4] 983/1513 ( 65.0%) done entangling_isometry/ent_015 elapsed=2h13m12s avg=8.13s/cand eta=1h11m49s remaining=530
[suite graph_states_extended :: ghz4] 984/1513 ( 65.0%) done entangling_isometry/ent_016 elapsed=2h13m20s avg=8.13s/cand eta=1h11m41s remaining=529
[suite graph_states_extended :: ghz4] 985/1513 ( 65.1%) done entangling_isometry/ent_017 elapsed=2h13m29s avg=8.13s/cand eta=1h11m33s remaining=528
[suite graph_states_extended :: ghz4] 986/1513 ( 65.2%) done entangling_isometry/ent_018 elapsed=2h13m37s avg=8.13s/cand eta=1h11m25s remaining=527
[suite graph_states_extended :: ghz4] 987/1513 ( 65.2%) done entangling_isometry/ent_019 elapsed=2h13m45s avg=8.13s/cand eta=1h11m17s remaining=526
[suite graph_states_extended :: ghz4] 988/1513 ( 65.3%) done structured_entangling/t0.00_p0.00_a0.52 elapsed=2h13m52s avg=8.13s/cand eta=1h11m08s remaining=525
[suite graph_states_extended :: ghz4] 989/1513 ( 65.4%) done structured_entangling/t0.00_p0.00_a0.79 elapsed=2h14m00s avg=8.13s/cand eta=1h11m00s remaining=524
[suite graph_states_extended :: ghz4] 990/1513 ( 65.4%) done structured_entangling/t0.00_p0.00_a1.05 elapsed=2h14m07s avg=8.13s/cand eta=1h10m51s remaining=523
[suite graph_states_extended :: ghz4] 991/1513 ( 65.5%) done structured_entangling/t0.00_p0.00_a1.57 elapsed=2h14m15s avg=8.13s/cand eta=1h10m43s remaining=522
[suite graph_states_extended :: ghz4] 992/1513 ( 65.6%) done structured_entangling/t0.00_p0.52_a0.00 elapsed=2h14m22s avg=8.13s/cand eta=1h10m34s remaining=521
[suite graph_states_extended :: ghz4] 993/1513 ( 65.6%) done structured_entangling/t0.00_p0.52_a0.52 elapsed=2h14m29s avg=8.13s/cand eta=1h10m25s remaining=520
[suite graph_states_extended :: ghz4] 994/1513 ( 65.7%) done structured_entangling/t0.00_p0.52_a0.79 elapsed=2h14m37s avg=8.13s/cand eta=1h10m17s remaining=519
[suite graph_states_extended :: ghz4] 995/1513 ( 65.8%) done structured_entangling/t0.00_p0.52_a1.05 elapsed=2h14m44s avg=8.12s/cand eta=1h10m09s remaining=518
[suite graph_states_extended :: ghz4] 996/1513 ( 65.8%) done structured_entangling/t0.00_p0.52_a1.57 elapsed=2h14m52s avg=8.12s/cand eta=1h10m00s remaining=517
[suite graph_states_extended :: ghz4] 997/1513 ( 65.9%) done structured_entangling/t0.00_p0.79_a0.00 elapsed=2h14m58s avg=8.12s/cand eta=1h09m51s remaining=516
[suite graph_states_extended :: ghz4] 998/1513 ( 66.0%) done structured_entangling/t0.00_p0.79_a0.52 elapsed=2h15m06s avg=8.12s/cand eta=1h09m43s remaining=515
[suite graph_states_extended :: ghz4] 999/1513 ( 66.0%) done structured_entangling/t0.00_p0.79_a0.79 elapsed=2h15m13s avg=8.12s/cand eta=1h09m34s remaining=514
[suite graph_states_extended :: ghz4] 1000/1513 ( 66.1%) done structured_entangling/t0.00_p0.79_a1.05 elapsed=2h15m21s avg=8.12s/cand eta=1h09m26s remaining=513
[suite graph_states_extended :: ghz4] 1001/1513 ( 66.2%) done structured_entangling/t0.00_p0.79_a1.57 elapsed=2h15m29s avg=8.12s/cand eta=1h09m18s remaining=512
[suite graph_states_extended :: ghz4] 1002/1513 ( 66.2%) done structured_entangling/t0.00_p1.05_a0.00 elapsed=2h15m35s avg=8.12s/cand eta=1h09m09s remaining=511
[suite graph_states_extended :: ghz4] 1003/1513 ( 66.3%) done structured_entangling/t0.00_p1.05_a0.52 elapsed=2h15m43s avg=8.12s/cand eta=1h09m00s remaining=510
[suite graph_states_extended :: ghz4] 1004/1513 ( 66.4%) done structured_entangling/t0.00_p1.05_a0.79 elapsed=2h15m51s avg=8.12s/cand eta=1h08m52s remaining=509
[suite graph_states_extended :: ghz4] 1005/1513 ( 66.4%) done structured_entangling/t0.00_p1.05_a1.05 elapsed=2h15m58s avg=8.12s/cand eta=1h08m44s remaining=508
[suite graph_states_extended :: ghz4] 1006/1513 ( 66.5%) done structured_entangling/t0.00_p1.05_a1.57 elapsed=2h16m06s avg=8.12s/cand eta=1h08m35s remaining=507
[suite graph_states_extended :: ghz4] 1007/1513 ( 66.6%) done structured_entangling/t0.00_p1.57_a0.00 elapsed=2h16m13s avg=8.12s/cand eta=1h08m27s remaining=506
[suite graph_states_extended :: ghz4] 1008/1513 ( 66.6%) done structured_entangling/t0.00_p1.57_a0.52 elapsed=2h16m20s avg=8.12s/cand eta=1h08m18s remaining=505
[suite graph_states_extended :: ghz4] 1009/1513 ( 66.7%) done structured_entangling/t0.00_p1.57_a0.79 elapsed=2h16m28s avg=8.11s/cand eta=1h08m10s remaining=504
[suite graph_states_extended :: ghz4] 1010/1513 ( 66.8%) done structured_entangling/t0.00_p1.57_a1.05 elapsed=2h16m36s avg=8.11s/cand eta=1h08m02s remaining=503
[suite graph_states_extended :: ghz4] 1011/1513 ( 66.8%) done structured_entangling/t0.00_p1.57_a1.57 elapsed=2h16m43s avg=8.11s/cand eta=1h07m53s remaining=502
[suite graph_states_extended :: ghz4] 1012/1513 ( 66.9%) done structured_entangling/t0.52_p0.00_a0.00 elapsed=2h16m50s avg=8.11s/cand eta=1h07m44s remaining=501
[suite graph_states_extended :: ghz4] 1013/1513 ( 67.0%) done structured_entangling/t0.52_p0.00_a0.52 elapsed=2h16m57s avg=8.11s/cand eta=1h07m36s remaining=500
[suite graph_states_extended :: ghz4] 1014/1513 ( 67.0%) done structured_entangling/t0.52_p0.00_a0.79 elapsed=2h17m05s avg=8.11s/cand eta=1h07m27s remaining=499
[suite graph_states_extended :: ghz4] 1015/1513 ( 67.1%) done structured_entangling/t0.52_p0.00_a1.05 elapsed=2h17m12s avg=8.11s/cand eta=1h07m19s remaining=498
[suite graph_states_extended :: ghz4] 1016/1513 ( 67.2%) done structured_entangling/t0.52_p0.00_a1.57 elapsed=2h17m20s avg=8.11s/cand eta=1h07m11s remaining=497
[suite graph_states_extended :: ghz4] 1017/1513 ( 67.2%) done structured_entangling/t0.52_p0.52_a0.00 elapsed=2h17m27s avg=8.11s/cand eta=1h07m02s remaining=496
[suite graph_states_extended :: ghz4] 1018/1513 ( 67.3%) done structured_entangling/t0.52_p0.52_a0.52 elapsed=2h17m34s avg=8.11s/cand eta=1h06m54s remaining=495
[suite graph_states_extended :: ghz4] 1019/1513 ( 67.3%) done structured_entangling/t0.52_p0.52_a0.79 elapsed=2h17m42s avg=8.11s/cand eta=1h06m45s remaining=494
[suite graph_states_extended :: ghz4] 1020/1513 ( 67.4%) done structured_entangling/t0.52_p0.52_a1.05 elapsed=2h17m49s avg=8.11s/cand eta=1h06m37s remaining=493
[suite graph_states_extended :: ghz4] 1021/1513 ( 67.5%) done structured_entangling/t0.52_p0.52_a1.57 elapsed=2h17m57s avg=8.11s/cand eta=1h06m28s remaining=492
[suite graph_states_extended :: ghz4] 1022/1513 ( 67.5%) done structured_entangling/t0.52_p0.79_a0.00 elapsed=2h18m03s avg=8.11s/cand eta=1h06m20s remaining=491
[suite graph_states_extended :: ghz4] 1023/1513 ( 67.6%) done structured_entangling/t0.52_p0.79_a0.52 elapsed=2h18m11s avg=8.10s/cand eta=1h06m11s remaining=490
[suite graph_states_extended :: ghz4] 1024/1513 ( 67.7%) done structured_entangling/t0.52_p0.79_a0.79 elapsed=2h18m19s avg=8.10s/cand eta=1h06m03s remaining=489
[suite graph_states_extended :: ghz4] 1025/1513 ( 67.7%) done structured_entangling/t0.52_p0.79_a1.05 elapsed=2h18m27s avg=8.10s/cand eta=1h05m55s remaining=488
[suite graph_states_extended :: ghz4] 1026/1513 ( 67.8%) done structured_entangling/t0.52_p0.79_a1.57 elapsed=2h18m34s avg=8.10s/cand eta=1h05m46s remaining=487
[suite graph_states_extended :: ghz4] 1027/1513 ( 67.9%) done structured_entangling/t0.52_p1.05_a0.00 elapsed=2h18m41s avg=8.10s/cand eta=1h05m38s remaining=486
[suite graph_states_extended :: ghz4] 1028/1513 ( 67.9%) done structured_entangling/t0.52_p1.05_a0.52 elapsed=2h18m49s avg=8.10s/cand eta=1h05m29s remaining=485
[suite graph_states_extended :: ghz4] 1029/1513 ( 68.0%) done structured_entangling/t0.52_p1.05_a0.79 elapsed=2h18m56s avg=8.10s/cand eta=1h05m21s remaining=484
[suite graph_states_extended :: ghz4] 1030/1513 ( 68.1%) done structured_entangling/t0.52_p1.05_a1.05 elapsed=2h19m04s avg=8.10s/cand eta=1h05m13s remaining=483
[suite graph_states_extended :: ghz4] 1031/1513 ( 68.1%) done structured_entangling/t0.52_p1.05_a1.57 elapsed=2h19m12s avg=8.10s/cand eta=1h05m04s remaining=482
[suite graph_states_extended :: ghz4] 1032/1513 ( 68.2%) done structured_entangling/t0.52_p1.57_a0.00 elapsed=2h19m18s avg=8.10s/cand eta=1h04m56s remaining=481
[suite graph_states_extended :: ghz4] 1033/1513 ( 68.3%) done structured_entangling/t0.52_p1.57_a0.52 elapsed=2h19m26s avg=8.10s/cand eta=1h04m47s remaining=480
[suite graph_states_extended :: ghz4] 1034/1513 ( 68.3%) done structured_entangling/t0.52_p1.57_a0.79 elapsed=2h19m34s avg=8.10s/cand eta=1h04m39s remaining=479
[suite graph_states_extended :: ghz4] 1035/1513 ( 68.4%) done structured_entangling/t0.52_p1.57_a1.05 elapsed=2h19m41s avg=8.10s/cand eta=1h04m31s remaining=478
[suite graph_states_extended :: ghz4] 1036/1513 ( 68.5%) done structured_entangling/t0.52_p1.57_a1.57 elapsed=2h19m49s avg=8.10s/cand eta=1h04m22s remaining=477
[suite graph_states_extended :: ghz4] 1037/1513 ( 68.5%) done structured_entangling/t0.79_p0.00_a0.00 elapsed=2h19m56s avg=8.10s/cand eta=1h04m14s remaining=476
[suite graph_states_extended :: ghz4] 1038/1513 ( 68.6%) done structured_entangling/t0.79_p0.00_a0.52 elapsed=2h20m03s avg=8.10s/cand eta=1h04m05s remaining=475
[suite graph_states_extended :: ghz4] 1039/1513 ( 68.7%) done structured_entangling/t0.79_p0.00_a0.79 elapsed=2h20m11s avg=8.09s/cand eta=1h03m57s remaining=474
[suite graph_states_extended :: ghz4] 1040/1513 ( 68.7%) done structured_entangling/t0.79_p0.00_a1.05 elapsed=2h20m18s avg=8.09s/cand eta=1h03m49s remaining=473
[suite graph_states_extended :: ghz4] 1041/1513 ( 68.8%) done structured_entangling/t0.79_p0.00_a1.57 elapsed=2h20m26s avg=8.09s/cand eta=1h03m40s remaining=472
[suite graph_states_extended :: ghz4] 1042/1513 ( 68.9%) done structured_entangling/t0.79_p0.52_a0.00 elapsed=2h20m33s avg=8.09s/cand eta=1h03m32s remaining=471
[suite graph_states_extended :: ghz4] 1043/1513 ( 68.9%) done structured_entangling/t0.79_p0.52_a0.52 elapsed=2h20m40s avg=8.09s/cand eta=1h03m23s remaining=470
[suite graph_states_extended :: ghz4] 1044/1513 ( 69.0%) done structured_entangling/t0.79_p0.52_a0.79 elapsed=2h20m48s avg=8.09s/cand eta=1h03m15s remaining=469
[suite graph_states_extended :: ghz4] 1045/1513 ( 69.1%) done structured_entangling/t0.79_p0.52_a1.05 elapsed=2h20m55s avg=8.09s/cand eta=1h03m07s remaining=468
[suite graph_states_extended :: ghz4] 1046/1513 ( 69.1%) done structured_entangling/t0.79_p0.52_a1.57 elapsed=2h21m03s avg=8.09s/cand eta=1h02m58s remaining=467
[suite graph_states_extended :: ghz4] 1047/1513 ( 69.2%) done structured_entangling/t0.79_p0.79_a0.00 elapsed=2h21m10s avg=8.09s/cand eta=1h02m50s remaining=466
[suite graph_states_extended :: ghz4] 1048/1513 ( 69.3%) done structured_entangling/t0.79_p0.79_a0.52 elapsed=2h21m17s avg=8.09s/cand eta=1h02m41s remaining=465
[suite graph_states_extended :: ghz4] 1049/1513 ( 69.3%) done structured_entangling/t0.79_p0.79_a0.79 elapsed=2h21m25s avg=8.09s/cand eta=1h02m33s remaining=464
[suite graph_states_extended :: ghz4] 1050/1513 ( 69.4%) done structured_entangling/t0.79_p0.79_a1.05 elapsed=2h21m32s avg=8.09s/cand eta=1h02m25s remaining=463
[suite graph_states_extended :: ghz4] 1051/1513 ( 69.5%) done structured_entangling/t0.79_p0.79_a1.57 elapsed=2h21m40s avg=8.09s/cand eta=1h02m16s remaining=462
[suite graph_states_extended :: ghz4] 1052/1513 ( 69.5%) done structured_entangling/t0.79_p1.05_a0.00 elapsed=2h21m47s avg=8.09s/cand eta=1h02m08s remaining=461
[suite graph_states_extended :: ghz4] 1053/1513 ( 69.6%) done structured_entangling/t0.79_p1.05_a0.52 elapsed=2h21m55s avg=8.09s/cand eta=1h02m00s remaining=460
[suite graph_states_extended :: ghz4] 1054/1513 ( 69.7%) done structured_entangling/t0.79_p1.05_a0.79 elapsed=2h22m02s avg=8.09s/cand eta=1h01m51s remaining=459
[suite graph_states_extended :: ghz4] 1055/1513 ( 69.7%) done structured_entangling/t0.79_p1.05_a1.05 elapsed=2h22m10s avg=8.09s/cand eta=1h01m43s remaining=458
[suite graph_states_extended :: ghz4] 1056/1513 ( 69.8%) done structured_entangling/t0.79_p1.05_a1.57 elapsed=2h22m17s avg=8.08s/cand eta=1h01m35s remaining=457
[suite graph_states_extended :: ghz4] 1057/1513 ( 69.9%) done structured_entangling/t0.79_p1.57_a0.00 elapsed=2h22m24s avg=8.08s/cand eta=1h01m26s remaining=456
[suite graph_states_extended :: ghz4] 1058/1513 ( 69.9%) done structured_entangling/t0.79_p1.57_a0.52 elapsed=2h22m32s avg=8.08s/cand eta=1h01m18s remaining=455
[suite graph_states_extended :: ghz4] 1059/1513 ( 70.0%) done structured_entangling/t0.79_p1.57_a0.79 elapsed=2h22m39s avg=8.08s/cand eta=1h01m09s remaining=454
[suite graph_states_extended :: ghz4] 1060/1513 ( 70.1%) done structured_entangling/t0.79_p1.57_a1.05 elapsed=2h22m47s avg=8.08s/cand eta=1h01m01s remaining=453
[suite graph_states_extended :: ghz4] 1061/1513 ( 70.1%) done structured_entangling/t0.79_p1.57_a1.57 elapsed=2h22m55s avg=8.08s/cand eta=1h00m53s remaining=452
[suite graph_states_extended :: ghz4] 1062/1513 ( 70.2%) done structured_entangling/t1.05_p0.00_a0.00 elapsed=2h23m02s avg=8.08s/cand eta=1h00m44s remaining=451
[suite graph_states_extended :: ghz4] 1063/1513 ( 70.3%) done structured_entangling/t1.05_p0.00_a0.52 elapsed=2h23m09s avg=8.08s/cand eta=1h00m36s remaining=450
[suite graph_states_extended :: ghz4] 1064/1513 ( 70.3%) done structured_entangling/t1.05_p0.00_a0.79 elapsed=2h23m16s avg=8.08s/cand eta=1h00m28s remaining=449
[suite graph_states_extended :: ghz4] 1065/1513 ( 70.4%) done structured_entangling/t1.05_p0.00_a1.05 elapsed=2h23m24s avg=8.08s/cand eta=1h00m19s remaining=448
[suite graph_states_extended :: ghz4] 1066/1513 ( 70.5%) done structured_entangling/t1.05_p0.00_a1.57 elapsed=2h23m32s avg=8.08s/cand eta=1h00m11s remaining=447
[suite graph_states_extended :: ghz4] 1067/1513 ( 70.5%) done structured_entangling/t1.05_p0.52_a0.00 elapsed=2h23m39s avg=8.08s/cand eta=1h00m03s remaining=446
[suite graph_states_extended :: ghz4] 1068/1513 ( 70.6%) done structured_entangling/t1.05_p0.52_a0.52 elapsed=2h23m46s avg=8.08s/cand eta=59m54s remaining=445
[suite graph_states_extended :: ghz4] 1069/1513 ( 70.7%) done structured_entangling/t1.05_p0.52_a0.79 elapsed=2h23m54s avg=8.08s/cand eta=59m46s remaining=444
[suite graph_states_extended :: ghz4] 1070/1513 ( 70.7%) done structured_entangling/t1.05_p0.52_a1.05 elapsed=2h24m01s avg=8.08s/cand eta=59m38s remaining=443
[suite graph_states_extended :: ghz4] 1071/1513 ( 70.8%) done structured_entangling/t1.05_p0.52_a1.57 elapsed=2h24m09s avg=8.08s/cand eta=59m29s remaining=442
[suite graph_states_extended :: ghz4] 1072/1513 ( 70.9%) done structured_entangling/t1.05_p0.79_a0.00 elapsed=2h24m16s avg=8.07s/cand eta=59m21s remaining=441
[suite graph_states_extended :: ghz4] 1073/1513 ( 70.9%) done structured_entangling/t1.05_p0.79_a0.52 elapsed=2h24m24s avg=8.07s/cand eta=59m13s remaining=440
[suite graph_states_extended :: ghz4] 1074/1513 ( 71.0%) done structured_entangling/t1.05_p0.79_a0.79 elapsed=2h24m31s avg=8.07s/cand eta=59m04s remaining=439
[suite graph_states_extended :: ghz4] 1075/1513 ( 71.1%) done structured_entangling/t1.05_p0.79_a1.05 elapsed=2h24m39s avg=8.07s/cand eta=58m56s remaining=438
[suite graph_states_extended :: ghz4] 1076/1513 ( 71.1%) done structured_entangling/t1.05_p0.79_a1.57 elapsed=2h24m47s avg=8.07s/cand eta=58m48s remaining=437
[suite graph_states_extended :: ghz4] 1077/1513 ( 71.2%) done structured_entangling/t1.05_p1.05_a0.00 elapsed=2h24m54s avg=8.07s/cand eta=58m39s remaining=436
[suite graph_states_extended :: ghz4] 1078/1513 ( 71.2%) done structured_entangling/t1.05_p1.05_a0.52 elapsed=2h25m01s avg=8.07s/cand eta=58m31s remaining=435
[suite graph_states_extended :: ghz4] 1079/1513 ( 71.3%) done structured_entangling/t1.05_p1.05_a0.79 elapsed=2h25m09s avg=8.07s/cand eta=58m23s remaining=434
[suite graph_states_extended :: ghz4] 1080/1513 ( 71.4%) done structured_entangling/t1.05_p1.05_a1.05 elapsed=2h25m16s avg=8.07s/cand eta=58m15s remaining=433
[suite graph_states_extended :: ghz4] 1081/1513 ( 71.4%) done structured_entangling/t1.05_p1.05_a1.57 elapsed=2h25m24s avg=8.07s/cand eta=58m06s remaining=432
[suite graph_states_extended :: ghz4] 1082/1513 ( 71.5%) done structured_entangling/t1.05_p1.57_a0.00 elapsed=2h25m31s avg=8.07s/cand eta=57m58s remaining=431
[suite graph_states_extended :: ghz4] 1083/1513 ( 71.6%) done structured_entangling/t1.05_p1.57_a0.52 elapsed=2h25m38s avg=8.07s/cand eta=57m50s remaining=430
[suite graph_states_extended :: ghz4] 1084/1513 ( 71.6%) done structured_entangling/t1.05_p1.57_a0.79 elapsed=2h25m46s avg=8.07s/cand eta=57m41s remaining=429
[suite graph_states_extended :: ghz4] 1085/1513 ( 71.7%) done structured_entangling/t1.05_p1.57_a1.05 elapsed=2h25m54s avg=8.07s/cand eta=57m33s remaining=428
[suite graph_states_extended :: ghz4] 1086/1513 ( 71.8%) done structured_entangling/t1.05_p1.57_a1.57 elapsed=2h26m02s avg=8.07s/cand eta=57m25s remaining=427
[suite graph_states_extended :: ghz4] 1087/1513 ( 71.8%) done structured_entangling/t1.57_p0.00_a0.00 elapsed=2h26m08s avg=8.07s/cand eta=57m16s remaining=426
[suite graph_states_extended :: ghz4] 1088/1513 ( 71.9%) done structured_entangling/t1.57_p0.00_a0.52 elapsed=2h26m16s avg=8.07s/cand eta=57m08s remaining=425
[suite graph_states_extended :: ghz4] 1089/1513 ( 72.0%) done structured_entangling/t1.57_p0.00_a0.79 elapsed=2h26m23s avg=8.07s/cand eta=57m00s remaining=424
[suite graph_states_extended :: ghz4] 1090/1513 ( 72.0%) done structured_entangling/t1.57_p0.00_a1.05 elapsed=2h26m31s avg=8.06s/cand eta=56m51s remaining=423
[suite graph_states_extended :: ghz4] 1091/1513 ( 72.1%) done structured_entangling/t1.57_p0.00_a1.57 elapsed=2h26m38s avg=8.06s/cand eta=56m43s remaining=422
[suite graph_states_extended :: ghz4] 1092/1513 ( 72.2%) done structured_entangling/t1.57_p0.52_a0.00 elapsed=2h26m45s avg=8.06s/cand eta=56m34s remaining=421
[suite graph_states_extended :: ghz4] 1093/1513 ( 72.2%) done structured_entangling/t1.57_p0.52_a0.52 elapsed=2h26m52s avg=8.06s/cand eta=56m26s remaining=420
[suite graph_states_extended :: ghz4] 1094/1513 ( 72.3%) done structured_entangling/t1.57_p0.52_a0.79 elapsed=2h27m00s avg=8.06s/cand eta=56m18s remaining=419
[suite graph_states_extended :: ghz4] 1095/1513 ( 72.4%) done structured_entangling/t1.57_p0.52_a1.05 elapsed=2h27m08s avg=8.06s/cand eta=56m10s remaining=418
[suite graph_states_extended :: ghz4] 1096/1513 ( 72.4%) done structured_entangling/t1.57_p0.52_a1.57 elapsed=2h27m15s avg=8.06s/cand eta=56m01s remaining=417
[suite graph_states_extended :: ghz4] 1097/1513 ( 72.5%) done structured_entangling/t1.57_p0.79_a0.00 elapsed=2h27m22s avg=8.06s/cand eta=55m53s remaining=416
[suite graph_states_extended :: ghz4] 1098/1513 ( 72.6%) done structured_entangling/t1.57_p0.79_a0.52 elapsed=2h27m30s avg=8.06s/cand eta=55m45s remaining=415
[suite graph_states_extended :: ghz4] 1099/1513 ( 72.6%) done structured_entangling/t1.57_p0.79_a0.79 elapsed=2h27m37s avg=8.06s/cand eta=55m37s remaining=414
[suite graph_states_extended :: ghz4] 1100/1513 ( 72.7%) done structured_entangling/t1.57_p0.79_a1.05 elapsed=2h27m45s avg=8.06s/cand eta=55m28s remaining=413
[suite graph_states_extended :: ghz4] 1101/1513 ( 72.8%) done structured_entangling/t1.57_p0.79_a1.57 elapsed=2h27m52s avg=8.06s/cand eta=55m20s remaining=412
[suite graph_states_extended :: ghz4] 1102/1513 ( 72.8%) done structured_entangling/t1.57_p1.05_a0.00 elapsed=2h27m59s avg=8.06s/cand eta=55m12s remaining=411
[suite graph_states_extended :: ghz4] 1103/1513 ( 72.9%) done structured_entangling/t1.57_p1.05_a0.52 elapsed=2h28m07s avg=8.06s/cand eta=55m03s remaining=410
[suite graph_states_extended :: ghz4] 1104/1513 ( 73.0%) done structured_entangling/t1.57_p1.05_a0.79 elapsed=2h28m14s avg=8.06s/cand eta=54m55s remaining=409
[suite graph_states_extended :: ghz4] 1105/1513 ( 73.0%) done structured_entangling/t1.57_p1.05_a1.05 elapsed=2h28m22s avg=8.06s/cand eta=54m47s remaining=408
[suite graph_states_extended :: ghz4] 1106/1513 ( 73.1%) done structured_entangling/t1.57_p1.05_a1.57 elapsed=2h28m29s avg=8.06s/cand eta=54m38s remaining=407
[suite graph_states_extended :: ghz4] 1107/1513 ( 73.2%) done structured_entangling/t1.57_p1.57_a0.00 elapsed=2h28m36s avg=8.05s/cand eta=54m30s remaining=406
[suite graph_states_extended :: ghz4] 1108/1513 ( 73.2%) done structured_entangling/t1.57_p1.57_a0.52 elapsed=2h28m44s avg=8.05s/cand eta=54m22s remaining=405
[suite graph_states_extended :: ghz4] 1109/1513 ( 73.3%) done structured_entangling/t1.57_p1.57_a0.79 elapsed=2h28m51s avg=8.05s/cand eta=54m14s remaining=404
[suite graph_states_extended :: ghz4] 1110/1513 ( 73.4%) done structured_entangling/t1.57_p1.57_a1.05 elapsed=2h28m59s avg=8.05s/cand eta=54m05s remaining=403
[suite graph_states_extended :: ghz4] 1111/1513 ( 73.4%) done structured_entangling/t1.57_p1.57_a1.57 elapsed=2h29m06s avg=8.05s/cand eta=53m57s remaining=402
[suite graph_states_extended :: ghz4] 1112/1513 ( 73.5%) done product/U_I__V_X elapsed=2h29m14s avg=8.05s/cand eta=53m49s remaining=401
[suite graph_states_extended :: ghz4] 1113/1513 ( 73.6%) done product/U_I__V_SX elapsed=2h29m21s avg=8.05s/cand eta=53m40s remaining=400
[suite graph_states_extended :: ghz4] 1114/1513 ( 73.6%) done product/U_I__V_SXdg elapsed=2h29m27s avg=8.05s/cand eta=53m32s remaining=399
[suite graph_states_extended :: ghz4] 1115/1513 ( 73.7%) done product/U_I__V_H elapsed=2h29m35s avg=8.05s/cand eta=53m24s remaining=398
[suite graph_states_extended :: ghz4] 1116/1513 ( 73.8%) done product/U_I__V_HS elapsed=2h29m42s avg=8.05s/cand eta=53m15s remaining=397
[suite graph_states_extended :: ghz4] 1117/1513 ( 73.8%) done product/U_I__V_SH elapsed=2h29m50s avg=8.05s/cand eta=53m07s remaining=396
[suite graph_states_extended :: ghz4] 1118/1513 ( 73.9%) done product/U_I__V_Z elapsed=2h29m57s avg=8.05s/cand eta=52m59s remaining=395
[suite graph_states_extended :: ghz4] 1119/1513 ( 74.0%) done product/U_X__V_I elapsed=2h30m04s avg=8.05s/cand eta=52m50s remaining=394
[suite graph_states_extended :: ghz4] 1120/1513 ( 74.0%) done product/U_X__V_X elapsed=2h30m11s avg=8.05s/cand eta=52m42s remaining=393
[suite graph_states_extended :: ghz4] 1121/1513 ( 74.1%) done product/U_X__V_SX elapsed=2h30m19s avg=8.05s/cand eta=52m34s remaining=392
[suite graph_states_extended :: ghz4] 1122/1513 ( 74.2%) done product/U_X__V_SXdg elapsed=2h30m26s avg=8.04s/cand eta=52m25s remaining=391
[suite graph_states_extended :: ghz4] 1123/1513 ( 74.2%) done product/U_X__V_H elapsed=2h30m33s avg=8.04s/cand eta=52m17s remaining=390
[suite graph_states_extended :: ghz4] 1124/1513 ( 74.3%) done product/U_X__V_HS elapsed=2h30m40s avg=8.04s/cand eta=52m09s remaining=389
[suite graph_states_extended :: ghz4] 1125/1513 ( 74.4%) done product/U_X__V_SH elapsed=2h30m47s avg=8.04s/cand eta=52m00s remaining=388
[suite graph_states_extended :: ghz4] 1126/1513 ( 74.4%) done product/U_X__V_Z elapsed=2h30m55s avg=8.04s/cand eta=51m52s remaining=387
[suite graph_states_extended :: ghz4] 1127/1513 ( 74.5%) done product/U_SX__V_I elapsed=2h31m01s avg=8.04s/cand eta=51m44s remaining=386
[suite graph_states_extended :: ghz4] 1128/1513 ( 74.6%) done product/U_SX__V_X elapsed=2h31m09s avg=8.04s/cand eta=51m35s remaining=385
[suite graph_states_extended :: ghz4] 1129/1513 ( 74.6%) done product/U_SX__V_SX elapsed=2h31m16s avg=8.04s/cand eta=51m27s remaining=384
[suite graph_states_extended :: ghz4] 1130/1513 ( 74.7%) done product/U_SX__V_SXdg elapsed=2h31m23s avg=8.04s/cand eta=51m18s remaining=383
[suite graph_states_extended :: ghz4] 1131/1513 ( 74.8%) done product/U_SX__V_H elapsed=2h31m30s avg=8.04s/cand eta=51m10s remaining=382
[suite graph_states_extended :: ghz4] 1132/1513 ( 74.8%) done product/U_SX__V_HS elapsed=2h31m37s avg=8.04s/cand eta=51m02s remaining=381
[suite graph_states_extended :: ghz4] 1133/1513 ( 74.9%) done product/U_SX__V_SH elapsed=2h31m44s avg=8.04s/cand eta=50m54s remaining=380
[suite graph_states_extended :: ghz4] 1134/1513 ( 75.0%) done product/U_SX__V_Z elapsed=2h31m51s avg=8.03s/cand eta=50m45s remaining=379
[suite graph_states_extended :: ghz4] 1135/1513 ( 75.0%) done product/U_SXdg__V_I elapsed=2h31m58s avg=8.03s/cand eta=50m37s remaining=378
[suite graph_states_extended :: ghz4] 1136/1513 ( 75.1%) done product/U_SXdg__V_X elapsed=2h32m06s avg=8.03s/cand eta=50m29s remaining=377
[suite graph_states_extended :: ghz4] 1137/1513 ( 75.1%) done product/U_SXdg__V_SX elapsed=2h32m13s avg=8.03s/cand eta=50m20s remaining=376
[suite graph_states_extended :: ghz4] 1138/1513 ( 75.2%) done product/U_SXdg__V_SXdg elapsed=2h32m20s avg=8.03s/cand eta=50m12s remaining=375
[suite graph_states_extended :: ghz4] 1139/1513 ( 75.3%) done product/U_SXdg__V_H elapsed=2h32m27s avg=8.03s/cand eta=50m04s remaining=374
[suite graph_states_extended :: ghz4] 1140/1513 ( 75.3%) done product/U_SXdg__V_HS elapsed=2h32m35s avg=8.03s/cand eta=49m55s remaining=373
[suite graph_states_extended :: ghz4] 1141/1513 ( 75.4%) done product/U_SXdg__V_SH elapsed=2h32m42s avg=8.03s/cand eta=49m47s remaining=372
[suite graph_states_extended :: ghz4] 1142/1513 ( 75.5%) done product/U_SXdg__V_Z elapsed=2h32m49s avg=8.03s/cand eta=49m39s remaining=371
[suite graph_states_extended :: ghz4] 1143/1513 ( 75.5%) done product/U_H__V_I elapsed=2h32m56s avg=8.03s/cand eta=49m30s remaining=370
[suite graph_states_extended :: ghz4] 1144/1513 ( 75.6%) done product/U_H__V_X elapsed=2h33m04s avg=8.03s/cand eta=49m22s remaining=369
[suite graph_states_extended :: ghz4] 1145/1513 ( 75.7%) done product/U_H__V_SX elapsed=2h33m11s avg=8.03s/cand eta=49m14s remaining=368
[suite graph_states_extended :: ghz4] 1146/1513 ( 75.7%) done product/U_H__V_SXdg elapsed=2h33m19s avg=8.03s/cand eta=49m06s remaining=367
[suite graph_states_extended :: ghz4] 1147/1513 ( 75.8%) done product/U_H__V_H elapsed=2h33m26s avg=8.03s/cand eta=48m57s remaining=366
[suite graph_states_extended :: ghz4] 1148/1513 ( 75.9%) done product/U_H__V_HS elapsed=2h33m33s avg=8.03s/cand eta=48m49s remaining=365
[suite graph_states_extended :: ghz4] 1149/1513 ( 75.9%) done product/U_H__V_SH elapsed=2h33m41s avg=8.03s/cand eta=48m41s remaining=364
[suite graph_states_extended :: ghz4] 1150/1513 ( 76.0%) done product/U_H__V_Z elapsed=2h33m48s avg=8.02s/cand eta=48m33s remaining=363
[suite graph_states_extended :: ghz4] 1151/1513 ( 76.1%) done product/U_HS__V_I elapsed=2h33m55s avg=8.02s/cand eta=48m24s remaining=362
[suite graph_states_extended :: ghz4] 1152/1513 ( 76.1%) done product/U_HS__V_X elapsed=2h34m02s avg=8.02s/cand eta=48m16s remaining=361
[suite graph_states_extended :: ghz4] 1153/1513 ( 76.2%) done product/U_HS__V_SX elapsed=2h34m09s avg=8.02s/cand eta=48m08s remaining=360
[suite graph_states_extended :: ghz4] 1154/1513 ( 76.3%) done product/U_HS__V_SXdg elapsed=2h34m16s avg=8.02s/cand eta=48m00s remaining=359
[suite graph_states_extended :: ghz4] 1155/1513 ( 76.3%) done product/U_HS__V_H elapsed=2h34m24s avg=8.02s/cand eta=47m51s remaining=358
[suite graph_states_extended :: ghz4] 1156/1513 ( 76.4%) done product/U_HS__V_HS elapsed=2h34m32s avg=8.02s/cand eta=47m43s remaining=357
[suite graph_states_extended :: ghz4] 1157/1513 ( 76.5%) done product/U_HS__V_SH elapsed=2h34m39s avg=8.02s/cand eta=47m35s remaining=356
[suite graph_states_extended :: ghz4] 1158/1513 ( 76.5%) done product/U_HS__V_Z elapsed=2h34m47s avg=8.02s/cand eta=47m27s remaining=355
[suite graph_states_extended :: ghz4] 1159/1513 ( 76.6%) done product/U_SH__V_I elapsed=2h34m54s avg=8.02s/cand eta=47m19s remaining=354
[suite graph_states_extended :: ghz4] 1160/1513 ( 76.7%) done product/U_SH__V_X elapsed=2h35m01s avg=8.02s/cand eta=47m10s remaining=353
[suite graph_states_extended :: ghz4] 1161/1513 ( 76.7%) done product/U_SH__V_SX elapsed=2h35m08s avg=8.02s/cand eta=47m02s remaining=352
[suite graph_states_extended :: ghz4] 1162/1513 ( 76.8%) done product/U_SH__V_SXdg elapsed=2h35m15s avg=8.02s/cand eta=46m54s remaining=351
[suite graph_states_extended :: ghz4] 1163/1513 ( 76.9%) done product/U_SH__V_H elapsed=2h35m23s avg=8.02s/cand eta=46m46s remaining=350
[suite graph_states_extended :: ghz4] 1164/1513 ( 76.9%) done product/U_SH__V_HS elapsed=2h35m30s avg=8.02s/cand eta=46m37s remaining=349
[suite graph_states_extended :: ghz4] 1165/1513 ( 77.0%) done product/U_SH__V_SH elapsed=2h35m37s avg=8.01s/cand eta=46m29s remaining=348
[suite graph_states_extended :: ghz4] 1166/1513 ( 77.1%) done product/U_SH__V_Z elapsed=2h35m44s avg=8.01s/cand eta=46m21s remaining=347
[suite graph_states_extended :: ghz4] 1167/1513 ( 77.1%) done product/U_Z__V_I elapsed=2h35m52s avg=8.01s/cand eta=46m13s remaining=346
[suite graph_states_extended :: ghz4] 1168/1513 ( 77.2%) done product/U_Z__V_X elapsed=2h35m59s avg=8.01s/cand eta=46m04s remaining=345
[suite graph_states_extended :: ghz4] 1169/1513 ( 77.3%) done product/U_Z__V_SX elapsed=2h36m06s avg=8.01s/cand eta=45m56s remaining=344
[suite graph_states_extended :: ghz4] 1170/1513 ( 77.3%) done product/U_Z__V_SXdg elapsed=2h36m13s avg=8.01s/cand eta=45m48s remaining=343
[suite graph_states_extended :: ghz4] 1171/1513 ( 77.4%) done product/U_Z__V_H elapsed=2h36m20s avg=8.01s/cand eta=45m39s remaining=342
[suite graph_states_extended :: ghz4] 1172/1513 ( 77.5%) done product/U_Z__V_HS elapsed=2h36m27s avg=8.01s/cand eta=45m31s remaining=341
[suite graph_states_extended :: ghz4] 1173/1513 ( 77.5%) done product/U_Z__V_SH elapsed=2h36m34s avg=8.01s/cand eta=45m23s remaining=340
[suite graph_states_extended :: ghz4] 1174/1513 ( 77.6%) done product/U_Z__V_Z elapsed=2h36m41s avg=8.01s/cand eta=45m15s remaining=339
[suite graph_states_extended :: ghz4] 1175/1513 ( 77.7%) done local_ry_only/ry_0.000_0.628 elapsed=2h36m48s avg=8.01s/cand eta=45m06s remaining=338
[suite graph_states_extended :: ghz4] 1176/1513 ( 77.7%) done local_ry_only/ry_0.000_1.257 elapsed=2h36m54s avg=8.01s/cand eta=44m58s remaining=337
[suite graph_states_extended :: ghz4] 1177/1513 ( 77.8%) done local_ry_only/ry_0.000_1.885 elapsed=2h37m01s avg=8.00s/cand eta=44m49s remaining=336
[suite graph_states_extended :: ghz4] 1178/1513 ( 77.9%) done local_ry_only/ry_0.000_2.513 elapsed=2h37m08s avg=8.00s/cand eta=44m41s remaining=335
[suite graph_states_extended :: ghz4] 1179/1513 ( 77.9%) done local_ry_only/ry_0.000_3.142 elapsed=2h37m15s avg=8.00s/cand eta=44m33s remaining=334
[suite graph_states_extended :: ghz4] 1180/1513 ( 78.0%) done local_ry_only/ry_0.000_3.770 elapsed=2h37m22s avg=8.00s/cand eta=44m25s remaining=333
[suite graph_states_extended :: ghz4] 1181/1513 ( 78.1%) done local_ry_only/ry_0.000_4.398 elapsed=2h37m29s avg=8.00s/cand eta=44m16s remaining=332
[suite graph_states_extended :: ghz4] 1182/1513 ( 78.1%) done local_ry_only/ry_0.000_5.027 elapsed=2h37m37s avg=8.00s/cand eta=44m08s remaining=331
[suite graph_states_extended :: ghz4] 1183/1513 ( 78.2%) done local_ry_only/ry_0.000_5.655 elapsed=2h37m44s avg=8.00s/cand eta=44m00s remaining=330
[suite graph_states_extended :: ghz4] 1184/1513 ( 78.3%) done local_ry_only/ry_0.628_0.000 elapsed=2h37m51s avg=8.00s/cand eta=43m52s remaining=329
[suite graph_states_extended :: ghz4] 1185/1513 ( 78.3%) done local_ry_only/ry_0.628_0.628 elapsed=2h37m58s avg=8.00s/cand eta=43m43s remaining=328
[suite graph_states_extended :: ghz4] 1186/1513 ( 78.4%) done local_ry_only/ry_0.628_1.257 elapsed=2h38m05s avg=8.00s/cand eta=43m35s remaining=327
[suite graph_states_extended :: ghz4] 1187/1513 ( 78.5%) done local_ry_only/ry_0.628_1.885 elapsed=2h38m12s avg=8.00s/cand eta=43m27s remaining=326
[suite graph_states_extended :: ghz4] 1188/1513 ( 78.5%) done local_ry_only/ry_0.628_2.513 elapsed=2h38m19s avg=8.00s/cand eta=43m19s remaining=325
[suite graph_states_extended :: ghz4] 1189/1513 ( 78.6%) done local_ry_only/ry_0.628_3.142 elapsed=2h38m27s avg=8.00s/cand eta=43m11s remaining=324
[suite graph_states_extended :: ghz4] 1190/1513 ( 78.7%) done local_ry_only/ry_0.628_3.770 elapsed=2h38m34s avg=7.99s/cand eta=43m02s remaining=323
[suite graph_states_extended :: ghz4] 1191/1513 ( 78.7%) done local_ry_only/ry_0.628_4.398 elapsed=2h38m41s avg=7.99s/cand eta=42m54s remaining=322
[suite graph_states_extended :: ghz4] 1192/1513 ( 78.8%) done local_ry_only/ry_0.628_5.027 elapsed=2h38m49s avg=7.99s/cand eta=42m46s remaining=321
[suite graph_states_extended :: ghz4] 1193/1513 ( 78.8%) done local_ry_only/ry_0.628_5.655 elapsed=2h38m56s avg=7.99s/cand eta=42m38s remaining=320
[suite graph_states_extended :: ghz4] 1194/1513 ( 78.9%) done local_ry_only/ry_1.257_0.000 elapsed=2h39m03s avg=7.99s/cand eta=42m30s remaining=319
[suite graph_states_extended :: ghz4] 1195/1513 ( 79.0%) done local_ry_only/ry_1.257_0.628 elapsed=2h39m10s avg=7.99s/cand eta=42m21s remaining=318
[suite graph_states_extended :: ghz4] 1196/1513 ( 79.0%) done local_ry_only/ry_1.257_1.257 elapsed=2h39m17s avg=7.99s/cand eta=42m13s remaining=317
[suite graph_states_extended :: ghz4] 1197/1513 ( 79.1%) done local_ry_only/ry_1.257_1.885 elapsed=2h39m24s avg=7.99s/cand eta=42m05s remaining=316
[suite graph_states_extended :: ghz4] 1198/1513 ( 79.2%) done local_ry_only/ry_1.257_2.513 elapsed=2h39m32s avg=7.99s/cand eta=41m57s remaining=315
[suite graph_states_extended :: ghz4] 1199/1513 ( 79.2%) done local_ry_only/ry_1.257_3.142 elapsed=2h39m39s avg=7.99s/cand eta=41m49s remaining=314
[suite graph_states_extended :: ghz4] 1200/1513 ( 79.3%) done local_ry_only/ry_1.257_3.770 elapsed=2h39m46s avg=7.99s/cand eta=41m40s remaining=313
[suite graph_states_extended :: ghz4] 1201/1513 ( 79.4%) done local_ry_only/ry_1.257_4.398 elapsed=2h39m54s avg=7.99s/cand eta=41m32s remaining=312
[suite graph_states_extended :: ghz4] 1202/1513 ( 79.4%) done local_ry_only/ry_1.257_5.027 elapsed=2h40m01s avg=7.99s/cand eta=41m24s remaining=311
[suite graph_states_extended :: ghz4] 1203/1513 ( 79.5%) done local_ry_only/ry_1.257_5.655 elapsed=2h40m09s avg=7.99s/cand eta=41m16s remaining=310
[suite graph_states_extended :: ghz4] 1204/1513 ( 79.6%) done local_ry_only/ry_1.885_0.000 elapsed=2h40m16s avg=7.99s/cand eta=41m08s remaining=309
[suite graph_states_extended :: ghz4] 1205/1513 ( 79.6%) done local_ry_only/ry_1.885_0.628 elapsed=2h40m23s avg=7.99s/cand eta=41m00s remaining=308
[suite graph_states_extended :: ghz4] 1206/1513 ( 79.7%) done local_ry_only/ry_1.885_1.257 elapsed=2h40m30s avg=7.98s/cand eta=40m51s remaining=307
[suite graph_states_extended :: ghz4] 1207/1513 ( 79.8%) done local_ry_only/ry_1.885_1.885 elapsed=2h40m37s avg=7.98s/cand eta=40m43s remaining=306
[suite graph_states_extended :: ghz4] 1208/1513 ( 79.8%) done local_ry_only/ry_1.885_2.513 elapsed=2h40m44s avg=7.98s/cand eta=40m35s remaining=305
[suite graph_states_extended :: ghz4] 1209/1513 ( 79.9%) done local_ry_only/ry_1.885_3.142 elapsed=2h40m51s avg=7.98s/cand eta=40m27s remaining=304
[suite graph_states_extended :: ghz4] 1210/1513 ( 80.0%) done local_ry_only/ry_1.885_3.770 elapsed=2h40m58s avg=7.98s/cand eta=40m19s remaining=303
[suite graph_states_extended :: ghz4] 1211/1513 ( 80.0%) done local_ry_only/ry_1.885_4.398 elapsed=2h41m06s avg=7.98s/cand eta=40m10s remaining=302
[suite graph_states_extended :: ghz4] 1212/1513 ( 80.1%) done local_ry_only/ry_1.885_5.027 elapsed=2h41m13s avg=7.98s/cand eta=40m02s remaining=301
[suite graph_states_extended :: ghz4] 1213/1513 ( 80.2%) done local_ry_only/ry_1.885_5.655 elapsed=2h41m20s avg=7.98s/cand eta=39m54s remaining=300
[suite graph_states_extended :: ghz4] 1214/1513 ( 80.2%) done local_ry_only/ry_2.513_0.000 elapsed=2h41m27s avg=7.98s/cand eta=39m46s remaining=299
[suite graph_states_extended :: ghz4] 1215/1513 ( 80.3%) done local_ry_only/ry_2.513_0.628 elapsed=2h41m34s avg=7.98s/cand eta=39m38s remaining=298
[suite graph_states_extended :: ghz4] 1216/1513 ( 80.4%) done local_ry_only/ry_2.513_1.257 elapsed=2h41m41s avg=7.98s/cand eta=39m29s remaining=297
[suite graph_states_extended :: ghz4] 1217/1513 ( 80.4%) done local_ry_only/ry_2.513_1.885 elapsed=2h41m49s avg=7.98s/cand eta=39m21s remaining=296
[suite graph_states_extended :: ghz4] 1218/1513 ( 80.5%) done local_ry_only/ry_2.513_2.513 elapsed=2h41m56s avg=7.98s/cand eta=39m13s remaining=295
[suite graph_states_extended :: ghz4] 1219/1513 ( 80.6%) done local_ry_only/ry_2.513_3.142 elapsed=2h42m03s avg=7.98s/cand eta=39m05s remaining=294
[suite graph_states_extended :: ghz4] 1220/1513 ( 80.6%) done local_ry_only/ry_2.513_3.770 elapsed=2h42m10s avg=7.98s/cand eta=38m57s remaining=293
[suite graph_states_extended :: ghz4] 1221/1513 ( 80.7%) done local_ry_only/ry_2.513_4.398 elapsed=2h42m18s avg=7.98s/cand eta=38m49s remaining=292
[suite graph_states_extended :: ghz4] 1222/1513 ( 80.8%) done local_ry_only/ry_2.513_5.027 elapsed=2h42m25s avg=7.97s/cand eta=38m41s remaining=291
[suite graph_states_extended :: ghz4] 1223/1513 ( 80.8%) done local_ry_only/ry_2.513_5.655 elapsed=2h42m32s avg=7.97s/cand eta=38m32s remaining=290
[suite graph_states_extended :: ghz4] 1224/1513 ( 80.9%) done local_ry_only/ry_3.142_0.000 elapsed=2h42m38s avg=7.97s/cand eta=38m24s remaining=289
[suite graph_states_extended :: ghz4] 1225/1513 ( 81.0%) done local_ry_only/ry_3.142_0.628 elapsed=2h42m46s avg=7.97s/cand eta=38m16s remaining=288
[suite graph_states_extended :: ghz4] 1226/1513 ( 81.0%) done local_ry_only/ry_3.142_1.257 elapsed=2h42m53s avg=7.97s/cand eta=38m08s remaining=287
[suite graph_states_extended :: ghz4] 1227/1513 ( 81.1%) done local_ry_only/ry_3.142_1.885 elapsed=2h43m00s avg=7.97s/cand eta=38m00s remaining=286
[suite graph_states_extended :: ghz4] 1228/1513 ( 81.2%) done local_ry_only/ry_3.142_2.513 elapsed=2h43m07s avg=7.97s/cand eta=37m52s remaining=285
[suite graph_states_extended :: ghz4] 1229/1513 ( 81.2%) done local_ry_only/ry_3.142_3.142 elapsed=2h43m14s avg=7.97s/cand eta=37m43s remaining=284
[suite graph_states_extended :: ghz4] 1230/1513 ( 81.3%) done local_ry_only/ry_3.142_3.770 elapsed=2h43m22s avg=7.97s/cand eta=37m35s remaining=283
[suite graph_states_extended :: ghz4] 1231/1513 ( 81.4%) done local_ry_only/ry_3.142_4.398 elapsed=2h43m29s avg=7.97s/cand eta=37m27s remaining=282
[suite graph_states_extended :: ghz4] 1232/1513 ( 81.4%) done local_ry_only/ry_3.142_5.027 elapsed=2h43m36s avg=7.97s/cand eta=37m19s remaining=281
[suite graph_states_extended :: ghz4] 1233/1513 ( 81.5%) done local_ry_only/ry_3.142_5.655 elapsed=2h43m43s avg=7.97s/cand eta=37m11s remaining=280
[suite graph_states_extended :: ghz4] 1234/1513 ( 81.6%) done local_ry_only/ry_3.770_0.000 elapsed=2h43m51s avg=7.97s/cand eta=37m03s remaining=279
[suite graph_states_extended :: ghz4] 1235/1513 ( 81.6%) done local_ry_only/ry_3.770_0.628 elapsed=2h43m58s avg=7.97s/cand eta=36m55s remaining=278
[suite graph_states_extended :: ghz4] 1236/1513 ( 81.7%) done local_ry_only/ry_3.770_1.257 elapsed=2h44m05s avg=7.97s/cand eta=36m46s remaining=277
[suite graph_states_extended :: ghz4] 1237/1513 ( 81.8%) done local_ry_only/ry_3.770_1.885 elapsed=2h44m12s avg=7.96s/cand eta=36m38s remaining=276
[suite graph_states_extended :: ghz4] 1238/1513 ( 81.8%) done local_ry_only/ry_3.770_2.513 elapsed=2h44m19s avg=7.96s/cand eta=36m30s remaining=275
[suite graph_states_extended :: ghz4] 1239/1513 ( 81.9%) done local_ry_only/ry_3.770_3.142 elapsed=2h44m26s avg=7.96s/cand eta=36m22s remaining=274
[suite graph_states_extended :: ghz4] 1240/1513 ( 82.0%) done local_ry_only/ry_3.770_3.770 elapsed=2h44m34s avg=7.96s/cand eta=36m14s remaining=273
[suite graph_states_extended :: ghz4] 1241/1513 ( 82.0%) done local_ry_only/ry_3.770_4.398 elapsed=2h44m41s avg=7.96s/cand eta=36m06s remaining=272
[suite graph_states_extended :: ghz4] 1242/1513 ( 82.1%) done local_ry_only/ry_3.770_5.027 elapsed=2h44m48s avg=7.96s/cand eta=35m57s remaining=271
[suite graph_states_extended :: ghz4] 1243/1513 ( 82.2%) done local_ry_only/ry_3.770_5.655 elapsed=2h44m55s avg=7.96s/cand eta=35m49s remaining=270
[suite graph_states_extended :: ghz4] 1244/1513 ( 82.2%) done local_ry_only/ry_4.398_0.000 elapsed=2h45m02s avg=7.96s/cand eta=35m41s remaining=269
[suite graph_states_extended :: ghz4] 1245/1513 ( 82.3%) done local_ry_only/ry_4.398_0.628 elapsed=2h45m10s avg=7.96s/cand eta=35m33s remaining=268
[suite graph_states_extended :: ghz4] 1246/1513 ( 82.4%) done local_ry_only/ry_4.398_1.257 elapsed=2h45m17s avg=7.96s/cand eta=35m25s remaining=267
[suite graph_states_extended :: ghz4] 1247/1513 ( 82.4%) done local_ry_only/ry_4.398_1.885 elapsed=2h45m24s avg=7.96s/cand eta=35m17s remaining=266
[suite graph_states_extended :: ghz4] 1248/1513 ( 82.5%) done local_ry_only/ry_4.398_2.513 elapsed=2h45m31s avg=7.96s/cand eta=35m09s remaining=265
[suite graph_states_extended :: ghz4] 1249/1513 ( 82.6%) done local_ry_only/ry_4.398_3.142 elapsed=2h45m38s avg=7.96s/cand eta=35m01s remaining=264
[suite graph_states_extended :: ghz4] 1250/1513 ( 82.6%) done local_ry_only/ry_4.398_3.770 elapsed=2h45m46s avg=7.96s/cand eta=34m53s remaining=263
[suite graph_states_extended :: ghz4] 1251/1513 ( 82.7%) done local_ry_only/ry_4.398_4.398 elapsed=2h45m53s avg=7.96s/cand eta=34m44s remaining=262
[suite graph_states_extended :: ghz4] 1252/1513 ( 82.7%) done local_ry_only/ry_4.398_5.027 elapsed=2h46m00s avg=7.96s/cand eta=34m36s remaining=261
[suite graph_states_extended :: ghz4] 1253/1513 ( 82.8%) done local_ry_only/ry_4.398_5.655 elapsed=2h46m07s avg=7.95s/cand eta=34m28s remaining=260
[suite graph_states_extended :: ghz4] 1254/1513 ( 82.9%) done local_ry_only/ry_5.027_0.000 elapsed=2h46m15s avg=7.95s/cand eta=34m20s remaining=259
[suite graph_states_extended :: ghz4] 1255/1513 ( 82.9%) done local_ry_only/ry_5.027_0.628 elapsed=2h46m22s avg=7.95s/cand eta=34m12s remaining=258
[suite graph_states_extended :: ghz4] 1256/1513 ( 83.0%) done local_ry_only/ry_5.027_1.257 elapsed=2h46m29s avg=7.95s/cand eta=34m04s remaining=257
[suite graph_states_extended :: ghz4] 1257/1513 ( 83.1%) done local_ry_only/ry_5.027_1.885 elapsed=2h46m37s avg=7.95s/cand eta=33m56s remaining=256
[suite graph_states_extended :: ghz4] 1258/1513 ( 83.1%) done local_ry_only/ry_5.027_2.513 elapsed=2h46m44s avg=7.95s/cand eta=33m48s remaining=255
[suite graph_states_extended :: ghz4] 1259/1513 ( 83.2%) done local_ry_only/ry_5.027_3.142 elapsed=2h46m51s avg=7.95s/cand eta=33m40s remaining=254
[suite graph_states_extended :: ghz4] 1260/1513 ( 83.3%) done local_ry_only/ry_5.027_3.770 elapsed=2h46m58s avg=7.95s/cand eta=33m32s remaining=253
[suite graph_states_extended :: ghz4] 1261/1513 ( 83.3%) done local_ry_only/ry_5.027_4.398 elapsed=2h47m05s avg=7.95s/cand eta=33m23s remaining=252
[suite graph_states_extended :: ghz4] 1262/1513 ( 83.4%) done local_ry_only/ry_5.027_5.027 elapsed=2h47m12s avg=7.95s/cand eta=33m15s remaining=251
[suite graph_states_extended :: ghz4] 1263/1513 ( 83.5%) done local_ry_only/ry_5.027_5.655 elapsed=2h47m19s avg=7.95s/cand eta=33m07s remaining=250
[suite graph_states_extended :: ghz4] 1264/1513 ( 83.5%) done local_ry_only/ry_5.655_0.000 elapsed=2h47m26s avg=7.95s/cand eta=32m59s remaining=249
[suite graph_states_extended :: ghz4] 1265/1513 ( 83.6%) done local_ry_only/ry_5.655_0.628 elapsed=2h47m34s avg=7.95s/cand eta=32m51s remaining=248
[suite graph_states_extended :: ghz4] 1266/1513 ( 83.7%) done local_ry_only/ry_5.655_1.257 elapsed=2h47m41s avg=7.95s/cand eta=32m43s remaining=247
[suite graph_states_extended :: ghz4] 1267/1513 ( 83.7%) done local_ry_only/ry_5.655_1.885 elapsed=2h47m49s avg=7.95s/cand eta=32m35s remaining=246
[suite graph_states_extended :: ghz4] 1268/1513 ( 83.8%) done local_ry_only/ry_5.655_2.513 elapsed=2h47m56s avg=7.95s/cand eta=32m27s remaining=245
[suite graph_states_extended :: ghz4] 1269/1513 ( 83.9%) done local_ry_only/ry_5.655_3.142 elapsed=2h48m03s avg=7.95s/cand eta=32m19s remaining=244
[suite graph_states_extended :: ghz4] 1270/1513 ( 83.9%) done local_ry_only/ry_5.655_3.770 elapsed=2h48m10s avg=7.94s/cand eta=32m11s remaining=243
[suite graph_states_extended :: ghz4] 1271/1513 ( 84.0%) done local_ry_only/ry_5.655_4.398 elapsed=2h48m17s avg=7.94s/cand eta=32m02s remaining=242
[suite graph_states_extended :: ghz4] 1272/1513 ( 84.1%) done local_ry_only/ry_5.655_5.027 elapsed=2h48m24s avg=7.94s/cand eta=31m54s remaining=241
[suite graph_states_extended :: ghz4] 1273/1513 ( 84.1%) done local_ry_only/ry_5.655_5.655 elapsed=2h48m31s avg=7.94s/cand eta=31m46s remaining=240
[suite graph_states_extended :: ghz4] 1274/1513 ( 84.2%) done local_general_su2/lsu2_000 elapsed=2h48m38s avg=7.94s/cand eta=31m38s remaining=239
[suite graph_states_extended :: ghz4] 1275/1513 ( 84.3%) done local_general_su2/lsu2_001 elapsed=2h48m45s avg=7.94s/cand eta=31m30s remaining=238
[suite graph_states_extended :: ghz4] 1276/1513 ( 84.3%) done local_general_su2/lsu2_002 elapsed=2h48m52s avg=7.94s/cand eta=31m22s remaining=237
[suite graph_states_extended :: ghz4] 1277/1513 ( 84.4%) done local_general_su2/lsu2_003 elapsed=2h49m00s avg=7.94s/cand eta=31m14s remaining=236
[suite graph_states_extended :: ghz4] 1278/1513 ( 84.5%) done local_general_su2/lsu2_004 elapsed=2h49m07s avg=7.94s/cand eta=31m06s remaining=235
[suite graph_states_extended :: ghz4] 1279/1513 ( 84.5%) done local_general_su2/lsu2_005 elapsed=2h49m15s avg=7.94s/cand eta=30m58s remaining=234
[suite graph_states_extended :: ghz4] 1280/1513 ( 84.6%) done local_general_su2/lsu2_006 elapsed=2h49m22s avg=7.94s/cand eta=30m50s remaining=233
[suite graph_states_extended :: ghz4] 1281/1513 ( 84.7%) done local_general_su2/lsu2_007 elapsed=2h49m29s avg=7.94s/cand eta=30m42s remaining=232
[suite graph_states_extended :: ghz4] 1282/1513 ( 84.7%) done local_general_su2/lsu2_008 elapsed=2h49m37s avg=7.94s/cand eta=30m34s remaining=231
[suite graph_states_extended :: ghz4] 1283/1513 ( 84.8%) done local_general_su2/lsu2_009 elapsed=2h49m44s avg=7.94s/cand eta=30m26s remaining=230
[suite graph_states_extended :: ghz4] 1284/1513 ( 84.9%) done local_general_su2/lsu2_010 elapsed=2h49m51s avg=7.94s/cand eta=30m18s remaining=229
[suite graph_states_extended :: ghz4] 1285/1513 ( 84.9%) done local_general_su2/lsu2_011 elapsed=2h49m59s avg=7.94s/cand eta=30m10s remaining=228
[suite graph_states_extended :: ghz4] 1286/1513 ( 85.0%) done local_general_su2/lsu2_012 elapsed=2h50m06s avg=7.94s/cand eta=30m02s remaining=227
[suite graph_states_extended :: ghz4] 1287/1513 ( 85.1%) done local_general_su2/lsu2_013 elapsed=2h50m14s avg=7.94s/cand eta=29m54s remaining=226
[suite graph_states_extended :: ghz4] 1288/1513 ( 85.1%) done local_general_su2/lsu2_014 elapsed=2h50m21s avg=7.94s/cand eta=29m46s remaining=225
[suite graph_states_extended :: ghz4] 1289/1513 ( 85.2%) done local_general_su2/lsu2_015 elapsed=2h50m28s avg=7.93s/cand eta=29m37s remaining=224
[suite graph_states_extended :: ghz4] 1290/1513 ( 85.3%) done local_general_su2/lsu2_016 elapsed=2h50m36s avg=7.93s/cand eta=29m29s remaining=223
[suite graph_states_extended :: ghz4] 1291/1513 ( 85.3%) done local_general_su2/lsu2_017 elapsed=2h50m43s avg=7.93s/cand eta=29m21s remaining=222
[suite graph_states_extended :: ghz4] 1292/1513 ( 85.4%) done local_general_su2/lsu2_018 elapsed=2h50m51s avg=7.93s/cand eta=29m13s remaining=221
[suite graph_states_extended :: ghz4] 1293/1513 ( 85.5%) done local_general_su2/lsu2_019 elapsed=2h50m58s avg=7.93s/cand eta=29m05s remaining=220
[suite graph_states_extended :: ghz4] 1294/1513 ( 85.5%) done local_general_su2/lsu2_020 elapsed=2h51m06s avg=7.93s/cand eta=28m57s remaining=219
[suite graph_states_extended :: ghz4] 1295/1513 ( 85.6%) done local_general_su2/lsu2_021 elapsed=2h51m13s avg=7.93s/cand eta=28m49s remaining=218
[suite graph_states_extended :: ghz4] 1296/1513 ( 85.7%) done local_general_su2/lsu2_022 elapsed=2h51m21s avg=7.93s/cand eta=28m41s remaining=217
[suite graph_states_extended :: ghz4] 1297/1513 ( 85.7%) done local_general_su2/lsu2_023 elapsed=2h51m28s avg=7.93s/cand eta=28m33s remaining=216
[suite graph_states_extended :: ghz4] 1298/1513 ( 85.8%) done local_general_su2/lsu2_024 elapsed=2h51m35s avg=7.93s/cand eta=28m25s remaining=215
[suite graph_states_extended :: ghz4] 1299/1513 ( 85.9%) done local_general_su2/lsu2_025 elapsed=2h51m43s avg=7.93s/cand eta=28m17s remaining=214
[suite graph_states_extended :: ghz4] 1300/1513 ( 85.9%) done local_general_su2/lsu2_026 elapsed=2h51m50s avg=7.93s/cand eta=28m09s remaining=213
[suite graph_states_extended :: ghz4] 1301/1513 ( 86.0%) done local_general_su2/lsu2_027 elapsed=2h51m58s avg=7.93s/cand eta=28m01s remaining=212
[suite graph_states_extended :: ghz4] 1302/1513 ( 86.1%) done local_general_su2/lsu2_028 elapsed=2h52m05s avg=7.93s/cand eta=27m53s remaining=211
[suite graph_states_extended :: ghz4] 1303/1513 ( 86.1%) done local_general_su2/lsu2_029 elapsed=2h52m13s avg=7.93s/cand eta=27m45s remaining=210
[suite graph_states_extended :: ghz4] 1304/1513 ( 86.2%) done real_orthogonal/real_000 elapsed=2h52m21s avg=7.93s/cand eta=27m37s remaining=209
[suite graph_states_extended :: ghz4] 1305/1513 ( 86.3%) done real_orthogonal/real_001 elapsed=2h52m28s avg=7.93s/cand eta=27m29s remaining=208
[suite graph_states_extended :: ghz4] 1306/1513 ( 86.3%) done real_orthogonal/real_002 elapsed=2h52m37s avg=7.93s/cand eta=27m22s remaining=207
[suite graph_states_extended :: ghz4] 1307/1513 ( 86.4%) done real_orthogonal/real_003 elapsed=2h52m44s avg=7.93s/cand eta=27m14s remaining=206
[suite graph_states_extended :: ghz4] 1308/1513 ( 86.5%) done real_orthogonal/real_004 elapsed=2h52m52s avg=7.93s/cand eta=27m06s remaining=205
[suite graph_states_extended :: ghz4] 1309/1513 ( 86.5%) done real_orthogonal/real_005 elapsed=2h53m01s avg=7.93s/cand eta=26m58s remaining=204
[suite graph_states_extended :: ghz4] 1310/1513 ( 86.6%) done real_orthogonal/real_006 elapsed=2h53m08s avg=7.93s/cand eta=26m50s remaining=203
[suite graph_states_extended :: ghz4] 1311/1513 ( 86.6%) done real_orthogonal/real_007 elapsed=2h53m16s avg=7.93s/cand eta=26m42s remaining=202
[suite graph_states_extended :: ghz4] 1312/1513 ( 86.7%) done real_orthogonal/real_008 elapsed=2h53m25s avg=7.93s/cand eta=26m34s remaining=201
[suite graph_states_extended :: ghz4] 1313/1513 ( 86.8%) done real_orthogonal/real_009 elapsed=2h53m33s avg=7.93s/cand eta=26m26s remaining=200
[suite graph_states_extended :: ghz4] 1314/1513 ( 86.8%) done real_orthogonal/real_010 elapsed=2h53m41s avg=7.93s/cand eta=26m18s remaining=199
[suite graph_states_extended :: ghz4] 1315/1513 ( 86.9%) done real_orthogonal/real_011 elapsed=2h53m50s avg=7.93s/cand eta=26m10s remaining=198
[suite graph_states_extended :: ghz4] 1316/1513 ( 87.0%) done real_orthogonal/real_012 elapsed=2h53m58s avg=7.93s/cand eta=26m03s remaining=197
[suite graph_states_extended :: ghz4] 1317/1513 ( 87.0%) done real_orthogonal/real_013 elapsed=2h54m07s avg=7.93s/cand eta=25m55s remaining=196
[suite graph_states_extended :: ghz4] 1318/1513 ( 87.1%) done real_orthogonal/real_014 elapsed=2h54m15s avg=7.93s/cand eta=25m47s remaining=195
[suite graph_states_extended :: ghz4] 1319/1513 ( 87.2%) done real_orthogonal/real_015 elapsed=2h54m23s avg=7.93s/cand eta=25m39s remaining=194
[suite graph_states_extended :: ghz4] 1320/1513 ( 87.2%) done real_orthogonal/real_016 elapsed=2h54m30s avg=7.93s/cand eta=25m31s remaining=193
[suite graph_states_extended :: ghz4] 1321/1513 ( 87.3%) done real_orthogonal/real_017 elapsed=2h54m39s avg=7.93s/cand eta=25m23s remaining=192
[suite graph_states_extended :: ghz4] 1322/1513 ( 87.4%) done real_orthogonal/real_018 elapsed=2h54m47s avg=7.93s/cand eta=25m15s remaining=191
[suite graph_states_extended :: ghz4] 1323/1513 ( 87.4%) done real_orthogonal/real_019 elapsed=2h54m55s avg=7.93s/cand eta=25m07s remaining=190
[suite graph_states_extended :: ghz4] 1324/1513 ( 87.5%) done near_identity/nearid_eps0.01_00 elapsed=2h55m02s avg=7.93s/cand eta=24m59s remaining=189
[suite graph_states_extended :: ghz4] 1325/1513 ( 87.6%) done near_identity/nearid_eps0.01_01 elapsed=2h55m09s avg=7.93s/cand eta=24m51s remaining=188
[suite graph_states_extended :: ghz4] 1326/1513 ( 87.6%) done near_identity/nearid_eps0.01_02 elapsed=2h55m15s avg=7.93s/cand eta=24m43s remaining=187
[suite graph_states_extended :: ghz4] 1327/1513 ( 87.7%) done near_identity/nearid_eps0.01_03 elapsed=2h55m22s avg=7.93s/cand eta=24m35s remaining=186
[suite graph_states_extended :: ghz4] 1328/1513 ( 87.8%) done near_identity/nearid_eps0.01_04 elapsed=2h55m29s avg=7.93s/cand eta=24m27s remaining=185
[suite graph_states_extended :: ghz4] 1329/1513 ( 87.8%) done near_identity/nearid_eps0.01_05 elapsed=2h55m36s avg=7.93s/cand eta=24m19s remaining=184
[suite graph_states_extended :: ghz4] 1330/1513 ( 87.9%) done near_identity/nearid_eps0.01_06 elapsed=2h55m43s avg=7.93s/cand eta=24m11s remaining=183
[suite graph_states_extended :: ghz4] 1331/1513 ( 88.0%) done near_identity/nearid_eps0.01_07 elapsed=2h55m50s avg=7.93s/cand eta=24m03s remaining=182
[suite graph_states_extended :: ghz4] 1332/1513 ( 88.0%) done near_identity/nearid_eps0.01_08 elapsed=2h55m56s avg=7.93s/cand eta=23m54s remaining=181
[suite graph_states_extended :: ghz4] 1333/1513 ( 88.1%) done near_identity/nearid_eps0.01_09 elapsed=2h56m03s avg=7.92s/cand eta=23m46s remaining=180
[suite graph_states_extended :: ghz4] 1334/1513 ( 88.2%) done near_identity/nearid_eps0.03_00 elapsed=2h56m10s avg=7.92s/cand eta=23m38s remaining=179
[suite graph_states_extended :: ghz4] 1335/1513 ( 88.2%) done near_identity/nearid_eps0.03_01 elapsed=2h56m17s avg=7.92s/cand eta=23m30s remaining=178
[suite graph_states_extended :: ghz4] 1336/1513 ( 88.3%) done near_identity/nearid_eps0.03_02 elapsed=2h56m24s avg=7.92s/cand eta=23m22s remaining=177
[suite graph_states_extended :: ghz4] 1337/1513 ( 88.4%) done near_identity/nearid_eps0.03_03 elapsed=2h56m30s avg=7.92s/cand eta=23m14s remaining=176
[suite graph_states_extended :: ghz4] 1338/1513 ( 88.4%) done near_identity/nearid_eps0.03_04 elapsed=2h56m37s avg=7.92s/cand eta=23m06s remaining=175
[suite graph_states_extended :: ghz4] 1339/1513 ( 88.5%) done near_identity/nearid_eps0.03_05 elapsed=2h56m44s avg=7.92s/cand eta=22m58s remaining=174
[suite graph_states_extended :: ghz4] 1340/1513 ( 88.6%) done near_identity/nearid_eps0.03_06 elapsed=2h56m51s avg=7.92s/cand eta=22m50s remaining=173
[suite graph_states_extended :: ghz4] 1341/1513 ( 88.6%) done near_identity/nearid_eps0.03_07 elapsed=2h56m58s avg=7.92s/cand eta=22m42s remaining=172
[suite graph_states_extended :: ghz4] 1342/1513 ( 88.7%) done near_identity/nearid_eps0.03_08 elapsed=2h57m05s avg=7.92s/cand eta=22m34s remaining=171
[suite graph_states_extended :: ghz4] 1343/1513 ( 88.8%) done near_identity/nearid_eps0.03_09 elapsed=2h57m12s avg=7.92s/cand eta=22m26s remaining=170
[suite graph_states_extended :: ghz4] 1344/1513 ( 88.8%) done near_identity/nearid_eps0.05_00 elapsed=2h57m18s avg=7.92s/cand eta=22m18s remaining=169
[suite graph_states_extended :: ghz4] 1345/1513 ( 88.9%) done near_identity/nearid_eps0.05_01 elapsed=2h57m25s avg=7.91s/cand eta=22m10s remaining=168
[suite graph_states_extended :: ghz4] 1346/1513 ( 89.0%) done near_identity/nearid_eps0.05_02 elapsed=2h57m32s avg=7.91s/cand eta=22m02s remaining=167
[suite graph_states_extended :: ghz4] 1347/1513 ( 89.0%) done near_identity/nearid_eps0.05_03 elapsed=2h57m39s avg=7.91s/cand eta=21m54s remaining=166
[suite graph_states_extended :: ghz4] 1348/1513 ( 89.1%) done near_identity/nearid_eps0.05_04 elapsed=2h57m46s avg=7.91s/cand eta=21m46s remaining=165
[suite graph_states_extended :: ghz4] 1349/1513 ( 89.2%) done near_identity/nearid_eps0.05_05 elapsed=2h57m52s avg=7.91s/cand eta=21m37s remaining=164
[suite graph_states_extended :: ghz4] 1350/1513 ( 89.2%) done near_identity/nearid_eps0.05_06 elapsed=2h57m59s avg=7.91s/cand eta=21m29s remaining=163
[suite graph_states_extended :: ghz4] 1351/1513 ( 89.3%) done near_identity/nearid_eps0.05_07 elapsed=2h58m06s avg=7.91s/cand eta=21m21s remaining=162
[suite graph_states_extended :: ghz4] 1352/1513 ( 89.4%) done near_identity/nearid_eps0.05_08 elapsed=2h58m13s avg=7.91s/cand eta=21m13s remaining=161
[suite graph_states_extended :: ghz4] 1353/1513 ( 89.4%) done near_identity/nearid_eps0.05_09 elapsed=2h58m20s avg=7.91s/cand eta=21m05s remaining=160
[suite graph_states_extended :: ghz4] 1354/1513 ( 89.5%) done near_identity/nearid_eps0.10_00 elapsed=2h58m27s avg=7.91s/cand eta=20m57s remaining=159
[suite graph_states_extended :: ghz4] 1355/1513 ( 89.6%) done near_identity/nearid_eps0.10_01 elapsed=2h58m33s avg=7.91s/cand eta=20m49s remaining=158
[suite graph_states_extended :: ghz4] 1356/1513 ( 89.6%) done near_identity/nearid_eps0.10_02 elapsed=2h58m40s avg=7.91s/cand eta=20m41s remaining=157
[suite graph_states_extended :: ghz4] 1357/1513 ( 89.7%) done near_identity/nearid_eps0.10_03 elapsed=2h58m47s avg=7.91s/cand eta=20m33s remaining=156
[suite graph_states_extended :: ghz4] 1358/1513 ( 89.8%) done near_identity/nearid_eps0.10_04 elapsed=2h58m54s avg=7.90s/cand eta=20m25s remaining=155
[suite graph_states_extended :: ghz4] 1359/1513 ( 89.8%) done near_identity/nearid_eps0.10_05 elapsed=2h59m01s avg=7.90s/cand eta=20m17s remaining=154
[suite graph_states_extended :: ghz4] 1360/1513 ( 89.9%) done near_identity/nearid_eps0.10_06 elapsed=2h59m08s avg=7.90s/cand eta=20m09s remaining=153
[suite graph_states_extended :: ghz4] 1361/1513 ( 90.0%) done near_identity/nearid_eps0.10_07 elapsed=2h59m15s avg=7.90s/cand eta=20m01s remaining=152
[suite graph_states_extended :: ghz4] 1362/1513 ( 90.0%) done near_identity/nearid_eps0.10_08 elapsed=2h59m22s avg=7.90s/cand eta=19m53s remaining=151
[suite graph_states_extended :: ghz4] 1363/1513 ( 90.1%) done near_identity/nearid_eps0.10_09 elapsed=2h59m29s avg=7.90s/cand eta=19m45s remaining=150
[suite graph_states_extended :: ghz4] 1364/1513 ( 90.2%) done finer_structured/fine_t0.00_p1.20_a0.50 elapsed=2h59m36s avg=7.90s/cand eta=19m37s remaining=149
[suite graph_states_extended :: ghz4] 1365/1513 ( 90.2%) done finer_structured/fine_t0.00_p1.20_a0.65 elapsed=2h59m44s avg=7.90s/cand eta=19m29s remaining=148
[suite graph_states_extended :: ghz4] 1366/1513 ( 90.3%) done finer_structured/fine_t0.00_p1.20_a0.80 elapsed=2h59m51s avg=7.90s/cand eta=19m21s remaining=147
[suite graph_states_extended :: ghz4] 1367/1513 ( 90.4%) done finer_structured/fine_t0.00_p1.20_a0.95 elapsed=2h59m59s avg=7.90s/cand eta=19m13s remaining=146
[suite graph_states_extended :: ghz4] 1368/1513 ( 90.4%) done finer_structured/fine_t0.00_p1.20_a1.10 elapsed=3h00m07s avg=7.90s/cand eta=19m05s remaining=145
[suite graph_states_extended :: ghz4] 1369/1513 ( 90.5%) done finer_structured/fine_t0.00_p1.32_a0.50 elapsed=3h00m14s avg=7.90s/cand eta=18m57s remaining=144
[suite graph_states_extended :: ghz4] 1370/1513 ( 90.5%) done finer_structured/fine_t0.00_p1.32_a0.65 elapsed=3h00m22s avg=7.90s/cand eta=18m50s remaining=143
[suite graph_states_extended :: ghz4] 1371/1513 ( 90.6%) done finer_structured/fine_t0.00_p1.32_a0.80 elapsed=3h00m29s avg=7.90s/cand eta=18m42s remaining=142
[suite graph_states_extended :: ghz4] 1372/1513 ( 90.7%) done finer_structured/fine_t0.00_p1.32_a0.95 elapsed=3h00m37s avg=7.90s/cand eta=18m34s remaining=141
[suite graph_states_extended :: ghz4] 1373/1513 ( 90.7%) done finer_structured/fine_t0.00_p1.32_a1.10 elapsed=3h00m45s avg=7.90s/cand eta=18m26s remaining=140
[suite graph_states_extended :: ghz4] 1374/1513 ( 90.8%) done finer_structured/fine_t0.00_p1.45_a0.50 elapsed=3h00m52s avg=7.90s/cand eta=18m18s remaining=139
[suite graph_states_extended :: ghz4] 1375/1513 ( 90.9%) done finer_structured/fine_t0.00_p1.45_a0.65 elapsed=3h01m00s avg=7.90s/cand eta=18m10s remaining=138
[suite graph_states_extended :: ghz4] 1376/1513 ( 90.9%) done finer_structured/fine_t0.00_p1.45_a0.80 elapsed=3h01m08s avg=7.90s/cand eta=18m02s remaining=137
[suite graph_states_extended :: ghz4] 1377/1513 ( 91.0%) done finer_structured/fine_t0.00_p1.45_a0.95 elapsed=3h01m15s avg=7.90s/cand eta=17m54s remaining=136
[suite graph_states_extended :: ghz4] 1378/1513 ( 91.1%) done finer_structured/fine_t0.00_p1.45_a1.10 elapsed=3h01m23s avg=7.90s/cand eta=17m46s remaining=135
[suite graph_states_extended :: ghz4] 1379/1513 ( 91.1%) done finer_structured/fine_t0.00_p1.57_a0.50 elapsed=3h01m30s avg=7.90s/cand eta=17m38s remaining=134
[suite graph_states_extended :: ghz4] 1380/1513 ( 91.2%) done finer_structured/fine_t0.00_p1.57_a0.65 elapsed=3h01m38s avg=7.90s/cand eta=17m30s remaining=133
[suite graph_states_extended :: ghz4] 1381/1513 ( 91.3%) done finer_structured/fine_t0.00_p1.57_a0.80 elapsed=3h01m45s avg=7.90s/cand eta=17m22s remaining=132
[suite graph_states_extended :: ghz4] 1382/1513 ( 91.3%) done finer_structured/fine_t0.00_p1.57_a0.95 elapsed=3h01m53s avg=7.90s/cand eta=17m14s remaining=131
[suite graph_states_extended :: ghz4] 1383/1513 ( 91.4%) done finer_structured/fine_t0.00_p1.57_a1.10 elapsed=3h02m01s avg=7.90s/cand eta=17m07s remaining=130
[suite graph_states_extended :: ghz4] 1384/1513 ( 91.5%) done finer_structured/fine_t0.00_p1.70_a0.50 elapsed=3h02m08s avg=7.90s/cand eta=16m59s remaining=129
[suite graph_states_extended :: ghz4] 1385/1513 ( 91.5%) done finer_structured/fine_t0.00_p1.70_a0.65 elapsed=3h02m16s avg=7.90s/cand eta=16m51s remaining=128
[suite graph_states_extended :: ghz4] 1386/1513 ( 91.6%) done finer_structured/fine_t0.00_p1.70_a0.80 elapsed=3h02m24s avg=7.90s/cand eta=16m43s remaining=127
[suite graph_states_extended :: ghz4] 1387/1513 ( 91.7%) done finer_structured/fine_t0.00_p1.70_a0.95 elapsed=3h02m31s avg=7.90s/cand eta=16m35s remaining=126
[suite graph_states_extended :: ghz4] 1388/1513 ( 91.7%) done finer_structured/fine_t0.00_p1.70_a1.10 elapsed=3h02m39s avg=7.90s/cand eta=16m27s remaining=125
[suite graph_states_extended :: ghz4] 1389/1513 ( 91.8%) done finer_structured/fine_t0.17_p1.20_a0.50 elapsed=3h02m46s avg=7.90s/cand eta=16m19s remaining=124
[suite graph_states_extended :: ghz4] 1390/1513 ( 91.9%) done finer_structured/fine_t0.17_p1.20_a0.65 elapsed=3h02m54s avg=7.89s/cand eta=16m11s remaining=123
[suite graph_states_extended :: ghz4] 1391/1513 ( 91.9%) done finer_structured/fine_t0.17_p1.20_a0.80 elapsed=3h03m02s avg=7.89s/cand eta=16m03s remaining=122
[suite graph_states_extended :: ghz4] 1392/1513 ( 92.0%) done finer_structured/fine_t0.17_p1.20_a0.95 elapsed=3h03m09s avg=7.89s/cand eta=15m55s remaining=121
[suite graph_states_extended :: ghz4] 1393/1513 ( 92.1%) done finer_structured/fine_t0.17_p1.20_a1.10 elapsed=3h03m18s avg=7.90s/cand eta=15m47s remaining=120
[suite graph_states_extended :: ghz4] 1394/1513 ( 92.1%) done finer_structured/fine_t0.17_p1.32_a0.50 elapsed=3h03m25s avg=7.89s/cand eta=15m39s remaining=119
[suite graph_states_extended :: ghz4] 1395/1513 ( 92.2%) done finer_structured/fine_t0.17_p1.32_a0.65 elapsed=3h03m33s avg=7.89s/cand eta=15m32s remaining=118
[suite graph_states_extended :: ghz4] 1396/1513 ( 92.3%) done finer_structured/fine_t0.17_p1.32_a0.80 elapsed=3h03m41s avg=7.89s/cand eta=15m24s remaining=117
[suite graph_states_extended :: ghz4] 1397/1513 ( 92.3%) done finer_structured/fine_t0.17_p1.32_a0.95 elapsed=3h03m49s avg=7.89s/cand eta=15m16s remaining=116
[suite graph_states_extended :: ghz4] 1398/1513 ( 92.4%) done finer_structured/fine_t0.17_p1.32_a1.10 elapsed=3h03m57s avg=7.89s/cand eta=15m08s remaining=115
[suite graph_states_extended :: ghz4] 1399/1513 ( 92.5%) done finer_structured/fine_t0.17_p1.45_a0.50 elapsed=3h04m04s avg=7.89s/cand eta=15m00s remaining=114
[suite graph_states_extended :: ghz4] 1400/1513 ( 92.5%) done finer_structured/fine_t0.17_p1.45_a0.65 elapsed=3h04m12s avg=7.89s/cand eta=14m52s remaining=113
[suite graph_states_extended :: ghz4] 1401/1513 ( 92.6%) done finer_structured/fine_t0.17_p1.45_a0.80 elapsed=3h04m20s avg=7.89s/cand eta=14m44s remaining=112
[suite graph_states_extended :: ghz4] 1402/1513 ( 92.7%) done finer_structured/fine_t0.17_p1.45_a0.95 elapsed=3h04m27s avg=7.89s/cand eta=14m36s remaining=111
[suite graph_states_extended :: ghz4] 1403/1513 ( 92.7%) done finer_structured/fine_t0.17_p1.45_a1.10 elapsed=3h04m35s avg=7.89s/cand eta=14m28s remaining=110
[suite graph_states_extended :: ghz4] 1404/1513 ( 92.8%) done finer_structured/fine_t0.17_p1.57_a0.50 elapsed=3h04m43s avg=7.89s/cand eta=14m20s remaining=109
[suite graph_states_extended :: ghz4] 1405/1513 ( 92.9%) done finer_structured/fine_t0.17_p1.57_a0.65 elapsed=3h04m50s avg=7.89s/cand eta=14m12s remaining=108
[suite graph_states_extended :: ghz4] 1406/1513 ( 92.9%) done finer_structured/fine_t0.17_p1.57_a0.80 elapsed=3h04m58s avg=7.89s/cand eta=14m05s remaining=107
[suite graph_states_extended :: ghz4] 1407/1513 ( 93.0%) done finer_structured/fine_t0.17_p1.57_a0.95 elapsed=3h05m06s avg=7.89s/cand eta=13m57s remaining=106
[suite graph_states_extended :: ghz4] 1408/1513 ( 93.1%) done finer_structured/fine_t0.17_p1.57_a1.10 elapsed=3h05m13s avg=7.89s/cand eta=13m49s remaining=105
[suite graph_states_extended :: ghz4] 1409/1513 ( 93.1%) done finer_structured/fine_t0.17_p1.70_a0.50 elapsed=3h05m21s avg=7.89s/cand eta=13m41s remaining=104
[suite graph_states_extended :: ghz4] 1410/1513 ( 93.2%) done finer_structured/fine_t0.17_p1.70_a0.65 elapsed=3h05m29s avg=7.89s/cand eta=13m33s remaining=103
[suite graph_states_extended :: ghz4] 1411/1513 ( 93.3%) done finer_structured/fine_t0.17_p1.70_a0.80 elapsed=3h05m36s avg=7.89s/cand eta=13m25s remaining=102
[suite graph_states_extended :: ghz4] 1412/1513 ( 93.3%) done finer_structured/fine_t0.17_p1.70_a0.95 elapsed=3h05m44s avg=7.89s/cand eta=13m17s remaining=101
[suite graph_states_extended :: ghz4] 1413/1513 ( 93.4%) done finer_structured/fine_t0.17_p1.70_a1.10 elapsed=3h05m52s avg=7.89s/cand eta=13m09s remaining=100
[suite graph_states_extended :: ghz4] 1414/1513 ( 93.5%) done finer_structured/fine_t0.33_p1.20_a0.50 elapsed=3h05m59s avg=7.89s/cand eta=13m01s remaining=99
[suite graph_states_extended :: ghz4] 1415/1513 ( 93.5%) done finer_structured/fine_t0.33_p1.20_a0.65 elapsed=3h06m07s avg=7.89s/cand eta=12m53s remaining=98
[suite graph_states_extended :: ghz4] 1416/1513 ( 93.6%) done finer_structured/fine_t0.33_p1.20_a0.80 elapsed=3h06m14s avg=7.89s/cand eta=12m45s remaining=97
[suite graph_states_extended :: ghz4] 1417/1513 ( 93.7%) done finer_structured/fine_t0.33_p1.20_a0.95 elapsed=3h06m22s avg=7.89s/cand eta=12m38s remaining=96
[suite graph_states_extended :: ghz4] 1418/1513 ( 93.7%) done finer_structured/fine_t0.33_p1.20_a1.10 elapsed=3h06m29s avg=7.89s/cand eta=12m30s remaining=95
[suite graph_states_extended :: ghz4] 1419/1513 ( 93.8%) done finer_structured/fine_t0.33_p1.32_a0.50 elapsed=3h06m37s avg=7.89s/cand eta=12m22s remaining=94
[suite graph_states_extended :: ghz4] 1420/1513 ( 93.9%) done finer_structured/fine_t0.33_p1.32_a0.65 elapsed=3h06m45s avg=7.89s/cand eta=12m14s remaining=93
[suite graph_states_extended :: ghz4] 1421/1513 ( 93.9%) done finer_structured/fine_t0.33_p1.32_a0.80 elapsed=3h06m52s avg=7.89s/cand eta=12m06s remaining=92
[suite graph_states_extended :: ghz4] 1422/1513 ( 94.0%) done finer_structured/fine_t0.33_p1.32_a0.95 elapsed=3h07m00s avg=7.89s/cand eta=11m58s remaining=91
[suite graph_states_extended :: ghz4] 1423/1513 ( 94.1%) done finer_structured/fine_t0.33_p1.32_a1.10 elapsed=3h07m08s avg=7.89s/cand eta=11m50s remaining=90
[suite graph_states_extended :: ghz4] 1424/1513 ( 94.1%) done finer_structured/fine_t0.33_p1.45_a0.50 elapsed=3h07m15s avg=7.89s/cand eta=11m42s remaining=89
[suite graph_states_extended :: ghz4] 1425/1513 ( 94.2%) done finer_structured/fine_t0.33_p1.45_a0.65 elapsed=3h07m23s avg=7.89s/cand eta=11m34s remaining=88
[suite graph_states_extended :: ghz4] 1426/1513 ( 94.2%) done finer_structured/fine_t0.33_p1.45_a0.80 elapsed=3h07m31s avg=7.89s/cand eta=11m26s remaining=87
[suite graph_states_extended :: ghz4] 1427/1513 ( 94.3%) done finer_structured/fine_t0.33_p1.45_a0.95 elapsed=3h07m38s avg=7.89s/cand eta=11m18s remaining=86
[suite graph_states_extended :: ghz4] 1428/1513 ( 94.4%) done finer_structured/fine_t0.33_p1.45_a1.10 elapsed=3h07m46s avg=7.89s/cand eta=11m11s remaining=85
[suite graph_states_extended :: ghz4] 1429/1513 ( 94.4%) done finer_structured/fine_t0.33_p1.57_a0.50 elapsed=3h07m53s avg=7.89s/cand eta=11m03s remaining=84
[suite graph_states_extended :: ghz4] 1430/1513 ( 94.5%) done finer_structured/fine_t0.33_p1.57_a0.65 elapsed=3h08m01s avg=7.89s/cand eta=10m55s remaining=83
[suite graph_states_extended :: ghz4] 1431/1513 ( 94.6%) done finer_structured/fine_t0.33_p1.57_a0.80 elapsed=3h08m09s avg=7.89s/cand eta=10m47s remaining=82
[suite graph_states_extended :: ghz4] 1432/1513 ( 94.6%) done finer_structured/fine_t0.33_p1.57_a0.95 elapsed=3h08m16s avg=7.89s/cand eta=10m39s remaining=81
[suite graph_states_extended :: ghz4] 1433/1513 ( 94.7%) done finer_structured/fine_t0.33_p1.57_a1.10 elapsed=3h08m24s avg=7.89s/cand eta=10m31s remaining=80
[suite graph_states_extended :: ghz4] 1434/1513 ( 94.8%) done finer_structured/fine_t0.33_p1.70_a0.50 elapsed=3h08m32s avg=7.89s/cand eta=10m23s remaining=79
[suite graph_states_extended :: ghz4] 1435/1513 ( 94.8%) done finer_structured/fine_t0.33_p1.70_a0.65 elapsed=3h08m39s avg=7.89s/cand eta=10m15s remaining=78
[suite graph_states_extended :: ghz4] 1436/1513 ( 94.9%) done finer_structured/fine_t0.33_p1.70_a0.80 elapsed=3h08m47s avg=7.89s/cand eta=10m07s remaining=77
[suite graph_states_extended :: ghz4] 1437/1513 ( 95.0%) done finer_structured/fine_t0.33_p1.70_a0.95 elapsed=3h08m55s avg=7.89s/cand eta=9m59s remaining=76
[suite graph_states_extended :: ghz4] 1438/1513 ( 95.0%) done finer_structured/fine_t0.33_p1.70_a1.10 elapsed=3h09m02s avg=7.89s/cand eta=9m52s remaining=75
[suite graph_states_extended :: ghz4] 1439/1513 ( 95.1%) done finer_structured/fine_t0.50_p1.20_a0.50 elapsed=3h09m09s avg=7.89s/cand eta=9m44s remaining=74
[suite graph_states_extended :: ghz4] 1440/1513 ( 95.2%) done finer_structured/fine_t0.50_p1.20_a0.65 elapsed=3h09m17s avg=7.89s/cand eta=9m36s remaining=73
[suite graph_states_extended :: ghz4] 1441/1513 ( 95.2%) done finer_structured/fine_t0.50_p1.20_a0.80 elapsed=3h09m25s avg=7.89s/cand eta=9m28s remaining=72
[suite graph_states_extended :: ghz4] 1442/1513 ( 95.3%) done finer_structured/fine_t0.50_p1.20_a0.95 elapsed=3h09m32s avg=7.89s/cand eta=9m20s remaining=71
[suite graph_states_extended :: ghz4] 1443/1513 ( 95.4%) done finer_structured/fine_t0.50_p1.20_a1.10 elapsed=3h09m40s avg=7.89s/cand eta=9m12s remaining=70
[suite graph_states_extended :: ghz4] 1444/1513 ( 95.4%) done finer_structured/fine_t0.50_p1.32_a0.50 elapsed=3h09m47s avg=7.89s/cand eta=9m04s remaining=69
[suite graph_states_extended :: ghz4] 1445/1513 ( 95.5%) done finer_structured/fine_t0.50_p1.32_a0.65 elapsed=3h09m55s avg=7.89s/cand eta=8m56s remaining=68
[suite graph_states_extended :: ghz4] 1446/1513 ( 95.6%) done finer_structured/fine_t0.50_p1.32_a0.80 elapsed=3h10m03s avg=7.89s/cand eta=8m48s remaining=67
[suite graph_states_extended :: ghz4] 1447/1513 ( 95.6%) done finer_structured/fine_t0.50_p1.32_a0.95 elapsed=3h10m10s avg=7.89s/cand eta=8m40s remaining=66
[suite graph_states_extended :: ghz4] 1448/1513 ( 95.7%) done finer_structured/fine_t0.50_p1.32_a1.10 elapsed=3h10m18s avg=7.89s/cand eta=8m33s remaining=65
[suite graph_states_extended :: ghz4] 1449/1513 ( 95.8%) done finer_structured/fine_t0.50_p1.45_a0.50 elapsed=3h10m25s avg=7.88s/cand eta=8m25s remaining=64
[suite graph_states_extended :: ghz4] 1450/1513 ( 95.8%) done finer_structured/fine_t0.50_p1.45_a0.65 elapsed=3h10m33s avg=7.88s/cand eta=8m17s remaining=63
[suite graph_states_extended :: ghz4] 1451/1513 ( 95.9%) done finer_structured/fine_t0.50_p1.45_a0.80 elapsed=3h10m41s avg=7.88s/cand eta=8m09s remaining=62
[suite graph_states_extended :: ghz4] 1452/1513 ( 96.0%) done finer_structured/fine_t0.50_p1.45_a0.95 elapsed=3h10m48s avg=7.88s/cand eta=8m01s remaining=61
[suite graph_states_extended :: ghz4] 1453/1513 ( 96.0%) done finer_structured/fine_t0.50_p1.45_a1.10 elapsed=3h10m56s avg=7.88s/cand eta=7m53s remaining=60
[suite graph_states_extended :: ghz4] 1454/1513 ( 96.1%) done finer_structured/fine_t0.50_p1.57_a0.50 elapsed=3h11m03s avg=7.88s/cand eta=7m45s remaining=59
[suite graph_states_extended :: ghz4] 1455/1513 ( 96.2%) done finer_structured/fine_t0.50_p1.57_a0.65 elapsed=3h11m11s avg=7.88s/cand eta=7m37s remaining=58
[suite graph_states_extended :: ghz4] 1456/1513 ( 96.2%) done finer_structured/fine_t0.50_p1.57_a0.80 elapsed=3h11m19s avg=7.88s/cand eta=7m29s remaining=57
[suite graph_states_extended :: ghz4] 1457/1513 ( 96.3%) done finer_structured/fine_t0.50_p1.57_a0.95 elapsed=3h11m26s avg=7.88s/cand eta=7m21s remaining=56
[suite graph_states_extended :: ghz4] 1458/1513 ( 96.4%) done finer_structured/fine_t0.50_p1.57_a1.10 elapsed=3h11m34s avg=7.88s/cand eta=7m14s remaining=55
[suite graph_states_extended :: ghz4] 1459/1513 ( 96.4%) done finer_structured/fine_t0.50_p1.70_a0.50 elapsed=3h11m42s avg=7.88s/cand eta=7m06s remaining=54
[suite graph_states_extended :: ghz4] 1460/1513 ( 96.5%) done finer_structured/fine_t0.50_p1.70_a0.65 elapsed=3h11m49s avg=7.88s/cand eta=6m58s remaining=53
[suite graph_states_extended :: ghz4] 1461/1513 ( 96.6%) done finer_structured/fine_t0.50_p1.70_a0.80 elapsed=3h11m57s avg=7.88s/cand eta=6m50s remaining=52
[suite graph_states_extended :: ghz4] 1462/1513 ( 96.6%) done finer_structured/fine_t0.50_p1.70_a0.95 elapsed=3h12m05s avg=7.88s/cand eta=6m42s remaining=51
[suite graph_states_extended :: ghz4] 1463/1513 ( 96.7%) done finer_structured/fine_t0.50_p1.70_a1.10 elapsed=3h12m13s avg=7.88s/cand eta=6m34s remaining=50
[suite graph_states_extended :: ghz4] 1464/1513 ( 96.8%) done two_cz_ansatz/2cz_000 elapsed=3h12m21s avg=7.88s/cand eta=6m26s remaining=49
[suite graph_states_extended :: ghz4] 1465/1513 ( 96.8%) done two_cz_ansatz/2cz_001 elapsed=3h12m29s avg=7.88s/cand eta=6m18s remaining=48
[suite graph_states_extended :: ghz4] 1466/1513 ( 96.9%) done two_cz_ansatz/2cz_002 elapsed=3h12m37s avg=7.88s/cand eta=6m11s remaining=47
[suite graph_states_extended :: ghz4] 1467/1513 ( 97.0%) done two_cz_ansatz/2cz_003 elapsed=3h12m44s avg=7.88s/cand eta=6m03s remaining=46
[suite graph_states_extended :: ghz4] 1468/1513 ( 97.0%) done two_cz_ansatz/2cz_004 elapsed=3h12m52s avg=7.88s/cand eta=5m55s remaining=45
[suite graph_states_extended :: ghz4] 1469/1513 ( 97.1%) done two_cz_ansatz/2cz_005 elapsed=3h13m00s avg=7.88s/cand eta=5m47s remaining=44
[suite graph_states_extended :: ghz4] 1470/1513 ( 97.2%) done two_cz_ansatz/2cz_006 elapsed=3h13m08s avg=7.88s/cand eta=5m39s remaining=43
[suite graph_states_extended :: ghz4] 1471/1513 ( 97.2%) done two_cz_ansatz/2cz_007 elapsed=3h13m16s avg=7.88s/cand eta=5m31s remaining=42
[suite graph_states_extended :: ghz4] 1472/1513 ( 97.3%) done two_cz_ansatz/2cz_008 elapsed=3h13m24s avg=7.88s/cand eta=5m23s remaining=41
[suite graph_states_extended :: ghz4] 1473/1513 ( 97.4%) done two_cz_ansatz/2cz_009 elapsed=3h13m32s avg=7.88s/cand eta=5m15s remaining=40
[suite graph_states_extended :: ghz4] 1474/1513 ( 97.4%) done two_cz_ansatz/2cz_010 elapsed=3h13m39s avg=7.88s/cand eta=5m07s remaining=39
[suite graph_states_extended :: ghz4] 1475/1513 ( 97.5%) done two_cz_ansatz/2cz_011 elapsed=3h13m47s avg=7.88s/cand eta=5m00s remaining=38
[suite graph_states_extended :: ghz4] 1476/1513 ( 97.6%) done two_cz_ansatz/2cz_012 elapsed=3h13m55s avg=7.88s/cand eta=4m52s remaining=37
[suite graph_states_extended :: ghz4] 1477/1513 ( 97.6%) done two_cz_ansatz/2cz_013 elapsed=3h14m03s avg=7.88s/cand eta=4m44s remaining=36
[suite graph_states_extended :: ghz4] 1478/1513 ( 97.7%) done two_cz_ansatz/2cz_014 elapsed=3h14m11s avg=7.88s/cand eta=4m36s remaining=35
[suite graph_states_extended :: ghz4] 1479/1513 ( 97.8%) done two_cz_ansatz/2cz_015 elapsed=3h14m18s avg=7.88s/cand eta=4m28s remaining=34
[suite graph_states_extended :: ghz4] 1480/1513 ( 97.8%) done two_cz_ansatz/2cz_016 elapsed=3h14m26s avg=7.88s/cand eta=4m20s remaining=33
[suite graph_states_extended :: ghz4] 1481/1513 ( 97.9%) done two_cz_ansatz/2cz_017 elapsed=3h14m34s avg=7.88s/cand eta=4m12s remaining=32
[suite graph_states_extended :: ghz4] 1482/1513 ( 98.0%) done two_cz_ansatz/2cz_018 elapsed=3h14m42s avg=7.88s/cand eta=4m04s remaining=31
[suite graph_states_extended :: ghz4] 1483/1513 ( 98.0%) done two_cz_ansatz/2cz_019 elapsed=3h14m50s avg=7.88s/cand eta=3m56s remaining=30
[suite graph_states_extended :: ghz4] 1484/1513 ( 98.1%) done two_cz_ansatz/2cz_020 elapsed=3h14m58s avg=7.88s/cand eta=3m49s remaining=29
[suite graph_states_extended :: ghz4] 1485/1513 ( 98.1%) done two_cz_ansatz/2cz_021 elapsed=3h15m05s avg=7.88s/cand eta=3m41s remaining=28
[suite graph_states_extended :: ghz4] 1486/1513 ( 98.2%) done two_cz_ansatz/2cz_022 elapsed=3h15m13s avg=7.88s/cand eta=3m33s remaining=27
[suite graph_states_extended :: ghz4] 1487/1513 ( 98.3%) done two_cz_ansatz/2cz_023 elapsed=3h15m21s avg=7.88s/cand eta=3m25s remaining=26
[suite graph_states_extended :: ghz4] 1488/1513 ( 98.3%) done two_cz_ansatz/2cz_024 elapsed=3h15m29s avg=7.88s/cand eta=3m17s remaining=25
[suite graph_states_extended :: ghz4] 1489/1513 ( 98.4%) done two_cz_ansatz/2cz_025 elapsed=3h15m36s avg=7.88s/cand eta=3m09s remaining=24
[suite graph_states_extended :: ghz4] 1490/1513 ( 98.5%) done two_cz_ansatz/2cz_026 elapsed=3h15m44s avg=7.88s/cand eta=3m01s remaining=23
[suite graph_states_extended :: ghz4] 1491/1513 ( 98.5%) done two_cz_ansatz/2cz_027 elapsed=3h15m51s avg=7.88s/cand eta=2m53s remaining=22
[suite graph_states_extended :: ghz4] 1492/1513 ( 98.6%) done two_cz_ansatz/2cz_028 elapsed=3h15m59s avg=7.88s/cand eta=2m46s remaining=21
[suite graph_states_extended :: ghz4] 1493/1513 ( 98.7%) done two_cz_ansatz/2cz_029 elapsed=3h16m07s avg=7.88s/cand eta=2m38s remaining=20
[suite graph_states_extended :: ghz4] 1494/1513 ( 98.7%) done two_cz_ansatz/2cz_030 elapsed=3h16m14s avg=7.88s/cand eta=2m30s remaining=19
[suite graph_states_extended :: ghz4] 1495/1513 ( 98.8%) done two_cz_ansatz/2cz_031 elapsed=3h16m22s avg=7.88s/cand eta=2m22s remaining=18
[suite graph_states_extended :: ghz4] 1496/1513 ( 98.9%) done two_cz_ansatz/2cz_032 elapsed=3h16m30s avg=7.88s/cand eta=2m14s remaining=17
[suite graph_states_extended :: ghz4] 1497/1513 ( 98.9%) done two_cz_ansatz/2cz_033 elapsed=3h16m38s avg=7.88s/cand eta=2m06s remaining=16
[suite graph_states_extended :: ghz4] 1498/1513 ( 99.0%) done two_cz_ansatz/2cz_034 elapsed=3h16m46s avg=7.88s/cand eta=1m58s remaining=15
[suite graph_states_extended :: ghz4] 1499/1513 ( 99.1%) done two_cz_ansatz/2cz_035 elapsed=3h16m53s avg=7.88s/cand eta=1m50s remaining=14
[suite graph_states_extended :: ghz4] 1500/1513 ( 99.1%) done two_cz_ansatz/2cz_036 elapsed=3h17m01s avg=7.88s/cand eta=1m42s remaining=13
[suite graph_states_extended :: ghz4] 1501/1513 ( 99.2%) done two_cz_ansatz/2cz_037 elapsed=3h17m09s avg=7.88s/cand eta=1m35s remaining=12
[suite graph_states_extended :: ghz4] 1502/1513 ( 99.3%) done two_cz_ansatz/2cz_038 elapsed=3h17m17s avg=7.88s/cand eta=1m27s remaining=11
[suite graph_states_extended :: ghz4] 1503/1513 ( 99.3%) done two_cz_ansatz/2cz_039 elapsed=3h17m24s avg=7.88s/cand eta=1m19s remaining=10
[suite graph_states_extended :: ghz4] 1504/1513 ( 99.4%) done two_cz_ansatz/2cz_040 elapsed=3h17m32s avg=7.88s/cand eta=1m11s remaining=9
[suite graph_states_extended :: ghz4] 1505/1513 ( 99.5%) done two_cz_ansatz/2cz_041 elapsed=3h17m40s avg=7.88s/cand eta=1m03s remaining=8
[suite graph_states_extended :: ghz4] 1506/1513 ( 99.5%) done two_cz_ansatz/2cz_042 elapsed=3h17m47s avg=7.88s/cand eta=55s remaining=7
[suite graph_states_extended :: ghz4] 1507/1513 ( 99.6%) done two_cz_ansatz/2cz_043 elapsed=3h17m55s avg=7.88s/cand eta=47s remaining=6
[suite graph_states_extended :: ghz4] 1508/1513 ( 99.7%) done two_cz_ansatz/2cz_044 elapsed=3h18m03s avg=7.88s/cand eta=39s remaining=5
[suite graph_states_extended :: ghz4] 1509/1513 ( 99.7%) done two_cz_ansatz/2cz_045 elapsed=3h18m11s avg=7.88s/cand eta=32s remaining=4
[suite graph_states_extended :: ghz4] 1510/1513 ( 99.8%) done two_cz_ansatz/2cz_046 elapsed=3h18m18s avg=7.88s/cand eta=24s remaining=3
[suite graph_states_extended :: ghz4] 1511/1513 ( 99.9%) done two_cz_ansatz/2cz_047 elapsed=3h18m26s avg=7.88s/cand eta=16s remaining=2
[suite graph_states_extended :: ghz4] 1512/1513 ( 99.9%) done two_cz_ansatz/2cz_048 elapsed=3h18m34s avg=7.88s/cand eta=8s remaining=1
[suite graph_states_extended :: ghz4] 1513/1513 (100.0%) done two_cz_ansatz/2cz_049 elapsed=3h18m42s avg=7.88s/cand eta=0s remaining=0
[suite graph_states_extended :: ghz4] finished 1513/1513 in 3h18m42s (avg 7.88s/cand)
[suite graph_states_extended] [1/28] finished ghz4 in 3h18m45s; suite elapsed=3h18m45s eta=89h26m18s remaining_states=27
[suite graph_states_extended] [2/28] === state ghz5 (family=ghz_star, qutrits=5, edges=4) ===
[suite graph_states_extended] state ghz5: 1513 benchmarked, 9 baseline-equivalent skipped, 1522 candidates total
[suite graph_states_extended :: ghz5] starting benchmarks: 0/1513
[suite graph_states_extended :: ghz5] 1/1513 (  0.1%) done baseline/E_old elapsed=2m43s avg=163.46s/cand eta=68h39m09s remaining=1512
[suite graph_states_extended :: ghz5] 2/1513 (  0.1%) done monomial_old_codespace/P012_ph001 elapsed=5m39s avg=169.53s/cand eta=71h09m18s remaining=1511
[suite graph_states_extended :: ghz5] 3/1513 (  0.2%) done monomial_old_codespace/P012_ph002 elapsed=8m38s avg=172.58s/cand eta=72h23m15s remaining=1510
[suite graph_states_extended :: ghz5] 4/1513 (  0.3%) done monomial_old_codespace/P012_ph010 elapsed=11m32s avg=172.94s/cand eta=72h29m32s remaining=1509
[suite graph_states_extended :: ghz5] 5/1513 (  0.3%) done monomial_old_codespace/P012_ph011 elapsed=14m22s avg=172.32s/cand eta=72h10m53s remaining=1508
[suite graph_states_extended :: ghz5] 6/1513 (  0.4%) done monomial_old_codespace/P012_ph012 elapsed=17m05s avg=170.84s/cand eta=71h30m49s remaining=1507
[suite graph_states_extended :: ghz5] 7/1513 (  0.5%) done monomial_old_codespace/P012_ph020 elapsed=19m55s avg=170.72s/cand eta=71h25m06s remaining=1506
[suite graph_states_extended :: ghz5] 8/1513 (  0.5%) done monomial_old_codespace/P012_ph021 elapsed=22m38s avg=169.81s/cand eta=70h59m22s remaining=1505
[suite graph_states_extended :: ghz5] 9/1513 (  0.6%) done monomial_old_codespace/P012_ph022 elapsed=25m34s avg=170.44s/cand eta=71h12m26s remaining=1504
[suite graph_states_extended :: ghz5] 10/1513 (  0.7%) done monomial_old_codespace/P012_ph100 elapsed=28m34s avg=171.35s/cand eta=71h32m24s remaining=1503
[suite graph_states_extended :: ghz5] 11/1513 (  0.7%) done monomial_old_codespace/P012_ph101 elapsed=31m17s avg=170.62s/cand eta=71h11m12s remaining=1502
[suite graph_states_extended :: ghz5] 12/1513 (  0.8%) done monomial_old_codespace/P012_ph102 elapsed=34m13s avg=171.08s/cand eta=71h19m52s remaining=1501
[suite graph_states_extended :: ghz5] 13/1513 (  0.9%) done monomial_old_codespace/P012_ph110 elapsed=36m57s avg=170.51s/cand eta=71h02m38s remaining=1500
[suite graph_states_extended :: ghz5] 14/1513 (  0.9%) done monomial_old_codespace/P012_ph112 elapsed=39m55s avg=171.06s/cand eta=71h13m32s remaining=1499
[suite graph_states_extended :: ghz5] 15/1513 (  1.0%) done monomial_old_codespace/P012_ph120 elapsed=42m52s avg=171.48s/cand eta=71h21m21s remaining=1498
[suite graph_states_extended :: ghz5] 16/1513 (  1.1%) done monomial_old_codespace/P012_ph121 elapsed=45m44s avg=171.50s/cand eta=71h19m01s remaining=1497
[suite graph_states_extended :: ghz5] 17/1513 (  1.1%) done monomial_old_codespace/P012_ph122 elapsed=48m27s avg=171.02s/cand eta=71h04m12s remaining=1496
[suite graph_states_extended :: ghz5] 18/1513 (  1.2%) done monomial_old_codespace/P012_ph200 elapsed=51m22s avg=171.20s/cand eta=71h05m48s remaining=1495
[suite graph_states_extended :: ghz5] 19/1513 (  1.3%) done monomial_old_codespace/P012_ph201 elapsed=54m13s avg=171.19s/cand eta=71h02m38s remaining=1494
[suite graph_states_extended :: ghz5] 20/1513 (  1.3%) done monomial_old_codespace/P012_ph202 elapsed=56m56s avg=170.79s/cand eta=70h49m53s remaining=1493
[suite graph_states_extended :: ghz5] 21/1513 (  1.4%) done monomial_old_codespace/P012_ph210 elapsed=59m46s avg=170.75s/cand eta=70h45m56s remaining=1492
[suite graph_states_extended :: ghz5] 22/1513 (  1.5%) done monomial_old_codespace/P012_ph211 elapsed=1h02m29s avg=170.41s/cand eta=70h34m48s remaining=1491
[suite graph_states_extended :: ghz5] 23/1513 (  1.5%) done monomial_old_codespace/P012_ph212 elapsed=1h05m24s avg=170.62s/cand eta=70h37m02s remaining=1490
[suite graph_states_extended :: ghz5] 24/1513 (  1.6%) done monomial_old_codespace/P012_ph220 elapsed=1h08m08s avg=170.31s/cand eta=70h26m37s remaining=1489
[suite graph_states_extended :: ghz5] 25/1513 (  1.7%) done monomial_old_codespace/P012_ph221 elapsed=1h11m01s avg=170.45s/cand eta=70h27m14s remaining=1488
[suite graph_states_extended :: ghz5] 26/1513 (  1.7%) done monomial_old_codespace/P021_ph000 elapsed=1h14m24s avg=171.70s/cand eta=70h55m23s remaining=1487
[suite graph_states_extended :: ghz5] 27/1513 (  1.8%) done monomial_old_codespace/P021_ph001 elapsed=1h17m46s avg=172.81s/cand eta=71h19m53s remaining=1486
[suite graph_states_extended :: ghz5] 28/1513 (  1.9%) done monomial_old_codespace/P021_ph002 elapsed=1h21m10s avg=173.91s/cand eta=71h44m23s remaining=1485
[suite graph_states_extended :: ghz5] 29/1513 (  1.9%) done monomial_old_codespace/P021_ph010 elapsed=1h24m34s avg=174.96s/cand eta=72h07m22s remaining=1484
[suite graph_states_extended :: ghz5] 30/1513 (  2.0%) done monomial_old_codespace/P021_ph011 elapsed=1h28m00s avg=176.01s/cand eta=72h30m16s remaining=1483
[suite graph_states_extended :: ghz5] 31/1513 (  2.0%) done monomial_old_codespace/P021_ph012 elapsed=1h31m24s avg=176.91s/cand eta=72h49m35s remaining=1482
[suite graph_states_extended :: ghz5] 32/1513 (  2.1%) done monomial_old_codespace/P021_ph020 elapsed=1h34m49s avg=177.79s/cand eta=73h08m21s remaining=1481
[suite graph_states_extended :: ghz5] 33/1513 (  2.2%) done monomial_old_codespace/P021_ph021 elapsed=1h38m12s avg=178.54s/cand eta=73h24m02s remaining=1480
[suite graph_states_extended :: ghz5] 34/1513 (  2.2%) done monomial_old_codespace/P021_ph022 elapsed=1h41m38s avg=179.35s/cand eta=73h40m56s remaining=1479
[suite graph_states_extended :: ghz5] 35/1513 (  2.3%) done monomial_old_codespace/P021_ph100 elapsed=1h45m02s avg=180.07s/cand eta=73h55m39s remaining=1478
[suite graph_states_extended :: ghz5] 36/1513 (  2.4%) done monomial_old_codespace/P021_ph101 elapsed=1h48m27s avg=180.74s/cand eta=74h09m13s remaining=1477
[suite graph_states_extended :: ghz5] 37/1513 (  2.4%) done monomial_old_codespace/P021_ph102 elapsed=1h51m49s avg=181.33s/cand eta=74h20m38s remaining=1476
[suite graph_states_extended :: ghz5] 38/1513 (  2.5%) done monomial_old_codespace/P021_ph110 elapsed=1h55m33s avg=182.44s/cand eta=74h45m04s remaining=1475
[suite graph_states_extended :: ghz5] 39/1513 (  2.6%) done monomial_old_codespace/P021_ph111 elapsed=1h58m53s avg=182.89s/cand eta=74h53m03s remaining=1474
[suite graph_states_extended :: ghz5] 40/1513 (  2.6%) done monomial_old_codespace/P021_ph112 elapsed=2h02m16s avg=183.39s/cand eta=75h02m21s remaining=1473
[suite graph_states_extended :: ghz5] 41/1513 (  2.7%) done monomial_old_codespace/P021_ph120 elapsed=2h05m35s avg=183.79s/cand eta=75h08m56s remaining=1472
[suite graph_states_extended :: ghz5] 42/1513 (  2.8%) done monomial_old_codespace/P021_ph121 elapsed=2h08m58s avg=184.24s/cand eta=75h16m59s remaining=1471
[suite graph_states_extended :: ghz5] 43/1513 (  2.8%) done monomial_old_codespace/P021_ph122 elapsed=2h12m19s avg=184.64s/cand eta=75h23m39s remaining=1470
[suite graph_states_extended :: ghz5] 44/1513 (  2.9%) done monomial_old_codespace/P021_ph200 elapsed=2h15m40s avg=185.00s/cand eta=75h29m31s remaining=1469
[suite graph_states_extended :: ghz5] 45/1513 (  3.0%) done monomial_old_codespace/P021_ph201 elapsed=2h19m02s avg=185.37s/cand eta=75h35m24s remaining=1468
[suite graph_states_extended :: ghz5] 46/1513 (  3.0%) done monomial_old_codespace/P021_ph202 elapsed=2h22m23s avg=185.72s/cand eta=75h40m54s remaining=1467
[suite graph_states_extended :: ghz5] 47/1513 (  3.1%) done monomial_old_codespace/P021_ph210 elapsed=2h25m45s avg=186.07s/cand eta=75h46m13s remaining=1466
[suite graph_states_extended :: ghz5] 48/1513 (  3.2%) done monomial_old_codespace/P021_ph211 elapsed=2h29m06s avg=186.38s/cand eta=75h50m49s remaining=1465
[suite graph_states_extended :: ghz5] 49/1513 (  3.2%) done monomial_old_codespace/P021_ph212 elapsed=2h32m28s avg=186.69s/cand eta=75h55m20s remaining=1464
[suite graph_states_extended :: ghz5] 50/1513 (  3.3%) done monomial_old_codespace/P021_ph220 elapsed=2h35m46s avg=186.93s/cand eta=75h57m58s remaining=1463
[suite graph_states_extended :: ghz5] 51/1513 (  3.4%) done monomial_old_codespace/P021_ph221 elapsed=2h39m03s avg=187.11s/cand eta=75h59m19s remaining=1462
[suite graph_states_extended :: ghz5] 52/1513 (  3.4%) done monomial_old_codespace/P021_ph222 elapsed=2h42m23s avg=187.36s/cand eta=76h02m12s remaining=1461
[suite graph_states_extended :: ghz5] 53/1513 (  3.5%) done monomial_old_codespace/P102_ph000 elapsed=2h45m19s avg=187.15s/cand eta=75h54m03s remaining=1460
[suite graph_states_extended :: ghz5] 54/1513 (  3.6%) done monomial_old_codespace/P102_ph001 elapsed=2h48m05s avg=186.76s/cand eta=75h41m20s remaining=1459
[suite graph_states_extended :: ghz5] 55/1513 (  3.6%) done monomial_old_codespace/P102_ph002 elapsed=2h50m52s avg=186.39s/cand eta=75h29m22s remaining=1458
[suite graph_states_extended :: ghz5] 56/1513 (  3.7%) done monomial_old_codespace/P102_ph010 elapsed=2h53m38s avg=186.04s/cand eta=75h17m41s remaining=1457
[suite graph_states_extended :: ghz5] 57/1513 (  3.8%) done monomial_old_codespace/P102_ph011 elapsed=2h56m26s avg=185.72s/cand eta=75h06m51s remaining=1456
[suite graph_states_extended :: ghz5] 58/1513 (  3.8%) done monomial_old_codespace/P102_ph012 elapsed=2h59m20s avg=185.52s/cand eta=74h58m45s remaining=1455
[suite graph_states_extended :: ghz5] 59/1513 (  3.9%) done monomial_old_codespace/P102_ph020 elapsed=3h02m15s avg=185.33s/cand eta=74h51m17s remaining=1454
[suite graph_states_extended :: ghz5] 60/1513 (  4.0%) done monomial_old_codespace/P102_ph021 elapsed=3h05m00s avg=185.01s/cand eta=74h40m16s remaining=1453
[suite graph_states_extended :: ghz5] 61/1513 (  4.0%) done monomial_old_codespace/P102_ph022 elapsed=3h07m55s avg=184.84s/cand eta=74h33m07s remaining=1452
[suite graph_states_extended :: ghz5] 62/1513 (  4.1%) done monomial_old_codespace/P102_ph100 elapsed=3h10m43s avg=184.57s/cand eta=74h23m24s remaining=1451
[suite graph_states_extended :: ghz5] 63/1513 (  4.2%) done monomial_old_codespace/P102_ph101 elapsed=3h13m36s avg=184.38s/cand eta=74h15m55s remaining=1450
[suite graph_states_extended :: ghz5] 64/1513 (  4.2%) done monomial_old_codespace/P102_ph102 elapsed=3h16m31s avg=184.24s/cand eta=74h09m21s remaining=1449
[suite graph_states_extended :: ghz5] 65/1513 (  4.3%) done monomial_old_codespace/P102_ph110 elapsed=3h19m27s avg=184.10s/cand eta=74h03m00s remaining=1448
[suite graph_states_extended :: ghz5] 66/1513 (  4.4%) done monomial_old_codespace/P102_ph111 elapsed=3h22m12s avg=183.83s/cand eta=73h53m16s remaining=1447
[suite graph_states_extended :: ghz5] 67/1513 (  4.4%) done monomial_old_codespace/P102_ph112 elapsed=3h25m08s avg=183.71s/cand eta=73h47m17s remaining=1446
[suite graph_states_extended :: ghz5] 68/1513 (  4.5%) done monomial_old_codespace/P102_ph120 elapsed=3h28m02s avg=183.56s/cand eta=73h40m48s remaining=1445
[suite graph_states_extended :: ghz5] 69/1513 (  4.6%) done monomial_old_codespace/P102_ph121 elapsed=3h30m58s avg=183.45s/cand eta=73h35m04s remaining=1444
[suite graph_states_extended :: ghz5] 70/1513 (  4.6%) done monomial_old_codespace/P102_ph122 elapsed=3h33m54s avg=183.34s/cand eta=73h29m25s remaining=1443
[suite graph_states_extended :: ghz5] 71/1513 (  4.7%) done monomial_old_codespace/P102_ph200 elapsed=3h36m38s avg=183.07s/cand eta=73h19m51s remaining=1442
[suite graph_states_extended :: ghz5] 72/1513 (  4.8%) done monomial_old_codespace/P102_ph201 elapsed=3h39m26s avg=182.86s/cand eta=73h11m46s remaining=1441
[suite graph_states_extended :: ghz5] 73/1513 (  4.8%) done monomial_old_codespace/P102_ph202 elapsed=3h42m20s avg=182.74s/cand eta=73h05m49s remaining=1440
[suite graph_states_extended :: ghz5] 74/1513 (  4.9%) done monomial_old_codespace/P102_ph210 elapsed=3h45m10s avg=182.57s/cand eta=72h58m32s remaining=1439
[suite graph_states_extended :: ghz5] 75/1513 (  5.0%) done monomial_old_codespace/P102_ph211 elapsed=3h48m05s avg=182.47s/cand eta=72h53m09s remaining=1438
[suite graph_states_extended :: ghz5] 76/1513 (  5.0%) done monomial_old_codespace/P102_ph212 elapsed=3h51m00s avg=182.37s/cand eta=72h47m48s remaining=1437
[suite graph_states_extended :: ghz5] 77/1513 (  5.1%) done monomial_old_codespace/P102_ph220 elapsed=3h53m47s avg=182.17s/cand eta=72h39m49s remaining=1436
[suite graph_states_extended :: ghz5] 78/1513 (  5.2%) done monomial_old_codespace/P102_ph221 elapsed=3h56m32s avg=181.95s/cand eta=72h31m37s remaining=1435
[suite graph_states_extended :: ghz5] 79/1513 (  5.2%) done monomial_old_codespace/P102_ph222 elapsed=3h59m39s avg=182.01s/cand eta=72h30m01s remaining=1434
[suite graph_states_extended :: ghz5] 80/1513 (  5.3%) done monomial_old_codespace/P120_ph000 elapsed=4h02m49s avg=182.12s/cand eta=72h29m33s remaining=1433
[suite graph_states_extended :: ghz5] 81/1513 (  5.4%) done monomial_old_codespace/P120_ph001 elapsed=4h05m59s avg=182.21s/cand eta=72h28m40s remaining=1432
[suite graph_states_extended :: ghz5] 82/1513 (  5.4%) done monomial_old_codespace/P120_ph002 elapsed=4h09m07s avg=182.28s/cand eta=72h27m18s remaining=1431
[suite graph_states_extended :: ghz5] 83/1513 (  5.5%) done monomial_old_codespace/P120_ph010 elapsed=4h12m14s avg=182.33s/cand eta=72h25m39s remaining=1430
[suite graph_states_extended :: ghz5] 84/1513 (  5.6%) done monomial_old_codespace/P120_ph011 elapsed=4h15m21s avg=182.40s/cand eta=72h24m03s remaining=1429
[suite graph_states_extended :: ghz5] 85/1513 (  5.6%) done monomial_old_codespace/P120_ph012 elapsed=4h18m29s avg=182.46s/cand eta=72h22m29s remaining=1428
[suite graph_states_extended :: ghz5] 86/1513 (  5.7%) done monomial_old_codespace/P120_ph020 elapsed=4h21m37s avg=182.52s/cand eta=72h20m59s remaining=1427
[suite graph_states_extended :: ghz5] 87/1513 (  5.8%) done monomial_old_codespace/P120_ph021 elapsed=4h24m45s avg=182.59s/cand eta=72h19m29s remaining=1426
[suite graph_states_extended :: ghz5] 88/1513 (  5.8%) done monomial_old_codespace/P120_ph022 elapsed=4h27m52s avg=182.63s/cand eta=72h17m30s remaining=1425
[suite graph_states_extended :: ghz5] 89/1513 (  5.9%) done monomial_old_codespace/P120_ph100 elapsed=4h30m59s avg=182.69s/cand eta=72h15m51s remaining=1424
[suite graph_states_extended :: ghz5] 90/1513 (  5.9%) done monomial_old_codespace/P120_ph101 elapsed=4h34m04s avg=182.71s/cand eta=72h13m23s remaining=1423
[suite graph_states_extended :: ghz5] 91/1513 (  6.0%) done monomial_old_codespace/P120_ph102 elapsed=4h37m14s avg=182.79s/cand eta=72h12m03s remaining=1422
[suite graph_states_extended :: ghz5] 92/1513 (  6.1%) done monomial_old_codespace/P120_ph110 elapsed=4h40m26s avg=182.89s/cand eta=72h11m33s remaining=1421
[suite graph_states_extended :: ghz5] 93/1513 (  6.1%) done monomial_old_codespace/P120_ph111 elapsed=4h43m32s avg=182.93s/cand eta=72h09m14s remaining=1420
[suite graph_states_extended :: ghz5] 94/1513 (  6.2%) done monomial_old_codespace/P120_ph112 elapsed=4h46m40s avg=182.97s/cand eta=72h07m20s remaining=1419
[suite graph_states_extended :: ghz5] 95/1513 (  6.3%) done monomial_old_codespace/P120_ph120 elapsed=4h50m52s avg=183.71s/cand eta=72h21m39s remaining=1418
[suite graph_states_extended :: ghz5] 96/1513 (  6.3%) done monomial_old_codespace/P120_ph121 elapsed=4h55m17s avg=184.55s/cand eta=72h38m30s remaining=1417
[suite graph_states_extended :: ghz5] 97/1513 (  6.4%) done monomial_old_codespace/P120_ph122 elapsed=4h59m51s avg=185.48s/cand eta=72h57m14s remaining=1416
[suite graph_states_extended :: ghz5] 98/1513 (  6.5%) done monomial_old_codespace/P120_ph200 elapsed=5h04m17s avg=186.30s/cand eta=73h13m31s remaining=1415
[suite graph_states_extended :: ghz5] 99/1513 (  6.5%) done monomial_old_codespace/P120_ph201 elapsed=5h09m08s avg=187.35s/cand eta=73h35m15s remaining=1414
[suite graph_states_extended :: ghz5] 100/1513 (  6.6%) done monomial_old_codespace/P120_ph202 elapsed=5h13m15s avg=187.95s/cand eta=73h46m19s remaining=1413
[suite graph_states_extended :: ghz5] 101/1513 (  6.7%) done monomial_old_codespace/P120_ph210 elapsed=5h17m42s avg=188.73s/cand eta=74h01m34s remaining=1412
[suite graph_states_extended :: ghz5] 102/1513 (  6.7%) done monomial_old_codespace/P120_ph211 elapsed=5h22m24s avg=189.65s/cand eta=74h19m49s remaining=1411
[suite graph_states_extended :: ghz5] 103/1513 (  6.8%) done monomial_old_codespace/P120_ph212 elapsed=5h26m21s avg=190.11s/cand eta=74h27m28s remaining=1410
[suite graph_states_extended :: ghz5] 104/1513 (  6.9%) done monomial_old_codespace/P120_ph220 elapsed=5h30m17s avg=190.55s/cand eta=74h34m42s remaining=1409
[suite graph_states_extended :: ghz5] 105/1513 (  6.9%) done monomial_old_codespace/P120_ph221 elapsed=5h34m38s avg=191.22s/cand eta=74h47m19s remaining=1408
[suite graph_states_extended :: ghz5] 106/1513 (  7.0%) done monomial_old_codespace/P120_ph222 elapsed=5h38m33s avg=191.63s/cand eta=74h53m46s remaining=1407
